timestamp,open,high,low,close,volume
2026-01-01 00:00:00+00:00,1.8411,1.8488,1.8391,1.8443,214223.0
2026-01-01 01:00:00+00:00,1.8444,1.8467,1.839,1.8403,297930.0
2026-01-01 02:00:00+00:00,1.8404,1.8422,1.8381,1.8388,275349.0
2026-01-01 03:00:00+00:00,1.8388,1.841,1.8329,1.8333,458779.0
2026-01-01 04:00:00+00:00,1.8337,1.8339,1.8249,1.83,730002.0
2026-01-01 05:00:00+00:00,1.8298,1.8543,1.8298,1.844,1501277.0
2026-01-01 06:00:00+00:00,1.844,1.847,1.8435,1.8446,405003.0
2026-01-01 07:00:00+00:00,1.8445,1.8463,1.8405,1.841,442030.0
2026-01-01 08:00:00+00:00,1.8416,1.8507,1.8408,1.849,553366.0
2026-01-01 09:00:00+00:00,1.8491,1.8544,1.8483,1.8511,615969.0
2026-01-01 10:00:00+00:00,1.8514,1.854,1.8502,1.8523,252675.0
2026-01-01 11:00:00+00:00,1.8523,1.8556,1.849,1.8545,592545.0
2026-01-01 12:00:00+00:00,1.8544,1.8556,1.8503,1.8516,306876.0
2026-01-01 13:00:00+00:00,1.8516,1.8583,1.8511,1.8574,573840.0
2026-01-01 14:00:00+00:00,1.8574,1.8592,1.8513,1.8551,901125.0
2026-01-01 15:00:00+00:00,1.8553,1.8666,1.8511,1.8618,1014563.0
2026-01-01 16:00:00+00:00,1.8619,1.8641,1.8556,1.8639,806145.0
2026-01-01 17:00:00+00:00,1.8639,1.8748,1.8635,1.8682,1606384.0
2026-01-01 18:00:00+00:00,1.8682,1.8707,1.8646,1.8688,649040.0
2026-01-01 19:00:00+00:00,1.8688,1.8735,1.8667,1.8735,310311.0
2026-01-01 20:00:00+00:00,1.8735,1.8756,1.8674,1.8711,570227.0
2026-01-01 21:00:00+00:00,1.8707,1.8719,1.8664,1.8703,185146.0
2026-01-01 22:00:00+00:00,1.8705,1.8756,1.8675,1.8751,93604.0
2026-01-01 23:00:00+00:00,1.8758,1.8806,1.8715,1.8794,409716.0
2026-01-02 00:00:00+00:00,1.8792,1.8816,1.8744,1.8787,434321.0
2026-01-02 01:00:00+00:00,1.8783,1.8796,1.8713,1.872,283750.0
2026-01-02 02:00:00+00:00,1.872,1.8769,1.8682,1.8767,444694.0
2026-01-02 03:00:00+00:00,1.8769,1.8922,1.8749,1.8884,1581071.0
2026-01-02 04:00:00+00:00,1.8886,1.8901,1.8756,1.8764,800247.0
2026-01-02 05:00:00+00:00,1.8764,1.8771,1.8715,1.8756,675966.0
2026-01-02 06:00:00+00:00,1.8754,1.8813,1.8743,1.8768,868499.0
2026-01-02 07:00:00+00:00,1.8769,1.878,1.8702,1.8714,1010268.0
2026-01-02 08:00:00+00:00,1.8716,1.8802,1.8709,1.88,486025.0
2026-01-02 09:00:00+00:00,1.88,1.9015,1.8781,1.8965,1515817.0
2026-01-02 10:00:00+00:00,1.8971,1.909,1.8963,1.8972,1301768.0
2026-01-02 11:00:00+00:00,1.8972,1.8975,1.8867,1.8908,974241.0
2026-01-02 12:00:00+00:00,1.8907,1.9022,1.8892,1.8983,939552.0
2026-01-02 13:00:00+00:00,1.8983,1.9046,1.8954,1.8964,991661.0
2026-01-02 14:00:00+00:00,1.8965,1.9225,1.8869,1.9163,3002965.0
2026-01-02 15:00:00+00:00,1.9176,1.9248,1.8978,1.9178,2843663.0
2026-01-02 16:00:00+00:00,1.9179,1.9638,1.9148,1.9622,4000452.0
2026-01-02 17:00:00+00:00,1.9621,1.9972,1.9619,1.9917,4871027.0
2026-01-02 18:00:00+00:00,1.992,1.9975,1.9685,1.9777,2257704.0
2026-01-02 19:00:00+00:00,1.9777,1.9951,1.9722,1.991,1409191.0
2026-01-02 20:00:00+00:00,1.9915,1.9971,1.9773,1.9786,767507.0
2026-01-02 21:00:00+00:00,1.9798,2.02,1.9798,2.0156,1542413.0
2026-01-02 22:00:00+00:00,2.0165,2.031,2.0097,2.015,1110531.0
2026-01-02 23:00:00+00:00,2.0151,2.0183,2.004,2.0063,327178.0
2026-01-03 00:00:00+00:00,2.0068,2.0388,2.0066,2.0141,972488.0
2026-01-03 01:00:00+00:00,2.014,2.0315,2.0112,2.0297,640699.0
2026-01-03 02:00:00+00:00,2.0291,2.0299,2.0184,2.0241,635885.0
2026-01-03 03:00:00+00:00,2.0241,2.042,2.0187,2.0396,1088978.0
2026-01-03 04:00:00+00:00,2.0396,2.0553,2.0369,2.048,1986175.0
2026-01-03 05:00:00+00:00,2.0482,2.0551,2.0273,2.0305,1494548.0
2026-01-03 06:00:00+00:00,2.0307,2.035,2.0075,2.0108,1975051.0
2026-01-03 07:00:00+00:00,2.0109,2.0154,1.9839,1.9932,2603924.0
2026-01-03 08:00:00+00:00,1.9928,2.0094,1.9916,2.007,1603957.0
2026-01-03 09:00:00+00:00,2.007,2.021,2.005,2.013,1581805.0
2026-01-03 10:00:00+00:00,2.0135,2.0142,2.0029,2.0047,914959.0
2026-01-03 11:00:00+00:00,2.005,2.0051,1.9968,1.999,974500.0
2026-01-03 12:00:00+00:00,1.9987,2.0052,1.9934,2.0022,1183388.0
2026-01-03 13:00:00+00:00,2.0018,2.0086,1.9992,2.0043,678134.0
2026-01-03 14:00:00+00:00,2.0045,2.0177,2.0035,2.0102,1482923.0
2026-01-03 15:00:00+00:00,2.0103,2.0124,2.0044,2.0056,814311.0
2026-01-03 16:00:00+00:00,2.0058,2.0107,1.9993,2.0018,1321763.0
2026-01-03 17:00:00+00:00,2.0016,2.0046,1.9959,2.0015,871114.0
2026-01-03 18:00:00+00:00,2.0014,2.0103,1.9972,2.0096,838549.0
2026-01-03 19:00:00+00:00,2.009,2.009,2.0022,2.0067,452523.0
2026-01-03 20:00:00+00:00,2.0069,2.0104,1.9982,2.007,432518.0
2026-01-03 21:00:00+00:00,2.0067,2.0137,2.004,2.0087,174875.0
2026-01-03 22:00:00+00:00,2.0089,2.0166,2.0034,2.0135,233451.0
2026-01-03 23:00:00+00:00,2.014,2.0181,2.0115,2.0175,187033.0
2026-01-04 00:00:00+00:00,2.0173,2.0479,2.0153,2.0418,874422.0
2026-01-04 01:00:00+00:00,2.0418,2.0421,2.0257,2.0344,680523.0
2026-01-04 02:00:00+00:00,2.0342,2.0366,2.0259,2.0301,714131.0
2026-01-04 03:00:00+00:00,2.0301,2.061,2.0298,2.0569,1475065.0
2026-01-04 04:00:00+00:00,2.057,2.068,2.0518,2.06,1653562.0
2026-01-04 05:00:00+00:00,2.0602,2.0747,2.0545,2.0659,1630903.0
2026-01-04 06:00:00+00:00,2.0652,2.0725,2.0571,2.0668,1242537.0
2026-01-04 07:00:00+00:00,2.0668,2.0808,2.0609,2.0713,1768403.0
2026-01-04 08:00:00+00:00,2.0714,2.0846,2.0589,2.0769,1915600.0
2026-01-04 09:00:00+00:00,2.0765,2.0889,2.0663,2.086,1504139.0
2026-01-04 10:00:00+00:00,2.0857,2.0913,2.0772,2.0901,1495403.0
2026-01-04 11:00:00+00:00,2.0901,2.0968,2.0821,2.0941,1461765.0
2026-01-04 12:00:00+00:00,2.0941,2.12,2.091,2.1167,3118621.0
2026-01-04 13:00:00+00:00,2.1166,2.1166,2.0908,2.1012,2278524.0
2026-01-04 14:00:00+00:00,2.1012,2.1064,2.0808,2.0905,2281007.0
2026-01-04 15:00:00+00:00,2.0905,2.0966,2.0814,2.0898,1650709.0
2026-01-04 16:00:00+00:00,2.0896,2.0933,2.0824,2.0909,1000818.0
2026-01-04 17:00:00+00:00,2.0907,2.1027,2.089,2.0951,2029637.0
2026-01-04 18:00:00+00:00,2.0952,2.0953,2.0736,2.0872,1705166.0
2026-01-04 19:00:00+00:00,2.087,2.089,2.072,2.0839,1266554.0
2026-01-04 20:00:00+00:00,2.084,2.0947,2.0807,2.0916,449096.0
2026-01-04 21:00:00+00:00,2.0915,2.1021,2.0883,2.0964,484217.0
2026-01-04 22:00:00+00:00,2.0961,2.0994,2.0788,2.0856,249302.0
2026-01-04 23:00:00+00:00,2.0858,2.0968,2.0833,2.0903,211407.0
2026-01-05 00:00:00+00:00,2.0887,2.1162,2.0868,2.1116,1117151.0
2026-01-05 01:00:00+00:00,2.1118,2.1658,2.1089,2.1559,2540970.0
2026-01-05 02:00:00+00:00,2.156,2.1605,2.135,2.1436,1480449.0
2026-01-05 03:00:00+00:00,2.1436,2.1534,2.1363,2.1422,1023824.0
2026-01-05 04:00:00+00:00,2.1422,2.1455,2.1173,2.1261,1540102.0
2026-01-05 05:00:00+00:00,2.1263,2.1376,2.121,2.1223,912498.0
2026-01-05 06:00:00+00:00,2.1222,2.1278,2.1085,2.1229,1037363.0
2026-01-05 07:00:00+00:00,2.1227,2.1346,2.1224,2.1331,705079.0
2026-01-05 08:00:00+00:00,2.133,2.152,2.1305,2.1387,1452420.0
2026-01-05 09:00:00+00:00,2.1389,2.1467,2.1271,2.1368,2169267.0
2026-01-05 10:00:00+00:00,2.1364,2.1483,2.131,2.1371,1221508.0
2026-01-05 11:00:00+00:00,2.1371,2.1371,2.1245,2.1325,1346981.0
2026-01-05 12:00:00+00:00,2.1321,2.1373,2.1218,2.1264,1032981.0
2026-01-05 13:00:00+00:00,2.1264,2.1308,2.1115,2.1164,2294955.0
2026-01-05 14:00:00+00:00,2.1164,2.1535,2.1112,2.1491,2997804.0
2026-01-05 15:00:00+00:00,2.1496,2.1689,2.1372,2.1645,3242330.0
2026-01-05 16:00:00+00:00,2.1643,2.1957,2.1637,2.1932,3696696.0
2026-01-05 17:00:00+00:00,2.1932,2.2072,2.1667,2.2064,4985335.0
2026-01-05 18:00:00+00:00,2.2062,2.2687,2.199,2.2661,5771506.0
2026-01-05 19:00:00+00:00,2.266,2.2815,2.2572,2.2775,3572688.0
2026-01-05 20:00:00+00:00,2.2775,2.3499,2.2759,2.3154,5548518.0
2026-01-05 21:00:00+00:00,2.3157,2.3433,2.3127,2.335,2062296.0
2026-01-05 22:00:00+00:00,2.3343,2.3456,2.3214,2.3352,1509705.0
2026-01-05 23:00:00+00:00,2.3354,2.3682,2.3343,2.3474,1904727.0
2026-01-06 00:00:00+00:00,2.3493,2.3739,2.3163,2.3723,2124583.0
2026-01-06 01:00:00+00:00,2.3716,2.4046,2.3612,2.3736,2421365.0
2026-01-06 02:00:00+00:00,2.3736,2.4163,2.3713,2.3925,2568306.0
2026-01-06 03:00:00+00:00,2.3932,2.4011,2.3792,2.3851,1288271.0
2026-01-06 04:00:00+00:00,2.3853,2.3937,2.3658,2.3871,2468669.0
2026-01-06 05:00:00+00:00,2.3862,2.4066,2.3816,2.3892,2800860.0
2026-01-06 06:00:00+00:00,2.3887,2.3999,2.3736,2.3755,1618898.0
2026-01-06 07:00:00+00:00,2.3757,2.3765,2.3214,2.33,3065767.0
2026-01-06 08:00:00+00:00,2.33,2.3461,2.325,2.3319,1436193.0
2026-01-06 09:00:00+00:00,2.3316,2.3573,2.3296,2.3511,1400308.0
2026-01-06 10:00:00+00:00,2.3514,2.3637,2.3454,2.3598,1260381.0
2026-01-06 11:00:00+00:00,2.3607,2.3765,2.3555,2.3763,1579013.0
2026-01-06 12:00:00+00:00,2.3765,2.3944,2.3678,2.3727,2854884.0
2026-01-06 13:00:00+00:00,2.3718,2.3786,2.3659,2.3704,1330599.0
2026-01-06 14:00:00+00:00,2.3704,2.398,2.3695,2.3785,3849331.0
2026-01-06 15:00:00+00:00,2.3785,2.3919,2.3341,2.3483,4064023.0
2026-01-06 16:00:00+00:00,2.3484,2.3542,2.2675,2.2819,7856501.0
2026-01-06 17:00:00+00:00,2.281,2.2879,2.2073,2.2081,5942469.0
2026-01-06 18:00:00+00:00,2.208,2.2537,2.2038,2.245,3873223.0
2026-01-06 19:00:00+00:00,2.2453,2.2571,2.2239,2.2275,1965633.0
2026-01-06 20:00:00+00:00,2.2278,2.2663,2.2273,2.2583,1306139.0
2026-01-06 21:00:00+00:00,2.2582,2.2902,2.2488,2.282,1289072.0
2026-01-06 22:00:00+00:00,2.2826,2.2988,2.2745,2.2907,861568.0
2026-01-06 23:00:00+00:00,2.2909,2.3098,2.2855,2.3032,945106.0
2026-01-07 00:00:00+00:00,2.303,2.3195,2.2822,2.2822,1151191.0
2026-01-07 01:00:00+00:00,2.2819,2.2926,2.2561,2.2649,1519898.0
2026-01-07 02:00:00+00:00,2.2651,2.2795,2.2569,2.2748,937106.0
2026-01-07 03:00:00+00:00,2.2757,2.2807,2.2605,2.266,1079082.0
2026-01-07 04:00:00+00:00,2.2662,2.2743,2.2574,2.2585,1109481.0
2026-01-07 05:00:00+00:00,2.2587,2.2646,2.2448,2.2514,1740537.0
2026-01-07 06:00:00+00:00,2.2516,2.2695,2.2499,2.2638,741888.0
2026-01-07 07:00:00+00:00,2.2637,2.2857,2.2637,2.2794,1417206.0
2026-01-07 08:00:00+00:00,2.2792,2.2905,2.273,2.2828,1298127.0
2026-01-07 09:00:00+00:00,2.2832,2.2832,2.2321,2.2396,2988438.0
2026-01-07 10:00:00+00:00,2.2389,2.2521,2.2352,2.2484,977759.0
2026-01-07 11:00:00+00:00,2.2482,2.2577,2.2451,2.25,1165807.0
2026-01-07 12:00:00+00:00,2.2494,2.2549,2.2417,2.2472,1117181.0
2026-01-07 13:00:00+00:00,2.2474,2.2546,2.2367,2.2438,1258811.0
2026-01-07 14:00:00+00:00,2.2438,2.2442,2.2052,2.2281,4515099.0
2026-01-07 15:00:00+00:00,2.2281,2.2294,2.1828,2.1947,4271817.0
2026-01-07 16:00:00+00:00,2.1947,2.2225,2.1931,2.2017,3045220.0
2026-01-07 17:00:00+00:00,2.2017,2.2093,2.1878,2.1932,2568836.0
2026-01-07 18:00:00+00:00,2.1927,2.2034,2.1815,2.1872,2034347.0
2026-01-07 19:00:00+00:00,2.1868,2.1981,2.1703,2.1932,1500690.0
2026-01-07 20:00:00+00:00,2.1939,2.1984,2.1714,2.173,900456.0
2026-01-07 21:00:00+00:00,2.1734,2.1856,2.172,2.179,367390.0
2026-01-07 22:00:00+00:00,2.1772,2.1918,2.1663,2.1684,454298.0
2026-01-07 23:00:00+00:00,2.1688,2.181,2.1516,2.1652,835025.0
2026-01-08 00:00:00+00:00,2.1653,2.1735,2.1475,2.1693,741610.0
2026-01-08 01:00:00+00:00,2.1697,2.19,2.1691,2.1815,862945.0
2026-01-08 02:00:00+00:00,2.1804,2.1914,2.159,2.1672,1258005.0
2026-01-08 03:00:00+00:00,2.1668,2.1754,2.1441,2.1493,1280202.0
2026-01-08 04:00:00+00:00,2.1494,2.1722,2.1447,2.1614,946395.0
2026-01-08 05:00:00+00:00,2.1611,2.1658,2.1392,2.1425,1162528.0
2026-01-08 06:00:00+00:00,2.1432,2.1461,2.1072,2.1074,1922450.0
2026-01-08 07:00:00+00:00,2.1075,2.1222,2.0963,2.1185,1997056.0
2026-01-08 08:00:00+00:00,2.1187,2.1331,2.1071,2.112,1611152.0
2026-01-08 09:00:00+00:00,2.1118,2.1213,2.0934,2.0958,1884417.0
2026-01-08 10:00:00+00:00,2.0958,2.107,2.0805,2.103,2178315.0
2026-01-08 11:00:00+00:00,2.1032,2.1051,2.0819,2.0916,2222885.0
2026-01-08 12:00:00+00:00,2.0916,2.0916,2.072,2.0806,1901366.0
2026-01-08 13:00:00+00:00,2.0805,2.0946,2.0779,2.0867,1492529.0
2026-01-08 14:00:00+00:00,2.0863,2.098,2.0653,2.0865,2807735.0
2026-01-08 15:00:00+00:00,2.0858,2.1269,2.0728,2.1256,3406758.0
2026-01-08 16:00:00+00:00,2.1256,2.1446,2.111,2.1444,4002976.0
2026-01-08 17:00:00+00:00,2.1444,2.1682,2.138,2.1621,3579660.0
2026-01-08 18:00:00+00:00,2.1623,2.1639,2.1239,2.1359,2479990.0
2026-01-08 19:00:00+00:00,2.1369,2.149,2.1295,2.1349,1162514.0
2026-01-08 20:00:00+00:00,2.1348,2.1348,2.1124,2.127,1374450.0
2026-01-08 21:00:00+00:00,2.1257,2.1439,2.1226,2.1383,768303.0
2026-01-08 22:00:00+00:00,2.1387,2.1476,2.1204,2.1332,315191.0
2026-01-08 23:00:00+00:00,2.1333,2.1359,2.1207,2.1221,337589.0
2026-01-09 00:00:00+00:00,2.1221,2.1366,2.12,2.1309,454982.0
2026-01-09 01:00:00+00:00,2.1318,2.1418,2.1087,2.109,1340903.0
2026-01-09 02:00:00+00:00,2.109,2.135,2.1076,2.1173,1398286.0
2026-01-09 03:00:00+00:00,2.1178,2.1352,2.1157,2.1349,1132334.0
2026-01-09 04:00:00+00:00,2.1348,2.1373,2.1259,2.1266,578636.0
2026-01-09 05:00:00+00:00,2.1266,2.1375,2.1245,2.1373,578137.0
2026-01-09 06:00:00+00:00,2.1373,2.1463,2.129,2.1429,916742.0
2026-01-09 07:00:00+00:00,2.143,2.143,2.1187,2.1193,1332138.0
2026-01-09 08:00:00+00:00,2.1197,2.1229,2.0714,2.0828,3509782.0
2026-01-09 09:00:00+00:00,2.0828,2.1071,2.0824,2.0951,2112616.0
2026-01-09 10:00:00+00:00,2.095,2.1055,2.0917,2.0995,959259.0
2026-01-09 11:00:00+00:00,2.0998,2.1086,2.0956,2.1019,1147628.0
2026-01-09 12:00:00+00:00,2.1021,2.1039,2.0896,2.0958,896245.0
2026-01-09 13:00:00+00:00,2.096,2.1183,2.092,2.1052,1684321.0
2026-01-09 14:00:00+00:00,2.1057,2.1069,2.0801,2.0898,2253169.0
2026-01-09 15:00:00+00:00,2.0901,2.1612,2.0783,2.1172,5689732.0
2026-01-09 16:00:00+00:00,2.1172,2.1442,2.1145,2.1305,2762453.0
2026-01-09 17:00:00+00:00,2.1313,2.1322,2.0913,2.1063,3127165.0
2026-01-09 18:00:00+00:00,2.1062,2.1093,2.0748,2.0917,2159677.0
2026-01-09 19:00:00+00:00,2.0915,2.0922,2.0768,2.0819,1311170.0
2026-01-09 20:00:00+00:00,2.0812,2.092,2.0788,2.0841,582781.0
2026-01-09 21:00:00+00:00,2.0842,2.0941,2.0752,2.0913,437822.0
2026-01-09 22:00:00+00:00,2.0907,2.1004,2.0869,2.0969,322993.0
2026-01-09 23:00:00+00:00,2.0966,2.0978,2.0906,2.0951,120712.0
2026-01-10 00:00:00+00:00,2.0947,2.0961,2.0884,2.0911,89755.0
2026-01-10 01:00:00+00:00,2.0911,2.0964,2.0888,2.0947,265654.0
2026-01-10 02:00:00+00:00,2.0945,2.1008,2.089,2.0937,574873.0
2026-01-10 03:00:00+00:00,2.0935,2.0972,2.0863,2.0901,575658.0
2026-01-10 04:00:00+00:00,2.0901,2.0909,2.0815,2.083,736367.0
2026-01-10 05:00:00+00:00,2.0831,2.0919,2.0795,2.0889,732755.0
2026-01-10 06:00:00+00:00,2.089,2.094,2.0845,2.0921,872743.0
2026-01-10 07:00:00+00:00,2.0919,2.1,2.0914,2.0995,877888.0
2026-01-10 08:00:00+00:00,2.0995,2.1015,2.0893,2.0931,1065616.0
2026-01-10 09:00:00+00:00,2.0931,2.0977,2.0904,2.0964,478490.0
2026-01-10 10:00:00+00:00,2.0964,2.1041,2.0942,2.1041,795704.0
2026-01-10 11:00:00+00:00,2.1036,2.1041,2.0982,2.1019,574638.0
2026-01-10 12:00:00+00:00,2.1019,2.1098,2.099,2.1004,1043203.0
2026-01-10 13:00:00+00:00,2.1002,2.1002,2.09,2.091,842376.0
2026-01-10 14:00:00+00:00,2.0909,2.0921,2.0863,2.0896,953547.0
2026-01-10 15:00:00+00:00,2.0893,2.0944,2.0884,2.092,562471.0
2026-01-10 16:00:00+00:00,2.092,2.096,2.0885,2.094,655791.0
2026-01-10 17:00:00+00:00,2.094,2.0971,2.0874,2.09,709835.0
2026-01-10 18:00:00+00:00,2.0901,2.1004,2.087,2.0963,679164.0
2026-01-10 19:00:00+00:00,2.0965,2.0979,2.0912,2.0938,292361.0
2026-01-10 20:00:00+00:00,2.0939,2.0946,2.0906,2.0911,224986.0
2026-01-10 21:00:00+00:00,2.0909,2.0911,2.0875,2.0905,168622.0
2026-01-10 22:00:00+00:00,2.0904,2.0952,2.0824,2.0849,344406.0
2026-01-10 23:00:00+00:00,2.0854,2.0919,2.0854,2.09,125304.0
2026-01-11 00:00:00+00:00,2.0892,2.0942,2.0861,2.0892,128598.0
2026-01-11 01:00:00+00:00,2.089,2.0927,2.0855,2.092,192416.0
2026-01-11 02:00:00+00:00,2.0921,2.0953,2.0882,2.0916,196865.0
2026-01-11 03:00:00+00:00,2.092,2.0948,2.0907,2.0946,126791.0
2026-01-11 04:00:00+00:00,2.0946,2.0946,2.0887,2.0919,237957.0
2026-01-11 05:00:00+00:00,2.092,2.0952,2.0885,2.0951,283970.0
2026-01-11 06:00:00+00:00,2.0949,2.0952,2.0852,2.0942,655074.0
2026-01-11 07:00:00+00:00,2.0941,2.0982,2.0894,2.0916,511119.0
2026-01-11 08:00:00+00:00,2.0916,2.0977,2.0871,2.0956,325814.0
2026-01-11 09:00:00+00:00,2.0956,2.0966,2.0897,2.0914,363859.0
2026-01-11 10:00:00+00:00,2.0914,2.0944,2.089,2.0922,228281.0
2026-01-11 11:00:00+00:00,2.0922,2.0953,2.0903,2.0952,252133.0
2026-01-11 12:00:00+00:00,2.0952,2.1057,2.0948,2.1033,763016.0
2026-01-11 13:00:00+00:00,2.1033,2.1044,2.0933,2.0967,901498.0
2026-01-11 14:00:00+00:00,2.0969,2.1093,2.0962,2.107,913248.0
2026-01-11 15:00:00+00:00,2.1076,2.109,2.083,2.0885,1970137.0
2026-01-11 16:00:00+00:00,2.0887,2.1027,2.0857,2.0937,1365587.0
2026-01-11 17:00:00+00:00,2.0942,2.0974,2.0842,2.0929,580999.0
2026-01-11 18:00:00+00:00,2.0929,2.0951,2.0868,2.092,383224.0
2026-01-11 19:00:00+00:00,2.0916,2.096,2.0841,2.086,260517.0
2026-01-11 20:00:00+00:00,2.0856,2.0856,2.0438,2.0639,2063901.0
2026-01-11 21:00:00+00:00,2.063,2.0743,2.0539,2.0731,611306.0
2026-01-11 22:00:00+00:00,2.0724,2.0724,2.0553,2.0609,647587.0
2026-01-11 23:00:00+00:00,2.0602,2.0779,2.046,2.0731,256881.0
2026-01-12 00:00:00+00:00,2.0727,2.0727,2.0359,2.0549,738649.0
2026-01-12 01:00:00+00:00,2.0553,2.077,2.0537,2.0641,1171429.0
2026-01-12 02:00:00+00:00,2.0642,2.1063,2.0615,2.0994,1607712.0
2026-01-12 03:00:00+00:00,2.0994,2.1053,2.079,2.0821,1767699.0
2026-01-12 04:00:00+00:00,2.0821,2.0944,2.0805,2.0899,892827.0
2026-01-12 05:00:00+00:00,2.09,2.0911,2.0812,2.0823,617676.0
2026-01-12 06:00:00+00:00,2.0821,2.0851,2.0674,2.0698,1524285.0
2026-01-12 07:00:00+00:00,2.0698,2.076,2.0508,2.0528,1451573.0
2026-01-12 08:00:00+00:00,2.0526,2.0596,2.0336,2.0489,1736313.0
2026-01-12 09:00:00+00:00,2.0491,2.0532,2.0415,2.0432,729300.0
2026-01-12 10:00:00+00:00,2.0435,2.0479,2.0341,2.0357,1055285.0
2026-01-12 11:00:00+00:00,2.0357,2.0483,2.0343,2.0477,816015.0
2026-01-12 12:00:00+00:00,2.048,2.0541,2.0463,2.0486,606130.0
2026-01-12 13:00:00+00:00,2.0488,2.0595,2.0425,2.0512,1076558.0
2026-01-12 14:00:00+00:00,2.0515,2.076,2.0396,2.0718,2358714.0
2026-01-12 15:00:00+00:00,2.0718,2.0937,2.0678,2.0931,2652082.0
2026-01-12 16:00:00+00:00,2.0926,2.1082,2.0855,2.0937,2338662.0
2026-01-12 17:00:00+00:00,2.0937,2.0991,2.0527,2.0671,2054846.0
2026-01-12 18:00:00+00:00,2.0677,2.0773,2.0595,2.0665,1107663.0
2026-01-12 19:00:00+00:00,2.0661,2.0719,2.0575,2.0694,460242.0
2026-01-12 20:00:00+00:00,2.0692,2.0752,2.0619,2.0633,399156.0
2026-01-12 21:00:00+00:00,2.0636,2.0637,2.0393,2.0481,615394.0
2026-01-12 22:00:00+00:00,2.0484,2.0573,2.0483,2.0532,380952.0
2026-01-12 23:00:00+00:00,2.0533,2.0569,2.0448,2.053,234946.0
2026-01-13 00:00:00+00:00,2.0525,2.06,2.0498,2.058,146081.0
2026-01-13 01:00:00+00:00,2.058,2.0632,2.0478,2.053,375739.0
2026-01-13 02:00:00+00:00,2.053,2.0597,2.0496,2.0515,337131.0
2026-01-13 03:00:00+00:00,2.0516,2.0579,2.0467,2.0494,389529.0
2026-01-13 04:00:00+00:00,2.0494,2.0583,2.0488,2.0578,458207.0
2026-01-13 05:00:00+00:00,2.0578,2.0801,2.0576,2.0631,1094601.0
2026-01-13 06:00:00+00:00,2.0632,2.067,2.0566,2.0626,435035.0
2026-01-13 07:00:00+00:00,2.0628,2.0628,2.0516,2.0531,541794.0
2026-01-13 08:00:00+00:00,2.0528,2.0688,2.0525,2.0652,783445.0
2026-01-13 09:00:00+00:00,2.0649,2.074,2.059,2.0643,695945.0
2026-01-13 10:00:00+00:00,2.0649,2.0693,2.0572,2.0598,434686.0
2026-01-13 11:00:00+00:00,2.0601,2.0629,2.0567,2.0596,547045.0
2026-01-13 12:00:00+00:00,2.0596,2.0636,2.0552,2.0626,449829.0
2026-01-13 13:00:00+00:00,2.0623,2.078,2.0587,2.068,1191409.0
2026-01-13 14:00:00+00:00,2.0679,2.0967,2.0599,2.077,2716802.0
2026-01-13 15:00:00+00:00,2.077,2.1006,2.0648,2.0976,2154845.0
2026-01-13 16:00:00+00:00,2.098,2.1141,2.0878,2.104,2901611.0
2026-01-13 17:00:00+00:00,2.104,2.1078,2.0833,2.0911,1528062.0
2026-01-13 18:00:00+00:00,2.0901,2.1128,2.088,2.1056,1246654.0
2026-01-13 19:00:00+00:00,2.106,2.1388,2.1027,2.1388,1397320.0
2026-01-13 20:00:00+00:00,2.1386,2.1488,2.1194,2.1327,1610151.0
2026-01-13 21:00:00+00:00,2.1318,2.1409,2.1197,2.1201,661477.0
2026-01-13 22:00:00+00:00,2.1202,2.1813,2.1202,2.1737,1230914.0
2026-01-13 23:00:00+00:00,2.174,2.1843,2.1496,2.1651,729294.0
2026-01-14 00:00:00+00:00,2.1647,2.178,2.1563,2.1663,651327.0
2026-01-14 01:00:00+00:00,2.1657,2.176,2.1593,2.1744,515499.0
2026-01-14 02:00:00+00:00,2.174,2.1918,2.1671,2.1707,825481.0
2026-01-14 03:00:00+00:00,2.1708,2.1845,2.1652,2.183,581894.0
2026-01-14 04:00:00+00:00,2.1832,2.1855,2.1622,2.1628,618959.0
2026-01-14 05:00:00+00:00,2.1626,2.1633,2.1514,2.1522,775339.0
2026-01-14 06:00:00+00:00,2.1524,2.1524,2.133,2.1488,931282.0
2026-01-14 07:00:00+00:00,2.1495,2.1558,2.1395,2.148,791242.0
2026-01-14 08:00:00+00:00,2.1475,2.1527,2.1417,2.142,452323.0
2026-01-14 09:00:00+00:00,2.142,2.1534,2.1408,2.1469,651550.0
2026-01-14 10:00:00+00:00,2.147,2.1484,2.1288,2.1349,725451.0
2026-01-14 11:00:00+00:00,2.1349,2.1349,2.1113,2.1154,1158077.0
2026-01-14 12:00:00+00:00,2.1154,2.1262,2.1114,2.1246,831179.0
2026-01-14 13:00:00+00:00,2.1246,2.1313,2.1113,2.1153,1118869.0
2026-01-14 14:00:00+00:00,2.1151,2.168,2.1139,2.1591,4148866.0
2026-01-14 15:00:00+00:00,2.1573,2.1732,2.1416,2.155,3732038.0
2026-01-14 16:00:00+00:00,2.1552,2.1757,2.1552,2.1591,2464240.0
2026-01-14 17:00:00+00:00,2.1591,2.1657,2.1352,2.1379,1767344.0
2026-01-14 18:00:00+00:00,2.1381,2.1529,2.124,2.1393,1910927.0
2026-01-14 19:00:00+00:00,2.1389,2.1646,2.1336,2.1453,951126.0
2026-01-14 20:00:00+00:00,2.1458,2.1607,2.1386,2.1487,653028.0
2026-01-14 21:00:00+00:00,2.1487,2.1544,2.1406,2.1472,254541.0
2026-01-14 22:00:00+00:00,2.1466,2.1466,2.1307,2.1349,312133.0
2026-01-14 23:00:00+00:00,2.1354,2.1463,2.1309,2.1382,164069.0
2026-01-15 00:00:00+00:00,2.1385,2.1429,2.1284,2.1324,260865.0
2026-01-15 01:00:00+00:00,2.1322,2.1396,2.116,2.1189,725485.0
2026-01-15 02:00:00+00:00,2.1189,2.125,2.0998,2.1042,1032475.0
2026-01-15 03:00:00+00:00,2.1042,2.1077,2.0811,2.0875,1190396.0
2026-01-15 04:00:00+00:00,2.0875,2.1034,2.0854,2.1011,771384.0
2026-01-15 05:00:00+00:00,2.1003,2.1055,2.096,2.0988,575489.0
2026-01-15 06:00:00+00:00,2.0984,2.1016,2.0883,2.0905,658336.0
2026-01-15 07:00:00+00:00,2.0905,2.105,2.0884,2.1006,598566.0
2026-01-15 08:00:00+00:00,2.1004,2.1045,2.095,2.1034,594818.0
2026-01-15 09:00:00+00:00,2.103,2.1216,2.096,2.1159,1367538.0
2026-01-15 10:00:00+00:00,2.1162,2.1197,2.1074,2.1149,829678.0
2026-01-15 11:00:00+00:00,2.1149,2.122,2.1085,2.1113,983744.0
2026-01-15 12:00:00+00:00,2.1111,2.1191,2.1063,2.1173,806934.0
2026-01-15 13:00:00+00:00,2.117,2.1315,2.1143,2.1285,1463628.0
2026-01-15 14:00:00+00:00,2.1283,2.1317,2.0877,2.096,2948847.0
2026-01-15 15:00:00+00:00,2.0955,2.1062,2.068,2.0958,3981188.0
2026-01-15 16:00:00+00:00,2.0947,2.0988,2.0835,2.0911,1612663.0
2026-01-15 17:00:00+00:00,2.0911,2.0976,2.078,2.0805,1221324.0
2026-01-15 18:00:00+00:00,2.0806,2.0827,2.0638,2.0698,1274208.0
2026-01-15 19:00:00+00:00,2.0695,2.0714,2.0522,2.0649,1396055.0
2026-01-15 20:00:00+00:00,2.0641,2.0703,2.0573,2.0602,586147.0
2026-01-15 21:00:00+00:00,2.0616,2.0743,2.0614,2.0733,234408.0
2026-01-15 22:00:00+00:00,2.0729,2.0788,2.0667,2.0744,195607.0
2026-01-15 23:00:00+00:00,2.0754,2.0795,2.0703,2.0781,139809.0
2026-01-16 00:00:00+00:00,2.0776,2.0857,2.0754,2.0814,218820.0
2026-01-16 01:00:00+00:00,2.0815,2.0853,2.0745,2.0764,210271.0
2026-01-16 02:00:00+00:00,2.0759,2.0759,2.0664,2.075,640635.0
2026-01-16 03:00:00+00:00,2.0748,2.0784,2.0634,2.0639,1205094.0
2026-01-16 04:00:00+00:00,2.0638,2.0706,2.0566,2.0627,1371837.0
2026-01-16 05:00:00+00:00,2.0627,2.0738,2.0603,2.0712,817327.0
2026-01-16 06:00:00+00:00,2.0712,2.0744,2.0664,2.0726,765084.0
2026-01-16 07:00:00+00:00,2.0725,2.0767,2.0678,2.0725,692788.0
2026-01-16 08:00:00+00:00,2.0727,2.0804,2.0715,2.0737,886383.0
2026-01-16 09:00:00+00:00,2.0733,2.0759,2.0654,2.066,680806.0
2026-01-16 10:00:00+00:00,2.0658,2.0666,2.0581,2.0606,820205.0
2026-01-16 11:00:00+00:00,2.0606,2.0651,2.0576,2.0642,882192.0
2026-01-16 12:00:00+00:00,2.0642,2.0674,2.059,2.0619,878622.0
2026-01-16 13:00:00+00:00,2.0621,2.0621,2.0512,2.0572,1190954.0
2026-01-16 14:00:00+00:00,2.0571,2.0662,2.054,2.0551,1575575.0
2026-01-16 15:00:00+00:00,2.055,2.0643,2.0251,2.0312,5081658.0
2026-01-16 16:00:00+00:00,2.0314,2.0468,2.0285,2.0431,1644040.0
2026-01-16 17:00:00+00:00,2.0431,2.0531,2.0373,2.051,1747634.0
2026-01-16 18:00:00+00:00,2.0512,2.0536,2.0456,2.0493,830313.0
2026-01-16 19:00:00+00:00,2.0492,2.0561,2.0421,2.0537,812527.0
2026-01-16 20:00:00+00:00,2.0543,2.079,2.0469,2.0778,1804490.0
2026-01-16 21:00:00+00:00,2.0786,2.0789,2.0679,2.0734,519865.0
2026-01-16 22:00:00+00:00,2.0739,2.0761,2.068,2.0732,331784.0
2026-01-16 23:00:00+00:00,2.0732,2.0734,2.0669,2.0671,167982.0
2026-01-17 00:00:00+00:00,2.0676,2.0687,2.0614,2.0639,180402.0
2026-01-17 01:00:00+00:00,2.0632,2.0685,2.0619,2.0662,259409.0
2026-01-17 02:00:00+00:00,2.0657,2.066,2.0578,2.0622,417187.0
2026-01-17 03:00:00+00:00,2.0621,2.0623,2.0531,2.0552,421240.0
2026-01-17 04:00:00+00:00,2.0551,2.065,2.0541,2.0636,671693.0
2026-01-17 05:00:00+00:00,2.0635,2.0655,2.0597,2.0629,462022.0
2026-01-17 06:00:00+00:00,2.0629,2.0636,2.058,2.059,378885.0
2026-01-17 07:00:00+00:00,2.059,2.0602,2.055,2.0573,379547.0
2026-01-17 08:00:00+00:00,2.0573,2.0622,2.0565,2.0618,276343.0
2026-01-17 09:00:00+00:00,2.0618,2.0667,2.0605,2.0625,433905.0
2026-01-17 10:00:00+00:00,2.0624,2.0666,2.0596,2.0603,348568.0
2026-01-17 11:00:00+00:00,2.0601,2.0638,2.0555,2.0608,429539.0
2026-01-17 12:00:00+00:00,2.0607,2.0642,2.0574,2.059,384289.0
2026-01-17 13:00:00+00:00,2.0588,2.0629,2.0572,2.061,411412.0
2026-01-17 14:00:00+00:00,2.061,2.0783,2.0575,2.0735,1289209.0
2026-01-17 15:00:00+00:00,2.073,2.0821,2.0696,2.0809,1101965.0
2026-01-17 16:00:00+00:00,2.0807,2.081,2.0678,2.0719,1195464.0
2026-01-17 17:00:00+00:00,2.0719,2.0823,2.0709,2.082,679523.0
2026-01-17 18:00:00+00:00,2.0819,2.083,2.0721,2.0756,466231.0
2026-01-17 19:00:00+00:00,2.0758,2.0768,2.0718,2.0727,172598.0
2026-01-17 20:00:00+00:00,2.0725,2.0748,2.0705,2.0717,211383.0
2026-01-17 21:00:00+00:00,2.0661,2.0702,2.0653,2.0681,226032.0
2026-01-17 22:00:00+00:00,2.068,2.0682,2.0582,2.0638,275522.0
2026-01-17 23:00:00+00:00,2.0628,2.0656,2.0614,2.0625,88784.0
2026-01-18 00:00:00+00:00,2.0624,2.0672,2.0583,2.0591,490825.0
2026-01-18 01:00:00+00:00,2.0591,2.0605,2.0475,2.0508,579451.0
2026-01-18 02:00:00+00:00,2.0509,2.0565,2.0476,2.0519,548047.0
2026-01-18 03:00:00+00:00,2.0519,2.06,2.0506,2.0577,428110.0
2026-01-18 04:00:00+00:00,2.0575,2.0577,2.0513,2.0549,458718.0
2026-01-18 05:00:00+00:00,2.0548,2.0564,2.0461,2.054,713119.0
2026-01-18 06:00:00+00:00,2.0541,2.0585,2.053,2.0577,326734.0
2026-01-18 07:00:00+00:00,2.0576,2.0593,2.0498,2.0512,403513.0
2026-01-18 08:00:00+00:00,2.0513,2.0584,2.0493,2.0562,517293.0
2026-01-18 09:00:00+00:00,2.0562,2.0609,2.0542,2.0595,423085.0
2026-01-18 10:00:00+00:00,2.0596,2.0602,2.0533,2.056,327464.0
2026-01-18 11:00:00+00:00,2.0561,2.0561,2.0517,2.054,251749.0
2026-01-18 12:00:00+00:00,2.0538,2.0558,2.051,2.0511,279710.0
2026-01-18 13:00:00+00:00,2.0509,2.0532,2.0464,2.0516,866963.0
2026-01-18 14:00:00+00:00,2.0518,2.0597,2.0484,2.0491,888306.0
2026-01-18 15:00:00+00:00,2.0489,2.0523,2.0436,2.0498,679544.0
2026-01-18 16:00:00+00:00,2.0498,2.0566,2.0465,2.0484,798189.0
2026-01-18 17:00:00+00:00,2.0487,2.0564,2.0453,2.0488,913127.0
2026-01-18 18:00:00+00:00,2.0488,2.0654,2.0453,2.0602,1216029.0
2026-01-18 19:00:00+00:00,2.061,2.0638,2.0515,2.0529,448861.0
2026-01-18 20:00:00+00:00,2.0523,2.0597,2.0503,2.0557,281242.0
2026-01-18 21:00:00+00:00,2.0573,2.0596,2.0554,2.0567,61993.0
2026-01-18 22:00:00+00:00,2.0569,2.0636,2.0559,2.06,190768.0
2026-01-18 23:00:00+00:00,2.0578,2.0578,1.9849,1.9906,2183695.0
2026-01-19 00:00:00+00:00,1.9903,1.9903,1.8423,1.9436,3279272.0
2026-01-19 01:00:00+00:00,1.9432,1.9613,1.9372,1.9515,789797.0
2026-01-19 02:00:00+00:00,1.9509,1.962,1.9488,1.956,603274.0
2026-01-19 03:00:00+00:00,1.9563,1.9667,1.9516,1.966,646946.0
2026-01-19 04:00:00+00:00,1.965,1.9733,1.9601,1.9622,598076.0
2026-01-19 05:00:00+00:00,1.9627,1.9691,1.9566,1.9603,484481.0
2026-01-19 06:00:00+00:00,1.961,1.9652,1.952,1.9609,501943.0
2026-01-19 07:00:00+00:00,1.9611,1.9626,1.9526,1.962,280728.0
2026-01-19 08:00:00+00:00,1.962,1.9819,1.9578,1.9791,925364.0
2026-01-19 09:00:00+00:00,1.9789,1.9812,1.9727,1.9804,347316.0
2026-01-19 10:00:00+00:00,1.9802,1.983,1.9714,1.9805,467577.0
2026-01-19 11:00:00+00:00,1.9812,1.9817,1.969,1.9717,609071.0
2026-01-19 12:00:00+00:00,1.9718,1.9761,1.9661,1.972,779281.0
2026-01-19 13:00:00+00:00,1.9718,1.9732,1.9643,1.9728,633216.0
2026-01-19 14:00:00+00:00,1.9721,1.9845,1.9674,1.9781,855971.0
2026-01-19 15:00:00+00:00,1.9788,1.9831,1.9761,1.9806,550810.0
2026-01-19 16:00:00+00:00,1.9804,2.0289,1.9793,2.0212,2961430.0
2026-01-19 17:00:00+00:00,2.0214,2.0247,2.0073,2.0175,1574331.0
2026-01-19 18:00:00+00:00,2.0175,2.0249,2.0084,2.01,1165793.0
2026-01-19 19:00:00+00:00,2.0102,2.0177,2.0067,2.0127,675136.0
2026-01-19 20:00:00+00:00,2.0128,2.016,2.0006,2.0016,513444.0
2026-01-19 21:00:00+00:00,2.0038,2.0077,1.9954,1.9975,245969.0
2026-01-19 22:00:00+00:00,1.9974,1.999,1.9786,1.9795,443568.0
2026-01-19 23:00:00+00:00,1.9794,1.9951,1.9792,1.9851,288719.0
2026-01-20 00:00:00+00:00,1.9851,1.9901,1.9815,1.9861,204321.0
2026-01-20 01:00:00+00:00,1.9842,1.9845,1.97,1.9715,471688.0
2026-01-20 02:00:00+00:00,1.9717,1.972,1.9614,1.9684,809163.0
2026-01-20 03:00:00+00:00,1.969,1.9694,1.9547,1.9616,783266.0
2026-01-20 04:00:00+00:00,1.9611,1.9731,1.959,1.9647,653255.0
2026-01-20 05:00:00+00:00,1.965,1.9685,1.9532,1.9659,864302.0
2026-01-20 06:00:00+00:00,1.9645,1.9645,1.9406,1.9479,972640.0
2026-01-20 07:00:00+00:00,1.9479,1.9562,1.945,1.9483,510016.0
2026-01-20 08:00:00+00:00,1.9484,1.9532,1.9189,1.9275,1505747.0
2026-01-20 09:00:00+00:00,1.9268,1.9303,1.9208,1.9249,533093.0
2026-01-20 10:00:00+00:00,1.925,1.9324,1.9241,1.9293,727388.0
2026-01-20 11:00:00+00:00,1.9289,1.9399,1.928,1.9283,763421.0
2026-01-20 12:00:00+00:00,1.9285,1.936,1.9271,1.9346,682851.0
2026-01-20 13:00:00+00:00,1.9343,1.9343,1.915,1.9162,1300482.0
2026-01-20 14:00:00+00:00,1.9164,1.9388,1.9141,1.9243,1773296.0
2026-01-20 15:00:00+00:00,1.9234,1.9327,1.9078,1.9166,1613085.0
2026-01-20 16:00:00+00:00,1.9166,1.9269,1.9004,1.91,1563361.0
2026-01-20 17:00:00+00:00,1.9096,1.92,1.8966,1.9015,1898657.0
2026-01-20 18:00:00+00:00,1.9018,1.9082,1.8936,1.8979,1277280.0
2026-01-20 19:00:00+00:00,1.8983,1.9074,1.8933,1.9015,1192217.0
2026-01-20 20:00:00+00:00,1.9015,1.9109,1.8975,1.9046,608899.0
2026-01-20 21:00:00+00:00,1.905,1.9054,1.8831,1.8891,523838.0
2026-01-20 22:00:00+00:00,1.8881,1.8993,1.869,1.8894,471479.0
2026-01-20 23:00:00+00:00,1.889,1.893,1.8835,1.8891,598493.0
2026-01-21 00:00:00+00:00,1.8891,1.9147,1.8886,1.9128,642605.0
2026-01-21 01:00:00+00:00,1.9131,1.9154,1.8972,1.8977,360564.0
2026-01-21 02:00:00+00:00,1.8989,1.9056,1.8908,1.8961,595728.0
2026-01-21 03:00:00+00:00,1.8963,1.9072,1.8957,1.9018,545051.0
2026-01-21 04:00:00+00:00,1.902,1.9086,1.8997,1.9067,274427.0
2026-01-21 05:00:00+00:00,1.9065,1.9259,1.9047,1.9206,805361.0
2026-01-21 06:00:00+00:00,1.92,1.9214,1.9131,1.9143,449403.0
2026-01-21 07:00:00+00:00,1.9143,1.9211,1.906,1.909,582716.0
2026-01-21 08:00:00+00:00,1.9084,1.9109,1.8968,1.9019,613198.0
2026-01-21 09:00:00+00:00,1.9013,1.9134,1.8992,1.9105,553733.0
2026-01-21 10:00:00+00:00,1.9097,1.915,1.9021,1.9024,390167.0
2026-01-21 11:00:00+00:00,1.9024,1.9049,1.8864,1.8895,771886.0
2026-01-21 12:00:00+00:00,1.889,1.8975,1.8793,1.8966,1270421.0
2026-01-21 13:00:00+00:00,1.8961,1.905,1.8903,1.8959,705208.0
2026-01-21 14:00:00+00:00,1.8955,1.9444,1.8902,1.9419,2729108.0
2026-01-21 15:00:00+00:00,1.9416,1.96,1.9338,1.9568,2409510.0
2026-01-21 16:00:00+00:00,1.9573,1.9579,1.8763,1.8788,3742149.0
2026-01-21 17:00:00+00:00,1.8786,1.8975,1.8703,1.8903,2265020.0
2026-01-21 18:00:00+00:00,1.8898,1.9137,1.8815,1.9045,1140178.0
2026-01-21 19:00:00+00:00,1.9047,1.9839,1.8977,1.9725,1743500.0
2026-01-21 20:00:00+00:00,1.9726,1.9726,1.9484,1.9722,770041.0
2026-01-21 21:00:00+00:00,1.9725,1.9851,1.9658,1.9741,609521.0
2026-01-21 22:00:00+00:00,1.9746,1.989,1.9651,1.9652,328842.0
2026-01-21 23:00:00+00:00,1.9646,1.9674,1.9386,1.947,241224.0
2026-01-22 00:00:00+00:00,1.9468,1.9602,1.9468,1.9541,180394.0
2026-01-22 01:00:00+00:00,1.9542,1.967,1.9512,1.958,429371.0
2026-01-22 02:00:00+00:00,1.9577,1.9608,1.9438,1.9449,468734.0
2026-01-22 03:00:00+00:00,1.9452,1.9547,1.9413,1.947,330346.0
2026-01-22 04:00:00+00:00,1.9472,1.9541,1.9466,1.9521,401736.0
2026-01-22 05:00:00+00:00,1.9523,1.9546,1.9457,1.9524,308937.0
2026-01-22 06:00:00+00:00,1.9526,1.9591,1.9473,1.9547,431453.0
2026-01-22 07:00:00+00:00,1.9547,1.9555,1.9456,1.9471,175392.0
2026-01-22 08:00:00+00:00,1.9471,1.959,1.9462,1.9581,301326.0
2026-01-22 09:00:00+00:00,1.9581,1.9638,1.9554,1.9634,643167.0
2026-01-22 10:00:00+00:00,1.9632,1.9639,1.9525,1.9555,489805.0
2026-01-22 11:00:00+00:00,1.9554,1.9563,1.9416,1.9431,750740.0
2026-01-22 12:00:00+00:00,1.9431,1.9489,1.9402,1.9408,607956.0
2026-01-22 13:00:00+00:00,1.9407,1.9462,1.9255,1.9294,1566645.0
2026-01-22 14:00:00+00:00,1.9293,1.9318,1.9138,1.9149,1331248.0
2026-01-22 15:00:00+00:00,1.9146,1.923,1.9004,1.9137,1784509.0
2026-01-22 16:00:00+00:00,1.9138,1.9284,1.9042,1.9219,1345092.0
2026-01-22 17:00:00+00:00,1.9224,1.9294,1.9111,1.9281,1287384.0
2026-01-22 18:00:00+00:00,1.9281,1.9325,1.9196,1.9216,909135.0
2026-01-22 19:00:00+00:00,1.9214,1.9348,1.9166,1.9315,816397.0
2026-01-22 20:00:00+00:00,1.9311,1.9329,1.9174,1.9217,459867.0
2026-01-22 21:00:00+00:00,1.9233,1.9312,1.9194,1.9241,144065.0
2026-01-22 22:00:00+00:00,1.9249,1.9316,1.9221,1.9234,66498.0
2026-01-22 23:00:00+00:00,1.9237,1.9248,1.9151,1.9229,126425.0
2026-01-23 00:00:00+00:00,1.9232,1.9256,1.9159,1.9172,100505.0
2026-01-23 01:00:00+00:00,1.917,1.9237,1.9157,1.9211,126341.0
2026-01-23 02:00:00+00:00,1.922,1.9225,1.9083,1.9085,264755.0
2026-01-23 03:00:00+00:00,1.9086,1.9176,1.9086,1.9154,287639.0
2026-01-23 04:00:00+00:00,1.9152,1.9252,1.9128,1.9194,874355.0
2026-01-23 05:00:00+00:00,1.9194,1.9202,1.9067,1.9102,581665.0
2026-01-23 06:00:00+00:00,1.91,1.9161,1.9027,1.9103,437113.0
2026-01-23 07:00:00+00:00,1.9106,1.9146,1.9081,1.9132,259583.0
2026-01-23 08:00:00+00:00,1.9137,1.915,1.9015,1.9047,440305.0
2026-01-23 09:00:00+00:00,1.9045,1.9113,1.9008,1.9066,427116.0
2026-01-23 10:00:00+00:00,1.9079,1.912,1.9062,1.9071,319217.0
2026-01-23 11:00:00+00:00,1.9068,1.9141,1.9058,1.9131,358692.0
2026-01-23 12:00:00+00:00,1.9129,1.9133,1.9079,1.9091,382213.0
2026-01-23 13:00:00+00:00,1.9092,1.9116,1.9031,1.9045,605713.0
2026-01-23 14:00:00+00:00,1.9045,1.908,1.8865,1.8958,1543070.0
2026-01-23 15:00:00+00:00,1.896,1.9223,1.8882,1.9207,1564550.0
2026-01-23 16:00:00+00:00,1.9211,1.95,1.9196,1.9355,2106343.0
2026-01-23 17:00:00+00:00,1.9355,1.9652,1.9266,1.9465,2513168.0
2026-01-23 18:00:00+00:00,1.9467,1.9603,1.9416,1.9439,1073937.0
2026-01-23 19:00:00+00:00,1.9434,1.9436,1.9206,1.9225,1078111.0
2026-01-23 20:00:00+00:00,1.9228,1.9258,1.907,1.9138,684811.0
2026-01-23 21:00:00+00:00,1.913,1.9259,1.913,1.917,334680.0
2026-01-23 22:00:00+00:00,1.917,1.93,1.9165,1.9249,113128.0
2026-01-23 23:00:00+00:00,1.9231,1.9231,1.918,1.9196,101417.0
2026-01-24 00:00:00+00:00,1.9203,1.9226,1.9171,1.9187,110149.0
2026-01-24 01:00:00+00:00,1.9183,1.9211,1.9153,1.9198,131396.0
2026-01-24 02:00:00+00:00,1.92,1.9261,1.9192,1.9231,249909.0
2026-01-24 03:00:00+00:00,1.9225,1.9265,1.9209,1.9224,240734.0
2026-01-24 04:00:00+00:00,1.9226,1.927,1.922,1.9245,234049.0
2026-01-24 05:00:00+00:00,1.9244,1.9246,1.9191,1.921,309336.0
2026-01-24 06:00:00+00:00,1.921,1.9213,1.9171,1.9178,288970.0
2026-01-24 07:00:00+00:00,1.9177,1.9191,1.9159,1.9182,274266.0
2026-01-24 08:00:00+00:00,1.9178,1.9205,1.9171,1.9186,265229.0
2026-01-24 09:00:00+00:00,1.9188,1.9189,1.9136,1.9177,355999.0
2026-01-24 10:00:00+00:00,1.9174,1.9174,1.9144,1.9168,193158.0
2026-01-24 11:00:00+00:00,1.9166,1.9194,1.9161,1.9164,272826.0
2026-01-24 12:00:00+00:00,1.916,1.9218,1.9145,1.9187,235955.0
2026-01-24 13:00:00+00:00,1.9189,1.9236,1.9177,1.9178,244154.0
2026-01-24 14:00:00+00:00,1.9178,1.921,1.9161,1.9185,299007.0
2026-01-24 15:00:00+00:00,1.9189,1.9208,1.9115,1.9119,384726.0
2026-01-24 16:00:00+00:00,1.912,1.9162,1.9091,1.9138,788728.0
2026-01-24 17:00:00+00:00,1.914,1.9182,1.9121,1.916,536716.0
2026-01-24 18:00:00+00:00,1.9166,1.9202,1.9155,1.9202,257815.0
2026-01-24 19:00:00+00:00,1.9201,1.9202,1.9138,1.9158,363252.0
2026-01-24 20:00:00+00:00,1.9158,1.9181,1.9157,1.9172,67751.0
2026-01-24 21:00:00+00:00,1.9169,1.917,1.9134,1.917,57096.0
2026-01-24 22:00:00+00:00,1.9175,1.9226,1.917,1.9209,317509.0
2026-01-24 23:00:00+00:00,1.921,1.9216,1.9135,1.9138,66500.0
2026-01-25 00:00:00+00:00,1.9136,1.9163,1.9102,1.914,124438.0
2026-01-25 01:00:00+00:00,1.9135,1.9141,1.903,1.9051,371946.0
2026-01-25 02:00:00+00:00,1.9052,1.9088,1.9046,1.9065,222799.0
2026-01-25 03:00:00+00:00,1.9065,1.9072,1.8973,1.8998,593130.0
2026-01-25 04:00:00+00:00,1.8996,1.9031,1.8981,1.9005,343215.0
2026-01-25 05:00:00+00:00,1.9005,1.9014,1.8965,1.9012,358553.0
2026-01-25 06:00:00+00:00,1.9012,1.9013,1.8941,1.8973,320148.0
2026-01-25 07:00:00+00:00,1.8974,1.898,1.8931,1.894,467527.0
2026-01-25 08:00:00+00:00,1.894,1.8988,1.8887,1.8899,886412.0
2026-01-25 09:00:00+00:00,1.8902,1.8967,1.8854,1.8927,872333.0
2026-01-25 10:00:00+00:00,1.8929,1.9117,1.8923,1.9067,1050141.0
2026-01-25 11:00:00+00:00,1.9061,1.9103,1.8992,1.9012,895822.0
2026-01-25 12:00:00+00:00,1.9011,1.9023,1.8966,1.8998,440426.0
2026-01-25 13:00:00+00:00,1.8998,1.9024,1.8935,1.901,582890.0
2026-01-25 14:00:00+00:00,1.901,1.9014,1.883,1.8865,1139047.0
2026-01-25 15:00:00+00:00,1.8865,1.8926,1.8832,1.8867,810580.0
2026-01-25 16:00:00+00:00,1.8868,1.8869,1.8447,1.8526,3480659.0
2026-01-25 17:00:00+00:00,1.8522,1.8609,1.8351,1.845,1686775.0
2026-01-25 18:00:00+00:00,1.845,1.8491,1.8242,1.8348,1392080.0
2026-01-25 19:00:00+00:00,1.8345,1.84,1.8097,1.8173,1212846.0
2026-01-25 20:00:00+00:00,1.8173,1.8259,1.8116,1.8229,729827.0
2026-01-25 21:00:00+00:00,1.8233,1.8398,1.8231,1.8383,635730.0
2026-01-25 22:00:00+00:00,1.839,1.839,1.8174,1.828,256085.0
2026-01-25 23:00:00+00:00,1.8291,1.8383,1.8232,1.8348,237509.0
2026-01-26 00:00:00+00:00,1.8343,1.8531,1.8326,1.8514,318808.0
2026-01-26 01:00:00+00:00,1.852,1.8878,1.8519,1.8828,840195.0
2026-01-26 02:00:00+00:00,1.8832,1.8849,1.8709,1.8755,588786.0
2026-01-26 03:00:00+00:00,1.8755,1.882,1.8641,1.8686,1166073.0
2026-01-26 04:00:00+00:00,1.8686,1.8942,1.8686,1.8783,2073961.0
2026-01-26 05:00:00+00:00,1.8783,1.8817,1.8747,1.8802,573651.0
2026-01-26 06:00:00+00:00,1.8802,1.8854,1.875,1.8794,673659.0
2026-01-26 07:00:00+00:00,1.8796,1.8852,1.8753,1.881,520418.0
2026-01-26 08:00:00+00:00,1.8811,1.8966,1.8793,1.8885,1693690.0
2026-01-26 09:00:00+00:00,1.8885,1.8897,1.8758,1.8788,648395.0
2026-01-26 10:00:00+00:00,1.8788,1.8902,1.8787,1.8862,543843.0
2026-01-26 11:00:00+00:00,1.887,1.894,1.887,1.8908,358786.0
2026-01-26 12:00:00+00:00,1.891,1.9014,1.891,1.8986,916124.0
2026-01-26 13:00:00+00:00,1.8988,1.9161,1.8973,1.9054,1867773.0
2026-01-26 14:00:00+00:00,1.9054,1.9282,1.9002,1.9192,1781928.0
2026-01-26 15:00:00+00:00,1.9184,1.9456,1.9128,1.9245,2223028.0
2026-01-26 16:00:00+00:00,1.9246,1.9379,1.9175,1.9182,1320841.0
2026-01-26 17:00:00+00:00,1.9182,1.9212,1.8985,1.9112,1295099.0
2026-01-26 18:00:00+00:00,1.9111,1.9268,1.9066,1.9172,1083782.0
2026-01-26 19:00:00+00:00,1.9178,1.9226,1.9035,1.9068,592839.0
2026-01-26 20:00:00+00:00,1.9068,1.9089,1.8901,1.8912,519081.0
2026-01-26 21:00:00+00:00,1.891,1.9065,1.8882,1.8979,275669.0
2026-01-26 22:00:00+00:00,1.8988,1.9021,1.8942,1.8988,122479.0
2026-01-26 23:00:00+00:00,1.8972,1.9115,1.8951,1.9031,209314.0
2026-01-27 00:00:00+00:00,1.9035,1.9041,1.8974,1.9033,128291.0
2026-01-27 01:00:00+00:00,1.9025,1.9099,1.8968,1.9053,313883.0
2026-01-27 02:00:00+00:00,1.9062,1.915,1.9041,1.9142,218921.0
2026-01-27 03:00:00+00:00,1.9136,1.9159,1.9068,1.9089,176371.0
2026-01-27 04:00:00+00:00,1.9089,1.9169,1.9063,1.9079,279282.0
2026-01-27 05:00:00+00:00,1.9079,1.9084,1.8996,1.9014,449900.0
2026-01-27 06:00:00+00:00,1.9015,1.9021,1.8938,1.8975,581120.0
2026-01-27 07:00:00+00:00,1.8975,1.9002,1.8962,1.8987,277820.0
2026-01-27 08:00:00+00:00,1.8986,1.9021,1.8922,1.8942,499816.0
2026-01-27 09:00:00+00:00,1.8935,1.8935,1.882,1.8826,806653.0
2026-01-27 10:00:00+00:00,1.8824,1.8886,1.8821,1.8843,427448.0
2026-01-27 11:00:00+00:00,1.8842,1.892,1.881,1.8881,558967.0
2026-01-27 12:00:00+00:00,1.8874,1.8921,1.8834,1.8842,629386.0
2026-01-27 13:00:00+00:00,1.8846,1.8858,1.8732,1.8759,1160975.0
2026-01-27 14:00:00+00:00,1.8759,1.896,1.8753,1.8827,1661271.0
2026-01-27 15:00:00+00:00,1.8828,1.8952,1.8788,1.8924,1364998.0
2026-01-27 16:00:00+00:00,1.8922,1.9157,1.8918,1.913,1870944.0
2026-01-27 17:00:00+00:00,1.913,1.9141,1.8757,1.8798,2046005.0
2026-01-27 18:00:00+00:00,1.8789,1.9123,1.8773,1.9058,1048638.0
2026-01-27 19:00:00+00:00,1.9059,1.9101,1.8976,1.906,566110.0
2026-01-27 20:00:00+00:00,1.9062,1.9288,1.9052,1.9228,689856.0
2026-01-27 21:00:00+00:00,1.9221,1.9288,1.9105,1.9119,296063.0
2026-01-27 22:00:00+00:00,1.9128,1.9247,1.9108,1.9174,225322.0
2026-01-27 23:00:00+00:00,1.918,1.921,1.9142,1.9151,211517.0
2026-01-28 00:00:00+00:00,1.9155,1.9186,1.9083,1.9112,252757.0
2026-01-28 01:00:00+00:00,1.911,1.9119,1.8969,1.9019,449101.0
2026-01-28 02:00:00+00:00,1.9019,1.9043,1.8935,1.9016,369417.0
2026-01-28 03:00:00+00:00,1.9016,1.9033,1.8968,1.9011,231625.0
2026-01-28 04:00:00+00:00,1.9003,1.9035,1.8956,1.9001,267520.0
2026-01-28 05:00:00+00:00,1.9012,1.9119,1.8985,1.9112,637206.0
2026-01-28 06:00:00+00:00,1.9114,1.9243,1.9114,1.9207,852710.0
2026-01-28 07:00:00+00:00,1.9208,1.9232,1.9134,1.9152,467090.0
2026-01-28 08:00:00+00:00,1.9154,1.9182,1.9078,1.9091,613792.0
2026-01-28 09:00:00+00:00,1.9091,1.9321,1.9055,1.9315,894257.0
2026-01-28 10:00:00+00:00,1.9314,1.936,1.9257,1.9267,704910.0
2026-01-28 11:00:00+00:00,1.9265,1.9419,1.9223,1.941,818273.0
2026-01-28 12:00:00+00:00,1.9408,1.9416,1.9233,1.9254,917465.0
2026-01-28 13:00:00+00:00,1.9257,1.937,1.9247,1.9327,546415.0
2026-01-28 14:00:00+00:00,1.9324,1.9324,1.9143,1.9185,1159358.0
2026-01-28 15:00:00+00:00,1.9186,1.9234,1.9002,1.9069,1074286.0
2026-01-28 16:00:00+00:00,1.9066,1.9142,1.9,1.9069,775044.0
2026-01-28 17:00:00+00:00,1.9073,1.9276,1.8997,1.9207,926710.0
2026-01-28 18:00:00+00:00,1.9207,1.9211,1.9109,1.9153,595819.0
2026-01-28 19:00:00+00:00,1.915,1.9233,1.9058,1.9187,671745.0
2026-01-28 20:00:00+00:00,1.9187,1.9318,1.9145,1.9187,507193.0
2026-01-28 21:00:00+00:00,1.9181,1.9212,1.9065,1.9136,251761.0
2026-01-28 22:00:00+00:00,1.9142,1.9186,1.9084,1.9179,137667.0
2026-01-28 23:00:00+00:00,1.9177,1.9189,1.9073,1.9104,146427.0
2026-01-29 00:00:00+00:00,1.9108,1.9125,1.8993,1.9059,230096.0
2026-01-29 01:00:00+00:00,1.9058,1.9072,1.8894,1.8913,468696.0
2026-01-29 02:00:00+00:00,1.8915,1.8957,1.8693,1.8736,766510.0
2026-01-29 03:00:00+00:00,1.8735,1.8834,1.8703,1.8749,444178.0
2026-01-29 04:00:00+00:00,1.8747,1.8787,1.8642,1.8777,561893.0
2026-01-29 05:00:00+00:00,1.8777,1.8836,1.8767,1.8778,337366.0
2026-01-29 06:00:00+00:00,1.8775,1.8885,1.8772,1.8847,331596.0
2026-01-29 07:00:00+00:00,1.8849,1.8882,1.8829,1.8846,355504.0
2026-01-29 08:00:00+00:00,1.8846,1.8891,1.8754,1.8787,776905.0
2026-01-29 09:00:00+00:00,1.8787,1.8798,1.8719,1.8726,438867.0
2026-01-29 10:00:00+00:00,1.8728,1.876,1.8697,1.8735,453103.0
2026-01-29 11:00:00+00:00,1.8735,1.8743,1.8665,1.8702,457874.0
2026-01-29 12:00:00+00:00,1.8706,1.8735,1.8648,1.8724,573876.0
2026-01-29 13:00:00+00:00,1.8724,1.8765,1.8721,1.8749,376040.0
2026-01-29 14:00:00+00:00,1.8747,1.8772,1.8241,1.8254,2978359.0
2026-01-29 15:00:00+00:00,1.8256,1.8294,1.7849,1.8002,3745780.0
2026-01-29 16:00:00+00:00,1.8002,1.8176,1.791,1.8145,1627204.0
2026-01-29 17:00:00+00:00,1.8143,1.8417,1.8115,1.8118,2849083.0
2026-01-29 18:00:00+00:00,1.8121,1.8178,1.7832,1.7841,1714063.0
2026-01-29 19:00:00+00:00,1.7838,1.797,1.7769,1.7882,1479044.0
2026-01-29 20:00:00+00:00,1.7882,1.8079,1.7848,1.8009,871321.0
2026-01-29 21:00:00+00:00,1.8021,1.8067,1.796,1.805,405830.0
2026-01-29 22:00:00+00:00,1.8052,1.8127,1.8024,1.8093,214920.0
2026-01-29 23:00:00+00:00,1.8092,1.8092,1.7974,1.8069,211286.0
2026-01-30 00:00:00+00:00,1.8066,1.8115,1.7964,1.7978,266747.0
2026-01-30 01:00:00+00:00,1.798,1.8042,1.7097,1.755,1950831.0
2026-01-30 02:00:00+00:00,1.7553,1.7608,1.725,1.7465,1167484.0
2026-01-30 03:00:00+00:00,1.7466,1.7603,1.74,1.7468,686803.0
2026-01-30 04:00:00+00:00,1.748,1.7716,1.7467,1.7622,661198.0
2026-01-30 05:00:00+00:00,1.7628,1.7688,1.7568,1.7625,490077.0
2026-01-30 06:00:00+00:00,1.7625,1.7634,1.7292,1.739,1072958.0
2026-01-30 07:00:00+00:00,1.7387,1.7615,1.7373,1.7583,836787.0
2026-01-30 08:00:00+00:00,1.7575,1.7626,1.7428,1.749,595893.0
2026-01-30 09:00:00+00:00,1.7491,1.754,1.7327,1.7395,887076.0
2026-01-30 10:00:00+00:00,1.7394,1.7514,1.7369,1.7498,573916.0
2026-01-30 11:00:00+00:00,1.7498,1.7739,1.7472,1.7688,1168493.0
2026-01-30 12:00:00+00:00,1.7687,1.7743,1.7581,1.7611,1080514.0
2026-01-30 13:00:00+00:00,1.7605,1.7639,1.745,1.7517,1353111.0
2026-01-30 14:00:00+00:00,1.7517,1.7777,1.7517,1.761,2349608.0
2026-01-30 15:00:00+00:00,1.761,1.781,1.739,1.7576,3123886.0
2026-01-30 16:00:00+00:00,1.7574,1.7745,1.7465,1.7615,1708858.0
2026-01-30 17:00:00+00:00,1.7625,1.773,1.7484,1.7522,1441778.0
2026-01-30 18:00:00+00:00,1.752,1.7804,1.711,1.7721,4224389.0
2026-01-30 19:00:00+00:00,1.7725,1.7836,1.7666,1.7707,1745547.0
2026-01-30 20:00:00+00:00,1.7706,1.7708,1.7314,1.7379,1246260.0
2026-01-30 21:00:00+00:00,1.7396,1.7502,1.7231,1.7294,593582.0
2026-01-30 22:00:00+00:00,1.7276,1.7359,1.7166,1.727,402549.0
2026-01-30 23:00:00+00:00,1.7269,1.7356,1.7217,1.7334,288086.0
2026-01-31 00:00:00+00:00,1.734,1.7398,1.7319,1.7357,164576.0
2026-01-31 01:00:00+00:00,1.7357,1.7466,1.7339,1.7453,288203.0
2026-01-31 02:00:00+00:00,1.7457,1.7538,1.733,1.7484,700984.0
2026-01-31 03:00:00+00:00,1.7484,1.7511,1.7414,1.7436,603689.0
2026-01-31 04:00:00+00:00,1.7433,1.7476,1.735,1.7371,641179.0
2026-01-31 05:00:00+00:00,1.7373,1.7383,1.7294,1.7367,744386.0
2026-01-31 06:00:00+00:00,1.7373,1.7388,1.7209,1.7281,760598.0
2026-01-31 07:00:00+00:00,1.7285,1.7326,1.7111,1.7185,1074898.0
2026-01-31 08:00:00+00:00,1.7185,1.7217,1.6793,1.6938,3224238.0
2026-01-31 09:00:00+00:00,1.6945,1.7062,1.6898,1.6995,1217124.0
2026-01-31 10:00:00+00:00,1.6996,1.7106,1.6942,1.7063,1123919.0
2026-01-31 11:00:00+00:00,1.7063,1.7063,1.6979,1.7013,819569.0
2026-01-31 12:00:00+00:00,1.7013,1.7014,1.6856,1.6894,1425211.0
2026-01-31 13:00:00+00:00,1.69,1.6901,1.6717,1.6759,1596947.0
2026-01-31 14:00:00+00:00,1.6756,1.6804,1.6123,1.6399,5062700.0
2026-01-31 15:00:00+00:00,1.64,1.6591,1.6322,1.6343,2354293.0
2026-01-31 16:00:00+00:00,1.6346,1.649,1.6027,1.6095,3200089.0
2026-01-31 17:00:00+00:00,1.6094,1.6153,1.5152,1.5672,4744914.0
2026-01-31 18:00:00+00:00,1.5671,1.6044,1.5012,1.5843,3326676.0
2026-01-31 19:00:00+00:00,1.5848,1.6097,1.5734,1.5818,2471565.0
2026-01-31 20:00:00+00:00,1.5818,1.5999,1.5708,1.5926,1341789.0
2026-01-31 21:00:00+00:00,1.5925,1.6258,1.587,1.6188,1536271.0
2026-01-31 22:00:00+00:00,1.6209,1.621,1.6022,1.6139,777391.0
2026-01-31 23:00:00+00:00,1.6133,1.6532,1.6122,1.6457,1014306.0
2026-02-01 00:00:00+00:00,1.6459,1.6748,1.6424,1.6627,1034917.0
2026-02-01 01:00:00+00:00,1.663,1.6644,1.6444,1.6592,678753.0
2026-02-01 02:00:00+00:00,1.66,1.6793,1.6567,1.669,931446.0
2026-02-01 03:00:00+00:00,1.67,1.6729,1.658,1.6657,636929.0
2026-02-01 04:00:00+00:00,1.666,1.6732,1.6603,1.6647,743900.0
2026-02-01 05:00:00+00:00,1.6658,1.6696,1.6547,1.658,784516.0
2026-02-01 06:00:00+00:00,1.6585,1.6727,1.6526,1.6561,934001.0
2026-02-01 07:00:00+00:00,1.6565,1.671,1.6465,1.6585,1366255.0
2026-02-01 08:00:00+00:00,1.6585,1.6771,1.6574,1.6625,1126642.0
2026-02-01 09:00:00+00:00,1.6624,1.6689,1.6525,1.6663,1023719.0
2026-02-01 10:00:00+00:00,1.6663,1.6673,1.6317,1.6325,1772578.0
2026-02-01 11:00:00+00:00,1.6325,1.6533,1.6317,1.6493,1402824.0
2026-02-01 12:00:00+00:00,1.6495,1.6495,1.6324,1.6395,1170414.0
2026-02-01 13:00:00+00:00,1.6398,1.652,1.6255,1.6288,1314803.0
2026-02-01 14:00:00+00:00,1.6288,1.6332,1.5977,1.6157,2869398.0
2026-02-01 15:00:00+00:00,1.6158,1.6179,1.5758,1.5941,2642607.0
2026-02-01 16:00:00+00:00,1.5943,1.609,1.5812,1.5922,1944179.0
2026-02-01 17:00:00+00:00,1.5915,1.6016,1.5858,1.6012,1081357.0
2026-02-01 18:00:00+00:00,1.6012,1.6259,1.6006,1.6148,1687302.0
2026-02-01 19:00:00+00:00,1.6143,1.6182,1.5903,1.5987,840583.0
2026-02-01 20:00:00+00:00,1.5986,1.6138,1.5793,1.5984,643182.0
2026-02-01 21:00:00+00:00,1.5982,1.5986,1.5822,1.5897,372309.0
2026-02-01 22:00:00+00:00,1.5896,1.6133,1.586,1.5986,213460.0
2026-02-01 23:00:00+00:00,1.5976,1.6126,1.552,1.59,1120580.0
2026-02-02 00:00:00+00:00,1.5904,1.618,1.5777,1.6046,443573.0
2026-02-02 01:00:00+00:00,1.6045,1.6151,1.581,1.6016,657232.0
2026-02-02 02:00:00+00:00,1.601,1.6099,1.5859,1.5905,711969.0
2026-02-02 03:00:00+00:00,1.5892,1.5915,1.53,1.5803,2221967.0
2026-02-02 04:00:00+00:00,1.5808,1.5998,1.5569,1.576,1251165.0
2026-02-02 05:00:00+00:00,1.5761,1.5772,1.5327,1.5487,1333156.0
2026-02-02 06:00:00+00:00,1.5482,1.5957,1.5301,1.5796,1821117.0
2026-02-02 07:00:00+00:00,1.58,1.5962,1.5743,1.5789,976825.0
2026-02-02 08:00:00+00:00,1.5788,1.6,1.5788,1.5893,1010567.0
2026-02-02 09:00:00+00:00,1.59,1.6137,1.5867,1.6081,951537.0
2026-02-02 10:00:00+00:00,1.6084,1.6145,1.604,1.6111,529355.0
2026-02-02 11:00:00+00:00,1.6115,1.6264,1.6114,1.6207,1312182.0
2026-02-02 12:00:00+00:00,1.6209,1.6545,1.62,1.645,2068920.0
2026-02-02 13:00:00+00:00,1.6446,1.6511,1.6353,1.6385,1221739.0
2026-02-02 14:00:00+00:00,1.638,1.6478,1.6225,1.6294,3121327.0
2026-02-02 15:00:00+00:00,1.6302,1.6541,1.626,1.6416,2052911.0
2026-02-02 16:00:00+00:00,1.6417,1.6563,1.6365,1.6432,1551089.0
2026-02-02 17:00:00+00:00,1.6427,1.6518,1.6361,1.6409,1445629.0
2026-02-02 18:00:00+00:00,1.6402,1.6495,1.6329,1.6408,1063153.0
2026-02-02 19:00:00+00:00,1.6405,1.6416,1.6243,1.6257,714479.0
2026-02-02 20:00:00+00:00,1.6241,1.6319,1.612,1.6124,624167.0
2026-02-02 21:00:00+00:00,1.6135,1.6258,1.613,1.6221,270877.0
2026-02-02 22:00:00+00:00,1.6224,1.6329,1.6213,1.6249,171963.0
2026-02-02 23:00:00+00:00,1.6255,1.6255,1.6169,1.619,147091.0
2026-02-03 00:00:00+00:00,1.6191,1.621,1.6065,1.618,515772.0
2026-02-03 01:00:00+00:00,1.6179,1.6179,1.6062,1.6163,616032.0
2026-02-03 02:00:00+00:00,1.6165,1.6171,1.5898,1.5916,1273198.0
2026-02-03 03:00:00+00:00,1.5917,1.6146,1.5869,1.6127,910992.0
2026-02-03 04:00:00+00:00,1.6127,1.6242,1.6088,1.6209,991868.0
2026-02-03 05:00:00+00:00,1.6215,1.622,1.6061,1.6071,656306.0
2026-02-03 06:00:00+00:00,1.6074,1.6124,1.5981,1.6115,848932.0
2026-02-03 07:00:00+00:00,1.6115,1.6233,1.6067,1.6163,612437.0
2026-02-03 08:00:00+00:00,1.6169,1.6245,1.6115,1.6154,789297.0
2026-02-03 09:00:00+00:00,1.6157,1.6214,1.5942,1.6026,1193342.0
2026-02-03 10:00:00+00:00,1.6026,1.6074,1.5963,1.5989,732945.0
2026-02-03 11:00:00+00:00,1.5992,1.6068,1.5969,1.6022,575775.0
2026-02-03 12:00:00+00:00,1.6022,1.61,1.5975,1.6073,743706.0
2026-02-03 13:00:00+00:00,1.6074,1.6156,1.6034,1.6118,711392.0
2026-02-03 14:00:00+00:00,1.6117,1.6161,1.5819,1.5824,1808504.0
2026-02-03 15:00:00+00:00,1.5822,1.6209,1.5783,1.6175,2408225.0
2026-02-03 16:00:00+00:00,1.6175,1.6176,1.5813,1.5854,1823652.0
2026-02-03 17:00:00+00:00,1.5852,1.589,1.5571,1.5571,2740146.0
2026-02-03 18:00:00+00:00,1.5583,1.5638,1.5292,1.5308,2846851.0
2026-02-03 19:00:00+00:00,1.5298,1.5897,1.5264,1.5803,4232561.0
2026-02-03 20:00:00+00:00,1.5804,1.6343,1.5655,1.619,2124677.0
2026-02-03 21:00:00+00:00,1.6174,1.6281,1.601,1.602,798176.0
2026-02-03 22:00:00+00:00,1.6029,1.6035,1.5828,1.5875,1385093.0
2026-02-03 23:00:00+00:00,1.5878,1.5878,1.5684,1.5772,542789.0
2026-02-04 00:00:00+00:00,1.578,1.585,1.5664,1.5751,439569.0
2026-02-04 01:00:00+00:00,1.5749,1.6001,1.5749,1.5915,576661.0
2026-02-04 02:00:00+00:00,1.5913,1.5945,1.5756,1.5849,523083.0
2026-02-04 03:00:00+00:00,1.5847,1.6048,1.582,1.5982,914048.0
2026-02-04 04:00:00+00:00,1.5974,1.6028,1.5926,1.5939,444842.0
2026-02-04 05:00:00+00:00,1.594,1.5953,1.5823,1.5856,666454.0
2026-02-04 06:00:00+00:00,1.5858,1.6045,1.5844,1.6004,696462.0
2026-02-04 07:00:00+00:00,1.6006,1.6079,1.597,1.6046,630668.0
2026-02-04 08:00:00+00:00,1.6048,1.6115,1.599,1.6098,577323.0
2026-02-04 09:00:00+00:00,1.609,1.6092,1.5966,1.598,627971.0
2026-02-04 10:00:00+00:00,1.5984,1.6032,1.5945,1.5951,463173.0
2026-02-04 11:00:00+00:00,1.5949,1.5989,1.5781,1.5915,1300056.0
2026-02-04 12:00:00+00:00,1.592,1.5973,1.5881,1.5902,413360.0
2026-02-04 13:00:00+00:00,1.5904,1.5916,1.5641,1.5641,1465819.0
2026-02-04 14:00:00+00:00,1.5641,1.5744,1.5418,1.5443,2223624.0
2026-02-04 15:00:00+00:00,1.5443,1.564,1.5289,1.5428,2209951.0
2026-02-04 16:00:00+00:00,1.543,1.5491,1.5185,1.5306,1761792.0
2026-02-04 17:00:00+00:00,1.53,1.5382,1.5045,1.5212,2470519.0
2026-02-04 18:00:00+00:00,1.5212,1.5544,1.5032,1.5341,2376143.0
2026-02-04 19:00:00+00:00,1.5341,1.5561,1.5251,1.5538,990761.0
2026-02-04 20:00:00+00:00,1.5537,1.5554,1.5342,1.5355,866007.0
2026-02-04 21:00:00+00:00,1.5362,1.5377,1.5059,1.5171,491466.0
2026-02-04 22:00:00+00:00,1.5173,1.5439,1.4939,1.5108,618735.0
2026-02-04 23:00:00+00:00,1.5106,1.5257,1.505,1.5106,685544.0
2026-02-05 00:00:00+00:00,1.5122,1.5143,1.4884,1.4901,912839.0
2026-02-05 01:00:00+00:00,1.4906,1.5018,1.4595,1.4742,1121004.0
2026-02-05 02:00:00+00:00,1.4742,1.4849,1.4499,1.4522,1064446.0
2026-02-05 03:00:00+00:00,1.4522,1.4664,1.4387,1.4427,1294957.0
2026-02-05 04:00:00+00:00,1.4437,1.4577,1.436,1.4451,1240699.0
2026-02-05 05:00:00+00:00,1.4451,1.4579,1.4297,1.4413,1084115.0
2026-02-05 06:00:00+00:00,1.4414,1.4432,1.4172,1.426,1259019.0
2026-02-05 07:00:00+00:00,1.4256,1.4493,1.4244,1.4315,1164076.0
2026-02-05 08:00:00+00:00,1.4321,1.4429,1.4256,1.4274,1056198.0
2026-02-05 09:00:00+00:00,1.4277,1.444,1.4114,1.4128,2421659.0
2026-02-05 10:00:00+00:00,1.4134,1.4144,1.3564,1.3669,5418557.0
2026-02-05 11:00:00+00:00,1.3666,1.3821,1.3421,1.3645,5143868.0
2026-02-05 12:00:00+00:00,1.3647,1.3772,1.3534,1.3646,3468183.0
2026-02-05 13:00:00+00:00,1.3643,1.369,1.3413,1.3523,3441786.0
2026-02-05 14:00:00+00:00,1.3522,1.3863,1.3522,1.3567,4267781.0
2026-02-05 15:00:00+00:00,1.3566,1.3635,1.268,1.2961,7366747.0
2026-02-05 16:00:00+00:00,1.2959,1.3108,1.2709,1.2795,4915636.0
2026-02-05 17:00:00+00:00,1.2796,1.2834,1.2163,1.2498,10632000.0
2026-02-05 18:00:00+00:00,1.2496,1.2666,1.2158,1.2602,6810769.0
2026-02-05 19:00:00+00:00,1.2605,1.2626,1.2071,1.2129,5163455.0
2026-02-05 20:00:00+00:00,1.2127,1.2234,1.1374,1.1923,7433663.0
2026-02-05 21:00:00+00:00,1.1882,1.2074,1.1508,1.1623,2100040.0
2026-02-05 22:00:00+00:00,1.1621,1.2356,1.147,1.226,1971306.0
2026-02-05 23:00:00+00:00,1.2245,1.2639,1.2081,1.2126,3108697.0
2026-02-06 00:00:00+00:00,1.2155,1.2344,1.1175,1.2162,3202675.0
2026-02-06 01:00:00+00:00,1.2167,1.2925,1.2138,1.2776,2454664.0
2026-02-06 02:00:00+00:00,1.2784,1.2848,1.2421,1.2605,2639597.0
2026-02-06 03:00:00+00:00,1.2607,1.2758,1.255,1.2691,2092830.0
2026-02-06 04:00:00+00:00,1.2691,1.29,1.2623,1.2807,1999532.0
2026-02-06 05:00:00+00:00,1.28,1.3291,1.2772,1.3282,2790281.0
2026-02-06 06:00:00+00:00,1.3273,1.3338,1.3009,1.3023,3700675.0
2026-02-06 07:00:00+00:00,1.3021,1.3126,1.2875,1.2911,2321360.0
2026-02-06 08:00:00+00:00,1.2914,1.3084,1.2842,1.3015,2077515.0
2026-02-06 09:00:00+00:00,1.3018,1.3301,1.2915,1.3283,2159064.0
2026-02-06 10:00:00+00:00,1.3284,1.3872,1.327,1.358,5109949.0
2026-02-06 11:00:00+00:00,1.3583,1.3705,1.3506,1.3674,2953542.0
2026-02-06 12:00:00+00:00,1.3662,1.3825,1.3564,1.3802,2305499.0
2026-02-06 13:00:00+00:00,1.3812,1.4394,1.3751,1.4274,5760928.0
2026-02-06 14:00:00+00:00,1.4272,1.4854,1.4021,1.4783,7601950.0
2026-02-06 15:00:00+00:00,1.4779,1.5413,1.4623,1.512,8613890.0
2026-02-06 16:00:00+00:00,1.5119,1.5334,1.4856,1.4894,6995977.0
2026-02-06 17:00:00+00:00,1.4897,1.5175,1.4807,1.4944,7230541.0
2026-02-06 18:00:00+00:00,1.4942,1.4962,1.4502,1.4565,7898025.0
2026-02-06 19:00:00+00:00,1.4569,1.4659,1.4372,1.4562,4051526.0
2026-02-06 20:00:00+00:00,1.4557,1.4631,1.4378,1.4475,2598931.0
2026-02-06 21:00:00+00:00,1.448,1.465,1.4393,1.4575,1481969.0
2026-02-06 22:00:00+00:00,1.458,1.4887,1.4541,1.4883,902429.0
2026-02-06 23:00:00+00:00,1.4877,1.497,1.4638,1.4685,891758.0
2026-02-07 00:00:00+00:00,1.4685,1.4871,1.4445,1.4577,1470394.0
2026-02-07 01:00:00+00:00,1.4575,1.4763,1.4325,1.4672,1510037.0
2026-02-07 02:00:00+00:00,1.4669,1.473,1.4547,1.46,1228290.0
2026-02-07 03:00:00+00:00,1.4602,1.4845,1.4578,1.4726,2388328.0
2026-02-07 04:00:00+00:00,1.4713,1.4841,1.4503,1.4607,2032818.0
2026-02-07 05:00:00+00:00,1.4602,1.4692,1.4512,1.4588,1820324.0
2026-02-07 06:00:00+00:00,1.4588,1.4688,1.433,1.4336,2861567.0
2026-02-07 07:00:00+00:00,1.4333,1.4459,1.4063,1.4132,5717470.0
2026-02-07 08:00:00+00:00,1.413,1.4284,1.4026,1.4234,3365763.0
2026-02-07 09:00:00+00:00,1.4236,1.4266,1.4058,1.4129,2576459.0
2026-02-07 10:00:00+00:00,1.4119,1.4176,1.3859,1.3991,4653502.0
2026-02-07 11:00:00+00:00,1.3989,1.4027,1.3855,1.3919,2571010.0
2026-02-07 12:00:00+00:00,1.3917,1.4399,1.3901,1.4175,5348299.0
2026-02-07 13:00:00+00:00,1.4179,1.4246,1.3951,1.4037,3678680.0
2026-02-07 14:00:00+00:00,1.4036,1.4098,1.3908,1.3995,2896993.0
2026-02-07 15:00:00+00:00,1.3995,1.42,1.3967,1.4101,3275324.0
2026-02-07 16:00:00+00:00,1.4097,1.4358,1.4045,1.4187,4191179.0
2026-02-07 17:00:00+00:00,1.418,1.4297,1.4089,1.4237,4252081.0
2026-02-07 18:00:00+00:00,1.4234,1.4474,1.4233,1.4402,3630520.0
2026-02-07 19:00:00+00:00,1.4398,1.4398,1.4276,1.4302,1415761.0
2026-02-07 20:00:00+00:00,1.4296,1.4407,1.4264,1.4357,1005651.0
2026-02-07 21:00:00+00:00,1.436,1.4379,1.4267,1.428,675286.0
2026-02-07 22:00:00+00:00,1.4282,1.4326,1.4197,1.4234,510787.0
2026-02-07 23:00:00+00:00,1.4228,1.4276,1.4124,1.4224,636751.0
2026-02-08 00:00:00+00:00,1.423,1.4283,1.414,1.4204,607925.0
2026-02-08 01:00:00+00:00,1.4195,1.4369,1.4193,1.4316,676793.0
2026-02-08 02:00:00+00:00,1.4318,1.4413,1.4235,1.4294,1258376.0
2026-02-08 03:00:00+00:00,1.4292,1.4325,1.4126,1.4161,1438131.0
2026-02-08 04:00:00+00:00,1.4163,1.4228,1.4088,1.4224,1629265.0
2026-02-08 05:00:00+00:00,1.4223,1.4251,1.4153,1.418,1800465.0
2026-02-08 06:00:00+00:00,1.418,1.4213,1.4131,1.4155,1203585.0
2026-02-08 07:00:00+00:00,1.416,1.4207,1.4115,1.4204,1465491.0
2026-02-08 08:00:00+00:00,1.4202,1.4626,1.4185,1.4529,3744933.0
2026-02-08 09:00:00+00:00,1.4529,1.4576,1.4327,1.4383,3087519.0
2026-02-08 10:00:00+00:00,1.4383,1.4452,1.4246,1.4304,1918367.0
2026-02-08 11:00:00+00:00,1.4299,1.4518,1.4293,1.4518,1843278.0
2026-02-08 12:00:00+00:00,1.452,1.4559,1.442,1.4551,1659402.0
2026-02-08 13:00:00+00:00,1.4548,1.4683,1.449,1.461,2607133.0
2026-02-08 14:00:00+00:00,1.461,1.4671,1.4567,1.4606,1986214.0
2026-02-08 15:00:00+00:00,1.4609,1.4628,1.4292,1.4392,3165756.0
2026-02-08 16:00:00+00:00,1.4392,1.4449,1.409,1.4177,4242224.0
2026-02-08 17:00:00+00:00,1.4172,1.435,1.4169,1.4302,3328532.0
2026-02-08 18:00:00+00:00,1.4302,1.4523,1.4283,1.4382,2236760.0
2026-02-08 19:00:00+00:00,1.4385,1.4506,1.4377,1.4491,966269.0
2026-02-08 20:00:00+00:00,1.449,1.4494,1.4334,1.4361,1142469.0
2026-02-08 21:00:00+00:00,1.4359,1.44,1.4231,1.4268,615467.0
2026-02-08 22:00:00+00:00,1.4277,1.436,1.4239,1.4342,385166.0
2026-02-08 23:00:00+00:00,1.4343,1.4623,1.4216,1.4305,673842.0
2026-02-09 00:00:00+00:00,1.4289,1.4408,1.4238,1.4326,372715.0
2026-02-09 01:00:00+00:00,1.4322,1.4443,1.4182,1.4232,570400.0
2026-02-09 02:00:00+00:00,1.4232,1.4531,1.4196,1.4415,871347.0
2026-02-09 03:00:00+00:00,1.442,1.4539,1.4397,1.4522,1115867.0
2026-02-09 04:00:00+00:00,1.4512,1.4522,1.4431,1.4474,1034386.0
2026-02-09 05:00:00+00:00,1.4472,1.4548,1.4403,1.4509,932897.0
2026-02-09 06:00:00+00:00,1.4506,1.4506,1.4271,1.435,1253031.0
2026-02-09 07:00:00+00:00,1.4348,1.4386,1.4202,1.4247,996478.0
2026-02-09 08:00:00+00:00,1.4248,1.4289,1.4002,1.4065,2066710.0
2026-02-09 09:00:00+00:00,1.4063,1.4115,1.3932,1.3982,2030913.0
2026-02-09 10:00:00+00:00,1.3983,1.4056,1.3722,1.3823,3751180.0
2026-02-09 11:00:00+00:00,1.3826,1.3967,1.3823,1.3928,2731719.0
2026-02-09 12:00:00+00:00,1.393,1.4144,1.3925,1.4076,3082755.0
2026-02-09 13:00:00+00:00,1.4076,1.4119,1.3949,1.3953,3261337.0
2026-02-09 14:00:00+00:00,1.3954,1.4375,1.3948,1.4299,4221203.0
2026-02-09 15:00:00+00:00,1.4306,1.4494,1.4201,1.4457,4525026.0
2026-02-09 16:00:00+00:00,1.4455,1.4636,1.4353,1.451,3877060.0
2026-02-09 17:00:00+00:00,1.4508,1.4555,1.4326,1.4497,3787908.0
2026-02-09 18:00:00+00:00,1.45,1.4587,1.4359,1.4429,2731158.0
2026-02-09 19:00:00+00:00,1.4424,1.4547,1.4405,1.4524,1444514.0
2026-02-09 20:00:00+00:00,1.4517,1.4566,1.4434,1.454,1023905.0
2026-02-09 21:00:00+00:00,1.4552,1.4579,1.438,1.4502,770046.0
2026-02-09 22:00:00+00:00,1.4507,1.4518,1.4423,1.4438,144518.0
2026-02-09 23:00:00+00:00,1.444,1.4483,1.4345,1.4365,254686.0
2026-02-10 00:00:00+00:00,1.4375,1.441,1.4333,1.437,284958.0
2026-02-10 01:00:00+00:00,1.4369,1.4526,1.436,1.4465,736970.0
2026-02-10 02:00:00+00:00,1.4473,1.4492,1.4422,1.4463,358898.0
2026-02-10 03:00:00+00:00,1.4467,1.4502,1.4275,1.4344,1239506.0
2026-02-10 04:00:00+00:00,1.4346,1.4516,1.4336,1.4469,1484455.0
2026-02-10 05:00:00+00:00,1.4467,1.4486,1.4362,1.4411,1338486.0
2026-02-10 06:00:00+00:00,1.4413,1.4414,1.4133,1.4192,1948636.0
2026-02-10 07:00:00+00:00,1.4194,1.4275,1.419,1.4214,1069035.0
2026-02-10 08:00:00+00:00,1.4219,1.4321,1.4138,1.4288,2333575.0
2026-02-10 09:00:00+00:00,1.4285,1.435,1.4159,1.4201,1360523.0
2026-02-10 10:00:00+00:00,1.4205,1.4228,1.4142,1.4149,921062.0
2026-02-10 11:00:00+00:00,1.4149,1.4187,1.4056,1.4071,2257951.0
2026-02-10 12:00:00+00:00,1.4073,1.4128,1.4047,1.4082,1107582.0
2026-02-10 13:00:00+00:00,1.4077,1.4161,1.4024,1.414,1267164.0
2026-02-10 14:00:00+00:00,1.4136,1.4248,1.3924,1.4017,2861073.0
2026-02-10 15:00:00+00:00,1.4014,1.4134,1.3965,1.4063,1705509.0
2026-02-10 16:00:00+00:00,1.4064,1.4196,1.3986,1.4155,1776170.0
2026-02-10 17:00:00+00:00,1.4152,1.4285,1.4127,1.4239,2078806.0
2026-02-10 18:00:00+00:00,1.4237,1.4252,1.3932,1.4013,2628440.0
2026-02-10 19:00:00+00:00,1.4012,1.4085,1.3963,1.3999,1179832.0
2026-02-10 20:00:00+00:00,1.3992,1.4019,1.3914,1.3958,542580.0
2026-02-10 21:00:00+00:00,1.3955,1.4013,1.3909,1.3936,241830.0
2026-02-10 22:00:00+00:00,1.3957,1.4042,1.3933,1.3991,177542.0
2026-02-10 23:00:00+00:00,1.3986,1.4009,1.395,1.3983,269324.0
2026-02-11 00:00:00+00:00,1.3993,1.4125,1.3984,1.4091,326333.0
2026-02-11 01:00:00+00:00,1.409,1.4138,1.4059,1.4092,413294.0
2026-02-11 02:00:00+00:00,1.4098,1.4197,1.409,1.4095,680350.0
2026-02-11 03:00:00+00:00,1.4097,1.4108,1.3931,1.4036,1115401.0
2026-02-11 04:00:00+00:00,1.4036,1.4082,1.3793,1.3837,1362233.0
2026-02-11 05:00:00+00:00,1.3838,1.3919,1.3736,1.3753,1617215.0
2026-02-11 06:00:00+00:00,1.3756,1.3778,1.3575,1.3595,2720019.0
2026-02-11 07:00:00+00:00,1.3593,1.3725,1.3579,1.3657,1509704.0
2026-02-11 08:00:00+00:00,1.3662,1.3717,1.3601,1.3662,1262096.0
2026-02-11 09:00:00+00:00,1.3668,1.3687,1.356,1.3609,1086495.0
2026-02-11 10:00:00+00:00,1.3611,1.3641,1.3549,1.3605,1772388.0
2026-02-11 11:00:00+00:00,1.3611,1.38,1.3609,1.3784,1765067.0
2026-02-11 12:00:00+00:00,1.3784,1.3788,1.3702,1.3718,1003779.0
2026-02-11 13:00:00+00:00,1.372,1.3808,1.3594,1.3754,2692863.0
2026-02-11 14:00:00+00:00,1.3755,1.4092,1.3576,1.361,3836289.0
2026-02-11 15:00:00+00:00,1.3612,1.3692,1.3451,1.3535,3151284.0
2026-02-11 16:00:00+00:00,1.3534,1.369,1.3432,1.3445,2355286.0
2026-02-11 17:00:00+00:00,1.3441,1.3795,1.3415,1.3696,2827224.0
2026-02-11 18:00:00+00:00,1.37,1.3845,1.3615,1.3779,2138454.0
2026-02-11 19:00:00+00:00,1.3777,1.3866,1.3713,1.3785,1059686.0
2026-02-11 20:00:00+00:00,1.3777,1.3858,1.3742,1.3808,954909.0
2026-02-11 21:00:00+00:00,1.381,1.3968,1.3787,1.3826,526888.0
2026-02-11 22:00:00+00:00,1.3829,1.3837,1.369,1.3713,665093.0
2026-02-11 23:00:00+00:00,1.3714,1.3722,1.3589,1.3694,287924.0
2026-02-12 00:00:00+00:00,1.369,1.3843,1.3679,1.3771,532219.0
2026-02-12 01:00:00+00:00,1.3773,1.3862,1.3773,1.3805,395885.0
2026-02-12 02:00:00+00:00,1.3809,1.3847,1.3738,1.3763,721349.0
2026-02-12 03:00:00+00:00,1.3766,1.3792,1.3705,1.3747,683103.0
2026-02-12 04:00:00+00:00,1.375,1.3802,1.3716,1.375,633511.0
2026-02-12 05:00:00+00:00,1.3747,1.3812,1.3719,1.3799,681416.0
2026-02-12 06:00:00+00:00,1.3798,1.3881,1.3774,1.3826,913570.0
2026-02-12 07:00:00+00:00,1.3822,1.3852,1.3755,1.3819,849034.0
2026-02-12 08:00:00+00:00,1.3817,1.3838,1.3763,1.3812,496895.0
2026-02-12 09:00:00+00:00,1.3812,1.3959,1.3794,1.3952,1429296.0
2026-02-12 10:00:00+00:00,1.3956,1.4033,1.3884,1.4032,2392408.0
2026-02-12 11:00:00+00:00,1.4033,1.4075,1.3928,1.4009,1998927.0
2026-02-12 12:00:00+00:00,1.4013,1.4022,1.3889,1.392,1333490.0
2026-02-12 13:00:00+00:00,1.3919,1.4021,1.3849,1.4007,1844539.0
2026-02-12 14:00:00+00:00,1.4007,1.4018,1.3833,1.3884,1659786.0
2026-02-12 15:00:00+00:00,1.3887,1.3962,1.374,1.375,2246997.0
2026-02-12 16:00:00+00:00,1.3748,1.3771,1.3452,1.3522,4437132.0
2026-02-12 17:00:00+00:00,1.3517,1.379,1.3452,1.3616,2768186.0
2026-02-12 18:00:00+00:00,1.3621,1.3669,1.3511,1.3623,2829713.0
2026-02-12 19:00:00+00:00,1.362,1.3757,1.354,1.3639,2035597.0
2026-02-12 20:00:00+00:00,1.364,1.366,1.3499,1.3509,803379.0
2026-02-12 21:00:00+00:00,1.3514,1.3576,1.348,1.3513,490433.0
2026-02-12 22:00:00+00:00,1.3511,1.3655,1.3495,1.3636,370827.0
2026-02-12 23:00:00+00:00,1.3629,1.3697,1.3598,1.3631,365790.0
2026-02-13 00:00:00+00:00,1.3627,1.3677,1.3483,1.3529,283981.0
2026-02-13 01:00:00+00:00,1.3536,1.3623,1.3489,1.357,457095.0
2026-02-13 02:00:00+00:00,1.3567,1.3683,1.3563,1.366,604684.0
2026-02-13 03:00:00+00:00,1.3662,1.3713,1.3613,1.3649,586986.0
2026-02-13 04:00:00+00:00,1.3645,1.3677,1.3572,1.3577,803766.0
2026-02-13 05:00:00+00:00,1.3579,1.3604,1.3524,1.3527,657365.0
2026-02-13 06:00:00+00:00,1.3525,1.3573,1.3474,1.3564,1070922.0
2026-02-13 07:00:00+00:00,1.3561,1.3623,1.3488,1.3532,1382866.0
2026-02-13 08:00:00+00:00,1.3532,1.3688,1.3513,1.3669,1338595.0
2026-02-13 09:00:00+00:00,1.3665,1.3709,1.3643,1.368,993539.0
2026-02-13 10:00:00+00:00,1.3677,1.3726,1.3645,1.3678,963475.0
2026-02-13 11:00:00+00:00,1.368,1.369,1.3602,1.3676,1154131.0
2026-02-13 12:00:00+00:00,1.3667,1.3672,1.359,1.3641,962996.0
2026-02-13 13:00:00+00:00,1.3639,1.3819,1.3612,1.3758,2162231.0
2026-02-13 14:00:00+00:00,1.3759,1.3939,1.3674,1.3845,3347491.0
2026-02-13 15:00:00+00:00,1.3851,1.4212,1.38,1.4037,4439660.0
2026-02-13 16:00:00+00:00,1.404,1.428,1.3989,1.416,2866284.0
2026-02-13 17:00:00+00:00,1.4159,1.4205,1.4068,1.4142,2281511.0
2026-02-13 18:00:00+00:00,1.4139,1.4198,1.4053,1.4149,1632267.0
2026-02-13 19:00:00+00:00,1.4149,1.4189,1.4076,1.4109,990588.0
2026-02-13 20:00:00+00:00,1.4107,1.4139,1.4043,1.4124,700480.0
2026-02-13 21:00:00+00:00,1.4132,1.4161,1.4069,1.4091,182021.0
2026-02-13 22:00:00+00:00,1.4092,1.4093,1.3975,1.4024,367055.0
2026-02-13 23:00:00+00:00,1.4021,1.4082,1.4012,1.4064,147126.0
2026-02-14 00:00:00+00:00,1.4064,1.416,1.4045,1.4135,394014.0
2026-02-14 01:00:00+00:00,1.4131,1.4175,1.4099,1.4118,595060.0
2026-02-14 02:00:00+00:00,1.4114,1.4142,1.4091,1.4101,221456.0
2026-02-14 03:00:00+00:00,1.4102,1.4174,1.4096,1.4156,708058.0
2026-02-14 04:00:00+00:00,1.4154,1.419,1.412,1.4124,890184.0
2026-02-14 05:00:00+00:00,1.412,1.4152,1.4072,1.4076,846812.0
2026-02-14 06:00:00+00:00,1.4077,1.4145,1.4072,1.4139,834846.0
2026-02-14 07:00:00+00:00,1.414,1.4248,1.4114,1.4216,1278867.0
2026-02-14 08:00:00+00:00,1.4216,1.4481,1.4209,1.446,3330352.0
2026-02-14 09:00:00+00:00,1.4462,1.46,1.4453,1.451,2459472.0
2026-02-14 10:00:00+00:00,1.4511,1.4511,1.441,1.4464,1808373.0
2026-02-14 11:00:00+00:00,1.4465,1.4728,1.4461,1.4706,2430049.0
2026-02-14 12:00:00+00:00,1.4704,1.476,1.4601,1.4637,2199538.0
2026-02-14 13:00:00+00:00,1.4643,1.4688,1.451,1.4565,2992365.0
2026-02-14 14:00:00+00:00,1.4567,1.4736,1.4546,1.4704,1628798.0
2026-02-14 15:00:00+00:00,1.4703,1.4725,1.4635,1.4684,2145042.0
2026-02-14 16:00:00+00:00,1.4685,1.4755,1.4562,1.4743,3103411.0
2026-02-14 17:00:00+00:00,1.4742,1.4793,1.4677,1.4727,2439414.0
2026-02-14 18:00:00+00:00,1.4727,1.4923,1.4693,1.4873,1693762.0
2026-02-14 19:00:00+00:00,1.4874,1.4992,1.4833,1.4972,1132820.0
2026-02-14 20:00:00+00:00,1.4973,1.5076,1.487,1.4933,1849223.0
2026-02-14 21:00:00+00:00,1.4932,1.503,1.4882,1.4967,1046759.0
2026-02-14 22:00:00+00:00,1.4954,1.5042,1.4927,1.4996,240328.0
2026-02-14 23:00:00+00:00,1.4996,1.5127,1.4986,1.5084,413793.0
2026-02-15 00:00:00+00:00,1.5081,1.5316,1.5049,1.5209,1222226.0
2026-02-15 01:00:00+00:00,1.5204,1.5433,1.5142,1.5276,1708030.0
2026-02-15 02:00:00+00:00,1.5272,1.5348,1.5156,1.5277,1180741.0
2026-02-15 03:00:00+00:00,1.5268,1.5334,1.5056,1.526,1675066.0
2026-02-15 04:00:00+00:00,1.526,1.5591,1.5243,1.5447,3437500.0
2026-02-15 05:00:00+00:00,1.5446,1.5887,1.5443,1.582,3109122.0
2026-02-15 06:00:00+00:00,1.5822,1.5876,1.5714,1.5784,2045061.0
2026-02-15 07:00:00+00:00,1.5785,1.6489,1.5745,1.6484,5728077.0
2026-02-15 08:00:00+00:00,1.6482,1.6694,1.6112,1.6155,9362394.0
2026-02-15 09:00:00+00:00,1.6153,1.6224,1.5883,1.5898,6059652.0
2026-02-15 10:00:00+00:00,1.5892,1.5966,1.573,1.5845,4728922.0
2026-02-15 11:00:00+00:00,1.5849,1.5944,1.5573,1.562,3581460.0
2026-02-15 12:00:00+00:00,1.562,1.5654,1.5193,1.5205,5568768.0
2026-02-15 13:00:00+00:00,1.5205,1.5399,1.511,1.5188,3915776.0
2026-02-15 14:00:00+00:00,1.5186,1.5371,1.5144,1.532,3207215.0
2026-02-15 15:00:00+00:00,1.5317,1.543,1.5205,1.523,2915450.0
2026-02-15 16:00:00+00:00,1.5225,1.5228,1.5064,1.5212,2825240.0
2026-02-15 17:00:00+00:00,1.5216,1.5236,1.4816,1.4934,3444564.0
2026-02-15 18:00:00+00:00,1.4935,1.4946,1.4645,1.4687,3445820.0
2026-02-15 19:00:00+00:00,1.4675,1.4694,1.4474,1.4533,3202337.0
2026-02-15 20:00:00+00:00,1.453,1.4666,1.4445,1.4614,1975574.0
2026-02-15 21:00:00+00:00,1.4612,1.4746,1.4608,1.4709,853744.0
2026-02-15 22:00:00+00:00,1.4712,1.4889,1.4679,1.484,460374.0
2026-02-15 23:00:00+00:00,1.4852,1.4852,1.4573,1.4741,483788.0
2026-02-16 00:00:00+00:00,1.4743,1.486,1.4703,1.4774,481629.0
2026-02-16 01:00:00+00:00,1.478,1.4817,1.4643,1.473,691490.0
2026-02-16 02:00:00+00:00,1.4732,1.4798,1.453,1.4552,1327589.0
2026-02-16 03:00:00+00:00,1.4557,1.462,1.4528,1.4606,845648.0
2026-02-16 04:00:00+00:00,1.4604,1.475,1.459,1.4733,1149954.0
2026-02-16 05:00:00+00:00,1.4733,1.475,1.4475,1.4551,2078998.0
2026-02-16 06:00:00+00:00,1.455,1.4678,1.4532,1.4646,1328451.0
2026-02-16 07:00:00+00:00,1.4644,1.4705,1.4571,1.4604,1431604.0
2026-02-16 08:00:00+00:00,1.4609,1.4701,1.4605,1.4693,917163.0
2026-02-16 09:00:00+00:00,1.4693,1.5128,1.4681,1.5005,3719880.0
2026-02-16 10:00:00+00:00,1.5004,1.5016,1.4823,1.4892,2233589.0
2026-02-16 11:00:00+00:00,1.4892,1.4919,1.4676,1.4826,3561751.0
2026-02-16 12:00:00+00:00,1.4829,1.5068,1.4794,1.5037,2183985.0
2026-02-16 13:00:00+00:00,1.504,1.5156,1.48,1.4898,4687498.0
2026-02-16 14:00:00+00:00,1.4887,1.5086,1.4838,1.4942,4269599.0
2026-02-16 15:00:00+00:00,1.4944,1.5022,1.461,1.4736,4163180.0
2026-02-16 16:00:00+00:00,1.4737,1.494,1.4717,1.4864,3077134.0
2026-02-16 17:00:00+00:00,1.4864,1.4928,1.4807,1.4823,1436973.0
2026-02-16 18:00:00+00:00,1.4826,1.4863,1.4704,1.4716,1609313.0
2026-02-16 19:00:00+00:00,1.4716,1.4816,1.4711,1.4747,969020.0
2026-02-16 20:00:00+00:00,1.4747,1.4877,1.4677,1.4847,873582.0
2026-02-16 21:00:00+00:00,1.4849,1.4928,1.4803,1.4907,392371.0
2026-02-16 22:00:00+00:00,1.4903,1.4932,1.4811,1.483,252907.0
2026-02-16 23:00:00+00:00,1.4837,1.4897,1.4816,1.4869,154524.0
2026-02-17 00:00:00+00:00,1.4864,1.4902,1.4811,1.483,296873.0
2026-02-17 01:00:00+00:00,1.4832,1.491,1.478,1.4784,396058.0
2026-02-17 02:00:00+00:00,1.4781,1.4928,1.4723,1.4863,886495.0
2026-02-17 03:00:00+00:00,1.4859,1.489,1.4813,1.482,619458.0
2026-02-17 04:00:00+00:00,1.4824,1.4881,1.4734,1.4857,916832.0
2026-02-17 05:00:00+00:00,1.4856,1.4873,1.4695,1.4746,1334007.0
2026-02-17 06:00:00+00:00,1.4751,1.4801,1.4731,1.4781,514147.0
2026-02-17 07:00:00+00:00,1.4774,1.4779,1.4682,1.4722,713048.0
2026-02-17 08:00:00+00:00,1.4721,1.4762,1.4626,1.466,706915.0
2026-02-17 09:00:00+00:00,1.4658,1.4664,1.4533,1.4605,1521386.0
2026-02-17 10:00:00+00:00,1.4602,1.4621,1.4507,1.4548,2480900.0
2026-02-17 11:00:00+00:00,1.455,1.4594,1.4493,1.452,1943754.0
2026-02-17 12:00:00+00:00,1.4522,1.4624,1.4514,1.456,1428841.0
2026-02-17 13:00:00+00:00,1.4557,1.4627,1.4508,1.4572,1089247.0
2026-02-17 14:00:00+00:00,1.4572,1.462,1.4262,1.4344,3744224.0
2026-02-17 15:00:00+00:00,1.4342,1.4579,1.4337,1.4565,3910106.0
2026-02-17 16:00:00+00:00,1.457,1.4942,1.457,1.4764,5424492.0
2026-02-17 17:00:00+00:00,1.4763,1.479,1.4562,1.4644,3455859.0
2026-02-17 18:00:00+00:00,1.4645,1.489,1.4629,1.483,1928227.0
2026-02-17 19:00:00+00:00,1.483,1.4888,1.4757,1.485,869109.0
2026-02-17 20:00:00+00:00,1.4851,1.4887,1.4744,1.4871,787975.0
2026-02-17 21:00:00+00:00,1.487,1.4927,1.4791,1.4832,305154.0
2026-02-17 22:00:00+00:00,1.4832,1.4841,1.472,1.474,121878.0
2026-02-17 23:00:00+00:00,1.4739,1.4767,1.4697,1.4733,159039.0
2026-02-18 00:00:00+00:00,1.4735,1.4788,1.4682,1.4691,246495.0
2026-02-18 01:00:00+00:00,1.4692,1.4704,1.4633,1.4663,399061.0
2026-02-18 02:00:00+00:00,1.4664,1.4762,1.466,1.4747,552074.0
2026-02-18 03:00:00+00:00,1.4745,1.4829,1.4735,1.4785,685527.0
2026-02-18 04:00:00+00:00,1.4786,1.4843,1.4756,1.4801,505445.0
2026-02-18 05:00:00+00:00,1.4795,1.4868,1.4748,1.4753,974697.0
2026-02-18 06:00:00+00:00,1.4755,1.4837,1.475,1.4794,510131.0
2026-02-18 07:00:00+00:00,1.4795,1.488,1.4761,1.4863,835093.0
2026-02-18 08:00:00+00:00,1.4867,1.4932,1.4848,1.4886,1306154.0
2026-02-18 09:00:00+00:00,1.4887,1.4919,1.4842,1.4874,1098341.0
2026-02-18 10:00:00+00:00,1.4873,1.4894,1.4756,1.4777,1395767.0
2026-02-18 11:00:00+00:00,1.4779,1.478,1.4627,1.4657,1418469.0
2026-02-18 12:00:00+00:00,1.4657,1.471,1.458,1.4642,1492416.0
2026-02-18 13:00:00+00:00,1.4646,1.4709,1.46,1.4683,991691.0
2026-02-18 14:00:00+00:00,1.4682,1.4703,1.4511,1.4647,1845632.0
2026-02-18 15:00:00+00:00,1.4644,1.4885,1.4631,1.4761,2170787.0
2026-02-18 16:00:00+00:00,1.4761,1.4769,1.4562,1.459,2730718.0
2026-02-18 17:00:00+00:00,1.459,1.4705,1.4536,1.4557,2406481.0
2026-02-18 18:00:00+00:00,1.4562,1.458,1.4394,1.4404,1902283.0
2026-02-18 19:00:00+00:00,1.44,1.4451,1.4185,1.4224,2704762.0
2026-02-18 20:00:00+00:00,1.4231,1.4326,1.42,1.4213,784122.0
2026-02-18 21:00:00+00:00,1.422,1.4284,1.4165,1.4194,554222.0
2026-02-18 22:00:00+00:00,1.4197,1.424,1.4145,1.4199,311419.0
2026-02-18 23:00:00+00:00,1.4202,1.4223,1.4099,1.4211,507529.0
2026-02-19 00:00:00+00:00,1.4216,1.4237,1.4141,1.4166,365803.0
2026-02-19 01:00:00+00:00,1.4172,1.4261,1.414,1.4261,562138.0
2026-02-19 02:00:00+00:00,1.4264,1.4291,1.4191,1.4256,438136.0
2026-02-19 03:00:00+00:00,1.4254,1.4293,1.4216,1.4279,325402.0
2026-02-19 04:00:00+00:00,1.428,1.4298,1.4156,1.417,715002.0
2026-02-19 05:00:00+00:00,1.4168,1.4205,1.4042,1.4118,1175917.0
2026-02-19 06:00:00+00:00,1.4115,1.4271,1.4113,1.4271,1190293.0
2026-02-19 07:00:00+00:00,1.4271,1.437,1.4214,1.4321,1435046.0
2026-02-19 08:00:00+00:00,1.4316,1.4339,1.4138,1.4158,1140080.0
2026-02-19 09:00:00+00:00,1.4163,1.4271,1.4132,1.4147,769779.0
2026-02-19 10:00:00+00:00,1.4145,1.4169,1.407,1.4102,804692.0
2026-02-19 11:00:00+00:00,1.41,1.4167,1.4057,1.4086,718561.0
2026-02-19 12:00:00+00:00,1.4085,1.414,1.4049,1.4072,668042.0
2026-02-19 13:00:00+00:00,1.4076,1.4087,1.386,1.3923,2747940.0
2026-02-19 14:00:00+00:00,1.3922,1.4047,1.3896,1.4,1744041.0
2026-02-19 15:00:00+00:00,1.3997,1.4094,1.3855,1.3971,1941358.0
2026-02-19 16:00:00+00:00,1.3967,1.3984,1.3814,1.3919,1796001.0
2026-02-19 17:00:00+00:00,1.3917,1.4127,1.3903,1.3954,2534496.0
2026-02-19 18:00:00+00:00,1.3948,1.4133,1.3936,1.4126,1574769.0
2026-02-19 19:00:00+00:00,1.4132,1.4181,1.4034,1.4116,1369143.0
2026-02-19 20:00:00+00:00,1.4117,1.4142,1.4039,1.4102,403740.0
2026-02-19 21:00:00+00:00,1.4112,1.4124,1.407,1.4072,139155.0
2026-02-19 22:00:00+00:00,1.4073,1.4095,1.3948,1.4007,507018.0
2026-02-19 23:00:00+00:00,1.4004,1.409,1.3993,1.406,186286.0
2026-02-20 00:00:00+00:00,1.4053,1.4207,1.4047,1.4161,538975.0
2026-02-20 01:00:00+00:00,1.4162,1.4246,1.4147,1.4244,622425.0
2026-02-20 02:00:00+00:00,1.4247,1.4282,1.4166,1.4166,636537.0
2026-02-20 03:00:00+00:00,1.4166,1.4203,1.4107,1.4122,505257.0
2026-02-20 04:00:00+00:00,1.4125,1.413,1.3994,1.4101,990291.0
2026-02-20 05:00:00+00:00,1.4102,1.4238,1.4041,1.4184,1056825.0
2026-02-20 06:00:00+00:00,1.4188,1.421,1.4125,1.4197,644299.0
2026-02-20 07:00:00+00:00,1.4197,1.423,1.4156,1.4186,524337.0
2026-02-20 08:00:00+00:00,1.4187,1.422,1.4131,1.4182,476991.0
2026-02-20 09:00:00+00:00,1.4181,1.4281,1.4175,1.4223,1055295.0
2026-02-20 10:00:00+00:00,1.4223,1.4266,1.4195,1.4203,761353.0
2026-02-20 11:00:00+00:00,1.42,1.4215,1.4022,1.4049,1285651.0
2026-02-20 12:00:00+00:00,1.4049,1.4085,1.4023,1.4043,789669.0
2026-02-20 13:00:00+00:00,1.4043,1.4045,1.3767,1.3835,2754204.0
2026-02-20 14:00:00+00:00,1.3831,1.4068,1.3828,1.3989,2874001.0
2026-02-20 15:00:00+00:00,1.4,1.4304,1.3994,1.4286,4381870.0
2026-02-20 16:00:00+00:00,1.4286,1.4387,1.423,1.4323,4022397.0
2026-02-20 17:00:00+00:00,1.432,1.4322,1.4073,1.4295,4557427.0
2026-02-20 18:00:00+00:00,1.4293,1.4386,1.4227,1.4324,3377357.0
2026-02-20 19:00:00+00:00,1.4327,1.4344,1.4205,1.4231,1431215.0
2026-02-20 20:00:00+00:00,1.4231,1.4294,1.4142,1.4188,859461.0
2026-02-20 21:00:00+00:00,1.4197,1.4249,1.4174,1.4214,344038.0
2026-02-20 22:00:00+00:00,1.4214,1.4297,1.4171,1.4297,191241.0
2026-02-20 23:00:00+00:00,1.429,1.4311,1.4232,1.4284,109129.0
2026-02-21 00:00:00+00:00,1.4286,1.4288,1.4191,1.4224,188601.0
2026-02-21 01:00:00+00:00,1.4225,1.4325,1.4225,1.4306,353182.0
2026-02-21 02:00:00+00:00,1.4304,1.433,1.4279,1.4302,251670.0
2026-02-21 03:00:00+00:00,1.4301,1.4304,1.4229,1.4252,590514.0
2026-02-21 04:00:00+00:00,1.4254,1.4293,1.4237,1.4277,461433.0
2026-02-21 05:00:00+00:00,1.4275,1.431,1.4262,1.4274,320382.0
2026-02-21 06:00:00+00:00,1.4274,1.435,1.4273,1.4289,925319.0
2026-02-21 07:00:00+00:00,1.4288,1.4322,1.4272,1.4304,351921.0
2026-02-21 08:00:00+00:00,1.4305,1.4348,1.4268,1.4334,664146.0
2026-02-21 09:00:00+00:00,1.4334,1.4456,1.4325,1.4388,1432148.0
2026-02-21 10:00:00+00:00,1.4394,1.4421,1.4363,1.439,907196.0
2026-02-21 11:00:00+00:00,1.4393,1.4455,1.4381,1.4434,1014482.0
2026-02-21 12:00:00+00:00,1.4443,1.4449,1.4353,1.4393,984021.0
2026-02-21 13:00:00+00:00,1.4396,1.4479,1.4362,1.447,791754.0
2026-02-21 14:00:00+00:00,1.4468,1.4636,1.4442,1.4547,2598744.0
2026-02-21 15:00:00+00:00,1.4552,1.4565,1.4461,1.4492,1791441.0
2026-02-21 16:00:00+00:00,1.4492,1.4512,1.4377,1.4409,1564013.0
2026-02-21 17:00:00+00:00,1.4409,1.4424,1.4355,1.4409,1677219.0
2026-02-21 18:00:00+00:00,1.4414,1.449,1.4414,1.4473,1478904.0
2026-02-21 19:00:00+00:00,1.4476,1.4483,1.4417,1.4427,1051850.0
2026-02-21 20:00:00+00:00,1.4427,1.4428,1.4425,1.4428,879.0
2026-02-21 21:00:00+00:00,1.4376,1.444,1.4357,1.4405,403584.0
2026-02-21 22:00:00+00:00,1.4399,1.4424,1.4311,1.4317,714480.0
2026-02-21 23:00:00+00:00,1.432,1.4351,1.4293,1.4298,397748.0
2026-02-22 00:00:00+00:00,1.4296,1.4332,1.4236,1.427,370757.0
2026-02-22 01:00:00+00:00,1.4275,1.4326,1.4269,1.4321,309330.0
2026-02-22 02:00:00+00:00,1.4321,1.4324,1.4215,1.4234,628619.0
2026-02-22 03:00:00+00:00,1.4232,1.4268,1.4173,1.4232,862144.0
2026-02-22 04:00:00+00:00,1.4232,1.4254,1.4209,1.4222,452650.0
2026-02-22 05:00:00+00:00,1.4222,1.4225,1.4167,1.4201,785555.0
2026-02-22 06:00:00+00:00,1.4202,1.4242,1.4176,1.4225,793266.0
2026-02-22 07:00:00+00:00,1.4226,1.4232,1.4185,1.4206,607117.0
2026-02-22 08:00:00+00:00,1.4206,1.4228,1.416,1.417,744579.0
2026-02-22 09:00:00+00:00,1.417,1.4218,1.4165,1.42,368212.0
2026-02-22 10:00:00+00:00,1.4198,1.4252,1.4186,1.4205,860586.0
2026-02-22 11:00:00+00:00,1.4204,1.4252,1.4199,1.4225,430335.0
2026-02-22 12:00:00+00:00,1.4225,1.423,1.4064,1.4083,1884615.0
2026-02-22 13:00:00+00:00,1.4083,1.4102,1.3969,1.3996,2009927.0
2026-02-22 14:00:00+00:00,1.3996,1.4019,1.3935,1.3963,1508857.0
2026-02-22 15:00:00+00:00,1.3962,1.3967,1.3854,1.3926,2281316.0
2026-02-22 16:00:00+00:00,1.3925,1.3939,1.3867,1.3915,1240359.0
2026-02-22 17:00:00+00:00,1.3915,1.3918,1.3824,1.3871,1397727.0
2026-02-22 18:00:00+00:00,1.3871,1.3909,1.3861,1.3897,1204142.0
2026-02-22 19:00:00+00:00,1.3894,1.39,1.3844,1.3859,1281440.0
2026-02-22 20:00:00+00:00,1.3858,1.386,1.3789,1.3826,760462.0
2026-02-22 21:00:00+00:00,1.3832,1.3912,1.3828,1.3902,443281.0
2026-02-22 22:00:00+00:00,1.3902,1.4012,1.3883,1.4007,497038.0
2026-02-22 23:00:00+00:00,1.3995,1.3997,1.3879,1.3925,225721.0
2026-02-23 00:00:00+00:00,1.3918,1.394,1.363,1.364,878066.0
2026-02-23 01:00:00+00:00,1.3636,1.3651,1.3292,1.3317,3283117.0
2026-02-23 02:00:00+00:00,1.3315,1.3429,1.3313,1.3415,764392.0
2026-02-23 03:00:00+00:00,1.3415,1.3518,1.3382,1.3403,1846254.0
2026-02-23 04:00:00+00:00,1.341,1.341,1.3351,1.3379,1115856.0
2026-02-23 05:00:00+00:00,1.3384,1.3484,1.3378,1.3423,1148678.0
2026-02-23 06:00:00+00:00,1.3417,1.3685,1.3413,1.3671,2024614.0
2026-02-23 07:00:00+00:00,1.3674,1.3776,1.3664,1.3704,1375885.0
2026-02-23 08:00:00+00:00,1.3705,1.3725,1.3614,1.365,1065913.0
2026-02-23 09:00:00+00:00,1.3658,1.3956,1.3649,1.3907,2333815.0
2026-02-23 10:00:00+00:00,1.391,1.397,1.3866,1.3918,1310262.0
2026-02-23 11:00:00+00:00,1.3924,1.4055,1.3916,1.3961,1489214.0
2026-02-23 12:00:00+00:00,1.3962,1.4248,1.3948,1.4124,2548273.0
2026-02-23 13:00:00+00:00,1.4122,1.4148,1.3945,1.3954,2173104.0
2026-02-23 14:00:00+00:00,1.3953,1.3984,1.37,1.3831,4432911.0
2026-02-23 15:00:00+00:00,1.383,1.3894,1.3664,1.3702,2380593.0
2026-02-23 16:00:00+00:00,1.3698,1.3779,1.361,1.3658,2680314.0
2026-02-23 17:00:00+00:00,1.3666,1.3698,1.3477,1.3636,2821445.0
2026-02-23 18:00:00+00:00,1.3636,1.3739,1.3605,1.3648,1620815.0
2026-02-23 19:00:00+00:00,1.3647,1.366,1.3548,1.3566,1072107.0
2026-02-23 20:00:00+00:00,1.3564,1.3592,1.3493,1.3555,739820.0
2026-02-23 21:00:00+00:00,1.3556,1.3628,1.3496,1.3612,441758.0
2026-02-23 22:00:00+00:00,1.361,1.3667,1.3546,1.3556,278178.0
2026-02-23 23:00:00+00:00,1.3556,1.3591,1.35,1.3513,201345.0
2026-02-24 00:00:00+00:00,1.3512,1.3577,1.3511,1.3565,320512.0
2026-02-24 01:00:00+00:00,1.3562,1.3618,1.3266,1.35,1512561.0
2026-02-24 02:00:00+00:00,1.3498,1.357,1.3428,1.3473,776215.0
2026-02-24 03:00:00+00:00,1.3465,1.3465,1.327,1.3315,1282780.0
2026-02-24 04:00:00+00:00,1.3318,1.3341,1.321,1.331,1709915.0
2026-02-24 05:00:00+00:00,1.3308,1.3416,1.3246,1.3307,1209686.0
2026-02-24 06:00:00+00:00,1.3309,1.337,1.3254,1.3288,836413.0
2026-02-24 07:00:00+00:00,1.329,1.3309,1.3218,1.326,825264.0
2026-02-24 08:00:00+00:00,1.3261,1.3348,1.3215,1.3316,925881.0
2026-02-24 09:00:00+00:00,1.3315,1.3341,1.3208,1.331,877979.0
2026-02-24 10:00:00+00:00,1.3312,1.3352,1.3264,1.3299,671512.0
2026-02-24 11:00:00+00:00,1.33,1.3336,1.3274,1.3326,425083.0
2026-02-24 12:00:00+00:00,1.333,1.3377,1.3286,1.3319,1355299.0
2026-02-24 13:00:00+00:00,1.3322,1.3351,1.3218,1.3301,1069418.0
2026-02-24 14:00:00+00:00,1.3298,1.345,1.3117,1.3352,2784394.0
2026-02-24 15:00:00+00:00,1.3358,1.352,1.3319,1.351,2563714.0
2026-02-24 16:00:00+00:00,1.3508,1.3631,1.3444,1.3569,3075034.0
2026-02-24 17:00:00+00:00,1.3573,1.3633,1.3555,1.3588,1800558.0
2026-02-24 18:00:00+00:00,1.3584,1.3674,1.3522,1.36,1610358.0
2026-02-24 19:00:00+00:00,1.3599,1.3636,1.3495,1.3556,1138933.0
2026-02-24 20:00:00+00:00,1.3565,1.3628,1.3544,1.3577,535150.0
2026-02-24 21:00:00+00:00,1.3582,1.3582,1.349,1.3516,576649.0
2026-02-24 22:00:00+00:00,1.3507,1.3573,1.3495,1.3528,487173.0
2026-02-24 23:00:00+00:00,1.3521,1.354,1.3412,1.3479,533813.0
2026-02-25 00:00:00+00:00,1.348,1.3514,1.3404,1.3468,451706.0
2026-02-25 01:00:00+00:00,1.3464,1.3993,1.3454,1.386,1749808.0
2026-02-25 02:00:00+00:00,1.386,1.3941,1.378,1.3788,1081487.0
2026-02-25 03:00:00+00:00,1.3791,1.381,1.366,1.3696,1356928.0
2026-02-25 04:00:00+00:00,1.3695,1.3745,1.3588,1.3683,1329484.0
2026-02-25 05:00:00+00:00,1.368,1.3696,1.3523,1.358,1178362.0
2026-02-25 06:00:00+00:00,1.3581,1.3661,1.3566,1.3594,910391.0
2026-02-25 07:00:00+00:00,1.3595,1.3676,1.3581,1.3652,632183.0
2026-02-25 08:00:00+00:00,1.3654,1.3728,1.3623,1.3716,978769.0
2026-02-25 09:00:00+00:00,1.3717,1.3816,1.3714,1.3793,1563777.0
2026-02-25 10:00:00+00:00,1.3792,1.3835,1.3733,1.3749,1152139.0
2026-02-25 11:00:00+00:00,1.3748,1.3846,1.3719,1.383,1188443.0
2026-02-25 12:00:00+00:00,1.3828,1.4028,1.3805,1.3994,2125054.0
2026-02-25 13:00:00+00:00,1.3995,1.4239,1.398,1.4126,3133114.0
2026-02-25 14:00:00+00:00,1.413,1.4367,1.4127,1.4355,3013545.0
2026-02-25 15:00:00+00:00,1.4357,1.4453,1.4248,1.4405,2833726.0
2026-02-25 16:00:00+00:00,1.4405,1.4494,1.4374,1.4483,2553387.0
2026-02-25 17:00:00+00:00,1.448,1.4736,1.4454,1.4661,3928406.0
2026-02-25 18:00:00+00:00,1.4657,1.4763,1.4557,1.4716,2804163.0
2026-02-25 19:00:00+00:00,1.4716,1.4724,1.4533,1.4659,1688928.0
2026-02-25 20:00:00+00:00,1.4662,1.4708,1.4564,1.4632,1176017.0
2026-02-25 21:00:00+00:00,1.4638,1.4934,1.4624,1.4757,934710.0
2026-02-25 22:00:00+00:00,1.4761,1.4867,1.4437,1.4559,992400.0
2026-02-25 23:00:00+00:00,1.4544,1.4569,1.4185,1.4333,1432317.0
2026-02-26 00:00:00+00:00,1.4331,1.447,1.4265,1.4389,961734.0
2026-02-26 01:00:00+00:00,1.4384,1.4432,1.4227,1.4234,877060.0
2026-02-26 02:00:00+00:00,1.4236,1.4391,1.4178,1.4374,1597720.0
2026-02-26 03:00:00+00:00,1.4372,1.4449,1.4334,1.4412,1149612.0
2026-02-26 04:00:00+00:00,1.441,1.4684,1.4392,1.4583,2107987.0
2026-02-26 05:00:00+00:00,1.458,1.459,1.4395,1.4473,1674847.0
2026-02-26 06:00:00+00:00,1.4472,1.4546,1.4427,1.444,772903.0
2026-02-26 07:00:00+00:00,1.4431,1.4448,1.4299,1.4338,1004635.0
2026-02-26 08:00:00+00:00,1.4336,1.4441,1.4336,1.4356,930589.0
2026-02-26 09:00:00+00:00,1.4355,1.453,1.4341,1.4512,1149116.0
2026-02-26 10:00:00+00:00,1.4513,1.4562,1.4406,1.4421,1597097.0
2026-02-26 11:00:00+00:00,1.4423,1.445,1.434,1.4362,979075.0
2026-02-26 12:00:00+00:00,1.4364,1.4432,1.4351,1.4414,873198.0
2026-02-26 13:00:00+00:00,1.4412,1.4456,1.4357,1.4392,842045.0
2026-02-26 14:00:00+00:00,1.4395,1.4443,1.4218,1.4353,2237478.0
2026-02-26 15:00:00+00:00,1.4355,1.4356,1.4075,1.4207,2935102.0
2026-02-26 16:00:00+00:00,1.4206,1.4227,1.3852,1.3881,2628667.0
2026-02-26 17:00:00+00:00,1.3881,1.3981,1.3843,1.387,1744767.0
2026-02-26 18:00:00+00:00,1.387,1.3989,1.3821,1.3928,1771953.0
2026-02-26 19:00:00+00:00,1.3929,1.41,1.3925,1.4066,1308409.0
2026-02-26 20:00:00+00:00,1.4063,1.4121,1.3926,1.3934,829195.0
2026-02-26 21:00:00+00:00,1.3931,1.3966,1.3875,1.394,428093.0
2026-02-26 22:00:00+00:00,1.3932,1.4048,1.3931,1.4023,291679.0
2026-02-26 23:00:00+00:00,1.4019,1.4031,1.3962,1.4019,186407.0
2026-02-27 00:00:00+00:00,1.4018,1.4037,1.3925,1.4007,408097.0
2026-02-27 01:00:00+00:00,1.4017,1.4057,1.3955,1.4049,476985.0
2026-02-27 02:00:00+00:00,1.405,1.4126,1.4042,1.406,883937.0
2026-02-27 03:00:00+00:00,1.4062,1.4084,1.3994,1.4073,1154640.0
2026-02-27 04:00:00+00:00,1.4073,1.4211,1.4049,1.4073,1456064.0
2026-02-27 05:00:00+00:00,1.4074,1.4142,1.4061,1.4097,842777.0
2026-02-27 06:00:00+00:00,1.4095,1.4141,1.4032,1.4118,965977.0
2026-02-27 07:00:00+00:00,1.4116,1.4165,1.4051,1.4164,840711.0
2026-02-27 08:00:00+00:00,1.4164,1.423,1.4143,1.4209,1620747.0
2026-02-27 09:00:00+00:00,1.421,1.4255,1.4041,1.4058,1965270.0
2026-02-27 10:00:00+00:00,1.4057,1.4067,1.3861,1.3883,2256846.0
2026-02-27 11:00:00+00:00,1.3883,1.3962,1.3794,1.3818,2205274.0
2026-02-27 12:00:00+00:00,1.3813,1.3846,1.3725,1.377,2330243.0
2026-02-27 13:00:00+00:00,1.3768,1.3815,1.3625,1.37,2568172.0
2026-02-27 14:00:00+00:00,1.3696,1.3735,1.3565,1.3587,2151645.0
2026-02-27 15:00:00+00:00,1.3576,1.3656,1.3513,1.3561,2874704.0
2026-02-27 16:00:00+00:00,1.3559,1.3578,1.347,1.3501,1815207.0
2026-02-27 17:00:00+00:00,1.3506,1.3587,1.3374,1.3567,2931340.0
2026-02-27 18:00:00+00:00,1.3572,1.3632,1.352,1.3564,2266253.0
2026-02-27 19:00:00+00:00,1.3562,1.3564,1.3454,1.3498,1526347.0
2026-02-27 20:00:00+00:00,1.3501,1.3555,1.3494,1.352,515607.0
2026-02-27 21:00:00+00:00,1.3517,1.3555,1.3466,1.3502,300520.0
2026-02-27 22:00:00+00:00,1.3511,1.3548,1.3379,1.3533,535038.0
2026-02-27 23:00:00+00:00,1.3528,1.3558,1.3504,1.3554,365693.0
2026-02-28 00:00:00+00:00,1.3554,1.3624,1.3545,1.3616,550055.0
2026-02-28 01:00:00+00:00,1.3615,1.3643,1.356,1.358,571490.0
2026-02-28 02:00:00+00:00,1.3575,1.3622,1.3558,1.3607,386829.0
2026-02-28 03:00:00+00:00,1.3606,1.3609,1.3518,1.3542,675090.0
2026-02-28 04:00:00+00:00,1.3543,1.3573,1.3487,1.3532,977302.0
2026-02-28 05:00:00+00:00,1.3532,1.3552,1.3459,1.3488,890549.0
2026-02-28 06:00:00+00:00,1.3488,1.3508,1.2922,1.2957,4833444.0
2026-02-28 07:00:00+00:00,1.2953,1.3221,1.2891,1.302,3750108.0
2026-02-28 08:00:00+00:00,1.3016,1.3017,1.2824,1.2859,2470942.0
2026-02-28 09:00:00+00:00,1.2853,1.2884,1.271,1.2775,3195345.0
2026-02-28 10:00:00+00:00,1.2768,1.2936,1.2696,1.2889,2927210.0
2026-02-28 11:00:00+00:00,1.2889,1.306,1.2859,1.2922,2923897.0
2026-02-28 12:00:00+00:00,1.2925,1.2987,1.2909,1.2944,955108.0
2026-02-28 13:00:00+00:00,1.2948,1.3428,1.2938,1.3404,3216194.0
2026-02-28 14:00:00+00:00,1.3404,1.3492,1.3134,1.3175,3267954.0
2026-02-28 15:00:00+00:00,1.3177,1.3313,1.3102,1.3232,2262281.0
2026-02-28 16:00:00+00:00,1.3232,1.33,1.3164,1.3253,1624728.0
2026-02-28 17:00:00+00:00,1.3253,1.33,1.314,1.3277,1593704.0
2026-02-28 18:00:00+00:00,1.3278,1.3482,1.3219,1.3418,2602301.0
2026-02-28 19:00:00+00:00,1.3419,1.3585,1.3342,1.3535,2358229.0
2026-02-28 20:00:00+00:00,1.3533,1.3835,1.3498,1.3799,2507063.0
2026-02-28 21:00:00+00:00,1.381,1.3822,1.3654,1.376,1516370.0
2026-02-28 22:00:00+00:00,1.3776,1.392,1.3739,1.3798,1255441.0
2026-02-28 23:00:00+00:00,1.3796,1.3853,1.3732,1.3754,973453.0
2026-03-01 00:00:00+00:00,1.3754,1.3818,1.3714,1.3784,843750.0
2026-03-01 01:00:00+00:00,1.3771,1.4136,1.3649,1.402,1840840.0
2026-03-01 02:00:00+00:00,1.4025,1.4321,1.4025,1.4243,2359449.0
2026-03-01 03:00:00+00:00,1.4241,1.4328,1.4128,1.4182,1853299.0
2026-03-01 04:00:00+00:00,1.4185,1.4213,1.4042,1.4131,2117983.0
2026-03-01 05:00:00+00:00,1.4136,1.4184,1.4086,1.4091,1339857.0
2026-03-01 06:00:00+00:00,1.4088,1.4097,1.3882,1.3942,2716081.0
2026-03-01 07:00:00+00:00,1.394,1.4015,1.3925,1.3972,1211963.0
2026-03-01 08:00:00+00:00,1.3976,1.3997,1.3758,1.3797,1659047.0
2026-03-01 09:00:00+00:00,1.3797,1.3872,1.3693,1.3724,2017516.0
2026-03-01 10:00:00+00:00,1.372,1.3812,1.3662,1.3762,1731423.0
2026-03-01 11:00:00+00:00,1.3762,1.3816,1.3743,1.3755,1209613.0
2026-03-01 12:00:00+00:00,1.3756,1.3782,1.3666,1.3672,1398692.0
2026-03-01 13:00:00+00:00,1.3676,1.3956,1.361,1.3877,3212919.0
2026-03-01 14:00:00+00:00,1.3875,1.4028,1.3729,1.3804,3741312.0
2026-03-01 15:00:00+00:00,1.3799,1.3901,1.3763,1.378,1432355.0
2026-03-01 16:00:00+00:00,1.3785,1.3856,1.3587,1.3695,2455176.0
2026-03-01 17:00:00+00:00,1.369,1.3717,1.3558,1.3654,2073713.0
2026-03-01 18:00:00+00:00,1.3655,1.3781,1.3632,1.3673,1907314.0
2026-03-01 19:00:00+00:00,1.3678,1.3678,1.3534,1.356,1009068.0
2026-03-01 20:00:00+00:00,1.3553,1.3555,1.3365,1.3409,885234.0
2026-03-01 21:00:00+00:00,1.3424,1.3563,1.3411,1.3535,592979.0
2026-03-01 22:00:00+00:00,1.3534,1.3711,1.3407,1.3419,671377.0
2026-03-01 23:00:00+00:00,1.3414,1.358,1.3391,1.3517,229700.0
2026-03-02 00:00:00+00:00,1.3508,1.3719,1.3508,1.3647,626216.0
2026-03-02 01:00:00+00:00,1.3646,1.38,1.3627,1.3669,874299.0
2026-03-02 02:00:00+00:00,1.3675,1.3721,1.353,1.3636,1031999.0
2026-03-02 03:00:00+00:00,1.3635,1.3772,1.3603,1.3733,845334.0
2026-03-02 04:00:00+00:00,1.3734,1.3747,1.3641,1.3663,517312.0
2026-03-02 05:00:00+00:00,1.3663,1.3696,1.3573,1.3618,671538.0
2026-03-02 06:00:00+00:00,1.3619,1.3632,1.3466,1.3496,1075523.0
2026-03-02 07:00:00+00:00,1.3491,1.3505,1.3371,1.3462,1438749.0
2026-03-02 08:00:00+00:00,1.3462,1.3552,1.3376,1.3534,1120288.0
2026-03-02 09:00:00+00:00,1.3537,1.3621,1.3519,1.3527,1010257.0
2026-03-02 10:00:00+00:00,1.3524,1.355,1.3476,1.3529,811028.0
2026-03-02 11:00:00+00:00,1.3525,1.357,1.3456,1.3511,1068921.0
2026-03-02 12:00:00+00:00,1.3508,1.3535,1.3428,1.3471,833661.0
2026-03-02 13:00:00+00:00,1.3472,1.3497,1.3378,1.3388,1351414.0
2026-03-02 14:00:00+00:00,1.3388,1.3781,1.333,1.3724,4850185.0
2026-03-02 15:00:00+00:00,1.3724,1.4151,1.3685,1.4,6856892.0
2026-03-02 16:00:00+00:00,1.4,1.4224,1.3967,1.4067,4364716.0
2026-03-02 17:00:00+00:00,1.4069,1.4106,1.3828,1.3948,2407722.0
2026-03-02 18:00:00+00:00,1.3945,1.4067,1.3854,1.4,1610977.0
2026-03-02 19:00:00+00:00,1.4001,1.4046,1.389,1.4003,1050128.0
2026-03-02 20:00:00+00:00,1.4003,1.4047,1.3871,1.3938,719499.0
2026-03-02 21:00:00+00:00,1.3941,1.3979,1.3852,1.3974,740213.0
2026-03-02 22:00:00+00:00,1.3975,1.4061,1.3956,1.3974,282074.0
2026-03-02 23:00:00+00:00,1.4,1.4003,1.3871,1.3894,658339.0
2026-03-03 00:00:00+00:00,1.3897,1.3944,1.3812,1.3898,557139.0
2026-03-03 01:00:00+00:00,1.39,1.3946,1.3811,1.3829,417791.0
2026-03-03 02:00:00+00:00,1.3826,1.3834,1.3753,1.3779,1146953.0
2026-03-03 03:00:00+00:00,1.3778,1.3785,1.3673,1.3727,1214804.0
2026-03-03 04:00:00+00:00,1.3729,1.3742,1.3639,1.3658,1184999.0
2026-03-03 05:00:00+00:00,1.3658,1.3771,1.3609,1.3647,2010866.0
2026-03-03 06:00:00+00:00,1.3646,1.3666,1.3576,1.3605,1271762.0
2026-03-03 07:00:00+00:00,1.3604,1.3668,1.357,1.3631,1182149.0
2026-03-03 08:00:00+00:00,1.3632,1.3685,1.3464,1.3486,2361098.0
2026-03-03 09:00:00+00:00,1.3487,1.3557,1.3413,1.3475,1810859.0
2026-03-03 10:00:00+00:00,1.3468,1.3516,1.3417,1.3498,1115543.0
2026-03-03 11:00:00+00:00,1.3498,1.3533,1.3461,1.352,2126167.0
2026-03-03 12:00:00+00:00,1.3524,1.37,1.3505,1.3576,2030777.0
2026-03-03 13:00:00+00:00,1.358,1.358,1.3428,1.3477,1466073.0
2026-03-03 14:00:00+00:00,1.3475,1.3624,1.3363,1.3461,3251511.0
2026-03-03 15:00:00+00:00,1.346,1.3648,1.3385,1.3639,2081929.0
2026-03-03 16:00:00+00:00,1.364,1.3865,1.354,1.3682,4176156.0
2026-03-03 17:00:00+00:00,1.3684,1.3706,1.3525,1.3688,2152214.0
2026-03-03 18:00:00+00:00,1.3692,1.3755,1.36,1.3664,1287774.0
2026-03-03 19:00:00+00:00,1.3674,1.3679,1.3558,1.3622,745536.0
2026-03-03 20:00:00+00:00,1.3619,1.3631,1.3523,1.3528,458717.0
2026-03-03 21:00:00+00:00,1.3531,1.3569,1.348,1.3555,268748.0
2026-03-03 22:00:00+00:00,1.3557,1.3649,1.3548,1.3613,348621.0
2026-03-03 23:00:00+00:00,1.3613,1.3692,1.359,1.36,147143.0
2026-03-04 00:00:00+00:00,1.3593,1.363,1.3524,1.3599,311403.0
2026-03-04 01:00:00+00:00,1.3599,1.3697,1.3554,1.3631,514519.0
2026-03-04 02:00:00+00:00,1.3634,1.3671,1.3539,1.3604,463826.0
2026-03-04 03:00:00+00:00,1.3601,1.3618,1.3444,1.3523,1007663.0
2026-03-04 04:00:00+00:00,1.3523,1.3555,1.3446,1.3505,430169.0
2026-03-04 05:00:00+00:00,1.3505,1.3611,1.3487,1.3559,758934.0
2026-03-04 06:00:00+00:00,1.3557,1.3612,1.3495,1.359,768830.0
2026-03-04 07:00:00+00:00,1.3588,1.3765,1.3574,1.3743,1154086.0
2026-03-04 08:00:00+00:00,1.3746,1.4061,1.3689,1.4035,2669660.0
2026-03-04 09:00:00+00:00,1.4033,1.4255,1.3975,1.4153,3770655.0
2026-03-04 10:00:00+00:00,1.4155,1.4219,1.4016,1.4044,2132415.0
2026-03-04 11:00:00+00:00,1.4048,1.4125,1.3939,1.3985,1433659.0
2026-03-04 12:00:00+00:00,1.3985,1.4,1.3823,1.3932,1353416.0
2026-03-04 13:00:00+00:00,1.3929,1.4056,1.3925,1.4049,910252.0
2026-03-04 14:00:00+00:00,1.4049,1.4253,1.4029,1.4127,2223826.0
2026-03-04 15:00:00+00:00,1.4132,1.4637,1.4127,1.4625,3326026.0
2026-03-04 16:00:00+00:00,1.4622,1.4724,1.4398,1.4499,1849262.0
2026-03-04 17:00:00+00:00,1.4498,1.455,1.4353,1.4422,1406565.0
2026-03-04 18:00:00+00:00,1.4424,1.4563,1.436,1.4525,971902.0
2026-03-04 19:00:00+00:00,1.454,1.4697,1.452,1.456,1372347.0
2026-03-04 20:00:00+00:00,1.4559,1.4651,1.449,1.4604,933411.0
2026-03-04 21:00:00+00:00,1.4591,1.4591,1.4443,1.4476,343909.0
2026-03-04 22:00:00+00:00,1.4476,1.4536,1.427,1.4298,288607.0
2026-03-04 23:00:00+00:00,1.43,1.4338,1.4162,1.4317,330601.0
2026-03-05 00:00:00+00:00,1.4306,1.4338,1.4228,1.4267,448132.0
2026-03-05 01:00:00+00:00,1.4264,1.4352,1.4153,1.4188,487782.0
2026-03-05 02:00:00+00:00,1.4188,1.4282,1.4159,1.4196,326533.0
2026-03-05 03:00:00+00:00,1.4194,1.4241,1.4156,1.4191,296538.0
2026-03-05 04:00:00+00:00,1.4192,1.4306,1.4182,1.428,687345.0
2026-03-05 05:00:00+00:00,1.4278,1.4297,1.4122,1.4144,824474.0
2026-03-05 06:00:00+00:00,1.4148,1.4245,1.4078,1.4235,858562.0
2026-03-05 07:00:00+00:00,1.424,1.429,1.4084,1.4125,739639.0
2026-03-05 08:00:00+00:00,1.4125,1.4183,1.4088,1.4179,699065.0
2026-03-05 09:00:00+00:00,1.4179,1.431,1.4167,1.428,1013317.0
2026-03-05 10:00:00+00:00,1.4278,1.452,1.4241,1.4473,1872480.0
2026-03-05 11:00:00+00:00,1.4474,1.4493,1.4339,1.4357,1384430.0
2026-03-05 12:00:00+00:00,1.4358,1.4422,1.432,1.44,651341.0
2026-03-05 13:00:00+00:00,1.4404,1.4408,1.4196,1.4272,988292.0
2026-03-05 14:00:00+00:00,1.4277,1.4399,1.4191,1.4369,1138530.0
2026-03-05 15:00:00+00:00,1.4374,1.44,1.4091,1.4155,1125166.0
2026-03-05 16:00:00+00:00,1.4162,1.4162,1.3953,1.411,1160099.0
2026-03-05 17:00:00+00:00,1.4109,1.4187,1.3981,1.3995,919723.0
2026-03-05 18:00:00+00:00,1.3993,1.411,1.3978,1.4099,446320.0
2026-03-05 19:00:00+00:00,1.4099,1.423,1.4095,1.4106,702943.0
2026-03-05 20:00:00+00:00,1.4112,1.4201,1.4094,1.415,230500.0
2026-03-05 21:00:00+00:00,1.4159,1.4188,1.4027,1.4064,196972.0
2026-03-05 22:00:00+00:00,1.4068,1.4088,1.4014,1.4054,97663.0
2026-03-05 23:00:00+00:00,1.4053,1.4081,1.4015,1.4032,123073.0
2026-03-06 00:00:00+00:00,1.4033,1.4077,1.4023,1.4043,96974.0
2026-03-06 01:00:00+00:00,1.4046,1.414,1.3971,1.4113,323564.0
2026-03-06 02:00:00+00:00,1.4116,1.4139,1.4081,1.4092,323387.0
2026-03-06 03:00:00+00:00,1.4091,1.4112,1.4027,1.4047,289141.0
2026-03-06 04:00:00+00:00,1.4046,1.4055,1.3909,1.3987,672548.0
2026-03-06 05:00:00+00:00,1.3988,1.4023,1.392,1.3977,393142.0
2026-03-06 06:00:00+00:00,1.3978,1.4046,1.396,1.3999,373466.0
2026-03-06 07:00:00+00:00,1.3998,1.4079,1.3966,1.4072,643699.0
2026-03-06 08:00:00+00:00,1.4069,1.4071,1.4006,1.4037,465356.0
2026-03-06 09:00:00+00:00,1.4045,1.4059,1.3917,1.397,763370.0
2026-03-06 10:00:00+00:00,1.3967,1.4072,1.3967,1.4024,775962.0
2026-03-06 11:00:00+00:00,1.4019,1.4041,1.3927,1.3943,588124.0
2026-03-06 12:00:00+00:00,1.394,1.3957,1.384,1.3886,1127974.0
2026-03-06 13:00:00+00:00,1.3885,1.3965,1.3713,1.3717,1721173.0
2026-03-06 14:00:00+00:00,1.3711,1.374,1.3503,1.3546,2101735.0
2026-03-06 15:00:00+00:00,1.3547,1.3658,1.3521,1.3554,1346206.0
2026-03-06 16:00:00+00:00,1.3553,1.3623,1.353,1.3563,968994.0
2026-03-06 17:00:00+00:00,1.3562,1.3584,1.3449,1.3487,1098026.0
2026-03-06 18:00:00+00:00,1.3486,1.362,1.3485,1.3576,741237.0
2026-03-06 19:00:00+00:00,1.3576,1.3653,1.3576,1.3626,472813.0
2026-03-06 20:00:00+00:00,1.3624,1.3636,1.3532,1.3554,346289.0
2026-03-06 21:00:00+00:00,1.3568,1.364,1.356,1.3629,216192.0
2026-03-06 22:00:00+00:00,1.363,1.3706,1.362,1.3679,230875.0
2026-03-06 23:00:00+00:00,1.3677,1.3677,1.3621,1.3629,200642.0
2026-03-07 00:00:00+00:00,1.3628,1.3698,1.3623,1.3674,364677.0
2026-03-07 01:00:00+00:00,1.3671,1.3688,1.3638,1.3671,182875.0
2026-03-07 02:00:00+00:00,1.3671,1.3678,1.3617,1.3672,264644.0
2026-03-07 03:00:00+00:00,1.3669,1.3742,1.3645,1.3655,558226.0
2026-03-07 04:00:00+00:00,1.3655,1.3657,1.3598,1.3625,421398.0
2026-03-07 05:00:00+00:00,1.3623,1.3669,1.3614,1.3665,157669.0
2026-03-07 06:00:00+00:00,1.3664,1.368,1.361,1.3631,317821.0
2026-03-07 07:00:00+00:00,1.3632,1.3673,1.3605,1.3663,278335.0
2026-03-07 08:00:00+00:00,1.3662,1.3687,1.3638,1.3647,365183.0
2026-03-07 09:00:00+00:00,1.3643,1.3675,1.3623,1.3648,216314.0
2026-03-07 10:00:00+00:00,1.3648,1.3677,1.3642,1.3651,180002.0
2026-03-07 11:00:00+00:00,1.365,1.3727,1.3646,1.369,649842.0
2026-03-07 12:00:00+00:00,1.369,1.369,1.3616,1.3635,639808.0
2026-03-07 13:00:00+00:00,1.3633,1.3664,1.3608,1.3621,752084.0
2026-03-07 14:00:00+00:00,1.3618,1.3663,1.3556,1.3631,1015626.0
2026-03-07 15:00:00+00:00,1.3629,1.3629,1.3538,1.3564,668029.0
2026-03-07 16:00:00+00:00,1.356,1.3605,1.355,1.36,819399.0
2026-03-07 17:00:00+00:00,1.3603,1.3644,1.3596,1.36,949428.0
2026-03-07 18:00:00+00:00,1.36,1.36,1.35,1.3562,833924.0
2026-03-07 19:00:00+00:00,1.3562,1.3562,1.346,1.3498,811041.0
2026-03-07 20:00:00+00:00,1.3497,1.3556,1.3496,1.3544,283296.0
2026-03-07 21:00:00+00:00,1.3546,1.3586,1.3538,1.356,343213.0
2026-03-07 22:00:00+00:00,1.3558,1.3559,1.3496,1.3522,242353.0
2026-03-07 23:00:00+00:00,1.3521,1.3567,1.3521,1.3559,91623.0
2026-03-08 00:00:00+00:00,1.3565,1.3596,1.3532,1.3543,141271.0
2026-03-08 01:00:00+00:00,1.3544,1.3571,1.3501,1.3563,214179.0
2026-03-08 02:00:00+00:00,1.3564,1.3566,1.3441,1.3468,325311.0
2026-03-08 03:00:00+00:00,1.347,1.3508,1.3436,1.3477,375136.0
2026-03-08 04:00:00+00:00,1.3477,1.3492,1.3406,1.3432,672843.0
2026-03-08 05:00:00+00:00,1.3433,1.3558,1.3433,1.3529,960020.0
2026-03-08 06:00:00+00:00,1.3531,1.3546,1.3491,1.3514,467638.0
2026-03-08 07:00:00+00:00,1.3513,1.3622,1.3508,1.3594,1007378.0
2026-03-08 08:00:00+00:00,1.3598,1.3611,1.3538,1.3582,772709.0
2026-03-08 09:00:00+00:00,1.3579,1.3658,1.3551,1.3604,812701.0
2026-03-08 10:00:00+00:00,1.3606,1.3705,1.3605,1.3673,960368.0
2026-03-08 11:00:00+00:00,1.367,1.3673,1.3555,1.3571,945441.0
2026-03-08 12:00:00+00:00,1.3571,1.3586,1.3436,1.3513,1076762.0
2026-03-08 13:00:00+00:00,1.3513,1.353,1.3404,1.3493,1182188.0
2026-03-08 14:00:00+00:00,1.3493,1.3524,1.344,1.3489,604626.0
2026-03-08 15:00:00+00:00,1.3486,1.3492,1.3418,1.3449,622320.0
2026-03-08 16:00:00+00:00,1.3444,1.3446,1.337,1.3386,707529.0
2026-03-08 17:00:00+00:00,1.3387,1.3454,1.3383,1.3427,507055.0
2026-03-08 18:00:00+00:00,1.3438,1.3474,1.3391,1.3446,508809.0
2026-03-08 19:00:00+00:00,1.345,1.3593,1.3424,1.3555,584669.0
2026-03-08 20:00:00+00:00,1.3553,1.3614,1.3512,1.3526,335214.0
2026-03-08 21:00:00+00:00,1.3531,1.3535,1.3442,1.3465,114058.0
2026-03-08 22:00:00+00:00,1.3462,1.3487,1.3208,1.344,523670.0
2026-03-08 23:00:00+00:00,1.346,1.3495,1.3385,1.3396,136218.0
2026-03-09 00:00:00+00:00,1.3396,1.3598,1.3379,1.3487,334108.0
2026-03-09 01:00:00+00:00,1.3485,1.3532,1.3407,1.3413,341407.0
2026-03-09 02:00:00+00:00,1.3408,1.3495,1.3367,1.3453,322370.0
2026-03-09 03:00:00+00:00,1.3446,1.365,1.3444,1.3499,720121.0
2026-03-09 04:00:00+00:00,1.35,1.3553,1.3431,1.3432,307858.0
2026-03-09 05:00:00+00:00,1.3431,1.3582,1.341,1.354,669851.0
2026-03-09 06:00:00+00:00,1.3546,1.3581,1.3436,1.3441,546746.0
2026-03-09 07:00:00+00:00,1.344,1.3445,1.3322,1.3397,826506.0
2026-03-09 08:00:00+00:00,1.3398,1.3475,1.3384,1.3453,918443.0
2026-03-09 09:00:00+00:00,1.3453,1.363,1.3402,1.3546,1236439.0
2026-03-09 10:00:00+00:00,1.3545,1.3556,1.3448,1.3467,512545.0
2026-03-09 11:00:00+00:00,1.3468,1.351,1.3407,1.3494,573853.0
2026-03-09 12:00:00+00:00,1.3496,1.3574,1.349,1.3542,405552.0
2026-03-09 13:00:00+00:00,1.354,1.3725,1.3536,1.3679,1305345.0
2026-03-09 14:00:00+00:00,1.3671,1.372,1.3585,1.364,1135649.0
2026-03-09 15:00:00+00:00,1.3643,1.367,1.3559,1.3596,705059.0
2026-03-09 16:00:00+00:00,1.3596,1.3698,1.3579,1.364,771529.0
2026-03-09 17:00:00+00:00,1.3645,1.3698,1.3584,1.3619,616792.0
2026-03-09 18:00:00+00:00,1.3615,1.3674,1.3553,1.361,523845.0
2026-03-09 19:00:00+00:00,1.3612,1.3835,1.3557,1.3733,840061.0
2026-03-09 20:00:00+00:00,1.3724,1.3787,1.3666,1.3726,365549.0
2026-03-09 21:00:00+00:00,1.3721,1.3768,1.3691,1.3738,159052.0
2026-03-09 22:00:00+00:00,1.3743,1.3745,1.3618,1.3638,236293.0
2026-03-09 23:00:00+00:00,1.3633,1.3669,1.3594,1.3624,189175.0
2026-03-10 00:00:00+00:00,1.3622,1.3734,1.3602,1.3694,324785.0
2026-03-10 01:00:00+00:00,1.3684,1.3744,1.3655,1.3717,224373.0
2026-03-10 02:00:00+00:00,1.3714,1.3918,1.3693,1.3871,799245.0
2026-03-10 03:00:00+00:00,1.387,1.3906,1.3743,1.3745,663645.0
2026-03-10 04:00:00+00:00,1.3746,1.3829,1.3725,1.3815,443890.0
2026-03-10 05:00:00+00:00,1.3815,1.3891,1.3804,1.3838,445524.0
2026-03-10 06:00:00+00:00,1.3837,1.384,1.3773,1.3805,353316.0
2026-03-10 07:00:00+00:00,1.3796,1.3879,1.3755,1.3868,394571.0
2026-03-10 08:00:00+00:00,1.3873,1.4113,1.3873,1.4009,1131130.0
2026-03-10 09:00:00+00:00,1.4014,1.419,1.4014,1.4159,976987.0
2026-03-10 10:00:00+00:00,1.4164,1.4168,1.4039,1.4049,835963.0
2026-03-10 11:00:00+00:00,1.4049,1.4051,1.3882,1.3902,771527.0
2026-03-10 12:00:00+00:00,1.3904,1.3912,1.3816,1.3883,828756.0
2026-03-10 13:00:00+00:00,1.3883,1.4006,1.3804,1.3925,2562852.0
2026-03-10 14:00:00+00:00,1.3927,1.4375,1.3808,1.4339,2463557.0
2026-03-10 15:00:00+00:00,1.434,1.4422,1.4195,1.4307,1576014.0
2026-03-10 16:00:00+00:00,1.4314,1.4362,1.4227,1.4268,1061569.0
2026-03-10 17:00:00+00:00,1.4266,1.4301,1.4083,1.4123,882285.0
2026-03-10 18:00:00+00:00,1.4122,1.4127,1.3901,1.393,1033904.0
2026-03-10 19:00:00+00:00,1.3928,1.3945,1.3791,1.3842,764129.0
2026-03-10 20:00:00+00:00,1.3845,1.394,1.384,1.3891,679033.0
2026-03-10 21:00:00+00:00,1.3894,1.3942,1.3776,1.3831,435896.0
2026-03-10 22:00:00+00:00,1.3832,1.3878,1.3785,1.383,282657.0
2026-03-10 23:00:00+00:00,1.3834,1.3875,1.3834,1.3859,44294.0
2026-03-11 00:00:00+00:00,1.3857,1.3918,1.3816,1.3877,172154.0
2026-03-11 01:00:00+00:00,1.3883,1.3899,1.3838,1.3893,173689.0
2026-03-11 02:00:00+00:00,1.3895,1.3899,1.3778,1.3818,468935.0
2026-03-11 03:00:00+00:00,1.3817,1.385,1.3773,1.3782,305747.0
2026-03-11 04:00:00+00:00,1.3784,1.389,1.376,1.387,520222.0
2026-03-11 05:00:00+00:00,1.3875,1.3904,1.374,1.3758,722419.0
2026-03-11 06:00:00+00:00,1.3758,1.384,1.3753,1.3819,525070.0
2026-03-11 07:00:00+00:00,1.3817,1.3827,1.373,1.3776,339605.0
2026-03-11 08:00:00+00:00,1.3781,1.3788,1.3716,1.3753,453510.0
2026-03-11 09:00:00+00:00,1.3746,1.3802,1.3722,1.3736,340174.0
2026-03-11 10:00:00+00:00,1.3735,1.3811,1.372,1.378,365562.0
2026-03-11 11:00:00+00:00,1.3779,1.3802,1.3717,1.3728,369966.0
2026-03-11 12:00:00+00:00,1.3728,1.3866,1.3698,1.3845,1109041.0
2026-03-11 13:00:00+00:00,1.3843,1.4104,1.3823,1.3918,2138540.0
2026-03-11 14:00:00+00:00,1.3917,1.403,1.3857,1.3915,1400034.0
2026-03-11 15:00:00+00:00,1.3919,1.3933,1.3722,1.3816,1215618.0
2026-03-11 16:00:00+00:00,1.3819,1.39,1.3795,1.3864,758526.0
2026-03-11 17:00:00+00:00,1.3865,1.401,1.3865,1.3972,1134838.0
2026-03-11 18:00:00+00:00,1.3975,1.4064,1.396,1.4035,781549.0
2026-03-11 19:00:00+00:00,1.4037,1.404,1.3872,1.3897,625057.0
2026-03-11 20:00:00+00:00,1.3893,1.3933,1.3862,1.3907,300545.0
2026-03-11 21:00:00+00:00,1.3923,1.3931,1.388,1.3919,231368.0
2026-03-11 22:00:00+00:00,1.3915,1.3964,1.3862,1.3896,200716.0
2026-03-11 23:00:00+00:00,1.3911,1.3914,1.3817,1.3834,128875.0
2026-03-12 00:00:00+00:00,1.384,1.3853,1.3803,1.3837,153834.0
2026-03-12 01:00:00+00:00,1.3834,1.3835,1.3762,1.3781,178947.0
2026-03-12 02:00:00+00:00,1.3778,1.3805,1.3697,1.3717,299332.0
2026-03-12 03:00:00+00:00,1.3715,1.3754,1.3688,1.3731,404310.0
2026-03-12 04:00:00+00:00,1.3728,1.3775,1.3684,1.3693,498748.0
2026-03-12 05:00:00+00:00,1.3694,1.3719,1.3651,1.3699,498197.0
2026-03-12 06:00:00+00:00,1.37,1.3727,1.3664,1.3715,315894.0
2026-03-12 07:00:00+00:00,1.3714,1.3772,1.3688,1.3758,526632.0
2026-03-12 08:00:00+00:00,1.3757,1.3817,1.3732,1.3795,571290.0
2026-03-12 09:00:00+00:00,1.3794,1.3881,1.3747,1.3811,616676.0
2026-03-12 10:00:00+00:00,1.381,1.3907,1.3779,1.3895,494880.0
2026-03-12 11:00:00+00:00,1.3888,1.3931,1.3863,1.3872,649096.0
2026-03-12 12:00:00+00:00,1.3874,1.3921,1.3849,1.3875,546613.0
2026-03-12 13:00:00+00:00,1.3878,1.3919,1.3766,1.3817,1226553.0
2026-03-12 14:00:00+00:00,1.3818,1.3912,1.364,1.3685,1683361.0
2026-03-12 15:00:00+00:00,1.3686,1.3836,1.3651,1.3785,955832.0
2026-03-12 16:00:00+00:00,1.3785,1.3857,1.3702,1.3814,1318892.0
2026-03-12 17:00:00+00:00,1.3816,1.3841,1.3767,1.3798,641142.0
2026-03-12 18:00:00+00:00,1.3798,1.3806,1.3708,1.3716,709405.0
2026-03-12 19:00:00+00:00,1.3715,1.3815,1.369,1.3782,669934.0
2026-03-12 20:00:00+00:00,1.3779,1.3795,1.3704,1.3713,361719.0
2026-03-12 21:00:00+00:00,1.3717,1.3749,1.3709,1.3736,129934.0
2026-03-12 22:00:00+00:00,1.373,1.3787,1.3718,1.3787,61223.0
2026-03-12 23:00:00+00:00,1.3792,1.3891,1.3791,1.3844,152597.0
2026-03-13 00:00:00+00:00,1.3845,1.424,1.3825,1.4064,881635.0
2026-03-13 01:00:00+00:00,1.407,1.4163,1.4037,1.4133,383747.0
2026-03-13 02:00:00+00:00,1.4143,1.4143,1.3996,1.4012,444362.0
2026-03-13 03:00:00+00:00,1.4015,1.4142,1.3997,1.4119,593935.0
2026-03-13 04:00:00+00:00,1.4119,1.4137,1.4069,1.411,253215.0
2026-03-13 05:00:00+00:00,1.4108,1.4266,1.4071,1.4227,673486.0
2026-03-13 06:00:00+00:00,1.4235,1.4259,1.4121,1.413,485209.0
2026-03-13 07:00:00+00:00,1.412,1.4202,1.4112,1.415,525169.0
2026-03-13 08:00:00+00:00,1.4148,1.4336,1.4124,1.426,728625.0
2026-03-13 09:00:00+00:00,1.4262,1.4366,1.4262,1.4279,762237.0
2026-03-13 10:00:00+00:00,1.4283,1.4384,1.428,1.4336,618094.0
2026-03-13 11:00:00+00:00,1.4338,1.4341,1.419,1.42,907548.0
2026-03-13 12:00:00+00:00,1.4196,1.4393,1.4194,1.4331,757358.0
2026-03-13 13:00:00+00:00,1.4329,1.4486,1.4301,1.4434,1515551.0
2026-03-13 14:00:00+00:00,1.445,1.4523,1.4205,1.4216,1626709.0
2026-03-13 15:00:00+00:00,1.4226,1.4287,1.4064,1.4085,1449756.0
2026-03-13 16:00:00+00:00,1.4084,1.4147,1.3996,1.4092,1165087.0
2026-03-13 17:00:00+00:00,1.409,1.4121,1.3912,1.3934,1492432.0
2026-03-13 18:00:00+00:00,1.3937,1.4009,1.3892,1.3967,1029873.0
2026-03-13 19:00:00+00:00,1.3966,1.4021,1.3953,1.3997,232308.0
2026-03-13 20:00:00+00:00,1.4006,1.4041,1.3977,1.4019,261322.0
2026-03-13 21:00:00+00:00,1.4018,1.4054,1.3966,1.4001,104355.0
2026-03-13 22:00:00+00:00,1.4008,1.4009,1.3898,1.3942,223134.0
2026-03-13 23:00:00+00:00,1.3932,1.3997,1.393,1.3986,34726.0
2026-03-14 00:00:00+00:00,1.3979,1.3992,1.3918,1.3938,102483.0
2026-03-14 01:00:00+00:00,1.3932,1.4007,1.3919,1.3996,188625.0
2026-03-14 02:00:00+00:00,1.3994,1.4018,1.397,1.3978,227329.0
2026-03-14 03:00:00+00:00,1.3977,1.4029,1.3963,1.4001,309370.0
2026-03-14 04:00:00+00:00,1.3997,1.4038,1.3955,1.3972,479835.0
2026-03-14 05:00:00+00:00,1.3972,1.3988,1.3932,1.3948,274432.0
2026-03-14 06:00:00+00:00,1.3943,1.3943,1.3839,1.3922,830537.0
2026-03-14 07:00:00+00:00,1.3916,1.3972,1.3912,1.3935,516405.0
2026-03-14 08:00:00+00:00,1.3935,1.3962,1.3914,1.3927,149264.0
2026-03-14 09:00:00+00:00,1.3926,1.3965,1.388,1.3893,351755.0
2026-03-14 10:00:00+00:00,1.389,1.3902,1.3872,1.3887,239163.0
2026-03-14 11:00:00+00:00,1.3889,1.3924,1.3883,1.3919,364087.0
2026-03-14 12:00:00+00:00,1.3918,1.3935,1.3871,1.3886,349970.0
2026-03-14 13:00:00+00:00,1.3885,1.3939,1.3873,1.3907,392188.0
2026-03-14 14:00:00+00:00,1.391,1.3926,1.3867,1.3886,322484.0
2026-03-14 15:00:00+00:00,1.3886,1.391,1.3874,1.3896,247927.0
2026-03-14 16:00:00+00:00,1.3891,1.3924,1.3863,1.3922,335979.0
2026-03-14 17:00:00+00:00,1.392,1.3929,1.388,1.3889,288867.0
2026-03-14 18:00:00+00:00,1.3888,1.3912,1.3874,1.3906,190125.0
2026-03-14 19:00:00+00:00,1.3904,1.3906,1.3887,1.3895,87622.0
2026-03-14 20:00:00+00:00,1.3895,1.3934,1.388,1.3923,150720.0
2026-03-14 21:00:00+00:00,1.3912,1.3959,1.3903,1.3946,420411.0
2026-03-14 22:00:00+00:00,1.3952,1.3974,1.3939,1.3961,176288.0
2026-03-14 23:00:00+00:00,1.3968,1.408,1.3968,1.4052,467847.0
2026-03-15 00:00:00+00:00,1.406,1.4089,1.4017,1.4048,260915.0
2026-03-15 01:00:00+00:00,1.4051,1.4074,1.4015,1.4045,154011.0
2026-03-15 02:00:00+00:00,1.405,1.4192,1.4047,1.4152,683044.0
2026-03-15 03:00:00+00:00,1.4166,1.4198,1.4112,1.4117,490389.0
2026-03-15 04:00:00+00:00,1.412,1.418,1.412,1.4162,403707.0
2026-03-15 05:00:00+00:00,1.4165,1.4205,1.4133,1.4135,412176.0
2026-03-15 06:00:00+00:00,1.414,1.4155,1.405,1.4096,760044.0
2026-03-15 07:00:00+00:00,1.4099,1.4114,1.4057,1.4073,433982.0
2026-03-15 08:00:00+00:00,1.4073,1.4128,1.4073,1.4128,558203.0
2026-03-15 09:00:00+00:00,1.413,1.4183,1.4127,1.4142,654648.0
2026-03-15 10:00:00+00:00,1.4142,1.4176,1.4136,1.4158,352464.0
2026-03-15 11:00:00+00:00,1.4158,1.4203,1.4135,1.4194,422720.0
2026-03-15 12:00:00+00:00,1.4193,1.4246,1.4143,1.4233,782669.0
2026-03-15 13:00:00+00:00,1.4234,1.4299,1.4155,1.4227,1267140.0
2026-03-15 14:00:00+00:00,1.4225,1.4246,1.4122,1.4167,806563.0
2026-03-15 15:00:00+00:00,1.4167,1.422,1.4144,1.4152,459381.0
2026-03-15 16:00:00+00:00,1.4151,1.4175,1.4086,1.412,448019.0
2026-03-15 17:00:00+00:00,1.4122,1.4234,1.4115,1.4185,504107.0
2026-03-15 18:00:00+00:00,1.4195,1.4203,1.4083,1.4102,452799.0
2026-03-15 19:00:00+00:00,1.41,1.4145,1.4092,1.4123,293069.0
2026-03-15 20:00:00+00:00,1.4122,1.4228,1.4098,1.4171,162647.0
2026-03-15 21:00:00+00:00,1.4178,1.4298,1.4142,1.4265,337281.0
2026-03-15 22:00:00+00:00,1.4275,1.4648,1.4223,1.4546,1129800.0
2026-03-15 23:00:00+00:00,1.4559,1.4566,1.4389,1.4488,390650.0
2026-03-16 00:00:00+00:00,1.4484,1.4577,1.4436,1.4461,286546.0
2026-03-16 01:00:00+00:00,1.4475,1.45,1.4385,1.4466,341845.0
2026-03-16 02:00:00+00:00,1.4462,1.449,1.4353,1.4427,341131.0
2026-03-16 03:00:00+00:00,1.4423,1.4796,1.4396,1.467,944951.0
2026-03-16 04:00:00+00:00,1.4673,1.4851,1.467,1.4794,993600.0
2026-03-16 05:00:00+00:00,1.4798,1.4845,1.4737,1.4798,763289.0
2026-03-16 06:00:00+00:00,1.4804,1.4813,1.473,1.4764,338042.0
2026-03-16 07:00:00+00:00,1.4755,1.4881,1.4755,1.4826,419125.0
2026-03-16 08:00:00+00:00,1.4842,1.4889,1.4641,1.4682,664360.0
2026-03-16 09:00:00+00:00,1.4679,1.4755,1.4658,1.4737,357942.0
2026-03-16 10:00:00+00:00,1.4739,1.4758,1.4664,1.4746,425635.0
2026-03-16 11:00:00+00:00,1.4746,1.4751,1.4659,1.469,348995.0
2026-03-16 12:00:00+00:00,1.469,1.48,1.469,1.4756,590825.0
2026-03-16 13:00:00+00:00,1.4758,1.492,1.4738,1.482,786267.0
2026-03-16 14:00:00+00:00,1.4822,1.5096,1.4709,1.5087,1228111.0
2026-03-16 15:00:00+00:00,1.5099,1.5155,1.4915,1.4927,1801862.0
2026-03-16 16:00:00+00:00,1.4927,1.5109,1.4911,1.508,869822.0
2026-03-16 17:00:00+00:00,1.5087,1.5184,1.5049,1.5178,967145.0
2026-03-16 18:00:00+00:00,1.518,1.544,1.5159,1.5351,1749546.0
2026-03-16 19:00:00+00:00,1.5352,1.5421,1.5203,1.5284,820155.0
2026-03-16 20:00:00+00:00,1.53,1.5304,1.5229,1.5277,209657.0
2026-03-16 21:00:00+00:00,1.5262,1.5398,1.5257,1.5275,183319.0
2026-03-16 22:00:00+00:00,1.5275,1.5519,1.5275,1.5508,441422.0
2026-03-16 23:00:00+00:00,1.5499,1.551,1.5368,1.5422,186494.0
2026-03-17 00:00:00+00:00,1.5424,1.554,1.5336,1.5446,291618.0
2026-03-17 01:00:00+00:00,1.5449,1.5775,1.5437,1.5709,512456.0
2026-03-17 02:00:00+00:00,1.5701,1.6065,1.5603,1.5934,1164210.0
2026-03-17 03:00:00+00:00,1.5933,1.5944,1.5338,1.5431,1336365.0
2026-03-17 04:00:00+00:00,1.5439,1.5519,1.5232,1.5299,758660.0
2026-03-17 05:00:00+00:00,1.5291,1.5314,1.5099,1.5152,813372.0
2026-03-17 06:00:00+00:00,1.515,1.5225,1.5047,1.5161,663614.0
2026-03-17 07:00:00+00:00,1.5161,1.5427,1.5161,1.5293,919018.0
2026-03-17 08:00:00+00:00,1.5293,1.5322,1.5189,1.5204,576943.0
2026-03-17 09:00:00+00:00,1.5205,1.5227,1.5086,1.5118,462185.0
2026-03-17 10:00:00+00:00,1.5119,1.5119,1.5023,1.5083,809388.0
2026-03-17 11:00:00+00:00,1.5085,1.518,1.5066,1.5091,518186.0
2026-03-17 12:00:00+00:00,1.5089,1.5142,1.5018,1.5045,507207.0
2026-03-17 13:00:00+00:00,1.5046,1.5167,1.4954,1.5031,778684.0
2026-03-17 14:00:00+00:00,1.5029,1.5128,1.494,1.5118,897228.0
2026-03-17 15:00:00+00:00,1.5117,1.5213,1.5023,1.5129,976144.0
2026-03-17 16:00:00+00:00,1.513,1.5387,1.5008,1.5178,930136.0
2026-03-17 17:00:00+00:00,1.5182,1.5308,1.5163,1.5299,701104.0
2026-03-17 18:00:00+00:00,1.5296,1.5377,1.5246,1.5358,620088.0
2026-03-17 19:00:00+00:00,1.5358,1.54,1.5293,1.5328,597750.0
2026-03-17 20:00:00+00:00,1.5327,1.535,1.5278,1.5321,179966.0
2026-03-17 21:00:00+00:00,1.5323,1.5352,1.5262,1.5311,256363.0
2026-03-17 22:00:00+00:00,1.5289,1.5361,1.5202,1.5279,99262.0
2026-03-17 23:00:00+00:00,1.5264,1.5302,1.5171,1.518,141544.0
2026-03-18 00:00:00+00:00,1.5178,1.521,1.5087,1.5149,318194.0
2026-03-18 01:00:00+00:00,1.5156,1.5226,1.5138,1.5147,330869.0
2026-03-18 02:00:00+00:00,1.5147,1.5308,1.5143,1.5265,296854.0
2026-03-18 03:00:00+00:00,1.5265,1.5392,1.5251,1.5382,328198.0
2026-03-18 04:00:00+00:00,1.5385,1.5409,1.523,1.5259,434153.0
2026-03-18 05:00:00+00:00,1.5259,1.5368,1.5208,1.5231,521888.0
2026-03-18 06:00:00+00:00,1.5237,1.5301,1.5234,1.5239,263369.0
2026-03-18 07:00:00+00:00,1.5234,1.5236,1.5142,1.5194,438370.0
2026-03-18 08:00:00+00:00,1.5192,1.5248,1.5187,1.5217,205642.0
2026-03-18 09:00:00+00:00,1.5217,1.527,1.5203,1.5232,323886.0
2026-03-18 10:00:00+00:00,1.5234,1.5239,1.509,1.5105,521974.0
2026-03-18 11:00:00+00:00,1.5101,1.5116,1.4831,1.4892,1468381.0
2026-03-18 12:00:00+00:00,1.4886,1.4902,1.4567,1.4639,1754089.0
2026-03-18 13:00:00+00:00,1.4633,1.4733,1.4555,1.4656,1592005.0
2026-03-18 14:00:00+00:00,1.4658,1.4676,1.4436,1.4454,1790169.0
2026-03-18 15:00:00+00:00,1.4452,1.4519,1.4377,1.4401,1242467.0
2026-03-18 16:00:00+00:00,1.44,1.4463,1.4351,1.4419,1220122.0
2026-03-18 17:00:00+00:00,1.4417,1.4584,1.4392,1.4558,1246540.0
2026-03-18 18:00:00+00:00,1.4558,1.4659,1.4476,1.4516,1558942.0
2026-03-18 19:00:00+00:00,1.4517,1.4598,1.4479,1.4488,430678.0
2026-03-18 20:00:00+00:00,1.4486,1.4613,1.4416,1.4585,427807.0
2026-03-18 21:00:00+00:00,1.4579,1.4712,1.4576,1.4663,269901.0
2026-03-18 22:00:00+00:00,1.4664,1.4664,1.4589,1.4619,80441.0
2026-03-18 23:00:00+00:00,1.462,1.4653,1.4572,1.4641,112585.0
2026-03-19 00:00:00+00:00,1.4628,1.464,1.4586,1.4604,70145.0
2026-03-19 01:00:00+00:00,1.4605,1.4668,1.4562,1.461,290848.0
2026-03-19 02:00:00+00:00,1.4612,1.4638,1.455,1.457,337461.0
2026-03-19 03:00:00+00:00,1.4572,1.478,1.4568,1.4735,496321.0
2026-03-19 04:00:00+00:00,1.4737,1.4737,1.4628,1.4665,255919.0
2026-03-19 05:00:00+00:00,1.4661,1.467,1.4588,1.4663,405160.0
2026-03-19 06:00:00+00:00,1.4663,1.481,1.4632,1.4682,737867.0
2026-03-19 07:00:00+00:00,1.4679,1.4698,1.4503,1.461,1025092.0
2026-03-19 08:00:00+00:00,1.4605,1.4639,1.4515,1.455,474135.0
2026-03-19 09:00:00+00:00,1.4554,1.4706,1.4553,1.4689,495393.0
2026-03-19 10:00:00+00:00,1.4689,1.4695,1.4619,1.4627,270277.0
2026-03-19 11:00:00+00:00,1.463,1.4653,1.4566,1.458,248265.0
2026-03-19 12:00:00+00:00,1.458,1.458,1.4351,1.4368,861852.0
2026-03-19 13:00:00+00:00,1.4367,1.4538,1.432,1.4515,1117192.0
2026-03-19 14:00:00+00:00,1.4518,1.4564,1.4385,1.4441,751023.0
2026-03-19 15:00:00+00:00,1.4437,1.4494,1.4237,1.4314,1201595.0
2026-03-19 16:00:00+00:00,1.4314,1.4368,1.4241,1.4268,614153.0
2026-03-19 17:00:00+00:00,1.4268,1.439,1.4218,1.438,941283.0
2026-03-19 18:00:00+00:00,1.4382,1.4382,1.4302,1.4364,483719.0
2026-03-19 19:00:00+00:00,1.4362,1.452,1.4356,1.4445,656090.0
2026-03-19 20:00:00+00:00,1.4434,1.4536,1.4426,1.4492,208142.0
2026-03-19 21:00:00+00:00,1.4487,1.4551,1.4486,1.454,159548.0
2026-03-19 22:00:00+00:00,1.454,1.4546,1.4438,1.4488,88764.0
2026-03-19 23:00:00+00:00,1.4492,1.4533,1.442,1.4471,85428.0
2026-03-20 00:00:00+00:00,1.4469,1.4523,1.4448,1.4497,148316.0
2026-03-20 01:00:00+00:00,1.45,1.4599,1.4498,1.4557,253044.0
2026-03-20 02:00:00+00:00,1.456,1.4565,1.4458,1.4516,220798.0
2026-03-20 03:00:00+00:00,1.4516,1.4562,1.4492,1.4522,190513.0
2026-03-20 04:00:00+00:00,1.4523,1.4563,1.4468,1.4529,453879.0
2026-03-20 05:00:00+00:00,1.4528,1.4577,1.4493,1.4539,558806.0
2026-03-20 06:00:00+00:00,1.4542,1.4624,1.4497,1.4498,621875.0
2026-03-20 07:00:00+00:00,1.4499,1.4563,1.4428,1.454,1024459.0
2026-03-20 08:00:00+00:00,1.4538,1.466,1.453,1.4591,868588.0
2026-03-20 09:00:00+00:00,1.4591,1.4591,1.4445,1.4474,878608.0
2026-03-20 10:00:00+00:00,1.4474,1.4533,1.4432,1.4499,548476.0
2026-03-20 11:00:00+00:00,1.4499,1.4544,1.4426,1.4485,543030.0
2026-03-20 12:00:00+00:00,1.4486,1.4521,1.4411,1.4417,559055.0
2026-03-20 13:00:00+00:00,1.4418,1.4482,1.4358,1.4376,1024896.0
2026-03-20 14:00:00+00:00,1.4374,1.4443,1.4332,1.436,1230125.0
2026-03-20 15:00:00+00:00,1.4362,1.4411,1.4278,1.437,878733.0
2026-03-20 16:00:00+00:00,1.4368,1.4427,1.432,1.437,836667.0
2026-03-20 17:00:00+00:00,1.437,1.44,1.428,1.4379,757606.0
2026-03-20 18:00:00+00:00,1.4384,1.439,1.428,1.4304,634520.0
2026-03-20 19:00:00+00:00,1.4315,1.4369,1.424,1.4352,655902.0
2026-03-20 20:00:00+00:00,1.4359,1.4371,1.4284,1.4359,254722.0
2026-03-20 21:00:00+00:00,1.4362,1.4484,1.4332,1.4428,305895.0
2026-03-20 22:00:00+00:00,1.4428,1.4516,1.4428,1.4471,135626.0
2026-03-20 23:00:00+00:00,1.4473,1.4473,1.4391,1.4444,148725.0
2026-03-21 00:00:00+00:00,1.4445,1.4484,1.4422,1.4473,174318.0
2026-03-21 01:00:00+00:00,1.447,1.4492,1.4418,1.443,164153.0
2026-03-21 02:00:00+00:00,1.4429,1.4477,1.4419,1.4464,149117.0
2026-03-21 03:00:00+00:00,1.4465,1.4471,1.4443,1.4454,183328.0
2026-03-21 04:00:00+00:00,1.4453,1.4474,1.4435,1.4437,299236.0
2026-03-21 05:00:00+00:00,1.4439,1.4505,1.4439,1.4505,268461.0
2026-03-21 06:00:00+00:00,1.4507,1.4522,1.4472,1.4478,216498.0
2026-03-21 07:00:00+00:00,1.4482,1.4494,1.4432,1.4433,304901.0
2026-03-21 08:00:00+00:00,1.4433,1.4449,1.4396,1.4405,304117.0
2026-03-21 09:00:00+00:00,1.4405,1.4424,1.4359,1.4396,393773.0
2026-03-21 10:00:00+00:00,1.4395,1.4402,1.4371,1.4395,156185.0
2026-03-21 11:00:00+00:00,1.4395,1.4424,1.4385,1.4418,200102.0
2026-03-21 12:00:00+00:00,1.4418,1.4463,1.4394,1.4441,402707.0
2026-03-21 13:00:00+00:00,1.4443,1.4455,1.4345,1.4392,713725.0
2026-03-21 14:00:00+00:00,1.4395,1.4446,1.4343,1.4361,456422.0
2026-03-21 15:00:00+00:00,1.4361,1.4395,1.4331,1.4373,296950.0
2026-03-21 16:00:00+00:00,1.4374,1.4379,1.4333,1.4362,262620.0
2026-03-21 17:00:00+00:00,1.4362,1.4409,1.4333,1.439,398949.0
2026-03-21 18:00:00+00:00,1.4387,1.4412,1.4359,1.4371,321876.0
2026-03-21 19:00:00+00:00,1.4362,1.4376,1.4349,1.4365,155231.0
2026-03-21 20:00:00+00:00,1.4364,1.4422,1.4361,1.4406,66966.0
2026-03-21 21:00:00+00:00,1.441,1.4413,1.4378,1.4394,28680.0
2026-03-21 22:00:00+00:00,1.4392,1.4406,1.4371,1.4389,33449.0
2026-03-21 23:00:00+00:00,1.4379,1.438,1.3994,1.4081,830150.0
2026-03-22 00:00:00+00:00,1.4078,1.4171,1.3931,1.4102,971277.0
2026-03-22 01:00:00+00:00,1.4104,1.4158,1.4046,1.4095,341821.0
2026-03-22 02:00:00+00:00,1.4098,1.42,1.4072,1.4162,271044.0
2026-03-22 03:00:00+00:00,1.4162,1.4258,1.4123,1.4167,509687.0
2026-03-22 04:00:00+00:00,1.4162,1.4199,1.4095,1.4164,284183.0
2026-03-22 05:00:00+00:00,1.4165,1.4168,1.411,1.4111,217708.0
2026-03-22 06:00:00+00:00,1.411,1.4124,1.4092,1.4103,307979.0
2026-03-22 07:00:00+00:00,1.41,1.4124,1.4026,1.403,388375.0
2026-03-22 08:00:00+00:00,1.4028,1.4035,1.3924,1.3984,1010247.0
2026-03-22 09:00:00+00:00,1.3983,1.403,1.3945,1.3955,444811.0
2026-03-22 10:00:00+00:00,1.3954,1.3963,1.3865,1.388,733048.0
2026-03-22 11:00:00+00:00,1.3878,1.3952,1.3849,1.3903,535804.0
2026-03-22 12:00:00+00:00,1.3901,1.4012,1.39,1.3989,474557.0
2026-03-22 13:00:00+00:00,1.3993,1.4064,1.3954,1.3975,690904.0
2026-03-22 14:00:00+00:00,1.3975,1.4024,1.3942,1.3965,311999.0
2026-03-22 15:00:00+00:00,1.3965,1.4004,1.3906,1.3921,677613.0
2026-03-22 16:00:00+00:00,1.392,1.3949,1.3898,1.3938,302609.0
2026-03-22 17:00:00+00:00,1.3936,1.3951,1.3908,1.3923,305658.0
2026-03-22 18:00:00+00:00,1.392,1.392,1.3806,1.3874,731223.0
2026-03-22 19:00:00+00:00,1.3873,1.3876,1.3807,1.3842,391786.0
2026-03-22 20:00:00+00:00,1.3848,1.3901,1.3848,1.3862,166314.0
2026-03-22 21:00:00+00:00,1.3865,1.3872,1.3709,1.3787,630457.0
2026-03-22 22:00:00+00:00,1.3786,1.3926,1.3712,1.3903,332766.0
2026-03-22 23:00:00+00:00,1.3899,1.3923,1.3831,1.3844,129600.0
2026-03-23 00:00:00+00:00,1.3852,1.3901,1.3738,1.3787,260651.0
2026-03-23 01:00:00+00:00,1.3785,1.3899,1.3751,1.3814,235475.0
2026-03-23 02:00:00+00:00,1.3819,1.3925,1.3813,1.3846,228203.0
2026-03-23 03:00:00+00:00,1.3853,1.3917,1.3778,1.3808,239385.0
2026-03-23 04:00:00+00:00,1.3814,1.3903,1.378,1.3901,253584.0
2026-03-23 05:00:00+00:00,1.3899,1.3953,1.3874,1.3907,398519.0
2026-03-23 06:00:00+00:00,1.3902,1.3902,1.368,1.371,713374.0
2026-03-23 07:00:00+00:00,1.3711,1.3754,1.3617,1.3714,655327.0
2026-03-23 08:00:00+00:00,1.3723,1.3798,1.3668,1.3677,360372.0
2026-03-23 09:00:00+00:00,1.3681,1.371,1.361,1.3685,419153.0
2026-03-23 10:00:00+00:00,1.3686,1.3802,1.3679,1.3718,660014.0
2026-03-23 11:00:00+00:00,1.3724,1.4445,1.3724,1.4109,2947072.0
2026-03-23 12:00:00+00:00,1.4109,1.4266,1.4015,1.4243,1067175.0
2026-03-23 13:00:00+00:00,1.4246,1.4435,1.4204,1.4412,1003146.0
2026-03-23 14:00:00+00:00,1.4415,1.4561,1.4407,1.4554,1352868.0
2026-03-23 15:00:00+00:00,1.4553,1.4658,1.4302,1.4308,1465967.0
2026-03-23 16:00:00+00:00,1.4309,1.4424,1.427,1.4338,1056592.0
2026-03-23 17:00:00+00:00,1.4341,1.446,1.4261,1.4436,658935.0
2026-03-23 18:00:00+00:00,1.4442,1.4463,1.4362,1.4414,361043.0
2026-03-23 19:00:00+00:00,1.4413,1.4451,1.431,1.4345,453243.0
2026-03-23 20:00:00+00:00,1.4342,1.4394,1.4306,1.438,324114.0
2026-03-23 21:00:00+00:00,1.4377,1.4397,1.4342,1.4355,36011.0
2026-03-23 22:00:00+00:00,1.4344,1.4344,1.425,1.4292,163563.0
2026-03-23 23:00:00+00:00,1.4285,1.4337,1.424,1.4314,99877.0
2026-03-24 00:00:00+00:00,1.4319,1.4346,1.4158,1.4194,487968.0
2026-03-24 01:00:00+00:00,1.4193,1.4228,1.4094,1.4134,278407.0
2026-03-24 02:00:00+00:00,1.4121,1.4166,1.4085,1.4085,307889.0
2026-03-24 03:00:00+00:00,1.4085,1.4153,1.408,1.4137,160252.0
2026-03-24 04:00:00+00:00,1.414,1.4162,1.4061,1.4078,232061.0
2026-03-24 05:00:00+00:00,1.4081,1.415,1.4044,1.4135,300953.0
2026-03-24 06:00:00+00:00,1.4133,1.4168,1.4096,1.4154,331653.0
2026-03-24 07:00:00+00:00,1.4152,1.432,1.4137,1.4308,662007.0
2026-03-24 08:00:00+00:00,1.4305,1.4328,1.4143,1.4165,483177.0
2026-03-24 09:00:00+00:00,1.4165,1.4236,1.4126,1.4225,415694.0
2026-03-24 10:00:00+00:00,1.4228,1.423,1.416,1.421,313954.0
2026-03-24 11:00:00+00:00,1.4208,1.425,1.4144,1.4226,666846.0
2026-03-24 12:00:00+00:00,1.423,1.423,1.4134,1.4157,222754.0
2026-03-24 13:00:00+00:00,1.4154,1.4175,1.4,1.4018,864527.0
2026-03-24 14:00:00+00:00,1.4019,1.4083,1.3949,1.4014,1026540.0
2026-03-24 15:00:00+00:00,1.4016,1.4079,1.3997,1.4002,448675.0
2026-03-24 16:00:00+00:00,1.4002,1.4034,1.3886,1.3902,881594.0
2026-03-24 17:00:00+00:00,1.3903,1.3932,1.383,1.3873,550846.0
2026-03-24 18:00:00+00:00,1.3877,1.3945,1.3865,1.3881,646422.0
2026-03-24 19:00:00+00:00,1.3882,1.3931,1.387,1.387,437062.0
2026-03-24 20:00:00+00:00,1.3869,1.4122,1.3855,1.409,992366.0
2026-03-24 21:00:00+00:00,1.4094,1.4139,1.4048,1.4123,179889.0
2026-03-24 22:00:00+00:00,1.4122,1.4139,1.4074,1.4108,83037.0
2026-03-24 23:00:00+00:00,1.4106,1.4176,1.409,1.4153,131597.0
2026-03-25 00:00:00+00:00,1.4162,1.4245,1.4118,1.4199,469890.0
2026-03-25 01:00:00+00:00,1.4195,1.4219,1.415,1.4164,199114.0
2026-03-25 02:00:00+00:00,1.4166,1.4169,1.4098,1.4101,242044.0
2026-03-25 03:00:00+00:00,1.4101,1.4145,1.4065,1.4128,464797.0
2026-03-25 04:00:00+00:00,1.4129,1.4172,1.4105,1.4158,252685.0
2026-03-25 05:00:00+00:00,1.4156,1.4231,1.4145,1.4172,557820.0
2026-03-25 06:00:00+00:00,1.4178,1.4226,1.4156,1.4173,534478.0
2026-03-25 07:00:00+00:00,1.4174,1.426,1.4164,1.4193,373967.0
2026-03-25 08:00:00+00:00,1.4195,1.425,1.417,1.419,546623.0
2026-03-25 09:00:00+00:00,1.4188,1.4208,1.4121,1.4174,380081.0
2026-03-25 10:00:00+00:00,1.4175,1.4235,1.4162,1.4223,373821.0
2026-03-25 11:00:00+00:00,1.4222,1.4372,1.4221,1.4283,1375996.0
2026-03-25 12:00:00+00:00,1.4288,1.4317,1.4129,1.4217,1005989.0
2026-03-25 13:00:00+00:00,1.4217,1.4291,1.4177,1.42,474354.0
2026-03-25 14:00:00+00:00,1.4201,1.4218,1.4142,1.4145,502656.0
2026-03-25 15:00:00+00:00,1.4146,1.4162,1.4012,1.4067,1019069.0
2026-03-25 16:00:00+00:00,1.4067,1.42,1.4041,1.4148,576266.0
2026-03-25 17:00:00+00:00,1.4151,1.4169,1.4092,1.4106,520757.0
2026-03-25 18:00:00+00:00,1.411,1.418,1.4094,1.4122,449117.0
2026-03-25 19:00:00+00:00,1.412,1.4149,1.4081,1.4113,118877.0
2026-03-25 20:00:00+00:00,1.4115,1.4149,1.4093,1.4139,70927.0
2026-03-25 21:00:00+00:00,1.4139,1.4168,1.4116,1.4128,44779.0
2026-03-25 22:00:00+00:00,1.4139,1.422,1.4117,1.4173,89640.0
2026-03-25 23:00:00+00:00,1.4176,1.4189,1.4121,1.414,45726.0
2026-03-26 00:00:00+00:00,1.414,1.4161,1.4105,1.4127,105249.0
2026-03-26 01:00:00+00:00,1.4129,1.4148,1.4097,1.4106,68864.0
2026-03-26 02:00:00+00:00,1.4102,1.4113,1.3992,1.4033,406757.0
2026-03-26 03:00:00+00:00,1.4025,1.4027,1.3955,1.4009,681721.0
2026-03-26 04:00:00+00:00,1.4006,1.405,1.3969,1.4019,636751.0
2026-03-26 05:00:00+00:00,1.4017,1.4023,1.3871,1.3885,687527.0
2026-03-26 06:00:00+00:00,1.388,1.3923,1.3849,1.385,469150.0
2026-03-26 07:00:00+00:00,1.3852,1.387,1.3787,1.3848,326813.0
2026-03-26 08:00:00+00:00,1.3852,1.3859,1.3795,1.3816,316026.0
2026-03-26 09:00:00+00:00,1.3813,1.3835,1.3671,1.3723,903417.0
2026-03-26 10:00:00+00:00,1.372,1.3765,1.3686,1.3729,423014.0
2026-03-26 11:00:00+00:00,1.373,1.376,1.3683,1.3707,321099.0
2026-03-26 12:00:00+00:00,1.3706,1.3751,1.3693,1.3735,216649.0
2026-03-26 13:00:00+00:00,1.3735,1.3823,1.3703,1.378,499776.0
2026-03-26 14:00:00+00:00,1.3785,1.3808,1.3645,1.3676,641229.0
2026-03-26 15:00:00+00:00,1.3676,1.3679,1.3522,1.3597,861258.0
2026-03-26 16:00:00+00:00,1.3599,1.3654,1.3593,1.3601,538186.0
2026-03-26 17:00:00+00:00,1.3601,1.3639,1.3514,1.3537,449718.0
2026-03-26 18:00:00+00:00,1.3533,1.3552,1.3352,1.3468,978217.0
2026-03-26 19:00:00+00:00,1.3462,1.351,1.3432,1.3433,346361.0
2026-03-26 20:00:00+00:00,1.3432,1.3639,1.3432,1.3582,337707.0
2026-03-26 21:00:00+00:00,1.3571,1.3696,1.3571,1.3661,137942.0
2026-03-26 22:00:00+00:00,1.3653,1.368,1.3573,1.3629,135897.0
2026-03-26 23:00:00+00:00,1.3632,1.3642,1.358,1.36,136135.0
2026-03-27 00:00:00+00:00,1.3605,1.3629,1.3574,1.361,79854.0
2026-03-27 01:00:00+00:00,1.3617,1.3688,1.3598,1.3684,151147.0
2026-03-27 02:00:00+00:00,1.3685,1.372,1.3662,1.3698,189330.0
2026-03-27 03:00:00+00:00,1.3698,1.3703,1.363,1.3634,197291.0
2026-03-27 04:00:00+00:00,1.3634,1.3643,1.3552,1.363,472060.0
2026-03-27 05:00:00+00:00,1.363,1.3681,1.3598,1.3619,325913.0
2026-03-27 06:00:00+00:00,1.3616,1.3636,1.3588,1.3594,186074.0
2026-03-27 07:00:00+00:00,1.3592,1.3641,1.3566,1.3582,314895.0
2026-03-27 08:00:00+00:00,1.3584,1.3606,1.3433,1.3497,674779.0
2026-03-27 09:00:00+00:00,1.3497,1.3501,1.3392,1.3458,332593.0
2026-03-27 10:00:00+00:00,1.3458,1.347,1.3254,1.3327,611462.0
2026-03-27 11:00:00+00:00,1.333,1.3382,1.3293,1.3347,370020.0
2026-03-27 12:00:00+00:00,1.3347,1.3347,1.3255,1.3319,380111.0
2026-03-27 13:00:00+00:00,1.332,1.3426,1.3276,1.3402,660846.0
2026-03-27 14:00:00+00:00,1.3403,1.3439,1.3275,1.3319,774526.0
2026-03-27 15:00:00+00:00,1.3317,1.3449,1.3311,1.3345,769385.0
2026-03-27 16:00:00+00:00,1.335,1.3362,1.3289,1.3297,567844.0
2026-03-27 17:00:00+00:00,1.33,1.3364,1.3223,1.3232,816196.0
2026-03-27 18:00:00+00:00,1.323,1.3255,1.3174,1.3231,786809.0
2026-03-27 19:00:00+00:00,1.3226,1.3287,1.3187,1.3246,338572.0
2026-03-27 20:00:00+00:00,1.3242,1.3272,1.3214,1.3262,141588.0
2026-03-27 21:00:00+00:00,1.3254,1.332,1.3254,1.3274,123810.0
2026-03-27 22:00:00+00:00,1.3274,1.3282,1.3216,1.3237,57070.0
2026-03-27 23:00:00+00:00,1.3237,1.3256,1.3197,1.325,145445.0
2026-03-28 00:00:00+00:00,1.3245,1.329,1.324,1.326,104539.0
2026-03-28 01:00:00+00:00,1.3259,1.3273,1.3182,1.3231,167899.0
2026-03-28 02:00:00+00:00,1.3232,1.3269,1.3209,1.3228,172941.0
2026-03-28 03:00:00+00:00,1.3238,1.328,1.3234,1.3265,181647.0
2026-03-28 04:00:00+00:00,1.3265,1.3302,1.3252,1.33,223208.0
2026-03-28 05:00:00+00:00,1.33,1.3417,1.3276,1.3368,777131.0
2026-03-28 06:00:00+00:00,1.3363,1.3391,1.333,1.3352,331788.0
2026-03-28 07:00:00+00:00,1.3355,1.3404,1.3341,1.3404,263077.0
2026-03-28 08:00:00+00:00,1.3404,1.3421,1.3367,1.3372,400019.0
2026-03-28 09:00:00+00:00,1.3372,1.338,1.3355,1.3367,223237.0
2026-03-28 10:00:00+00:00,1.3367,1.3427,1.3341,1.3371,362721.0
2026-03-28 11:00:00+00:00,1.3373,1.3413,1.3368,1.3397,181118.0
2026-03-28 12:00:00+00:00,1.3397,1.341,1.3355,1.3378,212092.0
2026-03-28 13:00:00+00:00,1.3378,1.3569,1.3373,1.3498,854694.0
2026-03-28 14:00:00+00:00,1.35,1.3517,1.3455,1.3472,494794.0
2026-03-28 15:00:00+00:00,1.3472,1.3577,1.3458,1.3529,460631.0
2026-03-28 16:00:00+00:00,1.3531,1.3539,1.3489,1.3492,362741.0
2026-03-28 17:00:00+00:00,1.3495,1.3515,1.3436,1.3451,465204.0
2026-03-28 18:00:00+00:00,1.3451,1.3469,1.3443,1.3453,189816.0
2026-03-28 19:00:00+00:00,1.3451,1.346,1.3415,1.3444,173615.0
2026-03-28 20:00:00+00:00,1.3445,1.3477,1.3439,1.3463,90247.0
2026-03-28 21:00:00+00:00,1.3459,1.3461,1.3397,1.3409,101984.0
2026-03-28 22:00:00+00:00,1.3408,1.3435,1.338,1.3407,80338.0
2026-03-28 23:00:00+00:00,1.3404,1.3404,1.3305,1.333,471553.0
2026-03-29 00:00:00+00:00,1.3324,1.335,1.3295,1.332,131906.0
2026-03-29 01:00:00+00:00,1.332,1.3368,1.3318,1.3354,182412.0
2026-03-29 02:00:00+00:00,1.3355,1.3381,1.334,1.336,168158.0
2026-03-29 03:00:00+00:00,1.3358,1.3415,1.335,1.3378,198104.0
2026-03-29 04:00:00+00:00,1.338,1.338,1.3343,1.3357,125236.0
2026-03-29 05:00:00+00:00,1.3354,1.3356,1.3283,1.3332,398983.0
2026-03-29 06:00:00+00:00,1.333,1.3428,1.3329,1.3343,720923.0
2026-03-29 07:00:00+00:00,1.334,1.3363,1.3318,1.3334,369953.0
2026-03-29 08:00:00+00:00,1.3334,1.3387,1.3313,1.3365,275112.0
2026-03-29 09:00:00+00:00,1.3365,1.3372,1.3333,1.3349,158830.0
2026-03-29 10:00:00+00:00,1.3346,1.3347,1.3303,1.3329,196173.0
2026-03-29 11:00:00+00:00,1.333,1.34,1.3325,1.3375,388792.0
2026-03-29 12:00:00+00:00,1.3375,1.3377,1.3327,1.3341,196913.0
2026-03-29 13:00:00+00:00,1.3343,1.3343,1.3244,1.3258,495054.0
2026-03-29 14:00:00+00:00,1.326,1.3319,1.3232,1.3255,336132.0
2026-03-29 15:00:00+00:00,1.3259,1.3278,1.3205,1.325,251907.0
2026-03-29 16:00:00+00:00,1.3252,1.3288,1.3233,1.3244,278817.0
2026-03-29 17:00:00+00:00,1.3244,1.3266,1.3179,1.3226,305237.0
2026-03-29 18:00:00+00:00,1.3228,1.3255,1.3209,1.3227,133645.0
2026-03-29 19:00:00+00:00,1.3225,1.3225,1.3157,1.3169,281438.0
2026-03-29 20:00:00+00:00,1.3173,1.3263,1.317,1.3234,162235.0
2026-03-29 21:00:00+00:00,1.324,1.3281,1.3234,1.3271,53591.0
2026-03-29 22:00:00+00:00,1.327,1.327,1.2944,1.3177,817752.0
2026-03-29 23:00:00+00:00,1.3182,1.3318,1.3179,1.3269,293697.0
2026-03-30 00:00:00+00:00,1.3278,1.35,1.324,1.3305,830966.0
2026-03-30 01:00:00+00:00,1.3312,1.3418,1.3311,1.3395,378265.0
2026-03-30 02:00:00+00:00,1.3405,1.3549,1.3386,1.348,352919.0
2026-03-30 03:00:00+00:00,1.3481,1.3545,1.3448,1.3513,339868.0
2026-03-30 04:00:00+00:00,1.3515,1.3603,1.35,1.3505,417824.0
2026-03-30 05:00:00+00:00,1.3504,1.3571,1.3464,1.3514,354599.0
2026-03-30 06:00:00+00:00,1.3513,1.3566,1.35,1.3501,188193.0
2026-03-30 07:00:00+00:00,1.3516,1.359,1.351,1.3577,176552.0
2026-03-30 08:00:00+00:00,1.3579,1.3664,1.3563,1.3609,499962.0
2026-03-30 09:00:00+00:00,1.3607,1.3612,1.3494,1.3495,385094.0
2026-03-30 10:00:00+00:00,1.3496,1.3496,1.3445,1.3475,466582.0
2026-03-30 11:00:00+00:00,1.3478,1.3597,1.3472,1.3496,522506.0
2026-03-30 12:00:00+00:00,1.35,1.3557,1.3492,1.351,502116.0
2026-03-30 13:00:00+00:00,1.3508,1.356,1.3437,1.3452,777725.0
2026-03-30 14:00:00+00:00,1.3456,1.349,1.3345,1.3476,1208754.0
2026-03-30 15:00:00+00:00,1.3476,1.35,1.3385,1.3448,661799.0
2026-03-30 16:00:00+00:00,1.3451,1.3451,1.3372,1.3416,549370.0
2026-03-30 17:00:00+00:00,1.3419,1.3449,1.3322,1.3335,830401.0
2026-03-30 18:00:00+00:00,1.334,1.3354,1.3237,1.3257,796486.0
2026-03-30 19:00:00+00:00,1.3248,1.3257,1.3161,1.3226,571633.0
2026-03-30 20:00:00+00:00,1.322,1.3269,1.3207,1.3266,289293.0
2026-03-30 21:00:00+00:00,1.3263,1.3339,1.3242,1.3304,324932.0
2026-03-30 22:00:00+00:00,1.3301,1.3322,1.3267,1.3282,83971.0
2026-03-30 23:00:00+00:00,1.3271,1.3271,1.3194,1.3237,131567.0
2026-03-31 00:00:00+00:00,1.3236,1.3286,1.3186,1.325,184388.0
2026-03-31 01:00:00+00:00,1.325,1.3472,1.3231,1.3388,1072130.0
2026-03-31 02:00:00+00:00,1.3384,1.3401,1.3348,1.3362,373068.0
2026-03-31 03:00:00+00:00,1.3361,1.3361,1.3249,1.3252,545293.0
2026-03-31 04:00:00+00:00,1.3255,1.3267,1.3199,1.3234,639590.0
2026-03-31 05:00:00+00:00,1.3233,1.329,1.3192,1.3215,631413.0
2026-03-31 06:00:00+00:00,1.3218,1.3281,1.314,1.3234,890067.0
2026-03-31 07:00:00+00:00,1.3235,1.325,1.3134,1.3185,919889.0
2026-03-31 08:00:00+00:00,1.3187,1.323,1.309,1.3133,714525.0
2026-03-31 09:00:00+00:00,1.3135,1.316,1.3034,1.3065,1128682.0
2026-03-31 10:00:00+00:00,1.3064,1.3133,1.3061,1.3103,527049.0
2026-03-31 11:00:00+00:00,1.3105,1.3175,1.3067,1.3143,973655.0
2026-03-31 12:00:00+00:00,1.315,1.3207,1.3131,1.3146,548796.0
2026-03-31 13:00:00+00:00,1.3146,1.3276,1.314,1.3253,604882.0
2026-03-31 14:00:00+00:00,1.3256,1.3382,1.3109,1.3141,2195932.0
2026-03-31 15:00:00+00:00,1.3139,1.3284,1.3138,1.3148,1060942.0
2026-03-31 16:00:00+00:00,1.3148,1.3369,1.3139,1.33,1054956.0
2026-03-31 17:00:00+00:00,1.3301,1.3448,1.3273,1.3304,1388718.0
2026-03-31 18:00:00+00:00,1.3309,1.3421,1.3309,1.34,641377.0
2026-03-31 19:00:00+00:00,1.3402,1.3462,1.34,1.3451,354747.0
2026-03-31 20:00:00+00:00,1.3447,1.3498,1.3416,1.3441,431048.0
2026-03-31 21:00:00+00:00,1.3442,1.3446,1.3375,1.3403,180203.0
2026-03-31 22:00:00+00:00,1.3405,1.341,1.3325,1.3358,361095.0
2026-03-31 23:00:00+00:00,1.3351,1.3419,1.3342,1.3406,118828.0
2026-04-01 00:00:00+00:00,1.3401,1.3451,1.3375,1.3446,226453.0
2026-04-01 01:00:00+00:00,1.3452,1.3453,1.3334,1.3346,287225.0
2026-04-01 02:00:00+00:00,1.3344,1.3375,1.3306,1.334,322978.0
2026-04-01 03:00:00+00:00,1.3342,1.3512,1.3342,1.348,758808.0
2026-04-01 04:00:00+00:00,1.3476,1.3489,1.3381,1.3388,699223.0
2026-04-01 05:00:00+00:00,1.3388,1.3487,1.3355,1.3457,639525.0
2026-04-01 06:00:00+00:00,1.3457,1.363,1.3457,1.3617,837335.0
2026-04-01 07:00:00+00:00,1.3624,1.367,1.3557,1.3558,743611.0
2026-04-01 08:00:00+00:00,1.3562,1.3582,1.3514,1.3521,657170.0
2026-04-01 09:00:00+00:00,1.3518,1.3534,1.3486,1.3508,573327.0
2026-04-01 10:00:00+00:00,1.351,1.3547,1.3485,1.3523,561530.0
2026-04-01 11:00:00+00:00,1.3523,1.3551,1.3501,1.3539,426212.0
2026-04-01 12:00:00+00:00,1.3538,1.3602,1.3487,1.3534,803421.0
2026-04-01 13:00:00+00:00,1.3536,1.3573,1.3447,1.3465,993699.0
2026-04-01 14:00:00+00:00,1.3459,1.3578,1.3455,1.3553,722607.0
2026-04-01 15:00:00+00:00,1.3556,1.3571,1.3499,1.3571,504180.0
2026-04-01 16:00:00+00:00,1.3571,1.3617,1.3512,1.3582,841020.0
2026-04-01 17:00:00+00:00,1.3587,1.3681,1.3504,1.3514,1022510.0
2026-04-01 18:00:00+00:00,1.3514,1.3524,1.3456,1.3468,451617.0
2026-04-01 19:00:00+00:00,1.3474,1.3533,1.3467,1.35,192382.0
2026-04-01 20:00:00+00:00,1.3506,1.3517,1.3415,1.3478,196659.0
2026-04-01 21:00:00+00:00,1.3483,1.3563,1.3479,1.3549,101357.0
2026-04-01 22:00:00+00:00,1.3547,1.3549,1.3463,1.3487,196438.0
2026-04-01 23:00:00+00:00,1.3484,1.3509,1.346,1.3469,54053.0
2026-04-02 00:00:00+00:00,1.347,1.3562,1.3465,1.356,233348.0
2026-04-02 01:00:00+00:00,1.3564,1.3564,1.3216,1.3274,1223251.0
2026-04-02 02:00:00+00:00,1.327,1.3295,1.3164,1.3178,541962.0
2026-04-02 03:00:00+00:00,1.3174,1.3176,1.3056,1.312,564097.0
2026-04-02 04:00:00+00:00,1.312,1.3195,1.3041,1.3072,633421.0
2026-04-02 05:00:00+00:00,1.3085,1.3152,1.3065,1.3145,518694.0
2026-04-02 06:00:00+00:00,1.314,1.3181,1.3116,1.3151,345956.0
2026-04-02 07:00:00+00:00,1.3151,1.3177,1.3122,1.317,301183.0
2026-04-02 08:00:00+00:00,1.3166,1.3166,1.3105,1.3115,263121.0
2026-04-02 09:00:00+00:00,1.3112,1.3125,1.3072,1.3114,430713.0
2026-04-02 10:00:00+00:00,1.3114,1.3116,1.307,1.3078,600382.0
2026-04-02 11:00:00+00:00,1.3077,1.3084,1.2982,1.2993,1029015.0
2026-04-02 12:00:00+00:00,1.2992,1.2999,1.2895,1.2901,1324063.0
2026-04-02 13:00:00+00:00,1.2906,1.293,1.2795,1.288,976941.0
2026-04-02 14:00:00+00:00,1.288,1.3027,1.2814,1.299,1375430.0
2026-04-02 15:00:00+00:00,1.299,1.3011,1.29,1.2991,775101.0
2026-04-02 16:00:00+00:00,1.299,1.3082,1.2943,1.3038,821198.0
2026-04-02 17:00:00+00:00,1.3035,1.3105,1.2974,1.2981,686809.0
2026-04-02 18:00:00+00:00,1.2981,1.3082,1.2968,1.3061,536708.0
2026-04-02 19:00:00+00:00,1.3064,1.3095,1.3007,1.3068,255425.0
2026-04-02 20:00:00+00:00,1.307,1.3218,1.3043,1.3175,438012.0
2026-04-02 21:00:00+00:00,1.3173,1.319,1.3122,1.3152,302772.0
2026-04-02 22:00:00+00:00,1.3143,1.3181,1.3119,1.3171,88213.0
2026-04-02 23:00:00+00:00,1.3168,1.3206,1.315,1.3196,84270.0
2026-04-03 00:00:00+00:00,1.3198,1.3231,1.314,1.3153,286482.0
2026-04-03 01:00:00+00:00,1.3149,1.3198,1.3119,1.3128,379984.0
2026-04-03 02:00:00+00:00,1.3129,1.3167,1.3027,1.3071,474486.0
2026-04-03 03:00:00+00:00,1.3075,1.3215,1.3065,1.3215,556276.0
2026-04-03 04:00:00+00:00,1.3215,1.3229,1.3138,1.3195,431564.0
2026-04-03 05:00:00+00:00,1.3197,1.3254,1.3153,1.3181,703898.0
2026-04-03 06:00:00+00:00,1.3181,1.3203,1.3146,1.319,451736.0
2026-04-03 07:00:00+00:00,1.319,1.3236,1.3164,1.3183,423037.0
2026-04-03 08:00:00+00:00,1.3182,1.3212,1.316,1.3171,535039.0
2026-04-03 09:00:00+00:00,1.3169,1.3169,1.3105,1.311,634625.0
2026-04-03 10:00:00+00:00,1.3107,1.317,1.3088,1.3152,474388.0
2026-04-03 11:00:00+00:00,1.3158,1.3239,1.3143,1.3198,524638.0
2026-04-03 12:00:00+00:00,1.3198,1.3349,1.3177,1.3193,948471.0
2026-04-03 13:00:00+00:00,1.3195,1.32,1.3139,1.3172,488015.0
2026-04-03 14:00:00+00:00,1.3171,1.3206,1.3144,1.3187,692184.0
2026-04-03 15:00:00+00:00,1.3181,1.3228,1.3176,1.318,494006.0
2026-04-03 16:00:00+00:00,1.3179,1.3249,1.3179,1.3241,433860.0
2026-04-03 17:00:00+00:00,1.3241,1.3247,1.3185,1.3208,425564.0
2026-04-03 18:00:00+00:00,1.3207,1.322,1.3171,1.3177,222740.0
2026-04-03 19:00:00+00:00,1.3181,1.3182,1.3129,1.3171,364710.0
2026-04-03 20:00:00+00:00,1.3168,1.3188,1.3158,1.3162,55394.0
2026-04-03 21:00:00+00:00,1.3161,1.319,1.3127,1.3181,62074.0
2026-04-03 22:00:00+00:00,1.3174,1.3218,1.3152,1.3162,129932.0
2026-04-03 23:00:00+00:00,1.3156,1.3183,1.312,1.3177,396000.0
2026-04-04 00:00:00+00:00,1.3175,1.3185,1.3154,1.3155,27129.0
2026-04-04 01:00:00+00:00,1.3155,1.3168,1.3139,1.3143,54231.0
2026-04-04 02:00:00+00:00,1.3142,1.3147,1.3127,1.3142,155390.0
2026-04-04 03:00:00+00:00,1.314,1.3166,1.3138,1.3153,119429.0
2026-04-04 04:00:00+00:00,1.3153,1.318,1.3148,1.3159,139455.0
2026-04-04 05:00:00+00:00,1.3157,1.318,1.3148,1.3165,201772.0
2026-04-04 06:00:00+00:00,1.3164,1.3202,1.3156,1.3193,235728.0
2026-04-04 07:00:00+00:00,1.3195,1.3196,1.3145,1.3155,387760.0
2026-04-04 08:00:00+00:00,1.3153,1.316,1.313,1.3136,229176.0
2026-04-04 09:00:00+00:00,1.3132,1.3138,1.3118,1.3118,245851.0
2026-04-04 10:00:00+00:00,1.312,1.3135,1.306,1.3135,621939.0
2026-04-04 11:00:00+00:00,1.3133,1.3158,1.3102,1.3115,452363.0
2026-04-04 12:00:00+00:00,1.3115,1.3115,1.3082,1.3098,335479.0
2026-04-04 13:00:00+00:00,1.3096,1.3108,1.3074,1.3087,189203.0
2026-04-04 14:00:00+00:00,1.3085,1.3122,1.3061,1.3119,297958.0
2026-04-04 15:00:00+00:00,1.3119,1.3162,1.3107,1.3122,523467.0
2026-04-04 16:00:00+00:00,1.3123,1.3151,1.31,1.3115,265724.0
2026-04-04 17:00:00+00:00,1.3115,1.3155,1.3111,1.3141,259294.0
2026-04-04 18:00:00+00:00,1.3139,1.3152,1.3127,1.3127,221252.0
2026-04-04 19:00:00+00:00,1.3128,1.3219,1.3125,1.3169,504149.0
2026-04-04 20:00:00+00:00,1.317,1.3177,1.3146,1.3161,678402.0
2026-04-04 21:00:00+00:00,1.3161,1.3181,1.3134,1.3167,91047.0
2026-04-04 22:00:00+00:00,1.3169,1.318,1.3155,1.3163,23956.0
2026-04-04 23:00:00+00:00,1.3161,1.3161,1.313,1.3145,30310.0
2026-04-05 00:00:00+00:00,1.3144,1.3146,1.3108,1.3117,99041.0
2026-04-05 01:00:00+00:00,1.3117,1.3136,1.3109,1.3121,197838.0
2026-04-05 02:00:00+00:00,1.3121,1.319,1.3096,1.3163,240327.0
2026-04-05 03:00:00+00:00,1.3161,1.3167,1.3125,1.3127,88755.0
2026-04-05 04:00:00+00:00,1.3127,1.3146,1.3085,1.3103,421733.0
2026-04-05 05:00:00+00:00,1.3101,1.3116,1.2991,1.3,720613.0
2026-04-05 06:00:00+00:00,1.3001,1.3026,1.2949,1.3006,700403.0
2026-04-05 07:00:00+00:00,1.3008,1.3029,1.2957,1.297,363369.0
2026-04-05 08:00:00+00:00,1.297,1.2986,1.2961,1.2983,174762.0
2026-04-05 09:00:00+00:00,1.2987,1.3012,1.2979,1.3003,177132.0
2026-04-05 10:00:00+00:00,1.3,1.3034,1.2973,1.2982,186895.0
2026-04-05 11:00:00+00:00,1.2981,1.2997,1.2968,1.2982,129784.0
2026-04-05 12:00:00+00:00,1.298,1.298,1.2779,1.2818,1221606.0
2026-04-05 13:00:00+00:00,1.2816,1.2917,1.2794,1.2881,878274.0
2026-04-05 14:00:00+00:00,1.2883,1.29,1.2845,1.2855,244408.0
2026-04-05 15:00:00+00:00,1.2854,1.3055,1.2827,1.2958,1003857.0
2026-04-05 16:00:00+00:00,1.2958,1.3015,1.2958,1.2971,216211.0
2026-04-05 17:00:00+00:00,1.2971,1.3025,1.2961,1.3018,322641.0
2026-04-05 18:00:00+00:00,1.3014,1.3037,1.2982,1.3021,289487.0
2026-04-05 19:00:00+00:00,1.3024,1.3069,1.2987,1.3001,301076.0
2026-04-05 20:00:00+00:00,1.3001,1.3049,1.299,1.3036,95861.0
2026-04-05 21:00:00+00:00,1.3037,1.3038,1.2978,1.3003,96371.0
2026-04-05 22:00:00+00:00,1.3002,1.3128,1.2964,1.312,300701.0
2026-04-05 23:00:00+00:00,1.3122,1.3316,1.3109,1.326,750749.0
2026-04-06 00:00:00+00:00,1.3288,1.3394,1.3284,1.3312,559264.0
2026-04-06 01:00:00+00:00,1.3315,1.3331,1.3253,1.3286,324145.0
2026-04-06 02:00:00+00:00,1.329,1.3484,1.3289,1.3401,724303.0
2026-04-06 03:00:00+00:00,1.3403,1.3417,1.336,1.3378,280987.0
2026-04-06 04:00:00+00:00,1.3382,1.3421,1.3356,1.3395,378425.0
2026-04-06 05:00:00+00:00,1.3395,1.3405,1.3361,1.3399,282098.0
2026-04-06 06:00:00+00:00,1.34,1.3462,1.3382,1.3408,426096.0
2026-04-06 07:00:00+00:00,1.3407,1.3457,1.337,1.3436,464274.0
2026-04-06 08:00:00+00:00,1.344,1.3462,1.3382,1.3386,344439.0
2026-04-06 09:00:00+00:00,1.3388,1.357,1.3375,1.3521,1042072.0
2026-04-06 10:00:00+00:00,1.3529,1.3564,1.3514,1.3529,351871.0
2026-04-06 11:00:00+00:00,1.3528,1.3528,1.3475,1.3493,516594.0
2026-04-06 12:00:00+00:00,1.3493,1.3504,1.3418,1.3428,441955.0
2026-04-06 13:00:00+00:00,1.343,1.3477,1.3417,1.3466,584812.0
2026-04-06 14:00:00+00:00,1.3459,1.3529,1.34,1.3473,1070598.0
2026-04-06 15:00:00+00:00,1.3471,1.3505,1.3439,1.35,407468.0
2026-04-06 16:00:00+00:00,1.3499,1.353,1.3419,1.343,623777.0
2026-04-06 17:00:00+00:00,1.3428,1.3433,1.3343,1.3387,900712.0
2026-04-06 18:00:00+00:00,1.3386,1.3421,1.3364,1.3407,304019.0
2026-04-06 19:00:00+00:00,1.34,1.343,1.337,1.341,149949.0
2026-04-06 20:00:00+00:00,1.3409,1.3433,1.3395,1.3409,97365.0
2026-04-06 21:00:00+00:00,1.3398,1.3398,1.3345,1.335,125038.0
2026-04-06 22:00:00+00:00,1.3345,1.3345,1.3179,1.3179,411641.0
2026-04-06 23:00:00+00:00,1.3177,1.3219,1.3117,1.3203,207506.0
2026-04-07 00:00:00+00:00,1.3199,1.3253,1.3193,1.3203,175266.0
2026-04-07 01:00:00+00:00,1.3203,1.3241,1.3138,1.3139,314953.0
2026-04-07 02:00:00+00:00,1.3138,1.3191,1.312,1.3164,305239.0
2026-04-07 03:00:00+00:00,1.3161,1.3178,1.3141,1.3166,172823.0
2026-04-07 04:00:00+00:00,1.3163,1.32,1.3125,1.3175,298077.0
2026-04-07 05:00:00+00:00,1.3172,1.3182,1.3088,1.3109,391412.0
2026-04-07 06:00:00+00:00,1.3109,1.3117,1.3049,1.311,343113.0
2026-04-07 07:00:00+00:00,1.3107,1.3158,1.3102,1.3121,249854.0
2026-04-07 08:00:00+00:00,1.3121,1.3223,1.3102,1.3191,405079.0
2026-04-07 09:00:00+00:00,1.3193,1.3243,1.3174,1.3194,634055.0
2026-04-07 10:00:00+00:00,1.3194,1.3211,1.3053,1.3065,578539.0
2026-04-07 11:00:00+00:00,1.3067,1.3088,1.303,1.3056,322711.0
2026-04-07 12:00:00+00:00,1.3053,1.3119,1.3004,1.308,689367.0
2026-04-07 13:00:00+00:00,1.3078,1.3128,1.3044,1.3044,493171.0
2026-04-07 14:00:00+00:00,1.3042,1.3048,1.2958,1.296,765968.0
2026-04-07 15:00:00+00:00,1.2958,1.3017,1.2941,1.297,410023.0
2026-04-07 16:00:00+00:00,1.2968,1.3026,1.2948,1.3,511130.0
2026-04-07 17:00:00+00:00,1.3003,1.3145,1.2986,1.308,819832.0
2026-04-07 18:00:00+00:00,1.3082,1.3093,1.2993,1.3016,354723.0
2026-04-07 19:00:00+00:00,1.3015,1.3156,1.3009,1.3138,347312.0
2026-04-07 20:00:00+00:00,1.3144,1.3216,1.3131,1.3176,466116.0
2026-04-07 21:00:00+00:00,1.318,1.34,1.318,1.3372,823224.0
2026-04-07 22:00:00+00:00,1.339,1.3733,1.3369,1.3726,690273.0
2026-04-07 23:00:00+00:00,1.3733,1.3958,1.3665,1.3782,723805.0
2026-04-08 00:00:00+00:00,1.378,1.3828,1.3594,1.3662,567470.0
2026-04-08 01:00:00+00:00,1.366,1.3729,1.3632,1.3689,366701.0
2026-04-08 02:00:00+00:00,1.3695,1.3757,1.3676,1.3742,445379.0
2026-04-08 03:00:00+00:00,1.3738,1.3771,1.3683,1.3698,474865.0
2026-04-08 04:00:00+00:00,1.3698,1.3776,1.3687,1.376,372442.0
2026-04-08 05:00:00+00:00,1.3756,1.3874,1.3755,1.3838,684929.0
2026-04-08 06:00:00+00:00,1.3846,1.3863,1.3792,1.3798,380889.0
2026-04-08 07:00:00+00:00,1.3797,1.3843,1.3772,1.3796,286243.0
2026-04-08 08:00:00+00:00,1.3796,1.3837,1.3775,1.3808,345432.0
2026-04-08 09:00:00+00:00,1.381,1.3871,1.3771,1.3803,352798.0
2026-04-08 10:00:00+00:00,1.3809,1.3845,1.3783,1.3832,283116.0
2026-04-08 11:00:00+00:00,1.3828,1.385,1.3712,1.3777,603630.0
2026-04-08 12:00:00+00:00,1.3779,1.3833,1.3744,1.3799,634893.0
2026-04-08 13:00:00+00:00,1.3798,1.3894,1.373,1.3738,987119.0
2026-04-08 14:00:00+00:00,1.3734,1.3744,1.3452,1.3496,1323918.0
2026-04-08 15:00:00+00:00,1.3499,1.3564,1.3485,1.3544,580557.0
2026-04-08 16:00:00+00:00,1.3542,1.359,1.3517,1.3565,489605.0
2026-04-08 17:00:00+00:00,1.3571,1.3634,1.3541,1.3616,541980.0
2026-04-08 18:00:00+00:00,1.3617,1.3617,1.3468,1.3479,546152.0
2026-04-08 19:00:00+00:00,1.3468,1.3516,1.344,1.3516,690962.0
2026-04-08 20:00:00+00:00,1.3514,1.353,1.3458,1.3477,136107.0
2026-04-08 21:00:00+00:00,1.3479,1.3569,1.3473,1.3521,387697.0
2026-04-08 22:00:00+00:00,1.3516,1.3522,1.3438,1.3442,367508.0
2026-04-08 23:00:00+00:00,1.3434,1.3455,1.3382,1.3423,270356.0
2026-04-09 00:00:00+00:00,1.3413,1.3426,1.3337,1.3391,247989.0
2026-04-09 01:00:00+00:00,1.3389,1.3398,1.326,1.3336,642614.0
2026-04-09 02:00:00+00:00,1.3343,1.3361,1.3315,1.3337,223674.0
2026-04-09 03:00:00+00:00,1.3334,1.3364,1.3291,1.3305,144760.0
2026-04-09 04:00:00+00:00,1.3305,1.3321,1.3271,1.3307,246014.0
2026-04-09 05:00:00+00:00,1.3309,1.3352,1.3303,1.3324,173070.0
2026-04-09 06:00:00+00:00,1.3327,1.335,1.3257,1.3325,271920.0
2026-04-09 07:00:00+00:00,1.3325,1.3332,1.3296,1.3314,143670.0
2026-04-09 08:00:00+00:00,1.3314,1.3358,1.3298,1.3345,214993.0
2026-04-09 09:00:00+00:00,1.3343,1.3382,1.3329,1.3372,315672.0
2026-04-09 10:00:00+00:00,1.3373,1.3379,1.3323,1.3324,267769.0
2026-04-09 11:00:00+00:00,1.3322,1.3344,1.3247,1.329,552848.0
2026-04-09 12:00:00+00:00,1.3291,1.3321,1.3255,1.3306,316930.0
2026-04-09 13:00:00+00:00,1.3315,1.3324,1.3257,1.3288,433622.0
2026-04-09 14:00:00+00:00,1.3291,1.3333,1.3211,1.332,832964.0
2026-04-09 15:00:00+00:00,1.3322,1.3544,1.3294,1.3518,1722843.0
2026-04-09 16:00:00+00:00,1.352,1.3592,1.3455,1.3518,882876.0
2026-04-09 17:00:00+00:00,1.3519,1.3598,1.3511,1.3582,852028.0
2026-04-09 18:00:00+00:00,1.3586,1.359,1.3499,1.3546,667764.0
2026-04-09 19:00:00+00:00,1.3543,1.3601,1.3514,1.3562,634366.0
2026-04-09 20:00:00+00:00,1.3555,1.3587,1.3532,1.3561,83814.0
2026-04-09 21:00:00+00:00,1.3563,1.3611,1.3505,1.3523,180351.0
2026-04-09 22:00:00+00:00,1.3532,1.3693,1.351,1.3516,343689.0
2026-04-09 23:00:00+00:00,1.3522,1.3524,1.3412,1.3429,192795.0
2026-04-10 00:00:00+00:00,1.3431,1.3473,1.3403,1.3439,143556.0
2026-04-10 01:00:00+00:00,1.344,1.35,1.3395,1.343,227522.0
2026-04-10 02:00:00+00:00,1.3429,1.3466,1.3411,1.343,187977.0
2026-04-10 03:00:00+00:00,1.343,1.3452,1.3401,1.3409,135680.0
2026-04-10 04:00:00+00:00,1.3411,1.348,1.3407,1.3459,86332.0
2026-04-10 05:00:00+00:00,1.3458,1.3482,1.3421,1.3434,288017.0
2026-04-10 06:00:00+00:00,1.3429,1.3462,1.339,1.3415,244094.0
2026-04-10 07:00:00+00:00,1.3419,1.3424,1.3353,1.3368,465605.0
2026-04-10 08:00:00+00:00,1.3368,1.3463,1.3342,1.3388,319990.0
2026-04-10 09:00:00+00:00,1.3385,1.342,1.335,1.3382,225520.0
2026-04-10 10:00:00+00:00,1.3381,1.3398,1.3353,1.3369,209502.0
2026-04-10 11:00:00+00:00,1.3365,1.3434,1.3363,1.3409,817819.0
2026-04-10 12:00:00+00:00,1.3409,1.3464,1.339,1.3427,497354.0
2026-04-10 13:00:00+00:00,1.3425,1.3448,1.337,1.3439,495103.0
2026-04-10 14:00:00+00:00,1.3436,1.3578,1.3425,1.3575,1119845.0
2026-04-10 15:00:00+00:00,1.3575,1.3602,1.3458,1.3474,1101295.0
2026-04-10 16:00:00+00:00,1.3478,1.3534,1.3467,1.3507,835025.0
2026-04-10 17:00:00+00:00,1.3506,1.3555,1.348,1.3548,589566.0
2026-04-10 18:00:00+00:00,1.355,1.3598,1.3526,1.3595,642307.0
2026-04-10 19:00:00+00:00,1.3594,1.363,1.3578,1.3621,539219.0
2026-04-10 20:00:00+00:00,1.3624,1.3655,1.3592,1.3637,247879.0
2026-04-10 21:00:00+00:00,1.3635,1.3637,1.3574,1.3597,109951.0
2026-04-10 22:00:00+00:00,1.3601,1.3607,1.3544,1.3557,53412.0
2026-04-10 23:00:00+00:00,1.3556,1.3563,1.3537,1.3552,106015.0
2026-04-11 00:00:00+00:00,1.3556,1.356,1.3529,1.3541,163094.0
2026-04-11 01:00:00+00:00,1.3536,1.3536,1.3493,1.3522,166682.0
2026-04-11 02:00:00+00:00,1.3529,1.3567,1.352,1.3543,181143.0
2026-04-11 03:00:00+00:00,1.3545,1.3567,1.3496,1.3499,391491.0
2026-04-11 04:00:00+00:00,1.3497,1.3516,1.3475,1.3504,414060.0
2026-04-11 05:00:00+00:00,1.3505,1.3508,1.3454,1.3469,347290.0
2026-04-11 06:00:00+00:00,1.347,1.347,1.3434,1.3456,317730.0
2026-04-11 07:00:00+00:00,1.3456,1.3474,1.3449,1.3458,255734.0
2026-04-11 08:00:00+00:00,1.346,1.3479,1.3443,1.3445,292651.0
2026-04-11 09:00:00+00:00,1.3443,1.3483,1.3415,1.3472,604564.0
2026-04-11 10:00:00+00:00,1.3471,1.3475,1.3449,1.3468,250076.0
2026-04-11 11:00:00+00:00,1.3463,1.349,1.3436,1.3451,253797.0
2026-04-11 12:00:00+00:00,1.345,1.3459,1.3417,1.344,404157.0
2026-04-11 13:00:00+00:00,1.3436,1.3445,1.3395,1.3444,368118.0
2026-04-11 14:00:00+00:00,1.3444,1.3484,1.341,1.3418,584465.0
2026-04-11 15:00:00+00:00,1.3418,1.3463,1.3389,1.3454,346394.0
2026-04-11 16:00:00+00:00,1.3455,1.3577,1.3449,1.3541,1103480.0
2026-04-11 17:00:00+00:00,1.3542,1.3545,1.3506,1.3525,627431.0
2026-04-11 18:00:00+00:00,1.3528,1.3668,1.3507,1.3637,1109298.0
2026-04-11 19:00:00+00:00,1.364,1.375,1.3626,1.3707,702830.0
2026-04-11 20:00:00+00:00,1.371,1.3725,1.3578,1.3612,600685.0
2026-04-11 21:00:00+00:00,1.3611,1.3652,1.3592,1.3617,349987.0
2026-04-11 22:00:00+00:00,1.3613,1.3692,1.3593,1.3609,310011.0
2026-04-11 23:00:00+00:00,1.3605,1.3605,1.3507,1.3541,336655.0
2026-04-12 00:00:00+00:00,1.3535,1.3542,1.3509,1.3531,199778.0
2026-04-12 01:00:00+00:00,1.3531,1.3554,1.3251,1.3288,1054202.0
2026-04-12 02:00:00+00:00,1.3277,1.3362,1.3244,1.3333,684763.0
2026-04-12 03:00:00+00:00,1.3336,1.3356,1.3293,1.3294,291467.0
2026-04-12 04:00:00+00:00,1.3292,1.3302,1.3261,1.3273,271115.0
2026-04-12 05:00:00+00:00,1.3273,1.3305,1.3261,1.3297,179213.0
2026-04-12 06:00:00+00:00,1.3296,1.3318,1.328,1.329,172004.0
2026-04-12 07:00:00+00:00,1.3288,1.3303,1.3267,1.3288,122701.0
2026-04-12 08:00:00+00:00,1.3288,1.3312,1.3271,1.328,145349.0
2026-04-12 09:00:00+00:00,1.3279,1.3311,1.3256,1.3295,204186.0
2026-04-12 10:00:00+00:00,1.3299,1.3323,1.3289,1.3299,248957.0
2026-04-12 11:00:00+00:00,1.33,1.3332,1.3291,1.3322,206412.0
2026-04-12 12:00:00+00:00,1.3321,1.3339,1.3267,1.3311,281775.0
2026-04-12 13:00:00+00:00,1.3303,1.3322,1.3223,1.3227,464915.0
2026-04-12 14:00:00+00:00,1.3227,1.327,1.3211,1.3219,332814.0
2026-04-12 15:00:00+00:00,1.3223,1.3245,1.3187,1.3233,331038.0
2026-04-12 16:00:00+00:00,1.3231,1.3276,1.3226,1.3275,216376.0
2026-04-12 17:00:00+00:00,1.3275,1.3279,1.3275,1.3278,42466.0
2026-04-12 18:00:00+00:00,1.3278,1.3278,1.3278,1.3278,0.0
2026-04-12 19:00:00+00:00,1.3302,1.3313,1.3293,1.3305,212925.0
2026-04-12 20:00:00+00:00,1.3305,1.339,1.329,1.3358,238376.0
2026-04-12 21:00:00+00:00,1.3362,1.3386,1.333,1.3349,113182.0
2026-04-12 22:00:00+00:00,1.3354,1.3354,1.3224,1.3275,157429.0
2026-04-12 23:00:00+00:00,1.3268,1.3268,1.3217,1.3237,74121.0
2026-04-13 00:00:00+00:00,1.3238,1.3329,1.3227,1.3311,67962.0
2026-04-13 01:00:00+00:00,1.3313,1.3326,1.3259,1.3319,128309.0
2026-04-13 02:00:00+00:00,1.3319,1.3328,1.3237,1.3247,157945.0
2026-04-13 03:00:00+00:00,1.3254,1.3285,1.3236,1.3248,160144.0
2026-04-13 04:00:00+00:00,1.3247,1.3268,1.3186,1.3224,295023.0
2026-04-13 05:00:00+00:00,1.3224,1.3315,1.3212,1.3312,366150.0
2026-04-13 06:00:00+00:00,1.3306,1.3367,1.3306,1.3341,307288.0
2026-04-13 07:00:00+00:00,1.3349,1.335,1.3247,1.3249,297255.0
2026-04-13 08:00:00+00:00,1.3249,1.3279,1.3222,1.325,213368.0
2026-04-13 09:00:00+00:00,1.3255,1.3301,1.3245,1.326,193018.0
2026-04-13 10:00:00+00:00,1.326,1.3262,1.323,1.3244,271953.0
2026-04-13 11:00:00+00:00,1.3251,1.3276,1.3244,1.3251,221630.0
2026-04-13 12:00:00+00:00,1.325,1.3332,1.3227,1.3315,841660.0
2026-04-13 13:00:00+00:00,1.3319,1.3408,1.327,1.3392,660402.0
2026-04-13 14:00:00+00:00,1.3391,1.3466,1.3313,1.3452,698657.0
2026-04-13 15:00:00+00:00,1.3452,1.346,1.3306,1.3342,474143.0
2026-04-13 16:00:00+00:00,1.334,1.3419,1.3289,1.3393,545573.0
2026-04-13 17:00:00+00:00,1.3392,1.345,1.3367,1.3376,458860.0
2026-04-13 18:00:00+00:00,1.3374,1.3401,1.3338,1.34,562148.0
2026-04-13 19:00:00+00:00,1.3399,1.3553,1.3386,1.3531,849500.0
2026-04-13 20:00:00+00:00,1.353,1.355,1.3462,1.3468,291674.0
2026-04-13 21:00:00+00:00,1.3466,1.353,1.3434,1.3505,182834.0
2026-04-13 22:00:00+00:00,1.35,1.3767,1.35,1.3746,970956.0
2026-04-13 23:00:00+00:00,1.3743,1.3832,1.3703,1.3754,857697.0
2026-04-14 00:00:00+00:00,1.3762,1.3766,1.3604,1.3613,765427.0
2026-04-14 01:00:00+00:00,1.3616,1.3677,1.3591,1.366,272137.0
2026-04-14 02:00:00+00:00,1.3661,1.3705,1.3641,1.3678,255668.0
2026-04-14 03:00:00+00:00,1.3677,1.3677,1.365,1.3667,197127.0
2026-04-14 04:00:00+00:00,1.3663,1.3679,1.36,1.363,280216.0
2026-04-14 05:00:00+00:00,1.363,1.365,1.3608,1.3617,215637.0
2026-04-14 06:00:00+00:00,1.362,1.3727,1.362,1.3707,375018.0
2026-04-14 07:00:00+00:00,1.3707,1.3767,1.3675,1.3678,449864.0
2026-04-14 08:00:00+00:00,1.3678,1.3751,1.3661,1.373,310693.0
2026-04-14 09:00:00+00:00,1.373,1.3755,1.3706,1.3729,263928.0
2026-04-14 10:00:00+00:00,1.3729,1.3729,1.3683,1.3696,184972.0
2026-04-14 11:00:00+00:00,1.3694,1.3741,1.3674,1.3685,292433.0
2026-04-14 12:00:00+00:00,1.3685,1.3709,1.3644,1.3666,380184.0
2026-04-14 13:00:00+00:00,1.3668,1.3935,1.3666,1.3922,1265616.0
2026-04-14 14:00:00+00:00,1.3925,1.3952,1.3717,1.3717,1492253.0
2026-04-14 15:00:00+00:00,1.3712,1.3789,1.3667,1.3739,922360.0
2026-04-14 16:00:00+00:00,1.3742,1.3804,1.3657,1.3678,581179.0
2026-04-14 17:00:00+00:00,1.3677,1.374,1.3645,1.3682,578590.0
2026-04-14 18:00:00+00:00,1.3685,1.3701,1.3518,1.354,718465.0
2026-04-14 19:00:00+00:00,1.354,1.3603,1.3518,1.3603,347851.0
2026-04-14 20:00:00+00:00,1.3597,1.3609,1.3546,1.3558,148579.0
2026-04-14 21:00:00+00:00,1.3569,1.3614,1.356,1.3599,97071.0
2026-04-14 22:00:00+00:00,1.359,1.3651,1.355,1.3577,128053.0
2026-04-14 23:00:00+00:00,1.3571,1.3653,1.3567,1.3613,55980.0
2026-04-15 00:00:00+00:00,1.3613,1.366,1.3571,1.3616,92123.0
2026-04-15 01:00:00+00:00,1.3614,1.3645,1.3587,1.3623,117162.0
2026-04-15 02:00:00+00:00,1.3622,1.3638,1.3548,1.3569,166716.0
2026-04-15 03:00:00+00:00,1.3568,1.3578,1.3554,1.3573,120568.0
2026-04-15 04:00:00+00:00,1.3573,1.36,1.357,1.3585,112203.0
2026-04-15 05:00:00+00:00,1.3586,1.361,1.3548,1.3581,235531.0
2026-04-15 06:00:00+00:00,1.358,1.3582,1.3535,1.3552,198608.0
2026-04-15 07:00:00+00:00,1.3553,1.3562,1.3497,1.3516,336644.0
2026-04-15 08:00:00+00:00,1.3514,1.3568,1.3501,1.3549,221298.0
2026-04-15 09:00:00+00:00,1.3551,1.3555,1.35,1.352,145247.0
2026-04-15 10:00:00+00:00,1.3517,1.3592,1.3512,1.3556,275310.0
2026-04-15 11:00:00+00:00,1.356,1.3643,1.3558,1.363,313708.0
2026-04-15 12:00:00+00:00,1.363,1.3685,1.3606,1.3651,258578.0
2026-04-15 13:00:00+00:00,1.3649,1.3677,1.3611,1.3667,261232.0
2026-04-15 14:00:00+00:00,1.3667,1.379,1.3637,1.3758,663371.0
2026-04-15 15:00:00+00:00,1.3763,1.3832,1.3713,1.3728,624073.0
2026-04-15 16:00:00+00:00,1.3728,1.3819,1.3713,1.3782,441802.0
2026-04-15 17:00:00+00:00,1.378,1.3839,1.3752,1.3797,551939.0
2026-04-15 18:00:00+00:00,1.3795,1.387,1.3783,1.3862,514119.0
2026-04-15 19:00:00+00:00,1.3862,1.4085,1.3839,1.3997,715401.0
2026-04-15 20:00:00+00:00,1.3998,1.3998,1.3852,1.3879,258777.0
2026-04-15 21:00:00+00:00,1.3878,1.3885,1.3803,1.3883,113356.0
2026-04-15 22:00:00+00:00,1.3886,1.4024,1.3886,1.3933,191889.0
2026-04-15 23:00:00+00:00,1.3933,1.3935,1.3853,1.391,41777.0
2026-04-16 00:00:00+00:00,1.392,1.3978,1.387,1.3966,138356.0
2026-04-16 01:00:00+00:00,1.3965,1.4017,1.3902,1.399,196791.0
2026-04-16 02:00:00+00:00,1.3999,1.4099,1.396,1.407,378643.0
2026-04-16 03:00:00+00:00,1.4059,1.415,1.4048,1.4056,491353.0
2026-04-16 04:00:00+00:00,1.4056,1.4108,1.4012,1.4032,294803.0
2026-04-16 05:00:00+00:00,1.4028,1.4067,1.4003,1.405,286042.0
2026-04-16 06:00:00+00:00,1.4055,1.4094,1.4036,1.4093,176857.0
2026-04-16 07:00:00+00:00,1.409,1.4122,1.4038,1.4055,277886.0
2026-04-16 08:00:00+00:00,1.4055,1.409,1.4019,1.4048,233952.0
2026-04-16 09:00:00+00:00,1.4046,1.4226,1.4035,1.4165,629461.0
2026-04-16 10:00:00+00:00,1.4165,1.4171,1.4071,1.4077,472305.0
2026-04-16 11:00:00+00:00,1.4081,1.4089,1.401,1.4087,523443.0
2026-04-16 12:00:00+00:00,1.4089,1.4229,1.4088,1.4132,752311.0
2026-04-16 13:00:00+00:00,1.4132,1.4339,1.3983,1.4067,1280077.0
2026-04-16 14:00:00+00:00,1.4064,1.4125,1.3925,1.4098,829604.0
2026-04-16 15:00:00+00:00,1.4095,1.432,1.4067,1.4286,680585.0
2026-04-16 16:00:00+00:00,1.4291,1.4758,1.4152,1.4189,1227491.0
2026-04-16 17:00:00+00:00,1.4191,1.4292,1.4136,1.4268,448249.0
2026-04-16 18:00:00+00:00,1.4267,1.4482,1.4239,1.4462,649045.0
2026-04-16 19:00:00+00:00,1.4465,1.4656,1.4407,1.4643,678295.0
2026-04-16 20:00:00+00:00,1.4631,1.4656,1.4438,1.4519,430642.0
2026-04-16 21:00:00+00:00,1.453,1.4582,1.4454,1.4455,259287.0
2026-04-16 22:00:00+00:00,1.4467,1.4532,1.4467,1.4509,109775.0
2026-04-16 23:00:00+00:00,1.4494,1.4571,1.4473,1.4525,83873.0
2026-04-17 00:00:00+00:00,1.4522,1.455,1.4399,1.4401,182020.0
2026-04-17 01:00:00+00:00,1.44,1.4419,1.4269,1.4299,291356.0
2026-04-17 02:00:00+00:00,1.4298,1.431,1.422,1.4293,219813.0
2026-04-17 03:00:00+00:00,1.4291,1.4383,1.4266,1.4302,240747.0
2026-04-17 04:00:00+00:00,1.4304,1.4336,1.4259,1.4314,381881.0
2026-04-17 05:00:00+00:00,1.4316,1.4363,1.4243,1.4244,401190.0
2026-04-17 06:00:00+00:00,1.4245,1.4331,1.4238,1.4317,206582.0
2026-04-17 07:00:00+00:00,1.4322,1.4392,1.4317,1.4368,435594.0
2026-04-17 08:00:00+00:00,1.4369,1.4474,1.4349,1.446,592396.0
2026-04-17 09:00:00+00:00,1.4461,1.4587,1.442,1.4513,898303.0
2026-04-17 10:00:00+00:00,1.4509,1.4528,1.4323,1.4365,629146.0
2026-04-17 11:00:00+00:00,1.4364,1.4478,1.436,1.4468,409481.0
2026-04-17 12:00:00+00:00,1.4471,1.4602,1.4434,1.4587,640901.0
2026-04-17 13:00:00+00:00,1.4582,1.4907,1.4549,1.4861,1704032.0
2026-04-17 14:00:00+00:00,1.4865,1.5092,1.4826,1.498,1461031.0
2026-04-17 15:00:00+00:00,1.4979,1.5005,1.4758,1.4854,940442.0
2026-04-17 16:00:00+00:00,1.4854,1.4999,1.485,1.4969,788468.0
2026-04-17 17:00:00+00:00,1.4971,1.4971,1.4767,1.4837,688029.0
2026-04-17 18:00:00+00:00,1.4835,1.4841,1.4727,1.4771,703034.0
2026-04-17 19:00:00+00:00,1.4773,1.492,1.4761,1.4866,342065.0
2026-04-17 20:00:00+00:00,1.4866,1.489,1.4748,1.4813,279372.0
2026-04-17 21:00:00+00:00,1.4812,1.4861,1.4778,1.4788,229385.0
2026-04-17 22:00:00+00:00,1.4788,1.4874,1.4766,1.4837,59372.0
2026-04-17 23:00:00+00:00,1.4839,1.4839,1.4713,1.4753,264986.0
2026-04-18 00:00:00+00:00,1.4751,1.4794,1.4714,1.475,120108.0
2026-04-18 01:00:00+00:00,1.4762,1.482,1.4721,1.4774,165894.0
2026-04-18 02:00:00+00:00,1.4754,1.4774,1.469,1.4755,128339.0
2026-04-18 03:00:00+00:00,1.4745,1.4746,1.4664,1.4675,225559.0
2026-04-18 04:00:00+00:00,1.468,1.4693,1.4628,1.4678,322821.0
2026-04-18 05:00:00+00:00,1.4679,1.4766,1.4674,1.4686,398000.0
2026-04-18 06:00:00+00:00,1.4683,1.4726,1.4632,1.4702,368255.0
2026-04-18 07:00:00+00:00,1.4699,1.4751,1.4682,1.4734,267876.0
2026-04-18 08:00:00+00:00,1.4736,1.4747,1.4449,1.4529,1243321.0
2026-04-18 09:00:00+00:00,1.4527,1.4535,1.4457,1.4499,366269.0
2026-04-18 10:00:00+00:00,1.4497,1.4497,1.4351,1.4392,600967.0
2026-04-18 11:00:00+00:00,1.4392,1.4393,1.4243,1.4308,666340.0
2026-04-18 12:00:00+00:00,1.4314,1.4372,1.4301,1.4351,337960.0
2026-04-18 13:00:00+00:00,1.4349,1.438,1.4289,1.4364,277440.0
2026-04-18 14:00:00+00:00,1.4369,1.4379,1.4318,1.4343,252054.0
2026-04-18 15:00:00+00:00,1.4342,1.4393,1.4301,1.4354,320457.0
2026-04-18 16:00:00+00:00,1.4352,1.4386,1.4307,1.4332,225179.0
2026-04-18 17:00:00+00:00,1.432,1.4334,1.4272,1.4311,227066.0
2026-04-18 18:00:00+00:00,1.4311,1.434,1.4232,1.4249,432745.0
2026-04-18 19:00:00+00:00,1.4256,1.4308,1.4243,1.4275,152981.0
2026-04-18 20:00:00+00:00,1.4268,1.4296,1.4235,1.4276,113684.0
2026-04-18 21:00:00+00:00,1.4277,1.4363,1.4276,1.4358,125487.0
2026-04-18 22:00:00+00:00,1.4353,1.4354,1.4297,1.4335,23597.0
2026-04-18 23:00:00+00:00,1.4339,1.4377,1.4314,1.4314,94649.0
2026-04-19 00:00:00+00:00,1.4317,1.4355,1.429,1.4321,71456.0
2026-04-19 01:00:00+00:00,1.433,1.4381,1.4288,1.4313,145338.0
2026-04-19 02:00:00+00:00,1.4313,1.4346,1.4235,1.4299,145366.0
2026-04-19 03:00:00+00:00,1.43,1.4334,1.4264,1.4289,127295.0
2026-04-19 04:00:00+00:00,1.4291,1.4331,1.4231,1.4299,153140.0
2026-04-19 05:00:00+00:00,1.4307,1.4426,1.4288,1.4296,704732.0
2026-04-19 06:00:00+00:00,1.4292,1.4304,1.4174,1.4281,757505.0
2026-04-19 07:00:00+00:00,1.4281,1.429,1.4141,1.4194,580367.0
2026-04-19 08:00:00+00:00,1.4189,1.4282,1.4146,1.4239,405148.0
2026-04-19 09:00:00+00:00,1.4241,1.4254,1.4123,1.4209,488433.0
2026-04-19 10:00:00+00:00,1.4203,1.427,1.4153,1.4225,385492.0
2026-04-19 11:00:00+00:00,1.4227,1.4303,1.4218,1.4288,408332.0
2026-04-19 12:00:00+00:00,1.4291,1.4326,1.4258,1.4312,624336.0
2026-04-19 13:00:00+00:00,1.4305,1.4462,1.4305,1.4376,984857.0
2026-04-19 14:00:00+00:00,1.4382,1.4418,1.4319,1.4371,489454.0
2026-04-19 15:00:00+00:00,1.4369,1.4382,1.4202,1.4309,680719.0
2026-04-19 16:00:00+00:00,1.4309,1.4316,1.4197,1.4216,364586.0
2026-04-19 17:00:00+00:00,1.421,1.4236,1.4109,1.4124,505763.0
2026-04-19 18:00:00+00:00,1.4129,1.4175,1.4107,1.4148,230005.0
2026-04-19 19:00:00+00:00,1.4159,1.4209,1.4159,1.4171,105466.0
2026-04-19 20:00:00+00:00,1.416,1.4168,1.409,1.4099,191249.0
2026-04-19 21:00:00+00:00,1.4099,1.4162,1.4085,1.4092,69368.0
2026-04-19 22:00:00+00:00,1.4088,1.4088,1.3919,1.399,462160.0
2026-04-19 23:00:00+00:00,1.3974,1.3976,1.392,1.3934,138420.0
2026-04-20 00:00:00+00:00,1.3933,1.4073,1.3929,1.405,270966.0
2026-04-20 01:00:00+00:00,1.4046,1.4111,1.4043,1.4076,150654.0
2026-04-20 02:00:00+00:00,1.4079,1.4082,1.4035,1.4075,167639.0
2026-04-20 03:00:00+00:00,1.4077,1.4127,1.407,1.4102,198425.0
2026-04-20 04:00:00+00:00,1.4101,1.4102,1.4053,1.4089,135770.0
2026-04-20 05:00:00+00:00,1.4089,1.409,1.3946,1.3987,525220.0
2026-04-20 06:00:00+00:00,1.3988,1.415,1.3986,1.4133,470177.0
2026-04-20 07:00:00+00:00,1.4143,1.4319,1.4106,1.4147,593979.0
2026-04-20 08:00:00+00:00,1.4147,1.417,1.407,1.4093,335071.0
2026-04-20 09:00:00+00:00,1.4088,1.4202,1.4074,1.4175,353563.0
2026-04-20 10:00:00+00:00,1.4174,1.4266,1.413,1.414,300639.0
2026-04-20 11:00:00+00:00,1.4138,1.4176,1.4115,1.4148,176747.0
2026-04-20 12:00:00+00:00,1.4146,1.4233,1.4123,1.4218,272822.0
2026-04-20 13:00:00+00:00,1.4219,1.4271,1.417,1.4244,405114.0
2026-04-20 14:00:00+00:00,1.4239,1.4312,1.4134,1.4158,598838.0
2026-04-20 15:00:00+00:00,1.4167,1.4344,1.408,1.4322,906155.0
2026-04-20 16:00:00+00:00,1.4324,1.4329,1.4218,1.4227,333118.0
2026-04-20 17:00:00+00:00,1.4228,1.4325,1.422,1.4268,807133.0
2026-04-20 18:00:00+00:00,1.4268,1.4367,1.4268,1.4317,1047743.0
2026-04-20 19:00:00+00:00,1.4322,1.4329,1.4272,1.4295,152633.0
2026-04-20 20:00:00+00:00,1.4295,1.4329,1.4241,1.4313,96089.0
2026-04-20 21:00:00+00:00,1.4316,1.4316,1.4238,1.4303,107252.0
2026-04-20 22:00:00+00:00,1.4294,1.4302,1.4246,1.4251,23169.0
2026-04-20 23:00:00+00:00,1.4237,1.4243,1.4207,1.4235,106082.0
2026-04-21 00:00:00+00:00,1.4237,1.4288,1.4237,1.4265,60496.0
2026-04-21 01:00:00+00:00,1.4268,1.4311,1.4247,1.425,101064.0
2026-04-21 02:00:00+00:00,1.4252,1.4261,1.4214,1.4214,174702.0
2026-04-21 03:00:00+00:00,1.4214,1.425,1.4187,1.4237,316173.0
2026-04-21 04:00:00+00:00,1.4234,1.4282,1.4231,1.4274,146980.0
2026-04-21 05:00:00+00:00,1.4274,1.433,1.4273,1.4311,200433.0
2026-04-21 06:00:00+00:00,1.4317,1.4408,1.4276,1.4365,543513.0
2026-04-21 07:00:00+00:00,1.4365,1.4419,1.4317,1.4386,289557.0
2026-04-21 08:00:00+00:00,1.4386,1.4489,1.4369,1.442,498623.0
2026-04-21 09:00:00+00:00,1.4419,1.4441,1.4372,1.441,337773.0
2026-04-21 10:00:00+00:00,1.4411,1.4465,1.4374,1.4438,361691.0
2026-04-21 11:00:00+00:00,1.444,1.444,1.4373,1.4394,246604.0
2026-04-21 12:00:00+00:00,1.4397,1.44,1.4255,1.4317,561874.0
2026-04-21 13:00:00+00:00,1.4322,1.4352,1.4283,1.4326,242022.0
2026-04-21 14:00:00+00:00,1.4329,1.4445,1.4297,1.4311,780134.0
2026-04-21 15:00:00+00:00,1.4312,1.433,1.4251,1.432,402013.0
2026-04-21 16:00:00+00:00,1.4323,1.4356,1.427,1.4281,337618.0
2026-04-21 17:00:00+00:00,1.4279,1.43,1.4129,1.4236,736150.0
2026-04-21 18:00:00+00:00,1.4234,1.4266,1.4194,1.4261,166474.0
2026-04-21 19:00:00+00:00,1.4267,1.431,1.4107,1.4127,204659.0
2026-04-21 20:00:00+00:00,1.4126,1.4283,1.4118,1.4247,103405.0
2026-04-21 21:00:00+00:00,1.4241,1.4243,1.4198,1.4224,21545.0
2026-04-21 22:00:00+00:00,1.4215,1.4231,1.416,1.4216,26972.0
2026-04-21 23:00:00+00:00,1.4216,1.4335,1.4216,1.4327,138519.0
2026-04-22 00:00:00+00:00,1.4338,1.434,1.4299,1.4304,73432.0
2026-04-22 01:00:00+00:00,1.4314,1.4315,1.4264,1.4288,61429.0
2026-04-22 02:00:00+00:00,1.429,1.4489,1.4261,1.448,602324.0
2026-04-22 03:00:00+00:00,1.4485,1.4501,1.4404,1.4429,284633.0
2026-04-22 04:00:00+00:00,1.4434,1.4466,1.4411,1.4437,377346.0
2026-04-22 05:00:00+00:00,1.4446,1.4602,1.4425,1.4539,841617.0
2026-04-22 06:00:00+00:00,1.4536,1.456,1.4515,1.456,177737.0
2026-04-22 07:00:00+00:00,1.4561,1.4575,1.4509,1.4537,203631.0
2026-04-22 08:00:00+00:00,1.4542,1.455,1.4492,1.4517,153265.0
2026-04-22 09:00:00+00:00,1.4517,1.4541,1.4498,1.451,163419.0
2026-04-22 10:00:00+00:00,1.4509,1.452,1.4481,1.4502,257818.0
2026-04-22 11:00:00+00:00,1.4502,1.454,1.4486,1.4535,284575.0
2026-04-22 12:00:00+00:00,1.4539,1.4548,1.4466,1.45,415572.0
2026-04-22 13:00:00+00:00,1.4498,1.4604,1.4471,1.4581,858084.0
2026-04-22 14:00:00+00:00,1.4584,1.4621,1.4511,1.457,572444.0
2026-04-22 15:00:00+00:00,1.4576,1.4601,1.4517,1.4558,277142.0
2026-04-22 16:00:00+00:00,1.4562,1.4584,1.4455,1.4461,516925.0
2026-04-22 17:00:00+00:00,1.4462,1.4517,1.4452,1.4485,338609.0
2026-04-22 18:00:00+00:00,1.4489,1.4525,1.4471,1.4473,153414.0
2026-04-22 19:00:00+00:00,1.4473,1.4476,1.4366,1.4405,385216.0
2026-04-22 20:00:00+00:00,1.4395,1.4423,1.4337,1.4364,102763.0
2026-04-22 21:00:00+00:00,1.4364,1.441,1.4363,1.441,50443.0
2026-04-22 22:00:00+00:00,1.4408,1.4411,1.4345,1.4374,73446.0
2026-04-22 23:00:00+00:00,1.4371,1.4371,1.428,1.4286,135049.0
2026-04-23 00:00:00+00:00,1.4286,1.4301,1.4163,1.4278,333804.0
2026-04-23 01:00:00+00:00,1.428,1.4287,1.4202,1.4251,169366.0
2026-04-23 02:00:00+00:00,1.4248,1.4252,1.4145,1.4183,279637.0
2026-04-23 03:00:00+00:00,1.418,1.4207,1.4107,1.415,185153.0
2026-04-23 04:00:00+00:00,1.4155,1.4184,1.4146,1.4172,141367.0
2026-04-23 05:00:00+00:00,1.4171,1.4199,1.4142,1.4187,179157.0
2026-04-23 06:00:00+00:00,1.4193,1.4245,1.4192,1.4229,202365.0
2026-04-23 07:00:00+00:00,1.4231,1.4236,1.4193,1.4202,116072.0
2026-04-23 08:00:00+00:00,1.4202,1.4208,1.4145,1.4175,201049.0
2026-04-23 09:00:00+00:00,1.4176,1.4182,1.4113,1.4145,209116.0
2026-04-23 10:00:00+00:00,1.414,1.4156,1.4081,1.41,183025.0
2026-04-23 11:00:00+00:00,1.4108,1.417,1.4104,1.4157,130257.0
2026-04-23 12:00:00+00:00,1.4158,1.4203,1.4146,1.4181,181893.0
2026-04-23 13:00:00+00:00,1.4181,1.4193,1.4136,1.4156,131738.0
2026-04-23 14:00:00+00:00,1.4149,1.4297,1.4134,1.4294,516578.0
2026-04-23 15:00:00+00:00,1.4296,1.4365,1.4251,1.431,428434.0
2026-04-23 16:00:00+00:00,1.4311,1.4324,1.4269,1.4289,186594.0
2026-04-23 17:00:00+00:00,1.4296,1.4362,1.4207,1.4348,963758.0
2026-04-23 18:00:00+00:00,1.4348,1.4407,1.431,1.431,516547.0
2026-04-23 19:00:00+00:00,1.4308,1.4332,1.4263,1.4289,336532.0
2026-04-23 20:00:00+00:00,1.4289,1.4367,1.4273,1.4324,96179.0
2026-04-23 21:00:00+00:00,1.4326,1.4374,1.4302,1.4344,58739.0
2026-04-23 22:00:00+00:00,1.434,1.4387,1.4333,1.4359,23429.0
2026-04-23 23:00:00+00:00,1.4353,1.4395,1.4318,1.4381,52205.0
2026-04-24 00:00:00+00:00,1.4387,1.44,1.4371,1.44,82024.0
2026-04-24 01:00:00+00:00,1.44,1.4443,1.4314,1.4435,258301.0
2026-04-24 02:00:00+00:00,1.4438,1.445,1.436,1.4372,128840.0
2026-04-24 03:00:00+00:00,1.4371,1.4381,1.4276,1.4299,173997.0
2026-04-24 04:00:00+00:00,1.4301,1.4303,1.4255,1.4286,151851.0
2026-04-24 05:00:00+00:00,1.428,1.433,1.4251,1.4322,166233.0
2026-04-24 06:00:00+00:00,1.4325,1.4325,1.4294,1.4294,60196.0
2026-04-24 07:00:00+00:00,1.4293,1.4324,1.4278,1.432,78403.0
2026-04-24 08:00:00+00:00,1.4322,1.4779,1.4292,1.4309,223765.0
2026-04-24 09:00:00+00:00,1.4309,1.4312,1.4242,1.4252,203447.0
2026-04-24 10:00:00+00:00,1.4249,1.4322,1.4232,1.431,163064.0
2026-04-24 11:00:00+00:00,1.4313,1.4399,1.4313,1.4378,371819.0
2026-04-24 12:00:00+00:00,1.438,1.4409,1.4324,1.4343,328342.0
2026-04-24 13:00:00+00:00,1.4347,1.444,1.4331,1.4353,603370.0
2026-04-24 14:00:00+00:00,1.4351,1.4381,1.4273,1.4329,420920.0
2026-04-24 15:00:00+00:00,1.4327,1.4475,1.428,1.4472,644945.0
2026-04-24 16:00:00+00:00,1.4475,1.4501,1.4371,1.4397,509863.0
2026-04-24 17:00:00+00:00,1.4397,1.442,1.4352,1.4403,206771.0
2026-04-24 18:00:00+00:00,1.4406,1.4414,1.4329,1.4386,264869.0
2026-04-24 19:00:00+00:00,1.4385,1.4415,1.4358,1.4388,124995.0
2026-04-24 20:00:00+00:00,1.4379,1.4414,1.4342,1.4409,105847.0
2026-04-24 21:00:00+00:00,1.4398,1.4426,1.4361,1.437,22304.0
2026-04-24 22:00:00+00:00,1.437,1.4374,1.4294,1.4309,87786.0
2026-04-24 23:00:00+00:00,1.4313,1.4332,1.4307,1.4325,34422.0
2026-04-25 00:00:00+00:00,1.4323,1.4339,1.4311,1.4329,83675.0
2026-04-25 01:00:00+00:00,1.4333,1.4365,1.4329,1.4355,76612.0
2026-04-25 02:00:00+00:00,1.4356,1.4373,1.4328,1.4328,101786.0
2026-04-25 03:00:00+00:00,1.4331,1.4365,1.4321,1.4353,127717.0
2026-04-25 04:00:00+00:00,1.4361,1.4366,1.4329,1.4336,128545.0
2026-04-25 05:00:00+00:00,1.4333,1.4333,1.4306,1.4318,96682.0
2026-04-25 06:00:00+00:00,1.432,1.4343,1.4302,1.4324,104269.0
2026-04-25 07:00:00+00:00,1.432,1.4342,1.4305,1.4331,75720.0
2026-04-25 08:00:00+00:00,1.4324,1.4346,1.4315,1.4342,76833.0
2026-04-25 09:00:00+00:00,1.4344,1.4362,1.4323,1.4349,214820.0
2026-04-25 10:00:00+00:00,1.4348,1.4361,1.4341,1.4352,144437.0
2026-04-25 11:00:00+00:00,1.4352,1.4352,1.4287,1.43,269647.0
2026-04-25 12:00:00+00:00,1.4302,1.4309,1.4274,1.4287,191997.0
2026-04-25 13:00:00+00:00,1.4287,1.4318,1.4279,1.4302,101794.0
2026-04-25 14:00:00+00:00,1.4307,1.431,1.4282,1.4285,136019.0
2026-04-25 15:00:00+00:00,1.4283,1.4305,1.4242,1.4249,283269.0
2026-04-25 16:00:00+00:00,1.4248,1.4273,1.4195,1.4235,322888.0
2026-04-25 17:00:00+00:00,1.4233,1.424,1.4183,1.4192,249754.0
2026-04-25 18:00:00+00:00,1.419,1.4221,1.4187,1.4205,96532.0
2026-04-25 19:00:00+00:00,1.4201,1.4209,1.4184,1.4199,138756.0
2026-04-25 20:00:00+00:00,1.419,1.4216,1.4178,1.4215,32768.0
2026-04-25 21:00:00+00:00,1.4215,1.4227,1.4212,1.4221,25232.0
2026-04-25 22:00:00+00:00,1.4222,1.425,1.4219,1.423,64824.0
2026-04-25 23:00:00+00:00,1.4228,1.4242,1.4216,1.4232,42059.0
2026-04-26 00:00:00+00:00,1.4231,1.4231,1.4193,1.4204,59288.0
2026-04-26 01:00:00+00:00,1.4199,1.4214,1.4182,1.4187,70734.0
2026-04-26 02:00:00+00:00,1.4187,1.4222,1.4187,1.4212,116292.0
2026-04-26 03:00:00+00:00,1.421,1.4236,1.4172,1.4182,134488.0
2026-04-26 04:00:00+00:00,1.418,1.4234,1.4177,1.4216,137969.0
2026-04-26 05:00:00+00:00,1.4214,1.4287,1.4207,1.425,269904.0
2026-04-26 06:00:00+00:00,1.4251,1.428,1.425,1.4269,135932.0
2026-04-26 07:00:00+00:00,1.4269,1.4288,1.4258,1.4285,103140.0
2026-04-26 08:00:00+00:00,1.4287,1.4291,1.4253,1.4258,139207.0
2026-04-26 09:00:00+00:00,1.4258,1.4279,1.425,1.4278,143826.0
2026-04-26 10:00:00+00:00,1.4271,1.4283,1.4259,1.4268,117801.0
2026-04-26 11:00:00+00:00,1.427,1.4312,1.427,1.4299,193829.0
2026-04-26 12:00:00+00:00,1.4299,1.4308,1.423,1.4241,228450.0
2026-04-26 13:00:00+00:00,1.4241,1.425,1.4223,1.4235,142890.0
2026-04-26 14:00:00+00:00,1.4237,1.4294,1.4226,1.4268,204866.0
2026-04-26 15:00:00+00:00,1.4266,1.4288,1.4256,1.4288,103054.0
2026-04-26 16:00:00+00:00,1.4288,1.4289,1.4246,1.4248,118680.0
2026-04-26 17:00:00+00:00,1.4245,1.4259,1.4218,1.4246,121279.0
2026-04-26 18:00:00+00:00,1.4239,1.4297,1.4223,1.4283,188690.0
2026-04-26 19:00:00+00:00,1.4284,1.4356,1.4275,1.4296,259720.0
2026-04-26 20:00:00+00:00,1.4301,1.4321,1.4268,1.427,112365.0
2026-04-26 21:00:00+00:00,1.4269,1.4297,1.4192,1.4273,240293.0
2026-04-26 22:00:00+00:00,1.4274,1.4352,1.423,1.4265,244261.0
2026-04-26 23:00:00+00:00,1.4262,1.434,1.4259,1.43,42549.0
2026-04-27 00:00:00+00:00,1.4309,1.44,1.4245,1.4383,246806.0
2026-04-27 01:00:00+00:00,1.4394,1.4457,1.4343,1.4442,317147.0
2026-04-27 02:00:00+00:00,1.4448,1.4455,1.4396,1.4435,190390.0
2026-04-27 03:00:00+00:00,1.4429,1.4465,1.4411,1.442,130639.0
2026-04-27 04:00:00+00:00,1.4422,1.4422,1.438,1.4397,101042.0
2026-04-27 05:00:00+00:00,1.44,1.4402,1.4161,1.4189,685858.0
2026-04-27 06:00:00+00:00,1.4186,1.4199,1.4119,1.4173,394685.0
2026-04-27 07:00:00+00:00,1.4173,1.418,1.4131,1.4134,219693.0
2026-04-27 08:00:00+00:00,1.4134,1.4176,1.4122,1.4176,212065.0
2026-04-27 09:00:00+00:00,1.4174,1.4184,1.4144,1.4162,134801.0
2026-04-27 10:00:00+00:00,1.416,1.4163,1.4135,1.4143,122254.0
2026-04-27 11:00:00+00:00,1.4143,1.4146,1.4117,1.413,148981.0
2026-04-27 12:00:00+00:00,1.4128,1.4144,1.4093,1.41,509470.0
2026-04-27 13:00:00+00:00,1.4102,1.4118,1.3977,1.401,750572.0
2026-04-27 14:00:00+00:00,1.401,1.4104,1.3979,1.4032,582074.0
2026-04-27 15:00:00+00:00,1.4037,1.4037,1.3829,1.3877,1052123.0
2026-04-27 16:00:00+00:00,1.3872,1.391,1.3853,1.3883,322407.0
2026-04-27 17:00:00+00:00,1.3882,1.3947,1.3882,1.3927,362623.0
2026-04-27 18:00:00+00:00,1.392,1.3963,1.3916,1.3946,165215.0
2026-04-27 19:00:00+00:00,1.3947,1.3956,1.3863,1.3923,228740.0
2026-04-27 20:00:00+00:00,1.3922,1.3944,1.3901,1.3927,128069.0
2026-04-27 21:00:00+00:00,1.3916,1.393,1.3891,1.3891,21010.0
2026-04-27 22:00:00+00:00,1.3893,1.3965,1.3888,1.3962,89060.0
2026-04-27 23:00:00+00:00,1.3964,1.4016,1.3958,1.4002,77877.0
2026-04-28 00:00:00+00:00,1.4,1.4,1.3948,1.3974,78799.0
2026-04-28 01:00:00+00:00,1.3973,1.3985,1.3957,1.3969,61194.0
2026-04-28 02:00:00+00:00,1.3968,1.3987,1.3908,1.3928,210822.0
2026-04-28 03:00:00+00:00,1.3927,1.3933,1.388,1.3922,151613.0
2026-04-28 04:00:00+00:00,1.3924,1.4032,1.3898,1.3921,80066.0
2026-04-28 05:00:00+00:00,1.3931,1.3968,1.3914,1.393,119633.0
2026-04-28 06:00:00+00:00,1.3934,1.3964,1.3854,1.3881,248715.0
2026-04-28 07:00:00+00:00,1.3886,1.3928,1.384,1.3924,267163.0
2026-04-28 08:00:00+00:00,1.3925,1.3955,1.3903,1.392,153793.0
2026-04-28 09:00:00+00:00,1.392,1.3921,1.3857,1.3867,189329.0
2026-04-28 10:00:00+00:00,1.3869,1.3893,1.3861,1.3877,180615.0
2026-04-28 11:00:00+00:00,1.388,1.3882,1.3786,1.3808,404602.0
2026-04-28 12:00:00+00:00,1.3814,1.3843,1.378,1.3824,297580.0
2026-04-28 13:00:00+00:00,1.3827,1.3838,1.374,1.3775,590330.0
2026-04-28 14:00:00+00:00,1.3772,1.3774,1.3669,1.3697,537488.0
2026-04-28 15:00:00+00:00,1.3697,1.3754,1.3685,1.3747,317857.0
2026-04-28 16:00:00+00:00,1.3745,1.3766,1.3698,1.3762,289569.0
2026-04-28 17:00:00+00:00,1.376,1.3804,1.3735,1.3781,226747.0
2026-04-28 18:00:00+00:00,1.3782,1.3819,1.3779,1.3818,146330.0
2026-04-28 19:00:00+00:00,1.3817,1.3857,1.3776,1.3817,120093.0
2026-04-28 20:00:00+00:00,1.382,1.3842,1.381,1.3823,84631.0
2026-04-28 21:00:00+00:00,1.3823,1.3832,1.378,1.38,65355.0
2026-04-28 22:00:00+00:00,1.3809,1.3836,1.378,1.3791,41637.0
2026-04-28 23:00:00+00:00,1.378,1.3812,1.378,1.3804,34089.0
2026-04-29 00:00:00+00:00,1.3797,1.3842,1.3779,1.3827,67565.0
2026-04-29 01:00:00+00:00,1.3825,1.3834,1.3763,1.3816,117991.0
2026-04-29 02:00:00+00:00,1.3819,1.3833,1.3785,1.3792,66558.0
2026-04-29 03:00:00+00:00,1.3795,1.3897,1.379,1.3887,290708.0
2026-04-29 04:00:00+00:00,1.3888,1.3969,1.387,1.3947,295792.0
2026-04-29 05:00:00+00:00,1.3944,1.3964,1.393,1.3955,198797.0
2026-04-29 06:00:00+00:00,1.3955,1.3958,1.3898,1.3917,270650.0
2026-04-29 07:00:00+00:00,1.3917,1.3953,1.39,1.3911,215617.0
2026-04-29 08:00:00+00:00,1.3915,1.3925,1.3882,1.3908,120530.0
2026-04-29 09:00:00+00:00,1.3902,1.4058,1.3898,1.4029,579498.0
2026-04-29 10:00:00+00:00,1.4036,1.4057,1.397,1.3975,276359.0
2026-04-29 11:00:00+00:00,1.397,1.3974,1.392,1.3939,276195.0
2026-04-29 12:00:00+00:00,1.3939,1.3939,1.3783,1.3824,437676.0
2026-04-29 13:00:00+00:00,1.3824,1.3834,1.3695,1.375,615541.0
2026-04-29 14:00:00+00:00,1.3751,1.3775,1.3691,1.3721,387612.0
2026-04-29 15:00:00+00:00,1.3719,1.3724,1.3583,1.3613,664524.0
2026-04-29 16:00:00+00:00,1.3611,1.3669,1.359,1.3632,288150.0
2026-04-29 17:00:00+00:00,1.3632,1.3676,1.3623,1.3669,205642.0
2026-04-29 18:00:00+00:00,1.3677,1.3699,1.344,1.357,913214.0
2026-04-29 19:00:00+00:00,1.3569,1.3579,1.3511,1.352,93758.0
2026-04-29 20:00:00+00:00,1.353,1.3649,1.353,1.362,109124.0
2026-04-29 21:00:00+00:00,1.362,1.3722,1.3612,1.3683,108260.0
2026-04-29 22:00:00+00:00,1.3677,1.3704,1.3667,1.3698,32272.0
2026-04-29 23:00:00+00:00,1.3693,1.3706,1.3643,1.3687,40654.0
2026-04-30 00:00:00+00:00,1.3688,1.384,1.3688,1.3825,192442.0
2026-04-30 01:00:00+00:00,1.3821,1.384,1.3769,1.3789,124277.0
2026-04-30 02:00:00+00:00,1.3791,1.3812,1.367,1.3725,198653.0
2026-04-30 03:00:00+00:00,1.372,1.375,1.3703,1.3729,108336.0
2026-04-30 04:00:00+00:00,1.3726,1.3729,1.3602,1.3618,279872.0
2026-04-30 05:00:00+00:00,1.3623,1.3668,1.3582,1.3639,231593.0
2026-04-30 06:00:00+00:00,1.364,1.3711,1.3602,1.3683,213358.0
2026-04-30 07:00:00+00:00,1.3682,1.375,1.3668,1.3744,122207.0
2026-04-30 08:00:00+00:00,1.3743,1.3764,1.372,1.3722,182730.0
2026-04-30 09:00:00+00:00,1.3722,1.3795,1.3715,1.3732,139745.0
2026-04-30 10:00:00+00:00,1.373,1.3744,1.369,1.3699,193106.0
2026-04-30 11:00:00+00:00,1.37,1.3756,1.366,1.369,257332.0
2026-04-30 12:00:00+00:00,1.3693,1.3754,1.3686,1.3694,299500.0
2026-04-30 13:00:00+00:00,1.3694,1.374,1.3644,1.3696,378904.0
2026-04-30 14:00:00+00:00,1.369,1.372,1.3622,1.3677,444047.0
2026-04-30 15:00:00+00:00,1.3675,1.3748,1.3641,1.3695,364301.0
2026-04-30 16:00:00+00:00,1.3686,1.3692,1.3644,1.3656,168174.0
2026-04-30 17:00:00+00:00,1.3656,1.3691,1.3622,1.3679,190466.0
2026-04-30 18:00:00+00:00,1.3674,1.3715,1.3662,1.3698,239183.0
2026-04-30 19:00:00+00:00,1.3691,1.3738,1.3687,1.3701,143572.0
2026-04-30 20:00:00+00:00,1.369,1.371,1.3675,1.3693,53703.0
2026-04-30 21:00:00+00:00,1.3694,1.3718,1.3653,1.3653,43168.0
2026-04-30 22:00:00+00:00,1.365,1.3672,1.3637,1.3644,31334.0
2026-04-30 23:00:00+00:00,1.3642,1.3678,1.3641,1.3672,43154.0
2026-05-01 00:00:00+00:00,1.3672,1.3722,1.3643,1.3672,61445.0
2026-05-01 01:00:00+00:00,1.3682,1.3733,1.3652,1.3709,121613.0
2026-05-01 02:00:00+00:00,1.3708,1.3715,1.3678,1.3697,129526.0
2026-05-01 03:00:00+00:00,1.3693,1.38,1.3682,1.3758,382752.0
2026-05-01 04:00:00+00:00,1.3762,1.3782,1.3736,1.3752,207461.0
2026-05-01 05:00:00+00:00,1.3754,1.3779,1.3743,1.3762,146366.0
2026-05-01 06:00:00+00:00,1.3762,1.3783,1.3715,1.3728,274735.0
2026-05-01 07:00:00+00:00,1.3729,1.3751,1.3713,1.3744,179056.0
2026-05-01 08:00:00+00:00,1.374,1.3803,1.3736,1.3779,281341.0
2026-05-01 09:00:00+00:00,1.3782,1.3784,1.3734,1.3749,203049.0
2026-05-01 10:00:00+00:00,1.3749,1.376,1.3712,1.376,233265.0
2026-05-01 11:00:00+00:00,1.3761,1.3795,1.3748,1.3773,172030.0
2026-05-01 12:00:00+00:00,1.3776,1.3873,1.3767,1.3828,770156.0
2026-05-01 13:00:00+00:00,1.3834,1.3992,1.3834,1.3977,662669.0
2026-05-01 14:00:00+00:00,1.3977,1.3993,1.3888,1.3942,375872.0
2026-05-01 15:00:00+00:00,1.3938,1.3993,1.3902,1.3955,367544.0
2026-05-01 16:00:00+00:00,1.3954,1.398,1.3911,1.3911,318502.0
2026-05-01 17:00:00+00:00,1.391,1.3951,1.3882,1.3945,349555.0
2026-05-01 18:00:00+00:00,1.3945,1.3951,1.3923,1.3933,200728.0
2026-05-01 19:00:00+00:00,1.3932,1.3955,1.3913,1.3933,106095.0
2026-05-01 20:00:00+00:00,1.394,1.394,1.3822,1.3837,380368.0
2026-05-01 21:00:00+00:00,1.3839,1.3884,1.3837,1.3884,58557.0
2026-05-01 22:00:00+00:00,1.3882,1.3893,1.3832,1.3834,47940.0
2026-05-01 23:00:00+00:00,1.383,1.3852,1.381,1.3852,59496.0
2026-05-02 00:00:00+00:00,1.385,1.3896,1.3841,1.3848,130383.0
2026-05-02 01:00:00+00:00,1.3853,1.3882,1.3838,1.3842,96042.0
2026-05-02 02:00:00+00:00,1.384,1.3878,1.3805,1.3851,138631.0
2026-05-02 03:00:00+00:00,1.385,1.388,1.3833,1.3852,45350.0
2026-05-02 04:00:00+00:00,1.3854,1.3854,1.3822,1.3842,161399.0
2026-05-02 05:00:00+00:00,1.384,1.3845,1.382,1.3832,90037.0
2026-05-02 06:00:00+00:00,1.3833,1.3869,1.3832,1.3866,102231.0
2026-05-02 07:00:00+00:00,1.3866,1.3873,1.3846,1.385,144795.0
2026-05-02 08:00:00+00:00,1.3848,1.385,1.3833,1.3839,106616.0
2026-05-02 09:00:00+00:00,1.384,1.3872,1.383,1.386,175150.0
2026-05-02 10:00:00+00:00,1.3858,1.3874,1.3854,1.3867,57262.0
2026-05-02 11:00:00+00:00,1.3865,1.3905,1.3844,1.3853,287360.0
2026-05-02 12:00:00+00:00,1.3853,1.3875,1.3842,1.386,207765.0
2026-05-02 13:00:00+00:00,1.3864,1.3919,1.3864,1.3912,316663.0
2026-05-02 14:00:00+00:00,1.3912,1.3929,1.3893,1.3914,257573.0
2026-05-02 15:00:00+00:00,1.3912,1.3939,1.3908,1.3928,141623.0
2026-05-02 16:00:00+00:00,1.3929,1.3947,1.3906,1.3926,362098.0
2026-05-02 17:00:00+00:00,1.393,1.394,1.3909,1.3911,123293.0
2026-05-02 18:00:00+00:00,1.3911,1.3934,1.3891,1.3928,161295.0
2026-05-02 19:00:00+00:00,1.3931,1.3949,1.3925,1.3936,173616.0
2026-05-02 20:00:00+00:00,1.3943,1.3943,1.3926,1.3926,47747.0
2026-05-02 21:00:00+00:00,1.3928,1.3999,1.3899,1.393,232073.0
2026-05-02 22:00:00+00:00,1.3937,1.4,1.3914,1.3955,49630.0
2026-05-02 23:00:00+00:00,1.3957,1.3962,1.3905,1.3928,129923.0
2026-05-03 00:00:00+00:00,1.3934,1.3938,1.3875,1.3881,227772.0
2026-05-03 01:00:00+00:00,1.3879,1.3881,1.3827,1.3833,224080.0
2026-05-03 02:00:00+00:00,1.383,1.3839,1.381,1.3828,140570.0
2026-05-03 03:00:00+00:00,1.3826,1.3836,1.3812,1.3835,198268.0
2026-05-03 04:00:00+00:00,1.3831,1.3848,1.3814,1.383,162329.0
2026-05-03 05:00:00+00:00,1.3831,1.3854,1.3827,1.3843,114604.0
2026-05-03 06:00:00+00:00,1.384,1.3851,1.3815,1.384,72361.0
2026-05-03 07:00:00+00:00,1.3844,1.3881,1.3842,1.3856,214214.0
2026-05-03 08:00:00+00:00,1.3856,1.3877,1.3852,1.3867,131617.0
2026-05-03 09:00:00+00:00,1.3875,1.39,1.3867,1.3888,282774.0
2026-05-03 10:00:00+00:00,1.3888,1.3894,1.3873,1.3877,93732.0
2026-05-03 11:00:00+00:00,1.3872,1.3982,1.3865,1.3947,480137.0
2026-05-03 12:00:00+00:00,1.3949,1.3981,1.3949,1.3958,258341.0
2026-05-03 13:00:00+00:00,1.3959,1.3985,1.3926,1.3945,278770.0
2026-05-03 14:00:00+00:00,1.3946,1.397,1.3924,1.3966,154723.0
2026-05-03 15:00:00+00:00,1.3962,1.3984,1.3937,1.3953,159900.0
2026-05-03 16:00:00+00:00,1.3951,1.3976,1.3935,1.3938,158634.0
2026-05-03 17:00:00+00:00,1.394,1.396,1.3916,1.3944,224373.0
2026-05-03 18:00:00+00:00,1.3947,1.3949,1.393,1.3936,91605.0
2026-05-03 19:00:00+00:00,1.3936,1.3975,1.3931,1.3947,94128.0
2026-05-03 20:00:00+00:00,1.3947,1.3996,1.3919,1.3926,181264.0
2026-05-03 21:00:00+00:00,1.3932,1.3954,1.3884,1.3906,252034.0
2026-05-03 22:00:00+00:00,1.3923,1.4037,1.3918,1.3974,427002.0
2026-05-03 23:00:00+00:00,1.3975,1.4,1.386,1.3872,324096.0
2026-05-04 00:00:00+00:00,1.3871,1.3884,1.3824,1.3875,273540.0
2026-05-04 01:00:00+00:00,1.3879,1.4071,1.3831,1.4044,476019.0
2026-05-04 02:00:00+00:00,1.4054,1.4149,1.4006,1.4098,539168.0
2026-05-04 03:00:00+00:00,1.4105,1.4144,1.4073,1.4127,413901.0
2026-05-04 04:00:00+00:00,1.413,1.4205,1.4127,1.4159,390131.0
2026-05-04 05:00:00+00:00,1.4159,1.417,1.4102,1.4112,262139.0
2026-05-04 06:00:00+00:00,1.4121,1.4121,1.4012,1.4086,503230.0
2026-05-04 07:00:00+00:00,1.408,1.4137,1.4071,1.4102,224821.0
2026-05-04 08:00:00+00:00,1.4091,1.4122,1.4065,1.4112,98773.0
2026-05-04 09:00:00+00:00,1.4108,1.4193,1.4104,1.4169,271706.0
2026-05-04 10:00:00+00:00,1.4172,1.4174,1.3848,1.3944,1001200.0
2026-05-04 11:00:00+00:00,1.3941,1.397,1.3919,1.3933,191612.0
2026-05-04 12:00:00+00:00,1.393,1.3961,1.3918,1.3926,144446.0
2026-05-04 13:00:00+00:00,1.3926,1.3993,1.3877,1.3929,350175.0
2026-05-04 14:00:00+00:00,1.3927,1.413,1.3883,1.4074,691244.0
2026-05-04 15:00:00+00:00,1.407,1.4086,1.3922,1.3985,524384.0
2026-05-04 16:00:00+00:00,1.3984,1.4045,1.3932,1.4,363935.0
2026-05-04 17:00:00+00:00,1.4004,1.4119,1.4,1.408,362924.0
2026-05-04 18:00:00+00:00,1.4084,1.4095,1.4015,1.4034,161697.0
2026-05-04 19:00:00+00:00,1.404,1.404,1.3973,1.3976,137336.0
2026-05-04 20:00:00+00:00,1.3973,1.3973,1.3917,1.3931,143979.0
2026-05-04 21:00:00+00:00,1.3927,1.3983,1.3926,1.3967,43268.0
2026-05-04 22:00:00+00:00,1.3964,1.4007,1.394,1.3943,54871.0
2026-05-04 23:00:00+00:00,1.3941,1.3941,1.3891,1.3908,150602.0
2026-05-05 00:00:00+00:00,1.3909,1.3954,1.3897,1.395,56896.0
2026-05-05 01:00:00+00:00,1.395,1.398,1.3939,1.3966,125573.0
2026-05-05 02:00:00+00:00,1.3967,1.4043,1.3961,1.4003,147014.0
2026-05-05 03:00:00+00:00,1.4005,1.4096,1.3988,1.4054,318669.0
2026-05-05 04:00:00+00:00,1.4051,1.4064,1.4001,1.4012,219064.0
2026-05-05 05:00:00+00:00,1.4006,1.406,1.399,1.4012,249310.0
2026-05-05 06:00:00+00:00,1.4014,1.4068,1.4003,1.4066,99141.0
2026-05-05 07:00:00+00:00,1.4066,1.4098,1.4016,1.4062,147781.0
2026-05-05 08:00:00+00:00,1.4061,1.4088,1.4056,1.4064,86773.0
2026-05-05 09:00:00+00:00,1.4067,1.4067,1.4014,1.4031,99749.0
2026-05-05 10:00:00+00:00,1.4031,1.4071,1.402,1.4061,153031.0
2026-05-05 11:00:00+00:00,1.4062,1.408,1.4011,1.4075,114223.0
2026-05-05 12:00:00+00:00,1.4073,1.4136,1.4059,1.4122,371794.0
2026-05-05 13:00:00+00:00,1.4125,1.42,1.4103,1.4128,603635.0
2026-05-05 14:00:00+00:00,1.4119,1.4133,1.4039,1.4103,490560.0
2026-05-05 15:00:00+00:00,1.4101,1.4154,1.4092,1.4112,278190.0
2026-05-05 16:00:00+00:00,1.4112,1.4146,1.404,1.4073,282895.0
2026-05-05 17:00:00+00:00,1.4072,1.4095,1.4044,1.4078,261738.0
2026-05-05 18:00:00+00:00,1.4078,1.4124,1.4076,1.4095,226779.0
2026-05-05 19:00:00+00:00,1.4094,1.4132,1.4083,1.4124,131969.0
2026-05-05 20:00:00+00:00,1.4125,1.4176,1.412,1.4163,203428.0
2026-05-05 21:00:00+00:00,1.4163,1.4219,1.4125,1.4158,174689.0
2026-05-05 22:00:00+00:00,1.4171,1.421,1.4092,1.4151,126592.0
2026-05-05 23:00:00+00:00,1.4146,1.4171,1.409,1.412,43915.0
2026-05-06 00:00:00+00:00,1.4131,1.4141,1.4066,1.4106,130698.0
2026-05-06 01:00:00+00:00,1.4105,1.4191,1.4091,1.4183,242577.0
2026-05-06 02:00:00+00:00,1.4178,1.4178,1.4099,1.4156,245913.0
2026-05-06 03:00:00+00:00,1.416,1.424,1.4157,1.4216,410142.0
2026-05-06 04:00:00+00:00,1.422,1.4244,1.4169,1.4191,386694.0
2026-05-06 05:00:00+00:00,1.419,1.4227,1.4135,1.4217,277468.0
2026-05-06 06:00:00+00:00,1.422,1.4267,1.4205,1.4253,270499.0
2026-05-06 07:00:00+00:00,1.4257,1.435,1.424,1.4305,394923.0
2026-05-06 08:00:00+00:00,1.4305,1.4429,1.4294,1.4426,323233.0
2026-05-06 09:00:00+00:00,1.4429,1.4507,1.4381,1.4485,659850.0
2026-05-06 10:00:00+00:00,1.4488,1.4536,1.4462,1.4505,494662.0
2026-05-06 11:00:00+00:00,1.4504,1.4567,1.4489,1.4505,451542.0
2026-05-06 12:00:00+00:00,1.4503,1.4515,1.444,1.4448,502151.0
2026-05-06 13:00:00+00:00,1.4445,1.4445,1.4178,1.4223,1028060.0
2026-05-06 14:00:00+00:00,1.4223,1.4291,1.4127,1.4225,745767.0
2026-05-06 15:00:00+00:00,1.4225,1.4313,1.4208,1.4294,298717.0
2026-05-06 16:00:00+00:00,1.4293,1.4337,1.4233,1.4293,428687.0
2026-05-06 17:00:00+00:00,1.4289,1.4304,1.4237,1.4254,324868.0
2026-05-06 18:00:00+00:00,1.4257,1.4265,1.4204,1.4223,388312.0
2026-05-06 19:00:00+00:00,1.4221,1.4281,1.4217,1.4273,350762.0
2026-05-06 20:00:00+00:00,1.4273,1.4283,1.4208,1.424,85825.0
2026-05-06 21:00:00+00:00,1.4243,1.4278,1.4218,1.4259,34633.0
2026-05-06 22:00:00+00:00,1.4259,1.426,1.421,1.4221,28131.0
2026-05-06 23:00:00+00:00,1.4207,1.4247,1.4161,1.4242,174793.0
2026-05-07 00:00:00+00:00,1.4243,1.425,1.4163,1.4174,116099.0
2026-05-07 01:00:00+00:00,1.4171,1.4188,1.4122,1.4149,170704.0
2026-05-07 02:00:00+00:00,1.4146,1.4151,1.4093,1.4109,250688.0
2026-05-07 03:00:00+00:00,1.4108,1.4111,1.4028,1.4045,482078.0
2026-05-07 04:00:00+00:00,1.4043,1.4095,1.4033,1.4073,141112.0
2026-05-07 05:00:00+00:00,1.4072,1.4139,1.4069,1.4105,220425.0
2026-05-07 06:00:00+00:00,1.4103,1.4159,1.4043,1.415,288136.0
2026-05-07 07:00:00+00:00,1.415,1.4209,1.414,1.4191,251111.0
2026-05-07 08:00:00+00:00,1.4192,1.4206,1.415,1.4153,375189.0
2026-05-07 09:00:00+00:00,1.4158,1.4158,1.4098,1.4111,273491.0
2026-05-07 10:00:00+00:00,1.411,1.413,1.406,1.4094,275098.0
2026-05-07 11:00:00+00:00,1.4098,1.4129,1.4075,1.409,166343.0
2026-05-07 12:00:00+00:00,1.409,1.4145,1.4086,1.4141,188444.0
2026-05-07 13:00:00+00:00,1.4139,1.4139,1.3963,1.4008,674014.0
2026-05-07 14:00:00+00:00,1.4008,1.4033,1.3905,1.3926,650488.0
2026-05-07 15:00:00+00:00,1.3928,1.3942,1.3833,1.3901,635511.0
2026-05-07 16:00:00+00:00,1.39,1.3922,1.3862,1.3884,315868.0
2026-05-07 17:00:00+00:00,1.3884,1.3925,1.384,1.3913,234937.0
2026-05-07 18:00:00+00:00,1.3916,1.3955,1.3883,1.3919,299812.0
2026-05-07 19:00:00+00:00,1.3917,1.3917,1.3848,1.3853,125860.0
2026-05-07 20:00:00+00:00,1.3855,1.3925,1.3813,1.382,194760.0
2026-05-07 21:00:00+00:00,1.3824,1.3864,1.3794,1.3837,151885.0
2026-05-07 22:00:00+00:00,1.3832,1.3861,1.3799,1.385,37845.0
2026-05-07 23:00:00+00:00,1.3841,1.387,1.3839,1.3859,19509.0
2026-05-08 00:00:00+00:00,1.3868,1.3889,1.3836,1.3849,40996.0
2026-05-08 01:00:00+00:00,1.3856,1.3863,1.3817,1.3852,53709.0
2026-05-08 02:00:00+00:00,1.3855,1.3856,1.379,1.383,131866.0
2026-05-08 03:00:00+00:00,1.3823,1.387,1.3791,1.3849,133900.0
2026-05-08 04:00:00+00:00,1.3848,1.3865,1.3831,1.3852,196067.0
2026-05-08 05:00:00+00:00,1.3852,1.3872,1.3824,1.3824,93235.0
2026-05-08 06:00:00+00:00,1.3824,1.3826,1.377,1.381,387470.0
2026-05-08 07:00:00+00:00,1.3806,1.3842,1.3781,1.3833,150169.0
2026-05-08 08:00:00+00:00,1.3835,1.3899,1.3815,1.3876,296403.0
2026-05-08 09:00:00+00:00,1.3877,1.391,1.385,1.3864,174952.0
2026-05-08 10:00:00+00:00,1.3865,1.3909,1.3841,1.3892,343467.0
2026-05-08 11:00:00+00:00,1.389,1.3918,1.3884,1.3906,209887.0
2026-05-08 12:00:00+00:00,1.3906,1.3935,1.3858,1.3873,239876.0
2026-05-08 13:00:00+00:00,1.387,1.3879,1.3829,1.386,300025.0
2026-05-08 14:00:00+00:00,1.3872,1.3964,1.3865,1.3927,506619.0
2026-05-08 15:00:00+00:00,1.3926,1.3979,1.3847,1.3969,378054.0
2026-05-08 16:00:00+00:00,1.3969,1.3971,1.3922,1.394,268221.0
2026-05-08 17:00:00+00:00,1.3937,1.41,1.3937,1.4082,784086.0
2026-05-08 18:00:00+00:00,1.4085,1.4241,1.4085,1.4188,990257.0
2026-05-08 19:00:00+00:00,1.4186,1.4267,1.4159,1.4179,327273.0
2026-05-08 20:00:00+00:00,1.4184,1.4186,1.4107,1.4115,144924.0
2026-05-08 21:00:00+00:00,1.4121,1.4214,1.4119,1.4214,52887.0
2026-05-08 22:00:00+00:00,1.4211,1.4231,1.4174,1.4179,78983.0
2026-05-08 23:00:00+00:00,1.418,1.4187,1.4149,1.4178,70380.0
2026-05-09 00:00:00+00:00,1.4177,1.4249,1.4175,1.4242,91096.0
2026-05-09 01:00:00+00:00,1.4242,1.4345,1.4242,1.432,365060.0
2026-05-09 02:00:00+00:00,1.4322,1.4339,1.4272,1.4304,221965.0
2026-05-09 03:00:00+00:00,1.4302,1.4322,1.4261,1.4287,237751.0
2026-05-09 04:00:00+00:00,1.4288,1.434,1.4268,1.4278,194389.0
2026-05-09 05:00:00+00:00,1.4278,1.431,1.4247,1.4259,365941.0
2026-05-09 06:00:00+00:00,1.426,1.427,1.4224,1.4254,231379.0
2026-05-09 07:00:00+00:00,1.4253,1.4273,1.4218,1.4234,154878.0
2026-05-09 08:00:00+00:00,1.4234,1.4252,1.4229,1.4242,130034.0
2026-05-09 09:00:00+00:00,1.4241,1.425,1.4182,1.419,213185.0
2026-05-09 10:00:00+00:00,1.4187,1.4223,1.4168,1.4209,238973.0
2026-05-09 11:00:00+00:00,1.4204,1.4225,1.4199,1.4217,271134.0
2026-05-09 12:00:00+00:00,1.4217,1.4223,1.419,1.4203,133385.0
2026-05-09 13:00:00+00:00,1.4203,1.4203,1.4161,1.4196,250858.0
2026-05-09 14:00:00+00:00,1.4199,1.4207,1.4144,1.4149,208094.0
2026-05-09 15:00:00+00:00,1.4146,1.4156,1.4113,1.4137,223759.0
2026-05-09 16:00:00+00:00,1.4138,1.4192,1.4104,1.4164,440585.0
2026-05-09 17:00:00+00:00,1.4168,1.4231,1.4165,1.4203,336748.0
2026-05-09 18:00:00+00:00,1.4207,1.424,1.4203,1.4216,169084.0
2026-05-09 19:00:00+00:00,1.422,1.4234,1.4205,1.4234,43702.0
2026-05-09 20:00:00+00:00,1.4233,1.4233,1.4199,1.4209,67130.0
2026-05-09 21:00:00+00:00,1.421,1.4231,1.4204,1.4219,18715.0
2026-05-09 22:00:00+00:00,1.4222,1.4246,1.4208,1.4227,32013.0
2026-05-09 23:00:00+00:00,1.4239,1.4247,1.4186,1.4202,81720.0
2026-05-10 00:00:00+00:00,1.4198,1.4222,1.4153,1.4156,75273.0
2026-05-10 01:00:00+00:00,1.4162,1.4163,1.4111,1.414,155922.0
2026-05-10 02:00:00+00:00,1.4142,1.4215,1.4127,1.4163,132119.0
2026-05-10 03:00:00+00:00,1.4165,1.4191,1.4137,1.4165,104592.0
2026-05-10 04:00:00+00:00,1.4164,1.4186,1.4148,1.4173,98720.0
2026-05-10 05:00:00+00:00,1.4171,1.4193,1.4157,1.4172,96765.0
2026-05-10 06:00:00+00:00,1.4172,1.4181,1.4151,1.4179,81227.0
2026-05-10 07:00:00+00:00,1.4184,1.4211,1.4166,1.4195,167071.0
2026-05-10 08:00:00+00:00,1.4194,1.4272,1.4187,1.4264,343215.0
2026-05-10 09:00:00+00:00,1.4266,1.4283,1.4229,1.4279,286809.0
2026-05-10 10:00:00+00:00,1.4279,1.4305,1.4239,1.4267,197441.0
2026-05-10 11:00:00+00:00,1.4268,1.4269,1.4176,1.4224,377831.0
2026-05-10 12:00:00+00:00,1.4227,1.4236,1.4205,1.4234,84758.0
2026-05-10 13:00:00+00:00,1.4232,1.4336,1.4225,1.4318,331184.0
2026-05-10 14:00:00+00:00,1.4317,1.4369,1.4283,1.434,448551.0
2026-05-10 15:00:00+00:00,1.4346,1.4446,1.4329,1.4437,521219.0
2026-05-10 16:00:00+00:00,1.4441,1.4783,1.4423,1.4719,1303066.0
2026-05-10 17:00:00+00:00,1.4717,1.508,1.4717,1.504,2393849.0
2026-05-10 18:00:00+00:00,1.5049,1.5061,1.4849,1.4865,1157354.0
2026-05-10 19:00:00+00:00,1.486,1.4911,1.4753,1.4862,677429.0
2026-05-10 20:00:00+00:00,1.4863,1.4893,1.4366,1.4497,997592.0
2026-05-10 21:00:00+00:00,1.45,1.4637,1.4434,1.4544,156019.0
2026-05-10 22:00:00+00:00,1.4541,1.4741,1.4526,1.472,204047.0
2026-05-10 23:00:00+00:00,1.4745,1.4765,1.4691,1.4727,106759.0
2026-05-11 00:00:00+00:00,1.473,1.4775,1.4519,1.458,209515.0
2026-05-11 01:00:00+00:00,1.4572,1.4686,1.4519,1.4601,208676.0
2026-05-11 02:00:00+00:00,1.4601,1.4622,1.449,1.4529,441656.0
2026-05-11 03:00:00+00:00,1.4531,1.4537,1.4393,1.4482,480127.0
2026-05-11 04:00:00+00:00,1.4481,1.4564,1.4448,1.4484,330762.0
2026-05-11 05:00:00+00:00,1.448,1.4556,1.448,1.4547,261355.0
2026-05-11 06:00:00+00:00,1.4542,1.4585,1.4498,1.4527,350453.0
2026-05-11 07:00:00+00:00,1.4523,1.4524,1.4419,1.449,384006.0
2026-05-11 08:00:00+00:00,1.4487,1.4506,1.441,1.4453,377345.0
2026-05-11 09:00:00+00:00,1.4455,1.454,1.4452,1.4509,306704.0
2026-05-11 10:00:00+00:00,1.4509,1.4538,1.4488,1.4502,632671.0
2026-05-11 11:00:00+00:00,1.4503,1.4571,1.4469,1.4569,334223.0
2026-05-11 12:00:00+00:00,1.4571,1.4632,1.4535,1.4578,480689.0
2026-05-11 13:00:00+00:00,1.457,1.4646,1.4518,1.4592,582541.0
2026-05-11 14:00:00+00:00,1.4592,1.4722,1.455,1.4709,916808.0
2026-05-11 15:00:00+00:00,1.4703,1.4882,1.4665,1.4843,1294992.0
2026-05-11 16:00:00+00:00,1.4845,1.4871,1.4712,1.4733,1180064.0
2026-05-11 17:00:00+00:00,1.4742,1.4806,1.4657,1.4792,781336.0
2026-05-11 18:00:00+00:00,1.4793,1.4807,1.4696,1.4699,388827.0
2026-05-11 19:00:00+00:00,1.4698,1.4801,1.4667,1.4784,225247.0
2026-05-11 20:00:00+00:00,1.4787,1.4822,1.4717,1.4726,181422.0
2026-05-11 21:00:00+00:00,1.4728,1.4744,1.4689,1.4694,41380.0
2026-05-11 22:00:00+00:00,1.469,1.4767,1.468,1.4745,17877.0
2026-05-11 23:00:00+00:00,1.4746,1.4798,1.4709,1.477,87496.0
2026-05-12 00:00:00+00:00,1.477,1.4842,1.4755,1.4788,191620.0
2026-05-12 01:00:00+00:00,1.4791,1.4814,1.4559,1.4665,476947.0
2026-05-12 02:00:00+00:00,1.4661,1.4706,1.46,1.4644,127216.0
2026-05-12 03:00:00+00:00,1.464,1.4652,1.4579,1.4593,146032.0
2026-05-12 04:00:00+00:00,1.4591,1.466,1.4569,1.4622,417588.0
2026-05-12 05:00:00+00:00,1.4621,1.4686,1.4596,1.4613,209543.0
2026-05-12 06:00:00+00:00,1.461,1.4664,1.455,1.4576,267830.0
2026-05-12 07:00:00+00:00,1.4577,1.4646,1.4536,1.4618,240926.0
2026-05-12 08:00:00+00:00,1.4621,1.4709,1.4592,1.4649,494566.0
2026-05-12 09:00:00+00:00,1.4644,1.4644,1.4541,1.4552,513159.0
2026-05-12 10:00:00+00:00,1.4548,1.4576,1.4465,1.4487,486407.0
2026-05-12 11:00:00+00:00,1.4494,1.4514,1.4434,1.4483,269396.0
2026-05-12 12:00:00+00:00,1.4483,1.4551,1.4456,1.4502,458200.0
2026-05-12 13:00:00+00:00,1.4502,1.452,1.4322,1.4337,638327.0
2026-05-12 14:00:00+00:00,1.434,1.4404,1.4241,1.4276,962860.0
2026-05-12 15:00:00+00:00,1.4269,1.4308,1.4178,1.4239,783298.0
2026-05-12 16:00:00+00:00,1.4231,1.4287,1.4193,1.4218,406281.0
2026-05-12 17:00:00+00:00,1.423,1.4344,1.4218,1.4333,429451.0
2026-05-12 18:00:00+00:00,1.4338,1.4375,1.4309,1.4354,258853.0
2026-05-12 19:00:00+00:00,1.4359,1.4423,1.4356,1.4404,129483.0
2026-05-12 20:00:00+00:00,1.4409,1.4422,1.4382,1.4407,45478.0
2026-05-12 21:00:00+00:00,1.4403,1.4407,1.4374,1.4402,34429.0
2026-05-12 22:00:00+00:00,1.4408,1.4438,1.439,1.439,59440.0
2026-05-12 23:00:00+00:00,1.439,1.4401,1.4346,1.4368,92796.0
2026-05-13 00:00:00+00:00,1.4368,1.44,1.4347,1.4394,95574.0
2026-05-13 01:00:00+00:00,1.4392,1.4512,1.4387,1.4482,313417.0
2026-05-13 02:00:00+00:00,1.4484,1.4532,1.4465,1.4477,200482.0
2026-05-13 03:00:00+00:00,1.4475,1.4526,1.4464,1.4518,137792.0
2026-05-13 04:00:00+00:00,1.4517,1.4632,1.4494,1.4614,444667.0
2026-05-13 05:00:00+00:00,1.4619,1.4645,1.4537,1.4539,424723.0
2026-05-13 06:00:00+00:00,1.4539,1.4607,1.4521,1.4538,183239.0
2026-05-13 07:00:00+00:00,1.4541,1.464,1.4541,1.4619,253375.0
2026-05-13 08:00:00+00:00,1.4623,1.4653,1.4581,1.4624,215824.0
2026-05-13 09:00:00+00:00,1.4629,1.469,1.4618,1.4681,226964.0
2026-05-13 10:00:00+00:00,1.4686,1.4691,1.456,1.4578,330332.0
2026-05-13 11:00:00+00:00,1.4574,1.4594,1.447,1.4479,647001.0
2026-05-13 12:00:00+00:00,1.4479,1.4493,1.4251,1.4329,1071174.0
2026-05-13 13:00:00+00:00,1.4332,1.4384,1.422,1.4266,519993.0
2026-05-13 14:00:00+00:00,1.426,1.4303,1.4206,1.4281,469206.0
2026-05-13 15:00:00+00:00,1.4281,1.4314,1.4105,1.4127,744810.0
2026-05-13 16:00:00+00:00,1.4125,1.4237,1.4116,1.4225,394245.0
2026-05-13 17:00:00+00:00,1.423,1.43,1.423,1.4284,400441.0
2026-05-13 18:00:00+00:00,1.4292,1.4332,1.4255,1.4258,226240.0
2026-05-13 19:00:00+00:00,1.4258,1.4263,1.4162,1.4185,357848.0
2026-05-13 20:00:00+00:00,1.4186,1.4253,1.4186,1.4246,97679.0
2026-05-13 21:00:00+00:00,1.425,1.4252,1.4166,1.4175,29980.0
2026-05-13 22:00:00+00:00,1.4186,1.4235,1.4148,1.4228,29773.0
2026-05-13 23:00:00+00:00,1.423,1.4273,1.4212,1.4266,61810.0
2026-05-14 00:00:00+00:00,1.4266,1.4329,1.4259,1.4315,115427.0
2026-05-14 01:00:00+00:00,1.4307,1.4344,1.426,1.4319,207460.0
2026-05-14 02:00:00+00:00,1.4326,1.4336,1.423,1.4256,271480.0
2026-05-14 03:00:00+00:00,1.4253,1.4298,1.4202,1.4219,245019.0
2026-05-14 04:00:00+00:00,1.422,1.4315,1.4205,1.43,284173.0
2026-05-14 05:00:00+00:00,1.4298,1.439,1.4287,1.4352,342158.0
2026-05-14 06:00:00+00:00,1.435,1.4364,1.4269,1.4341,349071.0
2026-05-14 07:00:00+00:00,1.4343,1.4361,1.43,1.4319,223687.0
2026-05-14 08:00:00+00:00,1.4319,1.4366,1.429,1.4344,147743.0
2026-05-14 09:00:00+00:00,1.435,1.4354,1.4265,1.429,123248.0
2026-05-14 10:00:00+00:00,1.429,1.4371,1.4276,1.4362,282206.0
2026-05-14 11:00:00+00:00,1.4361,1.4386,1.4314,1.432,252296.0
2026-05-14 12:00:00+00:00,1.4317,1.4515,1.4312,1.4478,912357.0
2026-05-14 13:00:00+00:00,1.448,1.459,1.4408,1.442,768844.0
2026-05-14 14:00:00+00:00,1.441,1.4739,1.4383,1.4706,1002033.0
2026-05-14 15:00:00+00:00,1.4708,1.4739,1.4618,1.472,697150.0
2026-05-14 16:00:00+00:00,1.4723,1.4809,1.4642,1.4798,809556.0
2026-05-14 17:00:00+00:00,1.4802,1.5004,1.4715,1.4911,2011547.0
2026-05-14 18:00:00+00:00,1.4914,1.5441,1.4858,1.5353,4095408.0
2026-05-14 19:00:00+00:00,1.5356,1.549,1.5107,1.5169,1774327.0
2026-05-14 20:00:00+00:00,1.5149,1.5167,1.4969,1.507,646804.0
2026-05-14 21:00:00+00:00,1.5076,1.511,1.4933,1.4971,222936.0
2026-05-14 22:00:00+00:00,1.4976,1.5049,1.4932,1.5001,81061.0
2026-05-14 23:00:00+00:00,1.4984,1.4994,1.4823,1.4845,131814.0
2026-05-15 00:00:00+00:00,1.4845,1.4991,1.4842,1.4948,152216.0
2026-05-15 01:00:00+00:00,1.4952,1.4988,1.4832,1.484,249689.0
2026-05-15 02:00:00+00:00,1.4842,1.492,1.4754,1.4897,457665.0
2026-05-15 03:00:00+00:00,1.4895,1.4917,1.4827,1.4883,250080.0
2026-05-15 04:00:00+00:00,1.4883,1.4896,1.4723,1.4726,382401.0
2026-05-15 05:00:00+00:00,1.4723,1.4745,1.4525,1.4601,971860.0
2026-05-15 06:00:00+00:00,1.4597,1.4718,1.4576,1.4678,665827.0
2026-05-15 07:00:00+00:00,1.4674,1.4723,1.4649,1.4691,319786.0
2026-05-15 08:00:00+00:00,1.4692,1.4717,1.4608,1.4704,422406.0
2026-05-15 09:00:00+00:00,1.4709,1.4727,1.4609,1.4643,321083.0
2026-05-15 10:00:00+00:00,1.464,1.4762,1.463,1.4741,371684.0
2026-05-15 11:00:00+00:00,1.4738,1.4748,1.4659,1.4675,408257.0
2026-05-15 12:00:00+00:00,1.4675,1.4686,1.458,1.4591,591649.0
2026-05-15 13:00:00+00:00,1.4591,1.4591,1.428,1.4317,1190382.0
2026-05-15 14:00:00+00:00,1.431,1.4403,1.4266,1.4383,767545.0
2026-05-15 15:00:00+00:00,1.4388,1.4401,1.4292,1.4347,435801.0
2026-05-15 16:00:00+00:00,1.4346,1.4469,1.4337,1.4462,457663.0
2026-05-15 17:00:00+00:00,1.446,1.4503,1.445,1.4462,456052.0
2026-05-15 18:00:00+00:00,1.4461,1.4489,1.4391,1.4411,284050.0
2026-05-15 19:00:00+00:00,1.4402,1.4403,1.4318,1.4339,281163.0
2026-05-15 20:00:00+00:00,1.4341,1.4367,1.4309,1.4344,78212.0
2026-05-15 21:00:00+00:00,1.4348,1.4359,1.4293,1.4293,92537.0
2026-05-15 22:00:00+00:00,1.4299,1.434,1.4296,1.4331,32003.0
2026-05-15 23:00:00+00:00,1.4336,1.435,1.4317,1.4336,35425.0
2026-05-16 00:00:00+00:00,1.4332,1.4373,1.4318,1.4336,115197.0
2026-05-16 01:00:00+00:00,1.4337,1.4384,1.4312,1.4365,113268.0
2026-05-16 02:00:00+00:00,1.4373,1.4388,1.4345,1.4362,138322.0
2026-05-16 03:00:00+00:00,1.4363,1.4381,1.4328,1.4351,103807.0
2026-05-16 04:00:00+00:00,1.4347,1.4358,1.4172,1.425,716714.0
2026-05-16 05:00:00+00:00,1.4252,1.4289,1.4208,1.4245,281851.0
2026-05-16 06:00:00+00:00,1.4249,1.4261,1.4131,1.419,627966.0
2026-05-16 07:00:00+00:00,1.419,1.419,1.4037,1.4161,1080925.0
2026-05-16 08:00:00+00:00,1.4158,1.4176,1.4137,1.4142,233455.0
2026-05-16 09:00:00+00:00,1.4142,1.4151,1.4012,1.4015,591578.0
2026-05-16 10:00:00+00:00,1.4011,1.4084,1.3955,1.4064,535315.0
2026-05-16 11:00:00+00:00,1.4069,1.4126,1.4062,1.41,443401.0
2026-05-16 12:00:00+00:00,1.4098,1.4127,1.4074,1.4096,324699.0
2026-05-16 13:00:00+00:00,1.4096,1.4146,1.407,1.4109,475859.0
2026-05-16 14:00:00+00:00,1.4114,1.4128,1.4055,1.409,442812.0
2026-05-16 15:00:00+00:00,1.409,1.4145,1.409,1.414,200410.0
2026-05-16 16:00:00+00:00,1.4138,1.4192,1.4126,1.4155,467581.0
2026-05-16 17:00:00+00:00,1.4159,1.4185,1.4143,1.4166,203744.0
2026-05-16 18:00:00+00:00,1.4164,1.4173,1.4132,1.4149,188285.0
2026-05-16 19:00:00+00:00,1.4149,1.4171,1.4141,1.4152,132913.0
2026-05-16 20:00:00+00:00,1.4155,1.4181,1.4145,1.4151,98560.0
2026-05-16 21:00:00+00:00,1.4155,1.4157,1.413,1.4147,44379.0
2026-05-16 22:00:00+00:00,1.415,1.415,1.4114,1.4131,74421.0
2026-05-16 23:00:00+00:00,1.4131,1.4152,1.4125,1.4131,19306.0
2026-05-17 00:00:00+00:00,1.4131,1.4171,1.4084,1.4106,124554.0
2026-05-17 01:00:00+00:00,1.4109,1.4136,1.403,1.4031,275391.0
2026-05-17 02:00:00+00:00,1.4029,1.4098,1.4018,1.4062,195936.0
2026-05-17 03:00:00+00:00,1.4062,1.4137,1.4062,1.4116,91317.0
2026-05-17 04:00:00+00:00,1.4113,1.4167,1.4111,1.415,175295.0
2026-05-17 05:00:00+00:00,1.4149,1.4211,1.4148,1.4156,410241.0
2026-05-17 06:00:00+00:00,1.4159,1.4185,1.415,1.4171,284217.0
2026-05-17 07:00:00+00:00,1.417,1.4207,1.4158,1.4179,272038.0
2026-05-17 08:00:00+00:00,1.4179,1.4197,1.4138,1.4141,178493.0
2026-05-17 09:00:00+00:00,1.414,1.4209,1.4132,1.4204,256968.0
2026-05-17 10:00:00+00:00,1.4204,1.4286,1.4204,1.4239,476853.0
2026-05-17 11:00:00+00:00,1.4237,1.4241,1.42,1.4221,183789.0
2026-05-17 12:00:00+00:00,1.4221,1.4261,1.4215,1.4229,216234.0
2026-05-17 13:00:00+00:00,1.4227,1.423,1.4163,1.4182,315826.0
2026-05-17 14:00:00+00:00,1.4183,1.4183,1.41,1.4128,486130.0
2026-05-17 15:00:00+00:00,1.4123,1.4144,1.4091,1.4124,189933.0
2026-05-17 16:00:00+00:00,1.4126,1.4152,1.4098,1.411,155368.0
2026-05-17 17:00:00+00:00,1.411,1.4121,1.4076,1.4105,204509.0
2026-05-17 18:00:00+00:00,1.4099,1.4138,1.4056,1.4138,265627.0
2026-05-17 19:00:00+00:00,1.4137,1.4224,1.4133,1.422,305692.0
2026-05-17 20:00:00+00:00,1.4216,1.4227,1.4168,1.4187,162784.0
2026-05-17 21:00:00+00:00,1.4186,1.4258,1.4172,1.4224,128419.0
2026-05-17 22:00:00+00:00,1.4224,1.4224,1.4089,1.4116,196757.0
2026-05-17 23:00:00+00:00,1.4109,1.4129,1.3687,1.401,870024.0
2026-05-18 00:00:00+00:00,1.4008,1.4008,1.3879,1.396,176263.0
2026-05-18 01:00:00+00:00,1.3958,1.3969,1.3841,1.3935,261617.0
2026-05-18 02:00:00+00:00,1.3931,1.4021,1.3896,1.3919,257649.0
2026-05-18 03:00:00+00:00,1.3925,1.399,1.389,1.3923,150263.0
2026-05-18 04:00:00+00:00,1.3925,1.3991,1.3864,1.3949,309567.0
2026-05-18 05:00:00+00:00,1.3953,1.3954,1.387,1.3886,228076.0
2026-05-18 06:00:00+00:00,1.3888,1.3917,1.3773,1.3873,368588.0
2026-05-18 07:00:00+00:00,1.389,1.3907,1.3799,1.3861,220230.0
2026-05-18 08:00:00+00:00,1.3869,1.3893,1.3814,1.3874,173308.0
2026-05-18 09:00:00+00:00,1.3872,1.3877,1.3818,1.3823,60144.0
2026-05-18 10:00:00+00:00,1.382,1.3821,1.377,1.3774,223102.0
2026-05-18 11:00:00+00:00,1.3782,1.3968,1.3756,1.3903,434736.0
2026-05-18 12:00:00+00:00,1.3903,1.4022,1.3903,1.3988,398577.0
2026-05-18 13:00:00+00:00,1.3991,1.3991,1.3768,1.3864,566161.0
2026-05-18 14:00:00+00:00,1.3851,1.3857,1.3725,1.3777,462684.0
2026-05-18 15:00:00+00:00,1.3769,1.3794,1.3688,1.3766,509128.0
2026-05-18 16:00:00+00:00,1.3771,1.3814,1.3705,1.3791,436862.0
2026-05-18 17:00:00+00:00,1.3786,1.3839,1.3767,1.3809,174868.0
2026-05-18 18:00:00+00:00,1.381,1.381,1.364,1.3676,376606.0
2026-05-18 19:00:00+00:00,1.3683,1.3913,1.368,1.3882,526840.0
2026-05-18 20:00:00+00:00,1.3882,1.3924,1.3838,1.385,230041.0
2026-05-18 21:00:00+00:00,1.3846,1.3962,1.3822,1.3934,67930.0
2026-05-18 22:00:00+00:00,1.3941,1.3966,1.3886,1.3916,148228.0
2026-05-18 23:00:00+00:00,1.3924,1.3947,1.3889,1.3903,32735.0
2026-05-19 00:00:00+00:00,1.39,1.3981,1.3894,1.3933,48171.0
2026-05-19 01:00:00+00:00,1.3929,1.3929,1.3844,1.3844,93057.0
2026-05-19 02:00:00+00:00,1.3841,1.3887,1.3783,1.3797,307937.0
2026-05-19 03:00:00+00:00,1.3791,1.385,1.378,1.3831,110934.0
2026-05-19 04:00:00+00:00,1.3833,1.388,1.3792,1.3874,199595.0
2026-05-19 05:00:00+00:00,1.3874,1.3886,1.3785,1.3829,120761.0
2026-05-19 06:00:00+00:00,1.3826,1.3881,1.3818,1.3853,128562.0
2026-05-19 07:00:00+00:00,1.3849,1.3898,1.3834,1.3888,231166.0
2026-05-19 08:00:00+00:00,1.3889,1.389,1.3802,1.3828,217638.0
2026-05-19 09:00:00+00:00,1.3822,1.384,1.3705,1.3749,502724.0
2026-05-19 10:00:00+00:00,1.3749,1.3768,1.368,1.3741,271545.0
2026-05-19 11:00:00+00:00,1.3743,1.3767,1.3695,1.3723,109431.0
2026-05-19 12:00:00+00:00,1.3722,1.3781,1.3707,1.3777,140669.0
2026-05-19 13:00:00+00:00,1.3778,1.3823,1.3709,1.3766,547665.0
2026-05-19 14:00:00+00:00,1.3766,1.38,1.3605,1.367,441614.0
2026-05-19 15:00:00+00:00,1.3668,1.3733,1.3654,1.3671,347293.0
2026-05-19 16:00:00+00:00,1.3676,1.3742,1.3637,1.3727,412682.0
2026-05-19 17:00:00+00:00,1.3728,1.3747,1.3623,1.3646,554478.0
2026-05-19 18:00:00+00:00,1.3643,1.3683,1.3613,1.3628,219151.0
2026-05-19 19:00:00+00:00,1.3632,1.3669,1.3563,1.3571,252751.0
2026-05-19 20:00:00+00:00,1.3572,1.3605,1.3558,1.3589,110183.0
2026-05-19 21:00:00+00:00,1.3587,1.3634,1.3575,1.3601,81405.0
2026-05-19 22:00:00+00:00,1.3594,1.3594,1.353,1.3582,153435.0
2026-05-19 23:00:00+00:00,1.3578,1.3654,1.3578,1.3617,119167.0
2026-05-20 00:00:00+00:00,1.3614,1.3635,1.3518,1.3554,207705.0
2026-05-20 01:00:00+00:00,1.355,1.358,1.3476,1.3555,287789.0
2026-05-20 02:00:00+00:00,1.3555,1.3565,1.3506,1.352,133253.0
2026-05-20 03:00:00+00:00,1.352,1.3588,1.3497,1.3564,276406.0
2026-05-20 04:00:00+00:00,1.3569,1.3601,1.3534,1.3597,127496.0
2026-05-20 05:00:00+00:00,1.3601,1.3702,1.3601,1.368,535975.0
2026-05-20 06:00:00+00:00,1.3689,1.3712,1.3667,1.3706,127969.0
2026-05-20 07:00:00+00:00,1.371,1.3742,1.3675,1.3686,233614.0
2026-05-20 08:00:00+00:00,1.3683,1.3729,1.3658,1.3704,191423.0
2026-05-20 09:00:00+00:00,1.3707,1.3733,1.3688,1.3701,178932.0
2026-05-20 10:00:00+00:00,1.3702,1.3759,1.3697,1.3706,293718.0
2026-05-20 11:00:00+00:00,1.3704,1.3716,1.3644,1.3658,245275.0
2026-05-20 12:00:00+00:00,1.3657,1.376,1.3643,1.3733,318167.0
2026-05-20 13:00:00+00:00,1.374,1.3744,1.359,1.3645,469593.0
2026-05-20 14:00:00+00:00,1.3648,1.3763,1.3584,1.3735,635308.0
2026-05-20 15:00:00+00:00,1.3736,1.3808,1.3682,1.3749,439022.0
2026-05-20 16:00:00+00:00,1.375,1.3778,1.3662,1.3755,522700.0
2026-05-20 17:00:00+00:00,1.3745,1.3808,1.3711,1.3756,282394.0
2026-05-20 18:00:00+00:00,1.3746,1.3762,1.3649,1.3676,355970.0
2026-05-20 19:00:00+00:00,1.3672,1.3731,1.3653,1.3728,223460.0
2026-05-20 20:00:00+00:00,1.3726,1.3729,1.364,1.3708,121583.0
2026-05-20 21:00:00+00:00,1.37,1.3718,1.3667,1.3669,51306.0
2026-05-20 22:00:00+00:00,1.3665,1.3683,1.3602,1.3665,172755.0
2026-05-20 23:00:00+00:00,1.3649,1.3676,1.363,1.3675,13751.0
2026-05-21 00:00:00+00:00,1.3671,1.3779,1.3669,1.3764,191763.0
2026-05-21 01:00:00+00:00,1.3765,1.3818,1.3757,1.3783,242415.0
2026-05-21 02:00:00+00:00,1.3786,1.3857,1.3776,1.3817,291773.0
2026-05-21 03:00:00+00:00,1.3813,1.3852,1.3803,1.3844,209814.0
2026-05-21 04:00:00+00:00,1.3845,1.386,1.3815,1.3822,193990.0
2026-05-21 05:00:00+00:00,1.3825,1.3839,1.3724,1.3752,265613.0
2026-05-21 06:00:00+00:00,1.3752,1.3769,1.3695,1.3714,160372.0
2026-05-21 07:00:00+00:00,1.3711,1.3777,1.37,1.3765,495742.0
2026-05-21 08:00:00+00:00,1.3768,1.3863,1.3764,1.3804,374055.0
2026-05-21 09:00:00+00:00,1.3804,1.3825,1.3739,1.3742,239697.0
2026-05-21 10:00:00+00:00,1.3742,1.3749,1.3636,1.3664,459583.0
2026-05-21 11:00:00+00:00,1.3667,1.3696,1.3639,1.3639,261535.0
2026-05-21 12:00:00+00:00,1.3641,1.367,1.3618,1.3652,217450.0
2026-05-21 13:00:00+00:00,1.366,1.3689,1.3546,1.3618,727711.0
2026-05-21 14:00:00+00:00,1.3621,1.364,1.3513,1.357,453981.0
2026-05-21 15:00:00+00:00,1.3572,1.3662,1.356,1.3614,244354.0
2026-05-21 16:00:00+00:00,1.3622,1.3653,1.3569,1.3617,211454.0
2026-05-21 17:00:00+00:00,1.3617,1.3868,1.3617,1.3816,961036.0
2026-05-21 18:00:00+00:00,1.3812,1.383,1.3667,1.3714,465171.0
2026-05-21 19:00:00+00:00,1.3714,1.3815,1.3709,1.3794,188495.0
2026-05-21 20:00:00+00:00,1.3794,1.3813,1.3763,1.3769,34772.0
2026-05-21 21:00:00+00:00,1.3777,1.3788,1.3757,1.3763,98222.0
2026-05-21 22:00:00+00:00,1.3763,1.3768,1.3711,1.3728,53062.0
2026-05-21 23:00:00+00:00,1.3723,1.3754,1.3693,1.3731,63564.0
2026-05-22 00:00:00+00:00,1.3743,1.3743,1.3673,1.3683,43769.0
2026-05-22 01:00:00+00:00,1.3678,1.3722,1.3652,1.3709,107449.0
2026-05-22 02:00:00+00:00,1.3714,1.3749,1.37,1.3732,99450.0
2026-05-22 03:00:00+00:00,1.3732,1.3751,1.3711,1.3724,71970.0
2026-05-22 04:00:00+00:00,1.373,1.3764,1.3683,1.3705,306252.0
2026-05-22 05:00:00+00:00,1.3705,1.3735,1.3675,1.3686,283049.0
2026-05-22 06:00:00+00:00,1.3684,1.3702,1.3603,1.3609,521880.0
2026-05-22 07:00:00+00:00,1.3608,1.3682,1.3568,1.3652,288879.0
2026-05-22 08:00:00+00:00,1.365,1.3687,1.3609,1.3623,238597.0
2026-05-22 09:00:00+00:00,1.3622,1.3653,1.3588,1.3599,145193.0
2026-05-22 10:00:00+00:00,1.3598,1.3622,1.3574,1.3601,209509.0
2026-05-22 11:00:00+00:00,1.3609,1.3621,1.3551,1.3618,258656.0
2026-05-22 12:00:00+00:00,1.3616,1.3662,1.3604,1.3661,333532.0
2026-05-22 13:00:00+00:00,1.3664,1.3707,1.3579,1.3625,402352.0
2026-05-22 14:00:00+00:00,1.3605,1.3616,1.35,1.3529,693845.0
2026-05-22 15:00:00+00:00,1.3521,1.3582,1.3477,1.354,356996.0
2026-05-22 16:00:00+00:00,1.3542,1.3564,1.3511,1.355,182785.0
2026-05-22 17:00:00+00:00,1.3552,1.36,1.3511,1.3535,311042.0
2026-05-22 18:00:00+00:00,1.3534,1.3559,1.3343,1.3499,700638.0
2026-05-22 19:00:00+00:00,1.3503,1.3524,1.3347,1.3386,312794.0
2026-05-22 20:00:00+00:00,1.3392,1.343,1.3359,1.3421,131944.0
2026-05-22 21:00:00+00:00,1.3425,1.3443,1.3412,1.3428,36171.0
2026-05-22 22:00:00+00:00,1.3435,1.344,1.3381,1.3405,177267.0
2026-05-22 23:00:00+00:00,1.341,1.3433,1.3296,1.3347,151147.0
2026-05-23 00:00:00+00:00,1.3347,1.3358,1.3271,1.3356,207038.0
2026-05-23 01:00:00+00:00,1.3353,1.3394,1.3339,1.3378,131356.0
2026-05-23 02:00:00+00:00,1.3382,1.3408,1.3368,1.3403,90284.0
2026-05-23 03:00:00+00:00,1.34,1.3423,1.3397,1.341,175313.0
2026-05-23 04:00:00+00:00,1.3413,1.3413,1.335,1.336,185170.0
2026-05-23 05:00:00+00:00,1.3365,1.3367,1.3292,1.3314,269504.0
2026-05-23 06:00:00+00:00,1.3317,1.3359,1.3285,1.3331,221702.0
2026-05-23 07:00:00+00:00,1.3333,1.3336,1.299,1.3122,1043391.0
2026-05-23 08:00:00+00:00,1.312,1.3184,1.3069,1.3114,388007.0
2026-05-23 09:00:00+00:00,1.3111,1.3185,1.3101,1.3175,464337.0
2026-05-23 10:00:00+00:00,1.3173,1.3245,1.3171,1.3228,359320.0
2026-05-23 11:00:00+00:00,1.3225,1.3268,1.3215,1.3252,220975.0
2026-05-23 12:00:00+00:00,1.3247,1.3281,1.3243,1.327,358294.0
2026-05-23 13:00:00+00:00,1.327,1.3373,1.327,1.3337,364582.0
2026-05-23 14:00:00+00:00,1.3341,1.3413,1.3317,1.3402,422987.0
2026-05-23 15:00:00+00:00,1.3403,1.3424,1.3353,1.3363,366634.0
2026-05-23 16:00:00+00:00,1.3369,1.3394,1.3344,1.3382,206094.0
2026-05-23 17:00:00+00:00,1.3382,1.3397,1.3357,1.3387,145854.0
2026-05-23 18:00:00+00:00,1.3388,1.3508,1.3385,1.3452,570100.0
2026-05-23 19:00:00+00:00,1.3458,1.347,1.343,1.347,78103.0
2026-05-23 20:00:00+00:00,1.3656,1.3718,1.3645,1.3718,219924.0
2026-05-23 21:00:00+00:00,1.3725,1.3766,1.3543,1.3598,365440.0
2026-05-23 22:00:00+00:00,1.36,1.3639,1.3533,1.3584,75120.0
2026-05-23 23:00:00+00:00,1.3579,1.3618,1.3579,1.3583,53521.0
2026-05-24 00:00:00+00:00,1.3585,1.3637,1.3576,1.3621,93646.0
2026-05-24 01:00:00+00:00,1.362,1.3636,1.3594,1.3609,148826.0
2026-05-24 02:00:00+00:00,1.3607,1.363,1.3586,1.3615,111059.0
2026-05-24 03:00:00+00:00,1.3612,1.3638,1.3597,1.3611,83405.0
2026-05-24 04:00:00+00:00,1.3617,1.3622,1.3593,1.3613,119825.0
2026-05-24 05:00:00+00:00,1.3612,1.3618,1.3551,1.36,160727.0
2026-05-24 06:00:00+00:00,1.36,1.3637,1.3576,1.3635,188190.0
2026-05-24 07:00:00+00:00,1.3632,1.3651,1.3591,1.3599,170182.0
2026-05-24 08:00:00+00:00,1.3598,1.3618,1.3578,1.3611,151126.0
2026-05-24 09:00:00+00:00,1.3613,1.3672,1.3608,1.3649,187925.0
2026-05-24 10:00:00+00:00,1.3649,1.3715,1.3631,1.3641,259173.0
2026-05-24 11:00:00+00:00,1.364,1.3704,1.3625,1.3658,244417.0
2026-05-24 12:00:00+00:00,1.3655,1.3661,1.3609,1.3633,171072.0
2026-05-24 13:00:00+00:00,1.3632,1.3642,1.3569,1.3595,230921.0
2026-05-24 14:00:00+00:00,1.3595,1.3602,1.3394,1.3503,602234.0
2026-05-24 15:00:00+00:00,1.35,1.3516,1.3485,1.3485,110048.0
2026-05-24 16:00:00+00:00,1.3486,1.353,1.3473,1.3511,155178.0
2026-05-24 17:00:00+00:00,1.3515,1.355,1.3509,1.3536,215301.0
2026-05-24 18:00:00+00:00,1.3536,1.3536,1.3477,1.349,199821.0
2026-05-24 19:00:00+00:00,1.3489,1.3512,1.3462,1.3497,47764.0
2026-05-24 20:00:00+00:00,1.349,1.3492,1.3432,1.3451,133300.0
2026-05-24 21:00:00+00:00,1.3448,1.3476,1.3327,1.3359,270994.0
2026-05-24 22:00:00+00:00,1.337,1.3517,1.337,1.3479,161358.0
2026-05-24 23:00:00+00:00,1.3484,1.354,1.3484,1.3508,79133.0
2026-05-25 00:00:00+00:00,1.3513,1.3562,1.3513,1.3523,48595.0
2026-05-25 01:00:00+00:00,1.3526,1.3556,1.3469,1.3476,109581.0
2026-05-25 02:00:00+00:00,1.3478,1.3574,1.3469,1.3472,139106.0
2026-05-25 03:00:00+00:00,1.3475,1.3489,1.3436,1.3473,123889.0
2026-05-25 04:00:00+00:00,1.3475,1.3572,1.3455,1.3559,223704.0
2026-05-25 05:00:00+00:00,1.3557,1.3613,1.3544,1.3585,161310.0
2026-05-25 06:00:00+00:00,1.3585,1.3615,1.3545,1.3585,174297.0
2026-05-25 07:00:00+00:00,1.3587,1.3615,1.3529,1.3591,125421.0
2026-05-25 08:00:00+00:00,1.359,1.3655,1.358,1.3597,212974.0
2026-05-25 09:00:00+00:00,1.3597,1.3635,1.3573,1.3617,100284.0
2026-05-25 10:00:00+00:00,1.3615,1.3621,1.3595,1.3613,106415.0
2026-05-25 11:00:00+00:00,1.3609,1.3618,1.3576,1.3581,172578.0
2026-05-25 12:00:00+00:00,1.3583,1.36,1.3568,1.3578,196108.0
2026-05-25 13:00:00+00:00,1.3575,1.3594,1.3558,1.3589,117065.0
2026-05-25 14:00:00+00:00,1.3592,1.3632,1.358,1.3618,256965.0
2026-05-25 15:00:00+00:00,1.3622,1.3659,1.3578,1.3594,261267.0
2026-05-25 16:00:00+00:00,1.3596,1.3643,1.3577,1.3633,99024.0
2026-05-25 17:00:00+00:00,1.3633,1.3646,1.3604,1.3616,116009.0
2026-05-25 18:00:00+00:00,1.3613,1.3638,1.3588,1.3589,99719.0
2026-05-25 19:00:00+00:00,1.3592,1.3592,1.3546,1.3577,123279.0
2026-05-25 20:00:00+00:00,1.3577,1.3597,1.3523,1.3545,76350.0
2026-05-25 21:00:00+00:00,1.3545,1.3569,1.3542,1.3554,18446.0
2026-05-25 22:00:00+00:00,1.3547,1.356,1.3472,1.3498,78321.0
2026-05-25 23:00:00+00:00,1.3487,1.3521,1.3476,1.3509,32730.0
2026-05-26 00:00:00+00:00,1.3506,1.3509,1.3353,1.3425,232182.0
2026-05-26 01:00:00+00:00,1.342,1.345,1.3374,1.3399,214507.0
2026-05-26 02:00:00+00:00,1.3394,1.34,1.336,1.3376,178875.0
2026-05-26 03:00:00+00:00,1.3375,1.3413,1.3344,1.3404,181797.0
2026-05-26 04:00:00+00:00,1.3407,1.3469,1.3399,1.3455,313426.0
2026-05-26 05:00:00+00:00,1.3458,1.351,1.3443,1.348,369549.0
2026-05-26 06:00:00+00:00,1.3481,1.3501,1.345,1.3484,126217.0
2026-05-26 07:00:00+00:00,1.3489,1.3494,1.3395,1.341,303936.0
2026-05-26 08:00:00+00:00,1.3406,1.3444,1.34,1.3412,162542.0
2026-05-26 09:00:00+00:00,1.3413,1.3439,1.3396,1.3421,111643.0
2026-05-26 10:00:00+00:00,1.3419,1.36,1.3404,1.3574,569059.0
2026-05-26 11:00:00+00:00,1.358,1.3581,1.3517,1.3529,321883.0
2026-05-26 12:00:00+00:00,1.3523,1.3564,1.3482,1.3554,198911.0
2026-05-26 13:00:00+00:00,1.3555,1.3608,1.3483,1.3556,450170.0
2026-05-26 14:00:00+00:00,1.3566,1.366,1.3486,1.3528,858601.0
2026-05-26 15:00:00+00:00,1.3526,1.3542,1.3399,1.3456,571213.0
2026-05-26 16:00:00+00:00,1.3456,1.3459,1.3384,1.3413,530877.0
2026-05-26 17:00:00+00:00,1.3412,1.344,1.3274,1.3333,716748.0
2026-05-26 18:00:00+00:00,1.3332,1.3391,1.329,1.3298,323471.0
2026-05-26 19:00:00+00:00,1.3303,1.3349,1.3272,1.3324,234930.0
2026-05-26 20:00:00+00:00,1.3322,1.3344,1.3311,1.3336,144947.0
2026-05-26 21:00:00+00:00,1.3334,1.3349,1.3285,1.3316,69146.0
2026-05-26 22:00:00+00:00,1.3317,1.334,1.329,1.3298,39590.0
2026-05-26 23:00:00+00:00,1.3302,1.3321,1.329,1.3291,24622.0
2026-05-27 00:00:00+00:00,1.3295,1.3331,1.3289,1.3327,66780.0
2026-05-27 01:00:00+00:00,1.3323,1.3332,1.3293,1.3308,116780.0
2026-05-27 02:00:00+00:00,1.3308,1.3317,1.3266,1.3316,281252.0
2026-05-27 03:00:00+00:00,1.3315,1.3335,1.3265,1.3277,172916.0
2026-05-27 04:00:00+00:00,1.3277,1.3319,1.3217,1.3314,406908.0
2026-05-27 05:00:00+00:00,1.3314,1.3332,1.33,1.3315,151996.0
2026-05-27 06:00:00+00:00,1.332,1.3374,1.3307,1.3364,118250.0
2026-05-27 07:00:00+00:00,1.3364,1.3375,1.3305,1.3322,186380.0
2026-05-27 08:00:00+00:00,1.3322,1.3384,1.3303,1.3361,128745.0
2026-05-27 09:00:00+00:00,1.336,1.3375,1.3284,1.3305,179681.0
2026-05-27 10:00:00+00:00,1.3294,1.3351,1.3294,1.3314,71932.0
2026-05-27 11:00:00+00:00,1.3305,1.3346,1.3295,1.3298,67156.0
2026-05-27 12:00:00+00:00,1.3298,1.3415,1.3252,1.3324,319127.0
2026-05-27 13:00:00+00:00,1.3325,1.3338,1.3188,1.3246,485540.0
2026-05-27 14:00:00+00:00,1.3246,1.3317,1.3194,1.3312,593828.0
2026-05-27 15:00:00+00:00,1.3311,1.3438,1.3304,1.3367,458184.0
2026-05-27 16:00:00+00:00,1.3371,1.3395,1.3285,1.3323,285479.0
2026-05-27 17:00:00+00:00,1.3328,1.3328,1.3174,1.3209,420762.0
2026-05-27 18:00:00+00:00,1.321,1.3277,1.3178,1.3268,208009.0
2026-05-27 19:00:00+00:00,1.327,1.3345,1.327,1.331,138903.0
2026-05-27 20:00:00+00:00,1.3313,1.3353,1.328,1.3314,80054.0
2026-05-27 21:00:00+00:00,1.3314,1.3332,1.3115,1.3163,131392.0
2026-05-27 22:00:00+00:00,1.3157,1.3211,1.3101,1.3109,119525.0
2026-05-27 23:00:00+00:00,1.3102,1.3127,1.3035,1.308,138879.0
2026-05-28 00:00:00+00:00,1.3072,1.3115,1.3064,1.3106,119756.0
2026-05-28 01:00:00+00:00,1.3102,1.3102,1.2983,1.3035,260848.0
2026-05-28 02:00:00+00:00,1.3039,1.3062,1.301,1.3015,164078.0
2026-05-28 03:00:00+00:00,1.3022,1.304,1.2755,1.2796,1432069.0
2026-05-28 04:00:00+00:00,1.2793,1.2848,1.2676,1.2848,845575.0
2026-05-28 05:00:00+00:00,1.2845,1.2862,1.278,1.2839,241088.0
2026-05-28 06:00:00+00:00,1.2839,1.29,1.281,1.2876,328118.0
2026-05-28 07:00:00+00:00,1.2879,1.2938,1.2874,1.2936,172204.0
2026-05-28 08:00:00+00:00,1.2935,1.2938,1.287,1.2892,195104.0
2026-05-28 09:00:00+00:00,1.2894,1.2942,1.2874,1.2931,172116.0
2026-05-28 10:00:00+00:00,1.2932,1.2966,1.2883,1.2886,259917.0
2026-05-28 11:00:00+00:00,1.2889,1.291,1.286,1.2887,181910.0
2026-05-28 12:00:00+00:00,1.2878,1.2953,1.2841,1.2953,181158.0
2026-05-28 13:00:00+00:00,1.2953,1.2999,1.2897,1.2968,306046.0
2026-05-28 14:00:00+00:00,1.2958,1.311,1.2864,1.3024,923366.0
2026-05-28 15:00:00+00:00,1.3018,1.315,1.2946,1.313,516204.0
2026-05-28 16:00:00+00:00,1.3123,1.3292,1.3071,1.3238,735127.0
2026-05-28 17:00:00+00:00,1.3242,1.3304,1.3188,1.3261,380924.0
2026-05-28 18:00:00+00:00,1.3261,1.3391,1.3258,1.334,375222.0
2026-05-28 19:00:00+00:00,1.3348,1.3348,1.3157,1.3164,447128.0
2026-05-28 20:00:00+00:00,1.3166,1.3252,1.3111,1.3205,435461.0
2026-05-28 21:00:00+00:00,1.3208,1.3235,1.317,1.3208,127116.0
2026-05-28 22:00:00+00:00,1.32,1.3217,1.3125,1.3147,135961.0
2026-05-28 23:00:00+00:00,1.315,1.3186,1.3138,1.3154,47210.0
2026-05-29 00:00:00+00:00,1.3154,1.3207,1.3146,1.3152,100141.0
2026-05-29 01:00:00+00:00,1.3156,1.3179,1.3086,1.3107,151150.0
2026-05-29 02:00:00+00:00,1.3106,1.3122,1.3042,1.3046,174900.0
2026-05-29 03:00:00+00:00,1.3047,1.3154,1.3047,1.313,194030.0
2026-05-29 04:00:00+00:00,1.3129,1.3132,1.3039,1.3113,299945.0
2026-05-29 05:00:00+00:00,1.311,1.3159,1.3089,1.3155,270029.0
2026-05-29 06:00:00+00:00,1.3153,1.3216,1.3145,1.3165,334622.0
2026-05-29 07:00:00+00:00,1.3163,1.3198,1.3107,1.3173,219303.0
2026-05-29 08:00:00+00:00,1.3173,1.324,1.3168,1.3217,148203.0
2026-05-29 09:00:00+00:00,1.3223,1.3278,1.3204,1.324,240433.0
2026-05-29 10:00:00+00:00,1.3238,1.3242,1.3177,1.3191,276457.0
2026-05-29 11:00:00+00:00,1.3189,1.3193,1.3075,1.3118,535025.0
2026-05-29 12:00:00+00:00,1.3121,1.3122,1.3031,1.3051,351613.0
2026-05-29 13:00:00+00:00,1.305,1.3063,1.298,1.3028,577941.0
2026-05-29 14:00:00+00:00,1.3031,1.3091,1.2945,1.3082,699928.0
2026-05-29 15:00:00+00:00,1.3081,1.3341,1.305,1.3228,1413114.0
2026-05-29 16:00:00+00:00,1.323,1.3311,1.3165,1.3279,746857.0
2026-05-29 17:00:00+00:00,1.3276,1.3331,1.3239,1.325,775652.0
2026-05-29 18:00:00+00:00,1.3254,1.3307,1.3168,1.3186,610744.0
2026-05-29 19:00:00+00:00,1.3192,1.3237,1.3113,1.3215,545277.0
2026-05-29 20:00:00+00:00,1.3217,1.3257,1.3205,1.3231,264524.0
2026-05-29 21:00:00+00:00,1.3229,1.3274,1.3165,1.3165,208378.0
2026-05-29 22:00:00+00:00,1.317,1.3213,1.3146,1.3209,85586.0
2026-05-29 23:00:00+00:00,1.3213,1.331,1.321,1.3302,171674.0
2026-05-30 00:00:00+00:00,1.33,1.35,1.3281,1.3485,428214.0
2026-05-30 01:00:00+00:00,1.3492,1.3664,1.3442,1.3567,560909.0
2026-05-30 02:00:00+00:00,1.3569,1.3641,1.355,1.3598,409658.0
2026-05-30 03:00:00+00:00,1.3606,1.3626,1.3503,1.3506,345460.0
2026-05-30 04:00:00+00:00,1.3507,1.3531,1.3375,1.3438,588450.0
2026-05-30 05:00:00+00:00,1.3438,1.3512,1.3421,1.3489,503959.0
2026-05-30 06:00:00+00:00,1.3491,1.3497,1.344,1.3455,183672.0
2026-05-30 07:00:00+00:00,1.3457,1.3464,1.3405,1.3429,257127.0
2026-05-30 08:00:00+00:00,1.3432,1.3432,1.3405,1.341,95554.0
2026-05-30 09:00:00+00:00,1.3408,1.3459,1.34,1.3449,213753.0
2026-05-30 10:00:00+00:00,1.345,1.3451,1.3414,1.3426,270498.0
2026-05-30 11:00:00+00:00,1.3427,1.3445,1.3371,1.3407,371140.0
2026-05-30 12:00:00+00:00,1.3411,1.3428,1.3386,1.3399,293685.0
2026-05-30 13:00:00+00:00,1.3403,1.3421,1.3376,1.3412,214158.0
2026-05-30 14:00:00+00:00,1.3418,1.3472,1.3396,1.3431,479864.0
2026-05-30 15:00:00+00:00,1.3435,1.346,1.3403,1.3428,568207.0
2026-05-30 16:00:00+00:00,1.343,1.3488,1.3414,1.348,455773.0
2026-05-30 17:00:00+00:00,1.3483,1.3534,1.3448,1.3527,710151.0
2026-05-30 18:00:00+00:00,1.3528,1.3544,1.3489,1.352,207793.0
2026-05-30 19:00:00+00:00,1.3523,1.3523,1.3463,1.348,276626.0
2026-05-30 20:00:00+00:00,1.3488,1.35,1.3468,1.3477,107997.0
2026-05-30 21:00:00+00:00,1.349,1.3519,1.3473,1.3505,37166.0
2026-05-30 22:00:00+00:00,1.35,1.35,1.3383,1.3429,284735.0
2026-05-30 23:00:00+00:00,1.3429,1.3437,1.3387,1.3408,70620.0
2026-05-31 00:00:00+00:00,1.3411,1.3419,1.3379,1.3407,83537.0
2026-05-31 01:00:00+00:00,1.3404,1.3444,1.3404,1.3421,93071.0
2026-05-31 02:00:00+00:00,1.3415,1.3464,1.336,1.3425,364399.0
2026-05-31 03:00:00+00:00,1.3427,1.3459,1.3415,1.3448,191385.0
2026-05-31 04:00:00+00:00,1.3451,1.3472,1.3431,1.3463,167449.0
2026-05-31 05:00:00+00:00,1.3464,1.3464,1.3425,1.3441,189572.0
2026-05-31 06:00:00+00:00,1.3432,1.3435,1.3403,1.3404,203841.0
2026-05-31 07:00:00+00:00,1.3403,1.3403,1.3332,1.3357,430594.0
2026-05-31 08:00:00+00:00,1.3356,1.34,1.3355,1.3387,185478.0
2026-05-31 09:00:00+00:00,1.3387,1.3433,1.3369,1.3392,278926.0
2026-05-31 10:00:00+00:00,1.3393,1.3398,1.3343,1.3374,172622.0
2026-05-31 11:00:00+00:00,1.3374,1.3436,1.3374,1.3423,202279.0
2026-05-31 12:00:00+00:00,1.3422,1.3443,1.3391,1.3424,213936.0
2026-05-31 13:00:00+00:00,1.3431,1.3486,1.3418,1.3426,333220.0
2026-05-31 14:00:00+00:00,1.3426,1.3442,1.3276,1.3304,901005.0
2026-05-31 15:00:00+00:00,1.3305,1.3353,1.3295,1.3308,242287.0
2026-05-31 16:00:00+00:00,1.331,1.3331,1.3211,1.3281,531013.0
2026-05-31 17:00:00+00:00,1.3281,1.3326,1.328,1.3314,191210.0
2026-05-31 18:00:00+00:00,1.3313,1.3313,1.3262,1.3277,219795.0
2026-05-31 19:00:00+00:00,1.3281,1.3284,1.3209,1.3267,371550.0
2026-05-31 20:00:00+00:00,1.3269,1.3319,1.3269,1.3309,98028.0
2026-05-31 21:00:00+00:00,1.3306,1.3354,1.3296,1.3345,52870.0
2026-05-31 22:00:00+00:00,1.3348,1.3406,1.3318,1.3388,169337.0
2026-05-31 23:00:00+00:00,1.3383,1.3431,1.3282,1.3338,101973.0
2026-06-01 00:00:00+00:00,1.3346,1.3418,1.3314,1.3389,91455.0
2026-06-01 01:00:00+00:00,1.3384,1.3388,1.322,1.322,238480.0
2026-06-01 02:00:00+00:00,1.322,1.3353,1.3195,1.3313,336783.0
2026-06-01 03:00:00+00:00,1.3318,1.3364,1.3303,1.3313,122336.0
2026-06-01 04:00:00+00:00,1.3317,1.3335,1.3176,1.3229,381533.0
2026-06-01 05:00:00+00:00,1.3222,1.3233,1.3158,1.3171,223854.0
2026-06-01 06:00:00+00:00,1.3171,1.3177,1.3099,1.3143,288523.0
2026-06-01 07:00:00+00:00,1.314,1.3151,1.3032,1.3044,834237.0
2026-06-01 08:00:00+00:00,1.3046,1.3082,1.299,1.3035,584347.0
2026-06-01 09:00:00+00:00,1.3038,1.31,1.3038,1.3047,330776.0
2026-06-01 10:00:00+00:00,1.305,1.3078,1.3019,1.3061,238312.0
2026-06-01 11:00:00+00:00,1.307,1.3085,1.3013,1.3039,150153.0
2026-06-01 12:00:00+00:00,1.3049,1.3071,1.2962,1.3033,422905.0
2026-06-01 13:00:00+00:00,1.3028,1.303,1.2863,1.2907,789539.0
2026-06-01 14:00:00+00:00,1.2905,1.2931,1.282,1.2861,571171.0
2026-06-01 15:00:00+00:00,1.2864,1.2907,1.2798,1.2826,557557.0
2026-06-01 16:00:00+00:00,1.2825,1.2943,1.2799,1.2942,487768.0
2026-06-01 17:00:00+00:00,1.2939,1.3056,1.2937,1.3015,765845.0
2026-06-01 18:00:00+00:00,1.3008,1.3038,1.2954,1.2969,583855.0
2026-06-01 19:00:00+00:00,1.2964,1.3018,1.2945,1.3001,245785.0
2026-06-01 20:00:00+00:00,1.3009,1.301,1.2964,1.2988,151771.0
2026-06-01 21:00:00+00:00,1.2996,1.2996,1.2917,1.2931,201366.0
2026-06-01 22:00:00+00:00,1.2916,1.3019,1.2872,1.3019,129855.0
2026-06-01 23:00:00+00:00,1.3003,1.301,1.2934,1.2977,58617.0
2026-06-02 00:00:00+00:00,1.2973,1.2973,1.2888,1.2895,125767.0
2026-06-02 01:00:00+00:00,1.2896,1.2913,1.2798,1.2799,266036.0
2026-06-02 02:00:00+00:00,1.2799,1.2855,1.2685,1.2847,534597.0
2026-06-02 03:00:00+00:00,1.2849,1.2895,1.2825,1.2887,192911.0
2026-06-02 04:00:00+00:00,1.2892,1.2904,1.2802,1.2808,306564.0
2026-06-02 05:00:00+00:00,1.2806,1.2816,1.267,1.2681,701993.0
2026-06-02 06:00:00+00:00,1.2681,1.2729,1.2636,1.2663,585379.0
2026-06-02 07:00:00+00:00,1.267,1.2725,1.2588,1.2684,548660.0
2026-06-02 08:00:00+00:00,1.2686,1.2698,1.2625,1.2652,245086.0
2026-06-02 09:00:00+00:00,1.2655,1.2656,1.2576,1.26,609355.0
2026-06-02 10:00:00+00:00,1.2607,1.2687,1.258,1.2678,278185.0
2026-06-02 11:00:00+00:00,1.2672,1.2674,1.2599,1.2617,285602.0
2026-06-02 12:00:00+00:00,1.261,1.2667,1.2592,1.2642,318740.0
2026-06-02 13:00:00+00:00,1.264,1.2687,1.2603,1.2618,372113.0
2026-06-02 14:00:00+00:00,1.2611,1.2619,1.2273,1.2356,1642013.0
2026-06-02 15:00:00+00:00,1.2361,1.2376,1.2173,1.2226,1049496.0
2026-06-02 16:00:00+00:00,1.2221,1.2432,1.2201,1.2328,805049.0
2026-06-02 17:00:00+00:00,1.2327,1.2441,1.2316,1.2366,710470.0
2026-06-02 18:00:00+00:00,1.2365,1.2404,1.2185,1.2244,536481.0
2026-06-02 19:00:00+00:00,1.2242,1.2308,1.2067,1.2215,867904.0
2026-06-02 20:00:00+00:00,1.221,1.2279,1.213,1.2231,207070.0
2026-06-02 21:00:00+00:00,1.2233,1.2325,1.22,1.2265,153218.0
2026-06-02 22:00:00+00:00,1.2249,1.2249,1.1941,1.2005,395437.0
2026-06-02 23:00:00+00:00,1.2009,1.2127,1.1971,1.2116,205653.0
2026-06-03 00:00:00+00:00,1.2124,1.2257,1.2124,1.2241,163768.0
2026-06-03 01:00:00+00:00,1.2238,1.2319,1.2183,1.2238,376049.0
2026-06-03 02:00:00+00:00,1.2231,1.224,1.2173,1.2205,152850.0
2026-06-03 03:00:00+00:00,1.2206,1.2233,1.1896,1.1977,595063.0
2026-06-03 04:00:00+00:00,1.198,1.219,1.198,1.2184,450973.0
2026-06-03 05:00:00+00:00,1.219,1.2351,1.2187,1.2323,521794.0
2026-06-03 06:00:00+00:00,1.2322,1.2467,1.2317,1.2386,634463.0
2026-06-03 07:00:00+00:00,1.2386,1.2493,1.2376,1.2437,489935.0
2026-06-03 08:00:00+00:00,1.2433,1.2461,1.2388,1.2427,383666.0
2026-06-03 09:00:00+00:00,1.2429,1.2456,1.2355,1.2388,284406.0
2026-06-03 10:00:00+00:00,1.2387,1.245,1.2381,1.242,166656.0
2026-06-03 11:00:00+00:00,1.2441,1.2453,1.2343,1.2372,199626.0
2026-06-03 12:00:00+00:00,1.2375,1.2382,1.2313,1.236,324971.0
2026-06-03 13:00:00+00:00,1.2362,1.2382,1.2262,1.2316,646851.0
2026-06-03 14:00:00+00:00,1.2316,1.2342,1.2224,1.2306,664854.0
2026-06-03 15:00:00+00:00,1.2309,1.2319,1.2209,1.2251,495160.0
2026-06-03 16:00:00+00:00,1.2255,1.229,1.2091,1.2228,1024431.0
2026-06-03 17:00:00+00:00,1.2234,1.229,1.2134,1.2217,1043750.0
2026-06-03 18:00:00+00:00,1.2215,1.225,1.213,1.2177,612448.0
2026-06-03 19:00:00+00:00,1.2185,1.2196,1.2019,1.2041,498557.0
2026-06-03 20:00:00+00:00,1.2033,1.2078,1.1866,1.194,365028.0
2026-06-03 21:00:00+00:00,1.1939,1.2204,1.1916,1.2184,171023.0
2026-06-03 22:00:00+00:00,1.2202,1.2205,1.2044,1.206,74749.0
2026-06-03 23:00:00+00:00,1.2065,1.2072,1.1981,1.2015,78332.0
2026-06-04 00:00:00+00:00,1.2012,1.2082,1.1867,1.1936,514422.0
2026-06-04 01:00:00+00:00,1.1939,1.1965,1.1558,1.1615,1073689.0
2026-06-04 02:00:00+00:00,1.1621,1.1872,1.1414,1.181,955949.0
2026-06-04 03:00:00+00:00,1.182,1.2114,1.1816,1.209,775433.0
2026-06-04 04:00:00+00:00,1.209,1.212,1.2004,1.2018,333594.0
2026-06-04 05:00:00+00:00,1.2011,1.2011,1.184,1.1882,949404.0
2026-06-04 06:00:00+00:00,1.1875,1.2004,1.1867,1.1894,349077.0
2026-06-04 07:00:00+00:00,1.19,1.19,1.1673,1.1682,722664.0
2026-06-04 08:00:00+00:00,1.1686,1.1723,1.1609,1.1675,645203.0
2026-06-04 09:00:00+00:00,1.1675,1.1675,1.145,1.1618,819121.0
2026-06-04 10:00:00+00:00,1.1618,1.1625,1.1434,1.1483,642334.0
2026-06-04 11:00:00+00:00,1.1486,1.1583,1.1414,1.1547,810275.0
2026-06-04 12:00:00+00:00,1.156,1.1823,1.1502,1.18,1291792.0
2026-06-04 13:00:00+00:00,1.1796,1.1836,1.163,1.1793,934153.0
2026-06-04 14:00:00+00:00,1.18,1.1828,1.168,1.1729,475639.0
2026-06-04 15:00:00+00:00,1.1722,1.1829,1.1658,1.169,624177.0
2026-06-04 16:00:00+00:00,1.1686,1.1736,1.1606,1.1702,439904.0
2026-06-04 17:00:00+00:00,1.1698,1.1756,1.1596,1.1696,394307.0
2026-06-04 18:00:00+00:00,1.17,1.1834,1.163,1.1795,303395.0
2026-06-04 19:00:00+00:00,1.1791,1.1848,1.1729,1.1757,310638.0
2026-06-04 20:00:00+00:00,1.1752,1.1779,1.1664,1.1759,159561.0
2026-06-04 21:00:00+00:00,1.1757,1.1787,1.1566,1.1588,175377.0
2026-06-04 22:00:00+00:00,1.1586,1.1699,1.1546,1.1699,78888.0
2026-06-04 23:00:00+00:00,1.169,1.172,1.1586,1.1689,68516.0
2026-06-05 00:00:00+00:00,1.1678,1.1748,1.1607,1.1618,75140.0
2026-06-05 01:00:00+00:00,1.1609,1.1619,1.1509,1.1574,248153.0
2026-06-05 02:00:00+00:00,1.1564,1.1572,1.1345,1.1356,497993.0
2026-06-05 03:00:00+00:00,1.1353,1.1476,1.1328,1.1343,570773.0
2026-06-05 04:00:00+00:00,1.1354,1.1489,1.1306,1.1475,513874.0
2026-06-05 05:00:00+00:00,1.1476,1.1491,1.1204,1.121,531680.0
2026-06-05 06:00:00+00:00,1.1208,1.1263,1.0912,1.1186,1591203.0
2026-06-05 07:00:00+00:00,1.1189,1.1383,1.1048,1.1362,707059.0
2026-06-05 08:00:00+00:00,1.1365,1.1365,1.1164,1.119,721989.0
2026-06-05 09:00:00+00:00,1.1191,1.1404,1.1189,1.14,573918.0
2026-06-05 10:00:00+00:00,1.1404,1.1463,1.1308,1.135,446553.0
2026-06-05 11:00:00+00:00,1.1361,1.1361,1.1182,1.1193,565202.0
2026-06-05 12:00:00+00:00,1.1187,1.1258,1.1097,1.1197,596079.0
2026-06-05 13:00:00+00:00,1.1201,1.1379,1.1014,1.1026,823698.0
2026-06-05 14:00:00+00:00,1.1023,1.1184,1.0977,1.1064,848038.0
2026-06-05 15:00:00+00:00,1.1067,1.1097,1.0923,1.1003,704654.0
2026-06-05 16:00:00+00:00,1.0997,1.1237,1.0841,1.1204,1187357.0
2026-06-05 17:00:00+00:00,1.1204,1.1223,1.1004,1.1088,716049.0
2026-06-05 18:00:00+00:00,1.1086,1.1137,1.0802,1.0834,799680.0
2026-06-05 19:00:00+00:00,1.0836,1.1042,1.0694,1.099,1198257.0
2026-06-05 20:00:00+00:00,1.0986,1.1183,1.0852,1.1156,475444.0
2026-06-05 21:00:00+00:00,1.1151,1.12,1.1115,1.1122,245858.0
2026-06-05 22:00:00+00:00,1.1116,1.1117,1.0983,1.1073,210972.0
2026-06-05 23:00:00+00:00,1.1114,1.1158,1.0875,1.0971,243981.0
2026-06-06 00:00:00+00:00,1.0978,1.1126,1.0978,1.1113,109372.0
2026-06-06 01:00:00+00:00,1.1115,1.1139,1.0998,1.1017,185616.0
2026-06-06 02:00:00+00:00,1.1004,1.1032,1.092,1.0959,371421.0
2026-06-06 03:00:00+00:00,1.095,1.0953,1.0834,1.0857,417346.0
2026-06-06 04:00:00+00:00,1.0848,1.0902,1.0517,1.0577,1225752.0
2026-06-06 05:00:00+00:00,1.0574,1.0913,1.0496,1.0896,1146308.0
2026-06-06 06:00:00+00:00,1.0896,1.1011,1.0811,1.083,848777.0
2026-06-06 07:00:00+00:00,1.0827,1.0984,1.0819,1.092,390037.0
2026-06-06 08:00:00+00:00,1.0923,1.1042,1.0899,1.0989,661468.0
2026-06-06 09:00:00+00:00,1.0984,1.1031,1.0889,1.0914,856103.0
2026-06-06 10:00:00+00:00,1.0914,1.0916,1.0722,1.0806,1213977.0
2026-06-06 11:00:00+00:00,1.0802,1.089,1.0792,1.0875,627669.0
2026-06-06 12:00:00+00:00,1.087,1.0986,1.0806,1.0959,594545.0
2026-06-06 13:00:00+00:00,1.0953,1.1027,1.0919,1.0983,421681.0
2026-06-06 14:00:00+00:00,1.098,1.1098,1.0976,1.1027,655668.0
2026-06-06 15:00:00+00:00,1.1035,1.1041,1.0865,1.0961,747759.0
2026-06-06 16:00:00+00:00,1.0952,1.1016,1.0881,1.0954,327854.0
2026-06-06 17:00:00+00:00,1.0954,1.0979,1.0806,1.0826,537625.0
2026-06-06 18:00:00+00:00,1.0826,1.087,1.0787,1.0847,253393.0
2026-06-06 19:00:00+00:00,1.0847,1.0898,1.0803,1.0808,219476.0
2026-06-06 20:00:00+00:00,1.0807,1.0854,1.0775,1.0844,71071.0
2026-06-06 21:00:00+00:00,1.0846,1.0937,1.0846,1.0879,112728.0
2026-06-06 22:00:00+00:00,1.0865,1.0896,1.0813,1.0861,54850.0
2026-06-06 23:00:00+00:00,1.0861,1.0948,1.0857,1.093,71536.0
2026-06-07 00:00:00+00:00,1.0937,1.0975,1.0891,1.0891,81742.0
2026-06-07 01:00:00+00:00,1.0888,1.1201,1.0883,1.1164,392759.0
2026-06-07 02:00:00+00:00,1.1161,1.1234,1.107,1.1189,548322.0
2026-06-07 03:00:00+00:00,1.119,1.1245,1.115,1.1184,393927.0
2026-06-07 04:00:00+00:00,1.1184,1.1222,1.1101,1.1212,764861.0
2026-06-07 05:00:00+00:00,1.1214,1.1266,1.1187,1.12,399264.0
2026-06-07 06:00:00+00:00,1.12,1.1294,1.1156,1.1256,455715.0
2026-06-07 07:00:00+00:00,1.1252,1.1369,1.1226,1.1368,542836.0
2026-06-07 08:00:00+00:00,1.1363,1.1555,1.13,1.1555,994814.0
2026-06-07 09:00:00+00:00,1.1556,1.17,1.1454,1.1461,1750321.0
2026-06-07 10:00:00+00:00,1.1461,1.1471,1.1327,1.1353,1130772.0
2026-06-07 11:00:00+00:00,1.1352,1.1408,1.1327,1.1399,508034.0
2026-06-07 12:00:00+00:00,1.1402,1.1403,1.1185,1.1233,1255339.0
2026-06-07 13:00:00+00:00,1.1236,1.1252,1.1206,1.122,239871.0
2026-06-07 14:00:00+00:00,1.1223,1.1372,1.1222,1.1334,575140.0
2026-06-07 15:00:00+00:00,1.1331,1.137,1.1282,1.1339,267546.0
2026-06-07 16:00:00+00:00,1.1341,1.1393,1.1305,1.138,352410.0
2026-06-07 17:00:00+00:00,1.137,1.146,1.1363,1.1441,481357.0
2026-06-07 18:00:00+00:00,1.1444,1.1511,1.1405,1.1411,360944.0
2026-06-07 19:00:00+00:00,1.1409,1.1409,1.1208,1.125,494829.0
2026-06-07 20:00:00+00:00,1.1239,1.1361,1.1215,1.1336,250944.0
2026-06-07 21:00:00+00:00,1.1325,1.1342,1.1256,1.1299,131374.0
2026-06-07 22:00:00+00:00,1.1306,1.1718,1.1288,1.1542,288131.0
2026-06-07 23:00:00+00:00,1.1527,1.1603,1.1507,1.1548,61165.0
2026-06-08 00:00:00+00:00,1.1554,1.1676,1.1487,1.1629,164021.0
2026-06-08 01:00:00+00:00,1.1634,1.165,1.1426,1.1572,220524.0
2026-06-08 02:00:00+00:00,1.1574,1.1618,1.1521,1.1562,232282.0
2026-06-08 03:00:00+00:00,1.1567,1.1613,1.1489,1.1517,138919.0
2026-06-08 04:00:00+00:00,1.1519,1.1528,1.1393,1.1401,256874.0
2026-06-08 05:00:00+00:00,1.1404,1.1434,1.132,1.1364,224998.0
2026-06-08 06:00:00+00:00,1.1362,1.1434,1.136,1.1411,372497.0
2026-06-08 07:00:00+00:00,1.141,1.1508,1.1378,1.1471,410746.0
2026-06-08 08:00:00+00:00,1.1476,1.1476,1.1362,1.1396,304145.0
2026-06-08 09:00:00+00:00,1.1396,1.15,1.1396,1.1499,546494.0
2026-06-08 10:00:00+00:00,1.1499,1.1525,1.1431,1.1448,576892.0
2026-06-08 11:00:00+00:00,1.1447,1.1654,1.1429,1.1579,890824.0
2026-06-08 12:00:00+00:00,1.1581,1.1703,1.1462,1.1689,606096.0
2026-06-08 13:00:00+00:00,1.17,1.1705,1.1557,1.1624,537755.0
2026-06-08 14:00:00+00:00,1.1621,1.1752,1.1573,1.1727,851566.0
2026-06-08 15:00:00+00:00,1.173,1.1851,1.169,1.171,1307298.0
2026-06-08 16:00:00+00:00,1.1708,1.1774,1.164,1.1649,660488.0
2026-06-08 17:00:00+00:00,1.1648,1.1728,1.1579,1.1724,745056.0
2026-06-08 18:00:00+00:00,1.1728,1.18,1.171,1.1746,563404.0
2026-06-08 19:00:00+00:00,1.1743,1.1866,1.1734,1.1798,350478.0
2026-06-08 20:00:00+00:00,1.1801,1.1816,1.1688,1.1768,104769.0
2026-06-08 21:00:00+00:00,1.1774,1.186,1.1774,1.181,125182.0
2026-06-08 22:00:00+00:00,1.18,1.18,1.1718,1.1773,172305.0
2026-06-08 23:00:00+00:00,1.1777,1.1815,1.1664,1.1679,144319.0
2026-06-09 00:00:00+00:00,1.168,1.1709,1.1517,1.1527,436621.0
2026-06-09 01:00:00+00:00,1.1526,1.1573,1.1493,1.1512,276336.0
2026-06-09 02:00:00+00:00,1.1511,1.1545,1.1432,1.1526,461444.0
2026-06-09 03:00:00+00:00,1.1526,1.1564,1.1505,1.155,377521.0
2026-06-09 04:00:00+00:00,1.1549,1.1728,1.1507,1.1664,465078.0
2026-06-09 05:00:00+00:00,1.1664,1.1764,1.1624,1.1733,418936.0
2026-06-09 06:00:00+00:00,1.1733,1.1768,1.1711,1.1727,325122.0
2026-06-09 07:00:00+00:00,1.1728,1.1765,1.1664,1.1712,231252.0
2026-06-09 08:00:00+00:00,1.1712,1.1725,1.1645,1.1677,233584.0
2026-06-09 09:00:00+00:00,1.1674,1.1703,1.1587,1.1596,305540.0
2026-06-09 10:00:00+00:00,1.1604,1.1611,1.155,1.1592,203080.0
2026-06-09 11:00:00+00:00,1.1587,1.1592,1.1526,1.1555,239335.0
2026-06-09 12:00:00+00:00,1.1553,1.1639,1.1548,1.1628,460160.0
2026-06-09 13:00:00+00:00,1.1636,1.1665,1.154,1.1578,477034.0
2026-06-09 14:00:00+00:00,1.1573,1.1598,1.1307,1.1372,1029042.0
2026-06-09 15:00:00+00:00,1.1372,1.1424,1.1268,1.1277,1060960.0
2026-06-09 16:00:00+00:00,1.1274,1.1317,1.1188,1.1275,1648923.0
2026-06-09 17:00:00+00:00,1.1284,1.1472,1.1284,1.138,920152.0
2026-06-09 18:00:00+00:00,1.138,1.1462,1.1355,1.139,325095.0
2026-06-09 19:00:00+00:00,1.139,1.1451,1.1359,1.1406,202427.0
2026-06-09 20:00:00+00:00,1.1404,1.1457,1.1391,1.1439,82530.0
2026-06-09 21:00:00+00:00,1.1439,1.1443,1.1349,1.1362,154091.0
2026-06-09 22:00:00+00:00,1.137,1.1413,1.1339,1.135,113406.0
2026-06-09 23:00:00+00:00,1.1354,1.1393,1.1338,1.1369,50137.0
2026-06-10 00:00:00+00:00,1.1373,1.1411,1.127,1.137,264952.0
2026-06-10 01:00:00+00:00,1.1374,1.1374,1.1272,1.1297,199538.0
2026-06-10 02:00:00+00:00,1.1295,1.1312,1.1153,1.1172,351262.0
2026-06-10 03:00:00+00:00,1.1171,1.1239,1.1168,1.1191,300068.0
2026-06-10 04:00:00+00:00,1.1194,1.1223,1.1131,1.1161,433563.0
2026-06-10 05:00:00+00:00,1.1162,1.1177,1.1094,1.1119,361745.0
2026-06-10 06:00:00+00:00,1.1119,1.1147,1.1066,1.1119,444203.0
2026-06-10 07:00:00+00:00,1.1119,1.1197,1.1116,1.1164,258753.0
2026-06-10 08:00:00+00:00,1.1167,1.1167,1.1053,1.107,459994.0
2026-06-10 09:00:00+00:00,1.1071,1.1103,1.101,1.1095,391257.0
2026-06-10 10:00:00+00:00,1.1095,1.1115,1.1053,1.1108,419049.0
2026-06-10 11:00:00+00:00,1.1108,1.1112,1.1016,1.1041,287529.0
2026-06-10 12:00:00+00:00,1.1044,1.1247,1.1025,1.1179,1040263.0
2026-06-10 13:00:00+00:00,1.118,1.1375,1.1158,1.1301,1021103.0
2026-06-10 14:00:00+00:00,1.1294,1.1307,1.1178,1.1247,665405.0
2026-06-10 15:00:00+00:00,1.125,1.1337,1.1183,1.1287,756360.0
2026-06-10 16:00:00+00:00,1.1289,1.1297,1.1081,1.1138,894755.0
2026-06-10 17:00:00+00:00,1.1139,1.1185,1.1036,1.11,637203.0
2026-06-10 18:00:00+00:00,1.1102,1.1112,1.0991,1.1071,539374.0
2026-06-10 19:00:00+00:00,1.107,1.1071,1.0957,1.0985,564336.0
2026-06-10 20:00:00+00:00,1.098,1.1037,1.0941,1.0992,336850.0
2026-06-10 21:00:00+00:00,1.0982,1.099,1.089,1.0926,231543.0
2026-06-10 22:00:00+00:00,1.0926,1.0999,1.0904,1.0948,97897.0
2026-06-10 23:00:00+00:00,1.0933,1.0993,1.0893,1.0978,152784.0
2026-06-11 00:00:00+00:00,1.0968,1.1041,1.0964,1.1021,203441.0
2026-06-11 01:00:00+00:00,1.1026,1.1198,1.1018,1.1158,334056.0
2026-06-11 02:00:00+00:00,1.1161,1.118,1.1046,1.1094,491643.0
2026-06-11 03:00:00+00:00,1.1093,1.1234,1.1056,1.1201,390922.0
2026-06-11 04:00:00+00:00,1.1198,1.1216,1.1147,1.1198,769567.0
2026-06-11 05:00:00+00:00,1.1196,1.1196,1.1143,1.1146,472528.0
2026-06-11 06:00:00+00:00,1.1149,1.1212,1.112,1.1151,467318.0
2026-06-11 07:00:00+00:00,1.1147,1.1176,1.1118,1.1154,454632.0
2026-06-11 08:00:00+00:00,1.1162,1.1238,1.1155,1.1213,460825.0
2026-06-11 09:00:00+00:00,1.121,1.122,1.1163,1.1171,376112.0
2026-06-11 10:00:00+00:00,1.117,1.1256,1.1146,1.1216,303454.0
2026-06-11 11:00:00+00:00,1.1213,1.1257,1.1187,1.1224,297357.0
2026-06-11 12:00:00+00:00,1.122,1.1223,1.1085,1.1139,1083359.0
2026-06-11 13:00:00+00:00,1.1131,1.1204,1.1077,1.1166,712291.0
2026-06-11 14:00:00+00:00,1.1165,1.119,1.1107,1.1132,698268.0
2026-06-11 15:00:00+00:00,1.1132,1.1183,1.1067,1.1125,830955.0
2026-06-11 16:00:00+00:00,1.113,1.1153,1.1063,1.1078,871793.0
2026-06-11 17:00:00+00:00,1.1078,1.1432,1.1043,1.1396,1560876.0
2026-06-11 18:00:00+00:00,1.1395,1.146,1.134,1.1377,771508.0
2026-06-11 19:00:00+00:00,1.1376,1.1501,1.134,1.1432,1786223.0
2026-06-11 20:00:00+00:00,1.143,1.1431,1.132,1.1363,665503.0
2026-06-11 21:00:00+00:00,1.1362,1.1424,1.1359,1.1388,155902.0
2026-06-11 22:00:00+00:00,1.141,1.1468,1.1404,1.1429,54238.0
2026-06-11 23:00:00+00:00,1.141,1.1442,1.1386,1.1415,69954.0
2026-06-12 00:00:00+00:00,1.1416,1.1449,1.1389,1.1422,93197.0
2026-06-12 01:00:00+00:00,1.1422,1.1422,1.1359,1.14,124500.0
2026-06-12 02:00:00+00:00,1.1397,1.1501,1.1397,1.1459,245934.0
2026-06-12 03:00:00+00:00,1.146,1.1466,1.1404,1.1443,180504.0
2026-06-12 04:00:00+00:00,1.1447,1.1509,1.1423,1.1461,292149.0
2026-06-12 05:00:00+00:00,1.1465,1.1465,1.1387,1.1399,297570.0
2026-06-12 06:00:00+00:00,1.1398,1.1414,1.1274,1.13,601915.0
2026-06-12 07:00:00+00:00,1.1305,1.1361,1.1305,1.1334,227921.0
2026-06-12 08:00:00+00:00,1.1339,1.145,1.1338,1.1428,416443.0
2026-06-12 09:00:00+00:00,1.1428,1.1519,1.1394,1.1466,392050.0
2026-06-12 10:00:00+00:00,1.1468,1.149,1.1403,1.1431,186898.0
2026-06-12 11:00:00+00:00,1.1435,1.1455,1.1408,1.1415,162597.0
2026-06-12 12:00:00+00:00,1.141,1.1425,1.1344,1.1358,281076.0
2026-06-12 13:00:00+00:00,1.1365,1.1372,1.1257,1.1305,415646.0
2026-06-12 14:00:00+00:00,1.1296,1.151,1.1296,1.1485,746011.0
2026-06-12 15:00:00+00:00,1.149,1.1579,1.1272,1.1289,1012021.0
2026-06-12 16:00:00+00:00,1.1283,1.1371,1.1261,1.1356,1035701.0
2026-06-12 17:00:00+00:00,1.1358,1.139,1.1303,1.1325,295200.0
2026-06-12 18:00:00+00:00,1.133,1.1349,1.1279,1.1306,299190.0
2026-06-12 19:00:00+00:00,1.1302,1.1367,1.1301,1.1318,131594.0
2026-06-12 20:00:00+00:00,1.1315,1.135,1.13,1.1325,89928.0
2026-06-12 21:00:00+00:00,1.1326,1.1352,1.13,1.1302,26914.0
2026-06-12 22:00:00+00:00,1.13,1.1325,1.1282,1.1306,29089.0
2026-06-12 23:00:00+00:00,1.1307,1.1331,1.1285,1.1324,97360.0
2026-06-13 00:00:00+00:00,1.1324,1.1357,1.1313,1.1344,34723.0
2026-06-13 01:00:00+00:00,1.1347,1.1412,1.1344,1.14,156168.0
2026-06-13 02:00:00+00:00,1.1397,1.1397,1.1331,1.135,182233.0
2026-06-13 03:00:00+00:00,1.1349,1.1373,1.131,1.1336,235900.0
2026-06-13 04:00:00+00:00,1.1336,1.1372,1.133,1.1332,249680.0
2026-06-13 05:00:00+00:00,1.1334,1.1341,1.1297,1.1328,229689.0
2026-06-13 06:00:00+00:00,1.1328,1.1387,1.1311,1.1375,243548.0
2026-06-13 07:00:00+00:00,1.1373,1.1449,1.1351,1.142,561090.0
2026-06-13 08:00:00+00:00,1.1414,1.1467,1.1404,1.1431,292216.0
2026-06-13 09:00:00+00:00,1.1431,1.1455,1.142,1.143,126680.0
2026-06-13 10:00:00+00:00,1.1432,1.1462,1.1424,1.1448,163028.0
2026-06-13 11:00:00+00:00,1.1445,1.1497,1.1442,1.1483,306014.0
2026-06-13 12:00:00+00:00,1.1484,1.1559,1.1469,1.1532,345097.0
2026-06-13 13:00:00+00:00,1.154,1.1547,1.1502,1.1515,324830.0
2026-06-13 14:00:00+00:00,1.1516,1.1578,1.1514,1.1547,209872.0
2026-06-13 15:00:00+00:00,1.1555,1.161,1.1522,1.1568,599660.0
2026-06-13 16:00:00+00:00,1.1563,1.1564,1.1437,1.1472,789002.0
2026-06-13 17:00:00+00:00,1.1472,1.1493,1.1427,1.1443,242152.0
2026-06-13 18:00:00+00:00,1.1441,1.1482,1.1436,1.1463,157852.0
2026-06-13 19:00:00+00:00,1.1462,1.1489,1.1444,1.1475,188234.0
2026-06-13 20:00:00+00:00,1.1473,1.1475,1.1452,1.147,33014.0
2026-06-13 21:00:00+00:00,1.1468,1.1566,1.145,1.1522,260038.0
2026-06-13 22:00:00+00:00,1.1522,1.1523,1.1494,1.1502,91543.0
2026-06-13 23:00:00+00:00,1.1503,1.1529,1.149,1.1503,50410.0
2026-06-14 00:00:00+00:00,1.1501,1.1511,1.1483,1.1494,114193.0
2026-06-14 01:00:00+00:00,1.1497,1.1568,1.1486,1.1526,91236.0
2026-06-14 02:00:00+00:00,1.1517,1.1558,1.151,1.152,131969.0
2026-06-14 03:00:00+00:00,1.1519,1.1547,1.1506,1.154,159447.0
2026-06-14 04:00:00+00:00,1.1541,1.1545,1.1465,1.1481,282822.0
2026-06-14 05:00:00+00:00,1.1483,1.1502,1.1443,1.1485,315135.0
2026-06-14 06:00:00+00:00,1.148,1.1537,1.1457,1.1468,290692.0
2026-06-14 07:00:00+00:00,1.1468,1.1469,1.1425,1.1461,211910.0
2026-06-14 08:00:00+00:00,1.1461,1.148,1.1444,1.1454,126030.0
2026-06-14 09:00:00+00:00,1.1452,1.1492,1.141,1.1486,264182.0
2026-06-14 10:00:00+00:00,1.1489,1.149,1.143,1.1431,182065.0
2026-06-14 11:00:00+00:00,1.143,1.1459,1.1417,1.1446,239496.0
2026-06-14 12:00:00+00:00,1.1444,1.1444,1.1373,1.1374,509014.0
2026-06-14 13:00:00+00:00,1.1376,1.1397,1.1333,1.1348,277567.0
2026-06-14 14:00:00+00:00,1.135,1.1371,1.1266,1.1321,662164.0
2026-06-14 15:00:00+00:00,1.1324,1.1361,1.1324,1.1346,448135.0
2026-06-14 16:00:00+00:00,1.135,1.1393,1.1345,1.137,309603.0
2026-06-14 17:00:00+00:00,1.1369,1.1392,1.1325,1.1335,342779.0
2026-06-14 18:00:00+00:00,1.1335,1.1356,1.1305,1.1328,272375.0
2026-06-14 19:00:00+00:00,1.1324,1.1356,1.1305,1.1327,150966.0
2026-06-14 20:00:00+00:00,1.1331,1.1404,1.1316,1.1379,182758.0
2026-06-14 21:00:00+00:00,1.1388,1.1758,1.1383,1.1683,677866.0
2026-06-14 22:00:00+00:00,1.1721,1.1773,1.1623,1.1735,248970.0
2026-06-14 23:00:00+00:00,1.1729,1.188,1.1685,1.1867,204342.0
2026-06-15 00:00:00+00:00,1.1864,1.1884,1.1809,1.1846,311481.0
2026-06-15 01:00:00+00:00,1.1847,1.1918,1.1777,1.1825,282721.0
2026-06-15 02:00:00+00:00,1.182,1.1937,1.1802,1.1826,381966.0
2026-06-15 03:00:00+00:00,1.1827,1.1911,1.1813,1.1869,223980.0
2026-06-15 04:00:00+00:00,1.1862,1.1886,1.1824,1.1836,239064.0
2026-06-15 05:00:00+00:00,1.1838,1.1882,1.1816,1.1842,289069.0
2026-06-15 06:00:00+00:00,1.1839,1.1875,1.1813,1.1829,227035.0
2026-06-15 07:00:00+00:00,1.1829,1.1865,1.1799,1.1812,173271.0
2026-06-15 08:00:00+00:00,1.1811,1.1835,1.1788,1.1808,226112.0
2026-06-15 09:00:00+00:00,1.1808,1.1877,1.1791,1.1855,233563.0
2026-06-15 10:00:00+00:00,1.1852,1.1997,1.184,1.1997,388772.0
2026-06-15 11:00:00+00:00,1.1994,1.2332,1.1953,1.2319,1032972.0
2026-06-15 12:00:00+00:00,1.2325,1.2483,1.226,1.2387,880164.0
2026-06-15 13:00:00+00:00,1.2383,1.2496,1.2339,1.2381,881983.0
2026-06-15 14:00:00+00:00,1.2402,1.2478,1.2343,1.2443,533026.0
2026-06-15 15:00:00+00:00,1.2445,1.2704,1.2445,1.2682,1292547.0
2026-06-15 16:00:00+00:00,1.2675,1.2932,1.2582,1.28,1410378.0
2026-06-15 17:00:00+00:00,1.2796,1.2875,1.2692,1.2819,1260004.0
2026-06-15 18:00:00+00:00,1.2819,1.2888,1.2742,1.2822,307584.0
2026-06-15 19:00:00+00:00,1.2814,1.2918,1.2673,1.2748,639736.0
2026-06-15 20:00:00+00:00,1.2766,1.2779,1.2631,1.264,182954.0
2026-06-15 21:00:00+00:00,1.2649,1.2649,1.2487,1.2502,243997.0
2026-06-15 22:00:00+00:00,1.2502,1.2555,1.2378,1.2403,280652.0
2026-06-15 23:00:00+00:00,1.2409,1.2422,1.2336,1.2382,234312.0
2026-06-16 00:00:00+00:00,1.238,1.2429,1.2328,1.2342,176472.0
2026-06-16 01:00:00+00:00,1.2345,1.2383,1.228,1.2285,212244.0
2026-06-16 02:00:00+00:00,1.2285,1.229,1.2137,1.2177,603252.0
2026-06-16 03:00:00+00:00,1.2181,1.2277,1.2163,1.2271,430630.0
2026-06-16 04:00:00+00:00,1.2274,1.2298,1.2206,1.2225,291469.0
2026-06-16 05:00:00+00:00,1.2225,1.2276,1.2225,1.2255,358971.0
2026-06-16 06:00:00+00:00,1.2251,1.2367,1.2251,1.2356,347978.0
2026-06-16 07:00:00+00:00,1.2356,1.2389,1.23,1.2355,352172.0
2026-06-16 08:00:00+00:00,1.235,1.252,1.2331,1.2479,533301.0
2026-06-16 09:00:00+00:00,1.2476,1.2478,1.2367,1.2389,484452.0
2026-06-16 10:00:00+00:00,1.2389,1.2436,1.2368,1.2395,275865.0
2026-06-16 11:00:00+00:00,1.2397,1.2422,1.2343,1.2379,329927.0
2026-06-16 12:00:00+00:00,1.2382,1.256,1.2369,1.2443,767207.0
2026-06-16 13:00:00+00:00,1.2448,1.246,1.2244,1.2257,1049798.0
2026-06-16 14:00:00+00:00,1.2273,1.2303,1.2054,1.2096,1013262.0
2026-06-16 15:00:00+00:00,1.2101,1.218,1.2072,1.2098,769839.0
2026-06-16 16:00:00+00:00,1.2102,1.2148,1.2088,1.2129,321590.0
2026-06-16 17:00:00+00:00,1.2135,1.2225,1.2117,1.2213,456118.0
2026-06-16 18:00:00+00:00,1.2219,1.2311,1.2208,1.2266,291085.0
2026-06-16 19:00:00+00:00,1.2264,1.2264,1.2172,1.2206,168800.0
2026-06-16 20:00:00+00:00,1.22,1.2246,1.2164,1.2229,76595.0
2026-06-16 21:00:00+00:00,1.2233,1.226,1.2159,1.2198,103612.0
2026-06-16 22:00:00+00:00,1.2194,1.2222,1.2173,1.2209,9721.0
2026-06-16 23:00:00+00:00,1.2226,1.2243,1.2162,1.2176,12798.0
2026-06-17 00:00:00+00:00,1.2182,1.2202,1.2138,1.2155,90050.0
2026-06-17 01:00:00+00:00,1.2147,1.2228,1.2084,1.2215,257015.0
2026-06-17 02:00:00+00:00,1.2218,1.2282,1.216,1.2195,436031.0
2026-06-17 03:00:00+00:00,1.2195,1.2195,1.2129,1.2163,216918.0
2026-06-17 04:00:00+00:00,1.2169,1.2214,1.2146,1.2176,222218.0
2026-06-17 05:00:00+00:00,1.2176,1.223,1.2144,1.2185,294641.0
2026-06-17 06:00:00+00:00,1.2187,1.2208,1.2097,1.2118,398408.0
2026-06-17 07:00:00+00:00,1.2123,1.2162,1.2054,1.2098,399891.0
2026-06-17 08:00:00+00:00,1.2098,1.211,1.1951,1.1966,1017173.0
2026-06-17 09:00:00+00:00,1.1962,1.1995,1.1943,1.1979,780744.0
2026-06-17 10:00:00+00:00,1.1979,1.1991,1.1945,1.1965,138963.0
2026-06-17 11:00:00+00:00,1.1969,1.1969,1.1884,1.1929,454223.0
2026-06-17 12:00:00+00:00,1.1934,1.1986,1.1891,1.1976,403313.0
2026-06-17 13:00:00+00:00,1.1977,1.2072,1.1965,1.2011,889199.0
2026-06-17 14:00:00+00:00,1.2007,1.2041,1.1885,1.195,759865.0
2026-06-17 15:00:00+00:00,1.1957,1.2137,1.1935,1.2137,598362.0
2026-06-17 16:00:00+00:00,1.2137,1.225,1.2116,1.2127,961443.0
2026-06-17 17:00:00+00:00,1.2129,1.2193,1.2087,1.2177,444840.0
2026-06-17 18:00:00+00:00,1.2153,1.2194,1.1935,1.2093,1213726.0
2026-06-17 19:00:00+00:00,1.209,1.2129,1.1773,1.1802,1164351.0
2026-06-17 20:00:00+00:00,1.1809,1.1911,1.1787,1.19,334017.0
2026-06-17 21:00:00+00:00,1.1902,1.1905,1.1791,1.1819,202150.0
2026-06-17 22:00:00+00:00,1.18,1.1886,1.1714,1.1844,203750.0
2026-06-17 23:00:00+00:00,1.1841,1.1892,1.1841,1.1864,135306.0
2026-06-18 00:00:00+00:00,1.1872,1.1916,1.1869,1.187,126185.0
2026-06-18 01:00:00+00:00,1.1871,1.1923,1.1851,1.1885,113134.0
2026-06-18 02:00:00+00:00,1.1889,1.1911,1.1884,1.1898,103812.0
2026-06-18 03:00:00+00:00,1.1896,1.1898,1.1781,1.1786,310492.0
2026-06-18 04:00:00+00:00,1.1786,1.1792,1.1673,1.1699,435548.0
2026-06-18 05:00:00+00:00,1.1693,1.1693,1.1629,1.1679,447186.0
2026-06-18 06:00:00+00:00,1.1679,1.1718,1.164,1.1712,315248.0
2026-06-18 07:00:00+00:00,1.1711,1.1818,1.1685,1.179,303546.0
2026-06-18 08:00:00+00:00,1.179,1.1818,1.1766,1.1782,265817.0
2026-06-18 09:00:00+00:00,1.1784,1.1827,1.1764,1.1787,567226.0
2026-06-18 10:00:00+00:00,1.1787,1.179,1.1675,1.1695,681828.0
2026-06-18 11:00:00+00:00,1.1696,1.1715,1.1615,1.165,532101.0
2026-06-18 12:00:00+00:00,1.1651,1.1711,1.1637,1.1696,477680.0
2026-06-18 13:00:00+00:00,1.1692,1.1724,1.1558,1.1614,912496.0
2026-06-18 14:00:00+00:00,1.1615,1.17,1.1564,1.1602,468566.0
2026-06-18 15:00:00+00:00,1.1595,1.1607,1.133,1.1378,1825251.0
2026-06-18 16:00:00+00:00,1.1372,1.1484,1.1369,1.1475,664504.0
2026-06-18 17:00:00+00:00,1.1476,1.1488,1.1377,1.1431,530268.0
2026-06-18 18:00:00+00:00,1.1435,1.1471,1.1373,1.1388,316694.0
2026-06-18 19:00:00+00:00,1.1385,1.1468,1.1356,1.1437,261664.0
2026-06-18 20:00:00+00:00,1.1442,1.155,1.1442,1.1521,236001.0
2026-06-18 21:00:00+00:00,1.1508,1.1511,1.1425,1.1451,188883.0
2026-06-18 22:00:00+00:00,1.1447,1.1486,1.1423,1.1473,53914.0
2026-06-18 23:00:00+00:00,1.1465,1.1476,1.143,1.1465,49991.0
2026-06-19 00:00:00+00:00,1.1466,1.1503,1.1439,1.1492,72873.0
2026-06-19 01:00:00+00:00,1.1487,1.1525,1.1447,1.1517,70167.0
2026-06-19 02:00:00+00:00,1.1514,1.1533,1.1453,1.1488,168116.0
2026-06-19 03:00:00+00:00,1.1491,1.1504,1.1367,1.1392,304914.0
2026-06-19 04:00:00+00:00,1.1395,1.1407,1.1257,1.1272,567470.0
2026-06-19 05:00:00+00:00,1.1278,1.134,1.1273,1.1335,144735.0
2026-06-19 06:00:00+00:00,1.1331,1.1364,1.1282,1.1345,233218.0
2026-06-19 07:00:00+00:00,1.1337,1.134,1.1211,1.1255,508585.0
2026-06-19 08:00:00+00:00,1.1259,1.1314,1.1249,1.1261,279224.0
2026-06-19 09:00:00+00:00,1.1268,1.1286,1.1221,1.1251,126414.0
2026-06-19 10:00:00+00:00,1.1255,1.1273,1.1211,1.1255,302049.0
2026-06-19 11:00:00+00:00,1.1249,1.1293,1.1222,1.1275,214846.0
2026-06-19 12:00:00+00:00,1.1276,1.1322,1.1193,1.1314,463670.0
2026-06-19 13:00:00+00:00,1.1316,1.1438,1.129,1.1398,679958.0
2026-06-19 14:00:00+00:00,1.1391,1.1413,1.1344,1.1368,440019.0
2026-06-19 15:00:00+00:00,1.1366,1.1384,1.1326,1.1371,323725.0
2026-06-19 16:00:00+00:00,1.1366,1.1393,1.129,1.1304,348282.0
2026-06-19 17:00:00+00:00,1.1308,1.1391,1.1286,1.1363,346447.0
2026-06-19 18:00:00+00:00,1.1359,1.1359,1.1296,1.1328,205122.0
2026-06-19 19:00:00+00:00,1.1332,1.1341,1.1282,1.1314,128974.0
2026-06-19 20:00:00+00:00,1.1319,1.1356,1.1272,1.1347,88049.0
2026-06-19 21:00:00+00:00,1.1342,1.1347,1.1293,1.1298,89645.0
2026-06-19 22:00:00+00:00,1.1316,1.1362,1.1303,1.1339,61764.0
2026-06-19 23:00:00+00:00,1.1341,1.1387,1.1329,1.1364,102429.0
2026-06-20 00:00:00+00:00,1.1358,1.1429,1.1358,1.1372,192688.0
2026-06-20 01:00:00+00:00,1.1375,1.1424,1.1364,1.1418,105529.0
2026-06-20 02:00:00+00:00,1.1418,1.1423,1.1362,1.139,214285.0
2026-06-20 03:00:00+00:00,1.1389,1.1411,1.1375,1.1397,126562.0
2026-06-20 04:00:00+00:00,1.14,1.1456,1.1388,1.144,288200.0
2026-06-20 05:00:00+00:00,1.1448,1.1549,1.143,1.1481,600227.0
2026-06-20 06:00:00+00:00,1.1478,1.1517,1.1474,1.1499,186075.0
2026-06-20 07:00:00+00:00,1.15,1.1503,1.1455,1.1474,216318.0
2026-06-20 08:00:00+00:00,1.1472,1.1479,1.1448,1.1469,154574.0
2026-06-20 09:00:00+00:00,1.1475,1.1533,1.1471,1.1523,264582.0
2026-06-20 10:00:00+00:00,1.1526,1.1526,1.1477,1.1497,322847.0
2026-06-20 11:00:00+00:00,1.1494,1.1504,1.1464,1.1473,240131.0
2026-06-20 12:00:00+00:00,1.1472,1.15,1.1453,1.1464,180737.0
2026-06-20 13:00:00+00:00,1.1461,1.1475,1.1385,1.1418,503403.0
2026-06-20 14:00:00+00:00,1.1408,1.1523,1.1342,1.1468,714458.0
2026-06-20 15:00:00+00:00,1.1467,1.1556,1.1448,1.1508,526424.0
2026-06-20 16:00:00+00:00,1.1508,1.1508,1.1443,1.149,426875.0
2026-06-20 17:00:00+00:00,1.1489,1.1489,1.139,1.1437,344910.0
2026-06-20 18:00:00+00:00,1.1434,1.1463,1.1417,1.142,197759.0
2026-06-20 19:00:00+00:00,1.1417,1.1447,1.1399,1.1438,95421.0
2026-06-20 20:00:00+00:00,1.144,1.1467,1.1437,1.1456,125248.0
2026-06-20 21:00:00+00:00,1.1449,1.1498,1.1449,1.1473,86187.0
2026-06-20 22:00:00+00:00,1.1474,1.1559,1.1471,1.1528,130601.0
2026-06-20 23:00:00+00:00,1.1527,1.1541,1.1497,1.1504,99303.0
2026-06-21 00:00:00+00:00,1.1504,1.1508,1.1484,1.1488,84580.0
2026-06-21 01:00:00+00:00,1.1493,1.1503,1.1469,1.15,108548.0
2026-06-21 02:00:00+00:00,1.1498,1.1504,1.1471,1.1477,85988.0
2026-06-21 03:00:00+00:00,1.1477,1.1519,1.1463,1.1499,210376.0
2026-06-21 04:00:00+00:00,1.1496,1.1523,1.1449,1.1457,413945.0
2026-06-21 05:00:00+00:00,1.1454,1.1466,1.1431,1.1445,217015.0
2026-06-21 06:00:00+00:00,1.1448,1.1479,1.1441,1.1474,201210.0
2026-06-21 07:00:00+00:00,1.1475,1.1507,1.1463,1.1477,139986.0
2026-06-21 08:00:00+00:00,1.1477,1.1481,1.1413,1.1443,333455.0
2026-06-21 09:00:00+00:00,1.145,1.1507,1.144,1.1495,351782.0
2026-06-21 10:00:00+00:00,1.1495,1.1538,1.1481,1.1488,386380.0
2026-06-21 11:00:00+00:00,1.1487,1.1508,1.1416,1.1429,371245.0
2026-06-21 12:00:00+00:00,1.1426,1.1451,1.1398,1.1447,273768.0
2026-06-21 13:00:00+00:00,1.1443,1.1472,1.142,1.1456,175819.0
2026-06-21 14:00:00+00:00,1.1454,1.148,1.1421,1.148,213032.0
2026-06-21 15:00:00+00:00,1.148,1.152,1.1473,1.1501,277172.0
2026-06-21 16:00:00+00:00,1.1495,1.1498,1.1423,1.145,259874.0
2026-06-21 17:00:00+00:00,1.145,1.1474,1.141,1.1429,192206.0
2026-06-21 18:00:00+00:00,1.1429,1.1471,1.1389,1.145,163747.0
2026-06-21 19:00:00+00:00,1.1454,1.1483,1.1447,1.1455,72427.0
2026-06-21 20:00:00+00:00,1.1458,1.147,1.1366,1.1392,202238.0
2026-06-21 21:00:00+00:00,1.1391,1.1396,1.1219,1.1357,464039.0
2026-06-21 22:00:00+00:00,1.1327,1.1371,1.1278,1.1321,96354.0
2026-06-21 23:00:00+00:00,1.1313,1.132,1.1239,1.1252,90246.0
2026-06-22 00:00:00+00:00,1.1254,1.1408,1.1254,1.1391,185864.0
2026-06-22 01:00:00+00:00,1.1397,1.1525,1.1344,1.1453,395190.0
2026-06-22 02:00:00+00:00,1.1456,1.1465,1.1364,1.1366,283562.0
2026-06-22 03:00:00+00:00,1.1363,1.1388,1.1283,1.1304,329916.0
2026-06-22 04:00:00+00:00,1.1308,1.1346,1.1292,1.1342,176078.0
2026-06-22 05:00:00+00:00,1.1341,1.139,1.1339,1.1355,289878.0
2026-06-22 06:00:00+00:00,1.1363,1.1382,1.1297,1.1317,305181.0
2026-06-22 07:00:00+00:00,1.1315,1.1403,1.131,1.1379,429788.0
2026-06-22 08:00:00+00:00,1.1379,1.1385,1.1322,1.1349,304049.0
2026-06-22 09:00:00+00:00,1.1348,1.138,1.1328,1.135,119323.0
2026-06-22 10:00:00+00:00,1.1348,1.1394,1.1346,1.1374,129781.0
2026-06-22 11:00:00+00:00,1.1377,1.1504,1.1368,1.148,512468.0
2026-06-22 12:00:00+00:00,1.1485,1.1596,1.1465,1.158,646151.0
2026-06-22 13:00:00+00:00,1.1576,1.1641,1.1524,1.1639,616550.0
2026-06-22 14:00:00+00:00,1.1641,1.1641,1.1403,1.1431,1108039.0
2026-06-22 15:00:00+00:00,1.1439,1.1481,1.1379,1.14,488793.0
2026-06-22 16:00:00+00:00,1.1402,1.1435,1.135,1.1387,349147.0
2026-06-22 17:00:00+00:00,1.139,1.1406,1.1327,1.1396,386061.0
2026-06-22 18:00:00+00:00,1.1396,1.1443,1.132,1.1329,281828.0
2026-06-22 19:00:00+00:00,1.1323,1.1357,1.13,1.1355,152424.0
2026-06-22 20:00:00+00:00,1.1347,1.1379,1.1297,1.1318,136179.0
2026-06-22 21:00:00+00:00,1.1322,1.1336,1.1261,1.1316,133790.0
2026-06-22 22:00:00+00:00,1.132,1.1343,1.1215,1.1277,115158.0
2026-06-22 23:00:00+00:00,1.1273,1.1308,1.1266,1.1297,58713.0
2026-06-23 00:00:00+00:00,1.1294,1.1323,1.1267,1.1313,134823.0
2026-06-23 01:00:00+00:00,1.1322,1.1342,1.122,1.1292,329174.0
2026-06-23 02:00:00+00:00,1.1294,1.1308,1.1252,1.13,171016.0
2026-06-23 03:00:00+00:00,1.1297,1.1299,1.1258,1.1278,124036.0
2026-06-23 04:00:00+00:00,1.1279,1.1281,1.1168,1.1176,507682.0
2026-06-23 05:00:00+00:00,1.1176,1.1198,1.114,1.1159,428349.0
2026-06-23 06:00:00+00:00,1.116,1.1166,1.108,1.1132,420445.0
2026-06-23 07:00:00+00:00,1.1132,1.1176,1.1128,1.1128,227316.0
2026-06-23 08:00:00+00:00,1.1135,1.1157,1.0944,1.1004,1067625.0
2026-06-23 09:00:00+00:00,1.1011,1.1057,1.1011,1.1038,194654.0
2026-06-23 10:00:00+00:00,1.1038,1.1079,1.1014,1.1042,248983.0
2026-06-23 11:00:00+00:00,1.1049,1.1108,1.1047,1.1097,262383.0
2026-06-23 12:00:00+00:00,1.1093,1.11,1.0998,1.1015,441340.0
2026-06-23 13:00:00+00:00,1.1009,1.1064,1.0963,1.1027,527456.0
2026-06-23 14:00:00+00:00,1.1029,1.1085,1.1008,1.1015,337487.0
2026-06-23 15:00:00+00:00,1.1011,1.1014,1.0917,1.0994,713814.0
2026-06-23 16:00:00+00:00,1.0994,1.1043,1.0972,1.1009,411318.0
2026-06-23 17:00:00+00:00,1.1009,1.105,1.0964,1.0979,291032.0
2026-06-23 18:00:00+00:00,1.0978,1.102,1.0957,1.0986,167757.0
2026-06-23 19:00:00+00:00,1.0989,1.1053,1.0974,1.1023,247378.0
2026-06-23 20:00:00+00:00,1.1023,1.1058,1.1023,1.1044,48957.0
2026-06-23 21:00:00+00:00,1.1049,1.107,1.1037,1.1046,54825.0
2026-06-23 22:00:00+00:00,1.105,1.1129,1.105,1.1099,152162.0
2026-06-23 23:00:00+00:00,1.1072,1.112,1.1063,1.1105,76498.0
2026-06-24 00:00:00+00:00,1.11,1.113,1.1092,1.1112,60720.0
2026-06-24 01:00:00+00:00,1.1114,1.114,1.1075,1.1092,143711.0
2026-06-24 02:00:00+00:00,1.1095,1.1098,1.1049,1.1056,137217.0
2026-06-24 03:00:00+00:00,1.1061,1.1064,1.099,1.1041,200727.0
2026-06-24 04:00:00+00:00,1.1039,1.1041,1.0943,1.1017,252017.0
2026-06-24 05:00:00+00:00,1.1022,1.1072,1.1014,1.1051,204389.0
2026-06-24 06:00:00+00:00,1.1051,1.107,1.1024,1.1024,216219.0
2026-06-24 07:00:00+00:00,1.1025,1.1032,1.0971,1.0987,334355.0
2026-06-24 08:00:00+00:00,1.099,1.1038,1.0979,1.1029,335997.0
2026-06-24 09:00:00+00:00,1.1027,1.1027,1.0972,1.0989,134340.0
2026-06-24 10:00:00+00:00,1.0987,1.0987,1.0841,1.0866,599160.0
2026-06-24 11:00:00+00:00,1.0863,1.1025,1.082,1.0959,642601.0
2026-06-24 12:00:00+00:00,1.096,1.096,1.0901,1.0905,286097.0
2026-06-24 13:00:00+00:00,1.0902,1.0911,1.0749,1.0762,1422948.0
2026-06-24 14:00:00+00:00,1.0756,1.0827,1.0734,1.0758,716601.0
2026-06-24 15:00:00+00:00,1.0751,1.0757,1.0565,1.0586,1135361.0
2026-06-24 16:00:00+00:00,1.0586,1.0673,1.0515,1.0571,815615.0
2026-06-24 17:00:00+00:00,1.0569,1.061,1.0459,1.051,1134172.0
2026-06-24 18:00:00+00:00,1.0513,1.0705,1.0493,1.06,1125578.0
2026-06-24 19:00:00+00:00,1.0601,1.0621,1.0528,1.0574,247009.0
2026-06-24 20:00:00+00:00,1.0574,1.0784,1.0545,1.0745,805748.0
2026-06-24 21:00:00+00:00,1.0748,1.0775,1.0671,1.0766,49731.0
2026-06-24 22:00:00+00:00,1.0764,1.0806,1.07,1.0715,161773.0
2026-06-24 23:00:00+00:00,1.0706,1.0761,1.07,1.0733,47568.0
2026-06-25 00:00:00+00:00,1.0736,1.0773,1.0723,1.0731,115887.0
2026-06-25 01:00:00+00:00,1.0756,1.0782,1.0727,1.0758,159627.0
2026-06-25 02:00:00+00:00,1.0755,1.0776,1.0694,1.0716,177591.0
2026-06-25 03:00:00+00:00,1.0716,1.0737,1.0689,1.0723,86723.0
2026-06-25 04:00:00+00:00,1.0722,1.0823,1.07,1.0807,378589.0
2026-06-25 05:00:00+00:00,1.0803,1.0885,1.0787,1.0846,627620.0
2026-06-25 06:00:00+00:00,1.0846,1.0898,1.0837,1.0884,358685.0
2026-06-25 07:00:00+00:00,1.0885,1.0885,1.0845,1.0873,437915.0
2026-06-25 08:00:00+00:00,1.0869,1.087,1.0825,1.0828,278219.0
2026-06-25 09:00:00+00:00,1.0833,1.0841,1.0801,1.0818,343738.0
2026-06-25 10:00:00+00:00,1.0819,1.0822,1.0731,1.0738,723697.0
2026-06-25 11:00:00+00:00,1.0742,1.0748,1.0679,1.0722,540943.0
2026-06-25 12:00:00+00:00,1.0722,1.0798,1.0674,1.0751,484369.0
2026-06-25 13:00:00+00:00,1.0751,1.0765,1.0121,1.0154,1648166.0
2026-06-25 14:00:00+00:00,1.0156,1.0495,1.0156,1.0333,1003838.0
2026-06-25 15:00:00+00:00,1.0324,1.0376,1.0234,1.0347,673404.0
2026-06-25 16:00:00+00:00,1.0351,1.0446,1.0264,1.0308,583042.0
2026-06-25 17:00:00+00:00,1.0307,1.0461,1.0301,1.0459,456515.0
2026-06-25 18:00:00+00:00,1.0463,1.0479,1.0335,1.034,371941.0
2026-06-25 19:00:00+00:00,1.034,1.035,1.0282,1.0342,198709.0
2026-06-25 20:00:00+00:00,1.0354,1.0404,1.0314,1.0329,114504.0
2026-06-25 21:00:00+00:00,1.0335,1.0441,1.0329,1.0441,101803.0
2026-06-25 22:00:00+00:00,1.0437,1.0444,1.0386,1.0417,32903.0
2026-06-25 23:00:00+00:00,1.0407,1.0489,1.0374,1.0434,111593.0
2026-06-26 00:00:00+00:00,1.0441,1.046,1.0405,1.0411,60747.0
2026-06-26 01:00:00+00:00,1.0411,1.0427,1.029,1.0311,206897.0
2026-06-26 02:00:00+00:00,1.0317,1.0321,1.0114,1.0145,636293.0
2026-06-26 03:00:00+00:00,1.0146,1.0361,1.0088,1.0343,631501.0
2026-06-26 04:00:00+00:00,1.0345,1.0356,1.0271,1.0282,244721.0
2026-06-26 05:00:00+00:00,1.0284,1.0356,1.0268,1.0336,312400.0
2026-06-26 06:00:00+00:00,1.0332,1.0463,1.0296,1.0447,629217.0
2026-06-26 07:00:00+00:00,1.0445,1.0529,1.0442,1.0501,602130.0
2026-06-26 08:00:00+00:00,1.0501,1.0513,1.0374,1.0394,463342.0
2026-06-26 09:00:00+00:00,1.0395,1.0396,1.0288,1.0319,623156.0
2026-06-26 10:00:00+00:00,1.0319,1.0342,1.0258,1.0275,676227.0
2026-06-26 11:00:00+00:00,1.0284,1.0315,1.0198,1.0225,519835.0
2026-06-26 12:00:00+00:00,1.0234,1.0342,1.0165,1.0195,909128.0
2026-06-26 13:00:00+00:00,1.02,1.0393,1.0112,1.0388,1109263.0
2026-06-26 14:00:00+00:00,1.0389,1.0478,1.0344,1.0364,1662392.0
2026-06-26 15:00:00+00:00,1.0372,1.0495,1.0347,1.0453,846204.0
2026-06-26 16:00:00+00:00,1.0455,1.0541,1.0401,1.0446,981236.0
2026-06-26 17:00:00+00:00,1.0444,1.0515,1.0442,1.0478,594078.0
2026-06-26 18:00:00+00:00,1.0473,1.05,1.0396,1.041,426396.0
2026-06-26 19:00:00+00:00,1.041,1.0537,1.0391,1.0473,361906.0
2026-06-26 20:00:00+00:00,1.0476,1.056,1.0443,1.0447,142056.0
2026-06-26 21:00:00+00:00,1.0445,1.0473,1.0409,1.0433,69677.0
2026-06-26 22:00:00+00:00,1.042,1.0483,1.0382,1.0479,100906.0
2026-06-26 23:00:00+00:00,1.0485,1.05,1.0454,1.0489,38082.0
2026-06-27 00:00:00+00:00,1.0491,1.0522,1.0441,1.048,127524.0
2026-06-27 01:00:00+00:00,1.0479,1.0527,1.0461,1.0524,125613.0
2026-06-27 02:00:00+00:00,1.0519,1.067,1.051,1.0616,494672.0
2026-06-27 03:00:00+00:00,1.0611,1.0625,1.0567,1.0591,167488.0
2026-06-27 04:00:00+00:00,1.0596,1.0642,1.0592,1.0603,145063.0
2026-06-27 05:00:00+00:00,1.0604,1.0607,1.0531,1.0581,275616.0
2026-06-27 06:00:00+00:00,1.0577,1.0613,1.0541,1.06,205463.0
2026-06-27 07:00:00+00:00,1.0603,1.0626,1.0577,1.0601,272256.0
2026-06-27 08:00:00+00:00,1.0601,1.0604,1.0552,1.0574,188397.0
2026-06-27 09:00:00+00:00,1.0573,1.0584,1.0543,1.0584,150992.0
2026-06-27 10:00:00+00:00,1.0584,1.0598,1.0567,1.0592,146995.0
2026-06-27 11:00:00+00:00,1.0592,1.0607,1.0545,1.0595,220607.0
2026-06-27 12:00:00+00:00,1.0595,1.0619,1.0574,1.0609,191866.0
2026-06-27 13:00:00+00:00,1.0608,1.0649,1.0603,1.0649,290307.0
2026-06-27 14:00:00+00:00,1.065,1.0692,1.0629,1.0688,328023.0
2026-06-27 15:00:00+00:00,1.0689,1.076,1.0681,1.0751,358000.0
2026-06-27 16:00:00+00:00,1.0754,1.0775,1.0695,1.0701,347250.0
2026-06-27 17:00:00+00:00,1.0704,1.0709,1.0602,1.0604,531609.0
2026-06-27 18:00:00+00:00,1.0604,1.0608,1.0573,1.059,299895.0
2026-06-27 19:00:00+00:00,1.0588,1.0603,1.0523,1.0544,345590.0
2026-06-27 20:00:00+00:00,1.0543,1.0569,1.0541,1.0542,51906.0
2026-06-27 21:00:00+00:00,1.0556,1.058,1.0515,1.053,63749.0
2026-06-27 22:00:00+00:00,1.0515,1.0541,1.0453,1.0539,71261.0
2026-06-27 23:00:00+00:00,1.0541,1.0556,1.0473,1.0478,101252.0
2026-06-28 00:00:00+00:00,1.0472,1.0513,1.0469,1.0506,91288.0
2026-06-28 01:00:00+00:00,1.0501,1.0514,1.0459,1.0513,118498.0
2026-06-28 02:00:00+00:00,1.0514,1.0534,1.0454,1.0465,208584.0
2026-06-28 03:00:00+00:00,1.0464,1.051,1.0462,1.0501,96654.0
2026-06-28 04:00:00+00:00,1.0501,1.0506,1.0464,1.0487,202644.0
2026-06-28 05:00:00+00:00,1.0483,1.0485,1.0424,1.0475,363027.0
2026-06-28 06:00:00+00:00,1.0478,1.0488,1.0417,1.045,261685.0
2026-06-28 07:00:00+00:00,1.0449,1.0514,1.0446,1.0511,245431.0
2026-06-28 08:00:00+00:00,1.0512,1.059,1.0502,1.0547,468117.0
2026-06-28 09:00:00+00:00,1.0548,1.0552,1.0487,1.0497,174691.0
2026-06-28 10:00:00+00:00,1.0497,1.051,1.0457,1.0488,222280.0
2026-06-28 11:00:00+00:00,1.0488,1.0537,1.0467,1.0526,244373.0
2026-06-28 12:00:00+00:00,1.0526,1.0562,1.0489,1.0518,287585.0
2026-06-28 13:00:00+00:00,1.0521,1.0526,1.0461,1.0495,330156.0
2026-06-28 14:00:00+00:00,1.0495,1.0576,1.0487,1.0524,145487.0
2026-06-28 15:00:00+00:00,1.0524,1.0578,1.05,1.0527,157897.0
2026-06-28 16:00:00+00:00,1.0523,1.0536,1.044,1.0474,283860.0
2026-06-28 17:00:00+00:00,1.0472,1.0498,1.041,1.0475,178875.0
2026-06-28 18:00:00+00:00,1.0472,1.0484,1.044,1.0443,43347.0
2026-06-28 19:00:00+00:00,1.0446,1.0495,1.0393,1.0447,195745.0
2026-06-28 20:00:00+00:00,1.0441,1.0505,1.0439,1.0467,170445.0
2026-06-28 21:00:00+00:00,1.0467,1.0467,1.0381,1.04,32862.0
2026-06-28 22:00:00+00:00,1.0416,1.0524,1.0334,1.038,96938.0
2026-06-28 23:00:00+00:00,1.0379,1.0526,1.0371,1.0488,53310.0
2026-06-29 00:00:00+00:00,1.0471,1.0482,1.0336,1.0479,110551.0
2026-06-29 01:00:00+00:00,1.0479,1.0484,1.0397,1.0438,51130.0
2026-06-29 02:00:00+00:00,1.0436,1.0488,1.0319,1.0467,229813.0
2026-06-29 03:00:00+00:00,1.0468,1.0562,1.0468,1.0505,151451.0
2026-06-29 04:00:00+00:00,1.0511,1.0511,1.0419,1.0433,143201.0
2026-06-29 05:00:00+00:00,1.0439,1.0487,1.0359,1.0484,183483.0
2026-06-29 06:00:00+00:00,1.0488,1.055,1.0477,1.0495,230431.0
2026-06-29 07:00:00+00:00,1.0495,1.0525,1.0457,1.0496,111371.0
2026-06-29 08:00:00+00:00,1.0494,1.0512,1.0419,1.0443,159473.0
2026-06-29 09:00:00+00:00,1.0442,1.0508,1.0434,1.0494,108196.0
2026-06-29 10:00:00+00:00,1.0504,1.0558,1.0504,1.0523,160509.0
2026-06-29 11:00:00+00:00,1.0523,1.0616,1.048,1.0539,354063.0
2026-06-29 12:00:00+00:00,1.0541,1.0663,1.0487,1.0554,556134.0
2026-06-29 13:00:00+00:00,1.0561,1.0627,1.0444,1.0502,416487.0
2026-06-29 14:00:00+00:00,1.0495,1.0515,1.04,1.0495,372487.0
2026-06-29 15:00:00+00:00,1.0499,1.0525,1.041,1.0496,508176.0
2026-06-29 16:00:00+00:00,1.0493,1.0535,1.0432,1.0511,278018.0
2026-06-29 17:00:00+00:00,1.0513,1.0694,1.0509,1.0657,841744.0
2026-06-29 18:00:00+00:00,1.0658,1.0697,1.0628,1.0654,424197.0
2026-06-29 19:00:00+00:00,1.0655,1.077,1.0638,1.075,189147.0
2026-06-29 20:00:00+00:00,1.0743,1.0744,1.0632,1.0649,98253.0
2026-06-29 21:00:00+00:00,1.0638,1.066,1.06,1.0647,107196.0
2026-06-29 22:00:00+00:00,1.0649,1.0649,1.0592,1.0597,35756.0
2026-06-29 23:00:00+00:00,1.0591,1.0599,1.0555,1.0591,118123.0
2026-06-30 00:00:00+00:00,1.0587,1.0587,1.0485,1.0486,168241.0
2026-06-30 01:00:00+00:00,1.0492,1.0523,1.0473,1.0503,109951.0
2026-06-30 02:00:00+00:00,1.0503,1.0526,1.0461,1.0506,292017.0
2026-06-30 03:00:00+00:00,1.0508,1.0531,1.0441,1.0453,271141.0
2026-06-30 04:00:00+00:00,1.0453,1.048,1.0427,1.0464,200899.0
2026-06-30 05:00:00+00:00,1.0464,1.0496,1.0454,1.0495,89171.0
2026-06-30 06:00:00+00:00,1.0495,1.0514,1.0477,1.0499,158726.0
2026-06-30 07:00:00+00:00,1.0497,1.0508,1.0467,1.0473,85287.0
2026-06-30 08:00:00+00:00,1.0475,1.0485,1.0411,1.0453,340676.0
2026-06-30 09:00:00+00:00,1.045,1.0462,1.0422,1.0443,92586.0
2026-06-30 10:00:00+00:00,1.044,1.0446,1.0416,1.042,74179.0
2026-06-30 11:00:00+00:00,1.0423,1.0438,1.0372,1.0392,315433.0
2026-06-30 12:00:00+00:00,1.039,1.039,1.0276,1.0276,484764.0
2026-06-30 13:00:00+00:00,1.028,1.0363,1.0274,1.0356,503627.0
2026-06-30 14:00:00+00:00,1.035,1.0455,1.033,1.0346,515192.0
2026-06-30 15:00:00+00:00,1.0345,1.0412,1.0296,1.034,433141.0
2026-06-30 16:00:00+00:00,1.0343,1.0441,1.0323,1.0414,273647.0
2026-06-30 17:00:00+00:00,1.0419,1.0448,1.0381,1.039,197445.0
2026-06-30 18:00:00+00:00,1.0387,1.048,1.0378,1.0438,437163.0
2026-06-30 19:00:00+00:00,1.0429,1.0503,1.0386,1.046,337486.0
2026-06-30 20:00:00+00:00,1.044,1.047,1.0412,1.042,132316.0
2026-06-30 21:00:00+00:00,1.0422,1.043,1.0387,1.0416,53484.0
2026-06-30 22:00:00+00:00,1.0433,1.0445,1.0391,1.0406,49395.0
2026-06-30 23:00:00+00:00,1.0407,1.0409,1.0385,1.0403,24242.0
2026-07-01 00:00:00+00:00,1.0411,1.0415,1.0354,1.0373,143562.0
2026-07-01 01:00:00+00:00,1.0375,1.0435,1.022,1.0419,613888.0
2026-07-01 02:00:00+00:00,1.0418,1.0481,1.0384,1.0461,368896.0
2026-07-01 03:00:00+00:00,1.0464,1.0534,1.0426,1.051,410599.0
2026-07-01 04:00:00+00:00,1.0509,1.0544,1.0488,1.0519,301801.0
2026-07-01 05:00:00+00:00,1.0519,1.0537,1.0486,1.051,142914.0
2026-07-01 06:00:00+00:00,1.051,1.0512,1.0393,1.0421,359748.0
2026-07-01 07:00:00+00:00,1.0424,1.0444,1.039,1.0439,160171.0
2026-07-01 08:00:00+00:00,1.0438,1.0483,1.0381,1.048,171437.0
2026-07-01 09:00:00+00:00,1.0479,1.0495,1.0449,1.0462,164553.0
2026-07-01 10:00:00+00:00,1.0461,1.0469,1.0395,1.0406,276091.0
2026-07-01 11:00:00+00:00,1.0406,1.0429,1.0366,1.039,264480.0
2026-07-01 12:00:00+00:00,1.0391,1.0402,1.0347,1.0375,467965.0
2026-07-01 13:00:00+00:00,1.0375,1.05,1.0366,1.0495,689234.0
2026-07-01 14:00:00+00:00,1.05,1.0611,1.0469,1.0522,1020604.0
2026-07-01 15:00:00+00:00,1.0522,1.0656,1.0518,1.0611,633436.0
2026-07-01 16:00:00+00:00,1.0611,1.0652,1.0558,1.0576,332139.0
2026-07-01 17:00:00+00:00,1.0577,1.0631,1.0548,1.0622,280664.0
2026-07-01 18:00:00+00:00,1.0617,1.0646,1.0583,1.0603,267374.0
2026-07-01 19:00:00+00:00,1.0605,1.0659,1.059,1.0618,204710.0
2026-07-01 20:00:00+00:00,1.0617,1.0617,1.0561,1.0585,204105.0
2026-07-01 21:00:00+00:00,1.0584,1.0702,1.0581,1.0666,333295.0
2026-07-01 22:00:00+00:00,1.0665,1.0741,1.0603,1.0619,249286.0
2026-07-01 23:00:00+00:00,1.0615,1.0615,1.0521,1.0537,190771.0
2026-07-02 00:00:00+00:00,1.053,1.0532,1.0449,1.0474,315024.0
2026-07-02 01:00:00+00:00,1.048,1.0601,1.0471,1.0576,353556.0
2026-07-02 02:00:00+00:00,1.0577,1.0615,1.0551,1.06,270527.0
2026-07-02 03:00:00+00:00,1.0606,1.0707,1.0564,1.0683,399985.0
2026-07-02 04:00:00+00:00,1.0681,1.0683,1.0621,1.065,287544.0
2026-07-02 05:00:00+00:00,1.065,1.067,1.0588,1.0604,211444.0
2026-07-02 06:00:00+00:00,1.0602,1.0623,1.0559,1.0566,259436.0
2026-07-02 07:00:00+00:00,1.0564,1.0602,1.0559,1.0589,115228.0
2026-07-02 08:00:00+00:00,1.0593,1.0652,1.0587,1.0643,402690.0
2026-07-02 09:00:00+00:00,1.0642,1.0822,1.0623,1.0738,639713.0
2026-07-02 10:00:00+00:00,1.0734,1.0828,1.073,1.0816,497673.0
2026-07-02 11:00:00+00:00,1.0812,1.0865,1.0772,1.0843,374858.0
2026-07-02 12:00:00+00:00,1.0841,1.0975,1.0835,1.0929,773955.0
2026-07-02 13:00:00+00:00,1.0933,1.1125,1.092,1.1041,1346278.0
2026-07-02 14:00:00+00:00,1.1045,1.1079,1.0883,1.0921,839080.0
2026-07-02 15:00:00+00:00,1.0926,1.0969,1.0866,1.0931,491413.0
2026-07-02 16:00:00+00:00,1.094,1.0966,1.0868,1.0913,437241.0
2026-07-02 17:00:00+00:00,1.091,1.0945,1.0881,1.0885,313564.0
2026-07-02 18:00:00+00:00,1.0885,1.092,1.0874,1.0898,166025.0
2026-07-02 19:00:00+00:00,1.0897,1.0897,1.0837,1.0857,271573.0
2026-07-02 20:00:00+00:00,1.0854,1.0856,1.0815,1.0837,52825.0
2026-07-02 21:00:00+00:00,1.0834,1.0839,1.0793,1.082,64204.0
2026-07-02 22:00:00+00:00,1.0815,1.085,1.0789,1.084,209814.0
2026-07-02 23:00:00+00:00,1.0832,1.0884,1.0825,1.0882,167177.0
2026-07-03 00:00:00+00:00,1.0882,1.0888,1.0828,1.0843,81588.0
2026-07-03 01:00:00+00:00,1.0841,1.0959,1.0837,1.094,427884.0
2026-07-03 02:00:00+00:00,1.0943,1.0956,1.0872,1.0917,223663.0
2026-07-03 03:00:00+00:00,1.0911,1.093,1.0864,1.0909,230197.0
2026-07-03 04:00:00+00:00,1.0908,1.0942,1.0889,1.0926,159630.0
2026-07-03 05:00:00+00:00,1.0926,1.1017,1.092,1.1003,376070.0
2026-07-03 06:00:00+00:00,1.1001,1.1072,1.0999,1.101,316366.0
2026-07-03 07:00:00+00:00,1.1012,1.1052,1.0978,1.1025,419249.0
2026-07-03 08:00:00+00:00,1.103,1.1078,1.0991,1.0999,254787.0
2026-07-03 09:00:00+00:00,1.0999,1.1043,1.0984,1.1012,139768.0
2026-07-03 10:00:00+00:00,1.1012,1.1131,1.0996,1.1093,355143.0
2026-07-03 11:00:00+00:00,1.109,1.1124,1.1066,1.1103,387885.0
2026-07-03 12:00:00+00:00,1.1106,1.1144,1.1038,1.1074,540949.0
2026-07-03 13:00:00+00:00,1.108,1.1157,1.1078,1.1113,314440.0
2026-07-03 14:00:00+00:00,1.1115,1.1143,1.1057,1.1123,501593.0
2026-07-03 15:00:00+00:00,1.1126,1.1245,1.1125,1.1202,1091044.0
2026-07-03 16:00:00+00:00,1.1207,1.1219,1.1144,1.1155,444006.0
2026-07-03 17:00:00+00:00,1.1157,1.1248,1.115,1.1234,579892.0
2026-07-03 18:00:00+00:00,1.1239,1.1297,1.1207,1.1269,299031.0
2026-07-03 19:00:00+00:00,1.127,1.1456,1.1261,1.1321,885771.0
2026-07-03 20:00:00+00:00,1.132,1.1445,1.1283,1.1395,401654.0
2026-07-03 21:00:00+00:00,1.14,1.1416,1.1274,1.133,296205.0
2026-07-03 22:00:00+00:00,1.1341,1.1353,1.1278,1.1304,94333.0
2026-07-03 23:00:00+00:00,1.1306,1.1385,1.1293,1.1358,70468.0
2026-07-04 00:00:00+00:00,1.1353,1.1435,1.1336,1.1416,162600.0
2026-07-04 01:00:00+00:00,1.1411,1.1419,1.1315,1.1336,229469.0
2026-07-04 02:00:00+00:00,1.134,1.1392,1.1322,1.1359,141763.0
2026-07-04 03:00:00+00:00,1.1356,1.1418,1.1324,1.1382,231628.0
2026-07-04 04:00:00+00:00,1.1387,1.15,1.1365,1.1482,483110.0
2026-07-04 05:00:00+00:00,1.1475,1.1478,1.1375,1.1391,447621.0
2026-07-04 06:00:00+00:00,1.14,1.147,1.1336,1.1378,605069.0
2026-07-04 07:00:00+00:00,1.1379,1.1432,1.1332,1.1395,271172.0
2026-07-04 08:00:00+00:00,1.1402,1.1493,1.14,1.1417,600419.0
2026-07-04 09:00:00+00:00,1.1423,1.1443,1.1351,1.137,461431.0
2026-07-04 10:00:00+00:00,1.1372,1.1425,1.1354,1.1418,575757.0
2026-07-04 11:00:00+00:00,1.141,1.1446,1.1384,1.1401,334480.0
2026-07-04 12:00:00+00:00,1.1403,1.1549,1.1403,1.1478,443477.0
2026-07-04 13:00:00+00:00,1.1482,1.161,1.1475,1.1536,863055.0
2026-07-04 14:00:00+00:00,1.1534,1.1745,1.153,1.1734,1366065.0
2026-07-04 15:00:00+00:00,1.174,1.1801,1.167,1.1724,1274228.0
2026-07-04 16:00:00+00:00,1.1721,1.1773,1.1636,1.174,619435.0
2026-07-04 17:00:00+00:00,1.174,1.1843,1.1679,1.1813,1019951.0
2026-07-04 18:00:00+00:00,1.1816,1.1827,1.1733,1.1754,478147.0
2026-07-04 19:00:00+00:00,1.1749,1.1787,1.1667,1.1682,423315.0
2026-07-04 20:00:00+00:00,1.1684,1.1699,1.1599,1.1627,326327.0
2026-07-04 21:00:00+00:00,1.1624,1.1686,1.1619,1.1671,53460.0
2026-07-04 22:00:00+00:00,1.1659,1.1671,1.1604,1.1625,55897.0
2026-07-04 23:00:00+00:00,1.1626,1.1626,1.154,1.1572,142690.0
2026-07-05 00:00:00+00:00,1.1575,1.1578,1.1477,1.1497,316905.0
2026-07-05 01:00:00+00:00,1.15,1.1514,1.1427,1.1455,273003.0
2026-07-05 02:00:00+00:00,1.1457,1.1457,1.134,1.1378,543623.0
2026-07-05 03:00:00+00:00,1.1377,1.141,1.1357,1.1385,381416.0
2026-07-05 04:00:00+00:00,1.1386,1.1425,1.1366,1.1381,339425.0
2026-07-05 05:00:00+00:00,1.1377,1.138,1.1334,1.1367,516053.0
2026-07-05 06:00:00+00:00,1.1367,1.1399,1.1341,1.1388,389137.0
2026-07-05 07:00:00+00:00,1.1384,1.1417,1.1358,1.1401,269546.0
2026-07-05 08:00:00+00:00,1.1403,1.1418,1.1377,1.139,249469.0
2026-07-05 09:00:00+00:00,1.1388,1.1397,1.1267,1.1281,960877.0
2026-07-05 10:00:00+00:00,1.1278,1.1304,1.1253,1.1294,397972.0
2026-07-05 11:00:00+00:00,1.1298,1.1334,1.1283,1.1324,292438.0
2026-07-05 12:00:00+00:00,1.1322,1.137,1.1287,1.1356,364139.0
2026-07-05 13:00:00+00:00,1.1353,1.1372,1.1308,1.1357,244744.0
2026-07-05 14:00:00+00:00,1.1354,1.1382,1.1336,1.137,289195.0
2026-07-05 15:00:00+00:00,1.1374,1.1416,1.1346,1.1369,634121.0
2026-07-05 16:00:00+00:00,1.1369,1.1392,1.1342,1.1355,245164.0
2026-07-05 17:00:00+00:00,1.1355,1.1394,1.1323,1.1347,603763.0
2026-07-05 18:00:00+00:00,1.1347,1.1405,1.1347,1.1361,282770.0
2026-07-05 19:00:00+00:00,1.1361,1.1383,1.1337,1.1351,189313.0
2026-07-05 20:00:00+00:00,1.1351,1.1381,1.1346,1.1373,134160.0
2026-07-05 21:00:00+00:00,1.1376,1.1485,1.1352,1.1452,304565.0
2026-07-05 22:00:00+00:00,1.1439,1.1622,1.1426,1.158,642110.0
2026-07-05 23:00:00+00:00,1.159,1.1697,1.1555,1.1563,464333.0
2026-07-06 00:00:00+00:00,1.1576,1.159,1.146,1.1568,756103.0
2026-07-06 01:00:00+00:00,1.1562,1.1619,1.1523,1.1529,464335.0
2026-07-06 02:00:00+00:00,1.1529,1.1548,1.1464,1.149,507673.0
2026-07-06 03:00:00+00:00,1.1492,1.1505,1.1416,1.1477,350712.0
2026-07-06 04:00:00+00:00,1.1478,1.1492,1.1445,1.1458,180330.0
2026-07-06 05:00:00+00:00,1.1462,1.1462,1.1366,1.1409,371943.0
2026-07-06 06:00:00+00:00,1.1409,1.1417,1.1366,1.1383,173137.0
2026-07-06 07:00:00+00:00,1.1377,1.1474,1.1364,1.1463,487938.0
2026-07-06 08:00:00+00:00,1.1466,1.1518,1.1401,1.1426,386418.0
2026-07-06 09:00:00+00:00,1.1424,1.1429,1.1342,1.1364,292081.0
2026-07-06 10:00:00+00:00,1.1363,1.1451,1.136,1.143,252380.0
2026-07-06 11:00:00+00:00,1.1431,1.1439,1.135,1.1353,292384.0
2026-07-06 12:00:00+00:00,1.1351,1.1356,1.1142,1.1158,1326889.0
2026-07-06 13:00:00+00:00,1.1154,1.1226,1.1094,1.1161,815280.0
2026-07-06 14:00:00+00:00,1.1159,1.1272,1.1137,1.1239,576928.0
2026-07-06 15:00:00+00:00,1.124,1.1456,1.1236,1.1443,1081198.0
2026-07-06 16:00:00+00:00,1.1451,1.1545,1.1398,1.1534,1341908.0
2026-07-06 17:00:00+00:00,1.1534,1.1594,1.1465,1.1469,741027.0
2026-07-06 18:00:00+00:00,1.1471,1.1506,1.1413,1.1485,441848.0
2026-07-06 19:00:00+00:00,1.1484,1.153,1.145,1.1487,168263.0
2026-07-06 20:00:00+00:00,1.1478,1.1478,1.1423,1.1445,48205.0
2026-07-06 21:00:00+00:00,1.1439,1.1653,1.1439,1.1543,307223.0
2026-07-06 22:00:00+00:00,1.1545,1.1546,1.1468,1.1479,70686.0
2026-07-06 23:00:00+00:00,1.1484,1.1503,1.1443,1.145,48827.0
2026-07-07 00:00:00+00:00,1.1468,1.1516,1.145,1.1486,158673.0
2026-07-07 01:00:00+00:00,1.148,1.148,1.1396,1.1412,306951.0
2026-07-07 02:00:00+00:00,1.141,1.142,1.13,1.1313,665150.0
2026-07-07 03:00:00+00:00,1.1311,1.1339,1.1273,1.1294,429261.0
2026-07-07 04:00:00+00:00,1.1291,1.1297,1.1232,1.1256,344876.0
2026-07-07 05:00:00+00:00,1.1256,1.1295,1.121,1.1275,469592.0
2026-07-07 06:00:00+00:00,1.1274,1.1336,1.1248,1.1325,316626.0
2026-07-07 07:00:00+00:00,1.1325,1.1354,1.1267,1.1267,427303.0
2026-07-07 08:00:00+00:00,1.1268,1.1283,1.1243,1.1248,295601.0
2026-07-07 09:00:00+00:00,1.1246,1.1277,1.1242,1.1272,171963.0
2026-07-07 10:00:00+00:00,1.1269,1.1305,1.1231,1.124,377067.0
2026-07-07 11:00:00+00:00,1.124,1.126,1.1201,1.1255,592450.0
2026-07-07 12:00:00+00:00,1.1255,1.1327,1.1249,1.127,455361.0
2026-07-07 13:00:00+00:00,1.1267,1.128,1.1189,1.1209,825089.0
2026-07-07 14:00:00+00:00,1.1207,1.1263,1.1081,1.1253,1407680.0
2026-07-07 15:00:00+00:00,1.1255,1.1331,1.1207,1.1303,558623.0
2026-07-07 16:00:00+00:00,1.1305,1.1356,1.1251,1.1298,465673.0
2026-07-07 17:00:00+00:00,1.1295,1.1329,1.1266,1.1326,299940.0
2026-07-07 18:00:00+00:00,1.1326,1.1326,1.1192,1.1196,437330.0
2026-07-07 19:00:00+00:00,1.1191,1.1262,1.1135,1.122,301743.0
2026-07-07 20:00:00+00:00,1.1221,1.1233,1.1172,1.119,119899.0
2026-07-07 21:00:00+00:00,1.1195,1.1217,1.112,1.1135,80842.0
2026-07-07 22:00:00+00:00,1.1133,1.1172,1.1073,1.1159,77826.0
2026-07-07 23:00:00+00:00,1.1159,1.1192,1.1113,1.1122,53381.0
2026-07-08 00:00:00+00:00,1.112,1.1169,1.1101,1.1139,175662.0
2026-07-08 01:00:00+00:00,1.1143,1.116,1.0977,1.0995,311150.0
2026-07-08 02:00:00+00:00,1.0989,1.1018,1.0907,1.1004,406979.0
2026-07-08 03:00:00+00:00,1.1005,1.1043,1.0943,1.0958,217739.0
2026-07-08 04:00:00+00:00,1.0958,1.0976,1.092,1.0948,191239.0
2026-07-08 05:00:00+00:00,1.0951,1.0964,1.0892,1.0915,187230.0
2026-07-08 06:00:00+00:00,1.0913,1.0929,1.0866,1.0916,281467.0
2026-07-08 07:00:00+00:00,1.092,1.0955,1.0885,1.0943,413367.0
2026-07-08 08:00:00+00:00,1.0943,1.0954,1.076,1.0806,915131.0
2026-07-08 09:00:00+00:00,1.0807,1.0823,1.0758,1.0792,276027.0
2026-07-08 10:00:00+00:00,1.0794,1.0843,1.0767,1.0836,260017.0
2026-07-08 11:00:00+00:00,1.0836,1.0894,1.0804,1.0866,329744.0
2026-07-08 12:00:00+00:00,1.0872,1.0888,1.0821,1.0821,196282.0
2026-07-08 13:00:00+00:00,1.082,1.0879,1.0783,1.0818,621637.0
2026-07-08 14:00:00+00:00,1.0818,1.0848,1.0742,1.0777,276654.0
2026-07-08 15:00:00+00:00,1.0787,1.0787,1.0697,1.0738,312721.0
2026-07-08 16:00:00+00:00,1.0736,1.0844,1.0733,1.0844,330849.0
2026-07-08 17:00:00+00:00,1.0841,1.0955,1.0837,1.0867,582878.0
2026-07-08 18:00:00+00:00,1.087,1.091,1.0833,1.0878,227496.0
2026-07-08 19:00:00+00:00,1.088,1.0962,1.0853,1.092,167217.0
2026-07-08 20:00:00+00:00,1.0916,1.0932,1.0878,1.0892,47662.0
2026-07-08 21:00:00+00:00,1.0893,1.0918,1.0842,1.091,35977.0
2026-07-08 22:00:00+00:00,1.0913,1.0934,1.0897,1.0933,118930.0
2026-07-08 23:00:00+00:00,1.0929,1.0929,1.0878,1.0909,34349.0
2026-07-09 00:00:00+00:00,1.0911,1.092,1.0872,1.0881,46654.0
2026-07-09 01:00:00+00:00,1.0881,1.0992,1.0827,1.0836,348385.0
2026-07-09 02:00:00+00:00,1.0835,1.0905,1.0824,1.0842,190239.0
2026-07-09 03:00:00+00:00,1.0847,1.0899,1.083,1.0876,202108.0
2026-07-09 04:00:00+00:00,1.0879,1.0947,1.0848,1.0944,294120.0
2026-07-09 05:00:00+00:00,1.0941,1.1004,1.0913,1.0993,194894.0
2026-07-09 06:00:00+00:00,1.0995,1.1026,1.0967,1.1004,227948.0
2026-07-09 07:00:00+00:00,1.1005,1.1031,1.095,1.0979,405642.0
2026-07-09 08:00:00+00:00,1.0975,1.0993,1.095,1.0956,143317.0
2026-07-09 09:00:00+00:00,1.0956,1.0956,1.0916,1.0948,352539.0
2026-07-09 10:00:00+00:00,1.0948,1.0968,1.0901,1.0927,311650.0
2026-07-09 11:00:00+00:00,1.0923,1.0942,1.0905,1.0934,220439.0
2026-07-09 12:00:00+00:00,1.0934,1.0975,1.0909,1.0943,406213.0
2026-07-09 13:00:00+00:00,1.0944,1.1022,1.0931,1.0994,459257.0
2026-07-09 14:00:00+00:00,1.0998,1.1011,1.0911,1.0941,309088.0
2026-07-09 15:00:00+00:00,1.094,1.0972,1.0892,1.0901,534644.0
2026-07-09 16:00:00+00:00,1.0903,1.0924,1.0866,1.0888,302235.0
2026-07-09 17:00:00+00:00,1.0888,1.0984,1.0888,1.0966,359918.0
2026-07-09 18:00:00+00:00,1.0967,1.1008,1.0932,1.0954,293472.0
2026-07-09 19:00:00+00:00,1.0952,1.0989,1.0921,1.0972,129035.0
2026-07-09 20:00:00+00:00,1.0975,1.1,1.0957,1.0968,117013.0
2026-07-09 21:00:00+00:00,1.0985,1.0985,1.0969,1.0978,19141.0
2026-07-09 22:00:00+00:00,1.0985,1.0985,1.0957,1.0961,53896.0
2026-07-09 23:00:00+00:00,1.0958,1.0962,1.0927,1.0937,35377.0
2026-07-10 00:00:00+00:00,1.0931,1.0938,1.0893,1.0923,64372.0
2026-07-10 01:00:00+00:00,1.0928,1.1095,1.0903,1.105,523968.0
2026-07-10 02:00:00+00:00,1.1057,1.11,1.1031,1.1078,269328.0
2026-07-10 03:00:00+00:00,1.1079,1.1095,1.1038,1.1074,207899.0
2026-07-10 04:00:00+00:00,1.1072,1.1124,1.1061,1.1099,399340.0
2026-07-10 05:00:00+00:00,1.1096,1.111,1.1075,1.1096,187620.0
2026-07-10 06:00:00+00:00,1.1098,1.1109,1.1049,1.1057,142010.0
2026-07-10 07:00:00+00:00,1.106,1.1082,1.1035,1.1056,131671.0
2026-07-10 08:00:00+00:00,1.106,1.1157,1.1049,1.1122,345560.0
2026-07-10 09:00:00+00:00,1.1122,1.1184,1.11,1.1157,292580.0
2026-07-10 10:00:00+00:00,1.1161,1.118,1.1129,1.1142,283404.0
2026-07-10 11:00:00+00:00,1.1145,1.1159,1.1092,1.1128,359546.0
2026-07-10 12:00:00+00:00,1.1125,1.1144,1.1074,1.1078,526409.0
2026-07-10 13:00:00+00:00,1.1077,1.1133,1.1063,1.1105,448498.0
2026-07-10 14:00:00+00:00,1.1105,1.1108,1.0966,1.101,990039.0
2026-07-10 15:00:00+00:00,1.101,1.1062,1.1002,1.103,232018.0
2026-07-10 16:00:00+00:00,1.1038,1.1064,1.0994,1.1053,345333.0
2026-07-10 17:00:00+00:00,1.1053,1.1065,1.101,1.1013,195100.0
2026-07-10 18:00:00+00:00,1.101,1.1049,1.0974,1.0999,348131.0
2026-07-10 19:00:00+00:00,1.0998,1.1071,1.0986,1.1053,240306.0
2026-07-10 20:00:00+00:00,1.1053,1.1068,1.1034,1.1041,46017.0
2026-07-10 21:00:00+00:00,1.1036,1.1067,1.1027,1.1047,8750.0
2026-07-10 22:00:00+00:00,1.105,1.1058,1.1039,1.1058,41960.0
2026-07-10 23:00:00+00:00,1.106,1.106,1.1031,1.1047,40805.0
2026-07-11 00:00:00+00:00,1.1045,1.1058,1.1017,1.1057,131843.0
2026-07-11 01:00:00+00:00,1.1053,1.1086,1.1028,1.1028,68718.0
2026-07-11 02:00:00+00:00,1.103,1.1068,1.1027,1.1063,49660.0
2026-07-11 03:00:00+00:00,1.1063,1.1099,1.1056,1.1078,133705.0
2026-07-11 04:00:00+00:00,1.1078,1.1081,1.1041,1.1046,113790.0
2026-07-11 05:00:00+00:00,1.1044,1.1079,1.1037,1.1068,92637.0
2026-07-11 06:00:00+00:00,1.1057,1.1095,1.1055,1.1078,125996.0
2026-07-11 07:00:00+00:00,1.1076,1.1096,1.1073,1.1077,88016.0
2026-07-11 08:00:00+00:00,1.1077,1.1091,1.106,1.1086,169720.0
2026-07-11 09:00:00+00:00,1.1086,1.1113,1.1067,1.1067,227211.0
2026-07-11 10:00:00+00:00,1.1067,1.1096,1.1061,1.1091,62601.0
2026-07-11 11:00:00+00:00,1.1091,1.1104,1.1082,1.1089,108010.0
2026-07-11 12:00:00+00:00,1.1086,1.1098,1.1076,1.109,56349.0
2026-07-11 13:00:00+00:00,1.1094,1.112,1.1083,1.1093,184057.0
2026-07-11 14:00:00+00:00,1.1092,1.1157,1.1092,1.1137,413520.0
2026-07-11 15:00:00+00:00,1.1141,1.1186,1.1093,1.1133,726087.0
2026-07-11 16:00:00+00:00,1.1136,1.1165,1.1111,1.1126,433845.0
2026-07-11 17:00:00+00:00,1.1125,1.1173,1.1115,1.1151,191195.0
2026-07-11 18:00:00+00:00,1.115,1.1184,1.1139,1.1173,224484.0
2026-07-11 19:00:00+00:00,1.117,1.1196,1.1142,1.1159,259340.0
2026-07-11 20:00:00+00:00,1.1163,1.1165,1.1142,1.115,56075.0
2026-07-11 21:00:00+00:00,1.1146,1.1167,1.1138,1.1152,86602.0
2026-07-11 22:00:00+00:00,1.1147,1.1151,1.1077,1.1091,178674.0
2026-07-11 23:00:00+00:00,1.1089,1.1097,1.0966,1.0971,347765.0
2026-07-12 00:00:00+00:00,1.0962,1.0989,1.0892,1.0931,266495.0
2026-07-12 01:00:00+00:00,1.0931,1.0992,1.0928,1.0991,168445.0
2026-07-12 02:00:00+00:00,1.0988,1.099,1.095,1.0962,186143.0
2026-07-12 03:00:00+00:00,1.0963,1.0999,1.0954,1.0997,111550.0
2026-07-12 04:00:00+00:00,1.1,1.1004,1.0946,1.0958,204103.0
2026-07-12 05:00:00+00:00,1.0958,1.0966,1.0937,1.0947,166569.0
2026-07-12 06:00:00+00:00,1.0943,1.0943,1.0867,1.0918,572540.0
2026-07-12 07:00:00+00:00,1.0918,1.0937,1.0903,1.0916,212663.0
2026-07-12 08:00:00+00:00,1.0913,1.0952,1.091,1.0938,218244.0
2026-07-12 09:00:00+00:00,1.094,1.0973,1.0905,1.0947,196210.0
2026-07-12 10:00:00+00:00,1.095,1.0964,1.0937,1.0951,156326.0
2026-07-12 11:00:00+00:00,1.0948,1.0989,1.0928,1.0965,185625.0
2026-07-12 12:00:00+00:00,1.0965,1.1002,1.0961,1.0994,268370.0
2026-07-12 13:00:00+00:00,1.0991,1.1016,1.0973,1.0985,257158.0
2026-07-12 14:00:00+00:00,1.0984,1.1043,1.0965,1.102,390226.0
2026-07-12 15:00:00+00:00,1.1019,1.1036,1.0999,1.1018,246128.0
2026-07-12 16:00:00+00:00,1.1021,1.104,1.0999,1.102,148805.0
2026-07-12 17:00:00+00:00,1.1021,1.1027,1.0973,1.0985,243834.0
2026-07-12 18:00:00+00:00,1.0988,1.1017,1.0974,1.1011,130983.0
2026-07-12 19:00:00+00:00,1.1011,1.1019,1.0984,1.1008,128391.0
2026-07-12 20:00:00+00:00,1.1006,1.1014,1.0994,1.0995,32257.0
2026-07-12 21:00:00+00:00,1.0998,1.1014,1.0932,1.0946,154160.0
2026-07-12 22:00:00+00:00,1.0939,1.0939,1.081,1.0864,350847.0
2026-07-12 23:00:00+00:00,1.0852,1.0877,1.084,1.0862,60412.0
2026-07-13 00:00:00+00:00,1.086,1.103,1.0841,1.093,205092.0
2026-07-13 01:00:00+00:00,1.0915,1.0939,1.0803,1.0816,200239.0
2026-07-13 02:00:00+00:00,1.0805,1.0837,1.0767,1.0799,308211.0
2026-07-13 03:00:00+00:00,1.0799,1.08,1.0674,1.0722,774996.0
2026-07-13 04:00:00+00:00,1.0719,1.0759,1.0706,1.0728,197371.0
2026-07-13 05:00:00+00:00,1.0726,1.0791,1.0702,1.0762,293089.0
2026-07-13 06:00:00+00:00,1.0762,1.0783,1.0748,1.0782,187028.0
2026-07-13 07:00:00+00:00,1.0783,1.082,1.0766,1.0796,233671.0
2026-07-13 08:00:00+00:00,1.0799,1.0835,1.0787,1.0801,136769.0
2026-07-13 09:00:00+00:00,1.08,1.081,1.0787,1.0787,162212.0
2026-07-13 10:00:00+00:00,1.0787,1.0795,1.0759,1.0775,234526.0
2026-07-13 11:00:00+00:00,1.0775,1.0814,1.0772,1.0772,240113.0
2026-07-13 12:00:00+00:00,1.0775,1.0785,1.0711,1.0736,559595.0
2026-07-13 13:00:00+00:00,1.0736,1.0738,1.0659,1.0691,727718.0
2026-07-13 14:00:00+00:00,1.0689,1.0783,1.0672,1.0775,249947.0
2026-07-13 15:00:00+00:00,1.0776,1.0804,1.0722,1.073,667930.0
2026-07-13 16:00:00+00:00,1.0724,1.0743,1.0663,1.0686,484348.0
2026-07-13 17:00:00+00:00,1.0686,1.0708,1.059,1.0593,674415.0
2026-07-13 18:00:00+00:00,1.0596,1.0632,1.057,1.0614,384880.0
2026-07-13 19:00:00+00:00,1.0614,1.071,1.0607,1.0682,100373.0
2026-07-13 20:00:00+00:00,1.0674,1.068,1.0591,1.0628,79742.0
2026-07-13 21:00:00+00:00,1.0624,1.0626,1.0532,1.0595,215349.0
2026-07-13 22:00:00+00:00,1.0597,1.0633,1.0589,1.0597,30355.0
2026-07-13 23:00:00+00:00,1.0586,1.0677,1.0575,1.0677,138122.0
2026-07-14 00:00:00+00:00,1.0683,1.0708,1.0646,1.0694,63828.0
2026-07-14 01:00:00+00:00,1.0697,1.0712,1.0651,1.0654,122195.0
2026-07-14 02:00:00+00:00,1.065,1.0677,1.0626,1.0661,176597.0
2026-07-14 03:00:00+00:00,1.0662,1.0675,1.061,1.0667,161507.0
2026-07-14 04:00:00+00:00,1.0665,1.0696,1.0646,1.0685,189465.0
2026-07-14 05:00:00+00:00,1.0685,1.0735,1.0677,1.0715,182755.0
2026-07-14 06:00:00+00:00,1.0716,1.0719,1.0693,1.0702,162804.0
2026-07-14 07:00:00+00:00,1.0696,1.0719,1.0674,1.069,257589.0
2026-07-14 08:00:00+00:00,1.0688,1.0718,1.0678,1.0687,129866.0
2026-07-14 09:00:00+00:00,1.0688,1.0708,1.0675,1.0683,54829.0
2026-07-14 10:00:00+00:00,1.0686,1.0723,1.0676,1.0713,117684.0
2026-07-14 11:00:00+00:00,1.071,1.073,1.0694,1.0723,113233.0
2026-07-14 12:00:00+00:00,1.0725,1.0915,1.0703,1.0893,1139566.0
2026-07-14 13:00:00+00:00,1.0897,1.105,1.0855,1.0995,1021661.0
2026-07-14 14:00:00+00:00,1.0993,1.1053,1.0951,1.1036,260984.0
2026-07-14 15:00:00+00:00,1.1038,1.1109,1.1012,1.1048,850844.0
2026-07-14 16:00:00+00:00,1.1051,1.109,1.103,1.1051,368796.0
2026-07-14 17:00:00+00:00,1.1048,1.1054,1.0985,1.1043,432802.0
2026-07-14 18:00:00+00:00,1.1043,1.1136,1.1033,1.1126,343076.0
2026-07-14 19:00:00+00:00,1.1123,1.1213,1.111,1.1155,769087.0
2026-07-14 20:00:00+00:00,1.1153,1.1159,1.1099,1.1108,124195.0
2026-07-14 21:00:00+00:00,1.1104,1.1114,1.1069,1.108,61810.0
2026-07-14 22:00:00+00:00,1.1071,1.1141,1.1052,1.1102,140664.0
2026-07-14 23:00:00+00:00,1.1103,1.1129,1.109,1.1119,35464.0
2026-07-15 00:00:00+00:00,1.112,1.1126,1.1071,1.1088,52879.0
2026-07-15 01:00:00+00:00,1.1088,1.1088,1.1024,1.1033,182395.0
2026-07-15 02:00:00+00:00,1.1031,1.1045,1.0992,1.0995,221610.0
2026-07-15 03:00:00+00:00,1.0996,1.1056,1.0995,1.1046,224131.0
2026-07-15 04:00:00+00:00,1.1053,1.1071,1.1014,1.1033,319552.0
2026-07-15 05:00:00+00:00,1.104,1.1073,1.1,1.1066,234484.0
2026-07-15 06:00:00+00:00,1.107,1.1141,1.1058,1.1077,460263.0
2026-07-15 07:00:00+00:00,1.1072,1.1083,1.1018,1.1039,269030.0
2026-07-15 08:00:00+00:00,1.1041,1.1092,1.1033,1.1081,121841.0
2026-07-15 09:00:00+00:00,1.108,1.1129,1.1079,1.1093,193203.0
2026-07-15 10:00:00+00:00,1.1091,1.1104,1.1062,1.1087,223573.0
2026-07-15 11:00:00+00:00,1.1087,1.1098,1.107,1.1088,139498.0
2026-07-15 12:00:00+00:00,1.1083,1.1222,1.1056,1.1212,570817.0
2026-07-15 13:00:00+00:00,1.1209,1.1295,1.1177,1.1216,1014067.0
2026-07-15 14:00:00+00:00,1.1224,1.1304,1.1183,1.1259,617045.0
2026-07-15 15:00:00+00:00,1.1254,1.129,1.1208,1.1263,373777.0
2026-07-15 16:00:00+00:00,1.1269,1.1272,1.1079,1.1141,871077.0
2026-07-15 17:00:00+00:00,1.1142,1.1197,1.1113,1.1177,497178.0
2026-07-15 18:00:00+00:00,1.1177,1.1217,1.1117,1.1125,386617.0
2026-07-15 19:00:00+00:00,1.1126,1.1151,1.1092,1.1103,227766.0
2026-07-15 20:00:00+00:00,1.1097,1.1143,1.1089,1.1112,205025.0
2026-07-15 21:00:00+00:00,1.1115,1.116,1.1105,1.1158,91510.0
2026-07-15 22:00:00+00:00,1.1161,1.1188,1.115,1.116,58391.0
2026-07-15 23:00:00+00:00,1.1163,1.1169,1.1122,1.1134,93543.0
2026-07-16 00:00:00+00:00,1.1131,1.116,1.1085,1.1105,140953.0
2026-07-16 01:00:00+00:00,1.1112,1.115,1.1058,1.1139,135326.0
2026-07-16 02:00:00+00:00,1.1139,1.1175,1.112,1.1169,144899.0
2026-07-16 03:00:00+00:00,1.1173,1.1181,1.1118,1.113,369975.0
2026-07-16 04:00:00+00:00,1.1133,1.1144,1.111,1.1137,68567.0
2026-07-16 05:00:00+00:00,1.1142,1.1181,1.1135,1.1163,216551.0
2026-07-16 06:00:00+00:00,1.117,1.1187,1.112,1.1147,166772.0
2026-07-16 07:00:00+00:00,1.1156,1.1156,1.1038,1.1062,466112.0
2026-07-16 08:00:00+00:00,1.1064,1.1103,1.0999,1.1068,583483.0
2026-07-16 09:00:00+00:00,1.1073,1.1081,1.1047,1.105,145756.0
2026-07-16 10:00:00+00:00,1.1054,1.1097,1.1042,1.1085,110403.0
2026-07-16 11:00:00+00:00,1.1085,1.1094,1.1056,1.1087,179973.0
2026-07-16 12:00:00+00:00,1.1087,1.1108,1.1001,1.1015,569670.0
2026-07-16 13:00:00+00:00,1.1014,1.1128,1.1014,1.1105,796874.0
2026-07-16 14:00:00+00:00,1.1105,1.1164,1.1086,1.1118,596923.0
2026-07-16 15:00:00+00:00,1.1117,1.1186,1.1062,1.1149,623408.0
2026-07-16 16:00:00+00:00,1.1152,1.1154,1.1076,1.1094,289709.0
2026-07-16 17:00:00+00:00,1.109,1.1093,1.0894,1.0945,814786.0
2026-07-16 18:00:00+00:00,1.0949,1.0959,1.0883,1.0935,341457.0
2026-07-16 19:00:00+00:00,1.0933,1.0993,1.093,1.0974,199790.0
2026-07-16 20:00:00+00:00,1.0975,1.0984,1.0952,1.0981,52587.0
2026-07-16 21:00:00+00:00,1.0978,1.0991,1.0958,1.098,48006.0
2026-07-16 22:00:00+00:00,1.0989,1.0992,1.09,1.0903,91106.0
2026-07-16 23:00:00+00:00,1.0902,1.0912,1.0854,1.0872,76587.0
2026-07-17 00:00:00+00:00,1.0873,1.0922,1.083,1.0922,91962.0
2026-07-17 01:00:00+00:00,1.0921,1.0958,1.0859,1.0879,119843.0
2026-07-17 02:00:00+00:00,1.0878,1.0913,1.0858,1.0882,76166.0
2026-07-17 03:00:00+00:00,1.0883,1.0951,1.0881,1.0925,134591.0
2026-07-17 04:00:00+00:00,1.0922,1.093,1.0877,1.0906,215438.0
2026-07-17 05:00:00+00:00,1.09,1.0908,1.079,1.0805,315999.0
2026-07-17 06:00:00+00:00,1.0803,1.088,1.0793,1.0875,320194.0
2026-07-17 07:00:00+00:00,1.0872,1.0875,1.0824,1.0838,205824.0
2026-07-17 08:00:00+00:00,1.084,1.0864,1.0795,1.085,218242.0
2026-07-17 09:00:00+00:00,1.085,1.0886,1.0848,1.0852,216340.0
2026-07-17 10:00:00+00:00,1.0855,1.0885,1.0852,1.0865,192424.0
2026-07-17 11:00:00+00:00,1.0865,1.0872,1.0839,1.085,180962.0
2026-07-17 12:00:00+00:00,1.085,1.0852,1.0779,1.0782,364061.0
2026-07-17 13:00:00+00:00,1.0782,1.081,1.0698,1.0802,610260.0
2026-07-17 14:00:00+00:00,1.0808,1.0869,1.0807,1.0826,540508.0
2026-07-17 15:00:00+00:00,1.0826,1.0838,1.0744,1.0836,349919.0
2026-07-17 16:00:00+00:00,1.0837,1.0902,1.0813,1.0867,327052.0
2026-07-17 17:00:00+00:00,1.0867,1.0963,1.0867,1.0916,633398.0
2026-07-17 18:00:00+00:00,1.0919,1.0944,1.0877,1.0925,228183.0
2026-07-17 19:00:00+00:00,1.0923,1.0934,1.0857,1.0918,130459.0
2026-07-17 20:00:00+00:00,1.0905,1.0905,1.0868,1.089,50702.0
2026-07-17 21:00:00+00:00,1.0894,1.0916,1.0884,1.0885,48826.0
2026-07-17 22:00:00+00:00,1.0889,1.089,1.087,1.0886,14350.0
2026-07-17 23:00:00+00:00,1.0882,1.0907,1.0868,1.0891,32656.0
2026-07-18 00:00:00+00:00,1.0892,1.0914,1.0883,1.0883,65040.0
2026-07-18 01:00:00+00:00,1.0883,1.0903,1.0875,1.0886,35220.0
2026-07-18 02:00:00+00:00,1.0889,1.0918,1.0881,1.0904,69303.0
2026-07-18 03:00:00+00:00,1.0901,1.0918,1.0891,1.0905,112359.0
2026-07-18 04:00:00+00:00,1.0905,1.0905,1.0879,1.0879,129309.0
2026-07-18 05:00:00+00:00,1.088,1.0896,1.0868,1.0882,218542.0
2026-07-18 06:00:00+00:00,1.0882,1.0901,1.0869,1.0893,91663.0
2026-07-18 07:00:00+00:00,1.0894,1.0908,1.0879,1.0891,114569.0
2026-07-18 08:00:00+00:00,1.0892,1.0919,1.0876,1.0893,78505.0
2026-07-18 09:00:00+00:00,1.0891,1.0893,1.0841,1.0863,282788.0
2026-07-18 10:00:00+00:00,1.0866,1.0882,1.0862,1.0871,139276.0
2026-07-18 11:00:00+00:00,1.0871,1.0897,1.0866,1.0887,99127.0
2026-07-18 12:00:00+00:00,1.089,1.0913,1.0857,1.0894,192933.0
2026-07-18 13:00:00+00:00,1.0888,1.0891,1.0837,1.0859,178162.0
2026-07-18 14:00:00+00:00,1.0865,1.0896,1.0848,1.0892,88997.0
2026-07-18 15:00:00+00:00,1.0892,1.0899,1.0857,1.0864,83301.0
2026-07-18 16:00:00+00:00,1.0873,1.0908,1.0866,1.0902,102711.0
2026-07-18 17:00:00+00:00,1.0902,1.0946,1.0877,1.0934,198241.0
2026-07-18 18:00:00+00:00,1.0937,1.0959,1.0901,1.0913,151992.0
2026-07-18 19:00:00+00:00,1.0914,1.094,1.0905,1.0935,24187.0
2026-07-18 20:00:00+00:00,1.0936,1.097,1.0926,1.0936,95063.0
2026-07-18 21:00:00+00:00,1.0949,1.0985,1.0921,1.0941,50093.0
2026-07-18 22:00:00+00:00,1.094,1.0957,1.0918,1.0937,28708.0
2026-07-18 23:00:00+00:00,1.0934,1.0941,1.0917,1.0931,45717.0
2026-07-19 00:00:00+00:00,1.093,1.0947,1.0919,1.0947,31802.0
2026-07-19 01:00:00+00:00,1.0947,1.0948,1.0928,1.0943,49689.0
2026-07-19 02:00:00+00:00,1.0943,1.1,1.0943,1.0971,303408.0
2026-07-19 03:00:00+00:00,1.097,1.0972,1.0928,1.0951,141690.0
2026-07-19 04:00:00+00:00,1.0951,1.0987,1.0937,1.0967,74691.0
2026-07-19 05:00:00+00:00,1.097,1.0981,1.0955,1.0967,83352.0
2026-07-19 06:00:00+00:00,1.0967,1.0985,1.0956,1.0966,75018.0
2026-07-19 07:00:00+00:00,1.0969,1.0977,1.095,1.0952,82583.0
2026-07-19 08:00:00+00:00,1.0954,1.0985,1.0951,1.0981,59634.0
2026-07-19 09:00:00+00:00,1.0982,1.0994,1.0947,1.096,212557.0
2026-07-19 10:00:00+00:00,1.0955,1.0997,1.0938,1.0978,86796.0
2026-07-19 11:00:00+00:00,1.0977,1.0996,1.0964,1.0972,139448.0
2026-07-19 12:00:00+00:00,1.0972,1.0972,1.091,1.0957,284121.0
2026-07-19 13:00:00+00:00,1.0959,1.0959,1.0922,1.0942,163190.0
2026-07-19 14:00:00+00:00,1.0942,1.1023,1.0925,1.0992,412233.0
2026-07-19 15:00:00+00:00,1.0992,1.0997,1.0971,1.0981,169407.0
2026-07-19 16:00:00+00:00,1.0981,1.0986,1.0941,1.0944,149878.0
2026-07-19 17:00:00+00:00,1.0942,1.0967,1.0888,1.0947,322597.0
2026-07-19 18:00:00+00:00,1.0945,1.0947,1.0894,1.0926,233841.0
2026-07-19 19:00:00+00:00,1.0927,1.0952,1.0919,1.0952,64208.0
2026-07-19 20:00:00+00:00,1.0953,1.0983,1.0953,1.0965,64056.0
2026-07-19 21:00:00+00:00,1.0976,1.0976,1.0917,1.0928,21897.0
2026-07-19 22:00:00+00:00,1.0922,1.1021,1.0922,1.0976,127299.0
2026-07-19 23:00:00+00:00,1.096,1.0988,1.0937,1.0967,51187.0
2026-07-20 00:00:00+00:00,1.0978,1.1064,1.0933,1.0965,239923.0
2026-07-20 01:00:00+00:00,1.097,1.1088,1.0947,1.0965,145048.0
2026-07-20 02:00:00+00:00,1.0974,1.1039,1.0963,1.1015,131464.0
2026-07-20 03:00:00+00:00,1.1016,1.1023,1.097,1.1,245763.0
2026-07-20 04:00:00+00:00,1.1005,1.1007,1.095,1.0959,171703.0
2026-07-20 05:00:00+00:00,1.0961,1.0961,1.0861,1.0882,365302.0
2026-07-20 06:00:00+00:00,1.0886,1.0897,1.0835,1.0855,237120.0
2026-07-20 07:00:00+00:00,1.0856,1.091,1.083,1.0902,197469.0
2026-07-20 08:00:00+00:00,1.09,1.0922,1.0861,1.0884,92198.0
2026-07-20 09:00:00+00:00,1.0881,1.093,1.0871,1.0905,114380.0
2026-07-20 10:00:00+00:00,1.0904,1.0952,1.0898,1.0929,272319.0
2026-07-20 11:00:00+00:00,1.0929,1.1074,1.092,1.106,570563.0
2026-07-20 12:00:00+00:00,1.1064,1.1064,1.0984,1.1,306890.0
2026-07-20 13:00:00+00:00,1.1009,1.1017,1.0893,1.0912,486372.0
2026-07-20 14:00:00+00:00,1.0911,1.095,1.0862,1.0935,350720.0
2026-07-20 15:00:00+00:00,1.0939,1.1144,1.0933,1.113,752954.0
2026-07-20 16:00:00+00:00,1.1132,1.1153,1.1103,1.1142,543374.0
2026-07-20 17:00:00+00:00,1.1141,1.1174,1.1107,1.1152,294228.0
2026-07-20 18:00:00+00:00,1.1152,1.121,1.1136,1.1143,253969.0
2026-07-20 19:00:00+00:00,1.1141,1.1186,1.1113,1.1167,156342.0
2026-07-20 20:00:00+00:00,1.1168,1.117,1.1131,1.1147,42497.0
2026-07-20 21:00:00+00:00,1.1149,1.1188,1.1147,1.1155,23410.0
2026-07-20 22:00:00+00:00,1.1149,1.1149,1.1083,1.11,101021.0
2026-07-20 23:00:00+00:00,1.11,1.1144,1.11,1.1122,59028.0
2026-07-21 00:00:00+00:00,1.1128,1.1179,1.1115,1.1163,212564.0
2026-07-21 01:00:00+00:00,1.116,1.1204,1.1135,1.1138,137283.0
2026-07-21 02:00:00+00:00,1.114,1.1214,1.112,1.1189,110293.0
2026-07-21 03:00:00+00:00,1.1196,1.1264,1.1195,1.1247,377720.0
2026-07-21 04:00:00+00:00,1.1249,1.1286,1.1214,1.1268,324624.0
2026-07-21 05:00:00+00:00,1.1269,1.1386,1.1261,1.1311,609894.0
2026-07-21 06:00:00+00:00,1.1311,1.137,1.129,1.1339,367087.0
2026-07-21 07:00:00+00:00,1.1336,1.1367,1.1316,1.1361,370208.0
2026-07-21 08:00:00+00:00,1.1362,1.138,1.1326,1.1331,315327.0
2026-07-21 09:00:00+00:00,1.133,1.1367,1.131,1.135,622376.0
2026-07-21 10:00:00+00:00,1.135,1.1356,1.1297,1.1317,217141.0
2026-07-21 11:00:00+00:00,1.1314,1.1374,1.1295,1.1359,194027.0
2026-07-21 12:00:00+00:00,1.1364,1.142,1.1344,1.142,433851.0
2026-07-21 13:00:00+00:00,1.1421,1.1452,1.1384,1.1409,545310.0
2026-07-21 14:00:00+00:00,1.1407,1.1516,1.1397,1.1488,610652.0
2026-07-21 15:00:00+00:00,1.1488,1.1571,1.145,1.155,530418.0
2026-07-21 16:00:00+00:00,1.1548,1.1583,1.1485,1.1509,594306.0
2026-07-21 17:00:00+00:00,1.1506,1.162,1.1484,1.1576,618320.0
2026-07-21 18:00:00+00:00,1.158,1.1644,1.153,1.1583,692593.0
2026-07-21 19:00:00+00:00,1.1582,1.1646,1.1527,1.1569,415823.0
2026-07-21 20:00:00+00:00,1.1565,1.1577,1.1487,1.149,198533.0
2026-07-21 21:00:00+00:00,1.1482,1.1484,1.1456,1.1465,78486.0
2026-07-21 22:00:00+00:00,1.1463,1.1464,1.1398,1.1421,210511.0
2026-07-21 23:00:00+00:00,1.1421,1.1436,1.1382,1.1435,126594.0
2026-07-22 00:00:00+00:00,1.1433,1.1479,1.1425,1.1459,198355.0
2026-07-22 01:00:00+00:00,1.1461,1.1464,1.1423,1.1439,143403.0
2026-07-22 02:00:00+00:00,1.1439,1.1464,1.1409,1.1414,117996.0
2026-07-22 03:00:00+00:00,1.1415,1.142,1.1381,1.1389,147274.0
2026-07-22 04:00:00+00:00,1.1388,1.1424,1.1386,1.1422,119898.0
2026-07-22 05:00:00+00:00,1.1422,1.1423,1.1331,1.1336,326847.0
2026-07-22 06:00:00+00:00,1.1336,1.1344,1.1295,1.1318,249897.0
2026-07-22 07:00:00+00:00,1.1321,1.134,1.1288,1.1308,187502.0
2026-07-22 08:00:00+00:00,1.1315,1.1361,1.1311,1.135,202393.0
2026-07-22 09:00:00+00:00,1.1345,1.1366,1.1324,1.1352,164384.0
2026-07-22 10:00:00+00:00,1.1355,1.1395,1.1342,1.1388,276093.0
2026-07-22 11:00:00+00:00,1.1388,1.1405,1.137,1.1388,244892.0
2026-07-22 12:00:00+00:00,1.1388,1.1389,1.1331,1.1369,286263.0
2026-07-22 13:00:00+00:00,1.1368,1.144,1.1354,1.1433,400509.0
2026-07-22 14:00:00+00:00,1.1431,1.15,1.1362,1.1425,571701.0
2026-07-22 15:00:00+00:00,1.1427,1.156,1.1427,1.1512,521069.0
2026-07-22 16:00:00+00:00,1.1519,1.1576,1.1466,1.1534,320788.0
2026-07-22 17:00:00+00:00,1.1534,1.1538,1.1442,1.1476,174592.0
2026-07-22 18:00:00+00:00,1.1478,1.1488,1.1386,1.142,252341.0
2026-07-22 19:00:00+00:00,1.1422,1.1425,1.1358,1.1374,185984.0
2026-07-22 20:00:00+00:00,1.1365,1.1389,1.134,1.1382,157162.0
2026-07-22 21:00:00+00:00,1.1381,1.1426,1.1379,1.1426,155890.0
2026-07-22 22:00:00+00:00,1.1421,1.143,1.1386,1.1426,21723.0
2026-07-22 23:00:00+00:00,1.142,1.1427,1.1359,1.1422,24317.0
2026-07-23 00:00:00+00:00,1.1421,1.1453,1.1403,1.1411,112004.0
2026-07-23 01:00:00+00:00,1.1407,1.143,1.1378,1.1395,53168.0
2026-07-23 02:00:00+00:00,1.1396,1.1396,1.1338,1.1383,89351.0
2026-07-23 03:00:00+00:00,1.1384,1.1384,1.1332,1.1337,101387.0
2026-07-23 04:00:00+00:00,1.1334,1.1377,1.1324,1.1359,75840.0
2026-07-23 05:00:00+00:00,1.1363,1.138,1.1333,1.1346,85396.0
2026-07-23 06:00:00+00:00,1.1345,1.1372,1.1332,1.1366,72516.0
2026-07-23 07:00:00+00:00,1.1363,1.1363,1.1301,1.1343,153495.0
2026-07-23 08:00:00+00:00,1.1341,1.1368,1.1325,1.136,103469.0
2026-07-23 09:00:00+00:00,1.136,1.1374,1.1326,1.1326,127914.0
2026-07-23 10:00:00+00:00,1.1331,1.1366,1.1314,1.1347,227931.0
2026-07-23 11:00:00+00:00,1.1351,1.1366,1.1316,1.1329,170668.0
2026-07-23 12:00:00+00:00,1.1329,1.134,1.1196,1.122,814558.0
2026-07-23 13:00:00+00:00,1.1218,1.122,1.1115,1.1117,739468.0
2026-07-23 14:00:00+00:00,1.1116,1.116,1.1083,1.1103,460961.0
2026-07-23 15:00:00+00:00,1.1102,1.1145,1.104,1.1127,915895.0
2026-07-23 16:00:00+00:00,1.1127,1.1129,1.1076,1.1088,193701.0
2026-07-23 17:00:00+00:00,1.1086,1.1105,1.1006,1.1034,414805.0
2026-07-23 18:00:00+00:00,1.1034,1.1068,1.1025,1.1053,300633.0
2026-07-23 19:00:00+00:00,1.106,1.1072,1.1026,1.105,166932.0
2026-07-23 20:00:00+00:00,1.1053,1.1133,1.1052,1.1128,174918.0
2026-07-23 21:00:00+00:00,1.1135,1.1144,1.1096,1.1101,70135.0
2026-07-23 22:00:00+00:00,1.1095,1.1134,1.1083,1.1126,32914.0
2026-07-23 23:00:00+00:00,1.1131,1.1131,1.1068,1.108,20285.0
2026-07-24 00:00:00+00:00,1.108,1.1089,1.1042,1.1075,158790.0
2026-07-24 01:00:00+00:00,1.1077,1.111,1.107,1.1097,52702.0
2026-07-24 02:00:00+00:00,1.1092,1.11,1.1048,1.1067,78528.0
2026-07-24 03:00:00+00:00,1.107,1.1125,1.1061,1.1111,142505.0
2026-07-24 04:00:00+00:00,1.1112,1.1112,1.1063,1.107,173281.0
2026-07-24 05:00:00+00:00,1.1073,1.1108,1.1065,1.1099,115234.0
2026-07-24 06:00:00+00:00,1.1102,1.115,1.1097,1.114,257090.0
2026-07-24 07:00:00+00:00,1.114,1.1215,1.1109,1.1139,522129.0
2026-07-24 08:00:00+00:00,1.114,1.1151,1.1115,1.112,99971.0
2026-07-24 09:00:00+00:00,1.1121,1.1126,1.1079,1.1086,258706.0
2026-07-24 10:00:00+00:00,1.1085,1.1091,1.105,1.1072,273296.0
2026-07-24 11:00:00+00:00,1.1072,1.1076,1.1018,1.1037,291877.0
2026-07-24 12:00:00+00:00,1.1038,1.1057,1.1,1.1,287293.0
2026-07-24 13:00:00+00:00,1.1,1.1007,1.0888,1.0925,698225.0
2026-07-24 14:00:00+00:00,1.0928,1.0938,1.0868,1.0928,402408.0
2026-07-24 15:00:00+00:00,1.0927,1.0945,1.0884,1.0915,352543.0
2026-07-24 16:00:00+00:00,1.0911,1.0923,1.0857,1.0868,303861.0
2026-07-24 17:00:00+00:00,1.0867,1.091,1.0857,1.0894,206950.0
2026-07-24 18:00:00+00:00,1.0894,1.0894,1.0849,1.0874,211843.0
2026-07-24 19:00:00+00:00,1.0876,1.0907,1.0852,1.0896,160132.0
2026-07-24 20:00:00+00:00,1.09,1.0924,1.0894,1.0912,124653.0
2026-07-24 21:00:00+00:00,1.0911,1.0918,1.0887,1.0887,33692.0
2026-07-24 22:00:00+00:00,1.089,1.0931,1.089,1.0921,42102.0
2026-07-24 23:00:00+00:00,1.0926,1.0934,1.0913,1.0921,23062.0
2026-07-25 00:00:00+00:00,1.0922,1.0942,1.0917,1.0941,54824.0
2026-07-25 01:00:00+00:00,1.0943,1.0954,1.0925,1.0929,97397.0
2026-07-25 02:00:00+00:00,1.0937,1.0952,1.0916,1.0934,72929.0
2026-07-25 03:00:00+00:00,1.093,1.0946,1.0916,1.0918,106567.0
2026-07-25 04:00:00+00:00,1.0915,1.0948,1.0914,1.0936,71174.0
2026-07-25 05:00:00+00:00,1.0936,1.0943,1.0902,1.0918,68118.0
2026-07-25 06:00:00+00:00,1.0918,1.0927,1.088,1.0898,181164.0
2026-07-25 07:00:00+00:00,1.0898,1.0903,1.0873,1.0882,121861.0
2026-07-25 08:00:00+00:00,1.0881,1.0892,1.0857,1.0871,161671.0
2026-07-25 09:00:00+00:00,1.0872,1.09,1.0863,1.0888,52515.0
2026-07-25 10:00:00+00:00,1.089,1.0912,1.0887,1.0912,77862.0
2026-07-25 11:00:00+00:00,1.0909,1.0919,1.0894,1.0903,65692.0
2026-07-25 12:00:00+00:00,1.0903,1.0915,1.0894,1.0915,93084.0
2026-07-25 13:00:00+00:00,1.0915,1.0937,1.0909,1.0914,111208.0
2026-07-25 14:00:00+00:00,1.0916,1.0942,1.0906,1.0939,110599.0
2026-07-25 15:00:00+00:00,1.0937,1.1006,1.0934,1.0985,601329.0
2026-07-25 16:00:00+00:00,1.0987,1.1038,1.0976,1.1028,248521.0
2026-07-25 17:00:00+00:00,1.103,1.1082,1.1013,1.1035,276627.0
2026-07-25 18:00:00+00:00,1.1039,1.1063,1.1018,1.1029,97437.0
2026-07-25 19:00:00+00:00,1.1029,1.1033,1.0994,1.1007,140629.0
2026-07-25 20:00:00+00:00,1.1008,1.1014,1.0984,1.0989,59854.0
2026-07-25 21:00:00+00:00,1.0989,1.1009,1.0975,1.0995,66668.0
2026-07-25 22:00:00+00:00,1.0996,1.1015,1.0989,1.1007,21326.0
2026-07-25 23:00:00+00:00,1.1004,1.1014,1.098,1.0983,40796.0
2026-07-26 00:00:00+00:00,1.0978,1.1007,1.0971,1.0995,64282.0
2026-07-26 01:00:00+00:00,1.1002,1.1012,1.0993,1.1002,68165.0
2026-07-26 02:00:00+00:00,1.1002,1.1015,1.0987,1.101,37347.0
2026-07-26 03:00:00+00:00,1.101,1.1027,1.0996,1.1018,139411.0
2026-07-26 04:00:00+00:00,1.1022,1.105,1.0997,1.1025,185376.0
2026-07-26 05:00:00+00:00,1.1022,1.1022,1.099,1.0999,105525.0
2026-07-26 06:00:00+00:00,1.0996,1.1011,1.0956,1.1004,374463.0
2026-07-26 07:00:00+00:00,1.1005,1.1014,1.0982,1.099,113214.0
2026-07-26 08:00:00+00:00,1.0986,1.1001,1.0986,1.0996,108264.0
2026-07-26 09:00:00+00:00,1.1,1.1016,1.0991,1.1002,189094.0
2026-07-26 10:00:00+00:00,1.1002,1.1022,1.0992,1.1008,70358.0
2026-07-26 11:00:00+00:00,1.1009,1.1015,1.1002,1.101,82112.0
2026-07-26 12:00:00+00:00,1.1008,1.1034,1.0987,1.0987,213991.0
2026-07-26 13:00:00+00:00,1.099,1.0993,1.0965,1.0982,153624.0
2026-07-26 14:00:00+00:00,1.0982,1.1019,1.0965,1.1002,180867.0
2026-07-26 15:00:00+00:00,1.1005,1.1058,1.0998,1.1046,279447.0
2026-07-26 16:00:00+00:00,1.1049,1.1073,1.1023,1.1036,375594.0
2026-07-26 17:00:00+00:00,1.1034,1.1038,1.1012,1.1024,275827.0
2026-07-26 18:00:00+00:00,1.1022,1.1034,1.101,1.1031,123923.0
2026-07-26 19:00:00+00:00,1.1032,1.1038,1.1018,1.1027,40601.0
2026-07-26 20:00:00+00:00,1.1027,1.1031,1.101,1.101,16456.0
2026-07-26 21:00:00+00:00,1.101,1.1057,1.1002,1.1039,140948.0
2026-07-26 22:00:00+00:00,1.1059,1.114,1.1059,1.1122,268810.0
2026-07-26 23:00:00+00:00,1.1131,1.1169,1.1106,1.1132,256158.0
2026-07-27 00:00:00+00:00,1.1137,1.1137,1.1082,1.109,156851.0
2026-07-27 01:00:00+00:00,1.1093,1.1107,1.1027,1.1084,165525.0
2026-07-27 02:00:00+00:00,1.1086,1.1091,1.1054,1.1061,212790.0
2026-07-27 03:00:00+00:00,1.1063,1.1087,1.1043,1.108,201980.0
2026-07-27 04:00:00+00:00,1.1081,1.1105,1.106,1.107,187506.0
2026-07-27 05:00:00+00:00,1.1067,1.1111,1.1063,1.1107,128089.0
2026-07-27 06:00:00+00:00,1.111,1.1158,1.1102,1.1117,310323.0
2026-07-27 07:00:00+00:00,1.1113,1.1122,1.107,1.1078,131414.0
2026-07-27 08:00:00+00:00,1.108,1.1085,1.1056,1.1073,205373.0
2026-07-27 09:00:00+00:00,1.1068,1.1097,1.104,1.1086,166642.0
2026-07-27 10:00:00+00:00,1.1083,1.11,1.1072,1.1084,84454.0
2026-07-27 11:00:00+00:00,1.108,1.1104,1.1045,1.1054,290167.0
2026-07-27 12:00:00+00:00,1.1053,1.1075,1.0992,1.1054,357326.0
2026-07-27 13:00:00+00:00,1.105,1.1146,1.1025,1.1078,434614.0
2026-07-27 14:00:00+00:00,1.1081,1.1088,1.0856,1.0909,899581.0
2026-07-27 15:00:00+00:00,1.0906,1.0923,1.0861,1.0864,375671.0
2026-07-27 16:00:00+00:00,1.0863,1.0959,1.0859,1.0938,418618.0
2026-07-27 17:00:00+00:00,1.0938,1.0965,1.0916,1.0942,253723.0
2026-07-27 18:00:00+00:00,1.0942,1.0953,1.087,1.0904,166980.0
2026-07-27 19:00:00+00:00,1.0904,1.0956,1.0886,1.0928,171674.0
2026-07-27 20:00:00+00:00,1.0932,1.0937,1.0893,1.0909,18761.0
2026-07-27 21:00:00+00:00,1.0904,1.0919,1.0864,1.0871,18840.0
2026-07-27 22:00:00+00:00,1.0867,1.0867,1.0661,1.0687,517678.0
2026-07-27 23:00:00+00:00,1.0663,1.0692,1.063,1.0658,538820.0
2026-07-28 00:00:00+00:00,1.0661,1.0661,1.0583,1.0592,514387.0
2026-07-28 01:00:00+00:00,1.059,1.0625,1.0546,1.0576,283470.0
2026-07-28 02:00:00+00:00,1.0574,1.0599,1.0559,1.0578,124974.0
2026-07-28 03:00:00+00:00,1.0577,1.0607,1.0571,1.0584,141542.0
2026-07-28 04:00:00+00:00,1.0582,1.0588,1.056,1.0565,128288.0
2026-07-28 05:00:00+00:00,1.0569,1.0612,1.0564,1.0582,286331.0
2026-07-28 06:00:00+00:00,1.0579,1.0607,1.0558,1.0601,133756.0
2026-07-28 07:00:00+00:00,1.0601,1.0606,1.0543,1.0561,287677.0
2026-07-28 08:00:00+00:00,1.0561,1.0578,1.0542,1.0567,235593.0
2026-07-28 09:00:00+00:00,1.0567,1.0603,1.0555,1.0565,148060.0
2026-07-28 10:00:00+00:00,1.0557,1.0575,1.0534,1.0556,352165.0
2026-07-28 11:00:00+00:00,1.0555,1.0555,1.0486,1.05,605552.0
2026-07-28 12:00:00+00:00,1.0495,1.0547,1.0486,1.054,287232.0
2026-07-28 13:00:00+00:00,1.0546,1.0561,1.0455,1.0514,524368.0
2026-07-28 14:00:00+00:00,1.0515,1.0561,1.0468,1.0545,354577.0
2026-07-28 15:00:00+00:00,1.0544,1.0681,1.0522,1.0656,836347.0
2026-07-28 16:00:00+00:00,1.0655,1.0668,1.0622,1.0642,447303.0
2026-07-28 17:00:00+00:00,1.0637,1.0642,1.0555,1.058,374676.0
2026-07-28 18:00:00+00:00,1.0585,1.0607,1.0557,1.0583,284870.0
2026-07-28 19:00:00+00:00,1.0586,1.0636,1.0574,1.0616,293878.0
2026-07-28 20:00:00+00:00,1.0622,1.0641,1.0606,1.0637,106566.0
2026-07-28 21:00:00+00:00,1.0638,1.07,1.0638,1.0691,133803.0
2026-07-28 22:00:00+00:00,1.0685,1.071,1.0636,1.0644,121221.0
2026-07-28 23:00:00+00:00,1.0636,1.07,1.0594,1.0689,164639.0
2026-07-29 00:00:00+00:00,1.07,1.0808,1.0693,1.0795,388411.0
2026-07-29 01:00:00+00:00,1.0795,1.0814,1.0717,1.0724,146862.0
2026-07-29 02:00:00+00:00,1.072,1.083,1.0704,1.0793,235707.0
2026-07-29 03:00:00+00:00,1.0801,1.0813,1.0714,1.0717,261007.0
2026-07-29 04:00:00+00:00,1.0715,1.0814,1.0682,1.0814,356926.0
2026-07-29 05:00:00+00:00,1.0812,1.0915,1.0808,1.0862,578094.0
2026-07-29 06:00:00+00:00,1.0862,1.0904,1.0832,1.0881,273907.0
2026-07-29 07:00:00+00:00,1.0884,1.0909,1.0869,1.0908,292431.0
2026-07-29 08:00:00+00:00,1.0909,1.092,1.0855,1.0874,193139.0
2026-07-29 09:00:00+00:00,1.0874,1.0942,1.0874,1.0887,218663.0
2026-07-29 10:00:00+00:00,1.0887,1.0905,1.0867,1.0879,161939.0
2026-07-29 11:00:00+00:00,1.0881,1.0895,1.0843,1.0846,209483.0
2026-07-29 12:00:00+00:00,1.0846,1.0848,1.0755,1.0784,443017.0
2026-07-29 13:00:00+00:00,1.0785,1.0791,1.0713,1.0762,560551.0
2026-07-29 14:00:00+00:00,1.0763,1.0771,1.0699,1.0726,405210.0
2026-07-29 15:00:00+00:00,1.0725,1.0742,1.067,1.0683,421882.0
2026-07-29 16:00:00+00:00,1.0685,1.0728,1.0665,1.0704,256230.0
2026-07-29 17:00:00+00:00,1.0704,1.0812,1.0702,1.0807,386832.0
2026-07-29 18:00:00+00:00,1.0804,1.0913,1.0765,1.0873,1176844.0
2026-07-29 19:00:00+00:00,1.0878,1.0901,1.0681,1.0699,733487.0
2026-07-29 20:00:00+00:00,1.07,1.0711,1.0624,1.0667,382407.0
2026-07-29 21:00:00+00:00,1.0657,1.0792,1.065,1.0757,111838.0
2026-07-29 22:00:00+00:00,1.0755,1.0795,1.0741,1.075,23114.0
2026-07-29 23:00:00+00:00,1.0743,1.0756,1.0712,1.074,16547.0
2026-07-30 00:00:00+00:00,1.0744,1.077,1.0689,1.0702,56276.0
2026-07-30 01:00:00+00:00,1.0707,1.0816,1.0704,1.0792,124452.0
2026-07-30 02:00:00+00:00,1.079,1.0808,1.0755,1.0757,113570.0
2026-07-30 03:00:00+00:00,1.0757,1.0785,1.0747,1.0751,103768.0
2026-07-30 04:00:00+00:00,1.0759,1.0767,1.0733,1.0748,171443.0
2026-07-30 05:00:00+00:00,1.0742,1.0786,1.0726,1.0768,203199.0
2026-07-30 06:00:00+00:00,1.077,1.078,1.0731,1.0738,89823.0
2026-07-30 07:00:00+00:00,1.0739,1.0802,1.0739,1.0771,190651.0
2026-07-30 08:00:00+00:00,1.0773,1.0813,1.0752,1.0789,193518.0
2026-07-30 09:00:00+00:00,1.0786,1.0832,1.0786,1.0812,206785.0
2026-07-30 10:00:00+00:00,1.0812,1.083,1.0783,1.0797,215150.0
2026-07-30 11:00:00+00:00,1.0797,1.0853,1.0788,1.0841,198460.0
2026-07-30 12:00:00+00:00,1.0845,1.0864,1.0822,1.0842,252987.0
2026-07-30 13:00:00+00:00,1.0836,1.0891,1.08,1.0858,288921.0
2026-07-30 14:00:00+00:00,1.0858,1.091,1.0819,1.0878,233728.0
2026-07-30 15:00:00+00:00,1.0878,1.0955,1.0859,1.0924,361401.0
2026-07-30 16:00:00+00:00,1.0924,1.0944,1.0888,1.0904,153899.0
2026-07-30 17:00:00+00:00,1.0904,1.0935,1.0875,1.0915,343275.0
2026-07-30 18:00:00+00:00,1.0912,1.0929,1.0852,1.0856,191852.0
2026-07-30 19:00:00+00:00,1.0859,1.0913,1.0852,1.0901,93007.0
2026-07-30 20:00:00+00:00,1.0899,1.0927,1.0855,1.0859,61283.0
2026-07-30 21:00:00+00:00,1.0862,1.0867,1.0843,1.0851,41002.0
2026-07-30 22:00:00+00:00,1.0842,1.0891,1.084,1.0865,103420.0
2026-07-30 23:00:00+00:00,1.086,1.0902,1.0827,1.0834,27598.0
2026-07-31 00:00:00+00:00,1.0835,1.0856,1.0814,1.0821,162033.0
2026-07-31 01:00:00+00:00,1.0835,1.0903,1.0794,1.0808,190907.0
2026-07-31 02:00:00+00:00,1.0814,1.0829,1.0791,1.0809,82848.0
2026-07-31 03:00:00+00:00,1.0809,1.0834,1.0782,1.0818,103093.0
2026-07-31 04:00:00+00:00,1.0816,1.083,1.081,1.0821,74797.0
2026-07-31 05:00:00+00:00,1.0825,1.0837,1.0793,1.0808,81038.0
2026-07-31 06:00:00+00:00,1.0806,1.0846,1.0796,1.0809,129936.0
2026-07-31 07:00:00+00:00,1.0804,1.0804,1.074,1.0798,470829.0
2026-07-31 08:00:00+00:00,1.0797,1.0808,1.0758,1.0772,153726.0
2026-07-31 09:00:00+00:00,1.0776,1.0779,1.0716,1.0723,194204.0
2026-07-31 10:00:00+00:00,1.0723,1.0753,1.0711,1.0741,140479.0
2026-07-31 11:00:00+00:00,1.074,1.0763,1.0714,1.0731,156803.0
2026-07-31 12:00:00+00:00,1.0731,1.0731,1.0705,1.0724,155109.0
2026-07-31 13:00:00+00:00,1.073,1.0746,1.066,1.0667,308887.0
2026-07-31 14:00:00+00:00,1.0664,1.0681,1.0573,1.0634,906953.0
2026-07-31 15:00:00+00:00,1.0632,1.0655,1.0584,1.061,298936.0
2026-07-31 16:00:00+00:00,1.061,1.0643,1.0603,1.064,118620.0
2026-07-31 17:00:00+00:00,1.064,1.0714,1.0639,1.0701,692726.0
2026-07-31 18:00:00+00:00,1.0698,1.0708,1.0636,1.0658,219620.0
2026-07-31 19:00:00+00:00,1.0661,1.0668,1.0612,1.0615,111887.0
2026-07-31 20:00:00+00:00,1.0616,1.0653,1.0616,1.0619,49624.0
2026-07-31 21:00:00+00:00,1.0624,1.0657,1.0596,1.0608,80126.0
2026-07-31 22:00:00+00:00,1.0609,1.0647,1.06,1.0624,60716.0
2026-07-31 23:00:00+00:00,1.0626,1.0637,1.0612,1.0619,23585.0
2026-08-01 00:00:00+00:00,1.0628,1.0641,1.0622,1.0622,93821.0
2026-08-01 01:00:00+00:00,1.0646,1.0657,1.0642,1.0654,53225.0
2026-08-01 02:00:00+00:00,1.0655,1.0673,1.0655,1.0662,242589.0
2026-08-01 03:00:00+00:00,1.0662,1.0668,1.0645,1.0665,41198.0
2026-08-01 04:00:00+00:00,1.0662,1.0677,1.0657,1.0671,63286.0
2026-08-01 05:00:00+00:00,1.0671,1.0673,1.0628,1.0642,188187.0
2026-08-01 06:00:00+00:00,1.0645,1.0656,1.0634,1.0644,94288.0
2026-08-01 07:00:00+00:00,1.0641,1.0646,1.0616,1.0625,86827.0
2026-08-01 08:00:00+00:00,1.0626,1.0633,1.0616,1.063,87381.0
2026-08-01 09:00:00+00:00,1.0626,1.0637,1.0615,1.0615,127649.0
2026-08-01 10:00:00+00:00,1.0619,1.0641,1.0601,1.0626,163444.0
2026-08-01 11:00:00+00:00,1.0629,1.0641,1.062,1.0641,49299.0
2026-08-01 12:00:00+00:00,1.0642,1.0653,1.0635,1.0649,111967.0
2026-08-01 13:00:00+00:00,1.0649,1.0653,1.0633,1.0641,82284.0
2026-08-01 14:00:00+00:00,1.0637,1.0665,1.0637,1.0665,106536.0
2026-08-01 15:00:00+00:00,1.0665,1.0667,1.063,1.063,103583.0
2026-08-01 16:00:00+00:00,1.063,1.0649,1.0599,1.061,296911.0
2026-08-01 17:00:00+00:00,1.0615,1.0623,1.0574,1.0595,296189.0
2026-08-01 18:00:00+00:00,1.059,1.0603,1.0474,1.0536,696617.0
2026-08-01 19:00:00+00:00,1.0537,1.0548,1.0516,1.0524,105184.0
2026-08-01 20:00:00+00:00,1.0521,1.0565,1.0518,1.0559,68285.0
2026-08-01 21:00:00+00:00,1.0556,1.0613,1.0555,1.0605,182486.0
2026-08-01 22:00:00+00:00,1.0606,1.0627,1.0599,1.0611,39732.0
2026-08-01 23:00:00+00:00,1.0613,1.0622,1.0597,1.061,12932.0
2026-08-02 00:00:00+00:00,1.0621,1.0631,1.0612,1.0626,50059.0
2026-08-02 01:00:00+00:00,1.0629,1.0688,1.0629,1.0669,204876.0
2026-08-02 02:00:00+00:00,1.0666,1.0767,1.0665,1.0767,451158.0
2026-08-02 03:00:00+00:00,1.0765,1.0808,1.075,1.0776,263259.0
2026-08-02 04:00:00+00:00,1.0778,1.0845,1.0772,1.0821,384210.0
2026-08-02 05:00:00+00:00,1.0825,1.0848,1.0808,1.0833,208473.0
2026-08-02 06:00:00+00:00,1.0845,1.0863,1.0817,1.0828,185641.0
2026-08-02 07:00:00+00:00,1.0831,1.0856,1.0823,1.0839,138080.0
2026-08-02 08:00:00+00:00,1.0843,1.0849,1.0791,1.0801,201050.0
2026-08-02 09:00:00+00:00,1.0806,1.0843,1.0769,1.0833,322180.0
2026-08-02 10:00:00+00:00,1.0832,1.0832,1.0797,1.0813,102633.0
2026-08-02 11:00:00+00:00,1.0815,1.0831,1.0787,1.08,147149.0
2026-08-02 12:00:00+00:00,1.0808,1.0819,1.0777,1.0777,140625.0
2026-08-02 13:00:00+00:00,1.0777,1.0819,1.0775,1.0811,84316.0
2026-08-02 14:00:00+00:00,1.0812,1.0836,1.08,1.0817,138550.0
2026-08-02 15:00:00+00:00,1.0821,1.0832,1.0801,1.0804,170360.0
2026-08-02 16:00:00+00:00,1.0807,1.0822,1.0778,1.0809,262537.0
2026-08-02 17:00:00+00:00,1.0808,1.0837,1.0805,1.0826,120889.0
2026-08-02 18:00:00+00:00,1.0821,1.0874,1.081,1.0816,272755.0
2026-08-02 19:00:00+00:00,1.0818,1.0832,1.0803,1.0821,91664.0
2026-08-02 20:00:00+00:00,1.0821,1.0825,1.0805,1.0815,29494.0
2026-08-02 21:00:00+00:00,1.0816,1.0904,1.0816,1.0871,194191.0
2026-08-02 22:00:00+00:00,1.0888,1.0936,1.0858,1.0858,108844.0
2026-08-02 23:00:00+00:00,1.0856,1.0875,1.0833,1.0871,87330.0
2026-08-03 00:00:00+00:00,1.0873,1.0884,1.0803,1.0812,107795.0
2026-08-03 01:00:00+00:00,1.0808,1.0819,1.0751,1.0758,214962.0
2026-08-03 02:00:00+00:00,1.0754,1.0775,1.0733,1.0742,153608.0
2026-08-03 03:00:00+00:00,1.0741,1.0747,1.0685,1.0714,224313.0
2026-08-03 04:00:00+00:00,1.0715,1.0739,1.0703,1.0704,95515.0
2026-08-03 05:00:00+00:00,1.0704,1.0734,1.0703,1.0726,52500.0
2026-08-03 06:00:00+00:00,1.0728,1.0735,1.0682,1.0685,168750.0
2026-08-03 07:00:00+00:00,1.0684,1.0701,1.0665,1.0682,112429.0
2026-08-03 08:00:00+00:00,1.0682,1.069,1.063,1.0677,252871.0
2026-08-03 09:00:00+00:00,1.0678,1.0726,1.067,1.0721,201135.0
2026-08-03 10:00:00+00:00,1.0725,1.0726,1.0686,1.0706,118892.0
2026-08-03 11:00:00+00:00,1.0708,1.0708,1.0639,1.0648,187740.0
2026-08-03 12:00:00+00:00,1.0645,1.0669,1.0644,1.0665,145790.0
2026-08-03 13:00:00+00:00,1.0662,1.0765,1.0656,1.0764,531384.0
2026-08-03 14:00:00+00:00,1.0765,1.0839,1.0729,1.083,664802.0
2026-08-03 15:00:00+00:00,1.0825,1.0877,1.0785,1.0844,347138.0
2026-08-03 16:00:00+00:00,1.0845,1.0854,1.0795,1.0822,195327.0
2026-08-03 17:00:00+00:00,1.0825,1.0852,1.0803,1.0818,108520.0
2026-08-03 18:00:00+00:00,1.0818,1.0848,1.0809,1.0822,87745.0
2026-08-03 19:00:00+00:00,1.0827,1.0836,1.0791,1.0802,123754.0
2026-08-03 20:00:00+00:00,1.0807,1.0844,1.0796,1.0841,40335.0
2026-08-03 21:00:00+00:00,1.0844,1.0846,1.0805,1.0806,66004.0
2026-08-03 22:00:00+00:00,1.0806,1.0806,1.0744,1.0766,170067.0
2026-08-03 23:00:00+00:00,1.0757,1.0763,1.0735,1.076,48737.0
2026-08-04 00:00:00+00:00,1.0755,1.077,1.0702,1.0706,154891.0
2026-08-04 01:00:00+00:00,1.0711,1.0795,1.0702,1.0784,259048.0
2026-08-04 02:00:00+00:00,1.0787,1.081,1.0752,1.0786,68533.0
2026-08-04 03:00:00+00:00,1.0787,1.0792,1.0745,1.0777,169760.0
2026-08-04 04:00:00+00:00,1.0776,1.0825,1.0765,1.0797,114066.0
2026-08-04 05:00:00+00:00,1.0797,1.0806,1.0765,1.0766,108770.0
2026-08-04 06:00:00+00:00,1.0766,1.0777,1.073,1.0744,232103.0
2026-08-04 07:00:00+00:00,1.0741,1.08,1.072,1.0786,206756.0
2026-08-04 08:00:00+00:00,1.0794,1.0803,1.0742,1.0751,77466.0
2026-08-04 09:00:00+00:00,1.0749,1.0754,1.0727,1.0735,87132.0
2026-08-04 10:00:00+00:00,1.0735,1.0777,1.0707,1.0756,250453.0
2026-08-04 11:00:00+00:00,1.0752,1.0795,1.0743,1.0793,130361.0
2026-08-04 12:00:00+00:00,1.0788,1.0798,1.0758,1.0769,180072.0
2026-08-04 13:00:00+00:00,1.0769,1.0791,1.0717,1.0724,304510.0
2026-08-04 14:00:00+00:00,1.0722,1.0774,1.0711,1.0765,286156.0
2026-08-04 15:00:00+00:00,1.0763,1.0808,1.0726,1.0778,340126.0
2026-08-04 16:00:00+00:00,1.0773,1.0779,1.0737,1.0746,126854.0
2026-08-04 17:00:00+00:00,1.0748,1.0786,1.0728,1.074,174366.0
2026-08-04 18:00:00+00:00,1.074,1.0803,1.0738,1.0775,164417.0
2026-08-04 19:00:00+00:00,1.0775,1.0831,1.0763,1.0808,108263.0
2026-08-04 20:00:00+00:00,1.0804,1.0805,1.0745,1.0779,120721.0
2026-08-04 21:00:00+00:00,1.0783,1.0785,1.0766,1.0766,9296.0
2026-08-04 22:00:00+00:00,1.0753,1.0775,1.0748,1.0763,7146.0
2026-08-04 23:00:00+00:00,1.076,1.0792,1.0737,1.0743,26278.0
2026-08-05 00:00:00+00:00,1.0736,1.0747,1.0695,1.0701,209587.0
2026-08-05 01:00:00+00:00,1.0698,1.0738,1.0684,1.0736,163869.0
2026-08-05 02:00:00+00:00,1.0733,1.0776,1.073,1.0747,164066.0
2026-08-05 03:00:00+00:00,1.0744,1.0752,1.066,1.068,315674.0
2026-08-05 04:00:00+00:00,1.0677,1.0685,1.0667,1.0672,138048.0
2026-08-05 05:00:00+00:00,1.067,1.0733,1.067,1.0701,149774.0
2026-08-05 06:00:00+00:00,1.07,1.0713,1.0687,1.0692,107598.0
2026-08-05 07:00:00+00:00,1.0689,1.0694,1.0642,1.0675,352042.0
2026-08-05 08:00:00+00:00,1.0677,1.0683,1.0655,1.0662,140786.0
2026-08-05 09:00:00+00:00,1.0659,1.0674,1.065,1.065,56276.0
2026-08-05 10:00:00+00:00,1.065,1.0653,1.0616,1.0619,331797.0
2026-08-05 11:00:00+00:00,1.0624,1.0632,1.0604,1.0613,243421.0
2026-08-05 12:00:00+00:00,1.0613,1.0695,1.0611,1.0641,469326.0
2026-08-05 13:00:00+00:00,1.0642,1.0649,1.055,1.0624,589278.0
2026-08-05 14:00:00+00:00,1.0624,1.066,1.0601,1.0657,336652.0
2026-08-05 15:00:00+00:00,1.0654,1.0675,1.061,1.0613,275380.0
2026-08-05 16:00:00+00:00,1.0613,1.0698,1.061,1.0679,456734.0
2026-08-05 17:00:00+00:00,1.0677,1.0726,1.0672,1.071,321245.0
2026-08-05 18:00:00+00:00,1.071,1.0738,1.0691,1.0696,222103.0
2026-08-05 19:00:00+00:00,1.0693,1.0725,1.0689,1.0707,58669.0
2026-08-05 20:00:00+00:00,1.0704,1.073,1.068,1.0707,146524.0
2026-08-05 21:00:00+00:00,1.0704,1.0704,1.0642,1.0659,172485.0
2026-08-05 22:00:00+00:00,1.0649,1.066,1.0624,1.0624,87400.0
2026-08-05 23:00:00+00:00,1.0623,1.0636,1.0608,1.0626,44577.0
2026-08-06 00:00:00+00:00,1.0624,1.064,1.0615,1.0631,122431.0
2026-08-06 01:00:00+00:00,1.0626,1.0628,1.0536,1.0543,271854.0
2026-08-06 02:00:00+00:00,1.0535,1.0553,1.0417,1.0475,678983.0
2026-08-06 03:00:00+00:00,1.047,1.048,1.0417,1.0439,219667.0
2026-08-06 04:00:00+00:00,1.0435,1.0488,1.0398,1.0483,364007.0
2026-08-06 05:00:00+00:00,1.0482,1.0526,1.0482,1.0526,305761.0
2026-08-06 06:00:00+00:00,1.0526,1.0528,1.05,1.0521,153042.0
2026-08-06 07:00:00+00:00,1.0521,1.0524,1.0486,1.0498,131398.0
2026-08-06 08:00:00+00:00,1.0495,1.0584,1.0487,1.0564,331129.0
2026-08-06 09:00:00+00:00,1.0561,1.0571,1.0419,1.0459,646645.0
2026-08-06 10:00:00+00:00,1.0456,1.0479,1.0426,1.0479,240782.0
2026-08-06 11:00:00+00:00,1.0476,1.0523,1.0458,1.0511,226103.0
2026-08-06 12:00:00+00:00,1.051,1.051,1.0466,1.047,128695.0
2026-08-06 13:00:00+00:00,1.0473,1.048,1.043,1.0464,253307.0
2026-08-06 14:00:00+00:00,1.0463,1.0489,1.0426,1.0484,423031.0
2026-08-06 15:00:00+00:00,1.0484,1.0548,1.048,1.0497,348089.0
2026-08-06 16:00:00+00:00,1.0497,1.0505,1.0433,1.046,323303.0
2026-08-06 17:00:00+00:00,1.0464,1.0495,1.0405,1.0421,470368.0
2026-08-06 18:00:00+00:00,1.0418,1.0435,1.0345,1.0363,921516.0
2026-08-06 19:00:00+00:00,1.0363,1.0391,1.0329,1.0353,414327.0
2026-08-06 20:00:00+00:00,1.036,1.0377,1.0328,1.0334,129983.0
2026-08-06 21:00:00+00:00,1.034,1.037,1.0334,1.0361,110924.0
2026-08-06 22:00:00+00:00,1.0352,1.0378,1.0352,1.0378,34106.0
2026-08-06 23:00:00+00:00,1.0376,1.0376,1.0303,1.0351,240775.0
2026-08-07 00:00:00+00:00,1.0354,1.0373,1.0317,1.0366,57417.0
2026-08-07 01:00:00+00:00,1.0366,1.0397,1.0359,1.0385,143561.0
2026-08-07 02:00:00+00:00,1.038,1.0386,1.028,1.031,347656.0
2026-08-07 03:00:00+00:00,1.0307,1.0315,1.0199,1.0217,599842.0
2026-08-07 04:00:00+00:00,1.0214,1.024,1.0184,1.0207,357539.0
2026-08-07 05:00:00+00:00,1.0207,1.0231,1.0153,1.0215,402598.0
2026-08-07 06:00:00+00:00,1.0215,1.0293,1.021,1.0263,305682.0
2026-08-07 07:00:00+00:00,1.0258,1.0296,1.0251,1.0293,231057.0
2026-08-07 08:00:00+00:00,1.0287,1.0326,1.0274,1.0316,287672.0
2026-08-07 09:00:00+00:00,1.0316,1.0379,1.0316,1.0365,497037.0
2026-08-07 10:00:00+00:00,1.0365,1.0378,1.0348,1.0351,146394.0
2026-08-07 11:00:00+00:00,1.0351,1.0375,1.0325,1.0345,502064.0
2026-08-07 12:00:00+00:00,1.0346,1.0437,1.0342,1.0386,945248.0
2026-08-07 13:00:00+00:00,1.0386,1.0419,1.036,1.0366,514031.0
2026-08-07 14:00:00+00:00,1.0365,1.0369,1.0259,1.0273,957153.0
2026-08-07 15:00:00+00:00,1.0275,1.0308,1.0264,1.0284,257787.0
2026-08-07 16:00:00+00:00,1.0285,1.0313,1.0162,1.0163,770166.0
2026-08-07 17:00:00+00:00,1.0162,1.0194,1.0132,1.0171,897713.0
2026-08-07 18:00:00+00:00,1.017,1.0223,1.0149,1.0189,582507.0
2026-08-07 19:00:00+00:00,1.019,1.0262,1.0188,1.0242,352988.0
2026-08-07 20:00:00+00:00,1.024,1.0269,1.0237,1.0258,89809.0
2026-08-07 21:00:00+00:00,1.0263,1.0284,1.0227,1.0235,108255.0
2026-08-07 22:00:00+00:00,1.0238,1.0244,1.0194,1.0213,162620.0
2026-08-07 23:00:00+00:00,1.0211,1.0244,1.0211,1.0214,64628.0
2026-08-08 00:00:00+00:00,1.0212,1.0264,1.0209,1.0254,47898.0
2026-08-08 01:00:00+00:00,1.0254,1.0321,1.0254,1.0308,142305.0
2026-08-08 02:00:00+00:00,1.0307,1.0325,1.0302,1.0312,158128.0
2026-08-08 03:00:00+00:00,1.032,1.0393,1.0316,1.0376,602158.0
2026-08-08 04:00:00+00:00,1.0379,1.0399,1.0346,1.0357,304302.0
2026-08-08 05:00:00+00:00,1.0357,1.0363,1.0323,1.0339,220910.0
2026-08-08 06:00:00+00:00,1.0339,1.0366,1.0332,1.0351,130622.0
2026-08-08 07:00:00+00:00,1.0354,1.0358,1.0334,1.0353,188688.0
2026-08-08 08:00:00+00:00,1.0352,1.0368,1.0341,1.0366,78543.0
2026-08-08 09:00:00+00:00,1.0368,1.0386,1.0359,1.0365,186652.0
2026-08-08 10:00:00+00:00,1.0361,1.0408,1.0359,1.0399,471888.0
2026-08-08 11:00:00+00:00,1.0396,1.0408,1.0371,1.0382,249939.0
2026-08-08 12:00:00+00:00,1.0382,1.0439,1.0376,1.0415,551151.0
2026-08-08 13:00:00+00:00,1.0418,1.0436,1.0407,1.0419,227196.0
2026-08-08 14:00:00+00:00,1.0427,1.0465,1.0422,1.0454,368356.0
2026-08-08 15:00:00+00:00,1.0456,1.0475,1.0428,1.046,218725.0
2026-08-08 16:00:00+00:00,1.046,1.0494,1.0459,1.048,420367.0
2026-08-08 17:00:00+00:00,1.0477,1.0485,1.046,1.0462,200499.0
2026-08-08 18:00:00+00:00,1.0465,1.0465,1.0422,1.0427,368510.0
2026-08-08 19:00:00+00:00,1.0427,1.0444,1.0407,1.0433,260917.0
2026-08-08 20:00:00+00:00,1.0427,1.0441,1.0427,1.043,57679.0
2026-08-08 21:00:00+00:00,1.0435,1.0445,1.043,1.0435,28443.0
2026-08-08 22:00:00+00:00,1.0434,1.0434,1.0394,1.0397,53871.0
2026-08-08 23:00:00+00:00,1.0391,1.0403,1.0378,1.0402,99231.0
2026-08-09 00:00:00+00:00,1.0403,1.0413,1.0383,1.0401,99874.0
2026-08-09 01:00:00+00:00,1.0404,1.0415,1.036,1.0366,199151.0
2026-08-09 02:00:00+00:00,1.0365,1.0374,1.035,1.0358,178183.0
2026-08-09 03:00:00+00:00,1.0356,1.0389,1.0348,1.0379,164157.0
2026-08-09 04:00:00+00:00,1.0375,1.0401,1.0375,1.0381,172094.0
2026-08-09 05:00:00+00:00,1.0381,1.0392,1.035,1.0371,253012.0
2026-08-09 06:00:00+00:00,1.0372,1.0421,1.0367,1.0419,290866.0
2026-08-09 07:00:00+00:00,1.0416,1.0422,1.037,1.0379,231702.0
2026-08-09 08:00:00+00:00,1.0376,1.0399,1.0312,1.034,680297.0
2026-08-09 09:00:00+00:00,1.034,1.0365,1.0329,1.0364,318706.0
2026-08-09 10:00:00+00:00,1.0364,1.0387,1.0361,1.0376,189636.0
2026-08-09 11:00:00+00:00,1.0374,1.0378,1.0358,1.0375,76562.0
2026-08-09 12:00:00+00:00,1.0375,1.0383,1.0358,1.0374,107262.0
2026-08-09 13:00:00+00:00,1.0374,1.0415,1.0374,1.0393,374010.0
2026-08-09 14:00:00+00:00,1.0391,1.0439,1.0387,1.0432,258586.0
2026-08-09 15:00:00+00:00,1.0429,1.0447,1.0419,1.0437,229703.0
2026-08-09 16:00:00+00:00,1.044,1.0464,1.0422,1.0445,493226.0
2026-08-09 17:00:00+00:00,1.0449,1.045,1.0418,1.0418,331132.0
2026-08-09 18:00:00+00:00,1.0418,1.0432,1.0398,1.0406,166830.0
2026-08-09 19:00:00+00:00,1.0404,1.0427,1.0403,1.0426,40827.0
2026-08-09 20:00:00+00:00,1.0425,1.0428,1.0403,1.0428,72680.0
2026-08-09 21:00:00+00:00,1.0425,1.0455,1.0415,1.0435,143716.0
2026-08-09 22:00:00+00:00,1.0424,1.0486,1.036,1.0379,590325.0
2026-08-09 23:00:00+00:00,1.0373,1.0388,1.0285,1.0307,323156.0
2026-08-10 00:00:00+00:00,1.0296,1.0378,1.0282,1.0313,331291.0
2026-08-10 01:00:00+00:00,1.0316,1.0415,1.0287,1.0379,204209.0
2026-08-10 02:00:00+00:00,1.0379,1.0385,1.0289,1.0355,263431.0
2026-08-10 03:00:00+00:00,1.035,1.0369,1.029,1.0314,198613.0
2026-08-10 04:00:00+00:00,1.0315,1.035,1.0296,1.0316,186337.0
2026-08-10 05:00:00+00:00,1.0321,1.037,1.0319,1.0359,191733.0
2026-08-10 06:00:00+00:00,1.0367,1.0393,1.0356,1.0393,193894.0
2026-08-10 07:00:00+00:00,1.0393,1.041,1.0375,1.0378,136908.0
2026-08-10 08:00:00+00:00,1.0379,1.0394,1.0321,1.0346,353512.0
2026-08-10 09:00:00+00:00,1.0344,1.0354,1.0305,1.0312,206189.0
2026-08-10 10:00:00+00:00,1.031,1.0333,1.0306,1.0326,150041.0
2026-08-10 11:00:00+00:00,1.0324,1.0353,1.0314,1.0348,268001.0
2026-08-10 12:00:00+00:00,1.035,1.0365,1.0284,1.0292,546046.0
2026-08-10 13:00:00+00:00,1.0287,1.0303,1.0237,1.0268,695315.0
2026-08-10 14:00:00+00:00,1.0267,1.033,1.0264,1.0274,426239.0
2026-08-10 15:00:00+00:00,1.0271,1.0279,1.021,1.0237,936220.0
2026-08-10 16:00:00+00:00,1.0228,1.0259,1.0174,1.0191,689223.0
2026-08-10 17:00:00+00:00,1.0195,1.0227,1.018,1.0208,361030.0
2026-08-10 18:00:00+00:00,1.0207,1.0215,1.0165,1.0185,220002.0
2026-08-10 19:00:00+00:00,1.0182,1.0243,1.018,1.0209,225055.0
2026-08-10 20:00:00+00:00,1.0214,1.0218,1.0196,1.0199,149112.0
2026-08-10 21:00:00+00:00,1.0191,1.0225,1.017,1.0175,124498.0
2026-08-10 22:00:00+00:00,1.0168,1.0179,1.006,1.012,697107.0
2026-08-10 23:00:00+00:00,1.012,1.0141,1.0108,1.0127,89933.0
2026-08-11 00:00:00+00:00,1.013,1.0138,1.0103,1.0135,147178.0
2026-08-11 01:00:00+00:00,1.013,1.0168,1.0115,1.0163,163467.0
2026-08-11 02:00:00+00:00,1.0161,1.0169,1.0134,1.0138,153453.0
2026-08-11 03:00:00+00:00,1.0137,1.0156,1.0134,1.0152,183728.0
2026-08-11 04:00:00+00:00,1.0151,1.0158,1.0135,1.0136,152055.0
2026-08-11 05:00:00+00:00,1.0136,1.0144,1.0102,1.0103,429510.0
2026-08-11 06:00:00+00:00,1.0106,1.0123,1.0024,1.0067,1049597.0
2026-08-11 07:00:00+00:00,1.0069,1.0079,1.0034,1.0055,369102.0
2026-08-11 08:00:00+00:00,1.0057,1.0073,1.003,1.0067,215816.0
2026-08-11 09:00:00+00:00,1.0067,1.0084,1.0051,1.0075,213843.0
2026-08-11 10:00:00+00:00,1.0078,1.0078,1.0021,1.006,263372.0
2026-08-11 11:00:00+00:00,1.0063,1.0109,1.006,1.0089,281792.0
2026-08-11 12:00:00+00:00,1.0093,1.0101,1.0045,1.0047,287414.0
2026-08-11 13:00:00+00:00,1.0044,1.0108,1.0034,1.0095,416156.0
2026-08-11 14:00:00+00:00,1.0093,1.0119,0.9917,0.9949,1392289.0
2026-08-11 15:00:00+00:00,0.9945,1.0085,0.9942,1.0045,1002462.0
2026-08-11 16:00:00+00:00,1.0043,1.0117,1.0026,1.0104,408921.0
2026-08-11 17:00:00+00:00,1.0103,1.0169,1.0097,1.0147,687674.0
2026-08-11 18:00:00+00:00,1.0148,1.0198,1.0093,1.0133,671350.0
2026-08-11 19:00:00+00:00,1.0134,1.0167,1.01,1.0162,160709.0
2026-08-11 20:00:00+00:00,1.0162,1.0254,1.0162,1.0181,526672.0
2026-08-11 21:00:00+00:00,1.0179,1.027,1.0179,1.025,410402.0
2026-08-11 22:00:00+00:00,1.0255,1.0264,1.0207,1.022,190085.0
2026-08-11 23:00:00+00:00,1.0219,1.0243,1.0196,1.0236,86394.0
2026-08-12 00:00:00+00:00,1.0235,1.0238,1.0217,1.0227,63227.0
2026-08-12 01:00:00+00:00,1.0233,1.0255,1.0228,1.0236,124845.0
2026-08-12 02:00:00+00:00,1.0235,1.026,1.0201,1.0214,179893.0
2026-08-12 03:00:00+00:00,1.022,1.0228,1.0199,1.021,219538.0
2026-08-12 04:00:00+00:00,1.0208,1.0223,1.0199,1.0209,114317.0
2026-08-12 05:00:00+00:00,1.0209,1.024,1.0197,1.0222,230554.0
2026-08-12 06:00:00+00:00,1.0222,1.0223,1.0183,1.0202,246341.0
2026-08-12 07:00:00+00:00,1.0202,1.023,1.0185,1.0211,116481.0
2026-08-12 08:00:00+00:00,1.021,1.0221,1.0175,1.018,192418.0
2026-08-12 09:00:00+00:00,1.0178,1.0264,1.0174,1.0246,370714.0
2026-08-12 10:00:00+00:00,1.0246,1.026,1.0211,1.0221,402801.0
2026-08-12 11:00:00+00:00,1.0218,1.0233,1.0207,1.0232,171554.0
2026-08-12 12:00:00+00:00,1.0233,1.0264,1.0164,1.0178,634502.0
2026-08-12 13:00:00+00:00,1.0179,1.0192,1.014,1.0153,626982.0
2026-08-12 14:00:00+00:00,1.0152,1.0169,1.0089,1.0094,719405.0
2026-08-12 15:00:00+00:00,1.0095,1.0135,1.0086,1.0134,502241.0
2026-08-12 16:00:00+00:00,1.0132,1.0138,1.0088,1.0095,341019.0
2026-08-12 17:00:00+00:00,1.0097,1.0117,1.007,1.011,573461.0
2026-08-12 18:00:00+00:00,1.0109,1.0132,1.0095,1.0099,241399.0
2026-08-12 19:00:00+00:00,1.0098,1.0104,1.0071,1.0081,206074.0
2026-08-12 20:00:00+00:00,1.0081,1.0113,1.0074,1.0097,62459.0
2026-08-12 21:00:00+00:00,1.0108,1.0108,1.0032,1.0054,504554.0
2026-08-12 22:00:00+00:00,1.0049,1.008,1.0033,1.0048,66184.0
2026-08-12 23:00:00+00:00,1.0047,1.0067,1.0012,1.0062,341849.0
2026-08-13 00:00:00+00:00,1.0059,1.0082,1.0033,1.005,153382.0
2026-08-13 01:00:00+00:00,1.0038,1.0066,1.0022,1.0049,137028.0
2026-08-13 02:00:00+00:00,1.0052,1.0079,1.0032,1.0075,141906.0
2026-08-13 03:00:00+00:00,1.0074,1.0136,1.0074,1.0116,234388.0
2026-08-13 04:00:00+00:00,1.0117,1.0131,1.0111,1.0117,197754.0
2026-08-13 05:00:00+00:00,1.0116,1.0157,1.01,1.0146,192695.0
2026-08-13 06:00:00+00:00,1.0142,1.0158,1.0124,1.0154,167202.0
2026-08-13 07:00:00+00:00,1.0151,1.016,1.0137,1.0139,122934.0
2026-08-13 08:00:00+00:00,1.014,1.0142,1.0121,1.0132,371749.0
2026-08-13 09:00:00+00:00,1.0136,1.0136,1.0102,1.0133,277034.0
2026-08-13 10:00:00+00:00,1.013,1.013,1.0067,1.0083,295725.0
2026-08-13 11:00:00+00:00,1.0086,1.0091,1.0034,1.0048,184717.0
2026-08-13 12:00:00+00:00,1.0046,1.0083,1.004,1.0064,161392.0
2026-08-13 13:00:00+00:00,1.0067,1.0104,1.0063,1.0072,382268.0
2026-08-13 14:00:00+00:00,1.0072,1.0115,1.0046,1.0109,451314.0
2026-08-13 15:00:00+00:00,1.0105,1.0124,1.0034,1.0034,401133.0
2026-08-13 16:00:00+00:00,1.0034,1.0084,0.9985,1.0056,756701.0
2026-08-13 17:00:00+00:00,1.0055,1.0093,1.0051,1.0073,327819.0
2026-08-13 18:00:00+00:00,1.0073,1.0115,1.0055,1.0098,265007.0
2026-08-13 19:00:00+00:00,1.0096,1.011,1.0086,1.0107,109994.0
2026-08-13 20:00:00+00:00,1.0107,1.0123,1.0094,1.0096,98502.0
2026-08-13 21:00:00+00:00,1.0095,1.0107,1.0082,1.0088,98205.0
2026-08-13 22:00:00+00:00,1.009,1.0132,1.009,1.0096,167563.0
2026-08-13 23:00:00+00:00,1.0092,1.0099,1.0086,1.0097,24475.0
2026-08-14 00:00:00+00:00,1.01,1.013,1.0098,1.0129,39342.0
2026-08-14 01:00:00+00:00,1.0127,1.0137,1.0109,1.012,87185.0
2026-08-14 02:00:00+00:00,1.012,1.0149,1.0118,1.0118,255602.0
2026-08-14 03:00:00+00:00,1.0118,1.0125,1.0098,1.0101,81205.0
2026-08-14 04:00:00+00:00,1.0103,1.0135,1.0097,1.0097,147708.0
2026-08-14 05:00:00+00:00,1.0097,1.0105,1.0085,1.0102,52406.0
2026-08-14 06:00:00+00:00,1.0105,1.0105,1.006,1.006,202037.0
2026-08-14 07:00:00+00:00,1.006,1.0061,1.0041,1.005,258979.0
2026-08-14 08:00:00+00:00,1.0052,1.0077,1.0044,1.0072,107103.0
2026-08-14 09:00:00+00:00,1.0076,1.0076,1.0015,1.0042,212493.0
2026-08-14 10:00:00+00:00,1.0042,1.0048,1.0027,1.0032,152296.0
2026-08-14 11:00:00+00:00,1.0029,1.0048,1.0019,1.003,78877.0
2026-08-14 12:00:00+00:00,1.0037,1.0038,1.0003,1.0018,202463.0
2026-08-14 13:00:00+00:00,1.0015,1.006,1.001,1.0029,217280.0
2026-08-14 14:00:00+00:00,1.0033,1.0052,1.0012,1.0021,222485.0
2026-08-14 15:00:00+00:00,1.0021,1.0101,1.0015,1.0075,271352.0
2026-08-14 16:00:00+00:00,1.0073,1.0083,1.0014,1.0028,344460.0
2026-08-14 17:00:00+00:00,1.0026,1.0053,0.9991,1.0016,238779.0
2026-08-14 18:00:00+00:00,1.0013,1.0038,0.9988,1.0003,302172.0
2026-08-14 19:00:00+00:00,0.9998,1.0015,0.9987,0.9994,105841.0
2026-08-14 20:00:00+00:00,0.999,1.0004,0.9972,0.999,131850.0
2026-08-14 21:00:00+00:00,0.9992,1.0004,0.9962,0.999,69763.0
2026-08-14 22:00:00+00:00,0.9982,0.9989,0.9872,0.9929,567546.0
2026-08-14 23:00:00+00:00,0.9929,0.9999,0.9926,0.9999,184922.0
2026-08-15 00:00:00+00:00,0.9999,1.0019,0.9984,1.0009,77395.0
2026-08-15 01:00:00+00:00,1.0012,1.0025,1.0002,1.0024,153900.0
2026-08-15 02:00:00+00:00,1.0025,1.0068,1.0025,1.0064,145727.0
2026-08-15 03:00:00+00:00,1.0065,1.0085,1.0045,1.005,215533.0
2026-08-15 04:00:00+00:00,1.0057,1.0071,1.0046,1.0055,203609.0
2026-08-15 05:00:00+00:00,1.006,1.0074,1.0027,1.0051,114056.0
2026-08-15 06:00:00+00:00,1.0051,1.0069,1.004,1.0063,93685.0
2026-08-15 07:00:00+00:00,1.0061,1.0063,1.003,1.0034,81969.0
2026-08-15 08:00:00+00:00,1.0034,1.0044,1.0012,1.0021,152081.0
2026-08-15 09:00:00+00:00,1.0019,1.0035,1.0013,1.0031,88411.0
2026-08-15 10:00:00+00:00,1.0036,1.004,1.0022,1.0034,93090.0
2026-08-15 11:00:00+00:00,1.0035,1.0046,1.0024,1.0031,98072.0
2026-08-15 12:00:00+00:00,1.003,1.0034,1.0015,1.0033,71093.0
2026-08-15 13:00:00+00:00,1.0035,1.0035,1.0019,1.0023,144288.0
2026-08-15 14:00:00+00:00,1.0023,1.0032,1.0001,1.0023,188274.0
2026-08-15 15:00:00+00:00,1.0023,1.0032,1.0017,1.0029,88077.0
2026-08-15 16:00:00+00:00,1.003,1.0039,1.0017,1.0029,279756.0
2026-08-15 17:00:00+00:00,1.0033,1.0043,1.0025,1.0031,97354.0
2026-08-15 18:00:00+00:00,1.0029,1.0034,1.0008,1.0027,79232.0
2026-08-15 19:00:00+00:00,1.0026,1.0046,1.0026,1.0046,48152.0
2026-08-15 20:00:00+00:00,1.0046,1.0048,1.0035,1.0045,51469.0
2026-08-15 21:00:00+00:00,1.0045,1.0058,1.0041,1.005,20398.0
2026-08-15 22:00:00+00:00,1.0046,1.0069,1.0045,1.0048,91659.0
2026-08-15 23:00:00+00:00,1.0049,1.0049,1.0016,1.003,82980.0
2026-08-16 00:00:00+00:00,1.003,1.0033,1.0018,1.0024,13664.0
2026-08-16 01:00:00+00:00,1.002,1.0028,1.0003,1.0015,175051.0
2026-08-16 02:00:00+00:00,1.0016,1.004,1.0004,1.0027,201681.0
2026-08-16 03:00:00+00:00,1.003,1.0036,1.0022,1.0024,200631.0
2026-08-16 04:00:00+00:00,1.0027,1.0027,1.001,1.0015,68783.0
2026-08-16 05:00:00+00:00,1.0013,1.0015,0.9995,1.0009,159236.0
2026-08-16 06:00:00+00:00,1.0009,1.0027,0.9998,1.001,106435.0
2026-08-16 07:00:00+00:00,1.0013,1.0032,1.0008,1.0032,124328.0
2026-08-16 08:00:00+00:00,1.0032,1.0032,1.002,1.0021,67521.0
2026-08-16 09:00:00+00:00,1.0021,1.0033,1.0005,1.0007,176187.0
2026-08-16 10:00:00+00:00,1.0009,1.0011,0.9974,1.0008,216176.0
2026-08-16 11:00:00+00:00,1.0005,1.0012,0.9996,1.0005,62542.0
2026-08-16 12:00:00+00:00,1.0002,1.0016,0.9997,1.0004,42406.0
2026-08-16 13:00:00+00:00,1.0004,1.0016,1.0004,1.0007,38560.0
2026-08-16 14:00:00+00:00,1.0012,1.0018,1.0005,1.0016,67640.0
2026-08-16 15:00:00+00:00,1.0019,1.003,1.0015,1.0025,140382.0
2026-08-16 16:00:00+00:00,1.0026,1.0044,1.0018,1.0034,199088.0
2026-08-16 17:00:00+00:00,1.0036,1.0036,1.0013,1.0013,29254.0
2026-08-16 18:00:00+00:00,1.0013,1.0014,0.9981,0.9998,160400.0
2026-08-16 19:00:00+00:00,0.9997,1.0029,0.9993,1.0016,62988.0
2026-08-16 20:00:00+00:00,1.0014,1.0023,0.9989,0.9995,64353.0
2026-08-16 21:00:00+00:00,0.9996,1.0008,0.9905,0.9962,174125.0
2026-08-16 22:00:00+00:00,0.9951,0.9974,0.9919,0.9942,110914.0
2026-08-16 23:00:00+00:00,0.9947,0.9954,0.9917,0.9939,52288.0
2026-08-17 00:00:00+00:00,0.9936,0.9948,0.9889,0.9938,214271.0
2026-08-17 01:00:00+00:00,0.9938,1.0023,0.9938,0.9992,299669.0
2026-08-17 02:00:00+00:00,0.9996,1.0057,0.9983,1.0032,303401.0
2026-08-17 03:00:00+00:00,1.0035,1.004,1.0015,1.003,216953.0
2026-08-17 04:00:00+00:00,1.0036,1.0048,1.002,1.0024,163006.0
2026-08-17 05:00:00+00:00,1.0028,1.005,1.0015,1.0016,93985.0
2026-08-17 06:00:00+00:00,1.0023,1.008,1.0014,1.0068,245843.0
2026-08-17 07:00:00+00:00,1.0069,1.0072,1.0033,1.0035,192440.0
2026-08-17 08:00:00+00:00,1.0036,1.004,0.9975,0.9984,309558.0
2026-08-17 09:00:00+00:00,0.9985,0.9997,0.9966,0.9972,185284.0
2026-08-17 10:00:00+00:00,0.9972,1.003,0.9969,1.0025,269916.0
2026-08-17 11:00:00+00:00,1.0028,1.0029,1.0006,1.0008,198198.0
2026-08-17 12:00:00+00:00,1.0009,1.0023,0.9974,0.9984,165835.0
2026-08-17 13:00:00+00:00,0.9982,1.0046,0.9972,1.0012,372677.0
2026-08-17 14:00:00+00:00,1.0011,1.0058,0.9987,1.0051,346449.0
2026-08-17 15:00:00+00:00,1.0051,1.0092,1.0027,1.0072,642177.0
2026-08-17 16:00:00+00:00,1.0075,1.0075,1.0034,1.0036,313546.0
2026-08-17 17:00:00+00:00,1.0036,1.0057,1.0005,1.0019,293519.0
2026-08-17 18:00:00+00:00,1.0019,1.004,1.0011,1.0019,191796.0
2026-08-17 19:00:00+00:00,1.002,1.002,0.9999,1.002,132146.0
2026-08-17 20:00:00+00:00,1.0018,1.0059,1.0,1.0043,59575.0
2026-08-17 21:00:00+00:00,1.0048,1.0049,1.0028,1.0028,16726.0
2026-08-17 22:00:00+00:00,1.0029,1.0029,1.0006,1.0006,23297.0
2026-08-17 23:00:00+00:00,1.0005,1.0051,1.0005,1.0035,39376.0
2026-08-18 00:00:00+00:00,1.0036,1.0054,1.0012,1.0033,30129.0
2026-08-18 01:00:00+00:00,1.0034,1.0035,0.9954,0.9969,243225.0
2026-08-18 02:00:00+00:00,0.9967,0.9974,0.9892,0.9911,598202.0
2026-08-18 03:00:00+00:00,0.9907,0.9928,0.9894,0.9914,471762.0
2026-08-18 04:00:00+00:00,0.9913,0.9964,0.9903,0.9954,195804.0
2026-08-18 05:00:00+00:00,0.9954,0.9977,0.9935,0.9959,105147.0
2026-08-18 06:00:00+00:00,0.9956,1.0015,0.9944,0.9988,300225.0
2026-08-18 07:00:00+00:00,0.9991,0.9996,0.9954,0.9968,138821.0
2026-08-18 08:00:00+00:00,0.9971,0.9988,0.9925,0.9976,284448.0
2026-08-18 09:00:00+00:00,0.9974,0.9979,0.995,0.9966,38216.0
2026-08-18 10:00:00+00:00,0.9966,0.9969,0.9952,0.9967,99078.0
2026-08-18 11:00:00+00:00,0.9965,1.003,0.9965,0.9994,128494.0
2026-08-18 12:00:00+00:00,0.9994,1.0,0.9981,0.9986,100192.0
2026-08-18 13:00:00+00:00,0.9984,0.9999,0.9963,0.9988,197624.0
2026-08-18 14:00:00+00:00,0.999,1.0075,0.9975,1.0016,666626.0
2026-08-18 15:00:00+00:00,1.002,1.0055,1.001,1.0043,334138.0
2026-08-18 16:00:00+00:00,1.0047,1.0049,1.0011,1.0029,274630.0
2026-08-18 17:00:00+00:00,1.0031,1.0031,1.0009,1.001,231181.0
2026-08-18 18:00:00+00:00,1.001,1.0033,1.001,1.0018,98946.0
2026-08-18 19:00:00+00:00,1.0016,1.0037,1.0014,1.0032,52212.0
2026-08-18 20:00:00+00:00,1.0036,1.0041,0.9992,1.0009,114871.0
2026-08-18 21:00:00+00:00,1.0005,1.0028,1.0005,1.001,14207.0
2026-08-18 22:00:00+00:00,1.001,1.0025,0.9996,1.0009,16827.0
2026-08-18 23:00:00+00:00,1.0009,1.0041,1.0009,1.0022,19359.0
2026-08-19 00:00:00+00:00,1.0026,1.0026,0.9966,0.9968,102003.0
2026-08-19 01:00:00+00:00,0.9969,1.001,0.9964,0.9994,104276.0
2026-08-19 02:00:00+00:00,0.9995,0.9997,0.9981,0.9991,142401.0
2026-08-19 03:00:00+00:00,0.9991,1.002,0.9982,1.0007,117111.0
2026-08-19 04:00:00+00:00,1.0009,1.0016,1.0,1.001,49901.0
2026-08-19 05:00:00+00:00,1.0006,1.0026,0.9998,1.0006,148871.0
2026-08-19 06:00:00+00:00,1.0003,1.006,0.9995,1.0048,288712.0
2026-08-19 07:00:00+00:00,1.005,1.007,1.0036,1.004,126886.0
2026-08-19 08:00:00+00:00,1.0041,1.0104,1.0037,1.007,409450.0
2026-08-19 09:00:00+00:00,1.0074,1.0085,1.0041,1.0046,146699.0
2026-08-19 10:00:00+00:00,1.0047,1.0061,1.0038,1.0056,242588.0
2026-08-19 11:00:00+00:00,1.0056,1.0072,1.005,1.0063,92883.0
2026-08-19 12:00:00+00:00,1.0065,1.0131,1.006,1.0117,435227.0
2026-08-19 13:00:00+00:00,1.0118,1.0244,1.0106,1.0171,1081326.0
2026-08-19 14:00:00+00:00,1.0175,1.0353,1.0158,1.0336,1259974.0
2026-08-19 15:00:00+00:00,1.0342,1.0746,1.0311,1.0682,2729997.0
2026-08-19 16:00:00+00:00,1.0695,1.0712,1.0644,1.0647,849940.0
2026-08-19 17:00:00+00:00,1.065,1.0653,1.0525,1.0624,1157928.0
2026-08-19 18:00:00+00:00,1.0625,1.0705,1.0564,1.0695,910436.0
2026-08-19 19:00:00+00:00,1.0694,1.0712,1.0648,1.0683,424082.0
2026-08-19 20:00:00+00:00,1.0687,1.1044,1.0687,1.0992,1536523.0
2026-08-19 21:00:00+00:00,1.1006,1.133,1.0966,1.1327,1039450.0
2026-08-19 22:00:00+00:00,1.1331,1.1365,1.1005,1.1033,815853.0
2026-08-19 23:00:00+00:00,1.1031,1.1067,1.0957,1.1061,234199.0
2026-08-20 00:00:00+00:00,1.1058,1.1139,1.1051,1.1081,479228.0
2026-08-20 01:00:00+00:00,1.1079,1.1163,1.1069,1.1127,291824.0
2026-08-20 02:00:00+00:00,1.1125,1.1145,1.0996,1.0996,628871.0
2026-08-20 03:00:00+00:00,1.1005,1.1007,1.0885,1.0945,905450.0
2026-08-20 04:00:00+00:00,1.0945,1.1027,1.0941,1.1008,268000.0
2026-08-20 05:00:00+00:00,1.1006,1.1108,1.1006,1.1051,560526.0
2026-08-20 06:00:00+00:00,1.1048,1.113,1.1011,1.1123,691801.0
2026-08-20 07:00:00+00:00,1.1117,1.1144,1.1084,1.1129,169484.0
2026-08-20 08:00:00+00:00,1.1133,1.1568,1.1121,1.1537,1590013.0
2026-08-20 09:00:00+00:00,1.1542,1.1643,1.1462,1.1504,1456988.0
2026-08-20 10:00:00+00:00,1.1502,1.1675,1.1479,1.1611,1257697.0
2026-08-20 11:00:00+00:00,1.161,1.1965,1.1573,1.1911,3046671.0
2026-08-20 12:00:00+00:00,1.1921,1.1975,1.1785,1.1932,2854781.0
2026-08-20 13:00:00+00:00,1.1936,1.2237,1.1892,1.2204,2818388.0
2026-08-20 14:00:00+00:00,1.2202,1.2472,1.2153,1.2278,4908494.0
2026-08-20 15:00:00+00:00,1.2281,1.2653,1.2262,1.2615,3620938.0
2026-08-20 16:00:00+00:00,1.2618,1.318,1.252,1.3148,5670904.0
2026-08-20 17:00:00+00:00,1.316,1.3448,1.3054,1.3108,7483888.0
2026-08-20 18:00:00+00:00,1.3117,1.3191,1.2292,1.2304,6534679.0
2026-08-20 19:00:00+00:00,1.23,1.2407,1.2207,1.2334,3035185.0
2026-08-20 20:00:00+00:00,1.2333,1.2479,1.2308,1.2436,1165013.0
2026-08-20 21:00:00+00:00,1.245,1.2722,1.2437,1.2587,785264.0
2026-08-20 22:00:00+00:00,1.2581,1.2664,1.2541,1.2573,248027.0
2026-08-20 23:00:00+00:00,1.2568,1.276,1.2559,1.2688,447105.0
2026-08-21 00:00:00+00:00,1.2699,1.2747,1.2593,1.2664,546958.0
2026-08-21 01:00:00+00:00,1.2662,1.3032,1.2647,1.2969,1463236.0
2026-08-21 02:00:00+00:00,1.2973,1.3013,1.2821,1.2897,1246227.0
2026-08-21 03:00:00+00:00,1.29,1.3197,1.2849,1.3093,1789023.0
2026-08-21 04:00:00+00:00,1.309,1.3218,1.2969,1.3152,2261117.0
2026-08-21 05:00:00+00:00,1.3149,1.3151,1.3046,1.3111,1203174.0
2026-08-21 06:00:00+00:00,1.3108,1.3216,1.2971,1.2996,1734449.0
2026-08-21 07:00:00+00:00,1.2987,1.3227,1.2984,1.3151,1857639.0
2026-08-21 08:00:00+00:00,1.3147,1.4009,1.3136,1.4003,4577058.0
2026-08-21 09:00:00+00:00,1.4003,1.4314,1.3386,1.4207,5313710.0
2026-08-21 10:00:00+00:00,1.4209,1.4262,1.3676,1.3853,2846266.0
2026-08-21 11:00:00+00:00,1.3853,1.4051,1.3561,1.3582,3529500.0
2026-08-21 12:00:00+00:00,1.3586,1.3884,1.3485,1.3811,2424243.0
2026-08-21 13:00:00+00:00,1.3826,1.4229,1.3671,1.4173,3117961.0
2026-08-21 14:00:00+00:00,1.4168,1.4191,1.389,1.4001,2335637.0
2026-08-21 15:00:00+00:00,1.4002,1.4203,1.3957,1.4035,2253674.0
2026-08-21 16:00:00+00:00,1.404,1.408,1.3866,1.3998,1949928.0
2026-08-21 17:00:00+00:00,1.4006,1.4146,1.3753,1.3866,2964196.0
2026-08-21 18:00:00+00:00,1.3875,1.4013,1.3689,1.3792,2284855.0
2026-08-21 19:00:00+00:00,1.3789,1.3884,1.3623,1.3725,1312021.0
2026-08-21 20:00:00+00:00,1.3719,1.3837,1.3669,1.3753,492314.0
2026-08-21 21:00:00+00:00,1.3755,1.4107,1.3737,1.4068,525084.0
2026-08-21 22:00:00+00:00,1.4063,1.4527,1.3997,1.4458,1303176.0
2026-08-21 23:00:00+00:00,1.444,1.4767,1.4362,1.4554,998466.0
2026-08-22 00:00:00+00:00,1.456,1.4832,1.4246,1.4611,1469694.0
2026-08-22 01:00:00+00:00,1.4586,1.5125,1.4569,1.4766,2809786.0
2026-08-22 02:00:00+00:00,1.4762,1.5556,1.4758,1.5504,2772886.0
2026-08-22 03:00:00+00:00,1.5482,1.5997,1.5429,1.5652,2941980.0
2026-08-22 04:00:00+00:00,1.5643,1.675,1.554,1.6635,4514432.0
2026-08-22 05:00:00+00:00,1.663,1.7014,1.394,1.527,5302005.0
2026-08-22 06:00:00+00:00,1.5276,1.593,1.5152,1.5792,2584017.0
2026-08-22 07:00:00+00:00,1.5784,1.6277,1.5579,1.5639,2750059.0
2026-08-22 08:00:00+00:00,1.5665,1.5685,1.4863,1.5292,3687155.0
2026-08-22 09:00:00+00:00,1.5288,1.532,1.4913,1.5035,3005283.0
2026-08-22 10:00:00+00:00,1.5044,1.505,1.425,1.4861,4045107.0
2026-08-22 11:00:00+00:00,1.486,1.5014,1.4758,1.4894,1719905.0
2026-08-22 12:00:00+00:00,1.4882,1.53,1.4853,1.5028,2773214.0
2026-08-22 13:00:00+00:00,1.5032,1.5112,1.4891,1.5008,1574226.0
2026-08-22 14:00:00+00:00,1.5011,1.5023,1.4362,1.4528,3422236.0
2026-08-22 15:00:00+00:00,1.4527,1.4564,1.4307,1.4407,2028445.0
2026-08-22 16:00:00+00:00,1.4405,1.4907,1.4351,1.4814,1917912.0
2026-08-22 17:00:00+00:00,1.4827,1.4869,1.4665,1.4813,1588342.0
2026-08-22 18:00:00+00:00,1.4823,1.4992,1.4784,1.4899,1232434.0
2026-08-22 19:00:00+00:00,1.4882,1.5064,1.484,1.5015,836054.0
2026-08-22 20:00:00+00:00,1.5015,1.5164,1.4949,1.5021,1322636.0
2026-08-22 21:00:00+00:00,1.5013,1.5015,1.4524,1.4575,673681.0
2026-08-22 22:00:00+00:00,1.4588,1.4765,1.4474,1.4696,234753.0
2026-08-22 23:00:00+00:00,1.4687,1.4698,1.4521,1.4631,83575.0
2026-08-23 00:00:00+00:00,1.4634,1.52,1.4634,1.5125,610694.0
2026-08-23 01:00:00+00:00,1.514,1.5145,1.486,1.4915,699108.0
2026-08-23 02:00:00+00:00,1.4909,1.495,1.4723,1.4854,759535.0
2026-08-23 03:00:00+00:00,1.4852,1.4944,1.4625,1.4754,1075022.0
2026-08-23 04:00:00+00:00,1.4754,1.4903,1.4462,1.4551,1549707.0
2026-08-23 05:00:00+00:00,1.454,1.479,1.44,1.4478,1502670.0
2026-08-23 06:00:00+00:00,1.4465,1.463,1.4353,1.4447,1361293.0
2026-08-23 07:00:00+00:00,1.4453,1.4747,1.4402,1.4624,1412816.0
2026-08-23 08:00:00+00:00,1.4616,1.4861,1.4585,1.4763,1482184.0
2026-08-23 09:00:00+00:00,1.4747,1.487,1.4681,1.4785,768892.0
2026-08-23 10:00:00+00:00,1.478,1.5031,1.476,1.4763,1084308.0
2026-08-23 11:00:00+00:00,1.4768,1.5047,1.4763,1.4954,1189549.0
2026-08-23 12:00:00+00:00,1.4953,1.4999,1.4845,1.4955,763292.0
2026-08-23 13:00:00+00:00,1.4953,1.5255,1.4945,1.5209,1441356.0
2026-08-23 14:00:00+00:00,1.5206,1.5515,1.4557,1.5161,3378980.0
2026-08-23 15:00:00+00:00,1.517,1.518,1.4874,1.4971,2250906.0
2026-08-23 16:00:00+00:00,1.4983,1.5118,1.495,1.5081,1044466.0
2026-08-23 17:00:00+00:00,1.508,1.5247,1.4996,1.5053,1404365.0
2026-08-23 18:00:00+00:00,1.5056,1.5205,1.5027,1.509,417640.0
2026-08-23 19:00:00+00:00,1.5095,1.5117,1.4887,1.4978,530605.0
2026-08-23 20:00:00+00:00,1.4981,1.5087,1.4911,1.5014,373042.0
2026-08-23 21:00:00+00:00,1.5018,1.5471,1.5018,1.526,534435.0
2026-08-23 22:00:00+00:00,1.5267,1.5323,1.5115,1.5179,349439.0
2026-08-23 23:00:00+00:00,1.5154,1.5308,1.5097,1.5205,287824.0
2026-08-24 00:00:00+00:00,1.5212,1.5235,1.4819,1.5058,560694.0
2026-08-24 01:00:00+00:00,1.5068,1.5074,1.4662,1.4673,646547.0
2026-08-24 02:00:00+00:00,1.4673,1.4949,1.463,1.4873,759058.0
2026-08-24 03:00:00+00:00,1.4879,1.4905,1.4643,1.4658,750749.0
2026-08-24 04:00:00+00:00,1.4657,1.4846,1.4657,1.48,498772.0
2026-08-24 05:00:00+00:00,1.4799,1.4883,1.465,1.4811,760313.0
2026-08-24 06:00:00+00:00,1.4803,1.4914,1.4687,1.4846,672033.0
2026-08-24 07:00:00+00:00,1.4834,1.5046,1.475,1.4757,908561.0
2026-08-24 08:00:00+00:00,1.4759,1.4787,1.4537,1.4609,1710538.0
2026-08-24 09:00:00+00:00,1.4601,1.4859,1.4601,1.4802,1177109.0
2026-08-24 10:00:00+00:00,1.4797,1.4909,1.4777,1.4842,1112942.0
2026-08-24 11:00:00+00:00,1.4836,1.5095,1.4717,1.4982,1852656.0
2026-08-24 12:00:00+00:00,1.498,1.5191,1.482,1.5179,1219879.0
2026-08-24 13:00:00+00:00,1.5175,1.5245,1.4781,1.491,1870985.0
2026-08-24 14:00:00+00:00,1.4909,1.5311,1.4886,1.5112,2628988.0
2026-08-24 15:00:00+00:00,1.5098,1.5299,1.4952,1.5014,1912393.0
2026-08-24 16:00:00+00:00,1.5025,1.5237,1.4983,1.4997,1654096.0
2026-08-24 17:00:00+00:00,1.4995,1.5022,1.4633,1.4771,2552640.0
2026-08-24 18:00:00+00:00,1.4779,1.4911,1.468,1.4734,1433358.0
2026-08-24 19:00:00+00:00,1.4736,1.4869,1.4665,1.4836,918511.0
2026-08-24 20:00:00+00:00,1.4839,1.4852,1.4704,1.4788,137215.0
2026-08-24 21:00:00+00:00,1.4805,1.49,1.4771,1.4828,175672.0
2026-08-24 22:00:00+00:00,1.479,1.4854,1.4773,1.4786,80859.0
2026-08-24 23:00:00+00:00,1.4795,1.4854,1.4676,1.4824,116460.0
2026-08-25 00:00:00+00:00,1.482,1.517,1.4759,1.5083,719313.0
2026-08-25 01:00:00+00:00,1.509,1.5156,1.4969,1.5105,416271.0
2026-08-25 02:00:00+00:00,1.5094,1.5511,1.5051,1.5226,1452407.0
2026-08-25 03:00:00+00:00,1.5221,1.5338,1.5084,1.5142,858117.0
2026-08-25 04:00:00+00:00,1.5139,1.518,1.5047,1.5143,759887.0
2026-08-25 05:00:00+00:00,1.5147,1.5285,1.5123,1.5198,921776.0
2026-08-25 06:00:00+00:00,1.5201,1.5218,1.4974,1.5037,893838.0
2026-08-25 07:00:00+00:00,1.5035,1.5132,1.4755,1.4866,1272888.0
2026-08-25 08:00:00+00:00,1.4866,1.4979,1.4856,1.4912,768681.0
2026-08-25 09:00:00+00:00,1.4912,1.4967,1.4698,1.4806,798969.0
2026-08-25 10:00:00+00:00,1.4805,1.487,1.4774,1.485,695661.0
2026-08-25 11:00:00+00:00,1.4848,1.4878,1.4776,1.4809,609378.0
2026-08-25 12:00:00+00:00,1.4812,1.4839,1.4618,1.4744,1035792.0
2026-08-25 13:00:00+00:00,1.4752,1.477,1.4438,1.4577,1636005.0
2026-08-25 14:00:00+00:00,1.4574,1.4791,1.4541,1.473,1341059.0
2026-08-25 15:00:00+00:00,1.4735,1.4804,1.4652,1.4791,769349.0
2026-08-25 16:00:00+00:00,1.4789,1.484,1.467,1.4722,674250.0
2026-08-25 17:00:00+00:00,1.4726,1.4784,1.4617,1.477,660150.0
2026-08-25 18:00:00+00:00,1.477,1.483,1.4725,1.4775,495300.0
2026-08-25 19:00:00+00:00,1.4766,1.479,1.4657,1.4723,316273.0
2026-08-25 20:00:00+00:00,1.473,1.4737,1.4429,1.4438,631111.0
2026-08-25 21:00:00+00:00,1.444,1.4502,1.405,1.4391,736828.0
2026-08-25 22:00:00+00:00,1.4399,1.453,1.4379,1.4477,398515.0
2026-08-25 23:00:00+00:00,1.4468,1.45,1.428,1.434,336773.0
2026-08-26 00:00:00+00:00,1.4346,1.4373,1.4238,1.4334,280088.0
2026-08-26 01:00:00+00:00,1.4335,1.4475,1.4333,1.4423,255462.0
2026-08-26 02:00:00+00:00,1.4431,1.4511,1.4376,1.4434,402915.0
2026-08-26 03:00:00+00:00,1.4431,1.446,1.4352,1.4402,483340.0
2026-08-26 04:00:00+00:00,1.4397,1.4478,1.4331,1.4349,694099.0
2026-08-26 05:00:00+00:00,1.435,1.447,1.4258,1.4432,648377.0
2026-08-26 06:00:00+00:00,1.4432,1.4475,1.432,1.438,605439.0
2026-08-26 07:00:00+00:00,1.4376,1.4437,1.4327,1.4329,464388.0
2026-08-26 08:00:00+00:00,1.433,1.4411,1.4249,1.4293,462359.0
2026-08-26 09:00:00+00:00,1.4293,1.4334,1.4079,1.41,933893.0
2026-08-26 10:00:00+00:00,1.4094,1.4355,1.4043,1.4315,1285002.0
2026-08-26 11:00:00+00:00,1.4316,1.4322,1.4082,1.4125,870936.0
2026-08-26 12:00:00+00:00,1.4129,1.425,1.3975,1.412,757121.0
