trade_id,asset,direction,bos_time,ob_formation_time,displacement_confirmed_time,retest_time,entry_time,exit_time,bos_time_ist,ob_formation_time_ist,displacement_confirmed_time_ist,retest_time_ist,entry_time_ist,exit_time_ist,ob_high,ob_low,ob_width,ob_width_pct,proximal,distal,entry_price,sl_price,tp_price,entry_to_sl_distance_pct,theoretical_leverage,leverage,displacement_mode,displacement_threshold_value,mfe_from_proximal,mfe_pct,mfe_ob_width_multiples,candles_fully_outside_ob,pre_displacement_touches,entry_bar_from_bos,ob_age_at_entry_hours,retest_number,gross_sl_return_pct,gross_tp_return_pct,fees_usd,net_return_pct,starting_capital,position_notional,gross_pnl_usd,pnl_usd,ending_capital,outcome,reason_for_exit,is_ambiguous,holding_bars,holding_time_hours,realized_r,cumulative_realized_r,data_timeframe,trade_narrative
1,BTCUSD,SHORT,2024-06-19 06:00:00+00:00,2024-06-18 05:00:00+00:00,2024-06-19 07:00:00+00:00,2024-06-20 06:00:00+00:00,2024-06-20 06:00:00+00:00,2024-06-20 07:00:00+00:00,2024-06-19 11:30:00 IST,2024-06-18 10:30:00 IST,2024-06-19 12:30:00 IST,2024-06-20 11:30:00 IST,2024-06-20 11:30:00 IST,2024-06-20 12:30:00 IST,65851.0,65561.0,290.0,0.4418,65561.0,65851.0,65633.5,65851.0,65239.699,0.3314,105.62,100.0,A,1.0,376.0,0.5735,1.2966,0,1,24,24.0,1,33.14,60.0,0.8,-41.14,10.0,1000.0,-3.3138564909687886,-4.1138564909687885,5.8861435090312115,FILLED_SL,SL_HIT,False,1,1.0,-1.0,-1.0,1h,Distal SL breached at 65851.000000.
2,SOLUSD,LONG,2024-06-20 16:00:00+00:00,2024-06-18 19:00:00+00:00,2024-06-20 18:00:00+00:00,2024-06-21 00:00:00+00:00,2024-06-21 00:00:00+00:00,2024-06-21 01:00:00+00:00,2024-06-20 21:30:00 IST,2024-06-19 00:30:00 IST,2024-06-20 23:30:00 IST,2024-06-21 05:30:00 IST,2024-06-21 05:30:00 IST,2024-06-21 06:30:00 IST,132.906,130.418,2.488,1.8808,132.906,130.418,132.284,130.418,133.077704,1.4106,24.81,24.81,A,1.0,2.879,2.1662,1.1572,1,0,8,8.0,1,35.0,14.89,0.11683811909197934,12.9,5.8861435090312115,146.04764886497418,0.876285893189845,0.7594477740978656,6.645591283129077,FILLED_TP,TP_HIT,False,1,1.0,0.4254,-0.5746,1h,Fixed +0.60% TP reached at 133.077704.
3,ETHUSD,SHORT,2024-06-21 09:00:00+00:00,2024-06-21 02:00:00+00:00,2024-06-21 12:00:00+00:00,2024-06-21 14:00:00+00:00,2024-06-21 14:00:00+00:00,2024-06-21 15:00:00+00:00,2024-06-21 14:30:00 IST,2024-06-21 07:30:00 IST,2024-06-21 17:30:00 IST,2024-06-21 19:30:00 IST,2024-06-21 19:30:00 IST,2024-06-21 20:30:00 IST,3537.0,3507.95,29.05,0.8264,3507.95,3537.0,3515.2125,3537.0,3494.121225,0.6198,56.47,56.47,A,1.0,34.15,0.9735,1.1756,0,1,5,5.0,1,35.0,33.88,0.300217388573121,29.36,6.645591283129077,375.2717357164013,2.251630414298408,1.951413025725287,8.597004308854364,FILLED_TP,TP_HIT,False,1,1.0,0.968,0.3934,1h,Fixed +0.60% TP reached at 3494.121225.
4,ETHUSD,SHORT,2024-06-22 15:00:00+00:00,2024-06-22 03:00:00+00:00,2024-06-22 18:00:00+00:00,2024-06-22 21:00:00+00:00,2024-06-22 21:00:00+00:00,2024-06-23 02:00:00+00:00,2024-06-22 20:30:00 IST,2024-06-22 08:30:00 IST,2024-06-22 23:30:00 IST,2024-06-23 02:30:00 IST,2024-06-23 02:30:00 IST,2024-06-23 07:30:00 IST,3513.15,3505.15,8.0,0.2281,3505.15,3513.15,3507.15,3513.15,3486.1071,0.1711,204.58,100.0,A,1.0,12.45,0.3552,1.5563,1,2,6,6.0,1,17.11,60.0,0.6877603447083491,-25.11,8.597004308854364,859.7004308854364,-1.4707675991367972,-2.1585279438451463,6.438476365009218,FILLED_SL,SL_HIT,False,5,5.0,-1.0,-0.6066,1h,Distal SL breached at 3513.150000.
5,BTCUSD,SHORT,2024-06-28 09:00:00+00:00,2024-06-28 01:00:00+00:00,2024-06-28 15:00:00+00:00,2024-06-30 07:00:00+00:00,2024-06-30 07:00:00+00:00,2024-06-30 20:00:00+00:00,2024-06-28 14:30:00 IST,2024-06-28 06:30:00 IST,2024-06-28 20:30:00 IST,2024-06-30 12:30:00 IST,2024-06-30 12:30:00 IST,2024-07-01 01:30:00 IST,62212.5,61495.5,717.0,1.1626,61495.5,62212.5,61674.75,62212.5,61304.7015,0.8719,40.14,40.14,A,1.0,755.0,1.2277,1.053,1,3,46,46.0,1,35.0,24.08,0.2067607580734517,-38.21,6.438476365009218,258.4509475918146,-2.253466727753226,-2.4602274858266777,3.9782488791825403,FILLED_SL,SL_HIT,False,13,13.0,-1.0,-1.6066,1h,Distal SL breached at 62212.500000.
6,ETHUSD,SHORT,2024-06-28 10:00:00+00:00,2024-06-28 02:00:00+00:00,2024-06-28 14:00:00+00:00,2024-06-30 22:00:00+00:00,2024-06-30 22:00:00+00:00,2024-07-01 00:00:00+00:00,2024-06-28 15:30:00 IST,2024-06-28 07:30:00 IST,2024-06-28 19:30:00 IST,2024-07-01 03:30:00 IST,2024-07-01 03:30:00 IST,2024-07-01 05:30:00 IST,3485.0,3445.65,39.35,1.1388,3445.65,3485.0,3455.4875,3485.0,3434.754575,0.8541,40.98,40.98,A,1.0,42.3,1.2276,1.075,0,4,60,60.0,1,35.0,24.59,0.1304227360167123,21.31,3.9782488791825403,163.02842002089037,0.9781705201253421,0.8477477841086298,4.82599666329117,FILLED_TP,TP_HIT,False,2,2.0,0.7025,-0.9041,1h,Fixed +0.60% TP reached at 3434.754575.
7,SOLUSD,LONG,2024-07-02 14:00:00+00:00,2024-07-02 08:00:00+00:00,2024-07-02 17:00:00+00:00,2024-07-03 04:00:00+00:00,2024-07-03 04:00:00+00:00,2024-07-03 05:00:00+00:00,2024-07-02 19:30:00 IST,2024-07-02 13:30:00 IST,2024-07-02 22:30:00 IST,2024-07-03 09:30:00 IST,2024-07-03 09:30:00 IST,2024-07-03 10:30:00 IST,148.3682,146.918,1.4502,0.9798,148.3682,146.918,148.00565,146.918,148.893684,0.7349,47.63,47.63,A,1.0,1.5978,1.0769,1.1018,0,2,14,14.0,1,35.0,28.58,0.18387986618260294,24.77,4.82599666329117,229.84983272825366,1.3790989963695217,1.1952191301869188,6.021215793478089,FILLED_TP,TP_HIT,False,1,1.0,0.8165,-0.0876,1h,Fixed +0.60% TP reached at 148.893684.
8,ETHUSD,LONG,2024-07-07 07:00:00+00:00,2024-07-06 09:00:00+00:00,2024-07-07 10:00:00+00:00,2024-07-07 12:00:00+00:00,2024-07-07 12:00:00+00:00,2024-07-07 13:00:00+00:00,2024-07-07 12:30:00 IST,2024-07-06 14:30:00 IST,2024-07-07 15:30:00 IST,2024-07-07 17:30:00 IST,2024-07-07 17:30:00 IST,2024-07-07 18:30:00 IST,3005.95,2984.95,21.0,0.6998,3005.95,2984.95,3000.7,2984.95,3018.7042,0.5249,66.68,66.68,A,1.0,25.75,0.8566,1.2262,2,0,5,5.0,1,35.0,40.01,0.32120643967092805,-40.33,6.021215793478089,401.50804958866007,-2.1074255277173313,-2.4286319673882595,3.5925838260898297,FILLED_SL,SL_HIT,False,1,1.0,-1.0,-1.0876,1h,Distal SL breached at 2984.950000.
9,XRPUSD,LONG,2024-07-06 01:00:00+00:00,2024-07-05 18:00:00+00:00,2024-07-06 06:00:00+00:00,2024-07-07 14:00:00+00:00,2024-07-07 14:00:00+00:00,2024-07-07 15:00:00+00:00,2024-07-06 06:30:00 IST,2024-07-05 23:30:00 IST,2024-07-06 11:30:00 IST,2024-07-07 19:30:00 IST,2024-07-07 19:30:00 IST,2024-07-07 20:30:00 IST,0.4272,0.422,0.0052,1.2209,0.4272,0.422,0.4259,0.422,0.428455,0.9157,38.22,38.22,A,1.0,0.0056,1.3109,1.0769,1,1,37,37.0,1,35.0,22.93,0.10985200164842639,19.88,3.5925838260898297,137.31500206053298,0.8238900123631977,0.7140380107147714,4.306621836804601,FILLED_TP,TP_HIT,False,1,1.0,0.6552,-0.4324,1h,Fixed +0.60% TP reached at 0.428455.
10,BTCUSD,SHORT,2024-07-06 23:00:00+00:00,2024-07-04 19:00:00+00:00,2024-07-07 04:00:00+00:00,2024-07-09 18:00:00+00:00,2024-07-09 18:00:00+00:00,2024-07-09 19:00:00+00:00,2024-07-07 04:30:00 IST,2024-07-05 00:30:00 IST,2024-07-07 09:30:00 IST,2024-07-09 23:30:00 IST,2024-07-09 23:30:00 IST,2024-07-10 00:30:00 IST,58666.5,58149.0,517.5,0.888,58149.0,58666.5,58278.375,58666.5,57928.70475,0.666,52.55,52.55,A,1.0,575.0,0.9888,1.1111,1,4,67,67.0,1,35.0,31.53,0.1810633642995851,27.33,4.306621836804601,226.32920537448138,1.3579752322468883,1.1769118679473032,5.483533704751904,FILLED_TP,TP_HIT,False,1,1.0,0.9009,0.4685,1h,Fixed +0.60% TP reached at 57928.704750.
11,BTCUSD,LONG,2024-07-10 00:00:00+00:00,2024-07-09 15:00:00+00:00,2024-07-10 03:00:00+00:00,2024-07-10 20:00:00+00:00,2024-07-10 20:00:00+00:00,2024-07-10 22:00:00+00:00,2024-07-10 05:30:00 IST,2024-07-09 20:30:00 IST,2024-07-10 08:30:00 IST,2024-07-11 01:30:00 IST,2024-07-11 01:30:00 IST,2024-07-11 03:30:00 IST,57500.5,56901.0,599.5,1.0453,57500.5,56901.0,57350.625,56901.0,57694.72875,0.784,44.64,44.64,A,1.0,713.0,1.24,1.1893,2,1,20,20.0,1,35.0,26.79,0.19584218815525029,23.21,5.483533704751904,244.80273519406285,1.4688164111643771,1.2729742230091268,6.756507927761032,FILLED_TP,TP_HIT,False,2,2.0,0.7653,1.2338,1h,Fixed +0.60% TP reached at 57694.728750.
12,SOLUSD,LONG,2024-07-11 03:00:00+00:00,2024-07-10 01:00:00+00:00,2024-07-11 08:00:00+00:00,2024-07-11 14:00:00+00:00,2024-07-11 14:00:00+00:00,2024-07-11 15:00:00+00:00,2024-07-11 08:30:00 IST,2024-07-10 06:30:00 IST,2024-07-11 13:30:00 IST,2024-07-11 19:30:00 IST,2024-07-11 19:30:00 IST,2024-07-11 20:30:00 IST,140.646,138.596,2.05,1.4629,140.646,138.596,140.1335,138.596,140.974301,1.0972,31.9,31.9,A,1.0,2.272,1.6154,1.1083,3,1,11,11.0,1,35.0,19.14,0.17242775221760856,-37.55,6.756507927761032,215.5346902720107,-2.364777774716361,-2.5372055269339695,4.219302400827062,FILLED_SL,DUAL_TOUCH_CONSERVATIVE_SL,True,1,1.0,-1.0,0.2338,1h,Dual-touch: both TP and SL hit same candle. Conservative SL-first applied.
13,BTCUSD,SHORT,2024-06-17 18:00:00+00:00,2024-06-14 13:00:00+00:00,2024-06-17 20:00:00+00:00,2024-07-19 19:00:00+00:00,2024-07-19 19:00:00+00:00,2024-07-19 22:00:00+00:00,2024-06-17 23:30:00 IST,2024-06-14 18:30:00 IST,2024-06-18 01:30:00 IST,2024-07-20 00:30:00 IST,2024-07-20 00:30:00 IST,2024-07-20 03:30:00 IST,67392.0,66969.0,423.0,0.6306,66969.0,67392.0,67074.75,67392.0,66672.3015,0.473,74.0,74.0,A,1.0,787.0,1.1752,1.8605,1,1,769,769.0,1,35.0,44.4,0.24977911123330182,38.48,4.219302400827062,312.2238890416273,1.8733433342497636,1.6235642230164617,5.842866623843523,FILLED_TP,TP_HIT,False,3,3.0,1.2686,1.5024,1h,Fixed +0.60% TP reached at 66672.301500.
14,SOLUSD,SHORT,2024-07-20 17:00:00+00:00,2024-06-05 16:00:00+00:00,2024-07-20 19:00:00+00:00,2024-07-20 21:00:00+00:00,2024-07-20 21:00:00+00:00,2024-07-20 22:00:00+00:00,2024-07-20 22:30:00 IST,2024-06-05 21:30:00 IST,2024-07-21 00:30:00 IST,2024-07-21 02:30:00 IST,2024-07-21 02:30:00 IST,2024-07-21 03:30:00 IST,175.634,173.962,1.672,0.9588,173.962,175.634,174.38,175.634,173.33372,0.7191,48.67,48.67,A,1.0,1.776,1.0209,1.0622,0,1,4,4.0,1,35.0,29.2,0.22750091142139997,25.31,5.842866623843523,284.37613927674994,1.7062568356604995,1.4787559242390995,7.3216225480826225,FILLED_TP,TP_HIT,False,1,1.0,0.8344,2.3368,1h,Fixed +0.60% TP reached at 173.333720.
15,ETHUSD,SHORT,2024-07-20 23:00:00+00:00,2024-06-21 20:00:00+00:00,2024-07-21 06:00:00+00:00,2024-07-21 17:00:00+00:00,2024-07-21 17:00:00+00:00,2024-07-21 18:00:00+00:00,2024-07-21 04:30:00 IST,2024-06-22 01:30:00 IST,2024-07-21 11:30:00 IST,2024-07-21 22:30:00 IST,2024-07-21 22:30:00 IST,2024-07-21 23:30:00 IST,3548.0,3518.15,29.85,0.8467,3518.15,3548.0,3525.6125,3548.0,3504.458825,0.635,55.12,55.12,A,1.0,34.35,0.9764,1.1508,3,1,18,18.0,1,35.0,33.07,0.3228452088542537,28.66,7.3216225480826225,403.5565110678171,2.4213390664069023,2.098493857552649,9.420116405635271,FILLED_TP,TP_HIT,False,1,1.0,0.9449,3.2816,1h,Fixed +0.60% TP reached at 3504.458825.
16,ETHUSD,SHORT,2024-07-21 14:00:00+00:00,2024-07-21 00:00:00+00:00,2024-07-21 17:00:00+00:00,2024-07-21 20:00:00+00:00,2024-07-21 20:00:00+00:00,2024-07-21 22:00:00+00:00,2024-07-21 19:30:00 IST,2024-07-21 05:30:00 IST,2024-07-21 22:30:00 IST,2024-07-22 01:30:00 IST,2024-07-22 01:30:00 IST,2024-07-22 03:30:00 IST,3529.7,3504.1,25.6,0.7292,3504.1,3529.7,3510.5,3529.7,3489.437,0.5469,63.99,63.99,A,1.0,53.55,1.5282,2.0918,0,3,6,6.0,1,35.0,38.4,0.48226089686225115,-40.12,9.420116405635271,602.8261210778139,-3.297040741972345,-3.779301638834596,5.640814766800675,FILLED_SL,SL_HIT,False,2,2.0,-1.0,2.2816,1h,Distal SL breached at 3529.700000.
17,ETHUSD,LONG,2024-07-23 13:00:00+00:00,2024-07-23 05:00:00+00:00,2024-07-23 14:00:00+00:00,2024-07-23 15:00:00+00:00,2024-07-23 15:00:00+00:00,2024-07-23 16:00:00+00:00,2024-07-23 18:30:00 IST,2024-07-23 10:30:00 IST,2024-07-23 19:30:00 IST,2024-07-23 20:30:00 IST,2024-07-23 20:30:00 IST,2024-07-23 21:30:00 IST,3460.0,3425.15,34.85,1.0098,3460.0,3425.15,3451.2875,3425.15,3471.995225,0.7573,46.22,46.22,A,1.0,37.15,1.0737,1.066,0,1,2,2.0,1,35.0,27.73,0.2085532502516661,-38.7,5.640814766800675,260.6915628145826,-1.9742851683802363,-2.1828384186319023,3.457976348168773,FILLED_SL,SL_HIT,False,1,1.0,-1.0,1.2816,1h,Distal SL breached at 3425.150000.
18,ETHUSD,LONG,2024-07-23 16:00:00+00:00,2024-07-18 16:00:00+00:00,2024-07-23 19:00:00+00:00,2024-07-24 16:00:00+00:00,2024-07-24 16:00:00+00:00,2024-07-24 17:00:00+00:00,2024-07-23 21:30:00 IST,2024-07-18 21:30:00 IST,2024-07-24 00:30:00 IST,2024-07-24 21:30:00 IST,2024-07-24 21:30:00 IST,2024-07-24 22:30:00 IST,3420.75,3367.25,53.5,1.5701,3420.75,3367.25,3407.375,3367.25,3427.81925,1.1776,29.72,29.72,A,1.0,76.0,2.2217,1.4206,1,1,24,24.0,1,35.0,17.83,0.08222141319914368,15.46,3.457976348168773,102.7767664989296,0.6166605989935775,0.5344391857944338,3.992415533963207,FILLED_TP,TP_HIT,False,1,1.0,0.5095,1.7912,1h,Fixed +0.60% TP reached at 3427.819250.
19,ETHUSD,LONG,2024-07-14 13:00:00+00:00,2024-07-14 02:00:00+00:00,2024-07-14 21:00:00+00:00,2024-07-25 01:00:00+00:00,2024-07-25 01:00:00+00:00,2024-07-25 02:00:00+00:00,2024-07-14 18:30:00 IST,2024-07-14 07:30:00 IST,2024-07-15 02:30:00 IST,2024-07-25 06:30:00 IST,2024-07-25 06:30:00 IST,2024-07-25 07:30:00 IST,3188.0,3163.7,24.3,0.7637,3188.0,3163.7,3181.925,3163.7,3201.01655,0.5728,61.11,61.11,A,1.0,67.75,2.1252,2.7881,2,2,252,252.0,1,35.0,36.66,0.1951713966207723,-39.89,3.992415533963207,243.96424577596537,-1.3973454368871223,-1.5925168335078945,2.3998987004553123,FILLED_SL,DUAL_TOUCH_CONSERVATIVE_SL,True,1,1.0,-1.0,0.7912,1h,Dual-touch: both TP and SL hit same candle. Conservative SL-first applied.
20,BTCUSD,LONG,2024-07-27 10:00:00+00:00,2024-07-26 21:00:00+00:00,2024-07-27 13:00:00+00:00,2024-07-27 19:00:00+00:00,2024-07-27 19:00:00+00:00,2024-07-27 20:00:00+00:00,2024-07-27 15:30:00 IST,2024-07-27 02:30:00 IST,2024-07-27 18:30:00 IST,2024-07-28 00:30:00 IST,2024-07-28 00:30:00 IST,2024-07-28 01:30:00 IST,68223.5,67427.0,796.5,1.1709,68223.5,67427.0,68024.375,67427.0,68432.52125,0.8782,39.86,39.86,A,1.0,1171.5,1.7172,1.4708,1,1,9,9.0,1,35.0,23.91,0.07651885426289978,-38.19,2.3998987004553123,95.64856782862472,-0.8399645451593593,-0.916483399422259,1.4834153010330533,FILLED_SL,DUAL_TOUCH_CONSERVATIVE_SL,True,1,1.0,-1.0,-0.2088,1h,Dual-touch: both TP and SL hit same candle. Conservative SL-first applied.
21,BTCUSD,SHORT,2024-06-12 16:00:00+00:00,2024-06-10 15:00:00+00:00,2024-06-12 18:00:00+00:00,2024-07-29 03:00:00+00:00,2024-07-29 03:00:00+00:00,2024-07-29 04:00:00+00:00,2024-06-12 21:30:00 IST,2024-06-10 20:30:00 IST,2024-06-12 23:30:00 IST,2024-07-29 08:30:00 IST,2024-07-29 08:30:00 IST,2024-07-29 09:30:00 IST,70198.0,69627.0,571.0,0.8184,69627.0,70198.0,69769.75,70198.0,69351.1315,0.6138,57.02,57.02,A,1.0,1033.5,1.4843,1.81,0,2,1115,1115.0,1,35.0,34.21,0.06766912811626444,29.65,1.4834153010330533,84.58641014533055,0.5075184608719833,0.4398493327557188,1.9232646337887722,FILLED_TP,TP_HIT,False,1,1.0,0.9775,0.7687,1h,Fixed +0.60% TP reached at 69351.131500.
22,XRPUSD,LONG,2024-07-15 15:00:00+00:00,2024-07-14 23:00:00+00:00,2024-07-15 16:00:00+00:00,2024-08-04 16:00:00+00:00,2024-08-04 16:00:00+00:00,2024-08-04 17:00:00+00:00,2024-07-15 20:30:00 IST,2024-07-15 04:30:00 IST,2024-07-15 21:30:00 IST,2024-08-04 21:30:00 IST,2024-08-04 21:30:00 IST,2024-08-04 22:30:00 IST,0.526,0.5198,0.0062,1.1822,0.526,0.5198,0.52445,0.5198,0.527597,0.8866,39.47,39.47,A,1.0,0.0079,1.5019,1.2742,0,1,481,481.0,1,35.0,23.68,0.06073628352975128,-38.16,1.9232646337887722,75.9203544121891,-0.6731426218260702,-0.7338789053558215,1.1893857284329508,FILLED_SL,SL_HIT,False,1,1.0,-1.0,-0.2313,1h,Distal SL breached at 0.519800.
23,SOLUSD,LONG,2024-08-09 04:00:00+00:00,2024-08-08 19:00:00+00:00,2024-08-09 08:00:00+00:00,2024-08-09 10:00:00+00:00,2024-08-09 10:00:00+00:00,2024-08-09 12:00:00+00:00,2024-08-09 09:30:00 IST,2024-08-09 00:30:00 IST,2024-08-09 13:30:00 IST,2024-08-09 15:30:00 IST,2024-08-09 15:30:00 IST,2024-08-09 17:30:00 IST,157.2,155.131,2.069,1.3205,157.2,155.131,156.68275,155.131,157.622847,0.9904,35.34,35.34,A,1.0,2.411,1.5337,1.1653,2,2,6,6.0,1,35.0,21.2,0.03362638536339995,-37.83,1.1893857284329508,42.032981704249934,-0.41628500495153276,-0.4499113903149327,0.739474338118018,FILLED_SL,SL_HIT,False,2,2.0,-1.0,-1.2313,1h,Distal SL breached at 155.131000.
24,SOLUSD,LONG,2024-08-14 01:00:00+00:00,2024-08-13 03:00:00+00:00,2024-08-14 11:00:00+00:00,2024-08-14 15:00:00+00:00,2024-08-14 15:00:00+00:00,2024-08-14 16:00:00+00:00,2024-08-14 06:30:00 IST,2024-08-13 08:30:00 IST,2024-08-14 16:30:00 IST,2024-08-14 20:30:00 IST,2024-08-14 20:30:00 IST,2024-08-14 21:30:00 IST,145.738,142.988,2.75,1.8959,145.738,142.988,145.0505,142.988,145.920803,1.4219,24.61,24.61,A,1.0,3.293,2.2595,1.1975,2,7,14,14.0,1,35.0,14.77,0.014561509961082431,12.8,0.739474338118018,18.201887451353038,0.10921132470811823,0.0946498147470358,0.8341241528650538,FILLED_TP,TP_HIT,False,1,1.0,0.422,-0.8094,1h,Fixed +0.60% TP reached at 145.920803.
25,XRPUSD,SHORT,2024-08-15 11:00:00+00:00,2024-08-15 02:00:00+00:00,2024-08-15 18:00:00+00:00,2024-08-16 06:00:00+00:00,2024-08-16 06:00:00+00:00,2024-08-16 11:00:00+00:00,2024-08-15 16:30:00 IST,2024-08-15 07:30:00 IST,2024-08-15 23:30:00 IST,2024-08-16 11:30:00 IST,2024-08-16 11:30:00 IST,2024-08-16 16:30:00 IST,0.5745,0.5675,0.007,1.2297,0.5675,0.5745,0.56925,0.5745,0.565835,0.9223,37.95,37.95,A,1.0,0.0135,2.3789,1.9286,1,6,19,19.0,1,35.0,22.77,0.025324009280983148,19.73,0.8341241528650538,31.655011601228935,0.1899300696073736,0.16460606032639047,0.9987302131914443,FILLED_TP,TP_HIT,False,5,5.0,0.6506,-0.1588,1h,Fixed +0.60% TP reached at 0.565835.
26,XRPUSD,SHORT,2024-08-16 06:00:00+00:00,2024-08-15 15:00:00+00:00,2024-08-16 12:00:00+00:00,2024-08-17 16:00:00+00:00,2024-08-17 16:00:00+00:00,2024-08-17 20:00:00+00:00,2024-08-16 11:30:00 IST,2024-08-15 20:30:00 IST,2024-08-16 17:30:00 IST,2024-08-17 21:30:00 IST,2024-08-17 21:30:00 IST,2024-08-18 01:30:00 IST,0.5734,0.5688,0.0046,0.8071,0.5688,0.5734,0.56995,0.5734,0.56653,0.6053,57.82,57.82,A,1.0,0.012,2.1097,2.6087,1,2,34,34.0,1,35.0,34.69,0.04619807530503387,30.07,0.9987302131914443,57.74759413129234,0.34648556478775405,0.30028748948272016,1.2990177026741645,FILLED_TP,TP_HIT,False,4,4.0,0.9912,0.8324,1h,Fixed +0.60% TP reached at 0.566530.
27,ETHUSD,SHORT,2024-08-15 15:00:00+00:00,2024-08-14 21:00:00+00:00,2024-08-15 17:00:00+00:00,2024-08-18 09:00:00+00:00,2024-08-18 09:00:00+00:00,2024-08-18 10:00:00+00:00,2024-08-15 20:30:00 IST,2024-08-15 02:30:00 IST,2024-08-15 22:30:00 IST,2024-08-18 14:30:00 IST,2024-08-18 14:30:00 IST,2024-08-18 15:30:00 IST,2680.2,2662.8,17.4,0.6524,2662.8,2680.2,2667.15,2680.2,2651.1471,0.4893,71.53,71.53,A,1.0,58.7,2.2044,3.3736,1,1,66,66.0,1,35.0,42.92,0.0743378558155166,37.2,1.2990177026741645,92.92231976939576,0.5575339186163746,0.483196062800858,1.7822137654750225,FILLED_TP,TP_HIT,False,1,1.0,1.2263,2.0587,1h,Fixed +0.60% TP reached at 2651.147100.
28,BTCUSD,LONG,2024-08-18 03:00:00+00:00,2024-08-17 21:00:00+00:00,2024-08-18 09:00:00+00:00,2024-08-18 21:00:00+00:00,2024-08-18 21:00:00+00:00,2024-08-18 23:00:00+00:00,2024-08-18 08:30:00 IST,2024-08-18 02:30:00 IST,2024-08-18 14:30:00 IST,2024-08-19 02:30:00 IST,2024-08-19 02:30:00 IST,2024-08-19 04:30:00 IST,59431.0,59146.0,285.0,0.4801,59431.0,59146.0,59359.75,59146.0,59715.9085,0.3601,97.2,97.2,A,1.0,692.5,1.1652,2.4298,3,1,18,18.0,1,35.0,58.32,0.13858102361751426,-42.78,1.7822137654750225,173.22627952189282,-0.6237748179162579,-0.7623558415337721,1.0198579239412504,FILLED_SL,SL_HIT,False,2,2.0,-1.0,1.0587,1h,Distal SL breached at 59146.000000.
29,BTCUSD,SHORT,2024-08-13 21:00:00+00:00,2024-08-11 09:00:00+00:00,2024-08-14 13:00:00+00:00,2024-08-20 05:00:00+00:00,2024-08-20 05:00:00+00:00,2024-08-20 07:00:00+00:00,2024-08-14 02:30:00 IST,2024-08-11 14:30:00 IST,2024-08-14 18:30:00 IST,2024-08-20 10:30:00 IST,2024-08-20 10:30:00 IST,2024-08-20 12:30:00 IST,61829.5,61001.5,828.0,1.3528,61001.5,61829.5,61208.5,61829.5,60841.249,1.0146,34.5,34.5,A,1.0,1538.0,2.5212,1.8575,8,4,152,152.0,1,35.0,20.7,0.028146075115163042,17.94,1.0198579239412504,35.1825938939538,0.21109556336372282,0.18294948824855978,1.2028074121898102,FILLED_TP,TP_HIT,False,2,2.0,0.5914,1.6501,1h,Fixed +0.60% TP reached at 60841.249000.
30,ETHUSD,LONG,2024-08-15 23:00:00+00:00,2024-08-12 00:00:00+00:00,2024-08-18 09:00:00+00:00,2024-08-20 15:00:00+00:00,2024-08-20 15:00:00+00:00,2024-08-20 16:00:00+00:00,2024-08-16 04:30:00 IST,2024-08-12 05:30:00 IST,2024-08-18 14:30:00 IST,2024-08-20 20:30:00 IST,2024-08-20 20:30:00 IST,2024-08-20 21:30:00 IST,2578.05,2508.6,69.45,2.7122,2578.05,2508.6,2560.6875,2508.6,2576.051625,2.0341,17.21,17.21,A,1.0,89.4,3.4677,1.2873,48,2,112,112.0,1,35.0,10.32,0.016556830208485737,8.95,1.2028074121898102,20.696037760607172,0.12417622656364304,0.1076193963551573,1.3104268085449675,FILLED_TP,TP_HIT,False,1,1.0,0.295,1.945,1h,Fixed +0.60% TP reached at 2576.051625.
31,SOLUSD,LONG,2024-08-15 18:00:00+00:00,2024-08-06 13:00:00+00:00,2024-08-18 10:00:00+00:00,2024-08-21 13:00:00+00:00,2024-08-21 13:00:00+00:00,2024-08-21 14:00:00+00:00,2024-08-15 23:30:00 IST,2024-08-06 18:30:00 IST,2024-08-18 15:30:00 IST,2024-08-21 18:30:00 IST,2024-08-21 18:30:00 IST,2024-08-21 19:30:00 IST,140.6,136.212,4.388,3.1455,140.6,136.212,139.503,136.212,140.340018,2.3591,14.84,14.84,A,1.0,6.83,4.8578,1.5565,30,23,139,139.0,1,35.0,8.9,0.015553440261405546,7.71,1.3104268085449675,19.441800326756933,0.1166508019605416,0.10109736169913605,1.4115241702441035,FILLED_TP,TP_HIT,False,1,1.0,0.2543,2.1994,1h,Fixed +0.60% TP reached at 140.340018.
32,BTCUSD,SHORT,2024-08-20 09:00:00+00:00,2024-08-14 12:00:00+00:00,2024-08-20 14:00:00+00:00,2024-08-21 19:00:00+00:00,2024-08-21 19:00:00+00:00,2024-08-21 20:00:00+00:00,2024-08-20 14:30:00 IST,2024-08-14 17:30:00 IST,2024-08-20 19:30:00 IST,2024-08-22 00:30:00 IST,2024-08-22 00:30:00 IST,2024-08-22 01:30:00 IST,61724.0,60830.5,893.5,1.4635,60830.5,61724.0,61053.875,61724.0,60687.55175,1.0976,31.89,31.89,A,1.0,1380.5,2.2694,1.545,2,0,34,34.0,1,35.0,19.13,0.03600839495598198,-37.55,1.4115241702441035,45.01049369497747,-0.4940334595854362,-0.5300418545414182,0.8814823157026853,FILLED_SL,SL_HIT,False,1,1.0,-1.0,1.1994,1h,Distal SL breached at 61724.000000.
33,SOLUSD,SHORT,2024-08-24 23:00:00+00:00,2024-08-08 23:00:00+00:00,2024-08-25 07:00:00+00:00,2024-08-25 21:00:00+00:00,2024-08-25 21:00:00+00:00,2024-08-25 22:00:00+00:00,2024-08-25 04:30:00 IST,2024-08-09 04:30:00 IST,2024-08-25 12:30:00 IST,2024-08-26 02:30:00 IST,2024-08-26 02:30:00 IST,2024-08-26 03:30:00 IST,163.61,160.464,3.146,1.951,160.464,163.61,161.2505,163.61,160.282997,1.4633,23.92,23.92,A,1.0,5.091,3.1727,1.6182,7,0,22,22.0,1,35.0,14.35,0.016867577860351774,12.44,0.8814823157026853,21.084472325439716,0.1265068339526383,0.10963925609228652,0.9911215717949718,FILLED_TP,TP_HIT,False,1,1.0,0.41,1.6094,1h,Fixed +0.60% TP reached at 160.282997.
34,XRPUSD,LONG,2024-08-22 02:00:00+00:00,2024-08-21 13:00:00+00:00,2024-08-23 18:00:00+00:00,2024-08-26 02:00:00+00:00,2024-08-26 02:00:00+00:00,2024-08-26 03:00:00+00:00,2024-08-22 07:30:00 IST,2024-08-21 18:30:00 IST,2024-08-23 23:30:00 IST,2024-08-26 07:30:00 IST,2024-08-26 07:30:00 IST,2024-08-26 08:30:00 IST,0.5963,0.5854,0.0109,1.8363,0.5963,0.5854,0.593575,0.5854,0.597136,1.3772,25.41,25.41,A,1.0,0.0132,2.2137,1.211,28,1,96,96.0,1,35.0,15.25,0.020149895578458137,13.21,0.9911215717949718,25.18736947307267,0.15112421683843602,0.13097432125997788,1.1220958930549498,FILLED_TP,TP_HIT,False,1,1.0,0.4357,2.0451,1h,Fixed +0.60% TP reached at 0.597136.
35,SOLUSD,LONG,2024-08-23 11:00:00+00:00,2024-08-22 15:00:00+00:00,2024-08-23 14:00:00+00:00,2024-08-28 08:00:00+00:00,2024-08-28 08:00:00+00:00,2024-08-28 09:00:00+00:00,2024-08-23 16:30:00 IST,2024-08-22 20:30:00 IST,2024-08-23 19:30:00 IST,2024-08-28 13:30:00 IST,2024-08-28 13:30:00 IST,2024-08-28 14:30:00 IST,143.578,142.117,1.461,1.0202,143.578,142.117,143.21275,142.117,144.072026,0.7651,45.74,45.74,A,1.0,3.596,2.5046,2.4613,2,1,117,117.0,1,35.0,27.45,0.041063712352515706,23.79,1.1220958930549498,51.32964044064463,0.3079778426438678,0.2669141302913521,1.3890100233463019,FILLED_TP,TP_HIT,False,1,1.0,0.7842,2.8293,1h,Fixed +0.60% TP reached at 144.072026.
36,SOLUSD,LONG,2024-08-22 13:00:00+00:00,2024-08-22 02:00:00+00:00,2024-08-23 02:00:00+00:00,2024-08-28 16:00:00+00:00,2024-08-28 16:00:00+00:00,2024-08-28 17:00:00+00:00,2024-08-22 18:30:00 IST,2024-08-22 07:30:00 IST,2024-08-23 07:30:00 IST,2024-08-28 21:30:00 IST,2024-08-28 21:30:00 IST,2024-08-28 22:30:00 IST,143.108,140.687,2.421,1.6989,143.108,140.687,142.50275,140.687,143.357766,1.2742,27.47,27.47,A,1.0,2.609,1.8231,1.0777,5,4,147,147.0,1,35.0,16.48,0.03052323803895692,14.28,1.3890100233463019,38.15404754869615,0.22892428529217693,0.19840104725322,1.587411070599522,FILLED_TP,TP_HIT,False,1,1.0,0.4709,3.3002,1h,Fixed +0.60% TP reached at 143.357766.
37,SOLUSD,SHORT,2024-08-30 12:00:00+00:00,2024-08-30 00:00:00+00:00,2024-08-30 13:00:00+00:00,2024-08-30 14:00:00+00:00,2024-08-30 14:00:00+00:00,2024-08-30 15:00:00+00:00,2024-08-30 17:30:00 IST,2024-08-30 05:30:00 IST,2024-08-30 18:30:00 IST,2024-08-30 19:30:00 IST,2024-08-30 19:30:00 IST,2024-08-30 20:30:00 IST,141.18,139.886,1.294,0.9229,139.886,141.18,140.2095,141.18,139.368243,0.6922,50.56,50.56,A,1.0,1.886,1.3482,1.4575,0,1,2,2.0,1,35.0,30.34,0.06421394281391204,26.29,1.587411070599522,80.26742851739004,0.48160457110434024,0.41739062829042817,2.00480169888995,FILLED_TP,TP_HIT,False,1,1.0,0.8668,4.167,1h,Fixed +0.60% TP reached at 139.368243.
38,ETHUSD,SHORT,2024-08-30 18:00:00+00:00,2024-08-30 12:00:00+00:00,2024-09-01 05:00:00+00:00,2024-09-02 09:00:00+00:00,2024-09-02 09:00:00+00:00,2024-09-02 13:00:00+00:00,2024-08-30 23:30:00 IST,2024-08-30 17:30:00 IST,2024-09-01 10:30:00 IST,2024-09-02 14:30:00 IST,2024-09-02 14:30:00 IST,2024-09-02 18:30:00 IST,2551.4,2510.25,41.15,1.6326,2510.25,2551.4,2520.5375,2551.4,2505.414275,1.2244,28.58,28.58,A,1.0,51.35,2.0456,1.2479,8,20,63,63.0,1,35.0,17.15,0.04584495103742157,14.86,2.00480169888995,57.30618879677696,0.34383713278066175,0.29799218174324016,2.3027938806331902,FILLED_TP,TP_HIT,False,4,4.0,0.49,4.657,1h,Fixed +0.60% TP reached at 2505.414275.
39,BTCUSD,SHORT,2024-08-30 18:00:00+00:00,2024-08-30 12:00:00+00:00,2024-08-30 19:00:00+00:00,2024-09-03 02:00:00+00:00,2024-09-03 02:00:00+00:00,2024-09-03 03:00:00+00:00,2024-08-30 23:30:00 IST,2024-08-30 17:30:00 IST,2024-08-31 00:30:00 IST,2024-09-03 07:30:00 IST,2024-09-03 07:30:00 IST,2024-09-03 08:30:00 IST,59939.5,59364.0,575.5,0.9671,59364.0,59939.5,59507.875,59939.5,59150.82775,0.7253,48.25,48.25,A,1.0,670.5,1.1295,1.1651,1,0,80,80.0,1,35.0,28.95,0.0888957398479137,25.09,2.3027938806331902,111.11967480989212,0.6667180488593526,0.5778223090114389,2.880616189644629,FILLED_TP,TP_HIT,False,1,1.0,0.8272,5.4842,1h,Fixed +0.60% TP reached at 59150.827750.
40,SOLUSD,LONG,2024-09-02 03:00:00+00:00,2024-08-05 19:00:00+00:00,2024-09-02 20:00:00+00:00,2024-09-03 15:00:00+00:00,2024-09-03 15:00:00+00:00,2024-09-03 16:00:00+00:00,2024-09-02 08:30:00 IST,2024-08-06 00:30:00 IST,2024-09-03 01:30:00 IST,2024-09-03 20:30:00 IST,2024-09-03 20:30:00 IST,2024-09-03 21:30:00 IST,130.426,126.855,3.571,2.7568,130.426,126.855,129.53325,126.855,130.310449,2.0676,16.93,16.93,A,1.0,4.628,3.5484,1.296,10,6,36,36.0,1,35.0,10.16,0.03900978682842928,8.8,2.880616189644629,48.7622335355366,0.2925734012132196,0.25356361438479036,3.1341798040294195,FILLED_TP,TP_HIT,False,1,1.0,0.2902,5.7744,1h,Fixed +0.60% TP reached at 130.310449.
41,SOLUSD,SHORT,2024-09-05 04:00:00+00:00,2024-09-04 22:00:00+00:00,2024-09-05 06:00:00+00:00,2024-09-05 08:00:00+00:00,2024-09-05 08:00:00+00:00,2024-09-05 09:00:00+00:00,2024-09-05 09:30:00 IST,2024-09-05 03:30:00 IST,2024-09-05 11:30:00 IST,2024-09-05 13:30:00 IST,2024-09-05 13:30:00 IST,2024-09-05 14:30:00 IST,134.674,133.482,1.192,0.891,133.482,134.674,133.78,134.674,132.97732,0.6683,52.37,52.37,A,1.0,2.612,1.9568,2.1913,1,0,4,4.0,1,35.0,31.42,0.13132143263003904,27.23,3.1341798040294195,164.15179078754878,0.9849107447252925,0.8535893120952535,3.987769116124673,FILLED_TP,TP_HIT,False,1,1.0,0.8979,6.6723,1h,Fixed +0.60% TP reached at 132.977320.
42,BTCUSD,SHORT,2024-09-05 17:00:00+00:00,2024-09-05 14:00:00+00:00,2024-09-06 07:00:00+00:00,2024-09-06 12:00:00+00:00,2024-09-06 12:00:00+00:00,2024-09-06 13:00:00+00:00,2024-09-05 22:30:00 IST,2024-09-05 19:30:00 IST,2024-09-06 12:30:00 IST,2024-09-06 17:30:00 IST,2024-09-06 17:30:00 IST,2024-09-06 18:30:00 IST,57325.0,56472.5,852.5,1.5039,56472.5,57325.0,56685.625,57325.0,56345.51125,1.1279,31.03,31.03,A,1.0,1198.5,2.1223,1.4059,6,4,19,19.0,1,35.0,18.62,0.09899319134608471,16.14,3.987769116124673,123.74148918260589,0.7424489350956353,0.6434557437495505,4.631224859874224,FILLED_TP,TP_HIT,False,1,1.0,0.5319,7.2042,1h,Fixed +0.60% TP reached at 56345.511250.
43,BTCUSD,LONG,2024-08-07 18:00:00+00:00,2024-08-06 13:00:00+00:00,2024-08-08 01:00:00+00:00,2024-09-06 14:00:00+00:00,2024-09-06 14:00:00+00:00,2024-09-06 15:00:00+00:00,2024-08-07 23:30:00 IST,2024-08-06 18:30:00 IST,2024-08-08 06:30:00 IST,2024-09-06 19:30:00 IST,2024-09-06 19:30:00 IST,2024-09-06 20:30:00 IST,55409.5,54399.5,1010.0,1.8311,55409.5,54399.5,55157.0,54399.5,55487.942,1.3734,25.49,25.49,A,1.0,2038.0,3.6781,2.0178,0,6,716,716.0,1,35.0,15.29,0.09442171813452559,-37.04,4.631224859874224,118.02714766815697,-1.6209287009559783,-1.7153504190905038,2.9158744407837203,FILLED_SL,SL_HIT,False,1,1.0,-1.0,6.2042,1h,Distal SL breached at 54399.500000.
44,SOLUSD,SHORT,2024-09-08 07:00:00+00:00,2024-09-06 10:00:00+00:00,2024-09-08 14:00:00+00:00,2024-09-08 21:00:00+00:00,2024-09-08 21:00:00+00:00,2024-09-08 22:00:00+00:00,2024-09-08 12:30:00 IST,2024-09-06 15:30:00 IST,2024-09-08 19:30:00 IST,2024-09-09 02:30:00 IST,2024-09-09 02:30:00 IST,2024-09-09 03:30:00 IST,131.103,129.461,1.642,1.2643,129.461,131.103,129.8715,131.103,129.092271,0.9482,36.91,36.91,A,1.0,1.779,1.3742,1.0834,2,5,14,14.0,1,35.0,22.15,0.08610062239719816,-37.95,2.9158744407837203,107.6257779964977,-1.020556054274302,-1.1066566766715,1.8092177641122202,FILLED_SL,DUAL_TOUCH_CONSERVATIVE_SL,True,1,1.0,-1.0,5.2042,1h,Dual-touch: both TP and SL hit same candle. Conservative SL-first applied.
45,XRPUSD,SHORT,2024-09-08 10:00:00+00:00,2024-09-07 15:00:00+00:00,2024-09-08 11:00:00+00:00,2024-09-09 07:00:00+00:00,2024-09-09 07:00:00+00:00,2024-09-09 08:00:00+00:00,2024-09-08 15:30:00 IST,2024-09-07 20:30:00 IST,2024-09-08 16:30:00 IST,2024-09-09 12:30:00 IST,2024-09-09 12:30:00 IST,2024-09-09 13:30:00 IST,0.533,0.5309,0.0021,0.3952,0.5309,0.533,0.531425,0.533,0.528236,0.2964,118.09,100.0,A,1.0,0.0021,0.3956,1.0,0,0,21,21.0,1,29.64,60.0,0.14473742112897764,-37.64,1.8092177641122202,180.92177641122203,-0.5362032231221214,-0.680940644251099,1.1282771198611212,FILLED_SL,SL_HIT,False,1,1.0,-1.0,4.2042,1h,Distal SL breached at 0.533000.
46,SOLUSD,LONG,2024-09-08 14:00:00+00:00,2024-09-07 23:00:00+00:00,2024-09-08 17:00:00+00:00,2024-09-09 14:00:00+00:00,2024-09-09 14:00:00+00:00,2024-09-09 15:00:00+00:00,2024-09-08 19:30:00 IST,2024-09-08 04:30:00 IST,2024-09-08 22:30:00 IST,2024-09-09 19:30:00 IST,2024-09-09 19:30:00 IST,2024-09-09 20:30:00 IST,127.861,126.47,1.391,1.0909,127.861,126.47,127.51325,126.47,128.27833,0.8182,42.78,42.78,A,1.0,1.539,1.2037,1.1064,0,2,24,24.0,1,35.0,25.67,0.03861363919209844,22.25,1.1282771198611212,48.26704899012305,0.2896022939407383,0.25098865474863985,1.379265774609761,FILLED_TP,TP_HIT,False,1,1.0,0.7334,4.9376,1h,Fixed +0.60% TP reached at 128.278330.
47,SOLUSD,SHORT,2024-09-06 12:00:00+00:00,2024-09-05 13:00:00+00:00,2024-09-06 13:00:00+00:00,2024-09-09 17:00:00+00:00,2024-09-09 17:00:00+00:00,2024-09-09 18:00:00+00:00,2024-09-06 17:30:00 IST,2024-09-05 18:30:00 IST,2024-09-06 18:30:00 IST,2024-09-09 22:30:00 IST,2024-09-09 22:30:00 IST,2024-09-09 23:30:00 IST,134.923,133.283,1.64,1.2267,133.283,134.923,133.693,134.923,132.890842,0.92,38.04,38.04,A,1.0,2.59,1.9432,1.5793,0,1,77,77.0,1,35.0,22.83,0.04197682128241627,19.78,1.379265774609761,52.471026603020334,0.314826159618122,0.27284933833570574,1.6521151129454668,FILLED_TP,TP_HIT,False,1,1.0,0.6522,5.5897,1h,Fixed +0.60% TP reached at 132.890842.
48,XRPUSD,LONG,2024-09-09 09:00:00+00:00,2024-09-08 22:00:00+00:00,2024-09-09 16:00:00+00:00,2024-09-11 12:00:00+00:00,2024-09-11 12:00:00+00:00,2024-09-11 13:00:00+00:00,2024-09-09 14:30:00 IST,2024-09-09 03:30:00 IST,2024-09-09 21:30:00 IST,2024-09-11 17:30:00 IST,2024-09-11 17:30:00 IST,2024-09-11 18:30:00 IST,0.5314,0.5259,0.0055,1.0377,0.5314,0.5259,0.530025,0.5259,0.533205,0.7783,44.97,44.97,A,1.0,0.0056,1.0538,1.0182,0,4,51,51.0,1,35.0,26.98,0.059438896379854965,23.39,1.6521151129454668,74.2986204748187,0.4457917228489123,0.38635282646905733,2.038467939414524,FILLED_TP,TP_HIT,False,1,1.0,0.7709,6.3607,1h,Fixed +0.60% TP reached at 0.533205.
49,ETHUSD,SHORT,2024-09-09 21:00:00+00:00,2024-09-06 13:00:00+00:00,2024-09-11 10:00:00+00:00,2024-09-11 17:00:00+00:00,2024-09-11 17:00:00+00:00,2024-09-11 18:00:00+00:00,2024-09-10 02:30:00 IST,2024-09-06 18:30:00 IST,2024-09-11 15:30:00 IST,2024-09-11 22:30:00 IST,2024-09-11 22:30:00 IST,2024-09-11 23:30:00 IST,2401.0,2355.8,45.2,1.9095,2355.8,2401.0,2367.1,2401.0,2352.8974,1.4321,24.44,24.44,A,1.0,48.25,2.0481,1.0675,21,11,44,44.0,1,35.0,14.66,0.039854633882852174,12.71,2.038467939414524,49.81829235356521,0.29890975412139126,0.2590551202385391,2.2975230596530634,FILLED_TP,TP_HIT,False,1,1.0,0.419,6.7796,1h,Fixed +0.60% TP reached at 2352.897400.
50,XRPUSD,SHORT,2024-09-10 12:00:00+00:00,2024-09-06 12:00:00+00:00,2024-09-11 12:00:00+00:00,2024-09-12 02:00:00+00:00,2024-09-12 02:00:00+00:00,2024-09-12 06:00:00+00:00,2024-09-10 17:30:00 IST,2024-09-06 17:30:00 IST,2024-09-11 17:30:00 IST,2024-09-12 07:30:00 IST,2024-09-12 07:30:00 IST,2024-09-12 11:30:00 IST,0.5452,0.5375,0.0077,1.4274,0.5375,0.5452,0.539425,0.5452,0.536188,1.0706,32.69,32.69,A,1.0,0.0086,1.6,1.1169,11,9,38,38.0,1,35.0,19.62,0.06008927885834469,17.0,2.2975230596530634,75.11159857293086,0.45066959143758517,0.3905803125792405,2.688103372232304,FILLED_TP,TP_HIT,False,4,4.0,0.5604,7.3401,1h,Fixed +0.60% TP reached at 0.536188.
51,ETHUSD,SHORT,2024-09-06 12:00:00+00:00,2024-09-05 07:00:00+00:00,2024-09-06 13:00:00+00:00,2024-09-13 15:00:00+00:00,2024-09-13 15:00:00+00:00,2024-09-13 16:00:00+00:00,2024-09-06 17:30:00 IST,2024-09-05 12:30:00 IST,2024-09-06 18:30:00 IST,2024-09-13 20:30:00 IST,2024-09-13 20:30:00 IST,2024-09-13 21:30:00 IST,2417.0,2398.0,19.0,0.7908,2398.0,2417.0,2402.75,2417.0,2388.3335,0.5931,59.01,59.01,A,1.0,42.2,1.7598,2.2211,0,0,171,171.0,1,35.0,35.41,0.1269105477709984,-39.72,2.688103372232304,158.638184713748,-0.9408361802813063,-1.0677467280523047,1.6203566441799993,FILLED_SL,SL_HIT,False,1,1.0,-1.0,6.3401,1h,Distal SL breached at 2417.000000.
52,SOLUSD,SHORT,2024-08-31 04:00:00+00:00,2024-08-30 12:00:00+00:00,2024-08-31 08:00:00+00:00,2024-09-13 21:00:00+00:00,2024-09-13 21:00:00+00:00,2024-09-14 05:00:00+00:00,2024-08-31 09:30:00 IST,2024-08-30 17:30:00 IST,2024-08-31 13:30:00 IST,2024-09-14 02:30:00 IST,2024-09-14 02:30:00 IST,2024-09-14 10:30:00 IST,140.787,138.566,2.221,1.5964,138.566,140.787,139.12125,140.787,138.286522,1.1973,29.23,29.23,A,1.0,2.571,1.8554,1.1576,3,0,329,329.0,1,35.0,17.54,0.03789241584844987,15.2,1.6203566441799993,47.36551981056234,0.28419311886337406,0.24630070301492418,1.8666573471949235,FILLED_TP,TP_HIT,False,8,8.0,0.5011,6.8412,1h,Fixed +0.60% TP reached at 138.286522.
53,BTCUSD,LONG,2024-09-13 03:00:00+00:00,2024-09-12 13:00:00+00:00,2024-09-13 14:00:00+00:00,2024-09-16 14:00:00+00:00,2024-09-16 14:00:00+00:00,2024-09-16 17:00:00+00:00,2024-09-13 08:30:00 IST,2024-09-12 18:30:00 IST,2024-09-13 19:30:00 IST,2024-09-16 19:30:00 IST,2024-09-16 19:30:00 IST,2024-09-16 22:30:00 IST,57866.5,57331.0,535.5,0.9276,57866.5,57331.0,57732.625,57331.0,58079.02075,0.6957,50.31,50.31,A,1.0,679.5,1.1743,1.2689,3,3,83,83.0,1,35.0,30.19,0.07513169751919778,26.16,1.8666573471949235,93.91462189899723,0.5634877313939833,0.48835603387478554,2.355013381069709,FILLED_TP,TP_HIT,False,3,3.0,0.8625,7.7037,1h,Fixed +0.60% TP reached at 58079.020750.
54,SOLUSD,LONG,2024-09-17 06:00:00+00:00,2024-09-16 14:00:00+00:00,2024-09-17 14:00:00+00:00,2024-09-17 19:00:00+00:00,2024-09-17 19:00:00+00:00,2024-09-18 09:00:00+00:00,2024-09-17 11:30:00 IST,2024-09-16 19:30:00 IST,2024-09-17 19:30:00 IST,2024-09-18 00:30:00 IST,2024-09-18 00:30:00 IST,2024-09-18 14:30:00 IST,132.39,129.947,2.443,1.8539,132.39,129.947,131.77925,129.947,132.569925,1.3904,25.17,25.17,A,1.0,2.479,1.8725,1.0147,0,4,13,13.0,1,35.0,15.1,0.04742569583149304,-37.01,2.355013381069709,59.28211978936629,-0.8242546833743981,-0.8716803792058911,1.483333001863818,FILLED_SL,SL_HIT,False,14,14.0,-1.0,6.7037,1h,Distal SL breached at 129.947000.
55,SOLUSD,SHORT,2024-08-28 09:00:00+00:00,2024-08-28 05:00:00+00:00,2024-08-28 14:00:00+00:00,2024-09-20 04:00:00+00:00,2024-09-20 04:00:00+00:00,2024-09-20 05:00:00+00:00,2024-08-28 14:30:00 IST,2024-08-28 10:30:00 IST,2024-08-28 19:30:00 IST,2024-09-20 09:30:00 IST,2024-09-20 09:30:00 IST,2024-09-20 10:30:00 IST,149.331,147.248,2.083,1.4096,147.248,149.331,147.76875,149.331,146.882137,1.0572,33.11,33.11,A,1.0,3.17,2.1528,1.5218,1,1,547,547.0,1,35.0,19.86,0.0392851808515703,-37.65,1.483333001863818,49.106476064462875,-0.5191665506523363,-0.5584517315039066,0.9248812703599114,FILLED_SL,SL_HIT,False,1,1.0,-1.0,5.7037,1h,Distal SL breached at 149.331000.
56,XRPUSD,LONG,2024-09-23 08:00:00+00:00,2024-09-23 00:00:00+00:00,2024-09-25 01:00:00+00:00,2024-09-25 06:00:00+00:00,2024-09-25 06:00:00+00:00,2024-09-25 09:00:00+00:00,2024-09-23 13:30:00 IST,2024-09-23 05:30:00 IST,2024-09-25 06:30:00 IST,2024-09-25 11:30:00 IST,2024-09-25 11:30:00 IST,2024-09-25 14:30:00 IST,0.588,0.58,0.008,1.3652,0.588,0.58,0.586,0.58,0.589516,1.0239,34.18,34.18,A,1.0,0.008,1.3605,1.0,11,23,46,46.0,1,35.0,20.51,0.025292419806775688,17.78,0.9248812703599114,31.615524758469608,0.18969314855081765,0.16440072874404196,1.0892819991039533,FILLED_TP,TP_HIT,False,3,3.0,0.586,6.2897,1h,Fixed +0.60% TP reached at 0.589516.
57,BTCUSD,SHORT,2024-09-25 03:00:00+00:00,2024-08-25 23:00:00+00:00,2024-09-25 13:00:00+00:00,2024-09-26 10:00:00+00:00,2024-09-26 10:00:00+00:00,2024-09-26 14:00:00+00:00,2024-09-25 08:30:00 IST,2024-08-26 04:30:00 IST,2024-09-25 18:30:00 IST,2024-09-26 15:30:00 IST,2024-09-26 15:30:00 IST,2024-09-26 19:30:00 IST,65062.0,64193.0,869.0,1.3492,64193.0,65062.0,64410.25,65062.0,64023.7885,1.0119,34.59,34.59,A,1.0,882.5,1.3748,1.0155,8,1,31,31.0,1,35.0,20.75,0.030142016489727527,-37.77,1.0892819991039533,37.677520612159405,-0.38124869968638364,-0.41139071617611117,0.6778912829278421,FILLED_SL,SL_HIT,False,4,4.0,-1.0,5.2897,1h,Distal SL breached at 65062.000000.
58,SOLUSD,LONG,2024-09-27 10:00:00+00:00,2024-09-26 23:00:00+00:00,2024-09-27 14:00:00+00:00,2024-09-28 08:00:00+00:00,2024-09-28 08:00:00+00:00,2024-09-28 09:00:00+00:00,2024-09-27 15:30:00 IST,2024-09-27 04:30:00 IST,2024-09-27 19:30:00 IST,2024-09-28 13:30:00 IST,2024-09-28 13:30:00 IST,2024-09-28 14:30:00 IST,156.258,153.95,2.308,1.4825,156.258,153.95,155.681,153.95,156.615086,1.1119,31.48,31.48,A,1.0,4.742,3.0347,2.0546,1,2,22,22.0,1,35.0,18.89,0.01707090813916617,16.37,0.6778912829278421,21.338635173957712,0.12803181104374625,0.11096090290458008,0.7888521858324221,FILLED_TP,TP_HIT,False,1,1.0,0.5396,5.8293,1h,Fixed +0.60% TP reached at 156.615086.
59,ETHUSD,LONG,2024-09-26 00:00:00+00:00,2024-09-22 21:00:00+00:00,2024-09-26 05:00:00+00:00,2024-10-01 13:00:00+00:00,2024-10-01 13:00:00+00:00,2024-10-01 14:00:00+00:00,2024-09-26 05:30:00 IST,2024-09-23 02:30:00 IST,2024-09-26 10:30:00 IST,2024-10-01 18:30:00 IST,2024-10-01 18:30:00 IST,2024-10-01 19:30:00 IST,2580.05,2545.0,35.05,1.3631,2580.05,2545.0,2571.2875,2545.0,2586.715225,1.0223,34.23,34.23,A,1.0,36.65,1.4205,1.0456,4,1,133,133.0,1,35.0,20.54,0.02160503715218244,-37.74,0.7888521858324221,27.00629644022805,-0.2760982650413477,-0.29770330219353014,0.491148883638892,FILLED_SL,DUAL_TOUCH_CONSERVATIVE_SL,True,1,1.0,-1.0,4.8293,1h,Dual-touch: both TP and SL hit same candle. Conservative SL-first applied.
60,SOLUSD,SHORT,2024-10-04 12:00:00+00:00,2024-10-03 03:00:00+00:00,2024-10-04 13:00:00+00:00,2024-10-04 15:00:00+00:00,2024-10-04 15:00:00+00:00,2024-10-04 16:00:00+00:00,2024-10-04 17:30:00 IST,2024-10-03 08:30:00 IST,2024-10-04 18:30:00 IST,2024-10-04 20:30:00 IST,2024-10-04 20:30:00 IST,2024-10-04 21:30:00 IST,142.861,141.683,1.178,0.8297,141.683,142.861,141.9775,142.861,141.125635,0.6223,56.24,56.24,A,1.0,1.2965,0.9151,1.1006,0,1,3,3.0,1,35.0,33.75,0.022099587295433463,-39.5,0.491148883638892,27.62448411929183,-0.17190210927361219,-0.19400169656904565,0.29714718706984633,FILLED_SL,SL_HIT,False,1,1.0,-1.0,3.8293,1h,Distal SL breached at 142.861000.
61,ETHUSD,SHORT,2024-10-05 09:00:00+00:00,2024-10-04 19:00:00+00:00,2024-10-05 13:00:00+00:00,2024-10-06 09:00:00+00:00,2024-10-06 09:00:00+00:00,2024-10-06 13:00:00+00:00,2024-10-05 14:30:00 IST,2024-10-05 00:30:00 IST,2024-10-05 18:30:00 IST,2024-10-06 14:30:00 IST,2024-10-06 14:30:00 IST,2024-10-06 18:30:00 IST,2436.5,2424.7,11.8,0.4861,2424.7,2436.5,2427.65,2436.5,2413.0841,0.3646,96.01,96.01,A,1.0,16.3,0.6722,1.3814,3,0,24,24.0,1,35.0,57.61,0.022822985676070415,-42.68,0.29714718706984633,28.528732095088017,-0.10400151547444621,-0.12682450115051663,0.1703226859193297,FILLED_SL,SL_HIT,False,4,4.0,-1.0,2.8293,1h,Distal SL breached at 2436.500000.
62,ETHUSD,LONG,2024-10-06 21:00:00+00:00,2024-10-06 01:00:00+00:00,2024-10-06 23:00:00+00:00,2024-10-07 22:00:00+00:00,2024-10-07 22:00:00+00:00,2024-10-07 23:00:00+00:00,2024-10-07 02:30:00 IST,2024-10-06 06:30:00 IST,2024-10-07 04:30:00 IST,2024-10-08 03:30:00 IST,2024-10-08 03:30:00 IST,2024-10-08 04:30:00 IST,2423.25,2409.05,14.2,0.5868,2423.25,2409.05,2419.7,2409.05,2434.2182,0.4401,79.52,79.52,A,1.0,19.0,0.7841,1.338,1,1,25,25.0,1,35.0,47.71,0.010835337546791037,-41.36,0.1703226859193297,13.544171933488794,-0.05961294007176539,-0.07044827761855643,0.09987440830077327,FILLED_SL,SL_HIT,False,1,1.0,-1.0,1.8293,1h,Distal SL breached at 2409.050000.
63,XRPUSD,LONG,2024-10-06 21:00:00+00:00,2024-10-06 10:00:00+00:00,2024-10-06 23:00:00+00:00,2024-10-08 00:00:00+00:00,2024-10-08 00:00:00+00:00,2024-10-08 01:00:00+00:00,2024-10-07 02:30:00 IST,2024-10-06 15:30:00 IST,2024-10-07 04:30:00 IST,2024-10-08 05:30:00 IST,2024-10-08 05:30:00 IST,2024-10-08 06:30:00 IST,0.5308,0.5285,0.0023,0.4338,0.5308,0.5285,0.530225,0.5285,0.533406,0.3253,107.58,100.0,A,1.0,0.0039,0.7347,1.6957,1,0,27,27.0,1,32.53,60.0,0.007989952664061863,52.0,0.09987440830077327,9.987440830077327,0.05992464498046396,0.0519346923164021,0.15180910061717537,FILLED_TP,TP_HIT,False,1,1.0,1.8443,3.6736,1h,Fixed +0.60% TP reached at 0.533406.
64,SOLUSD,LONG,2024-10-08 07:00:00+00:00,2024-10-06 04:00:00+00:00,2024-10-08 10:00:00+00:00,2024-10-08 13:00:00+00:00,2024-10-08 13:00:00+00:00,2024-10-08 14:00:00+00:00,2024-10-08 12:30:00 IST,2024-10-06 09:30:00 IST,2024-10-08 15:30:00 IST,2024-10-08 18:30:00 IST,2024-10-08 18:30:00 IST,2024-10-08 19:30:00 IST,143.109,142.089,1.02,0.714,143.109,142.089,142.854,142.089,143.711124,0.5355,65.36,65.36,A,1.0,1.207,0.8434,1.1833,1,1,6,6.0,1,35.0,39.21,0.007937556121148175,33.99,0.15180910061717537,9.921945151435219,0.05953167090861132,0.05159411478746315,0.20340321540463852,FILLED_TP,TP_HIT,False,1,1.0,1.1204,4.794,1h,Fixed +0.60% TP reached at 143.711124.
65,XRPUSD,LONG,2024-10-04 06:00:00+00:00,2024-10-04 00:00:00+00:00,2024-10-04 16:00:00+00:00,2024-10-08 15:00:00+00:00,2024-10-08 15:00:00+00:00,2024-10-08 16:00:00+00:00,2024-10-04 11:30:00 IST,2024-10-04 05:30:00 IST,2024-10-04 21:30:00 IST,2024-10-08 20:30:00 IST,2024-10-08 20:30:00 IST,2024-10-08 21:30:00 IST,0.5229,0.5153,0.0076,1.4587,0.5229,0.5153,0.521,0.5153,0.524126,1.094,31.99,31.99,A,1.0,0.0101,1.9315,1.3289,2,3,105,105.0,1,35.0,19.19,0.005205694923373416,16.64,0.20340321540463852,6.50711865421677,0.039042711925300615,0.0338370170019272,0.23724023240656572,FILLED_TP,TP_HIT,False,1,1.0,0.5484,5.3424,1h,Fixed +0.60% TP reached at 0.524126.
66,ETHUSD,LONG,2024-10-09 13:00:00+00:00,2024-10-08 07:00:00+00:00,2024-10-09 15:00:00+00:00,2024-10-09 17:00:00+00:00,2024-10-09 17:00:00+00:00,2024-10-09 18:00:00+00:00,2024-10-09 18:30:00 IST,2024-10-08 12:30:00 IST,2024-10-09 20:30:00 IST,2024-10-09 22:30:00 IST,2024-10-09 22:30:00 IST,2024-10-09 23:30:00 IST,2436.05,2410.3,25.75,1.0598,2436.05,2410.3,2429.6125,2410.3,2444.190175,0.7949,44.03,44.03,A,1.0,36.6,1.5024,1.4214,1,1,4,4.0,1,35.0,26.42,0.008356893906237475,-38.52,0.23724023240656572,10.446117382796842,-0.08303408134229799,-0.09139097524853547,0.14584925715803027,FILLED_SL,SL_HIT,False,1,1.0,-1.0,4.3424,1h,Distal SL breached at 2410.300000.
67,XRPUSD,LONG,2024-10-10 01:00:00+00:00,2024-10-08 15:00:00+00:00,2024-10-10 12:00:00+00:00,2024-10-10 18:00:00+00:00,2024-10-10 18:00:00+00:00,2024-10-10 20:00:00+00:00,2024-10-10 06:30:00 IST,2024-10-08 20:30:00 IST,2024-10-10 17:30:00 IST,2024-10-10 23:30:00 IST,2024-10-10 23:30:00 IST,2024-10-11 01:30:00 IST,0.5289,0.521,0.0079,1.4993,0.5289,0.521,0.526925,0.521,0.530087,1.1244,31.13,31.13,A,1.0,0.0095,1.7962,1.2025,0,7,17,17.0,1,35.0,18.68,0.0036318065066393893,16.19,0.14584925715803027,4.5397581332992365,0.027238548799795412,0.023606742293156024,0.16945599945118628,FILLED_TP,TP_HIT,False,2,2.0,0.5336,4.876,1h,Fixed +0.60% TP reached at 0.530087.
68,XRPUSD,LONG,2024-10-12 02:00:00+00:00,2024-10-11 12:00:00+00:00,2024-10-12 10:00:00+00:00,2024-10-13 01:00:00+00:00,2024-10-13 01:00:00+00:00,2024-10-13 08:00:00+00:00,2024-10-12 07:30:00 IST,2024-10-11 17:30:00 IST,2024-10-12 15:30:00 IST,2024-10-13 06:30:00 IST,2024-10-13 06:30:00 IST,2024-10-13 13:30:00 IST,0.5373,0.5343,0.003,0.5591,0.5373,0.5343,0.53655,0.5343,0.539769,0.4193,83.46,83.46,A,1.0,0.0035,0.6514,1.1667,5,2,23,23.0,1,35.0,50.08,0.011314690054022138,-41.68,0.16945599945118628,14.143362567527673,-0.05930959980791519,-0.07062428986193733,0.09883170958924895,FILLED_SL,SL_HIT,False,7,7.0,-1.0,3.876,1h,Distal SL breached at 0.534300.
69,XRPUSD,SHORT,2024-10-13 06:00:00+00:00,2024-10-12 18:00:00+00:00,2024-10-13 08:00:00+00:00,2024-10-14 03:00:00+00:00,2024-10-14 03:00:00+00:00,2024-10-14 09:00:00+00:00,2024-10-13 11:30:00 IST,2024-10-12 23:30:00 IST,2024-10-13 13:30:00 IST,2024-10-14 08:30:00 IST,2024-10-14 08:30:00 IST,2024-10-14 14:30:00 IST,0.5402,0.5373,0.0029,0.539,0.5373,0.5402,0.538025,0.5402,0.534797,0.4043,86.58,86.58,A,1.0,0.0038,0.7072,1.3103,0,0,21,21.0,1,35.0,51.95,0.006845379565283368,-41.93,0.09883170958924895,8.55672445660421,-0.03459109835623713,-0.0414364779215205,0.05739523166772845,FILLED_SL,SL_HIT,False,6,6.0,-1.0,2.876,1h,Distal SL breached at 0.540200.
70,XRPUSD,SHORT,2024-10-20 14:00:00+00:00,2024-10-19 23:00:00+00:00,2024-10-20 15:00:00+00:00,2024-10-20 16:00:00+00:00,2024-10-20 16:00:00+00:00,2024-10-20 18:00:00+00:00,2024-10-20 19:30:00 IST,2024-10-20 04:30:00 IST,2024-10-20 20:30:00 IST,2024-10-20 21:30:00 IST,2024-10-20 21:30:00 IST,2024-10-20 23:30:00 IST,0.5453,0.5437,0.0016,0.2941,0.5437,0.5453,0.5441,0.5453,0.540835,0.2205,158.7,100.0,A,1.0,0.0026,0.4782,1.625,0,1,2,2.0,1,22.05,60.0,0.004591618533418276,-30.05,0.05739523166772845,5.739523166772845,-0.012658385958697468,-0.017250004492115743,0.040145227175612704,FILLED_SL,SL_HIT,False,2,2.0,-1.0,1.876,1h,Distal SL breached at 0.545300.
71,XRPUSD,LONG,2024-10-20 13:00:00+00:00,2024-10-15 12:00:00+00:00,2024-10-20 22:00:00+00:00,2024-10-22 00:00:00+00:00,2024-10-22 00:00:00+00:00,2024-10-22 01:00:00+00:00,2024-10-20 18:30:00 IST,2024-10-15 17:30:00 IST,2024-10-21 03:30:00 IST,2024-10-22 05:30:00 IST,2024-10-22 05:30:00 IST,2024-10-22 06:30:00 IST,0.5418,0.5362,0.0056,1.0363,0.5418,0.5362,0.5404,0.5362,0.543642,0.7772,45.03,45.03,A,1.0,0.0073,1.3474,1.3036,7,0,35,35.0,1,35.0,27.02,0.0014462987177134134,23.42,0.040145227175612704,1.8078733971417666,0.0108472403828506,0.009400941665137186,0.04954616884074989,FILLED_TP,TP_HIT,False,1,1.0,0.772,2.648,1h,Fixed +0.60% TP reached at 0.543642.
72,ETHUSD,LONG,2024-10-17 19:00:00+00:00,2024-10-15 20:00:00+00:00,2024-10-18 01:00:00+00:00,2024-10-23 08:00:00+00:00,2024-10-23 08:00:00+00:00,2024-10-23 09:00:00+00:00,2024-10-18 00:30:00 IST,2024-10-16 01:30:00 IST,2024-10-18 06:30:00 IST,2024-10-23 13:30:00 IST,2024-10-23 13:30:00 IST,2024-10-23 14:30:00 IST,2596.0,2564.4,31.6,1.221,2596.0,2564.4,2588.1,2564.4,2603.6286,0.9157,38.22,38.22,A,1.0,56.4,2.1726,1.7848,5,0,133,133.0,1,35.0,22.93,0.0015149587798096546,-38.06,0.04954616884074989,1.8936984747620682,-0.01734115909426246,-0.018856117874072115,0.030690050966677773,FILLED_SL,SL_HIT,False,1,1.0,-1.0,1.648,1h,Distal SL breached at 2564.400000.
73,SOLUSD,LONG,2024-10-24 08:00:00+00:00,2024-10-23 22:00:00+00:00,2024-10-24 11:00:00+00:00,2024-10-25 07:00:00+00:00,2024-10-25 07:00:00+00:00,2024-10-25 08:00:00+00:00,2024-10-24 13:30:00 IST,2024-10-24 03:30:00 IST,2024-10-24 16:30:00 IST,2024-10-25 12:30:00 IST,2024-10-25 12:30:00 IST,2024-10-25 13:30:00 IST,172.059,170.1,1.959,1.1418,172.059,170.1,171.56925,170.1,172.598666,0.8564,40.87,40.87,A,1.0,2.008,1.167,1.025,1,1,23,23.0,1,35.0,24.52,0.0010034584498949083,21.25,0.030690050966677773,1.2543230623686352,0.007525938374211811,0.006522479924316903,0.037212530890994674,FILLED_TP,TP_HIT,False,1,1.0,0.7006,2.3486,1h,Fixed +0.60% TP reached at 172.598666.
74,SOLUSD,SHORT,2024-07-31 01:00:00+00:00,2024-07-30 05:00:00+00:00,2024-07-31 19:00:00+00:00,2024-10-29 02:00:00+00:00,2024-10-29 02:00:00+00:00,2024-10-29 03:00:00+00:00,2024-07-31 06:30:00 IST,2024-07-30 10:30:00 IST,2024-08-01 00:30:00 IST,2024-10-29 07:30:00 IST,2024-10-29 07:30:00 IST,2024-10-29 08:30:00 IST,184.844,181.454,3.39,1.8596,181.454,184.844,182.3015,184.844,181.207691,1.3947,25.1,25.1,A,1.0,6.24,3.4389,1.8407,3,10,2161,2161.0,1,35.0,15.06,0.0007470961872420509,13.05,0.037212530890994674,0.9338702340525635,0.005603221404315382,0.004856125217073331,0.04206865610806801,FILLED_TP,TP_HIT,False,1,1.0,0.4302,2.7788,1h,Fixed +0.60% TP reached at 181.207691.
75,ETHUSD,LONG,2024-10-29 20:00:00+00:00,2024-10-29 03:00:00+00:00,2024-10-29 22:00:00+00:00,2024-10-30 00:00:00+00:00,2024-10-30 00:00:00+00:00,2024-10-30 01:00:00+00:00,2024-10-30 01:30:00 IST,2024-10-29 08:30:00 IST,2024-10-30 03:30:00 IST,2024-10-30 05:30:00 IST,2024-10-30 05:30:00 IST,2024-10-30 06:30:00 IST,2624.1,2606.5,17.6,0.6718,2624.1,2606.5,2619.7,2606.5,2635.4182,0.5039,69.46,69.46,A,1.0,25.9,0.987,1.4716,0,1,4,4.0,1,35.0,41.68,0.0023377297237701547,-40.56,0.04206865610806801,2.922162154712693,-0.014724029637823802,-0.017061759361593955,0.025006896746474053,FILLED_SL,SL_HIT,False,1,1.0,-1.0,1.7788,1h,Distal SL breached at 2606.500000.
76,XRPUSD,SHORT,2024-10-30 09:00:00+00:00,2024-10-30 06:00:00+00:00,2024-10-30 11:00:00+00:00,2024-10-30 14:00:00+00:00,2024-10-30 14:00:00+00:00,2024-10-30 15:00:00+00:00,2024-10-30 14:30:00 IST,2024-10-30 11:30:00 IST,2024-10-30 16:30:00 IST,2024-10-30 19:30:00 IST,2024-10-30 19:30:00 IST,2024-10-30 20:30:00 IST,0.5268,0.5246,0.0022,0.4189,0.5246,0.5268,0.52515,0.5268,0.521999,0.3142,111.4,100.0,A,1.0,0.0039,0.7434,1.7727,1,1,5,5.0,1,31.42,60.0,0.0020005517397179247,52.0,0.025006896746474053,2.5006896746474054,0.015004138047884431,0.013003586308166507,0.03801048305464056,FILLED_TP,TP_HIT,False,1,1.0,1.9096,3.6885,1h,Fixed +0.60% TP reached at 0.521999.
77,XRPUSD,SHORT,2024-10-31 10:00:00+00:00,2024-10-30 15:00:00+00:00,2024-10-31 13:00:00+00:00,2024-11-01 09:00:00+00:00,2024-11-01 09:00:00+00:00,2024-11-01 10:00:00+00:00,2024-10-31 15:30:00 IST,2024-10-30 20:30:00 IST,2024-10-31 18:30:00 IST,2024-11-01 14:30:00 IST,2024-11-01 14:30:00 IST,2024-11-01 15:30:00 IST,0.5262,0.5207,0.0055,1.0535,0.5207,0.5262,0.522075,0.5262,0.518943,0.7901,44.3,44.3,A,1.0,0.0069,1.3251,1.2545,2,0,23,23.0,1,35.0,26.58,0.0013470085874934547,23.03,0.03801048305464056,1.6837607343668184,0.01010256440620091,0.008755555818707454,0.046766038873348015,FILLED_TP,TP_HIT,False,1,1.0,0.7594,4.4479,1h,Fixed +0.60% TP reached at 0.518943.
78,ETHUSD,SHORT,2024-11-03 17:00:00+00:00,2024-11-03 08:00:00+00:00,2024-11-03 18:00:00+00:00,2024-11-03 19:00:00+00:00,2024-11-03 19:00:00+00:00,2024-11-03 20:00:00+00:00,2024-11-03 22:30:00 IST,2024-11-03 13:30:00 IST,2024-11-03 23:30:00 IST,2024-11-04 00:30:00 IST,2024-11-04 00:30:00 IST,2024-11-04 01:30:00 IST,2462.45,2443.8,18.65,0.7617,2443.8,2462.45,2448.4625,2462.45,2433.771725,0.5713,61.27,61.27,A,1.0,33.45,1.3688,1.7936,0,1,2,2.0,1,35.0,36.76,0.002292144406604639,-39.9,0.046766038873348015,2.865180508255799,-0.016368113605671804,-0.018660258012276443,0.028105780861071572,FILLED_SL,SL_HIT,False,1,1.0,-1.0,3.4479,1h,Distal SL breached at 2462.450000.
79,SOLUSD,LONG,2024-11-06 23:00:00+00:00,2024-11-06 15:00:00+00:00,2024-11-07 01:00:00+00:00,2024-11-07 06:00:00+00:00,2024-11-07 06:00:00+00:00,2024-11-07 07:00:00+00:00,2024-11-07 04:30:00 IST,2024-11-06 20:30:00 IST,2024-11-07 06:30:00 IST,2024-11-07 11:30:00 IST,2024-11-07 11:30:00 IST,2024-11-07 12:30:00 IST,187.873,184.359,3.514,1.8792,187.873,184.359,186.9945,184.359,188.116467,1.4094,24.83,24.83,A,1.0,4.108,2.1866,1.169,0,1,7,7.0,1,35.0,14.9,0.0005583666867703256,12.91,0.028105780861071572,0.697958358462907,0.004187750150777442,0.0036293834640071165,0.03173516432507869,FILLED_TP,TP_HIT,False,1,1.0,0.4257,3.8736,1h,Fixed +0.60% TP reached at 188.116467.
80,SOLUSD,LONG,2024-11-08 16:00:00+00:00,2024-11-08 02:00:00+00:00,2024-11-08 18:00:00+00:00,2024-11-08 20:00:00+00:00,2024-11-08 20:00:00+00:00,2024-11-08 21:00:00+00:00,2024-11-08 21:30:00 IST,2024-11-08 07:30:00 IST,2024-11-08 23:30:00 IST,2024-11-09 01:30:00 IST,2024-11-09 01:30:00 IST,2024-11-09 02:30:00 IST,198.599,195.72,2.879,1.4549,198.599,195.72,197.87925,195.72,199.066525,1.0912,32.07,32.07,A,1.0,3.522,1.7734,1.2233,0,1,4,4.0,1,35.0,19.24,0.0008143218915255496,16.68,0.03173516432507869,1.017902364406937,0.006107414186441622,0.005293092294916073,0.03702825661999476,FILLED_TP,TP_HIT,False,1,1.0,0.5499,4.4234,1h,Fixed +0.60% TP reached at 199.066525.
81,SOLUSD,LONG,2024-11-08 02:00:00+00:00,2024-11-07 23:00:00+00:00,2024-11-08 03:00:00+00:00,2024-11-09 17:00:00+00:00,2024-11-09 17:00:00+00:00,2024-11-09 18:00:00+00:00,2024-11-08 07:30:00 IST,2024-11-08 04:30:00 IST,2024-11-08 08:30:00 IST,2024-11-09 22:30:00 IST,2024-11-09 22:30:00 IST,2024-11-09 23:30:00 IST,196.385,194.208,2.177,1.1116,196.385,194.208,195.84075,194.208,197.015794,0.8337,41.98,41.98,A,1.0,2.224,1.1325,1.0216,0,0,39,39.0,1,35.0,25.19,0.0012435826877002865,21.83,0.03702825661999476,1.554478359625358,0.009326870157752147,0.00808328747005186,0.04511154409004662,FILLED_TP,TP_HIT,False,1,1.0,0.7197,5.1431,1h,Fixed +0.60% TP reached at 197.015794.
82,ETHUSD,SHORT,2024-07-31 13:00:00+00:00,2024-07-30 13:00:00+00:00,2024-07-31 16:00:00+00:00,2024-11-11 19:00:00+00:00,2024-11-11 19:00:00+00:00,2024-11-11 20:00:00+00:00,2024-07-31 18:30:00 IST,2024-07-30 18:30:00 IST,2024-07-31 21:30:00 IST,2024-11-12 00:30:00 IST,2024-11-12 00:30:00 IST,2024-11-12 01:30:00 IST,3366.7,3328.15,38.55,1.155,3328.15,3366.7,3337.7875,3366.7,3317.760775,0.8662,40.41,40.41,A,1.0,43.8,1.316,1.1362,2,1,2478,2478.0,1,35.0,24.24,0.0014582056007418226,-38.23,0.04511154409004662,1.8227570009272782,-0.015789040431516316,-0.017247246032258138,0.02786429805778848,FILLED_SL,DUAL_TOUCH_CONSERVATIVE_SL,True,1,1.0,-1.0,4.1431,1h,Dual-touch: both TP and SL hit same candle. Conservative SL-first applied.
83,BTCUSD,SHORT,2024-11-12 20:00:00+00:00,2024-11-12 07:00:00+00:00,2024-11-12 22:00:00+00:00,2024-11-13 13:00:00+00:00,2024-11-13 13:00:00+00:00,2024-11-13 14:00:00+00:00,2024-11-13 01:30:00 IST,2024-11-12 12:30:00 IST,2024-11-13 03:30:00 IST,2024-11-13 18:30:00 IST,2024-11-13 18:30:00 IST,2024-11-13 19:30:00 IST,90026.0,89076.0,950.0,1.0637,89076.0,90026.0,89313.5,90026.0,88777.619,0.7978,43.87,43.87,A,1.0,1437.0,1.6132,1.5126,1,1,17,17.0,1,35.0,26.32,0.0009779989272752304,-38.51,0.02786429805778848,1.222498659094038,-0.009752504320225968,-0.010730503247501199,0.017133794810287283,FILLED_SL,DUAL_TOUCH_CONSERVATIVE_SL,True,1,1.0,-1.0,3.1431,1h,Dual-touch: both TP and SL hit same candle. Conservative SL-first applied.
84,SOLUSD,LONG,2024-11-14 14:00:00+00:00,2024-11-13 21:00:00+00:00,2024-11-14 16:00:00+00:00,2024-11-14 22:00:00+00:00,2024-11-14 22:00:00+00:00,2024-11-15 00:00:00+00:00,2024-11-14 19:30:00 IST,2024-11-14 02:30:00 IST,2024-11-14 21:30:00 IST,2024-11-15 03:30:00 IST,2024-11-15 03:30:00 IST,2024-11-15 05:30:00 IST,211.831,206.48,5.351,2.5421,211.831,206.48,210.49325,206.48,211.756209,1.9066,18.36,18.36,A,1.0,5.388,2.5435,1.0069,0,2,8,8.0,1,35.0,11.01,0.00025162486345135267,9.55,0.017133794810287283,0.31453107931419083,0.0018871864758851452,0.0016355616124337925,0.018769356422721074,FILLED_TP,TP_HIT,False,2,2.0,0.3147,3.4578,1h,Fixed +0.60% TP reached at 211.756209.
85,SOLUSD,SHORT,2024-11-15 13:00:00+00:00,2024-11-14 17:00:00+00:00,2024-11-15 14:00:00+00:00,2024-11-15 20:00:00+00:00,2024-11-15 20:00:00+00:00,2024-11-15 21:00:00+00:00,2024-11-15 18:30:00 IST,2024-11-14 22:30:00 IST,2024-11-15 19:30:00 IST,2024-11-16 01:30:00 IST,2024-11-16 01:30:00 IST,2024-11-16 02:30:00 IST,217.171,214.544,2.627,1.2207,214.544,217.171,215.20075,217.171,213.909546,0.9155,38.23,38.23,A,1.0,4.263,1.987,1.6228,0,1,7,7.0,1,35.0,22.94,0.0005740237442823671,-38.06,0.018769356422721074,0.7175296803529588,-0.006569274747952375,-0.007143298492234743,0.011626057930486332,FILLED_SL,SL_HIT,False,1,1.0,-1.0,2.4578,1h,Distal SL breached at 217.171000.
86,BTCUSD,SHORT,2024-11-16 18:00:00+00:00,2024-11-16 05:00:00+00:00,2024-11-16 22:00:00+00:00,2024-11-17 09:00:00+00:00,2024-11-17 09:00:00+00:00,2024-11-17 11:00:00+00:00,2024-11-16 23:30:00 IST,2024-11-16 10:30:00 IST,2024-11-17 03:30:00 IST,2024-11-17 14:30:00 IST,2024-11-17 14:30:00 IST,2024-11-17 16:30:00 IST,91851.0,91198.5,652.5,0.7142,91198.5,91851.0,91361.625,91851.0,90813.45525,0.5356,65.34,65.34,A,1.0,841.0,0.9222,1.2889,2,1,15,15.0,1,35.0,39.2,0.0006077326233758226,33.98,0.011626057930486332,0.7596657792197782,0.004557994675318669,0.003950262051942846,0.015576319982429178,FILLED_TP,TP_HIT,False,2,2.0,1.1201,3.5779,1h,Fixed +0.60% TP reached at 90813.455250.
87,BTCUSD,LONG,2024-11-18 18:00:00+00:00,2024-11-18 13:00:00+00:00,2024-11-18 20:00:00+00:00,2024-11-18 23:00:00+00:00,2024-11-18 23:00:00+00:00,2024-11-19 00:00:00+00:00,2024-11-18 23:30:00 IST,2024-11-18 18:30:00 IST,2024-11-19 01:30:00 IST,2024-11-19 04:30:00 IST,2024-11-19 04:30:00 IST,2024-11-19 05:30:00 IST,90639.0,89419.5,1219.5,1.35,90639.0,89419.5,90334.125,89419.5,90876.12975,1.0125,34.57,34.57,A,1.0,1361.5,1.5021,1.1164,0,1,5,5.0,1,35.0,20.74,0.000430756327645944,17.98,0.015576319982429178,0.5384454095574299,0.0032306724573445793,0.0027999161296986355,0.018376236112127815,FILLED_TP,TP_HIT,False,1,1.0,0.5926,4.1705,1h,Fixed +0.60% TP reached at 90876.129750.
88,ETHUSD,LONG,2024-11-18 12:00:00+00:00,2024-11-17 22:00:00+00:00,2024-11-18 15:00:00+00:00,2024-11-19 14:00:00+00:00,2024-11-19 14:00:00+00:00,2024-11-19 15:00:00+00:00,2024-11-18 17:30:00 IST,2024-11-18 03:30:00 IST,2024-11-18 20:30:00 IST,2024-11-19 19:30:00 IST,2024-11-19 19:30:00 IST,2024-11-19 20:30:00 IST,3091.65,3044.6,47.05,1.5277,3091.65,3044.6,3079.8875,3044.6,3098.366825,1.1457,30.55,30.55,A,1.0,68.85,2.227,1.4633,0,2,26,26.0,1,35.0,18.33,0.00044908500663582107,15.88,0.018376236112127815,0.5613562582947763,0.003368137549768658,0.002919052543132837,0.02129528865526065,FILLED_TP,TP_HIT,False,1,1.0,0.5237,4.6942,1h,Fixed +0.60% TP reached at 3098.366825.
89,ETHUSD,LONG,2024-11-18 11:00:00+00:00,2024-11-15 15:00:00+00:00,2024-11-18 14:00:00+00:00,2024-11-20 18:00:00+00:00,2024-11-20 18:00:00+00:00,2024-11-20 20:00:00+00:00,2024-11-18 16:30:00 IST,2024-11-15 20:30:00 IST,2024-11-18 19:30:00 IST,2024-11-20 23:30:00 IST,2024-11-20 23:30:00 IST,2024-11-21 01:30:00 IST,3063.3,3016.65,46.65,1.5287,3063.3,3016.65,3051.6375,3016.65,3069.947325,1.1465,30.53,30.53,A,1.0,47.75,1.5588,1.0236,0,0,55,55.0,1,35.0,18.32,0.0005200697506664078,15.87,0.02129528865526065,0.6500871883330097,0.0039005231299980582,0.0033804533793316506,0.024675742034592302,FILLED_TP,TP_HIT,False,2,2.0,0.5233,5.2175,1h,Fixed +0.60% TP reached at 3069.947325.
90,XRPUSD,LONG,2024-11-20 17:00:00+00:00,2024-11-20 03:00:00+00:00,2024-11-21 01:00:00+00:00,2024-11-21 02:00:00+00:00,2024-11-21 02:00:00+00:00,2024-11-21 03:00:00+00:00,2024-11-20 22:30:00 IST,2024-11-20 08:30:00 IST,2024-11-21 06:30:00 IST,2024-11-21 07:30:00 IST,2024-11-21 07:30:00 IST,2024-11-21 08:30:00 IST,1.092,1.057,0.035,3.231,1.092,1.057,1.08325,1.057,1.08975,2.4233,14.44,14.44,A,1.0,0.039,3.5714,1.1143,4,3,9,9.0,1,35.0,8.67,0.0002851199739623681,7.51,0.024675742034592302,0.3563999674529601,0.0021383998047177603,0.0018532798307553922,0.026529021865347693,FILLED_TP,TP_HIT,False,1,1.0,0.2476,5.4651,1h,Fixed +0.60% TP reached at 1.089750.
91,SOLUSD,LONG,2024-11-23 11:00:00+00:00,2024-11-23 02:00:00+00:00,2024-11-23 13:00:00+00:00,2024-11-23 16:00:00+00:00,2024-11-23 16:00:00+00:00,2024-11-23 17:00:00+00:00,2024-11-23 16:30:00 IST,2024-11-23 07:30:00 IST,2024-11-23 18:30:00 IST,2024-11-23 21:30:00 IST,2024-11-23 21:30:00 IST,2024-11-23 22:30:00 IST,256.78,253.46,3.32,1.2971,256.78,253.46,255.95,253.46,257.4857,0.9728,35.98,35.98,A,1.0,3.583,1.3954,1.0792,1,0,5,5.0,1,35.0,21.59,0.0007635457353421778,18.71,0.026529021865347693,0.9544321691777222,0.005726593015066332,0.004963047279724154,0.03149206914507185,FILLED_TP,TP_HIT,False,1,1.0,0.6167,6.0819,1h,Fixed +0.60% TP reached at 257.485700.
92,XRPUSD,LONG,2024-11-25 14:00:00+00:00,2024-11-25 01:00:00+00:00,2024-11-25 16:00:00+00:00,2024-11-25 22:00:00+00:00,2024-11-25 22:00:00+00:00,2024-11-25 23:00:00+00:00,2024-11-25 19:30:00 IST,2024-11-25 06:30:00 IST,2024-11-25 21:30:00 IST,2024-11-26 03:30:00 IST,2024-11-26 03:30:00 IST,2024-11-26 04:30:00 IST,1.4022,1.3567,0.0455,3.2714,1.4022,1.3567,1.390825,1.3567,1.39917,2.4536,14.26,14.26,A,1.0,0.1215,8.665,2.6703,1,1,8,8.0,1,35.0,8.56,0.00035938426312775057,7.42,0.03149206914507185,0.4492303289096882,0.0026953819734581294,0.002335997710330379,0.033828066855402225,FILLED_TP,TP_HIT,False,1,1.0,0.2445,6.3264,1h,Fixed +0.60% TP reached at 1.399170.
93,BTCUSD,LONG,2024-11-19 13:00:00+00:00,2024-11-18 23:00:00+00:00,2024-11-19 14:00:00+00:00,2024-11-26 20:00:00+00:00,2024-11-26 20:00:00+00:00,2024-11-26 21:00:00+00:00,2024-11-19 18:30:00 IST,2024-11-19 04:30:00 IST,2024-11-19 19:30:00 IST,2024-11-27 01:30:00 IST,2024-11-27 01:30:00 IST,2024-11-27 02:30:00 IST,91297.5,90280.5,1017.0,1.1171,91297.5,90280.5,91043.25,90280.5,91589.5095,0.8378,41.78,41.78,A,1.0,1102.5,1.2076,1.0841,0,1,175,175.0,1,35.0,25.07,0.001130578566195041,21.72,0.033828066855402225,1.4132232077438014,0.008479339246462807,0.007348760680267767,0.041176827535669994,FILLED_TP,TP_HIT,False,1,1.0,0.7162,7.0426,1h,Fixed +0.60% TP reached at 91589.509500.
94,BTCUSD,SHORT,2024-11-30 15:00:00+00:00,2024-11-30 06:00:00+00:00,2024-12-01 02:00:00+00:00,2024-12-01 08:00:00+00:00,2024-12-01 08:00:00+00:00,2024-12-01 13:00:00+00:00,2024-11-30 20:30:00 IST,2024-11-30 11:30:00 IST,2024-12-01 07:30:00 IST,2024-12-01 13:30:00 IST,2024-12-01 13:30:00 IST,2024-12-01 18:30:00 IST,97300.0,96654.5,645.5,0.6667,96654.5,97300.0,96815.875,97300.0,96234.97975,0.5,69.99,69.99,A,1.0,910.5,0.942,1.4105,2,7,17,17.0,1,35.0,42.0,0.0023056850287119968,-40.6,0.041176827535669994,2.882106285889996,-0.014411889637484496,-0.016717574666196493,0.0244592528694735,FILLED_SL,SL_HIT,False,5,5.0,-1.0,6.0426,1h,Distal SL breached at 97300.000000.
95,ETHUSD,LONG,2024-12-01 20:00:00+00:00,2024-12-01 10:00:00+00:00,2024-12-01 22:00:00+00:00,2024-12-02 00:00:00+00:00,2024-12-02 00:00:00+00:00,2024-12-02 01:00:00+00:00,2024-12-02 01:30:00 IST,2024-12-01 15:30:00 IST,2024-12-02 03:30:00 IST,2024-12-02 05:30:00 IST,2024-12-02 05:30:00 IST,2024-12-02 06:30:00 IST,3703.7,3677.5,26.2,0.7087,3703.7,3677.5,3697.15,3677.5,3719.3329,0.5315,65.85,65.85,A,1.0,35.0,0.945,1.3359,1,1,4,4.0,1,35.0,39.51,0.0012885632309916119,34.24,0.0244592528694735,1.6107040387395148,0.009664224232437088,0.008375661001445475,0.032834913870918976,FILLED_TP,TP_HIT,False,1,1.0,1.1289,7.1715,1h,Fixed +0.60% TP reached at 3719.332900.
96,BTCUSD,LONG,2024-11-30 10:00:00+00:00,2024-11-29 07:00:00+00:00,2024-12-01 13:00:00+00:00,2024-12-02 04:00:00+00:00,2024-12-02 04:00:00+00:00,2024-12-02 05:00:00+00:00,2024-11-30 15:30:00 IST,2024-11-29 12:30:00 IST,2024-12-01 18:30:00 IST,2024-12-02 09:30:00 IST,2024-12-02 09:30:00 IST,2024-12-02 10:30:00 IST,96479.0,95667.5,811.5,0.8429,96479.0,95667.5,96276.125,95667.5,96853.78175,0.6322,55.37,55.37,A,1.0,990.5,1.0266,1.2206,11,5,42,42.0,1,35.0,33.22,0.001454329211281548,28.79,0.032834913870918976,1.8179115141019349,0.010907469084611607,0.009453139873330059,0.042288053744249036,FILLED_TP,TP_HIT,False,1,1.0,0.9491,8.1206,1h,Fixed +0.60% TP reached at 96853.781750.
97,ETHUSD,SHORT,2024-12-02 18:00:00+00:00,2024-12-02 16:00:00+00:00,2024-12-03 13:00:00+00:00,2024-12-03 23:00:00+00:00,2024-12-03 23:00:00+00:00,2024-12-04 00:00:00+00:00,2024-12-02 23:30:00 IST,2024-12-02 21:30:00 IST,2024-12-03 18:30:00 IST,2024-12-04 04:30:00 IST,2024-12-04 04:30:00 IST,2024-12-04 05:30:00 IST,3684.65,3620.4,64.25,1.7668,3620.4,3684.65,3636.4625,3684.65,3614.643725,1.3251,26.41,26.41,A,1.0,79.8,2.2042,1.242,3,10,29,29.0,1,35.0,15.85,0.0008935532671108677,-37.11,0.042288053744249036,1.1169415838885846,-0.014800818810487162,-0.01569437207759803,0.026593681666651006,FILLED_SL,SL_HIT,False,1,1.0,-1.0,7.1206,1h,Distal SL breached at 3684.650000.
98,XRPUSD,SHORT,2024-12-03 21:00:00+00:00,2024-12-03 09:00:00+00:00,2024-12-03 23:00:00+00:00,2024-12-04 05:00:00+00:00,2024-12-04 05:00:00+00:00,2024-12-04 06:00:00+00:00,2024-12-04 02:30:00 IST,2024-12-03 14:30:00 IST,2024-12-04 04:30:00 IST,2024-12-04 10:30:00 IST,2024-12-04 10:30:00 IST,2024-12-04 11:30:00 IST,2.6896,2.6044,0.0852,3.2448,2.6044,2.6896,2.6257,2.6896,2.609946,2.4336,14.38,14.38,A,1.0,0.0931,3.5747,1.0927,0,1,8,8.0,1,35.0,8.63,0.00030597133625344603,7.48,0.026593681666651006,0.3824641703168075,0.002294785021900845,0.001988813685647399,0.028582495352298405,FILLED_TP,TP_HIT,False,1,1.0,0.2465,7.3672,1h,Fixed +0.60% TP reached at 2.609946.
99,XRPUSD,LONG,2024-12-07 07:00:00+00:00,2024-12-06 16:00:00+00:00,2024-12-07 15:00:00+00:00,2024-12-09 08:00:00+00:00,2024-12-09 08:00:00+00:00,2024-12-09 10:00:00+00:00,2024-12-07 12:30:00 IST,2024-12-06 21:30:00 IST,2024-12-07 20:30:00 IST,2024-12-09 13:30:00 IST,2024-12-09 13:30:00 IST,2024-12-09 15:30:00 IST,2.417,2.3315,0.0855,3.569,2.417,2.3315,2.395625,2.3315,2.409999,2.6768,13.08,13.08,A,1.0,0.1321,5.4655,1.545,5,0,49,49.0,1,35.0,7.85,0.00029898515898538837,6.8,0.028582495352298405,0.37373144873173547,0.002242388692390413,0.0019434035334050246,0.03052589888570343,FILLED_TP,TP_HIT,False,2,2.0,0.2242,7.5913,1h,Fixed +0.60% TP reached at 2.409999.
100,ETHUSD,LONG,2024-12-13 15:00:00+00:00,2024-12-13 07:00:00+00:00,2024-12-13 17:00:00+00:00,2024-12-13 21:00:00+00:00,2024-12-13 21:00:00+00:00,2024-12-14 00:00:00+00:00,2024-12-13 20:30:00 IST,2024-12-13 12:30:00 IST,2024-12-13 22:30:00 IST,2024-12-14 02:30:00 IST,2024-12-14 02:30:00 IST,2024-12-14 05:30:00 IST,3903.0,3870.0,33.0,0.8473,3903.0,3870.0,3894.75,3870.0,3918.1185,0.6355,55.08,55.08,A,1.0,43.1,1.1043,1.3061,1,1,6,6.0,1,35.0,33.05,0.0013450266065384308,28.64,0.03052589888570343,1.6812832581730386,0.01008769954903823,0.008742672942499799,0.03926857182820323,FILLED_TP,TP_HIT,False,3,3.0,0.9442,8.5355,1h,Fixed +0.60% TP reached at 3918.118500.
101,ETHUSD,SHORT,2024-12-08 22:00:00+00:00,2024-12-07 20:00:00+00:00,2024-12-08 23:00:00+00:00,2024-12-16 00:00:00+00:00,2024-12-16 00:00:00+00:00,2024-12-16 01:00:00+00:00,2024-12-09 03:30:00 IST,2024-12-08 01:30:00 IST,2024-12-09 04:30:00 IST,2024-12-16 05:30:00 IST,2024-12-16 05:30:00 IST,2024-12-16 06:30:00 IST,4027.25,4012.0,15.25,0.3797,4012.0,4027.25,4015.8125,4027.25,3991.717625,0.2848,122.89,100.0,A,1.0,20.85,0.5197,1.3672,0,1,170,170.0,1,28.48,60.0,0.0031414857462562585,52.0,0.03926857182820323,3.926857182820323,0.02356114309692194,0.02041965735066568,0.059688229178868915,FILLED_TP,TP_HIT,False,1,1.0,2.1067,10.6422,1h,Fixed +0.60% TP reached at 3991.717625.
102,SOLUSD,LONG,2024-12-15 21:00:00+00:00,2024-12-15 07:00:00+00:00,2024-12-15 23:00:00+00:00,2024-12-16 10:00:00+00:00,2024-12-16 10:00:00+00:00,2024-12-16 11:00:00+00:00,2024-12-16 02:30:00 IST,2024-12-15 12:30:00 IST,2024-12-16 04:30:00 IST,2024-12-16 15:30:00 IST,2024-12-16 15:30:00 IST,2024-12-16 16:30:00 IST,218.6878,215.5873,3.1005,1.4228,218.6878,215.5873,217.912675,215.5873,219.220151,1.0671,32.8,32.8,A,1.0,6.7822,3.1013,2.1875,1,1,13,13.0,1,35.0,19.68,0.0015661603277692818,-37.62,0.059688229178868915,1.9577004097116022,-0.02089088021260412,-0.0224570405403734,0.03723118863849552,FILLED_SL,SL_HIT,False,1,1.0,-1.0,9.6422,1h,Distal SL breached at 215.587300.
103,XRPUSD,LONG,2024-12-22 14:00:00+00:00,2024-12-22 05:00:00+00:00,2024-12-22 18:00:00+00:00,2024-12-22 19:00:00+00:00,2024-12-22 19:00:00+00:00,2024-12-22 20:00:00+00:00,2024-12-22 19:30:00 IST,2024-12-22 10:30:00 IST,2024-12-22 23:30:00 IST,2024-12-23 00:30:00 IST,2024-12-23 00:30:00 IST,2024-12-23 01:30:00 IST,2.2164,2.1761,0.0403,1.8266,2.2164,2.1761,2.206325,2.1761,2.219563,1.3699,25.55,25.55,A,1.0,0.0446,2.0123,1.1067,2,2,5,5.0,1,35.0,15.33,0.0007609710053396821,-37.04,0.03723118863849552,0.9512137566746025,-0.013030916023473432,-0.013791887028813114,0.023439301609682404,FILLED_SL,SL_HIT,False,1,1.0,-1.0,8.6422,1h,Distal SL breached at 2.176100.
104,ETHUSD,LONG,2024-12-23 18:00:00+00:00,2024-12-23 06:00:00+00:00,2024-12-23 20:00:00+00:00,2024-12-26 21:00:00+00:00,2024-12-26 21:00:00+00:00,2024-12-26 22:00:00+00:00,2024-12-23 23:30:00 IST,2024-12-23 11:30:00 IST,2024-12-24 01:30:00 IST,2024-12-27 02:30:00 IST,2024-12-27 02:30:00 IST,2024-12-27 03:30:00 IST,3320.35,3258.5,61.85,1.8715,3320.35,3258.5,3304.8875,3258.5,3324.716825,1.4036,24.94,24.94,A,1.0,94.65,2.8506,1.5303,1,0,75,75.0,1,35.0,14.96,0.00046758267575531073,12.97,0.023439301609682404,0.5844783446941384,0.00350687006816483,0.0030392873924095193,0.026478589002091924,FILLED_TP,TP_HIT,False,1,1.0,0.4275,9.0696,1h,Fixed +0.60% TP reached at 3324.716825.
105,SOLUSD,SHORT,2024-12-30 01:00:00+00:00,2024-12-29 14:00:00+00:00,2024-12-30 14:00:00+00:00,2024-12-30 18:00:00+00:00,2024-12-30 18:00:00+00:00,2024-12-30 21:00:00+00:00,2024-12-30 06:30:00 IST,2024-12-29 19:30:00 IST,2024-12-30 19:30:00 IST,2024-12-30 23:30:00 IST,2024-12-30 23:30:00 IST,2024-12-31 02:30:00 IST,197.6,192.83,4.77,2.4585,192.83,197.6,194.0225,197.6,192.858365,1.8439,18.98,18.98,A,1.0,5.648,2.929,1.1841,3,3,17,17.0,1,35.0,11.39,0.00040209189928842816,9.87,0.026478589002091924,0.5026148741105352,0.0030156892446632113,0.002613597345374783,0.029092186347466707,FILLED_TP,TP_HIT,False,3,3.0,0.3254,9.395,1h,Fixed +0.60% TP reached at 192.858365.
106,XRPUSD,SHORT,2024-12-30 19:00:00+00:00,2024-12-30 01:00:00+00:00,2024-12-31 00:00:00+00:00,2024-12-31 13:00:00+00:00,2024-12-31 13:00:00+00:00,2024-12-31 17:00:00+00:00,2024-12-31 00:30:00 IST,2024-12-30 06:30:00 IST,2024-12-31 05:30:00 IST,2024-12-31 18:30:00 IST,2024-12-31 18:30:00 IST,2024-12-31 22:30:00 IST,2.1514,2.097,0.0544,2.5775,2.097,2.1514,2.1106,2.1514,2.097936,1.9331,18.11,18.11,A,1.0,0.0695,3.3143,1.2776,3,2,18,18.0,1,35.0,10.86,0.0004213860583673907,9.41,0.029092186347466707,0.5267325729592384,0.00316039543775543,0.002739009379388039,0.03183119572685475,FILLED_TP,TP_HIT,False,4,4.0,0.3104,9.7054,1h,Fixed +0.60% TP reached at 2.097936.
107,ETHUSD,SHORT,2025-01-01 12:00:00+00:00,2025-01-01 02:00:00+00:00,2025-01-01 17:00:00+00:00,2025-01-01 18:00:00+00:00,2025-01-01 18:00:00+00:00,2025-01-01 21:00:00+00:00,2025-01-01 17:30:00 IST,2025-01-01 07:30:00 IST,2025-01-01 22:30:00 IST,2025-01-01 23:30:00 IST,2025-01-01 23:30:00 IST,2025-01-02 02:30:00 IST,3368.05,3345.25,22.8,0.6804,3345.25,3368.05,3350.95,3368.05,3330.8443,0.5103,68.59,68.59,A,1.0,23.35,0.698,1.0241,1,4,6,6.0,1,35.0,41.15,0.0017465572333247054,-40.49,0.03183119572685475,2.1831965416558816,-0.011140918504399161,-0.012887475737723867,0.018943719989130883,FILLED_SL,SL_HIT,False,3,3.0,-1.0,8.7054,1h,Distal SL breached at 3368.050000.
108,ETHUSD,SHORT,2024-12-25 23:00:00+00:00,2024-12-25 10:00:00+00:00,2024-12-26 04:00:00+00:00,2025-01-02 14:00:00+00:00,2025-01-02 14:00:00+00:00,2025-01-02 15:00:00+00:00,2024-12-26 04:30:00 IST,2024-12-25 15:30:00 IST,2024-12-26 09:30:00 IST,2025-01-02 19:30:00 IST,2025-01-02 19:30:00 IST,2025-01-02 20:30:00 IST,3546.6,3490.3,56.3,1.6066,3490.3,3546.6,3504.375,3546.6,3483.34875,1.2049,29.05,29.05,A,1.0,63.95,1.8322,1.1359,4,1,183,183.0,1,35.0,17.43,0.00044021436699431604,15.1,0.018943719989130883,0.550267958742895,0.0033016077524573697,0.0028613933854630537,0.021805113374593937,FILLED_TP,TP_HIT,False,1,1.0,0.498,9.2034,1h,Fixed +0.60% TP reached at 3483.348750.
109,SOLUSD,SHORT,2025-01-04 11:00:00+00:00,2025-01-04 02:00:00+00:00,2025-01-04 15:00:00+00:00,2025-01-04 20:00:00+00:00,2025-01-04 20:00:00+00:00,2025-01-05 01:00:00+00:00,2025-01-04 16:30:00 IST,2025-01-04 07:30:00 IST,2025-01-04 20:30:00 IST,2025-01-05 01:30:00 IST,2025-01-05 01:30:00 IST,2025-01-05 06:30:00 IST,218.03,216.12,1.91,0.8818,216.12,218.03,216.5975,218.03,215.297915,0.6614,52.92,52.92,A,1.0,2.67,1.2354,1.3979,0,3,9,9.0,1,35.0,31.75,0.0009231561971120466,27.52,0.021805113374593937,1.1539452463900581,0.0069236714783403475,0.006000515281228301,0.027805628655822236,FILLED_TP,TP_HIT,False,5,5.0,0.9072,10.1106,1h,Fixed +0.60% TP reached at 215.297915.
110,ETHUSD,LONG,2025-01-06 07:00:00+00:00,2025-01-06 01:00:00+00:00,2025-01-06 14:00:00+00:00,2025-01-07 11:00:00+00:00,2025-01-07 11:00:00+00:00,2025-01-07 14:00:00+00:00,2025-01-06 12:30:00 IST,2025-01-06 06:30:00 IST,2025-01-06 19:30:00 IST,2025-01-07 16:30:00 IST,2025-01-07 16:30:00 IST,2025-01-07 19:30:00 IST,3654.95,3609.05,45.9,1.2598,3654.95,3609.05,3643.475,3609.05,3665.33585,0.9448,37.04,37.04,A,1.0,47.6,1.3023,1.037,0,7,28,28.0,1,35.0,22.23,0.0008240102135859511,-37.96,0.027805628655822236,1.0300127669824388,-0.009731970029537781,-0.010555980243123732,0.017249648412698503,FILLED_SL,SL_HIT,False,3,3.0,-1.0,9.1106,1h,Distal SL breached at 3609.050000.
111,BTCUSD,LONG,2024-12-30 21:00:00+00:00,2024-12-30 15:00:00+00:00,2024-12-31 08:00:00+00:00,2025-01-09 13:00:00+00:00,2025-01-09 13:00:00+00:00,2025-01-09 14:00:00+00:00,2024-12-31 02:30:00 IST,2024-12-30 20:30:00 IST,2024-12-31 13:30:00 IST,2025-01-09 18:30:00 IST,2025-01-09 18:30:00 IST,2025-01-09 19:30:00 IST,92444.5,91509.0,935.5,1.0145,92444.5,91509.0,92210.625,91509.0,92763.88875,0.7609,46.0,46.0,A,1.0,2293.5,2.4809,2.4516,3,3,232,232.0,1,35.0,27.6,0.000634766778729738,23.92,0.017249648412698503,0.7934584734121725,0.004760750840473034,0.004125984061743296,0.0213756324744418,FILLED_TP,TP_HIT,False,1,1.0,0.7885,9.8991,1h,Fixed +0.60% TP reached at 92763.888750.
112,SOLUSD,LONG,2024-12-27 21:00:00+00:00,2024-12-23 15:00:00+00:00,2024-12-28 15:00:00+00:00,2025-01-09 20:00:00+00:00,2025-01-09 20:00:00+00:00,2025-01-09 21:00:00+00:00,2024-12-28 02:30:00 IST,2024-12-23 20:30:00 IST,2024-12-28 20:30:00 IST,2025-01-10 01:30:00 IST,2025-01-10 01:30:00 IST,2025-01-10 02:30:00 IST,185.62,180.669,4.951,2.6852,185.62,180.669,184.38225,180.669,185.488543,2.0139,17.38,17.38,A,1.0,5.573,3.0024,1.1256,6,7,311,311.0,1,35.0,10.43,0.00029719529227145616,9.04,0.0213756324744418,0.3714941153393202,0.002228964692035921,0.0019317693997644649,0.023307401874206265,FILLED_TP,TP_HIT,False,1,1.0,0.2979,10.1971,1h,Fixed +0.60% TP reached at 185.488543.
113,BTCUSD,SHORT,2025-01-08 22:00:00+00:00,2025-01-08 14:00:00+00:00,2025-01-09 02:00:00+00:00,2025-01-10 10:00:00+00:00,2025-01-10 10:00:00+00:00,2025-01-10 13:00:00+00:00,2025-01-09 03:30:00 IST,2025-01-08 19:30:00 IST,2025-01-09 07:30:00 IST,2025-01-10 15:30:00 IST,2025-01-10 15:30:00 IST,2025-01-10 18:30:00 IST,95845.0,94854.0,991.0,1.042,94854.0,95845.0,95101.75,95845.0,94531.1395,0.7815,44.78,44.78,A,1.0,1444.5,1.5229,1.4576,0,3,36,36.0,1,35.0,26.87,0.0008350365526179385,23.29,0.023307401874206265,1.043795690772423,0.006262774144634538,0.0054277375920166,0.028735139466222866,FILLED_TP,TP_HIT,False,3,3.0,0.7677,10.9648,1h,Fixed +0.60% TP reached at 94531.139500.
114,BTCUSD,LONG,2025-01-12 22:00:00+00:00,2025-01-12 09:00:00+00:00,2025-01-13 00:00:00+00:00,2025-01-13 01:00:00+00:00,2025-01-13 01:00:00+00:00,2025-01-13 04:00:00+00:00,2025-01-13 03:30:00 IST,2025-01-12 14:30:00 IST,2025-01-13 05:30:00 IST,2025-01-13 06:30:00 IST,2025-01-13 06:30:00 IST,2025-01-13 09:30:00 IST,94199.5,93661.0,538.5,0.5725,94199.5,93661.0,94064.875,93661.0,94629.26425,0.4294,81.52,81.52,A,1.0,1716.0,1.8217,3.1866,1,1,3,3.0,1,35.0,48.91,0.0018739234777081766,42.39,0.028735139466222866,2.3424043471352207,0.014054426082811324,0.012180502605103147,0.04091564207132602,FILLED_TP,TP_HIT,False,3,3.0,1.3974,12.3622,1h,Fixed +0.60% TP reached at 94629.264250.
115,BTCUSD,LONG,2024-11-18 13:00:00+00:00,2024-11-17 22:00:00+00:00,2024-11-18 14:00:00+00:00,2025-01-13 14:00:00+00:00,2025-01-13 14:00:00+00:00,2025-01-13 15:00:00+00:00,2024-11-18 18:30:00 IST,2024-11-18 03:30:00 IST,2024-11-18 19:30:00 IST,2025-01-13 19:30:00 IST,2025-01-13 19:30:00 IST,2025-01-13 20:30:00 IST,89692.5,88744.5,948.0,1.0597,89692.5,88744.5,89455.5,88744.5,89992.233,0.7948,44.04,44.04,A,1.0,1418.5,1.5815,1.4963,0,0,1345,1345.0,1,35.0,26.42,0.0014414010990256281,22.9,0.04091564207132602,1.801751373782035,0.010810508242692208,0.00936910714366658,0.0502847492149926,FILLED_TP,TP_HIT,False,1,1.0,0.7549,13.1171,1h,Fixed +0.60% TP reached at 89992.233000.
116,ETHUSD,SHORT,2025-01-14 09:00:00+00:00,2025-01-13 02:00:00+00:00,2025-01-14 12:00:00+00:00,2025-01-15 04:00:00+00:00,2025-01-15 04:00:00+00:00,2025-01-15 05:00:00+00:00,2025-01-14 14:30:00 IST,2025-01-13 07:30:00 IST,2025-01-14 17:30:00 IST,2025-01-15 09:30:00 IST,2025-01-15 09:30:00 IST,2025-01-15 10:30:00 IST,3270.0,3235.95,34.05,1.0495,3235.95,3270.0,3244.4625,3270.0,3224.995725,0.7871,44.47,44.47,A,1.0,56.55,1.7476,1.6608,2,0,19,19.0,1,35.0,26.68,0.0017887872846592174,23.12,0.0502847492149926,2.2359841058240217,0.013415904634944131,0.011627117350284913,0.06191186656527751,FILLED_TP,TP_HIT,False,1,1.0,0.7623,13.8794,1h,Fixed +0.60% TP reached at 3224.995725.
117,ETHUSD,SHORT,2025-01-08 22:00:00+00:00,2025-01-08 15:00:00+00:00,2025-01-09 08:00:00+00:00,2025-01-15 15:00:00+00:00,2025-01-15 15:00:00+00:00,2025-01-15 17:00:00+00:00,2025-01-09 03:30:00 IST,2025-01-08 20:30:00 IST,2025-01-09 13:30:00 IST,2025-01-15 20:30:00 IST,2025-01-15 20:30:00 IST,2025-01-15 22:30:00 IST,3384.95,3331.25,53.7,1.6055,3331.25,3384.95,3344.675,3384.95,3324.60695,1.2042,29.07,29.07,A,1.0,66.25,1.9887,1.2337,2,2,161,161.0,1,35.0,17.44,0.0014396280631950842,15.11,0.06191186656527751,1.7995350789938551,0.01079721047396313,0.009357582410768046,0.07126944897604555,FILLED_TP,TP_HIT,False,2,2.0,0.4983,14.3777,1h,Fixed +0.60% TP reached at 3324.606950.
118,SOLUSD,SHORT,2024-12-08 02:00:00+00:00,2024-12-07 20:00:00+00:00,2024-12-08 05:00:00+00:00,2025-01-18 09:00:00+00:00,2025-01-18 09:00:00+00:00,2025-01-18 10:00:00+00:00,2024-12-08 07:30:00 IST,2024-12-08 01:30:00 IST,2024-12-08 10:30:00 IST,2025-01-18 14:30:00 IST,2025-01-18 14:30:00 IST,2025-01-18 15:30:00 IST,243.321,240.8,2.521,1.0442,240.8,243.321,241.43025,243.321,239.981669,0.7831,44.69,44.69,A,1.0,4.04,1.6777,1.6025,1,1,991,991.0,1,35.0,26.81,0.0025481149001304803,-38.58,0.07126944897604555,3.1851436251631,-0.02494430714161594,-0.02749242204174642,0.04377702693429913,FILLED_SL,DUAL_TOUCH_CONSERVATIVE_SL,True,1,1.0,-1.0,13.3777,1h,Dual-touch: both TP and SL hit same candle. Conservative SL-first applied.
119,XRPUSD,SHORT,2025-01-18 23:00:00+00:00,2025-01-17 23:00:00+00:00,2025-01-19 04:00:00+00:00,2025-01-20 08:00:00+00:00,2025-01-20 08:00:00+00:00,2025-01-20 09:00:00+00:00,2025-01-19 04:30:00 IST,2025-01-18 04:30:00 IST,2025-01-19 09:30:00 IST,2025-01-20 13:30:00 IST,2025-01-20 13:30:00 IST,2025-01-20 14:30:00 IST,3.3171,3.2523,0.0648,1.9826,3.2523,3.3171,3.2685,3.3171,3.248889,1.4869,23.54,23.54,A,1.0,0.0711,2.1861,1.0972,1,3,33,33.0,1,35.0,14.12,0.0008243592491714381,12.24,0.04377702693429913,1.0304490614642976,0.006182694368785786,0.005358335119614348,0.04913536205391347,FILLED_TP,TP_HIT,False,1,1.0,0.4035,13.7812,1h,Fixed +0.60% TP reached at 3.248889.
120,SOLUSD,LONG,2025-01-22 18:00:00+00:00,2025-01-22 10:00:00+00:00,2025-01-22 19:00:00+00:00,2025-01-23 00:00:00+00:00,2025-01-23 00:00:00+00:00,2025-01-23 01:00:00+00:00,2025-01-22 23:30:00 IST,2025-01-22 15:30:00 IST,2025-01-23 00:30:00 IST,2025-01-23 05:30:00 IST,2025-01-23 05:30:00 IST,2025-01-23 06:30:00 IST,254.865,252.11,2.755,1.0839,254.865,252.11,254.17625,252.11,255.701308,0.8129,43.05,43.05,A,1.0,11.365,4.4592,4.1252,0,1,6,6.0,1,35.0,25.83,0.0016924049749022108,22.39,0.04913536205391347,2.1155062186277633,0.01269303731176658,0.01100063233686437,0.06013599439077784,FILLED_TP,TP_HIT,False,1,1.0,0.7381,14.5193,1h,Fixed +0.60% TP reached at 255.701308.
121,SOLUSD,LONG,2025-01-23 19:00:00+00:00,2025-01-23 13:00:00+00:00,2025-01-23 20:00:00+00:00,2025-01-23 21:00:00+00:00,2025-01-23 21:00:00+00:00,2025-01-23 22:00:00+00:00,2025-01-24 00:30:00 IST,2025-01-23 18:30:00 IST,2025-01-24 01:30:00 IST,2025-01-24 02:30:00 IST,2025-01-24 02:30:00 IST,2025-01-24 03:30:00 IST,247.504,242.03,5.474,2.224,247.504,242.03,246.1355,242.03,247.612313,1.668,20.98,20.98,A,1.0,10.726,4.3337,1.9594,0,1,2,2.0,1,35.0,12.59,0.0010094869938531202,10.91,0.06013599439077784,1.2618587423164003,0.007571152453898403,0.006561665460045283,0.06669765985082313,FILLED_TP,TP_HIT,False,1,1.0,0.3597,14.879,1h,Fixed +0.60% TP reached at 247.612313.
122,ETHUSD,SHORT,2025-01-22 11:00:00+00:00,2025-01-22 00:00:00+00:00,2025-01-22 13:00:00+00:00,2025-01-23 23:00:00+00:00,2025-01-23 23:00:00+00:00,2025-01-24 00:00:00+00:00,2025-01-22 16:30:00 IST,2025-01-22 05:30:00 IST,2025-01-22 18:30:00 IST,2025-01-24 04:30:00 IST,2025-01-24 04:30:00 IST,2025-01-24 05:30:00 IST,3366.0,3322.5,43.5,1.305,3322.5,3366.0,3333.375,3366.0,3313.37475,0.9787,35.76,35.76,A,1.0,43.55,1.3108,1.0011,1,0,36,36.0,1,35.0,21.46,0.00190810505236679,18.6,0.06669765985082313,2.3851313154584872,0.014310787892750922,0.012402682840384132,0.07910034269120726,FILLED_TP,TP_HIT,False,1,1.0,0.613,15.492,1h,Fixed +0.60% TP reached at 3313.374750.
123,SOLUSD,LONG,2025-01-25 04:00:00+00:00,2025-01-23 21:00:00+00:00,2025-01-25 18:00:00+00:00,2025-01-26 21:00:00+00:00,2025-01-26 21:00:00+00:00,2025-01-26 23:00:00+00:00,2025-01-25 09:30:00 IST,2025-01-24 02:30:00 IST,2025-01-25 23:30:00 IST,2025-01-27 02:30:00 IST,2025-01-27 02:30:00 IST,2025-01-27 04:30:00 IST,251.42,243.488,7.932,3.18,251.42,243.488,249.437,243.488,250.933622,2.385,14.68,14.68,A,1.0,9.27,3.6871,1.1687,3,10,41,41.0,1,35.0,8.81,0.000928652649245702,-36.17,0.07910034269120726,1.1608158115571274,-0.02768511994192254,-0.028613772591168242,0.05048657010003902,FILLED_SL,SL_HIT,False,2,2.0,-1.0,14.492,1h,Distal SL breached at 243.488000.
124,BTCUSD,LONG,2025-01-23 08:00:00+00:00,2025-01-21 06:00:00+00:00,2025-01-23 14:00:00+00:00,2025-01-27 00:00:00+00:00,2025-01-27 00:00:00+00:00,2025-01-27 01:00:00+00:00,2025-01-23 13:30:00 IST,2025-01-21 11:30:00 IST,2025-01-23 19:30:00 IST,2025-01-27 05:30:00 IST,2025-01-27 05:30:00 IST,2025-01-27 06:30:00 IST,102181.5,101112.0,1069.5,1.0494,102181.5,101112.0,101914.125,101112.0,102525.60975,0.7871,44.47,44.47,A,1.0,3818.5,3.737,3.5704,0,5,88,88.0,1,35.0,26.68,0.0017960822720636547,-38.56,0.05048657010003902,2.2451028400795683,-0.017670299535013655,-0.01946638180707731,0.03102018829296171,FILLED_SL,SL_HIT,False,1,1.0,-1.0,13.492,1h,Distal SL breached at 101112.000000.
125,ETHUSD,LONG,2025-01-20 00:00:00+00:00,2025-01-19 11:00:00+00:00,2025-01-20 02:00:00+00:00,2025-01-27 02:00:00+00:00,2025-01-27 02:00:00+00:00,2025-01-27 03:00:00+00:00,2025-01-20 05:30:00 IST,2025-01-19 16:30:00 IST,2025-01-20 07:30:00 IST,2025-01-27 07:30:00 IST,2025-01-27 07:30:00 IST,2025-01-27 08:30:00 IST,3188.8,3129.7,59.1,1.862,3188.8,3129.7,3174.025,3129.7,3193.06915,1.3965,25.06,25.06,A,1.0,84.9,2.6624,1.4365,1,1,170,170.0,1,35.0,15.04,0.0006219622985005937,13.03,0.03102018829296171,0.7774528731257421,0.004664717238754452,0.004042754940253858,0.03506294323321557,FILLED_TP,TP_HIT,False,1,1.0,0.4296,13.9217,1h,Fixed +0.60% TP reached at 3193.069150.
126,BTCUSD,LONG,2025-01-20 00:00:00+00:00,2025-01-16 08:00:00+00:00,2025-01-20 02:00:00+00:00,2025-01-27 06:00:00+00:00,2025-01-27 06:00:00+00:00,2025-01-27 07:00:00+00:00,2025-01-20 05:30:00 IST,2025-01-16 13:30:00 IST,2025-01-20 07:30:00 IST,2025-01-27 11:30:00 IST,2025-01-27 11:30:00 IST,2025-01-27 12:30:00 IST,99788.5,98573.0,1215.5,1.2218,99788.5,98573.0,99484.625,98573.0,100081.53275,0.9163,38.2,38.2,A,1.0,2511.5,2.5168,2.0662,1,0,174,174.0,1,35.0,22.92,0.001071386428089145,-38.06,0.03506294323321557,1.3392330351114312,-0.01227203013162545,-0.013343416559714594,0.021719526673500977,FILLED_SL,SL_HIT,False,1,1.0,-1.0,12.9217,1h,Distal SL breached at 98573.000000.
127,ETHUSD,SHORT,2025-01-26 17:00:00+00:00,2025-01-26 04:00:00+00:00,2025-01-26 21:00:00+00:00,2025-01-31 12:00:00+00:00,2025-01-31 12:00:00+00:00,2025-01-31 13:00:00+00:00,2025-01-26 22:30:00 IST,2025-01-26 09:30:00 IST,2025-01-27 02:30:00 IST,2025-01-31 17:30:00 IST,2025-01-31 17:30:00 IST,2025-01-31 18:30:00 IST,3361.2,3335.0,26.2,0.7841,3335.0,3361.2,3341.55,3361.2,3321.5007,0.5881,59.52,59.52,A,1.0,44.35,1.3298,1.6927,1,1,115,115.0,1,35.0,35.71,0.0010341744335692004,-39.76,0.021719526673500977,1.2927180419615005,-0.007601834335725342,-0.008636008769294542,0.013083517904206435,FILLED_SL,SL_HIT,False,1,1.0,-1.0,11.9217,1h,Distal SL breached at 3361.200000.
128,ETHUSD,LONG,2025-02-01 10:00:00+00:00,2025-01-31 04:00:00+00:00,2025-02-01 12:00:00+00:00,2025-02-01 15:00:00+00:00,2025-02-01 15:00:00+00:00,2025-02-01 16:00:00+00:00,2025-02-01 15:30:00 IST,2025-01-31 09:30:00 IST,2025-02-01 17:30:00 IST,2025-02-01 20:30:00 IST,2025-02-01 20:30:00 IST,2025-02-01 21:30:00 IST,3234.6,3212.4,22.2,0.6875,3234.6,3212.4,3229.05,3212.4,3248.4243,0.5156,67.88,67.88,A,1.0,36.5,1.1284,1.6441,1,1,5,5.0,1,35.0,40.73,0.0007104656682763794,35.3,0.013083517904206435,0.8880820853454742,0.005328492512072846,0.004618026843796467,0.017701544748002902,FILLED_TP,TP_HIT,False,1,1.0,1.1636,13.0853,1h,Fixed +0.60% TP reached at 3248.424300.
129,SOLUSD,LONG,2025-01-18 03:00:00+00:00,2025-01-17 20:00:00+00:00,2025-01-18 04:00:00+00:00,2025-02-01 20:00:00+00:00,2025-02-01 20:00:00+00:00,2025-02-01 21:00:00+00:00,2025-01-18 08:30:00 IST,2025-01-18 01:30:00 IST,2025-01-18 09:30:00 IST,2025-02-02 01:30:00 IST,2025-02-02 01:30:00 IST,2025-02-02 02:30:00 IST,221.13,216.35,4.78,2.1734,221.13,216.35,219.935,216.35,221.25461,1.63,21.47,21.47,A,1.0,9.054,4.0944,1.8941,0,1,353,353.0,1,35.0,12.88,0.0003040705685809101,-36.72,0.017701544748002902,0.3800882107261376,-0.006195540661801015,-0.006499611230381925,0.011201933517620978,FILLED_SL,SL_HIT,False,1,1.0,-1.0,12.0853,1h,Distal SL breached at 216.350000.
130,SOLUSD,LONG,2025-02-03 12:00:00+00:00,2025-02-03 05:00:00+00:00,2025-02-03 15:00:00+00:00,2025-02-05 23:00:00+00:00,2025-02-05 23:00:00+00:00,2025-02-06 00:00:00+00:00,2025-02-03 17:30:00 IST,2025-02-03 10:30:00 IST,2025-02-03 20:30:00 IST,2025-02-06 04:30:00 IST,2025-02-06 04:30:00 IST,2025-02-06 05:30:00 IST,197.31,189.6,7.71,3.9461,197.31,189.6,195.3825,189.6,196.554795,2.9596,11.83,11.83,A,1.0,12.551,6.3611,1.6279,1,2,59,59.0,1,35.0,7.1,0.00010597929911661786,6.15,0.011201933517620978,0.13247412389577232,0.0007948447433746339,0.0006888654442580161,0.011890798961878994,FILLED_TP,TP_HIT,False,1,1.0,0.2027,12.288,1h,Fixed +0.60% TP reached at 196.554795.
131,XRPUSD,LONG,2025-02-05 23:00:00+00:00,2025-02-03 13:00:00+00:00,2025-02-06 04:00:00+00:00,2025-02-06 14:00:00+00:00,2025-02-06 14:00:00+00:00,2025-02-06 15:00:00+00:00,2025-02-06 04:30:00 IST,2025-02-03 18:30:00 IST,2025-02-06 09:30:00 IST,2025-02-06 19:30:00 IST,2025-02-06 19:30:00 IST,2025-02-06 20:30:00 IST,2.3823,2.3211,0.0612,2.5856,2.3823,2.3211,2.367,2.3211,2.381202,1.9392,18.05,18.05,A,1.0,0.0617,2.5899,1.0082,3,0,15,15.0,1,35.0,10.83,0.00017169381089269964,-36.44,0.011890798961878994,0.21461726361587455,-0.004161779636657648,-0.0043334734475503475,0.007557325514328647,FILLED_SL,SL_HIT,False,1,1.0,-1.0,11.288,1h,Distal SL breached at 2.321100.
132,BTCUSD,SHORT,2025-02-06 06:00:00+00:00,2025-02-05 14:00:00+00:00,2025-02-06 15:00:00+00:00,2025-02-07 13:00:00+00:00,2025-02-07 13:00:00+00:00,2025-02-07 14:00:00+00:00,2025-02-06 11:30:00 IST,2025-02-05 19:30:00 IST,2025-02-06 20:30:00 IST,2025-02-07 18:30:00 IST,2025-02-07 18:30:00 IST,2025-02-07 19:30:00 IST,99123.0,98074.5,1048.5,1.0662,98074.5,99123.0,98336.625,99123.0,97746.60525,0.7997,43.77,43.77,A,1.0,1204.5,1.2281,1.1488,1,6,31,31.0,1,35.0,26.26,0.0002646133560063979,-38.5,0.007557325514328647,0.3307666950079973,-0.0026450639300150264,-0.0029096772860214243,0.004647648228307223,FILLED_SL,SL_HIT,False,1,1.0,-1.0,10.288,1h,Distal SL breached at 99123.000000.
133,SOLUSD,SHORT,2025-02-07 14:00:00+00:00,2025-02-06 06:00:00+00:00,2025-02-07 15:00:00+00:00,2025-02-09 01:00:00+00:00,2025-02-09 01:00:00+00:00,2025-02-09 03:00:00+00:00,2025-02-07 19:30:00 IST,2025-02-06 11:30:00 IST,2025-02-07 20:30:00 IST,2025-02-09 06:30:00 IST,2025-02-09 06:30:00 IST,2025-02-09 08:30:00 IST,203.83,201.3,2.53,1.2529,201.3,203.83,201.9325,203.83,200.720905,0.9397,37.25,37.25,A,1.0,5.465,2.7149,2.1601,0,1,35,35.0,1,35.0,22.35,0.00013848914004824264,-37.98,0.004647648228307223,0.1731114250603033,-0.001626676879907528,-0.0017651660199557706,0.002882482208351452,FILLED_SL,SL_HIT,False,2,2.0,-1.0,9.288,1h,Distal SL breached at 203.830000.
134,SOLUSD,SHORT,2025-02-06 06:00:00+00:00,2025-02-05 14:00:00+00:00,2025-02-06 11:00:00+00:00,2025-02-09 04:00:00+00:00,2025-02-09 04:00:00+00:00,2025-02-09 08:00:00+00:00,2025-02-06 11:30:00 IST,2025-02-05 19:30:00 IST,2025-02-06 16:30:00 IST,2025-02-09 09:30:00 IST,2025-02-09 09:30:00 IST,2025-02-09 13:30:00 IST,207.51,203.12,4.39,2.1497,203.12,207.51,204.2175,207.51,202.992195,1.6123,21.71,21.71,A,1.0,4.605,2.2671,1.049,4,0,70,70.0,1,35.0,13.03,5.006011447457071e-05,11.29,0.002882482208351452,0.06257514309321338,0.00037545085855928025,0.00032539074408470954,0.0032078729524361617,FILLED_TP,TP_HIT,False,4,4.0,0.3722,9.6602,1h,Fixed +0.60% TP reached at 202.992195.
135,SOLUSD,LONG,2025-02-10 01:00:00+00:00,2025-02-09 21:00:00+00:00,2025-02-10 13:00:00+00:00,2025-02-11 13:00:00+00:00,2025-02-11 13:00:00+00:00,2025-02-11 14:00:00+00:00,2025-02-10 06:30:00 IST,2025-02-10 02:30:00 IST,2025-02-10 18:30:00 IST,2025-02-11 18:30:00 IST,2025-02-11 18:30:00 IST,2025-02-11 19:30:00 IST,199.73,193.36,6.37,3.2149,199.73,193.36,198.1375,193.36,199.326325,2.4112,14.52,14.52,A,1.0,9.17,4.5912,1.4396,10,1,36,36.0,1,35.0,8.71,3.725127777953544e-05,7.55,0.0032078729524361617,0.046564097224419294,0.00027938458334651577,0.00024213330556698034,0.003450006258003142,FILLED_TP,TP_HIT,False,1,1.0,0.2488,9.909,1h,Fixed +0.60% TP reached at 199.326325.
136,SOLUSD,SHORT,2025-02-12 09:00:00+00:00,2025-02-11 22:00:00+00:00,2025-02-12 13:00:00+00:00,2025-02-12 22:00:00+00:00,2025-02-12 22:00:00+00:00,2025-02-12 23:00:00+00:00,2025-02-12 14:30:00 IST,2025-02-12 03:30:00 IST,2025-02-12 18:30:00 IST,2025-02-13 03:30:00 IST,2025-02-13 03:30:00 IST,2025-02-13 04:30:00 IST,199.29,196.1,3.19,1.6201,196.1,199.29,196.8975,199.29,195.716115,1.2151,28.8,28.8,A,1.0,6.776,3.4554,2.1241,0,3,13,13.0,1,35.0,17.28,7.949982445636264e-05,14.98,0.003450006258003142,0.09937478057045329,0.0005962486834227197,0.0005167488589663571,0.003966755116969499,FILLED_TP,TP_HIT,False,1,1.0,0.4938,10.4028,1h,Fixed +0.60% TP reached at 195.716115.
137,ETHUSD,SHORT,2025-02-15 18:00:00+00:00,2025-02-15 11:00:00+00:00,2025-02-15 20:00:00+00:00,2025-02-15 22:00:00+00:00,2025-02-15 22:00:00+00:00,2025-02-16 02:00:00+00:00,2025-02-15 23:30:00 IST,2025-02-15 16:30:00 IST,2025-02-16 01:30:00 IST,2025-02-16 03:30:00 IST,2025-02-16 03:30:00 IST,2025-02-16 07:30:00 IST,2713.85,2698.35,15.5,0.5736,2698.35,2713.85,2702.225,2713.85,2686.01165,0.4302,81.36,81.36,A,1.0,20.7,0.7671,1.3355,1,1,4,4.0,1,35.0,48.81,0.00025817962639714524,42.31,0.003966755116969499,0.32272453299643156,0.0019363471979785892,0.001678167571581444,0.005644922688550943,FILLED_TP,TP_HIT,False,4,4.0,1.3947,11.7975,1h,Fixed +0.60% TP reached at 2686.011650.
138,ETHUSD,SHORT,2025-02-14 17:00:00+00:00,2025-02-07 14:00:00+00:00,2025-02-14 19:00:00+00:00,2025-02-17 10:00:00+00:00,2025-02-17 10:00:00+00:00,2025-02-17 11:00:00+00:00,2025-02-14 22:30:00 IST,2025-02-07 19:30:00 IST,2025-02-15 00:30:00 IST,2025-02-17 15:30:00 IST,2025-02-17 15:30:00 IST,2025-02-17 16:30:00 IST,2796.0,2762.5,33.5,1.209,2762.5,2796.0,2770.875,2796.0,2754.24975,0.9068,38.6,38.6,A,1.0,35.85,1.2977,1.0701,1,1,65,65.0,1,35.0,23.16,0.0001743118425193555,20.07,0.005644922688550943,0.21788980314919434,0.001307338818895166,0.0011330269763758106,0.0067779496649267535,FILLED_TP,TP_HIT,False,1,1.0,0.6617,12.4592,1h,Fixed +0.60% TP reached at 2754.249750.
139,BTCUSD,SHORT,2025-02-17 21:00:00+00:00,2025-02-17 14:00:00+00:00,2025-02-17 23:00:00+00:00,2025-02-18 14:00:00+00:00,2025-02-18 14:00:00+00:00,2025-02-18 15:00:00+00:00,2025-02-18 02:30:00 IST,2025-02-17 19:30:00 IST,2025-02-18 04:30:00 IST,2025-02-18 19:30:00 IST,2025-02-18 19:30:00 IST,2025-02-18 20:30:00 IST,97000.0,96350.0,650.0,0.6735,96350.0,97000.0,96512.5,97000.0,95933.425,0.5051,69.29,69.29,A,1.0,695.0,0.7213,1.0692,1,0,17,17.0,1,35.0,41.57,0.0003757208672208167,36.03,0.0067779496649267535,0.46965108402602085,0.0028179065041561246,0.002442185636935308,0.00922013530186206,FILLED_TP,TP_HIT,False,1,1.0,1.1878,13.6471,1h,Fixed +0.60% TP reached at 95933.425000.
140,SOLUSD,SHORT,2025-02-18 23:00:00+00:00,2025-02-18 12:00:00+00:00,2025-02-19 04:00:00+00:00,2025-02-19 07:00:00+00:00,2025-02-19 07:00:00+00:00,2025-02-19 09:00:00+00:00,2025-02-19 04:30:00 IST,2025-02-18 17:30:00 IST,2025-02-19 09:30:00 IST,2025-02-19 12:30:00 IST,2025-02-19 12:30:00 IST,2025-02-19 14:30:00 IST,171.44,168.329,3.111,1.8397,168.329,171.44,169.10675,171.44,168.092109,1.3797,25.37,25.37,A,1.0,4.509,2.6787,1.4494,1,3,8,8.0,1,35.0,15.22,0.0001871091363241345,-37.03,0.00922013530186206,0.2338864204051681,-0.003227047355651721,-0.0034141564919758557,0.005805978809886205,FILLED_SL,SL_HIT,False,2,2.0,-1.0,12.6471,1h,Distal SL breached at 171.440000.
141,XRPUSD,SHORT,2025-02-17 21:00:00+00:00,2025-02-17 14:00:00+00:00,2025-02-18 05:00:00+00:00,2025-02-19 17:00:00+00:00,2025-02-19 17:00:00+00:00,2025-02-19 18:00:00+00:00,2025-02-18 02:30:00 IST,2025-02-17 19:30:00 IST,2025-02-18 10:30:00 IST,2025-02-19 22:30:00 IST,2025-02-19 22:30:00 IST,2025-02-19 23:30:00 IST,2.7309,2.6755,0.0554,2.06,2.6755,2.7309,2.68935,2.7309,2.673214,1.545,22.65,22.65,A,1.0,0.0735,2.7472,1.3267,7,0,44,44.0,1,35.0,13.59,0.00010522278102197094,11.78,0.005805978809886205,0.13152847627746367,0.000789170857664782,0.0006839480766428111,0.006489926886529016,FILLED_TP,TP_HIT,False,1,1.0,0.3884,13.0354,1h,Fixed +0.60% TP reached at 2.673214.
142,BTCUSD,LONG,2025-02-20 14:00:00+00:00,2025-02-20 06:00:00+00:00,2025-02-20 15:00:00+00:00,2025-02-20 16:00:00+00:00,2025-02-20 16:00:00+00:00,2025-02-20 17:00:00+00:00,2025-02-20 19:30:00 IST,2025-02-20 11:30:00 IST,2025-02-20 20:30:00 IST,2025-02-20 21:30:00 IST,2025-02-20 21:30:00 IST,2025-02-20 22:30:00 IST,96944.5,96743.0,201.5,0.208,96944.5,96743.0,96894.125,96743.0,97475.48975,0.156,224.4,100.0,A,1.0,331.5,0.3419,1.6452,0,1,2,2.0,1,15.6,60.0,0.0005191941509223214,52.0,0.006489926886529016,0.6489926886529016,0.0038939561319174094,0.003374761980995088,0.009864688867524105,FILLED_TP,TP_HIT,False,1,1.0,3.8469,16.8823,1h,Fixed +0.60% TP reached at 97475.489750.
143,XRPUSD,SHORT,2025-02-23 07:00:00+00:00,2025-02-22 18:00:00+00:00,2025-02-23 12:00:00+00:00,2025-02-24 00:00:00+00:00,2025-02-24 00:00:00+00:00,2025-02-24 01:00:00+00:00,2025-02-23 12:30:00 IST,2025-02-22 23:30:00 IST,2025-02-23 17:30:00 IST,2025-02-24 05:30:00 IST,2025-02-24 05:30:00 IST,2025-02-24 06:30:00 IST,2.6084,2.5859,0.0225,0.8682,2.5859,2.6084,2.591525,2.6084,2.575976,0.6512,53.75,53.75,A,1.0,0.041,1.5855,1.8222,3,0,17,17.0,1,35.0,32.25,0.00042418279045184184,27.95,0.009864688867524105,0.5302284880648023,0.003181370928388814,0.002757188137936972,0.012621877005461076,FILLED_TP,TP_HIT,False,1,1.0,0.9214,17.8037,1h,Fixed +0.60% TP reached at 2.575976.
144,ETHUSD,SHORT,2025-02-26 09:00:00+00:00,2025-02-26 03:00:00+00:00,2025-02-26 11:00:00+00:00,2025-03-02 16:00:00+00:00,2025-03-02 16:00:00+00:00,2025-03-02 17:00:00+00:00,2025-02-26 14:30:00 IST,2025-02-26 08:30:00 IST,2025-02-26 16:30:00 IST,2025-03-02 21:30:00 IST,2025-03-02 21:30:00 IST,2025-03-02 22:30:00 IST,2506.45,2487.0,19.45,0.7805,2487.0,2506.45,2491.8625,2506.45,2476.911325,0.5854,59.79,59.79,A,1.0,24.95,1.0032,1.2828,0,2,103,103.0,1,35.0,35.87,0.0006037055668939867,-39.78,0.012621877005461076,0.7546319586174833,-0.004417656951911376,-0.005021362518805363,0.007600514486655713,FILLED_SL,DUAL_TOUCH_CONSERVATIVE_SL,True,1,1.0,-1.0,16.8037,1h,Dual-touch: both TP and SL hit same candle. Conservative SL-first applied.
145,ETHUSD,LONG,2025-03-05 14:00:00+00:00,2025-03-05 01:00:00+00:00,2025-03-05 20:00:00+00:00,2025-03-06 17:00:00+00:00,2025-03-06 17:00:00+00:00,2025-03-06 18:00:00+00:00,2025-03-05 19:30:00 IST,2025-03-05 06:30:00 IST,2025-03-06 01:30:00 IST,2025-03-06 22:30:00 IST,2025-03-06 22:30:00 IST,2025-03-06 23:30:00 IST,2192.0,2154.2,37.8,1.7319,2192.0,2154.2,2182.55,2154.2,2195.6453,1.2989,26.95,26.95,A,1.0,42.05,1.9183,1.1124,2,4,27,27.0,1,35.0,16.17,0.0001638370656083972,14.01,0.007600514486655713,0.2047963320104965,0.0012287779920629788,0.0010649409264545816,0.008665455413110295,FILLED_TP,TP_HIT,False,1,1.0,0.4619,17.2657,1h,Fixed +0.60% TP reached at 2195.645300.
146,XRPUSD,LONG,2025-03-01 10:00:00+00:00,2025-02-28 18:00:00+00:00,2025-03-02 01:00:00+00:00,2025-03-09 16:00:00+00:00,2025-03-09 16:00:00+00:00,2025-03-09 17:00:00+00:00,2025-03-01 15:30:00 IST,2025-02-28 23:30:00 IST,2025-03-02 06:30:00 IST,2025-03-09 21:30:00 IST,2025-03-09 21:30:00 IST,2025-03-09 22:30:00 IST,2.1618,2.1144,0.0474,2.2047,2.1618,2.1144,2.14995,2.1144,2.16285,1.6535,21.17,21.17,A,1.0,0.0521,2.41,1.0992,4,7,198,198.0,1,35.0,12.7,0.0001467365075194539,-36.69,0.008665455413110295,0.18342063439931738,-0.003032909394588603,-0.0031796459021080567,0.005485809511002238,FILLED_SL,SL_HIT,False,1,1.0,-1.0,16.2657,1h,Distal SL breached at 2.114400.
147,XRPUSD,SHORT,2025-03-08 12:00:00+00:00,2025-03-08 04:00:00+00:00,2025-03-09 10:00:00+00:00,2025-03-13 13:00:00+00:00,2025-03-13 13:00:00+00:00,2025-03-13 14:00:00+00:00,2025-03-08 17:30:00 IST,2025-03-08 09:30:00 IST,2025-03-09 15:30:00 IST,2025-03-13 18:30:00 IST,2025-03-13 18:30:00 IST,2025-03-13 19:30:00 IST,2.3742,2.3304,0.0438,1.8707,2.3304,2.3742,2.34135,2.3742,2.327302,1.403,24.95,24.95,A,1.0,0.0904,3.8792,2.0639,3,15,121,121.0,1,35.0,14.97,0.00010947872230148693,12.97,0.005485809511002238,0.13684840287685865,0.0008210904172611518,0.0007116116949596648,0.006197421205961903,FILLED_TP,TP_HIT,False,1,1.0,0.4276,16.6933,1h,Fixed +0.60% TP reached at 2.327302.
148,BTCUSD,SHORT,2025-03-16 05:00:00+00:00,2025-03-15 21:00:00+00:00,2025-03-16 07:00:00+00:00,2025-03-16 08:00:00+00:00,2025-03-16 08:00:00+00:00,2025-03-16 09:00:00+00:00,2025-03-16 10:30:00 IST,2025-03-16 02:30:00 IST,2025-03-16 12:30:00 IST,2025-03-16 13:30:00 IST,2025-03-16 13:30:00 IST,2025-03-16 14:30:00 IST,84430.5,84196.0,234.5,0.2783,84196.0,84430.5,84254.625,84430.5,83749.09725,0.2087,167.67,100.0,A,1.0,271.5,0.3225,1.1578,0,2,3,3.0,1,20.87,60.0,0.0004957936964769522,52.0,0.006197421205961903,0.6197421205961903,0.0037184527235771415,0.0032226590271001894,0.009420080233062091,FILLED_TP,TP_HIT,False,1,1.0,2.8744,19.5677,1h,Fixed +0.60% TP reached at 83749.097250.
149,BTCUSD,SHORT,2025-03-17 03:00:00+00:00,2025-03-16 17:00:00+00:00,2025-03-17 06:00:00+00:00,2025-03-17 07:00:00+00:00,2025-03-17 07:00:00+00:00,2025-03-17 12:00:00+00:00,2025-03-17 08:30:00 IST,2025-03-16 22:30:00 IST,2025-03-17 11:30:00 IST,2025-03-17 12:30:00 IST,2025-03-17 12:30:00 IST,2025-03-17 17:30:00 IST,84082.0,83435.0,647.0,0.774,83435.0,84082.0,83596.75,84082.0,83095.1695,0.5805,60.3,60.3,A,1.0,801.5,0.9606,1.2388,1,1,4,4.0,1,35.0,36.18,0.00045439807485317954,31.35,0.009420080233062091,0.5679975935664744,0.0034079855613988463,0.0029535874865456667,0.012373667719607758,FILLED_TP,TP_HIT,False,5,5.0,1.0337,20.6013,1h,Fixed +0.60% TP reached at 83095.169500.
150,SOLUSD,SHORT,2025-03-17 03:00:00+00:00,2025-03-16 16:00:00+00:00,2025-03-17 15:00:00+00:00,2025-03-17 18:00:00+00:00,2025-03-17 18:00:00+00:00,2025-03-17 21:00:00+00:00,2025-03-17 08:30:00 IST,2025-03-16 21:30:00 IST,2025-03-17 20:30:00 IST,2025-03-17 23:30:00 IST,2025-03-17 23:30:00 IST,2025-03-18 02:30:00 IST,131.15,128.47,2.68,2.0753,128.47,131.15,129.14,131.15,128.36516,1.5565,22.49,22.49,A,1.0,3.022,2.3523,1.1276,3,7,15,15.0,1,35.0,13.49,0.00022259797303822708,11.69,0.012373667719607758,0.27824746629778385,0.0016694847977867032,0.0014468868247484762,0.013820554544356234,FILLED_TP,TP_HIT,False,3,3.0,0.3855,20.9868,1h,Fixed +0.60% TP reached at 128.365160.
151,XRPUSD,LONG,2025-03-13 17:00:00+00:00,2025-03-13 08:00:00+00:00,2025-03-13 23:00:00+00:00,2025-03-18 13:00:00+00:00,2025-03-18 13:00:00+00:00,2025-03-18 14:00:00+00:00,2025-03-13 22:30:00 IST,2025-03-13 13:30:00 IST,2025-03-14 04:30:00 IST,2025-03-18 18:30:00 IST,2025-03-18 18:30:00 IST,2025-03-18 19:30:00 IST,2.2432,2.2121,0.0311,1.3912,2.2432,2.2121,2.235425,2.2121,2.248838,1.0434,33.54,33.54,A,1.0,0.0313,1.3953,1.0064,1,5,116,116.0,1,35.0,20.13,0.0003708702113547257,17.44,0.013820554544356234,0.4635877641934071,0.002781526585160442,0.0024106563738057166,0.016231210918161952,FILLED_TP,TP_HIT,False,1,1.0,0.575,21.5618,1h,Fixed +0.60% TP reached at 2.248838.
152,ETHUSD,LONG,2025-03-24 01:00:00+00:00,2025-03-22 23:00:00+00:00,2025-03-24 03:00:00+00:00,2025-03-26 19:00:00+00:00,2025-03-26 19:00:00+00:00,2025-03-26 20:00:00+00:00,2025-03-24 06:30:00 IST,2025-03-23 04:30:00 IST,2025-03-24 08:30:00 IST,2025-03-27 00:30:00 IST,2025-03-27 00:30:00 IST,2025-03-27 01:30:00 IST,1984.65,1973.85,10.8,0.5449,1984.65,1973.85,1981.95,1973.85,1993.8417,0.4087,85.64,85.64,A,1.0,31.75,1.5998,2.9398,1,1,66,66.0,1,35.0,51.38,0.0011120303178012534,44.53,0.016231210918161952,1.3900378972515666,0.008340227383509398,0.007228197065708145,0.023459407983870098,FILLED_TP,TP_HIT,False,1,1.0,1.4681,23.03,1h,Fixed +0.60% TP reached at 1993.841700.
153,XRPUSD,LONG,2025-03-18 11:00:00+00:00,2025-03-13 17:00:00+00:00,2025-03-19 10:00:00+00:00,2025-03-28 05:00:00+00:00,2025-03-28 05:00:00+00:00,2025-03-28 10:00:00+00:00,2025-03-18 16:30:00 IST,2025-03-13 22:30:00 IST,2025-03-19 15:30:00 IST,2025-03-28 10:30:00 IST,2025-03-28 10:30:00 IST,2025-03-28 15:30:00 IST,2.2725,2.2143,0.0582,2.5776,2.2725,2.2143,2.25795,2.2143,2.271498,1.9332,18.1,18.1,A,1.0,0.0643,2.8295,1.1048,10,11,234,234.0,1,35.0,10.86,0.0003397857427722856,-36.45,0.023459407983870098,0.424732178465357,-0.008210792794354533,-0.008550578537126818,0.01490882944674328,FILLED_SL,SL_HIT,False,5,5.0,-1.0,22.03,1h,Distal SL breached at 2.214300.
154,SOLUSD,LONG,2025-03-22 14:00:00+00:00,2025-03-21 22:00:00+00:00,2025-03-23 07:00:00+00:00,2025-03-28 20:00:00+00:00,2025-03-28 20:00:00+00:00,2025-03-28 22:00:00+00:00,2025-03-22 19:30:00 IST,2025-03-22 03:30:00 IST,2025-03-23 12:30:00 IST,2025-03-29 01:30:00 IST,2025-03-29 01:30:00 IST,2025-03-29 03:30:00 IST,129.23,127.47,1.76,1.3666,129.23,127.47,128.79,127.47,129.56274,1.0249,34.15,34.15,A,1.0,2.19,1.6947,1.2443,6,6,150,150.0,1,35.0,20.49,0.0004072956670037133,17.76,0.01490882944674328,0.5091195837546416,0.0030547175025278494,0.002647421835524136,0.017556251282267416,FILLED_TP,TP_HIT,False,2,2.0,0.5854,22.6154,1h,Fixed +0.60% TP reached at 129.562740.
155,XRPUSD,LONG,2025-03-29 14:00:00+00:00,2025-03-11 14:00:00+00:00,2025-03-30 03:00:00+00:00,2025-03-30 22:00:00+00:00,2025-03-30 22:00:00+00:00,2025-03-30 23:00:00+00:00,2025-03-29 19:30:00 IST,2025-03-11 19:30:00 IST,2025-03-30 08:30:00 IST,2025-03-31 03:30:00 IST,2025-03-31 03:30:00 IST,2025-03-31 04:30:00 IST,2.1289,2.0554,0.0735,3.4825,2.1289,2.0554,2.110525,2.0554,2.123188,2.6119,13.4,13.4,A,1.0,0.083,3.8987,1.1293,3,8,32,32.0,1,35.0,8.04,0.00018820524311114934,6.97,0.017556251282267416,0.23525655388893665,0.00141153932333362,0.0012233340802224706,0.018779585362489887,FILLED_TP,TP_HIT,False,1,1.0,0.2297,22.8451,1h,Fixed +0.60% TP reached at 2.123188.
156,BTCUSD,LONG,2025-03-31 07:00:00+00:00,2025-03-18 14:00:00+00:00,2025-03-31 12:00:00+00:00,2025-03-31 13:00:00+00:00,2025-03-31 13:00:00+00:00,2025-03-31 14:00:00+00:00,2025-03-31 12:30:00 IST,2025-03-18 19:30:00 IST,2025-03-31 17:30:00 IST,2025-03-31 18:30:00 IST,2025-03-31 18:30:00 IST,2025-03-31 19:30:00 IST,81935.5,81113.0,822.5,1.0064,81935.5,81113.0,81729.875,81113.0,82220.25425,0.7548,46.37,46.37,A,1.0,1200.5,1.4652,1.4596,0,2,6,6.0,1,35.0,27.82,0.0006966709397914909,24.11,0.018779585362489887,0.8708386747393635,0.0052250320484361805,0.0045283611086446894,0.023307946471134575,FILLED_TP,TP_HIT,False,1,1.0,0.7949,23.64,1h,Fixed +0.60% TP reached at 82220.254250.
157,XRPUSD,LONG,2025-04-04 06:00:00+00:00,2025-04-03 20:00:00+00:00,2025-04-04 07:00:00+00:00,2025-04-04 10:00:00+00:00,2025-04-04 10:00:00+00:00,2025-04-04 11:00:00+00:00,2025-04-04 11:30:00 IST,2025-04-04 01:30:00 IST,2025-04-04 12:30:00 IST,2025-04-04 15:30:00 IST,2025-04-04 15:30:00 IST,2025-04-04 16:30:00 IST,2.0616,2.0341,0.0275,1.3384,2.0616,2.0341,2.054725,2.0341,2.067053,1.0038,34.87,34.87,A,1.0,0.0322,1.5619,1.1709,0,1,4,4.0,1,35.0,20.92,0.0006501623121266728,-37.79,0.023307946471134575,0.8127028901583411,-0.0081577812648971,-0.008807943577023773,0.014500002894110802,FILLED_SL,SL_HIT,False,1,1.0,-1.0,22.64,1h,Distal SL breached at 2.034100.
158,ETHUSD,SHORT,2025-04-04 08:00:00+00:00,2025-04-03 04:00:00+00:00,2025-04-04 10:00:00+00:00,2025-04-04 17:00:00+00:00,2025-04-04 17:00:00+00:00,2025-04-04 18:00:00+00:00,2025-04-04 13:30:00 IST,2025-04-03 09:30:00 IST,2025-04-04 15:30:00 IST,2025-04-04 22:30:00 IST,2025-04-04 22:30:00 IST,2025-04-04 23:30:00 IST,1845.15,1822.25,22.9,1.2528,1822.25,1845.15,1827.975,1845.15,1817.00715,0.9396,37.25,37.25,A,1.0,42.15,2.3131,1.8406,0,2,9,9.0,1,35.0,22.35,0.00043211528275408073,19.37,0.014500002894110802,0.5401441034426009,0.003240864620655605,0.002808749337901524,0.017308752232012326,FILLED_TP,TP_HIT,False,1,1.0,0.6386,23.2786,1h,Fixed +0.60% TP reached at 1817.007150.
159,BTCUSD,SHORT,2025-04-04 17:00:00+00:00,2025-04-04 09:00:00+00:00,2025-04-04 20:00:00+00:00,2025-04-04 21:00:00+00:00,2025-04-04 21:00:00+00:00,2025-04-04 23:00:00+00:00,2025-04-04 22:30:00 IST,2025-04-04 14:30:00 IST,2025-04-05 01:30:00 IST,2025-04-05 02:30:00 IST,2025-04-05 02:30:00 IST,2025-04-05 04:30:00 IST,84680.0,84091.0,589.0,0.6992,84091.0,84680.0,84238.25,84680.0,83732.8205,0.5244,66.74,66.74,A,1.0,636.0,0.7563,1.0798,0,3,4,4.0,1,35.0,40.05,0.0009241800098660496,34.71,0.017308752232012326,1.155225012332562,0.006931350073995372,0.006007170064129322,0.02331592229614165,FILLED_TP,TP_HIT,False,2,2.0,1.1442,24.4228,1h,Fixed +0.60% TP reached at 83732.820500.
160,XRPUSD,LONG,2025-04-05 15:00:00+00:00,2025-04-05 03:00:00+00:00,2025-04-05 18:00:00+00:00,2025-04-05 19:00:00+00:00,2025-04-05 19:00:00+00:00,2025-04-05 20:00:00+00:00,2025-04-05 20:30:00 IST,2025-04-05 08:30:00 IST,2025-04-05 23:30:00 IST,2025-04-06 00:30:00 IST,2025-04-06 00:30:00 IST,2025-04-06 01:30:00 IST,2.1226,2.113,0.0096,0.4528,2.1226,2.113,2.1202,2.113,2.132921,0.3396,103.07,100.0,A,1.0,0.0155,0.7302,1.6146,1,2,4,4.0,1,33.96,60.0,0.0018652737836913319,52.0,0.02331592229614165,2.3315922296141647,0.01398955337768499,0.012124279593993658,0.0354402018901353,FILLED_TP,TP_HIT,False,1,1.0,1.7668,26.1896,1h,Fixed +0.60% TP reached at 2.132921.
161,SOLUSD,LONG,2025-04-03 17:00:00+00:00,2024-08-05 11:00:00+00:00,2025-04-04 16:00:00+00:00,2025-04-06 13:00:00+00:00,2025-04-06 13:00:00+00:00,2025-04-06 15:00:00+00:00,2025-04-03 22:30:00 IST,2024-08-05 16:30:00 IST,2025-04-04 21:30:00 IST,2025-04-06 18:30:00 IST,2025-04-06 18:30:00 IST,2025-04-06 20:30:00 IST,116.577,110.569,6.008,5.2209,116.577,110.569,115.075,110.569,115.76545,3.9157,8.94,8.94,A,1.0,6.277,5.3844,1.0448,4,12,68,68.0,1,35.0,5.36,0.00025342182536663326,4.65,0.0354402018901353,0.31677728170829156,0.0019006636902497494,0.001647241864883116,0.03708744375501842,FILLED_TP,TP_HIT,False,2,2.0,0.1532,26.3428,1h,Fixed +0.60% TP reached at 115.765450.
162,SOLUSD,SHORT,2025-04-15 05:00:00+00:00,2025-04-14 14:00:00+00:00,2025-04-15 18:00:00+00:00,2025-04-16 19:00:00+00:00,2025-04-16 19:00:00+00:00,2025-04-16 23:00:00+00:00,2025-04-15 10:30:00 IST,2025-04-14 19:30:00 IST,2025-04-15 23:30:00 IST,2025-04-17 00:30:00 IST,2025-04-17 00:30:00 IST,2025-04-17 04:30:00 IST,134.746,131.08,3.666,2.7773,131.08,134.746,131.9965,134.746,131.204521,2.083,16.8,16.8,A,1.0,3.852,2.9387,1.0507,3,7,38,38.0,1,35.0,10.08,0.0004985326697547225,8.74,0.03708744375501842,0.6231658371934031,0.003738995023160419,0.0032404623534056966,0.040327906108424114,FILLED_TP,TP_HIT,False,4,4.0,0.288,26.6309,1h,Fixed +0.60% TP reached at 131.204521.
163,ETHUSD,LONG,2025-04-18 23:00:00+00:00,2025-04-18 15:00:00+00:00,2025-04-19 04:00:00+00:00,2025-04-20 07:00:00+00:00,2025-04-20 07:00:00+00:00,2025-04-20 08:00:00+00:00,2025-04-19 04:30:00 IST,2025-04-18 20:30:00 IST,2025-04-19 09:30:00 IST,2025-04-20 12:30:00 IST,2025-04-20 12:30:00 IST,2025-04-20 13:30:00 IST,1589.55,1578.35,11.2,0.7058,1589.55,1578.35,1586.75,1578.35,1596.2705,0.5294,66.11,66.11,A,1.0,23.75,1.4941,2.1205,2,2,32,32.0,1,35.0,39.67,0.002133010167251376,34.38,0.040327906108424114,2.6662627090642195,0.015997576254385318,0.013864566087133942,0.054192472195558054,FILLED_TP,TP_HIT,False,1,1.0,1.1334,27.7643,1h,Fixed +0.60% TP reached at 1596.270500.
164,BTCUSD,LONG,2025-04-18 15:00:00+00:00,2025-04-17 14:00:00+00:00,2025-04-19 04:00:00+00:00,2025-04-20 10:00:00+00:00,2025-04-20 10:00:00+00:00,2025-04-20 20:00:00+00:00,2025-04-18 20:30:00 IST,2025-04-17 19:30:00 IST,2025-04-19 09:30:00 IST,2025-04-20 15:30:00 IST,2025-04-20 15:30:00 IST,2025-04-21 01:30:00 IST,84430.0,83700.0,730.0,0.8665,84430.0,83700.0,84247.5,83700.0,84752.985,0.6499,53.86,53.86,A,1.0,810.0,0.9594,1.1096,6,0,43,43.0,1,35.0,32.31,0.0023349086472377674,28.01,0.054192472195558054,2.9186358090472093,0.017511814854283256,0.015176906207045489,0.06936937840260354,FILLED_TP,TP_HIT,False,10,10.0,0.9233,28.6875,1h,Fixed +0.60% TP reached at 84752.985000.
165,ETHUSD,SHORT,2025-04-21 10:00:00+00:00,2025-04-15 13:00:00+00:00,2025-04-21 17:00:00+00:00,2025-04-22 08:00:00+00:00,2025-04-22 08:00:00+00:00,2025-04-22 10:00:00+00:00,2025-04-21 15:30:00 IST,2025-04-15 18:30:00 IST,2025-04-21 22:30:00 IST,2025-04-22 13:30:00 IST,2025-04-22 13:30:00 IST,2025-04-22 15:30:00 IST,1660.75,1620.1,40.65,2.4935,1620.1,1660.75,1630.2625,1660.75,1620.480925,1.8701,18.72,18.72,A,1.0,49.1,3.0307,1.2079,1,5,22,22.0,1,35.0,11.23,0.0010386316671508213,9.73,0.06936937840260354,1.2982895839385264,0.007789737503631157,0.006751105836480336,0.07612048423908388,FILLED_TP,TP_HIT,False,2,2.0,0.3208,29.0084,1h,Fixed +0.60% TP reached at 1620.480925.
166,BTCUSD,LONG,2025-04-23 11:00:00+00:00,2025-04-23 01:00:00+00:00,2025-04-23 13:00:00+00:00,2025-04-23 14:00:00+00:00,2025-04-23 14:00:00+00:00,2025-04-23 15:00:00+00:00,2025-04-23 16:30:00 IST,2025-04-23 06:30:00 IST,2025-04-23 18:30:00 IST,2025-04-23 19:30:00 IST,2025-04-23 19:30:00 IST,2025-04-23 20:30:00 IST,93462.0,92552.0,910.0,0.976,93462.0,92552.0,93234.5,92552.0,93793.907,0.732,47.81,47.81,A,1.0,1238.0,1.3246,1.3604,0,1,3,3.0,1,35.0,28.69,0.002911612425759535,-38.83,0.07612048423908388,3.6395155321994186,-0.026642169483679357,-0.029553781909438893,0.046566702329644986,FILLED_SL,SL_HIT,False,1,1.0,-1.0,28.0084,1h,Distal SL breached at 92552.000000.
167,SOLUSD,LONG,2025-04-25 10:00:00+00:00,2025-04-25 02:00:00+00:00,2025-04-25 12:00:00+00:00,2025-04-25 13:00:00+00:00,2025-04-25 13:00:00+00:00,2025-04-25 14:00:00+00:00,2025-04-25 15:30:00 IST,2025-04-25 07:30:00 IST,2025-04-25 17:30:00 IST,2025-04-25 18:30:00 IST,2025-04-25 18:30:00 IST,2025-04-25 19:30:00 IST,153.141,150.5,2.641,1.732,153.141,150.5,152.48075,150.5,153.395634,1.299,26.94,26.94,A,1.0,4.001,2.6126,1.515,0,0,3,3.0,1,35.0,16.17,0.0010037345424461863,14.01,0.046566702329644986,1.254668178057733,0.007528009068346397,0.006524274525900211,0.053090976855545195,FILLED_TP,TP_HIT,False,1,1.0,0.4619,28.4703,1h,Fixed +0.60% TP reached at 153.395634.
168,ETHUSD,LONG,2025-04-25 13:00:00+00:00,2025-04-25 02:00:00+00:00,2025-04-25 14:00:00+00:00,2025-04-28 01:00:00+00:00,2025-04-28 01:00:00+00:00,2025-04-28 02:00:00+00:00,2025-04-25 18:30:00 IST,2025-04-25 07:30:00 IST,2025-04-25 19:30:00 IST,2025-04-28 06:30:00 IST,2025-04-28 06:30:00 IST,2025-04-28 07:30:00 IST,1770.3,1738.15,32.15,1.8244,1770.3,1738.15,1762.2625,1738.15,1772.836075,1.3683,25.58,25.58,A,1.0,43.4,2.4516,1.3499,0,0,60,60.0,1,35.0,15.35,0.0010864434018973857,13.3,0.053090976855545195,1.358054252371732,0.008148325514230392,0.007061882112333007,0.060152858967878205,FILLED_TP,TP_HIT,False,1,1.0,0.4385,28.9088,1h,Fixed +0.60% TP reached at 1772.836075.
169,SOLUSD,SHORT,2025-04-27 13:00:00+00:00,2025-04-27 00:00:00+00:00,2025-04-28 00:00:00+00:00,2025-04-28 03:00:00+00:00,2025-04-28 03:00:00+00:00,2025-04-28 04:00:00+00:00,2025-04-27 18:30:00 IST,2025-04-27 05:30:00 IST,2025-04-28 05:30:00 IST,2025-04-28 08:30:00 IST,2025-04-28 08:30:00 IST,2025-04-28 09:30:00 IST,150.351,148.96,1.391,0.9316,148.96,150.351,149.30775,150.351,148.411903,0.6987,50.09,50.09,A,1.0,2.223,1.4923,1.5981,2,7,14,14.0,1,35.0,30.05,0.0024105062525733426,26.05,0.060152858967878205,3.0131328157166783,0.01807879689430007,0.015668290641726725,0.07582114960960493,FILLED_TP,TP_HIT,False,1,1.0,0.8587,29.7675,1h,Fixed +0.60% TP reached at 148.411903.
170,XRPUSD,LONG,2025-04-28 01:00:00+00:00,2025-04-27 14:00:00+00:00,2025-04-28 04:00:00+00:00,2025-04-29 22:00:00+00:00,2025-04-29 22:00:00+00:00,2025-04-30 00:00:00+00:00,2025-04-28 06:30:00 IST,2025-04-27 19:30:00 IST,2025-04-28 09:30:00 IST,2025-04-30 03:30:00 IST,2025-04-30 03:30:00 IST,2025-04-30 05:30:00 IST,2.2382,2.2116,0.0266,1.192,2.2382,2.2116,2.23155,2.2116,2.244939,0.894,39.15,39.15,A,1.0,0.04,1.7872,1.5038,2,1,45,45.0,1,35.0,23.49,0.0023747184057728104,20.36,0.07582114960960493,2.9683980072160128,0.01781038804329608,0.015435669637523268,0.0912568192471282,FILLED_TP,TP_HIT,False,2,2.0,0.6711,30.4386,1h,Fixed +0.60% TP reached at 2.244939.
171,BTCUSD,SHORT,2025-04-30 03:00:00+00:00,2025-04-29 16:00:00+00:00,2025-04-30 13:00:00+00:00,2025-05-01 02:00:00+00:00,2025-05-01 02:00:00+00:00,2025-05-01 09:00:00+00:00,2025-04-30 08:30:00 IST,2025-04-29 21:30:00 IST,2025-04-30 18:30:00 IST,2025-05-01 07:30:00 IST,2025-05-01 07:30:00 IST,2025-05-01 14:30:00 IST,95423.0,94750.0,673.0,0.709,94750.0,95423.0,94918.25,95423.0,94348.7405,0.5318,65.82,65.82,A,1.0,1792.0,1.8913,2.6627,1,7,23,23.0,1,35.0,39.49,0.004805037193424553,-40.27,0.0912568192471282,6.006296491780691,-0.031939886736494866,-0.03674492392991942,0.05451189531720878,FILLED_SL,SL_HIT,False,7,7.0,-1.0,29.4386,1h,Distal SL breached at 95423.000000.
172,XRPUSD,LONG,2025-05-01 06:00:00+00:00,2025-05-01 00:00:00+00:00,2025-05-01 08:00:00+00:00,2025-05-02 07:00:00+00:00,2025-05-02 07:00:00+00:00,2025-05-02 08:00:00+00:00,2025-05-01 11:30:00 IST,2025-05-01 05:30:00 IST,2025-05-01 13:30:00 IST,2025-05-02 12:30:00 IST,2025-05-02 12:30:00 IST,2025-05-02 13:30:00 IST,2.1963,2.1868,0.0095,0.433,2.1963,2.1868,2.193925,2.1868,2.207089,0.3248,107.77,100.0,A,1.0,0.0142,0.6465,1.4947,1,1,25,25.0,1,32.48,60.0,0.004360951625376702,52.0,0.05451189531720878,5.451189531720877,0.03270713719032527,0.028346185564948563,0.08285808088215735,FILLED_TP,TP_HIT,False,1,1.0,1.8475,31.2861,1h,Fixed +0.60% TP reached at 2.207089.
173,XRPUSD,SHORT,2025-05-03 13:00:00+00:00,2025-05-03 02:00:00+00:00,2025-05-03 17:00:00+00:00,2025-05-04 02:00:00+00:00,2025-05-04 02:00:00+00:00,2025-05-04 03:00:00+00:00,2025-05-03 18:30:00 IST,2025-05-03 07:30:00 IST,2025-05-03 22:30:00 IST,2025-05-04 07:30:00 IST,2025-05-04 07:30:00 IST,2025-05-04 08:30:00 IST,2.2195,2.2016,0.0179,0.8114,2.2016,2.2195,2.206075,2.2195,2.192839,0.6085,57.51,57.51,A,1.0,0.0268,1.2173,1.4972,1,3,13,13.0,1,35.0,34.51,0.0038124036811165926,29.91,0.08285808088215735,4.76550460139574,0.02859302760837444,0.02478062392725785,0.1076387048094152,FILLED_TP,TP_HIT,False,1,1.0,0.986,32.2721,1h,Fixed +0.60% TP reached at 2.192839.
174,SOLUSD,SHORT,2025-05-04 17:00:00+00:00,2025-05-03 21:00:00+00:00,2025-05-04 22:00:00+00:00,2025-05-05 06:00:00+00:00,2025-05-05 06:00:00+00:00,2025-05-05 09:00:00+00:00,2025-05-04 22:30:00 IST,2025-05-04 02:30:00 IST,2025-05-05 03:30:00 IST,2025-05-05 11:30:00 IST,2025-05-05 11:30:00 IST,2025-05-05 14:30:00 IST,147.88,146.858,1.022,0.6947,146.858,147.88,147.1135,147.88,146.230819,0.521,67.18,67.18,A,1.0,1.8874,1.2852,1.8468,1,1,13,13.0,1,35.0,40.31,0.005784513826476618,34.93,0.1076387048094152,7.230642283095772,0.043383853698574636,0.037599339872098014,0.14523804468151322,FILLED_TP,TP_HIT,False,3,3.0,1.1516,33.4237,1h,Fixed +0.60% TP reached at 146.230819.
175,SOLUSD,SHORT,2025-05-05 06:00:00+00:00,2025-05-04 18:00:00+00:00,2025-05-05 10:00:00+00:00,2025-05-05 18:00:00+00:00,2025-05-05 18:00:00+00:00,2025-05-05 20:00:00+00:00,2025-05-05 11:30:00 IST,2025-05-04 23:30:00 IST,2025-05-05 15:30:00 IST,2025-05-05 23:30:00 IST,2025-05-05 23:30:00 IST,2025-05-06 01:30:00 IST,147.75,146.479,1.271,0.8658,146.479,147.75,146.79675,147.75,145.915969,0.6494,53.9,53.9,A,1.0,2.843,1.9409,2.2368,1,2,12,12.0,1,35.0,32.34,0.006262504507703412,28.03,0.14523804468151322,7.8281306346292645,0.04696878380777558,0.04070627930007217,0.1859443239815854,FILLED_TP,TP_HIT,False,2,2.0,0.924,34.3476,1h,Fixed +0.60% TP reached at 145.915969.
176,ETHUSD,SHORT,2025-05-05 08:00:00+00:00,2025-05-04 20:00:00+00:00,2025-05-05 10:00:00+00:00,2025-05-05 22:00:00+00:00,2025-05-05 22:00:00+00:00,2025-05-05 23:00:00+00:00,2025-05-05 13:30:00 IST,2025-05-05 01:30:00 IST,2025-05-05 15:30:00 IST,2025-05-06 03:30:00 IST,2025-05-06 03:30:00 IST,2025-05-06 04:30:00 IST,1842.05,1827.75,14.3,0.7809,1827.75,1842.05,1831.325,1842.05,1820.33705,0.5856,59.76,59.76,A,1.0,30.25,1.655,2.1154,1,0,14,14.0,1,35.0,35.86,0.008890149832388098,31.08,0.1859443239815854,11.112687290485121,0.06667612374291072,0.05778597391052263,0.243730297892108,FILLED_TP,TP_HIT,False,1,1.0,1.0245,35.3722,1h,Fixed +0.60% TP reached at 1820.337050.
177,XRPUSD,LONG,2025-04-22 02:00:00+00:00,2025-04-22 00:00:00+00:00,2025-04-22 13:00:00+00:00,2025-05-06 08:00:00+00:00,2025-05-06 08:00:00+00:00,2025-05-06 09:00:00+00:00,2025-04-22 07:30:00 IST,2025-04-22 05:30:00 IST,2025-04-22 18:30:00 IST,2025-05-06 13:30:00 IST,2025-05-06 13:30:00 IST,2025-05-06 14:30:00 IST,2.0868,2.0623,0.0245,1.1775,2.0868,2.0623,2.080675,2.0623,2.093159,0.8831,39.63,39.63,A,1.0,0.0454,2.1756,1.8531,6,5,342,342.0,1,35.0,23.78,0.007727596762920457,20.61,0.243730297892108,9.65949595365057,0.05795697572190343,0.05022937895898297,0.293959676851091,FILLED_TP,TP_HIT,False,1,1.0,0.6794,36.0516,1h,Fixed +0.60% TP reached at 2.093159.
178,XRPUSD,SHORT,2025-05-06 18:00:00+00:00,2025-05-05 18:00:00+00:00,2025-05-06 21:00:00+00:00,2025-05-06 22:00:00+00:00,2025-05-06 22:00:00+00:00,2025-05-07 00:00:00+00:00,2025-05-06 23:30:00 IST,2025-05-05 23:30:00 IST,2025-05-07 02:30:00 IST,2025-05-07 03:30:00 IST,2025-05-07 03:30:00 IST,2025-05-07 05:30:00 IST,2.1606,2.139,0.0216,1.0073,2.139,2.1606,2.1444,2.1606,2.131534,0.7555,46.33,46.33,A,1.0,0.0287,1.3417,1.3287,1,1,4,4.0,1,35.0,27.8,0.01089523436364533,-38.71,0.293959676851091,13.619042954556662,-0.10288588689788183,-0.11378112126152716,0.1801785555895638,FILLED_SL,SL_HIT,False,2,2.0,-1.0,35.0516,1h,Distal SL breached at 2.160600.
179,XRPUSD,SHORT,2025-05-04 15:00:00+00:00,2025-05-04 05:00:00+00:00,2025-05-04 17:00:00+00:00,2025-05-08 04:00:00+00:00,2025-05-08 04:00:00+00:00,2025-05-08 05:00:00+00:00,2025-05-04 20:30:00 IST,2025-05-04 10:30:00 IST,2025-05-04 22:30:00 IST,2025-05-08 09:30:00 IST,2025-05-08 09:30:00 IST,2025-05-08 10:30:00 IST,2.2122,2.1956,0.0166,0.7546,2.1956,2.2122,2.19975,2.2122,2.186552,0.566,61.84,61.84,A,1.0,0.0278,1.2662,1.6747,1,0,85,85.0,1,35.0,37.1,0.008913845601950313,32.16,0.1801785555895638,11.14230700243789,0.06685384201462734,0.057939996412677025,0.23811855200224083,FILLED_TP,TP_HIT,False,1,1.0,1.0601,36.1117,1h,Fixed +0.60% TP reached at 2.186552.
180,ETHUSD,SHORT,2025-03-08 13:00:00+00:00,2025-03-07 15:00:00+00:00,2025-03-09 13:00:00+00:00,2025-05-08 20:00:00+00:00,2025-05-08 20:00:00+00:00,2025-05-08 21:00:00+00:00,2025-03-08 18:30:00 IST,2025-03-07 20:30:00 IST,2025-03-09 18:30:00 IST,2025-05-09 01:30:00 IST,2025-05-09 01:30:00 IST,2025-05-09 02:30:00 IST,2238.65,2179.75,58.9,2.684,2179.75,2238.65,2194.475,2238.65,2181.30815,2.013,17.39,17.39,A,1.0,78.4,3.5967,1.3311,5,12,1471,1471.0,1,35.0,10.43,0.0033121145134902613,9.04,0.23811855200224083,4.1401431418628265,0.024840858851176952,0.02152874433768669,0.2596472963399275,FILLED_TP,TP_HIT,False,1,1.0,0.2981,36.4097,1h,Fixed +0.60% TP reached at 2181.308150.
181,XRPUSD,LONG,2025-05-10 03:00:00+00:00,2025-05-09 17:00:00+00:00,2025-05-10 10:00:00+00:00,2025-05-11 07:00:00+00:00,2025-05-11 07:00:00+00:00,2025-05-11 08:00:00+00:00,2025-05-10 08:30:00 IST,2025-05-09 22:30:00 IST,2025-05-10 15:30:00 IST,2025-05-11 12:30:00 IST,2025-05-11 12:30:00 IST,2025-05-11 13:30:00 IST,2.3675,2.3242,0.0433,1.8373,2.3675,2.3242,2.356675,2.3242,2.370815,1.378,25.4,25.4,A,1.0,0.0707,2.9863,1.6328,5,2,28,28.0,1,35.0,15.24,0.005275849169777684,13.21,0.2596472963399275,6.594811462222105,0.03956886877333263,0.03429301960355494,0.29394031594348247,FILLED_TP,TP_HIT,False,1,1.0,0.4354,36.8452,1h,Fixed +0.60% TP reached at 2.370815.
182,SOLUSD,SHORT,2025-05-12 23:00:00+00:00,2025-05-12 15:00:00+00:00,2025-05-13 01:00:00+00:00,2025-05-13 11:00:00+00:00,2025-05-13 11:00:00+00:00,2025-05-13 12:00:00+00:00,2025-05-13 04:30:00 IST,2025-05-12 20:30:00 IST,2025-05-13 06:30:00 IST,2025-05-13 16:30:00 IST,2025-05-13 16:30:00 IST,2025-05-13 17:30:00 IST,177.226,174.06,3.166,1.8107,174.06,177.226,174.8515,177.226,173.802391,1.358,25.77,25.77,A,1.0,4.518,2.5957,1.427,1,0,12,12.0,1,35.0,15.46,0.006060582624928886,13.4,0.29394031594348247,7.575728281161107,0.04545436968696664,0.03939378706203775,0.33333410300552024,FILLED_TP,TP_HIT,False,1,1.0,0.4418,37.287,1h,Fixed +0.60% TP reached at 173.802391.
183,XRPUSD,LONG,2025-05-14 08:00:00+00:00,2025-05-14 02:00:00+00:00,2025-05-14 09:00:00+00:00,2025-05-14 13:00:00+00:00,2025-05-14 13:00:00+00:00,2025-05-14 14:00:00+00:00,2025-05-14 13:30:00 IST,2025-05-14 07:30:00 IST,2025-05-14 14:30:00 IST,2025-05-14 18:30:00 IST,2025-05-14 18:30:00 IST,2025-05-14 19:30:00 IST,2.5693,2.541,0.0283,1.1045,2.5693,2.541,2.562225,2.541,2.577598,0.8284,42.25,42.25,A,1.0,0.0831,3.2343,2.9364,0,1,5,5.0,1,35.0,25.35,0.011266975367751536,21.97,0.33333410300552024,14.08371920968942,0.08450231525813652,0.07323533989038498,0.40656944289590524,FILLED_TP,TP_HIT,False,1,1.0,0.7243,38.0113,1h,Fixed +0.60% TP reached at 2.577598.
184,BTCUSD,LONG,2025-05-17 09:00:00+00:00,2025-05-15 19:00:00+00:00,2025-05-18 07:00:00+00:00,2025-05-19 04:00:00+00:00,2025-05-19 04:00:00+00:00,2025-05-19 06:00:00+00:00,2025-05-17 14:30:00 IST,2025-05-16 00:30:00 IST,2025-05-18 12:30:00 IST,2025-05-19 09:30:00 IST,2025-05-19 09:30:00 IST,2025-05-19 11:30:00 IST,103192.0,102509.5,682.5,0.6625,103192.0,102509.5,103021.375,102509.5,103639.50325,0.4969,70.44,70.44,A,1.0,768.0,0.7442,1.1253,5,12,43,43.0,1,35.0,42.27,0.022911640637330675,-40.64,0.40656944289590524,28.639550796663343,-0.14229930501356683,-0.1652109456508975,0.24135849724500774,FILLED_SL,SL_HIT,False,2,2.0,-1.0,37.0113,1h,Distal SL breached at 102509.500000.
185,BTCUSD,LONG,2025-05-21 07:00:00+00:00,2025-05-20 22:00:00+00:00,2025-05-21 14:00:00+00:00,2025-05-21 17:00:00+00:00,2025-05-21 17:00:00+00:00,2025-05-21 18:00:00+00:00,2025-05-21 12:30:00 IST,2025-05-21 03:30:00 IST,2025-05-21 19:30:00 IST,2025-05-21 22:30:00 IST,2025-05-21 22:30:00 IST,2025-05-21 23:30:00 IST,106857.0,105889.0,968.0,0.9079,106857.0,105889.0,106615.0,105889.0,107254.69,0.681,51.4,51.4,A,1.0,2142.0,2.0045,2.2128,1,6,10,10.0,1,35.0,30.84,0.009924355552971654,26.73,0.24135849724500774,12.405444441214566,0.07443266664728738,0.06450831109431573,0.30586680833932345,FILLED_TP,TP_HIT,False,1,1.0,0.8811,37.8924,1h,Fixed +0.60% TP reached at 107254.690000.
186,XRPUSD,LONG,2025-05-21 07:00:00+00:00,2025-05-20 19:00:00+00:00,2025-05-21 16:00:00+00:00,2025-05-21 19:00:00+00:00,2025-05-21 19:00:00+00:00,2025-05-21 20:00:00+00:00,2025-05-21 12:30:00 IST,2025-05-21 00:30:00 IST,2025-05-21 21:30:00 IST,2025-05-22 00:30:00 IST,2025-05-22 00:30:00 IST,2025-05-22 01:30:00 IST,2.3646,2.3143,0.0503,2.1386,2.3646,2.3143,2.352025,2.3143,2.366137,1.6039,21.82,21.82,A,1.0,0.0639,2.7024,1.2704,2,6,12,12.0,1,35.0,13.09,0.005339530453746936,11.35,0.30586680833932345,6.67441306718367,0.040046478403102014,0.034706947949355076,0.34057375628867853,FILLED_TP,TP_HIT,False,1,1.0,0.3741,38.2665,1h,Fixed +0.60% TP reached at 2.366137.
187,ETHUSD,LONG,2025-05-21 17:00:00+00:00,2025-05-20 18:00:00+00:00,2025-05-21 23:00:00+00:00,2025-05-25 00:00:00+00:00,2025-05-25 00:00:00+00:00,2025-05-25 01:00:00+00:00,2025-05-21 22:30:00 IST,2025-05-20 23:30:00 IST,2025-05-22 04:30:00 IST,2025-05-25 05:30:00 IST,2025-05-25 05:30:00 IST,2025-05-25 06:30:00 IST,2503.5,2442.0,61.5,2.4717,2503.5,2442.0,2488.125,2442.0,2503.05375,1.8538,18.88,18.88,A,1.0,95.5,3.8147,1.5528,1,3,79,79.0,1,35.0,11.33,0.00514404816612282,9.82,0.34057375628867853,6.430060207653526,0.03858036124592115,0.03343631307979833,0.37401006936847686,FILLED_TP,TP_HIT,False,1,1.0,0.3237,38.5901,1h,Fixed +0.60% TP reached at 2503.053750.
188,BTCUSD,SHORT,2025-05-24 10:00:00+00:00,2025-05-23 17:00:00+00:00,2025-05-24 22:00:00+00:00,2025-05-25 22:00:00+00:00,2025-05-25 22:00:00+00:00,2025-05-25 23:00:00+00:00,2025-05-24 15:30:00 IST,2025-05-23 22:30:00 IST,2025-05-25 03:30:00 IST,2025-05-26 03:30:00 IST,2025-05-26 03:30:00 IST,2025-05-26 04:30:00 IST,109771.0,108974.0,797.0,0.73,108974.0,109771.0,109173.25,109771.0,108518.2105,0.5475,63.92,63.92,A,1.0,1039.0,0.9534,1.3036,3,4,36,36.0,1,35.0,38.35,0.019126609026501012,33.24,0.37401006936847686,23.908261283126265,0.14344956769875758,0.12432295867225657,0.49833302804073343,FILLED_TP,TP_HIT,False,1,1.0,1.0958,39.686,1h,Fixed +0.60% TP reached at 108518.210500.
189,SOLUSD,SHORT,2025-05-26 00:00:00+00:00,2025-05-24 20:00:00+00:00,2025-05-26 02:00:00+00:00,2025-05-26 03:00:00+00:00,2025-05-26 03:00:00+00:00,2025-05-26 05:00:00+00:00,2025-05-26 05:30:00 IST,2025-05-25 01:30:00 IST,2025-05-26 07:30:00 IST,2025-05-26 08:30:00 IST,2025-05-26 08:30:00 IST,2025-05-26 10:30:00 IST,177.878,176.865,1.013,0.5719,176.865,177.878,177.11825,177.878,176.05554,0.429,81.59,81.59,A,1.0,1.191,0.6734,1.1757,0,1,3,3.0,1,35.0,48.96,0.03252896962982202,-41.53,0.49833302804073343,40.66121203727752,-0.1744165598142567,-0.2069455294440787,0.2913874985966547,FILLED_SL,SL_HIT,False,2,2.0,-1.0,38.686,1h,Distal SL breached at 177.878000.
190,XRPUSD,LONG,2025-05-27 06:00:00+00:00,2025-05-25 15:00:00+00:00,2025-05-27 11:00:00+00:00,2025-05-28 07:00:00+00:00,2025-05-28 07:00:00+00:00,2025-05-28 08:00:00+00:00,2025-05-27 11:30:00 IST,2025-05-25 20:30:00 IST,2025-05-27 16:30:00 IST,2025-05-28 12:30:00 IST,2025-05-28 12:30:00 IST,2025-05-28 13:30:00 IST,2.2924,2.2646,0.0278,1.2164,2.2924,2.2646,2.28545,2.2646,2.299163,0.9123,38.36,38.36,A,1.0,0.0302,1.3174,1.0863,4,0,25,25.0,1,35.0,23.02,0.008943234361005494,19.95,0.2913874985966547,11.179042951256866,0.06707425770754119,0.05813102334653569,0.3495185219431904,FILLED_TP,TP_HIT,False,1,1.0,0.6577,39.3437,1h,Fixed +0.60% TP reached at 2.299163.
191,BTCUSD,LONG,2025-05-25 14:00:00+00:00,2025-05-21 18:00:00+00:00,2025-05-25 22:00:00+00:00,2025-05-28 15:00:00+00:00,2025-05-28 15:00:00+00:00,2025-05-28 17:00:00+00:00,2025-05-25 19:30:00 IST,2025-05-21 23:30:00 IST,2025-05-26 03:30:00 IST,2025-05-28 20:30:00 IST,2025-05-28 20:30:00 IST,2025-05-28 22:30:00 IST,107381.0,106286.0,1095.0,1.0223,107381.0,106286.0,107107.25,106286.0,107749.8935,0.7668,45.65,45.65,A,1.0,1799.0,1.6753,1.6429,1,3,73,73.0,1,35.0,27.39,0.012763556722839499,23.74,0.3495185219431904,15.954445903549372,0.09572667542129623,0.08296311869845674,0.4324816406416471,FILLED_TP,TP_HIT,False,2,2.0,0.7825,40.1262,1h,Fixed +0.60% TP reached at 107749.893500.
192,BTCUSD,LONG,2025-05-28 20:00:00+00:00,2025-05-25 15:00:00+00:00,2025-05-29 01:00:00+00:00,2025-05-29 04:00:00+00:00,2025-05-29 04:00:00+00:00,2025-05-29 06:00:00+00:00,2025-05-29 01:30:00 IST,2025-05-25 20:30:00 IST,2025-05-29 06:30:00 IST,2025-05-29 09:30:00 IST,2025-05-29 09:30:00 IST,2025-05-29 11:30:00 IST,107390.5,106520.5,870.0,0.8118,107390.5,106520.5,107173.0,106520.5,107816.038,0.6088,57.49,57.49,A,1.0,908.5,0.846,1.0443,2,2,8,8.0,1,35.0,34.49,0.019889807454860426,29.89,0.4324816406416471,24.862259318575532,0.1491735559114532,0.12928374845659277,0.5617653890982399,FILLED_TP,TP_HIT,False,2,2.0,0.9855,41.1117,1h,Fixed +0.60% TP reached at 107816.038000.
193,ETHUSD,LONG,2025-05-28 14:00:00+00:00,2025-05-28 10:00:00+00:00,2025-05-28 23:00:00+00:00,2025-05-29 14:00:00+00:00,2025-05-29 14:00:00+00:00,2025-05-29 15:00:00+00:00,2025-05-28 19:30:00 IST,2025-05-28 15:30:00 IST,2025-05-29 04:30:00 IST,2025-05-29 19:30:00 IST,2025-05-29 19:30:00 IST,2025-05-29 20:30:00 IST,2642.45,2608.0,34.45,1.308,2642.45,2608.0,2633.8375,2608.0,2649.640525,0.981,35.68,35.68,A,1.0,43.9,1.6613,1.2743,1,6,24,24.0,1,35.0,21.41,0.0160343550824397,18.55,0.5617653890982399,20.042943853049625,0.12025766311829776,0.10422330803585805,0.665988697134098,FILLED_TP,TP_HIT,False,1,1.0,0.6116,41.7233,1h,Fixed +0.60% TP reached at 2649.640525.
194,ETHUSD,LONG,2025-05-25 21:00:00+00:00,2025-05-25 15:00:00+00:00,2025-05-25 22:00:00+00:00,2025-05-31 00:00:00+00:00,2025-05-31 00:00:00+00:00,2025-05-31 01:00:00+00:00,2025-05-26 02:30:00 IST,2025-05-25 20:30:00 IST,2025-05-26 03:30:00 IST,2025-05-31 05:30:00 IST,2025-05-31 05:30:00 IST,2025-05-31 06:30:00 IST,2514.9,2479.0,35.9,1.4326,2514.9,2479.0,2505.925,2479.0,2520.96055,1.0745,32.57,32.57,A,1.0,38.75,1.5408,1.0794,0,0,123,123.0,1,35.0,19.54,0.017355504670098828,-37.61,0.665988697134098,21.694380837623534,-0.2330960439969343,-0.2504515486670331,0.4155371484670649,FILLED_SL,DUAL_TOUCH_CONSERVATIVE_SL,True,1,1.0,-1.0,40.7233,1h,Dual-touch: both TP and SL hit same candle. Conservative SL-first applied.
195,BTCUSD,SHORT,2025-05-31 14:00:00+00:00,2025-05-30 19:00:00+00:00,2025-06-01 02:00:00+00:00,2025-06-01 05:00:00+00:00,2025-06-01 05:00:00+00:00,2025-06-01 09:00:00+00:00,2025-05-31 19:30:00 IST,2025-05-31 00:30:00 IST,2025-06-01 07:30:00 IST,2025-06-01 10:30:00 IST,2025-06-01 10:30:00 IST,2025-06-01 14:30:00 IST,104970.5,104454.0,516.5,0.4939,104454.0,104970.5,104583.125,104970.5,103955.62625,0.3704,94.49,94.49,A,1.0,570.0,0.5457,1.1036,1,10,15,15.0,1,35.0,56.7,0.03141216803169252,49.14,0.4155371484670649,39.26521003961565,0.23559126023769392,0.2041790922060014,0.6197162406730663,FILLED_TP,TP_HIT,False,4,4.0,1.6199,42.3432,1h,Fixed +0.60% TP reached at 103955.626250.
196,BTCUSD,SHORT,2025-06-01 04:00:00+00:00,2025-05-31 22:00:00+00:00,2025-06-01 06:00:00+00:00,2025-06-01 14:00:00+00:00,2025-06-01 14:00:00+00:00,2025-06-01 16:00:00+00:00,2025-06-01 09:30:00 IST,2025-06-01 03:30:00 IST,2025-06-01 11:30:00 IST,2025-06-01 19:30:00 IST,2025-06-01 19:30:00 IST,2025-06-01 21:30:00 IST,104868.0,104559.0,309.0,0.2953,104559.0,104868.0,104636.25,104868.0,104008.4325,0.2215,158.03,100.0,A,1.0,412.0,0.394,1.3333,1,0,10,10.0,1,22.15,60.0,0.049577299253845304,-30.15,0.6197162406730663,61.97162406730663,-0.13725572043721282,-0.18683301969105812,0.43288322098200815,FILLED_SL,SL_HIT,False,2,2.0,-1.0,41.3432,1h,Distal SL breached at 104868.000000.
197,ETHUSD,SHORT,2025-06-01 17:00:00+00:00,2025-05-31 21:00:00+00:00,2025-06-01 18:00:00+00:00,2025-06-01 22:00:00+00:00,2025-06-01 22:00:00+00:00,2025-06-02 00:00:00+00:00,2025-06-01 22:30:00 IST,2025-06-01 02:30:00 IST,2025-06-01 23:30:00 IST,2025-06-02 03:30:00 IST,2025-06-02 03:30:00 IST,2025-06-02 05:30:00 IST,2550.8,2538.4,12.4,0.4879,2538.4,2550.8,2541.5,2550.8,2526.251,0.3659,95.65,95.65,A,1.0,46.4,1.8279,3.7419,0,0,5,5.0,1,35.0,57.39,0.03312347932421619,49.74,0.43288322098200815,41.40434915527024,0.24842609493162143,0.21530261560740524,0.6481858365894134,FILLED_TP,TP_HIT,False,2,2.0,1.6397,42.9829,1h,Fixed +0.60% TP reached at 2526.251000.
198,BTCUSD,SHORT,2025-06-02 06:00:00+00:00,2025-05-30 12:00:00+00:00,2025-06-02 10:00:00+00:00,2025-06-02 22:00:00+00:00,2025-06-02 22:00:00+00:00,2025-06-03 00:00:00+00:00,2025-06-02 11:30:00 IST,2025-05-30 17:30:00 IST,2025-06-02 15:30:00 IST,2025-06-03 03:30:00 IST,2025-06-03 03:30:00 IST,2025-06-03 05:30:00 IST,105960.0,105104.0,856.0,0.8128,105104.0,105960.0,105318.0,105960.0,104686.092,0.6096,57.42,57.42,A,1.0,904.0,0.8601,1.0561,1,2,16,16.0,1,35.0,34.45,0.029773174552365538,-39.59,0.6481858365894134,37.21646819045692,-0.2268650428062947,-0.2566382173586602,0.3915476192307532,FILLED_SL,SL_HIT,False,2,2.0,-1.0,41.9829,1h,Distal SL breached at 105960.000000.
199,BTCUSD,LONG,2025-06-04 20:00:00+00:00,2025-06-02 14:00:00+00:00,2025-06-05 12:00:00+00:00,2025-06-05 13:00:00+00:00,2025-06-05 13:00:00+00:00,2025-06-05 16:00:00+00:00,2025-06-05 01:30:00 IST,2025-06-02 19:30:00 IST,2025-06-05 17:30:00 IST,2025-06-05 18:30:00 IST,2025-06-05 18:30:00 IST,2025-06-05 21:30:00 IST,104646.5,103627.0,1019.5,0.9766,104646.5,103627.0,104391.625,103627.0,105017.97475,0.7325,47.78,47.78,A,1.0,1101.5,1.0526,1.0804,6,3,17,17.0,1,35.0,28.67,0.014967862450464322,-38.82,0.3915476192307532,18.7098280630804,-0.13704166673076362,-0.15200952918122795,0.23953809004952525,FILLED_SL,SL_HIT,False,3,3.0,-1.0,40.9829,1h,Distal SL breached at 103627.000000.
200,BTCUSD,LONG,2025-05-19 06:00:00+00:00,2025-05-15 14:00:00+00:00,2025-05-19 13:00:00+00:00,2025-06-05 19:00:00+00:00,2025-06-05 19:00:00+00:00,2025-06-05 20:00:00+00:00,2025-05-19 11:30:00 IST,2025-05-15 19:30:00 IST,2025-05-19 18:30:00 IST,2025-06-06 00:30:00 IST,2025-06-06 00:30:00 IST,2025-06-06 01:30:00 IST,102368.5,101322.5,1046.0,1.0244,102368.5,101322.5,102107.0,101322.5,102719.642,0.7683,45.55,45.55,A,1.0,1125.5,1.0995,1.076,4,1,421,421.0,1,35.0,27.33,0.008729616842565105,-38.64,0.23953809004952525,10.91202105320638,-0.08383833151733383,-0.09256794835989894,0.1469701416896263,FILLED_SL,SL_HIT,False,1,1.0,-1.0,39.9829,1h,Distal SL breached at 101322.500000.
201,SOLUSD,LONG,2025-05-06 15:00:00+00:00,2025-04-30 14:00:00+00:00,2025-05-06 22:00:00+00:00,2025-06-05 21:00:00+00:00,2025-06-05 21:00:00+00:00,2025-06-05 22:00:00+00:00,2025-05-06 20:30:00 IST,2025-04-30 19:30:00 IST,2025-05-07 03:30:00 IST,2025-06-06 02:30:00 IST,2025-06-06 02:30:00 IST,2025-06-06 03:30:00 IST,143.27,140.447,2.823,1.9802,143.27,140.447,142.56425,140.447,143.419636,1.4851,23.57,23.57,A,1.0,3.478,2.4276,1.232,5,2,726,726.0,1,35.0,14.14,0.002770930521320133,12.25,0.1469701416896263,3.4636631516501657,0.020781978909900994,0.01801104838858086,0.16498119007820716,FILLED_TP,TP_HIT,False,1,1.0,0.404,40.3869,1h,Fixed +0.60% TP reached at 143.419636.
202,BTCUSD,SHORT,2025-06-08 01:00:00+00:00,2025-06-04 10:00:00+00:00,2025-06-08 09:00:00+00:00,2025-06-08 12:00:00+00:00,2025-06-08 12:00:00+00:00,2025-06-08 13:00:00+00:00,2025-06-08 06:30:00 IST,2025-06-04 15:30:00 IST,2025-06-08 14:30:00 IST,2025-06-08 17:30:00 IST,2025-06-08 17:30:00 IST,2025-06-08 18:30:00 IST,105975.0,105613.5,361.5,0.342,105613.5,105975.0,105703.875,105975.0,105069.65175,0.2565,136.45,100.0,A,1.0,546.5,0.5175,1.5118,7,0,11,11.0,1,25.65,60.0,0.013198495206256574,-33.65,0.16498119007820716,16.498119007820716,-0.04231682628470708,-0.05551532149096365,0.10946586858724351,FILLED_SL,SL_HIT,False,1,1.0,-1.0,39.3869,1h,Distal SL breached at 105975.000000.
203,XRPUSD,SHORT,2025-05-29 17:00:00+00:00,2025-05-29 13:00:00+00:00,2025-05-29 19:00:00+00:00,2025-06-08 15:00:00+00:00,2025-06-08 15:00:00+00:00,2025-06-08 16:00:00+00:00,2025-05-29 22:30:00 IST,2025-05-29 18:30:00 IST,2025-05-30 00:30:00 IST,2025-06-08 20:30:00 IST,2025-06-08 20:30:00 IST,2025-06-08 21:30:00 IST,2.3087,2.2825,0.0262,1.1446,2.2825,2.3087,2.28905,2.3087,2.275316,0.8584,40.77,40.77,A,1.0,0.03,1.3143,1.145,1,1,238,238.0,1,35.0,24.46,0.0035705036649921894,21.2,0.10946586858724351,4.463129581240237,0.02677877748744142,0.02320827382244923,0.13267414240969275,FILLED_TP,TP_HIT,False,1,1.0,0.6989,40.0858,1h,Fixed +0.60% TP reached at 2.275316.
204,SOLUSD,SHORT,2025-06-05 12:00:00+00:00,2025-06-05 02:00:00+00:00,2025-06-05 13:00:00+00:00,2025-06-08 17:00:00+00:00,2025-06-08 17:00:00+00:00,2025-06-08 20:00:00+00:00,2025-06-05 17:30:00 IST,2025-06-05 07:30:00 IST,2025-06-05 18:30:00 IST,2025-06-08 22:30:00 IST,2025-06-08 22:30:00 IST,2025-06-09 01:30:00 IST,154.541,153.279,1.262,0.8216,153.279,154.541,153.5945,154.541,152.672933,0.6162,56.8,56.8,A,1.0,3.583,2.3376,2.8391,0,1,77,77.0,1,35.0,34.08,0.006028362597545341,-39.54,0.13267414240969275,7.535453246931676,-0.04643594984339246,-0.0524643124409378,0.08020982996875495,FILLED_SL,SL_HIT,False,3,3.0,-1.0,39.0858,1h,Distal SL breached at 154.541000.
205,BTCUSD,SHORT,2025-05-29 10:00:00+00:00,2025-05-28 08:00:00+00:00,2025-05-29 13:00:00+00:00,2025-06-09 19:00:00+00:00,2025-06-09 19:00:00+00:00,2025-06-09 21:00:00+00:00,2025-05-29 15:30:00 IST,2025-05-28 13:30:00 IST,2025-05-29 18:30:00 IST,2025-06-10 00:30:00 IST,2025-06-10 00:30:00 IST,2025-06-10 02:30:00 IST,109088.0,108550.0,538.0,0.495,108550.0,109088.0,108684.5,109088.0,108032.393,0.3713,94.27,94.27,A,1.0,1161.0,1.0696,2.158,0,2,273,273.0,1,35.0,56.56,0.006049363752830139,-42.54,0.08020982996875495,7.561704691037673,-0.028073440489064228,-0.034122804241894365,0.04608702572686058,FILLED_SL,SL_HIT,False,2,2.0,-1.0,38.0858,1h,Distal SL breached at 109088.000000.
206,BTCUSD,SHORT,2025-06-10 02:00:00+00:00,2025-05-27 13:00:00+00:00,2025-06-10 15:00:00+00:00,2025-06-10 19:00:00+00:00,2025-06-10 19:00:00+00:00,2025-06-11 10:00:00+00:00,2025-06-10 07:30:00 IST,2025-05-27 18:30:00 IST,2025-06-10 20:30:00 IST,2025-06-11 00:30:00 IST,2025-06-11 00:30:00 IST,2025-06-11 15:30:00 IST,110690.0,109536.5,1153.5,1.0503,109536.5,110690.0,109824.875,110690.0,109165.92575,0.7877,44.43,44.43,A,1.0,1236.5,1.1288,1.072,5,1,17,17.0,1,35.0,26.66,0.001638168490195971,23.1,0.04608702572686058,2.0477106127449636,0.012286263676469782,0.01064809518627381,0.056735120913134394,FILLED_TP,TP_HIT,False,15,15.0,0.7617,38.8475,1h,Fixed +0.60% TP reached at 109165.925750.
207,SOLUSD,SHORT,2025-06-12 14:00:00+00:00,2025-06-12 00:00:00+00:00,2025-06-12 15:00:00+00:00,2025-06-12 17:00:00+00:00,2025-06-12 17:00:00+00:00,2025-06-12 18:00:00+00:00,2025-06-12 19:30:00 IST,2025-06-12 05:30:00 IST,2025-06-12 20:30:00 IST,2025-06-12 22:30:00 IST,2025-06-12 22:30:00 IST,2025-06-12 23:30:00 IST,161.233,159.581,1.652,1.0325,159.581,161.233,159.994,161.233,159.034036,0.7744,45.2,45.2,A,1.0,3.213,2.0134,1.9449,0,1,3,3.0,1,35.0,27.12,0.002051362471271411,23.5,0.056735120913134394,2.5642030890892635,0.01538521853453558,0.01333385606326417,0.07006897697639856,FILLED_TP,TP_HIT,False,1,1.0,0.7748,39.6223,1h,Fixed +0.60% TP reached at 159.034036.
208,BTCUSD,LONG,2025-06-14 20:00:00+00:00,2025-06-13 14:00:00+00:00,2025-06-15 05:00:00+00:00,2025-06-15 20:00:00+00:00,2025-06-15 20:00:00+00:00,2025-06-15 23:00:00+00:00,2025-06-15 01:30:00 IST,2025-06-13 19:30:00 IST,2025-06-15 10:30:00 IST,2025-06-16 01:30:00 IST,2025-06-16 01:30:00 IST,2025-06-16 04:30:00 IST,104978.5,104079.5,899.0,0.8582,104978.5,104079.5,104753.75,104079.5,105382.2725,0.6437,54.38,54.38,A,1.0,1099.5,1.0474,1.223,8,0,24,24.0,1,35.0,32.63,0.0030481226060713315,28.28,0.07006897697639856,3.810153257589164,0.022860919545534986,0.019812796939463653,0.08988177391586222,FILLED_TP,TP_HIT,False,3,3.0,0.9322,40.5545,1h,Fixed +0.60% TP reached at 105382.272500.
209,SOLUSD,LONG,2025-04-17 14:00:00+00:00,2025-04-17 03:00:00+00:00,2025-04-17 16:00:00+00:00,2025-06-21 21:00:00+00:00,2025-06-21 21:00:00+00:00,2025-06-21 22:00:00+00:00,2025-04-17 19:30:00 IST,2025-04-17 08:30:00 IST,2025-04-17 21:30:00 IST,2025-06-22 02:30:00 IST,2025-06-22 02:30:00 IST,2025-06-22 03:30:00 IST,131.727,129.47,2.257,1.7208,131.727,129.47,131.16275,129.47,131.949727,1.2906,27.12,27.12,A,1.0,3.411,2.5894,1.5113,1,0,1567,1567.0,1,35.0,16.27,0.0019500572321200047,14.1,0.08988177391586222,2.4375715401500058,0.014625429240900033,0.012675372008780028,0.10255714592464224,FILLED_TP,TP_HIT,False,1,1.0,0.4649,41.0194,1h,Fixed +0.60% TP reached at 131.949727.
210,XRPUSD,LONG,2025-04-12 02:00:00+00:00,2025-04-11 14:00:00+00:00,2025-04-12 06:00:00+00:00,2025-06-22 12:00:00+00:00,2025-06-22 12:00:00+00:00,2025-06-22 13:00:00+00:00,2025-04-12 07:30:00 IST,2025-04-11 19:30:00 IST,2025-04-12 11:30:00 IST,2025-06-22 17:30:00 IST,2025-06-22 17:30:00 IST,2025-06-22 18:30:00 IST,2.0124,1.9834,0.029,1.4463,2.0124,1.9834,2.00515,1.9834,2.017181,1.0847,32.27,32.27,A,1.0,0.0358,1.779,1.2345,2,1,1714,1714.0,1,35.0,19.36,0.00264735122401026,-37.58,0.10255714592464224,3.309189030012825,-0.03589500107362478,-0.038542352297635044,0.0640147936270072,FILLED_SL,DUAL_TOUCH_CONSERVATIVE_SL,True,1,1.0,-1.0,40.0194,1h,Dual-touch: both TP and SL hit same candle. Conservative SL-first applied.
211,ETHUSD,LONG,2025-06-23 09:00:00+00:00,2025-06-23 00:00:00+00:00,2025-06-23 13:00:00+00:00,2025-06-23 15:00:00+00:00,2025-06-23 15:00:00+00:00,2025-06-23 16:00:00+00:00,2025-06-23 14:30:00 IST,2025-06-23 05:30:00 IST,2025-06-23 18:30:00 IST,2025-06-23 20:30:00 IST,2025-06-23 20:30:00 IST,2025-06-23 21:30:00 IST,2259.3,2221.15,38.15,1.6957,2259.3,2221.15,2249.7625,2221.15,2263.261075,1.2718,27.52,27.52,A,1.0,41.45,1.8346,1.0865,0,4,6,6.0,1,35.0,16.51,0.0014093512626033406,-37.2,0.0640147936270072,1.7616890782541756,-0.022405177769452517,-0.02381452903205586,0.04020026459495134,FILLED_SL,SL_HIT,False,1,1.0,-1.0,39.0194,1h,Distal SL breached at 2221.150000.
212,XRPUSD,LONG,2025-06-25 02:00:00+00:00,2025-06-24 13:00:00+00:00,2025-06-25 13:00:00+00:00,2025-06-25 15:00:00+00:00,2025-06-25 15:00:00+00:00,2025-06-25 17:00:00+00:00,2025-06-25 07:30:00 IST,2025-06-24 18:30:00 IST,2025-06-25 18:30:00 IST,2025-06-25 20:30:00 IST,2025-06-25 20:30:00 IST,2025-06-25 22:30:00 IST,2.183,2.1646,0.0184,0.8447,2.183,2.1646,2.1784,2.1646,2.19147,0.6335,55.25,55.25,A,1.0,0.0457,2.0934,2.4837,2,7,13,13.0,1,35.0,33.15,0.0017768283905956587,28.73,0.04020026459495134,2.2210354882445733,0.01332621292946744,0.01154938453887178,0.051749649133823114,FILLED_TP,TP_HIT,False,2,2.0,0.9471,39.9665,1h,Fixed +0.60% TP reached at 2.191470.
213,XRPUSD,LONG,2025-06-25 15:00:00+00:00,2025-06-25 05:00:00+00:00,2025-06-25 19:00:00+00:00,2025-06-25 22:00:00+00:00,2025-06-25 22:00:00+00:00,2025-06-26 00:00:00+00:00,2025-06-25 20:30:00 IST,2025-06-25 10:30:00 IST,2025-06-26 00:30:00 IST,2025-06-26 03:30:00 IST,2025-06-26 03:30:00 IST,2025-06-26 05:30:00 IST,2.1822,2.1691,0.0131,0.6012,2.1822,2.1691,2.178925,2.1691,2.191999,0.4509,77.62,77.62,A,1.0,0.0251,1.1502,1.916,2,2,7,7.0,1,35.0,46.57,0.00321347676202501,40.36,0.051749649133823114,4.016845952531263,0.02410107571518758,0.02088759895316257,0.07263724808698568,FILLED_TP,TP_HIT,False,2,2.0,1.3306,41.2971,1h,Fixed +0.60% TP reached at 2.191999.
214,SOLUSD,LONG,2025-06-30 08:00:00+00:00,2025-06-29 04:00:00+00:00,2025-06-30 11:00:00+00:00,2025-06-30 12:00:00+00:00,2025-06-30 12:00:00+00:00,2025-06-30 13:00:00+00:00,2025-06-30 13:30:00 IST,2025-06-29 09:30:00 IST,2025-06-30 16:30:00 IST,2025-06-30 17:30:00 IST,2025-06-30 17:30:00 IST,2025-06-30 18:30:00 IST,149.95,149.319,0.631,0.4213,149.95,149.319,149.79225,149.319,150.691003,0.3159,110.78,100.0,A,1.0,1.05,0.7002,1.664,1,1,4,4.0,1,31.59,60.0,0.005810979846958855,52.0,0.07263724808698568,7.263724808698568,0.04358234885219141,0.03777136900523255,0.11040861709221823,FILLED_TP,TP_HIT,False,1,1.0,1.8991,43.1963,1h,Fixed +0.60% TP reached at 150.691003.
215,ETHUSD,LONG,2025-06-27 12:00:00+00:00,2025-06-27 01:00:00+00:00,2025-06-29 22:00:00+00:00,2025-07-01 14:00:00+00:00,2025-07-01 14:00:00+00:00,2025-07-01 17:00:00+00:00,2025-06-27 17:30:00 IST,2025-06-27 06:30:00 IST,2025-06-30 03:30:00 IST,2025-07-01 19:30:00 IST,2025-07-01 19:30:00 IST,2025-07-01 22:30:00 IST,2431.4,2379.75,51.65,2.1356,2431.4,2379.75,2418.4875,2379.75,2432.998425,1.6017,21.85,21.85,A,1.0,79.0,3.2492,1.5295,18,15,98,98.0,1,35.0,13.11,0.0019300708846040193,11.36,0.11040861709221823,2.412588605755024,0.014475531634530144,0.012545460749926124,0.12295407784214436,FILLED_TP,TP_HIT,False,3,3.0,0.3746,43.5709,1h,Fixed +0.60% TP reached at 2432.998425.
216,BTCUSD,SHORT,2025-06-30 04:00:00+00:00,2025-06-16 19:00:00+00:00,2025-06-30 06:00:00+00:00,2025-07-02 15:00:00+00:00,2025-07-02 15:00:00+00:00,2025-07-02 16:00:00+00:00,2025-06-30 09:30:00 IST,2025-06-17 00:30:00 IST,2025-06-30 11:30:00 IST,2025-07-02 20:30:00 IST,2025-07-02 20:30:00 IST,2025-07-02 21:30:00 IST,108865.0,108217.5,647.5,0.5974,108217.5,108865.0,108379.375,108865.0,107729.09875,0.4481,78.11,78.11,A,1.0,750.5,0.6935,1.1591,0,0,59,59.0,1,35.0,46.87,0.007683278477972154,-41.25,0.12295407784214436,9.604098097465192,-0.043033927244750525,-0.05071720572272268,0.07223687211942167,FILLED_SL,SL_HIT,False,1,1.0,-1.0,42.5709,1h,Distal SL breached at 108865.000000.
217,SOLUSD,LONG,2025-07-03 12:00:00+00:00,2025-07-03 02:00:00+00:00,2025-07-03 13:00:00+00:00,2025-07-03 14:00:00+00:00,2025-07-03 14:00:00+00:00,2025-07-03 15:00:00+00:00,2025-07-03 17:30:00 IST,2025-07-03 07:30:00 IST,2025-07-03 18:30:00 IST,2025-07-03 19:30:00 IST,2025-07-03 19:30:00 IST,2025-07-03 20:30:00 IST,153.13,151.694,1.436,0.94,153.13,151.694,152.771,151.694,153.687626,0.705,49.65,49.65,A,1.0,1.853,1.2101,1.2904,0,1,2,2.0,1,35.0,29.79,0.002869076855483502,-38.97,0.07223687211942167,3.5863460693543776,-0.025282905241797583,-0.028151982097281085,0.04408489002214059,FILLED_SL,SL_HIT,False,1,1.0,-1.0,41.5709,1h,Distal SL breached at 151.694000.
218,XRPUSD,LONG,2025-07-03 15:00:00+00:00,2025-07-03 00:00:00+00:00,2025-07-03 18:00:00+00:00,2025-07-04 02:00:00+00:00,2025-07-04 02:00:00+00:00,2025-07-04 07:00:00+00:00,2025-07-03 20:30:00 IST,2025-07-03 05:30:00 IST,2025-07-03 23:30:00 IST,2025-07-04 07:30:00 IST,2025-07-04 07:30:00 IST,2025-07-04 12:30:00 IST,2.2461,2.2242,0.0219,0.9774,2.2461,2.2242,2.240625,2.2242,2.254069,0.7331,47.75,47.75,A,1.0,0.0346,1.5404,1.5799,2,0,11,11.0,1,35.0,28.65,0.001683881758151635,-38.82,0.04408489002214059,2.1048521976895436,-0.015429711507749206,-0.01711359326590084,0.02697129675623975,FILLED_SL,SL_HIT,False,5,5.0,-1.0,40.5709,1h,Distal SL breached at 2.224200.
219,SOLUSD,SHORT,2025-07-05 22:00:00+00:00,2025-07-05 13:00:00+00:00,2025-07-06 03:00:00+00:00,2025-07-06 06:00:00+00:00,2025-07-06 06:00:00+00:00,2025-07-06 09:00:00+00:00,2025-07-06 03:30:00 IST,2025-07-05 18:30:00 IST,2025-07-06 08:30:00 IST,2025-07-06 11:30:00 IST,2025-07-06 11:30:00 IST,2025-07-06 14:30:00 IST,148.638,147.755,0.883,0.5967,147.755,148.638,147.97575,148.638,147.087896,0.4475,78.21,78.21,A,1.0,0.979,0.6626,1.1087,4,1,8,8.0,1,35.0,46.92,0.0016874403963361272,40.67,0.02697129675623975,2.109300495420159,0.012655802972520952,0.010968362576184824,0.037939659332424575,FILLED_TP,TP_HIT,False,3,3.0,1.3407,41.9115,1h,Fixed +0.60% TP reached at 147.087896.
220,BTCUSD,LONG,2025-07-07 00:00:00+00:00,2025-07-06 18:00:00+00:00,2025-07-07 03:00:00+00:00,2025-07-07 07:00:00+00:00,2025-07-07 07:00:00+00:00,2025-07-07 13:00:00+00:00,2025-07-07 05:30:00 IST,2025-07-06 23:30:00 IST,2025-07-07 08:30:00 IST,2025-07-07 12:30:00 IST,2025-07-07 12:30:00 IST,2025-07-07 18:30:00 IST,108890.0,108222.5,667.5,0.6139,108890.0,108222.5,108723.125,108222.5,109375.46375,0.4605,76.01,76.01,A,1.0,788.0,0.7237,1.1805,2,1,7,7.0,1,35.0,45.61,0.002307070423442401,-41.08,0.037939659332424575,2.883838029303001,-0.0132788807663486,-0.015585951189791001,0.02235370814263357,FILLED_SL,SL_HIT,False,6,6.0,-1.0,40.9115,1h,Distal SL breached at 108222.500000.
221,BTCUSD,LONG,2025-07-05 07:00:00+00:00,2025-07-05 02:00:00+00:00,2025-07-06 13:00:00+00:00,2025-07-07 14:00:00+00:00,2025-07-07 14:00:00+00:00,2025-07-07 18:00:00+00:00,2025-07-05 12:30:00 IST,2025-07-05 07:30:00 IST,2025-07-06 18:30:00 IST,2025-07-07 19:30:00 IST,2025-07-07 19:30:00 IST,2025-07-07 23:30:00 IST,108056.5,107698.5,358.0,0.3316,108056.5,107698.5,107967.0,107698.5,108614.802,0.2487,140.74,100.0,A,1.0,1034.0,0.9569,2.8883,4,15,55,55.0,1,24.87,60.0,0.0017882966514106858,-32.87,0.02235370814263357,2.2353708142633573,-0.005559078826212744,-0.00734737547762343,0.015006332665010141,FILLED_SL,SL_HIT,False,4,4.0,-1.0,39.9115,1h,Distal SL breached at 107698.500000.
222,ETHUSD,LONG,2025-07-11 15:00:00+00:00,2025-07-11 00:00:00+00:00,2025-07-11 19:00:00+00:00,2025-07-11 22:00:00+00:00,2025-07-11 22:00:00+00:00,2025-07-12 00:00:00+00:00,2025-07-11 20:30:00 IST,2025-07-11 05:30:00 IST,2025-07-12 00:30:00 IST,2025-07-12 03:30:00 IST,2025-07-12 03:30:00 IST,2025-07-12 05:30:00 IST,2958.05,2914.4,43.65,1.4811,2958.05,2914.4,2947.1375,2914.4,2964.820325,1.1108,31.51,31.51,A,1.0,51.95,1.7562,1.1901,3,1,7,7.0,1,35.0,18.9,0.00037825744805398406,16.38,0.015006332665010141,0.47282181006748003,0.0028369308604048802,0.0024586734123508962,0.01746500607736104,FILLED_TP,TP_HIT,False,2,2.0,0.5401,40.4517,1h,Fixed +0.60% TP reached at 2964.820325.
223,BTCUSD,SHORT,2025-07-20 08:00:00+00:00,2025-07-19 11:00:00+00:00,2025-07-20 12:00:00+00:00,2025-07-20 13:00:00+00:00,2025-07-20 13:00:00+00:00,2025-07-20 14:00:00+00:00,2025-07-20 13:30:00 IST,2025-07-19 16:30:00 IST,2025-07-20 17:30:00 IST,2025-07-20 18:30:00 IST,2025-07-20 18:30:00 IST,2025-07-20 19:30:00 IST,118469.0,118131.5,337.5,0.2855,118131.5,118469.0,118215.875,118469.0,117506.57975,0.2141,163.46,100.0,A,1.0,421.5,0.3568,1.2489,2,1,5,5.0,1,21.41,60.0,0.0013972004861888831,-29.41,0.01746500607736104,1.7465006077361038,-0.0037396243637599544,-0.005136824849948838,0.0123281812274122,FILLED_SL,SL_HIT,False,1,1.0,-1.0,39.4517,1h,Distal SL breached at 118469.000000.
224,SOLUSD,LONG,2025-07-22 04:00:00+00:00,2025-07-21 19:00:00+00:00,2025-07-22 05:00:00+00:00,2025-07-22 08:00:00+00:00,2025-07-22 08:00:00+00:00,2025-07-22 09:00:00+00:00,2025-07-22 09:30:00 IST,2025-07-22 00:30:00 IST,2025-07-22 10:30:00 IST,2025-07-22 13:30:00 IST,2025-07-22 13:30:00 IST,2025-07-22 14:30:00 IST,195.62,193.082,2.538,1.3016,195.62,193.082,194.9855,193.082,196.155413,0.9762,35.85,35.85,A,1.0,3.54,1.8096,1.3948,0,1,4,4.0,1,35.0,21.51,0.00035359529424792226,18.64,0.0123281812274122,0.4419941178099028,0.0026519647068594166,0.002298369412611494,0.014626550640023696,FILLED_TP,TP_HIT,False,1,1.0,0.6146,40.0663,1h,Fixed +0.60% TP reached at 196.155413.
225,BTCUSD,LONG,2025-07-15 14:00:00+00:00,2025-07-11 00:00:00+00:00,2025-07-15 16:00:00+00:00,2025-07-25 03:00:00+00:00,2025-07-25 03:00:00+00:00,2025-07-25 04:00:00+00:00,2025-07-15 19:30:00 IST,2025-07-11 05:30:00 IST,2025-07-15 21:30:00 IST,2025-07-25 08:30:00 IST,2025-07-25 08:30:00 IST,2025-07-25 09:30:00 IST,116063.0,115207.5,855.5,0.7385,116063.0,115207.5,115849.125,115207.5,116544.21975,0.5538,63.19,63.19,A,1.0,1671.0,1.4397,1.9532,1,1,229,229.0,1,35.0,37.92,0.0007394544572860812,-40.06,0.014626550640023696,0.9243180716076015,-0.0051192927240082935,-0.0058587471812943746,0.008767803458729321,FILLED_SL,SL_HIT,False,1,1.0,-1.0,39.0663,1h,Distal SL breached at 115207.500000.
226,SOLUSD,LONG,2025-07-20 02:00:00+00:00,2025-07-19 14:00:00+00:00,2025-07-20 09:00:00+00:00,2025-07-25 07:00:00+00:00,2025-07-25 07:00:00+00:00,2025-07-25 08:00:00+00:00,2025-07-20 07:30:00 IST,2025-07-19 19:30:00 IST,2025-07-20 14:30:00 IST,2025-07-25 12:30:00 IST,2025-07-25 12:30:00 IST,2025-07-25 13:30:00 IST,177.906,174.815,3.091,1.745,177.906,174.815,177.13325,174.815,178.19605,1.3088,26.74,26.74,A,1.0,3.67,2.0629,1.1873,2,2,125,125.0,1,35.0,16.05,0.00018758091929760344,13.91,0.008767803458729321,0.2344761491220043,0.0014068568947320258,0.0012192759754344224,0.009987079434163744,FILLED_TP,TP_HIT,False,1,1.0,0.4584,39.5247,1h,Fixed +0.60% TP reached at 178.196050.
227,ETHUSD,SHORT,2025-07-25 09:00:00+00:00,2025-07-24 19:00:00+00:00,2025-07-25 13:00:00+00:00,2025-07-25 22:00:00+00:00,2025-07-25 22:00:00+00:00,2025-07-26 01:00:00+00:00,2025-07-25 14:30:00 IST,2025-07-25 00:30:00 IST,2025-07-25 18:30:00 IST,2025-07-26 03:30:00 IST,2025-07-26 03:30:00 IST,2025-07-26 06:30:00 IST,3754.45,3719.55,34.9,0.9361,3719.55,3754.45,3728.275,3754.45,3705.90535,0.7021,49.85,49.85,A,1.0,42.7,1.148,1.2235,0,3,13,13.0,1,35.0,29.91,0.0003983068577525892,25.92,0.009987079434163744,0.4978835721907365,0.0029873014331444183,0.002588994575391829,0.012576074009555573,FILLED_TP,TP_HIT,False,3,3.0,0.8546,40.3793,1h,Fixed +0.60% TP reached at 3705.905350.
228,BTCUSD,LONG,2025-07-27 08:00:00+00:00,2025-07-27 00:00:00+00:00,2025-07-27 10:00:00+00:00,2025-07-27 12:00:00+00:00,2025-07-27 12:00:00+00:00,2025-07-27 16:00:00+00:00,2025-07-27 13:30:00 IST,2025-07-27 05:30:00 IST,2025-07-27 15:30:00 IST,2025-07-27 17:30:00 IST,2025-07-27 17:30:00 IST,2025-07-27 21:30:00 IST,117955.0,117812.5,142.5,0.1208,117955.0,117812.5,117919.375,117812.5,118626.89125,0.0906,386.17,100.0,A,1.0,331.0,0.2806,2.3228,0,1,4,4.0,1,9.06,60.0,0.001006085920764446,52.0,0.012576074009555573,1.2576074009555573,0.007545644405733343,0.0065395584849688975,0.01911563249452447,FILLED_TP,TP_HIT,False,4,4.0,6.62,46.9994,1h,Fixed +0.60% TP reached at 118626.891250.
229,ETHUSD,LONG,2025-07-29 16:00:00+00:00,2025-07-26 18:00:00+00:00,2025-07-30 01:00:00+00:00,2025-07-30 11:00:00+00:00,2025-07-30 11:00:00+00:00,2025-07-30 12:00:00+00:00,2025-07-29 21:30:00 IST,2025-07-26 23:30:00 IST,2025-07-30 06:30:00 IST,2025-07-30 16:30:00 IST,2025-07-30 16:30:00 IST,2025-07-30 17:30:00 IST,3755.8,3706.55,49.25,1.3156,3755.8,3706.55,3743.4875,3706.55,3765.948425,0.9867,35.47,35.47,A,1.0,55.6,1.4804,1.1289,4,2,19,19.0,1,35.0,21.28,0.0005424448531545701,18.45,0.01911563249452447,0.6780560664432126,0.004068336398659275,0.0035258915455047054,0.022641524040029178,FILLED_TP,TP_HIT,False,1,1.0,0.6081,47.6074,1h,Fixed +0.60% TP reached at 3765.948425.
230,BTCUSD,LONG,2025-07-30 11:00:00+00:00,2025-07-29 20:00:00+00:00,2025-07-30 14:00:00+00:00,2025-07-30 16:00:00+00:00,2025-07-30 16:00:00+00:00,2025-07-30 18:00:00+00:00,2025-07-30 16:30:00 IST,2025-07-30 01:30:00 IST,2025-07-30 19:30:00 IST,2025-07-30 21:30:00 IST,2025-07-30 21:30:00 IST,2025-07-30 23:30:00 IST,117853.0,117055.5,797.5,0.6778,117853.0,117055.5,117653.625,117055.5,118359.54675,0.5084,68.85,68.85,A,1.0,851.5,0.7225,1.0677,0,3,5,5.0,1,35.0,41.31,0.0012470304134980844,-40.51,0.022641524040029178,1.5587880168726054,-0.007924533414010212,-0.009171563827508297,0.01346996021252088,FILLED_SL,SL_HIT,False,2,2.0,-1.0,46.6074,1h,Distal SL breached at 117055.500000.
231,SOLUSD,LONG,2025-07-31 14:00:00+00:00,2025-07-30 21:00:00+00:00,2025-07-31 16:00:00+00:00,2025-07-31 18:00:00+00:00,2025-07-31 18:00:00+00:00,2025-07-31 19:00:00+00:00,2025-07-31 19:30:00 IST,2025-07-31 02:30:00 IST,2025-07-31 21:30:00 IST,2025-07-31 23:30:00 IST,2025-07-31 23:30:00 IST,2025-08-01 00:30:00 IST,176.599,174.713,1.886,1.0708,176.599,174.713,176.1275,174.713,177.184265,0.8031,43.58,43.58,A,1.0,3.14,1.778,1.6649,1,1,4,4.0,1,35.0,26.15,0.0004696221398745947,22.66,0.01346996021252088,0.5870276748432434,0.00352216604905946,0.003052543909184865,0.016522504121705747,FILLED_TP,TP_HIT,False,1,1.0,0.7471,47.3545,1h,Fixed +0.60% TP reached at 177.184265.
232,SOLUSD,LONG,2025-08-05 21:00:00+00:00,2025-08-04 06:00:00+00:00,2025-08-05 22:00:00+00:00,2025-08-06 01:00:00+00:00,2025-08-06 01:00:00+00:00,2025-08-06 02:00:00+00:00,2025-08-06 02:30:00 IST,2025-08-04 11:30:00 IST,2025-08-06 03:30:00 IST,2025-08-06 06:30:00 IST,2025-08-06 06:30:00 IST,2025-08-06 07:30:00 IST,162.4,161.202,1.198,0.739,162.4,161.202,162.1005,161.202,163.073103,0.5543,63.14,63.14,A,1.0,1.416,0.8719,1.182,0,1,4,4.0,1,35.0,37.89,0.0008346418811647713,32.84,0.016522504121705747,1.043302351455964,0.006259814108735783,0.005425172227571012,0.02194767634927676,FILLED_TP,TP_HIT,False,1,1.0,1.0825,48.437,1h,Fixed +0.60% TP reached at 163.073103.
233,XRPUSD,SHORT,2025-08-05 09:00:00+00:00,2025-08-05 01:00:00+00:00,2025-08-05 14:00:00+00:00,2025-08-07 10:00:00+00:00,2025-08-07 10:00:00+00:00,2025-08-07 14:00:00+00:00,2025-08-05 14:30:00 IST,2025-08-05 06:30:00 IST,2025-08-05 19:30:00 IST,2025-08-07 15:30:00 IST,2025-08-07 15:30:00 IST,2025-08-07 19:30:00 IST,3.1064,3.0533,0.0531,1.7316,3.0533,3.1064,3.066575,3.1064,3.048176,1.2987,26.95,26.95,A,1.0,0.0954,3.1245,1.7966,2,2,49,49.0,1,35.0,16.17,0.0004731996175321923,14.01,0.02194767634927676,0.5914995219152404,0.003548997131491442,0.00307579751395925,0.025023473863236008,FILLED_TP,TP_HIT,False,4,4.0,0.462,48.899,1h,Fixed +0.60% TP reached at 3.048176.
234,ETHUSD,LONG,2025-08-10 07:00:00+00:00,2025-08-09 14:00:00+00:00,2025-08-10 17:00:00+00:00,2025-08-10 21:00:00+00:00,2025-08-10 21:00:00+00:00,2025-08-10 22:00:00+00:00,2025-08-10 12:30:00 IST,2025-08-09 19:30:00 IST,2025-08-10 22:30:00 IST,2025-08-11 02:30:00 IST,2025-08-11 02:30:00 IST,2025-08-11 03:30:00 IST,4198.05,4153.65,44.4,1.0604,4198.05,4153.65,4186.95,4153.65,4212.0717,0.7953,44.01,44.01,A,1.0,50.15,1.1946,1.1295,4,5,14,14.0,1,35.0,26.4,0.0008809660507408144,22.88,0.025023473863236008,1.1012075634260179,0.006607245380556108,0.005726279329815293,0.030749753193051302,FILLED_TP,TP_HIT,False,1,1.0,0.7544,49.6534,1h,Fixed +0.60% TP reached at 4212.071700.
235,XRPUSD,SHORT,2025-08-10 04:00:00+00:00,2025-08-09 17:00:00+00:00,2025-08-10 07:00:00+00:00,2025-08-11 04:00:00+00:00,2025-08-11 04:00:00+00:00,2025-08-11 07:00:00+00:00,2025-08-10 09:30:00 IST,2025-08-09 22:30:00 IST,2025-08-10 12:30:00 IST,2025-08-11 09:30:00 IST,2025-08-11 09:30:00 IST,2025-08-11 12:30:00 IST,3.2972,3.2661,0.0311,0.9499,3.2661,3.2972,3.273875,3.2972,3.254232,0.7125,49.13,49.13,A,1.0,0.1046,3.2026,3.3633,2,0,24,24.0,1,35.0,29.48,0.0012084817794543157,25.55,0.030749753193051302,1.5106022243178947,0.009063613345907367,0.00785513156645305,0.038604884759504354,FILLED_TP,TP_HIT,False,3,3.0,0.8422,50.4956,1h,Fixed +0.60% TP reached at 3.254232.
236,XRPUSD,LONG,2025-08-18 13:00:00+00:00,2025-08-06 05:00:00+00:00,2025-08-18 17:00:00+00:00,2025-08-19 14:00:00+00:00,2025-08-19 14:00:00+00:00,2025-08-19 17:00:00+00:00,2025-08-18 18:30:00 IST,2025-08-06 10:30:00 IST,2025-08-18 22:30:00 IST,2025-08-19 19:30:00 IST,2025-08-19 19:30:00 IST,2025-08-19 22:30:00 IST,2.9672,2.905,0.0622,2.1073,2.9672,2.905,2.95165,2.905,2.96936,1.5805,22.15,22.15,A,1.0,0.1285,4.3307,2.0659,3,0,25,25.0,1,35.0,13.29,0.0006839329103560436,-36.77,0.038604884759504354,0.8549161379450545,-0.013511709665826523,-0.014195642576182567,0.024409242183321786,FILLED_SL,SL_HIT,False,3,3.0,-1.0,49.4956,1h,Distal SL breached at 2.905000.
237,SOLUSD,SHORT,2025-08-19 11:00:00+00:00,2025-08-19 01:00:00+00:00,2025-08-19 14:00:00+00:00,2025-08-20 15:00:00+00:00,2025-08-20 15:00:00+00:00,2025-08-20 17:00:00+00:00,2025-08-19 16:30:00 IST,2025-08-19 06:30:00 IST,2025-08-19 19:30:00 IST,2025-08-20 20:30:00 IST,2025-08-20 20:30:00 IST,2025-08-20 22:30:00 IST,185.82,182.566,3.254,1.7745,182.566,185.82,183.3795,185.82,182.279223,1.3308,26.3,26.3,A,1.0,4.511,2.4709,1.3863,0,1,28,28.0,1,35.0,15.78,0.0005135518523039605,-37.1,0.024409242183321786,0.6419398153799506,-0.008543234764162624,-0.009056786616466585,0.015352455566855201,FILLED_SL,SL_HIT,False,2,2.0,-1.0,48.4956,1h,Distal SL breached at 185.820000.
238,ETHUSD,SHORT,2025-08-20 17:00:00+00:00,2025-08-18 22:00:00+00:00,2025-08-20 18:00:00+00:00,2025-08-20 19:00:00+00:00,2025-08-20 19:00:00+00:00,2025-08-20 21:00:00+00:00,2025-08-20 22:30:00 IST,2025-08-19 03:30:00 IST,2025-08-20 23:30:00 IST,2025-08-21 00:30:00 IST,2025-08-21 00:30:00 IST,2025-08-21 02:30:00 IST,4386.95,4338.45,48.5,1.1148,4338.45,4386.95,4350.575,4386.95,4324.47155,0.8361,41.86,41.86,A,1.0,76.45,1.7622,1.5763,0,0,2,2.0,1,35.0,25.12,0.0005141378041450418,21.77,0.015352455566855201,0.6426722551813022,0.003856033531087813,0.0033418957269427713,0.018694351293797973,FILLED_TP,TP_HIT,False,2,2.0,0.7176,49.2132,1h,Fixed +0.60% TP reached at 4324.471550.
239,BTCUSD,LONG,2025-08-20 18:00:00+00:00,2025-08-20 13:00:00+00:00,2025-08-21 01:00:00+00:00,2025-08-21 09:00:00+00:00,2025-08-21 09:00:00+00:00,2025-08-21 16:00:00+00:00,2025-08-20 23:30:00 IST,2025-08-20 18:30:00 IST,2025-08-21 06:30:00 IST,2025-08-21 14:30:00 IST,2025-08-21 14:30:00 IST,2025-08-21 21:30:00 IST,113623.0,112547.0,1076.0,0.9492,113623.0,112547.0,113354.0,112547.0,114034.124,0.7119,49.16,49.16,A,1.0,1088.0,0.9576,1.0112,6,0,15,15.0,1,35.0,29.5,0.0007352444349888589,-38.93,0.018694351293797973,0.9190555437360736,-0.00654302295282929,-0.007278267387818149,0.011416083905979825,FILLED_SL,SL_HIT,False,7,7.0,-1.0,48.2132,1h,Distal SL breached at 112547.000000.
240,BTCUSD,LONG,2025-07-09 14:00:00+00:00,2025-07-09 05:00:00+00:00,2025-07-09 16:00:00+00:00,2025-08-26 01:00:00+00:00,2025-08-26 01:00:00+00:00,2025-08-26 02:00:00+00:00,2025-07-09 19:30:00 IST,2025-07-09 10:30:00 IST,2025-07-09 21:30:00 IST,2025-08-26 06:30:00 IST,2025-08-26 06:30:00 IST,2025-08-26 07:30:00 IST,108911.0,108439.0,472.0,0.4339,108911.0,108439.0,108793.0,108439.0,109445.758,0.3254,107.56,100.0,A,1.0,530.0,0.4866,1.1229,1,1,1139,1139.0,1,32.54,60.0,0.0009132867124783859,52.0,0.011416083905979825,1.1416083905979824,0.006849650343587895,0.0059363636311095085,0.01735244753708933,FILLED_TP,TP_HIT,False,1,1.0,1.8439,50.0572,1h,Fixed +0.60% TP reached at 109445.758000.
241,BTCUSD,SHORT,2025-08-27 16:00:00+00:00,2025-08-25 16:00:00+00:00,2025-08-27 20:00:00+00:00,2025-08-27 21:00:00+00:00,2025-08-27 21:00:00+00:00,2025-08-27 22:00:00+00:00,2025-08-27 21:30:00 IST,2025-08-25 21:30:00 IST,2025-08-28 01:30:00 IST,2025-08-28 02:30:00 IST,2025-08-28 02:30:00 IST,2025-08-28 03:30:00 IST,112909.5,111986.0,923.5,0.823,111986.0,112909.5,112216.875,112909.5,111543.57375,0.6172,56.71,56.71,A,1.0,1115.5,0.9961,1.2079,0,3,5,5.0,1,35.0,34.02,0.0007871885683303536,29.49,0.01735244753708933,0.9839857104129419,0.005903914262477651,0.005116725694147298,0.02246917323123663,FILLED_TP,TP_HIT,False,1,1.0,0.9721,51.0293,1h,Fixed +0.60% TP reached at 111543.573750.
242,BTCUSD,LONG,2025-08-30 21:00:00+00:00,2025-08-30 13:00:00+00:00,2025-08-31 00:00:00+00:00,2025-08-31 06:00:00+00:00,2025-08-31 06:00:00+00:00,2025-08-31 13:00:00+00:00,2025-08-31 02:30:00 IST,2025-08-30 18:30:00 IST,2025-08-31 05:30:00 IST,2025-08-31 11:30:00 IST,2025-08-31 11:30:00 IST,2025-08-31 18:30:00 IST,108575.0,108165.5,409.5,0.3775,108575.0,108165.5,108472.625,108165.5,109123.46075,0.2831,123.62,100.0,A,1.0,790.5,0.7281,1.9304,1,1,9,9.0,1,28.31,60.0,0.0017975338584989304,-36.31,0.02246917323123663,2.2469173231236628,-0.006361830764806835,-0.008159364623305765,0.014309808607930864,FILLED_SL,SL_HIT,False,7,7.0,-1.0,50.0293,1h,Distal SL breached at 108165.500000.
243,SOLUSD,SHORT,2025-08-31 00:00:00+00:00,2025-08-30 05:00:00+00:00,2025-08-31 13:00:00+00:00,2025-08-31 16:00:00+00:00,2025-08-31 16:00:00+00:00,2025-08-31 22:00:00+00:00,2025-08-31 05:30:00 IST,2025-08-30 10:30:00 IST,2025-08-31 18:30:00 IST,2025-08-31 21:30:00 IST,2025-08-31 21:30:00 IST,2025-09-01 03:30:00 IST,206.985,204.34,2.645,1.2902,204.34,206.985,205.00125,206.985,203.771242,0.9677,36.17,36.17,A,1.0,2.69,1.3164,1.017,5,6,16,16.0,1,35.0,21.7,0.0004140582344187716,18.81,0.014309808607930864,0.5175727930234645,0.003105436758140787,0.0026913785237220158,0.01700118713165288,FILLED_TP,TP_HIT,False,6,6.0,0.62,50.6493,1h,Fixed +0.60% TP reached at 203.771242.
244,BTCUSD,SHORT,2025-08-31 18:00:00+00:00,2025-08-31 01:00:00+00:00,2025-08-31 22:00:00+00:00,2025-09-01 07:00:00+00:00,2025-09-01 07:00:00+00:00,2025-09-01 08:00:00+00:00,2025-08-31 23:30:00 IST,2025-08-31 06:30:00 IST,2025-09-01 03:30:00 IST,2025-09-01 12:30:00 IST,2025-09-01 12:30:00 IST,2025-09-01 13:30:00 IST,109451.5,109096.0,355.5,0.3256,109096.0,109451.5,109184.875,109451.5,108529.76575,0.2442,143.33,100.0,A,1.0,385.5,0.3534,1.0844,2,1,13,13.0,1,24.42,60.0,0.0013600949705322304,-32.42,0.01700118713165288,1.700118713165288,-0.004151620376885488,-0.005511715347417718,0.011489471784235162,FILLED_SL,SL_HIT,False,1,1.0,-1.0,49.6493,1h,Distal SL breached at 109451.500000.
245,ETHUSD,SHORT,2025-08-31 00:00:00+00:00,2025-08-29 03:00:00+00:00,2025-08-31 23:00:00+00:00,2025-09-01 09:00:00+00:00,2025-09-01 09:00:00+00:00,2025-09-01 10:00:00+00:00,2025-08-31 05:30:00 IST,2025-08-29 08:30:00 IST,2025-09-01 04:30:00 IST,2025-09-01 14:30:00 IST,2025-09-01 14:30:00 IST,2025-09-01 15:30:00 IST,4503.9,4465.8,38.1,0.8513,4465.8,4503.9,4475.325,4503.9,4448.47305,0.6385,54.82,54.82,A,1.0,88.85,1.9896,2.332,6,12,33,33.0,1,35.0,32.89,0.0005038443985154546,28.5,0.011489471784235162,0.6298054981443183,0.0037788329888659095,0.0032749885903504547,0.014764460374585616,FILLED_TP,TP_HIT,False,1,1.0,0.9397,50.589,1h,Fixed +0.60% TP reached at 4448.473050.
246,SOLUSD,SHORT,2025-09-02 04:00:00+00:00,2025-09-01 08:00:00+00:00,2025-09-02 12:00:00+00:00,2025-09-02 13:00:00+00:00,2025-09-02 13:00:00+00:00,2025-09-02 14:00:00+00:00,2025-09-02 09:30:00 IST,2025-09-01 13:30:00 IST,2025-09-02 17:30:00 IST,2025-09-02 18:30:00 IST,2025-09-02 18:30:00 IST,2025-09-02 19:30:00 IST,204.491,202.36,2.131,1.0503,202.36,204.491,202.89275,204.491,201.675394,0.7877,44.43,44.43,A,1.0,5.06,2.5005,2.3745,1,7,9,9.0,1,35.0,26.66,0.0005248043490983224,-38.55,0.014764460374585616,0.656005436372903,-0.005167561131104966,-0.005692365480203288,0.009072094894382328,FILLED_SL,SL_HIT,False,1,1.0,-1.0,49.589,1h,Distal SL breached at 204.491000.
247,XRPUSD,LONG,2025-09-02 15:00:00+00:00,2025-09-02 12:00:00+00:00,2025-09-02 20:00:00+00:00,2025-09-04 19:00:00+00:00,2025-09-04 19:00:00+00:00,2025-09-04 21:00:00+00:00,2025-09-02 20:30:00 IST,2025-09-02 17:30:00 IST,2025-09-03 01:30:00 IST,2025-09-05 00:30:00 IST,2025-09-05 00:30:00 IST,2025-09-05 02:30:00 IST,2.8016,2.7611,0.0405,1.4508,2.8016,2.7611,2.791475,2.7611,2.808224,1.0881,32.17,32.17,A,1.0,0.0524,1.8704,1.2938,1,2,52,52.0,1,35.0,19.3,0.00023344419116651176,16.73,0.009072094894382328,0.2918052389581397,0.0017508314337488378,0.001517387242582326,0.010589482136964654,FILLED_TP,TP_HIT,False,2,2.0,0.5514,50.1404,1h,Fixed +0.60% TP reached at 2.808224.
248,BTCUSD,SHORT,2025-08-28 11:00:00+00:00,2025-08-25 03:00:00+00:00,2025-08-28 19:00:00+00:00,2025-09-05 12:00:00+00:00,2025-09-05 12:00:00+00:00,2025-09-05 14:00:00+00:00,2025-08-28 16:30:00 IST,2025-08-25 08:30:00 IST,2025-08-29 00:30:00 IST,2025-09-05 17:30:00 IST,2025-09-05 17:30:00 IST,2025-09-05 19:30:00 IST,113633.0,112866.5,766.5,0.678,112866.5,113633.0,113058.125,113633.0,112379.77625,0.5085,68.83,68.83,A,1.0,996.0,0.8825,1.2994,3,5,193,193.0,1,35.0,41.3,0.0005831242594222061,35.79,0.010589482136964654,0.7289053242777577,0.004373431945666546,0.0037903076862443397,0.014379789823208994,FILLED_TP,TP_HIT,False,2,2.0,1.18,51.3204,1h,Fixed +0.60% TP reached at 112379.776250.
249,SOLUSD,SHORT,2025-09-06 08:00:00+00:00,2025-09-06 02:00:00+00:00,2025-09-06 13:00:00+00:00,2025-09-07 09:00:00+00:00,2025-09-07 09:00:00+00:00,2025-09-07 15:00:00+00:00,2025-09-06 13:30:00 IST,2025-09-06 07:30:00 IST,2025-09-06 18:30:00 IST,2025-09-07 14:30:00 IST,2025-09-07 14:30:00 IST,2025-09-07 20:30:00 IST,204.631,203.088,1.543,0.7583,203.088,204.631,203.47375,204.631,202.252907,0.5687,61.54,61.54,A,1.0,1.758,0.8656,1.1393,4,0,25,25.0,1,35.0,36.92,0.0007079323678299802,-39.92,0.014379789823208994,0.8849154597874752,-0.005032926438123148,-0.005740858805953129,0.008638931017255866,FILLED_SL,SL_HIT,False,6,6.0,-1.0,50.3204,1h,Distal SL breached at 204.631000.
250,SOLUSD,SHORT,2025-09-05 13:00:00+00:00,2025-09-03 13:00:00+00:00,2025-09-05 14:00:00+00:00,2025-09-08 09:00:00+00:00,2025-09-08 09:00:00+00:00,2025-09-08 10:00:00+00:00,2025-09-05 18:30:00 IST,2025-09-03 18:30:00 IST,2025-09-05 19:30:00 IST,2025-09-08 14:30:00 IST,2025-09-08 14:30:00 IST,2025-09-08 15:30:00 IST,212.993,209.021,3.972,1.8913,209.021,212.993,210.014,212.993,208.753916,1.4185,24.67,24.67,A,1.0,7.421,3.5504,1.8683,0,0,68,68.0,1,35.0,14.8,0.00017052803236798598,-36.97,0.008638931017255866,0.21316004045998246,-0.003023625856039553,-0.003194153888407539,0.0054447771288483274,FILLED_SL,SL_HIT,False,1,1.0,-1.0,49.3204,1h,Distal SL breached at 212.993000.
251,XRPUSD,LONG,2025-09-09 15:00:00+00:00,2025-09-09 03:00:00+00:00,2025-09-09 19:00:00+00:00,2025-09-09 20:00:00+00:00,2025-09-09 20:00:00+00:00,2025-09-10 07:00:00+00:00,2025-09-09 20:30:00 IST,2025-09-09 08:30:00 IST,2025-09-10 00:30:00 IST,2025-09-10 01:30:00 IST,2025-09-10 01:30:00 IST,2025-09-10 12:30:00 IST,2.9521,2.9329,0.0192,0.6514,2.9521,2.9329,2.9473,2.9329,2.964984,0.4886,71.64,71.64,A,1.0,0.0195,0.6605,1.0156,1,1,5,5.0,1,35.0,42.98,0.0003120326150638368,37.25,0.0054447771288483274,0.39004076882979594,0.002340244612978776,0.002028211997914939,0.007472989126763266,FILLED_TP,TP_HIT,False,11,11.0,1.228,50.5484,1h,Fixed +0.60% TP reached at 2.964984.
252,BTCUSD,SHORT,2025-09-09 12:00:00+00:00,2025-08-28 13:00:00+00:00,2025-09-09 14:00:00+00:00,2025-09-10 08:00:00+00:00,2025-09-10 08:00:00+00:00,2025-09-10 09:00:00+00:00,2025-09-09 17:30:00 IST,2025-08-28 18:30:00 IST,2025-09-09 19:30:00 IST,2025-09-10 13:30:00 IST,2025-09-10 13:30:00 IST,2025-09-10 14:30:00 IST,113440.5,112537.5,903.0,0.8008,112537.5,113440.5,112763.25,113440.5,112086.6705,0.6006,58.28,58.28,A,1.0,1075.5,0.9557,1.191,0,2,20,20.0,1,35.0,34.97,0.00034839422889859964,30.3,0.007472989126763266,0.43549278612324954,0.002612956716739497,0.0022645624878408974,0.009737551614604163,FILLED_TP,TP_HIT,False,1,1.0,0.999,51.5474,1h,Fixed +0.60% TP reached at 112086.670500.
253,XRPUSD,SHORT,2025-09-09 13:00:00+00:00,2025-08-27 18:00:00+00:00,2025-09-09 14:00:00+00:00,2025-09-10 13:00:00+00:00,2025-09-10 13:00:00+00:00,2025-09-10 14:00:00+00:00,2025-09-09 18:30:00 IST,2025-08-27 23:30:00 IST,2025-09-09 19:30:00 IST,2025-09-10 18:30:00 IST,2025-09-10 18:30:00 IST,2025-09-10 19:30:00 IST,3.0443,3.0073,0.037,1.2266,3.0073,3.0443,3.01655,3.0443,2.998451,0.9199,38.05,38.05,A,1.0,0.0559,1.8588,1.5108,0,1,24,24.0,1,35.0,22.83,0.0002963844025387216,19.78,0.009737551614604163,0.370480503173402,0.0022228830190404118,0.0019264986165016902,0.011664050231105854,FILLED_TP,TP_HIT,False,1,1.0,0.6522,52.1997,1h,Fixed +0.60% TP reached at 2.998451.
254,SOLUSD,SHORT,2025-01-31 12:00:00+00:00,2025-01-30 15:00:00+00:00,2025-01-31 14:00:00+00:00,2025-09-12 14:00:00+00:00,2025-09-12 14:00:00+00:00,2025-09-12 15:00:00+00:00,2025-01-31 17:30:00 IST,2025-01-30 20:30:00 IST,2025-01-31 19:30:00 IST,2025-09-12 19:30:00 IST,2025-09-12 19:30:00 IST,2025-09-12 20:30:00 IST,244.55,240.51,4.04,1.6727,240.51,244.55,241.52,244.55,240.07088,1.2546,27.9,27.9,A,1.0,4.551,1.8922,1.1265,1,1,5378,5378.0,1,35.0,16.74,0.00026032620307216646,14.51,0.011664050231105854,0.32540775384020804,0.0019524465230412482,0.0016921203199690817,0.013356170551074936,FILLED_TP,TP_HIT,False,1,1.0,0.4783,52.6779,1h,Fixed +0.60% TP reached at 240.070880.
255,ETHUSD,SHORT,2025-08-27 04:00:00+00:00,2025-08-25 14:00:00+00:00,2025-08-27 19:00:00+00:00,2025-09-12 19:00:00+00:00,2025-09-12 19:00:00+00:00,2025-09-12 20:00:00+00:00,2025-08-27 09:30:00 IST,2025-08-25 19:30:00 IST,2025-08-28 00:30:00 IST,2025-09-13 00:30:00 IST,2025-09-13 00:30:00 IST,2025-09-13 01:30:00 IST,4683.8,4618.15,65.65,1.4165,4618.15,4683.8,4634.5625,4683.8,4606.755125,1.0624,32.94,32.94,A,1.0,84.9,1.8384,1.2932,6,7,399,399.0,1,35.0,19.77,0.00035200816471779605,-37.64,0.013356170551074936,0.44001020589724504,-0.004674659692876227,-0.005026667857594023,0.008329502693480914,FILLED_SL,SL_HIT,False,1,1.0,-1.0,51.6779,1h,Distal SL breached at 4683.800000.
256,BTCUSD,SHORT,2025-09-13 23:00:00+00:00,2025-09-13 10:00:00+00:00,2025-09-14 04:00:00+00:00,2025-09-14 08:00:00+00:00,2025-09-14 08:00:00+00:00,2025-09-14 13:00:00+00:00,2025-09-14 04:30:00 IST,2025-09-13 15:30:00 IST,2025-09-14 09:30:00 IST,2025-09-14 13:30:00 IST,2025-09-14 13:30:00 IST,2025-09-14 18:30:00 IST,116138.0,115861.0,277.0,0.2389,115861.0,116138.0,115930.25,116138.0,115234.6685,0.1792,195.31,100.0,A,1.0,443.5,0.3828,1.6011,2,3,9,9.0,1,17.92,60.0,0.0006663602154784732,52.0,0.008329502693480914,0.8329502693480915,0.0049977016160885485,0.004331341400610075,0.01266084409409099,FILLED_TP,TP_HIT,False,5,5.0,3.3482,55.0261,1h,Fixed +0.60% TP reached at 115234.668500.
257,SOLUSD,LONG,2025-09-17 10:00:00+00:00,2025-09-16 14:00:00+00:00,2025-09-17 18:00:00+00:00,2025-09-17 19:00:00+00:00,2025-09-17 19:00:00+00:00,2025-09-17 20:00:00+00:00,2025-09-17 15:30:00 IST,2025-09-16 19:30:00 IST,2025-09-17 23:30:00 IST,2025-09-18 00:30:00 IST,2025-09-18 00:30:00 IST,2025-09-18 01:30:00 IST,234.3076,231.226,3.0816,1.3195,234.3076,231.226,233.5372,231.226,234.938423,0.9896,35.37,35.37,A,1.0,3.9264,1.6757,1.2741,0,4,9,9.0,1,35.0,21.22,0.0003582112591829994,18.39,0.01266084409409099,0.4477640739787492,0.002686584443872495,0.0023283731846894954,0.014989217278780484,FILLED_TP,TP_HIT,False,1,1.0,0.6063,55.6324,1h,Fixed +0.60% TP reached at 234.938423.
258,BTCUSD,LONG,2025-09-20 18:00:00+00:00,2025-09-20 09:00:00+00:00,2025-09-20 21:00:00+00:00,2025-09-20 22:00:00+00:00,2025-09-20 22:00:00+00:00,2025-09-20 23:00:00+00:00,2025-09-20 23:30:00 IST,2025-09-20 14:30:00 IST,2025-09-21 02:30:00 IST,2025-09-21 03:30:00 IST,2025-09-21 03:30:00 IST,2025-09-21 04:30:00 IST,115756.0,115616.5,139.5,0.1205,115756.0,115616.5,115721.125,115616.5,116415.45175,0.0904,387.12,100.0,A,1.0,142.5,0.1231,1.0215,0,3,4,4.0,1,9.04,60.0,0.001199137382302439,-17.04,0.014989217278780484,1.4989217278780484,-0.0013551949635750673,-0.002554332345877506,0.012434884932902977,FILLED_SL,SL_HIT,False,1,1.0,-1.0,54.6324,1h,Distal SL breached at 115616.500000.
259,ETHUSD,LONG,2025-09-20 08:00:00+00:00,2025-09-19 23:00:00+00:00,2025-09-20 14:00:00+00:00,2025-09-21 02:00:00+00:00,2025-09-21 02:00:00+00:00,2025-09-21 06:00:00+00:00,2025-09-20 13:30:00 IST,2025-09-20 04:30:00 IST,2025-09-20 19:30:00 IST,2025-09-21 07:30:00 IST,2025-09-21 07:30:00 IST,2025-09-21 11:30:00 IST,4468.25,4444.8,23.45,0.5255,4468.25,4444.8,4462.3875,4444.8,4489.161825,0.3941,88.8,88.8,A,1.0,28.2,0.6311,1.2026,0,5,18,18.0,1,35.0,53.28,0.0008834113446929469,46.18,0.012434884932902977,1.1042641808661835,0.006625585085197101,0.005742173740504154,0.01817705867340713,FILLED_TP,TP_HIT,False,4,4.0,1.5223,56.1547,1h,Fixed +0.60% TP reached at 4489.161825.
260,ETHUSD,LONG,2025-09-05 14:00:00+00:00,2025-08-22 12:00:00+00:00,2025-09-08 13:00:00+00:00,2025-09-22 02:00:00+00:00,2025-09-22 02:00:00+00:00,2025-09-22 03:00:00+00:00,2025-09-05 19:30:00 IST,2025-08-22 17:30:00 IST,2025-09-08 18:30:00 IST,2025-09-22 07:30:00 IST,2025-09-22 07:30:00 IST,2025-09-22 08:30:00 IST,4277.0,4206.85,70.15,1.6469,4277.0,4206.85,4259.4625,4206.85,4285.019275,1.2352,28.34,28.34,A,1.0,85.2,1.9921,1.2145,54,4,396,396.0,1,35.0,17.0,0.00041204770612135856,14.73,0.01817705867340713,0.5150596326516982,0.0030903577959101886,0.00267831008978883,0.02085536876319596,FILLED_TP,TP_HIT,False,1,1.0,0.4858,56.6405,1h,Fixed +0.60% TP reached at 4285.019275.
261,ETHUSD,SHORT,2025-09-22 21:00:00+00:00,2025-09-22 14:00:00+00:00,2025-09-23 02:00:00+00:00,2025-09-23 03:00:00+00:00,2025-09-23 03:00:00+00:00,2025-09-23 04:00:00+00:00,2025-09-23 02:30:00 IST,2025-09-22 19:30:00 IST,2025-09-23 07:30:00 IST,2025-09-23 08:30:00 IST,2025-09-23 08:30:00 IST,2025-09-23 09:30:00 IST,4218.3,4181.5,36.8,0.8781,4181.5,4218.3,4190.7,4218.3,4165.5558,0.6586,53.14,53.14,A,1.0,42.2,1.0092,1.1467,0,4,6,6.0,1,35.0,31.89,0.0008866524016398103,27.63,0.02085536876319596,1.1083155020497628,0.006649893012298576,0.005763240610658766,0.026618609373854726,FILLED_TP,TP_HIT,False,1,1.0,0.911,57.5515,1h,Fixed +0.60% TP reached at 4165.555800.
262,BTCUSD,SHORT,2025-09-22 20:00:00+00:00,2025-09-22 14:00:00+00:00,2025-09-23 02:00:00+00:00,2025-09-23 06:00:00+00:00,2025-09-23 06:00:00+00:00,2025-09-23 17:00:00+00:00,2025-09-23 01:30:00 IST,2025-09-22 19:30:00 IST,2025-09-23 07:30:00 IST,2025-09-23 11:30:00 IST,2025-09-23 11:30:00 IST,2025-09-23 22:30:00 IST,113412.0,112719.0,693.0,0.6139,112719.0,113412.0,112892.25,113412.0,112214.8965,0.4604,76.02,76.02,A,1.0,1109.5,0.9843,1.601,3,2,10,10.0,1,35.0,45.61,0.0016188739146588828,39.53,0.026618609373854726,2.0235923933236033,0.01214155435994162,0.010522680445282737,0.03714128981913746,FILLED_TP,TP_HIT,False,11,11.0,1.3032,58.8547,1h,Fixed +0.60% TP reached at 112214.896500.
263,SOLUSD,LONG,2025-09-09 15:00:00+00:00,2025-09-09 02:00:00+00:00,2025-09-09 18:00:00+00:00,2025-09-24 01:00:00+00:00,2025-09-24 01:00:00+00:00,2025-09-24 02:00:00+00:00,2025-09-09 20:30:00 IST,2025-09-09 07:30:00 IST,2025-09-09 23:30:00 IST,2025-09-24 06:30:00 IST,2025-09-24 06:30:00 IST,2025-09-24 07:30:00 IST,213.493,210.862,2.631,1.2362,213.493,210.862,212.83525,210.862,214.112262,0.9271,37.75,37.75,A,1.0,3.351,1.5696,1.2737,2,0,346,346.0,1,35.0,22.65,0.0011216993270563758,19.63,0.03714128981913746,1.4021241588204696,0.008412744952922817,0.0072910456258664415,0.0444323354450039,FILLED_TP,TP_HIT,False,1,1.0,0.6472,59.5019,1h,Fixed +0.60% TP reached at 214.112262.
264,ETHUSD,SHORT,2025-09-25 14:00:00+00:00,2025-09-25 09:00:00+00:00,2025-09-25 16:00:00+00:00,2025-09-26 17:00:00+00:00,2025-09-26 17:00:00+00:00,2025-09-26 18:00:00+00:00,2025-09-25 19:30:00 IST,2025-09-25 14:30:00 IST,2025-09-25 21:30:00 IST,2025-09-26 22:30:00 IST,2025-09-26 22:30:00 IST,2025-09-26 23:30:00 IST,4052.5,4011.8,40.7,1.0119,4011.8,4052.5,4021.975,4052.5,3997.84315,0.759,46.12,46.12,A,1.0,85.2,2.1237,2.0934,1,0,27,27.0,1,35.0,27.67,0.0016392336726747936,-38.69,0.0444323354450039,2.049042090843492,-0.015551317405751363,-0.017190551078426156,0.027241784366577742,FILLED_SL,SL_HIT,False,1,1.0,-1.0,58.5019,1h,Distal SL breached at 4052.500000.
265,SOLUSD,LONG,2025-10-03 17:00:00+00:00,2025-10-03 14:00:00+00:00,2025-10-03 19:00:00+00:00,2025-10-04 01:00:00+00:00,2025-10-04 01:00:00+00:00,2025-10-04 14:00:00+00:00,2025-10-03 22:30:00 IST,2025-10-03 19:30:00 IST,2025-10-04 00:30:00 IST,2025-10-04 06:30:00 IST,2025-10-04 06:30:00 IST,2025-10-04 19:30:00 IST,230.9734,227.106,3.8674,1.6814,230.9734,227.106,230.00655,227.106,231.386589,1.2611,27.75,27.75,A,1.0,4.5046,1.9503,1.1648,1,1,8,8.0,1,35.0,16.65,0.0006048580009446929,-37.22,0.027241784366577742,0.7560725011808661,-0.00953462452830221,-0.010139482529246902,0.01710230183733084,FILLED_SL,SL_HIT,False,13,13.0,-1.0,57.5019,1h,Distal SL breached at 227.106000.
266,SOLUSD,LONG,2025-10-02 14:00:00+00:00,2025-10-02 07:00:00+00:00,2025-10-02 16:00:00+00:00,2025-10-04 15:00:00+00:00,2025-10-04 15:00:00+00:00,2025-10-04 17:00:00+00:00,2025-10-02 19:30:00 IST,2025-10-02 12:30:00 IST,2025-10-02 21:30:00 IST,2025-10-04 20:30:00 IST,2025-10-04 20:30:00 IST,2025-10-04 22:30:00 IST,225.135,222.3561,2.7789,1.2381,225.135,222.3561,224.440275,222.3561,225.786917,0.9286,37.69,37.69,A,1.0,4.111,1.826,1.4794,1,1,49,49.0,1,35.0,22.61,0.0005156787178144816,19.6,0.01710230183733084,0.644598397268102,0.003867590383608612,0.0033519116657941307,0.02045421350312497,FILLED_TP,TP_HIT,False,2,2.0,0.6461,58.148,1h,Fixed +0.60% TP reached at 225.786917.
267,ETHUSD,SHORT,2025-09-15 05:00:00+00:00,2025-09-14 06:00:00+00:00,2025-09-15 06:00:00+00:00,2025-10-06 14:00:00+00:00,2025-10-06 14:00:00+00:00,2025-10-06 15:00:00+00:00,2025-09-15 10:30:00 IST,2025-09-14 11:30:00 IST,2025-09-15 11:30:00 IST,2025-10-06 19:30:00 IST,2025-10-06 19:30:00 IST,2025-10-06 20:30:00 IST,4680.65,4658.9,21.75,0.4663,4658.9,4680.65,4664.3375,4680.65,4636.351475,0.3497,100.08,100.0,A,1.0,43.35,0.9305,1.9931,0,1,513,513.0,1,34.97,60.0,0.0016363370802499977,-42.97,0.02045421350312497,2.045421350312497,-0.007153413700653653,-0.008789750780903651,0.01166446272222132,FILLED_SL,SL_HIT,False,1,1.0,-1.0,57.148,1h,Distal SL breached at 4680.650000.
268,ETHUSD,LONG,2025-10-02 00:00:00+00:00,2025-10-01 21:00:00+00:00,2025-10-02 01:00:00+00:00,2025-10-09 08:00:00+00:00,2025-10-09 08:00:00+00:00,2025-10-09 09:00:00+00:00,2025-10-02 05:30:00 IST,2025-10-02 02:30:00 IST,2025-10-02 06:30:00 IST,2025-10-09 13:30:00 IST,2025-10-09 13:30:00 IST,2025-10-09 14:30:00 IST,4334.25,4285.9,48.35,1.1187,4334.25,4285.9,4322.1625,4285.9,4348.095475,0.839,41.72,41.72,A,1.0,64.05,1.4778,1.3247,0,0,176,176.0,1,35.0,25.03,0.0003892836109197361,21.69,0.01166446272222132,0.4866045136496701,0.002919627081898021,0.002530343470978285,0.014194806193199605,FILLED_TP,TP_HIT,False,1,1.0,0.7151,57.8632,1h,Fixed +0.60% TP reached at 4348.095475.
269,ETHUSD,LONG,2025-10-01 21:00:00+00:00,2025-10-01 10:00:00+00:00,2025-10-01 23:00:00+00:00,2025-10-09 15:00:00+00:00,2025-10-09 15:00:00+00:00,2025-10-09 16:00:00+00:00,2025-10-02 02:30:00 IST,2025-10-01 15:30:00 IST,2025-10-02 04:30:00 IST,2025-10-09 20:30:00 IST,2025-10-09 20:30:00 IST,2025-10-09 21:30:00 IST,4311.8,4278.0,33.8,0.7854,4311.8,4278.0,4303.35,4278.0,4329.1701,0.5891,59.42,59.42,A,1.0,43.15,1.0007,1.2766,0,0,186,186.0,1,35.0,35.65,0.0006747085358903865,-39.75,0.014194806193199605,0.8433856698629831,-0.004968182167619861,-0.005642890703510248,0.008551915489689357,FILLED_SL,SL_HIT,False,1,1.0,-1.0,56.8632,1h,Distal SL breached at 4278.000000.
270,XRPUSD,LONG,2025-09-28 03:00:00+00:00,2025-09-27 17:00:00+00:00,2025-09-28 15:00:00+00:00,2025-10-09 17:00:00+00:00,2025-10-09 17:00:00+00:00,2025-10-09 18:00:00+00:00,2025-09-28 08:30:00 IST,2025-09-27 22:30:00 IST,2025-09-28 20:30:00 IST,2025-10-09 22:30:00 IST,2025-10-09 22:30:00 IST,2025-10-09 23:30:00 IST,2.7838,2.7614,0.0224,0.8063,2.7838,2.7614,2.7782,2.7614,2.794869,0.6047,57.88,57.88,A,1.0,0.0292,1.0489,1.3036,1,8,278,278.0,1,35.0,34.73,0.00039598219355758464,30.1,0.008551915489689357,0.49497774194698074,0.0029698664516818844,0.0025738842581243,0.011125799747813657,FILLED_TP,TP_HIT,False,1,1.0,0.9922,57.8554,1h,Fixed +0.60% TP reached at 2.794869.
271,XRPUSD,SHORT,2025-10-10 05:00:00+00:00,2025-10-09 12:00:00+00:00,2025-10-10 07:00:00+00:00,2025-10-10 09:00:00+00:00,2025-10-10 09:00:00+00:00,2025-10-10 10:00:00+00:00,2025-10-10 10:30:00 IST,2025-10-09 17:30:00 IST,2025-10-10 12:30:00 IST,2025-10-10 14:30:00 IST,2025-10-10 14:30:00 IST,2025-10-10 15:30:00 IST,2.8394,2.8217,0.0177,0.6263,2.8217,2.8394,2.826125,2.8394,2.809168,0.4697,74.51,74.51,A,1.0,0.0241,0.8541,1.3616,1,1,4,4.0,1,35.0,44.71,0.0006632024276791763,38.75,0.011125799747813657,0.8290030345989703,0.004974018207593822,0.004310815779914646,0.015436615527728303,FILLED_TP,TP_HIT,False,1,1.0,1.2773,59.1327,1h,Fixed +0.60% TP reached at 2.809168.
272,BTCUSD,SHORT,2025-10-11 10:00:00+00:00,2025-10-11 04:00:00+00:00,2025-10-11 20:00:00+00:00,2025-10-12 06:00:00+00:00,2025-10-12 06:00:00+00:00,2025-10-12 08:00:00+00:00,2025-10-11 15:30:00 IST,2025-10-11 09:30:00 IST,2025-10-12 01:30:00 IST,2025-10-12 11:30:00 IST,2025-10-12 11:30:00 IST,2025-10-12 13:30:00 IST,112943.5,111651.5,1292.0,1.1538,111651.5,112943.5,111974.5,112943.5,111302.653,0.8654,40.44,40.44,A,1.0,2042.0,1.8289,1.5805,1,9,20,20.0,1,35.0,24.27,0.0004994654752473598,21.03,0.015436615527728303,0.6243318440591997,0.0037459910643551976,0.0032465255891078377,0.018683141116836142,FILLED_TP,TP_HIT,False,2,2.0,0.6933,59.8261,1h,Fixed +0.60% TP reached at 111302.653000.
273,BTCUSD,SHORT,2025-10-13 13:00:00+00:00,2025-10-13 07:00:00+00:00,2025-10-13 14:00:00+00:00,2025-10-13 16:00:00+00:00,2025-10-13 16:00:00+00:00,2025-10-13 17:00:00+00:00,2025-10-13 18:30:00 IST,2025-10-13 12:30:00 IST,2025-10-13 19:30:00 IST,2025-10-13 21:30:00 IST,2025-10-13 21:30:00 IST,2025-10-13 22:30:00 IST,115512.0,114981.5,530.5,0.4608,114981.5,115512.0,115114.125,115512.0,114423.44025,0.3456,101.26,100.0,A,1.0,1248.5,1.0858,2.3534,0,1,3,3.0,1,34.56,60.0,0.0014946512893468913,52.0,0.018683141116836142,1.8683141116836142,0.011209884670101684,0.009715233380754792,0.028398374497590934,FILLED_TP,TP_HIT,False,1,1.0,1.7359,61.562,1h,Fixed +0.60% TP reached at 114423.440250.
274,SOLUSD,LONG,2025-10-14 06:00:00+00:00,2025-10-13 11:00:00+00:00,2025-10-14 15:00:00+00:00,2025-10-15 20:00:00+00:00,2025-10-15 20:00:00+00:00,2025-10-16 01:00:00+00:00,2025-10-14 11:30:00 IST,2025-10-13 16:30:00 IST,2025-10-14 20:30:00 IST,2025-10-16 01:30:00 IST,2025-10-16 01:30:00 IST,2025-10-16 06:30:00 IST,195.46,190.04,5.42,2.7923,195.46,190.04,194.105,190.04,195.26963,2.0942,16.71,16.71,A,1.0,7.132,3.6488,1.3159,0,7,38,38.0,1,35.0,10.03,0.00037968871215728387,8.69,0.028398374497590934,0.4746108901966048,0.0028476653411796285,0.002467976629022345,0.03086635112661328,FILLED_TP,TP_HIT,False,5,5.0,0.2865,61.8485,1h,Fixed +0.60% TP reached at 195.269630.
275,SOLUSD,SHORT,2025-10-17 21:00:00+00:00,2025-10-17 01:00:00+00:00,2025-10-17 23:00:00+00:00,2025-10-18 02:00:00+00:00,2025-10-18 02:00:00+00:00,2025-10-18 03:00:00+00:00,2025-10-18 02:30:00 IST,2025-10-17 06:30:00 IST,2025-10-18 04:30:00 IST,2025-10-18 07:30:00 IST,2025-10-18 07:30:00 IST,2025-10-18 08:30:00 IST,187.515,184.752,2.763,1.4899,184.752,187.515,185.44275,187.515,184.330093,1.1175,31.32,31.32,A,1.0,2.952,1.5978,1.0684,1,1,5,5.0,1,35.0,18.79,0.0007734122282097896,16.29,0.03086635112661328,0.966765285262237,0.005800591711573422,0.005027179483363632,0.03589353060997691,FILLED_TP,TP_HIT,False,1,1.0,0.5369,62.3854,1h,Fixed +0.60% TP reached at 184.330093.
276,SOLUSD,LONG,2025-10-19 23:00:00+00:00,2025-10-19 09:00:00+00:00,2025-10-20 07:00:00+00:00,2025-10-20 16:00:00+00:00,2025-10-20 16:00:00+00:00,2025-10-20 17:00:00+00:00,2025-10-20 04:30:00 IST,2025-10-19 14:30:00 IST,2025-10-20 12:30:00 IST,2025-10-20 21:30:00 IST,2025-10-20 21:30:00 IST,2025-10-20 22:30:00 IST,188.745,183.162,5.583,2.98,188.745,183.162,187.34925,183.162,188.473346,2.235,15.66,15.66,A,1.0,5.755,3.0491,1.0308,4,4,17,17.0,1,35.0,9.4,0.0004496734828578992,8.14,0.03589353060997691,0.562091853572374,0.0033725511214342434,0.002922877638576344,0.03881640824855325,FILLED_TP,TP_HIT,False,1,1.0,0.2685,62.6539,1h,Fixed +0.60% TP reached at 188.473346.
277,BTCUSD,LONG,2025-10-21 04:00:00+00:00,2025-10-20 00:00:00+00:00,2025-10-21 14:00:00+00:00,2025-10-21 22:00:00+00:00,2025-10-21 22:00:00+00:00,2025-10-21 23:00:00+00:00,2025-10-21 09:30:00 IST,2025-10-20 05:30:00 IST,2025-10-21 19:30:00 IST,2025-10-22 03:30:00 IST,2025-10-22 03:30:00 IST,2025-10-22 04:30:00 IST,108597.0,107387.5,1209.5,1.1169,108597.0,107387.5,108294.625,107387.5,108944.39275,0.8376,41.78,41.78,A,1.0,3691.5,3.3993,3.0521,0,8,18,18.0,1,35.0,25.07,0.0012975172606142645,21.73,0.03881640824855325,1.6218965757678305,0.009731379454606982,0.008433862193992718,0.04725027044254597,FILLED_TP,TP_HIT,False,1,1.0,0.7163,63.3702,1h,Fixed +0.60% TP reached at 108944.392750.
278,BTCUSD,LONG,2025-10-22 00:00:00+00:00,2025-10-21 05:00:00+00:00,2025-10-22 02:00:00+00:00,2025-10-22 03:00:00+00:00,2025-10-22 03:00:00+00:00,2025-10-22 04:00:00+00:00,2025-10-22 05:30:00 IST,2025-10-21 10:30:00 IST,2025-10-22 07:30:00 IST,2025-10-22 08:30:00 IST,2025-10-22 08:30:00 IST,2025-10-22 09:30:00 IST,107948.5,107425.0,523.5,0.4855,107948.5,107425.0,107817.625,107425.0,108464.53075,0.3642,96.11,96.11,A,1.0,690.0,0.6392,1.3181,1,0,3,3.0,1,35.0,57.67,0.0036330731438966994,49.98,0.04725027044254597,4.541341429870874,0.027248048579225245,0.023614975435328544,0.07086524587787452,FILLED_TP,TP_HIT,False,1,1.0,1.6476,65.0178,1h,Fixed +0.60% TP reached at 108464.530750.
279,ETHUSD,LONG,2025-10-22 00:00:00+00:00,2025-10-18 00:00:00+00:00,2025-10-22 01:00:00+00:00,2025-10-22 09:00:00+00:00,2025-10-22 09:00:00+00:00,2025-10-22 10:00:00+00:00,2025-10-22 05:30:00 IST,2025-10-18 05:30:00 IST,2025-10-22 06:30:00 IST,2025-10-22 14:30:00 IST,2025-10-22 14:30:00 IST,2025-10-22 15:30:00 IST,3843.0,3818.25,24.75,0.6451,3843.0,3818.25,3836.8125,3818.25,3859.833375,0.4838,72.34,72.34,A,1.0,30.8,0.8015,1.2444,0,0,9,9.0,1,35.0,43.41,0.004101336842340455,-40.79,0.07086524587787452,5.126671052925568,-0.02480283605725608,-0.028904172899596535,0.04196107297827798,FILLED_SL,SL_HIT,False,1,1.0,-1.0,64.0178,1h,Distal SL breached at 3818.250000.
280,XRPUSD,LONG,2025-10-19 11:00:00+00:00,2025-10-19 09:00:00+00:00,2025-10-20 05:00:00+00:00,2025-10-22 11:00:00+00:00,2025-10-22 11:00:00+00:00,2025-10-22 12:00:00+00:00,2025-10-19 16:30:00 IST,2025-10-19 14:30:00 IST,2025-10-20 10:30:00 IST,2025-10-22 16:30:00 IST,2025-10-22 16:30:00 IST,2025-10-22 17:30:00 IST,2.3828,2.3166,0.0662,2.7977,2.3828,2.3166,2.36625,2.3166,2.380447,2.0983,16.68,16.68,A,1.0,0.073,3.0636,1.1027,12,5,72,72.0,1,35.0,10.01,0.0005599457986255431,8.67,0.04196107297827798,0.6999322482819289,0.0041995934896915735,0.00363964769106603,0.04560072066934401,FILLED_TP,TP_HIT,False,1,1.0,0.286,64.3038,1h,Fixed +0.60% TP reached at 2.380447.
281,ETHUSD,LONG,2025-10-25 14:00:00+00:00,2025-10-25 01:00:00+00:00,2025-10-25 18:00:00+00:00,2025-10-26 01:00:00+00:00,2025-10-26 01:00:00+00:00,2025-10-26 08:00:00+00:00,2025-10-25 19:30:00 IST,2025-10-25 06:30:00 IST,2025-10-25 23:30:00 IST,2025-10-26 06:30:00 IST,2025-10-26 06:30:00 IST,2025-10-26 13:30:00 IST,3938.65,3914.5,24.15,0.6141,3938.65,3914.5,3932.6125,3914.5,3956.208175,0.4606,75.99,75.99,A,1.0,30.6,0.7769,1.2671,0,4,11,11.0,1,35.0,45.6,0.002772250652958745,39.52,0.04560072066934401,3.465313316198431,0.020791879897190585,0.01801962924423184,0.06362034991357585,FILLED_TP,TP_HIT,False,7,7.0,1.3027,65.6065,1h,Fixed +0.60% TP reached at 3956.208175.
282,XRPUSD,LONG,2025-10-26 20:00:00+00:00,2025-10-26 03:00:00+00:00,2025-10-26 22:00:00+00:00,2025-10-27 09:00:00+00:00,2025-10-27 09:00:00+00:00,2025-10-27 10:00:00+00:00,2025-10-27 01:30:00 IST,2025-10-26 08:30:00 IST,2025-10-27 03:30:00 IST,2025-10-27 14:30:00 IST,2025-10-27 14:30:00 IST,2025-10-27 15:30:00 IST,2.613,2.5935,0.0195,0.7477,2.613,2.5935,2.608125,2.5935,2.623774,0.5607,62.42,62.42,A,1.0,0.049,1.8752,2.5128,1,0,13,13.0,1,35.0,37.45,0.003176776139017864,32.46,0.06362034991357585,3.9709701737723297,0.023825821042633973,0.02064904490361611,0.08426939481719195,FILLED_TP,TP_HIT,False,1,1.0,1.07,66.6765,1h,Fixed +0.60% TP reached at 2.623774.
283,XRPUSD,LONG,2025-10-27 09:00:00+00:00,2025-10-26 20:00:00+00:00,2025-10-27 11:00:00+00:00,2025-10-27 13:00:00+00:00,2025-10-27 13:00:00+00:00,2025-10-27 14:00:00+00:00,2025-10-27 14:30:00 IST,2025-10-27 01:30:00 IST,2025-10-27 16:30:00 IST,2025-10-27 18:30:00 IST,2025-10-27 18:30:00 IST,2025-10-27 19:30:00 IST,2.6157,2.597,0.0187,0.7162,2.6157,2.597,2.611025,2.597,2.626691,0.5371,65.16,65.16,A,1.0,0.0225,0.8602,1.2032,0,1,4,4.0,1,35.0,39.1,0.00439274574322407,33.88,0.08426939481719195,5.490932179030088,0.03294559307418052,0.02855284733095645,0.1128222421481484,FILLED_TP,TP_HIT,False,1,1.0,1.117,67.7935,1h,Fixed +0.60% TP reached at 2.626691.
284,XRPUSD,LONG,2025-10-27 20:00:00+00:00,2025-10-27 14:00:00+00:00,2025-10-28 07:00:00+00:00,2025-10-28 14:00:00+00:00,2025-10-28 14:00:00+00:00,2025-10-28 15:00:00+00:00,2025-10-28 01:30:00 IST,2025-10-27 19:30:00 IST,2025-10-28 12:30:00 IST,2025-10-28 19:30:00 IST,2025-10-28 19:30:00 IST,2025-10-28 20:30:00 IST,2.6272,2.6001,0.0271,1.0342,2.6272,2.6001,2.620425,2.6001,2.636148,0.7756,45.12,45.12,A,1.0,0.0342,1.3018,1.262,5,4,18,18.0,1,35.0,27.07,0.00407280800426552,23.46,0.1128222421481484,5.0910100053319,0.030546060031991396,0.026473252027725876,0.13929549417587428,FILLED_TP,TP_HIT,False,1,1.0,0.7736,68.5671,1h,Fixed +0.60% TP reached at 2.636148.
285,SOLUSD,LONG,2025-10-24 14:00:00+00:00,2025-10-23 20:00:00+00:00,2025-10-25 01:00:00+00:00,2025-10-28 21:00:00+00:00,2025-10-28 21:00:00+00:00,2025-10-28 22:00:00+00:00,2025-10-24 19:30:00 IST,2025-10-24 01:30:00 IST,2025-10-25 06:30:00 IST,2025-10-29 02:30:00 IST,2025-10-29 02:30:00 IST,2025-10-29 03:30:00 IST,191.306,188.364,2.942,1.5438,191.306,188.364,190.5705,188.364,191.713923,1.1578,30.23,30.23,A,1.0,3.222,1.6842,1.0952,7,3,103,103.0,1,35.0,18.14,0.0033685798107392466,15.72,0.13929549417587428,4.210724763424058,0.025264348580544348,0.0218957687698051,0.16119126294567937,FILLED_TP,TP_HIT,False,1,1.0,0.5182,69.0853,1h,Fixed +0.60% TP reached at 191.713923.
286,ETHUSD,LONG,2025-10-23 20:00:00+00:00,2025-10-23 14:00:00+00:00,2025-10-24 04:00:00+00:00,2025-10-29 18:00:00+00:00,2025-10-29 18:00:00+00:00,2025-10-29 19:00:00+00:00,2025-10-24 01:30:00 IST,2025-10-23 19:30:00 IST,2025-10-24 09:30:00 IST,2025-10-29 23:30:00 IST,2025-10-29 23:30:00 IST,2025-10-30 00:30:00 IST,3853.65,3807.8,45.85,1.1933,3853.65,3807.8,3842.1875,3807.8,3865.240625,0.895,39.11,39.11,A,1.0,125.95,3.2683,2.747,4,2,142,142.0,1,35.0,23.46,0.005042866610476179,20.34,0.16119126294567937,6.3035832630952235,0.037821499578571345,0.03277863296809517,0.19396989591377453,FILLED_TP,TP_HIT,False,1,1.0,0.6704,69.7557,1h,Fixed +0.60% TP reached at 3865.240625.
287,XRPUSD,LONG,2025-10-23 20:00:00+00:00,2025-10-23 12:00:00+00:00,2025-10-24 03:00:00+00:00,2025-10-30 19:00:00+00:00,2025-10-30 19:00:00+00:00,2025-10-30 20:00:00+00:00,2025-10-24 01:30:00 IST,2025-10-23 17:30:00 IST,2025-10-24 08:30:00 IST,2025-10-31 00:30:00 IST,2025-10-31 00:30:00 IST,2025-10-31 01:30:00 IST,2.3902,2.3737,0.0165,0.6915,2.3902,2.3737,2.386075,2.3737,2.400391,0.5186,67.48,67.48,A,1.0,0.0191,0.7991,1.1576,1,3,167,167.0,1,35.0,40.49,0.010472038903425327,35.09,0.19396989591377453,13.09004862928166,0.07854029177568994,0.06806825287226462,0.26203814878603915,FILLED_TP,TP_HIT,False,1,1.0,1.1569,70.9126,1h,Fixed +0.60% TP reached at 2.400391.
288,SOLUSD,LONG,2025-10-31 12:00:00+00:00,2025-10-31 08:00:00+00:00,2025-10-31 13:00:00+00:00,2025-10-31 16:00:00+00:00,2025-10-31 16:00:00+00:00,2025-10-31 17:00:00+00:00,2025-10-31 17:30:00 IST,2025-10-31 13:30:00 IST,2025-10-31 18:30:00 IST,2025-10-31 21:30:00 IST,2025-10-31 21:30:00 IST,2025-10-31 22:30:00 IST,186.562,184.541,2.021,1.0862,186.562,184.541,186.05675,184.541,187.173091,0.8147,42.96,42.96,A,1.0,2.033,1.0897,1.0059,0,1,4,4.0,1,35.0,25.78,0.009006175540135842,-38.44,0.26203814878603915,11.257719425169801,-0.09171335207511369,-0.10071952761524954,0.1613186211707896,FILLED_SL,SL_HIT,False,1,1.0,-1.0,69.9126,1h,Distal SL breached at 184.541000.
289,ETHUSD,LONG,2025-11-01 17:00:00+00:00,2025-11-01 14:00:00+00:00,2025-11-02 04:00:00+00:00,2025-11-02 09:00:00+00:00,2025-11-02 09:00:00+00:00,2025-11-02 10:00:00+00:00,2025-11-01 22:30:00 IST,2025-11-01 19:30:00 IST,2025-11-02 09:30:00 IST,2025-11-02 14:30:00 IST,2025-11-02 14:30:00 IST,2025-11-02 15:30:00 IST,3874.8,3857.25,17.55,0.4534,3874.8,3857.25,3870.4125,3857.25,3893.634975,0.3401,102.92,100.0,A,1.0,38.4,0.991,2.188,3,8,16,16.0,1,34.01,60.0,0.012905489693663168,-42.01,0.1613186211707896,16.13186211707896,-0.054861241564318444,-0.0677667312579816,0.093551889912808,FILLED_SL,SL_HIT,False,1,1.0,-1.0,68.9126,1h,Distal SL breached at 3857.250000.
290,SOLUSD,SHORT,2025-11-05 16:00:00+00:00,2025-11-04 15:00:00+00:00,2025-11-06 12:00:00+00:00,2025-11-07 18:00:00+00:00,2025-11-07 18:00:00+00:00,2025-11-08 00:00:00+00:00,2025-11-05 21:30:00 IST,2025-11-04 20:30:00 IST,2025-11-06 17:30:00 IST,2025-11-07 23:30:00 IST,2025-11-07 23:30:00 IST,2025-11-08 05:30:00 IST,165.0637,161.29,3.7737,2.3261,161.29,165.0637,162.233425,165.0637,161.260024,1.7446,20.06,20.06,A,1.0,4.172,2.5866,1.1055,7,11,50,50.0,1,35.0,12.04,0.001501489496397976,10.43,0.093551889912808,1.87686187049747,0.01126117122298482,0.009759681726586844,0.10331157163939483,FILLED_TP,TP_HIT,False,6,6.0,0.3439,69.2565,1h,Fixed +0.60% TP reached at 161.260024.
291,BTCUSD,SHORT,2025-11-07 20:00:00+00:00,2025-11-06 04:00:00+00:00,2025-11-08 00:00:00+00:00,2025-11-09 14:00:00+00:00,2025-11-09 14:00:00+00:00,2025-11-09 15:00:00+00:00,2025-11-08 01:30:00 IST,2025-11-06 09:30:00 IST,2025-11-08 05:30:00 IST,2025-11-09 19:30:00 IST,2025-11-09 19:30:00 IST,2025-11-09 20:30:00 IST,104187.5,103544.0,643.5,0.6205,103544.0,104187.5,103704.875,104187.5,103082.64575,0.4654,75.21,75.21,A,1.0,1044.0,1.0083,1.6224,1,3,42,42.0,1,35.0,45.12,0.006215790343261863,39.11,0.10331157163939483,7.769737929077329,0.04661842757446397,0.04040263723120211,0.14371420887059694,FILLED_TP,TP_HIT,False,1,1.0,1.2893,70.5457,1h,Fixed +0.60% TP reached at 103082.645750.
292,XRPUSD,SHORT,2025-11-02 23:00:00+00:00,2025-11-02 11:00:00+00:00,2025-11-03 02:00:00+00:00,2025-11-10 09:00:00+00:00,2025-11-10 09:00:00+00:00,2025-11-10 11:00:00+00:00,2025-11-03 04:30:00 IST,2025-11-02 16:30:00 IST,2025-11-03 07:30:00 IST,2025-11-10 14:30:00 IST,2025-11-10 14:30:00 IST,2025-11-10 16:30:00 IST,2.5546,2.511,0.0436,1.7289,2.511,2.5546,2.5219,2.5546,2.506769,1.2966,26.99,26.99,A,1.0,0.057,2.27,1.3073,2,1,178,178.0,1,35.0,16.2,0.00310340066477712,-37.16,0.14371420887059694,3.8792508309714,-0.05029997310470893,-0.05340337376948605,0.09031083510111089,FILLED_SL,SL_HIT,False,2,2.0,-1.0,69.5457,1h,Distal SL breached at 2.554600.
293,ETHUSD,SHORT,2025-11-12 11:00:00+00:00,2025-11-11 12:00:00+00:00,2025-11-12 14:00:00+00:00,2025-11-13 06:00:00+00:00,2025-11-13 06:00:00+00:00,2025-11-13 08:00:00+00:00,2025-11-12 16:30:00 IST,2025-11-11 17:30:00 IST,2025-11-12 19:30:00 IST,2025-11-13 11:30:00 IST,2025-11-13 11:30:00 IST,2025-11-13 13:30:00 IST,3592.6,3538.7,53.9,1.5174,3538.7,3592.6,3552.175,3592.6,3530.86195,1.138,30.75,30.75,A,1.0,58.9,1.6645,1.0928,0,3,19,19.0,1,35.0,18.45,0.0022219905847638936,15.99,0.09031083510111089,2.7774882309548667,0.0166649293857292,0.014442938800965307,0.1047537739020762,FILLED_TP,TP_HIT,False,2,2.0,0.5272,70.073,1h,Fixed +0.60% TP reached at 3530.861950.
294,SOLUSD,LONG,2025-11-13 13:00:00+00:00,2025-11-13 01:00:00+00:00,2025-11-13 14:00:00+00:00,2025-11-13 15:00:00+00:00,2025-11-13 15:00:00+00:00,2025-11-13 16:00:00+00:00,2025-11-13 18:30:00 IST,2025-11-13 06:30:00 IST,2025-11-13 19:30:00 IST,2025-11-13 20:30:00 IST,2025-11-13 20:30:00 IST,2025-11-13 21:30:00 IST,154.448,152.256,2.192,1.4243,154.448,152.256,153.9,152.256,154.8234,1.0682,32.76,32.76,A,1.0,2.231,1.4445,1.0178,0,1,2,2.0,1,35.0,19.66,0.0027457722779733896,-37.62,0.1047537739020762,3.432215347466737,-0.03666382086572667,-0.03940959314370006,0.06534418075837614,FILLED_SL,SL_HIT,False,1,1.0,-1.0,69.073,1h,Distal SL breached at 152.256000.
295,BTCUSD,SHORT,2025-11-15 02:00:00+00:00,2025-11-14 16:00:00+00:00,2025-11-16 01:00:00+00:00,2025-11-16 09:00:00+00:00,2025-11-16 09:00:00+00:00,2025-11-16 11:00:00+00:00,2025-11-15 07:30:00 IST,2025-11-14 21:30:00 IST,2025-11-16 06:30:00 IST,2025-11-16 14:30:00 IST,2025-11-16 14:30:00 IST,2025-11-16 16:30:00 IST,97388.0,96230.0,1158.0,1.1998,96230.0,97388.0,96519.5,97388.0,95940.383,0.8998,38.9,38.9,A,1.0,1415.0,1.4704,1.2219,11,2,31,31.0,1,35.0,23.34,0.0020333408673785425,20.23,0.06534418075837614,2.541676084223178,0.015250056505339067,0.013216715637960525,0.07856089639633666,FILLED_TP,TP_HIT,False,2,2.0,0.6668,69.7398,1h,Fixed +0.60% TP reached at 95940.383000.
296,ETHUSD,SHORT,2025-11-17 04:00:00+00:00,2025-11-14 16:00:00+00:00,2025-11-17 13:00:00+00:00,2025-11-17 14:00:00+00:00,2025-11-17 14:00:00+00:00,2025-11-17 15:00:00+00:00,2025-11-17 09:30:00 IST,2025-11-14 21:30:00 IST,2025-11-17 18:30:00 IST,2025-11-17 19:30:00 IST,2025-11-17 19:30:00 IST,2025-11-17 20:30:00 IST,3256.6,3181.95,74.65,2.3324,3181.95,3256.6,3200.6125,3256.6,3181.408825,1.7493,20.01,20.01,A,1.0,87.95,2.764,1.1782,0,6,10,10.0,1,35.0,12.0,0.0012574956260745596,10.4,0.07856089639633666,1.5718695325931993,0.009431217195559196,0.008173721569484637,0.0867346179658213,FILLED_TP,TP_HIT,False,1,1.0,0.343,70.0828,1h,Fixed +0.60% TP reached at 3181.408825.
297,XRPUSD,LONG,2025-11-16 21:00:00+00:00,2025-11-07 12:00:00+00:00,2025-11-17 00:00:00+00:00,2025-11-17 16:00:00+00:00,2025-11-17 16:00:00+00:00,2025-11-17 17:00:00+00:00,2025-11-17 02:30:00 IST,2025-11-07 17:30:00 IST,2025-11-17 05:30:00 IST,2025-11-17 21:30:00 IST,2025-11-17 21:30:00 IST,2025-11-17 22:30:00 IST,2.197,2.1531,0.0439,2.0082,2.197,2.1531,2.186025,2.1531,2.199141,1.5062,23.24,23.24,A,1.0,0.0528,2.4033,1.2027,1,2,19,19.0,1,35.0,13.94,0.0016124261839588613,12.08,0.0867346179658213,2.0155327299485766,0.012093196379691461,0.0104807701957326,0.0972153881615539,FILLED_TP,TP_HIT,False,1,1.0,0.3984,70.4811,1h,Fixed +0.60% TP reached at 2.199141.
298,BTCUSD,SHORT,2025-11-24 02:00:00+00:00,2025-11-20 22:00:00+00:00,2025-11-24 09:00:00+00:00,2025-11-24 16:00:00+00:00,2025-11-24 16:00:00+00:00,2025-11-24 17:00:00+00:00,2025-11-24 07:30:00 IST,2025-11-21 03:30:00 IST,2025-11-24 14:30:00 IST,2025-11-24 21:30:00 IST,2025-11-24 21:30:00 IST,2025-11-24 22:30:00 IST,88223.0,87170.0,1053.0,1.2043,87170.0,88223.0,87433.25,88223.0,86908.6505,0.9033,38.75,38.75,A,1.0,1390.0,1.5946,1.32,2,4,14,14.0,1,35.0,23.25,0.003013561322384718,-38.1,0.0972153881615539,3.7669516529808975,-0.03402538585654386,-0.03703894717892858,0.06017644098262531,FILLED_SL,SL_HIT,False,1,1.0,-1.0,69.4811,1h,Distal SL breached at 88223.000000.
299,BTCUSD,SHORT,2025-11-27 18:00:00+00:00,2025-11-27 09:00:00+00:00,2025-11-28 01:00:00+00:00,2025-11-28 05:00:00+00:00,2025-11-28 05:00:00+00:00,2025-11-28 07:00:00+00:00,2025-11-27 23:30:00 IST,2025-11-27 14:30:00 IST,2025-11-28 06:30:00 IST,2025-11-28 10:30:00 IST,2025-11-28 10:30:00 IST,2025-11-28 12:30:00 IST,91914.5,91449.0,465.5,0.5084,91449.0,91914.5,91565.375,91914.5,91015.98275,0.3813,91.79,91.79,A,1.0,686.0,0.7501,1.4737,2,2,11,11.0,1,35.0,55.08,0.0044191104840015675,47.73,0.06017644098262531,5.5238881050019595,0.03314332863001176,0.02872421814601019,0.0889006591286355,FILLED_TP,TP_HIT,False,2,2.0,1.5736,71.0548,1h,Fixed +0.60% TP reached at 91015.982750.
300,XRPUSD,SHORT,2025-11-26 17:00:00+00:00,2025-11-25 00:00:00+00:00,2025-11-27 10:00:00+00:00,2025-11-28 08:00:00+00:00,2025-11-28 08:00:00+00:00,2025-11-28 10:00:00+00:00,2025-11-26 22:30:00 IST,2025-11-25 05:30:00 IST,2025-11-27 15:30:00 IST,2025-11-28 13:30:00 IST,2025-11-28 13:30:00 IST,2025-11-28 15:30:00 IST,2.2641,2.2255,0.0386,1.727,2.2255,2.2641,2.23515,2.2641,2.221739,1.2952,27.02,27.02,A,1.0,0.0425,1.9097,1.101,8,2,39,39.0,1,35.0,16.21,0.0019218572127939013,14.05,0.0889006591286355,2.4023215159923765,0.014413929095954259,0.012492071883160358,0.10139273101179586,FILLED_TP,TP_HIT,False,2,2.0,0.4632,71.518,1h,Fixed +0.60% TP reached at 2.221739.
301,SOLUSD,LONG,2025-11-26 12:00:00+00:00,2025-11-25 14:00:00+00:00,2025-11-26 17:00:00+00:00,2025-11-29 18:00:00+00:00,2025-11-29 18:00:00+00:00,2025-11-29 19:00:00+00:00,2025-11-26 17:30:00 IST,2025-11-25 19:30:00 IST,2025-11-26 22:30:00 IST,2025-11-29 23:30:00 IST,2025-11-29 23:30:00 IST,2025-11-30 00:30:00 IST,136.179,133.087,3.092,2.2835,136.179,133.087,135.406,133.087,136.218436,1.7126,20.44,20.44,A,1.0,4.8756,3.5803,1.5768,2,0,78,78.0,1,35.0,12.26,0.0016576850185024913,10.63,0.10139273101179586,2.072106273128114,0.012432637638768684,0.010774952620266192,0.11216768363206205,FILLED_TP,TP_HIT,False,1,1.0,0.3503,71.8683,1h,Fixed +0.60% TP reached at 136.218436.
302,XRPUSD,LONG,2025-11-24 04:00:00+00:00,2025-11-24 00:00:00+00:00,2025-11-24 16:00:00+00:00,2025-12-01 04:00:00+00:00,2025-12-01 04:00:00+00:00,2025-12-01 05:00:00+00:00,2025-11-24 09:30:00 IST,2025-11-24 05:30:00 IST,2025-11-24 21:30:00 IST,2025-12-01 09:30:00 IST,2025-12-01 09:30:00 IST,2025-12-01 10:30:00 IST,2.066,2.023,0.043,2.0922,2.066,2.023,2.05525,2.023,2.067582,1.5692,22.31,22.31,A,1.0,0.0546,2.6428,1.2698,2,7,168,168.0,1,35.0,13.38,0.0020015236247982312,-36.78,0.11216768363206205,2.501904530997789,-0.03925868927122171,-0.04126021289601994,0.0709074707360421,FILLED_SL,SL_HIT,False,1,1.0,-1.0,70.8683,1h,Distal SL breached at 2.023000.
303,ETHUSD,SHORT,2025-11-30 16:00:00+00:00,2025-11-28 19:00:00+00:00,2025-11-30 23:00:00+00:00,2025-12-03 02:00:00+00:00,2025-12-03 02:00:00+00:00,2025-12-03 03:00:00+00:00,2025-11-30 21:30:00 IST,2025-11-29 00:30:00 IST,2025-12-01 04:30:00 IST,2025-12-03 07:30:00 IST,2025-12-03 07:30:00 IST,2025-12-03 08:30:00 IST,3060.1,3036.4,23.7,0.779,3036.4,3060.1,3042.325,3060.1,3024.07105,0.5843,59.91,59.91,A,1.0,47.6,1.5676,2.0084,3,1,58,58.0,1,35.0,35.94,0.003398177206974284,31.15,0.0709074707360421,4.247721508717855,0.025486329052307126,0.022088151845332842,0.09299562258137495,FILLED_TP,TP_HIT,False,1,1.0,1.0269,71.8953,1h,Fixed +0.60% TP reached at 3024.071050.
304,XRPUSD,SHORT,2025-11-29 20:00:00+00:00,2025-11-28 14:00:00+00:00,2025-11-30 23:00:00+00:00,2025-12-03 05:00:00+00:00,2025-12-03 05:00:00+00:00,2025-12-03 06:00:00+00:00,2025-11-30 01:30:00 IST,2025-11-28 19:30:00 IST,2025-12-01 04:30:00 IST,2025-12-03 10:30:00 IST,2025-12-03 10:30:00 IST,2025-12-03 11:30:00 IST,2.2317,2.1998,0.0319,1.4449,2.1998,2.2317,2.207775,2.2317,2.194528,1.0837,32.3,32.3,A,1.0,0.0485,2.2047,1.5204,9,9,81,81.0,1,35.0,19.38,0.0024028319741060495,16.79,0.09299562258137495,3.0035399676325616,0.01802123980579537,0.015618407831689319,0.10861403041306426,FILLED_TP,TP_HIT,False,1,1.0,0.5537,72.449,1h,Fixed +0.60% TP reached at 2.194528.
305,BTCUSD,LONG,2025-12-04 14:00:00+00:00,2025-12-02 20:00:00+00:00,2025-12-04 15:00:00+00:00,2025-12-04 19:00:00+00:00,2025-12-04 19:00:00+00:00,2025-12-04 20:00:00+00:00,2025-12-04 19:30:00 IST,2025-12-03 01:30:00 IST,2025-12-04 20:30:00 IST,2025-12-05 00:30:00 IST,2025-12-05 00:30:00 IST,2025-12-05 01:30:00 IST,91893.5,90675.5,1218.0,1.3299,91893.5,90675.5,91589.0,90675.5,92138.534,0.9974,35.09,35.09,A,1.0,1350.0,1.4691,1.1084,0,0,5,5.0,1,35.0,21.05,0.00304914955754855,18.25,0.10861403041306426,3.8114369469356872,0.022868621681614125,0.019819472124065575,0.12843350253712985,FILLED_TP,TP_HIT,False,1,1.0,0.6016,73.0505,1h,Fixed +0.60% TP reached at 92138.534000.
306,XRPUSD,LONG,2025-12-07 07:00:00+00:00,2025-12-06 19:00:00+00:00,2025-12-07 12:00:00+00:00,2025-12-07 13:00:00+00:00,2025-12-07 13:00:00+00:00,2025-12-07 14:00:00+00:00,2025-12-07 12:30:00 IST,2025-12-07 00:30:00 IST,2025-12-07 17:30:00 IST,2025-12-07 18:30:00 IST,2025-12-07 18:30:00 IST,2025-12-07 19:30:00 IST,2.0325,2.0197,0.0128,0.6308,2.0325,2.0197,2.0293,2.0197,2.041476,0.4731,73.98,73.98,A,1.0,0.0171,0.8413,1.3359,0,4,6,6.0,1,35.0,44.39,0.007601711445375547,-40.92,0.12843350253712985,9.502139306719434,-0.044951725887995446,-0.05255343733337099,0.07588006520375885,FILLED_SL,SL_HIT,False,1,1.0,-1.0,72.0505,1h,Distal SL breached at 2.019700.
307,XRPUSD,LONG,2025-12-07 22:00:00+00:00,2025-12-07 14:00:00+00:00,2025-12-08 01:00:00+00:00,2025-12-11 00:00:00+00:00,2025-12-11 00:00:00+00:00,2025-12-11 14:00:00+00:00,2025-12-08 03:30:00 IST,2025-12-07 19:30:00 IST,2025-12-08 06:30:00 IST,2025-12-11 05:30:00 IST,2025-12-11 05:30:00 IST,2025-12-11 19:30:00 IST,2.0312,1.9885,0.0427,2.1133,2.0312,1.9885,2.020525,1.9885,2.032648,1.585,22.08,22.08,A,1.0,0.059,2.9047,1.3817,1,0,74,74.0,1,35.0,13.25,0.0013404814753733244,-36.77,0.07588006520375885,1.6756018442166554,-0.026558022821315596,-0.02789850429668892,0.04798156090706993,FILLED_SL,SL_HIT,False,14,14.0,-1.0,71.0505,1h,Distal SL breached at 1.988500.
308,ETHUSD,LONG,2025-12-07 22:00:00+00:00,2025-12-07 16:00:00+00:00,2025-12-08 01:00:00+00:00,2025-12-14 23:00:00+00:00,2025-12-14 23:00:00+00:00,2025-12-15 00:00:00+00:00,2025-12-08 03:30:00 IST,2025-12-07 21:30:00 IST,2025-12-08 06:30:00 IST,2025-12-15 04:30:00 IST,2025-12-15 04:30:00 IST,2025-12-15 05:30:00 IST,3039.7,2998.35,41.35,1.365,3039.7,2998.35,3029.3625,2998.35,3047.538675,1.0237,34.19,34.19,A,1.0,94.65,3.1138,2.289,2,1,169,169.0,1,35.0,20.51,0.0013123415256730822,17.78,0.04798156090706993,1.6404269070913526,0.009842561442548116,0.008530219916875033,0.056511780823944965,FILLED_TP,TP_HIT,False,1,1.0,0.5861,71.6366,1h,Fixed +0.60% TP reached at 3047.538675.
309,SOLUSD,LONG,2025-12-16 13:00:00+00:00,2025-12-16 04:00:00+00:00,2025-12-16 14:00:00+00:00,2025-12-17 09:00:00+00:00,2025-12-17 09:00:00+00:00,2025-12-17 11:00:00+00:00,2025-12-16 18:30:00 IST,2025-12-16 09:30:00 IST,2025-12-16 19:30:00 IST,2025-12-17 14:30:00 IST,2025-12-17 14:30:00 IST,2025-12-17 16:30:00 IST,126.793,124.862,1.931,1.5288,126.793,124.862,126.31025,124.862,127.068112,1.1466,30.53,30.53,A,1.0,3.022,2.3834,1.565,0,1,20,20.0,1,35.0,18.32,0.0013800412952659777,15.87,0.056511780823944965,1.725051619082472,0.010350309714494833,0.008970268419228856,0.06548204924317383,FILLED_TP,TP_HIT,False,2,2.0,0.5233,72.1599,1h,Fixed +0.60% TP reached at 127.068112.
310,SOLUSD,LONG,2025-12-16 00:00:00+00:00,2025-12-01 15:00:00+00:00,2025-12-16 13:00:00+00:00,2025-12-17 16:00:00+00:00,2025-12-17 16:00:00+00:00,2025-12-17 17:00:00+00:00,2025-12-16 05:30:00 IST,2025-12-01 20:30:00 IST,2025-12-16 18:30:00 IST,2025-12-17 21:30:00 IST,2025-12-17 21:30:00 IST,2025-12-17 22:30:00 IST,126.3,123.11,3.19,2.5418,126.3,123.11,125.5025,123.11,126.255515,1.9063,18.36,18.36,A,1.0,3.6346,2.8778,1.1394,3,3,40,40.0,1,35.0,11.02,0.0009617910335797702,-36.47,0.06548204924317383,1.2022387919747126,-0.02291871723511084,-0.02388050826869061,0.04160154097448322,FILLED_SL,SL_HIT,False,1,1.0,-1.0,71.1599,1h,Distal SL breached at 123.110000.
311,BTCUSD,LONG,2025-12-17 18:00:00+00:00,2025-12-16 04:00:00+00:00,2025-12-18 02:00:00+00:00,2025-12-18 17:00:00+00:00,2025-12-18 17:00:00+00:00,2025-12-18 18:00:00+00:00,2025-12-17 23:30:00 IST,2025-12-16 09:30:00 IST,2025-12-18 07:30:00 IST,2025-12-18 22:30:00 IST,2025-12-18 22:30:00 IST,2025-12-18 23:30:00 IST,85897.0,85234.5,662.5,0.7728,85897.0,85234.5,85731.375,85234.5,86245.76325,0.5796,60.39,60.39,A,1.0,948.5,1.1042,1.4317,3,3,23,23.0,1,35.0,36.23,0.0020098335532300086,31.4,0.04160154097448322,2.5122919415375105,0.01507375164922506,0.013063918095995053,0.054665459070478276,FILLED_TP,TP_HIT,False,1,1.0,1.0352,72.1952,1h,Fixed +0.60% TP reached at 86245.763250.
312,SOLUSD,SHORT,2025-12-21 09:00:00+00:00,2025-12-20 16:00:00+00:00,2025-12-21 11:00:00+00:00,2025-12-21 17:00:00+00:00,2025-12-21 17:00:00+00:00,2025-12-21 18:00:00+00:00,2025-12-21 14:30:00 IST,2025-12-20 21:30:00 IST,2025-12-21 16:30:00 IST,2025-12-21 22:30:00 IST,2025-12-21 22:30:00 IST,2025-12-21 23:30:00 IST,126.694,126.112,0.582,0.461,126.112,126.694,126.2575,126.694,125.499955,0.3457,101.24,100.0,A,1.0,0.79,0.6264,1.3574,1,1,8,8.0,1,34.57,60.0,0.004373236725638263,52.0,0.054665459070478276,5.466545907047828,0.03279927544228697,0.028426038716648703,0.08309149778712697,FILLED_TP,TP_HIT,False,1,1.0,1.7355,73.9307,1h,Fixed +0.60% TP reached at 125.499955.
313,SOLUSD,SHORT,2025-12-25 15:00:00+00:00,2025-12-23 20:00:00+00:00,2025-12-25 23:00:00+00:00,2025-12-26 02:00:00+00:00,2025-12-26 02:00:00+00:00,2025-12-26 03:00:00+00:00,2025-12-25 20:30:00 IST,2025-12-24 01:30:00 IST,2025-12-26 04:30:00 IST,2025-12-26 07:30:00 IST,2025-12-26 07:30:00 IST,2025-12-26 08:30:00 IST,125.663,123.481,2.182,1.7593,123.481,125.663,124.0265,125.663,123.282341,1.3195,26.53,26.53,A,1.0,3.822,3.0952,1.7516,2,3,11,11.0,1,35.0,15.92,0.0017632467718195128,13.79,0.08309149778712697,2.204058464774391,0.013224350788646344,0.011461104016826831,0.0945526018039538,FILLED_TP,TP_HIT,False,1,1.0,0.4547,74.3854,1h,Fixed +0.60% TP reached at 123.282341.
314,SOLUSD,SHORT,2025-12-26 02:00:00+00:00,2025-12-25 16:00:00+00:00,2025-12-26 04:00:00+00:00,2025-12-26 06:00:00+00:00,2025-12-26 06:00:00+00:00,2025-12-26 07:00:00+00:00,2025-12-26 07:30:00 IST,2025-12-25 21:30:00 IST,2025-12-26 09:30:00 IST,2025-12-26 11:30:00 IST,2025-12-26 11:30:00 IST,2025-12-26 12:30:00 IST,124.483,123.341,1.142,0.9238,123.341,124.483,123.6265,124.483,122.884741,0.6928,50.52,50.52,A,1.0,1.541,1.2494,1.3494,1,1,4,4.0,1,35.0,30.31,0.0038213403660672224,26.27,0.0945526018039538,4.776675457584028,0.028660052745504167,0.024838712379436946,0.11939131418339075,FILLED_TP,TP_HIT,False,1,1.0,0.866,75.2514,1h,Fixed +0.60% TP reached at 122.884741.
315,XRPUSD,SHORT,2025-12-26 02:00:00+00:00,2025-12-25 15:00:00+00:00,2025-12-26 15:00:00+00:00,2025-12-27 22:00:00+00:00,2025-12-27 22:00:00+00:00,2025-12-28 18:00:00+00:00,2025-12-26 07:30:00 IST,2025-12-25 20:30:00 IST,2025-12-26 20:30:00 IST,2025-12-28 03:30:00 IST,2025-12-28 03:30:00 IST,2025-12-28 23:30:00 IST,1.8884,1.8648,0.0236,1.2616,1.8648,1.8884,1.8707,1.8884,1.859476,0.9462,36.99,36.99,A,1.0,0.0394,2.1128,1.6695,1,10,44,44.0,1,35.0,22.19,0.003533146486101874,19.24,0.11939131418339075,4.416433107627342,0.02649859864576405,0.022965452159662177,0.14235676634305292,FILLED_TP,TP_HIT,False,20,20.0,0.6341,75.8856,1h,Fixed +0.60% TP reached at 1.859476.
316,SOLUSD,SHORT,2025-12-23 00:00:00+00:00,2025-12-22 15:00:00+00:00,2025-12-23 07:00:00+00:00,2025-12-29 00:00:00+00:00,2025-12-29 00:00:00+00:00,2025-12-29 01:00:00+00:00,2025-12-23 05:30:00 IST,2025-12-22 20:30:00 IST,2025-12-23 12:30:00 IST,2025-12-29 05:30:00 IST,2025-12-29 05:30:00 IST,2025-12-29 06:30:00 IST,128.7921,126.413,2.3791,1.8732,126.413,128.7921,127.007775,128.7921,126.245728,1.4049,24.91,24.91,A,1.0,2.662,2.1058,1.1189,5,0,144,144.0,1,35.0,14.95,0.0028372166067500387,-36.99,0.14235676634305292,3.546520758437548,-0.04982486822006852,-0.052662084826818556,0.08969468151623436,FILLED_SL,SL_HIT,False,1,1.0,-1.0,74.8856,1h,Distal SL breached at 128.792100.
317,ETHUSD,LONG,2025-12-26 19:00:00+00:00,2025-12-25 23:00:00+00:00,2025-12-29 00:00:00+00:00,2025-12-29 12:00:00+00:00,2025-12-29 12:00:00+00:00,2025-12-29 13:00:00+00:00,2025-12-27 00:30:00 IST,2025-12-26 04:30:00 IST,2025-12-29 05:30:00 IST,2025-12-29 17:30:00 IST,2025-12-29 17:30:00 IST,2025-12-29 18:30:00 IST,2926.15,2889.6,36.55,1.253,2926.15,2889.6,2917.0125,2889.6,2934.514575,0.9397,37.24,37.24,A,1.0,50.9,1.7395,1.3926,34,2,65,65.0,1,35.0,22.35,0.002672479416564893,19.37,0.08969468151623436,3.340599270706116,0.020043595624236694,0.017371116207671802,0.10706579772390616,FILLED_TP,TP_HIT,False,1,1.0,0.6385,75.524,1h,Fixed +0.60% TP reached at 2934.514575.
318,BTCUSD,LONG,2025-12-29 12:00:00+00:00,2025-12-26 15:00:00+00:00,2025-12-29 14:00:00+00:00,2025-12-29 20:00:00+00:00,2025-12-29 20:00:00+00:00,2025-12-30 08:00:00+00:00,2025-12-29 17:30:00 IST,2025-12-26 20:30:00 IST,2025-12-29 19:30:00 IST,2025-12-30 01:30:00 IST,2025-12-30 01:30:00 IST,2025-12-30 13:30:00 IST,87356.0,86628.5,727.5,0.8345,87356.0,86628.5,87174.125,86628.5,87697.16975,0.6259,55.92,55.92,A,1.0,803.5,0.9198,1.1045,0,1,8,8.0,1,35.0,33.55,0.004789631753534723,29.08,0.10706579772390616,5.987039691918404,0.035922238151510424,0.0311326063979757,0.13819840412188186,FILLED_TP,TP_HIT,False,12,12.0,0.9586,76.4826,1h,Fixed +0.60% TP reached at 87697.169750.
319,BTCUSD,LONG,2025-12-30 20:00:00+00:00,2025-12-30 08:00:00+00:00,2025-12-31 11:00:00+00:00,2025-12-31 15:00:00+00:00,2025-12-31 15:00:00+00:00,2025-12-31 16:00:00+00:00,2025-12-31 01:30:00 IST,2025-12-30 13:30:00 IST,2025-12-31 16:30:00 IST,2025-12-31 20:30:00 IST,2025-12-31 20:30:00 IST,2025-12-31 21:30:00 IST,88196.5,87464.0,732.5,0.8323,88196.5,87464.0,88013.375,87464.0,88541.45525,0.6242,56.07,56.07,A,1.0,812.5,0.9212,1.1092,13,1,19,19.0,1,35.0,33.64,0.006199274139861854,-39.49,0.13819840412188186,7.749092674827318,-0.04836944144265865,-0.05456871558252051,0.08362968853936135,FILLED_SL,SL_HIT,False,1,1.0,-1.0,75.4826,1h,Distal SL breached at 87464.000000.
320,BTCUSD,SHORT,2025-12-29 03:00:00+00:00,2025-12-22 12:00:00+00:00,2025-12-29 09:00:00+00:00,2026-01-02 14:00:00+00:00,2026-01-02 14:00:00+00:00,2026-01-02 15:00:00+00:00,2025-12-29 08:30:00 IST,2025-12-22 17:30:00 IST,2025-12-29 14:30:00 IST,2026-01-02 19:30:00 IST,2026-01-02 19:30:00 IST,2026-01-02 20:30:00 IST,90585.0,89820.5,764.5,0.8493,89820.5,90585.0,90011.625,90585.0,89471.55525,0.637,54.94,54.94,A,1.0,2096.5,2.3341,2.7423,2,3,107,107.0,1,35.0,32.97,0.003676024182826425,28.57,0.08362968853936135,4.595030228533031,0.02757018137119819,0.023894157188371765,0.10752384572773312,FILLED_TP,TP_HIT,False,1,1.0,0.9419,76.4246,1h,Fixed +0.60% TP reached at 89471.555250.
321,SOLUSD,SHORT,2026-01-05 22:00:00+00:00,2025-12-12 06:00:00+00:00,2026-01-06 00:00:00+00:00,2026-01-06 05:00:00+00:00,2026-01-06 05:00:00+00:00,2026-01-06 07:00:00+00:00,2026-01-06 03:30:00 IST,2025-12-12 11:30:00 IST,2026-01-06 05:30:00 IST,2026-01-06 10:30:00 IST,2026-01-06 10:30:00 IST,2026-01-06 12:30:00 IST,140.162,138.75,1.412,1.0151,138.75,140.162,139.103,140.162,138.268382,0.7613,45.97,45.97,A,1.0,1.85,1.3333,1.3102,1,0,7,7.0,1,35.0,27.58,0.003954607236481748,23.91,0.10752384572773312,4.9432590456021845,0.02965955427361311,0.02570494703713136,0.1332287927648645,FILLED_TP,TP_HIT,False,2,2.0,0.7881,77.2127,1h,Fixed +0.60% TP reached at 138.268382.
322,SOLUSD,LONG,2026-01-05 13:00:00+00:00,2026-01-04 19:00:00+00:00,2026-01-05 14:00:00+00:00,2026-01-08 07:00:00+00:00,2026-01-08 07:00:00+00:00,2026-01-08 08:00:00+00:00,2026-01-05 18:30:00 IST,2026-01-05 00:30:00 IST,2026-01-05 19:30:00 IST,2026-01-08 12:30:00 IST,2026-01-08 12:30:00 IST,2026-01-08 13:30:00 IST,134.2063,133.106,1.1003,0.8215,134.2063,133.106,133.931225,133.106,134.734812,0.6162,56.8,56.8,A,1.0,1.4317,1.0668,1.3012,0,1,66,66.0,1,35.0,34.08,0.006054323024236432,29.54,0.1332287927648645,7.56790378029554,0.04540742268177323,0.0393530996575368,0.1725818924224013,FILLED_TP,TP_HIT,False,1,1.0,0.9738,78.1865,1h,Fixed +0.60% TP reached at 134.734812.
323,BTCUSD,SHORT,2026-01-08 17:00:00+00:00,2026-01-08 01:00:00+00:00,2026-01-08 19:00:00+00:00,2026-01-08 22:00:00+00:00,2026-01-08 22:00:00+00:00,2026-01-09 01:00:00+00:00,2026-01-08 22:30:00 IST,2026-01-08 06:30:00 IST,2026-01-09 00:30:00 IST,2026-01-09 03:30:00 IST,2026-01-09 03:30:00 IST,2026-01-09 06:30:00 IST,91660.0,91268.0,392.0,0.429,91268.0,91660.0,91366.0,91660.0,90817.804,0.3218,108.77,100.0,A,1.0,506.0,0.5544,1.2908,0,1,5,5.0,1,32.18,60.0,0.013806551393792103,52.0,0.1725818924224013,17.258189242240128,0.10354913545344077,0.08974258405964866,0.26232447648204993,FILLED_TP,TP_HIT,False,3,3.0,1.8646,80.0511,1h,Fixed +0.60% TP reached at 90817.804000.
324,SOLUSD,LONG,2026-01-10 14:00:00+00:00,2026-01-10 04:00:00+00:00,2026-01-10 16:00:00+00:00,2026-01-10 18:00:00+00:00,2026-01-10 18:00:00+00:00,2026-01-10 21:00:00+00:00,2026-01-10 19:30:00 IST,2026-01-10 09:30:00 IST,2026-01-10 21:30:00 IST,2026-01-10 23:30:00 IST,2026-01-10 23:30:00 IST,2026-01-11 02:30:00 IST,136.169,135.727,0.442,0.3249,136.169,135.727,136.0585,135.727,136.874851,0.2436,143.65,100.0,A,1.0,0.479,0.3518,1.0837,0,0,4,4.0,1,24.36,60.0,0.020985958118563994,-32.36,0.26232447648204993,26.232447648204992,-0.06391409868093577,-0.08490005679949976,0.17742441968255018,FILLED_SL,SL_HIT,False,3,3.0,-1.0,79.0511,1h,Distal SL breached at 135.727000.
325,XRPUSD,LONG,2026-01-10 13:00:00+00:00,2026-01-10 05:00:00+00:00,2026-01-11 12:00:00+00:00,2026-01-11 15:00:00+00:00,2026-01-11 15:00:00+00:00,2026-01-11 16:00:00+00:00,2026-01-10 18:30:00 IST,2026-01-10 10:30:00 IST,2026-01-11 17:30:00 IST,2026-01-11 20:30:00 IST,2026-01-11 20:30:00 IST,2026-01-11 21:30:00 IST,2.0919,2.0795,0.0124,0.5936,2.0919,2.0795,2.0888,2.0795,2.101333,0.4452,78.61,78.61,A,1.0,0.0138,0.6597,1.1129,1,15,26,26.0,1,35.0,47.17,0.011157973741205814,40.88,0.17742441968255018,13.947467176507267,0.0836848030590436,0.0725268293178378,0.24995124900038798,FILLED_TP,TP_HIT,False,1,1.0,1.3476,80.3987,1h,Fixed +0.60% TP reached at 2.101333.
326,XRPUSD,SHORT,2026-01-12 02:00:00+00:00,2026-01-11 14:00:00+00:00,2026-01-12 03:00:00+00:00,2026-01-12 16:00:00+00:00,2026-01-12 16:00:00+00:00,2026-01-12 17:00:00+00:00,2026-01-12 07:30:00 IST,2026-01-11 19:30:00 IST,2026-01-12 08:30:00 IST,2026-01-12 21:30:00 IST,2026-01-12 21:30:00 IST,2026-01-12 22:30:00 IST,2.1093,2.0962,0.0131,0.624,2.0962,2.1093,2.099475,2.1093,2.086878,0.468,74.79,74.79,A,1.0,0.0172,0.8205,1.313,0,1,14,14.0,1,35.0,44.87,0.01495517471538139,38.89,0.24995124900038798,18.693968394226737,0.11216381036536041,0.09720863564997902,0.347159884650367,FILLED_TP,TP_HIT,False,1,1.0,1.2821,81.6808,1h,Fixed +0.60% TP reached at 2.086878.
327,SOLUSD,LONG,2026-01-12 09:00:00+00:00,2026-01-11 23:00:00+00:00,2026-01-12 15:00:00+00:00,2026-01-12 21:00:00+00:00,2026-01-12 21:00:00+00:00,2026-01-13 05:00:00+00:00,2026-01-12 14:30:00 IST,2026-01-12 04:30:00 IST,2026-01-12 20:30:00 IST,2026-01-13 02:30:00 IST,2026-01-13 02:30:00 IST,2026-01-13 10:30:00 IST,139.789,137.558,2.231,1.6024,139.789,137.558,139.23125,137.558,140.066637,1.2018,29.12,29.12,A,1.0,2.973,2.1268,1.3326,1,3,12,12.0,1,35.0,17.47,0.008088415546465519,15.14,0.347159884650367,10.110519433081897,0.06066311659849138,0.05257470105202586,0.39973458570239284,FILLED_TP,TP_HIT,False,8,8.0,0.4993,82.1801,1h,Fixed +0.60% TP reached at 140.066637.
328,SOLUSD,LONG,2026-01-15 03:00:00+00:00,2026-01-13 17:00:00+00:00,2026-01-15 05:00:00+00:00,2026-01-15 14:00:00+00:00,2026-01-15 14:00:00+00:00,2026-01-15 15:00:00+00:00,2026-01-15 08:30:00 IST,2026-01-13 22:30:00 IST,2026-01-15 10:30:00 IST,2026-01-15 19:30:00 IST,2026-01-15 19:30:00 IST,2026-01-15 20:30:00 IST,143.643,142.468,1.175,0.8197,143.643,142.468,143.34925,142.468,144.209345,0.6148,56.93,56.93,A,1.0,1.177,0.8194,1.0017,1,1,11,11.0,1,35.0,34.16,0.01820648267422383,-39.55,0.39973458570239284,22.758103342779787,-0.13990710499583747,-0.1581135876700613,0.24162099803233153,FILLED_SL,DUAL_TOUCH_CONSERVATIVE_SL,True,1,1.0,-1.0,81.1801,1h,Dual-touch: both TP and SL hit same candle. Conservative SL-first applied.
329,XRPUSD,SHORT,2026-01-16 20:00:00+00:00,2026-01-16 08:00:00+00:00,2026-01-17 00:00:00+00:00,2026-01-17 14:00:00+00:00,2026-01-17 14:00:00+00:00,2026-01-17 15:00:00+00:00,2026-01-17 01:30:00 IST,2026-01-16 13:30:00 IST,2026-01-17 05:30:00 IST,2026-01-17 19:30:00 IST,2026-01-17 19:30:00 IST,2026-01-17 20:30:00 IST,2.0804,2.0715,0.0089,0.4292,2.0715,2.0804,2.073725,2.0804,2.061283,0.3219,108.73,100.0,A,1.0,0.0101,0.4876,1.1348,1,2,18,18.0,1,32.19,60.0,0.019329679842586524,-40.19,0.24162099803233153,24.162099803233154,-0.07777406174231442,-0.09710374158490095,0.14451725644743058,FILLED_SL,SL_HIT,False,1,1.0,-1.0,80.1801,1h,Distal SL breached at 2.080400.
330,ETHUSD,LONG,2026-01-12 22:00:00+00:00,2026-01-09 14:00:00+00:00,2026-01-13 05:00:00+00:00,2026-01-20 08:00:00+00:00,2026-01-20 08:00:00+00:00,2026-01-20 09:00:00+00:00,2026-01-13 03:30:00 IST,2026-01-09 19:30:00 IST,2026-01-13 10:30:00 IST,2026-01-20 13:30:00 IST,2026-01-20 13:30:00 IST,2026-01-20 14:30:00 IST,3098.35,3060.7,37.65,1.2189,3098.35,3060.7,3088.9375,3060.7,3107.471125,0.9141,38.29,38.29,A,1.0,48.05,1.5508,1.2762,3,1,178,178.0,1,35.0,22.97,0.004426501510208872,19.91,0.14451725644743058,5.53312688776109,0.03319876132656654,0.028772259816357667,0.17328951626378825,FILLED_TP,TP_HIT,False,1,1.0,0.6563,80.8364,1h,Fixed +0.60% TP reached at 3107.471125.
331,BTCUSD,SHORT,2026-01-21 19:00:00+00:00,2026-01-21 15:00:00+00:00,2026-01-22 15:00:00+00:00,2026-01-23 02:00:00+00:00,2026-01-23 02:00:00+00:00,2026-01-23 06:00:00+00:00,2026-01-22 00:30:00 IST,2026-01-21 20:30:00 IST,2026-01-22 20:30:00 IST,2026-01-23 07:30:00 IST,2026-01-23 07:30:00 IST,2026-01-23 11:30:00 IST,90540.0,89713.5,826.5,0.9191,89713.5,90540.0,89920.125,90540.0,89380.60425,0.6894,50.77,50.77,A,1.0,1231.0,1.3721,1.4894,1,18,31,31.0,1,35.0,30.46,0.007038548400590804,26.4,0.17328951626378825,8.798185500738505,0.052789113004431024,0.04575056460384022,0.21904008086762847,FILLED_TP,TP_HIT,False,4,4.0,0.8704,81.7068,1h,Fixed +0.60% TP reached at 89380.604250.
332,BTCUSD,LONG,2026-01-26 20:00:00+00:00,2026-01-26 17:00:00+00:00,2026-01-26 23:00:00+00:00,2026-01-27 15:00:00+00:00,2026-01-27 15:00:00+00:00,2026-01-27 16:00:00+00:00,2026-01-27 01:30:00 IST,2026-01-26 22:30:00 IST,2026-01-27 04:30:00 IST,2026-01-27 20:30:00 IST,2026-01-27 20:30:00 IST,2026-01-27 21:30:00 IST,87764.5,86995.0,769.5,0.8787,87764.5,86995.0,87572.125,86995.0,88097.55775,0.659,53.11,53.11,A,1.0,874.5,0.9964,1.1365,2,1,19,19.0,1,35.0,31.87,0.009306312316551909,27.62,0.21904008086762847,11.632890395689884,0.0697973423741393,0.060491030057587394,0.2795311109252159,FILLED_TP,TP_HIT,False,1,1.0,0.9104,82.6172,1h,Fixed +0.60% TP reached at 88097.557750.
333,XRPUSD,SHORT,2026-01-27 16:00:00+00:00,2026-01-27 04:00:00+00:00,2026-01-27 17:00:00+00:00,2026-01-27 18:00:00+00:00,2026-01-27 18:00:00+00:00,2026-01-27 20:00:00+00:00,2026-01-27 21:30:00 IST,2026-01-27 09:30:00 IST,2026-01-27 22:30:00 IST,2026-01-27 23:30:00 IST,2026-01-27 23:30:00 IST,2026-01-28 01:30:00 IST,1.9169,1.9063,0.0106,0.5553,1.9063,1.9169,1.90895,1.9169,1.897496,0.4165,84.04,84.04,A,1.0,0.0306,1.6052,2.8868,0,1,2,2.0,1,35.0,50.43,0.018793843519018277,-41.72,0.2795311109252159,23.492304398772845,-0.09783588882382555,-0.11662973234284382,0.16290137858237205,FILLED_SL,SL_HIT,False,2,2.0,-1.0,81.6172,1h,Distal SL breached at 1.916900.
334,SOLUSD,SHORT,2026-01-24 22:00:00+00:00,2026-01-24 03:00:00+00:00,2026-01-25 00:00:00+00:00,2026-01-27 21:00:00+00:00,2026-01-27 21:00:00+00:00,2026-01-28 00:00:00+00:00,2026-01-25 03:30:00 IST,2026-01-24 08:30:00 IST,2026-01-25 05:30:00 IST,2026-01-28 02:30:00 IST,2026-01-28 02:30:00 IST,2026-01-28 05:30:00 IST,128.115,127.594,0.521,0.4079,127.594,128.115,127.72425,128.115,126.957904,0.3059,114.4,100.0,A,1.0,0.749,0.587,1.4376,1,1,71,71.0,1,30.59,60.0,0.013032110286589765,52.0,0.16290137858237205,16.290137858237205,0.09774082714942323,0.08470871686283346,0.2476100954452055,FILLED_TP,TP_HIT,False,3,3.0,1.9612,83.5784,1h,Fixed +0.60% TP reached at 126.957904.
335,SOLUSD,LONG,2026-01-26 15:00:00+00:00,2026-01-26 04:00:00+00:00,2026-01-27 16:00:00+00:00,2026-01-29 03:00:00+00:00,2026-01-29 03:00:00+00:00,2026-01-29 07:00:00+00:00,2026-01-26 20:30:00 IST,2026-01-26 09:30:00 IST,2026-01-27 21:30:00 IST,2026-01-29 08:30:00 IST,2026-01-29 08:30:00 IST,2026-01-29 12:30:00 IST,123.612,121.571,2.041,1.658,123.612,121.571,123.10175,121.571,123.840361,1.2435,28.15,28.15,A,1.0,3.192,2.5823,1.5639,17,1,60,60.0,1,35.0,16.89,0.005575532319942594,14.64,0.2476100954452055,6.969415399928242,0.04181649239956946,0.03624096007962686,0.28385105552483236,FILLED_TP,TP_HIT,False,4,4.0,0.4825,84.0609,1h,Fixed +0.60% TP reached at 123.840361.
336,SOLUSD,SHORT,2026-02-03 04:00:00+00:00,2026-02-02 22:00:00+00:00,2026-02-03 05:00:00+00:00,2026-02-03 08:00:00+00:00,2026-02-03 08:00:00+00:00,2026-02-03 09:00:00+00:00,2026-02-03 09:30:00 IST,2026-02-03 03:30:00 IST,2026-02-03 10:30:00 IST,2026-02-03 13:30:00 IST,2026-02-03 13:30:00 IST,2026-02-03 14:30:00 IST,105.175,104.602,0.573,0.547,104.602,105.175,104.74525,105.175,104.116778,0.4103,85.31,85.31,A,1.0,0.971,0.9283,1.6946,0,0,4,4.0,1,35.0,51.18,0.019371667100964548,44.36,0.28385105552483236,24.214583876205683,0.1452875032572341,0.12591583615626956,0.4097668916811019,FILLED_TP,TP_HIT,False,1,1.0,1.4624,85.5234,1h,Fixed +0.60% TP reached at 104.116778.
337,ETHUSD,SHORT,2026-02-03 03:00:00+00:00,2026-02-03 01:00:00+00:00,2026-02-03 06:00:00+00:00,2026-02-03 20:00:00+00:00,2026-02-03 20:00:00+00:00,2026-02-03 21:00:00+00:00,2026-02-03 08:30:00 IST,2026-02-03 06:30:00 IST,2026-02-03 11:30:00 IST,2026-02-04 01:30:00 IST,2026-02-04 01:30:00 IST,2026-02-04 02:30:00 IST,2359.0,2336.55,22.45,0.9585,2336.55,2359.0,2342.1625,2359.0,2328.109525,0.7189,48.69,48.69,A,1.0,39.55,1.6927,1.7617,1,2,17,17.0,1,35.0,29.21,0.015960052340452963,25.32,0.4097668916811019,19.9500654255662,0.1197003925533972,0.10374034021294425,0.5135072318940461,FILLED_TP,TP_HIT,False,1,1.0,0.8346,86.358,1h,Fixed +0.60% TP reached at 2328.109525.
338,ETHUSD,LONG,2025-04-30 13:00:00+00:00,2025-04-24 08:00:00+00:00,2025-04-30 20:00:00+00:00,2026-02-06 00:00:00+00:00,2026-02-06 00:00:00+00:00,2026-02-06 01:00:00+00:00,2025-04-30 18:30:00 IST,2025-04-24 13:30:00 IST,2025-05-01 01:30:00 IST,2026-02-06 05:30:00 IST,2026-02-06 05:30:00 IST,2026-02-06 06:30:00 IST,1760.3,1722.0,38.3,2.1877,1760.3,1722.0,1750.725,1722.0,1761.22935,1.6407,21.33,21.33,A,1.0,49.15,2.7921,1.2833,4,1,6755,6755.0,1,35.0,12.8,0.008763195321015072,11.09,0.5135072318940461,10.953994151268839,0.06572396490761302,0.05696076958659795,0.570468001480644,FILLED_TP,TP_HIT,False,1,1.0,0.3657,86.7237,1h,Fixed +0.60% TP reached at 1761.229350.
339,BTCUSD,SHORT,2026-02-06 22:00:00+00:00,2026-02-05 09:00:00+00:00,2026-02-07 00:00:00+00:00,2026-02-07 04:00:00+00:00,2026-02-07 04:00:00+00:00,2026-02-07 05:00:00+00:00,2026-02-07 03:30:00 IST,2026-02-05 14:30:00 IST,2026-02-07 05:30:00 IST,2026-02-07 09:30:00 IST,2026-02-07 09:30:00 IST,2026-02-07 10:30:00 IST,71950.0,71013.5,936.5,1.3144,71013.5,71950.0,71247.625,71950.0,70820.13925,0.9858,35.5,35.5,A,1.0,1331.0,1.8743,1.4212,1,1,6,6.0,1,35.0,21.3,0.01620282223643761,18.46,0.570468001480644,20.25352779554701,0.12152116677328206,0.10531834453684445,0.6757863460174884,FILLED_TP,TP_HIT,False,1,1.0,0.6086,87.3323,1h,Fixed +0.60% TP reached at 70820.139250.
340,ETHUSD,SHORT,2026-02-05 09:00:00+00:00,2026-02-05 01:00:00+00:00,2026-02-05 11:00:00+00:00,2026-02-08 11:00:00+00:00,2026-02-08 11:00:00+00:00,2026-02-08 13:00:00+00:00,2026-02-05 14:30:00 IST,2026-02-05 06:30:00 IST,2026-02-05 16:30:00 IST,2026-02-08 16:30:00 IST,2026-02-08 16:30:00 IST,2026-02-08 18:30:00 IST,2173.45,2122.4,51.05,2.3909,2122.4,2173.45,2135.1625,2173.45,2122.351525,1.7932,19.52,19.52,A,1.0,62.0,2.9212,1.2145,1,1,74,74.0,1,35.0,11.71,0.010552159998119473,10.15,0.6757863460174884,13.19019999764934,0.07914119998589604,0.06858903998777657,0.744375386005265,FILLED_TP,TP_HIT,False,2,2.0,0.3346,87.6669,1h,Fixed +0.60% TP reached at 2122.351525.
341,ETHUSD,LONG,2026-02-08 16:00:00+00:00,2026-02-08 04:00:00+00:00,2026-02-08 18:00:00+00:00,2026-02-08 23:00:00+00:00,2026-02-08 23:00:00+00:00,2026-02-09 00:00:00+00:00,2026-02-08 21:30:00 IST,2026-02-08 09:30:00 IST,2026-02-08 23:30:00 IST,2026-02-09 04:30:00 IST,2026-02-09 04:30:00 IST,2026-02-09 05:30:00 IST,2088.0,2066.0,22.0,1.0564,2088.0,2066.0,2082.5,2066.0,2094.995,0.7923,44.17,44.17,A,1.0,33.6,1.6092,1.5273,1,1,7,7.0,1,35.0,26.5,0.026305775004828485,22.97,0.744375386005265,32.882218756035606,0.19729331253621363,0.17098753753138515,0.9153629235366502,FILLED_TP,TP_HIT,False,1,1.0,0.7573,88.4242,1h,Fixed +0.60% TP reached at 2094.995000.
342,XRPUSD,LONG,2026-02-08 16:00:00+00:00,2026-02-08 04:00:00+00:00,2026-02-08 18:00:00+00:00,2026-02-09 01:00:00+00:00,2026-02-09 01:00:00+00:00,2026-02-09 02:00:00+00:00,2026-02-08 21:30:00 IST,2026-02-08 09:30:00 IST,2026-02-08 23:30:00 IST,2026-02-09 06:30:00 IST,2026-02-09 06:30:00 IST,2026-02-09 07:30:00 IST,1.4228,1.4088,0.014,0.9864,1.4228,1.4088,1.4193,1.4088,1.427816,0.7398,47.31,47.31,A,1.0,0.0295,2.0734,2.1071,1,1,9,9.0,1,35.0,28.39,0.03464465593001529,24.6,0.9153629235366502,43.30581991251911,0.2598349194751146,0.22519026354509933,1.1405531870817496,FILLED_TP,TP_HIT,False,1,1.0,0.811,89.2352,1h,Fixed +0.60% TP reached at 1.427816.
343,SOLUSD,SHORT,2026-02-09 16:00:00+00:00,2026-02-08 23:00:00+00:00,2026-02-10 18:00:00+00:00,2026-02-14 11:00:00+00:00,2026-02-14 11:00:00+00:00,2026-02-14 12:00:00+00:00,2026-02-09 21:30:00 IST,2026-02-09 04:30:00 IST,2026-02-10 23:30:00 IST,2026-02-14 16:30:00 IST,2026-02-14 16:30:00 IST,2026-02-14 17:30:00 IST,89.0094,86.043,2.9664,3.4181,86.043,89.0094,86.7846,89.0094,86.263892,2.5636,13.65,13.65,A,1.0,3.332,3.8725,1.1232,13,11,115,115.0,1,35.0,8.19,0.012457338454464359,7.1,1.1405531870817496,15.571673068080447,0.09343003840848267,0.08097269995401832,1.221525887035768,FILLED_TP,TP_HIT,False,1,1.0,0.234,89.4692,1h,Fixed +0.60% TP reached at 86.263892.
344,SOLUSD,LONG,2026-02-16 06:00:00+00:00,2026-02-13 20:00:00+00:00,2026-02-16 09:00:00+00:00,2026-02-16 11:00:00+00:00,2026-02-16 11:00:00+00:00,2026-02-16 12:00:00+00:00,2026-02-16 11:30:00 IST,2026-02-14 01:30:00 IST,2026-02-16 14:30:00 IST,2026-02-16 16:30:00 IST,2026-02-16 16:30:00 IST,2026-02-16 17:30:00 IST,85.063,84.172,0.891,1.0502,85.063,84.172,84.84025,84.172,85.349291,0.7877,44.44,44.44,A,1.0,1.171,1.3766,1.3143,1,1,5,5.0,1,35.0,26.66,0.04342338534758571,23.11,1.221525887035768,54.279231684482134,0.3256753901068928,0.28225200475930706,1.503777891795075,FILLED_TP,TP_HIT,False,1,1.0,0.7618,90.231,1h,Fixed +0.60% TP reached at 85.349291.
345,BTCUSD,SHORT,2026-02-19 18:00:00+00:00,2026-02-19 07:00:00+00:00,2026-02-19 19:00:00+00:00,2026-02-19 20:00:00+00:00,2026-02-19 20:00:00+00:00,2026-02-19 22:00:00+00:00,2026-02-19 23:30:00 IST,2026-02-19 12:30:00 IST,2026-02-20 00:30:00 IST,2026-02-20 01:30:00 IST,2026-02-20 01:30:00 IST,2026-02-20 03:30:00 IST,67308.5,67008.0,300.5,0.448,67008.0,67308.5,67083.125,67308.5,66680.62625,0.336,104.18,100.0,A,1.0,333.5,0.4977,1.1098,0,1,2,2.0,1,33.6,60.0,0.12030223134360601,52.0,1.503777891795075,150.37778917950752,0.902266735077045,0.7819645037334391,2.285742395528514,FILLED_TP,TP_HIT,False,2,2.0,1.7859,92.0169,1h,Fixed +0.60% TP reached at 66680.626250.
346,XRPUSD,SHORT,2026-02-20 01:00:00+00:00,2026-02-19 07:00:00+00:00,2026-02-20 04:00:00+00:00,2026-02-20 09:00:00+00:00,2026-02-20 09:00:00+00:00,2026-02-20 11:00:00+00:00,2026-02-20 06:30:00 IST,2026-02-19 12:30:00 IST,2026-02-20 09:30:00 IST,2026-02-20 14:30:00 IST,2026-02-20 14:30:00 IST,2026-02-20 16:30:00 IST,1.437,1.4214,0.0156,1.0945,1.4214,1.437,1.4253,1.437,1.416748,0.8209,42.64,42.64,A,1.0,0.022,1.5478,1.4103,2,1,8,8.0,1,35.0,25.58,0.0779660870236836,22.17,2.285742395528514,97.4576087796045,0.584745652677627,0.5067795656539434,2.7925219611824574,FILLED_TP,TP_HIT,False,2,2.0,0.7309,92.7478,1h,Fixed +0.60% TP reached at 1.416748.
347,BTCUSD,SHORT,2026-02-21 20:00:00+00:00,2026-02-17 02:00:00+00:00,2026-02-22 14:00:00+00:00,2026-02-25 17:00:00+00:00,2026-02-25 17:00:00+00:00,2026-02-25 18:00:00+00:00,2026-02-22 01:30:00 IST,2026-02-17 07:30:00 IST,2026-02-22 19:30:00 IST,2026-02-25 22:30:00 IST,2026-02-25 22:30:00 IST,2026-02-25 23:30:00 IST,69226.0,68356.5,869.5,1.268,68356.5,69226.0,68573.875,69226.0,68162.43175,0.951,36.8,36.8,A,1.0,1029.5,1.5061,1.184,16,0,93,93.0,1,35.0,22.08,0.08222094618707548,-37.94,2.7925219611824574,102.77618273384435,-0.9773826864138601,-1.0596036326009355,1.732918328581522,FILLED_SL,SL_HIT,False,1,1.0,-1.0,91.7478,1h,Distal SL breached at 69226.000000.
348,BTCUSD,SHORT,2026-02-16 21:00:00+00:00,2026-02-16 12:00:00+00:00,2026-02-17 10:00:00+00:00,2026-02-25 19:00:00+00:00,2026-02-25 19:00:00+00:00,2026-02-25 20:00:00+00:00,2026-02-17 02:30:00 IST,2026-02-16 17:30:00 IST,2026-02-17 15:30:00 IST,2026-02-26 00:30:00 IST,2026-02-26 00:30:00 IST,2026-02-26 01:30:00 IST,69831.5,68775.5,1056.0,1.5296,68775.5,69831.5,69039.5,69831.5,68625.263,1.1472,30.51,30.51,A,1.0,1100.5,1.6001,1.0421,7,1,214,214.0,1,35.0,18.31,0.04229690427387515,15.87,1.732918328581522,52.87113034234393,0.31722678205406357,0.2749298777801884,2.0078482063617105,FILLED_TP,TP_HIT,False,1,1.0,0.523,92.2709,1h,Fixed +0.60% TP reached at 68625.263000.
349,XRPUSD,LONG,2026-03-05 17:00:00+00:00,2026-03-04 12:00:00+00:00,2026-03-05 19:00:00+00:00,2026-03-06 04:00:00+00:00,2026-03-06 04:00:00+00:00,2026-03-06 06:00:00+00:00,2026-03-05 22:30:00 IST,2026-03-04 17:30:00 IST,2026-03-06 00:30:00 IST,2026-03-06 09:30:00 IST,2026-03-06 09:30:00 IST,2026-03-06 11:30:00 IST,1.4,1.3823,0.0177,1.2683,1.4,1.3823,1.395575,1.3823,1.403948,0.9512,36.79,36.79,A,1.0,0.023,1.6429,1.2994,1,0,11,11.0,1,35.0,22.08,0.059102732426825816,19.13,2.0078482063617105,73.87841553353226,0.4432704932011936,0.38416776077436776,2.392015967136078,FILLED_TP,TP_HIT,False,2,2.0,0.6308,92.9016,1h,Fixed +0.60% TP reached at 1.403948.
350,BTCUSD,SHORT,2026-03-08 10:00:00+00:00,2026-03-07 11:00:00+00:00,2026-03-08 11:00:00+00:00,2026-03-09 05:00:00+00:00,2026-03-09 05:00:00+00:00,2026-03-09 06:00:00+00:00,2026-03-08 15:30:00 IST,2026-03-07 16:30:00 IST,2026-03-08 16:30:00 IST,2026-03-09 10:30:00 IST,2026-03-09 10:30:00 IST,2026-03-09 11:30:00 IST,68210.5,67816.0,394.5,0.5809,67816.0,68210.5,67914.625,68210.5,67507.13725,0.4357,80.34,80.34,A,1.0,432.5,0.6378,1.0963,0,0,19,19.0,1,35.0,48.2,0.15373655385746188,41.78,2.392015967136078,192.17069232182735,1.153024153930964,0.9992876000735021,3.3913035672095804,FILLED_TP,TP_HIT,False,1,1.0,1.3772,94.2789,1h,Fixed +0.60% TP reached at 67507.137250.
351,SOLUSD,SHORT,2026-03-09 05:00:00+00:00,2026-03-07 11:00:00+00:00,2026-03-09 06:00:00+00:00,2026-03-09 09:00:00+00:00,2026-03-09 09:00:00+00:00,2026-03-09 10:00:00+00:00,2026-03-09 10:30:00 IST,2026-03-07 16:30:00 IST,2026-03-09 11:30:00 IST,2026-03-09 14:30:00 IST,2026-03-09 14:30:00 IST,2026-03-09 15:30:00 IST,84.903,84.252,0.651,0.7712,84.252,84.903,84.41475,84.903,83.908261,0.5784,60.51,60.51,A,1.0,1.1704,1.3892,1.7978,0,0,4,4.0,1,35.0,36.31,0.16417264103231557,31.47,3.3913035672095804,205.21580129039447,1.2312948077423669,1.0671221667100512,4.458425733919632,FILLED_TP,TP_HIT,False,1,1.0,1.0374,95.3162,1h,Fixed +0.60% TP reached at 83.908261.
352,XRPUSD,SHORT,2026-03-08 10:00:00+00:00,2026-03-07 11:00:00+00:00,2026-03-08 11:00:00+00:00,2026-03-09 13:00:00+00:00,2026-03-09 13:00:00+00:00,2026-03-09 15:00:00+00:00,2026-03-08 15:30:00 IST,2026-03-07 16:30:00 IST,2026-03-08 16:30:00 IST,2026-03-09 18:30:00 IST,2026-03-09 18:30:00 IST,2026-03-09 20:30:00 IST,1.3727,1.3646,0.0081,0.5927,1.3646,1.3727,1.366625,1.3727,1.358425,0.4445,78.74,78.74,A,1.0,0.0091,0.6669,1.1235,0,1,27,27.0,1,35.0,47.24,0.2808294484301238,40.94,4.458425733919632,351.03681053765473,2.106220863225928,1.8253914147958041,6.2838171487154355,FILLED_TP,TP_HIT,False,2,2.0,1.3498,96.666,1h,Fixed +0.60% TP reached at 1.358425.
353,BTCUSD,SHORT,2026-03-06 07:00:00+00:00,2026-03-05 21:00:00+00:00,2026-03-06 09:00:00+00:00,2026-03-10 09:00:00+00:00,2026-03-10 09:00:00+00:00,2026-03-10 10:00:00+00:00,2026-03-06 12:30:00 IST,2026-03-06 02:30:00 IST,2026-03-06 14:30:00 IST,2026-03-10 14:30:00 IST,2026-03-10 14:30:00 IST,2026-03-10 15:30:00 IST,71538.0,70993.0,545.0,0.7662,70993.0,71538.0,71129.25,71538.0,70702.4745,0.5747,60.91,60.91,A,1.0,728.5,1.0262,1.3367,1,0,98,98.0,1,35.0,36.54,0.3061766269335165,31.67,6.2838171487154355,382.7207836668956,2.2963247020013733,1.9901480750678568,8.273965223783293,FILLED_TP,TP_HIT,False,1,1.0,1.0441,97.7101,1h,Fixed +0.60% TP reached at 70702.474500.
354,SOLUSD,LONG,2026-03-09 22:00:00+00:00,2026-03-09 13:00:00+00:00,2026-03-10 10:00:00+00:00,2026-03-10 14:00:00+00:00,2026-03-10 14:00:00+00:00,2026-03-10 15:00:00+00:00,2026-03-10 03:30:00 IST,2026-03-09 18:30:00 IST,2026-03-10 15:30:00 IST,2026-03-10 19:30:00 IST,2026-03-10 19:30:00 IST,2026-03-10 20:30:00 IST,85.753,83.981,1.772,2.0771,85.753,83.981,85.31,83.981,85.82186,1.5578,22.47,22.47,A,1.0,1.931,2.2518,1.0897,6,3,16,16.0,1,35.0,13.48,0.1487122291252563,11.68,8.273965223783293,185.89028640657037,1.1153417184394223,0.966629489314166,9.240594713097458,FILLED_TP,TP_HIT,False,1,1.0,0.3851,98.0952,1h,Fixed +0.60% TP reached at 85.821860.
355,XRPUSD,LONG,2026-03-10 03:00:00+00:00,2026-03-09 19:00:00+00:00,2026-03-10 08:00:00+00:00,2026-03-11 04:00:00+00:00,2026-03-11 04:00:00+00:00,2026-03-11 05:00:00+00:00,2026-03-10 08:30:00 IST,2026-03-10 00:30:00 IST,2026-03-10 13:30:00 IST,2026-03-11 09:30:00 IST,2026-03-11 09:30:00 IST,2026-03-11 10:30:00 IST,1.3835,1.3557,0.0278,2.0195,1.3835,1.3557,1.37655,1.3557,1.384809,1.5147,23.11,23.11,A,1.0,0.0278,2.0094,1.0,1,2,25,25.0,1,35.0,13.86,0.17082203274091126,12.02,9.240594713097458,213.52754092613907,1.2811652455568345,1.1103432128159232,10.350937925913382,FILLED_TP,TP_HIT,False,1,1.0,0.3961,98.4913,1h,Fixed +0.60% TP reached at 1.384809.
356,BTCUSD,LONG,2026-03-10 03:00:00+00:00,2026-03-09 19:00:00+00:00,2026-03-10 08:00:00+00:00,2026-03-11 11:00:00+00:00,2026-03-11 11:00:00+00:00,2026-03-11 12:00:00+00:00,2026-03-10 08:30:00 IST,2026-03-10 00:30:00 IST,2026-03-10 13:30:00 IST,2026-03-11 16:30:00 IST,2026-03-11 16:30:00 IST,2026-03-11 17:30:00 IST,69499.0,68334.5,1164.5,1.6826,69499.0,68334.5,69207.875,68334.5,69623.12225,1.262,27.73,27.73,A,1.0,1557.5,2.241,1.3375,4,0,32,32.0,1,35.0,16.64,0.22966377222913903,14.42,10.350937925913382,287.0797152864238,1.7224782917185428,1.4928145194894038,11.843752445402785,FILLED_TP,TP_HIT,False,1,1.0,0.4755,98.9668,1h,Fixed +0.60% TP reached at 69623.122250.
357,XRPUSD,LONG,2026-03-09 22:00:00+00:00,2026-03-09 13:00:00+00:00,2026-03-10 02:00:00+00:00,2026-03-12 05:00:00+00:00,2026-03-12 05:00:00+00:00,2026-03-12 07:00:00+00:00,2026-03-10 03:30:00 IST,2026-03-09 18:30:00 IST,2026-03-10 07:30:00 IST,2026-03-12 10:30:00 IST,2026-03-12 10:30:00 IST,2026-03-12 12:30:00 IST,1.3725,1.3536,0.0189,1.3818,1.3725,1.3536,1.367775,1.3536,1.375982,1.0364,33.77,33.77,A,1.0,0.0193,1.4062,1.0212,0,3,55,55.0,1,35.0,20.26,0.3199918716249035,17.56,11.843752445402785,399.98983953112935,2.3999390371867757,2.0799471655618724,13.923699610964658,FILLED_TP,TP_HIT,False,2,2.0,0.579,99.5457,1h,Fixed +0.60% TP reached at 1.375982.
358,BTCUSD,LONG,2026-03-12 02:00:00+00:00,2026-03-11 12:00:00+00:00,2026-03-12 11:00:00+00:00,2026-03-12 14:00:00+00:00,2026-03-12 14:00:00+00:00,2026-03-12 15:00:00+00:00,2026-03-12 07:30:00 IST,2026-03-11 17:30:00 IST,2026-03-12 16:30:00 IST,2026-03-12 19:30:00 IST,2026-03-12 19:30:00 IST,2026-03-12 20:30:00 IST,69751.5,68940.0,811.5,1.1668,69751.5,68940.0,69548.625,68940.0,69965.91675,0.8751,40.0,40.0,A,1.0,1011.5,1.4501,1.2465,2,6,12,12.0,1,35.0,24.0,0.445503825179011,20.8,13.923699610964658,556.8797814737637,3.3412786888425816,2.8957748636635707,16.81947447462823,FILLED_TP,TP_HIT,False,1,1.0,0.6856,100.2314,1h,Fixed +0.60% TP reached at 69965.916750.
359,SOLUSD,SHORT,2026-03-15 02:00:00+00:00,2026-03-14 04:00:00+00:00,2026-03-15 03:00:00+00:00,2026-03-15 05:00:00+00:00,2026-03-15 05:00:00+00:00,2026-03-15 09:00:00+00:00,2026-03-15 07:30:00 IST,2026-03-14 09:30:00 IST,2026-03-15 08:30:00 IST,2026-03-15 10:30:00 IST,2026-03-15 10:30:00 IST,2026-03-15 14:30:00 IST,88.7,88.204,0.496,0.5615,88.204,88.7,88.328,88.7,87.798032,0.4212,83.1,83.1,A,1.0,0.521,0.5907,1.0504,0,1,3,3.0,1,35.0,49.86,1.1182165365338428,-41.65,16.81947447462823,1397.7706706673034,-5.88681606611988,-7.005032602653722,9.814441871974507,FILLED_SL,SL_HIT,False,4,4.0,-1.0,99.2314,1h,Distal SL breached at 88.700000.
360,BTCUSD,LONG,2026-03-17 10:00:00+00:00,2026-03-16 16:00:00+00:00,2026-03-17 15:00:00+00:00,2026-03-18 00:00:00+00:00,2026-03-18 00:00:00+00:00,2026-03-18 01:00:00+00:00,2026-03-17 15:30:00 IST,2026-03-16 21:30:00 IST,2026-03-17 20:30:00 IST,2026-03-18 05:30:00 IST,2026-03-18 05:30:00 IST,2026-03-18 06:30:00 IST,73886.0,73129.0,757.0,1.0272,73886.0,73129.0,73696.75,73129.0,74138.9305,0.7704,45.43,45.43,A,1.0,978.0,1.3237,1.2919,0,5,14,14.0,1,35.0,27.26,0.3567096280545353,23.62,9.814441871974507,445.88703506816915,2.675322210409015,2.3186125823544796,12.133054454328986,FILLED_TP,TP_HIT,False,1,1.0,0.7788,100.0102,1h,Fixed +0.60% TP reached at 74138.930500.
361,SOLUSD,LONG,2026-03-17 04:00:00+00:00,2026-03-16 08:00:00+00:00,2026-03-17 18:00:00+00:00,2026-03-18 10:00:00+00:00,2026-03-18 10:00:00+00:00,2026-03-18 11:00:00+00:00,2026-03-17 09:30:00 IST,2026-03-16 13:30:00 IST,2026-03-17 23:30:00 IST,2026-03-18 15:30:00 IST,2026-03-18 15:30:00 IST,2026-03-18 16:30:00 IST,94.04,92.596,1.444,1.5414,94.04,92.596,93.679,92.596,94.241074,1.1561,30.27,30.27,A,1.0,1.553,1.6514,1.0755,3,8,30,30.0,1,35.0,18.16,0.2938610104372893,-37.42,12.133054454328986,367.3262630466116,-4.246569059015145,-4.540430069452434,7.592624384876553,FILLED_SL,SL_HIT,False,1,1.0,-1.0,99.0102,1h,Distal SL breached at 92.596000.
362,SOLUSD,SHORT,2026-03-19 09:00:00+00:00,2026-03-19 03:00:00+00:00,2026-03-19 12:00:00+00:00,2026-03-20 08:00:00+00:00,2026-03-20 08:00:00+00:00,2026-03-20 09:00:00+00:00,2026-03-19 14:30:00 IST,2026-03-19 08:30:00 IST,2026-03-19 17:30:00 IST,2026-03-20 13:30:00 IST,2026-03-20 13:30:00 IST,2026-03-20 14:30:00 IST,91.4063,89.914,1.4923,1.6528,89.914,91.4063,90.287075,91.4063,89.745353,1.2396,28.23,28.23,A,1.0,1.87,2.0798,1.2531,1,1,23,23.0,1,35.0,16.94,0.1714976320575129,14.68,7.592624384876553,214.37204007189112,1.2862322404313467,1.1147346083738339,8.707358993250386,FILLED_TP,TP_HIT,False,1,1.0,0.484,99.4942,1h,Fixed +0.60% TP reached at 89.745353.
363,ETHUSD,LONG,2026-03-14 06:00:00+00:00,2026-03-12 15:00:00+00:00,2026-03-15 20:00:00+00:00,2026-03-21 23:00:00+00:00,2026-03-21 23:00:00+00:00,2026-03-22 00:00:00+00:00,2026-03-14 11:30:00 IST,2026-03-12 20:30:00 IST,2026-03-16 01:30:00 IST,2026-03-22 04:30:00 IST,2026-03-22 04:30:00 IST,2026-03-22 05:30:00 IST,2081.95,2038.05,43.9,2.1198,2081.95,2038.05,2070.975,2038.05,2083.40085,1.5898,22.01,22.01,A,1.0,56.85,2.7306,1.295,22,7,185,185.0,1,35.0,13.21,0.1533534512222654,11.45,8.707358993250386,191.69181402783175,1.1501508841669905,0.9967974329447251,9.70415642619511,FILLED_TP,TP_HIT,False,1,1.0,0.3774,99.8716,1h,Fixed +0.60% TP reached at 2083.400850.
364,SOLUSD,LONG,2026-03-12 02:00:00+00:00,2026-03-11 12:00:00+00:00,2026-03-12 10:00:00+00:00,2026-03-22 21:00:00+00:00,2026-03-22 21:00:00+00:00,2026-03-22 22:00:00+00:00,2026-03-12 07:30:00 IST,2026-03-11 17:30:00 IST,2026-03-12 15:30:00 IST,2026-03-23 02:30:00 IST,2026-03-23 02:30:00 IST,2026-03-23 03:30:00 IST,85.685,84.352,1.333,1.5618,85.685,84.352,85.35175,84.352,85.863861,1.1713,29.88,29.88,A,1.0,1.3765,1.6065,1.0326,1,5,259,259.0,1,35.0,17.93,0.23197267847947817,15.54,9.70415642619511,289.9658480993477,1.7397950885960858,1.5078224101166076,11.211978836311719,FILLED_TP,TP_HIT,False,1,1.0,0.5122,100.3839,1h,Fixed +0.60% TP reached at 85.863861.
365,SOLUSD,LONG,2026-03-28 12:00:00+00:00,2026-03-28 01:00:00+00:00,2026-03-28 13:00:00+00:00,2026-03-28 21:00:00+00:00,2026-03-28 21:00:00+00:00,2026-03-28 23:00:00+00:00,2026-03-28 17:30:00 IST,2026-03-28 06:30:00 IST,2026-03-28 18:30:00 IST,2026-03-29 02:30:00 IST,2026-03-29 02:30:00 IST,2026-03-29 04:30:00 IST,82.852,82.231,0.621,0.7509,82.852,82.231,82.69675,82.231,83.192931,0.5632,62.14,62.14,A,1.0,1.281,1.5461,2.0628,0,1,9,9.0,1,35.0,37.29,0.5574114418312084,-39.97,11.211978836311719,696.7643022890104,-3.9241925927091015,-4.48160403454031,6.730374801771409,FILLED_SL,SL_HIT,False,2,2.0,-1.0,99.3839,1h,Distal SL breached at 82.231000.
366,BTCUSD,LONG,2026-03-28 10:00:00+00:00,2026-03-28 02:00:00+00:00,2026-03-28 13:00:00+00:00,2026-03-29 17:00:00+00:00,2026-03-29 17:00:00+00:00,2026-03-29 20:00:00+00:00,2026-03-28 15:30:00 IST,2026-03-28 07:30:00 IST,2026-03-28 18:30:00 IST,2026-03-29 22:30:00 IST,2026-03-29 22:30:00 IST,2026-03-30 01:30:00 IST,66221.0,65900.0,321.0,0.4853,66221.0,65900.0,66140.75,65900.0,66537.5945,0.364,96.15,96.15,A,1.0,909.5,1.3734,2.8333,1,0,31,31.0,1,35.0,57.69,0.5177261491492147,50.0,6.730374801771409,647.1576864365184,3.88294611861911,3.365219969469895,10.095594771241304,FILLED_TP,TP_HIT,False,3,3.0,1.6484,101.0322,1h,Fixed +0.60% TP reached at 66537.594500.
367,SOLUSD,LONG,2026-04-01 09:00:00+00:00,2026-03-31 17:00:00+00:00,2026-04-01 16:00:00+00:00,2026-04-01 20:00:00+00:00,2026-04-01 20:00:00+00:00,2026-04-01 21:00:00+00:00,2026-04-01 14:30:00 IST,2026-03-31 22:30:00 IST,2026-04-01 21:30:00 IST,2026-04-02 01:30:00 IST,2026-04-02 01:30:00 IST,2026-04-02 02:30:00 IST,83.482,82.181,1.301,1.5645,83.482,82.181,83.15675,82.181,83.655691,1.1734,29.83,29.83,A,1.0,1.822,2.1825,1.4005,0,7,11,11.0,1,35.0,17.9,0.24090670575265846,-37.39,10.095594771241304,301.13338219082306,-3.5334581699344563,-3.7743648756871147,6.32122989555419,FILLED_SL,SL_HIT,False,1,1.0,-1.0,100.0322,1h,Distal SL breached at 82.181000.
368,ETHUSD,LONG,2026-04-03 22:00:00+00:00,2026-04-03 17:00:00+00:00,2026-04-04 19:00:00+00:00,2026-04-05 05:00:00+00:00,2026-04-05 05:00:00+00:00,2026-04-05 06:00:00+00:00,2026-04-04 03:30:00 IST,2026-04-03 22:30:00 IST,2026-04-05 00:30:00 IST,2026-04-05 10:30:00 IST,2026-04-05 10:30:00 IST,2026-04-05 11:30:00 IST,2054.95,2043.0,11.95,0.5824,2054.95,2043.0,2051.9625,2043.0,2064.274275,0.4368,80.13,80.13,A,1.0,28.65,1.3942,2.3975,0,16,31,31.0,1,35.0,48.08,0.40522839340316413,-41.41,6.32122989555419,506.53549175395517,-2.212430463443966,-2.61765885684713,3.7035710387070595,FILLED_SL,SL_HIT,False,1,1.0,-1.0,99.0322,1h,Distal SL breached at 2043.000000.
369,ETHUSD,LONG,2026-04-02 11:00:00+00:00,2026-03-31 09:00:00+00:00,2026-04-02 16:00:00+00:00,2026-04-05 07:00:00+00:00,2026-04-05 07:00:00+00:00,2026-04-05 10:00:00+00:00,2026-04-02 16:30:00 IST,2026-03-31 14:30:00 IST,2026-04-02 21:30:00 IST,2026-04-05 12:30:00 IST,2026-04-05 12:30:00 IST,2026-04-05 15:30:00 IST,2043.5,2011.6,31.9,1.5672,2043.5,2011.6,2035.525,2011.6,2047.73815,1.1754,29.78,29.78,A,1.0,32.75,1.6026,1.0266,2,3,68,68.0,1,35.0,17.87,0.08822734389960112,15.48,3.7035710387070595,110.28417987450139,0.6617050792470083,0.5734777353474072,4.2770487740544665,FILLED_TP,TP_HIT,False,3,3.0,0.5105,99.5427,1h,Fixed +0.60% TP reached at 2047.738150.
370,BTCUSD,SHORT,2026-04-01 11:00:00+00:00,2026-03-26 20:00:00+00:00,2026-04-02 01:00:00+00:00,2026-04-05 23:00:00+00:00,2026-04-05 23:00:00+00:00,2026-04-06 00:00:00+00:00,2026-04-01 16:30:00 IST,2026-03-27 01:30:00 IST,2026-04-02 06:30:00 IST,2026-04-06 04:30:00 IST,2026-04-06 04:30:00 IST,2026-04-06 05:30:00 IST,69462.0,68408.0,1054.0,1.5348,68408.0,69462.0,68671.5,69462.0,68259.471,1.1511,30.4,30.4,A,1.0,1401.5,2.0487,1.3297,5,4,108,108.0,1,35.0,18.24,0.1040343825028397,-37.43,4.2770487740544665,130.0429781285496,-1.4969670709190632,-1.6010014534219028,2.6760473206325637,FILLED_SL,SL_HIT,False,1,1.0,-1.0,98.5427,1h,Distal SL breached at 69462.000000.
371,BTCUSD,LONG,2026-04-06 12:00:00+00:00,2026-04-06 02:00:00+00:00,2026-04-06 16:00:00+00:00,2026-04-06 22:00:00+00:00,2026-04-06 22:00:00+00:00,2026-04-06 23:00:00+00:00,2026-04-06 17:30:00 IST,2026-04-06 07:30:00 IST,2026-04-06 21:30:00 IST,2026-04-07 03:30:00 IST,2026-04-07 03:30:00 IST,2026-04-07 04:30:00 IST,69393.5,68746.5,647.0,0.9345,69393.5,68746.5,69231.75,68746.5,69647.1405,0.7009,49.94,49.94,A,1.0,928.0,1.3373,1.4343,2,2,10,10.0,1,35.0,29.96,0.10690341668265219,-38.99,2.6760473206325637,133.62927085331523,-0.9366165622213972,-1.0435199789040495,1.6325273417285142,FILLED_SL,SL_HIT,False,1,1.0,-1.0,97.5427,1h,Distal SL breached at 68746.500000.
372,XRPUSD,SHORT,2026-04-07 09:00:00+00:00,2026-04-07 00:00:00+00:00,2026-04-07 10:00:00+00:00,2026-04-07 20:00:00+00:00,2026-04-07 20:00:00+00:00,2026-04-07 21:00:00+00:00,2026-04-07 14:30:00 IST,2026-04-07 05:30:00 IST,2026-04-07 15:30:00 IST,2026-04-08 01:30:00 IST,2026-04-08 01:30:00 IST,2026-04-08 02:30:00 IST,1.3253,1.3193,0.006,0.4543,1.3193,1.3253,1.3208,1.3253,1.312875,0.3407,102.73,100.0,A,1.0,0.014,1.0612,2.3333,0,1,11,11.0,1,34.07,60.0,0.13060218733828116,-42.07,1.6325273417285142,163.25273417285143,-0.55620631721519,-0.6868085045534711,0.9457188371750431,FILLED_SL,SL_HIT,False,1,1.0,-1.0,96.5427,1h,Distal SL breached at 1.325300.
373,SOLUSD,SHORT,2026-04-08 17:00:00+00:00,2026-04-08 13:00:00+00:00,2026-04-08 18:00:00+00:00,2026-04-09 16:00:00+00:00,2026-04-09 16:00:00+00:00,2026-04-09 17:00:00+00:00,2026-04-08 22:30:00 IST,2026-04-08 18:30:00 IST,2026-04-08 23:30:00 IST,2026-04-09 21:30:00 IST,2026-04-09 21:30:00 IST,2026-04-09 22:30:00 IST,84.992,83.911,1.081,1.2841,83.911,84.992,84.18125,84.992,83.676163,0.9631,36.34,36.34,A,1.0,1.1,1.3109,1.0176,0,0,23,23.0,1,35.0,21.8,0.027494668247109076,18.9,0.9457188371750431,34.368335308886344,0.20621001185331805,0.17871534360620897,1.1244341807812521,FILLED_TP,TP_HIT,False,1,1.0,0.623,97.1657,1h,Fixed +0.60% TP reached at 83.676163.
374,ETHUSD,SHORT,2026-04-11 02:00:00+00:00,2026-04-08 09:00:00+00:00,2026-04-11 05:00:00+00:00,2026-04-11 15:00:00+00:00,2026-04-11 15:00:00+00:00,2026-04-11 16:00:00+00:00,2026-04-11 07:30:00 IST,2026-04-08 14:30:00 IST,2026-04-11 10:30:00 IST,2026-04-11 20:30:00 IST,2026-04-11 20:30:00 IST,2026-04-11 21:30:00 IST,2262.9,2245.7,17.2,0.7644,2245.7,2262.9,2250.0,2262.9,2236.5,0.5733,61.05,61.05,A,1.0,18.1,0.806,1.0523,2,0,13,13.0,1,35.0,36.63,0.05491422743350263,-39.88,1.1244341807812521,68.64278429187829,-0.3935519632734382,-0.4484661907069408,0.6759679900743113,FILLED_SL,SL_HIT,False,1,1.0,-1.0,96.1657,1h,Distal SL breached at 2262.900000.
375,BTCUSD,SHORT,2026-04-16 12:00:00+00:00,2026-04-16 02:00:00+00:00,2026-04-16 13:00:00+00:00,2026-04-16 15:00:00+00:00,2026-04-16 15:00:00+00:00,2026-04-16 16:00:00+00:00,2026-04-16 17:30:00 IST,2026-04-16 07:30:00 IST,2026-04-16 18:30:00 IST,2026-04-16 20:30:00 IST,2026-04-16 20:30:00 IST,2026-04-16 21:30:00 IST,75240.0,74563.5,676.5,0.9052,74563.5,75240.0,74732.625,75240.0,74284.22925,0.6789,51.55,51.55,A,1.0,1299.0,1.7421,1.9202,0,1,3,3.0,1,35.0,30.93,0.02787823887259645,26.81,0.6759679900743113,34.84779859074556,0.20908679154447335,0.1812085526718769,0.8571765427461882,FILLED_TP,TP_HIT,False,1,1.0,0.8838,97.0494,1h,Fixed +0.60% TP reached at 74284.229250.
376,ETHUSD,SHORT,2026-04-20 18:00:00+00:00,2026-04-19 13:00:00+00:00,2026-04-20 23:00:00+00:00,2026-04-21 08:00:00+00:00,2026-04-21 08:00:00+00:00,2026-04-21 09:00:00+00:00,2026-04-20 23:30:00 IST,2026-04-19 18:30:00 IST,2026-04-21 04:30:00 IST,2026-04-21 13:30:00 IST,2026-04-21 13:30:00 IST,2026-04-21 14:30:00 IST,2348.9,2328.7,20.2,0.8656,2328.7,2348.9,2333.75,2348.9,2319.7475,0.6492,53.92,53.92,A,1.0,22.6,0.9705,1.1188,2,3,14,14.0,1,35.0,32.35,0.03697174995759032,28.04,0.8571765427461882,46.214687446987895,0.2772881246819273,0.240316374724337,1.0974929174705252,FILLED_TP,TP_HIT,False,1,1.0,0.9243,97.9737,1h,Fixed +0.60% TP reached at 2319.747500.
377,SOLUSD,SHORT,2026-04-20 18:00:00+00:00,2026-04-19 14:00:00+00:00,2026-04-21 17:00:00+00:00,2026-04-22 00:00:00+00:00,2026-04-22 00:00:00+00:00,2026-04-22 02:00:00+00:00,2026-04-20 23:30:00 IST,2026-04-19 19:30:00 IST,2026-04-21 22:30:00 IST,2026-04-22 05:30:00 IST,2026-04-22 05:30:00 IST,2026-04-22 07:30:00 IST,87.104,85.962,1.142,1.3241,85.962,87.104,86.2475,87.104,85.730015,0.9931,35.24,35.24,A,1.0,1.22,1.4192,1.0683,11,5,30,30.0,1,35.0,21.15,0.03094417479494577,-37.82,1.0974929174705252,38.68021849368221,-0.3841225211146838,-0.4150666959096296,0.6824262215608956,FILLED_SL,SL_HIT,False,2,2.0,-1.0,96.9737,1h,Distal SL breached at 87.104000.
378,ETHUSD,LONG,2026-04-22 16:00:00+00:00,2026-04-22 08:00:00+00:00,2026-04-22 19:00:00+00:00,2026-04-22 20:00:00+00:00,2026-04-22 20:00:00+00:00,2026-04-22 21:00:00+00:00,2026-04-22 21:30:00 IST,2026-04-22 13:30:00 IST,2026-04-23 00:30:00 IST,2026-04-23 01:30:00 IST,2026-04-23 01:30:00 IST,2026-04-23 02:30:00 IST,2393.0,2381.9,11.1,0.4644,2393.0,2381.9,2390.225,2381.9,2404.56635,0.3483,100.49,100.0,A,1.0,13.6,0.5683,1.2252,1,2,4,4.0,1,34.83,60.0,0.05459409772487166,52.0,0.6824262215608956,68.24262215608957,0.40945573293653736,0.3548616352116657,1.0372878567725614,FILLED_TP,TP_HIT,False,1,1.0,1.7227,98.6964,1h,Fixed +0.60% TP reached at 2404.566350.
379,XRPUSD,LONG,2026-04-21 19:00:00+00:00,2026-04-20 08:00:00+00:00,2026-04-21 20:00:00+00:00,2026-04-23 02:00:00+00:00,2026-04-23 02:00:00+00:00,2026-04-23 06:00:00+00:00,2026-04-22 00:30:00 IST,2026-04-20 13:30:00 IST,2026-04-22 01:30:00 IST,2026-04-23 07:30:00 IST,2026-04-23 07:30:00 IST,2026-04-23 11:30:00 IST,1.417,1.407,0.01,0.707,1.417,1.407,1.4145,1.407,1.422987,0.5302,66.01,66.01,A,1.0,0.0113,0.7975,1.13,0,1,31,31.0,1,35.0,39.61,0.054777097140444986,34.33,1.0372878567725614,68.47137142555623,0.4108282285533373,0.3560511314128923,1.3933389881854537,FILLED_TP,TP_HIT,False,4,4.0,1.1316,99.828,1h,Fixed +0.60% TP reached at 1.422987.
380,ETHUSD,SHORT,2026-04-25 22:00:00+00:00,2026-04-25 09:00:00+00:00,2026-04-26 03:00:00+00:00,2026-04-26 04:00:00+00:00,2026-04-26 04:00:00+00:00,2026-04-26 05:00:00+00:00,2026-04-26 03:30:00 IST,2026-04-25 14:30:00 IST,2026-04-26 08:30:00 IST,2026-04-26 09:30:00 IST,2026-04-26 09:30:00 IST,2026-04-26 10:30:00 IST,2322.35,2315.75,6.6,0.2848,2315.75,2322.35,2317.4,2322.35,2303.4956,0.2136,163.86,100.0,A,1.0,10.8,0.4664,1.6364,1,3,6,6.0,1,21.36,60.0,0.1114671190548363,-29.36,1.3933389881854537,139.33389881854538,-0.2976192280796471,-0.4090863471344834,0.9842526410509702,FILLED_SL,SL_HIT,False,1,1.0,-1.0,98.828,1h,Distal SL breached at 2322.350000.
381,XRPUSD,LONG,2026-04-26 13:00:00+00:00,2026-04-26 03:00:00+00:00,2026-04-26 19:00:00+00:00,2026-04-26 21:00:00+00:00,2026-04-26 21:00:00+00:00,2026-04-26 22:00:00+00:00,2026-04-26 18:30:00 IST,2026-04-26 08:30:00 IST,2026-04-27 00:30:00 IST,2026-04-27 02:30:00 IST,2026-04-27 02:30:00 IST,2026-04-27 03:30:00 IST,1.4236,1.4172,0.0064,0.4501,1.4236,1.4172,1.422,1.4172,1.430532,0.3376,103.69,100.0,A,1.0,0.012,0.8429,1.875,3,1,8,8.0,1,33.76,60.0,0.07874021128407763,52.0,0.9842526410509702,98.42526410509703,0.5905515846305821,0.5118113733465045,1.4960640143974748,FILLED_TP,TP_HIT,False,1,1.0,1.7775,100.6055,1h,Fixed +0.60% TP reached at 1.430532.
382,SOLUSD,LONG,2026-04-23 08:00:00+00:00,2026-04-21 19:00:00+00:00,2026-04-26 19:00:00+00:00,2026-04-27 07:00:00+00:00,2026-04-27 07:00:00+00:00,2026-04-27 15:00:00+00:00,2026-04-23 13:30:00 IST,2026-04-22 00:30:00 IST,2026-04-27 00:30:00 IST,2026-04-27 12:30:00 IST,2026-04-27 12:30:00 IST,2026-04-27 20:30:00 IST,85.722,84.31,1.412,1.654,85.722,84.31,85.369,84.31,85.881214,1.2405,28.21,28.21,A,1.0,1.472,1.7172,1.0425,56,13,95,95.0,1,35.0,16.93,0.03376855229143299,-37.26,1.4960640143974748,42.21069036429123,-0.5236224050391162,-0.5573909573305491,0.9386730570669257,FILLED_SL,SL_HIT,False,8,8.0,-1.0,99.6055,1h,Distal SL breached at 84.310000.
383,ETHUSD,LONG,2026-05-02 17:00:00+00:00,2026-05-02 02:00:00+00:00,2026-05-02 21:00:00+00:00,2026-05-03 01:00:00+00:00,2026-05-03 01:00:00+00:00,2026-05-03 09:00:00+00:00,2026-05-02 22:30:00 IST,2026-05-02 07:30:00 IST,2026-05-03 02:30:00 IST,2026-05-03 06:30:00 IST,2026-05-03 06:30:00 IST,2026-05-03 14:30:00 IST,2307.2,2293.95,13.25,0.5751,2307.2,2293.95,2303.8875,2293.95,2317.710825,0.4313,81.14,81.14,A,1.0,34.8,1.5083,2.6264,3,1,8,8.0,1,35.0,48.69,0.06093355415081434,42.19,0.9386730570669257,76.16694268851792,0.4570016561311075,0.39606810198029313,1.334741159047219,FILLED_TP,TP_HIT,False,8,8.0,1.391,100.9965,1h,Fixed +0.60% TP reached at 2317.710825.
384,SOLUSD,LONG,2026-05-07 14:00:00+00:00,2026-05-07 03:00:00+00:00,2026-05-07 16:00:00+00:00,2026-05-07 17:00:00+00:00,2026-05-07 17:00:00+00:00,2026-05-07 18:00:00+00:00,2026-05-07 19:30:00 IST,2026-05-07 08:30:00 IST,2026-05-07 21:30:00 IST,2026-05-07 22:30:00 IST,2026-05-07 22:30:00 IST,2026-05-07 23:30:00 IST,88.155,87.623,0.532,0.6044,88.155,87.623,88.022,87.623,88.550132,0.4533,77.21,77.21,A,1.0,0.64,0.726,1.203,0,1,3,3.0,1,35.0,46.33,0.08244672722923092,40.15,1.334741159047219,103.05840903653865,0.6183504542192318,0.5359037269900009,1.8706448860372198,FILLED_TP,TP_HIT,False,1,1.0,1.3236,102.3201,1h,Fixed +0.60% TP reached at 88.550132.
385,ETHUSD,SHORT,2026-05-08 11:00:00+00:00,2026-05-07 18:00:00+00:00,2026-05-08 13:00:00+00:00,2026-05-08 15:00:00+00:00,2026-05-08 15:00:00+00:00,2026-05-08 17:00:00+00:00,2026-05-08 16:30:00 IST,2026-05-07 23:30:00 IST,2026-05-08 18:30:00 IST,2026-05-08 20:30:00 IST,2026-05-08 20:30:00 IST,2026-05-08 22:30:00 IST,2303.5,2290.0,13.5,0.5887,2290.0,2303.5,2293.375,2303.5,2279.61475,0.4415,79.28,79.28,A,1.0,21.75,0.9498,1.6111,1,1,4,4.0,1,35.0,47.57,0.11863953188586375,-41.34,1.8706448860372198,148.29941485732968,-0.6547257101130269,-0.7733652419988907,1.0972796440383292,FILLED_SL,SL_HIT,False,2,2.0,-1.0,101.3201,1h,Distal SL breached at 2303.500000.
386,SOLUSD,LONG,2026-05-14 11:00:00+00:00,2026-05-14 03:00:00+00:00,2026-05-14 14:00:00+00:00,2026-05-15 05:00:00+00:00,2026-05-15 05:00:00+00:00,2026-05-15 07:00:00+00:00,2026-05-14 16:30:00 IST,2026-05-14 08:30:00 IST,2026-05-14 19:30:00 IST,2026-05-15 10:30:00 IST,2026-05-15 10:30:00 IST,2026-05-15 12:30:00 IST,90.786,89.8165,0.9695,1.0708,90.786,89.8165,90.543625,89.8165,91.086887,0.8031,43.58,43.58,A,1.0,1.531,1.6864,1.5792,0,1,18,18.0,1,35.0,26.15,0.03825816668493472,22.66,1.0972796440383292,47.8227083561684,0.28693625013701035,0.24867808345207562,1.3459577274904049,FILLED_TP,TP_HIT,False,2,2.0,0.7471,102.0673,1h,Fixed +0.60% TP reached at 91.086887.
387,XRPUSD,LONG,2026-05-15 15:00:00+00:00,2026-05-14 09:00:00+00:00,2026-05-15 16:00:00+00:00,2026-05-15 19:00:00+00:00,2026-05-15 19:00:00+00:00,2026-05-16 04:00:00+00:00,2026-05-15 20:30:00 IST,2026-05-14 14:30:00 IST,2026-05-15 21:30:00 IST,2026-05-16 00:30:00 IST,2026-05-16 00:30:00 IST,2026-05-16 09:30:00 IST,1.4354,1.4265,0.0089,0.621,1.4354,1.4265,1.433175,1.4265,1.441774,0.4657,75.15,75.15,A,1.0,0.0115,0.8012,1.2921,0,0,4,4.0,1,35.0,45.09,0.08091655887743793,-41.01,1.3459577274904049,101.1456985967974,-0.47108520462164166,-0.5520017634990796,0.7939559639913253,FILLED_SL,SL_HIT,False,9,9.0,-1.0,101.0673,1h,Distal SL breached at 1.426500.
388,BTCUSD,LONG,2026-05-03 01:00:00+00:00,2026-05-02 05:00:00+00:00,2026-05-03 07:00:00+00:00,2026-05-16 07:00:00+00:00,2026-05-16 07:00:00+00:00,2026-05-16 09:00:00+00:00,2026-05-03 06:30:00 IST,2026-05-02 10:30:00 IST,2026-05-03 12:30:00 IST,2026-05-16 12:30:00 IST,2026-05-16 12:30:00 IST,2026-05-16 14:30:00 IST,78200.5,77991.0,209.5,0.2681,78200.5,77991.0,78148.125,77991.0,78617.01375,0.2011,174.08,100.0,A,1.0,213.0,0.2724,1.0167,1,5,318,318.0,1,20.11,60.0,0.06351647711930603,-28.11,0.7939559639913253,79.39559639913253,-0.15963317205900587,-0.2231496491783119,0.5708063148130134,FILLED_SL,SL_HIT,False,2,2.0,-1.0,100.0673,1h,Distal SL breached at 77991.000000.
389,ETHUSD,SHORT,2026-05-18 21:00:00+00:00,2026-05-18 12:00:00+00:00,2026-05-19 10:00:00+00:00,2026-05-20 12:00:00+00:00,2026-05-20 12:00:00+00:00,2026-05-20 13:00:00+00:00,2026-05-19 02:30:00 IST,2026-05-18 17:30:00 IST,2026-05-19 15:30:00 IST,2026-05-20 17:30:00 IST,2026-05-20 17:30:00 IST,2026-05-20 18:30:00 IST,2156.5,2133.1,23.4,1.094,2133.1,2156.5,2138.95,2156.5,2126.1163,0.8205,42.66,42.66,A,1.0,27.4,1.2845,1.1709,1,5,39,39.0,1,35.0,25.59,0.019479163919054073,22.18,0.5708063148130134,24.348954898817592,0.14609372939290555,0.12661456547385147,0.6974208802868649,FILLED_TP,TP_HIT,False,1,1.0,0.7313,100.7985,1h,Fixed +0.60% TP reached at 2126.116300.
390,XRPUSD,SHORT,2026-05-21 03:00:00+00:00,2026-05-19 07:00:00+00:00,2026-05-21 05:00:00+00:00,2026-05-21 08:00:00+00:00,2026-05-21 08:00:00+00:00,2026-05-21 09:00:00+00:00,2026-05-21 08:30:00 IST,2026-05-19 12:30:00 IST,2026-05-21 10:30:00 IST,2026-05-21 13:30:00 IST,2026-05-21 13:30:00 IST,2026-05-21 14:30:00 IST,1.3898,1.3834,0.0064,0.4621,1.3834,1.3898,1.385,1.3898,1.37669,0.3466,100.99,100.0,A,1.0,0.011,0.7951,1.7187,0,1,5,5.0,1,34.66,60.0,0.055793670422949186,52.0,0.6974208802868649,69.74208802868648,0.4184525281721189,0.3626588577491697,1.0600797380360345,FILLED_TP,TP_HIT,False,1,1.0,1.7313,102.5298,1h,Fixed +0.60% TP reached at 1.376690.
391,ETHUSD,LONG,2026-05-21 11:00:00+00:00,2026-05-19 22:00:00+00:00,2026-05-21 15:00:00+00:00,2026-05-22 14:00:00+00:00,2026-05-22 14:00:00+00:00,2026-05-22 15:00:00+00:00,2026-05-21 16:30:00 IST,2026-05-20 03:30:00 IST,2026-05-21 20:30:00 IST,2026-05-22 19:30:00 IST,2026-05-22 19:30:00 IST,2026-05-22 20:30:00 IST,2115.55,2101.35,14.2,0.6723,2115.55,2101.35,2112.0,2101.35,2124.672,0.5043,69.41,69.41,A,1.0,21.75,1.0281,1.5317,1,3,27,27.0,1,35.0,41.65,0.058862793792017275,36.09,1.0600797380360345,73.57849224002159,0.44147095344012954,0.3826081596481123,1.4426878976841468,FILLED_TP,TP_HIT,False,1,1.0,1.1899,103.7197,1h,Fixed +0.60% TP reached at 2124.672000.
392,ETHUSD,SHORT,2026-05-21 17:00:00+00:00,2026-05-21 01:00:00+00:00,2026-05-22 08:00:00+00:00,2026-05-23 20:00:00+00:00,2026-05-23 20:00:00+00:00,2026-05-23 21:00:00+00:00,2026-05-21 22:30:00 IST,2026-05-21 06:30:00 IST,2026-05-22 13:30:00 IST,2026-05-24 01:30:00 IST,2026-05-24 01:30:00 IST,2026-05-24 02:30:00 IST,2156.65,2138.1,18.55,0.8657,2138.1,2156.65,2142.7375,2156.65,2129.881075,0.6493,53.91,53.91,A,1.0,19.45,0.9097,1.0485,8,2,51,51.0,1,35.0,32.34,0.062214872134118346,28.03,1.4426878976841468,77.76859016764793,0.46661154100588753,0.40439666887176917,1.8470845665559161,FILLED_TP,TP_HIT,False,1,1.0,0.9241,104.6438,1h,Fixed +0.60% TP reached at 2129.881075.
393,ETHUSD,SHORT,2026-05-24 06:00:00+00:00,2026-05-21 17:00:00+00:00,2026-05-24 14:00:00+00:00,2026-05-25 15:00:00+00:00,2026-05-25 15:00:00+00:00,2026-05-25 19:00:00+00:00,2026-05-24 11:30:00 IST,2026-05-21 22:30:00 IST,2026-05-24 19:30:00 IST,2026-05-25 20:30:00 IST,2026-05-25 20:30:00 IST,2026-05-26 00:30:00 IST,2152.85,2124.8,28.05,1.3158,2124.8,2152.85,2131.8125,2152.85,2119.021625,0.9868,35.47,35.47,A,1.0,46.75,2.2002,1.6667,4,0,33,33.0,1,35.0,21.28,0.052408253400426874,18.44,1.8470845665559161,65.51031675053359,0.39306190050320144,0.34065364710277457,2.1877382136586907,FILLED_TP,TP_HIT,False,4,4.0,0.608,105.2518,1h,Fixed +0.60% TP reached at 2119.021625.
394,BTCUSD,LONG,2026-05-26 01:00:00+00:00,2026-05-24 21:00:00+00:00,2026-05-26 10:00:00+00:00,2026-05-26 15:00:00+00:00,2026-05-26 15:00:00+00:00,2026-05-26 17:00:00+00:00,2026-05-26 06:30:00 IST,2026-05-25 02:30:00 IST,2026-05-26 15:30:00 IST,2026-05-26 20:30:00 IST,2026-05-26 20:30:00 IST,2026-05-26 22:30:00 IST,76721.0,76060.0,661.0,0.8634,76721.0,76060.0,76555.75,76060.0,77015.0845,0.6476,54.05,54.05,A,1.0,880.0,1.147,1.3313,1,3,14,14.0,1,35.0,32.43,0.09459506430677633,-39.32,2.1877382136586907,118.24383038347041,-0.7657083747805417,-0.860303439087318,1.3274347745713726,FILLED_SL,SL_HIT,False,2,2.0,-1.0,104.2518,1h,Distal SL breached at 76060.000000.
395,SOLUSD,LONG,2026-05-27 13:00:00+00:00,2026-05-27 04:00:00+00:00,2026-05-27 15:00:00+00:00,2026-05-27 17:00:00+00:00,2026-05-27 17:00:00+00:00,2026-05-27 18:00:00+00:00,2026-05-27 18:30:00 IST,2026-05-27 09:30:00 IST,2026-05-27 20:30:00 IST,2026-05-27 22:30:00 IST,2026-05-27 22:30:00 IST,2026-05-27 23:30:00 IST,83.672,82.819,0.853,1.0221,83.672,82.819,83.45875,82.819,83.959502,0.7665,45.66,45.66,A,1.0,1.178,1.4079,1.381,1,1,4,4.0,1,35.0,27.4,0.04848783612009811,23.74,1.3274347745713726,60.609795150122636,0.36365877090073584,0.31517093478063773,1.6426057093520103,FILLED_TP,TP_HIT,False,1,1.0,0.7827,105.0345,1h,Fixed +0.60% TP reached at 83.959502.
396,XRPUSD,SHORT,2026-05-27 19:00:00+00:00,2026-05-27 15:00:00+00:00,2026-05-27 21:00:00+00:00,2026-05-28 18:00:00+00:00,2026-05-28 18:00:00+00:00,2026-05-28 19:00:00+00:00,2026-05-28 00:30:00 IST,2026-05-27 20:30:00 IST,2026-05-28 02:30:00 IST,2026-05-28 23:30:00 IST,2026-05-28 23:30:00 IST,2026-05-29 00:30:00 IST,1.3438,1.3304,0.0134,1.0047,1.3304,1.3438,1.33375,1.3438,1.325748,0.7535,46.45,46.45,A,1.0,0.0189,1.4206,1.4104,0,1,23,23.0,1,35.0,27.87,0.06103792061268671,24.15,1.6426057093520103,76.29740076585838,0.4577844045951503,0.3967464839824636,2.039352193334474,FILLED_TP,TP_HIT,False,1,1.0,0.7963,105.8308,1h,Fixed +0.60% TP reached at 1.325748.
397,SOLUSD,LONG,2026-05-31 16:00:00+00:00,2026-05-29 14:00:00+00:00,2026-05-31 23:00:00+00:00,2026-06-01 06:00:00+00:00,2026-06-01 06:00:00+00:00,2026-06-01 12:00:00+00:00,2026-05-31 21:30:00 IST,2026-05-29 19:30:00 IST,2026-06-01 04:30:00 IST,2026-06-01 11:30:00 IST,2026-06-01 11:30:00 IST,2026-06-01 17:30:00 IST,81.592,80.35,1.242,1.528,81.592,80.35,81.2815,80.35,81.769189,1.146,30.54,30.54,A,1.0,1.34,1.6423,1.0789,5,0,14,14.0,1,35.0,18.32,0.04982635478765915,-37.44,2.039352193334474,62.282943484573934,-0.7137732676670658,-0.763599622454725,1.2757525708797488,FILLED_SL,SL_HIT,False,6,6.0,-1.0,104.8308,1h,Distal SL breached at 80.350000.
398,ETHUSD,SHORT,2026-06-01 19:00:00+00:00,2026-05-31 23:00:00+00:00,2026-06-02 02:00:00+00:00,2026-06-02 04:00:00+00:00,2026-06-02 04:00:00+00:00,2026-06-02 05:00:00+00:00,2026-06-02 00:30:00 IST,2026-06-01 04:30:00 IST,2026-06-02 07:30:00 IST,2026-06-02 09:30:00 IST,2026-06-02 09:30:00 IST,2026-06-02 10:30:00 IST,2022.45,1999.05,23.4,1.1671,1999.05,2022.45,2004.9,2022.45,1992.8706,0.8754,39.98,39.98,A,1.0,37.6,1.8809,1.6068,2,5,9,9.0,1,35.0,23.99,0.04080750838859876,20.79,1.2757525708797488,51.009385485748446,0.3060563129144907,0.26524880452589195,1.5410013754056409,FILLED_TP,TP_HIT,False,1,1.0,0.6854,105.5162,1h,Fixed +0.60% TP reached at 1992.870600.
399,ETHUSD,LONG,2026-06-10 10:00:00+00:00,2026-06-07 19:00:00+00:00,2026-06-10 13:00:00+00:00,2026-06-10 17:00:00+00:00,2026-06-10 17:00:00+00:00,2026-06-10 18:00:00+00:00,2026-06-10 15:30:00 IST,2026-06-08 00:30:00 IST,2026-06-10 18:30:00 IST,2026-06-10 22:30:00 IST,2026-06-10 22:30:00 IST,2026-06-10 23:30:00 IST,1629.55,1602.25,27.3,1.6824,1629.55,1602.25,1622.725,1602.25,1632.46135,1.2618,27.74,27.74,A,1.0,37.55,2.3043,1.3755,1,2,7,7.0,1,35.0,16.64,0.03419653274400177,14.42,1.5410013754056409,42.74566593000221,0.25647399558001327,0.2222774628360115,1.7632788382416524,FILLED_TP,TP_HIT,False,1,1.0,0.4755,105.9917,1h,Fixed +0.60% TP reached at 1632.461350.
400,ETHUSD,SHORT,2026-06-09 05:00:00+00:00,2026-06-08 23:00:00+00:00,2026-06-09 14:00:00+00:00,2026-06-11 17:00:00+00:00,2026-06-11 17:00:00+00:00,2026-06-11 18:00:00+00:00,2026-06-09 10:30:00 IST,2026-06-09 04:30:00 IST,2026-06-09 19:30:00 IST,2026-06-11 22:30:00 IST,2026-06-11 22:30:00 IST,2026-06-11 23:30:00 IST,1714.0,1685.95,28.05,1.6569,1685.95,1714.0,1692.9625,1714.0,1682.804725,1.2426,28.17,28.17,A,1.0,53.15,3.1525,1.8948,7,1,60,60.0,1,35.0,16.9,0.039731250673904935,14.65,1.7632788382416524,49.66406334238117,0.29798438005428696,0.25825312938038203,2.0215319676220345,FILLED_TP,TP_HIT,False,1,1.0,0.4828,106.4746,1h,Fixed +0.60% TP reached at 1682.804725.
401,BTCUSD,SHORT,2026-06-18 07:00:00+00:00,2026-06-18 01:00:00+00:00,2026-06-18 10:00:00+00:00,2026-06-21 04:00:00+00:00,2026-06-21 04:00:00+00:00,2026-06-21 08:00:00+00:00,2026-06-18 12:30:00 IST,2026-06-18 06:30:00 IST,2026-06-18 15:30:00 IST,2026-06-21 09:30:00 IST,2026-06-21 09:30:00 IST,2026-06-21 13:30:00 IST,64786.5,64435.0,351.5,0.5448,64435.0,64786.5,64522.875,64786.5,64135.73775,0.4086,85.66,85.66,A,1.0,548.0,0.8505,1.559,1,1,69,69.0,1,35.0,51.4,0.13853699477479967,44.54,2.0215319676220345,173.17124346849957,1.0390274608109973,0.9004904660361976,2.922022433658232,FILLED_TP,TP_HIT,False,4,4.0,1.4685,107.9431,1h,Fixed +0.60% TP reached at 64135.737750.
402,BTCUSD,LONG,2026-06-21 08:00:00+00:00,2026-06-20 17:00:00+00:00,2026-06-21 10:00:00+00:00,2026-06-21 12:00:00+00:00,2026-06-21 12:00:00+00:00,2026-06-21 15:00:00+00:00,2026-06-21 13:30:00 IST,2026-06-20 22:30:00 IST,2026-06-21 15:30:00 IST,2026-06-21 17:30:00 IST,2026-06-21 17:30:00 IST,2026-06-21 20:30:00 IST,64021.0,63694.0,327.0,0.5114,64021.0,63694.0,63939.25,63694.0,64322.8855,0.3836,91.25,91.25,A,1.0,370.5,0.5787,1.133,1,1,4,4.0,1,35.0,54.75,0.213304539896265,47.45,2.922022433658232,266.63067487033123,1.5997840492219872,1.3864795093257223,4.308501942983955,FILLED_TP,TP_HIT,False,3,3.0,1.5643,109.5073,1h,Fixed +0.60% TP reached at 64322.885500.
403,BTCUSD,LONG,2026-06-10 21:00:00+00:00,2026-06-10 09:00:00+00:00,2026-06-11 01:00:00+00:00,2026-06-24 14:00:00+00:00,2026-06-24 14:00:00+00:00,2026-06-24 15:00:00+00:00,2026-06-11 02:30:00 IST,2026-06-10 14:30:00 IST,2026-06-11 06:30:00 IST,2026-06-24 19:30:00 IST,2026-06-24 19:30:00 IST,2026-06-24 20:30:00 IST,61403.0,60706.0,697.0,1.1384,61403.0,60706.0,61228.75,60706.0,61596.1225,0.8538,40.99,40.99,A,1.0,948.5,1.5447,1.3608,2,2,329,329.0,1,35.0,24.6,0.14130114344450326,-38.28,4.308501942983955,176.62642930562907,-1.507975680044384,-1.6492768234888873,2.6592251194950673,FILLED_SL,SL_HIT,False,1,1.0,-1.0,108.5073,1h,Distal SL breached at 60706.000000.
404,ETHUSD,LONG,2026-06-07 00:00:00+00:00,2026-06-06 17:00:00+00:00,2026-06-07 01:00:00+00:00,2026-06-24 17:00:00+00:00,2026-06-24 17:00:00+00:00,2026-06-24 18:00:00+00:00,2026-06-07 05:30:00 IST,2026-06-06 22:30:00 IST,2026-06-07 06:30:00 IST,2026-06-24 22:30:00 IST,2026-06-24 22:30:00 IST,2026-06-24 23:30:00 IST,1565.75,1545.85,19.9,1.275,1565.75,1545.85,1560.775,1545.85,1570.13965,0.9563,36.6,36.6,A,1.0,30.0,1.916,1.5075,0,0,425,425.0,1,35.0,21.96,0.07786442774179977,19.03,2.6592251194950673,97.33053467724972,0.5839832080634982,0.5061187803216984,3.165343899816766,FILLED_TP,TP_HIT,False,1,1.0,0.6274,109.1348,1h,Fixed +0.60% TP reached at 1570.139650.
405,XRPUSD,LONG,2026-06-27 23:00:00+00:00,2026-06-26 22:00:00+00:00,2026-06-28 08:00:00+00:00,2026-06-28 10:00:00+00:00,2026-06-28 10:00:00+00:00,2026-06-28 11:00:00+00:00,2026-06-28 04:30:00 IST,2026-06-27 03:30:00 IST,2026-06-28 13:30:00 IST,2026-06-28 15:30:00 IST,2026-06-28 15:30:00 IST,2026-06-28 16:30:00 IST,1.0483,1.0382,0.0101,0.9658,1.0483,1.0382,1.045775,1.0382,1.05205,0.7243,48.32,48.32,A,1.0,0.0107,1.0207,1.0594,1,4,11,11.0,1,35.0,28.99,0.12235861448351944,25.13,3.165343899816766,152.9482681043993,0.9176896086263957,0.7953309941428762,3.9606748939596423,FILLED_TP,TP_HIT,False,1,1.0,0.8283,109.9631,1h,Fixed +0.60% TP reached at 1.052050.
406,XRPUSD,SHORT,2026-06-29 03:00:00+00:00,2026-06-28 15:00:00+00:00,2026-06-29 04:00:00+00:00,2026-06-29 06:00:00+00:00,2026-06-29 06:00:00+00:00,2026-06-29 08:00:00+00:00,2026-06-29 08:30:00 IST,2026-06-28 20:30:00 IST,2026-06-29 09:30:00 IST,2026-06-29 11:30:00 IST,2026-06-29 11:30:00 IST,2026-06-29 13:30:00 IST,1.0578,1.05,0.0078,0.7415,1.05,1.0578,1.05195,1.0578,1.045638,0.5561,62.94,62.94,A,1.0,0.0081,0.7714,1.0385,0,0,3,3.0,1,35.0,37.76,0.19941896535320594,32.73,3.9606748939596423,249.2737066915074,1.4956422401490443,1.2962232747958384,5.25689816875548,FILLED_TP,TP_HIT,False,2,2.0,1.0789,111.042,1h,Fixed +0.60% TP reached at 1.045638.
407,BTCUSD,LONG,2026-06-25 13:00:00+00:00,2024-09-17 00:00:00+00:00,2026-06-25 14:00:00+00:00,2026-07-01 01:00:00+00:00,2026-07-01 01:00:00+00:00,2026-07-01 02:00:00+00:00,2026-06-25 18:30:00 IST,2024-09-17 05:30:00 IST,2026-06-25 19:30:00 IST,2026-07-01 06:30:00 IST,2026-07-01 06:30:00 IST,2026-07-01 07:30:00 IST,58343.5,57611.5,732.0,1.2586,58343.5,57611.5,58160.5,57611.5,58509.463,0.9439,37.08,37.08,A,1.0,2127.5,3.6465,2.9064,0,0,132,132.0,1,35.0,22.25,0.15593492033568832,19.28,5.25689816875548,194.91865041961037,1.1695119025176621,1.0135769821819738,6.270475150937454,FILLED_TP,TP_HIT,False,1,1.0,0.6356,111.6777,1h,Fixed +0.60% TP reached at 58509.463000.
408,XRPUSD,SHORT,2026-07-01 21:00:00+00:00,2026-06-29 19:00:00+00:00,2026-07-02 00:00:00+00:00,2026-07-02 03:00:00+00:00,2026-07-02 03:00:00+00:00,2026-07-02 05:00:00+00:00,2026-07-02 02:30:00 IST,2026-06-30 00:30:00 IST,2026-07-02 05:30:00 IST,2026-07-02 08:30:00 IST,2026-07-02 08:30:00 IST,2026-07-02 10:30:00 IST,1.077,1.0638,0.0132,1.237,1.0638,1.077,1.0671,1.077,1.060697,0.9277,37.73,37.73,A,1.0,0.0189,1.7766,1.4318,2,1,6,6.0,1,35.0,22.64,0.18924674034326225,19.62,6.270475150937454,236.5584254290778,1.4193505525744667,1.2301038122312045,7.500578963168659,FILLED_TP,TP_HIT,False,2,2.0,0.6467,112.3244,1h,Fixed +0.60% TP reached at 1.060697.
409,ETHUSD,SHORT,2026-06-17 17:00:00+00:00,2026-06-17 02:00:00+00:00,2026-06-17 18:00:00+00:00,2026-07-04 15:00:00+00:00,2026-07-04 15:00:00+00:00,2026-07-04 16:00:00+00:00,2026-06-17 22:30:00 IST,2026-06-17 07:30:00 IST,2026-06-17 23:30:00 IST,2026-07-04 20:30:00 IST,2026-07-04 20:30:00 IST,2026-07-04 21:30:00 IST,1809.75,1787.7,22.05,1.2296,1787.7,1809.75,1793.2125,1809.75,1782.453225,0.9222,37.95,37.95,A,1.0,42.5,2.3774,1.9274,0,0,406,406.0,1,35.0,22.77,0.2277271018665169,19.73,7.500578963168659,284.6588773331461,1.7079532639988766,1.4802261621323596,8.980805125301018,FILLED_TP,TP_HIT,False,1,1.0,0.6506,112.975,1h,Fixed +0.60% TP reached at 1782.453225.
410,XRPUSD,LONG,2026-07-04 05:00:00+00:00,2026-07-03 21:00:00+00:00,2026-07-04 13:00:00+00:00,2026-07-05 02:00:00+00:00,2026-07-05 02:00:00+00:00,2026-07-05 09:00:00+00:00,2026-07-04 10:30:00 IST,2026-07-04 02:30:00 IST,2026-07-04 18:30:00 IST,2026-07-05 07:30:00 IST,2026-07-05 07:30:00 IST,2026-07-05 14:30:00 IST,1.1416,1.1274,0.0142,1.2477,1.1416,1.1274,1.13805,1.1274,1.144878,0.9358,37.4,37.4,A,1.0,0.0194,1.6994,1.3662,1,4,21,21.0,1,35.0,22.44,0.2687107489575265,-37.99,8.980805125301018,335.8884361969081,-3.143281793855356,-3.411992542812883,5.568812582488135,FILLED_SL,SL_HIT,False,7,7.0,-1.0,111.975,1h,Distal SL breached at 1.127400.
411,XRPUSD,LONG,2026-07-06 06:00:00+00:00,2026-07-05 17:00:00+00:00,2026-07-06 07:00:00+00:00,2026-07-06 09:00:00+00:00,2026-07-06 09:00:00+00:00,2026-07-06 10:00:00+00:00,2026-07-06 11:30:00 IST,2026-07-05 22:30:00 IST,2026-07-06 12:30:00 IST,2026-07-06 14:30:00 IST,2026-07-06 14:30:00 IST,2026-07-06 15:30:00 IST,1.1394,1.1323,0.0071,0.6241,1.1394,1.1323,1.137625,1.1323,1.144451,0.4681,74.77,74.77,A,1.0,0.008,0.7021,1.1268,0,1,3,3.0,1,35.0,44.86,0.33311957107284956,38.88,5.568812582488135,416.39946384106196,2.4983967830463722,2.165277211973523,7.734089794461658,FILLED_TP,TP_HIT,False,1,1.0,1.2818,113.2568,1h,Fixed +0.60% TP reached at 1.144451.
412,SOLUSD,SHORT,2026-07-06 00:00:00+00:00,2026-07-04 17:00:00+00:00,2026-07-06 02:00:00+00:00,2026-07-06 16:00:00+00:00,2026-07-06 16:00:00+00:00,2026-07-06 17:00:00+00:00,2026-07-06 05:30:00 IST,2026-07-04 22:30:00 IST,2026-07-06 07:30:00 IST,2026-07-06 21:30:00 IST,2026-07-06 21:30:00 IST,2026-07-06 22:30:00 IST,82.822,81.88,0.942,1.1472,81.88,82.822,82.1155,82.822,81.622807,0.8604,40.68,40.68,A,1.0,1.041,1.2714,1.1051,1,1,16,16.0,1,35.0,24.41,0.2516982620591524,21.15,7.734089794461658,314.6228275739405,1.8877369654436433,1.636038703384491,9.37012849784615,FILLED_TP,TP_HIT,False,1,1.0,0.6974,113.9542,1h,Fixed +0.60% TP reached at 81.622807.
413,ETHUSD,SHORT,2026-07-09 05:00:00+00:00,2026-07-08 03:00:00+00:00,2026-07-09 14:00:00+00:00,2026-07-09 17:00:00+00:00,2026-07-09 17:00:00+00:00,2026-07-09 23:00:00+00:00,2026-07-09 10:30:00 IST,2026-07-08 08:30:00 IST,2026-07-09 19:30:00 IST,2026-07-09 22:30:00 IST,2026-07-09 22:30:00 IST,2026-07-10 04:30:00 IST,1763.0,1748.2,14.8,0.8448,1748.2,1763.0,1751.9,1763.0,1741.3886,0.6336,55.24,55.24,A,1.0,15.55,0.8895,1.0507,2,5,12,12.0,1,35.0,33.14,0.41408539390139687,28.72,9.37012849784615,517.6067423767461,3.1056404542604765,2.6915550603590797,12.061683558205228,FILLED_TP,TP_HIT,False,6,6.0,0.947,114.9012,1h,Fixed +0.60% TP reached at 1741.388600.
414,XRPUSD,LONG,2026-07-09 15:00:00+00:00,2026-07-09 02:00:00+00:00,2026-07-09 18:00:00+00:00,2026-07-12 06:00:00+00:00,2026-07-12 06:00:00+00:00,2026-07-12 08:00:00+00:00,2026-07-09 20:30:00 IST,2026-07-09 07:30:00 IST,2026-07-09 23:30:00 IST,2026-07-12 11:30:00 IST,2026-07-12 11:30:00 IST,2026-07-12 13:30:00 IST,1.0905,1.0824,0.0081,0.7442,1.0905,1.0824,1.088475,1.0824,1.095006,0.5581,62.71,62.71,A,1.0,0.0103,0.9445,1.2716,1,1,63,63.0,1,35.0,37.63,0.6051153058575885,32.61,12.061683558205228,756.3941323219856,4.538364793931914,3.933249488074325,15.994933046279552,FILLED_TP,TP_HIT,False,2,2.0,1.075,115.9762,1h,Fixed +0.60% TP reached at 1.095006.
415,BTCUSD,LONG,2026-07-08 14:00:00+00:00,2026-07-06 13:00:00+00:00,2026-07-09 06:00:00+00:00,2026-07-13 18:00:00+00:00,2026-07-13 18:00:00+00:00,2026-07-13 19:00:00+00:00,2026-07-08 19:30:00 IST,2026-07-06 18:30:00 IST,2026-07-09 11:30:00 IST,2026-07-13 23:30:00 IST,2026-07-13 23:30:00 IST,2026-07-14 00:30:00 IST,62029.5,61303.5,726.0,1.1738,62029.5,61303.5,61848.0,61303.5,62219.088,0.8804,39.76,39.76,A,1.0,934.0,1.5057,1.2865,7,5,124,124.0,1,35.0,23.85,0.5087076094269299,20.67,15.994933046279552,635.8845117836624,3.8153070707019747,3.3065994612750447,19.301532507554597,FILLED_TP,TP_HIT,False,1,1.0,0.6815,116.6577,1h,Fixed +0.60% TP reached at 62219.088000.
416,ETHUSD,LONG,2026-07-15 01:00:00+00:00,2026-07-14 17:00:00+00:00,2026-07-15 06:00:00+00:00,2026-07-15 08:00:00+00:00,2026-07-15 08:00:00+00:00,2026-07-15 09:00:00+00:00,2026-07-15 06:30:00 IST,2026-07-14 22:30:00 IST,2026-07-15 11:30:00 IST,2026-07-15 13:30:00 IST,2026-07-15 13:30:00 IST,2026-07-15 14:30:00 IST,1873.1,1860.1,13.0,0.6952,1873.1,1860.1,1869.85,1860.1,1881.0691,0.5214,67.12,67.12,A,1.0,18.25,0.9743,1.4038,1,2,7,7.0,1,35.0,40.27,1.0364586417015662,34.9,19.301532507554597,1295.5733021269577,7.773439812761747,6.73698117106018,26.038513678614777,FILLED_TP,TP_HIT,False,1,1.0,1.1507,117.8084,1h,Fixed +0.60% TP reached at 1881.069100.
417,SOLUSD,LONG,2026-07-15 07:00:00+00:00,2026-07-15 02:00:00+00:00,2026-07-15 12:00:00+00:00,2026-07-15 16:00:00+00:00,2026-07-15 16:00:00+00:00,2026-07-15 17:00:00+00:00,2026-07-15 12:30:00 IST,2026-07-15 07:30:00 IST,2026-07-15 17:30:00 IST,2026-07-15 21:30:00 IST,2026-07-15 21:30:00 IST,2026-07-15 22:30:00 IST,77.589,77.018,0.571,0.7373,77.589,77.018,77.44625,77.018,77.910927,0.553,63.3,63.3,A,1.0,0.731,0.9421,1.2802,0,5,9,9.0,1,35.0,37.98,1.3184912252074463,32.91,26.038513678614777,1648.1140315093078,9.888684189055846,8.570192963848399,34.608706642463176,FILLED_TP,TP_HIT,False,1,1.0,1.0851,118.8935,1h,Fixed +0.60% TP reached at 77.910927.
418,ETHUSD,LONG,2026-07-16 12:00:00+00:00,2026-07-15 07:00:00+00:00,2026-07-16 13:00:00+00:00,2026-07-16 15:00:00+00:00,2026-07-16 15:00:00+00:00,2026-07-16 17:00:00+00:00,2026-07-16 17:30:00 IST,2026-07-15 12:30:00 IST,2026-07-16 18:30:00 IST,2026-07-16 20:30:00 IST,2026-07-16 20:30:00 IST,2026-07-16 22:30:00 IST,1876.35,1863.35,13.0,0.694,1876.35,1863.35,1873.1,1863.35,1884.3386,0.5205,67.24,67.24,A,1.0,13.2,0.7035,1.0154,0,1,3,3.0,1,35.0,40.34,1.8616573492676283,-40.38,34.608706642463176,2327.071686584535,-12.11304732486211,-13.97470467412974,20.634001968333436,FILLED_SL,SL_HIT,False,2,2.0,-1.0,117.8935,1h,Distal SL breached at 1863.350000.
419,SOLUSD,LONG,2026-07-13 23:00:00+00:00,2026-07-01 06:00:00+00:00,2026-07-14 12:00:00+00:00,2026-07-17 00:00:00+00:00,2026-07-17 00:00:00+00:00,2026-07-17 01:00:00+00:00,2026-07-14 04:30:00 IST,2026-07-01 11:30:00 IST,2026-07-14 17:30:00 IST,2026-07-17 05:30:00 IST,2026-07-17 05:30:00 IST,2026-07-17 06:30:00 IST,75.289,73.95,1.339,1.7864,75.289,73.95,74.95425,73.95,75.403976,1.3398,26.12,26.12,A,1.0,1.702,2.2606,1.2711,1,6,73,73.0,1,35.0,15.67,0.4312170473186839,13.58,20.634001968333436,539.0213091483548,3.234127854890129,2.802910807571445,23.43691277590488,FILLED_TP,TP_HIT,False,1,1.0,0.4478,118.3413,1h,Fixed +0.60% TP reached at 75.403976.
420,BTCUSD,SHORT,2026-07-16 15:00:00+00:00,2026-07-16 05:00:00+00:00,2026-07-16 17:00:00+00:00,2026-07-18 20:00:00+00:00,2026-07-18 20:00:00+00:00,2026-07-19 12:00:00+00:00,2026-07-16 20:30:00 IST,2026-07-16 10:30:00 IST,2026-07-16 22:30:00 IST,2026-07-19 01:30:00 IST,2026-07-19 01:30:00 IST,2026-07-19 17:30:00 IST,64981.0,64580.5,400.5,0.6192,64580.5,64981.0,64680.625,64981.0,64292.54125,0.4644,75.37,75.37,A,1.0,616.5,0.9546,1.5393,1,1,53,53.0,1,35.0,45.22,1.4130868634090172,39.19,23.43691277590488,1766.3585792612714,10.59815147556763,9.185064612158612,32.62197738806349,FILLED_TP,TP_HIT,False,16,16.0,1.292,119.6333,1h,Fixed +0.60% TP reached at 64292.541250.
421,BTCUSD,SHORT,2026-07-15 17:00:00+00:00,2026-06-22 14:00:00+00:00,2026-07-16 08:00:00+00:00,2026-07-20 00:00:00+00:00,2026-07-20 00:00:00+00:00,2026-07-20 01:00:00+00:00,2026-07-15 22:30:00 IST,2026-06-22 19:30:00 IST,2026-07-16 13:30:00 IST,2026-07-20 05:30:00 IST,2026-07-20 05:30:00 IST,2026-07-20 06:30:00 IST,65603.0,64810.0,793.0,1.2198,64810.0,65603.0,65008.25,65603.0,64618.2005,0.9149,38.26,38.26,A,1.0,961.0,1.4828,1.2119,5,2,103,103.0,1,35.0,22.95,0.9983948637755728,19.89,32.62197738806349,1247.993579719466,7.4879614783167945,6.489566614541221,39.11154400260472,FILLED_TP,TP_HIT,False,1,1.0,0.6558,120.2891,1h,Fixed +0.60% TP reached at 64618.200500.
422,ETHUSD,LONG,2026-07-19 03:00:00+00:00,2026-07-18 18:00:00+00:00,2026-07-20 00:00:00+00:00,2026-07-20 05:00:00+00:00,2026-07-20 05:00:00+00:00,2026-07-20 06:00:00+00:00,2026-07-19 08:30:00 IST,2026-07-18 23:30:00 IST,2026-07-20 05:30:00 IST,2026-07-20 10:30:00 IST,2026-07-20 10:30:00 IST,2026-07-20 11:30:00 IST,1866.9,1848.95,17.95,0.9638,1866.9,1848.95,1862.4125,1848.95,1873.586975,0.7229,48.42,48.42,A,1.0,24.35,1.3043,1.3565,4,7,26,26.0,1,35.0,29.05,1.515001817235295,-38.87,39.11154400260472,1893.7522715441187,-13.68904040091165,-15.204042218146945,23.90750178445777,FILLED_SL,SL_HIT,False,1,1.0,-1.0,119.2891,1h,Distal SL breached at 1848.950000.
423,SOLUSD,LONG,2026-07-20 05:00:00+00:00,2026-07-19 18:00:00+00:00,2026-07-20 09:00:00+00:00,2026-07-20 14:00:00+00:00,2026-07-20 14:00:00+00:00,2026-07-20 15:00:00+00:00,2026-07-20 10:30:00 IST,2026-07-19 23:30:00 IST,2026-07-20 14:30:00 IST,2026-07-20 19:30:00 IST,2026-07-20 19:30:00 IST,2026-07-20 20:30:00 IST,75.978,75.355,0.623,0.8217,75.978,75.355,75.82225,75.355,76.277183,0.6162,56.8,56.8,A,1.0,0.761,1.0016,1.2215,1,2,9,9.0,1,35.0,34.08,1.0862745031770074,29.53,23.90750178445777,1357.8431289712591,8.147058773827556,7.060784270650549,30.968286055108322,FILLED_TP,TP_HIT,False,1,1.0,0.9736,120.2628,1h,Fixed +0.60% TP reached at 76.277183.
424,XRPUSD,SHORT,2026-07-16 15:00:00+00:00,2026-07-16 06:00:00+00:00,2026-07-16 17:00:00+00:00,2026-07-20 16:00:00+00:00,2026-07-20 16:00:00+00:00,2026-07-20 18:00:00+00:00,2026-07-16 20:30:00 IST,2026-07-16 11:30:00 IST,2026-07-16 22:30:00 IST,2026-07-20 21:30:00 IST,2026-07-20 21:30:00 IST,2026-07-20 23:30:00 IST,1.1187,1.112,0.0067,0.6016,1.112,1.1187,1.113675,1.1187,1.106993,0.4512,77.57,77.57,A,1.0,0.0226,2.0324,3.3731,1,1,97,97.0,1,35.0,46.54,1.921753168612675,-41.21,30.968286055108322,2402.1914607658437,-10.838900119287912,-12.760653287900587,18.207632767207734,FILLED_SL,SL_HIT,False,2,2.0,-1.0,119.2628,1h,Distal SL breached at 1.118700.
425,SOLUSD,LONG,2026-07-21 17:00:00+00:00,2026-07-20 19:00:00+00:00,2026-07-21 23:00:00+00:00,2026-07-22 05:00:00+00:00,2026-07-22 05:00:00+00:00,2026-07-22 06:00:00+00:00,2026-07-21 22:30:00 IST,2026-07-21 00:30:00 IST,2026-07-22 04:30:00 IST,2026-07-22 10:30:00 IST,2026-07-22 10:30:00 IST,2026-07-22 11:30:00 IST,77.729,77.3,0.429,0.5527,77.729,77.3,77.62175,77.3,78.08748,0.4145,84.44,84.44,A,1.0,0.461,0.5931,1.0746,4,1,12,12.0,1,35.0,50.66,1.2299186612259478,-41.75,18.207632767207734,1537.3983265324348,-6.372671468522706,-7.602590129748654,10.60504263745908,FILLED_SL,SL_HIT,False,1,1.0,-1.0,118.2628,1h,Distal SL breached at 77.300000.
426,XRPUSD,LONG,2026-07-22 05:00:00+00:00,2026-07-21 05:00:00+00:00,2026-07-22 15:00:00+00:00,2026-07-22 20:00:00+00:00,2026-07-22 20:00:00+00:00,2026-07-22 21:00:00+00:00,2026-07-22 10:30:00 IST,2026-07-21 10:30:00 IST,2026-07-22 20:30:00 IST,2026-07-23 01:30:00 IST,2026-07-23 01:30:00 IST,2026-07-23 02:30:00 IST,1.1386,1.1261,0.0125,1.1009,1.1386,1.1261,1.135475,1.1261,1.142288,0.8256,42.39,42.39,A,1.0,0.0174,1.5282,1.392,1,7,15,15.0,1,35.0,25.43,0.3596472555578997,22.04,10.60504263745908,449.55906944737467,2.697354416684248,2.3377071611263482,12.942749798585428,FILLED_TP,TP_HIT,False,1,1.0,0.7267,118.9895,1h,Fixed +0.60% TP reached at 1.142288.
427,XRPUSD,LONG,2026-07-24 21:00:00+00:00,2026-07-20 07:00:00+00:00,2026-07-25 15:00:00+00:00,2026-07-27 14:00:00+00:00,2026-07-27 14:00:00+00:00,2026-07-27 16:00:00+00:00,2026-07-25 02:30:00 IST,2026-07-20 12:30:00 IST,2026-07-25 20:30:00 IST,2026-07-27 19:30:00 IST,2026-07-27 19:30:00 IST,2026-07-27 21:30:00 IST,1.091,1.083,0.008,0.7346,1.091,1.083,1.089,1.083,1.095534,0.551,63.52,63.52,A,1.0,0.0096,0.8799,1.2,7,6,65,65.0,1,35.0,38.11,0.6577505447641108,33.03,12.942749798585428,822.1881809551385,4.9331290857308305,4.27537854096672,17.21812833955215,FILLED_TP,TP_HIT,False,2,2.0,1.089,120.0785,1h,Fixed +0.60% TP reached at 1.095534.
428,SOLUSD,LONG,2026-07-25 07:00:00+00:00,2026-07-24 21:00:00+00:00,2026-07-25 15:00:00+00:00,2026-07-28 00:00:00+00:00,2026-07-28 00:00:00+00:00,2026-07-28 01:00:00+00:00,2026-07-25 12:30:00 IST,2026-07-25 02:30:00 IST,2026-07-25 20:30:00 IST,2026-07-28 05:30:00 IST,2026-07-28 05:30:00 IST,2026-07-28 06:30:00 IST,73.817,73.43,0.387,0.525,73.817,73.43,73.72025,73.43,74.162571,0.3937,88.9,88.9,A,1.0,0.499,0.676,1.2894,5,1,65,65.0,1,35.0,53.34,1.224499304746599,-42.11,17.21812833955215,1530.6241309332488,-6.026344918843251,-7.2508442235898505,9.967284115962297,FILLED_SL,SL_HIT,False,1,1.0,-1.0,119.0785,1h,Distal SL breached at 73.430000.
429,SOLUSD,LONG,2026-07-28 22:00:00+00:00,2026-07-28 14:00:00+00:00,2026-07-29 18:00:00+00:00,2026-07-29 19:00:00+00:00,2026-07-29 19:00:00+00:00,2026-07-29 20:00:00+00:00,2026-07-29 03:30:00 IST,2026-07-28 19:30:00 IST,2026-07-29 23:30:00 IST,2026-07-30 00:30:00 IST,2026-07-30 00:30:00 IST,2026-07-30 01:30:00 IST,73.487,72.535,0.952,1.2997,73.487,72.535,73.249,72.535,73.688494,0.9748,35.91,35.91,A,1.0,1.0422,1.4182,1.0947,7,9,21,21.0,1,35.0,21.54,0.2863112134157348,-37.87,9.967284115962297,357.8890167696685,-3.488549440586804,-3.7748606540025387,6.192423461959758,FILLED_SL,SL_HIT,False,1,1.0,-1.0,118.0785,1h,Distal SL breached at 72.535000.
430,ETHUSD,SHORT,2026-07-30 01:00:00+00:00,2026-07-29 07:00:00+00:00,2026-07-30 04:00:00+00:00,2026-07-30 08:00:00+00:00,2026-07-30 08:00:00+00:00,2026-07-30 11:00:00+00:00,2026-07-30 06:30:00 IST,2026-07-29 12:30:00 IST,2026-07-30 09:30:00 IST,2026-07-30 13:30:00 IST,2026-07-30 13:30:00 IST,2026-07-30 16:30:00 IST,1925.0,1913.05,11.95,0.6237,1913.05,1925.0,1916.0375,1925.0,1904.541275,0.4678,74.82,74.82,A,1.0,12.3,0.643,1.0293,1,1,7,7.0,1,35.0,44.89,0.3706751865348383,-40.99,6.192423461959758,463.3439831685478,-2.167348211685915,-2.538023398220753,3.654400063739005,FILLED_SL,SL_HIT,False,3,3.0,-1.0,117.0785,1h,Distal SL breached at 1925.000000.
431,ETHUSD,LONG,2026-07-24 21:00:00+00:00,2026-07-20 06:00:00+00:00,2026-07-25 22:00:00+00:00,2026-07-31 14:00:00+00:00,2026-07-31 14:00:00+00:00,2026-07-31 16:00:00+00:00,2026-07-25 02:30:00 IST,2026-07-20 11:30:00 IST,2026-07-26 03:30:00 IST,2026-07-31 19:30:00 IST,2026-07-31 19:30:00 IST,2026-07-31 21:30:00 IST,1859.15,1842.0,17.15,0.9246,1859.15,1842.0,1854.8625,1842.0,1865.991675,0.6934,50.47,50.47,A,1.0,17.2,0.9252,1.0029,9,4,161,161.0,1,35.0,30.28,0.14755721661446522,26.25,3.654400063739005,184.4465207680815,1.1066791246084888,0.9591219079940236,4.613521971733029,FILLED_TP,TP_HIT,False,2,2.0,0.8652,117.9437,1h,Fixed +0.60% TP reached at 1865.991675.
432,SOLUSD,LONG,2026-06-30 12:00:00+00:00,2026-06-29 05:00:00+00:00,2026-06-30 14:00:00+00:00,2026-08-01 17:00:00+00:00,2026-08-01 17:00:00+00:00,2026-08-01 18:00:00+00:00,2026-06-30 17:30:00 IST,2026-06-29 10:30:00 IST,2026-06-30 19:30:00 IST,2026-08-01 22:30:00 IST,2026-08-01 22:30:00 IST,2026-08-01 23:30:00 IST,72.347,71.0125,1.3345,1.8531,72.347,71.0125,72.013375,71.0125,72.445455,1.3898,25.18,25.18,A,1.0,1.573,2.1742,1.1787,1,1,773,773.0,1,35.0,15.11,0.09294455410508065,-37.01,4.613521971733029,116.18069263135081,-1.61473269010656,-1.7076772442116406,2.905844727521388,FILLED_SL,SL_HIT,False,1,1.0,-1.0,116.9437,1h,Distal SL breached at 71.012500.
433,SOLUSD,SHORT,2026-08-01 00:00:00+00:00,2026-07-31 18:00:00+00:00,2026-08-01 17:00:00+00:00,2026-08-02 02:00:00+00:00,2026-08-02 02:00:00+00:00,2026-08-02 04:00:00+00:00,2026-08-01 05:30:00 IST,2026-07-31 23:30:00 IST,2026-08-01 22:30:00 IST,2026-08-02 07:30:00 IST,2026-08-02 07:30:00 IST,2026-08-02 09:30:00 IST,73.497,72.936,0.561,0.7677,72.936,73.497,73.07625,73.497,72.637793,0.5758,60.79,60.79,A,1.0,1.334,1.829,2.3779,3,8,26,26.0,1,35.0,36.47,0.1413131456101486,-39.86,2.905844727521388,176.64143201268573,-1.0170456546324858,-1.1583588002426344,1.7474859272787537,FILLED_SL,SL_HIT,False,2,2.0,-1.0,115.9437,1h,Distal SL breached at 73.497000.
434,ETHUSD,LONG,2026-08-04 13:00:00+00:00,2026-08-04 07:00:00+00:00,2026-08-04 15:00:00+00:00,2026-08-05 01:00:00+00:00,2026-08-05 01:00:00+00:00,2026-08-05 02:00:00+00:00,2026-08-04 18:30:00 IST,2026-08-04 12:30:00 IST,2026-08-04 20:30:00 IST,2026-08-05 06:30:00 IST,2026-08-05 06:30:00 IST,2026-08-05 07:30:00 IST,1864.35,1852.5,11.85,0.6366,1864.35,1852.5,1861.3875,1852.5,1872.555825,0.4775,73.3,73.3,A,1.0,13.1,0.7027,1.1055,0,2,12,12.0,1,35.0,43.98,0.10247758865930141,38.12,1.7474859272787537,128.09698582412676,0.7685819149447605,0.666104326285459,2.413590253564213,FILLED_TP,TP_HIT,False,1,1.0,1.2566,117.2003,1h,Fixed +0.60% TP reached at 1872.555825.
435,SOLUSD,LONG,2026-08-05 00:00:00+00:00,2026-08-04 10:00:00+00:00,2026-08-05 02:00:00+00:00,2026-08-05 13:00:00+00:00,2026-08-05 13:00:00+00:00,2026-08-05 14:00:00+00:00,2026-08-05 05:30:00 IST,2026-08-04 15:30:00 IST,2026-08-05 07:30:00 IST,2026-08-05 18:30:00 IST,2026-08-05 18:30:00 IST,2026-08-05 19:30:00 IST,73.708,73.107,0.601,0.817,73.708,73.107,73.55775,73.107,73.999096,0.6128,57.12,57.12,A,1.0,0.792,1.0745,1.3178,1,1,13,13.0,1,35.0,34.27,0.1102844485252395,29.7,2.413590253564213,137.85556065654936,0.8271333639392962,0.7168489154140567,3.1304391689782696,FILLED_TP,TP_HIT,False,1,1.0,0.9791,118.1795,1h,Fixed +0.60% TP reached at 73.999096.
436,BTCUSD,SHORT,2026-08-06 14:00:00+00:00,2026-08-06 05:00:00+00:00,2026-08-06 18:00:00+00:00,2026-08-07 09:00:00+00:00,2026-08-07 09:00:00+00:00,2026-08-07 11:00:00+00:00,2026-08-06 19:30:00 IST,2026-08-06 10:30:00 IST,2026-08-06 23:30:00 IST,2026-08-07 14:30:00 IST,2026-08-07 14:30:00 IST,2026-08-07 16:30:00 IST,64978.0,64701.5,276.5,0.4269,64701.5,64978.0,64770.625,64978.0,64382.00125,0.3202,109.32,100.0,A,1.0,352.0,0.544,1.2731,1,2,19,19.0,1,32.02,60.0,0.2504351335182616,-40.02,3.1304391689782696,313.04391689782693,-1.0022673436714076,-1.252702477189669,1.8777366917886005,FILLED_SL,SL_HIT,False,2,2.0,-1.0,117.1795,1h,Distal SL breached at 64978.000000.
437,ETHUSD,LONG,2026-08-09 02:00:00+00:00,2026-08-08 00:00:00+00:00,2026-08-09 06:00:00+00:00,2026-08-09 08:00:00+00:00,2026-08-09 08:00:00+00:00,2026-08-09 13:00:00+00:00,2026-08-09 07:30:00 IST,2026-08-08 05:30:00 IST,2026-08-09 11:30:00 IST,2026-08-09 13:30:00 IST,2026-08-09 13:30:00 IST,2026-08-09 18:30:00 IST,1914.0,1911.2,2.8,0.1463,1914.0,1911.2,1913.3,1911.2,1924.7798,0.1098,318.88,100.0,A,1.0,4.95,0.2586,1.7679,0,4,6,6.0,1,10.98,60.0,0.15021893534308806,52.0,1.8777366917886005,187.77366917886005,1.1266420150731602,0.9764230797300721,2.8541597715186726,FILLED_TP,TP_HIT,False,5,5.0,5.4666,122.646,1h,Fixed +0.60% TP reached at 1924.779800.
438,BTCUSD,LONG,2026-08-06 22:00:00+00:00,2026-08-05 13:00:00+00:00,2026-08-07 09:00:00+00:00,2026-08-10 15:00:00+00:00,2026-08-10 15:00:00+00:00,2026-08-10 16:00:00+00:00,2026-08-07 03:30:00 IST,2026-08-05 18:30:00 IST,2026-08-07 14:30:00 IST,2026-08-10 20:30:00 IST,2026-08-10 20:30:00 IST,2026-08-10 21:30:00 IST,64393.5,63852.5,541.0,0.8419,64393.5,63852.5,64258.25,63852.5,64643.7995,0.6314,55.43,55.43,A,1.0,552.5,0.858,1.0213,1,7,89,89.0,1,35.0,33.26,0.1265629757207471,-39.43,2.8541597715186726,158.20371965093386,-0.9989559200315353,-1.1255188957522824,1.7286408757663903,FILLED_SL,SL_HIT,False,1,1.0,-1.0,121.646,1h,Distal SL breached at 63852.500000.
439,SOLUSD,SHORT,2026-08-13 08:00:00+00:00,2026-08-12 09:00:00+00:00,2026-08-13 16:00:00+00:00,2026-08-13 20:00:00+00:00,2026-08-13 20:00:00+00:00,2026-08-14 03:00:00+00:00,2026-08-13 13:30:00 IST,2026-08-12 14:30:00 IST,2026-08-13 21:30:00 IST,2026-08-14 01:30:00 IST,2026-08-14 01:30:00 IST,2026-08-14 08:30:00 IST,76.909,76.128,0.781,1.0233,76.128,76.909,76.32325,76.909,75.865311,0.7675,45.61,45.61,A,1.0,1.041,1.3674,1.3329,2,3,12,12.0,1,35.0,27.36,0.06306775436956744,23.71,1.7286408757663903,78.83469296195929,0.47300815777175576,0.4099404034021883,2.1385812791685783,FILLED_TP,TP_HIT,False,7,7.0,0.7818,122.4278,1h,Fixed +0.60% TP reached at 75.865311.
440,BTCUSD,LONG,2026-08-03 12:00:00+00:00,2026-08-01 18:00:00+00:00,2026-08-03 13:00:00+00:00,2026-08-14 13:00:00+00:00,2026-08-14 13:00:00+00:00,2026-08-14 15:00:00+00:00,2026-08-03 17:30:00 IST,2026-08-01 23:30:00 IST,2026-08-03 18:30:00 IST,2026-08-14 18:30:00 IST,2026-08-14 18:30:00 IST,2026-08-14 20:30:00 IST,62717.5,62245.0,472.5,0.7548,62717.5,62245.0,62599.375,62245.0,62974.97125,0.5661,61.83,61.83,A,1.0,657.5,1.0484,1.3915,0,1,265,265.0,1,35.0,37.1,0.10577687029147934,32.15,2.1385812791685783,132.22108786434916,0.793326527186095,0.6875496568946157,2.826130936063194,FILLED_TP,TP_HIT,False,2,2.0,1.0599,123.4877,1h,Fixed +0.60% TP reached at 62974.971250.
441,XRPUSD,SHORT,2026-06-17 17:00:00+00:00,2026-06-17 02:00:00+00:00,2026-06-17 18:00:00+00:00,2026-08-20 13:00:00+00:00,2026-08-20 13:00:00+00:00,2026-08-20 14:00:00+00:00,2026-06-17 22:30:00 IST,2026-06-17 07:30:00 IST,2026-06-17 23:30:00 IST,2026-08-20 18:30:00 IST,2026-08-20 18:30:00 IST,2026-08-20 19:30:00 IST,1.2282,1.216,0.0122,1.0008,1.216,1.2282,1.21905,1.2282,1.211736,0.7506,46.63,46.63,A,1.0,0.0225,1.8503,1.8443,0,1,1532,1532.0,1,35.0,27.98,0.10542672971914702,-38.73,2.826130936063194,131.78341214893376,-0.9891458276221179,-1.094572557341265,1.731558378721929,FILLED_SL,SL_HIT,False,1,1.0,-1.0,122.4877,1h,Distal SL breached at 1.228200.
442,BTCUSD,SHORT,2026-06-01 02:00:00+00:00,2026-06-01 00:00:00+00:00,2026-06-01 06:00:00+00:00,2026-08-21 00:00:00+00:00,2026-08-21 00:00:00+00:00,2026-08-21 01:00:00+00:00,2026-06-01 07:30:00 IST,2026-06-01 05:30:00 IST,2026-06-01 11:30:00 IST,2026-08-21 05:30:00 IST,2026-08-21 05:30:00 IST,2026-08-21 06:30:00 IST,74078.0,73627.0,451.0,0.6116,73627.0,74078.0,73739.75,74078.0,73297.3115,0.4587,76.3,76.3,A,1.0,700.5,0.9514,1.5532,2,2,1942,1942.0,1,35.0,45.78,0.10569611514578242,-41.1,1.731558378721929,132.12014393222802,-0.6060454325526752,-0.7117415476984577,1.0198168310234714,FILLED_SL,SL_HIT,False,1,1.0,-1.0,121.4877,1h,Distal SL breached at 74078.000000.
443,SOLUSD,SHORT,2026-05-11 22:00:00+00:00,2026-02-04 06:00:00+00:00,2026-05-12 11:00:00+00:00,2026-08-22 03:00:00+00:00,2026-08-22 03:00:00+00:00,2026-08-22 04:00:00+00:00,2026-05-12 03:30:00 IST,2026-02-04 11:30:00 IST,2026-05-12 16:30:00 IST,2026-08-22 08:30:00 IST,2026-08-22 08:30:00 IST,2026-08-22 09:30:00 IST,98.73,96.687,2.043,2.1019,96.687,98.73,97.19775,98.73,96.614564,1.5764,22.2,22.2,A,1.0,2.077,2.1482,1.0166,7,3,2453,2453.0,1,35.0,13.32,0.018113684051904826,-36.78,1.0198168310234714,22.64210506488103,-0.356935890858215,-0.3750495749101198,0.6447672561133516,FILLED_SL,DUAL_TOUCH_CONSERVATIVE_SL,True,1,1.0,-1.0,120.4877,1h,Dual-touch: both TP and SL hit same candle. Conservative SL-first applied.
444,BTCUSD,SHORT,2026-08-24 02:00:00+00:00,2026-08-23 21:00:00+00:00,2026-08-24 04:00:00+00:00,2026-08-24 07:00:00+00:00,2026-08-24 07:00:00+00:00,2026-08-24 08:00:00+00:00,2026-08-24 07:30:00 IST,2026-08-24 02:30:00 IST,2026-08-24 09:30:00 IST,2026-08-24 12:30:00 IST,2026-08-24 12:30:00 IST,2026-08-24 13:30:00 IST,78030.0,77402.5,627.5,0.8091,77402.5,78030.0,77559.375,78030.0,77094.01875,0.6068,57.68,57.68,A,1.0,744.0,0.9612,1.1857,1,0,5,5.0,1,35.0,34.61,0.02975228411855004,29.99,0.6447672561133516,37.19035514818755,0.22314213088912535,0.1933898467705753,0.838157102883927,FILLED_TP,TP_HIT,False,1,1.0,0.9888,121.4765,1h,Fixed +0.60% TP reached at 77094.018750.
445,XRPUSD,SHORT,2026-08-24 12:00:00+00:00,2026-08-23 22:00:00+00:00,2026-08-24 13:00:00+00:00,2026-08-24 14:00:00+00:00,2026-08-24 14:00:00+00:00,2026-08-24 15:00:00+00:00,2026-08-24 17:30:00 IST,2026-08-24 03:30:00 IST,2026-08-24 18:30:00 IST,2026-08-24 19:30:00 IST,2026-08-24 19:30:00 IST,2026-08-24 20:30:00 IST,1.5323,1.5115,0.0208,1.3714,1.5115,1.5323,1.5167,1.5323,1.5076,1.0285,34.03,34.03,A,1.0,0.0334,2.2097,1.6058,0,1,2,2.0,1,35.0,20.42,0.02281700037335502,17.69,0.838157102883927,28.521250466693775,0.17112750280016265,0.14831050242680763,0.9864676053107346,FILLED_TP,TP_HIT,False,1,1.0,0.5833,122.0599,1h,Fixed +0.60% TP reached at 1.507600.
