trade_id,asset,direction,ob_timestamp,entry_timestamp,exit_timestamp,ob_high,ob_low,ob_width,ob_width_pct,entry_price,sl_price,tp_price,entry_to_sl_distance_pct,tp_price_distance_pct,calculated_leverage,starting_capital_gross,gross_sl_return_pct,gross_tp_return_pct,gross_pnl_usd,starting_capital_net,notional_size_usd,fees_usd,net_pnl_usd,ending_capital_gross,ending_capital_net,outcome,realized_r,exit_reason,ambiguous_intrabar,sl_bucket
1,BTCUSD,SHORT,2024-06-10T14:00:00+00:00,2024-06-10T14:00:00+00:00,2024-06-10T15:00:00+00:00,69813.0,69612.0,201.0,0.2884,69662.25,69813.0,69104.952,0.2164,0.8,161.7366,10.0,-35.0,129.3893,-3.5,10.0,1617.365672,1.293893,-4.793893,6.5,5.206107,SL_HIT,-1.0,SL_HIT,False,<0.50%
2,BTCUSD,LONG,2024-06-10T19:00:00+00:00,2024-06-10T19:00:00+00:00,2024-06-11T01:00:00+00:00,69492.0,69186.0,306.0,0.4404,69415.5,69186.0,69970.824,0.3306,0.8,105.8624,6.5,-35.0,84.6899,-2.275,5.206107,551.131126,0.440905,-2.263043,4.225,2.943065,SL_HIT,-1.0,SL_HIT,False,<0.50%
3,ETHUSD,SHORT,2024-06-12T07:00:00+00:00,2024-06-12T07:00:00+00:00,2024-06-12T10:00:00+00:00,3547.0,3525.25,21.75,0.6165,3530.6875,3547.0,3502.442,0.462,0.8,75.7542,4.225,-35.0,60.6034,-1.47875,2.943065,222.949574,0.17836,-1.208432,2.74625,1.734633,SL_HIT,-1.0,SL_HIT,False,<0.50%
4,BTCUSD,SHORT,2024-06-12T16:00:00+00:00,2024-06-12T16:00:00+00:00,2024-06-12T18:00:00+00:00,70198.0,69627.0,571.0,0.8199,69769.75,70198.0,69211.592,0.6138,0.8,57.0214,2.74625,-35.0,45.6171,1.25276,1.734633,98.911169,0.079129,0.71216,3.99901,2.446793,TP_HIT,1.3033,TP_HIT,False,0.60-0.70%
5,SOLUSD,LONG,2024-06-13T19:00:00+00:00,2024-06-13T19:00:00+00:00,2024-06-14T14:00:00+00:00,148.295,145.645,2.65,1.7928,147.6325,145.645,148.8136,1.3462,0.8,25.9982,3.99901,-35.0,20.7985,-1.399654,2.446793,63.612155,0.05089,-0.907267,2.599357,1.539526,SL_HIT,-1.0,SL_HIT_CONSERVATIVE_AMBIGUITY,False,1.00-1.50%
6,XRPUSD,SHORT,2024-06-15T08:00:00+00:00,2024-06-15T08:00:00+00:00,2024-06-15T09:00:00+00:00,0.4807,0.479,0.0017,0.3546,0.4794,0.4807,0.4756,0.2659,0.8,131.6069,2.599357,-35.0,105.2855,0.035678,1.539526,202.612149,0.16209,-0.140959,2.635034,1.398567,TIMEOUT_EXIT,0.0392,TIMEOUT_EXIT,False,<0.50%
7,BTCUSD,SHORT,2024-06-16T05:00:00+00:00,2024-06-16T05:00:00+00:00,2024-06-16T10:00:00+00:00,66503.5,66233.0,270.5,0.4081,66300.625,66503.5,65770.22,0.306,0.8,114.3819,2.635034,-35.0,91.5055,-0.922262,1.398567,159.970676,0.127977,-0.617475,1.712772,0.781092,SL_HIT,-1.0,SL_HIT,False,<0.50%
8,ETHUSD,LONG,2024-06-17T01:00:00+00:00,2024-06-17T01:00:00+00:00,2024-06-17T03:00:00+00:00,3613.05,3578.45,34.6,0.9579,3604.4,3578.45,3633.2352,0.72,0.8,48.6143,1.712772,-35.0,38.8914,-0.59947,0.781092,37.972206,0.030378,-0.30376,1.113302,0.477332,SL_HIT,-1.0,SL_HIT,False,0.70-0.80%
9,XRPUSD,LONG,2024-06-17T06:00:00+00:00,2024-06-17T06:00:00+00:00,2024-06-17T07:00:00+00:00,0.4869,0.4849,0.002,0.4114,0.4864,0.4849,0.4903,0.3084,0.8,113.4933,1.113302,-35.0,90.7947,-0.389656,0.477332,54.174,0.043339,-0.210405,0.723646,0.266927,SL_HIT,-1.0,SL_HIT_CONSERVATIVE_AMBIGUITY,True,<0.50%
10,BTCUSD,SHORT,2024-06-17T17:00:00+00:00,2024-06-17T17:00:00+00:00,2024-06-17T18:00:00+00:00,66993.0,66563.5,429.5,0.6447,66670.875,66993.0,66137.508,0.4832,0.8,72.4402,0.723646,-35.0,57.9522,-0.253276,0.266927,19.336222,0.015469,-0.108893,0.47037,0.158033,SL_HIT,-1.0,SL_HIT,False,<0.50%
11,BTCUSD,LONG,2024-06-18T00:00:00+00:00,2024-06-18T00:00:00+00:00,2024-06-18T01:00:00+00:00,65808.0,65139.0,669.0,1.0175,65640.75,65139.0,66165.876,0.7644,0.8,45.7883,0.47037,-35.0,36.6306,-0.16463,0.158033,7.236071,0.005789,-0.061101,0.305741,0.096933,SL_HIT,-1.0,SL_HIT_CONSERVATIVE_AMBIGUITY,True,0.70-0.80%
12,ETHUSD,SHORT,2024-06-19T03:00:00+00:00,2024-06-19T03:00:00+00:00,2024-06-19T04:00:00+00:00,3579.6,3548.2,31.4,0.8807,3556.05,3579.6,3527.6016,0.6623,0.8,52.85,0.305741,-35.0,42.28,-0.107009,0.096933,5.122898,0.004098,-0.038025,0.198731,0.058908,SL_HIT,-1.0,SL_HIT,False,0.60-0.70%
13,BTCUSD,SHORT,2024-06-19T06:00:00+00:00,2024-06-19T06:00:00+00:00,2024-06-19T11:00:00+00:00,65851.0,65561.0,290.0,0.4421,65633.5,65851.0,65108.432,0.3314,0.8,105.6171,0.198731,-35.0,84.4937,0.167915,0.058908,6.221694,0.004977,0.044796,0.366647,0.103704,TP_HIT,2.4141,TP_HIT,False,<0.50%
14,XRPUSD,SHORT,2024-06-19T17:00:00+00:00,2024-06-19T17:00:00+00:00,2024-06-20T07:00:00+00:00,0.5001,0.4961,0.004,0.8043,0.4971,0.5001,0.4931,0.6035,0.8,57.995,0.366647,-35.0,46.396,-0.128326,0.103704,6.014325,0.004811,-0.041108,0.23832,0.062596,SL_HIT,-1.0,SL_HIT_CONSERVATIVE_AMBIGUITY,False,0.60-0.70%
15,XRPUSD,LONG,2024-06-20T14:00:00+00:00,2024-06-20T14:00:00+00:00,2024-06-20T15:00:00+00:00,0.495,0.4921,0.0029,0.5865,0.4943,0.4921,0.4982,0.44,0.8,79.5385,0.23832,-35.0,63.6308,-0.083412,0.062596,4.978813,0.003983,-0.025892,0.154908,0.036705,SL_HIT,-1.0,SL_HIT,False,<0.50%
16,ETHUSD,SHORT,2024-06-21T09:00:00+00:00,2024-06-21T09:00:00+00:00,2024-06-21T12:00:00+00:00,3537.0,3507.95,29.05,0.8265,3515.2125,3537.0,3487.0908,0.6198,0.8,56.4693,0.154908,-35.0,45.1754,0.06998,0.036705,2.072678,0.001658,0.014923,0.224889,0.051628,TP_HIT,1.2907,TP_HIT,False,0.60-0.70%
17,SOLUSD,SHORT,2024-06-21T22:00:00+00:00,2024-06-21T22:00:00+00:00,2024-06-22T05:00:00+00:00,135.785,134.25,1.535,1.1384,134.6337,135.785,133.5567,0.8551,0.8,40.931,0.224889,-35.0,32.7448,-0.078711,0.051628,2.113178,0.001691,-0.01976,0.146178,0.031868,SL_HIT,-1.0,SL_HIT_CONSERVATIVE_AMBIGUITY,False,0.80-1.00%
18,SOLUSD,LONG,2024-06-22T08:00:00+00:00,2024-06-22T08:00:00+00:00,2024-06-22T23:00:00+00:00,134.335,133.208,1.127,0.8417,134.0532,133.208,135.1257,0.6305,0.8,55.5086,0.146178,-35.0,44.4069,-0.051162,0.031868,1.768922,0.001415,-0.012569,0.095016,0.019299,SL_HIT,-1.0,SL_HIT_CONSERVATIVE_AMBIGUITY,False,0.60-0.70%
19,ETHUSD,LONG,2024-06-22T23:00:00+00:00,2024-06-22T23:00:00+00:00,2024-06-23T20:00:00+00:00,3498.3,3455.65,42.65,1.2195,3487.6375,3455.65,3515.5386,0.9172,0.8,38.1609,0.095016,-35.0,30.5288,-0.033255,0.019299,0.736459,0.000589,-0.007344,0.06176,0.011955,SL_HIT,-1.0,SL_HIT_CONSERVATIVE_AMBIGUITY,False,0.80-1.00%
20,ETHUSD,LONG,2024-06-26T15:00:00+00:00,2024-06-26T15:00:00+00:00,2024-06-26T17:00:00+00:00,3365.75,3346.65,19.1,0.5682,3360.975,3346.65,3387.8628,0.4262,0.8,82.1181,0.06176,-35.0,65.6945,-0.021616,0.011955,0.981723,0.000785,-0.00497,0.040144,0.006985,SL_HIT,-1.0,SL_HIT,False,<0.50%
21,BTCUSD,LONG,2024-06-26T17:00:00+00:00,2024-06-26T17:00:00+00:00,2024-06-27T06:00:00+00:00,61262.5,60646.5,616.0,1.0059,61108.5,60646.5,61597.368,0.756,0.8,46.2943,0.040144,-35.0,37.0355,-0.01405,0.006985,0.323384,0.000259,-0.002704,0.026094,0.004282,SL_HIT,-1.0,SL_HIT,False,0.70-0.80%
22,ETHUSD,LONG,2024-06-28T02:00:00+00:00,2024-06-28T02:00:00+00:00,2024-06-28T07:00:00+00:00,3454.95,3436.3,18.65,0.5405,3450.2875,3436.3,3477.8898,0.4054,0.8,86.3343,0.026094,-35.0,69.0674,-0.009133,0.004282,0.369666,0.000296,-0.001794,0.016961,0.002487,SL_HIT,-1.0,SL_HIT,False,<0.50%
23,BTCUSD,SHORT,2024-06-28T09:00:00+00:00,2024-06-28T09:00:00+00:00,2024-06-28T15:00:00+00:00,62212.5,61495.5,717.0,1.1651,61674.75,62212.5,61181.352,0.8719,0.8,40.1416,0.016961,-35.0,32.1133,0.005447,0.002487,0.09985,8e-05,0.000719,0.022408,0.003206,TP_HIT,0.9175,TP_HIT,False,0.80-1.00%
24,BTCUSD,LONG,2024-06-29T08:00:00+00:00,2024-06-29T08:00:00+00:00,2024-06-30T05:00:00+00:00,60995.5,60723.0,272.5,0.4468,60927.375,60723.0,61414.794,0.3354,0.8,104.3405,0.022408,-35.0,83.4724,-0.007843,0.003206,0.334552,0.000268,-0.00139,0.014565,0.001816,SL_HIT,-1.0,SL_HIT,False,<0.50%
25,BTCUSD,SHORT,2024-06-30T07:00:00+00:00,2024-06-30T07:00:00+00:00,2024-06-30T14:00:00+00:00,61865.5,61316.0,549.5,0.8928,61453.375,61865.5,60961.748,0.6706,0.8,52.1897,0.014565,-35.0,41.7518,-0.005098,0.001816,0.094802,7.6e-05,-0.000712,0.009467,0.001105,SL_HIT,-1.0,SL_HIT,False,0.60-0.70%
26,XRPUSD,SHORT,2024-07-02T05:00:00+00:00,2024-07-02T05:00:00+00:00,2024-07-02T09:00:00+00:00,0.4827,0.4786,0.0041,0.8536,0.4796,0.4827,0.4758,0.6411,0.8,54.5915,0.009467,-35.0,43.6732,-0.003314,0.001105,0.060317,4.8e-05,-0.000435,0.006154,0.00067,SL_HIT,-1.0,SL_HIT,False,0.60-0.70%
27,SOLUSD,LONG,2024-07-02T14:00:00+00:00,2024-07-02T14:00:00+00:00,2024-07-02T17:00:00+00:00,148.3682,146.918,1.4502,0.9784,148.0057,146.918,149.1897,0.7349,0.8,47.6274,0.006154,-35.0,38.1019,0.002345,0.00067,0.031906,2.6e-05,0.00023,0.008498,0.0009,TP_HIT,1.0886,TP_HIT,False,0.70-0.80%
28,SOLUSD,SHORT,2024-07-05T15:00:00+00:00,2024-07-05T15:00:00+00:00,2024-07-05T16:00:00+00:00,135.9,133.925,1.975,1.4646,134.4188,135.9,133.3434,1.102,0.8,31.7614,0.008498,-35.0,25.4091,-0.002974,0.0009,0.028574,2.3e-05,-0.000338,0.005524,0.000562,SL_HIT,-1.0,SL_HIT_CONSERVATIVE_AMBIGUITY,True,1.00-1.50%
29,XRPUSD,LONG,2024-07-06T01:00:00+00:00,2024-07-06T01:00:00+00:00,2024-07-06T06:00:00+00:00,0.4272,0.422,0.0052,1.2201,0.4259,0.422,0.4293,0.9157,0.8,38.2218,0.005524,-35.0,30.5774,0.001689,0.000562,0.021477,1.7e-05,0.000155,0.007213,0.000717,TP_HIT,0.8736,TP_HIT,False,0.80-1.00%
30,BTCUSD,SHORT,2024-07-06T23:00:00+00:00,2024-07-06T23:00:00+00:00,2024-07-07T04:00:00+00:00,58666.5,58149.0,517.5,0.8885,58278.375,58666.5,57812.148,0.666,0.8,52.5538,0.007213,-35.0,42.043,0.003033,0.000717,0.037657,3e-05,0.000271,0.010246,0.000988,TP_HIT,1.2012,TP_HIT,False,0.60-0.70%
31,XRPUSD,LONG,2024-07-07T13:00:00+00:00,2024-07-07T13:00:00+00:00,2024-07-07T14:00:00+00:00,0.4284,0.4238,0.0046,1.0763,0.4273,0.4238,0.4307,0.8075,0.8,43.3442,0.010246,-35.0,34.6754,-0.003586,0.000988,0.04281,3.4e-05,-0.00038,0.00666,0.000608,SL_HIT,-1.0,SL_HIT,False,0.80-1.00%
32,BTCUSD,LONG,2024-07-07T22:00:00+00:00,2024-07-07T22:00:00+00:00,2024-07-07T23:00:00+00:00,56486.5,56017.5,469.0,0.8318,56369.25,56017.5,56820.204,0.624,0.8,56.0888,0.00666,-35.0,44.871,-0.002331,0.000608,0.034087,2.7e-05,-0.00024,0.004329,0.000368,SL_HIT,-1.0,SL_HIT,False,0.60-0.70%
33,BTCUSD,SHORT,2024-07-08T08:00:00+00:00,2024-07-08T08:00:00+00:00,2024-07-08T09:00:00+00:00,57914.0,57491.5,422.5,0.7313,57597.125,57914.0,57136.348,0.5502,0.8,63.6181,0.004329,-35.0,50.8945,-0.001515,0.000368,0.023396,1.9e-05,-0.000147,0.002814,0.00022,SL_HIT,-1.0,SL_HIT,False,0.50-0.60%
34,ETHUSD,SHORT,2024-07-10T01:00:00+00:00,2024-07-10T01:00:00+00:00,2024-07-10T03:00:00+00:00,3080.05,3046.75,33.3,1.0888,3055.075,3080.05,3030.6344,0.8175,0.8,42.8139,0.002814,-35.0,34.2511,-0.000985,0.00022,0.009433,8e-06,-8.5e-05,0.001829,0.000136,SL_HIT,-1.0,SL_HIT,False,0.80-1.00%
35,BTCUSD,LONG,2024-07-10T13:00:00+00:00,2024-07-10T13:00:00+00:00,2024-07-10T20:00:00+00:00,58008.5,57347.5,661.0,1.1444,57843.25,57347.5,58305.996,0.8571,0.8,40.8374,0.001829,-35.0,32.6699,-0.00064,0.000136,0.00554,4e-06,-5.2e-05,0.001189,8.4e-05,SL_HIT,-1.0,SL_HIT,False,0.80-1.00%
36,ETHUSD,SHORT,2024-07-11T05:00:00+00:00,2024-07-11T05:00:00+00:00,2024-07-11T08:00:00+00:00,3130.1,3090.85,39.25,1.2669,3100.6625,3130.1,3075.8572,0.9494,0.8,36.8656,0.001189,-35.0,29.4925,-0.000416,8.4e-05,0.003088,2e-06,-3.2e-05,0.000773,5.2e-05,SL_HIT,-1.0,SL_HIT,False,0.80-1.00%
37,ETHUSD,SHORT,2024-07-11T09:00:00+00:00,2024-07-11T09:00:00+00:00,2024-07-11T12:00:00+00:00,3168.3,3140.6,27.7,0.8811,3147.525,3168.3,3122.3448,0.66,0.8,53.0269,0.000773,-35.0,42.4215,-0.00027,5.2e-05,0.002756,2e-06,-2e-05,0.000502,3.2e-05,SL_HIT,-1.0,SL_HIT_CONSERVATIVE_AMBIGUITY,False,0.60-0.70%
38,BTCUSD,LONG,2024-07-11T14:00:00+00:00,2024-07-11T14:00:00+00:00,2024-07-12T01:00:00+00:00,57960.0,57055.0,905.0,1.5663,57733.75,57055.0,58195.62,1.1757,0.8,29.7706,0.000502,-35.0,23.8165,-0.000176,3.2e-05,0.00094,1e-06,-1.2e-05,0.000326,2e-05,SL_HIT,-1.0,SL_HIT_CONSERVATIVE_AMBIGUITY,False,1.00-1.50%
39,ETHUSD,LONG,2024-07-14T13:00:00+00:00,2024-07-14T13:00:00+00:00,2024-07-14T21:00:00+00:00,3188.0,3163.7,24.3,0.7632,3181.925,3163.7,3207.3804,0.5728,0.8,61.1069,0.000326,-35.0,48.8855,0.00016,2e-05,0.001208,1e-06,9e-06,0.000486,2.8e-05,TP_HIT,1.3967,TP_HIT,False,0.50-0.60%
40,XRPUSD,SHORT,2024-07-15T04:00:00+00:00,2024-07-15T04:00:00+00:00,2024-07-15T10:00:00+00:00,0.5345,0.5292,0.0053,1.0013,0.5305,0.5345,0.5263,0.7493,0.8,46.7129,0.000486,-35.0,37.3703,-0.00017,2.8e-05,0.00133,1e-06,-1.1e-05,0.000316,1.7e-05,SL_HIT,-1.0,SL_HIT_CONSERVATIVE_AMBIGUITY,False,0.70-0.80%
41,XRPUSD,LONG,2024-07-15T15:00:00+00:00,2024-07-15T15:00:00+00:00,2024-07-15T16:00:00+00:00,0.526,0.5198,0.0062,1.1837,0.5245,0.5198,0.5286,0.8866,0.8,39.4747,0.000316,-35.0,31.5798,0.0001,1.7e-05,0.000689,1e-06,5e-06,0.000416,2.2e-05,TP_HIT,0.9023,TP_HIT,False,0.80-1.00%
42,ETHUSD,LONG,2024-07-17T15:00:00+00:00,2024-07-17T15:00:00+00:00,2024-07-17T16:00:00+00:00,3439.7,3414.85,24.85,0.7227,3433.4875,3414.85,3460.9554,0.5428,0.8,64.4786,0.000416,-35.0,51.5829,-0.000146,2.2e-05,0.001444,1e-06,-9e-06,0.00027,1.3e-05,SL_HIT,-1.0,SL_HIT,False,0.50-0.60%
43,ETHUSD,SHORT,2024-07-18T01:00:00+00:00,2024-07-18T01:00:00+00:00,2024-07-18T02:00:00+00:00,3428.9,3413.15,15.75,0.4601,3417.0875,3428.9,3389.7508,0.3457,0.8,101.247,0.00027,-35.0,80.9976,-9.5e-05,1.3e-05,0.001357,1e-06,-6e-06,0.000176,8e-06,SL_HIT,-1.0,SL_HIT,False,<0.50%
44,XRPUSD,LONG,2024-07-18T07:00:00+00:00,2024-07-18T07:00:00+00:00,2024-07-18T08:00:00+00:00,0.5793,0.5737,0.0056,0.9669,0.5779,0.5737,0.5825,0.7268,0.8,48.1583,0.000176,-35.0,38.5267,-6.1e-05,8e-06,0.000367,0.0,-3e-06,0.000114,5e-06,SL_HIT,-1.0,SL_HIT,False,0.70-0.80%
45,SOLUSD,SHORT,2024-07-19T03:00:00+00:00,2024-07-19T03:00:00+00:00,2024-07-19T06:00:00+00:00,163.603,161.626,1.977,1.2229,162.1202,163.603,160.8233,0.9146,0.8,38.2681,0.000114,-35.0,30.6145,-4e-05,5e-06,0.000178,0.0,-2e-06,7.4e-05,3e-06,SL_HIT,-1.0,SL_HIT_CONSERVATIVE_AMBIGUITY,False,0.80-1.00%
46,ETHUSD,LONG,2024-07-19T07:00:00+00:00,2024-07-19T07:00:00+00:00,2024-07-19T08:00:00+00:00,3415.4,3384.25,31.15,0.9183,3407.6125,3384.25,3434.8734,0.6856,0.8,51.0504,7.4e-05,-35.0,40.8403,-2.6e-05,3e-06,0.000147,0.0,-1e-06,4.8e-05,2e-06,SL_HIT,-1.0,SL_HIT,False,0.60-0.70%
47,XRPUSD,SHORT,2024-07-19T16:00:00+00:00,2024-07-19T16:00:00+00:00,2024-07-19T17:00:00+00:00,0.5838,0.575,0.0088,1.5209,0.5772,0.5838,0.5726,1.1435,0.8,30.6091,4.8e-05,-35.0,24.4873,-1.7e-05,2e-06,5.4e-05,0.0,-1e-06,3.1e-05,1e-06,SL_HIT,-1.0,SL_HIT_CONSERVATIVE_AMBIGUITY,True,1.00-1.50%
48,SOLUSD,SHORT,2024-07-20T00:00:00+00:00,2024-07-20T00:00:00+00:00,2024-07-20T17:00:00+00:00,172.754,169.3945,3.3595,1.9832,170.2344,172.754,168.8725,1.4801,0.8,23.6472,3.1e-05,-35.0,18.9177,-1.1e-05,1e-06,2.6e-05,0.0,-0.0,2e-05,1e-06,SL_HIT,-1.0,SL_HIT_CONSERVATIVE_AMBIGUITY,False,1.00-1.50%
49,XRPUSD,LONG,2024-07-21T05:00:00+00:00,2024-07-21T05:00:00+00:00,2024-07-21T08:00:00+00:00,0.5978,0.5884,0.0094,1.5777,0.5955,0.5884,0.6002,1.184,0.8,29.5613,2e-05,-35.0,23.6491,-7e-06,1e-06,2.1e-05,0.0,-0.0,1.3e-05,0.0,SL_HIT,-1.0,SL_HIT,False,1.00-1.50%
50,BTCUSD,SHORT,2024-07-21T14:00:00+00:00,2024-07-21T14:00:00+00:00,2024-07-21T15:00:00+00:00,67425.5,67026.5,399.0,0.5931,67126.25,67425.5,66589.24,0.4458,0.8,78.5102,1.3e-05,-35.0,62.8082,-5e-06,0.0,3.4e-05,0.0,-0.0,9e-06,0.0,SL_HIT,-1.0,SL_HIT,False,<0.50%
51,BTCUSD,LONG,2024-07-21T17:00:00+00:00,2024-07-21T17:00:00+00:00,2024-07-21T18:00:00+00:00,66649.5,66268.0,381.5,0.5724,66554.125,66268.0,67086.558,0.4299,0.8,81.4118,9e-06,-35.0,65.1294,-3e-06,0.0,2.1e-05,0.0,-0.0,6e-06,0.0,SL_HIT,-1.0,SL_HIT_CONSERVATIVE_AMBIGUITY,True,<0.50%
52,ETHUSD,SHORT,2024-07-21T19:00:00+00:00,2024-07-21T19:00:00+00:00,2024-07-21T20:00:00+00:00,3520.7,3487.0,33.7,0.9654,3495.425,3520.7,3467.4616,0.7231,0.8,48.4035,6e-06,-35.0,38.7228,-2e-06,0.0,7e-06,0.0,-0.0,4e-06,0.0,SL_HIT,-1.0,SL_HIT,False,0.70-0.80%
53,XRPUSD,SHORT,2024-07-22T02:00:00+00:00,2024-07-22T02:00:00+00:00,2024-07-22T11:00:00+00:00,0.6082,0.5958,0.0124,2.0743,0.5989,0.6082,0.5941,1.5528,0.8,22.5392,4e-06,-35.0,18.0314,-1e-06,0.0,2e-06,0.0,-0.0,2e-06,0.0,SL_HIT,-1.0,SL_HIT_CONSERVATIVE_AMBIGUITY,False,>1.50%
54,ETHUSD,SHORT,2024-07-22T19:00:00+00:00,2024-07-22T19:00:00+00:00,2024-07-22T21:00:00+00:00,3507.65,3492.0,15.65,0.4475,3495.9125,3507.65,3467.9452,0.3357,0.8,104.2445,2e-06,-35.0,83.3956,2e-06,0.0,6e-06,0.0,0.0,4e-06,0.0,TP_HIT,2.3827,TP_HIT,False,<0.50%
55,ETHUSD,LONG,2024-07-23T13:00:00+00:00,2024-07-23T13:00:00+00:00,2024-07-23T14:00:00+00:00,3460.0,3425.15,34.85,1.0131,3451.2875,3425.15,3478.8978,0.7573,0.8,46.2152,4e-06,-35.0,36.9722,2e-06,0.0,5e-06,0.0,0.0,6e-06,0.0,TP_HIT,1.0563,TP_HIT,False,0.70-0.80%
56,ETHUSD,LONG,2024-07-23T16:00:00+00:00,2024-07-23T16:00:00+00:00,2024-07-23T19:00:00+00:00,3420.75,3367.25,53.5,1.5719,3407.375,3367.25,3434.634,1.1776,0.8,29.7217,6e-06,-35.0,23.7773,1e-06,0.0,4e-06,0.0,0.0,7e-06,0.0,TP_HIT,0.6794,TP_HIT,False,1.00-1.50%
57,SOLUSD,SHORT,2024-07-24T11:00:00+00:00,2024-07-24T11:00:00+00:00,2024-07-24T13:00:00+00:00,178.706,177.265,1.441,0.8098,177.6252,178.706,176.2042,0.6084,0.8,57.5238,7e-06,-35.0,46.019,-3e-06,0.0,9e-06,0.0,-0.0,5e-06,0.0,SL_HIT,-1.0,SL_HIT_CONSERVATIVE_AMBIGUITY,False,0.60-0.70%
58,BTCUSD,LONG,2024-07-24T18:00:00+00:00,2024-07-24T18:00:00+00:00,2024-07-24T21:00:00+00:00,65939.0,65486.0,453.0,0.6888,65825.75,65486.0,66352.356,0.5161,0.8,67.8117,5e-06,-35.0,54.2493,-2e-06,0.0,7e-06,0.0,-0.0,3e-06,0.0,SL_HIT,-1.0,SL_HIT,False,0.50-0.60%
59,BTCUSD,SHORT,2024-07-26T18:00:00+00:00,2024-07-26T18:00:00+00:00,2024-07-27T07:00:00+00:00,68250.0,67368.5,881.5,1.3046,67588.875,68250.0,67048.164,0.9782,0.8,35.7816,3e-06,-35.0,28.6253,-1e-06,0.0,2e-06,0.0,-0.0,2e-06,0.0,SL_HIT,-1.0,SL_HIT,False,0.80-1.00%
60,SOLUSD,LONG,2024-07-27T15:00:00+00:00,2024-07-27T15:00:00+00:00,2024-07-27T20:00:00+00:00,183.09,179.166,3.924,2.1501,182.109,179.166,183.5659,1.6161,0.8,21.6575,2e-06,-35.0,17.326,-1e-06,0.0,1e-06,0.0,-0.0,1e-06,0.0,SL_HIT,-1.0,SL_HIT_CONSERVATIVE_AMBIGUITY,False,>1.50%
61,XRPUSD,SHORT,2024-07-28T05:00:00+00:00,2024-07-28T05:00:00+00:00,2024-07-28T08:00:00+00:00,0.6094,0.6017,0.0077,1.2757,0.6036,0.6094,0.5988,0.9567,0.8,36.5833,1e-06,-35.0,29.2667,-0.0,0.0,1e-06,0.0,-0.0,1e-06,0.0,SL_HIT,-1.0,SL_HIT_CONSERVATIVE_AMBIGUITY,False,0.80-1.00%
62,BTCUSD,SHORT,2024-07-29T10:00:00+00:00,2024-07-29T10:00:00+00:00,2024-07-29T13:00:00+00:00,70024.0,69573.0,451.0,0.6478,69685.75,70024.0,69128.264,0.4854,0.8,72.1065,1e-06,-35.0,57.6852,-0.0,0.0,1e-06,0.0,-0.0,1e-06,0.0,SL_HIT,-1.0,SL_HIT_CONSERVATIVE_AMBIGUITY,False,<0.50%
63,SOLUSD,LONG,2024-07-29T21:00:00+00:00,2024-07-29T21:00:00+00:00,2024-07-29T23:00:00+00:00,184.245,182.603,1.642,0.8934,183.8345,182.603,185.3052,0.6699,0.8,52.2469,1e-06,-35.0,41.7975,-0.0,0.0,0.0,0.0,-0.0,0.0,0.0,SL_HIT,-1.0,SL_HIT_CONSERVATIVE_AMBIGUITY,False,0.60-0.70%
64,BTCUSD,LONG,2024-07-30T13:00:00+00:00,2024-07-30T13:00:00+00:00,2024-07-30T14:00:00+00:00,66469.0,65940.5,528.5,0.7961,66336.875,65940.5,66867.57,0.5975,0.8,58.5756,0.0,-35.0,46.8605,-0.0,0.0,0.0,0.0,-0.0,0.0,0.0,SL_HIT,-1.0,SL_HIT,False,0.50-0.60%
65,ETHUSD,LONG,2024-07-30T14:00:00+00:00,2024-07-30T14:00:00+00:00,2024-07-30T18:00:00+00:00,3315.15,3284.7,30.45,0.9223,3307.5375,3284.7,3333.9978,0.6905,0.8,50.6902,0.0,-35.0,40.5522,-0.0,0.0,0.0,0.0,-0.0,0.0,0.0,SL_HIT,-1.0,SL_HIT_CONSERVATIVE_AMBIGUITY,False,0.60-0.70%
66,SOLUSD,SHORT,2024-07-31T01:00:00+00:00,2024-07-31T01:00:00+00:00,2024-07-31T19:00:00+00:00,184.844,181.454,3.39,1.8679,182.3015,184.844,180.8431,1.3947,0.8,25.0956,0.0,-35.0,20.0765,0.0,0.0,0.0,0.0,0.0,0.0,0.0,TP_HIT,0.5736,TP_HIT,False,1.00-1.50%
67,XRPUSD,LONG,2024-07-31T20:00:00+00:00,2024-07-31T20:00:00+00:00,2024-08-01T02:00:00+00:00,0.6291,0.6193,0.0098,1.57,0.6266,0.6193,0.6317,1.1729,0.8,29.8405,0.0,-35.0,23.8724,-0.0,0.0,0.0,0.0,-0.0,0.0,0.0,SL_HIT,-1.0,SL_HIT_CONSERVATIVE_AMBIGUITY,False,1.00-1.50%
68,XRPUSD,LONG,2024-08-01T13:00:00+00:00,2024-08-01T13:00:00+00:00,2024-08-01T14:00:00+00:00,0.61,0.6017,0.0083,1.3667,0.6079,0.6017,0.6128,1.024,0.8,34.1805,0.0,-35.0,27.3444,-0.0,0.0,0.0,0.0,-0.0,0.0,0.0,SL_HIT,-1.0,SL_HIT,False,1.00-1.50%
69,XRPUSD,LONG,2024-08-01T14:00:00+00:00,2024-08-01T14:00:00+00:00,2024-08-01T15:00:00+00:00,0.596,0.5913,0.0047,0.7911,0.5948,0.5913,0.5996,0.5926,0.8,59.0606,0.0,-35.0,47.2485,-0.0,0.0,0.0,0.0,-0.0,0.0,0.0,SL_HIT,-1.0,SL_HIT,False,0.50-0.60%
70,XRPUSD,LONG,2024-08-01T15:00:00+00:00,2024-08-01T15:00:00+00:00,2024-08-01T16:00:00+00:00,0.5902,0.5805,0.0097,1.6547,0.5878,0.5805,0.5925,1.2377,0.8,28.2778,0.0,-35.0,22.6223,-0.0,0.0,0.0,0.0,-0.0,0.0,0.0,SL_HIT,-1.0,SL_HIT,False,1.00-1.50%
71,BTCUSD,SHORT,2024-08-01T20:00:00+00:00,2024-08-01T20:00:00+00:00,2024-08-01T21:00:00+00:00,64953.5,64462.5,491.0,0.7581,64585.25,64953.5,64068.568,0.5702,0.8,61.3845,0.0,-35.0,49.1076,-0.0,0.0,0.0,0.0,-0.0,0.0,0.0,SL_HIT,-1.0,SL_HIT,False,0.50-0.60%
72,XRPUSD,LONG,2024-08-03T15:00:00+00:00,2024-08-03T15:00:00+00:00,2024-08-03T19:00:00+00:00,0.5583,0.5435,0.0148,2.6566,0.5546,0.5435,0.559,2.0014,0.8,17.4874,0.0,-35.0,13.9899,-0.0,0.0,0.0,0.0,-0.0,0.0,0.0,SL_HIT,-1.0,SL_HIT_CONSERVATIVE_AMBIGUITY,False,>1.50%
73,SOLUSD,SHORT,2024-08-06T05:00:00+00:00,2024-08-06T05:00:00+00:00,2024-08-06T06:00:00+00:00,143.809,141.273,2.536,1.7728,141.907,143.809,140.7717,1.3403,0.8,26.1133,0.0,-35.0,20.8906,-0.0,0.0,0.0,0.0,-0.0,0.0,0.0,SL_HIT,-1.0,SL_HIT_CONSERVATIVE_AMBIGUITY,True,1.00-1.50%
74,BTCUSD,LONG,2024-08-07T11:00:00+00:00,2024-08-07T11:00:00+00:00,2024-08-07T14:00:00+00:00,57273.5,56480.5,793.0,1.3922,57075.25,56480.5,57531.852,1.042,0.8,33.5878,0.0,-35.0,26.8702,-0.0,0.0,0.0,0.0,-0.0,0.0,0.0,SL_HIT,-1.0,SL_HIT_CONSERVATIVE_AMBIGUITY,False,1.00-1.50%
75,BTCUSD,LONG,2024-08-07T14:00:00+00:00,2024-08-07T14:00:00+00:00,2024-08-07T17:00:00+00:00,56365.0,55553.0,812.0,1.4478,56162.0,55553.0,56611.296,1.0844,0.8,32.277,0.0,-35.0,25.8216,-0.0,0.0,0.0,0.0,-0.0,0.0,0.0,SL_HIT,-1.0,SL_HIT_CONSERVATIVE_AMBIGUITY,False,1.00-1.50%
76,BTCUSD,LONG,2024-08-07T18:00:00+00:00,2024-08-07T18:00:00+00:00,2024-08-08T01:00:00+00:00,55409.5,54399.5,1010.0,1.8429,55157.0,54399.5,55598.256,1.3734,0.8,25.4851,0.0,-35.0,20.3881,0.0,0.0,0.0,0.0,0.0,0.0,0.0,TP_HIT,0.5825,TP_HIT,False,1.00-1.50%
77,XRPUSD,LONG,2024-08-08T20:00:00+00:00,2024-08-08T20:00:00+00:00,2024-08-09T05:00:00+00:00,0.6168,0.6001,0.0167,2.727,0.6126,0.6001,0.6175,2.0445,0.8,17.1193,0.0,-35.0,13.6954,-0.0,0.0,0.0,0.0,-0.0,0.0,0.0,SL_HIT,-1.0,SL_HIT_CONSERVATIVE_AMBIGUITY,False,>1.50%
78,SOLUSD,LONG,2024-08-09T14:00:00+00:00,2024-08-09T14:00:00+00:00,2024-08-09T15:00:00+00:00,154.347,151.597,2.75,1.7895,153.6595,151.597,154.8888,1.3423,0.8,26.0756,0.0,-35.0,20.8604,-0.0,0.0,0.0,0.0,-0.0,0.0,0.0,SL_HIT,-1.0,SL_HIT_CONSERVATIVE_AMBIGUITY,True,1.00-1.50%
79,XRPUSD,LONG,2024-08-10T18:00:00+00:00,2024-08-10T18:00:00+00:00,2024-08-10T23:00:00+00:00,0.5941,0.5824,0.0117,1.9707,0.5912,0.5824,0.5959,1.4843,0.8,23.5796,0.0,-35.0,18.8637,-0.0,0.0,0.0,0.0,-0.0,0.0,0.0,SL_HIT,-1.0,SL_HIT_CONSERVATIVE_AMBIGUITY,False,1.00-1.50%
80,ETHUSD,SHORT,2024-08-11T08:00:00+00:00,2024-08-11T08:00:00+00:00,2024-08-11T09:00:00+00:00,2707.45,2659.25,48.2,1.7948,2671.3,2707.45,2649.9296,1.3533,0.8,25.8632,0.0,-35.0,20.6906,-0.0,0.0,0.0,0.0,-0.0,0.0,0.0,SL_HIT,-1.0,SL_HIT,False,1.00-1.50%
81,BTCUSD,LONG,2024-08-11T09:00:00+00:00,2024-08-11T09:00:00+00:00,2024-08-11T11:00:00+00:00,61199.0,60722.0,477.0,0.7806,61079.75,60722.0,61568.388,0.5857,0.8,59.7566,0.0,-35.0,47.8053,-0.0,0.0,0.0,0.0,-0.0,0.0,0.0,SL_HIT,-1.0,SL_HIT,False,0.50-0.60%
82,ETHUSD,LONG,2024-08-13T03:00:00+00:00,2024-08-13T03:00:00+00:00,2024-08-13T09:00:00+00:00,2675.9,2628.1,47.8,1.7995,2663.95,2628.1,2685.2616,1.3457,0.8,26.0079,0.0,-35.0,20.8063,-0.0,0.0,0.0,0.0,-0.0,0.0,0.0,SL_HIT,-1.0,SL_HIT,False,1.00-1.50%
83,XRPUSD,LONG,2024-08-13T19:00:00+00:00,2024-08-13T19:00:00+00:00,2024-08-14T14:00:00+00:00,0.5792,0.5654,0.0138,2.3863,0.5757,0.5654,0.5804,1.7977,0.8,19.4698,0.0,-35.0,15.5758,-0.0,0.0,0.0,0.0,-0.0,0.0,0.0,SL_HIT,-1.0,SL_HIT_CONSERVATIVE_AMBIGUITY,False,>1.50%
84,XRPUSD,LONG,2024-08-15T05:00:00+00:00,2024-08-15T05:00:00+00:00,2024-08-15T06:00:00+00:00,0.5669,0.5625,0.0044,0.7775,0.5658,0.5625,0.5703,0.5832,0.8,60.0091,0.0,-35.0,48.0073,-0.0,0.0,0.0,0.0,-0.0,0.0,0.0,SL_HIT,-1.0,SL_HIT,False,0.50-0.60%
85,XRPUSD,SHORT,2024-08-15T11:00:00+00:00,2024-08-15T11:00:00+00:00,2024-08-15T18:00:00+00:00,0.5745,0.5675,0.007,1.2283,0.5693,0.5745,0.5647,0.9223,0.8,37.95,0.0,-35.0,30.36,0.0,0.0,0.0,0.0,0.0,0.0,0.0,TP_HIT,0.8674,TP_HIT,False,0.80-1.00%
86,SOLUSD,LONG,2024-08-15T18:00:00+00:00,2024-08-15T18:00:00+00:00,2024-08-18T10:00:00+00:00,140.6,136.212,4.388,3.1617,139.503,136.212,140.619,2.3591,0.8,14.8362,0.0,-35.0,11.869,0.0,0.0,0.0,0.0,0.0,0.0,0.0,TP_HIT,0.3391,TP_HIT,False,>1.50%
87,SOLUSD,LONG,2024-08-18T21:00:00+00:00,2024-08-18T21:00:00+00:00,2024-08-18T23:00:00+00:00,145.637,144.38,1.257,0.8667,145.3227,144.38,146.4853,0.6487,0.8,53.9517,0.0,-35.0,43.1614,-0.0,0.0,0.0,0.0,-0.0,0.0,0.0,SL_HIT,-1.0,SL_HIT,False,0.60-0.70%
88,SOLUSD,LONG,2024-08-19T09:00:00+00:00,2024-08-19T09:00:00+00:00,2024-08-19T10:00:00+00:00,141.658,140.647,1.011,0.7162,141.4052,140.647,142.5365,0.5362,0.8,65.2711,0.0,-35.0,52.2169,-0.0,0.0,0.0,0.0,-0.0,0.0,0.0,SL_HIT,-1.0,SL_HIT,False,0.50-0.60%
89,SOLUSD,SHORT,2024-08-19T11:00:00+00:00,2024-08-19T11:00:00+00:00,2024-08-19T13:00:00+00:00,143.589,142.138,1.451,1.0193,142.5008,143.589,141.3607,0.7637,0.8,45.8307,0.0,-35.0,36.6646,-0.0,0.0,0.0,0.0,-0.0,0.0,0.0,SL_HIT,-1.0,SL_HIT,False,0.70-0.80%
90,SOLUSD,LONG,2024-08-21T11:00:00+00:00,2024-08-21T11:00:00+00:00,2024-08-21T13:00:00+00:00,141.667,140.425,1.242,0.8781,141.3565,140.425,142.4874,0.659,0.8,53.113,0.0,-35.0,42.4904,-0.0,0.0,0.0,0.0,-0.0,0.0,0.0,SL_HIT,-1.0,SL_HIT,False,0.60-0.70%
91,SOLUSD,SHORT,2024-08-21T18:00:00+00:00,2024-08-21T18:00:00+00:00,2024-08-21T20:00:00+00:00,143.813,142.656,1.157,0.8098,142.9452,143.813,141.8017,0.6071,0.8,57.6558,0.0,-35.0,46.1247,-0.0,0.0,0.0,0.0,-0.0,0.0,0.0,SL_HIT,-1.0,SL_HIT_CONSERVATIVE_AMBIGUITY,False,0.60-0.70%
92,XRPUSD,LONG,2024-08-22T02:00:00+00:00,2024-08-22T02:00:00+00:00,2024-08-23T21:00:00+00:00,0.5963,0.5854,0.0109,1.8307,0.5936,0.5854,0.5983,1.3772,0.8,25.413,0.0,-35.0,20.3304,0.0,0.0,0.0,0.0,0.0,0.0,0.0,TP_HIT,0.5809,TP_HIT,False,1.00-1.50%
93,BTCUSD,SHORT,2024-08-24T23:00:00+00:00,2024-08-24T23:00:00+00:00,2024-08-25T00:00:00+00:00,64440.0,63928.5,511.5,0.7974,64056.375,64440.0,63543.924,0.5989,0.8,58.4418,0.0,-35.0,46.7534,-0.0,0.0,0.0,0.0,-0.0,0.0,0.0,SL_HIT,-1.0,SL_HIT,False,0.50-0.60%
94,SOLUSD,SHORT,2024-08-25T14:00:00+00:00,2024-08-25T14:00:00+00:00,2024-08-25T21:00:00+00:00,160.724,159.084,1.64,1.0303,159.494,160.724,158.218,0.7712,0.8,45.3845,0.0,-35.0,36.3076,-0.0,0.0,0.0,0.0,-0.0,0.0,0.0,SL_HIT,-1.0,SL_HIT_CONSERVATIVE_AMBIGUITY,False,0.70-0.80%
95,SOLUSD,LONG,2024-08-26T12:00:00+00:00,2024-08-26T12:00:00+00:00,2024-08-26T14:00:00+00:00,159.532,158.463,1.069,0.6704,159.2647,158.463,160.5389,0.5034,0.8,69.5262,0.0,-35.0,55.621,-0.0,0.0,0.0,0.0,-0.0,0.0,0.0,SL_HIT,-1.0,SL_HIT_CONSERVATIVE_AMBIGUITY,False,0.50-0.60%
96,SOLUSD,LONG,2024-08-26T14:00:00+00:00,2024-08-26T14:00:00+00:00,2024-08-27T10:00:00+00:00,157.7931,155.373,2.4201,1.5377,157.1881,155.373,158.4456,1.1547,0.8,30.3105,0.0,-35.0,24.2484,-0.0,0.0,0.0,0.0,-0.0,0.0,0.0,SL_HIT,-1.0,SL_HIT_CONSERVATIVE_AMBIGUITY,False,1.00-1.50%
97,ETHUSD,LONG,2024-08-27T20:00:00+00:00,2024-08-27T20:00:00+00:00,2024-08-27T21:00:00+00:00,2585.1,2554.45,30.65,1.1878,2577.4375,2554.45,2598.057,0.8919,0.8,39.2432,0.0,-35.0,31.3946,-0.0,0.0,0.0,0.0,-0.0,0.0,0.0,SL_HIT,-1.0,SL_HIT,False,0.80-1.00%
98,SOLUSD,SHORT,2024-08-28T09:00:00+00:00,2024-08-28T09:00:00+00:00,2024-08-28T14:00:00+00:00,149.331,147.248,2.083,1.4073,147.7687,149.331,146.5866,1.0572,0.8,33.1055,0.0,-35.0,26.4844,0.0,0.0,0.0,0.0,0.0,0.0,0.0,TP_HIT,0.7567,TP_HIT,False,1.00-1.50%
99,BTCUSD,LONG,2024-08-29T18:00:00+00:00,2024-08-29T18:00:00+00:00,2024-08-30T14:00:00+00:00,59604.0,58629.0,975.0,1.6482,59360.25,58629.0,59835.132,1.2319,0.8,28.4117,0.0,-35.0,22.7294,-0.0,0.0,0.0,0.0,-0.0,0.0,0.0,SL_HIT,-1.0,SL_HIT_CONSERVATIVE_AMBIGUITY,False,1.00-1.50%
100,ETHUSD,SHORT,2024-08-30T18:00:00+00:00,2024-08-30T18:00:00+00:00,2024-09-01T05:00:00+00:00,2551.4,2510.25,41.15,1.6227,2520.5375,2551.4,2500.3732,1.2244,0.8,28.5845,0.0,-35.0,22.8676,0.0,0.0,0.0,0.0,0.0,0.0,0.0,TP_HIT,0.6534,TP_HIT,False,1.00-1.50%
101,ETHUSD,SHORT,2024-09-01T15:00:00+00:00,2024-09-01T15:00:00+00:00,2024-09-01T17:00:00+00:00,2493.25,2477.55,15.7,0.633,2481.475,2493.25,2461.6232,0.4745,0.8,73.7593,0.0,-35.0,59.0075,0.0,0.0,0.0,0.0,0.0,0.0,0.0,TP_HIT,1.6859,TP_HIT,False,<0.50%
102,SOLUSD,LONG,2024-09-02T03:00:00+00:00,2024-09-02T03:00:00+00:00,2024-09-02T20:00:00+00:00,130.426,126.855,3.571,2.7483,129.5332,126.855,130.5695,2.0676,0.8,16.9277,0.0,-35.0,13.5422,0.0,0.0,0.0,0.0,0.0,0.0,0.0,TP_HIT,0.3869,TP_HIT,False,>1.50%
103,SOLUSD,SHORT,2024-09-02T20:00:00+00:00,2024-09-02T20:00:00+00:00,2024-09-03T02:00:00+00:00,136.157,134.573,1.584,1.176,134.969,136.157,133.8892,0.8802,0.8,39.7636,0.0,-35.0,31.8109,-0.0,0.0,0.0,0.0,-0.0,0.0,0.0,SL_HIT,-1.0,SL_HIT_CONSERVATIVE_AMBIGUITY,False,0.80-1.00%
104,ETHUSD,LONG,2024-09-03T03:00:00+00:00,2024-09-03T03:00:00+00:00,2024-09-03T13:00:00+00:00,2527.9,2492.55,35.35,1.4048,2519.0625,2492.55,2539.215,1.0525,0.8,33.255,0.0,-35.0,26.604,-0.0,0.0,0.0,0.0,-0.0,0.0,0.0,SL_HIT,-1.0,SL_HIT,False,1.00-1.50%
105,ETHUSD,LONG,2024-09-03T22:00:00+00:00,2024-09-03T22:00:00+00:00,2024-09-03T23:00:00+00:00,2455.1,2424.1,31.0,1.2633,2447.35,2424.1,2466.9288,0.95,0.8,36.8418,0.0,-35.0,29.4735,-0.0,0.0,0.0,0.0,-0.0,0.0,0.0,SL_HIT,-1.0,SL_HIT,False,0.80-1.00%
106,BTCUSD,SHORT,2024-09-05T17:00:00+00:00,2024-09-05T17:00:00+00:00,2024-09-06T07:00:00+00:00,57325.0,56472.5,852.5,1.5062,56685.625,57325.0,56232.14,1.1279,0.8,31.0303,0.0,-35.0,24.8242,0.0,0.0,0.0,0.0,0.0,0.0,0.0,TP_HIT,0.7093,TP_HIT,False,1.00-1.50%
107,SOLUSD,SHORT,2024-09-06T12:00:00+00:00,2024-09-06T12:00:00+00:00,2024-09-06T13:00:00+00:00,134.923,133.283,1.64,1.2274,133.693,134.923,132.6235,0.92,0.8,38.0427,0.0,-35.0,30.4342,0.0,0.0,0.0,0.0,0.0,0.0,0.0,TP_HIT,0.8695,TP_HIT,False,0.80-1.00%
108,BTCUSD,LONG,2024-09-06T13:00:00+00:00,2024-09-06T13:00:00+00:00,2024-09-06T14:00:00+00:00,55931.5,55633.0,298.5,0.534,55856.875,55633.0,56303.73,0.4008,0.8,87.3251,0.0,-35.0,69.8601,-0.0,0.0,0.0,0.0,-0.0,0.0,0.0,SL_HIT,-1.0,SL_HIT,False,<0.50%
109,SOLUSD,LONG,2024-09-06T14:00:00+00:00,2024-09-06T14:00:00+00:00,2024-09-06T15:00:00+00:00,130.132,127.51,2.622,2.0302,129.4765,127.51,130.5123,1.5188,0.8,23.0444,0.0,-35.0,18.4355,-0.0,0.0,0.0,0.0,-0.0,0.0,0.0,SL_HIT,-1.0,SL_HIT_CONSERVATIVE_AMBIGUITY,True,>1.50%
110,BTCUSD,LONG,2024-09-06T18:00:00+00:00,2024-09-06T18:00:00+00:00,2024-09-07T15:00:00+00:00,53607.5,52540.0,1067.5,2.0008,53340.625,52540.0,53767.35,1.501,0.8,23.3183,0.0,-35.0,18.6546,0.0,0.0,0.0,0.0,0.0,0.0,0.0,TP_HIT,0.533,TP_HIT,False,>1.50%
111,ETHUSD,LONG,2024-09-07T16:00:00+00:00,2024-09-07T16:00:00+00:00,2024-09-07T17:00:00+00:00,2300.0,2275.7,24.3,1.0613,2293.925,2275.7,2312.2764,0.7945,0.8,44.0534,0.0,-35.0,35.2427,-0.0,0.0,0.0,0.0,-0.0,0.0,0.0,SL_HIT,-1.0,SL_HIT,False,0.70-0.80%
112,ETHUSD,SHORT,2024-09-08T04:00:00+00:00,2024-09-08T04:00:00+00:00,2024-09-08T13:00:00+00:00,2311.2,2291.65,19.55,0.8508,2296.5375,2311.2,2278.1652,0.6385,0.8,54.8193,0.0,-35.0,43.8554,0.0,0.0,0.0,0.0,0.0,0.0,0.0,TP_HIT,1.253,TP_HIT,False,0.60-0.70%
113,SOLUSD,LONG,2024-09-08T14:00:00+00:00,2024-09-08T14:00:00+00:00,2024-09-08T17:00:00+00:00,127.861,126.47,1.391,1.0893,127.5132,126.47,128.5334,0.8182,0.8,42.7794,0.0,-35.0,34.2235,0.0,0.0,0.0,0.0,0.0,0.0,0.0,TP_HIT,0.9778,TP_HIT,False,0.80-1.00%
114,BTCUSD,SHORT,2024-09-08T17:00:00+00:00,2024-09-08T17:00:00+00:00,2024-09-08T22:00:00+00:00,54722.0,54441.0,281.0,0.5157,54511.25,54722.0,54075.16,0.3866,0.8,90.5288,0.0,-35.0,72.423,-0.0,0.0,0.0,0.0,-0.0,0.0,0.0,SL_HIT,-1.0,SL_HIT,False,<0.50%
115,XRPUSD,SHORT,2024-09-08T23:00:00+00:00,2024-09-08T23:00:00+00:00,2024-09-09T00:00:00+00:00,0.5319,0.5295,0.0024,0.4527,0.5301,0.5319,0.5259,0.3396,0.8,103.075,0.0,-35.0,82.46,0.0,0.0,0.0,0.0,0.0,0.0,0.0,TIMEOUT_EXIT,1.3333,TIMEOUT_EXIT,False,<0.50%
116,XRPUSD,LONG,2024-09-09T09:00:00+00:00,2024-09-09T09:00:00+00:00,2024-09-09T21:00:00+00:00,0.5314,0.5259,0.0055,1.0371,0.53,0.5259,0.5343,0.7783,0.8,44.9718,0.0,-35.0,35.9775,0.0,0.0,0.0,0.0,0.0,0.0,0.0,TP_HIT,1.0279,TP_HIT,False,0.70-0.80%
117,ETHUSD,SHORT,2024-09-09T21:00:00+00:00,2024-09-09T21:00:00+00:00,2024-09-11T10:00:00+00:00,2401.0,2355.8,45.2,1.9082,2367.1,2401.0,2348.1632,1.4321,0.8,24.4391,0.0,-35.0,19.5513,0.0,0.0,0.0,0.0,0.0,0.0,0.0,TP_HIT,0.5586,TP_HIT,False,1.00-1.50%
118,BTCUSD,SHORT,2024-09-11T17:00:00+00:00,2024-09-11T17:00:00+00:00,2024-09-12T01:00:00+00:00,58037.0,57316.0,721.0,1.2499,57496.25,58037.0,57036.28,0.9405,0.8,37.2144,0.0,-35.0,29.7715,-0.0,0.0,0.0,0.0,-0.0,0.0,0.0,SL_HIT,-1.0,SL_HIT_CONSERVATIVE_AMBIGUITY,False,0.80-1.00%
119,ETHUSD,LONG,2024-09-12T05:00:00+00:00,2024-09-12T05:00:00+00:00,2024-09-12T14:00:00+00:00,2359.65,2329.45,30.2,1.2815,2352.1,2329.45,2370.9168,0.963,0.8,36.3459,0.0,-35.0,29.0767,-0.0,0.0,0.0,0.0,-0.0,0.0,0.0,SL_HIT,-1.0,SL_HIT_CONSERVATIVE_AMBIGUITY,False,0.80-1.00%
120,ETHUSD,SHORT,2024-09-12T19:00:00+00:00,2024-09-12T19:00:00+00:00,2024-09-13T15:00:00+00:00,2392.0,2360.15,31.85,1.3493,2368.1125,2392.0,2349.1676,1.0087,0.8,34.6976,0.0,-35.0,27.7581,-0.0,0.0,0.0,0.0,-0.0,0.0,0.0,SL_HIT,-1.0,SL_HIT_CONSERVATIVE_AMBIGUITY,False,1.00-1.50%
121,SOLUSD,SHORT,2024-09-13T15:00:00+00:00,2024-09-13T15:00:00+00:00,2024-09-13T18:00:00+00:00,138.008,136.054,1.954,1.4309,136.5425,138.008,135.4502,1.0733,0.8,32.6099,0.0,-35.0,26.088,-0.0,0.0,0.0,0.0,-0.0,0.0,0.0,SL_HIT,-1.0,SL_HIT_CONSERVATIVE_AMBIGUITY,False,1.00-1.50%
122,SOLUSD,SHORT,2024-09-13T19:00:00+00:00,2024-09-13T19:00:00+00:00,2024-09-13T21:00:00+00:00,139.245,137.946,1.299,0.9415,138.2707,139.245,137.1646,0.7046,0.8,49.6739,0.0,-35.0,39.7391,-0.0,0.0,0.0,0.0,-0.0,0.0,0.0,SL_HIT,-1.0,SL_HIT,False,0.70-0.80%
123,ETHUSD,SHORT,2024-09-14T20:00:00+00:00,2024-09-14T20:00:00+00:00,2024-09-15T01:00:00+00:00,2423.85,2414.4,9.45,0.391,2416.7625,2423.85,2397.4284,0.2933,0.8,119.3463,0.0,-35.0,95.477,-0.0,0.0,0.0,0.0,-0.0,0.0,0.0,SL_HIT,-1.0,SL_HIT,False,<0.50%
124,XRPUSD,LONG,2024-09-15T03:00:00+00:00,2024-09-15T03:00:00+00:00,2024-09-15T11:00:00+00:00,0.5905,0.5835,0.007,1.1897,0.5887,0.5835,0.5935,0.8917,0.8,39.25,0.0,-35.0,31.4,-0.0,0.0,0.0,0.0,-0.0,0.0,0.0,SL_HIT,-1.0,SL_HIT,False,0.80-1.00%
125,BTCUSD,LONG,2024-09-15T16:00:00+00:00,2024-09-15T16:00:00+00:00,2024-09-15T17:00:00+00:00,60047.5,59873.5,174.0,0.2903,60004.0,59873.5,60484.032,0.2175,0.8,160.9303,0.0,-35.0,128.7442,-0.0,0.0,0.0,0.0,-0.0,0.0,0.0,SL_HIT,-1.0,SL_HIT,False,<0.50%
126,BTCUSD,LONG,2024-09-15T17:00:00+00:00,2024-09-15T17:00:00+00:00,2024-09-15T22:00:00+00:00,59884.0,59423.0,461.0,0.7707,59768.75,59423.0,60246.9,0.5785,0.8,60.5034,0.0,-35.0,48.4027,-0.0,0.0,0.0,0.0,-0.0,0.0,0.0,SL_HIT,-1.0,SL_HIT_CONSERVATIVE_AMBIGUITY,False,0.50-0.60%
127,SOLUSD,LONG,2024-09-17T06:00:00+00:00,2024-09-17T06:00:00+00:00,2024-09-17T15:00:00+00:00,132.39,129.947,2.443,1.8507,131.7792,129.947,132.8335,1.3904,0.8,25.1727,0.0,-35.0,20.1382,0.0,0.0,0.0,0.0,0.0,0.0,0.0,TP_HIT,0.5754,TP_HIT,False,1.00-1.50%
128,XRPUSD,LONG,2024-09-17T22:00:00+00:00,2024-09-17T22:00:00+00:00,2024-09-18T00:00:00+00:00,0.5858,0.5807,0.0051,0.8736,0.5845,0.5807,0.5892,0.6544,0.8,53.4859,0.0,-35.0,42.7888,-0.0,0.0,0.0,0.0,-0.0,0.0,0.0,SL_HIT,-1.0,SL_HIT,False,0.60-0.70%
129,BTCUSD,LONG,2024-09-18T05:00:00+00:00,2024-09-18T05:00:00+00:00,2024-09-18T09:00:00+00:00,60328.5,59870.5,458.0,0.7603,60214.0,59870.5,60695.712,0.5705,0.8,61.3534,0.0,-35.0,49.0827,-0.0,0.0,0.0,0.0,-0.0,0.0,0.0,SL_HIT,-1.0,SL_HIT_CONSERVATIVE_AMBIGUITY,False,0.50-0.60%
130,XRPUSD,LONG,2024-09-18T09:00:00+00:00,2024-09-18T09:00:00+00:00,2024-09-18T15:00:00+00:00,0.5729,0.5649,0.008,1.3964,0.5709,0.5649,0.5755,1.051,0.8,33.3025,0.0,-35.0,26.642,-0.0,0.0,0.0,0.0,-0.0,0.0,0.0,SL_HIT,-1.0,SL_HIT_CONSERVATIVE_AMBIGUITY,False,1.00-1.50%
131,XRPUSD,SHORT,2024-09-19T05:00:00+00:00,2024-09-19T05:00:00+00:00,2024-09-19T14:00:00+00:00,0.5907,0.5846,0.0061,1.0411,0.5861,0.5907,0.5814,0.7806,0.8,44.8402,0.0,-35.0,35.8721,-0.0,0.0,0.0,0.0,-0.0,0.0,0.0,SL_HIT,-1.0,SL_HIT_CONSERVATIVE_AMBIGUITY,False,0.70-0.80%
132,XRPUSD,SHORT,2024-09-20T04:00:00+00:00,2024-09-20T04:00:00+00:00,2024-09-20T13:00:00+00:00,0.5947,0.5889,0.0058,0.9826,0.5903,0.5947,0.5856,0.7369,0.8,47.4994,0.0,-35.0,37.9995,0.0,0.0,0.0,0.0,0.0,0.0,0.0,TP_HIT,1.0857,TP_HIT,False,0.70-0.80%
133,ETHUSD,SHORT,2024-09-21T18:00:00+00:00,2024-09-21T18:00:00+00:00,2024-09-21T23:00:00+00:00,2595.35,2567.75,27.6,1.074,2574.65,2595.35,2554.0528,0.804,0.8,43.5327,0.0,-35.0,34.8262,-0.0,0.0,0.0,0.0,-0.0,0.0,0.0,SL_HIT,-1.0,SL_HIT_CONSERVATIVE_AMBIGUITY,False,0.80-1.00%
134,SOLUSD,LONG,2024-09-22T01:00:00+00:00,2024-09-22T01:00:00+00:00,2024-09-22T02:00:00+00:00,148.1,147.192,0.908,0.6143,147.873,147.192,149.056,0.4605,0.8,75.9993,0.0,-35.0,60.7995,-0.0,0.0,0.0,0.0,-0.0,0.0,0.0,SL_HIT,-1.0,SL_HIT,False,<0.50%
135,SOLUSD,LONG,2024-09-22T09:00:00+00:00,2024-09-22T09:00:00+00:00,2024-09-22T10:00:00+00:00,146.193,144.676,1.517,1.0465,145.8137,144.676,146.9803,0.7803,0.8,44.8559,0.0,-35.0,35.8847,-0.0,0.0,0.0,0.0,-0.0,0.0,0.0,SL_HIT,-1.0,SL_HIT,False,0.70-0.80%
136,ETHUSD,LONG,2024-09-22T14:00:00+00:00,2024-09-22T14:00:00+00:00,2024-09-22T17:00:00+00:00,2567.3,2551.0,16.3,0.6356,2563.225,2551.0,2583.7308,0.4769,0.8,73.3848,0.0,-35.0,58.7078,0.0,0.0,0.0,0.0,0.0,0.0,0.0,TP_HIT,1.6774,TP_HIT,False,<0.50%
137,BTCUSD,SHORT,2024-09-22T17:00:00+00:00,2024-09-22T17:00:00+00:00,2024-09-22T20:00:00+00:00,63226.5,62919.5,307.0,0.4868,62996.25,63226.5,62492.28,0.3655,0.8,95.7598,0.0,-35.0,76.6078,-0.0,0.0,0.0,0.0,-0.0,0.0,0.0,SL_HIT,-1.0,SL_HIT,False,<0.50%
138,ETHUSD,SHORT,2024-09-23T01:00:00+00:00,2024-09-23T01:00:00+00:00,2024-09-23T02:00:00+00:00,2632.15,2605.05,27.1,1.0369,2611.825,2632.15,2590.9304,0.7782,0.8,44.9761,0.0,-35.0,35.9809,-0.0,0.0,0.0,0.0,-0.0,0.0,0.0,SL_HIT,-1.0,SL_HIT,False,0.70-0.80%
139,XRPUSD,LONG,2024-09-23T08:00:00+00:00,2024-09-23T08:00:00+00:00,2024-09-26T00:00:00+00:00,0.588,0.58,0.008,1.3633,0.586,0.58,0.5907,1.0239,0.8,34.1833,0.0,-35.0,27.3467,-0.0,0.0,0.0,0.0,-0.0,0.0,0.0,SL_HIT,-1.0,SL_HIT_CONSERVATIVE_AMBIGUITY,False,1.00-1.50%
140,ETHUSD,LONG,2024-09-26T00:00:00+00:00,2024-09-26T00:00:00+00:00,2024-09-26T05:00:00+00:00,2580.05,2545.0,35.05,1.3629,2571.2875,2545.0,2591.8578,1.0223,0.8,34.2349,0.0,-35.0,27.3879,0.0,0.0,0.0,0.0,0.0,0.0,0.0,TP_HIT,0.7825,TP_HIT,False,1.00-1.50%
141,ETHUSD,SHORT,2024-09-26T06:00:00+00:00,2024-09-26T06:00:00+00:00,2024-09-26T07:00:00+00:00,2631.0,2614.1,16.9,0.646,2618.325,2631.0,2597.3784,0.4841,0.8,72.3009,0.0,-35.0,57.8407,-0.0,0.0,0.0,0.0,-0.0,0.0,0.0,SL_HIT,-1.0,SL_HIT,False,<0.50%
142,XRPUSD,SHORT,2024-09-26T10:00:00+00:00,2024-09-26T10:00:00+00:00,2024-09-26T14:00:00+00:00,0.5925,0.5896,0.0029,0.4905,0.5903,0.5925,0.5856,0.3684,0.8,94.9948,0.0,-35.0,75.9959,-0.0,0.0,0.0,0.0,-0.0,0.0,0.0,SL_HIT,-1.0,SL_HIT,False,<0.50%
143,ETHUSD,LONG,2024-09-28T12:00:00+00:00,2024-09-28T12:00:00+00:00,2024-09-29T07:00:00+00:00,2663.4,2641.2,22.2,0.8349,2657.85,2641.2,2679.1128,0.6264,0.8,55.8707,0.0,-35.0,44.6966,-0.0,0.0,0.0,0.0,-0.0,0.0,0.0,SL_HIT,-1.0,SL_HIT_CONSERVATIVE_AMBIGUITY,False,0.60-0.70%
144,SOLUSD,SHORT,2024-09-29T17:00:00+00:00,2024-09-29T17:00:00+00:00,2024-09-29T19:00:00+00:00,158.531,157.696,0.835,0.5294,157.9048,158.531,156.6415,0.3966,0.8,88.2502,0.0,-35.0,70.6001,-0.0,0.0,0.0,0.0,-0.0,0.0,0.0,SL_HIT,-1.0,SL_HIT,False,<0.50%
145,XRPUSD,LONG,2024-09-30T10:00:00+00:00,2024-09-30T10:00:00+00:00,2024-09-30T15:00:00+00:00,0.6298,0.6219,0.0079,1.2558,0.6278,0.6219,0.6328,0.9437,0.8,37.0867,0.0,-35.0,29.6694,-0.0,0.0,0.0,0.0,-0.0,0.0,0.0,SL_HIT,-1.0,SL_HIT_CONSERVATIVE_AMBIGUITY,False,0.80-1.00%
146,ETHUSD,SHORT,2024-10-01T03:00:00+00:00,2024-10-01T03:00:00+00:00,2024-10-01T04:00:00+00:00,2639.4,2623.3,16.1,0.6121,2627.325,2639.4,2606.3064,0.4596,0.8,76.1543,0.0,-35.0,60.9235,-0.0,0.0,0.0,0.0,-0.0,0.0,0.0,SL_HIT,-1.0,SL_HIT,False,<0.50%
147,SOLUSD,SHORT,2024-10-01T06:00:00+00:00,2024-10-01T06:00:00+00:00,2024-10-01T13:00:00+00:00,157.428,155.876,1.552,0.9876,156.264,157.428,155.0139,0.7449,0.8,46.9866,0.0,-35.0,37.5893,0.0,0.0,0.0,0.0,0.0,0.0,0.0,TP_HIT,1.074,TP_HIT,False,0.70-0.80%
148,ETHUSD,LONG,2024-10-01T13:00:00+00:00,2024-10-01T13:00:00+00:00,2024-10-01T14:00:00+00:00,2581.7,2555.05,26.65,1.0325,2575.0375,2555.05,2595.6378,0.7762,0.8,45.0913,0.0,-35.0,36.0731,-0.0,0.0,0.0,0.0,-0.0,0.0,0.0,SL_HIT,-1.0,SL_HIT_CONSERVATIVE_AMBIGUITY,True,0.70-0.80%
149,XRPUSD,LONG,2024-10-04T06:00:00+00:00,2024-10-04T06:00:00+00:00,2024-10-04T16:00:00+00:00,0.5229,0.5153,0.0076,1.4582,0.521,0.5153,0.5252,1.094,0.8,31.9912,0.0,-35.0,25.593,0.0,0.0,0.0,0.0,0.0,0.0,0.0,TP_HIT,0.7312,TP_HIT,False,1.00-1.50%
150,XRPUSD,SHORT,2024-10-04T18:00:00+00:00,2024-10-04T18:00:00+00:00,2024-10-07T02:00:00+00:00,0.5443,0.5327,0.0116,2.1541,0.5356,0.5443,0.5313,1.6243,0.8,21.5471,0.0,-35.0,17.2377,-0.0,0.0,0.0,0.0,-0.0,0.0,0.0,SL_HIT,-1.0,SL_HIT_CONSERVATIVE_AMBIGUITY,False,>1.50%
151,BTCUSD,LONG,2024-10-07T18:00:00+00:00,2024-10-07T18:00:00+00:00,2024-10-07T22:00:00+00:00,63184.0,62646.0,538.0,0.8561,63049.5,62646.0,63553.896,0.64,0.8,54.6898,0.0,-35.0,43.7518,-0.0,0.0,0.0,0.0,-0.0,0.0,0.0,SL_HIT,-1.0,SL_HIT_CONSERVATIVE_AMBIGUITY,False,0.60-0.70%
152,XRPUSD,LONG,2024-10-07T22:00:00+00:00,2024-10-07T22:00:00+00:00,2024-10-07T23:00:00+00:00,0.5332,0.5299,0.0033,0.6203,0.5324,0.5299,0.5366,0.4649,0.8,75.2854,0.0,-35.0,60.2283,-0.0,0.0,0.0,0.0,-0.0,0.0,0.0,SL_HIT,-1.0,SL_HIT,False,<0.50%
153,XRPUSD,SHORT,2024-10-09T15:00:00+00:00,2024-10-09T15:00:00+00:00,2024-10-09T18:00:00+00:00,0.5342,0.5317,0.0025,0.47,0.5323,0.5342,0.5281,0.3522,0.8,99.3673,0.0,-35.0,79.4939,0.0,0.0,0.0,0.0,0.0,0.0,0.0,TIMEOUT_EXIT,0.9333,TIMEOUT_EXIT,False,<0.50%
154,XRPUSD,LONG,2024-10-10T01:00:00+00:00,2024-10-10T01:00:00+00:00,2024-10-10T13:00:00+00:00,0.5289,0.521,0.0079,1.5005,0.5269,0.521,0.5311,1.1244,0.8,31.1264,0.0,-35.0,24.9011,0.0,0.0,0.0,0.0,0.0,0.0,0.0,TP_HIT,0.7115,TP_HIT,False,1.00-1.50%
155,ETHUSD,SHORT,2024-10-11T01:00:00+00:00,2024-10-11T01:00:00+00:00,2024-10-11T10:00:00+00:00,2421.25,2391.45,29.8,1.238,2398.9,2421.25,2379.7088,0.9317,0.8,37.5667,0.0,-35.0,30.0533,-0.0,0.0,0.0,0.0,-0.0,0.0,0.0,SL_HIT,-1.0,SL_HIT,False,0.80-1.00%
156,ETHUSD,SHORT,2024-10-11T17:00:00+00:00,2024-10-11T17:00:00+00:00,2024-10-12T14:00:00+00:00,2473.25,2435.0,38.25,1.5614,2444.5625,2473.25,2425.006,1.1735,0.8,29.8247,0.0,-35.0,23.8598,-0.0,0.0,0.0,0.0,-0.0,0.0,0.0,SL_HIT,-1.0,SL_HIT_CONSERVATIVE_AMBIGUITY,False,1.00-1.50%
157,SOLUSD,SHORT,2024-10-13T05:00:00+00:00,2024-10-13T05:00:00+00:00,2024-10-13T09:00:00+00:00,147.1859,146.254,0.9319,0.636,146.487,147.1859,145.3151,0.4771,0.8,73.3561,0.0,-35.0,58.6849,-0.0,0.0,0.0,0.0,-0.0,0.0,0.0,SL_HIT,-1.0,SL_HIT,False,<0.50%
158,BTCUSD,LONG,2024-10-13T11:00:00+00:00,2024-10-13T11:00:00+00:00,2024-10-13T14:00:00+00:00,62631.5,62481.5,150.0,0.2398,62594.0,62481.5,63094.752,0.1797,0.8,194.7369,0.0,-35.0,155.7895,-0.0,0.0,0.0,0.0,-0.0,0.0,0.0,SL_HIT,-1.0,SL_HIT,False,<0.50%
159,ETHUSD,LONG,2024-10-13T14:00:00+00:00,2024-10-13T14:00:00+00:00,2024-10-13T15:00:00+00:00,2451.9,2439.2,12.7,0.519,2448.725,2439.2,2468.3148,0.389,0.8,89.9794,0.0,-35.0,71.9835,-0.0,0.0,0.0,0.0,-0.0,0.0,0.0,SL_HIT,-1.0,SL_HIT,False,<0.50%
160,ETHUSD,SHORT,2024-10-13T21:00:00+00:00,2024-10-13T21:00:00+00:00,2024-10-13T22:00:00+00:00,2472.15,2461.0,11.15,0.452,2463.7875,2472.15,2444.0772,0.3394,0.8,103.1182,0.0,-35.0,82.4945,-0.0,0.0,0.0,0.0,-0.0,0.0,0.0,SL_HIT,-1.0,SL_HIT,False,<0.50%
161,ETHUSD,LONG,2024-10-14T23:00:00+00:00,2024-10-14T23:00:00+00:00,2024-10-15T03:00:00+00:00,2641.1,2616.3,24.8,0.9426,2634.9,2616.3,2655.9792,0.7059,0.8,49.5815,0.0,-35.0,39.6652,-0.0,0.0,0.0,0.0,-0.0,0.0,0.0,SL_HIT,-1.0,SL_HIT,False,0.70-0.80%
162,XRPUSD,SHORT,2024-10-16T09:00:00+00:00,2024-10-16T09:00:00+00:00,2024-10-16T11:00:00+00:00,0.5454,0.5423,0.0031,0.5701,0.5431,0.5454,0.5387,0.4281,0.8,81.7532,0.0,-35.0,65.4026,-0.0,0.0,0.0,0.0,-0.0,0.0,0.0,SL_HIT,-1.0,SL_HIT,False,<0.50%
163,XRPUSD,SHORT,2024-10-16T16:00:00+00:00,2024-10-16T16:00:00+00:00,2024-10-17T04:00:00+00:00,0.5557,0.5489,0.0068,1.2366,0.5506,0.5557,0.5462,0.9263,0.8,37.7863,0.0,-35.0,30.229,-0.0,0.0,0.0,0.0,-0.0,0.0,0.0,SL_HIT,-1.0,SL_HIT_CONSERVATIVE_AMBIGUITY,False,0.80-1.00%
164,ETHUSD,LONG,2024-10-17T09:00:00+00:00,2024-10-17T09:00:00+00:00,2024-10-17T10:00:00+00:00,2621.5,2609.7,11.8,0.4508,2618.55,2609.7,2639.4984,0.338,0.8,103.5585,0.0,-35.0,82.8468,-0.0,0.0,0.0,0.0,-0.0,0.0,0.0,SL_HIT,-1.0,SL_HIT,False,<0.50%
165,BTCUSD,LONG,2024-10-17T11:00:00+00:00,2024-10-17T11:00:00+00:00,2024-10-17T13:00:00+00:00,67049.0,66761.0,288.0,0.4306,66977.0,66761.0,67512.816,0.3225,0.8,108.5275,0.0,-35.0,86.822,-0.0,0.0,0.0,0.0,-0.0,0.0,0.0,SL_HIT,-1.0,SL_HIT,False,<0.50%
166,SOLUSD,SHORT,2024-10-18T14:00:00+00:00,2024-10-18T14:00:00+00:00,2024-10-18T16:00:00+00:00,155.701,154.2,1.501,0.9721,154.5752,155.701,153.3386,0.7283,0.8,48.058,0.0,-35.0,38.4464,-0.0,0.0,0.0,0.0,-0.0,0.0,0.0,SL_HIT,-1.0,SL_HIT_CONSERVATIVE_AMBIGUITY,False,0.70-0.80%
167,XRPUSD,LONG,2024-10-19T04:00:00+00:00,2024-10-19T04:00:00+00:00,2024-10-19T10:00:00+00:00,0.5466,0.5449,0.0017,0.3111,0.5462,0.5449,0.5505,0.2334,0.8,149.9304,0.0,-35.0,119.9443,-0.0,0.0,0.0,0.0,-0.0,0.0,0.0,SL_HIT,-1.0,SL_HIT,False,<0.50%
168,ETHUSD,SHORT,2024-10-19T14:00:00+00:00,2024-10-19T14:00:00+00:00,2024-10-20T14:00:00+00:00,2663.9,2645.9,18.0,0.679,2650.4,2663.9,2629.1968,0.5094,0.8,68.7141,0.0,-35.0,54.9713,-0.0,0.0,0.0,0.0,-0.0,0.0,0.0,SL_HIT,-1.0,SL_HIT_CONSERVATIVE_AMBIGUITY,False,0.50-0.60%
169,XRPUSD,SHORT,2024-10-20T14:00:00+00:00,2024-10-20T14:00:00+00:00,2024-10-20T18:00:00+00:00,0.5453,0.5437,0.0016,0.294,0.5441,0.5453,0.5397,0.2205,0.8,158.6958,0.0,-35.0,126.9567,-0.0,0.0,0.0,0.0,-0.0,0.0,0.0,SL_HIT,-1.0,SL_HIT,False,<0.50%
170,SOLUSD,SHORT,2024-10-20T19:00:00+00:00,2024-10-20T19:00:00+00:00,2024-10-20T20:00:00+00:00,161.74,159.867,1.873,1.1676,160.3353,161.74,159.0526,0.8761,0.8,39.9483,0.0,-35.0,31.9586,-0.0,0.0,0.0,0.0,-0.0,0.0,0.0,SL_HIT,-1.0,SL_HIT,False,0.80-1.00%
171,XRPUSD,SHORT,2024-10-21T04:00:00+00:00,2024-10-21T04:00:00+00:00,2024-10-21T08:00:00+00:00,0.5534,0.5485,0.0049,0.8925,0.5497,0.5534,0.5453,0.6685,0.8,52.3548,0.0,-35.0,41.8838,-0.0,0.0,0.0,0.0,-0.0,0.0,0.0,SL_HIT,-1.0,SL_HIT,False,0.60-0.70%
172,BTCUSD,LONG,2024-10-21T08:00:00+00:00,2024-10-21T08:00:00+00:00,2024-10-21T09:00:00+00:00,68497.5,68203.5,294.0,0.4303,68424.0,68203.5,68971.392,0.3223,0.8,108.6095,0.0,-35.0,86.8876,-0.0,0.0,0.0,0.0,-0.0,0.0,0.0,SL_HIT,-1.0,SL_HIT,False,<0.50%
173,ETHUSD,LONG,2024-10-21T09:00:00+00:00,2024-10-21T09:00:00+00:00,2024-10-21T13:00:00+00:00,2715.05,2685.45,29.6,1.0902,2707.65,2685.45,2729.3112,0.8199,0.8,42.6882,0.0,-35.0,34.1505,-0.0,0.0,0.0,0.0,-0.0,0.0,0.0,SL_HIT,-1.0,SL_HIT_CONSERVATIVE_AMBIGUITY,False,0.80-1.00%
174,SOLUSD,LONG,2024-10-22T07:00:00+00:00,2024-10-22T07:00:00+00:00,2024-10-22T08:00:00+00:00,167.318,165.39,1.928,1.1535,166.836,165.39,168.1707,0.8667,0.8,40.3822,0.0,-35.0,32.3057,-0.0,0.0,0.0,0.0,-0.0,0.0,0.0,SL_HIT,-1.0,SL_HIT,False,0.80-1.00%
175,BTCUSD,LONG,2024-10-23T00:00:00+00:00,2024-10-23T00:00:00+00:00,2024-10-23T03:00:00+00:00,67293.0,66930.0,363.0,0.5403,67202.25,66930.0,67739.868,0.4051,0.8,86.3941,0.0,-35.0,69.1153,-0.0,0.0,0.0,0.0,-0.0,0.0,0.0,SL_HIT,-1.0,SL_HIT,False,<0.50%
176,SOLUSD,LONG,2024-10-24T08:00:00+00:00,2024-10-24T08:00:00+00:00,2024-10-24T12:00:00+00:00,172.059,170.1,1.959,1.139,171.5693,170.1,172.9418,0.8564,0.8,40.8707,0.0,-35.0,32.6965,0.0,0.0,0.0,0.0,0.0,0.0,0.0,TP_HIT,0.9342,TP_HIT,False,0.80-1.00%
177,BTCUSD,LONG,2024-10-25T04:00:00+00:00,2024-10-25T04:00:00+00:00,2024-10-25T07:00:00+00:00,67797.0,67354.0,443.0,0.6539,67686.25,67354.0,68227.74,0.4909,0.8,71.3023,0.0,-35.0,57.0418,-0.0,0.0,0.0,0.0,-0.0,0.0,0.0,SL_HIT,-1.0,SL_HIT,False,<0.50%
178,SOLUSD,LONG,2024-10-25T07:00:00+00:00,2024-10-25T07:00:00+00:00,2024-10-25T08:00:00+00:00,172.609,171.1,1.509,0.8777,172.2318,171.1,173.6096,0.6571,0.8,53.2636,0.0,-35.0,42.6109,-0.0,0.0,0.0,0.0,-0.0,0.0,0.0,SL_HIT,-1.0,SL_HIT,False,0.60-0.70%
179,ETHUSD,SHORT,2024-10-25T09:00:00+00:00,2024-10-25T09:00:00+00:00,2024-10-25T14:00:00+00:00,2561.2,2537.85,23.35,0.9192,2543.6875,2561.2,2523.338,0.6885,0.8,50.8374,0.0,-35.0,40.67,-0.0,0.0,0.0,0.0,-0.0,0.0,0.0,SL_HIT,-1.0,SL_HIT_CONSERVATIVE_AMBIGUITY,False,0.60-0.70%
180,BTCUSD,LONG,2024-10-25T17:00:00+00:00,2024-10-25T17:00:00+00:00,2024-10-25T18:00:00+00:00,67015.0,66726.5,288.5,0.4317,66942.875,66726.5,67478.418,0.3232,0.8,108.2843,0.0,-35.0,86.6274,-0.0,0.0,0.0,0.0,-0.0,0.0,0.0,SL_HIT,-1.0,SL_HIT_CONSERVATIVE_AMBIGUITY,True,<0.50%
181,XRPUSD,LONG,2024-10-27T08:00:00+00:00,2024-10-27T08:00:00+00:00,2024-10-27T09:00:00+00:00,0.5139,0.5122,0.0017,0.3311,0.5135,0.5122,0.5176,0.2483,0.8,140.9539,0.0,-35.0,112.7631,-0.0,0.0,0.0,0.0,-0.0,0.0,0.0,SL_HIT,-1.0,SL_HIT,False,<0.50%
182,XRPUSD,SHORT,2024-10-27T13:00:00+00:00,2024-10-27T13:00:00+00:00,2024-10-27T15:00:00+00:00,0.5171,0.514,0.0031,0.6028,0.5148,0.5171,0.5107,0.4517,0.8,77.493,0.0,-35.0,61.9944,-0.0,0.0,0.0,0.0,-0.0,0.0,0.0,SL_HIT,-1.0,SL_HIT,False,<0.50%
183,XRPUSD,LONG,2024-10-28T15:00:00+00:00,2024-10-28T15:00:00+00:00,2024-10-28T17:00:00+00:00,0.5141,0.5118,0.0023,0.4475,0.5135,0.5118,0.5176,0.3359,0.8,104.1935,0.0,-35.0,83.3548,-0.0,0.0,0.0,0.0,-0.0,0.0,0.0,SL_HIT,-1.0,SL_HIT,False,<0.50%
184,BTCUSD,SHORT,2024-10-29T07:00:00+00:00,2024-10-29T07:00:00+00:00,2024-10-29T15:00:00+00:00,72025.0,70643.5,1381.5,1.9449,70988.875,72025.0,70420.964,1.4596,0.8,23.9798,0.0,-35.0,19.1839,-0.0,0.0,0.0,0.0,-0.0,0.0,0.0,SL_HIT,-1.0,SL_HIT,False,1.00-1.50%
185,XRPUSD,SHORT,2024-10-30T09:00:00+00:00,2024-10-30T09:00:00+00:00,2024-10-30T12:00:00+00:00,0.5268,0.5246,0.0022,0.419,0.5252,0.5268,0.5209,0.3142,0.8,111.3955,0.0,-35.0,89.1164,0.0,0.0,0.0,0.0,0.0,0.0,0.0,TP_HIT,2.5462,TP_HIT,False,<0.50%
186,BTCUSD,SHORT,2024-10-30T14:00:00+00:00,2024-10-30T14:00:00+00:00,2024-10-30T15:00:00+00:00,72687.0,72361.5,325.5,0.4494,72442.875,72687.0,71863.332,0.337,0.8,103.8608,0.0,-35.0,83.0886,0.0,0.0,0.0,0.0,0.0,0.0,0.0,TP_HIT,2.374,TP_HIT,False,<0.50%
187,SOLUSD,LONG,2024-10-30T18:00:00+00:00,2024-10-30T18:00:00+00:00,2024-10-31T13:00:00+00:00,175.15,173.14,2.01,1.1548,174.6475,173.14,176.0447,0.8632,0.8,40.5483,0.0,-35.0,32.4387,-0.0,0.0,0.0,0.0,-0.0,0.0,0.0,SL_HIT,-1.0,SL_HIT_CONSERVATIVE_AMBIGUITY,False,0.80-1.00%
188,BTCUSD,SHORT,2024-11-03T19:00:00+00:00,2024-11-03T19:00:00+00:00,2024-11-03T20:00:00+00:00,68772.5,68375.5,397.0,0.5781,68474.75,68772.5,67926.952,0.4348,0.8,80.4909,0.0,-35.0,64.3927,-0.0,0.0,0.0,0.0,-0.0,0.0,0.0,SL_HIT,-1.0,SL_HIT,False,<0.50%
189,SOLUSD,SHORT,2024-11-04T02:00:00+00:00,2024-11-04T02:00:00+00:00,2024-11-04T03:00:00+00:00,164.76,163.351,1.409,0.8574,163.7032,164.76,162.3936,0.6455,0.8,54.2192,0.0,-35.0,43.3754,-0.0,0.0,0.0,0.0,-0.0,0.0,0.0,SL_HIT,-1.0,SL_HIT_CONSERVATIVE_AMBIGUITY,True,0.60-0.70%
190,XRPUSD,SHORT,2024-11-04T09:00:00+00:00,2024-11-04T09:00:00+00:00,2024-11-04T10:00:00+00:00,0.5116,0.51,0.0016,0.3132,0.5104,0.5116,0.5063,0.2351,0.8,148.8667,0.0,-35.0,119.0933,-0.0,0.0,0.0,0.0,-0.0,0.0,0.0,SL_HIT,-1.0,SL_HIT,False,<0.50%
191,BTCUSD,SHORT,2024-11-05T12:00:00+00:00,2024-11-05T12:00:00+00:00,2024-11-05T14:00:00+00:00,69258.0,68644.0,614.0,0.8917,68797.5,69258.0,68247.12,0.6694,0.8,52.2891,0.0,-35.0,41.8313,-0.0,0.0,0.0,0.0,-0.0,0.0,0.0,SL_HIT,-1.0,SL_HIT,False,0.60-0.70%
192,SOLUSD,LONG,2024-11-06T23:00:00+00:00,2024-11-06T23:00:00+00:00,2024-11-07T01:00:00+00:00,187.873,184.359,3.514,1.8825,186.9945,184.359,188.4905,1.4094,0.8,24.8333,0.0,-35.0,19.8666,0.0,0.0,0.0,0.0,0.0,0.0,0.0,TP_HIT,0.5676,TP_HIT,False,1.00-1.50%
193,SOLUSD,LONG,2024-11-08T16:00:00+00:00,2024-11-08T16:00:00+00:00,2024-11-08T18:00:00+00:00,198.599,195.72,2.879,1.46,197.8792,195.72,199.4623,1.0912,0.8,32.0749,0.0,-35.0,25.6599,0.0,0.0,0.0,0.0,0.0,0.0,0.0,TP_HIT,0.7331,TP_HIT,False,1.00-1.50%
194,SOLUSD,LONG,2024-11-09T14:00:00+00:00,2024-11-09T14:00:00+00:00,2024-11-09T16:00:00+00:00,199.15,197.169,1.981,0.9992,198.6548,197.169,200.244,0.7479,0.8,46.7973,0.0,-35.0,37.4379,-0.0,0.0,0.0,0.0,-0.0,0.0,0.0,SL_HIT,-1.0,SL_HIT,False,0.70-0.80%
195,BTCUSD,SHORT,2024-11-09T21:00:00+00:00,2024-11-09T21:00:00+00:00,2024-11-09T23:00:00+00:00,76743.0,76430.5,312.5,0.4088,76508.625,76743.0,75896.556,0.3063,0.8,114.2529,0.0,-35.0,91.4023,-0.0,0.0,0.0,0.0,-0.0,0.0,0.0,SL_HIT,-1.0,SL_HIT,False,<0.50%
196,BTCUSD,LONG,2024-11-10T20:00:00+00:00,2024-11-10T20:00:00+00:00,2024-11-10T21:00:00+00:00,79358.0,78707.5,650.5,0.8232,79195.375,78707.5,79828.938,0.616,0.8,56.8145,0.0,-35.0,45.4516,-0.0,0.0,0.0,0.0,-0.0,0.0,0.0,SL_HIT,-1.0,SL_HIT_CONSERVATIVE_AMBIGUITY,True,0.60-0.70%
197,SOLUSD,LONG,2024-11-12T09:00:00+00:00,2024-11-12T09:00:00+00:00,2024-11-12T10:00:00+00:00,220.013,215.71,4.303,1.9932,218.9373,215.71,220.6887,1.4741,0.8,23.7441,0.0,-35.0,18.9953,-0.0,0.0,0.0,0.0,-0.0,0.0,0.0,SL_HIT,-1.0,SL_HIT,False,1.00-1.50%
198,BTCUSD,SHORT,2024-11-12T20:00:00+00:00,2024-11-12T20:00:00+00:00,2024-11-12T22:00:00+00:00,90026.0,89076.0,950.0,1.0613,89313.5,90026.0,88598.992,0.7978,0.8,43.8733,0.0,-35.0,35.0986,0.0,0.0,0.0,0.0,0.0,0.0,0.0,TP_HIT,1.0028,TP_HIT,False,0.70-0.80%
199,XRPUSD,LONG,2024-11-13T05:00:00+00:00,2024-11-13T05:00:00+00:00,2024-11-13T08:00:00+00:00,0.6508,0.6298,0.021,3.2488,0.6456,0.6298,0.6507,2.4398,0.8,14.3456,0.0,-35.0,11.4764,0.0,0.0,0.0,0.0,0.0,0.0,0.0,TP_HIT,0.3279,TP_HIT,False,>1.50%
200,SOLUSD,SHORT,2024-11-13T13:00:00+00:00,2024-11-13T13:00:00+00:00,2024-11-13T14:00:00+00:00,215.644,212.361,3.283,1.544,213.1817,215.644,211.4763,1.155,0.8,30.303,0.0,-35.0,24.2424,-0.0,0.0,0.0,0.0,-0.0,0.0,0.0,SL_HIT,-1.0,SL_HIT_CONSERVATIVE_AMBIGUITY,True,1.00-1.50%
201,SOLUSD,LONG,2024-11-14T14:00:00+00:00,2024-11-14T14:00:00+00:00,2024-11-15T04:00:00+00:00,211.831,206.48,5.351,2.5414,210.4932,206.48,212.1772,1.9066,0.8,18.3574,0.0,-35.0,14.6859,-0.0,0.0,0.0,0.0,-0.0,0.0,0.0,SL_HIT,-1.0,SL_HIT_CONSERVATIVE_AMBIGUITY,False,>1.50%
202,BTCUSD,SHORT,2024-11-15T20:00:00+00:00,2024-11-15T20:00:00+00:00,2024-11-15T21:00:00+00:00,91717.0,90500.0,1217.0,1.3305,90804.25,91717.0,90077.816,1.0052,0.8,34.8195,0.0,-35.0,27.8556,-0.0,0.0,0.0,0.0,-0.0,0.0,0.0,SL_HIT,-1.0,SL_HIT,False,1.00-1.50%
203,ETHUSD,SHORT,2024-11-16T03:00:00+00:00,2024-11-16T03:00:00+00:00,2024-11-16T11:00:00+00:00,3172.6,3124.85,47.75,1.5125,3136.7875,3172.6,3111.6932,1.1417,0.8,30.6562,0.0,-35.0,24.525,-0.0,0.0,0.0,0.0,-0.0,0.0,0.0,SL_HIT,-1.0,SL_HIT_CONSERVATIVE_AMBIGUITY,False,1.00-1.50%
204,BTCUSD,SHORT,2024-11-17T08:00:00+00:00,2024-11-17T08:00:00+00:00,2024-11-17T09:00:00+00:00,91443.5,90887.5,556.0,0.6107,91026.5,91443.5,90298.288,0.4581,0.8,76.4011,0.0,-35.0,61.1209,-0.0,0.0,0.0,0.0,-0.0,0.0,0.0,SL_HIT,-1.0,SL_HIT,False,<0.50%
205,ETHUSD,LONG,2024-11-18T12:00:00+00:00,2024-11-18T12:00:00+00:00,2024-11-18T15:00:00+00:00,3091.65,3044.6,47.05,1.5234,3079.8875,3044.6,3104.5266,1.1457,0.8,30.5479,0.0,-35.0,24.4384,0.0,0.0,0.0,0.0,0.0,0.0,0.0,TP_HIT,0.6982,TP_HIT,False,1.00-1.50%
206,BTCUSD,LONG,2024-11-18T18:00:00+00:00,2024-11-18T18:00:00+00:00,2024-11-18T20:00:00+00:00,90639.0,89419.5,1219.5,1.3488,90334.125,89419.5,91056.798,1.0125,0.8,34.5682,0.0,-35.0,27.6546,0.0,0.0,0.0,0.0,0.0,0.0,0.0,TP_HIT,0.7901,TP_HIT,False,1.00-1.50%
207,ETHUSD,LONG,2024-11-19T15:00:00+00:00,2024-11-19T15:00:00+00:00,2024-11-20T18:00:00+00:00,3119.8,3052.4,67.4,2.1696,3102.95,3052.4,3127.7736,1.6291,0.8,21.4843,0.0,-35.0,17.1875,-0.0,0.0,0.0,0.0,-0.0,0.0,0.0,SL_HIT,-1.0,SL_HIT_CONSERVATIVE_AMBIGUITY,False,>1.50%
208,ETHUSD,SHORT,2024-11-21T04:00:00+00:00,2024-11-21T04:00:00+00:00,2024-11-21T12:00:00+00:00,3161.6,3092.0,69.6,2.2221,3109.4,3161.6,3084.5248,1.6788,0.8,20.8485,0.0,-35.0,16.6788,-0.0,0.0,0.0,0.0,-0.0,0.0,0.0,SL_HIT,-1.0,SL_HIT_CONSERVATIVE_AMBIGUITY,False,>1.50%
209,BTCUSD,LONG,2024-11-21T12:00:00+00:00,2024-11-21T12:00:00+00:00,2024-11-21T14:00:00+00:00,97895.5,96726.0,1169.5,1.2017,97603.125,96726.0,98383.95,0.8987,0.8,38.9467,0.0,-35.0,31.1573,-0.0,0.0,0.0,0.0,-0.0,0.0,0.0,SL_HIT,-1.0,SL_HIT,False,0.80-1.00%
210,BTCUSD,SHORT,2024-11-21T17:00:00+00:00,2024-11-21T17:00:00+00:00,2024-11-21T18:00:00+00:00,98424.0,97728.5,695.5,0.7091,97902.375,98424.0,97119.156,0.5328,0.8,65.6905,0.0,-35.0,52.5524,-0.0,0.0,0.0,0.0,-0.0,0.0,0.0,SL_HIT,-1.0,SL_HIT,False,0.50-0.60%
211,ETHUSD,LONG,2024-11-22T10:00:00+00:00,2024-11-22T10:00:00+00:00,2024-11-22T13:00:00+00:00,3333.95,3308.0,25.95,0.7801,3327.4625,3308.0,3354.0822,0.5849,0.8,59.8388,0.0,-35.0,47.871,-0.0,0.0,0.0,0.0,-0.0,0.0,0.0,SL_HIT,-1.0,SL_HIT_CONSERVATIVE_AMBIGUITY,False,0.50-0.60%
212,BTCUSD,SHORT,2024-11-22T16:00:00+00:00,2024-11-22T16:00:00+00:00,2024-11-22T19:00:00+00:00,99530.0,98910.0,620.0,0.6268,99065.0,99530.0,98272.48,0.4694,0.8,74.5651,0.0,-35.0,59.652,-0.0,0.0,0.0,0.0,-0.0,0.0,0.0,SL_HIT,-1.0,SL_HIT,False,<0.50%
213,XRPUSD,SHORT,2024-11-25T07:00:00+00:00,2024-11-25T07:00:00+00:00,2024-11-25T08:00:00+00:00,1.5135,1.478,0.0355,2.399,1.4869,1.5135,1.475,1.7907,0.8,19.5458,0.0,-35.0,15.6366,-0.0,0.0,0.0,0.0,-0.0,0.0,0.0,SL_HIT,-1.0,SL_HIT_CONSERVATIVE_AMBIGUITY,True,>1.50%
214,SOLUSD,LONG,2024-11-25T12:00:00+00:00,2024-11-25T12:00:00+00:00,2024-11-25T14:00:00+00:00,251.53,245.87,5.66,2.2523,250.115,245.87,252.1159,1.6972,0.8,20.622,0.0,-35.0,16.4976,-0.0,0.0,0.0,0.0,-0.0,0.0,0.0,SL_HIT,-1.0,SL_HIT_CONSERVATIVE_AMBIGUITY,False,>1.50%
215,XRPUSD,LONG,2024-11-25T14:00:00+00:00,2024-11-25T14:00:00+00:00,2024-11-25T16:00:00+00:00,1.4022,1.3567,0.0455,3.279,1.3908,1.3567,1.402,2.4536,0.8,14.2649,0.0,-35.0,11.4119,0.0,0.0,0.0,0.0,0.0,0.0,0.0,TP_HIT,0.3261,TP_HIT,False,>1.50%
216,BTCUSD,SHORT,2024-11-27T07:00:00+00:00,2024-11-27T07:00:00+00:00,2024-11-27T13:00:00+00:00,94120.0,93496.0,624.0,0.6663,93652.0,94120.0,92902.784,0.4997,0.8,70.0389,0.0,-35.0,56.0311,-0.0,0.0,0.0,0.0,-0.0,0.0,0.0,SL_HIT,-1.0,SL_HIT_CONSERVATIVE_AMBIGUITY,False,<0.50%
217,SOLUSD,SHORT,2024-11-27T13:00:00+00:00,2024-11-27T13:00:00+00:00,2024-11-27T14:00:00+00:00,239.72,237.79,1.93,0.8115,238.2725,239.72,236.3663,0.6075,0.8,57.6134,0.0,-35.0,46.0907,-0.0,0.0,0.0,0.0,-0.0,0.0,0.0,SL_HIT,-1.0,SL_HIT_CONSERVATIVE_AMBIGUITY,True,0.60-0.70%
218,BTCUSD,SHORT,2024-11-27T14:00:00+00:00,2024-11-27T14:00:00+00:00,2024-11-27T15:00:00+00:00,95061.5,94495.5,566.0,0.5964,94637.0,95061.5,93879.904,0.4486,0.8,78.0282,0.0,-35.0,62.4225,-0.0,0.0,0.0,0.0,-0.0,0.0,0.0,SL_HIT,-1.0,SL_HIT,False,<0.50%
219,XRPUSD,SHORT,2024-11-28T18:00:00+00:00,2024-11-28T18:00:00+00:00,2024-11-28T22:00:00+00:00,1.4937,1.4706,0.0231,1.563,1.4764,1.4937,1.4646,1.1735,0.8,29.8258,0.0,-35.0,23.8606,-0.0,0.0,0.0,0.0,-0.0,0.0,0.0,SL_HIT,-1.0,SL_HIT_CONSERVATIVE_AMBIGUITY,False,1.00-1.50%
220,XRPUSD,SHORT,2024-11-29T01:00:00+00:00,2024-11-29T01:00:00+00:00,2024-11-29T06:00:00+00:00,1.5951,1.5496,0.0455,2.9208,1.561,1.5951,1.5485,2.1861,0.8,16.01,0.0,-35.0,12.808,-0.0,0.0,0.0,0.0,-0.0,0.0,0.0,SL_HIT,-1.0,SL_HIT_CONSERVATIVE_AMBIGUITY,False,>1.50%
221,SOLUSD,LONG,2024-11-29T17:00:00+00:00,2024-11-29T17:00:00+00:00,2024-11-30T23:00:00+00:00,241.63,237.6255,4.0045,1.6659,240.6289,237.6255,242.5539,1.2481,0.8,28.0418,0.0,-35.0,22.4335,-0.0,0.0,0.0,0.0,-0.0,0.0,0.0,SL_HIT,-1.0,SL_HIT_CONSERVATIVE_AMBIGUITY,False,1.00-1.50%
222,BTCUSD,SHORT,2024-12-01T16:00:00+00:00,2024-12-01T16:00:00+00:00,2024-12-01T21:00:00+00:00,97666.5,97240.0,426.5,0.4385,97346.625,97666.5,96567.852,0.3286,0.8,106.5145,0.0,-35.0,85.2116,-0.0,0.0,0.0,0.0,-0.0,0.0,0.0,SL_HIT,-1.0,SL_HIT,False,<0.50%
223,XRPUSD,SHORT,2024-12-02T13:00:00+00:00,2024-12-02T13:00:00+00:00,2024-12-02T14:00:00+00:00,2.4875,2.4238,0.0637,2.6242,2.4397,2.4875,2.4202,1.9582,0.8,17.8734,0.0,-35.0,14.2988,-0.0,0.0,0.0,0.0,-0.0,0.0,0.0,SL_HIT,-1.0,SL_HIT_CONSERVATIVE_AMBIGUITY,True,>1.50%
224,ETHUSD,SHORT,2024-12-02T18:00:00+00:00,2024-12-02T18:00:00+00:00,2024-12-03T13:00:00+00:00,3684.65,3620.4,64.25,1.7713,3636.4625,3684.65,3607.3708,1.3251,0.8,26.4127,0.0,-35.0,21.1302,0.0,0.0,0.0,0.0,0.0,0.0,0.0,TP_HIT,0.6037,TP_HIT,False,1.00-1.50%
225,BTCUSD,SHORT,2024-12-03T15:00:00+00:00,2024-12-03T15:00:00+00:00,2024-12-04T01:00:00+00:00,96375.0,95463.5,911.5,0.952,95691.375,96375.0,94925.844,0.7144,0.8,48.9917,0.0,-35.0,39.1934,-0.0,0.0,0.0,0.0,-0.0,0.0,0.0,SL_HIT,-1.0,SL_HIT_CONSERVATIVE_AMBIGUITY,False,0.70-0.80%
226,BTCUSD,LONG,2024-12-04T12:00:00+00:00,2024-12-04T12:00:00+00:00,2024-12-04T16:00:00+00:00,96236.0,94927.0,1309.0,1.3631,95908.75,94927.0,96676.02,1.0236,0.8,34.1921,0.0,-35.0,27.3537,-0.0,0.0,0.0,0.0,-0.0,0.0,0.0,SL_HIT,-1.0,SL_HIT_CONSERVATIVE_AMBIGUITY,False,1.00-1.50%
227,SOLUSD,LONG,2024-12-05T19:00:00+00:00,2024-12-05T19:00:00+00:00,2024-12-05T20:00:00+00:00,235.74,231.67,4.07,1.7416,234.7225,231.67,236.6003,1.3005,0.8,26.9133,0.0,-35.0,21.5306,-0.0,0.0,0.0,0.0,-0.0,0.0,0.0,SL_HIT,-1.0,SL_HIT,False,1.00-1.50%
228,ETHUSD,LONG,2024-12-05T20:00:00+00:00,2024-12-05T20:00:00+00:00,2024-12-05T22:00:00+00:00,3830.0,3769.75,60.25,1.5741,3814.9375,3769.75,3845.457,1.1845,0.8,29.5486,0.0,-35.0,23.6389,-0.0,0.0,0.0,0.0,-0.0,0.0,0.0,SL_HIT,-1.0,SL_HIT_CONSERVATIVE_AMBIGUITY,False,1.00-1.50%
229,ETHUSD,LONG,2024-12-07T21:00:00+00:00,2024-12-07T21:00:00+00:00,2024-12-08T05:00:00+00:00,4011.4,3979.05,32.35,0.8073,4003.3125,3979.05,4035.339,0.6061,0.8,57.75,0.0,-35.0,46.2,-0.0,0.0,0.0,0.0,-0.0,0.0,0.0,SL_HIT,-1.0,SL_HIT,False,0.60-0.70%
230,BTCUSD,SHORT,2024-12-08T12:00:00+00:00,2024-12-08T12:00:00+00:00,2024-12-08T13:00:00+00:00,100415.5,99810.5,605.0,0.6051,99961.75,100415.5,99162.056,0.4539,0.8,77.1055,0.0,-35.0,61.6844,-0.0,0.0,0.0,0.0,-0.0,0.0,0.0,SL_HIT,-1.0,SL_HIT,False,<0.50%
231,ETHUSD,SHORT,2024-12-08T22:00:00+00:00,2024-12-08T22:00:00+00:00,2024-12-09T00:00:00+00:00,4027.25,4012.0,15.25,0.38,4015.8125,4027.25,3983.686,0.2848,0.8,122.8883,0.0,-35.0,98.3106,0.0,0.0,0.0,0.0,0.0,0.0,0.0,TP_HIT,2.8089,TP_HIT,False,<0.50%
232,BTCUSD,LONG,2024-12-09T00:00:00+00:00,2024-12-09T00:00:00+00:00,2024-12-09T02:00:00+00:00,100036.0,99411.5,624.5,0.6261,99879.875,99411.5,100678.914,0.4689,0.8,74.6367,0.0,-35.0,59.7093,-0.0,0.0,0.0,0.0,-0.0,0.0,0.0,SL_HIT,-1.0,SL_HIT,False,<0.50%
233,BTCUSD,LONG,2024-12-09T02:00:00+00:00,2024-12-09T02:00:00+00:00,2024-12-09T03:00:00+00:00,99362.5,98711.5,651.0,0.6557,99199.75,98711.5,99993.348,0.4922,0.8,71.1109,0.0,-35.0,56.8887,-0.0,0.0,0.0,0.0,-0.0,0.0,0.0,SL_HIT,-1.0,SL_HIT,False,<0.50%
234,ETHUSD,LONG,2024-12-09T08:00:00+00:00,2024-12-09T08:00:00+00:00,2024-12-09T14:00:00+00:00,3886.0,3835.35,50.65,1.3089,3873.3375,3835.35,3904.3242,0.9807,0.8,35.6872,0.0,-35.0,28.5498,0.0,0.0,0.0,0.0,0.0,0.0,0.0,TP_HIT,0.8157,TP_HIT,False,0.80-1.00%
235,BTCUSD,SHORT,2024-12-11T02:00:00+00:00,2024-12-11T02:00:00+00:00,2024-12-11T08:00:00+00:00,98312.5,97155.0,1157.5,1.1905,97444.375,98312.5,96664.82,0.8909,0.8,39.2864,0.0,-35.0,31.4291,-0.0,0.0,0.0,0.0,-0.0,0.0,0.0,SL_HIT,-1.0,SL_HIT,False,0.80-1.00%
236,XRPUSD,SHORT,2024-12-12T02:00:00+00:00,2024-12-12T02:00:00+00:00,2024-12-12T04:00:00+00:00,2.4445,2.3915,0.053,2.2087,2.4047,2.4445,2.3855,1.653,0.8,21.1739,0.0,-35.0,16.9391,-0.0,0.0,0.0,0.0,-0.0,0.0,0.0,SL_HIT,-1.0,SL_HIT_CONSERVATIVE_AMBIGUITY,False,>1.50%
237,ETHUSD,LONG,2024-12-12T18:00:00+00:00,2024-12-12T18:00:00+00:00,2024-12-12T19:00:00+00:00,3924.95,3890.4,34.55,0.8814,3916.3125,3890.4,3947.643,0.6617,0.8,52.8976,0.0,-35.0,42.3181,-0.0,0.0,0.0,0.0,-0.0,0.0,0.0,SL_HIT,-1.0,SL_HIT,False,0.60-0.70%
238,SOLUSD,LONG,2024-12-12T19:00:00+00:00,2024-12-12T19:00:00+00:00,2024-12-12T22:00:00+00:00,227.82,225.689,2.131,0.9372,227.2873,225.689,229.1055,0.7032,0.8,49.7735,0.0,-35.0,39.8188,-0.0,0.0,0.0,0.0,-0.0,0.0,0.0,SL_HIT,-1.0,SL_HIT_CONSERVATIVE_AMBIGUITY,False,0.70-0.80%
239,ETHUSD,LONG,2024-12-13T15:00:00+00:00,2024-12-13T15:00:00+00:00,2024-12-13T17:00:00+00:00,3903.0,3870.0,33.0,0.8495,3894.75,3870.0,3925.908,0.6355,0.8,55.0773,0.0,-35.0,44.0618,0.0,0.0,0.0,0.0,0.0,0.0,0.0,TP_HIT,1.2589,TP_HIT,False,0.60-0.70%
240,SOLUSD,SHORT,2024-12-14T01:00:00+00:00,2024-12-14T01:00:00+00:00,2024-12-14T06:00:00+00:00,227.1729,225.52,1.6529,0.7328,225.9332,227.1729,224.1258,0.5487,0.8,63.7882,0.0,-35.0,51.0306,-0.0,0.0,0.0,0.0,-0.0,0.0,0.0,SL_HIT,-1.0,SL_HIT_CONSERVATIVE_AMBIGUITY,False,0.50-0.60%
241,BTCUSD,LONG,2024-12-14T12:00:00+00:00,2024-12-14T12:00:00+00:00,2024-12-14T13:00:00+00:00,101362.5,101028.5,334.0,0.3298,101279.0,101028.5,102089.232,0.2473,0.8,141.5076,0.0,-35.0,113.2061,-0.0,0.0,0.0,0.0,-0.0,0.0,0.0,SL_HIT,-1.0,SL_HIT,False,<0.50%
242,BTCUSD,SHORT,2024-12-14T19:00:00+00:00,2024-12-14T19:00:00+00:00,2024-12-15T04:00:00+00:00,102638.0,101261.0,1377.0,1.3594,101605.25,102638.0,100792.408,1.0164,0.8,34.4341,0.0,-35.0,27.5473,-0.0,0.0,0.0,0.0,-0.0,0.0,0.0,SL_HIT,-1.0,SL_HIT_CONSERVATIVE_AMBIGUITY,False,1.00-1.50%
243,BTCUSD,SHORT,2024-12-15T21:00:00+00:00,2024-12-15T21:00:00+00:00,2024-12-15T23:00:00+00:00,103652.0,102386.0,1266.0,1.2311,102702.5,103652.0,101880.88,0.9245,0.8,37.8577,0.0,-35.0,30.2862,-0.0,0.0,0.0,0.0,-0.0,0.0,0.0,SL_HIT,-1.0,SL_HIT,False,0.80-1.00%
244,XRPUSD,LONG,2024-12-16T04:00:00+00:00,2024-12-16T04:00:00+00:00,2024-12-16T11:00:00+00:00,2.4017,2.3652,0.0365,1.5213,2.3926,2.3652,2.4117,1.1442,0.8,30.59,0.0,-35.0,24.472,-0.0,0.0,0.0,0.0,-0.0,0.0,0.0,SL_HIT,-1.0,SL_HIT_CONSERVATIVE_AMBIGUITY,False,1.00-1.50%
245,ETHUSD,SHORT,2024-12-16T16:00:00+00:00,2024-12-16T16:00:00+00:00,2024-12-16T17:00:00+00:00,3982.8,3951.5,31.3,0.7902,3959.325,3982.8,3927.6504,0.5929,0.8,59.0315,0.0,-35.0,47.2252,-0.0,0.0,0.0,0.0,-0.0,0.0,0.0,SL_HIT,-1.0,SL_HIT,False,0.50-0.60%
246,ETHUSD,LONG,2024-12-17T23:00:00+00:00,2024-12-17T23:00:00+00:00,2024-12-18T01:00:00+00:00,3891.0,3842.75,48.25,1.24,3878.9375,3842.75,3909.969,0.9329,0.8,37.5165,0.0,-35.0,30.0132,-0.0,0.0,0.0,0.0,-0.0,0.0,0.0,SL_HIT,-1.0,SL_HIT_CONSERVATIVE_AMBIGUITY,False,0.80-1.00%
247,XRPUSD,LONG,2024-12-18T14:00:00+00:00,2024-12-18T14:00:00+00:00,2024-12-18T16:00:00+00:00,2.49,2.44,0.05,2.0225,2.4775,2.44,2.4973,1.5136,0.8,23.1233,0.0,-35.0,18.4987,-0.0,0.0,0.0,0.0,-0.0,0.0,0.0,SL_HIT,-1.0,SL_HIT_CONSERVATIVE_AMBIGUITY,False,>1.50%
248,ETHUSD,SHORT,2024-12-20T17:00:00+00:00,2024-12-20T17:00:00+00:00,2024-12-20T19:00:00+00:00,3464.1,3403.7,60.4,1.7578,3418.8,3464.1,3391.4496,1.325,0.8,26.4146,0.0,-35.0,21.1317,-0.0,0.0,0.0,0.0,-0.0,0.0,0.0,SL_HIT,-1.0,SL_HIT,False,1.00-1.50%
249,XRPUSD,SHORT,2024-12-20T19:00:00+00:00,2024-12-20T19:00:00+00:00,2024-12-21T06:00:00+00:00,2.3551,2.2728,0.0823,3.6154,2.2934,2.3551,2.275,2.6914,0.8,13.0042,0.0,-35.0,10.4033,-0.0,0.0,0.0,0.0,-0.0,0.0,0.0,SL_HIT,-1.0,SL_HIT_CONSERVATIVE_AMBIGUITY,False,>1.50%
250,ETHUSD,LONG,2024-12-21T11:00:00+00:00,2024-12-21T11:00:00+00:00,2024-12-21T13:00:00+00:00,3448.5,3392.2,56.3,1.6364,3434.425,3392.2,3461.9004,1.2295,0.8,28.4677,0.0,-35.0,22.7742,-0.0,0.0,0.0,0.0,-0.0,0.0,0.0,SL_HIT,-1.0,SL_HIT,False,1.00-1.50%
251,SOLUSD,LONG,2024-12-22T14:00:00+00:00,2024-12-22T14:00:00+00:00,2024-12-22T18:00:00+00:00,180.74,177.8,2.94,1.6415,180.005,177.8,181.445,1.225,0.8,28.5722,0.0,-35.0,22.8578,0.0,0.0,0.0,0.0,0.0,0.0,0.0,TP_HIT,0.6531,TP_HIT,False,1.00-1.50%
252,XRPUSD,SHORT,2024-12-23T20:00:00+00:00,2024-12-23T20:00:00+00:00,2024-12-24T13:00:00+00:00,2.2928,2.2374,0.0554,2.4741,2.2513,2.2928,2.2332,1.8456,0.8,18.9636,0.0,-35.0,15.1709,-0.0,0.0,0.0,0.0,-0.0,0.0,0.0,SL_HIT,-1.0,SL_HIT_CONSERVATIVE_AMBIGUITY,False,>1.50%
253,BTCUSD,SHORT,2024-12-24T13:00:00+00:00,2024-12-24T13:00:00+00:00,2024-12-24T14:00:00+00:00,96500.0,95775.0,725.0,0.7547,95956.25,96500.0,95188.6,0.5667,0.8,61.7649,0.0,-35.0,49.412,-0.0,0.0,0.0,0.0,-0.0,0.0,0.0,SL_HIT,-1.0,SL_HIT,False,0.50-0.60%
254,BTCUSD,SHORT,2024-12-24T22:00:00+00:00,2024-12-24T22:00:00+00:00,2024-12-25T21:00:00+00:00,99485.0,98446.0,1039.0,1.0524,98705.75,99485.0,97916.104,0.7895,0.8,44.3337,0.0,-35.0,35.4669,-0.0,0.0,0.0,0.0,-0.0,0.0,0.0,SL_HIT,-1.0,SL_HIT_CONSERVATIVE_AMBIGUITY,False,0.70-0.80%
255,BTCUSD,LONG,2024-12-26T04:00:00+00:00,2024-12-26T04:00:00+00:00,2024-12-26T08:00:00+00:00,98624.5,97589.0,1035.5,1.0539,98365.625,97589.0,99152.55,0.7895,0.8,44.3302,0.0,-35.0,35.4642,-0.0,0.0,0.0,0.0,-0.0,0.0,0.0,SL_HIT,-1.0,SL_HIT,False,0.70-0.80%
256,XRPUSD,LONG,2024-12-27T13:00:00+00:00,2024-12-27T13:00:00+00:00,2024-12-27T16:00:00+00:00,2.1862,2.1268,0.0594,2.7172,2.1713,2.1268,2.1887,2.0517,0.8,17.0589,0.0,-35.0,13.6471,-0.0,0.0,0.0,0.0,-0.0,0.0,0.0,SL_HIT,-1.0,SL_HIT_CONSERVATIVE_AMBIGUITY,False,>1.50%
257,BTCUSD,LONG,2024-12-27T16:00:00+00:00,2024-12-27T16:00:00+00:00,2024-12-27T17:00:00+00:00,94280.5,93777.0,503.5,0.5348,94154.625,93777.0,94907.862,0.4011,0.8,87.2668,0.0,-35.0,69.8134,-0.0,0.0,0.0,0.0,-0.0,0.0,0.0,SL_HIT,-1.0,SL_HIT,False,<0.50%
258,SOLUSD,LONG,2024-12-27T21:00:00+00:00,2024-12-27T21:00:00+00:00,2024-12-28T15:00:00+00:00,185.62,180.669,4.951,2.6814,184.3822,180.669,185.8573,2.0139,0.8,17.3793,0.0,-35.0,13.9035,0.0,0.0,0.0,0.0,0.0,0.0,0.0,TP_HIT,0.3972,TP_HIT,False,>1.50%
259,SOLUSD,LONG,2024-12-29T14:00:00+00:00,2024-12-29T14:00:00+00:00,2024-12-29T17:00:00+00:00,194.201,192.348,1.853,0.9563,193.7378,192.348,195.2877,0.7173,0.8,48.7917,0.0,-35.0,39.0333,-0.0,0.0,0.0,0.0,-0.0,0.0,0.0,SL_HIT,-1.0,SL_HIT_CONSERVATIVE_AMBIGUITY,False,0.70-0.80%
260,XRPUSD,LONG,2024-12-29T17:00:00+00:00,2024-12-29T17:00:00+00:00,2024-12-29T20:00:00+00:00,2.1479,2.1329,0.015,0.6989,2.1441,2.1329,2.1613,0.5247,0.8,66.7069,0.0,-35.0,53.3655,-0.0,0.0,0.0,0.0,-0.0,0.0,0.0,SL_HIT,-1.0,SL_HIT,False,0.50-0.60%
261,BTCUSD,SHORT,2024-12-30T17:00:00+00:00,2024-12-30T17:00:00+00:00,2024-12-30T18:00:00+00:00,94252.0,93674.5,577.5,0.6157,93818.875,94252.0,93068.324,0.4617,0.8,75.8132,0.0,-35.0,60.6506,-0.0,0.0,0.0,0.0,-0.0,0.0,0.0,SL_HIT,-1.0,SL_HIT,False,<0.50%
262,SOLUSD,SHORT,2024-12-30T18:00:00+00:00,2024-12-30T18:00:00+00:00,2024-12-30T19:00:00+00:00,194.76,192.79,1.97,1.013,193.2825,194.76,191.7362,0.7644,0.8,45.786,0.0,-35.0,36.6288,-0.0,0.0,0.0,0.0,-0.0,0.0,0.0,SL_HIT,-1.0,SL_HIT,False,0.70-0.80%
263,XRPUSD,SHORT,2024-12-30T19:00:00+00:00,2024-12-30T19:00:00+00:00,2024-12-31T00:00:00+00:00,2.1514,2.097,0.0544,2.5868,2.1106,2.1514,2.0937,1.9331,0.8,18.1056,0.0,-35.0,14.4845,0.0,0.0,0.0,0.0,0.0,0.0,0.0,TP_HIT,0.4138,TP_HIT,False,>1.50%
264,XRPUSD,LONG,2024-12-31T00:00:00+00:00,2024-12-31T00:00:00+00:00,2024-12-31T08:00:00+00:00,2.0354,1.9967,0.0387,1.9065,2.0257,1.9967,2.0419,1.4328,0.8,24.4273,0.0,-35.0,19.5419,0.0,0.0,0.0,0.0,0.0,0.0,0.0,TP_HIT,0.5583,TP_HIT,False,1.00-1.50%
265,ETHUSD,LONG,2024-12-31T22:00:00+00:00,2024-12-31T22:00:00+00:00,2025-01-01T09:00:00+00:00,3343.55,3314.0,29.55,0.8851,3336.1625,3314.0,3362.8518,0.6643,0.8,52.6862,0.0,-35.0,42.1489,-0.0,0.0,0.0,0.0,-0.0,0.0,0.0,SL_HIT,-1.0,SL_HIT_CONSERVATIVE_AMBIGUITY,False,0.60-0.70%
266,BTCUSD,SHORT,2025-01-01T12:00:00+00:00,2025-01-01T12:00:00+00:00,2025-01-01T15:00:00+00:00,94449.0,93460.0,989.0,1.0545,93707.25,94449.0,92957.592,0.7916,0.8,44.2164,0.0,-35.0,35.3731,-0.0,0.0,0.0,0.0,-0.0,0.0,0.0,SL_HIT,-1.0,SL_HIT,False,0.70-0.80%
267,XRPUSD,LONG,2025-01-04T04:00:00+00:00,2025-01-04T04:00:00+00:00,2025-01-04T15:00:00+00:00,2.4659,2.4273,0.0386,1.5752,2.4562,2.4273,2.4759,1.1786,0.8,29.6956,0.0,-35.0,23.7565,-0.0,0.0,0.0,0.0,-0.0,0.0,0.0,SL_HIT,-1.0,SL_HIT,False,1.00-1.50%
268,BTCUSD,LONG,2025-01-05T01:00:00+00:00,2025-01-05T01:00:00+00:00,2025-01-05T14:00:00+00:00,98120.0,97477.5,642.5,0.655,97959.375,97477.5,98743.05,0.4919,0.8,71.1508,0.0,-35.0,56.9206,-0.0,0.0,0.0,0.0,-0.0,0.0,0.0,SL_HIT,-1.0,SL_HIT_CONSERVATIVE_AMBIGUITY,False,<0.50%
269,XRPUSD,SHORT,2025-01-06T01:00:00+00:00,2025-01-06T01:00:00+00:00,2025-01-06T02:00:00+00:00,2.4419,2.4188,0.0231,0.955,2.4246,2.4419,2.4052,0.7146,0.8,48.9813,0.0,-35.0,39.1851,-0.0,0.0,0.0,0.0,-0.0,0.0,0.0,SL_HIT,-1.0,SL_HIT_CONSERVATIVE_AMBIGUITY,True,0.70-0.80%
270,ETHUSD,LONG,2025-01-06T07:00:00+00:00,2025-01-06T07:00:00+00:00,2025-01-06T14:00:00+00:00,3654.95,3609.05,45.9,1.2578,3643.475,3609.05,3672.6228,0.9448,0.8,37.0433,0.0,-35.0,29.6347,0.0,0.0,0.0,0.0,0.0,0.0,0.0,TP_HIT,0.8467,TP_HIT,False,0.80-1.00%
271,BTCUSD,SHORT,2025-01-06T20:00:00+00:00,2025-01-06T20:00:00+00:00,2025-01-07T00:00:00+00:00,102587.5,101712.5,875.0,0.8572,101931.25,102587.5,101115.8,0.6438,0.8,54.3633,0.0,-35.0,43.4907,-0.0,0.0,0.0,0.0,-0.0,0.0,0.0,SL_HIT,-1.0,SL_HIT,False,0.60-0.70%
272,XRPUSD,SHORT,2025-01-07T05:00:00+00:00,2025-01-07T05:00:00+00:00,2025-01-07T06:00:00+00:00,2.4338,2.4201,0.0137,0.5636,2.4235,2.4338,2.4041,0.424,0.8,82.5532,0.0,-35.0,66.0425,-0.0,0.0,0.0,0.0,-0.0,0.0,0.0,SL_HIT,-1.0,SL_HIT,False,<0.50%
273,ETHUSD,LONG,2025-01-07T11:00:00+00:00,2025-01-07T11:00:00+00:00,2025-01-07T14:00:00+00:00,3652.0,3622.9,29.1,0.7998,3644.725,3622.9,3673.8828,0.5988,0.8,58.4492,0.0,-35.0,46.7594,-0.0,0.0,0.0,0.0,-0.0,0.0,0.0,SL_HIT,-1.0,SL_HIT,False,0.50-0.60%
274,BTCUSD,LONG,2025-01-07T15:00:00+00:00,2025-01-07T15:00:00+00:00,2025-01-07T17:00:00+00:00,97933.0,97029.0,904.0,0.9233,97707.0,97029.0,98488.656,0.6939,0.8,50.4387,0.0,-35.0,40.351,-0.0,0.0,0.0,0.0,-0.0,0.0,0.0,SL_HIT,-1.0,SL_HIT_CONSERVATIVE_AMBIGUITY,False,0.60-0.70%
275,BTCUSD,SHORT,2025-01-08T22:00:00+00:00,2025-01-08T22:00:00+00:00,2025-01-09T02:00:00+00:00,95845.0,94854.0,991.0,1.0404,95101.75,95845.0,94340.936,0.7815,0.8,44.7839,0.0,-35.0,35.8271,0.0,0.0,0.0,0.0,0.0,0.0,0.0,TP_HIT,1.0236,TP_HIT,False,0.70-0.80%
276,XRPUSD,LONG,2025-01-09T07:00:00+00:00,2025-01-09T07:00:00+00:00,2025-01-09T13:00:00+00:00,2.3148,2.2732,0.0416,1.8004,2.3044,2.2732,2.3228,1.3539,0.8,25.8506,0.0,-35.0,20.6805,-0.0,0.0,0.0,0.0,-0.0,0.0,0.0,SL_HIT,-1.0,SL_HIT_CONSERVATIVE_AMBIGUITY,False,1.00-1.50%
277,SOLUSD,SHORT,2025-01-10T06:00:00+00:00,2025-01-10T06:00:00+00:00,2025-01-10T07:00:00+00:00,192.68,190.539,2.141,1.1212,191.0743,192.68,189.5457,0.8404,0.8,41.6478,0.0,-35.0,33.3183,-0.0,0.0,0.0,0.0,-0.0,0.0,0.0,SL_HIT,-1.0,SL_HIT,False,0.80-1.00%
278,BTCUSD,SHORT,2025-01-10T10:00:00+00:00,2025-01-10T10:00:00+00:00,2025-01-10T13:00:00+00:00,95359.0,94930.5,428.5,0.4503,95037.625,95359.0,94277.324,0.3382,0.8,103.5027,0.0,-35.0,82.8021,0.0,0.0,0.0,0.0,0.0,0.0,0.0,TP_HIT,2.3658,TP_HIT,False,<0.50%
279,BTCUSD,LONG,2025-01-12T00:00:00+00:00,2025-01-12T00:00:00+00:00,2025-01-12T09:00:00+00:00,94415.0,93945.0,470.0,0.4978,94297.5,93945.0,95051.88,0.3738,0.8,93.6287,0.0,-35.0,74.903,-0.0,0.0,0.0,0.0,-0.0,0.0,0.0,SL_HIT,-1.0,SL_HIT,False,<0.50%
280,XRPUSD,SHORT,2025-01-12T17:00:00+00:00,2025-01-12T17:00:00+00:00,2025-01-12T21:00:00+00:00,2.5555,2.5372,0.0183,0.7203,2.5418,2.5555,2.5214,0.54,0.8,64.8176,0.0,-35.0,51.8541,0.0,0.0,0.0,0.0,0.0,0.0,0.0,TP_HIT,1.4815,TP_HIT,False,0.50-0.60%
281,BTCUSD,LONG,2025-01-12T22:00:00+00:00,2025-01-12T22:00:00+00:00,2025-01-13T00:00:00+00:00,94199.5,93661.0,538.5,0.5734,94064.875,93661.0,94817.394,0.4294,0.8,81.5171,0.0,-35.0,65.2137,0.0,0.0,0.0,0.0,0.0,0.0,0.0,TP_HIT,1.8632,TP_HIT,False,<0.50%
282,ETHUSD,LONG,2025-01-13T01:00:00+00:00,2025-01-13T01:00:00+00:00,2025-01-13T05:00:00+00:00,3267.3,3232.85,34.45,1.0567,3258.6875,3232.85,3284.757,0.7929,0.8,44.1428,0.0,-35.0,35.3143,-0.0,0.0,0.0,0.0,-0.0,0.0,0.0,SL_HIT,-1.0,SL_HIT,False,0.70-0.80%
283,ETHUSD,LONG,2025-01-13T06:00:00+00:00,2025-01-13T06:00:00+00:00,2025-01-13T11:00:00+00:00,3217.05,3101.55,115.5,3.6207,3188.175,3101.55,3213.6804,2.7171,0.8,12.8815,0.0,-35.0,10.3052,-0.0,0.0,0.0,0.0,-0.0,0.0,0.0,SL_HIT,-1.0,SL_HIT_CONSERVATIVE_AMBIGUITY,False,>1.50%
284,BTCUSD,SHORT,2025-01-13T21:00:00+00:00,2025-01-13T21:00:00+00:00,2025-01-14T01:00:00+00:00,94878.0,94145.5,732.5,0.778,94328.625,94878.0,93573.996,0.5824,0.8,60.0956,0.0,-35.0,48.0765,-0.0,0.0,0.0,0.0,-0.0,0.0,0.0,SL_HIT,-1.0,SL_HIT,False,0.50-0.60%
285,BTCUSD,SHORT,2025-01-14T07:00:00+00:00,2025-01-14T07:00:00+00:00,2025-01-14T08:00:00+00:00,95749.0,94532.5,1216.5,1.2829,94836.625,95749.0,94077.932,0.962,0.8,36.3807,0.0,-35.0,29.1045,-0.0,0.0,0.0,0.0,-0.0,0.0,0.0,SL_HIT,-1.0,SL_HIT,False,0.80-1.00%
286,SOLUSD,SHORT,2025-01-14T22:00:00+00:00,2025-01-14T22:00:00+00:00,2025-01-15T13:00:00+00:00,191.906,188.22,3.686,1.9529,189.1415,191.906,187.6284,1.4616,0.8,23.9463,0.0,-35.0,19.157,-0.0,0.0,0.0,0.0,-0.0,0.0,0.0,SL_HIT,-1.0,SL_HIT_CONSERVATIVE_AMBIGUITY,False,1.00-1.50%
287,XRPUSD,SHORT,2025-01-18T23:00:00+00:00,2025-01-18T23:00:00+00:00,2025-01-19T04:00:00+00:00,3.3171,3.2523,0.0648,1.9827,3.2685,3.3171,3.2424,1.4869,0.8,23.5386,0.0,-35.0,18.8309,0.0,0.0,0.0,0.0,0.0,0.0,0.0,TP_HIT,0.538,TP_HIT,False,1.00-1.50%
288,ETHUSD,LONG,2025-01-19T04:00:00+00:00,2025-01-19T04:00:00+00:00,2025-01-19T08:00:00+00:00,3283.6,3248.35,35.25,1.0736,3274.7875,3248.35,3300.9858,0.8073,0.8,43.3542,0.0,-35.0,34.6833,-0.0,0.0,0.0,0.0,-0.0,0.0,0.0,SL_HIT,-1.0,SL_HIT_CONSERVATIVE_AMBIGUITY,False,0.80-1.00%
289,BTCUSD,LONG,2025-01-19T21:00:00+00:00,2025-01-19T21:00:00+00:00,2025-01-19T22:00:00+00:00,104188.0,103209.0,979.0,0.9442,103943.25,103209.0,104774.796,0.7064,0.8,49.5473,0.0,-35.0,39.6379,-0.0,0.0,0.0,0.0,-0.0,0.0,0.0,SL_HIT,-1.0,SL_HIT_CONSERVATIVE_AMBIGUITY,True,0.70-0.80%
290,XRPUSD,LONG,2025-01-22T15:00:00+00:00,2025-01-22T15:00:00+00:00,2025-01-22T18:00:00+00:00,3.1735,3.1411,0.0324,1.025,3.1654,3.1411,3.1907,0.7677,0.8,45.5922,0.0,-35.0,36.4737,-0.0,0.0,0.0,0.0,-0.0,0.0,0.0,SL_HIT,-1.0,SL_HIT_CONSERVATIVE_AMBIGUITY,False,0.70-0.80%
291,SOLUSD,LONG,2025-01-22T22:00:00+00:00,2025-01-22T22:00:00+00:00,2025-01-23T01:00:00+00:00,260.09,253.219,6.871,2.6423,258.3723,253.219,260.4392,1.9945,0.8,17.5482,0.0,-35.0,14.0386,-0.0,0.0,0.0,0.0,-0.0,0.0,0.0,SL_HIT,-1.0,SL_HIT_CONSERVATIVE_AMBIGUITY,False,>1.50%
292,BTCUSD,LONG,2025-01-23T08:00:00+00:00,2025-01-23T08:00:00+00:00,2025-01-23T14:00:00+00:00,102181.5,101112.0,1069.5,1.0467,101914.125,101112.0,102729.438,0.7871,0.8,44.4693,0.0,-35.0,35.5754,0.0,0.0,0.0,0.0,0.0,0.0,0.0,TP_HIT,1.0164,TP_HIT,False,0.70-0.80%
293,XRPUSD,LONG,2025-01-24T20:00:00+00:00,2025-01-24T20:00:00+00:00,2025-01-26T23:00:00+00:00,3.1314,3.0525,0.0789,2.5425,3.1117,3.0525,3.1366,1.9017,0.8,18.4045,0.0,-35.0,14.7236,-0.0,0.0,0.0,0.0,-0.0,0.0,0.0,SL_HIT,-1.0,SL_HIT_CONSERVATIVE_AMBIGUITY,False,>1.50%
294,SOLUSD,LONG,2025-01-28T12:00:00+00:00,2025-01-28T12:00:00+00:00,2025-01-28T16:00:00+00:00,237.72,232.619,5.101,2.1603,236.4447,232.619,238.3363,1.618,0.8,21.6312,0.0,-35.0,17.305,-0.0,0.0,0.0,0.0,-0.0,0.0,0.0,SL_HIT,-1.0,SL_HIT_CONSERVATIVE_AMBIGUITY,False,>1.50%
295,XRPUSD,LONG,2025-01-28T20:00:00+00:00,2025-01-28T20:00:00+00:00,2025-01-28T21:00:00+00:00,3.1101,3.0708,0.0393,1.2771,3.1003,3.0708,3.1251,0.9507,0.8,36.8141,0.0,-35.0,29.4513,-0.0,0.0,0.0,0.0,-0.0,0.0,0.0,SL_HIT,-1.0,SL_HIT,False,0.80-1.00%
296,BTCUSD,SHORT,2025-01-29T06:00:00+00:00,2025-01-29T06:00:00+00:00,2025-01-29T19:00:00+00:00,103797.0,102450.5,1346.5,1.3103,102787.125,103797.0,101964.828,0.9825,0.8,35.6237,0.0,-35.0,28.499,-0.0,0.0,0.0,0.0,-0.0,0.0,0.0,SL_HIT,-1.0,SL_HIT_CONSERVATIVE_AMBIGUITY,False,0.80-1.00%
297,SOLUSD,SHORT,2025-01-30T08:00:00+00:00,2025-01-30T08:00:00+00:00,2025-01-30T15:00:00+00:00,243.76,239.494,4.266,1.7811,240.5605,243.76,238.636,1.33,0.8,26.3154,0.0,-35.0,21.0523,-0.0,0.0,0.0,0.0,-0.0,0.0,0.0,SL_HIT,-1.0,SL_HIT_CONSERVATIVE_AMBIGUITY,False,1.00-1.50%
298,BTCUSD,LONG,2025-01-30T17:00:00+00:00,2025-01-30T17:00:00+00:00,2025-01-30T18:00:00+00:00,105308.0,104760.5,547.5,0.5202,105171.125,104760.5,106012.494,0.3904,0.8,89.6436,0.0,-35.0,71.7149,-0.0,0.0,0.0,0.0,-0.0,0.0,0.0,SL_HIT,-1.0,SL_HIT,False,<0.50%
299,SOLUSD,LONG,2025-01-30T20:00:00+00:00,2025-01-30T20:00:00+00:00,2025-01-31T00:00:00+00:00,239.621,237.088,2.533,1.062,238.9878,237.088,240.8997,0.7949,0.8,44.0299,0.0,-35.0,35.2239,-0.0,0.0,0.0,0.0,-0.0,0.0,0.0,SL_HIT,-1.0,SL_HIT_CONSERVATIVE_AMBIGUITY,False,0.70-0.80%
300,ETHUSD,SHORT,2025-01-31T06:00:00+00:00,2025-01-31T06:00:00+00:00,2025-01-31T11:00:00+00:00,3278.65,3245.65,33.0,1.0118,3253.9,3278.65,3227.8688,0.7606,0.8,46.0147,0.0,-35.0,36.8118,-0.0,0.0,0.0,0.0,-0.0,0.0,0.0,SL_HIT,-1.0,SL_HIT_CONSERVATIVE_AMBIGUITY,False,0.70-0.80%
301,ETHUSD,SHORT,2025-01-31T11:00:00+00:00,2025-01-31T11:00:00+00:00,2025-01-31T12:00:00+00:00,3343.6,3313.8,29.8,0.8938,3321.25,3343.6,3294.68,0.6729,0.8,52.0106,0.0,-35.0,41.6085,-0.0,0.0,0.0,0.0,-0.0,0.0,0.0,SL_HIT,-1.0,SL_HIT,False,0.60-0.70%
302,SOLUSD,LONG,2025-01-31T18:00:00+00:00,2025-01-31T18:00:00+00:00,2025-02-01T10:00:00+00:00,231.34,226.74,4.6,1.998,230.19,226.74,232.0315,1.4988,0.8,23.3526,0.0,-35.0,18.6821,-0.0,0.0,0.0,0.0,-0.0,0.0,0.0,SL_HIT,-1.0,SL_HIT_CONSERVATIVE_AMBIGUITY,False,1.00-1.50%
303,BTCUSD,LONG,2025-02-02T09:00:00+00:00,2025-02-02T09:00:00+00:00,2025-02-02T11:00:00+00:00,99731.5,98818.0,913.5,0.9168,99503.125,98818.0,100299.15,0.6885,0.8,50.8317,0.0,-35.0,40.6654,-0.0,0.0,0.0,0.0,-0.0,0.0,0.0,SL_HIT,-1.0,SL_HIT,False,0.60-0.70%
304,SOLUSD,LONG,2025-02-03T12:00:00+00:00,2025-02-03T12:00:00+00:00,2025-02-03T15:00:00+00:00,197.31,189.6,7.71,3.9535,195.3825,189.6,196.9456,2.9596,0.8,11.826,0.0,-35.0,9.4608,0.0,0.0,0.0,0.0,0.0,0.0,0.0,TP_HIT,0.2703,TP_HIT,False,>1.50%
305,SOLUSD,SHORT,2025-02-03T18:00:00+00:00,2025-02-03T18:00:00+00:00,2025-02-03T21:00:00+00:00,215.635,210.736,4.899,2.3175,211.9607,215.635,210.2651,1.7335,0.8,20.1909,0.0,-35.0,16.1527,-0.0,0.0,0.0,0.0,-0.0,0.0,0.0,SL_HIT,-1.0,SL_HIT_CONSERVATIVE_AMBIGUITY,False,>1.50%
306,ETHUSD,SHORT,2025-02-05T05:00:00+00:00,2025-02-05T05:00:00+00:00,2025-02-06T05:00:00+00:00,2844.65,2774.0,70.65,2.5384,2791.6625,2844.65,2769.3292,1.8981,0.8,18.4399,0.0,-35.0,14.7519,-0.0,0.0,0.0,0.0,-0.0,0.0,0.0,SL_HIT,-1.0,SL_HIT_CONSERVATIVE_AMBIGUITY,False,>1.50%
307,BTCUSD,SHORT,2025-02-06T06:00:00+00:00,2025-02-06T06:00:00+00:00,2025-02-06T15:00:00+00:00,99123.0,98074.5,1048.5,1.0663,98336.625,99123.0,97549.932,0.7997,0.8,43.7677,0.0,-35.0,35.0142,0.0,0.0,0.0,0.0,0.0,0.0,0.0,TP_HIT,1.0004,TP_HIT,False,0.70-0.80%
308,SOLUSD,SHORT,2025-02-07T14:00:00+00:00,2025-02-07T14:00:00+00:00,2025-02-07T15:00:00+00:00,203.83,201.3,2.53,1.2452,201.9325,203.83,200.317,0.9397,0.8,37.2471,0.0,-35.0,29.7977,0.0,0.0,0.0,0.0,0.0,0.0,0.0,TP_HIT,0.8514,TP_HIT,False,0.80-1.00%
309,ETHUSD,LONG,2025-02-07T16:00:00+00:00,2025-02-07T16:00:00+00:00,2025-02-07T17:00:00+00:00,2714.6,2666.7,47.9,1.7791,2702.625,2666.7,2724.246,1.3293,0.8,26.3304,0.0,-35.0,21.0643,-0.0,0.0,0.0,0.0,-0.0,0.0,0.0,SL_HIT,-1.0,SL_HIT,False,1.00-1.50%
310,BTCUSD,LONG,2025-02-07T19:00:00+00:00,2025-02-07T19:00:00+00:00,2025-02-07T20:00:00+00:00,97328.0,96534.5,793.5,0.8194,97129.625,96534.5,97906.662,0.6127,0.8,57.1231,0.0,-35.0,45.6985,-0.0,0.0,0.0,0.0,-0.0,0.0,0.0,SL_HIT,-1.0,SL_HIT,False,0.60-0.70%
311,BTCUSD,LONG,2025-02-09T11:00:00+00:00,2025-02-09T11:00:00+00:00,2025-02-09T13:00:00+00:00,96573.5,96310.5,263.0,0.2725,96507.75,96310.5,97279.812,0.2044,0.8,171.2432,0.0,-35.0,136.9945,-0.0,0.0,0.0,0.0,-0.0,0.0,0.0,SL_HIT,-1.0,SL_HIT,False,<0.50%
312,BTCUSD,SHORT,2025-02-09T23:00:00+00:00,2025-02-09T23:00:00+00:00,2025-02-10T00:00:00+00:00,96736.0,95992.5,743.5,0.7711,96178.375,96736.0,95408.948,0.5798,0.8,60.3675,0.0,-35.0,48.294,-0.0,0.0,0.0,0.0,-0.0,0.0,0.0,SL_HIT,-1.0,SL_HIT,False,0.50-0.60%
313,SOLUSD,LONG,2025-02-10T01:00:00+00:00,2025-02-10T01:00:00+00:00,2025-02-10T13:00:00+00:00,199.73,193.36,6.37,3.2126,198.1375,193.36,199.7226,2.4112,0.8,14.5156,0.0,-35.0,11.6125,0.0,0.0,0.0,0.0,0.0,0.0,0.0,TP_HIT,0.3318,TP_HIT,False,>1.50%
314,SOLUSD,LONG,2025-02-11T15:00:00+00:00,2025-02-11T15:00:00+00:00,2025-02-11T19:00:00+00:00,199.45,195.744,3.706,1.8596,198.5235,195.744,200.1117,1.4001,0.8,24.9985,0.0,-35.0,19.9988,-0.0,0.0,0.0,0.0,-0.0,0.0,0.0,SL_HIT,-1.0,SL_HIT_CONSERVATIVE_AMBIGUITY,False,1.00-1.50%
315,SOLUSD,SHORT,2025-02-12T09:00:00+00:00,2025-02-12T09:00:00+00:00,2025-02-12T13:00:00+00:00,199.29,196.1,3.19,1.6231,196.8975,199.29,195.3223,1.2151,0.8,28.8042,0.0,-35.0,23.0434,0.0,0.0,0.0,0.0,0.0,0.0,0.0,TP_HIT,0.6584,TP_HIT,False,1.00-1.50%
316,ETHUSD,SHORT,2025-02-14T17:00:00+00:00,2025-02-14T17:00:00+00:00,2025-02-14T19:00:00+00:00,2796.0,2762.5,33.5,1.2082,2770.875,2796.0,2748.708,0.9068,0.8,38.5993,0.0,-35.0,30.8794,0.0,0.0,0.0,0.0,0.0,0.0,0.0,TP_HIT,0.8823,TP_HIT,False,0.80-1.00%
317,ETHUSD,SHORT,2025-02-15T18:00:00+00:00,2025-02-15T18:00:00+00:00,2025-02-16T05:00:00+00:00,2713.85,2698.35,15.5,0.5738,2702.225,2713.85,2680.6072,0.4302,0.8,81.3573,0.0,-35.0,65.0858,-0.0,0.0,0.0,0.0,-0.0,0.0,0.0,SL_HIT,-1.0,SL_HIT_CONSERVATIVE_AMBIGUITY,False,<0.50%
318,ETHUSD,LONG,2025-02-16T07:00:00+00:00,2025-02-16T07:00:00+00:00,2025-02-16T14:00:00+00:00,2695.85,2677.65,18.2,0.6755,2691.3,2677.65,2712.8304,0.5072,0.8,69.0077,0.0,-35.0,55.2062,-0.0,0.0,0.0,0.0,-0.0,0.0,0.0,SL_HIT,-1.0,SL_HIT_CONSERVATIVE_AMBIGUITY,False,0.50-0.60%
319,SOLUSD,LONG,2025-02-17T23:00:00+00:00,2025-02-17T23:00:00+00:00,2025-02-18T05:00:00+00:00,178.185,174.183,4.002,2.2558,177.1845,174.183,178.602,1.694,0.8,20.6612,0.0,-35.0,16.529,-0.0,0.0,0.0,0.0,-0.0,0.0,0.0,SL_HIT,-1.0,SL_HIT_CONSERVATIVE_AMBIGUITY,False,>1.50%
320,BTCUSD,SHORT,2025-02-18T12:00:00+00:00,2025-02-18T12:00:00+00:00,2025-02-18T13:00:00+00:00,96296.5,95972.0,324.5,0.3375,96053.125,96296.5,95284.7,0.2534,0.8,138.135,0.0,-35.0,110.508,-0.0,0.0,0.0,0.0,-0.0,0.0,0.0,SL_HIT,-1.0,SL_HIT,False,<0.50%
321,ETHUSD,SHORT,2025-02-18T23:00:00+00:00,2025-02-18T23:00:00+00:00,2025-02-19T10:00:00+00:00,2731.55,2670.4,61.15,2.2898,2685.6875,2731.55,2664.202,1.7077,0.8,20.4958,0.0,-35.0,16.3967,-0.0,0.0,0.0,0.0,-0.0,0.0,0.0,SL_HIT,-1.0,SL_HIT_CONSERVATIVE_AMBIGUITY,False,>1.50%
322,ETHUSD,SHORT,2025-02-20T08:00:00+00:00,2025-02-20T08:00:00+00:00,2025-02-21T09:00:00+00:00,2776.4,2730.55,45.85,1.6783,2742.0125,2776.4,2720.0764,1.2541,0.8,27.9085,0.0,-35.0,22.3268,-0.0,0.0,0.0,0.0,-0.0,0.0,0.0,SL_HIT,-1.0,SL_HIT_CONSERVATIVE_AMBIGUITY,False,1.00-1.50%
323,BTCUSD,LONG,2025-02-21T19:00:00+00:00,2025-02-21T19:00:00+00:00,2025-02-21T20:00:00+00:00,95308.0,95012.5,295.5,0.3103,95234.125,95012.5,95995.998,0.2327,0.8,150.3979,0.0,-35.0,120.3184,-0.0,0.0,0.0,0.0,-0.0,0.0,0.0,SL_HIT,-1.0,SL_HIT,False,<0.50%
324,XRPUSD,LONG,2025-02-22T23:00:00+00:00,2025-02-22T23:00:00+00:00,2025-02-23T00:00:00+00:00,2.5739,2.5601,0.0138,0.5364,2.5705,2.5601,2.591,0.4027,0.8,86.9234,0.0,-35.0,69.5387,-0.0,0.0,0.0,0.0,-0.0,0.0,0.0,SL_HIT,-1.0,SL_HIT,False,<0.50%
325,SOLUSD,LONG,2025-02-23T09:00:00+00:00,2025-02-23T09:00:00+00:00,2025-02-23T11:00:00+00:00,171.37,169.7306,1.6394,0.9575,170.9601,169.7306,172.3278,0.7192,0.8,48.665,0.0,-35.0,38.932,-0.0,0.0,0.0,0.0,-0.0,0.0,0.0,SL_HIT,-1.0,SL_HIT,False,0.70-0.80%
326,ETHUSD,SHORT,2025-02-23T16:00:00+00:00,2025-02-23T16:00:00+00:00,2025-02-23T23:00:00+00:00,2844.9,2800.8,44.1,1.5722,2811.825,2844.9,2789.3304,1.1763,0.8,29.7548,0.0,-35.0,23.8038,-0.0,0.0,0.0,0.0,-0.0,0.0,0.0,SL_HIT,-1.0,SL_HIT_CONSERVATIVE_AMBIGUITY,False,1.00-1.50%
327,ETHUSD,SHORT,2025-02-25T20:00:00+00:00,2025-02-25T20:00:00+00:00,2025-02-25T22:00:00+00:00,2523.45,2473.1,50.35,2.0197,2485.6875,2523.45,2465.802,1.5192,0.8,23.0385,0.0,-35.0,18.4308,-0.0,0.0,0.0,0.0,-0.0,0.0,0.0,SL_HIT,-1.0,SL_HIT,False,>1.50%
328,XRPUSD,LONG,2025-02-27T14:00:00+00:00,2025-02-27T14:00:00+00:00,2025-02-27T20:00:00+00:00,2.2151,2.1586,0.0565,2.5878,2.201,2.1586,2.2186,1.9253,0.8,18.1791,0.0,-35.0,14.5433,-0.0,0.0,0.0,0.0,-0.0,0.0,0.0,SL_HIT,-1.0,SL_HIT_CONSERVATIVE_AMBIGUITY,False,>1.50%
329,SOLUSD,LONG,2025-03-01T00:00:00+00:00,2025-03-01T00:00:00+00:00,2025-03-01T06:00:00+00:00,147.79,143.649,4.141,2.8377,146.7548,143.649,147.9288,2.1163,0.8,16.5384,0.0,-35.0,13.2307,-0.0,0.0,0.0,0.0,-0.0,0.0,0.0,SL_HIT,-1.0,SL_HIT_CONSERVATIVE_AMBIGUITY,False,>1.50%
330,ETHUSD,LONG,2025-03-01T06:00:00+00:00,2025-03-01T06:00:00+00:00,2025-03-01T11:00:00+00:00,2254.3,2192.45,61.85,2.7667,2238.8375,2192.45,2256.7482,2.0719,0.8,16.8923,0.0,-35.0,13.5139,-0.0,0.0,0.0,0.0,-0.0,0.0,0.0,SL_HIT,-1.0,SL_HIT,False,>1.50%
331,BTCUSD,SHORT,2025-03-02T06:00:00+00:00,2025-03-02T06:00:00+00:00,2025-03-02T15:00:00+00:00,87061.0,86007.0,1054.0,1.2223,86270.5,87061.0,85580.336,0.9163,0.8,38.1969,0.0,-35.0,30.5575,-0.0,0.0,0.0,0.0,-0.0,0.0,0.0,SL_HIT,-1.0,SL_HIT_CONSERVATIVE_AMBIGUITY,False,0.80-1.00%
332,BTCUSD,LONG,2025-03-03T19:00:00+00:00,2025-03-03T19:00:00+00:00,2025-03-03T22:00:00+00:00,85871.5,85013.5,858.0,1.0029,85657.0,85013.5,86342.256,0.7513,0.8,46.5889,0.0,-35.0,37.2711,0.0,0.0,0.0,0.0,0.0,0.0,0.0,TP_HIT,1.0649,TP_HIT,False,0.70-0.80%
333,ETHUSD,LONG,2025-03-05T14:00:00+00:00,2025-03-05T14:00:00+00:00,2025-03-05T20:00:00+00:00,2192.0,2154.2,37.8,1.7416,2182.55,2154.2,2200.0104,1.2989,0.8,26.9451,0.0,-35.0,21.556,0.0,0.0,0.0,0.0,0.0,0.0,0.0,TP_HIT,0.6159,TP_HIT,False,1.00-1.50%
334,BTCUSD,LONG,2025-03-06T17:00:00+00:00,2025-03-06T17:00:00+00:00,2025-03-07T00:00:00+00:00,89228.5,87558.0,1670.5,1.8858,88810.875,87558.0,89521.362,1.4107,0.8,24.81,0.0,-35.0,19.848,-0.0,0.0,0.0,0.0,-0.0,0.0,0.0,SL_HIT,-1.0,SL_HIT_CONSERVATIVE_AMBIGUITY,False,1.00-1.50%
335,ETHUSD,SHORT,2025-03-07T10:00:00+00:00,2025-03-07T10:00:00+00:00,2025-03-07T14:00:00+00:00,2228.5,2194.05,34.45,1.5689,2202.6625,2228.5,2185.0412,1.173,0.8,29.8377,0.0,-35.0,23.8702,-0.0,0.0,0.0,0.0,-0.0,0.0,0.0,SL_HIT,-1.0,SL_HIT_CONSERVATIVE_AMBIGUITY,False,1.00-1.50%
336,XRPUSD,SHORT,2025-03-08T12:00:00+00:00,2025-03-08T12:00:00+00:00,2025-03-09T10:00:00+00:00,2.3742,2.3304,0.0438,1.8773,2.3414,2.3742,2.3226,1.403,0.8,24.9459,0.0,-35.0,19.9567,0.0,0.0,0.0,0.0,0.0,0.0,0.0,TP_HIT,0.5702,TP_HIT,False,1.00-1.50%
337,SOLUSD,LONG,2025-03-09T10:00:00+00:00,2025-03-09T10:00:00+00:00,2025-03-09T14:00:00+00:00,136.29,132.587,3.703,2.7244,135.3642,132.587,136.4472,2.0517,0.8,17.0591,0.0,-35.0,13.6473,-0.0,0.0,0.0,0.0,-0.0,0.0,0.0,SL_HIT,-1.0,SL_HIT_CONSERVATIVE_AMBIGUITY,False,>1.50%
338,SOLUSD,LONG,2025-03-09T16:00:00+00:00,2025-03-09T16:00:00+00:00,2025-03-09T23:00:00+00:00,129.121,125.529,3.592,2.8082,128.223,125.529,129.2488,2.101,0.8,16.6585,0.0,-35.0,13.3268,-0.0,0.0,0.0,0.0,-0.0,0.0,0.0,SL_HIT,-1.0,SL_HIT_CONSERVATIVE_AMBIGUITY,False,>1.50%
339,XRPUSD,LONG,2025-03-10T13:00:00+00:00,2025-03-10T13:00:00+00:00,2025-03-10T14:00:00+00:00,2.1739,2.0859,0.088,4.0947,2.1519,2.0859,2.1691,3.0671,0.8,11.4116,0.0,-35.0,9.1293,-0.0,0.0,0.0,0.0,-0.0,0.0,0.0,SL_HIT,-1.0,SL_HIT_CONSERVATIVE_AMBIGUITY,True,>1.50%
340,SOLUSD,SHORT,2025-03-11T18:00:00+00:00,2025-03-11T18:00:00+00:00,2025-03-14T14:00:00+00:00,131.481,126.11,5.371,4.2122,127.4527,131.481,126.4331,3.1606,0.8,11.0739,0.0,-35.0,8.8591,-0.0,0.0,0.0,0.0,-0.0,0.0,0.0,SL_HIT,-1.0,SL_HIT_CONSERVATIVE_AMBIGUITY,False,>1.50%
341,ETHUSD,LONG,2025-03-16T02:00:00+00:00,2025-03-16T02:00:00+00:00,2025-03-16T09:00:00+00:00,1921.45,1911.5,9.95,0.518,1918.9625,1911.5,1934.3142,0.3889,0.8,90.0016,0.0,-35.0,72.0013,-0.0,0.0,0.0,0.0,-0.0,0.0,0.0,SL_HIT,-1.0,SL_HIT,False,<0.50%
342,XRPUSD,LONG,2025-03-16T09:00:00+00:00,2025-03-16T09:00:00+00:00,2025-03-16T11:00:00+00:00,2.353,2.3309,0.0221,0.9403,2.3475,2.3309,2.3663,0.7061,0.8,49.5696,0.0,-35.0,39.6557,-0.0,0.0,0.0,0.0,-0.0,0.0,0.0,SL_HIT,-1.0,SL_HIT_CONSERVATIVE_AMBIGUITY,False,0.70-0.80%
343,BTCUSD,SHORT,2025-03-17T03:00:00+00:00,2025-03-17T03:00:00+00:00,2025-03-17T06:00:00+00:00,84082.0,83435.0,647.0,0.7735,83596.75,84082.0,82927.976,0.5805,0.8,60.2965,0.0,-35.0,48.2372,0.0,0.0,0.0,0.0,0.0,0.0,0.0,TP_HIT,1.3782,TP_HIT,False,0.50-0.60%
344,XRPUSD,LONG,2025-03-18T00:00:00+00:00,2025-03-18T00:00:00+00:00,2025-03-18T01:00:00+00:00,2.3339,2.3052,0.0287,1.2361,2.3267,2.3052,2.3453,0.9251,0.8,37.8329,0.0,-35.0,30.2663,-0.0,0.0,0.0,0.0,-0.0,0.0,0.0,SL_HIT,-1.0,SL_HIT,False,0.80-1.00%
345,BTCUSD,LONG,2025-03-18T01:00:00+00:00,2025-03-18T01:00:00+00:00,2025-03-18T06:00:00+00:00,83328.0,82384.0,944.0,1.1356,83092.0,82384.0,83756.736,0.8521,0.8,41.0766,0.0,-35.0,32.8612,-0.0,0.0,0.0,0.0,-0.0,0.0,0.0,SL_HIT,-1.0,SL_HIT_CONSERVATIVE_AMBIGUITY,False,0.80-1.00%
346,XRPUSD,LONG,2025-03-18T11:00:00+00:00,2025-03-18T11:00:00+00:00,2025-03-19T10:00:00+00:00,2.2725,2.2143,0.0582,2.574,2.258,2.2143,2.276,1.9332,0.8,18.105,0.0,-35.0,14.484,0.0,0.0,0.0,0.0,0.0,0.0,0.0,TP_HIT,0.4138,TP_HIT,False,>1.50%
347,ETHUSD,SHORT,2025-03-22T03:00:00+00:00,2025-03-22T03:00:00+00:00,2025-03-22T09:00:00+00:00,1995.8,1983.55,12.25,0.6172,1986.6125,1995.8,1970.7196,0.4625,0.8,75.6805,0.0,-35.0,60.5444,-0.0,0.0,0.0,0.0,-0.0,0.0,0.0,SL_HIT,-1.0,SL_HIT,False,<0.50%
348,SOLUSD,LONG,2025-03-22T14:00:00+00:00,2025-03-22T14:00:00+00:00,2025-03-23T07:00:00+00:00,129.23,127.47,1.76,1.3665,128.79,127.47,129.8203,1.0249,0.8,34.1489,0.0,-35.0,27.3191,0.0,0.0,0.0,0.0,0.0,0.0,0.0,TP_HIT,0.7805,TP_HIT,False,1.00-1.50%
349,ETHUSD,LONG,2025-03-24T01:00:00+00:00,2025-03-24T01:00:00+00:00,2025-03-24T03:00:00+00:00,1984.65,1973.85,10.8,0.5456,1981.95,1973.85,1997.8056,0.4087,0.8,85.6398,0.0,-35.0,68.5119,0.0,0.0,0.0,0.0,0.0,0.0,0.0,TP_HIT,1.9575,TP_HIT,False,<0.50%
350,ETHUSD,LONG,2025-03-28T17:00:00+00:00,2025-03-28T17:00:00+00:00,2025-03-29T09:00:00+00:00,1895.7,1858.4,37.3,1.9803,1886.375,1858.4,1901.466,1.483,0.8,23.6008,0.0,-35.0,18.8806,-0.0,0.0,0.0,0.0,-0.0,0.0,0.0,SL_HIT,-1.0,SL_HIT_CONSERVATIVE_AMBIGUITY,False,1.00-1.50%
351,XRPUSD,LONG,2025-03-29T14:00:00+00:00,2025-03-29T14:00:00+00:00,2025-03-30T03:00:00+00:00,2.1289,2.0554,0.0735,3.4729,2.1105,2.0554,2.1274,2.6119,0.8,13.4002,0.0,-35.0,10.7201,0.0,0.0,0.0,0.0,0.0,0.0,0.0,TP_HIT,0.3063,TP_HIT,False,>1.50%
352,BTCUSD,LONG,2025-03-31T07:00:00+00:00,2025-03-31T07:00:00+00:00,2025-03-31T12:00:00+00:00,81935.5,81113.0,822.5,1.0043,81729.875,81113.0,82383.714,0.7548,0.8,46.3716,0.0,-35.0,37.0972,0.0,0.0,0.0,0.0,0.0,0.0,0.0,TP_HIT,1.0599,TP_HIT,False,0.70-0.80%
353,ETHUSD,SHORT,2025-03-31T14:00:00+00:00,2025-03-31T14:00:00+00:00,2025-03-31T15:00:00+00:00,1848.4,1836.85,11.55,0.6279,1839.7375,1848.4,1825.0196,0.4709,0.8,74.3328,0.0,-35.0,59.4663,-0.0,0.0,0.0,0.0,-0.0,0.0,0.0,SL_HIT,-1.0,SL_HIT,False,<0.50%
354,ETHUSD,LONG,2025-04-02T00:00:00+00:00,2025-04-02T00:00:00+00:00,2025-04-02T06:00:00+00:00,1891.65,1853.7,37.95,2.0089,1882.1625,1853.7,1897.2198,1.5122,0.8,23.1447,0.0,-35.0,18.5158,-0.0,0.0,0.0,0.0,-0.0,0.0,0.0,SL_HIT,-1.0,SL_HIT_CONSERVATIVE_AMBIGUITY,False,>1.50%
355,BTCUSD,SHORT,2025-04-02T09:00:00+00:00,2025-04-02T09:00:00+00:00,2025-04-02T13:00:00+00:00,85510.0,84927.0,583.0,0.686,85072.75,85510.0,84392.168,0.514,0.8,68.0971,0.0,-35.0,54.4777,-0.0,0.0,0.0,0.0,-0.0,0.0,0.0,SL_HIT,-1.0,SL_HIT_CONSERVATIVE_AMBIGUITY,False,0.50-0.60%
356,XRPUSD,LONG,2025-04-02T21:00:00+00:00,2025-04-02T21:00:00+00:00,2025-04-02T22:00:00+00:00,2.1114,2.0659,0.0455,2.1633,2.1,2.0659,2.1168,1.625,0.8,21.5387,0.0,-35.0,17.231,-0.0,0.0,0.0,0.0,-0.0,0.0,0.0,SL_HIT,-1.0,SL_HIT,False,>1.50%
357,SOLUSD,LONG,2025-04-02T22:00:00+00:00,2025-04-02T22:00:00+00:00,2025-04-03T12:00:00+00:00,119.182,113.86,5.322,4.4866,117.8515,113.86,118.7943,3.3869,0.8,10.334,0.0,-35.0,8.2672,-0.0,0.0,0.0,0.0,-0.0,0.0,0.0,SL_HIT,-1.0,SL_HIT_CONSERVATIVE_AMBIGUITY,False,>1.50%
358,SOLUSD,LONG,2025-04-03T17:00:00+00:00,2025-04-03T17:00:00+00:00,2025-04-04T16:00:00+00:00,116.577,110.569,6.008,5.2627,115.075,110.569,115.9956,3.9157,0.8,8.9384,0.0,-35.0,7.1507,0.0,0.0,0.0,0.0,0.0,0.0,0.0,TP_HIT,0.2043,TP_HIT,False,>1.50%
359,BTCUSD,SHORT,2025-04-04T17:00:00+00:00,2025-04-04T17:00:00+00:00,2025-04-04T20:00:00+00:00,84680.0,84091.0,589.0,0.6976,84238.25,84680.0,83564.344,0.5244,0.8,66.7422,0.0,-35.0,53.3938,0.0,0.0,0.0,0.0,0.0,0.0,0.0,TP_HIT,1.5255,TP_HIT,False,0.50-0.60%
360,XRPUSD,LONG,2025-04-05T15:00:00+00:00,2025-04-05T15:00:00+00:00,2025-04-05T23:00:00+00:00,2.1226,2.113,0.0096,0.4525,2.1202,2.113,2.1372,0.3396,0.8,103.0653,0.0,-35.0,82.4522,0.0,0.0,0.0,0.0,0.0,0.0,0.0,TP_HIT,2.3558,TP_HIT,False,<0.50%
361,SOLUSD,LONG,2025-04-06T13:00:00+00:00,2025-04-06T13:00:00+00:00,2025-04-06T17:00:00+00:00,115.454,113.2477,2.2063,1.9242,114.9024,113.2477,115.8216,1.4401,0.8,24.3036,0.0,-35.0,19.4429,-0.0,0.0,0.0,0.0,-0.0,0.0,0.0,SL_HIT,-1.0,SL_HIT_CONSERVATIVE_AMBIGUITY,False,1.00-1.50%
362,XRPUSD,LONG,2025-04-08T16:00:00+00:00,2025-04-08T16:00:00+00:00,2025-04-08T17:00:00+00:00,1.8691,1.8468,0.0223,1.1971,1.8635,1.8468,1.8784,0.8975,0.8,38.9975,0.0,-35.0,31.198,-0.0,0.0,0.0,0.0,-0.0,0.0,0.0,SL_HIT,-1.0,SL_HIT,False,0.80-1.00%
363,SOLUSD,SHORT,2025-04-09T04:00:00+00:00,2025-04-09T04:00:00+00:00,2025-04-09T06:00:00+00:00,106.522,104.175,2.347,2.2324,104.7618,106.522,103.9237,1.6802,0.8,20.8303,0.0,-35.0,16.6643,-0.0,0.0,0.0,0.0,-0.0,0.0,0.0,SL_HIT,-1.0,SL_HIT,False,>1.50%
364,SOLUSD,LONG,2025-04-09T11:00:00+00:00,2025-04-09T11:00:00+00:00,2025-04-09T17:00:00+00:00,105.0,101.259,3.741,3.6183,104.0648,101.259,104.8973,2.6962,0.8,12.9814,0.0,-35.0,10.3851,0.0,0.0,0.0,0.0,0.0,0.0,0.0,TP_HIT,0.2967,TP_HIT,False,>1.50%
365,XRPUSD,SHORT,2025-04-11T01:00:00+00:00,2025-04-11T01:00:00+00:00,2025-04-11T18:00:00+00:00,2.0451,1.9871,0.058,2.9095,2.0016,2.0451,1.9856,2.1733,0.8,16.1048,0.0,-35.0,12.8839,-0.0,0.0,0.0,0.0,-0.0,0.0,0.0,SL_HIT,-1.0,SL_HIT_CONSERVATIVE_AMBIGUITY,False,>1.50%
366,XRPUSD,LONG,2025-04-13T13:00:00+00:00,2025-04-13T13:00:00+00:00,2025-04-13T16:00:00+00:00,2.1445,2.1261,0.0184,0.8587,2.1399,2.1261,2.157,0.6449,0.8,54.2728,0.0,-35.0,43.4183,0.0,0.0,0.0,0.0,0.0,0.0,0.0,TP_HIT,1.2405,TP_HIT,False,0.60-0.70%
367,SOLUSD,SHORT,2025-04-13T16:00:00+00:00,2025-04-13T16:00:00+00:00,2025-04-13T17:00:00+00:00,131.547,129.436,2.111,1.6289,129.9638,131.547,128.924,1.2182,0.8,28.7303,0.0,-35.0,22.9843,-0.0,0.0,0.0,0.0,-0.0,0.0,0.0,SL_HIT,-1.0,SL_HIT_CONSERVATIVE_AMBIGUITY,True,1.00-1.50%
368,SOLUSD,LONG,2025-04-13T19:00:00+00:00,2025-04-13T19:00:00+00:00,2025-04-13T20:00:00+00:00,130.117,126.8,3.317,2.5876,129.2877,126.8,130.3221,1.9242,0.8,18.1894,0.0,-35.0,14.5515,-0.0,0.0,0.0,0.0,-0.0,0.0,0.0,SL_HIT,-1.0,SL_HIT_CONSERVATIVE_AMBIGUITY,True,>1.50%
369,SOLUSD,SHORT,2025-04-14T00:00:00+00:00,2025-04-14T00:00:00+00:00,2025-04-14T02:00:00+00:00,132.547,129.4439,3.1031,2.3819,130.2197,132.547,129.1779,1.7872,0.8,19.5834,0.0,-35.0,15.6667,-0.0,0.0,0.0,0.0,-0.0,0.0,0.0,SL_HIT,-1.0,SL_HIT_CONSERVATIVE_AMBIGUITY,False,>1.50%
370,ETHUSD,LONG,2025-04-14T15:00:00+00:00,2025-04-14T15:00:00+00:00,2025-04-14T21:00:00+00:00,1636.05,1611.9,24.15,1.4837,1630.0125,1611.9,1643.0526,1.1112,0.8,31.4978,0.0,-35.0,25.1983,-0.0,0.0,0.0,0.0,-0.0,0.0,0.0,SL_HIT,-1.0,SL_HIT_CONSERVATIVE_AMBIGUITY,False,1.00-1.50%
371,SOLUSD,SHORT,2025-04-15T05:00:00+00:00,2025-04-15T05:00:00+00:00,2025-04-15T18:00:00+00:00,134.746,131.08,3.666,2.7934,131.9965,134.746,130.9405,2.083,0.8,16.8026,0.0,-35.0,13.4421,0.0,0.0,0.0,0.0,0.0,0.0,0.0,TP_HIT,0.3841,TP_HIT,False,>1.50%
372,ETHUSD,SHORT,2025-04-16T19:00:00+00:00,2025-04-16T19:00:00+00:00,2025-04-17T16:00:00+00:00,1615.25,1584.8,30.45,1.9164,1592.4125,1615.25,1579.6732,1.4341,0.8,24.4048,0.0,-35.0,19.5238,-0.0,0.0,0.0,0.0,-0.0,0.0,0.0,SL_HIT,-1.0,SL_HIT_CONSERVATIVE_AMBIGUITY,False,1.00-1.50%
373,BTCUSD,SHORT,2025-04-18T18:00:00+00:00,2025-04-18T18:00:00+00:00,2025-04-19T02:00:00+00:00,84735.0,84560.5,174.5,0.2063,84604.125,84735.0,83927.292,0.1547,0.8,226.2574,0.0,-35.0,181.006,-0.0,0.0,0.0,0.0,-0.0,0.0,0.0,SL_HIT,-1.0,SL_HIT,False,<0.50%
374,ETHUSD,LONG,2025-04-20T08:00:00+00:00,2025-04-20T08:00:00+00:00,2025-04-20T10:00:00+00:00,1590.1,1584.6,5.5,0.346,1588.725,1584.6,1601.4348,0.2596,0.8,134.8009,0.0,-35.0,107.8407,-0.0,0.0,0.0,0.0,-0.0,0.0,0.0,SL_HIT,-1.0,SL_HIT,False,<0.50%
375,ETHUSD,SHORT,2025-04-21T10:00:00+00:00,2025-04-21T10:00:00+00:00,2025-04-21T17:00:00+00:00,1660.75,1620.1,40.65,2.4854,1630.2625,1660.75,1617.2204,1.8701,0.8,18.7156,0.0,-35.0,14.9725,0.0,0.0,0.0,0.0,0.0,0.0,0.0,TP_HIT,0.4278,TP_HIT,False,>1.50%
376,XRPUSD,LONG,2025-04-22T02:00:00+00:00,2025-04-22T02:00:00+00:00,2025-04-22T13:00:00+00:00,2.0868,2.0623,0.0245,1.1762,2.0807,2.0623,2.0973,0.8831,0.8,39.6319,0.0,-35.0,31.7055,0.0,0.0,0.0,0.0,0.0,0.0,0.0,TP_HIT,0.9059,TP_HIT,False,0.80-1.00%
377,BTCUSD,LONG,2025-04-23T11:00:00+00:00,2025-04-23T11:00:00+00:00,2025-04-23T13:00:00+00:00,93462.0,92552.0,910.0,0.974,93234.5,92552.0,93980.376,0.732,0.8,47.8126,0.0,-35.0,38.2501,0.0,0.0,0.0,0.0,0.0,0.0,0.0,TP_HIT,1.0929,TP_HIT,False,0.70-0.80%
378,XRPUSD,LONG,2025-04-24T07:00:00+00:00,2025-04-24T07:00:00+00:00,2025-04-24T08:00:00+00:00,2.1606,2.1395,0.0211,0.9819,2.1553,2.1395,2.1726,0.7342,0.8,47.6691,0.0,-35.0,38.1353,-0.0,0.0,0.0,0.0,-0.0,0.0,0.0,SL_HIT,-1.0,SL_HIT,False,0.70-0.80%
379,ETHUSD,SHORT,2025-04-26T15:00:00+00:00,2025-04-26T15:00:00+00:00,2025-04-26T20:00:00+00:00,1815.0,1792.25,22.75,1.2642,1797.9375,1815.0,1783.554,0.949,0.8,36.8808,0.0,-35.0,29.5046,-0.0,0.0,0.0,0.0,-0.0,0.0,0.0,SL_HIT,-1.0,SL_HIT,False,0.80-1.00%
380,BTCUSD,LONG,2025-04-27T01:00:00+00:00,2025-04-27T01:00:00+00:00,2025-04-27T04:00:00+00:00,94325.0,94000.0,325.0,0.3455,94243.75,94000.0,94997.7,0.2586,0.8,135.3244,0.0,-35.0,108.2595,-0.0,0.0,0.0,0.0,-0.0,0.0,0.0,SL_HIT,-1.0,SL_HIT,False,<0.50%
381,SOLUSD,SHORT,2025-04-27T13:00:00+00:00,2025-04-27T13:00:00+00:00,2025-04-28T00:00:00+00:00,150.351,148.96,1.391,0.9332,149.3077,150.351,148.1133,0.6987,0.8,50.0913,0.0,-35.0,40.073,0.0,0.0,0.0,0.0,0.0,0.0,0.0,TP_HIT,1.1449,TP_HIT,False,0.60-0.70%
382,BTCUSD,SHORT,2025-04-28T05:00:00+00:00,2025-04-28T05:00:00+00:00,2025-04-28T06:00:00+00:00,94515.5,94118.0,397.5,0.4221,94217.375,94515.5,93463.636,0.3164,0.8,110.6116,0.0,-35.0,88.4893,-0.0,0.0,0.0,0.0,-0.0,0.0,0.0,SL_HIT,-1.0,SL_HIT,False,<0.50%
383,BTCUSD,SHORT,2025-04-28T06:00:00+00:00,2025-04-28T06:00:00+00:00,2025-04-28T10:00:00+00:00,94943.0,94524.0,419.0,0.4432,94628.75,94943.0,93871.72,0.3321,0.8,105.394,0.0,-35.0,84.3152,-0.0,0.0,0.0,0.0,-0.0,0.0,0.0,SL_HIT,-1.0,SL_HIT,False,<0.50%
384,SOLUSD,LONG,2025-04-28T14:00:00+00:00,2025-04-28T14:00:00+00:00,2025-04-29T18:00:00+00:00,147.34,144.557,2.783,1.8901,146.6442,144.557,147.8174,1.4233,0.8,24.59,0.0,-35.0,19.672,0.0,0.0,0.0,0.0,0.0,0.0,0.0,TP_HIT,0.5621,TP_HIT,False,1.00-1.50%
385,SOLUSD,LONG,2025-04-29T22:00:00+00:00,2025-04-29T22:00:00+00:00,2025-04-29T23:00:00+00:00,146.74,145.46,1.28,0.877,146.42,145.46,147.5914,0.6556,0.8,53.3823,0.0,-35.0,42.7058,-0.0,0.0,0.0,0.0,-0.0,0.0,0.0,SL_HIT,-1.0,SL_HIT,False,0.60-0.70%
386,BTCUSD,SHORT,2025-04-30T03:00:00+00:00,2025-04-30T03:00:00+00:00,2025-04-30T13:00:00+00:00,95423.0,94750.0,673.0,0.7085,94918.25,95423.0,94158.904,0.5318,0.8,65.8175,0.0,-35.0,52.654,0.0,0.0,0.0,0.0,0.0,0.0,0.0,TP_HIT,1.5044,TP_HIT,False,0.50-0.60%
387,ETHUSD,LONG,2025-04-30T13:00:00+00:00,2025-04-30T13:00:00+00:00,2025-04-30T20:00:00+00:00,1760.3,1722.0,38.3,2.2009,1750.725,1722.0,1764.7308,1.6407,0.8,21.3317,0.0,-35.0,17.0654,0.0,0.0,0.0,0.0,0.0,0.0,0.0,TP_HIT,0.4876,TP_HIT,False,>1.50%
388,SOLUSD,SHORT,2025-04-30T20:00:00+00:00,2025-04-30T20:00:00+00:00,2025-05-01T01:00:00+00:00,148.62,146.129,2.491,1.695,146.7517,148.62,145.5777,1.2731,0.8,27.4926,0.0,-35.0,21.9941,-0.0,0.0,0.0,0.0,-0.0,0.0,0.0,SL_HIT,-1.0,SL_HIT_CONSERVATIVE_AMBIGUITY,False,1.00-1.50%
389,SOLUSD,SHORT,2025-05-01T06:00:00+00:00,2025-05-01T06:00:00+00:00,2025-05-01T08:00:00+00:00,150.363,148.384,1.979,1.3308,148.8787,150.363,147.6877,0.997,0.8,35.107,0.0,-35.0,28.0856,-0.0,0.0,0.0,0.0,-0.0,0.0,0.0,SL_HIT,-1.0,SL_HIT,False,0.80-1.00%
390,ETHUSD,SHORT,2025-05-01T08:00:00+00:00,2025-05-01T08:00:00+00:00,2025-05-01T10:00:00+00:00,1831.95,1812.8,19.15,1.0537,1817.5875,1831.95,1803.0468,0.7902,0.8,44.2928,0.0,-35.0,35.4343,-0.0,0.0,0.0,0.0,-0.0,0.0,0.0,SL_HIT,-1.0,SL_HIT,False,0.70-0.80%
391,SOLUSD,SHORT,2025-05-02T11:00:00+00:00,2025-05-02T11:00:00+00:00,2025-05-02T14:00:00+00:00,151.63,150.06,1.57,1.0422,150.4525,151.63,149.2489,0.7826,0.8,44.7205,0.0,-35.0,35.7764,-0.0,0.0,0.0,0.0,-0.0,0.0,0.0,SL_HIT,-1.0,SL_HIT_CONSERVATIVE_AMBIGUITY,False,0.70-0.80%
392,XRPUSD,LONG,2025-05-02T18:00:00+00:00,2025-05-02T18:00:00+00:00,2025-05-03T10:00:00+00:00,2.2128,2.1909,0.0219,0.9903,2.2073,2.1909,2.225,0.7441,0.8,47.0358,0.0,-35.0,37.6287,-0.0,0.0,0.0,0.0,-0.0,0.0,0.0,SL_HIT,-1.0,SL_HIT_CONSERVATIVE_AMBIGUITY,False,0.70-0.80%
393,SOLUSD,SHORT,2025-05-03T12:00:00+00:00,2025-05-03T12:00:00+00:00,2025-05-03T17:00:00+00:00,149.02,147.989,1.031,0.6965,148.2468,149.02,147.0608,0.5216,0.8,67.1017,0.0,-35.0,53.6813,0.0,0.0,0.0,0.0,0.0,0.0,0.0,TP_HIT,1.5338,TP_HIT,False,0.50-0.60%
394,SOLUSD,SHORT,2025-05-04T17:00:00+00:00,2025-05-04T17:00:00+00:00,2025-05-04T22:00:00+00:00,147.88,146.858,1.022,0.6948,147.1135,147.88,145.9366,0.521,0.8,67.1751,0.0,-35.0,53.7401,0.0,0.0,0.0,0.0,0.0,0.0,0.0,TP_HIT,1.5354,TP_HIT,False,0.50-0.60%
395,SOLUSD,SHORT,2025-05-05T06:00:00+00:00,2025-05-05T06:00:00+00:00,2025-05-05T10:00:00+00:00,147.75,146.479,1.271,0.8662,146.7968,147.75,145.6224,0.6494,0.8,53.8986,0.0,-35.0,43.1189,0.0,0.0,0.0,0.0,0.0,0.0,0.0,TP_HIT,1.232,TP_HIT,False,0.60-0.70%
396,BTCUSD,SHORT,2025-05-07T21:00:00+00:00,2025-05-07T21:00:00+00:00,2025-05-08T00:00:00+00:00,97458.0,96756.0,702.0,0.7231,96931.5,97458.0,96156.048,0.5432,0.8,64.4369,0.0,-35.0,51.5495,-0.0,0.0,0.0,0.0,-0.0,0.0,0.0,SL_HIT,-1.0,SL_HIT,False,0.50-0.60%
397,BTCUSD,SHORT,2025-05-08T00:00:00+00:00,2025-05-08T00:00:00+00:00,2025-05-08T01:00:00+00:00,97849.0,97004.5,844.5,0.864,97215.625,97849.0,96437.9,0.6515,0.8,53.7209,0.0,-35.0,42.9767,-0.0,0.0,0.0,0.0,-0.0,0.0,0.0,SL_HIT,-1.0,SL_HIT,False,0.60-0.70%
398,BTCUSD,SHORT,2025-05-08T03:00:00+00:00,2025-05-08T03:00:00+00:00,2025-05-08T08:00:00+00:00,99432.0,98749.5,682.5,0.6887,98920.125,99432.0,98128.764,0.5175,0.8,67.6377,0.0,-35.0,54.1102,-0.0,0.0,0.0,0.0,-0.0,0.0,0.0,SL_HIT,-1.0,SL_HIT,False,0.50-0.60%
399,SOLUSD,SHORT,2025-05-10T13:00:00+00:00,2025-05-10T13:00:00+00:00,2025-05-10T17:00:00+00:00,173.4,171.137,2.263,1.3182,171.7028,173.4,170.3291,0.9885,0.8,35.4078,0.0,-35.0,28.3263,-0.0,0.0,0.0,0.0,-0.0,0.0,0.0,SL_HIT,-1.0,SL_HIT_CONSERVATIVE_AMBIGUITY,False,0.80-1.00%
400,SOLUSD,SHORT,2025-05-10T21:00:00+00:00,2025-05-10T21:00:00+00:00,2025-05-11T00:00:00+00:00,179.32,174.045,5.275,3.0282,175.3637,179.32,173.9608,2.256,0.8,15.514,0.0,-35.0,12.4112,-0.0,0.0,0.0,0.0,-0.0,0.0,0.0,SL_HIT,-1.0,SL_HIT_CONSERVATIVE_AMBIGUITY,False,>1.50%
401,XRPUSD,LONG,2025-05-11T01:00:00+00:00,2025-05-11T01:00:00+00:00,2025-05-11T07:00:00+00:00,2.4075,2.3693,0.0382,1.5873,2.398,2.3693,2.4171,1.1948,0.8,29.2943,0.0,-35.0,23.4355,-0.0,0.0,0.0,0.0,-0.0,0.0,0.0,SL_HIT,-1.0,SL_HIT_CONSERVATIVE_AMBIGUITY,False,1.00-1.50%
402,ETHUSD,LONG,2025-05-12T14:00:00+00:00,2025-05-12T14:00:00+00:00,2025-05-12T15:00:00+00:00,2521.6,2485.3,36.3,1.4489,2512.525,2485.3,2532.6252,1.0836,0.8,32.3006,0.0,-35.0,25.8405,-0.0,0.0,0.0,0.0,-0.0,0.0,0.0,SL_HIT,-1.0,SL_HIT,False,1.00-1.50%
403,SOLUSD,SHORT,2025-05-13T09:00:00+00:00,2025-05-13T09:00:00+00:00,2025-05-13T11:00:00+00:00,174.75,173.595,1.155,0.665,173.8837,174.75,172.4927,0.4982,0.8,70.2561,0.0,-35.0,56.2048,-0.0,0.0,0.0,0.0,-0.0,0.0,0.0,SL_HIT,-1.0,SL_HIT_CONSERVATIVE_AMBIGUITY,False,<0.50%
404,XRPUSD,SHORT,2025-05-14T04:00:00+00:00,2025-05-14T04:00:00+00:00,2025-05-14T07:00:00+00:00,2.6023,2.5642,0.0381,1.4791,2.5737,2.6023,2.5531,1.1103,0.8,31.5242,0.0,-35.0,25.2194,-0.0,0.0,0.0,0.0,-0.0,0.0,0.0,SL_HIT,-1.0,SL_HIT_CONSERVATIVE_AMBIGUITY,False,1.00-1.50%
405,XRPUSD,LONG,2025-05-15T02:00:00+00:00,2025-05-15T02:00:00+00:00,2025-05-15T05:00:00+00:00,2.5404,2.5041,0.0363,1.4307,2.5313,2.5041,2.5516,1.0755,0.8,32.5423,0.0,-35.0,26.0338,-0.0,0.0,0.0,0.0,-0.0,0.0,0.0,SL_HIT,-1.0,SL_HIT_CONSERVATIVE_AMBIGUITY,False,1.00-1.50%
406,ETHUSD,SHORT,2025-05-15T15:00:00+00:00,2025-05-15T15:00:00+00:00,2025-05-15T16:00:00+00:00,2579.5,2542.8,36.7,1.4316,2551.975,2579.5,2531.5592,1.0786,0.8,32.4502,0.0,-35.0,25.9601,-0.0,0.0,0.0,0.0,-0.0,0.0,0.0,SL_HIT,-1.0,SL_HIT,False,1.00-1.50%
407,ETHUSD,SHORT,2025-05-16T09:00:00+00:00,2025-05-16T09:00:00+00:00,2025-05-16T11:00:00+00:00,2646.4,2606.5,39.9,1.5284,2616.475,2646.4,2595.5432,1.1437,0.8,30.602,0.0,-35.0,24.4816,-0.0,0.0,0.0,0.0,-0.0,0.0,0.0,SL_HIT,-1.0,SL_HIT_CONSERVATIVE_AMBIGUITY,False,1.00-1.50%
408,SOLUSD,LONG,2025-05-16T14:00:00+00:00,2025-05-16T14:00:00+00:00,2025-05-16T20:00:00+00:00,172.344,169.3107,3.0333,1.7692,171.5857,169.3107,172.9584,1.3259,0.8,26.3981,0.0,-35.0,21.1185,-0.0,0.0,0.0,0.0,-0.0,0.0,0.0,SL_HIT,-1.0,SL_HIT_CONSERVATIVE_AMBIGUITY,False,1.00-1.50%
409,BTCUSD,LONG,2025-05-17T09:00:00+00:00,2025-05-17T09:00:00+00:00,2025-05-18T07:00:00+00:00,103192.0,102509.5,682.5,0.6635,103021.375,102509.5,103845.546,0.4969,0.8,70.442,0.0,-35.0,56.3536,0.0,0.0,0.0,0.0,0.0,0.0,0.0,TP_HIT,1.6101,TP_HIT,False,<0.50%
410,BTCUSD,SHORT,2025-05-18T08:00:00+00:00,2025-05-18T08:00:00+00:00,2025-05-18T13:00:00+00:00,104535.0,103798.5,736.5,0.709,103982.625,104535.0,103150.764,0.5312,0.8,65.8863,0.0,-35.0,52.709,-0.0,0.0,0.0,0.0,-0.0,0.0,0.0,SL_HIT,-1.0,SL_HIT,False,0.50-0.60%
411,SOLUSD,LONG,2025-05-19T02:00:00+00:00,2025-05-19T02:00:00+00:00,2025-05-19T04:00:00+00:00,167.004,164.291,2.713,1.6268,166.3257,164.291,167.6564,1.2234,0.8,28.6099,0.0,-35.0,22.8879,-0.0,0.0,0.0,0.0,-0.0,0.0,0.0,SL_HIT,-1.0,SL_HIT_CONSERVATIVE_AMBIGUITY,False,1.00-1.50%
412,SOLUSD,SHORT,2025-05-19T23:00:00+00:00,2025-05-19T23:00:00+00:00,2025-05-20T01:00:00+00:00,170.125,166.103,4.022,2.4115,167.1085,170.125,165.7716,1.8051,0.8,19.3894,0.0,-35.0,15.5115,-0.0,0.0,0.0,0.0,-0.0,0.0,0.0,SL_HIT,-1.0,SL_HIT_CONSERVATIVE_AMBIGUITY,False,>1.50%
413,ETHUSD,LONG,2025-05-20T10:00:00+00:00,2025-05-20T10:00:00+00:00,2025-05-20T13:00:00+00:00,2519.0,2475.3,43.7,1.7373,2508.075,2475.3,2528.1396,1.3068,0.8,26.7834,0.0,-35.0,21.4267,-0.0,0.0,0.0,0.0,-0.0,0.0,0.0,SL_HIT,-1.0,SL_HIT_CONSERVATIVE_AMBIGUITY,False,1.00-1.50%
414,BTCUSD,LONG,2025-05-21T07:00:00+00:00,2025-05-21T07:00:00+00:00,2025-05-21T14:00:00+00:00,106857.0,105889.0,968.0,0.9091,106615.0,105889.0,107467.92,0.681,0.8,51.3984,0.0,-35.0,41.1187,0.0,0.0,0.0,0.0,0.0,0.0,0.0,TP_HIT,1.1748,TP_HIT,False,0.60-0.70%
415,ETHUSD,LONG,2025-05-21T17:00:00+00:00,2025-05-21T17:00:00+00:00,2025-05-21T23:00:00+00:00,2503.5,2442.0,61.5,2.4882,2488.125,2442.0,2508.03,1.8538,0.8,18.8801,0.0,-35.0,15.1041,0.0,0.0,0.0,0.0,0.0,0.0,0.0,TP_HIT,0.4315,TP_HIT,False,>1.50%
416,ETHUSD,SHORT,2025-05-22T00:00:00+00:00,2025-05-22T00:00:00+00:00,2025-05-22T03:00:00+00:00,2615.0,2554.3,60.7,2.3474,2569.475,2615.0,2548.9192,1.7718,0.8,19.7543,0.0,-35.0,15.8035,-0.0,0.0,0.0,0.0,-0.0,0.0,0.0,SL_HIT,-1.0,SL_HIT_CONSERVATIVE_AMBIGUITY,False,>1.50%
417,ETHUSD,SHORT,2025-05-22T03:00:00+00:00,2025-05-22T03:00:00+00:00,2025-05-22T08:00:00+00:00,2648.65,2615.8,32.85,1.2495,2624.0125,2648.65,2603.0204,0.9389,0.8,37.2767,0.0,-35.0,29.8213,-0.0,0.0,0.0,0.0,-0.0,0.0,0.0,SL_HIT,-1.0,SL_HIT_CONSERVATIVE_AMBIGUITY,False,0.80-1.00%
418,ETHUSD,LONG,2025-05-23T06:00:00+00:00,2025-05-23T06:00:00+00:00,2025-05-23T11:00:00+00:00,2661.15,2626.0,35.15,1.323,2652.3625,2626.0,2673.5814,0.9939,0.8,35.2139,0.0,-35.0,28.1711,-0.0,0.0,0.0,0.0,-0.0,0.0,0.0,SL_HIT,-1.0,SL_HIT_CONSERVATIVE_AMBIGUITY,False,0.80-1.00%
419,XRPUSD,LONG,2025-05-23T11:00:00+00:00,2025-05-23T11:00:00+00:00,2025-05-23T12:00:00+00:00,2.373,2.3403,0.0327,1.384,2.3648,2.3403,2.3837,1.0371,0.8,33.7488,0.0,-35.0,26.999,-0.0,0.0,0.0,0.0,-0.0,0.0,0.0,SL_HIT,-1.0,SL_HIT,False,1.00-1.50%
420,BTCUSD,SHORT,2025-05-24T10:00:00+00:00,2025-05-24T10:00:00+00:00,2025-05-24T22:00:00+00:00,109771.0,108974.0,797.0,0.7308,109173.25,109771.0,108299.864,0.5475,0.8,63.9241,0.0,-35.0,51.1393,0.0,0.0,0.0,0.0,0.0,0.0,0.0,TP_HIT,1.4611,TP_HIT,False,0.50-0.60%
421,ETHUSD,SHORT,2025-05-25T12:00:00+00:00,2025-05-25T12:00:00+00:00,2025-05-25T13:00:00+00:00,2520.0,2506.15,13.85,0.5504,2509.6125,2520.0,2489.5356,0.4139,0.8,84.5597,0.0,-35.0,67.6478,-0.0,0.0,0.0,0.0,-0.0,0.0,0.0,SL_HIT,-1.0,SL_HIT,False,<0.50%
422,BTCUSD,LONG,2025-05-25T14:00:00+00:00,2025-05-25T14:00:00+00:00,2025-05-25T22:00:00+00:00,107381.0,106286.0,1095.0,1.0203,107107.25,106286.0,107964.108,0.7668,0.8,45.6469,0.0,-35.0,36.5175,0.0,0.0,0.0,0.0,0.0,0.0,0.0,TP_HIT,1.0434,TP_HIT,False,0.70-0.80%
423,SOLUSD,SHORT,2025-05-26T00:00:00+00:00,2025-05-26T00:00:00+00:00,2025-05-26T05:00:00+00:00,177.878,176.865,1.013,0.5708,177.1182,177.878,175.7013,0.429,0.8,81.5945,0.0,-35.0,65.2756,-0.0,0.0,0.0,0.0,-0.0,0.0,0.0,SL_HIT,-1.0,SL_HIT_CONSERVATIVE_AMBIGUITY,False,<0.50%
424,BTCUSD,SHORT,2025-05-27T07:00:00+00:00,2025-05-27T07:00:00+00:00,2025-05-27T09:00:00+00:00,109863.0,109128.5,734.5,0.6708,109312.125,109863.0,108437.628,0.5039,0.8,69.4518,0.0,-35.0,55.5614,-0.0,0.0,0.0,0.0,-0.0,0.0,0.0,SL_HIT,-1.0,SL_HIT,False,0.50-0.60%
425,BTCUSD,LONG,2025-05-28T01:00:00+00:00,2025-05-28T01:00:00+00:00,2025-05-28T14:00:00+00:00,108670.5,107865.5,805.0,0.741,108469.25,107865.5,109337.004,0.5566,0.8,62.8807,0.0,-35.0,50.3046,-0.0,0.0,0.0,0.0,-0.0,0.0,0.0,SL_HIT,-1.0,SL_HIT_CONSERVATIVE_AMBIGUITY,False,0.50-0.60%
426,ETHUSD,LONG,2025-05-28T14:00:00+00:00,2025-05-28T14:00:00+00:00,2025-05-28T23:00:00+00:00,2642.45,2608.0,34.45,1.3104,2633.8375,2608.0,2654.9082,0.981,0.8,35.6785,0.0,-35.0,28.5428,0.0,0.0,0.0,0.0,0.0,0.0,0.0,TP_HIT,0.8155,TP_HIT,False,0.80-1.00%
427,BTCUSD,SHORT,2025-05-29T10:00:00+00:00,2025-05-29T10:00:00+00:00,2025-05-29T13:00:00+00:00,109088.0,108550.0,538.0,0.4948,108684.5,109088.0,107815.024,0.3713,0.8,94.274,0.0,-35.0,75.4192,0.0,0.0,0.0,0.0,0.0,0.0,0.0,TP_HIT,2.1548,TP_HIT,False,<0.50%
428,BTCUSD,LONG,2025-05-29T13:00:00+00:00,2025-05-29T13:00:00+00:00,2025-05-29T14:00:00+00:00,108068.0,106897.0,1171.0,1.0885,107775.25,106897.0,108637.452,0.8149,0.8,42.9506,0.0,-35.0,34.3605,-0.0,0.0,0.0,0.0,-0.0,0.0,0.0,SL_HIT,-1.0,SL_HIT,False,0.80-1.00%
429,BTCUSD,LONG,2025-05-29T17:00:00+00:00,2025-05-29T17:00:00+00:00,2025-05-29T18:00:00+00:00,106499.5,106048.0,451.5,0.4249,106386.625,106048.0,107237.718,0.3183,0.8,109.9603,0.0,-35.0,87.9683,-0.0,0.0,0.0,0.0,-0.0,0.0,0.0,SL_HIT,-1.0,SL_HIT,False,<0.50%
430,SOLUSD,LONG,2025-05-30T12:00:00+00:00,2025-05-30T12:00:00+00:00,2025-05-30T16:00:00+00:00,163.303,159.318,3.985,2.4455,162.3067,159.318,163.6052,1.8414,0.8,19.0071,0.0,-35.0,15.2057,-0.0,0.0,0.0,0.0,-0.0,0.0,0.0,SL_HIT,-1.0,SL_HIT_CONSERVATIVE_AMBIGUITY,False,>1.50%
431,BTCUSD,SHORT,2025-05-31T14:00:00+00:00,2025-05-31T14:00:00+00:00,2025-06-01T16:00:00+00:00,104970.5,104454.0,516.5,0.4941,104583.125,104970.5,103746.46,0.3704,0.8,94.4927,0.0,-35.0,75.5941,-0.0,0.0,0.0,0.0,-0.0,0.0,0.0,SL_HIT,-1.0,SL_HIT_CONSERVATIVE_AMBIGUITY,False,<0.50%
432,SOLUSD,SHORT,2025-06-01T21:00:00+00:00,2025-06-01T21:00:00+00:00,2025-06-02T00:00:00+00:00,157.952,156.779,1.173,0.7476,157.0722,157.952,155.8157,0.5601,0.8,62.4897,0.0,-35.0,49.9917,-0.0,0.0,0.0,0.0,-0.0,0.0,0.0,SL_HIT,-1.0,SL_HIT_CONSERVATIVE_AMBIGUITY,False,0.50-0.60%
433,ETHUSD,LONG,2025-06-02T03:00:00+00:00,2025-06-02T03:00:00+00:00,2025-06-02T14:00:00+00:00,2501.4,2467.6,33.8,1.3544,2492.95,2467.6,2512.8936,1.0169,0.8,34.4194,0.0,-35.0,27.5355,0.0,0.0,0.0,0.0,0.0,0.0,0.0,TP_HIT,0.7867,TP_HIT,False,1.00-1.50%
434,XRPUSD,SHORT,2025-06-02T16:00:00+00:00,2025-06-02T16:00:00+00:00,2025-06-02T20:00:00+00:00,2.1789,2.161,0.0179,0.8278,2.1655,2.1789,2.1482,0.62,0.8,56.4556,0.0,-35.0,45.1645,-0.0,0.0,0.0,0.0,-0.0,0.0,0.0,SL_HIT,-1.0,SL_HIT_CONSERVATIVE_AMBIGUITY,False,0.60-0.70%
435,ETHUSD,LONG,2025-06-03T16:00:00+00:00,2025-06-03T16:00:00+00:00,2025-06-03T20:00:00+00:00,2610.75,2594.0,16.75,0.643,2606.5625,2594.0,2627.415,0.482,0.8,72.6206,0.0,-35.0,58.0965,-0.0,0.0,0.0,0.0,-0.0,0.0,0.0,SL_HIT,-1.0,SL_HIT_CONSERVATIVE_AMBIGUITY,False,<0.50%
436,ETHUSD,SHORT,2025-06-04T03:00:00+00:00,2025-06-04T03:00:00+00:00,2025-06-04T15:00:00+00:00,2655.2,2612.95,42.25,1.6081,2623.5125,2655.2,2602.5244,1.2078,0.8,28.9777,0.0,-35.0,23.1821,-0.0,0.0,0.0,0.0,-0.0,0.0,0.0,SL_HIT,-1.0,SL_HIT_CONSERVATIVE_AMBIGUITY,False,1.00-1.50%
437,ETHUSD,LONG,2025-06-04T20:00:00+00:00,2025-06-04T20:00:00+00:00,2025-06-05T14:00:00+00:00,2616.5,2575.75,40.75,1.5644,2606.3125,2575.75,2627.163,1.1726,0.8,29.8473,0.0,-35.0,23.8779,-0.0,0.0,0.0,0.0,-0.0,0.0,0.0,SL_HIT,-1.0,SL_HIT_CONSERVATIVE_AMBIGUITY,False,1.00-1.50%
438,BTCUSD,SHORT,2025-06-06T17:00:00+00:00,2025-06-06T17:00:00+00:00,2025-06-07T13:00:00+00:00,105748.0,104744.5,1003.5,0.9568,104995.375,105748.0,104155.412,0.7168,0.8,48.8269,0.0,-35.0,39.0616,-0.0,0.0,0.0,0.0,-0.0,0.0,0.0,SL_HIT,-1.0,SL_HIT_CONSERVATIVE_AMBIGUITY,False,0.70-0.80%
439,XRPUSD,SHORT,2025-06-07T20:00:00+00:00,2025-06-07T20:00:00+00:00,2025-06-08T00:00:00+00:00,2.19,2.181,0.009,0.4126,2.1833,2.19,2.1658,0.3092,0.8,113.2056,0.0,-35.0,90.5644,0.0,0.0,0.0,0.0,0.0,0.0,0.0,TIMEOUT_EXIT,1.5704,TIMEOUT_EXIT,False,<0.50%
440,XRPUSD,SHORT,2025-06-08T06:00:00+00:00,2025-06-08T06:00:00+00:00,2025-06-08T11:00:00+00:00,2.2257,2.194,0.0317,1.4383,2.2019,2.2257,2.1843,1.0797,0.8,32.4153,0.0,-35.0,25.9322,-0.0,0.0,0.0,0.0,-0.0,0.0,0.0,SL_HIT,-1.0,SL_HIT,False,1.00-1.50%
441,BTCUSD,LONG,2025-06-09T04:00:00+00:00,2025-06-09T04:00:00+00:00,2025-06-09T09:00:00+00:00,105435.5,104940.0,495.5,0.4701,105311.625,104940.0,106154.118,0.3529,0.8,99.1835,0.0,-35.0,79.3468,0.0,0.0,0.0,0.0,0.0,0.0,0.0,TP_HIT,2.2671,TP_HIT,False,<0.50%
442,ETHUSD,SHORT,2025-06-11T12:00:00+00:00,2025-06-11T12:00:00+00:00,2025-06-11T15:00:00+00:00,2858.8,2800.7,58.1,2.0714,2815.225,2858.8,2792.7032,1.5478,0.8,22.6122,0.0,-35.0,18.0898,-0.0,0.0,0.0,0.0,-0.0,0.0,0.0,SL_HIT,-1.0,SL_HIT_CONSERVATIVE_AMBIGUITY,False,>1.50%
443,ETHUSD,LONG,2025-06-12T07:00:00+00:00,2025-06-12T07:00:00+00:00,2025-06-12T11:00:00+00:00,2753.65,2727.0,26.65,0.9726,2746.9875,2727.0,2768.9634,0.7276,0.8,48.1023,0.0,-35.0,38.4819,-0.0,0.0,0.0,0.0,-0.0,0.0,0.0,SL_HIT,-1.0,SL_HIT_CONSERVATIVE_AMBIGUITY,False,0.70-0.80%
444,SOLUSD,LONG,2025-06-12T12:00:00+00:00,2025-06-12T12:00:00+00:00,2025-06-12T19:00:00+00:00,158.66,156.261,2.399,1.5126,158.0602,156.261,159.3247,1.1383,0.8,30.7467,0.0,-35.0,24.5974,-0.0,0.0,0.0,0.0,-0.0,0.0,0.0,SL_HIT,-1.0,SL_HIT_CONSERVATIVE_AMBIGUITY,False,1.00-1.50%
445,BTCUSD,LONG,2025-06-12T19:00:00+00:00,2025-06-12T19:00:00+00:00,2025-06-12T20:00:00+00:00,107160.0,106550.0,610.0,0.5714,107007.5,106550.0,107863.56,0.4275,0.8,81.8637,0.0,-35.0,65.4909,-0.0,0.0,0.0,0.0,-0.0,0.0,0.0,SL_HIT,-1.0,SL_HIT,False,<0.50%
446,BTCUSD,LONG,2025-06-12T23:00:00+00:00,2025-06-12T23:00:00+00:00,2025-06-13T00:00:00+00:00,105671.5,105275.0,396.5,0.3754,105572.375,105275.0,106416.954,0.2817,0.8,124.255,0.0,-35.0,99.404,-0.0,0.0,0.0,0.0,-0.0,0.0,0.0,SL_HIT,-1.0,SL_HIT,False,<0.50%
447,BTCUSD,LONG,2025-06-14T01:00:00+00:00,2025-06-14T01:00:00+00:00,2025-06-14T15:00:00+00:00,105443.0,104617.0,826.0,0.7834,105236.5,104617.0,106078.392,0.5887,0.8,59.4556,0.0,-35.0,47.5645,-0.0,0.0,0.0,0.0,-0.0,0.0,0.0,SL_HIT,-1.0,SL_HIT,False,0.50-0.60%
448,BTCUSD,SHORT,2025-06-15T23:00:00+00:00,2025-06-15T23:00:00+00:00,2025-06-16T01:00:00+00:00,105811.5,105274.0,537.5,0.5093,105408.375,105811.5,104565.108,0.3824,0.8,91.5173,0.0,-35.0,73.2139,-0.0,0.0,0.0,0.0,-0.0,0.0,0.0,SL_HIT,-1.0,SL_HIT,False,<0.50%
449,BTCUSD,SHORT,2025-06-16T01:00:00+00:00,2025-06-16T01:00:00+00:00,2025-06-16T04:00:00+00:00,106185.0,105653.5,531.5,0.5024,105786.375,106185.0,104940.084,0.3768,0.8,92.8824,0.0,-35.0,74.3059,-0.0,0.0,0.0,0.0,-0.0,0.0,0.0,SL_HIT,-1.0,SL_HIT,False,<0.50%
450,SOLUSD,LONG,2025-06-16T21:00:00+00:00,2025-06-16T21:00:00+00:00,2025-06-16T22:00:00+00:00,156.712,154.6304,2.0816,1.3297,156.1916,154.6304,157.4411,0.9995,0.8,35.0161,0.0,-35.0,28.0128,-0.0,0.0,0.0,0.0,-0.0,0.0,0.0,SL_HIT,-1.0,SL_HIT_CONSERVATIVE_AMBIGUITY,True,0.80-1.00%
451,BTCUSD,LONG,2025-06-16T23:00:00+00:00,2025-06-16T23:00:00+00:00,2025-06-17T00:00:00+00:00,107148.5,106458.5,690.0,0.6463,106976.0,106458.5,107831.808,0.4838,0.8,72.3509,0.0,-35.0,57.8807,-0.0,0.0,0.0,0.0,-0.0,0.0,0.0,SL_HIT,-1.0,SL_HIT,False,<0.50%
452,ETHUSD,LONG,2025-06-17T14:00:00+00:00,2025-06-17T14:00:00+00:00,2025-06-17T15:00:00+00:00,2536.55,2490.9,45.65,1.8024,2525.1375,2490.9,2545.3386,1.3559,0.8,25.8137,0.0,-35.0,20.651,-0.0,0.0,0.0,0.0,-0.0,0.0,0.0,SL_HIT,-1.0,SL_HIT_CONSERVATIVE_AMBIGUITY,True,1.00-1.50%
453,XRPUSD,LONG,2025-06-17T21:00:00+00:00,2025-06-17T21:00:00+00:00,2025-06-18T10:00:00+00:00,2.1631,2.1396,0.0235,1.0897,2.1572,2.1396,2.1745,0.817,0.8,42.8385,0.0,-35.0,34.2708,-0.0,0.0,0.0,0.0,-0.0,0.0,0.0,SL_HIT,-1.0,SL_HIT_CONSERVATIVE_AMBIGUITY,False,0.80-1.00%
454,SOLUSD,LONG,2025-06-19T01:00:00+00:00,2025-06-19T01:00:00+00:00,2025-06-19T14:00:00+00:00,146.0,143.625,2.375,1.6306,145.4062,143.625,146.5695,1.225,0.8,28.5711,0.0,-35.0,22.8568,-0.0,0.0,0.0,0.0,-0.0,0.0,0.0,SL_HIT,-1.0,SL_HIT_CONSERVATIVE_AMBIGUITY,False,1.00-1.50%
455,SOLUSD,SHORT,2025-06-20T07:00:00+00:00,2025-06-20T07:00:00+00:00,2025-06-20T08:00:00+00:00,147.87,147.118,0.752,0.5101,147.306,147.87,146.1276,0.3829,0.8,91.4133,0.0,-35.0,73.1306,-0.0,0.0,0.0,0.0,-0.0,0.0,0.0,SL_HIT,-1.0,SL_HIT,False,<0.50%
456,SOLUSD,LONG,2025-06-21T16:00:00+00:00,2025-06-21T16:00:00+00:00,2025-06-21T17:00:00+00:00,140.119,138.617,1.502,1.0722,139.7435,138.617,140.8614,0.8061,0.8,43.4179,0.0,-35.0,34.7343,-0.0,0.0,0.0,0.0,-0.0,0.0,0.0,SL_HIT,-1.0,SL_HIT_CONSERVATIVE_AMBIGUITY,True,0.80-1.00%
457,BTCUSD,LONG,2025-06-21T17:00:00+00:00,2025-06-21T17:00:00+00:00,2025-06-21T18:00:00+00:00,103304.5,102928.0,376.5,0.365,103210.375,102928.0,104036.058,0.2736,0.8,127.9279,0.0,-35.0,102.3423,-0.0,0.0,0.0,0.0,-0.0,0.0,0.0,SL_HIT,-1.0,SL_HIT,False,<0.50%
458,ETHUSD,LONG,2025-06-21T18:00:00+00:00,2025-06-21T18:00:00+00:00,2025-06-21T21:00:00+00:00,2397.4,2347.85,49.55,2.0758,2385.0125,2347.85,2404.0926,1.5582,0.8,22.4623,0.0,-35.0,17.9698,-0.0,0.0,0.0,0.0,-0.0,0.0,0.0,SL_HIT,-1.0,SL_HIT_CONSERVATIVE_AMBIGUITY,False,>1.50%
459,ETHUSD,LONG,2025-06-23T09:00:00+00:00,2025-06-23T09:00:00+00:00,2025-06-23T13:00:00+00:00,2259.3,2221.15,38.15,1.6946,2249.7625,2221.15,2267.7606,1.2718,0.8,27.52,0.0,-35.0,22.016,0.0,0.0,0.0,0.0,0.0,0.0,0.0,TP_HIT,0.629,TP_HIT,False,1.00-1.50%
460,BTCUSD,LONG,2025-06-23T14:00:00+00:00,2025-06-23T14:00:00+00:00,2025-06-23T16:00:00+00:00,101661.5,101077.5,584.0,0.5748,101515.5,101077.5,102327.624,0.4315,0.8,81.1197,0.0,-35.0,64.8958,-0.0,0.0,0.0,0.0,-0.0,0.0,0.0,SL_HIT,-1.0,SL_HIT,False,<0.50%
461,ETHUSD,SHORT,2025-06-23T17:00:00+00:00,2025-06-23T17:00:00+00:00,2025-06-23T19:00:00+00:00,2314.0,2270.95,43.05,1.8931,2281.7125,2314.0,2263.4588,1.4151,0.8,24.734,0.0,-35.0,19.7872,-0.0,0.0,0.0,0.0,-0.0,0.0,0.0,SL_HIT,-1.0,SL_HIT_CONSERVATIVE_AMBIGUITY,False,1.00-1.50%
462,BTCUSD,SHORT,2025-06-24T21:00:00+00:00,2025-06-24T21:00:00+00:00,2025-06-25T01:00:00+00:00,106497.0,105738.0,759.0,0.7164,105927.75,106497.0,105080.328,0.5374,0.8,65.1291,0.0,-35.0,52.1032,-0.0,0.0,0.0,0.0,-0.0,0.0,0.0,SL_HIT,-1.0,SL_HIT,False,0.50-0.60%
463,XRPUSD,LONG,2025-06-25T02:00:00+00:00,2025-06-25T02:00:00+00:00,2025-06-25T13:00:00+00:00,2.183,2.1646,0.0184,0.8433,2.1784,2.1646,2.1958,0.6335,0.8,55.2493,0.0,-35.0,44.1994,0.0,0.0,0.0,0.0,0.0,0.0,0.0,TP_HIT,1.2628,TP_HIT,False,0.60-0.70%
464,SOLUSD,LONG,2025-06-25T15:00:00+00:00,2025-06-25T15:00:00+00:00,2025-06-25T16:00:00+00:00,143.869,142.768,1.101,0.7665,143.5938,142.768,144.7425,0.5751,0.8,60.8632,0.0,-35.0,48.6906,-0.0,0.0,0.0,0.0,-0.0,0.0,0.0,SL_HIT,-1.0,SL_HIT,False,0.50-0.60%
465,ETHUSD,SHORT,2025-06-27T02:00:00+00:00,2025-06-27T02:00:00+00:00,2025-06-27T07:00:00+00:00,2456.95,2429.45,27.5,1.1283,2436.325,2456.95,2416.8344,0.8466,0.8,41.3437,0.0,-35.0,33.075,-0.0,0.0,0.0,0.0,-0.0,0.0,0.0,SL_HIT,-1.0,SL_HIT,False,0.80-1.00%
466,ETHUSD,LONG,2025-06-27T12:00:00+00:00,2025-06-27T12:00:00+00:00,2025-06-29T22:00:00+00:00,2431.4,2379.75,51.65,2.1261,2418.4875,2379.75,2437.8354,1.6017,0.8,21.8515,0.0,-35.0,17.4812,0.0,0.0,0.0,0.0,0.0,0.0,0.0,TP_HIT,0.4995,TP_HIT,False,>1.50%
467,XRPUSD,LONG,2025-06-30T04:00:00+00:00,2025-06-30T04:00:00+00:00,2025-06-30T06:00:00+00:00,2.1916,2.1779,0.0137,0.626,2.1882,2.1779,2.2057,0.4696,0.8,74.5364,0.0,-35.0,59.6291,-0.0,0.0,0.0,0.0,-0.0,0.0,0.0,SL_HIT,-1.0,SL_HIT,False,<0.50%
468,BTCUSD,LONG,2025-06-30T06:00:00+00:00,2025-06-30T06:00:00+00:00,2025-06-30T14:00:00+00:00,107700.0,107214.0,486.0,0.452,107578.5,107214.0,108439.128,0.3388,0.8,103.299,0.0,-35.0,82.6392,-0.0,0.0,0.0,0.0,-0.0,0.0,0.0,SL_HIT,-1.0,SL_HIT,False,<0.50%
469,SOLUSD,LONG,2025-07-03T12:00:00+00:00,2025-07-03T12:00:00+00:00,2025-07-03T13:00:00+00:00,153.13,151.694,1.436,0.9379,152.771,151.694,153.9932,0.705,0.8,49.647,0.0,-35.0,39.7176,0.0,0.0,0.0,0.0,0.0,0.0,0.0,TP_HIT,1.1348,TP_HIT,False,0.70-0.80%
470,ETHUSD,LONG,2025-07-03T15:00:00+00:00,2025-07-03T15:00:00+00:00,2025-07-04T06:00:00+00:00,2580.45,2555.75,24.7,0.9612,2574.275,2555.75,2594.8692,0.7196,0.8,48.6368,0.0,-35.0,38.9094,-0.0,0.0,0.0,0.0,-0.0,0.0,0.0,SL_HIT,-1.0,SL_HIT_CONSERVATIVE_AMBIGUITY,False,0.70-0.80%
471,BTCUSD,LONG,2025-07-04T07:00:00+00:00,2025-07-04T07:00:00+00:00,2025-07-04T08:00:00+00:00,108946.5,108488.5,458.0,0.4215,108832.0,108488.5,109702.656,0.3156,0.8,110.8914,0.0,-35.0,88.7131,-0.0,0.0,0.0,0.0,-0.0,0.0,0.0,SL_HIT,-1.0,SL_HIT,False,<0.50%
472,SOLUSD,LONG,2025-07-04T13:00:00+00:00,2025-07-04T13:00:00+00:00,2025-07-04T15:00:00+00:00,148.583,147.068,1.515,1.0204,148.2043,147.068,149.3899,0.7667,0.8,45.6515,0.0,-35.0,36.5212,-0.0,0.0,0.0,0.0,-0.0,0.0,0.0,SL_HIT,-1.0,SL_HIT,False,0.70-0.80%
473,BTCUSD,LONG,2025-07-05T07:00:00+00:00,2025-07-05T07:00:00+00:00,2025-07-06T13:00:00+00:00,108056.5,107698.5,358.0,0.3314,107967.0,107698.5,108830.736,0.2487,0.8,140.7391,0.0,-35.0,112.5913,0.0,0.0,0.0,0.0,0.0,0.0,0.0,TP_HIT,3.2169,TP_HIT,False,<0.50%
474,SOLUSD,SHORT,2025-07-06T14:00:00+00:00,2025-07-06T14:00:00+00:00,2025-07-06T21:00:00+00:00,153.871,151.49,2.381,1.571,152.0853,153.871,150.8686,1.1742,0.8,29.8081,0.0,-35.0,23.8465,-0.0,0.0,0.0,0.0,-0.0,0.0,0.0,SL_HIT,-1.0,SL_HIT_CONSERVATIVE_AMBIGUITY,False,1.00-1.50%
475,ETHUSD,LONG,2025-07-07T14:00:00+00:00,2025-07-07T14:00:00+00:00,2025-07-07T16:00:00+00:00,2547.25,2523.45,23.8,0.9406,2541.3,2523.45,2561.6304,0.7024,0.8,49.8294,0.0,-35.0,39.8635,-0.0,0.0,0.0,0.0,-0.0,0.0,0.0,SL_HIT,-1.0,SL_HIT,False,0.70-0.80%
476,XRPUSD,LONG,2025-07-07T20:00:00+00:00,2025-07-07T20:00:00+00:00,2025-07-08T01:00:00+00:00,2.2721,2.2543,0.0178,0.7858,2.2677,2.2543,2.2858,0.5887,0.8,59.4515,0.0,-35.0,47.5612,0.0,0.0,0.0,0.0,0.0,0.0,0.0,TP_HIT,1.3589,TP_HIT,False,0.50-0.60%
477,SOLUSD,SHORT,2025-07-08T18:00:00+00:00,2025-07-08T18:00:00+00:00,2025-07-08T20:00:00+00:00,153.571,152.109,1.462,0.957,152.4745,153.571,151.2547,0.7191,0.8,48.6695,0.0,-35.0,38.9356,0.0,0.0,0.0,0.0,0.0,0.0,0.0,TP_HIT,1.1124,TP_HIT,False,0.70-0.80%
478,XRPUSD,SHORT,2025-07-08T22:00:00+00:00,2025-07-08T22:00:00+00:00,2025-07-09T05:00:00+00:00,2.3315,2.3045,0.027,1.1709,2.3113,2.3315,2.2928,0.8761,0.8,39.9475,0.0,-35.0,31.958,-0.0,0.0,0.0,0.0,-0.0,0.0,0.0,SL_HIT,-1.0,SL_HIT_CONSERVATIVE_AMBIGUITY,False,0.80-1.00%
479,BTCUSD,LONG,2025-07-09T14:00:00+00:00,2025-07-09T14:00:00+00:00,2025-07-09T19:00:00+00:00,108911.0,108439.0,472.0,0.4336,108793.0,108439.0,109663.344,0.3254,0.8,107.5637,0.0,-35.0,86.051,0.0,0.0,0.0,0.0,0.0,0.0,0.0,TP_HIT,2.4586,TP_HIT,False,<0.50%
480,SOLUSD,SHORT,2025-07-10T16:00:00+00:00,2025-07-10T16:00:00+00:00,2025-07-10T17:00:00+00:00,159.142,157.751,1.391,0.8783,158.0987,159.142,156.834,0.6599,0.8,53.0406,0.0,-35.0,42.4324,-0.0,0.0,0.0,0.0,-0.0,0.0,0.0,SL_HIT,-1.0,SL_HIT,False,0.60-0.70%
481,ETHUSD,LONG,2025-07-11T15:00:00+00:00,2025-07-11T15:00:00+00:00,2025-07-11T19:00:00+00:00,2958.05,2914.4,43.65,1.4791,2947.1375,2914.4,2970.7146,1.1108,0.8,31.5082,0.0,-35.0,25.2065,0.0,0.0,0.0,0.0,0.0,0.0,0.0,TP_HIT,0.7202,TP_HIT,False,1.00-1.50%
482,ETHUSD,SHORT,2025-07-13T07:00:00+00:00,2025-07-13T07:00:00+00:00,2025-07-13T12:00:00+00:00,2979.35,2960.55,18.8,0.6347,2965.25,2979.35,2941.528,0.4755,0.8,73.6055,0.0,-35.0,58.8844,-0.0,0.0,0.0,0.0,-0.0,0.0,0.0,SL_HIT,-1.0,SL_HIT_CONSERVATIVE_AMBIGUITY,False,<0.50%
483,SOLUSD,SHORT,2025-07-13T13:00:00+00:00,2025-07-13T13:00:00+00:00,2025-07-13T14:00:00+00:00,163.7845,162.7,1.0845,0.6659,162.9711,163.7845,161.6674,0.4991,0.8,70.1274,0.0,-35.0,56.1019,-0.0,0.0,0.0,0.0,-0.0,0.0,0.0,SL_HIT,-1.0,SL_HIT,False,<0.50%
484,XRPUSD,SHORT,2025-07-14T01:00:00+00:00,2025-07-14T01:00:00+00:00,2025-07-14T02:00:00+00:00,2.8826,2.8494,0.0332,1.1626,2.8577,2.8826,2.8348,0.8713,0.8,40.1685,0.0,-35.0,32.1348,-0.0,0.0,0.0,0.0,-0.0,0.0,0.0,SL_HIT,-1.0,SL_HIT,False,0.80-1.00%
485,SOLUSD,SHORT,2025-07-15T15:00:00+00:00,2025-07-15T15:00:00+00:00,2025-07-15T17:00:00+00:00,162.0,159.681,2.319,1.4457,160.2608,162.0,158.9787,1.0853,0.8,32.2503,0.0,-35.0,25.8002,-0.0,0.0,0.0,0.0,-0.0,0.0,0.0,SL_HIT,-1.0,SL_HIT,False,1.00-1.50%
486,SOLUSD,SHORT,2025-07-16T11:00:00+00:00,2025-07-16T11:00:00+00:00,2025-07-16T15:00:00+00:00,168.535,166.173,2.362,1.4168,166.7635,168.535,165.4294,1.0623,0.8,32.9479,0.0,-35.0,26.3583,-0.0,0.0,0.0,0.0,-0.0,0.0,0.0,SL_HIT,-1.0,SL_HIT_CONSERVATIVE_AMBIGUITY,False,1.00-1.50%
487,BTCUSD,LONG,2025-07-19T12:00:00+00:00,2025-07-19T12:00:00+00:00,2025-07-19T14:00:00+00:00,118251.5,117917.5,334.0,0.2825,118168.0,117917.5,119113.344,0.212,0.8,165.105,0.0,-35.0,132.084,-0.0,0.0,0.0,0.0,-0.0,0.0,0.0,SL_HIT,-1.0,SL_HIT,False,<0.50%
488,SOLUSD,SHORT,2025-07-19T15:00:00+00:00,2025-07-19T15:00:00+00:00,2025-07-19T16:00:00+00:00,177.886,176.951,0.935,0.5271,177.1848,177.886,175.7673,0.3958,0.8,88.4345,0.0,-35.0,70.7476,-0.0,0.0,0.0,0.0,-0.0,0.0,0.0,SL_HIT,-1.0,SL_HIT,False,<0.50%
489,BTCUSD,SHORT,2025-07-20T08:00:00+00:00,2025-07-20T08:00:00+00:00,2025-07-20T14:00:00+00:00,118469.0,118131.5,337.5,0.2857,118215.875,118469.0,117270.148,0.2141,0.8,163.459,0.0,-35.0,130.7672,-0.0,0.0,0.0,0.0,-0.0,0.0,0.0,SL_HIT,-1.0,SL_HIT,False,<0.50%
490,BTCUSD,SHORT,2025-07-21T06:00:00+00:00,2025-07-21T06:00:00+00:00,2025-07-21T07:00:00+00:00,119532.0,119138.5,393.5,0.3302,119236.875,119532.0,118282.98,0.2475,0.8,141.4076,0.0,-35.0,113.126,-0.0,0.0,0.0,0.0,-0.0,0.0,0.0,SL_HIT,-1.0,SL_HIT,False,<0.50%
491,ETHUSD,LONG,2025-07-21T18:00:00+00:00,2025-07-21T18:00:00+00:00,2025-07-22T01:00:00+00:00,3754.0,3701.0,53.0,1.4184,3740.75,3701.0,3770.676,1.0626,0.8,32.9374,0.0,-35.0,26.3499,-0.0,0.0,0.0,0.0,-0.0,0.0,0.0,SL_HIT,-1.0,SL_HIT_CONSERVATIVE_AMBIGUITY,False,1.00-1.50%
492,SOLUSD,LONG,2025-07-22T04:00:00+00:00,2025-07-22T04:00:00+00:00,2025-07-22T05:00:00+00:00,195.62,193.082,2.538,1.3056,194.9855,193.082,196.5454,0.9762,0.8,35.8523,0.0,-35.0,28.6819,0.0,0.0,0.0,0.0,0.0,0.0,0.0,TP_HIT,0.8195,TP_HIT,False,0.80-1.00%
493,SOLUSD,SHORT,2025-07-22T17:00:00+00:00,2025-07-22T17:00:00+00:00,2025-07-22T19:00:00+00:00,205.282,202.51,2.772,1.3657,203.203,205.282,201.5774,1.0231,0.8,34.2093,0.0,-35.0,27.3674,0.0,0.0,0.0,0.0,0.0,0.0,0.0,TP_HIT,0.7819,TP_HIT,False,1.00-1.50%
494,SOLUSD,LONG,2025-07-23T06:00:00+00:00,2025-07-23T06:00:00+00:00,2025-07-23T09:00:00+00:00,201.44,198.447,2.993,1.4911,200.6918,198.447,202.2973,1.1185,0.8,31.2917,0.0,-35.0,25.0334,-0.0,0.0,0.0,0.0,-0.0,0.0,0.0,SL_HIT,-1.0,SL_HIT,False,1.00-1.50%
495,BTCUSD,LONG,2025-07-24T04:00:00+00:00,2025-07-24T04:00:00+00:00,2025-07-24T07:00:00+00:00,118097.0,117286.5,810.5,0.6873,117894.375,117286.5,118837.53,0.5156,0.8,67.8808,0.0,-35.0,54.3046,-0.0,0.0,0.0,0.0,-0.0,0.0,0.0,SL_HIT,-1.0,SL_HIT_CONSERVATIVE_AMBIGUITY,False,0.50-0.60%
496,XRPUSD,LONG,2025-07-25T00:00:00+00:00,2025-07-25T00:00:00+00:00,2025-07-25T03:00:00+00:00,3.1099,3.0558,0.0541,1.7411,3.0964,3.0558,3.1211,1.3104,0.8,26.7093,0.0,-35.0,21.3675,-0.0,0.0,0.0,0.0,-0.0,0.0,0.0,SL_HIT,-1.0,SL_HIT_CONSERVATIVE_AMBIGUITY,False,1.00-1.50%
497,ETHUSD,SHORT,2025-07-25T09:00:00+00:00,2025-07-25T09:00:00+00:00,2025-07-25T13:00:00+00:00,3754.45,3719.55,34.9,0.9365,3728.275,3754.45,3698.4488,0.7021,0.8,49.8528,0.0,-35.0,39.8822,0.0,0.0,0.0,0.0,0.0,0.0,0.0,TP_HIT,1.1395,TP_HIT,False,0.70-0.80%
498,XRPUSD,SHORT,2025-07-25T21:00:00+00:00,2025-07-25T21:00:00+00:00,2025-07-26T02:00:00+00:00,3.1526,3.1257,0.0269,0.857,3.1324,3.1526,3.1074,0.6441,0.8,54.3419,0.0,-35.0,43.4736,-0.0,0.0,0.0,0.0,-0.0,0.0,0.0,SL_HIT,-1.0,SL_HIT_CONSERVATIVE_AMBIGUITY,False,0.60-0.70%
499,ETHUSD,SHORT,2025-07-26T21:00:00+00:00,2025-07-26T21:00:00+00:00,2025-07-26T22:00:00+00:00,3783.2,3751.9,31.3,0.8329,3759.725,3783.2,3729.6472,0.6244,0.8,56.0555,0.0,-35.0,44.8444,-0.0,0.0,0.0,0.0,-0.0,0.0,0.0,SL_HIT,-1.0,SL_HIT_CONSERVATIVE_AMBIGUITY,True,0.60-0.70%
500,BTCUSD,LONG,2025-07-27T08:00:00+00:00,2025-07-27T08:00:00+00:00,2025-07-27T10:00:00+00:00,117955.0,117812.5,142.5,0.1208,117919.375,117812.5,118862.73,0.0906,0.8,386.1687,0.0,-35.0,308.935,0.0,0.0,0.0,0.0,0.0,0.0,0.0,TIMEOUT_EXIT,2.655,TIMEOUT_EXIT,False,<0.50%
501,XRPUSD,LONG,2025-07-28T13:00:00+00:00,2025-07-28T13:00:00+00:00,2025-07-28T14:00:00+00:00,3.1967,3.1608,0.0359,1.1253,3.1877,3.1608,3.2132,0.8446,0.8,41.4375,0.0,-35.0,33.15,-0.0,0.0,0.0,0.0,-0.0,0.0,0.0,SL_HIT,-1.0,SL_HIT_CONSERVATIVE_AMBIGUITY,True,0.80-1.00%
502,BTCUSD,LONG,2025-07-28T14:00:00+00:00,2025-07-28T14:00:00+00:00,2025-07-28T15:00:00+00:00,117991.0,117836.5,154.5,0.131,117952.375,117836.5,118895.994,0.0982,0.8,356.2747,0.0,-35.0,285.0198,0.0,0.0,0.0,0.0,0.0,0.0,0.0,TIMEOUT_EXIT,4.3646,TIMEOUT_EXIT,False,<0.50%
503,SOLUSD,LONG,2025-07-28T16:00:00+00:00,2025-07-28T16:00:00+00:00,2025-07-28T17:00:00+00:00,188.317,185.904,2.413,1.2928,187.7138,185.904,189.2155,0.9641,0.8,36.3033,0.0,-35.0,29.0426,-0.0,0.0,0.0,0.0,-0.0,0.0,0.0,SL_HIT,-1.0,SL_HIT,False,0.80-1.00%
504,ETHUSD,LONG,2025-07-29T15:00:00+00:00,2025-07-29T15:00:00+00:00,2025-07-29T16:00:00+00:00,3772.75,3728.85,43.9,1.1676,3761.775,3728.85,3791.8692,0.8753,0.8,39.9885,0.0,-35.0,31.9908,-0.0,0.0,0.0,0.0,-0.0,0.0,0.0,SL_HIT,-1.0,SL_HIT,False,0.80-1.00%
505,BTCUSD,LONG,2025-07-30T11:00:00+00:00,2025-07-30T11:00:00+00:00,2025-07-30T14:00:00+00:00,117853.0,117055.5,797.5,0.6785,117653.625,117055.5,118594.854,0.5084,0.8,68.8464,0.0,-35.0,55.0771,0.0,0.0,0.0,0.0,0.0,0.0,0.0,TP_HIT,1.5736,TP_HIT,False,0.50-0.60%
506,XRPUSD,SHORT,2025-07-30T14:00:00+00:00,2025-07-30T14:00:00+00:00,2025-07-30T15:00:00+00:00,3.149,3.1286,0.0204,0.6481,3.1337,3.149,3.1086,0.4882,0.8,71.6859,0.0,-35.0,57.3488,-0.0,0.0,0.0,0.0,-0.0,0.0,0.0,SL_HIT,-1.0,SL_HIT,False,<0.50%
507,BTCUSD,LONG,2025-07-30T15:00:00+00:00,2025-07-30T15:00:00+00:00,2025-07-30T18:00:00+00:00,118163.5,117305.0,858.5,0.7278,117948.875,117305.0,118892.466,0.5459,0.8,64.1151,0.0,-35.0,51.2921,-0.0,0.0,0.0,0.0,-0.0,0.0,0.0,SL_HIT,-1.0,SL_HIT,False,0.50-0.60%
508,ETHUSD,SHORT,2025-07-30T20:00:00+00:00,2025-07-30T20:00:00+00:00,2025-07-31T00:00:00+00:00,3832.0,3762.85,69.15,1.8344,3780.1375,3832.0,3749.8964,1.372,0.8,25.5107,0.0,-35.0,20.4086,-0.0,0.0,0.0,0.0,-0.0,0.0,0.0,SL_HIT,-1.0,SL_HIT_CONSERVATIVE_AMBIGUITY,False,1.00-1.50%
509,BTCUSD,SHORT,2025-07-31T00:00:00+00:00,2025-07-31T00:00:00+00:00,2025-07-31T07:00:00+00:00,118778.0,117793.0,985.0,0.8321,118039.25,118778.0,117094.936,0.6259,0.8,55.9238,0.0,-35.0,44.7391,-0.0,0.0,0.0,0.0,-0.0,0.0,0.0,SL_HIT,-1.0,SL_HIT,False,0.60-0.70%
510,SOLUSD,LONG,2025-07-31T14:00:00+00:00,2025-07-31T14:00:00+00:00,2025-07-31T16:00:00+00:00,176.599,174.713,1.886,1.074,176.1275,174.713,177.5365,0.8031,0.8,43.5805,0.0,-35.0,34.8644,0.0,0.0,0.0,0.0,0.0,0.0,0.0,TP_HIT,0.9961,TP_HIT,False,0.80-1.00%
511,ETHUSD,LONG,2025-07-31T18:00:00+00:00,2025-07-31T18:00:00+00:00,2025-07-31T19:00:00+00:00,3774.4,3741.3,33.1,0.877,3766.125,3741.3,3796.254,0.6592,0.8,53.0974,0.0,-35.0,42.4779,-0.0,0.0,0.0,0.0,-0.0,0.0,0.0,SL_HIT,-1.0,SL_HIT,False,0.60-0.70%
512,BTCUSD,SHORT,2025-08-03T10:00:00+00:00,2025-08-03T10:00:00+00:00,2025-08-03T11:00:00+00:00,114011.5,113777.0,234.5,0.206,113835.625,114011.5,112924.94,0.1545,0.8,226.5386,0.0,-35.0,181.2308,-0.0,0.0,0.0,0.0,-0.0,0.0,0.0,SL_HIT,-1.0,SL_HIT,False,<0.50%
513,ETHUSD,SHORT,2025-08-03T12:00:00+00:00,2025-08-03T12:00:00+00:00,2025-08-04T00:00:00+00:00,3523.8,3486.65,37.15,1.0649,3495.9375,3523.8,3467.97,0.797,0.8,43.9149,0.0,-35.0,35.1319,-0.0,0.0,0.0,0.0,-0.0,0.0,0.0,SL_HIT,-1.0,SL_HIT_CONSERVATIVE_AMBIGUITY,False,0.70-0.80%
514,SOLUSD,SHORT,2025-08-04T02:00:00+00:00,2025-08-04T02:00:00+00:00,2025-08-04T13:00:00+00:00,165.064,162.173,2.891,1.7606,162.8957,165.064,161.5926,1.3311,0.8,26.2947,0.0,-35.0,21.0358,-0.0,0.0,0.0,0.0,-0.0,0.0,0.0,SL_HIT,-1.0,SL_HIT_CONSERVATIVE_AMBIGUITY,False,1.00-1.50%
515,BTCUSD,LONG,2025-08-05T03:00:00+00:00,2025-08-05T03:00:00+00:00,2025-08-05T04:00:00+00:00,114489.0,114177.0,312.0,0.2731,114411.0,114177.0,115326.288,0.2045,0.8,171.1276,0.0,-35.0,136.9021,-0.0,0.0,0.0,0.0,-0.0,0.0,0.0,SL_HIT,-1.0,SL_HIT,False,<0.50%
516,BTCUSD,LONG,2025-08-05T07:00:00+00:00,2025-08-05T07:00:00+00:00,2025-08-05T10:00:00+00:00,114029.5,113543.5,486.0,0.4266,113908.0,113543.5,114819.264,0.32,0.8,109.3767,0.0,-35.0,87.5013,0.0,0.0,0.0,0.0,0.0,0.0,0.0,TP_HIT,2.5,TP_HIT,False,<0.50%
517,SOLUSD,LONG,2025-08-05T12:00:00+00:00,2025-08-05T12:00:00+00:00,2025-08-05T14:00:00+00:00,167.194,165.593,1.601,0.9578,166.7937,165.593,168.1281,0.7199,0.8,48.6178,0.0,-35.0,38.8942,-0.0,0.0,0.0,0.0,-0.0,0.0,0.0,SL_HIT,-1.0,SL_HIT_CONSERVATIVE_AMBIGUITY,False,0.70-0.80%
518,SOLUSD,LONG,2025-08-05T21:00:00+00:00,2025-08-05T21:00:00+00:00,2025-08-05T22:00:00+00:00,162.4,161.202,1.198,0.738,162.1005,161.202,163.3973,0.5543,0.8,63.1443,0.0,-35.0,50.5155,0.0,0.0,0.0,0.0,0.0,0.0,0.0,TP_HIT,1.4433,TP_HIT,False,0.50-0.60%
519,ETHUSD,LONG,2025-08-06T12:00:00+00:00,2025-08-06T12:00:00+00:00,2025-08-06T14:00:00+00:00,3593.8,3563.05,30.75,0.8581,3586.1125,3563.05,3614.8014,0.6431,0.8,54.4234,0.0,-35.0,43.5387,0.0,0.0,0.0,0.0,0.0,0.0,0.0,TP_HIT,1.244,TP_HIT,False,0.60-0.70%
520,BTCUSD,LONG,2025-08-08T05:00:00+00:00,2025-08-08T05:00:00+00:00,2025-08-08T15:00:00+00:00,116559.0,115980.5,578.5,0.4966,116414.375,115980.5,117345.69,0.3727,0.8,93.9096,0.0,-35.0,75.1277,-0.0,0.0,0.0,0.0,-0.0,0.0,0.0,SL_HIT,-1.0,SL_HIT,False,<0.50%
521,SOLUSD,LONG,2025-08-10T06:00:00+00:00,2025-08-10T06:00:00+00:00,2025-08-10T07:00:00+00:00,181.16,178.835,2.325,1.2842,180.5788,178.835,182.0234,0.9656,0.8,36.2452,0.0,-35.0,28.9962,-0.0,0.0,0.0,0.0,-0.0,0.0,0.0,SL_HIT,-1.0,SL_HIT_CONSERVATIVE_AMBIGUITY,True,0.80-1.00%
522,ETHUSD,LONG,2025-08-10T07:00:00+00:00,2025-08-10T07:00:00+00:00,2025-08-10T17:00:00+00:00,4198.05,4153.65,44.4,1.0609,4186.95,4153.65,4220.4456,0.7953,0.8,44.007,0.0,-35.0,35.2056,0.0,0.0,0.0,0.0,0.0,0.0,0.0,TP_HIT,1.0059,TP_HIT,False,0.70-0.80%
523,XRPUSD,SHORT,2025-08-11T02:00:00+00:00,2025-08-11T02:00:00+00:00,2025-08-11T05:00:00+00:00,3.2779,3.2494,0.0285,0.8734,3.2565,3.2779,3.2305,0.6564,0.8,53.3232,0.0,-35.0,42.6586,-0.0,0.0,0.0,0.0,-0.0,0.0,0.0,SL_HIT,-1.0,SL_HIT,False,0.60-0.70%
524,BTCUSD,LONG,2025-08-11T21:00:00+00:00,2025-08-11T21:00:00+00:00,2025-08-12T13:00:00+00:00,118748.5,118040.0,708.5,0.597,118571.375,118040.0,119519.946,0.4481,0.8,78.0992,0.0,-35.0,62.4794,0.0,0.0,0.0,0.0,0.0,0.0,0.0,TP_HIT,1.7851,TP_HIT,False,<0.50%
525,XRPUSD,SHORT,2025-08-13T10:00:00+00:00,2025-08-13T10:00:00+00:00,2025-08-13T13:00:00+00:00,3.3204,3.2703,0.0501,1.522,3.2828,3.3204,3.2566,1.1446,0.8,30.5785,0.0,-35.0,24.4628,-0.0,0.0,0.0,0.0,-0.0,0.0,0.0,SL_HIT,-1.0,SL_HIT_CONSERVATIVE_AMBIGUITY,False,1.00-1.50%
526,XRPUSD,LONG,2025-08-14T06:00:00+00:00,2025-08-14T06:00:00+00:00,2025-08-14T08:00:00+00:00,3.2688,3.226,0.0428,1.3102,3.2581,3.226,3.2842,0.9852,0.8,35.5245,0.0,-35.0,28.4196,-0.0,0.0,0.0,0.0,-0.0,0.0,0.0,SL_HIT,-1.0,SL_HIT_CONSERVATIVE_AMBIGUITY,False,0.80-1.00%
527,ETHUSD,LONG,2025-08-16T21:00:00+00:00,2025-08-16T21:00:00+00:00,2025-08-17T04:00:00+00:00,4427.6,4382.95,44.65,1.0131,4416.4375,4382.95,4451.769,0.7582,0.8,46.1591,0.0,-35.0,36.9273,0.0,0.0,0.0,0.0,0.0,0.0,0.0,TP_HIT,1.0551,TP_HIT,False,0.70-0.80%
528,BTCUSD,LONG,2025-08-17T23:00:00+00:00,2025-08-17T23:00:00+00:00,2025-08-18T00:00:00+00:00,117462.0,117133.0,329.0,0.2803,117379.75,117133.0,118318.788,0.2102,0.8,166.4961,0.0,-35.0,133.1969,-0.0,0.0,0.0,0.0,-0.0,0.0,0.0,SL_HIT,-1.0,SL_HIT,False,<0.50%
529,BTCUSD,LONG,2025-08-20T00:00:00+00:00,2025-08-20T00:00:00+00:00,2025-08-20T01:00:00+00:00,113203.5,112640.0,563.5,0.4979,113062.625,112640.0,113967.126,0.3738,0.8,93.6336,0.0,-35.0,74.9069,-0.0,0.0,0.0,0.0,-0.0,0.0,0.0,SL_HIT,-1.0,SL_HIT,False,<0.50%
530,SOLUSD,SHORT,2025-08-20T02:00:00+00:00,2025-08-20T02:00:00+00:00,2025-08-20T14:00:00+00:00,183.411,180.606,2.805,1.5519,181.3073,183.411,179.8568,1.1603,0.8,30.164,0.0,-35.0,24.1312,0.0,0.0,0.0,0.0,0.0,0.0,0.0,TP_HIT,0.6895,TP_HIT,False,1.00-1.50%
531,XRPUSD,SHORT,2025-08-20T14:00:00+00:00,2025-08-20T14:00:00+00:00,2025-08-20T15:00:00+00:00,2.913,2.8623,0.0507,1.7558,2.875,2.913,2.852,1.3226,0.8,26.4626,0.0,-35.0,21.1701,-0.0,0.0,0.0,0.0,-0.0,0.0,0.0,SL_HIT,-1.0,SL_HIT,False,1.00-1.50%
532,ETHUSD,SHORT,2025-08-20T16:00:00+00:00,2025-08-20T16:00:00+00:00,2025-08-20T17:00:00+00:00,4340.0,4263.5,76.5,1.7788,4282.625,4340.0,4248.364,1.3397,0.8,26.1249,0.0,-35.0,20.9,-0.0,0.0,0.0,0.0,-0.0,0.0,0.0,SL_HIT,-1.0,SL_HIT,False,1.00-1.50%
533,XRPUSD,LONG,2025-08-21T21:00:00+00:00,2025-08-21T21:00:00+00:00,2025-08-22T03:00:00+00:00,2.8916,2.8358,0.0558,1.9353,2.8777,2.8358,2.9007,1.4543,0.8,24.0664,0.0,-35.0,19.2531,-0.0,0.0,0.0,0.0,-0.0,0.0,0.0,SL_HIT,-1.0,SL_HIT_CONSERVATIVE_AMBIGUITY,False,1.00-1.50%
534,BTCUSD,SHORT,2025-08-22T14:00:00+00:00,2025-08-22T14:00:00+00:00,2025-08-22T15:00:00+00:00,115852.5,114833.0,1019.5,0.8819,115087.875,115852.5,114167.172,0.6644,0.8,52.6804,0.0,-35.0,42.1443,-0.0,0.0,0.0,0.0,-0.0,0.0,0.0,SL_HIT,-1.0,SL_HIT,False,0.60-0.70%
535,SOLUSD,SHORT,2025-08-22T15:00:00+00:00,2025-08-22T15:00:00+00:00,2025-08-22T16:00:00+00:00,195.791,192.842,2.949,1.524,193.5793,195.791,192.0306,1.1426,0.8,30.6331,0.0,-35.0,24.5065,-0.0,0.0,0.0,0.0,-0.0,0.0,0.0,SL_HIT,-1.0,SL_HIT,False,1.00-1.50%
536,XRPUSD,SHORT,2025-08-22T18:00:00+00:00,2025-08-22T18:00:00+00:00,2025-08-22T19:00:00+00:00,3.0951,3.0682,0.0269,0.8737,3.0749,3.0951,3.0503,0.6561,0.8,53.3444,0.0,-35.0,42.6755,-0.0,0.0,0.0,0.0,-0.0,0.0,0.0,SL_HIT,-1.0,SL_HIT,False,0.60-0.70%
537,ETHUSD,LONG,2025-08-24T06:00:00+00:00,2025-08-24T06:00:00+00:00,2025-08-24T11:00:00+00:00,4768.7,4720.4,48.3,1.0146,4756.625,4720.4,4794.678,0.7616,0.8,45.9577,0.0,-35.0,36.7662,-0.0,0.0,0.0,0.0,-0.0,0.0,0.0,SL_HIT,-1.0,SL_HIT_CONSERVATIVE_AMBIGUITY,False,0.70-0.80%
538,XRPUSD,SHORT,2025-08-24T17:00:00+00:00,2025-08-24T17:00:00+00:00,2025-08-24T18:00:00+00:00,3.0889,3.0467,0.0422,1.3832,3.0572,3.0889,3.0328,1.0352,0.8,33.8085,0.0,-35.0,27.0468,-0.0,0.0,0.0,0.0,-0.0,0.0,0.0,SL_HIT,-1.0,SL_HIT_CONSERVATIVE_AMBIGUITY,True,1.00-1.50%
539,XRPUSD,SHORT,2025-08-25T02:00:00+00:00,2025-08-25T02:00:00+00:00,2025-08-25T06:00:00+00:00,3.0649,3.0285,0.0364,1.1956,3.0376,3.0649,3.0133,0.8987,0.8,38.9436,0.0,-35.0,31.1549,0.0,0.0,0.0,0.0,0.0,0.0,0.0,TP_HIT,0.8901,TP_HIT,False,0.80-1.00%
540,SOLUSD,LONG,2025-08-25T06:00:00+00:00,2025-08-25T06:00:00+00:00,2025-08-25T07:00:00+00:00,202.593,200.69,1.903,0.942,202.1172,200.69,203.7342,0.7061,0.8,49.5646,0.0,-35.0,39.6517,-0.0,0.0,0.0,0.0,-0.0,0.0,0.0,SL_HIT,-1.0,SL_HIT_CONSERVATIVE_AMBIGUITY,True,0.70-0.80%
541,XRPUSD,SHORT,2025-08-26T16:00:00+00:00,2025-08-26T16:00:00+00:00,2025-08-26T18:00:00+00:00,2.9735,2.9466,0.0269,0.9105,2.9533,2.9735,2.9297,0.6831,0.8,51.2349,0.0,-35.0,40.9879,-0.0,0.0,0.0,0.0,-0.0,0.0,0.0,SL_HIT,-1.0,SL_HIT,False,0.60-0.70%
542,SOLUSD,SHORT,2025-08-26T19:00:00+00:00,2025-08-26T19:00:00+00:00,2025-08-27T01:00:00+00:00,199.451,196.837,2.614,1.3241,197.4905,199.451,195.9106,0.9927,0.8,35.2572,0.0,-35.0,28.2057,0.0,0.0,0.0,0.0,0.0,0.0,0.0,TP_HIT,0.8059,TP_HIT,False,0.80-1.00%
543,ETHUSD,SHORT,2025-08-27T04:00:00+00:00,2025-08-27T04:00:00+00:00,2025-08-27T19:00:00+00:00,4683.8,4618.15,65.65,1.4186,4634.5625,4683.8,4597.486,1.0624,0.8,32.9443,0.0,-35.0,26.3555,0.0,0.0,0.0,0.0,0.0,0.0,0.0,TP_HIT,0.753,TP_HIT,False,1.00-1.50%
544,ETHUSD,SHORT,2025-08-28T06:00:00+00:00,2025-08-28T06:00:00+00:00,2025-08-28T15:00:00+00:00,4663.45,4581.85,81.6,1.7807,4602.25,4663.45,4565.432,1.3298,0.8,26.3201,0.0,-35.0,21.056,0.0,0.0,0.0,0.0,0.0,0.0,0.0,TP_HIT,0.6016,TP_HIT,False,1.00-1.50%
545,BTCUSD,LONG,2025-08-29T02:00:00+00:00,2025-08-29T02:00:00+00:00,2025-08-29T07:00:00+00:00,111504.5,110822.0,682.5,0.6128,111333.875,110822.0,112224.546,0.4598,0.8,76.1257,0.0,-35.0,60.9006,-0.0,0.0,0.0,0.0,-0.0,0.0,0.0,SL_HIT,-1.0,SL_HIT,False,<0.50%
546,SOLUSD,LONG,2025-08-29T07:00:00+00:00,2025-08-29T07:00:00+00:00,2025-08-29T08:00:00+00:00,210.593,207.272,3.321,1.5907,209.7627,207.272,211.4409,1.1874,0.8,29.4758,0.0,-35.0,23.5807,-0.0,0.0,0.0,0.0,-0.0,0.0,0.0,SL_HIT,-1.0,SL_HIT,False,1.00-1.50%
547,BTCUSD,LONG,2025-08-30T21:00:00+00:00,2025-08-30T21:00:00+00:00,2025-08-31T00:00:00+00:00,108575.0,108165.5,409.5,0.3773,108472.625,108165.5,109340.406,0.2831,0.8,123.6155,0.0,-35.0,98.8924,0.0,0.0,0.0,0.0,0.0,0.0,0.0,TP_HIT,2.8255,TP_HIT,False,<0.50%
548,ETHUSD,SHORT,2025-08-31T00:00:00+00:00,2025-08-31T00:00:00+00:00,2025-08-31T23:00:00+00:00,4503.9,4465.8,38.1,0.853,4475.325,4503.9,4439.5224,0.6385,0.8,54.8159,0.0,-35.0,43.8527,0.0,0.0,0.0,0.0,0.0,0.0,0.0,TP_HIT,1.2529,TP_HIT,False,0.60-0.70%
549,ETHUSD,SHORT,2025-09-01T07:00:00+00:00,2025-09-01T07:00:00+00:00,2025-09-01T08:00:00+00:00,4489.9,4456.1,33.8,0.7574,4464.55,4489.9,4428.8336,0.5678,0.8,61.6407,0.0,-35.0,49.3126,-0.0,0.0,0.0,0.0,-0.0,0.0,0.0,SL_HIT,-1.0,SL_HIT,False,0.50-0.60%
550,BTCUSD,SHORT,2025-09-01T23:00:00+00:00,2025-09-01T23:00:00+00:00,2025-09-02T01:00:00+00:00,109491.0,108898.5,592.5,0.5426,109046.625,109491.0,108174.252,0.4075,0.8,85.8876,0.0,-35.0,68.7101,-0.0,0.0,0.0,0.0,-0.0,0.0,0.0,SL_HIT,-1.0,SL_HIT,False,<0.50%
551,SOLUSD,SHORT,2025-09-02T04:00:00+00:00,2025-09-02T04:00:00+00:00,2025-09-02T12:00:00+00:00,204.491,202.36,2.131,1.0499,202.8928,204.491,201.2696,0.7877,0.8,44.4314,0.0,-35.0,35.5451,0.0,0.0,0.0,0.0,0.0,0.0,0.0,TP_HIT,1.0156,TP_HIT,False,0.70-0.80%
552,XRPUSD,LONG,2025-09-02T15:00:00+00:00,2025-09-02T15:00:00+00:00,2025-09-02T20:00:00+00:00,2.8016,2.7611,0.0405,1.4517,2.7915,2.7611,2.8138,1.0881,0.8,32.1651,0.0,-35.0,25.7321,0.0,0.0,0.0,0.0,0.0,0.0,0.0,TP_HIT,0.7352,TP_HIT,False,1.00-1.50%
553,XRPUSD,SHORT,2025-09-03T03:00:00+00:00,2025-09-03T03:00:00+00:00,2025-09-03T12:00:00+00:00,2.8675,2.8353,0.0322,1.1337,2.8434,2.8675,2.8206,0.8494,0.8,41.208,0.0,-35.0,32.9664,-0.0,0.0,0.0,0.0,-0.0,0.0,0.0,SL_HIT,-1.0,SL_HIT_CONSERVATIVE_AMBIGUITY,False,0.80-1.00%
554,ETHUSD,SHORT,2025-09-03T20:00:00+00:00,2025-09-03T20:00:00+00:00,2025-09-04T02:00:00+00:00,4490.9,4461.85,29.05,0.6509,4469.1125,4490.9,4433.3596,0.4875,0.8,71.793,0.0,-35.0,57.4344,0.0,0.0,0.0,0.0,0.0,0.0,0.0,TP_HIT,1.641,TP_HIT,False,<0.50%
555,BTCUSD,LONG,2025-09-04T04:00:00+00:00,2025-09-04T04:00:00+00:00,2025-09-04T06:00:00+00:00,111077.0,110499.0,578.0,0.5213,110932.5,110499.0,111819.96,0.3908,0.8,89.5649,0.0,-35.0,71.6519,-0.0,0.0,0.0,0.0,-0.0,0.0,0.0,SL_HIT,-1.0,SL_HIT,False,<0.50%
556,XRPUSD,LONG,2025-09-04T06:00:00+00:00,2025-09-04T06:00:00+00:00,2025-09-04T08:00:00+00:00,2.8203,2.8093,0.011,0.391,2.8175,2.8093,2.8401,0.2928,0.8,119.5324,0.0,-35.0,95.6259,0.0,0.0,0.0,0.0,0.0,0.0,0.0,TP_HIT,2.7322,TP_HIT,False,<0.50%
557,XRPUSD,LONG,2025-09-04T18:00:00+00:00,2025-09-04T18:00:00+00:00,2025-09-05T00:00:00+00:00,2.8044,2.7806,0.0238,0.8506,2.7984,2.7806,2.8208,0.6379,0.8,54.8716,0.0,-35.0,43.8973,-0.0,0.0,0.0,0.0,-0.0,0.0,0.0,SL_HIT,-1.0,SL_HIT_CONSERVATIVE_AMBIGUITY,False,0.60-0.70%
558,XRPUSD,SHORT,2025-09-05T11:00:00+00:00,2025-09-05T11:00:00+00:00,2025-09-05T12:00:00+00:00,2.8548,2.8228,0.032,1.1255,2.8308,2.8548,2.8082,0.8478,0.8,41.2825,0.0,-35.0,33.026,-0.0,0.0,0.0,0.0,-0.0,0.0,0.0,SL_HIT,-1.0,SL_HIT,False,0.80-1.00%
559,BTCUSD,LONG,2025-09-05T14:00:00+00:00,2025-09-05T14:00:00+00:00,2025-09-05T15:00:00+00:00,110905.0,110405.0,500.0,0.4524,110780.0,110405.0,111666.24,0.3385,0.8,103.3947,0.0,-35.0,82.7157,-0.0,0.0,0.0,0.0,-0.0,0.0,0.0,SL_HIT,-1.0,SL_HIT,False,<0.50%
560,ETHUSD,SHORT,2025-09-06T06:00:00+00:00,2025-09-06T06:00:00+00:00,2025-09-06T15:00:00+00:00,4327.9,4301.5,26.4,0.6137,4308.1,4327.9,4273.6352,0.4596,0.8,76.1533,0.0,-35.0,60.9226,0.0,0.0,0.0,0.0,0.0,0.0,0.0,TP_HIT,1.7406,TP_HIT,False,<0.50%
561,XRPUSD,SHORT,2025-09-07T06:00:00+00:00,2025-09-07T06:00:00+00:00,2025-09-07T07:00:00+00:00,2.8279,2.8186,0.0093,0.3299,2.8209,2.8279,2.7984,0.2473,0.8,141.5518,0.0,-35.0,113.2414,-0.0,0.0,0.0,0.0,-0.0,0.0,0.0,SL_HIT,-1.0,SL_HIT,False,<0.50%
562,BTCUSD,SHORT,2025-09-08T02:00:00+00:00,2025-09-08T02:00:00+00:00,2025-09-08T07:00:00+00:00,111571.0,111021.0,550.0,0.4946,111158.5,111571.0,110269.232,0.3711,0.8,94.3163,0.0,-35.0,75.453,-0.0,0.0,0.0,0.0,-0.0,0.0,0.0,SL_HIT,-1.0,SL_HIT,False,<0.50%
563,ETHUSD,LONG,2025-09-08T17:00:00+00:00,2025-09-08T17:00:00+00:00,2025-09-08T19:00:00+00:00,4311.05,4285.7,25.35,0.5882,4304.7125,4285.7,4339.1502,0.4417,0.8,79.2452,0.0,-35.0,63.3962,-0.0,0.0,0.0,0.0,-0.0,0.0,0.0,SL_HIT,-1.0,SL_HIT,False,<0.50%
564,XRPUSD,LONG,2025-09-09T15:00:00+00:00,2025-09-09T15:00:00+00:00,2025-09-09T19:00:00+00:00,2.9521,2.9329,0.0192,0.6517,2.9473,2.9329,2.9709,0.4886,0.8,71.6358,0.0,-35.0,57.3086,0.0,0.0,0.0,0.0,0.0,0.0,0.0,TP_HIT,1.6374,TP_HIT,False,<0.50%
565,SOLUSD,LONG,2025-09-13T16:00:00+00:00,2025-09-13T16:00:00+00:00,2025-09-13T17:00:00+00:00,238.298,236.633,1.665,0.701,237.8818,236.633,239.7848,0.5249,0.8,66.6736,0.0,-35.0,53.3389,-0.0,0.0,0.0,0.0,-0.0,0.0,0.0,SL_HIT,-1.0,SL_HIT,False,0.50-0.60%
566,BTCUSD,SHORT,2025-09-13T23:00:00+00:00,2025-09-13T23:00:00+00:00,2025-09-14T13:00:00+00:00,116138.0,115861.0,277.0,0.2391,115930.25,116138.0,115002.808,0.1792,0.8,195.3097,0.0,-35.0,156.2477,0.0,0.0,0.0,0.0,0.0,0.0,0.0,TIMEOUT_EXIT,2.7292,TIMEOUT_EXIT,False,<0.50%
567,ETHUSD,SHORT,2025-09-15T05:00:00+00:00,2025-09-15T05:00:00+00:00,2025-09-15T06:00:00+00:00,4680.65,4658.9,21.75,0.4666,4664.3375,4680.65,4627.0228,0.3497,0.8,100.0777,0.0,-35.0,80.0622,0.0,0.0,0.0,0.0,0.0,0.0,0.0,TP_HIT,2.2875,TP_HIT,False,<0.50%
568,XRPUSD,LONG,2025-09-15T06:00:00+00:00,2025-09-15T06:00:00+00:00,2025-09-15T08:00:00+00:00,3.0473,3.0108,0.0365,1.203,3.0382,3.0108,3.0625,0.901,0.8,38.8442,0.0,-35.0,31.0754,-0.0,0.0,0.0,0.0,-0.0,0.0,0.0,SL_HIT,-1.0,SL_HIT,False,0.80-1.00%
569,ETHUSD,LONG,2025-09-15T08:00:00+00:00,2025-09-15T08:00:00+00:00,2025-09-15T09:00:00+00:00,4530.35,4502.75,27.6,0.6121,4523.45,4502.75,4559.6376,0.4576,0.8,76.4835,0.0,-35.0,61.1868,-0.0,0.0,0.0,0.0,-0.0,0.0,0.0,SL_HIT,-1.0,SL_HIT,False,<0.50%
570,SOLUSD,SHORT,2025-09-15T21:00:00+00:00,2025-09-15T21:00:00+00:00,2025-09-16T16:00:00+00:00,238.088,234.336,3.752,1.5957,235.274,238.088,233.3918,1.1961,0.8,29.2629,0.0,-35.0,23.4103,-0.0,0.0,0.0,0.0,-0.0,0.0,0.0,SL_HIT,-1.0,SL_HIT_CONSERVATIVE_AMBIGUITY,False,1.00-1.50%
571,XRPUSD,SHORT,2025-09-16T19:00:00+00:00,2025-09-16T19:00:00+00:00,2025-09-17T03:00:00+00:00,3.0659,3.0478,0.0181,0.5932,3.0523,3.0659,3.0279,0.4447,0.8,78.6971,0.0,-35.0,62.9577,0.0,0.0,0.0,0.0,0.0,0.0,0.0,TP_HIT,1.7988,TP_HIT,False,<0.50%
572,SOLUSD,LONG,2025-09-17T10:00:00+00:00,2025-09-17T10:00:00+00:00,2025-09-17T18:00:00+00:00,234.3076,231.226,3.0816,1.3163,233.5372,231.226,235.4055,0.9896,0.8,35.3661,0.0,-35.0,28.2928,0.0,0.0,0.0,0.0,0.0,0.0,0.0,TP_HIT,0.8084,TP_HIT,False,0.80-1.00%
573,SOLUSD,SHORT,2025-09-17T22:00:00+00:00,2025-09-17T22:00:00+00:00,2025-09-18T15:00:00+00:00,248.4,244.468,3.932,1.6061,245.451,248.4,243.4874,1.2015,0.8,29.1312,0.0,-35.0,23.3049,-0.0,0.0,0.0,0.0,-0.0,0.0,0.0,SL_HIT,-1.0,SL_HIT_CONSERVATIVE_AMBIGUITY,False,1.00-1.50%
574,ETHUSD,LONG,2025-09-18T19:00:00+00:00,2025-09-18T19:00:00+00:00,2025-09-19T03:00:00+00:00,4603.65,4557.05,46.6,1.0159,4592.0,4557.05,4628.736,0.7611,0.8,45.9857,0.0,-35.0,36.7886,-0.0,0.0,0.0,0.0,-0.0,0.0,0.0,SL_HIT,-1.0,SL_HIT_CONSERVATIVE_AMBIGUITY,False,0.70-0.80%
575,SOLUSD,LONG,2025-09-19T03:00:00+00:00,2025-09-19T03:00:00+00:00,2025-09-19T09:00:00+00:00,245.029,242.558,2.471,1.0086,244.4112,242.558,246.3665,0.7583,0.8,46.1589,0.0,-35.0,36.9271,-0.0,0.0,0.0,0.0,-0.0,0.0,0.0,SL_HIT,-1.0,SL_HIT_CONSERVATIVE_AMBIGUITY,False,0.70-0.80%
576,BTCUSD,LONG,2025-09-19T16:00:00+00:00,2025-09-19T16:00:00+00:00,2025-09-19T19:00:00+00:00,116090.0,115268.5,821.5,0.7079,115884.625,115268.5,116811.702,0.5317,0.8,65.8302,0.0,-35.0,52.6641,-0.0,0.0,0.0,0.0,-0.0,0.0,0.0,SL_HIT,-1.0,SL_HIT,False,0.50-0.60%
577,ETHUSD,LONG,2025-09-20T08:00:00+00:00,2025-09-20T08:00:00+00:00,2025-09-21T09:00:00+00:00,4468.25,4444.8,23.45,0.5253,4462.3875,4444.8,4498.0866,0.3941,0.8,88.8037,0.0,-35.0,71.043,-0.0,0.0,0.0,0.0,-0.0,0.0,0.0,SL_HIT,-1.0,SL_HIT_CONSERVATIVE_AMBIGUITY,False,<0.50%
578,BTCUSD,SHORT,2025-09-21T17:00:00+00:00,2025-09-21T17:00:00+00:00,2025-09-21T19:00:00+00:00,115716.0,115573.0,143.0,0.1237,115608.75,115716.0,114683.88,0.0928,0.8,377.278,0.0,-35.0,301.8224,0.0,0.0,0.0,0.0,0.0,0.0,0.0,TIMEOUT_EXIT,2.8625,TIMEOUT_EXIT,False,<0.50%
579,ETHUSD,LONG,2025-09-21T21:00:00+00:00,2025-09-21T21:00:00+00:00,2025-09-21T23:00:00+00:00,4473.0,4441.0,32.0,0.7159,4465.0,4441.0,4500.72,0.5375,0.8,65.1146,0.0,-35.0,52.0917,-0.0,0.0,0.0,0.0,-0.0,0.0,0.0,SL_HIT,-1.0,SL_HIT,False,0.50-0.60%
580,ETHUSD,LONG,2025-09-22T02:00:00+00:00,2025-09-22T02:00:00+00:00,2025-09-22T05:00:00+00:00,4303.95,4235.1,68.85,1.606,4286.7375,4235.1,4321.0314,1.2046,0.8,29.0556,0.0,-35.0,23.2445,-0.0,0.0,0.0,0.0,-0.0,0.0,0.0,SL_HIT,-1.0,SL_HIT_CONSERVATIVE_AMBIGUITY,False,1.00-1.50%
581,ETHUSD,SHORT,2025-09-22T21:00:00+00:00,2025-09-22T21:00:00+00:00,2025-09-23T02:00:00+00:00,4218.3,4181.5,36.8,0.8769,4190.7,4218.3,4157.1744,0.6586,0.8,53.1429,0.0,-35.0,42.5143,0.0,0.0,0.0,0.0,0.0,0.0,0.0,TP_HIT,1.2147,TP_HIT,False,0.60-0.70%
582,BTCUSD,SHORT,2025-09-23T05:00:00+00:00,2025-09-23T05:00:00+00:00,2025-09-23T06:00:00+00:00,112934.5,112554.0,380.5,0.3378,112649.125,112934.5,111747.932,0.2533,0.8,138.1592,0.0,-35.0,110.5274,-0.0,0.0,0.0,0.0,-0.0,0.0,0.0,SL_HIT,-1.0,SL_HIT,False,<0.50%
583,SOLUSD,SHORT,2025-09-23T08:00:00+00:00,2025-09-23T08:00:00+00:00,2025-09-23T15:00:00+00:00,221.325,219.363,1.962,0.892,219.8535,221.325,218.0947,0.6693,0.8,52.2927,0.0,-35.0,41.8342,0.0,0.0,0.0,0.0,0.0,0.0,0.0,TP_HIT,1.1953,TP_HIT,False,0.60-0.70%
584,BTCUSD,LONG,2025-09-23T17:00:00+00:00,2025-09-23T17:00:00+00:00,2025-09-23T18:00:00+00:00,112438.5,111815.5,623.0,0.5566,112282.75,111815.5,113181.012,0.4161,0.8,84.1069,0.0,-35.0,67.2855,-0.0,0.0,0.0,0.0,-0.0,0.0,0.0,SL_HIT,-1.0,SL_HIT,False,<0.50%
585,ETHUSD,LONG,2025-09-26T10:00:00+00:00,2025-09-26T10:00:00+00:00,2025-09-26T13:00:00+00:00,3905.0,3848.75,56.25,1.447,3890.9375,3848.75,3922.065,1.0843,0.8,32.2804,0.0,-35.0,25.8243,0.0,0.0,0.0,0.0,0.0,0.0,0.0,TP_HIT,0.7378,TP_HIT,False,1.00-1.50%
586,SOLUSD,SHORT,2025-09-26T16:00:00+00:00,2025-09-26T16:00:00+00:00,2025-09-26T17:00:00+00:00,200.8519,197.33,3.5219,1.7655,198.2105,200.8519,196.6248,1.3326,0.8,26.2637,0.0,-35.0,21.011,-0.0,0.0,0.0,0.0,-0.0,0.0,0.0,SL_HIT,-1.0,SL_HIT,False,1.00-1.50%
587,SOLUSD,LONG,2025-09-28T00:00:00+00:00,2025-09-28T00:00:00+00:00,2025-09-28T03:00:00+00:00,202.901,200.8,2.101,1.0357,202.3758,200.8,203.9948,0.7786,0.8,44.951,0.0,-35.0,35.9608,-0.0,0.0,0.0,0.0,-0.0,0.0,0.0,SL_HIT,-1.0,SL_HIT,False,0.70-0.80%
588,XRPUSD,LONG,2025-09-28T03:00:00+00:00,2025-09-28T03:00:00+00:00,2025-09-28T15:00:00+00:00,2.7838,2.7614,0.0224,0.8052,2.7782,2.7614,2.8004,0.6047,0.8,57.8792,0.0,-35.0,46.3033,0.0,0.0,0.0,0.0,0.0,0.0,0.0,TP_HIT,1.323,TP_HIT,False,0.60-0.70%
589,SOLUSD,SHORT,2025-09-28T15:00:00+00:00,2025-09-28T15:00:00+00:00,2025-09-28T17:00:00+00:00,204.871,203.35,1.521,0.7479,203.7303,204.871,202.1004,0.5599,0.8,62.5076,0.0,-35.0,50.0061,-0.0,0.0,0.0,0.0,-0.0,0.0,0.0,SL_HIT,-1.0,SL_HIT,False,0.50-0.60%
590,XRPUSD,LONG,2025-09-29T16:00:00+00:00,2025-09-29T16:00:00+00:00,2025-09-30T09:00:00+00:00,2.8853,2.8445,0.0408,1.4173,2.8751,2.8445,2.8981,1.0643,0.8,32.8851,0.0,-35.0,26.3081,-0.0,0.0,0.0,0.0,-0.0,0.0,0.0,SL_HIT,-1.0,SL_HIT_CONSERVATIVE_AMBIGUITY,False,1.00-1.50%
591,ETHUSD,LONG,2025-09-30T09:00:00+00:00,2025-09-30T09:00:00+00:00,2025-09-30T14:00:00+00:00,4157.75,4126.3,31.45,0.7596,4149.8875,4126.3,4183.0866,0.5684,0.8,61.5776,0.0,-35.0,49.262,-0.0,0.0,0.0,0.0,-0.0,0.0,0.0,SL_HIT,-1.0,SL_HIT_CONSERVATIVE_AMBIGUITY,False,0.50-0.60%
592,ETHUSD,LONG,2025-09-30T16:00:00+00:00,2025-09-30T16:00:00+00:00,2025-09-30T19:00:00+00:00,4112.15,4087.05,25.1,0.6124,4105.875,4087.05,4138.722,0.4585,0.8,76.3376,0.0,-35.0,61.0701,0.0,0.0,0.0,0.0,0.0,0.0,0.0,TP_HIT,1.7449,TP_HIT,False,<0.50%
593,SOLUSD,SHORT,2025-10-01T18:00:00+00:00,2025-10-01T18:00:00+00:00,2025-10-01T23:00:00+00:00,221.684,217.753,3.931,1.7945,218.7357,221.684,216.9859,1.3479,0.8,25.9671,0.0,-35.0,20.7737,-0.0,0.0,0.0,0.0,-0.0,0.0,0.0,SL_HIT,-1.0,SL_HIT,False,1.00-1.50%
594,SOLUSD,LONG,2025-10-02T14:00:00+00:00,2025-10-02T14:00:00+00:00,2025-10-02T16:00:00+00:00,225.135,222.3561,2.7789,1.2431,224.4403,222.3561,226.2358,0.9286,0.8,37.6907,0.0,-35.0,30.1526,0.0,0.0,0.0,0.0,0.0,0.0,0.0,TP_HIT,0.8615,TP_HIT,False,0.80-1.00%
595,SOLUSD,LONG,2025-10-03T17:00:00+00:00,2025-10-03T17:00:00+00:00,2025-10-03T19:00:00+00:00,230.9734,227.106,3.8674,1.6817,230.0066,227.106,231.8466,1.2611,0.8,27.7541,0.0,-35.0,22.2033,0.0,0.0,0.0,0.0,0.0,0.0,0.0,TP_HIT,0.6344,TP_HIT,False,1.00-1.50%
596,ETHUSD,SHORT,2025-10-06T02:00:00+00:00,2025-10-06T02:00:00+00:00,2025-10-06T06:00:00+00:00,4555.95,4534.65,21.3,0.4694,4539.975,4555.95,4503.6552,0.3519,0.8,99.4674,0.0,-35.0,79.5739,-0.0,0.0,0.0,0.0,-0.0,0.0,0.0,SL_HIT,-1.0,SL_HIT,False,<0.50%
597,SOLUSD,LONG,2025-10-06T20:00:00+00:00,2025-10-06T20:00:00+00:00,2025-10-07T06:00:00+00:00,234.197,230.551,3.646,1.5613,233.2855,230.551,235.1518,1.1722,0.8,29.8592,0.0,-35.0,23.8873,-0.0,0.0,0.0,0.0,-0.0,0.0,0.0,SL_HIT,-1.0,SL_HIT_CONSERVATIVE_AMBIGUITY,False,1.00-1.50%
598,BTCUSD,LONG,2025-10-07T13:00:00+00:00,2025-10-07T13:00:00+00:00,2025-10-07T14:00:00+00:00,123998.0,123229.5,768.5,0.6206,123805.875,123229.5,124796.322,0.4655,0.8,75.1803,0.0,-35.0,60.1443,-0.0,0.0,0.0,0.0,-0.0,0.0,0.0,SL_HIT,-1.0,SL_HIT,False,<0.50%
599,XRPUSD,SHORT,2025-10-08T04:00:00+00:00,2025-10-08T04:00:00+00:00,2025-10-08T12:00:00+00:00,2.8802,2.8534,0.0268,0.9363,2.8601,2.8802,2.8372,0.7028,0.8,49.8027,0.0,-35.0,39.8422,-0.0,0.0,0.0,0.0,-0.0,0.0,0.0,SL_HIT,-1.0,SL_HIT_CONSERVATIVE_AMBIGUITY,False,0.70-0.80%
600,XRPUSD,LONG,2025-10-09T01:00:00+00:00,2025-10-09T01:00:00+00:00,2025-10-09T02:00:00+00:00,2.8635,2.8291,0.0344,1.2041,2.8549,2.8291,2.8777,0.9037,0.8,38.7293,0.0,-35.0,30.9834,-0.0,0.0,0.0,0.0,-0.0,0.0,0.0,SL_HIT,-1.0,SL_HIT,False,0.80-1.00%
601,XRPUSD,LONG,2025-10-09T02:00:00+00:00,2025-10-09T02:00:00+00:00,2025-10-09T07:00:00+00:00,2.8413,2.8128,0.0285,1.0074,2.8342,2.8128,2.8568,0.7542,0.8,46.4075,0.0,-35.0,37.126,-0.0,0.0,0.0,0.0,-0.0,0.0,0.0,SL_HIT,-1.0,SL_HIT_CONSERVATIVE_AMBIGUITY,False,0.70-0.80%
602,XRPUSD,SHORT,2025-10-10T05:00:00+00:00,2025-10-10T05:00:00+00:00,2025-10-10T07:00:00+00:00,2.8394,2.8217,0.0177,0.6264,2.8261,2.8394,2.8035,0.4697,0.8,74.5118,0.0,-35.0,59.6094,0.0,0.0,0.0,0.0,0.0,0.0,0.0,TP_HIT,1.7031,TP_HIT,False,<0.50%
603,SOLUSD,LONG,2025-10-10T14:00:00+00:00,2025-10-10T14:00:00+00:00,2025-10-10T15:00:00+00:00,219.9965,217.283,2.7135,1.235,219.3181,217.283,221.0727,0.9279,0.8,37.7182,0.0,-35.0,30.1746,-0.0,0.0,0.0,0.0,-0.0,0.0,0.0,SL_HIT,-1.0,SL_HIT,False,0.80-1.00%
604,SOLUSD,LONG,2025-10-10T18:00:00+00:00,2025-10-10T18:00:00+00:00,2025-10-10T19:00:00+00:00,209.471,206.31,3.161,1.5241,208.6807,206.31,210.3502,1.1361,0.8,30.8081,0.0,-35.0,24.6465,-0.0,0.0,0.0,0.0,-0.0,0.0,0.0,SL_HIT,-1.0,SL_HIT,False,1.00-1.50%
605,BTCUSD,SHORT,2025-10-11T10:00:00+00:00,2025-10-11T10:00:00+00:00,2025-10-11T20:00:00+00:00,112943.5,111651.5,1292.0,1.1528,111974.5,112943.5,111078.704,0.8654,0.8,40.4449,0.0,-35.0,32.3559,0.0,0.0,0.0,0.0,0.0,0.0,0.0,TP_HIT,0.9245,TP_HIT,False,0.80-1.00%
606,ETHUSD,SHORT,2025-10-12T06:00:00+00:00,2025-10-12T06:00:00+00:00,2025-10-12T10:00:00+00:00,3854.25,3812.6,41.65,1.0871,3823.0125,3854.25,3792.4284,0.8171,0.8,42.8349,0.0,-35.0,34.2679,-0.0,0.0,0.0,0.0,-0.0,0.0,0.0,SL_HIT,-1.0,SL_HIT_CONSERVATIVE_AMBIGUITY,False,0.80-1.00%
607,BTCUSD,SHORT,2025-10-13T13:00:00+00:00,2025-10-13T13:00:00+00:00,2025-10-13T14:00:00+00:00,115512.0,114981.5,530.5,0.4601,115114.125,115512.0,114193.212,0.3456,0.8,101.2628,0.0,-35.0,81.0103,0.0,0.0,0.0,0.0,0.0,0.0,0.0,TP_HIT,2.3146,TP_HIT,False,<0.50%
608,BTCUSD,LONG,2025-10-14T01:00:00+00:00,2025-10-14T01:00:00+00:00,2025-10-14T02:00:00+00:00,114695.0,113929.0,766.0,0.6706,114503.5,113929.0,115419.528,0.5017,0.8,69.7584,0.0,-35.0,55.8068,-0.0,0.0,0.0,0.0,-0.0,0.0,0.0,SL_HIT,-1.0,SL_HIT,False,0.50-0.60%
609,ETHUSD,LONG,2025-10-14T04:00:00+00:00,2025-10-14T04:00:00+00:00,2025-10-14T05:00:00+00:00,4133.1,4055.0,78.1,1.9054,4113.575,4055.0,4146.4836,1.4239,0.8,24.5796,0.0,-35.0,19.6637,-0.0,0.0,0.0,0.0,-0.0,0.0,0.0,SL_HIT,-1.0,SL_HIT_CONSERVATIVE_AMBIGUITY,True,1.00-1.50%
610,SOLUSD,LONG,2025-10-14T06:00:00+00:00,2025-10-14T06:00:00+00:00,2025-10-14T15:00:00+00:00,195.46,190.04,5.42,2.7748,194.105,190.04,195.6578,2.0942,0.8,16.7126,0.0,-35.0,13.3701,0.0,0.0,0.0,0.0,0.0,0.0,0.0,TP_HIT,0.382,TP_HIT,False,>1.50%
611,ETHUSD,LONG,2025-10-15T10:00:00+00:00,2025-10-15T10:00:00+00:00,2025-10-15T13:00:00+00:00,4122.0,4060.0,62.0,1.5057,4106.5,4060.0,4139.352,1.1324,0.8,30.9091,0.0,-35.0,24.7273,-0.0,0.0,0.0,0.0,-0.0,0.0,0.0,SL_HIT,-1.0,SL_HIT_CONSERVATIVE_AMBIGUITY,False,1.00-1.50%
612,BTCUSD,LONG,2025-10-16T07:00:00+00:00,2025-10-16T07:00:00+00:00,2025-10-16T09:00:00+00:00,110811.0,110311.0,500.0,0.4524,110686.0,110311.0,111571.488,0.3388,0.8,103.3069,0.0,-35.0,82.6455,-0.0,0.0,0.0,0.0,-0.0,0.0,0.0,SL_HIT,-1.0,SL_HIT_CONSERVATIVE_AMBIGUITY,False,<0.50%
613,SOLUSD,LONG,2025-10-16T14:00:00+00:00,2025-10-16T14:00:00+00:00,2025-10-16T15:00:00+00:00,194.418,191.365,3.053,1.5737,193.6548,191.365,195.204,1.1824,0.8,29.6011,0.0,-35.0,23.6809,-0.0,0.0,0.0,0.0,-0.0,0.0,0.0,SL_HIT,-1.0,SL_HIT_CONSERVATIVE_AMBIGUITY,True,1.00-1.50%
614,XRPUSD,LONG,2025-10-16T18:00:00+00:00,2025-10-16T18:00:00+00:00,2025-10-16T19:00:00+00:00,2.3503,2.3105,0.0398,1.6934,2.3403,2.3105,2.3591,1.2755,0.8,27.4413,0.0,-35.0,21.953,-0.0,0.0,0.0,0.0,-0.0,0.0,0.0,SL_HIT,-1.0,SL_HIT_CONSERVATIVE_AMBIGUITY,True,1.00-1.50%
615,XRPUSD,SHORT,2025-10-18T03:00:00+00:00,2025-10-18T03:00:00+00:00,2025-10-19T13:00:00+00:00,2.4003,2.3357,0.0646,2.7634,2.3519,2.4003,2.333,2.0601,0.8,16.9896,0.0,-35.0,13.5917,-0.0,0.0,0.0,0.0,-0.0,0.0,0.0,SL_HIT,-1.0,SL_HIT_CONSERVATIVE_AMBIGUITY,False,>1.50%
616,SOLUSD,LONG,2025-10-19T23:00:00+00:00,2025-10-19T23:00:00+00:00,2025-10-21T04:00:00+00:00,188.745,183.162,5.583,2.9718,187.3493,183.162,188.848,2.235,0.8,15.66,0.0,-35.0,12.528,-0.0,0.0,0.0,0.0,-0.0,0.0,0.0,SL_HIT,-1.0,SL_HIT_CONSERVATIVE_AMBIGUITY,False,>1.50%
617,BTCUSD,LONG,2025-10-21T04:00:00+00:00,2025-10-21T04:00:00+00:00,2025-10-21T14:00:00+00:00,108597.0,107387.5,1209.5,1.1225,108294.625,107387.5,109160.982,0.8376,0.8,41.7838,0.0,-35.0,33.427,0.0,0.0,0.0,0.0,0.0,0.0,0.0,TP_HIT,0.9551,TP_HIT,False,0.80-1.00%
618,ETHUSD,LONG,2025-10-21T23:00:00+00:00,2025-10-21T23:00:00+00:00,2025-10-22T00:00:00+00:00,3873.0,3839.0,34.0,0.8781,3864.5,3839.0,3895.416,0.6599,0.8,53.0422,0.0,-35.0,42.4337,-0.0,0.0,0.0,0.0,-0.0,0.0,0.0,SL_HIT,-1.0,SL_HIT_CONSERVATIVE_AMBIGUITY,True,0.60-0.70%
619,BTCUSD,LONG,2025-10-22T00:00:00+00:00,2025-10-22T00:00:00+00:00,2025-10-22T11:00:00+00:00,107948.5,107425.0,523.5,0.485,107817.625,107425.0,108680.166,0.3642,0.8,96.1125,0.0,-35.0,76.89,-0.0,0.0,0.0,0.0,-0.0,0.0,0.0,SL_HIT,-1.0,SL_HIT,False,<0.50%
620,BTCUSD,LONG,2025-10-22T17:00:00+00:00,2025-10-22T17:00:00+00:00,2025-10-22T21:00:00+00:00,108187.5,106730.0,1457.5,1.3526,107823.125,106730.0,108685.71,1.0138,0.8,34.5231,0.0,-35.0,27.6185,-0.0,0.0,0.0,0.0,-0.0,0.0,0.0,SL_HIT,-1.0,SL_HIT_CONSERVATIVE_AMBIGUITY,False,1.00-1.50%
621,ETHUSD,SHORT,2025-10-23T02:00:00+00:00,2025-10-23T02:00:00+00:00,2025-10-23T06:00:00+00:00,3876.35,3823.15,53.2,1.3909,3836.45,3876.35,3805.7584,1.04,0.8,33.6531,0.0,-35.0,26.9225,-0.0,0.0,0.0,0.0,-0.0,0.0,0.0,SL_HIT,-1.0,SL_HIT_CONSERVATIVE_AMBIGUITY,False,1.00-1.50%
622,SOLUSD,SHORT,2025-10-23T16:00:00+00:00,2025-10-23T16:00:00+00:00,2025-10-26T11:00:00+00:00,197.181,191.912,5.269,2.7448,193.2293,197.181,191.6834,2.0451,0.8,17.114,0.0,-35.0,13.6912,-0.0,0.0,0.0,0.0,-0.0,0.0,0.0,SL_HIT,-1.0,SL_HIT_CONSERVATIVE_AMBIGUITY,False,>1.50%
623,ETHUSD,SHORT,2025-10-26T17:00:00+00:00,2025-10-26T17:00:00+00:00,2025-10-26T22:00:00+00:00,4109.25,4018.4,90.85,2.2381,4041.1125,4109.25,4008.7836,1.6861,0.8,20.7579,0.0,-35.0,16.6063,-0.0,0.0,0.0,0.0,-0.0,0.0,0.0,SL_HIT,-1.0,SL_HIT,False,>1.50%
624,BTCUSD,LONG,2025-10-27T08:00:00+00:00,2025-10-27T08:00:00+00:00,2025-10-27T21:00:00+00:00,115140.5,114311.0,829.5,0.7213,114933.125,114311.0,115852.59,0.5413,0.8,64.66,0.0,-35.0,51.728,-0.0,0.0,0.0,0.0,-0.0,0.0,0.0,SL_HIT,-1.0,SL_HIT_CONSERVATIVE_AMBIGUITY,False,0.50-0.60%
625,SOLUSD,LONG,2025-10-27T22:00:00+00:00,2025-10-27T22:00:00+00:00,2025-10-28T00:00:00+00:00,198.52,196.9,1.62,0.8169,198.115,196.9,199.6999,0.6133,0.8,57.0702,0.0,-35.0,45.6561,0.0,0.0,0.0,0.0,0.0,0.0,0.0,TP_HIT,1.3045,TP_HIT,False,0.60-0.70%
626,SOLUSD,LONG,2025-10-29T08:00:00+00:00,2025-10-29T08:00:00+00:00,2025-10-29T11:00:00+00:00,195.0,192.697,2.303,1.184,194.4243,192.697,195.9796,0.8884,0.8,39.397,0.0,-35.0,31.5176,0.0,0.0,0.0,0.0,0.0,0.0,0.0,TP_HIT,0.9005,TP_HIT,False,0.80-1.00%
627,ETHUSD,LONG,2025-10-31T12:00:00+00:00,2025-10-31T12:00:00+00:00,2025-10-31T16:00:00+00:00,3853.75,3817.2,36.55,0.9529,3844.6125,3817.2,3875.3694,0.713,0.8,49.0876,0.0,-35.0,39.2701,-0.0,0.0,0.0,0.0,-0.0,0.0,0.0,SL_HIT,-1.0,SL_HIT_CONSERVATIVE_AMBIGUITY,False,0.70-0.80%
628,BTCUSD,LONG,2025-11-01T05:00:00+00:00,2025-11-01T05:00:00+00:00,2025-11-03T02:00:00+00:00,110240.5,109087.0,1153.5,1.0477,109952.125,109087.0,110831.742,0.7868,0.8,44.4829,0.0,-35.0,35.5863,-0.0,0.0,0.0,0.0,-0.0,0.0,0.0,SL_HIT,-1.0,SL_HIT_CONSERVATIVE_AMBIGUITY,False,0.70-0.80%
629,SOLUSD,LONG,2025-11-03T13:00:00+00:00,2025-11-03T13:00:00+00:00,2025-11-03T15:00:00+00:00,177.275,172.374,4.901,2.788,176.0498,172.374,177.4581,2.0879,0.8,16.7632,0.0,-35.0,13.4106,-0.0,0.0,0.0,0.0,-0.0,0.0,0.0,SL_HIT,-1.0,SL_HIT_CONSERVATIVE_AMBIGUITY,False,>1.50%
630,XRPUSD,SHORT,2025-11-05T15:00:00+00:00,2025-11-05T15:00:00+00:00,2025-11-05T19:00:00+00:00,2.32,2.2743,0.0457,2.0087,2.2857,2.32,2.2674,1.4995,0.8,23.3407,0.0,-35.0,18.6726,-0.0,0.0,0.0,0.0,-0.0,0.0,0.0,SL_HIT,-1.0,SL_HIT_CONSERVATIVE_AMBIGUITY,False,1.00-1.50%
631,XRPUSD,LONG,2025-11-06T05:00:00+00:00,2025-11-06T05:00:00+00:00,2025-11-06T09:00:00+00:00,2.344,2.3095,0.0345,1.4814,2.3354,2.3095,2.3541,1.108,0.8,31.5896,0.0,-35.0,25.2717,-0.0,0.0,0.0,0.0,-0.0,0.0,0.0,SL_HIT,-1.0,SL_HIT,False,1.00-1.50%
632,SOLUSD,LONG,2025-11-06T22:00:00+00:00,2025-11-06T22:00:00+00:00,2025-11-06T23:00:00+00:00,156.478,153.686,2.792,1.7946,155.78,153.686,157.0262,1.3442,0.8,26.0377,0.0,-35.0,20.8302,-0.0,0.0,0.0,0.0,-0.0,0.0,0.0,SL_HIT,-1.0,SL_HIT,False,1.00-1.50%
633,ETHUSD,LONG,2025-11-07T09:00:00+00:00,2025-11-07T09:00:00+00:00,2025-11-07T10:00:00+00:00,3330.1,3273.65,56.45,1.7104,3315.9875,3273.65,3342.5154,1.2768,0.8,27.4129,0.0,-35.0,21.9304,-0.0,0.0,0.0,0.0,-0.0,0.0,0.0,SL_HIT,-1.0,SL_HIT,False,1.00-1.50%
634,SOLUSD,SHORT,2025-11-07T16:00:00+00:00,2025-11-07T16:00:00+00:00,2025-11-07T17:00:00+00:00,158.6,156.798,1.802,1.1457,157.2485,158.6,155.9905,0.8595,0.8,40.7229,0.0,-35.0,32.5783,-0.0,0.0,0.0,0.0,-0.0,0.0,0.0,SL_HIT,-1.0,SL_HIT_CONSERVATIVE_AMBIGUITY,True,0.80-1.00%
635,ETHUSD,SHORT,2025-11-07T19:00:00+00:00,2025-11-07T19:00:00+00:00,2025-11-07T20:00:00+00:00,3455.5,3428.2,27.3,0.793,3435.025,3455.5,3407.5448,0.5961,0.8,58.7184,0.0,-35.0,46.9747,-0.0,0.0,0.0,0.0,-0.0,0.0,0.0,SL_HIT,-1.0,SL_HIT,False,0.50-0.60%
636,BTCUSD,SHORT,2025-11-07T20:00:00+00:00,2025-11-07T20:00:00+00:00,2025-11-08T00:00:00+00:00,104187.5,103544.0,643.5,0.6203,103704.875,104187.5,102875.236,0.4654,0.8,75.2069,0.0,-35.0,60.1655,0.0,0.0,0.0,0.0,0.0,0.0,0.0,TP_HIT,1.719,TP_HIT,False,<0.50%
637,BTCUSD,SHORT,2025-11-10T17:00:00+00:00,2025-11-10T17:00:00+00:00,2025-11-11T01:00:00+00:00,106580.0,105800.5,779.5,0.7359,105995.375,106580.0,105147.412,0.5516,0.8,63.4567,0.0,-35.0,50.7654,-0.0,0.0,0.0,0.0,-0.0,0.0,0.0,SL_HIT,-1.0,SL_HIT_CONSERVATIVE_AMBIGUITY,False,0.50-0.60%
638,SOLUSD,LONG,2025-11-11T04:00:00+00:00,2025-11-11T04:00:00+00:00,2025-11-11T06:00:00+00:00,167.814,164.789,3.025,1.8126,167.0577,164.789,168.3942,1.3581,0.8,25.772,0.0,-35.0,20.6176,-0.0,0.0,0.0,0.0,-0.0,0.0,0.0,SL_HIT,-1.0,SL_HIT,False,1.00-1.50%
639,ETHUSD,SHORT,2025-11-12T11:00:00+00:00,2025-11-12T11:00:00+00:00,2025-11-12T14:00:00+00:00,3592.6,3538.7,53.9,1.5187,3552.175,3592.6,3523.7576,1.138,0.8,30.7548,0.0,-35.0,24.6038,0.0,0.0,0.0,0.0,0.0,0.0,0.0,TP_HIT,0.703,TP_HIT,False,1.00-1.50%
640,SOLUSD,LONG,2025-11-12T21:00:00+00:00,2025-11-12T21:00:00+00:00,2025-11-13T03:00:00+00:00,154.188,150.965,3.223,2.0918,153.3822,150.965,154.6093,1.576,0.8,22.2086,0.0,-35.0,17.7669,-0.0,0.0,0.0,0.0,-0.0,0.0,0.0,SL_HIT,-1.0,SL_HIT_CONSERVATIVE_AMBIGUITY,False,>1.50%
641,SOLUSD,LONG,2025-11-13T13:00:00+00:00,2025-11-13T13:00:00+00:00,2025-11-13T16:00:00+00:00,154.448,152.256,2.192,1.425,153.9,152.256,155.1312,1.0682,0.8,32.7646,0.0,-35.0,26.2117,-0.0,0.0,0.0,0.0,-0.0,0.0,0.0,SL_HIT,-1.0,SL_HIT_CONSERVATIVE_AMBIGUITY,False,1.00-1.50%
642,XRPUSD,LONG,2025-11-14T18:00:00+00:00,2025-11-14T18:00:00+00:00,2025-11-14T20:00:00+00:00,2.2999,2.2537,0.0462,2.0163,2.2883,2.2537,2.3067,1.5142,0.8,23.1146,0.0,-35.0,18.4917,-0.0,0.0,0.0,0.0,-0.0,0.0,0.0,SL_HIT,-1.0,SL_HIT_CONSERVATIVE_AMBIGUITY,False,>1.50%
643,BTCUSD,SHORT,2025-11-15T02:00:00+00:00,2025-11-15T02:00:00+00:00,2025-11-16T01:00:00+00:00,97388.0,96230.0,1158.0,1.2005,96519.5,97388.0,95747.344,0.8998,0.8,38.8967,0.0,-35.0,31.1174,0.0,0.0,0.0,0.0,0.0,0.0,0.0,TP_HIT,0.8891,TP_HIT,False,0.80-1.00%
644,BTCUSD,SHORT,2025-11-16T07:00:00+00:00,2025-11-16T07:00:00+00:00,2025-11-16T09:00:00+00:00,96450.0,95971.5,478.5,0.498,96091.125,96450.0,95322.396,0.3735,0.8,93.7148,0.0,-35.0,74.9718,-0.0,0.0,0.0,0.0,-0.0,0.0,0.0,SL_HIT,-1.0,SL_HIT,False,<0.50%
645,BTCUSD,LONG,2025-11-16T13:00:00+00:00,2025-11-16T13:00:00+00:00,2025-11-16T15:00:00+00:00,95472.5,94815.0,657.5,0.6893,95308.125,94815.0,96070.59,0.5174,0.8,67.6458,0.0,-35.0,54.1167,-0.0,0.0,0.0,0.0,-0.0,0.0,0.0,SL_HIT,-1.0,SL_HIT,False,0.50-0.60%
646,XRPUSD,LONG,2025-11-16T21:00:00+00:00,2025-11-16T21:00:00+00:00,2025-11-17T00:00:00+00:00,2.197,2.1531,0.0439,1.999,2.186,2.1531,2.2035,1.5062,0.8,23.2379,0.0,-35.0,18.5903,0.0,0.0,0.0,0.0,0.0,0.0,0.0,TP_HIT,0.5312,TP_HIT,False,>1.50%
647,ETHUSD,SHORT,2025-11-17T04:00:00+00:00,2025-11-17T04:00:00+00:00,2025-11-17T13:00:00+00:00,3256.6,3181.95,74.65,2.3437,3200.6125,3256.6,3175.0076,1.7493,0.8,20.0083,0.0,-35.0,16.0066,0.0,0.0,0.0,0.0,0.0,0.0,0.0,TP_HIT,0.4573,TP_HIT,False,>1.50%
648,SOLUSD,LONG,2025-11-19T03:00:00+00:00,2025-11-19T03:00:00+00:00,2025-11-19T04:00:00+00:00,141.57,139.259,2.311,1.6529,140.9922,139.259,142.1202,1.2293,0.8,28.471,0.0,-35.0,22.7768,-0.0,0.0,0.0,0.0,-0.0,0.0,0.0,SL_HIT,-1.0,SL_HIT,False,1.00-1.50%
649,BTCUSD,SHORT,2025-11-19T23:00:00+00:00,2025-11-19T23:00:00+00:00,2025-11-20T00:00:00+00:00,91998.0,90912.0,1086.0,1.1867,91183.5,91998.0,90454.032,0.8933,0.8,39.1826,0.0,-35.0,31.3461,-0.0,0.0,0.0,0.0,-0.0,0.0,0.0,SL_HIT,-1.0,SL_HIT,False,0.80-1.00%
650,BTCUSD,SHORT,2025-11-22T11:00:00+00:00,2025-11-22T11:00:00+00:00,2025-11-22T16:00:00+00:00,84773.0,84048.0,725.0,0.8623,84229.25,84773.0,83555.416,0.6456,0.8,54.2165,0.0,-35.0,43.3732,-0.0,0.0,0.0,0.0,-0.0,0.0,0.0,SL_HIT,-1.0,SL_HIT_CONSERVATIVE_AMBIGUITY,False,0.60-0.70%
651,XRPUSD,SHORT,2025-11-22T16:00:00+00:00,2025-11-22T16:00:00+00:00,2025-11-22T22:00:00+00:00,1.9627,1.9368,0.0259,1.3329,1.9433,1.9627,1.9277,0.9996,0.8,35.014,0.0,-35.0,28.0112,-0.0,0.0,0.0,0.0,-0.0,0.0,0.0,SL_HIT,-1.0,SL_HIT_CONSERVATIVE_AMBIGUITY,False,0.80-1.00%
652,BTCUSD,SHORT,2025-11-24T02:00:00+00:00,2025-11-24T02:00:00+00:00,2025-11-24T09:00:00+00:00,88223.0,87170.0,1053.0,1.2035,87433.25,88223.0,86733.784,0.9033,0.8,38.7485,0.0,-35.0,30.9988,0.0,0.0,0.0,0.0,0.0,0.0,0.0,TP_HIT,0.8857,TP_HIT,False,0.80-1.00%
653,ETHUSD,LONG,2025-11-24T09:00:00+00:00,2025-11-24T09:00:00+00:00,2025-11-24T14:00:00+00:00,2802.7,2762.0,40.7,1.4551,2792.525,2762.0,2814.8652,1.0931,0.8,32.0191,0.0,-35.0,25.6153,0.0,0.0,0.0,0.0,0.0,0.0,0.0,TP_HIT,0.7319,TP_HIT,False,1.00-1.50%
654,BTCUSD,SHORT,2025-11-24T16:00:00+00:00,2025-11-24T16:00:00+00:00,2025-11-24T17:00:00+00:00,88029.0,86986.0,1043.0,1.197,87246.75,88029.0,86548.776,0.8966,0.8,39.0366,0.0,-35.0,31.2293,-0.0,0.0,0.0,0.0,-0.0,0.0,0.0,SL_HIT,-1.0,SL_HIT_CONSERVATIVE_AMBIGUITY,True,0.80-1.00%
655,XRPUSD,SHORT,2025-11-26T17:00:00+00:00,2025-11-26T17:00:00+00:00,2025-11-27T08:00:00+00:00,2.2641,2.2255,0.0386,1.7284,2.2351,2.2641,2.2173,1.2952,0.8,27.0225,0.0,-35.0,21.618,0.0,0.0,0.0,0.0,0.0,0.0,0.0,TP_HIT,0.6177,TP_HIT,False,1.00-1.50%
656,BTCUSD,SHORT,2025-11-27T18:00:00+00:00,2025-11-27T18:00:00+00:00,2025-11-28T02:00:00+00:00,91914.5,91449.0,465.5,0.5074,91565.375,91914.5,90832.852,0.3813,0.8,91.7949,0.0,-35.0,73.4359,0.0,0.0,0.0,0.0,0.0,0.0,0.0,TP_HIT,2.0982,TP_HIT,False,<0.50%
657,SOLUSD,SHORT,2025-11-28T09:00:00+00:00,2025-11-28T09:00:00+00:00,2025-11-28T13:00:00+00:00,143.136,141.484,1.652,1.1663,141.897,143.136,140.7618,0.8732,0.8,40.0839,0.0,-35.0,32.0671,-0.0,0.0,0.0,0.0,-0.0,0.0,0.0,SL_HIT,-1.0,SL_HIT_CONSERVATIVE_AMBIGUITY,False,0.80-1.00%
658,BTCUSD,LONG,2025-11-28T16:00:00+00:00,2025-11-28T16:00:00+00:00,2025-11-28T17:00:00+00:00,91110.0,90621.0,489.0,0.538,90987.75,90621.0,91715.652,0.4031,0.8,86.8322,0.0,-35.0,69.4658,-0.0,0.0,0.0,0.0,-0.0,0.0,0.0,SL_HIT,-1.0,SL_HIT,False,<0.50%
659,ETHUSD,SHORT,2025-11-29T18:00:00+00:00,2025-11-29T18:00:00+00:00,2025-11-30T08:00:00+00:00,3014.2,2987.75,26.45,0.8834,2994.3625,3014.2,2970.4076,0.6625,0.8,52.8306,0.0,-35.0,42.2645,-0.0,0.0,0.0,0.0,-0.0,0.0,0.0,SL_HIT,-1.0,SL_HIT_CONSERVATIVE_AMBIGUITY,False,0.60-0.70%
660,SOLUSD,SHORT,2025-11-30T12:00:00+00:00,2025-11-30T12:00:00+00:00,2025-11-30T13:00:00+00:00,137.839,137.008,0.831,0.6041,137.2158,137.839,136.118,0.4542,0.8,77.0566,0.0,-35.0,61.6453,-0.0,0.0,0.0,0.0,-0.0,0.0,0.0,SL_HIT,-1.0,SL_HIT,False,<0.50%
661,ETHUSD,LONG,2025-12-01T07:00:00+00:00,2025-12-01T07:00:00+00:00,2025-12-01T15:00:00+00:00,2848.5,2783.7,64.8,2.2825,2832.3,2783.7,2854.9584,1.7159,0.8,20.3972,0.0,-35.0,16.3178,-0.0,0.0,0.0,0.0,-0.0,0.0,0.0,SL_HIT,-1.0,SL_HIT_CONSERVATIVE_AMBIGUITY,False,>1.50%
662,BTCUSD,SHORT,2025-12-01T22:00:00+00:00,2025-12-01T22:00:00+00:00,2025-12-02T01:00:00+00:00,86895.0,86478.0,417.0,0.4819,86582.25,86895.0,85889.592,0.3612,0.8,96.8946,0.0,-35.0,77.5157,-0.0,0.0,0.0,0.0,-0.0,0.0,0.0,SL_HIT,-1.0,SL_HIT,False,<0.50%
663,ETHUSD,SHORT,2025-12-02T13:00:00+00:00,2025-12-02T13:00:00+00:00,2025-12-02T14:00:00+00:00,2852.25,2827.45,24.8,0.8722,2833.65,2852.25,2810.9808,0.6564,0.8,53.3214,0.0,-35.0,42.6571,-0.0,0.0,0.0,0.0,-0.0,0.0,0.0,SL_HIT,-1.0,SL_HIT,False,0.60-0.70%
664,XRPUSD,LONG,2025-12-04T11:00:00+00:00,2025-12-04T11:00:00+00:00,2025-12-04T12:00:00+00:00,2.1575,2.1409,0.0166,0.7721,2.1534,2.1409,2.1706,0.5782,0.8,60.5359,0.0,-35.0,48.4288,-0.0,0.0,0.0,0.0,-0.0,0.0,0.0,SL_HIT,-1.0,SL_HIT,False,0.50-0.60%
665,SOLUSD,LONG,2025-12-04T18:00:00+00:00,2025-12-04T18:00:00+00:00,2025-12-04T19:00:00+00:00,141.79,139.9,1.89,1.3429,141.3175,139.9,142.448,1.0031,0.8,34.8932,0.0,-35.0,27.9146,-0.0,0.0,0.0,0.0,-0.0,0.0,0.0,SL_HIT,-1.0,SL_HIT,False,1.00-1.50%
666,ETHUSD,LONG,2025-12-05T13:00:00+00:00,2025-12-05T13:00:00+00:00,2025-12-05T16:00:00+00:00,3109.3,3055.5,53.8,1.7363,3095.85,3055.5,3120.6168,1.3034,0.8,26.8537,0.0,-35.0,21.483,-0.0,0.0,0.0,0.0,-0.0,0.0,0.0,SL_HIT,-1.0,SL_HIT_CONSERVATIVE_AMBIGUITY,False,1.00-1.50%
667,BTCUSD,LONG,2025-12-06T19:00:00+00:00,2025-12-06T19:00:00+00:00,2025-12-06T23:00:00+00:00,89617.0,89183.5,433.5,0.485,89508.625,89183.5,90224.694,0.3632,0.8,96.3568,0.0,-35.0,77.0855,-0.0,0.0,0.0,0.0,-0.0,0.0,0.0,SL_HIT,-1.0,SL_HIT,False,<0.50%
668,XRPUSD,LONG,2025-12-07T07:00:00+00:00,2025-12-07T07:00:00+00:00,2025-12-07T14:00:00+00:00,2.0325,2.0197,0.0128,0.6305,2.0293,2.0197,2.0455,0.4731,0.8,73.9849,0.0,-35.0,59.1879,-0.0,0.0,0.0,0.0,-0.0,0.0,0.0,SL_HIT,-1.0,SL_HIT_CONSERVATIVE_AMBIGUITY,False,<0.50%
669,BTCUSD,SHORT,2025-12-07T15:00:00+00:00,2025-12-07T15:00:00+00:00,2025-12-07T16:00:00+00:00,89759.0,89448.0,311.0,0.3474,89525.75,89759.0,88809.544,0.2605,0.8,134.3366,0.0,-35.0,107.4693,-0.0,0.0,0.0,0.0,-0.0,0.0,0.0,SL_HIT,-1.0,SL_HIT,False,<0.50%
670,XRPUSD,SHORT,2025-12-07T18:00:00+00:00,2025-12-07T18:00:00+00:00,2025-12-07T20:00:00+00:00,2.1121,2.0939,0.0182,0.8653,2.0985,2.1121,2.0817,0.6505,0.8,53.8064,0.0,-35.0,43.0451,0.0,0.0,0.0,0.0,0.0,0.0,0.0,TP_HIT,1.2299,TP_HIT,False,0.60-0.70%
671,XRPUSD,LONG,2025-12-08T15:00:00+00:00,2025-12-08T15:00:00+00:00,2025-12-09T03:00:00+00:00,2.077,2.0575,0.0195,0.9396,2.0721,2.0575,2.0887,0.7058,0.8,49.5893,0.0,-35.0,39.6715,-0.0,0.0,0.0,0.0,-0.0,0.0,0.0,SL_HIT,-1.0,SL_HIT_CONSERVATIVE_AMBIGUITY,False,0.70-0.80%
672,XRPUSD,SHORT,2025-12-09T12:00:00+00:00,2025-12-09T12:00:00+00:00,2025-12-09T14:00:00+00:00,2.0933,2.0758,0.0175,0.8401,2.0802,2.0933,2.0635,0.631,0.8,55.4713,0.0,-35.0,44.3771,0.0,0.0,0.0,0.0,0.0,0.0,0.0,TP_HIT,1.2679,TP_HIT,False,0.60-0.70%
673,ETHUSD,LONG,2025-12-10T10:00:00+00:00,2025-12-10T10:00:00+00:00,2025-12-10T16:00:00+00:00,3314.7,3287.35,27.35,0.8259,3307.8625,3287.35,3334.3254,0.6201,0.8,56.4413,0.0,-35.0,45.153,0.0,0.0,0.0,0.0,0.0,0.0,0.0,TP_HIT,1.2901,TP_HIT,False,0.60-0.70%
674,BTCUSD,SHORT,2025-12-10T16:00:00+00:00,2025-12-10T16:00:00+00:00,2025-12-10T20:00:00+00:00,93231.5,92097.0,1134.5,1.2313,92380.625,93231.5,91641.58,0.9211,0.8,38.0,0.0,-35.0,30.4,-0.0,0.0,0.0,0.0,-0.0,0.0,0.0,SL_HIT,-1.0,SL_HIT_CONSERVATIVE_AMBIGUITY,False,0.80-1.00%
675,SOLUSD,SHORT,2025-12-11T21:00:00+00:00,2025-12-11T21:00:00+00:00,2025-12-12T06:00:00+00:00,139.499,136.388,3.111,2.2705,137.1658,139.499,136.0684,1.701,0.8,20.5756,0.0,-35.0,16.4605,-0.0,0.0,0.0,0.0,-0.0,0.0,0.0,SL_HIT,-1.0,SL_HIT_CONSERVATIVE_AMBIGUITY,False,>1.50%
676,BTCUSD,LONG,2025-12-12T20:00:00+00:00,2025-12-12T20:00:00+00:00,2025-12-14T11:00:00+00:00,90458.5,89227.5,1231.0,1.3655,90150.75,89227.5,90871.956,1.0241,0.8,34.1758,0.0,-35.0,27.3406,-0.0,0.0,0.0,0.0,-0.0,0.0,0.0,SL_HIT,-1.0,SL_HIT_CONSERVATIVE_AMBIGUITY,False,1.00-1.50%
677,SOLUSD,LONG,2025-12-14T22:00:00+00:00,2025-12-14T22:00:00+00:00,2025-12-14T23:00:00+00:00,131.5,129.024,2.476,1.9021,130.881,129.024,131.928,1.4188,0.8,24.6679,0.0,-35.0,19.7343,-0.0,0.0,0.0,0.0,-0.0,0.0,0.0,SL_HIT,-1.0,SL_HIT,False,1.00-1.50%
678,ETHUSD,SHORT,2025-12-15T00:00:00+00:00,2025-12-15T00:00:00+00:00,2025-12-15T01:00:00+00:00,3107.65,3069.55,38.1,1.2394,3079.075,3107.65,3054.4424,0.928,0.8,37.714,0.0,-35.0,30.1712,-0.0,0.0,0.0,0.0,-0.0,0.0,0.0,SL_HIT,-1.0,SL_HIT_CONSERVATIVE_AMBIGUITY,True,0.80-1.00%
679,SOLUSD,SHORT,2025-12-15T09:00:00+00:00,2025-12-15T09:00:00+00:00,2025-12-15T14:00:00+00:00,133.647,132.686,0.961,0.7239,132.9263,133.647,131.8628,0.5422,0.8,64.5497,0.0,-35.0,51.6398,-0.0,0.0,0.0,0.0,-0.0,0.0,0.0,SL_HIT,-1.0,SL_HIT_CONSERVATIVE_AMBIGUITY,False,0.50-0.60%
680,ETHUSD,LONG,2025-12-15T15:00:00+00:00,2025-12-15T15:00:00+00:00,2025-12-15T16:00:00+00:00,3047.0,2982.35,64.65,2.148,3030.8375,2982.35,3055.0842,1.5998,0.8,21.8777,0.0,-35.0,17.5021,-0.0,0.0,0.0,0.0,-0.0,0.0,0.0,SL_HIT,-1.0,SL_HIT,False,>1.50%
681,SOLUSD,LONG,2025-12-16T00:00:00+00:00,2025-12-16T00:00:00+00:00,2025-12-16T13:00:00+00:00,126.3,123.11,3.19,2.5285,125.5025,123.11,126.5065,1.9063,0.8,18.3598,0.0,-35.0,14.6879,0.0,0.0,0.0,0.0,0.0,0.0,0.0,TP_HIT,0.4197,TP_HIT,False,>1.50%
682,BTCUSD,SHORT,2025-12-17T13:00:00+00:00,2025-12-17T13:00:00+00:00,2025-12-17T14:00:00+00:00,87935.5,87448.0,487.5,0.5566,87569.875,87935.5,86869.316,0.4175,0.8,83.8276,0.0,-35.0,67.0621,-0.0,0.0,0.0,0.0,-0.0,0.0,0.0,SL_HIT,-1.0,SL_HIT,False,<0.50%
683,SOLUSD,SHORT,2025-12-17T14:00:00+00:00,2025-12-17T14:00:00+00:00,2025-12-17T15:00:00+00:00,133.297,131.703,1.594,1.2016,132.1015,133.297,131.0447,0.905,0.8,38.6746,0.0,-35.0,30.9397,-0.0,0.0,0.0,0.0,-0.0,0.0,0.0,SL_HIT,-1.0,SL_HIT_CONSERVATIVE_AMBIGUITY,True,0.80-1.00%
684,SOLUSD,LONG,2025-12-17T15:00:00+00:00,2025-12-17T15:00:00+00:00,2025-12-17T16:00:00+00:00,127.0303,125.98,1.0503,0.8284,126.7677,125.98,127.7819,0.6214,0.8,56.3251,0.0,-35.0,45.0601,-0.0,0.0,0.0,0.0,-0.0,0.0,0.0,SL_HIT,-1.0,SL_HIT_CONSERVATIVE_AMBIGUITY,True,0.60-0.70%
685,XRPUSD,LONG,2025-12-17T17:00:00+00:00,2025-12-17T17:00:00+00:00,2025-12-17T19:00:00+00:00,1.875,1.8507,0.0243,1.2984,1.8689,1.8507,1.8839,0.9752,0.8,35.8916,0.0,-35.0,28.7133,-0.0,0.0,0.0,0.0,-0.0,0.0,0.0,SL_HIT,-1.0,SL_HIT_CONSERVATIVE_AMBIGUITY,False,0.80-1.00%
686,XRPUSD,SHORT,2025-12-18T09:00:00+00:00,2025-12-18T09:00:00+00:00,2025-12-18T12:00:00+00:00,1.8831,1.8569,0.0262,1.402,1.8635,1.8831,1.8485,1.0545,0.8,33.1912,0.0,-35.0,26.553,-0.0,0.0,0.0,0.0,-0.0,0.0,0.0,SL_HIT,-1.0,SL_HIT,False,1.00-1.50%
687,XRPUSD,SHORT,2025-12-18T13:00:00+00:00,2025-12-18T13:00:00+00:00,2025-12-18T15:00:00+00:00,1.9279,1.904,0.0239,1.2495,1.91,1.9279,1.8947,0.9385,0.8,37.2938,0.0,-35.0,29.835,-0.0,0.0,0.0,0.0,-0.0,0.0,0.0,SL_HIT,-1.0,SL_HIT_CONSERVATIVE_AMBIGUITY,False,0.80-1.00%
688,BTCUSD,SHORT,2025-12-19T12:00:00+00:00,2025-12-19T12:00:00+00:00,2025-12-19T14:00:00+00:00,88509.0,87809.0,700.0,0.7968,87984.0,88509.0,87280.128,0.5967,0.8,58.656,0.0,-35.0,46.9248,-0.0,0.0,0.0,0.0,-0.0,0.0,0.0,SL_HIT,-1.0,SL_HIT_CONSERVATIVE_AMBIGUITY,False,0.50-0.60%
689,XRPUSD,SHORT,2025-12-19T18:00:00+00:00,2025-12-19T18:00:00+00:00,2025-12-20T08:00:00+00:00,1.9256,1.8891,0.0365,1.9281,1.8982,1.9256,1.883,1.4421,0.8,24.2695,0.0,-35.0,19.4156,-0.0,0.0,0.0,0.0,-0.0,0.0,0.0,SL_HIT,-1.0,SL_HIT_CONSERVATIVE_AMBIGUITY,False,1.00-1.50%
690,ETHUSD,SHORT,2025-12-21T07:00:00+00:00,2025-12-21T07:00:00+00:00,2025-12-21T08:00:00+00:00,2985.2,2977.9,7.3,0.2449,2979.725,2985.2,2955.8872,0.1837,0.8,190.4847,0.0,-35.0,152.3878,-0.0,0.0,0.0,0.0,-0.0,0.0,0.0,SL_HIT,-1.0,SL_HIT,False,<0.50%
691,SOLUSD,SHORT,2025-12-21T09:00:00+00:00,2025-12-21T09:00:00+00:00,2025-12-21T12:00:00+00:00,126.694,126.112,0.582,0.4609,126.2575,126.694,125.2474,0.3457,0.8,101.2374,0.0,-35.0,80.9899,0.0,0.0,0.0,0.0,0.0,0.0,0.0,TP_HIT,2.314,TP_HIT,False,<0.50%
692,XRPUSD,LONG,2025-12-21T13:00:00+00:00,2025-12-21T13:00:00+00:00,2025-12-21T23:00:00+00:00,1.9022,1.8928,0.0094,0.4952,1.8998,1.8928,1.915,0.3711,0.8,94.3188,0.0,-35.0,75.455,0.0,0.0,0.0,0.0,0.0,0.0,0.0,TP_HIT,2.1559,TP_HIT,False,<0.50%
693,BTCUSD,SHORT,2025-12-21T23:00:00+00:00,2025-12-21T23:00:00+00:00,2025-12-22T00:00:00+00:00,89058.0,88472.5,585.5,0.6606,88618.875,89058.0,87909.924,0.4955,0.8,70.6327,0.0,-35.0,56.5062,-0.0,0.0,0.0,0.0,-0.0,0.0,0.0,SL_HIT,-1.0,SL_HIT,False,<0.50%
694,XRPUSD,SHORT,2025-12-22T11:00:00+00:00,2025-12-22T11:00:00+00:00,2025-12-22T19:00:00+00:00,1.9491,1.9305,0.0186,0.9616,1.9352,1.9491,1.9197,0.7209,0.8,48.5522,0.0,-35.0,38.8417,0.0,0.0,0.0,0.0,0.0,0.0,0.0,TP_HIT,1.1098,TP_HIT,False,0.70-0.80%
695,BTCUSD,LONG,2025-12-22T19:00:00+00:00,2025-12-22T19:00:00+00:00,2025-12-23T03:00:00+00:00,88625.0,87853.5,771.5,0.8765,88432.125,87853.5,89139.582,0.6543,0.8,53.491,0.0,-35.0,42.7928,-0.0,0.0,0.0,0.0,-0.0,0.0,0.0,SL_HIT,-1.0,SL_HIT_CONSERVATIVE_AMBIGUITY,False,0.60-0.70%
696,XRPUSD,SHORT,2025-12-23T11:00:00+00:00,2025-12-23T11:00:00+00:00,2025-12-23T13:00:00+00:00,1.909,1.8987,0.0103,0.5409,1.9013,1.909,1.8861,0.4063,0.8,86.1419,0.0,-35.0,68.9135,0.0,0.0,0.0,0.0,0.0,0.0,0.0,TP_HIT,1.969,TP_HIT,False,<0.50%
697,BTCUSD,SHORT,2025-12-25T12:00:00+00:00,2025-12-25T12:00:00+00:00,2025-12-25T15:00:00+00:00,87942.5,87526.0,416.5,0.4758,87630.125,87942.5,86929.084,0.3565,0.8,98.185,0.0,-35.0,78.548,-0.0,0.0,0.0,0.0,-0.0,0.0,0.0,SL_HIT,-1.0,SL_HIT,False,<0.50%
698,SOLUSD,SHORT,2025-12-25T15:00:00+00:00,2025-12-25T15:00:00+00:00,2025-12-25T23:00:00+00:00,125.663,123.481,2.182,1.7646,124.0265,125.663,123.0343,1.3195,0.8,26.5257,0.0,-35.0,21.2205,0.0,0.0,0.0,0.0,0.0,0.0,0.0,TP_HIT,0.6063,TP_HIT,False,1.00-1.50%
699,XRPUSD,SHORT,2025-12-26T02:00:00+00:00,2025-12-26T02:00:00+00:00,2025-12-26T15:00:00+00:00,1.8884,1.8648,0.0236,1.2628,1.8707,1.8884,1.8557,0.9462,0.8,36.9912,0.0,-35.0,29.593,0.0,0.0,0.0,0.0,0.0,0.0,0.0,TP_HIT,0.8455,TP_HIT,False,0.80-1.00%
700,ETHUSD,SHORT,2025-12-27T21:00:00+00:00,2025-12-27T21:00:00+00:00,2025-12-27T22:00:00+00:00,2939.8,2930.7,9.1,0.3101,2932.975,2939.8,2909.5112,0.2327,0.8,150.409,0.0,-35.0,120.3272,-0.0,0.0,0.0,0.0,-0.0,0.0,0.0,SL_HIT,-1.0,SL_HIT,False,<0.50%
701,SOLUSD,SHORT,2025-12-28T02:00:00+00:00,2025-12-28T02:00:00+00:00,2025-12-28T23:00:00+00:00,125.166,123.921,1.245,1.0022,124.2323,125.166,123.2384,0.7516,0.8,46.5663,0.0,-35.0,37.253,-0.0,0.0,0.0,0.0,-0.0,0.0,0.0,SL_HIT,-1.0,SL_HIT_CONSERVATIVE_AMBIGUITY,False,0.70-0.80%
702,XRPUSD,SHORT,2025-12-29T00:00:00+00:00,2025-12-29T00:00:00+00:00,2025-12-29T01:00:00+00:00,1.879,1.8718,0.0072,0.3845,1.8736,1.879,1.8586,0.2882,0.8,121.437,0.0,-35.0,97.1496,-0.0,0.0,0.0,0.0,-0.0,0.0,0.0,SL_HIT,-1.0,SL_HIT,False,<0.50%
703,XRPUSD,SHORT,2025-12-29T01:00:00+00:00,2025-12-29T01:00:00+00:00,2025-12-29T02:00:00+00:00,1.8944,1.8766,0.0178,0.9461,1.8811,1.8944,1.866,0.7097,0.8,49.3159,0.0,-35.0,39.4527,-0.0,0.0,0.0,0.0,-0.0,0.0,0.0,SL_HIT,-1.0,SL_HIT,False,0.70-0.80%
704,BTCUSD,SHORT,2025-12-29T03:00:00+00:00,2025-12-29T03:00:00+00:00,2025-12-29T09:00:00+00:00,90585.0,89820.5,764.5,0.8485,90011.625,90585.0,89291.532,0.637,0.8,54.945,0.0,-35.0,43.956,0.0,0.0,0.0,0.0,0.0,0.0,0.0,TP_HIT,1.2559,TP_HIT,False,0.60-0.70%
705,BTCUSD,LONG,2025-12-29T11:00:00+00:00,2025-12-29T11:00:00+00:00,2025-12-29T12:00:00+00:00,87578.5,87413.5,165.0,0.1885,87537.25,87413.5,88237.548,0.1414,0.8,247.5801,0.0,-35.0,198.0641,-0.0,0.0,0.0,0.0,-0.0,0.0,0.0,SL_HIT,-1.0,SL_HIT,False,<0.50%
706,XRPUSD,LONG,2025-12-29T12:00:00+00:00,2025-12-29T12:00:00+00:00,2025-12-29T19:00:00+00:00,1.868,1.8528,0.0152,0.8144,1.8642,1.8528,1.8791,0.6115,0.8,57.2342,0.0,-35.0,45.7874,-0.0,0.0,0.0,0.0,-0.0,0.0,0.0,SL_HIT,-1.0,SL_HIT_CONSERVATIVE_AMBIGUITY,False,0.60-0.70%
707,XRPUSD,SHORT,2025-12-30T03:00:00+00:00,2025-12-30T03:00:00+00:00,2025-12-30T15:00:00+00:00,1.878,1.8588,0.0192,1.0322,1.8636,1.878,1.8487,0.7727,0.8,45.2958,0.0,-35.0,36.2367,-0.0,0.0,0.0,0.0,-0.0,0.0,0.0,SL_HIT,-1.0,SL_HIT_CONSERVATIVE_AMBIGUITY,False,0.70-0.80%
708,SOLUSD,LONG,2025-12-30T17:00:00+00:00,2025-12-30T17:00:00+00:00,2025-12-30T21:00:00+00:00,125.373,123.54,1.833,1.4698,124.9147,123.54,125.9141,1.1006,0.8,31.8023,0.0,-35.0,25.4418,-0.0,0.0,0.0,0.0,-0.0,0.0,0.0,SL_HIT,-1.0,SL_HIT,False,1.00-1.50%
709,SOLUSD,LONG,2025-12-31T14:00:00+00:00,2025-12-31T14:00:00+00:00,2025-12-31T15:00:00+00:00,126.0981,125.162,0.9361,0.7441,125.8641,125.162,126.871,0.5578,0.8,62.746,0.0,-35.0,50.1968,-0.0,0.0,0.0,0.0,-0.0,0.0,0.0,SL_HIT,-1.0,SL_HIT,False,0.50-0.60%
710,XRPUSD,SHORT,2026-01-01T16:00:00+00:00,2026-01-01T16:00:00+00:00,2026-01-02T03:00:00+00:00,1.8824,1.863,0.0194,1.0408,1.8679,1.8824,1.8529,0.779,0.8,44.9311,0.0,-35.0,35.9449,-0.0,0.0,0.0,0.0,-0.0,0.0,0.0,SL_HIT,-1.0,SL_HIT,False,0.70-0.80%
711,BTCUSD,SHORT,2026-01-03T12:00:00+00:00,2026-01-03T12:00:00+00:00,2026-01-03T21:00:00+00:00,90459.0,90001.0,458.0,0.5088,90115.5,90459.0,89394.576,0.3812,0.8,91.8207,0.0,-35.0,73.4566,-0.0,0.0,0.0,0.0,-0.0,0.0,0.0,SL_HIT,-1.0,SL_HIT,False,<0.50%
712,SOLUSD,LONG,2026-01-05T13:00:00+00:00,2026-01-05T13:00:00+00:00,2026-01-05T14:00:00+00:00,134.2063,133.106,1.1003,0.8224,133.9312,133.106,135.0027,0.6162,0.8,56.8038,0.0,-35.0,45.4431,0.0,0.0,0.0,0.0,0.0,0.0,0.0,TP_HIT,1.2984,TP_HIT,False,0.60-0.70%
713,SOLUSD,SHORT,2026-01-05T21:00:00+00:00,2026-01-05T21:00:00+00:00,2026-01-06T05:00:00+00:00,139.9,138.379,1.521,1.0988,138.7593,139.9,137.6492,0.8221,0.8,42.5735,0.0,-35.0,34.0588,-0.0,0.0,0.0,0.0,-0.0,0.0,0.0,SL_HIT,-1.0,SL_HIT_CONSERVATIVE_AMBIGUITY,False,0.80-1.00%
714,SOLUSD,LONG,2026-01-06T16:00:00+00:00,2026-01-06T16:00:00+00:00,2026-01-06T17:00:00+00:00,139.1,137.338,1.762,1.2684,138.6595,137.338,139.7688,0.9531,0.8,36.724,0.0,-35.0,29.3792,-0.0,0.0,0.0,0.0,-0.0,0.0,0.0,SL_HIT,-1.0,SL_HIT_CONSERVATIVE_AMBIGUITY,True,0.80-1.00%
715,ETHUSD,SHORT,2026-01-06T21:00:00+00:00,2026-01-06T21:00:00+00:00,2026-01-07T09:00:00+00:00,3301.35,3260.25,41.1,1.2547,3270.525,3301.35,3244.3608,0.9425,0.8,37.1349,0.0,-35.0,29.7079,0.0,0.0,0.0,0.0,0.0,0.0,0.0,TP_HIT,0.8488,TP_HIT,False,0.80-1.00%
716,SOLUSD,LONG,2026-01-07T15:00:00+00:00,2026-01-07T15:00:00+00:00,2026-01-07T19:00:00+00:00,135.7,134.627,1.073,0.7908,135.4317,134.627,136.5152,0.5942,0.8,58.9017,0.0,-35.0,47.1213,-0.0,0.0,0.0,0.0,-0.0,0.0,0.0,SL_HIT,-1.0,SL_HIT_CONSERVATIVE_AMBIGUITY,False,0.50-0.60%
717,SOLUSD,SHORT,2026-01-08T16:00:00+00:00,2026-01-08T16:00:00+00:00,2026-01-08T17:00:00+00:00,138.36,136.425,1.935,1.4001,136.9087,138.36,135.8135,1.06,0.8,33.0185,0.0,-35.0,26.4148,-0.0,0.0,0.0,0.0,-0.0,0.0,0.0,SL_HIT,-1.0,SL_HIT,False,1.00-1.50%
718,BTCUSD,SHORT,2026-01-08T17:00:00+00:00,2026-01-08T17:00:00+00:00,2026-01-08T20:00:00+00:00,91660.0,91268.0,392.0,0.4292,91366.0,91660.0,90635.072,0.3218,0.8,108.769,0.0,-35.0,87.0152,0.0,0.0,0.0,0.0,0.0,0.0,0.0,TP_HIT,2.4861,TP_HIT,False,<0.50%
719,XRPUSD,LONG,2026-01-10T13:00:00+00:00,2026-01-10T13:00:00+00:00,2026-01-11T20:00:00+00:00,2.0919,2.0795,0.0124,0.593,2.0888,2.0795,2.1055,0.4452,0.8,78.6108,0.0,-35.0,62.8886,-0.0,0.0,0.0,0.0,-0.0,0.0,0.0,SL_HIT,-1.0,SL_HIT_CONSERVATIVE_AMBIGUITY,False,<0.50%
720,BTCUSD,SHORT,2026-01-11T23:00:00+00:00,2026-01-11T23:00:00+00:00,2026-01-12T01:00:00+00:00,91257.5,90844.0,413.5,0.4545,90947.375,91257.5,90219.796,0.341,0.8,102.6411,0.0,-35.0,82.1129,-0.0,0.0,0.0,0.0,-0.0,0.0,0.0,SL_HIT,-1.0,SL_HIT,False,<0.50%
721,XRPUSD,SHORT,2026-01-12T02:00:00+00:00,2026-01-12T02:00:00+00:00,2026-01-12T03:00:00+00:00,2.1093,2.0962,0.0131,0.624,2.0995,2.1093,2.0827,0.468,0.8,74.7905,0.0,-35.0,59.8324,0.0,0.0,0.0,0.0,0.0,0.0,0.0,TP_HIT,1.7095,TP_HIT,False,<0.50%
722,BTCUSD,LONG,2026-01-12T08:00:00+00:00,2026-01-12T08:00:00+00:00,2026-01-12T14:00:00+00:00,91009.5,90195.0,814.5,0.8978,90805.875,90195.0,91532.322,0.6727,0.8,52.0271,0.0,-35.0,41.6217,-0.0,0.0,0.0,0.0,-0.0,0.0,0.0,SL_HIT,-1.0,SL_HIT,False,0.60-0.70%
723,XRPUSD,SHORT,2026-01-12T15:00:00+00:00,2026-01-12T15:00:00+00:00,2026-01-12T16:00:00+00:00,2.1053,2.079,0.0263,1.2565,2.0856,2.1053,2.0689,0.9458,0.8,37.0064,0.0,-35.0,29.6051,-0.0,0.0,0.0,0.0,-0.0,0.0,0.0,SL_HIT,-1.0,SL_HIT,False,0.80-1.00%
724,SOLUSD,SHORT,2026-01-13T10:00:00+00:00,2026-01-13T10:00:00+00:00,2026-01-13T16:00:00+00:00,144.3109,142.121,2.1899,1.5409,142.6685,144.3109,141.5271,1.1512,0.8,30.4026,0.0,-35.0,24.3221,-0.0,0.0,0.0,0.0,-0.0,0.0,0.0,SL_HIT,-1.0,SL_HIT_CONSERVATIVE_AMBIGUITY,False,1.00-1.50%
725,ETHUSD,SHORT,2026-01-14T14:00:00+00:00,2026-01-14T14:00:00+00:00,2026-01-14T16:00:00+00:00,3364.0,3335.65,28.35,0.8467,3342.7375,3364.0,3315.9956,0.6361,0.8,55.0245,0.0,-35.0,44.0196,-0.0,0.0,0.0,0.0,-0.0,0.0,0.0,SL_HIT,-1.0,SL_HIT_CONSERVATIVE_AMBIGUITY,False,0.60-0.70%
726,ETHUSD,SHORT,2026-01-15T09:00:00+00:00,2026-01-15T09:00:00+00:00,2026-01-15T14:00:00+00:00,3392.45,3361.25,31.2,0.927,3369.05,3392.45,3342.0976,0.6946,0.8,50.3918,0.0,-35.0,40.3134,0.0,0.0,0.0,0.0,0.0,0.0,0.0,TP_HIT,1.1518,TP_HIT,False,0.60-0.70%
727,SOLUSD,LONG,2026-01-16T13:00:00+00:00,2026-01-16T13:00:00+00:00,2026-01-16T15:00:00+00:00,143.636,141.48,2.156,1.507,143.097,141.48,144.2418,1.13,0.8,30.9734,0.0,-35.0,24.7787,-0.0,0.0,0.0,0.0,-0.0,0.0,0.0,SL_HIT,-1.0,SL_HIT_CONSERVATIVE_AMBIGUITY,False,1.00-1.50%
728,SOLUSD,SHORT,2026-01-16T17:00:00+00:00,2026-01-16T17:00:00+00:00,2026-01-16T18:00:00+00:00,143.872,143.121,0.751,0.524,143.3088,143.872,142.1623,0.393,0.8,89.0512,0.0,-35.0,71.2409,-0.0,0.0,0.0,0.0,-0.0,0.0,0.0,SL_HIT,-1.0,SL_HIT,False,<0.50%
729,SOLUSD,SHORT,2026-01-16T20:00:00+00:00,2026-01-16T20:00:00+00:00,2026-01-18T01:00:00+00:00,146.023,144.472,1.551,1.0699,144.8598,146.023,143.7009,0.803,0.8,43.5856,0.0,-35.0,34.8685,0.0,0.0,0.0,0.0,0.0,0.0,0.0,TP_HIT,0.9962,TP_HIT,False,0.80-1.00%
730,SOLUSD,SHORT,2026-01-18T17:00:00+00:00,2026-01-18T17:00:00+00:00,2026-01-18T18:00:00+00:00,142.632,142.311,0.321,0.2255,142.3913,142.632,141.2521,0.1691,0.8,207.007,0.0,-35.0,165.6056,-0.0,0.0,0.0,0.0,-0.0,0.0,0.0,SL_HIT,-1.0,SL_HIT,False,<0.50%
731,BTCUSD,SHORT,2026-01-18T22:00:00+00:00,2026-01-18T22:00:00+00:00,2026-01-18T23:00:00+00:00,95626.0,95387.5,238.5,0.2499,95447.125,95626.0,94683.548,0.1874,0.8,186.7589,0.0,-35.0,149.4071,0.0,0.0,0.0,0.0,0.0,0.0,0.0,TP_HIT,4.2688,TP_HIT,False,<0.50%
732,BTCUSD,LONG,2026-01-21T16:00:00+00:00,2026-01-21T16:00:00+00:00,2026-01-21T17:00:00+00:00,87841.0,87524.0,317.0,0.362,87761.75,87524.0,88463.844,0.2709,0.8,129.1971,0.0,-35.0,103.3577,-0.0,0.0,0.0,0.0,-0.0,0.0,0.0,SL_HIT,-1.0,SL_HIT,False,<0.50%
733,BTCUSD,SHORT,2026-01-21T19:00:00+00:00,2026-01-21T19:00:00+00:00,2026-01-22T15:00:00+00:00,90540.0,89713.5,826.5,0.915,89920.125,90540.0,89200.764,0.6894,0.8,50.7716,0.0,-35.0,40.6173,0.0,0.0,0.0,0.0,0.0,0.0,0.0,TP_HIT,1.1605,TP_HIT,False,0.60-0.70%
734,BTCUSD,LONG,2026-01-23T06:00:00+00:00,2026-01-23T06:00:00+00:00,2026-01-23T08:00:00+00:00,89544.5,89108.0,436.5,0.4878,89435.375,89108.0,90150.858,0.366,0.8,95.6163,0.0,-35.0,76.493,-0.0,0.0,0.0,0.0,-0.0,0.0,0.0,SL_HIT,-1.0,SL_HIT,False,<0.50%
735,XRPUSD,SHORT,2026-01-23T15:00:00+00:00,2026-01-23T15:00:00+00:00,2026-01-23T16:00:00+00:00,1.9348,1.9166,0.0182,0.9476,1.9212,1.9348,1.9058,0.7105,0.8,49.2603,0.0,-35.0,39.4082,-0.0,0.0,0.0,0.0,-0.0,0.0,0.0,SL_HIT,-1.0,SL_HIT,False,0.70-0.80%
736,ETHUSD,SHORT,2026-01-23T16:00:00+00:00,2026-01-23T16:00:00+00:00,2026-01-23T17:00:00+00:00,2984.3,2962.2,22.1,0.7449,2967.725,2984.3,2943.9832,0.5585,0.8,62.6669,0.0,-35.0,50.1335,-0.0,0.0,0.0,0.0,-0.0,0.0,0.0,SL_HIT,-1.0,SL_HIT,False,0.50-0.60%
737,XRPUSD,SHORT,2026-01-24T18:00:00+00:00,2026-01-24T18:00:00+00:00,2026-01-25T01:00:00+00:00,1.9236,1.9177,0.0059,0.3073,1.9192,1.9236,1.9038,0.2306,0.8,151.7992,0.0,-35.0,121.4393,0.0,0.0,0.0,0.0,0.0,0.0,0.0,TP_HIT,3.4697,TP_HIT,False,<0.50%
738,BTCUSD,SHORT,2026-01-27T02:00:00+00:00,2026-01-27T02:00:00+00:00,2026-01-27T04:00:00+00:00,88953.0,88619.0,334.0,0.3762,88702.5,88953.0,87992.88,0.2824,0.8,123.9356,0.0,-35.0,99.1485,-0.0,0.0,0.0,0.0,-0.0,0.0,0.0,SL_HIT,-1.0,SL_HIT,False,<0.50%
739,SOLUSD,SHORT,2026-01-27T15:00:00+00:00,2026-01-27T15:00:00+00:00,2026-01-27T16:00:00+00:00,125.183,124.4,0.783,0.6264,124.5958,125.183,123.599,0.4713,0.8,74.2589,0.0,-35.0,59.4071,-0.0,0.0,0.0,0.0,-0.0,0.0,0.0,SL_HIT,-1.0,SL_HIT,False,<0.50%
740,XRPUSD,SHORT,2026-01-27T16:00:00+00:00,2026-01-27T16:00:00+00:00,2026-01-27T17:00:00+00:00,1.9169,1.9063,0.0106,0.5541,1.909,1.9169,1.8937,0.4165,0.8,84.0418,0.0,-35.0,67.2335,0.0,0.0,0.0,0.0,0.0,0.0,0.0,TP_HIT,1.921,TP_HIT,False,<0.50%
741,SOLUSD,SHORT,2026-01-27T20:00:00+00:00,2026-01-27T20:00:00+00:00,2026-01-27T21:00:00+00:00,127.736,127.173,0.563,0.4419,127.3137,127.736,126.2952,0.3317,0.8,105.5295,0.0,-35.0,84.4236,-0.0,0.0,0.0,0.0,-0.0,0.0,0.0,SL_HIT,-1.0,SL_HIT,False,<0.50%
742,ETHUSD,SHORT,2026-01-28T02:00:00+00:00,2026-01-28T02:00:00+00:00,2026-01-28T11:00:00+00:00,3044.65,3007.9,36.75,1.2209,3017.0875,3044.65,2992.9508,0.9135,0.8,38.3122,0.0,-35.0,30.6498,-0.0,0.0,0.0,0.0,-0.0,0.0,0.0,SL_HIT,-1.0,SL_HIT_CONSERVATIVE_AMBIGUITY,False,0.80-1.00%
743,SOLUSD,LONG,2026-01-28T12:00:00+00:00,2026-01-28T12:00:00+00:00,2026-01-28T15:00:00+00:00,127.624,126.0,1.624,1.2765,127.218,126.0,128.2357,0.9574,0.8,36.5569,0.0,-35.0,29.2455,-0.0,0.0,0.0,0.0,-0.0,0.0,0.0,SL_HIT,-1.0,SL_HIT_CONSERVATIVE_AMBIGUITY,False,0.80-1.00%
744,BTCUSD,LONG,2026-01-29T08:00:00+00:00,2026-01-29T08:00:00+00:00,2026-01-29T14:00:00+00:00,88173.5,87538.5,635.0,0.7213,88014.75,87538.5,88718.868,0.5411,0.8,64.6828,0.0,-35.0,51.7462,-0.0,0.0,0.0,0.0,-0.0,0.0,0.0,SL_HIT,-1.0,SL_HIT,False,0.50-0.60%
745,SOLUSD,SHORT,2026-02-01T11:00:00+00:00,2026-02-01T11:00:00+00:00,2026-02-01T13:00:00+00:00,106.023,104.812,1.211,1.153,105.1148,106.023,104.2738,0.8641,0.8,40.5066,0.0,-35.0,32.4053,-0.0,0.0,0.0,0.0,-0.0,0.0,0.0,SL_HIT,-1.0,SL_HIT_CONSERVATIVE_AMBIGUITY,False,0.80-1.00%
746,XRPUSD,SHORT,2026-02-02T09:00:00+00:00,2026-02-02T09:00:00+00:00,2026-02-02T11:00:00+00:00,1.6259,1.6006,0.0253,1.5733,1.6069,1.6259,1.5941,1.1808,0.8,29.6403,0.0,-35.0,23.7122,-0.0,0.0,0.0,0.0,-0.0,0.0,0.0,SL_HIT,-1.0,SL_HIT,False,1.00-1.50%
747,BTCUSD,SHORT,2026-02-02T13:00:00+00:00,2026-02-02T13:00:00+00:00,2026-02-02T15:00:00+00:00,79202.0,78107.0,1095.0,1.4006,78380.75,79202.0,77753.704,1.0478,0.8,33.4043,0.0,-35.0,26.7234,-0.0,0.0,0.0,0.0,-0.0,0.0,0.0,SL_HIT,-1.0,SL_HIT_CONSERVATIVE_AMBIGUITY,False,1.00-1.50%
748,BTCUSD,SHORT,2026-02-03T03:00:00+00:00,2026-02-03T03:00:00+00:00,2026-02-03T06:00:00+00:00,79171.0,78684.5,486.5,0.618,78806.125,79171.0,78175.676,0.463,0.8,75.5934,0.0,-35.0,60.4747,0.0,0.0,0.0,0.0,0.0,0.0,0.0,TP_HIT,1.7278,TP_HIT,False,<0.50%
749,XRPUSD,SHORT,2026-02-03T15:00:00+00:00,2026-02-03T15:00:00+00:00,2026-02-03T16:00:00+00:00,1.6245,1.6115,0.013,0.8037,1.6147,1.6245,1.6018,0.6038,0.8,57.9654,0.0,-35.0,46.3723,0.0,0.0,0.0,0.0,0.0,0.0,0.0,TP_HIT,1.3249,TP_HIT,False,0.60-0.70%
750,BTCUSD,SHORT,2026-02-06T22:00:00+00:00,2026-02-06T22:00:00+00:00,2026-02-07T00:00:00+00:00,71950.0,71013.5,936.5,1.3129,71247.625,71950.0,70677.644,0.9858,0.8,35.5034,0.0,-35.0,28.4027,0.0,0.0,0.0,0.0,0.0,0.0,0.0,TP_HIT,0.8115,TP_HIT,False,0.80-1.00%
751,SOLUSD,SHORT,2026-02-07T17:00:00+00:00,2026-02-07T17:00:00+00:00,2026-02-07T18:00:00+00:00,89.005,87.253,1.752,1.9995,87.691,89.005,86.9895,1.4984,0.8,23.3576,0.0,-35.0,18.6861,-0.0,0.0,0.0,0.0,-0.0,0.0,0.0,SL_HIT,-1.0,SL_HIT_CONSERVATIVE_AMBIGUITY,True,1.00-1.50%
752,XRPUSD,LONG,2026-02-07T19:00:00+00:00,2026-02-07T19:00:00+00:00,2026-02-09T10:00:00+00:00,1.4399,1.3901,0.0498,3.482,1.4274,1.3901,1.4389,2.6166,0.8,13.3764,0.0,-35.0,10.7011,-0.0,0.0,0.0,0.0,-0.0,0.0,0.0,SL_HIT,-1.0,SL_HIT_CONSERVATIVE_AMBIGUITY,False,>1.50%
753,XRPUSD,SHORT,2026-02-09T15:00:00+00:00,2026-02-09T15:00:00+00:00,2026-02-09T16:00:00+00:00,1.4548,1.4403,0.0145,1.003,1.4439,1.4548,1.4324,0.7532,0.8,46.4711,0.0,-35.0,37.1769,-0.0,0.0,0.0,0.0,-0.0,0.0,0.0,SL_HIT,-1.0,SL_HIT_CONSERVATIVE_AMBIGUITY,True,0.70-0.80%
754,SOLUSD,SHORT,2026-02-09T16:00:00+00:00,2026-02-09T16:00:00+00:00,2026-02-10T18:00:00+00:00,89.0094,86.043,2.9664,3.4455,86.7846,89.0094,86.0903,2.5636,0.8,13.6527,0.0,-35.0,10.9222,0.0,0.0,0.0,0.0,0.0,0.0,0.0,TP_HIT,0.3121,TP_HIT,False,>1.50%
755,SOLUSD,SHORT,2026-02-12T07:00:00+00:00,2026-02-12T07:00:00+00:00,2026-02-12T09:00:00+00:00,81.8077,80.6505,1.1572,1.4329,80.9398,81.8077,80.2923,1.0723,0.8,32.6408,0.0,-35.0,26.1126,-0.0,0.0,0.0,0.0,-0.0,0.0,0.0,SL_HIT,-1.0,SL_HIT_CONSERVATIVE_AMBIGUITY,False,1.00-1.50%
756,BTCUSD,LONG,2026-02-12T15:00:00+00:00,2026-02-12T15:00:00+00:00,2026-02-12T16:00:00+00:00,67185.5,66646.5,539.0,0.8032,67050.75,66646.5,67587.156,0.6029,0.8,58.0526,0.0,-35.0,46.4421,-0.0,0.0,0.0,0.0,-0.0,0.0,0.0,SL_HIT,-1.0,SL_HIT,False,0.60-0.70%
757,ETHUSD,LONG,2026-02-14T12:00:00+00:00,2026-02-14T12:00:00+00:00,2026-02-15T12:00:00+00:00,2072.8,2030.55,42.25,2.0407,2062.2375,2030.55,2078.7354,1.5366,0.8,22.7782,0.0,-35.0,18.2225,-0.0,0.0,0.0,0.0,-0.0,0.0,0.0,SL_HIT,-1.0,SL_HIT_CONSERVATIVE_AMBIGUITY,False,>1.50%
758,BTCUSD,LONG,2026-02-15T12:00:00+00:00,2026-02-15T12:00:00+00:00,2026-02-15T13:00:00+00:00,69974.5,69219.0,755.5,1.0903,69785.625,69219.0,70343.91,0.812,0.8,43.1061,0.0,-35.0,34.4848,-0.0,0.0,0.0,0.0,-0.0,0.0,0.0,SL_HIT,-1.0,SL_HIT,False,0.80-1.00%
759,SOLUSD,SHORT,2026-02-16T12:00:00+00:00,2026-02-16T12:00:00+00:00,2026-02-16T13:00:00+00:00,86.665,86.053,0.612,0.7101,86.206,86.665,85.5164,0.5324,0.8,65.7344,0.0,-35.0,52.5875,-0.0,0.0,0.0,0.0,-0.0,0.0,0.0,SL_HIT,-1.0,SL_HIT_CONSERVATIVE_AMBIGUITY,True,0.50-0.60%
760,BTCUSD,LONG,2026-02-16T13:00:00+00:00,2026-02-16T13:00:00+00:00,2026-02-16T15:00:00+00:00,68445.0,68121.0,324.0,0.4739,68364.0,68121.0,68910.912,0.3555,0.8,98.4667,0.0,-35.0,78.7733,-0.0,0.0,0.0,0.0,-0.0,0.0,0.0,SL_HIT,-1.0,SL_HIT,False,<0.50%
761,XRPUSD,LONG,2026-02-16T15:00:00+00:00,2026-02-16T15:00:00+00:00,2026-02-17T14:00:00+00:00,1.475,1.4475,0.0275,1.8662,1.4681,1.4475,1.4799,1.4049,0.8,24.9136,0.0,-35.0,19.9309,-0.0,0.0,0.0,0.0,-0.0,0.0,0.0,SL_HIT,-1.0,SL_HIT_CONSERVATIVE_AMBIGUITY,False,1.00-1.50%
762,ETHUSD,LONG,2026-02-18T11:00:00+00:00,2026-02-18T11:00:00+00:00,2026-02-18T13:00:00+00:00,1983.35,1967.6,15.75,0.7953,1979.4125,1967.6,1995.2478,0.5968,0.8,58.6493,0.0,-35.0,46.9194,-0.0,0.0,0.0,0.0,-0.0,0.0,0.0,SL_HIT,-1.0,SL_HIT_CONSERVATIVE_AMBIGUITY,False,0.50-0.60%
763,BTCUSD,SHORT,2026-02-19T18:00:00+00:00,2026-02-19T18:00:00+00:00,2026-02-20T00:00:00+00:00,67308.5,67008.0,300.5,0.4484,67083.125,67308.5,66546.46,0.336,0.8,104.1779,0.0,-35.0,83.3423,-0.0,0.0,0.0,0.0,-0.0,0.0,0.0,SL_HIT,-1.0,SL_HIT,False,<0.50%
764,BTCUSD,LONG,2026-02-21T22:00:00+00:00,2026-02-21T22:00:00+00:00,2026-02-22T14:00:00+00:00,67977.5,67497.0,480.5,0.7072,67857.375,67497.0,68400.234,0.5311,0.8,65.9038,0.0,-35.0,52.723,-0.0,0.0,0.0,0.0,-0.0,0.0,0.0,SL_HIT,-1.0,SL_HIT_CONSERVATIVE_AMBIGUITY,False,0.50-0.60%
765,SOLUSD,LONG,2026-02-22T15:00:00+00:00,2026-02-22T15:00:00+00:00,2026-02-23T00:00:00+00:00,83.712,81.75,1.962,2.3499,83.2215,81.75,83.8873,1.7682,0.8,19.7944,0.0,-35.0,15.8356,-0.0,0.0,0.0,0.0,-0.0,0.0,0.0,SL_HIT,-1.0,SL_HIT_CONSERVATIVE_AMBIGUITY,False,>1.50%
766,SOLUSD,SHORT,2026-02-24T16:00:00+00:00,2026-02-24T16:00:00+00:00,2026-02-24T22:00:00+00:00,79.28,78.039,1.241,1.5886,78.3492,79.28,77.7225,1.188,0.8,29.4625,0.0,-35.0,23.57,-0.0,0.0,0.0,0.0,-0.0,0.0,0.0,SL_HIT,-1.0,SL_HIT_CONSERVATIVE_AMBIGUITY,False,1.00-1.50%
767,BTCUSD,LONG,2026-02-27T09:00:00+00:00,2026-02-27T09:00:00+00:00,2026-02-27T10:00:00+00:00,67352.0,66850.0,502.0,0.7456,67226.5,66850.0,67764.312,0.56,0.8,62.4948,0.0,-35.0,49.9958,-0.0,0.0,0.0,0.0,-0.0,0.0,0.0,SL_HIT,-1.0,SL_HIT,False,0.50-0.60%
768,XRPUSD,LONG,2026-02-27T14:00:00+00:00,2026-02-27T14:00:00+00:00,2026-02-27T15:00:00+00:00,1.3696,1.3523,0.0173,1.2733,1.3653,1.3523,1.3762,0.9504,0.8,36.8282,0.0,-35.0,29.4626,-0.0,0.0,0.0,0.0,-0.0,0.0,0.0,SL_HIT,-1.0,SL_HIT,False,0.80-1.00%
769,BTCUSD,LONG,2026-02-27T16:00:00+00:00,2026-02-27T16:00:00+00:00,2026-02-28T06:00:00+00:00,65487.0,64726.0,761.0,1.1626,65296.75,64726.0,65819.124,0.8741,0.8,40.0418,0.0,-35.0,32.0334,-0.0,0.0,0.0,0.0,-0.0,0.0,0.0,SL_HIT,-1.0,SL_HIT_CONSERVATIVE_AMBIGUITY,False,0.80-1.00%
770,BTCUSD,SHORT,2026-03-04T05:00:00+00:00,2026-03-04T05:00:00+00:00,2026-03-04T07:00:00+00:00,68891.5,67928.5,963.0,1.4124,68169.25,68891.5,67623.896,1.0595,0.8,33.0346,0.0,-35.0,26.4277,-0.0,0.0,0.0,0.0,-0.0,0.0,0.0,SL_HIT,-1.0,SL_HIT,False,1.00-1.50%
771,BTCUSD,SHORT,2026-03-04T08:00:00+00:00,2026-03-04T08:00:00+00:00,2026-03-04T09:00:00+00:00,71429.0,70582.5,846.5,1.1922,70794.125,71429.0,70227.772,0.8968,0.8,39.0281,0.0,-35.0,31.2225,-0.0,0.0,0.0,0.0,-0.0,0.0,0.0,SL_HIT,-1.0,SL_HIT,False,0.80-1.00%
772,BTCUSD,SHORT,2026-03-05T09:00:00+00:00,2026-03-05T09:00:00+00:00,2026-03-05T10:00:00+00:00,73300.0,72376.0,924.0,1.2733,72607.0,73300.0,72026.144,0.9545,0.8,36.6702,0.0,-35.0,29.3362,-0.0,0.0,0.0,0.0,-0.0,0.0,0.0,SL_HIT,-1.0,SL_HIT,False,0.80-1.00%
773,ETHUSD,LONG,2026-03-06T20:00:00+00:00,2026-03-06T20:00:00+00:00,2026-03-08T02:00:00+00:00,1979.8,1944.0,35.8,1.8101,1970.85,1944.0,1986.6168,1.3624,0.8,25.6908,0.0,-35.0,20.5526,-0.0,0.0,0.0,0.0,-0.0,0.0,0.0,SL_HIT,-1.0,SL_HIT_CONSERVATIVE_AMBIGUITY,False,1.00-1.50%
774,BTCUSD,SHORT,2026-03-08T07:00:00+00:00,2026-03-08T07:00:00+00:00,2026-03-08T08:00:00+00:00,67466.0,67148.5,317.5,0.4719,67227.875,67466.0,66690.052,0.3542,0.8,98.8126,0.0,-35.0,79.0501,-0.0,0.0,0.0,0.0,-0.0,0.0,0.0,SL_HIT,-1.0,SL_HIT,False,<0.50%
775,XRPUSD,SHORT,2026-03-08T10:00:00+00:00,2026-03-08T10:00:00+00:00,2026-03-08T12:00:00+00:00,1.3727,1.3646,0.0081,0.5924,1.3666,1.3727,1.3557,0.4445,0.8,78.7356,0.0,-35.0,62.9885,0.0,0.0,0.0,0.0,0.0,0.0,0.0,TP_HIT,1.7997,TP_HIT,False,<0.50%
776,BTCUSD,LONG,2026-03-08T16:00:00+00:00,2026-03-08T16:00:00+00:00,2026-03-08T22:00:00+00:00,67067.0,66516.5,550.5,0.8236,66929.375,66516.5,67464.81,0.6169,0.8,56.737,0.0,-35.0,45.3896,-0.0,0.0,0.0,0.0,-0.0,0.0,0.0,SL_HIT,-1.0,SL_HIT_CONSERVATIVE_AMBIGUITY,False,0.60-0.70%
777,BTCUSD,SHORT,2026-03-09T08:00:00+00:00,2026-03-09T08:00:00+00:00,2026-03-09T09:00:00+00:00,68176.0,67665.5,510.5,0.7532,67793.125,68176.0,67250.78,0.5648,0.8,61.9722,0.0,-35.0,49.5777,-0.0,0.0,0.0,0.0,-0.0,0.0,0.0,SL_HIT,-1.0,SL_HIT,False,0.50-0.60%
778,SOLUSD,LONG,2026-03-09T22:00:00+00:00,2026-03-09T22:00:00+00:00,2026-03-10T10:00:00+00:00,85.753,83.981,1.772,2.0671,85.31,83.981,85.9925,1.5578,0.8,22.4669,0.0,-35.0,17.9735,0.0,0.0,0.0,0.0,0.0,0.0,0.0,TP_HIT,0.5135,TP_HIT,False,>1.50%
779,XRPUSD,LONG,2026-03-10T11:00:00+00:00,2026-03-10T11:00:00+00:00,2026-03-10T14:00:00+00:00,1.3918,1.3693,0.0225,1.6185,1.3862,1.3693,1.3973,1.2174,0.8,28.7503,0.0,-35.0,23.0002,0.0,0.0,0.0,0.0,0.0,0.0,0.0,TP_HIT,0.6571,TP_HIT,False,1.00-1.50%
780,SOLUSD,LONG,2026-03-10T21:00:00+00:00,2026-03-10T21:00:00+00:00,2026-03-11T09:00:00+00:00,85.963,84.832,1.131,1.32,85.6803,84.832,86.3657,0.99,0.8,35.3529,0.0,-35.0,28.2823,-0.0,0.0,0.0,0.0,-0.0,0.0,0.0,SL_HIT,-1.0,SL_HIT_CONSERVATIVE_AMBIGUITY,False,0.80-1.00%
781,BTCUSD,LONG,2026-03-12T02:00:00+00:00,2026-03-12T02:00:00+00:00,2026-03-12T11:00:00+00:00,69751.5,68940.0,811.5,1.1718,69548.625,68940.0,70105.014,0.8751,0.8,39.9951,0.0,-35.0,31.9961,0.0,0.0,0.0,0.0,0.0,0.0,0.0,TP_HIT,0.9142,TP_HIT,False,0.80-1.00%
782,ETHUSD,LONG,2026-03-13T17:00:00+00:00,2026-03-13T17:00:00+00:00,2026-03-13T22:00:00+00:00,2112.4,2089.35,23.05,1.0963,2106.6375,2089.35,2123.4906,0.8206,0.8,42.6507,0.0,-35.0,34.1205,-0.0,0.0,0.0,0.0,-0.0,0.0,0.0,SL_HIT,-1.0,SL_HIT_CONSERVATIVE_AMBIGUITY,False,0.80-1.00%
783,ETHUSD,LONG,2026-03-14T06:00:00+00:00,2026-03-14T06:00:00+00:00,2026-03-15T20:00:00+00:00,2081.95,2038.05,43.9,2.1132,2070.975,2038.05,2087.5428,1.5898,0.8,22.0149,0.0,-35.0,17.6119,0.0,0.0,0.0,0.0,0.0,0.0,0.0,TP_HIT,0.5032,TP_HIT,False,>1.50%
784,ETHUSD,SHORT,2026-03-16T09:00:00+00:00,2026-03-16T09:00:00+00:00,2026-03-16T12:00:00+00:00,2295.3,2247.95,47.35,2.0951,2259.7875,2295.3,2241.7092,1.5715,0.8,22.2718,0.0,-35.0,17.8174,-0.0,0.0,0.0,0.0,-0.0,0.0,0.0,SL_HIT,-1.0,SL_HIT,False,>1.50%
785,SOLUSD,LONG,2026-03-17T04:00:00+00:00,2026-03-17T04:00:00+00:00,2026-03-17T18:00:00+00:00,94.04,92.596,1.444,1.54,93.679,92.596,94.4284,1.1561,0.8,30.2748,0.0,-35.0,24.2199,0.0,0.0,0.0,0.0,0.0,0.0,0.0,TP_HIT,0.692,TP_HIT,False,1.00-1.50%
786,SOLUSD,LONG,2026-03-18T05:00:00+00:00,2026-03-18T05:00:00+00:00,2026-03-18T11:00:00+00:00,94.078,93.174,0.904,0.9626,93.852,93.174,94.6028,0.7224,0.8,48.4487,0.0,-35.0,38.7589,-0.0,0.0,0.0,0.0,-0.0,0.0,0.0,SL_HIT,-1.0,SL_HIT_CONSERVATIVE_AMBIGUITY,False,0.70-0.80%
787,SOLUSD,LONG,2026-03-19T04:00:00+00:00,2026-03-19T04:00:00+00:00,2026-03-19T05:00:00+00:00,90.166,89.684,0.482,0.5361,90.0455,89.684,90.7659,0.4015,0.8,87.181,0.0,-35.0,69.7448,-0.0,0.0,0.0,0.0,-0.0,0.0,0.0,SL_HIT,-1.0,SL_HIT,False,<0.50%
788,SOLUSD,LONG,2026-03-19T12:00:00+00:00,2026-03-19T12:00:00+00:00,2026-03-19T15:00:00+00:00,88.397,87.353,1.044,1.1848,88.136,87.353,88.8411,0.8884,0.8,39.3967,0.0,-35.0,31.5173,-0.0,0.0,0.0,0.0,-0.0,0.0,0.0,SL_HIT,-1.0,SL_HIT_CONSERVATIVE_AMBIGUITY,False,0.80-1.00%
789,ETHUSD,LONG,2026-03-20T09:00:00+00:00,2026-03-20T09:00:00+00:00,2026-03-20T14:00:00+00:00,2152.95,2120.9,32.05,1.4973,2144.9375,2120.9,2162.097,1.1207,0.8,31.2315,0.0,-35.0,24.9852,-0.0,0.0,0.0,0.0,-0.0,0.0,0.0,SL_HIT,-1.0,SL_HIT_CONSERVATIVE_AMBIGUITY,False,1.00-1.50%
790,SOLUSD,SHORT,2026-03-21T20:00:00+00:00,2026-03-21T20:00:00+00:00,2026-03-21T23:00:00+00:00,90.4,89.984,0.416,0.4615,90.088,90.4,89.3673,0.3463,0.8,101.0603,0.0,-35.0,80.8482,0.0,0.0,0.0,0.0,0.0,0.0,0.0,TP_HIT,2.3099,TP_HIT,False,<0.50%
791,XRPUSD,LONG,2026-03-22T15:00:00+00:00,2026-03-22T15:00:00+00:00,2026-03-22T18:00:00+00:00,1.3943,1.3839,0.0104,0.7471,1.3917,1.3839,1.4028,0.5605,0.8,62.4481,0.0,-35.0,49.9585,-0.0,0.0,0.0,0.0,-0.0,0.0,0.0,SL_HIT,-1.0,SL_HIT,False,0.50-0.60%
792,BTCUSD,SHORT,2026-03-23T05:00:00+00:00,2026-03-23T05:00:00+00:00,2026-03-23T06:00:00+00:00,68990.0,68679.5,310.5,0.4508,68757.125,68990.0,68207.068,0.3387,0.8,103.3387,0.0,-35.0,82.6709,0.0,0.0,0.0,0.0,0.0,0.0,0.0,TP_HIT,2.362,TP_HIT,False,<0.50%
793,XRPUSD,SHORT,2026-03-23T14:00:00+00:00,2026-03-23T14:00:00+00:00,2026-03-23T15:00:00+00:00,1.466,1.453,0.013,0.8932,1.4563,1.466,1.4446,0.6695,0.8,52.2756,0.0,-35.0,41.8205,0.0,0.0,0.0,0.0,0.0,0.0,0.0,TP_HIT,1.1949,TP_HIT,False,0.60-0.70%
794,BTCUSD,SHORT,2026-03-24T23:00:00+00:00,2026-03-24T23:00:00+00:00,2026-03-25T08:00:00+00:00,71385.0,70450.0,935.0,1.3257,70683.75,71385.0,70118.28,0.9921,0.8,35.2789,0.0,-35.0,28.2231,-0.0,0.0,0.0,0.0,-0.0,0.0,0.0,SL_HIT,-1.0,SL_HIT_CONSERVATIVE_AMBIGUITY,False,0.80-1.00%
795,SOLUSD,LONG,2026-03-25T14:00:00+00:00,2026-03-25T14:00:00+00:00,2026-03-25T15:00:00+00:00,92.506,91.765,0.741,0.8059,92.3208,91.765,93.0593,0.602,0.8,58.1417,0.0,-35.0,46.5134,-0.0,0.0,0.0,0.0,-0.0,0.0,0.0,SL_HIT,-1.0,SL_HIT,False,0.60-0.70%
796,BTCUSD,LONG,2026-03-28T23:00:00+00:00,2026-03-28T23:00:00+00:00,2026-03-29T03:00:00+00:00,66388.5,66093.5,295.0,0.4446,66314.75,66093.5,66845.268,0.3336,0.8,104.9047,0.0,-35.0,83.9238,0.0,0.0,0.0,0.0,0.0,0.0,0.0,TP_HIT,2.3978,TP_HIT,False,<0.50%
797,SOLUSD,LONG,2026-03-29T12:00:00+00:00,2026-03-29T12:00:00+00:00,2026-03-29T17:00:00+00:00,82.452,81.169,1.283,1.5564,82.1312,81.169,82.7883,1.1716,0.8,29.8737,0.0,-35.0,23.8989,-0.0,0.0,0.0,0.0,-0.0,0.0,0.0,SL_HIT,-1.0,SL_HIT_CONSERVATIVE_AMBIGUITY,False,1.00-1.50%
798,SOLUSD,SHORT,2026-03-30T01:00:00+00:00,2026-03-30T01:00:00+00:00,2026-03-30T02:00:00+00:00,83.222,82.681,0.541,0.6542,82.8162,83.222,82.1537,0.4899,0.8,71.4373,0.0,-35.0,57.1498,-0.0,0.0,0.0,0.0,-0.0,0.0,0.0,SL_HIT,-1.0,SL_HIT,False,<0.50%
799,SOLUSD,SHORT,2026-03-30T02:00:00+00:00,2026-03-30T02:00:00+00:00,2026-03-30T07:00:00+00:00,84.283,83.171,1.112,1.3344,83.449,84.283,82.7814,0.9994,0.8,35.0206,0.0,-35.0,28.0165,-0.0,0.0,0.0,0.0,-0.0,0.0,0.0,SL_HIT,-1.0,SL_HIT_CONSERVATIVE_AMBIGUITY,False,0.80-1.00%
800,SOLUSD,LONG,2026-04-01T09:00:00+00:00,2026-04-01T09:00:00+00:00,2026-04-01T16:00:00+00:00,83.482,82.181,1.301,1.5603,83.1568,82.181,83.822,1.1734,0.8,29.8282,0.0,-35.0,23.8626,0.0,0.0,0.0,0.0,0.0,0.0,0.0,TP_HIT,0.6818,TP_HIT,False,1.00-1.50%
801,BTCUSD,LONG,2026-04-02T11:00:00+00:00,2026-04-02T11:00:00+00:00,2026-04-02T13:00:00+00:00,66357.5,65826.5,531.0,0.8023,66224.75,65826.5,66754.548,0.6014,0.8,58.2013,0.0,-35.0,46.561,-0.0,0.0,0.0,0.0,-0.0,0.0,0.0,SL_HIT,-1.0,SL_HIT,False,0.60-0.70%
802,BTCUSD,SHORT,2026-04-03T06:00:00+00:00,2026-04-03T06:00:00+00:00,2026-04-03T07:00:00+00:00,67081.0,66766.5,314.5,0.471,66845.125,67081.0,66310.364,0.3529,0.8,99.1873,0.0,-35.0,79.3498,-0.0,0.0,0.0,0.0,-0.0,0.0,0.0,SL_HIT,-1.0,SL_HIT,False,<0.50%
803,SOLUSD,LONG,2026-04-03T12:00:00+00:00,2026-04-03T12:00:00+00:00,2026-04-03T15:00:00+00:00,79.6,78.8423,0.7577,0.9551,79.4106,78.8423,80.0459,0.7156,0.8,48.9089,0.0,-35.0,39.1271,0.0,0.0,0.0,0.0,0.0,0.0,0.0,TP_HIT,1.1179,TP_HIT,False,0.70-0.80%
804,ETHUSD,LONG,2026-04-03T22:00:00+00:00,2026-04-03T22:00:00+00:00,2026-04-04T19:00:00+00:00,2054.95,2043.0,11.95,0.5825,2051.9625,2043.0,2068.3782,0.4368,0.8,80.1324,0.0,-35.0,64.1059,0.0,0.0,0.0,0.0,0.0,0.0,0.0,TP_HIT,1.8316,TP_HIT,False,<0.50%
805,SOLUSD,LONG,2026-04-05T04:00:00+00:00,2026-04-05T04:00:00+00:00,2026-04-05T06:00:00+00:00,80.3843,79.5953,0.789,0.9823,80.187,79.5953,80.8285,0.738,0.8,47.4279,0.0,-35.0,37.9423,-0.0,0.0,0.0,0.0,-0.0,0.0,0.0,SL_HIT,-1.0,SL_HIT,False,0.70-0.80%
806,ETHUSD,LONG,2026-04-06T12:00:00+00:00,2026-04-06T12:00:00+00:00,2026-04-06T22:00:00+00:00,2147.7,2114.0,33.7,1.5726,2139.275,2114.0,2156.3892,1.1815,0.8,29.624,0.0,-35.0,23.6992,-0.0,0.0,0.0,0.0,-0.0,0.0,0.0,SL_HIT,-1.0,SL_HIT_CONSERVATIVE_AMBIGUITY,False,1.00-1.50%
807,SOLUSD,LONG,2026-04-07T06:00:00+00:00,2026-04-07T06:00:00+00:00,2026-04-07T11:00:00+00:00,80.33,78.969,1.361,1.7115,79.9898,78.969,80.6297,1.2761,0.8,27.4273,0.0,-35.0,21.9418,-0.0,0.0,0.0,0.0,-0.0,0.0,0.0,SL_HIT,-1.0,SL_HIT_CONSERVATIVE_AMBIGUITY,False,1.00-1.50%
808,BTCUSD,SHORT,2026-04-07T19:00:00+00:00,2026-04-07T19:00:00+00:00,2026-04-07T20:00:00+00:00,69226.0,68906.5,319.5,0.4632,68986.375,69226.0,68434.484,0.3474,0.8,100.7626,0.0,-35.0,80.6101,-0.0,0.0,0.0,0.0,-0.0,0.0,0.0,SL_HIT,-1.0,SL_HIT,False,<0.50%
809,ETHUSD,SHORT,2026-04-07T20:00:00+00:00,2026-04-07T20:00:00+00:00,2026-04-07T21:00:00+00:00,2133.5,2113.75,19.75,0.9338,2118.6875,2133.5,2101.738,0.6991,0.8,50.0618,0.0,-35.0,40.0495,-0.0,0.0,0.0,0.0,-0.0,0.0,0.0,SL_HIT,-1.0,SL_HIT,False,0.60-0.70%
810,BTCUSD,SHORT,2026-04-08T16:00:00+00:00,2026-04-08T16:00:00+00:00,2026-04-08T23:00:00+00:00,72171.5,71550.0,621.5,0.8684,71705.375,72171.5,71131.732,0.6501,0.8,53.8415,0.0,-35.0,43.0732,0.0,0.0,0.0,0.0,0.0,0.0,0.0,TP_HIT,1.2307,TP_HIT,False,0.60-0.70%
811,ETHUSD,SHORT,2026-04-09T20:00:00+00:00,2026-04-09T20:00:00+00:00,2026-04-09T22:00:00+00:00,2239.05,2212.2,26.85,1.2135,2218.9125,2239.05,2201.1612,0.9075,0.8,38.5658,0.0,-35.0,30.8527,-0.0,0.0,0.0,0.0,-0.0,0.0,0.0,SL_HIT,-1.0,SL_HIT_CONSERVATIVE_AMBIGUITY,False,0.80-1.00%
812,BTCUSD,SHORT,2026-04-10T09:00:00+00:00,2026-04-10T09:00:00+00:00,2026-04-10T12:00:00+00:00,72358.5,71629.0,729.5,1.0167,71811.375,72358.5,71236.884,0.7619,0.8,45.9383,0.0,-35.0,36.7506,-0.0,0.0,0.0,0.0,-0.0,0.0,0.0,SL_HIT,-1.0,SL_HIT,False,0.70-0.80%
813,SOLUSD,LONG,2026-04-12T01:00:00+00:00,2026-04-12T01:00:00+00:00,2026-04-12T14:00:00+00:00,82.322,81.42,0.902,1.0961,82.0965,81.42,82.7533,0.824,0.8,42.4742,0.0,-35.0,33.9793,-0.0,0.0,0.0,0.0,-0.0,0.0,0.0,SL_HIT,-1.0,SL_HIT_CONSERVATIVE_AMBIGUITY,False,0.80-1.00%
814,BTCUSD,LONG,2026-04-12T18:00:00+00:00,2026-04-12T18:00:00+00:00,2026-04-12T22:00:00+00:00,71226.5,70495.0,731.5,1.0316,71043.625,70495.0,71611.974,0.7722,0.8,45.3229,0.0,-35.0,36.2583,-0.0,0.0,0.0,0.0,-0.0,0.0,0.0,SL_HIT,-1.0,SL_HIT_CONSERVATIVE_AMBIGUITY,False,0.70-0.80%
815,XRPUSD,LONG,2026-04-14T16:00:00+00:00,2026-04-14T16:00:00+00:00,2026-04-14T18:00:00+00:00,1.3709,1.3644,0.0065,0.4752,1.3693,1.3644,1.3802,0.356,0.8,98.3069,0.0,-35.0,78.6455,-0.0,0.0,0.0,0.0,-0.0,0.0,0.0,SL_HIT,-1.0,SL_HIT,False,<0.50%
816,XRPUSD,SHORT,2026-04-15T11:00:00+00:00,2026-04-15T11:00:00+00:00,2026-04-15T12:00:00+00:00,1.366,1.3571,0.0089,0.653,1.3593,1.366,1.3485,0.4911,0.8,71.2755,0.0,-35.0,57.0204,-0.0,0.0,0.0,0.0,-0.0,0.0,0.0,SL_HIT,-1.0,SL_HIT,False,<0.50%
817,XRPUSD,SHORT,2026-04-15T13:00:00+00:00,2026-04-15T13:00:00+00:00,2026-04-15T15:00:00+00:00,1.3804,1.3657,0.0147,1.0756,1.3694,1.3804,1.3584,0.8051,0.8,43.4722,0.0,-35.0,34.7778,-0.0,0.0,0.0,0.0,-0.0,0.0,0.0,SL_HIT,-1.0,SL_HIT_CONSERVATIVE_AMBIGUITY,False,0.80-1.00%
818,BTCUSD,SHORT,2026-04-16T12:00:00+00:00,2026-04-16T12:00:00+00:00,2026-04-16T13:00:00+00:00,75240.0,74563.5,676.5,0.907,74732.625,75240.0,74134.764,0.6789,0.8,51.5524,0.0,-35.0,41.242,0.0,0.0,0.0,0.0,0.0,0.0,0.0,TP_HIT,1.1783,TP_HIT,False,0.60-0.70%
819,XRPUSD,LONG,2026-04-18T11:00:00+00:00,2026-04-18T11:00:00+00:00,2026-04-19T05:00:00+00:00,1.431,1.422,0.009,0.629,1.4287,1.422,1.4402,0.4724,0.8,74.0833,0.0,-35.0,59.2667,0.0,0.0,0.0,0.0,0.0,0.0,0.0,TP_HIT,1.6933,TP_HIT,False,<0.50%
820,XRPUSD,SHORT,2026-04-19T11:00:00+00:00,2026-04-19T11:00:00+00:00,2026-04-19T13:00:00+00:00,1.4426,1.4288,0.0138,0.9658,1.4323,1.4426,1.4208,0.7226,0.8,48.4336,0.0,-35.0,38.7469,-0.0,0.0,0.0,0.0,-0.0,0.0,0.0,SL_HIT,-1.0,SL_HIT_CONSERVATIVE_AMBIGUITY,False,0.70-0.80%
821,BTCUSD,LONG,2026-04-19T16:00:00+00:00,2026-04-19T16:00:00+00:00,2026-04-19T17:00:00+00:00,75363.5,74829.5,534.0,0.7087,75230.0,74829.5,75831.84,0.5324,0.8,65.7441,0.0,-35.0,52.5953,-0.0,0.0,0.0,0.0,-0.0,0.0,0.0,SL_HIT,-1.0,SL_HIT,False,0.50-0.60%
822,BTCUSD,LONG,2026-04-19T17:00:00+00:00,2026-04-19T17:00:00+00:00,2026-04-19T20:00:00+00:00,74777.5,74491.5,286.0,0.3826,74706.0,74491.5,75303.648,0.2871,0.8,121.8979,0.0,-35.0,97.5183,-0.0,0.0,0.0,0.0,-0.0,0.0,0.0,SL_HIT,-1.0,SL_HIT,False,<0.50%
823,BTCUSD,LONG,2026-04-19T22:00:00+00:00,2026-04-19T22:00:00+00:00,2026-04-20T07:00:00+00:00,74163.5,73394.5,769.0,1.0391,73971.25,73394.5,74563.02,0.7797,0.8,44.8894,0.0,-35.0,35.9115,0.0,0.0,0.0,0.0,0.0,0.0,0.0,TP_HIT,1.026,TP_HIT,False,0.70-0.80%
824,BTCUSD,SHORT,2026-04-20T15:00:00+00:00,2026-04-20T15:00:00+00:00,2026-04-20T18:00:00+00:00,76199.0,75504.5,694.5,0.9178,75678.125,76199.0,75072.7,0.6883,0.8,50.8516,0.0,-35.0,40.6813,-0.0,0.0,0.0,0.0,-0.0,0.0,0.0,SL_HIT,-1.0,SL_HIT_CONSERVATIVE_AMBIGUITY,False,0.60-0.70%
825,ETHUSD,SHORT,2026-04-20T18:00:00+00:00,2026-04-20T18:00:00+00:00,2026-04-20T23:00:00+00:00,2348.9,2328.7,20.2,0.8659,2333.75,2348.9,2315.08,0.6492,0.8,53.915,0.0,-35.0,43.132,0.0,0.0,0.0,0.0,0.0,0.0,0.0,TP_HIT,1.2323,TP_HIT,False,0.60-0.70%
826,BTCUSD,LONG,2026-04-21T14:00:00+00:00,2026-04-21T14:00:00+00:00,2026-04-21T15:00:00+00:00,75680.0,75436.0,244.0,0.3226,75619.0,75436.0,76223.952,0.242,0.8,144.6265,0.0,-35.0,115.7012,-0.0,0.0,0.0,0.0,-0.0,0.0,0.0,SL_HIT,-1.0,SL_HIT,False,<0.50%
827,XRPUSD,LONG,2026-04-21T19:00:00+00:00,2026-04-21T19:00:00+00:00,2026-04-21T23:00:00+00:00,1.417,1.407,0.01,0.7079,1.4145,1.407,1.4258,0.5302,0.8,66.01,0.0,-35.0,52.808,0.0,0.0,0.0,0.0,0.0,0.0,0.0,TP_HIT,1.5088,TP_HIT,False,0.50-0.60%
828,BTCUSD,SHORT,2026-04-21T23:00:00+00:00,2026-04-21T23:00:00+00:00,2026-04-22T02:00:00+00:00,76859.5,76025.0,834.5,1.0939,76233.625,76859.5,75623.756,0.821,0.8,42.6311,0.0,-35.0,34.1049,-0.0,0.0,0.0,0.0,-0.0,0.0,0.0,SL_HIT,-1.0,SL_HIT,False,0.80-1.00%
829,XRPUSD,SHORT,2026-04-22T02:00:00+00:00,2026-04-22T02:00:00+00:00,2026-04-22T03:00:00+00:00,1.4489,1.4369,0.012,0.8287,1.4399,1.4489,1.4284,0.625,0.8,55.9961,0.0,-35.0,44.7969,-0.0,0.0,0.0,0.0,-0.0,0.0,0.0,SL_HIT,-1.0,SL_HIT,False,0.60-0.70%
830,ETHUSD,LONG,2026-04-22T16:00:00+00:00,2026-04-22T16:00:00+00:00,2026-04-22T23:00:00+00:00,2393.0,2381.9,11.1,0.4653,2390.225,2381.9,2409.3468,0.3483,0.8,100.4899,0.0,-35.0,80.392,-0.0,0.0,0.0,0.0,-0.0,0.0,0.0,SL_HIT,-1.0,SL_HIT,False,<0.50%
831,XRPUSD,LONG,2026-04-23T00:00:00+00:00,2026-04-23T00:00:00+00:00,2026-04-23T03:00:00+00:00,1.431,1.4107,0.0203,1.4218,1.4259,1.4107,1.4373,1.0677,0.8,32.7799,0.0,-35.0,26.2239,-0.0,0.0,0.0,0.0,-0.0,0.0,0.0,TIMEOUT_EXIT,-0.4236,TIMEOUT_EXIT,False,1.00-1.50%
832,SOLUSD,LONG,2026-04-23T08:00:00+00:00,2026-04-23T08:00:00+00:00,2026-04-26T08:00:00+00:00,85.722,84.31,1.412,1.6476,85.369,84.31,86.052,1.2405,0.8,28.2145,0.0,-35.0,22.5716,0.0,0.0,0.0,0.0,0.0,0.0,0.0,TP_HIT,0.6449,TP_HIT,False,1.00-1.50%
833,SOLUSD,SHORT,2026-04-26T11:00:00+00:00,2026-04-26T11:00:00+00:00,2026-04-26T18:00:00+00:00,86.814,86.302,0.512,0.5919,86.43,86.814,85.7386,0.4443,0.8,78.7773,0.0,-35.0,63.0219,-0.0,0.0,0.0,0.0,-0.0,0.0,0.0,SL_HIT,-1.0,SL_HIT,False,<0.50%
834,XRPUSD,LONG,2026-04-27T07:00:00+00:00,2026-04-27T07:00:00+00:00,2026-04-27T13:00:00+00:00,1.4156,1.4081,0.0075,0.5306,1.4137,1.4081,1.425,0.3979,0.8,87.9651,0.0,-35.0,70.3721,-0.0,0.0,0.0,0.0,-0.0,0.0,0.0,SL_HIT,-1.0,SL_HIT,False,<0.50%
835,SOLUSD,SHORT,2026-04-29T03:00:00+00:00,2026-04-29T03:00:00+00:00,2026-04-29T04:00:00+00:00,84.933,84.582,0.351,0.4149,84.6697,84.933,83.9924,0.3109,0.8,112.5714,0.0,-35.0,90.0571,-0.0,0.0,0.0,0.0,-0.0,0.0,0.0,SL_HIT,-1.0,SL_HIT,False,<0.50%
836,BTCUSD,SHORT,2026-04-29T04:00:00+00:00,2026-04-29T04:00:00+00:00,2026-04-29T09:00:00+00:00,77450.0,77171.0,279.0,0.3613,77240.75,77450.0,76622.824,0.2709,0.8,129.196,0.0,-35.0,103.3568,-0.0,0.0,0.0,0.0,-0.0,0.0,0.0,SL_HIT,-1.0,SL_HIT,False,<0.50%
837,XRPUSD,LONG,2026-04-29T12:00:00+00:00,2026-04-29T12:00:00+00:00,2026-04-29T13:00:00+00:00,1.3834,1.3763,0.0071,0.5136,1.3816,1.3763,1.3927,0.3854,0.8,90.811,0.0,-35.0,72.6488,-0.0,0.0,0.0,0.0,-0.0,0.0,0.0,SL_HIT,-1.0,SL_HIT,False,<0.50%
838,BTCUSD,LONG,2026-04-29T15:00:00+00:00,2026-04-29T15:00:00+00:00,2026-04-29T18:00:00+00:00,76177.5,75637.5,540.0,0.7115,76042.5,75637.5,76650.84,0.5326,0.8,65.7157,0.0,-35.0,52.5726,-0.0,0.0,0.0,0.0,-0.0,0.0,0.0,SL_HIT,-1.0,SL_HIT,False,0.50-0.60%
839,SOLUSD,LONG,2026-05-01T14:00:00+00:00,2026-05-01T14:00:00+00:00,2026-05-01T20:00:00+00:00,84.413,83.561,0.852,1.0116,84.2,83.561,84.8736,0.7589,0.8,46.1189,0.0,-35.0,36.8951,-0.0,0.0,0.0,0.0,-0.0,0.0,0.0,SL_HIT,-1.0,SL_HIT_CONSERVATIVE_AMBIGUITY,False,0.70-0.80%
840,ETHUSD,LONG,2026-05-02T17:00:00+00:00,2026-05-02T17:00:00+00:00,2026-05-02T21:00:00+00:00,2307.2,2293.95,13.25,0.5749,2303.8875,2293.95,2322.3186,0.4313,0.8,81.1432,0.0,-35.0,64.9146,0.0,0.0,0.0,0.0,0.0,0.0,0.0,TP_HIT,1.8547,TP_HIT,False,<0.50%
841,BTCUSD,LONG,2026-05-03T01:00:00+00:00,2026-05-03T01:00:00+00:00,2026-05-03T09:00:00+00:00,78200.5,77991.0,209.5,0.2679,78148.125,77991.0,78773.31,0.2011,0.8,174.077,0.0,-35.0,139.2616,0.0,0.0,0.0,0.0,0.0,0.0,0.0,TIMEOUT_EXIT,1.9554,TIMEOUT_EXIT,False,<0.50%
842,BTCUSD,SHORT,2026-05-03T17:00:00+00:00,2026-05-03T17:00:00+00:00,2026-05-04T01:00:00+00:00,79453.5,78683.5,770.0,0.9785,78876.0,79453.5,78244.992,0.7322,0.8,47.8036,0.0,-35.0,38.2429,-0.0,0.0,0.0,0.0,-0.0,0.0,0.0,SL_HIT,-1.0,SL_HIT_CONSERVATIVE_AMBIGUITY,False,0.70-0.80%
843,ETHUSD,SHORT,2026-05-05T10:00:00+00:00,2026-05-05T10:00:00+00:00,2026-05-06T09:00:00+00:00,2403.4,2376.15,27.25,1.1463,2382.9625,2403.4,2363.8988,0.8577,0.8,40.8091,0.0,-35.0,32.6473,-0.0,0.0,0.0,0.0,-0.0,0.0,0.0,SL_HIT,-1.0,SL_HIT_CONSERVATIVE_AMBIGUITY,False,0.80-1.00%
844,ETHUSD,LONG,2026-05-06T13:00:00+00:00,2026-05-06T13:00:00+00:00,2026-05-06T14:00:00+00:00,2380.75,2352.45,28.3,1.1954,2373.675,2352.45,2392.6644,0.8942,0.8,39.1419,0.0,-35.0,31.3135,-0.0,0.0,0.0,0.0,-0.0,0.0,0.0,SL_HIT,-1.0,SL_HIT,False,0.80-1.00%
845,ETHUSD,LONG,2026-05-06T17:00:00+00:00,2026-05-06T17:00:00+00:00,2026-05-06T18:00:00+00:00,2352.85,2343.5,9.35,0.3982,2350.5125,2343.5,2369.3166,0.2983,0.8,117.3161,0.0,-35.0,93.8529,-0.0,0.0,0.0,0.0,-0.0,0.0,0.0,SL_HIT,-1.0,SL_HIT,False,<0.50%
846,BTCUSD,LONG,2026-05-07T00:00:00+00:00,2026-05-07T00:00:00+00:00,2026-05-07T04:00:00+00:00,81225.5,80686.0,539.5,0.6663,81090.625,80686.0,81739.35,0.499,0.8,70.1433,0.0,-35.0,56.1146,-0.0,0.0,0.0,0.0,-0.0,0.0,0.0,SL_HIT,-1.0,SL_HIT,False,<0.50%
847,SOLUSD,LONG,2026-05-07T14:00:00+00:00,2026-05-07T14:00:00+00:00,2026-05-07T16:00:00+00:00,88.155,87.623,0.532,0.6035,88.022,87.623,88.7262,0.4533,0.8,77.2123,0.0,-35.0,61.7698,0.0,0.0,0.0,0.0,0.0,0.0,0.0,TP_HIT,1.7649,TP_HIT,False,<0.50%
848,BTCUSD,SHORT,2026-05-08T08:00:00+00:00,2026-05-08T08:00:00+00:00,2026-05-08T12:00:00+00:00,80335.0,79809.5,525.5,0.6581,79940.875,80335.0,79301.348,0.493,0.8,70.9909,0.0,-35.0,56.7928,-0.0,0.0,0.0,0.0,-0.0,0.0,0.0,SL_HIT,-1.0,SL_HIT,False,<0.50%
849,SOLUSD,SHORT,2026-05-09T00:00:00+00:00,2026-05-09T00:00:00+00:00,2026-05-09T01:00:00+00:00,93.49,92.456,1.034,1.1182,92.7145,93.49,91.9728,0.8364,0.8,41.8441,0.0,-35.0,33.4753,-0.0,0.0,0.0,0.0,-0.0,0.0,0.0,SL_HIT,-1.0,SL_HIT,False,0.80-1.00%
850,XRPUSD,LONG,2026-05-09T14:00:00+00:00,2026-05-09T14:00:00+00:00,2026-05-09T16:00:00+00:00,1.4186,1.4107,0.0079,0.5583,1.4166,1.4107,1.428,0.4182,0.8,83.6825,0.0,-35.0,66.946,-0.0,0.0,0.0,0.0,-0.0,0.0,0.0,SL_HIT,-1.0,SL_HIT,False,<0.50%
851,SOLUSD,SHORT,2026-05-09T17:00:00+00:00,2026-05-09T17:00:00+00:00,2026-05-10T08:00:00+00:00,94.1,93.196,0.904,0.97,93.422,94.1,92.6746,0.7257,0.8,48.2267,0.0,-35.0,38.5814,-0.0,0.0,0.0,0.0,-0.0,0.0,0.0,SL_HIT,-1.0,SL_HIT_CONSERVATIVE_AMBIGUITY,False,0.70-0.80%
852,ETHUSD,SHORT,2026-05-10T13:00:00+00:00,2026-05-10T13:00:00+00:00,2026-05-10T14:00:00+00:00,2332.9,2325.8,7.1,0.3049,2327.575,2332.9,2308.9544,0.2288,0.8,152.9862,0.0,-35.0,122.3889,-0.0,0.0,0.0,0.0,-0.0,0.0,0.0,SL_HIT,-1.0,SL_HIT,False,<0.50%
853,ETHUSD,SHORT,2026-05-10T15:00:00+00:00,2026-05-10T15:00:00+00:00,2026-05-10T17:00:00+00:00,2356.05,2343.6,12.45,0.5305,2346.7125,2356.05,2327.9388,0.3979,0.8,87.9624,0.0,-35.0,70.37,-0.0,0.0,0.0,0.0,-0.0,0.0,0.0,SL_HIT,-1.0,SL_HIT,False,<0.50%
854,ETHUSD,SHORT,2026-05-11T15:00:00+00:00,2026-05-11T15:00:00+00:00,2026-05-11T17:00:00+00:00,2342.0,2328.9,13.1,0.5616,2332.175,2342.0,2313.5176,0.4213,0.8,83.08,0.0,-35.0,66.464,-0.0,0.0,0.0,0.0,-0.0,0.0,0.0,SL_HIT,-1.0,SL_HIT,False,<0.50%
855,SOLUSD,SHORT,2026-05-11T22:00:00+00:00,2026-05-11T22:00:00+00:00,2026-05-12T12:00:00+00:00,98.73,96.687,2.043,2.0922,97.1977,98.73,96.4202,1.5764,0.8,22.2021,0.0,-35.0,17.7617,0.0,0.0,0.0,0.0,0.0,0.0,0.0,TP_HIT,0.5075,TP_HIT,False,>1.50%
856,ETHUSD,LONG,2026-05-16T14:00:00+00:00,2026-05-16T14:00:00+00:00,2026-05-17T23:00:00+00:00,2182.2,2156.5,25.7,1.1794,2175.775,2156.5,2193.1812,0.8859,0.8,39.5082,0.0,-35.0,31.6066,-0.0,0.0,0.0,0.0,-0.0,0.0,0.0,SL_HIT,-1.0,SL_HIT_CONSERVATIVE_AMBIGUITY,False,0.80-1.00%
857,SOLUSD,SHORT,2026-05-18T11:00:00+00:00,2026-05-18T11:00:00+00:00,2026-05-18T12:00:00+00:00,85.463,84.512,0.951,1.1192,84.7498,85.463,84.0718,0.8416,0.8,41.5877,0.0,-35.0,33.2701,-0.0,0.0,0.0,0.0,-0.0,0.0,0.0,SL_HIT,-1.0,SL_HIT,False,0.80-1.00%
858,SOLUSD,LONG,2026-05-18T13:00:00+00:00,2026-05-18T13:00:00+00:00,2026-05-18T14:00:00+00:00,85.3192,84.082,1.2372,1.461,85.0099,84.082,85.69,1.0915,0.8,32.0654,0.0,-35.0,25.6523,-0.0,0.0,0.0,0.0,-0.0,0.0,0.0,SL_HIT,-1.0,SL_HIT,False,1.00-1.50%
859,ETHUSD,SHORT,2026-05-18T21:00:00+00:00,2026-05-18T21:00:00+00:00,2026-05-19T10:00:00+00:00,2156.5,2133.1,23.4,1.0953,2138.95,2156.5,2121.8384,0.8205,0.8,42.6571,0.0,-35.0,34.1257,0.0,0.0,0.0,0.0,0.0,0.0,0.0,TP_HIT,0.975,TP_HIT,False,0.80-1.00%
860,BTCUSD,SHORT,2026-05-19T20:00:00+00:00,2026-05-19T20:00:00+00:00,2026-05-20T05:00:00+00:00,77295.0,76932.0,363.0,0.4716,77022.75,77295.0,76406.568,0.3535,0.8,99.0191,0.0,-35.0,79.2153,-0.0,0.0,0.0,0.0,-0.0,0.0,0.0,SL_HIT,-1.0,SL_HIT,False,<0.50%
861,BTCUSD,SHORT,2026-05-20T11:00:00+00:00,2026-05-20T11:00:00+00:00,2026-05-20T15:00:00+00:00,77758.5,77243.5,515.0,0.6658,77372.25,77758.5,76753.272,0.4992,0.8,70.1108,0.0,-35.0,56.0886,-0.0,0.0,0.0,0.0,-0.0,0.0,0.0,SL_HIT,-1.0,SL_HIT_CONSERVATIVE_AMBIGUITY,False,<0.50%
862,XRPUSD,SHORT,2026-05-21T03:00:00+00:00,2026-05-21T03:00:00+00:00,2026-05-21T06:00:00+00:00,1.3898,1.3834,0.0064,0.4623,1.385,1.3898,1.3739,0.3466,0.8,100.9896,0.0,-35.0,80.7917,0.0,0.0,0.0,0.0,0.0,0.0,0.0,TP_HIT,2.3083,TP_HIT,False,<0.50%
863,BTCUSD,LONG,2026-05-21T10:00:00+00:00,2026-05-21T10:00:00+00:00,2026-05-21T13:00:00+00:00,77530.5,76975.0,555.5,0.7198,77391.625,76975.0,78010.758,0.5383,0.8,65.0155,0.0,-35.0,52.0124,-0.0,0.0,0.0,0.0,-0.0,0.0,0.0,SL_HIT,-1.0,SL_HIT,False,0.50-0.60%
864,ETHUSD,SHORT,2026-05-21T17:00:00+00:00,2026-05-21T17:00:00+00:00,2026-05-22T08:00:00+00:00,2156.65,2138.1,18.55,0.8645,2142.7375,2156.65,2125.5956,0.6493,0.8,53.9053,0.0,-35.0,43.1243,0.0,0.0,0.0,0.0,0.0,0.0,0.0,TP_HIT,1.2321,TP_HIT,False,0.60-0.70%
865,SOLUSD,SHORT,2026-05-22T12:00:00+00:00,2026-05-22T12:00:00+00:00,2026-05-22T14:00:00+00:00,87.944,87.501,0.443,0.5047,87.6118,87.944,86.9109,0.3792,0.8,92.2923,0.0,-35.0,73.8338,0.0,0.0,0.0,0.0,0.0,0.0,0.0,TP_HIT,2.1095,TP_HIT,False,<0.50%
866,SOLUSD,LONG,2026-05-23T04:00:00+00:00,2026-05-23T04:00:00+00:00,2026-05-23T07:00:00+00:00,84.513,83.841,0.672,0.7963,84.345,83.841,85.0198,0.5975,0.8,58.5729,0.0,-35.0,46.8583,-0.0,0.0,0.0,0.0,-0.0,0.0,0.0,SL_HIT,-1.0,SL_HIT,False,0.50-0.60%
867,XRPUSD,SHORT,2026-05-23T14:00:00+00:00,2026-05-23T14:00:00+00:00,2026-05-23T15:00:00+00:00,1.3423,1.3397,0.0026,0.194,1.3403,1.3423,1.3296,0.1455,0.8,240.5756,0.0,-35.0,192.4605,-0.0,0.0,0.0,0.0,-0.0,0.0,0.0,SL_HIT,-1.0,SL_HIT,False,<0.50%
868,BTCUSD,SHORT,2026-05-24T23:00:00+00:00,2026-05-24T23:00:00+00:00,2026-05-25T06:00:00+00:00,77522.5,76888.5,634.0,0.8231,77047.0,77522.5,76430.624,0.6172,0.8,56.7118,0.0,-35.0,45.3694,-0.0,0.0,0.0,0.0,-0.0,0.0,0.0,SL_HIT,-1.0,SL_HIT,False,0.60-0.70%
869,ETHUSD,LONG,2026-05-25T22:00:00+00:00,2026-05-25T22:00:00+00:00,2026-05-26T00:00:00+00:00,2106.0,2090.45,15.55,0.7395,2102.1125,2090.45,2118.9294,0.5548,0.8,63.0859,0.0,-35.0,50.4687,-0.0,0.0,0.0,0.0,-0.0,0.0,0.0,SL_HIT,-1.0,SL_HIT_CONSERVATIVE_AMBIGUITY,False,0.50-0.60%
870,XRPUSD,LONG,2026-05-27T09:00:00+00:00,2026-05-27T09:00:00+00:00,2026-05-27T12:00:00+00:00,1.3319,1.3217,0.0102,0.7666,1.3294,1.3217,1.34,0.5755,0.8,60.8199,0.0,-35.0,48.6559,0.0,0.0,0.0,0.0,0.0,0.0,0.0,TP_HIT,1.3902,TP_HIT,False,0.50-0.60%
871,SOLUSD,LONG,2026-05-27T13:00:00+00:00,2026-05-27T13:00:00+00:00,2026-05-27T15:00:00+00:00,83.672,82.819,0.853,1.0201,83.4587,82.819,84.1264,0.7665,0.8,45.6593,0.0,-35.0,36.5275,0.0,0.0,0.0,0.0,0.0,0.0,0.0,TP_HIT,1.0436,TP_HIT,False,0.70-0.80%
872,SOLUSD,SHORT,2026-05-29T06:00:00+00:00,2026-05-29T06:00:00+00:00,2026-05-29T12:00:00+00:00,82.683,82.231,0.452,0.5493,82.344,82.683,81.6852,0.4117,0.8,85.0159,0.0,-35.0,68.0127,0.0,0.0,0.0,0.0,0.0,0.0,0.0,TP_HIT,1.9432,TP_HIT,False,<0.50%
873,BTCUSD,LONG,2026-05-31T07:00:00+00:00,2026-05-31T07:00:00+00:00,2026-05-31T10:00:00+00:00,73979.0,73758.0,221.0,0.2993,73923.75,73758.0,74515.14,0.2242,0.8,156.0984,0.0,-35.0,124.8787,-0.0,0.0,0.0,0.0,-0.0,0.0,0.0,SL_HIT,-1.0,SL_HIT,False,<0.50%
874,ETHUSD,LONG,2026-05-31T14:00:00+00:00,2026-05-31T14:00:00+00:00,2026-05-31T16:00:00+00:00,2017.6,2000.95,16.65,0.8296,2013.4375,2000.95,2029.545,0.6202,0.8,56.4327,0.0,-35.0,45.1461,-0.0,0.0,0.0,0.0,-0.0,0.0,0.0,SL_HIT,-1.0,SL_HIT,False,0.60-0.70%
875,ETHUSD,LONG,2026-05-31T16:00:00+00:00,2026-05-31T16:00:00+00:00,2026-06-01T07:00:00+00:00,2003.6,1975.45,28.15,1.4067,1996.5625,1975.45,2012.535,1.0574,0.8,33.0987,0.0,-35.0,26.479,-0.0,0.0,0.0,0.0,-0.0,0.0,0.0,SL_HIT,-1.0,SL_HIT_CONSERVATIVE_AMBIGUITY,False,1.00-1.50%
876,ETHUSD,SHORT,2026-06-07T05:00:00+00:00,2026-06-07T05:00:00+00:00,2026-06-07T06:00:00+00:00,1618.7,1601.7,17.0,1.0605,1605.95,1618.7,1593.1024,0.7939,0.8,44.0849,0.0,-35.0,35.2679,-0.0,0.0,0.0,0.0,-0.0,0.0,0.0,SL_HIT,-1.0,SL_HIT_CONSERVATIVE_AMBIGUITY,True,0.70-0.80%
877,SOLUSD,SHORT,2026-06-07T06:00:00+00:00,2026-06-07T06:00:00+00:00,2026-06-07T08:00:00+00:00,65.402,64.532,0.87,1.3421,64.7495,65.402,64.2315,1.0077,0.8,34.7315,0.0,-35.0,27.7852,-0.0,0.0,0.0,0.0,-0.0,0.0,0.0,SL_HIT,-1.0,SL_HIT_CONSERVATIVE_AMBIGUITY,False,1.00-1.50%
878,SOLUSD,LONG,2026-06-09T15:00:00+00:00,2026-06-09T15:00:00+00:00,2026-06-09T16:00:00+00:00,64.953,63.61,1.343,2.0876,64.6172,63.61,65.1342,1.5588,0.8,22.4533,0.0,-35.0,17.9626,-0.0,0.0,0.0,0.0,-0.0,0.0,0.0,SL_HIT,-1.0,SL_HIT,False,>1.50%
879,ETHUSD,LONG,2026-06-10T10:00:00+00:00,2026-06-10T10:00:00+00:00,2026-06-10T13:00:00+00:00,1629.55,1602.25,27.3,1.6775,1622.725,1602.25,1635.7068,1.2618,0.8,27.7389,0.0,-35.0,22.1911,0.0,0.0,0.0,0.0,0.0,0.0,0.0,TP_HIT,0.634,TP_HIT,False,1.00-1.50%
880,BTCUSD,LONG,2026-06-10T21:00:00+00:00,2026-06-10T21:00:00+00:00,2026-06-11T01:00:00+00:00,61403.0,60706.0,697.0,1.1365,61228.75,60706.0,61718.58,0.8538,0.8,40.9949,0.0,-35.0,32.7959,0.0,0.0,0.0,0.0,0.0,0.0,0.0,TP_HIT,0.937,TP_HIT,False,0.80-1.00%
881,SOLUSD,SHORT,2026-06-11T01:00:00+00:00,2026-06-11T01:00:00+00:00,2026-06-11T11:00:00+00:00,65.774,64.542,1.232,1.898,64.85,65.774,64.3312,1.4248,0.8,24.5644,0.0,-35.0,19.6515,-0.0,0.0,0.0,0.0,-0.0,0.0,0.0,SL_HIT,-1.0,SL_HIT_CONSERVATIVE_AMBIGUITY,False,1.00-1.50%
882,ETHUSD,SHORT,2026-06-11T11:00:00+00:00,2026-06-11T11:00:00+00:00,2026-06-14T11:00:00+00:00,1696.0,1663.35,32.65,1.96,1671.5125,1696.0,1658.1404,1.465,0.8,23.8909,0.0,-35.0,19.1128,0.0,0.0,0.0,0.0,0.0,0.0,0.0,TP_HIT,0.5461,TP_HIT,False,1.00-1.50%
883,SOLUSD,SHORT,2026-06-14T21:00:00+00:00,2026-06-14T21:00:00+00:00,2026-06-14T22:00:00+00:00,70.636,69.561,1.075,1.5328,69.8298,70.636,69.2711,1.1546,0.8,30.3137,0.0,-35.0,24.251,-0.0,0.0,0.0,0.0,-0.0,0.0,0.0,SL_HIT,-1.0,SL_HIT,False,1.00-1.50%
884,BTCUSD,LONG,2026-06-16T02:00:00+00:00,2026-06-16T02:00:00+00:00,2026-06-16T08:00:00+00:00,65995.0,65400.0,595.0,0.9053,65846.25,65400.0,66373.02,0.6777,0.8,51.6441,0.0,-35.0,41.3153,0.0,0.0,0.0,0.0,0.0,0.0,0.0,TP_HIT,1.1804,TP_HIT,False,0.60-0.70%
885,SOLUSD,SHORT,2026-06-17T15:00:00+00:00,2026-06-17T15:00:00+00:00,2026-06-17T16:00:00+00:00,74.468,73.676,0.792,1.0732,73.874,74.468,73.283,0.8041,0.8,43.5285,0.0,-35.0,34.8228,-0.0,0.0,0.0,0.0,-0.0,0.0,0.0,SL_HIT,-1.0,SL_HIT,False,0.80-1.00%
886,BTCUSD,SHORT,2026-06-18T07:00:00+00:00,2026-06-18T07:00:00+00:00,2026-06-18T13:00:00+00:00,64786.5,64435.0,351.5,0.5452,64522.875,64786.5,64006.692,0.4086,0.8,85.6634,0.0,-35.0,68.5307,0.0,0.0,0.0,0.0,0.0,0.0,0.0,TP_HIT,1.958,TP_HIT,False,<0.50%
887,SOLUSD,SHORT,2026-06-19T23:00:00+00:00,2026-06-19T23:00:00+00:00,2026-06-20T00:00:00+00:00,70.096,69.414,0.682,0.9776,69.5845,70.096,69.0278,0.7351,0.8,47.614,0.0,-35.0,38.0912,-0.0,0.0,0.0,0.0,-0.0,0.0,0.0,SL_HIT,-1.0,SL_HIT,False,0.70-0.80%
888,XRPUSD,SHORT,2026-06-20T05:00:00+00:00,2026-06-20T05:00:00+00:00,2026-06-20T15:00:00+00:00,1.155,1.1442,0.0108,0.9407,1.1469,1.155,1.1377,0.7063,0.8,49.5574,0.0,-35.0,39.6459,-0.0,0.0,0.0,0.0,-0.0,0.0,0.0,SL_HIT,-1.0,SL_HIT_CONSERVATIVE_AMBIGUITY,False,0.70-0.80%
889,ETHUSD,LONG,2026-06-20T17:00:00+00:00,2026-06-20T17:00:00+00:00,2026-06-21T21:00:00+00:00,1732.8,1711.5,21.3,1.234,1727.475,1711.5,1741.2948,0.9248,0.8,37.8477,0.0,-35.0,30.2781,-0.0,0.0,0.0,0.0,-0.0,0.0,0.0,SL_HIT,-1.0,SL_HIT_CONSERVATIVE_AMBIGUITY,False,0.80-1.00%
890,ETHUSD,LONG,2026-06-22T16:00:00+00:00,2026-06-22T16:00:00+00:00,2026-06-22T22:00:00+00:00,1740.75,1725.5,15.25,0.8768,1736.9375,1725.5,1750.833,0.6585,0.8,53.1522,0.0,-35.0,42.5217,-0.0,0.0,0.0,0.0,-0.0,0.0,0.0,SL_HIT,-1.0,SL_HIT_CONSERVATIVE_AMBIGUITY,False,0.60-0.70%
891,BTCUSD,LONG,2026-06-24T10:00:00+00:00,2026-06-24T10:00:00+00:00,2026-06-24T11:00:00+00:00,62427.5,62081.0,346.5,0.5551,62340.875,62081.0,62839.602,0.4169,0.8,83.9608,0.0,-35.0,67.1686,0.0,0.0,0.0,0.0,0.0,0.0,0.0,TP_HIT,1.9191,TP_HIT,False,<0.50%
892,SOLUSD,LONG,2026-06-26T02:00:00+00:00,2026-06-26T02:00:00+00:00,2026-06-26T03:00:00+00:00,66.224,65.683,0.541,0.8172,66.0888,65.683,66.6175,0.6139,0.8,57.0082,0.0,-35.0,45.6065,0.0,0.0,0.0,0.0,0.0,0.0,0.0,TP_HIT,1.303,TP_HIT,False,0.60-0.70%
893,BTCUSD,SHORT,2026-06-26T03:00:00+00:00,2026-06-26T03:00:00+00:00,2026-06-26T04:00:00+00:00,60234.0,59434.0,800.0,1.3329,59634.0,60234.0,59156.928,1.0061,0.8,34.7865,0.0,-35.0,27.8292,-0.0,0.0,0.0,0.0,-0.0,0.0,0.0,SL_HIT,-1.0,SL_HIT,False,1.00-1.50%
894,ETHUSD,SHORT,2026-06-26T06:00:00+00:00,2026-06-26T06:00:00+00:00,2026-06-26T07:00:00+00:00,1583.0,1565.6,17.4,1.1082,1569.95,1583.0,1557.3904,0.8312,0.8,42.1059,0.0,-35.0,33.6848,-0.0,0.0,0.0,0.0,-0.0,0.0,0.0,SL_HIT,-1.0,SL_HIT,False,0.80-1.00%
895,BTCUSD,LONG,2026-06-26T09:00:00+00:00,2026-06-26T09:00:00+00:00,2026-06-26T12:00:00+00:00,59767.5,59206.5,561.0,0.9395,59627.25,59206.5,60104.268,0.7056,0.8,49.6008,0.0,-35.0,39.6806,-0.0,0.0,0.0,0.0,-0.0,0.0,0.0,SL_HIT,-1.0,SL_HIT_CONSERVATIVE_AMBIGUITY,False,0.70-0.80%
896,SOLUSD,LONG,2026-06-27T17:00:00+00:00,2026-06-27T17:00:00+00:00,2026-06-27T19:00:00+00:00,72.087,71.525,0.562,0.7802,71.9465,71.525,72.5221,0.5859,0.8,59.7421,0.0,-35.0,47.7936,-0.0,0.0,0.0,0.0,-0.0,0.0,0.0,SL_HIT,-1.0,SL_HIT,False,0.50-0.60%
897,XRPUSD,LONG,2026-06-27T23:00:00+00:00,2026-06-27T23:00:00+00:00,2026-06-28T21:00:00+00:00,1.0483,1.0382,0.0101,0.9639,1.0458,1.0382,1.0541,0.7243,0.8,48.3196,0.0,-35.0,38.6557,-0.0,0.0,0.0,0.0,-0.0,0.0,0.0,SL_HIT,-1.0,SL_HIT_CONSERVATIVE_AMBIGUITY,False,0.70-0.80%
898,XRPUSD,LONG,2026-06-30T00:00:00+00:00,2026-06-30T00:00:00+00:00,2026-06-30T12:00:00+00:00,1.0487,1.0359,0.0128,1.2207,1.0455,1.0359,1.0539,0.9182,0.8,38.1172,0.0,-35.0,30.4937,-0.0,0.0,0.0,0.0,-0.0,0.0,0.0,SL_HIT,-1.0,SL_HIT_CONSERVATIVE_AMBIGUITY,False,0.80-1.00%
899,XRPUSD,LONG,2026-07-01T10:00:00+00:00,2026-07-01T10:00:00+00:00,2026-07-01T12:00:00+00:00,1.0415,1.0354,0.0061,0.5862,1.04,1.0354,1.0483,0.4399,0.8,79.5609,0.0,-35.0,63.6487,-0.0,0.0,0.0,0.0,-0.0,0.0,0.0,SL_HIT,-1.0,SL_HIT,False,<0.50%
900,BTCUSD,SHORT,2026-07-01T19:00:00+00:00,2026-07-01T19:00:00+00:00,2026-07-01T21:00:00+00:00,60673.5,59876.0,797.5,1.3291,60075.375,60673.5,59594.772,0.9956,0.8,35.1538,0.0,-35.0,28.1231,-0.0,0.0,0.0,0.0,-0.0,0.0,0.0,SL_HIT,-1.0,SL_HIT_CONSERVATIVE_AMBIGUITY,False,0.80-1.00%
901,XRPUSD,SHORT,2026-07-01T21:00:00+00:00,2026-07-01T21:00:00+00:00,2026-07-02T00:00:00+00:00,1.077,1.0638,0.0132,1.2376,1.0671,1.077,1.0586,0.9277,0.8,37.7258,0.0,-35.0,30.1806,0.0,0.0,0.0,0.0,0.0,0.0,0.0,TP_HIT,0.8623,TP_HIT,False,0.80-1.00%
902,BTCUSD,SHORT,2026-07-02T01:00:00+00:00,2026-07-02T01:00:00+00:00,2026-07-02T03:00:00+00:00,60835.0,60098.5,736.5,1.2243,60282.625,60835.0,59800.364,0.9163,0.8,38.1967,0.0,-35.0,30.5574,-0.0,0.0,0.0,0.0,-0.0,0.0,0.0,SL_HIT,-1.0,SL_HIT_CONSERVATIVE_AMBIGUITY,False,0.80-1.00%
903,ETHUSD,SHORT,2026-07-02T10:00:00+00:00,2026-07-02T10:00:00+00:00,2026-07-02T12:00:00+00:00,1660.0,1643.45,16.55,1.0058,1647.5875,1660.0,1634.4068,0.7534,0.8,46.4577,0.0,-35.0,37.1661,-0.0,0.0,0.0,0.0,-0.0,0.0,0.0,SL_HIT,-1.0,SL_HIT,False,0.70-0.80%
904,SOLUSD,LONG,2026-07-03T02:00:00+00:00,2026-07-03T02:00:00+00:00,2026-07-03T03:00:00+00:00,80.891,80.409,0.482,0.5965,80.7705,80.409,81.4167,0.4476,0.8,78.201,0.0,-35.0,62.5608,-0.0,0.0,0.0,0.0,-0.0,0.0,0.0,SL_HIT,-1.0,SL_HIT,False,<0.50%
905,XRPUSD,LONG,2026-07-04T05:00:00+00:00,2026-07-04T05:00:00+00:00,2026-07-04T13:00:00+00:00,1.1416,1.1274,0.0142,1.2466,1.1381,1.1274,1.1472,0.9358,0.8,37.4007,0.0,-35.0,29.9206,0.0,0.0,0.0,0.0,0.0,0.0,0.0,TP_HIT,0.8549,TP_HIT,False,0.80-1.00%
906,XRPUSD,LONG,2026-07-05T02:00:00+00:00,2026-07-05T02:00:00+00:00,2026-07-05T09:00:00+00:00,1.1432,1.1332,0.01,0.8789,1.1407,1.1332,1.1498,0.6575,0.8,53.2327,0.0,-35.0,42.5861,-0.0,0.0,0.0,0.0,-0.0,0.0,0.0,SL_HIT,-1.0,SL_HIT,False,0.60-0.70%
907,SOLUSD,SHORT,2026-07-06T00:00:00+00:00,2026-07-06T00:00:00+00:00,2026-07-06T02:00:00+00:00,82.822,81.88,0.942,1.1458,82.1155,82.822,81.4586,0.8604,0.8,40.68,0.0,-35.0,32.544,0.0,0.0,0.0,0.0,0.0,0.0,0.0,TP_HIT,0.9298,TP_HIT,False,0.80-1.00%
908,SOLUSD,LONG,2026-07-06T02:00:00+00:00,2026-07-06T02:00:00+00:00,2026-07-06T03:00:00+00:00,81.131,80.819,0.312,0.385,81.053,80.819,81.7014,0.2887,0.8,121.2331,0.0,-35.0,96.9865,-0.0,0.0,0.0,0.0,-0.0,0.0,0.0,SL_HIT,-1.0,SL_HIT,False,<0.50%
909,ETHUSD,LONG,2026-07-06T08:00:00+00:00,2026-07-06T08:00:00+00:00,2026-07-06T12:00:00+00:00,1767.05,1748.4,18.65,1.0566,1762.3875,1748.4,1776.4866,0.7937,0.8,44.0991,0.0,-35.0,35.2792,-0.0,0.0,0.0,0.0,-0.0,0.0,0.0,SL_HIT,-1.0,SL_HIT_CONSERVATIVE_AMBIGUITY,False,0.70-0.80%
910,ETHUSD,SHORT,2026-07-06T15:00:00+00:00,2026-07-06T15:00:00+00:00,2026-07-06T21:00:00+00:00,1807.7,1783.35,24.35,1.3623,1789.4375,1807.7,1775.122,1.0206,0.8,34.2945,0.0,-35.0,27.4356,-0.0,0.0,0.0,0.0,-0.0,0.0,0.0,SL_HIT,-1.0,SL_HIT_CONSERVATIVE_AMBIGUITY,False,1.00-1.50%
911,XRPUSD,SHORT,2026-07-07T15:00:00+00:00,2026-07-07T15:00:00+00:00,2026-07-07T16:00:00+00:00,1.1354,1.1267,0.0087,0.7697,1.1289,1.1354,1.1198,0.578,0.8,60.5527,0.0,-35.0,48.4421,-0.0,0.0,0.0,0.0,-0.0,0.0,0.0,SL_HIT,-1.0,SL_HIT,False,0.50-0.60%
912,BTCUSD,LONG,2026-07-08T14:00:00+00:00,2026-07-08T14:00:00+00:00,2026-07-09T06:00:00+00:00,62029.5,61303.5,726.0,1.1734,61848.0,61303.5,62342.784,0.8804,0.8,39.7554,0.0,-35.0,31.8043,0.0,0.0,0.0,0.0,0.0,0.0,0.0,TP_HIT,0.9087,TP_HIT,False,0.80-1.00%
913,XRPUSD,LONG,2026-07-09T15:00:00+00:00,2026-07-09T15:00:00+00:00,2026-07-09T18:00:00+00:00,1.0905,1.0824,0.0081,0.7431,1.0885,1.0824,1.0972,0.5581,0.8,62.7105,0.0,-35.0,50.1684,0.0,0.0,0.0,0.0,0.0,0.0,0.0,TP_HIT,1.4334,TP_HIT,False,0.50-0.60%
914,ETHUSD,SHORT,2026-07-10T16:00:00+00:00,2026-07-10T16:00:00+00:00,2026-07-11T14:00:00+00:00,1812.25,1791.75,20.5,1.141,1796.875,1812.25,1782.5,0.8557,0.8,40.9045,0.0,-35.0,32.7236,-0.0,0.0,0.0,0.0,-0.0,0.0,0.0,SL_HIT,-1.0,SL_HIT_CONSERVATIVE_AMBIGUITY,False,0.80-1.00%
915,SOLUSD,LONG,2026-07-11T16:00:00+00:00,2026-07-11T16:00:00+00:00,2026-07-11T23:00:00+00:00,78.061,77.456,0.605,0.7763,77.9098,77.456,78.533,0.5824,0.8,60.0957,0.0,-35.0,48.0765,-0.0,0.0,0.0,0.0,-0.0,0.0,0.0,SL_HIT,-1.0,SL_HIT_CONSERVATIVE_AMBIGUITY,False,0.50-0.60%
916,ETHUSD,LONG,2026-07-11T23:00:00+00:00,2026-07-11T23:00:00+00:00,2026-07-12T00:00:00+00:00,1793.1,1780.8,12.3,0.6884,1790.025,1780.8,1804.3452,0.5154,0.8,67.9142,0.0,-35.0,54.3314,-0.0,0.0,0.0,0.0,-0.0,0.0,0.0,SL_HIT,-1.0,SL_HIT,False,0.50-0.60%
917,BTCUSD,LONG,2026-07-13T10:00:00+00:00,2026-07-13T10:00:00+00:00,2026-07-13T13:00:00+00:00,62939.0,62434.5,504.5,0.8027,62812.875,62434.5,63315.378,0.6024,0.8,58.1024,0.0,-35.0,46.4819,-0.0,0.0,0.0,0.0,-0.0,0.0,0.0,SL_HIT,-1.0,SL_HIT_CONSERVATIVE_AMBIGUITY,False,0.60-0.70%
918,BTCUSD,LONG,2026-07-13T22:00:00+00:00,2026-07-13T22:00:00+00:00,2026-07-14T00:00:00+00:00,62105.5,61672.5,433.0,0.6995,61997.25,61672.5,62493.228,0.5238,0.8,66.8177,0.0,-35.0,53.4541,0.0,0.0,0.0,0.0,0.0,0.0,0.0,TP_HIT,1.5273,TP_HIT,False,0.50-0.60%
919,ETHUSD,SHORT,2026-07-14T00:00:00+00:00,2026-07-14T00:00:00+00:00,2026-07-14T01:00:00+00:00,1792.6,1782.8,9.8,0.549,1785.25,1792.6,1770.968,0.4117,0.8,85.0119,0.0,-35.0,68.0095,-0.0,0.0,0.0,0.0,-0.0,0.0,0.0,SL_HIT,-1.0,SL_HIT,False,<0.50%
920,ETHUSD,SHORT,2026-07-14T19:00:00+00:00,2026-07-14T19:00:00+00:00,2026-07-14T22:00:00+00:00,1892.35,1874.15,18.2,0.9702,1878.7,1892.35,1863.6704,0.7266,0.8,48.1718,0.0,-35.0,38.5374,-0.0,0.0,0.0,0.0,-0.0,0.0,0.0,SL_HIT,-1.0,SL_HIT,False,0.70-0.80%
921,BTCUSD,LONG,2026-07-15T01:00:00+00:00,2026-07-15T01:00:00+00:00,2026-07-15T06:00:00+00:00,64710.5,64284.0,426.5,0.6597,64603.875,64284.0,65120.706,0.4951,0.8,70.6881,0.0,-35.0,56.5505,0.0,0.0,0.0,0.0,0.0,0.0,0.0,TP_HIT,1.6157,TP_HIT,False,<0.50%
922,SOLUSD,LONG,2026-07-15T07:00:00+00:00,2026-07-15T07:00:00+00:00,2026-07-15T12:00:00+00:00,77.589,77.018,0.571,0.7376,77.4462,77.018,78.0658,0.553,0.8,63.2952,0.0,-35.0,50.6362,0.0,0.0,0.0,0.0,0.0,0.0,0.0,TP_HIT,1.4467,TP_HIT,False,0.50-0.60%
923,BTCUSD,LONG,2026-07-15T18:00:00+00:00,2026-07-15T18:00:00+00:00,2026-07-16T01:00:00+00:00,64856.5,64458.0,398.5,0.6146,64756.875,64458.0,65274.93,0.4615,0.8,75.8341,0.0,-35.0,60.6673,-0.0,0.0,0.0,0.0,-0.0,0.0,0.0,SL_HIT,-1.0,SL_HIT,False,<0.50%
924,XRPUSD,LONG,2026-07-16T07:00:00+00:00,2026-07-16T07:00:00+00:00,2026-07-16T08:00:00+00:00,1.1083,1.1018,0.0065,0.5876,1.1067,1.1018,1.1155,0.4405,0.8,79.4536,0.0,-35.0,63.5629,-0.0,0.0,0.0,0.0,-0.0,0.0,0.0,SL_HIT,-1.0,SL_HIT,False,<0.50%
925,ETHUSD,LONG,2026-07-16T12:00:00+00:00,2026-07-16T12:00:00+00:00,2026-07-16T14:00:00+00:00,1876.35,1863.35,13.0,0.6946,1873.1,1863.35,1888.0848,0.5205,0.8,67.2395,0.0,-35.0,53.7916,0.0,0.0,0.0,0.0,0.0,0.0,0.0,TP_HIT,1.5369,TP_HIT,False,0.50-0.60%
926,XRPUSD,SHORT,2026-07-16T15:00:00+00:00,2026-07-16T15:00:00+00:00,2026-07-16T16:00:00+00:00,1.1187,1.112,0.0067,0.601,1.1137,1.1187,1.1048,0.4512,0.8,77.5694,0.0,-35.0,62.0555,0.0,0.0,0.0,0.0,0.0,0.0,0.0,TP_HIT,1.773,TP_HIT,False,<0.50%
927,XRPUSD,SHORT,2026-07-18T11:00:00+00:00,2026-07-18T11:00:00+00:00,2026-07-18T17:00:00+00:00,1.0919,1.0876,0.0043,0.395,1.0887,1.0919,1.08,0.2962,0.8,118.1508,0.0,-35.0,94.5206,-0.0,0.0,0.0,0.0,-0.0,0.0,0.0,SL_HIT,-1.0,SL_HIT,False,<0.50%
928,BTCUSD,SHORT,2026-07-18T17:00:00+00:00,2026-07-18T17:00:00+00:00,2026-07-19T00:00:00+00:00,64881.5,64292.0,589.5,0.9146,64439.375,64881.5,63923.86,0.6861,0.8,51.0122,0.0,-35.0,40.8098,-0.0,0.0,0.0,0.0,-0.0,0.0,0.0,SL_HIT,-1.0,SL_HIT,False,0.60-0.70%
929,ETHUSD,LONG,2026-07-19T03:00:00+00:00,2026-07-19T03:00:00+00:00,2026-07-20T00:00:00+00:00,1866.9,1848.95,17.95,0.9617,1862.4125,1848.95,1877.3118,0.7229,0.8,48.4193,0.0,-35.0,38.7354,0.0,0.0,0.0,0.0,0.0,0.0,0.0,TP_HIT,1.1067,TP_HIT,False,0.70-0.80%
930,SOLUSD,LONG,2026-07-20T05:00:00+00:00,2026-07-20T05:00:00+00:00,2026-07-20T09:00:00+00:00,75.978,75.355,0.623,0.8208,75.8222,75.355,76.4288,0.6162,0.8,56.7957,0.0,-35.0,45.4366,0.0,0.0,0.0,0.0,0.0,0.0,0.0,TP_HIT,1.2982,TP_HIT,False,0.60-0.70%
931,ETHUSD,SHORT,2026-07-20T10:00:00+00:00,2026-07-20T10:00:00+00:00,2026-07-20T11:00:00+00:00,1889.5,1864.75,24.75,1.3249,1870.9375,1889.5,1855.97,0.9921,0.8,35.2769,0.0,-35.0,28.2215,-0.0,0.0,0.0,0.0,-0.0,0.0,0.0,SL_HIT,-1.0,SL_HIT,False,0.80-1.00%
932,XRPUSD,SHORT,2026-07-20T11:00:00+00:00,2026-07-20T11:00:00+00:00,2026-07-20T15:00:00+00:00,1.1088,1.0947,0.0141,1.2749,1.0982,1.1088,1.0894,0.9629,0.8,36.3479,0.0,-35.0,29.0783,-0.0,0.0,0.0,0.0,-0.0,0.0,0.0,SL_HIT,-1.0,SL_HIT_CONSERVATIVE_AMBIGUITY,False,0.80-1.00%
933,SOLUSD,LONG,2026-07-21T17:00:00+00:00,2026-07-21T17:00:00+00:00,2026-07-22T00:00:00+00:00,77.729,77.3,0.429,0.5519,77.6217,77.3,78.2427,0.4145,0.8,84.437,0.0,-35.0,67.5496,0.0,0.0,0.0,0.0,0.0,0.0,0.0,TP_HIT,1.93,TP_HIT,False,<0.50%
934,XRPUSD,LONG,2026-07-22T05:00:00+00:00,2026-07-22T05:00:00+00:00,2026-07-22T14:00:00+00:00,1.1386,1.1261,0.0125,1.1027,1.1355,1.1261,1.1446,0.8256,0.8,42.3911,0.0,-35.0,33.9129,0.0,0.0,0.0,0.0,0.0,0.0,0.0,TP_HIT,0.9689,TP_HIT,False,0.80-1.00%
935,ETHUSD,LONG,2026-07-24T21:00:00+00:00,2026-07-24T21:00:00+00:00,2026-07-26T00:00:00+00:00,1859.15,1842.0,17.15,0.9237,1854.8625,1842.0,1869.7014,0.6934,0.8,50.4724,0.0,-35.0,40.378,0.0,0.0,0.0,0.0,0.0,0.0,0.0,TP_HIT,1.1537,TP_HIT,False,0.60-0.70%
936,BTCUSD,LONG,2026-07-26T05:00:00+00:00,2026-07-26T05:00:00+00:00,2026-07-26T14:00:00+00:00,64407.0,64239.0,168.0,0.2609,64365.0,64239.0,64879.92,0.1958,0.8,178.7917,0.0,-35.0,143.0333,0.0,0.0,0.0,0.0,0.0,0.0,0.0,TIMEOUT_EXIT,2.2857,TIMEOUT_EXIT,False,<0.50%
937,XRPUSD,LONG,2026-07-27T11:00:00+00:00,2026-07-27T11:00:00+00:00,2026-07-27T12:00:00+00:00,1.1057,1.1002,0.0055,0.4976,1.1043,1.1002,1.1132,0.3735,0.8,93.7003,0.0,-35.0,74.9602,-0.0,0.0,0.0,0.0,-0.0,0.0,0.0,SL_HIT,-1.0,SL_HIT,False,<0.50%
938,XRPUSD,LONG,2026-07-28T06:00:00+00:00,2026-07-28T06:00:00+00:00,2026-07-28T11:00:00+00:00,1.0626,1.0532,0.0094,0.8867,1.0602,1.0532,1.0687,0.6649,0.8,52.6365,0.0,-35.0,42.1092,-0.0,0.0,0.0,0.0,-0.0,0.0,0.0,SL_HIT,-1.0,SL_HIT,False,0.60-0.70%
939,SOLUSD,SHORT,2026-07-28T14:00:00+00:00,2026-07-28T14:00:00+00:00,2026-07-28T15:00:00+00:00,73.528,73.179,0.349,0.4754,73.2662,73.528,72.6801,0.3573,0.8,97.9682,0.0,-35.0,78.3746,-0.0,0.0,0.0,0.0,-0.0,0.0,0.0,SL_HIT,-1.0,SL_HIT,False,<0.50%
940,SOLUSD,LONG,2026-07-28T22:00:00+00:00,2026-07-28T22:00:00+00:00,2026-07-29T18:00:00+00:00,73.487,72.535,0.952,1.2964,73.249,72.535,73.835,0.9748,0.8,35.9064,0.0,-35.0,28.7251,0.0,0.0,0.0,0.0,0.0,0.0,0.0,TP_HIT,0.8207,TP_HIT,False,0.80-1.00%
941,ETHUSD,SHORT,2026-07-30T01:00:00+00:00,2026-07-30T01:00:00+00:00,2026-07-30T05:00:00+00:00,1925.0,1913.05,11.95,0.6236,1916.0375,1925.0,1900.7092,0.4678,0.8,74.8243,0.0,-35.0,59.8595,0.0,0.0,0.0,0.0,0.0,0.0,0.0,TP_HIT,1.7103,TP_HIT,False,<0.50%
942,ETHUSD,LONG,2026-07-30T14:00:00+00:00,2026-07-30T14:00:00+00:00,2026-07-31T07:00:00+00:00,1920.8,1896.65,24.15,1.2601,1914.7625,1896.65,1930.0806,0.9459,0.8,37.0002,0.0,-35.0,29.6002,-0.0,0.0,0.0,0.0,-0.0,0.0,0.0,SL_HIT,-1.0,SL_HIT_CONSERVATIVE_AMBIGUITY,False,0.80-1.00%
943,XRPUSD,LONG,2026-07-31T20:00:00+00:00,2026-07-31T20:00:00+00:00,2026-08-01T18:00:00+00:00,1.0642,1.0555,0.0087,0.8193,1.062,1.0555,1.0705,0.6144,0.8,56.9669,0.0,-35.0,45.5735,-0.0,0.0,0.0,0.0,-0.0,0.0,0.0,SL_HIT,-1.0,SL_HIT_CONSERVATIVE_AMBIGUITY,False,0.60-0.70%
944,XRPUSD,LONG,2026-08-03T00:00:00+00:00,2026-08-03T00:00:00+00:00,2026-08-03T01:00:00+00:00,1.0843,1.0769,0.0074,0.6844,1.0825,1.0769,1.0911,0.5127,0.8,68.2626,0.0,-35.0,54.6101,-0.0,0.0,0.0,0.0,-0.0,0.0,0.0,SL_HIT,-1.0,SL_HIT,False,0.50-0.60%
945,ETHUSD,LONG,2026-08-03T01:00:00+00:00,2026-08-03T01:00:00+00:00,2026-08-03T06:00:00+00:00,1868.85,1848.15,20.7,1.1091,1863.675,1848.15,1878.5844,0.833,0.8,42.0152,0.0,-35.0,33.6122,-0.0,0.0,0.0,0.0,-0.0,0.0,0.0,SL_HIT,-1.0,SL_HIT_CONSERVATIVE_AMBIGUITY,False,0.80-1.00%
946,SOLUSD,SHORT,2026-08-03T14:00:00+00:00,2026-08-03T14:00:00+00:00,2026-08-04T18:00:00+00:00,74.348,73.676,0.672,0.9106,73.844,74.348,73.2532,0.6825,0.8,51.2806,0.0,-35.0,41.0244,-0.0,0.0,0.0,0.0,-0.0,0.0,0.0,SL_HIT,-1.0,SL_HIT_CONSERVATIVE_AMBIGUITY,False,0.60-0.70%
947,SOLUSD,LONG,2026-08-05T00:00:00+00:00,2026-08-05T00:00:00+00:00,2026-08-05T02:00:00+00:00,73.708,73.107,0.601,0.8176,73.5577,73.107,74.1462,0.6128,0.8,57.1164,0.0,-35.0,45.6931,0.0,0.0,0.0,0.0,0.0,0.0,0.0,TP_HIT,1.3055,TP_HIT,False,0.60-0.70%
948,SOLUSD,LONG,2026-08-05T22:00:00+00:00,2026-08-05T22:00:00+00:00,2026-08-06T09:00:00+00:00,74.118,73.256,0.862,1.1646,73.9025,73.256,74.4937,0.8748,0.8,40.0091,0.0,-35.0,32.0073,-0.0,0.0,0.0,0.0,-0.0,0.0,0.0,SL_HIT,-1.0,SL_HIT_CONSERVATIVE_AMBIGUITY,False,0.80-1.00%
949,BTCUSD,SHORT,2026-08-06T14:00:00+00:00,2026-08-06T14:00:00+00:00,2026-08-06T23:00:00+00:00,64978.0,64701.5,276.5,0.427,64770.625,64978.0,64252.46,0.3202,0.8,109.3175,0.0,-35.0,87.454,0.0,0.0,0.0,0.0,0.0,0.0,0.0,TP_HIT,2.4987,TP_HIT,False,<0.50%
950,SOLUSD,SHORT,2026-08-08T08:00:00+00:00,2026-08-08T08:00:00+00:00,2026-08-08T11:00:00+00:00,75.318,74.297,1.021,1.3648,74.5523,75.318,73.9558,1.0271,0.8,34.0755,0.0,-35.0,27.2604,-0.0,0.0,0.0,0.0,-0.0,0.0,0.0,SL_HIT,-1.0,SL_HIT,False,1.00-1.50%
951,BTCUSD,LONG,2026-08-08T18:00:00+00:00,2026-08-08T18:00:00+00:00,2026-08-09T01:00:00+00:00,65053.5,64889.5,164.0,0.2522,65012.5,64889.5,65532.6,0.1892,0.8,184.9949,0.0,-35.0,147.9959,-0.0,0.0,0.0,0.0,-0.0,0.0,0.0,SL_HIT,-1.0,SL_HIT,False,<0.50%
952,ETHUSD,LONG,2026-08-09T02:00:00+00:00,2026-08-09T02:00:00+00:00,2026-08-09T06:00:00+00:00,1914.0,1911.2,2.8,0.1463,1913.3,1911.2,1928.6064,0.1098,0.8,318.8833,0.0,-35.0,255.1067,0.0,0.0,0.0,0.0,0.0,0.0,0.0,TIMEOUT_EXIT,1.7857,TIMEOUT_EXIT,False,<0.50%
953,SOLUSD,LONG,2026-08-10T15:00:00+00:00,2026-08-10T15:00:00+00:00,2026-08-10T16:00:00+00:00,76.1105,75.756,0.3545,0.4667,76.0219,75.756,76.63,0.3497,0.8,100.0758,0.0,-35.0,80.0606,-0.0,0.0,0.0,0.0,-0.0,0.0,0.0,SL_HIT,-1.0,SL_HIT,False,<0.50%
954,BTCUSD,LONG,2026-08-11T14:00:00+00:00,2026-08-11T14:00:00+00:00,2026-08-11T15:00:00+00:00,63825.5,63434.5,391.0,0.6133,63727.75,63434.5,64237.572,0.4602,0.8,76.0604,0.0,-35.0,60.8483,-0.0,0.0,0.0,0.0,-0.0,0.0,0.0,SL_HIT,-1.0,SL_HIT,False,<0.50%
955,SOLUSD,SHORT,2026-08-11T20:00:00+00:00,2026-08-11T20:00:00+00:00,2026-08-11T21:00:00+00:00,76.369,75.937,0.432,0.5681,76.045,76.369,75.4366,0.4261,0.8,82.1474,0.0,-35.0,65.7179,-0.0,0.0,0.0,0.0,-0.0,0.0,0.0,SL_HIT,-1.0,SL_HIT,False,<0.50%
956,ETHUSD,SHORT,2026-08-12T04:00:00+00:00,2026-08-12T04:00:00+00:00,2026-08-12T09:00:00+00:00,1897.25,1886.45,10.8,0.5718,1889.15,1897.25,1874.0368,0.4288,0.8,81.6299,0.0,-35.0,65.304,-0.0,0.0,0.0,0.0,-0.0,0.0,0.0,SL_HIT,-1.0,SL_HIT,False,<0.50%
957,SOLUSD,SHORT,2026-08-12T09:00:00+00:00,2026-08-12T09:00:00+00:00,2026-08-12T12:00:00+00:00,77.15,76.668,0.482,0.628,76.7885,77.15,76.1742,0.4708,0.8,74.3457,0.0,-35.0,59.4766,-0.0,0.0,0.0,0.0,-0.0,0.0,0.0,SL_HIT,-1.0,SL_HIT_CONSERVATIVE_AMBIGUITY,False,<0.50%
958,BTCUSD,LONG,2026-08-12T13:00:00+00:00,2026-08-12T13:00:00+00:00,2026-08-12T14:00:00+00:00,63818.0,63584.5,233.5,0.3659,63759.625,63584.5,64269.702,0.2747,0.8,127.4282,0.0,-35.0,101.9426,-0.0,0.0,0.0,0.0,-0.0,0.0,0.0,SL_HIT,-1.0,SL_HIT,False,<0.50%
959,SOLUSD,SHORT,2026-08-13T08:00:00+00:00,2026-08-13T08:00:00+00:00,2026-08-13T16:00:00+00:00,76.909,76.128,0.781,1.0247,76.3233,76.909,75.7127,0.7675,0.8,45.605,0.0,-35.0,36.484,0.0,0.0,0.0,0.0,0.0,0.0,0.0,TP_HIT,1.0424,TP_HIT,False,0.70-0.80%
960,SOLUSD,LONG,2026-08-14T23:00:00+00:00,2026-08-14T23:00:00+00:00,2026-08-16T21:00:00+00:00,75.419,74.62,0.799,1.0598,75.2193,74.62,75.821,0.7967,0.8,43.9328,0.0,-35.0,35.1462,-0.0,0.0,0.0,0.0,-0.0,0.0,0.0,SL_HIT,-1.0,SL_HIT_CONSERVATIVE_AMBIGUITY,False,0.70-0.80%
961,SOLUSD,SHORT,2026-08-17T03:00:00+00:00,2026-08-17T03:00:00+00:00,2026-08-17T06:00:00+00:00,75.7241,75.5,0.2241,0.2968,75.556,75.7241,74.9516,0.2225,0.8,157.3381,0.0,-35.0,125.8705,-0.0,0.0,0.0,0.0,-0.0,0.0,0.0,SL_HIT,-1.0,SL_HIT,False,<0.50%
962,SOLUSD,LONG,2026-08-17T19:00:00+00:00,2026-08-17T19:00:00+00:00,2026-08-18T11:00:00+00:00,75.8064,75.176,0.6304,0.8317,75.6488,75.176,76.254,0.625,0.8,56.0006,0.0,-35.0,44.8005,0.0,0.0,0.0,0.0,0.0,0.0,0.0,TP_HIT,1.28,TP_HIT,False,0.60-0.70%
963,BTCUSD,LONG,2026-08-19T05:00:00+00:00,2026-08-19T05:00:00+00:00,2026-08-19T12:00:00+00:00,64268.5,64008.0,260.5,0.4057,64203.375,64008.0,64717.002,0.3043,0.8,115.0156,0.0,-35.0,92.0125,0.0,0.0,0.0,0.0,0.0,0.0,0.0,TP_HIT,2.6289,TP_HIT,False,<0.50%
