trade_id,asset,direction,ob_formation_time,bos_time,entry_time,exit_time,ob_formation_time_ist,bos_time_ist,entry_time_ist,exit_time_ist,ob_high,ob_low,ob_width,ob_width_pct,entry_price,sl_price,tp_price,sl_distance_pct,theoretical_leverage,applied_leverage,planned_tp_market_pct,planned_sl_account_pct,planned_tp_account_pct,starting_capital,position_notional,gross_pnl,fees,net_pnl,ending_capital,outcome,exit_reason,is_ambiguous,holding_bars,holding_time_hours,bars_ob_to_entry,hours_ob_to_entry,bars_retest_to_entry,hours_retest_to_entry,realized_r,cumulative_realized_r,data_timeframe,trade_narrative
1,SOLUSD,LONG,2024-06-10 13:00:00+00:00,2024-06-10 23:00:00+00:00,2024-06-11 00:00:00+00:00,2024-06-11 01:00:00+00:00,2024-06-10 18:30:00 IST,2024-06-11 04:30:00 IST,2024-06-11 05:30:00 IST,2024-06-11 06:30:00 IST,159.289,157.948,1.412,0.8436,158.9537,157.948,159.9075,0.6327,55.32,55.32,0.6,35.0,33.19,10.000000,553.157470,-3.500000,0.442526,-3.942526,6.057474,FILLED_SL,SL_HIT,False,1,1.0,1,1.0,0,0.0,-1.0,-1.0,1h,Price breached distal stop loss at 157.9480.
2,SOLUSD,LONG,2024-06-12 01:00:00+00:00,2024-06-13 19:00:00+00:00,2024-06-13 20:00:00+00:00,2024-06-14 02:00:00+00:00,2024-06-12 06:30:00 IST,2024-06-14 00:30:00 IST,2024-06-14 01:30:00 IST,2024-06-14 07:30:00 IST,148.295,145.645,1.412,1.795,147.6325,145.645,148.5183,1.3462,26.0,26.0,0.6,35.0,15.6,6.057474,157.483276,0.944900,0.125987,0.818913,6.876387,FILLED_TP,TP_HIT,False,6,6.0,1,1.0,0,0.0,0.4457,-0.5543,1h,Price reached fixed +0.60% TP target at 148.5183.
3,SOLUSD,LONG,2024-06-18 19:00:00+00:00,2024-06-20 16:00:00+00:00,2024-06-21 00:00:00+00:00,2024-06-21 00:00:00+00:00,2024-06-19 00:30:00 IST,2024-06-20 21:30:00 IST,2024-06-21 05:30:00 IST,2024-06-21 05:30:00 IST,132.906,130.418,1.412,1.8808,132.284,130.418,133.0777,1.4106,24.81,24.81,0.6,35.0,14.89,6.876387,170.617682,1.023706,0.136494,0.887212,7.763599,FILLED_TP,TP_HIT,False,1,1.0,8,8.0,7,7.0,0.4254,-0.129,1h,Price reached fixed +0.60% TP target at 133.0777.
4,SOLUSD,SHORT,2024-06-20 18:00:00+00:00,2024-06-21 22:00:00+00:00,2024-06-21 23:00:00+00:00,2024-06-21 23:00:00+00:00,2024-06-20 23:30:00 IST,2024-06-22 03:30:00 IST,2024-06-22 04:30:00 IST,2024-06-22 04:30:00 IST,135.785,134.25,1.412,1.1401,134.6337,135.785,133.8259,0.8551,40.93,40.93,0.6,35.0,24.56,7.763599,317.771863,1.906631,0.254217,1.652414,9.416013,FILLED_TP,TP_HIT,False,1,1.0,1,1.0,0,0.0,0.7017,0.5727,1h,Price reached fixed +0.60% TP target at 133.8259.
5,SOLUSD,LONG,2024-06-22 00:00:00+00:00,2024-06-22 08:00:00+00:00,2024-06-22 09:00:00+00:00,2024-06-22 17:00:00+00:00,2024-06-22 05:30:00 IST,2024-06-22 13:30:00 IST,2024-06-22 14:30:00 IST,2024-06-22 22:30:00 IST,134.335,133.208,1.412,0.8407,134.0532,133.208,134.8576,0.6305,55.51,55.51,0.6,35.0,33.31,9.416013,522.669608,3.136018,0.418136,2.717882,12.133895,FILLED_TP,TP_HIT,False,8,8.0,1,1.0,0,0.0,0.9516,1.5243,1h,Price reached fixed +0.60% TP target at 134.8576.
6,SOLUSD,LONG,2024-06-22 23:00:00+00:00,2024-06-23 10:00:00+00:00,2024-06-23 11:00:00+00:00,2024-06-23 14:00:00+00:00,2024-06-23 04:30:00 IST,2024-06-23 15:30:00 IST,2024-06-23 16:30:00 IST,2024-06-23 19:30:00 IST,134.265,133.11,1.412,0.8621,133.9762,133.11,134.7801,0.6466,54.13,54.13,0.6,35.0,32.48,12.133895,656.829779,-4.246863,0.525464,-4.772327,7.361568,FILLED_SL,SL_HIT,False,3,3.0,1,1.0,0,0.0,-1.0,0.5243,1h,Price breached distal stop loss at 133.1100.
7,SOLUSD,LONG,2024-07-02 08:00:00+00:00,2024-07-02 14:00:00+00:00,2024-07-02 15:00:00+00:00,2024-07-02 15:00:00+00:00,2024-07-02 13:30:00 IST,2024-07-02 19:30:00 IST,2024-07-02 20:30:00 IST,2024-07-02 20:30:00 IST,148.3682,146.918,1.412,0.9798,148.0057,146.918,148.8937,0.7349,47.63,47.63,0.6,35.0,28.58,7.361568,350.612573,2.103675,0.280490,1.823185,9.184753,FILLED_TP,TP_HIT,False,1,1.0,1,1.0,0,0.0,0.8165,1.3408,1h,Price reached fixed +0.60% TP target at 148.8937.
8,SOLUSD,SHORT,2024-07-04 19:00:00+00:00,2024-07-05 15:00:00+00:00,2024-07-05 16:00:00+00:00,2024-07-05 16:00:00+00:00,2024-07-05 00:30:00 IST,2024-07-05 20:30:00 IST,2024-07-05 21:30:00 IST,2024-07-05 21:30:00 IST,135.9,133.925,1.412,1.4693,134.4188,135.9,133.6122,1.102,31.76,31.76,0.6,35.0,19.06,9.184753,291.720547,-3.214664,0.233376,-3.448040,5.736713,FILLED_SL,SL_HIT,False,1,1.0,1,1.0,0,0.0,-1.0,0.3408,1h,Price breached distal stop loss at 135.9000.
9,SOLUSD,SHORT,2024-07-05 18:00:00+00:00,2024-07-06 03:00:00+00:00,2024-07-06 04:00:00+00:00,2024-07-06 04:00:00+00:00,2024-07-05 23:30:00 IST,2024-07-06 08:30:00 IST,2024-07-06 09:30:00 IST,2024-07-06 09:30:00 IST,135.977,134.059,1.412,1.4256,134.5385,135.977,133.7313,1.0692,32.73,32.73,0.6,35.0,19.64,5.736713,187.788022,1.126728,0.150230,0.976498,6.713211,FILLED_TP,TP_HIT,False,1,1.0,1,1.0,0,0.0,0.5612,0.9019,1h,Price reached fixed +0.60% TP target at 133.7313.
10,SOLUSD,LONG,2024-07-10 01:00:00+00:00,2024-07-11 03:00:00+00:00,2024-07-11 04:00:00+00:00,2024-07-11 05:00:00+00:00,2024-07-10 06:30:00 IST,2024-07-11 08:30:00 IST,2024-07-11 09:30:00 IST,2024-07-11 10:30:00 IST,140.646,138.596,1.412,1.4629,140.1335,138.596,140.9743,1.0972,31.9,31.9,0.6,35.0,19.14,6.713211,214.153498,1.284921,0.171323,1.113598,7.826809,FILLED_TP,TP_HIT,False,1,1.0,1,1.0,0,0.0,0.5469,1.4488,1h,Price reached fixed +0.60% TP target at 140.9743.
11,SOLUSD,LONG,2024-07-11 03:00:00+00:00,2024-07-11 14:00:00+00:00,2024-07-11 15:00:00+00:00,2024-07-11 15:00:00+00:00,2024-07-11 08:30:00 IST,2024-07-11 19:30:00 IST,2024-07-11 20:30:00 IST,2024-07-11 20:30:00 IST,141.8,139.256,1.412,1.8022,141.164,139.256,142.011,1.3516,25.89,25.89,0.6,35.0,15.54,7.826809,202.674152,-2.739383,0.162139,-2.901522,4.925287,FILLED_SL,SL_HIT,False,1,1.0,1,1.0,0,0.0,-1.0,0.4488,1h,Price breached distal stop loss at 139.2560.
12,SOLUSD,LONG,2024-07-08 16:00:00+00:00,2024-07-11 15:00:00+00:00,2024-07-11 16:00:00+00:00,2024-07-11 16:00:00+00:00,2024-07-08 21:30:00 IST,2024-07-11 20:30:00 IST,2024-07-11 21:30:00 IST,2024-07-11 21:30:00 IST,138.6,135.245,1.412,2.4354,137.7612,135.245,138.5878,1.8265,19.16,19.16,0.6,35.0,11.5,4.925287,94.378448,0.566271,0.075503,0.490768,5.416054,FILLED_TP,TP_HIT,False,1,1.0,1,1.0,0,0.0,0.3285,0.7773,1h,Price reached fixed +0.60% TP target at 138.5878.
13,SOLUSD,SHORT,2024-07-17 09:00:00+00:00,2024-07-19 03:00:00+00:00,2024-07-19 04:00:00+00:00,2024-07-19 04:00:00+00:00,2024-07-17 14:30:00 IST,2024-07-19 08:30:00 IST,2024-07-19 09:30:00 IST,2024-07-19 09:30:00 IST,163.603,161.626,1.412,1.2195,162.1202,163.603,161.1475,0.9146,38.27,38.27,0.6,35.0,22.96,5.416054,207.262340,1.243574,0.165810,1.077764,6.493819,FILLED_TP,TP_HIT,False,1,1.0,1,1.0,0,0.0,0.656,1.4333,1h,Price reached fixed +0.60% TP target at 161.1475.
14,SOLUSD,SHORT,2024-06-07 12:00:00+00:00,2024-07-20 00:00:00+00:00,2024-07-20 01:00:00+00:00,2024-07-20 06:00:00+00:00,2024-06-07 17:30:00 IST,2024-07-20 05:30:00 IST,2024-07-20 06:30:00 IST,2024-07-20 11:30:00 IST,172.754,169.3945,1.412,1.9735,170.2344,172.754,169.213,1.4801,23.65,23.65,0.6,35.0,14.19,6.493819,153.560511,0.921363,0.122848,0.798515,7.292333,FILLED_TP,TP_HIT,False,5,5.0,1,1.0,0,0.0,0.4054,1.8387,1h,Price reached fixed +0.60% TP target at 169.2130.
15,SOLUSD,SHORT,2024-06-05 16:00:00+00:00,2024-07-20 17:00:00+00:00,2024-07-20 18:00:00+00:00,2024-07-20 18:00:00+00:00,2024-06-05 21:30:00 IST,2024-07-20 22:30:00 IST,2024-07-20 23:30:00 IST,2024-07-20 23:30:00 IST,175.634,173.962,1.412,0.9588,174.38,175.634,173.3337,0.7191,48.67,48.67,0.6,35.0,29.2,7.292333,354.922628,2.129536,0.283938,1.845598,9.137931,FILLED_TP,TP_HIT,False,1,1.0,1,1.0,0,0.0,0.8344,2.673,1h,Price reached fixed +0.60% TP target at 173.3337.
16,SOLUSD,SHORT,2024-07-23 10:00:00+00:00,2024-07-24 11:00:00+00:00,2024-07-24 12:00:00+00:00,2024-07-24 12:00:00+00:00,2024-07-23 15:30:00 IST,2024-07-24 16:30:00 IST,2024-07-24 17:30:00 IST,2024-07-24 17:30:00 IST,178.706,177.265,1.412,0.8113,177.6252,178.706,176.5595,0.6084,57.52,57.52,0.6,35.0,34.51,9.137931,525.648432,3.153891,0.420519,2.733372,11.871303,FILLED_TP,TP_HIT,False,1,1.0,1,1.0,0,0.0,0.9861,3.6592,1h,Price reached fixed +0.60% TP target at 176.5595.
17,SOLUSD,LONG,2024-07-26 14:00:00+00:00,2024-07-27 15:00:00+00:00,2024-07-27 16:00:00+00:00,2024-07-27 16:00:00+00:00,2024-07-26 19:30:00 IST,2024-07-27 20:30:00 IST,2024-07-27 21:30:00 IST,2024-07-27 21:30:00 IST,183.09,179.166,1.412,2.1548,182.109,179.166,183.2017,1.6161,21.66,21.66,0.6,35.0,12.99,11.871303,257.103254,1.542620,0.205683,1.336937,13.208240,FILLED_TP,TP_HIT,False,1,1.0,1,1.0,0,0.0,0.3713,4.0304,1h,Price reached fixed +0.60% TP target at 183.2017.
18,SOLUSD,LONG,2024-07-28 22:00:00+00:00,2024-07-29 21:00:00+00:00,2024-07-29 22:00:00+00:00,2024-07-29 22:00:00+00:00,2024-07-29 03:30:00 IST,2024-07-30 02:30:00 IST,2024-07-30 03:30:00 IST,2024-07-30 03:30:00 IST,184.245,182.603,1.412,0.8932,183.8345,182.603,184.9375,0.6699,52.25,52.25,0.6,35.0,31.35,13.208240,690.089768,4.140539,0.552072,3.588467,16.796706,FILLED_TP,TP_HIT,False,1,1.0,1,1.0,0,0.0,0.8957,4.9261,1h,Price reached fixed +0.60% TP target at 184.9375.
19,SOLUSD,SHORT,2024-07-30 05:00:00+00:00,2024-07-31 01:00:00+00:00,2024-07-31 06:00:00+00:00,2024-07-31 12:00:00+00:00,2024-07-30 10:30:00 IST,2024-07-31 06:30:00 IST,2024-07-31 11:30:00 IST,2024-07-31 17:30:00 IST,184.844,181.454,1.412,1.8596,182.3015,184.844,181.2077,1.3947,25.1,25.1,0.6,35.0,15.06,16.796706,421.523177,2.529139,0.337219,2.191921,18.988627,FILLED_TP,TP_HIT,False,6,6.0,5,5.0,4,4.0,0.4302,5.3563,1h,Price reached fixed +0.60% TP target at 181.2077.
20,SOLUSD,SHORT,2024-08-04 20:00:00+00:00,2024-08-06 05:00:00+00:00,2024-08-06 06:00:00+00:00,2024-08-06 06:00:00+00:00,2024-08-05 01:30:00 IST,2024-08-06 10:30:00 IST,2024-08-06 11:30:00 IST,2024-08-06 11:30:00 IST,143.809,141.273,1.412,1.7871,141.907,143.809,141.0556,1.3403,26.11,26.11,0.6,35.0,15.67,18.988627,495.855249,-6.646019,0.396684,-7.042704,11.945923,FILLED_SL,SL_HIT,False,1,1.0,1,1.0,0,0.0,-1.0,4.3563,1h,Price breached distal stop loss at 143.8090.
21,SOLUSD,LONG,2024-08-08 19:00:00+00:00,2024-08-09 04:00:00+00:00,2024-08-09 05:00:00+00:00,2024-08-09 06:00:00+00:00,2024-08-09 00:30:00 IST,2024-08-09 09:30:00 IST,2024-08-09 10:30:00 IST,2024-08-09 11:30:00 IST,157.2,155.131,1.412,1.3205,156.6827,155.131,157.6228,0.9904,35.34,35.34,0.6,35.0,21.2,11.945923,422.169836,2.533019,0.337736,2.195283,14.141207,FILLED_TP,TP_HIT,False,1,1.0,1,1.0,0,0.0,0.6058,4.9621,1h,Price reached fixed +0.60% TP target at 157.6228.
22,SOLUSD,LONG,2024-08-08 04:00:00+00:00,2024-08-09 14:00:00+00:00,2024-08-09 15:00:00+00:00,2024-08-09 15:00:00+00:00,2024-08-08 09:30:00 IST,2024-08-09 19:30:00 IST,2024-08-09 20:30:00 IST,2024-08-09 20:30:00 IST,154.347,151.597,1.412,1.7897,153.6595,151.597,154.5815,1.3423,26.08,26.08,0.6,35.0,15.65,14.141207,368.739759,-4.949422,0.294992,-5.244414,8.896792,FILLED_SL,SL_HIT,False,1,1.0,1,1.0,0,0.0,-1.0,3.9621,1h,Price breached distal stop loss at 151.5970.
23,SOLUSD,LONG,2024-08-10 19:00:00+00:00,2024-08-11 04:00:00+00:00,2024-08-11 05:00:00+00:00,2024-08-11 08:00:00+00:00,2024-08-11 00:30:00 IST,2024-08-11 09:30:00 IST,2024-08-11 10:30:00 IST,2024-08-11 13:30:00 IST,155.265,153.577,1.412,1.0901,154.843,153.577,155.7721,0.8176,42.81,42.81,0.6,35.0,25.68,8.896792,380.854747,2.285128,0.304684,1.980445,10.877237,FILLED_TP,TP_HIT,False,3,3.0,1,1.0,0,0.0,0.7339,4.696,1h,Price reached fixed +0.60% TP target at 155.7721.
24,SOLUSD,LONG,2024-08-13 03:00:00+00:00,2024-08-14 01:00:00+00:00,2024-08-14 02:00:00+00:00,2024-08-14 03:00:00+00:00,2024-08-13 08:30:00 IST,2024-08-14 06:30:00 IST,2024-08-14 07:30:00 IST,2024-08-14 08:30:00 IST,145.738,142.988,1.412,1.8959,145.0505,142.988,145.9208,1.4219,24.61,24.61,0.6,35.0,14.77,10.877237,267.739170,1.606435,0.214191,1.392244,12.269481,FILLED_TP,TP_HIT,False,1,1.0,1,1.0,0,0.0,0.422,5.1179,1h,Price reached fixed +0.60% TP target at 145.9208.
25,SOLUSD,SHORT,2024-08-13 21:00:00+00:00,2024-08-14 09:00:00+00:00,2024-08-14 10:00:00+00:00,2024-08-14 10:00:00+00:00,2024-08-14 02:30:00 IST,2024-08-14 14:30:00 IST,2024-08-14 15:30:00 IST,2024-08-14 15:30:00 IST,147.869,145.95,1.412,1.3105,146.4297,147.869,145.5512,0.9829,35.61,35.61,0.6,35.0,21.37,12.269481,436.905299,-4.294318,0.349524,-4.643843,7.625638,FILLED_SL,SL_HIT,False,1,1.0,1,1.0,0,0.0,-1.0,4.1179,1h,Price breached distal stop loss at 147.8690.
26,SOLUSD,LONG,2024-08-06 13:00:00+00:00,2024-08-15 18:00:00+00:00,2024-08-15 19:00:00+00:00,2024-08-15 19:00:00+00:00,2024-08-06 18:30:00 IST,2024-08-15 23:30:00 IST,2024-08-16 00:30:00 IST,2024-08-16 00:30:00 IST,140.6,136.212,1.412,3.1455,139.503,136.212,140.34,2.3591,14.84,14.84,0.6,35.0,8.9,7.625638,113.135763,0.678815,0.090509,0.588306,8.213944,FILLED_TP,TP_HIT,False,1,1.0,1,1.0,0,0.0,0.2543,4.3723,1h,Price reached fixed +0.60% TP target at 140.3400.
27,SOLUSD,LONG,2024-08-17 15:00:00+00:00,2024-08-18 01:00:00+00:00,2024-08-18 02:00:00+00:00,2024-08-18 02:00:00+00:00,2024-08-17 20:30:00 IST,2024-08-18 06:30:00 IST,2024-08-18 07:30:00 IST,2024-08-18 07:30:00 IST,141.72,140.187,1.412,1.0846,141.3367,140.187,142.1848,0.8135,43.02,43.02,0.6,35.0,25.81,8.213944,353.404013,2.120424,0.282723,1.837701,10.051645,FILLED_TP,TP_HIT,False,1,1.0,1,1.0,0,0.0,0.7376,5.1098,1h,Price reached fixed +0.60% TP target at 142.1848.
28,SOLUSD,LONG,2024-08-18 18:00:00+00:00,2024-08-18 21:00:00+00:00,2024-08-18 22:00:00+00:00,2024-08-18 23:00:00+00:00,2024-08-18 23:30:00 IST,2024-08-19 02:30:00 IST,2024-08-19 03:30:00 IST,2024-08-19 04:30:00 IST,145.637,144.38,1.412,0.865,145.3227,144.38,146.1947,0.6487,53.95,53.95,0.6,35.0,32.37,10.051645,542.303313,-3.518076,0.433843,-3.951918,6.099727,FILLED_SL,SL_HIT,False,1,1.0,1,1.0,0,0.0,-1.0,4.1098,1h,Price breached distal stop loss at 144.3800.
29,SOLUSD,LONG,2024-08-18 04:00:00+00:00,2024-08-19 09:00:00+00:00,2024-08-19 10:00:00+00:00,2024-08-19 10:00:00+00:00,2024-08-18 09:30:00 IST,2024-08-19 14:30:00 IST,2024-08-19 15:30:00 IST,2024-08-19 15:30:00 IST,141.658,140.647,1.412,0.715,141.4052,140.647,142.2537,0.5362,65.27,65.27,0.6,35.0,39.16,6.099727,398.136078,-2.134904,0.318509,-2.453413,3.646313,FILLED_SL,SL_HIT,False,1,1.0,1,1.0,0,0.0,-1.0,3.1098,1h,Price breached distal stop loss at 140.6470.
30,SOLUSD,SHORT,2024-08-19 06:00:00+00:00,2024-08-19 11:00:00+00:00,2024-08-19 12:00:00+00:00,2024-08-19 13:00:00+00:00,2024-08-19 11:30:00 IST,2024-08-19 16:30:00 IST,2024-08-19 17:30:00 IST,2024-08-19 18:30:00 IST,143.589,142.138,1.412,1.0182,142.5008,143.589,141.6457,0.7637,45.83,45.83,0.6,35.0,27.5,3.646313,167.113110,-1.276210,0.133690,-1.409900,2.236413,FILLED_SL,SL_HIT,False,1,1.0,1,1.0,0,0.0,-1.0,2.1098,1h,Price breached distal stop loss at 143.5890.
31,SOLUSD,LONG,2024-08-19 10:00:00+00:00,2024-08-21 11:00:00+00:00,2024-08-21 12:00:00+00:00,2024-08-21 13:00:00+00:00,2024-08-19 15:30:00 IST,2024-08-21 16:30:00 IST,2024-08-21 17:30:00 IST,2024-08-21 18:30:00 IST,141.667,140.425,1.412,0.8786,141.3565,140.425,142.2046,0.659,53.11,53.11,0.6,35.0,31.87,2.236413,118.782655,-0.782745,0.095026,-0.877771,1.358643,FILLED_SL,SL_HIT,False,1,1.0,1,1.0,0,0.0,-1.0,1.1098,1h,Price breached distal stop loss at 140.4250.
32,SOLUSD,SHORT,2024-08-21 07:00:00+00:00,2024-08-21 18:00:00+00:00,2024-08-21 19:00:00+00:00,2024-08-21 20:00:00+00:00,2024-08-21 12:30:00 IST,2024-08-21 23:30:00 IST,2024-08-22 00:30:00 IST,2024-08-22 01:30:00 IST,143.813,142.656,1.412,0.8094,142.9452,143.813,142.0876,0.6071,57.66,57.66,0.6,35.0,34.59,1.358643,78.333647,-0.475525,0.062667,-0.538192,0.820451,FILLED_SL,SL_HIT,False,1,1.0,1,1.0,0,0.0,-1.0,0.1098,1h,Price breached distal stop loss at 143.8130.
33,SOLUSD,LONG,2024-08-22 02:00:00+00:00,2024-08-22 13:00:00+00:00,2024-08-22 14:00:00+00:00,2024-08-22 15:00:00+00:00,2024-08-22 07:30:00 IST,2024-08-22 18:30:00 IST,2024-08-22 19:30:00 IST,2024-08-22 20:30:00 IST,143.108,140.687,1.412,1.6989,142.5027,140.687,143.3578,1.2742,27.47,27.47,0.6,35.0,16.48,0.820451,22.536565,0.135219,0.018029,0.117190,0.937641,FILLED_TP,TP_HIT,False,1,1.0,1,1.0,0,0.0,0.4709,0.5807,1h,Price reached fixed +0.60% TP target at 143.3578.
34,SOLUSD,LONG,2024-08-22 15:00:00+00:00,2024-08-23 11:00:00+00:00,2024-08-23 14:00:00+00:00,2024-08-23 14:00:00+00:00,2024-08-22 20:30:00 IST,2024-08-23 16:30:00 IST,2024-08-23 19:30:00 IST,2024-08-23 19:30:00 IST,143.578,142.117,1.412,1.0202,143.2127,142.117,144.072,0.7651,45.74,45.74,0.6,35.0,27.45,0.937641,42.891849,0.257351,0.034313,0.223038,1.160678,FILLED_TP,TP_HIT,False,1,1.0,3,3.0,0,0.0,0.7842,1.3649,1h,Price reached fixed +0.60% TP target at 144.0720.
35,SOLUSD,SHORT,2024-08-08 23:00:00+00:00,2024-08-24 23:00:00+00:00,2024-08-25 21:00:00+00:00,2024-08-25 21:00:00+00:00,2024-08-09 04:30:00 IST,2024-08-25 04:30:00 IST,2024-08-26 02:30:00 IST,2024-08-26 02:30:00 IST,163.61,160.464,1.412,1.951,161.2505,163.61,160.283,1.4633,23.92,23.92,0.6,35.0,14.35,1.160678,27.762659,0.166576,0.022210,0.144366,1.305044,FILLED_TP,TP_HIT,False,1,1.0,22,22.0,21,21.0,0.41,1.775,1h,Price reached fixed +0.60% TP target at 160.2830.
36,SOLUSD,LONG,2024-08-26 07:00:00+00:00,2024-08-26 12:00:00+00:00,2024-08-26 13:00:00+00:00,2024-08-26 13:00:00+00:00,2024-08-26 12:30:00 IST,2024-08-26 17:30:00 IST,2024-08-26 18:30:00 IST,2024-08-26 18:30:00 IST,159.532,158.463,1.412,0.6712,159.2647,158.463,160.2203,0.5034,69.53,69.53,0.6,35.0,41.72,1.305044,90.734822,0.544409,0.072588,0.471821,1.776865,FILLED_TP,TP_HIT,False,1,1.0,1,1.0,0,0.0,1.1919,2.9669,1h,Price reached fixed +0.60% TP target at 160.2203.
37,SOLUSD,LONG,2024-08-25 07:00:00+00:00,2024-08-26 14:00:00+00:00,2024-08-26 15:00:00+00:00,2024-08-26 15:00:00+00:00,2024-08-25 12:30:00 IST,2024-08-26 19:30:00 IST,2024-08-26 20:30:00 IST,2024-08-26 20:30:00 IST,157.7931,155.373,1.412,1.5396,157.1881,155.373,158.1312,1.1547,30.31,30.31,0.6,35.0,18.19,1.776865,53.857673,0.323146,0.043086,0.280060,2.056925,FILLED_TP,TP_HIT,False,1,1.0,1,1.0,0,0.0,0.5196,3.4865,1h,Price reached fixed +0.60% TP target at 158.1312.
38,SOLUSD,LONG,2024-08-26 18:00:00+00:00,2024-08-27 06:00:00+00:00,2024-08-27 07:00:00+00:00,2024-08-27 09:00:00+00:00,2024-08-26 23:30:00 IST,2024-08-27 11:30:00 IST,2024-08-27 12:30:00 IST,2024-08-27 14:30:00 IST,159.415,156.46,1.412,1.8623,158.6762,156.46,159.6283,1.3967,25.06,25.06,0.6,35.0,15.04,2.056925,51.544192,-0.719924,0.041235,-0.761159,1.295766,FILLED_SL,SL_HIT,False,2,2.0,1,1.0,0,0.0,-1.0,2.4865,1h,Price breached distal stop loss at 156.4600.
39,SOLUSD,SHORT,2024-08-28 05:00:00+00:00,2024-08-28 09:00:00+00:00,2024-08-28 12:00:00+00:00,2024-08-28 13:00:00+00:00,2024-08-28 10:30:00 IST,2024-08-28 14:30:00 IST,2024-08-28 17:30:00 IST,2024-08-28 18:30:00 IST,149.331,147.248,1.412,1.4096,147.7687,149.331,146.8821,1.0572,33.11,33.11,0.6,35.0,19.86,1.295766,42.896980,0.257382,0.034318,0.223064,1.518830,FILLED_TP,TP_HIT,False,1,1.0,3,3.0,2,2.0,0.5675,3.054,1h,Price reached fixed +0.60% TP target at 146.8821.
40,SOLUSD,LONG,2024-08-21 13:00:00+00:00,2024-08-29 18:00:00+00:00,2024-08-29 19:00:00+00:00,2024-08-29 19:00:00+00:00,2024-08-21 18:30:00 IST,2024-08-29 23:30:00 IST,2024-08-30 00:30:00 IST,2024-08-30 00:30:00 IST,141.6,138.877,1.412,1.9323,140.9193,138.877,141.7648,1.4492,24.15,24.15,0.6,35.0,14.49,1.518830,36.680794,-0.531591,0.029345,-0.560935,0.957895,FILLED_SL,SL_HIT,False,1,1.0,1,1.0,0,0.0,-1.0,2.054,1h,Price breached distal stop loss at 138.8770.
41,SOLUSD,SHORT,2024-08-30 00:00:00+00:00,2024-08-30 12:00:00+00:00,2024-08-30 13:00:00+00:00,2024-08-30 13:00:00+00:00,2024-08-30 05:30:00 IST,2024-08-30 17:30:00 IST,2024-08-30 18:30:00 IST,2024-08-30 18:30:00 IST,141.18,139.886,1.412,0.9229,140.2095,141.18,139.3682,0.6922,50.56,50.56,0.6,35.0,30.34,0.957895,48.435958,0.290616,0.038749,0.251867,1.209762,FILLED_TP,TP_HIT,False,1,1.0,1,1.0,0,0.0,0.8668,2.9208,1h,Price reached fixed +0.60% TP target at 139.3682.
42,SOLUSD,LONG,2024-08-05 19:00:00+00:00,2024-09-02 03:00:00+00:00,2024-09-02 04:00:00+00:00,2024-09-02 04:00:00+00:00,2024-08-06 00:30:00 IST,2024-09-02 08:30:00 IST,2024-09-02 09:30:00 IST,2024-09-02 09:30:00 IST,130.426,126.855,1.412,2.7568,129.5332,126.855,130.3104,2.0676,16.93,16.93,0.6,35.0,10.16,1.209762,20.478501,0.122871,0.016383,0.106488,1.316250,FILLED_TP,TP_HIT,False,1,1.0,1,1.0,0,0.0,0.2902,3.211,1h,Price reached fixed +0.60% TP target at 130.3104.
43,SOLUSD,SHORT,2024-09-01 20:00:00+00:00,2024-09-02 20:00:00+00:00,2024-09-02 21:00:00+00:00,2024-09-02 21:00:00+00:00,2024-09-02 01:30:00 IST,2024-09-03 01:30:00 IST,2024-09-03 02:30:00 IST,2024-09-03 02:30:00 IST,136.157,134.573,1.412,1.1736,134.969,136.157,134.1592,0.8802,39.76,39.76,0.6,35.0,23.86,1.316250,52.338842,0.314033,0.041871,0.272162,1.588412,FILLED_TP,TP_HIT,False,1,1.0,1,1.0,0,0.0,0.6817,3.8927,1h,Price reached fixed +0.60% TP target at 134.1592.
44,SOLUSD,SHORT,2024-09-04 22:00:00+00:00,2024-09-05 04:00:00+00:00,2024-09-05 08:00:00+00:00,2024-09-05 08:00:00+00:00,2024-09-05 03:30:00 IST,2024-09-05 09:30:00 IST,2024-09-05 13:30:00 IST,2024-09-05 13:30:00 IST,134.674,133.482,1.412,0.891,133.78,134.674,132.9773,0.6683,52.37,52.37,0.6,35.0,31.42,1.588412,83.192648,0.499156,0.066554,0.432602,2.021014,FILLED_TP,TP_HIT,False,1,1.0,4,4.0,3,3.0,0.8979,4.7905,1h,Price reached fixed +0.60% TP target at 132.9773.
45,SOLUSD,SHORT,2024-09-05 13:00:00+00:00,2024-09-06 12:00:00+00:00,2024-09-06 13:00:00+00:00,2024-09-06 13:00:00+00:00,2024-09-05 18:30:00 IST,2024-09-06 17:30:00 IST,2024-09-06 18:30:00 IST,2024-09-06 18:30:00 IST,134.923,133.283,1.412,1.2267,133.693,134.923,132.8908,0.92,38.04,38.04,0.6,35.0,22.83,2.021014,76.884878,0.461309,0.061508,0.399801,2.420815,FILLED_TP,TP_HIT,False,1,1.0,1,1.0,0,0.0,0.6522,5.4427,1h,Price reached fixed +0.60% TP target at 132.8908.
46,SOLUSD,LONG,2024-09-06 07:00:00+00:00,2024-09-06 14:00:00+00:00,2024-09-06 15:00:00+00:00,2024-09-06 15:00:00+00:00,2024-09-06 12:30:00 IST,2024-09-06 19:30:00 IST,2024-09-06 20:30:00 IST,2024-09-06 20:30:00 IST,130.132,127.51,1.412,2.0251,129.4765,127.51,130.2534,1.5188,23.04,23.04,0.6,35.0,13.83,2.420815,55.786192,-0.847285,0.044629,-0.891914,1.528901,FILLED_SL,SL_HIT,False,1,1.0,1,1.0,0,0.0,-1.0,4.4427,1h,Price breached distal stop loss at 127.5100.
47,SOLUSD,SHORT,2024-09-06 10:00:00+00:00,2024-09-08 07:00:00+00:00,2024-09-08 08:00:00+00:00,2024-09-08 12:00:00+00:00,2024-09-06 15:30:00 IST,2024-09-08 12:30:00 IST,2024-09-08 13:30:00 IST,2024-09-08 17:30:00 IST,131.103,129.461,1.412,1.2643,129.8715,131.103,129.0923,0.9482,36.91,36.91,0.6,35.0,22.15,1.528901,56.432185,0.338593,0.045146,0.293447,1.822348,FILLED_TP,TP_HIT,False,4,4.0,1,1.0,0,0.0,0.6327,5.0754,1h,Price reached fixed +0.60% TP target at 129.0923.
48,SOLUSD,LONG,2024-09-07 23:00:00+00:00,2024-09-08 14:00:00+00:00,2024-09-08 15:00:00+00:00,2024-09-08 16:00:00+00:00,2024-09-08 04:30:00 IST,2024-09-08 19:30:00 IST,2024-09-08 20:30:00 IST,2024-09-08 21:30:00 IST,127.861,126.47,1.412,1.0909,127.5132,126.47,128.2783,0.8182,42.78,42.78,0.6,35.0,25.67,1.822348,77.959022,0.467754,0.062367,0.405387,2.227735,FILLED_TP,TP_HIT,False,1,1.0,1,1.0,0,0.0,0.7334,5.8088,1h,Price reached fixed +0.60% TP target at 128.2783.
49,SOLUSD,SHORT,2024-09-04 16:00:00+00:00,2024-09-09 18:00:00+00:00,2024-09-09 19:00:00+00:00,2024-09-09 19:00:00+00:00,2024-09-04 21:30:00 IST,2024-09-09 23:30:00 IST,2024-09-10 00:30:00 IST,2024-09-10 00:30:00 IST,134.952,132.983,1.412,1.4752,133.4753,134.952,132.6744,1.1064,31.63,31.63,0.6,35.0,18.98,2.227735,70.473429,-0.779707,0.056379,-0.836086,1.391649,FILLED_SL,SL_HIT,False,1,1.0,1,1.0,0,0.0,-1.0,4.8088,1h,Price breached distal stop loss at 134.9520.
50,SOLUSD,LONG,2024-09-12 15:00:00+00:00,2024-09-13 00:00:00+00:00,2024-09-13 01:00:00+00:00,2024-09-13 10:00:00+00:00,2024-09-12 20:30:00 IST,2024-09-13 05:30:00 IST,2024-09-13 06:30:00 IST,2024-09-13 15:30:00 IST,135.463,133.4,1.412,1.5287,134.9472,133.4,135.7569,1.1466,30.53,30.53,0.6,35.0,18.32,1.391649,42.481650,-0.487077,0.033985,-0.521063,0.870587,FILLED_SL,SL_HIT,False,9,9.0,1,1.0,0,0.0,-1.0,3.8088,1h,Price breached distal stop loss at 133.4000.
51,SOLUSD,LONG,2024-09-11 19:00:00+00:00,2024-09-13 11:00:00+00:00,2024-09-13 12:00:00+00:00,2024-09-13 12:00:00+00:00,2024-09-12 00:30:00 IST,2024-09-13 16:30:00 IST,2024-09-13 17:30:00 IST,2024-09-13 17:30:00 IST,132.885,131.692,1.412,0.8998,132.5867,131.692,133.3823,0.6748,51.86,51.86,0.6,35.0,31.12,0.870587,45.152155,-0.304705,0.036122,-0.340827,0.529760,FILLED_SL,SL_HIT,False,1,1.0,1,1.0,0,0.0,-1.0,2.8088,1h,Price breached distal stop loss at 131.6920.
52,SOLUSD,SHORT,2024-09-10 18:00:00+00:00,2024-09-13 15:00:00+00:00,2024-09-13 16:00:00+00:00,2024-09-13 18:00:00+00:00,2024-09-10 23:30:00 IST,2024-09-13 20:30:00 IST,2024-09-13 21:30:00 IST,2024-09-13 23:30:00 IST,138.008,136.054,1.412,1.4311,136.5425,138.008,135.7232,1.0733,32.61,32.61,0.6,35.0,19.57,0.529760,17.275432,-0.185416,0.013820,-0.199236,0.330523,FILLED_SL,SL_HIT,False,2,2.0,1,1.0,0,0.0,-1.0,1.8088,1h,Price breached distal stop loss at 138.0080.
53,SOLUSD,SHORT,2024-08-31 00:00:00+00:00,2024-09-13 19:00:00+00:00,2024-09-13 20:00:00+00:00,2024-09-13 21:00:00+00:00,2024-08-31 05:30:00 IST,2024-09-14 00:30:00 IST,2024-09-14 01:30:00 IST,2024-09-14 02:30:00 IST,139.245,137.946,1.412,0.9395,138.2707,139.245,137.4411,0.7046,49.67,49.67,0.6,35.0,29.8,0.330523,16.418375,-0.115683,0.013135,-0.128818,0.201706,FILLED_SL,SL_HIT,False,1,1.0,1,1.0,0,0.0,-1.0,0.8088,1h,Price breached distal stop loss at 139.2450.
54,SOLUSD,LONG,2024-09-16 14:00:00+00:00,2024-09-17 06:00:00+00:00,2024-09-17 09:00:00+00:00,2024-09-17 09:00:00+00:00,2024-09-16 19:30:00 IST,2024-09-17 11:30:00 IST,2024-09-17 14:30:00 IST,2024-09-17 14:30:00 IST,132.39,129.947,1.412,1.8539,131.7792,129.947,132.5699,1.3904,25.17,25.17,0.6,35.0,15.1,0.201706,5.077479,0.030465,0.004062,0.026403,0.228108,FILLED_TP,TP_HIT,False,1,1.0,3,3.0,2,2.0,0.4315,1.2403,1h,Price reached fixed +0.60% TP target at 132.5699.
55,SOLUSD,LONG,2024-09-21 16:00:00+00:00,2024-09-22 01:00:00+00:00,2024-09-22 02:00:00+00:00,2024-09-22 02:00:00+00:00,2024-09-21 21:30:00 IST,2024-09-22 06:30:00 IST,2024-09-22 07:30:00 IST,2024-09-22 07:30:00 IST,148.1,147.192,1.412,0.614,147.873,147.192,148.7602,0.4605,76.0,76.0,0.6,35.0,45.6,0.228108,17.336088,-0.079838,0.013869,-0.093707,0.134402,FILLED_SL,SL_HIT,False,1,1.0,1,1.0,0,0.0,-1.0,0.2403,1h,Price breached distal stop loss at 147.1920.
56,SOLUSD,LONG,2024-09-21 04:00:00+00:00,2024-09-22 09:00:00+00:00,2024-09-22 10:00:00+00:00,2024-09-22 10:00:00+00:00,2024-09-21 09:30:00 IST,2024-09-22 14:30:00 IST,2024-09-22 15:30:00 IST,2024-09-22 15:30:00 IST,146.193,144.676,1.412,1.0404,145.8137,144.676,146.6886,0.7803,44.86,44.86,0.6,35.0,26.91,0.134402,6.028706,-0.047041,0.004823,-0.051864,0.082538,FILLED_SL,SL_HIT,False,1,1.0,1,1.0,0,0.0,-1.0,-0.7597,1h,Price breached distal stop loss at 144.6760.
57,SOLUSD,SHORT,2024-09-25 15:00:00+00:00,2024-09-26 06:00:00+00:00,2024-09-26 07:00:00+00:00,2024-09-26 11:00:00+00:00,2024-09-25 20:30:00 IST,2024-09-26 11:30:00 IST,2024-09-26 12:30:00 IST,2024-09-26 16:30:00 IST,153.019,150.322,1.412,1.7861,150.9963,153.019,150.0903,1.3396,26.13,26.13,0.6,35.0,15.68,0.082538,2.156484,-0.028888,0.001725,-0.030614,0.051925,FILLED_SL,SL_HIT,False,4,4.0,1,1.0,0,0.0,-1.0,-1.7597,1h,Price breached distal stop loss at 153.0190.
58,SOLUSD,LONG,2024-09-26 23:00:00+00:00,2024-09-27 10:00:00+00:00,2024-09-27 12:00:00+00:00,2024-09-27 12:00:00+00:00,2024-09-27 04:30:00 IST,2024-09-27 15:30:00 IST,2024-09-27 17:30:00 IST,2024-09-27 17:30:00 IST,156.258,153.95,1.412,1.4825,155.681,153.95,156.6151,1.1119,31.48,31.48,0.6,35.0,18.89,0.051925,1.634479,0.009807,0.001308,0.008499,0.060424,FILLED_TP,TP_HIT,False,1,1.0,2,2.0,1,1.0,0.5396,-1.2201,1h,Price reached fixed +0.60% TP target at 156.6151.
59,SOLUSD,LONG,2024-09-28 21:00:00+00:00,2024-09-29 05:00:00+00:00,2024-09-29 06:00:00+00:00,2024-09-29 06:00:00+00:00,2024-09-29 02:30:00 IST,2024-09-29 10:30:00 IST,2024-09-29 11:30:00 IST,2024-09-29 11:30:00 IST,156.661,155.618,1.412,0.6669,156.4002,155.618,157.3387,0.5002,69.98,69.98,0.6,35.0,41.99,0.060424,4.228324,-0.021148,0.003383,-0.024531,0.035893,FILLED_SL,SL_HIT,False,1,1.0,1,1.0,0,0.0,-1.0,-2.2201,1h,Price breached distal stop loss at 155.6180.
60,SOLUSD,SHORT,2024-09-29 02:00:00+00:00,2024-09-29 17:00:00+00:00,2024-09-29 18:00:00+00:00,2024-09-29 19:00:00+00:00,2024-09-29 07:30:00 IST,2024-09-29 22:30:00 IST,2024-09-29 23:30:00 IST,2024-09-30 00:30:00 IST,158.531,157.696,1.412,0.5288,157.9048,158.531,156.9573,0.3966,88.25,88.25,0.6,35.0,52.95,0.035893,3.167549,-0.012562,0.002534,-0.015097,0.020796,FILLED_SL,SL_HIT,False,1,1.0,1,1.0,0,0.0,-1.0,-3.2201,1h,Price breached distal stop loss at 158.5310.
61,SOLUSD,SHORT,2024-09-30 14:00:00+00:00,2024-10-01 06:00:00+00:00,2024-10-01 07:00:00+00:00,2024-10-01 13:00:00+00:00,2024-09-30 19:30:00 IST,2024-10-01 11:30:00 IST,2024-10-01 12:30:00 IST,2024-10-01 18:30:00 IST,157.428,155.876,1.412,0.9932,156.264,157.428,155.3264,0.7449,46.99,46.99,0.6,35.0,28.19,0.020796,0.977148,0.005863,0.000782,0.005081,0.025877,FILLED_TP,TP_HIT,False,6,6.0,1,1.0,0,0.0,0.8055,-2.4146,1h,Price reached fixed +0.60% TP target at 155.3264.
62,SOLUSD,SHORT,2024-10-03 03:00:00+00:00,2024-10-04 12:00:00+00:00,2024-10-04 13:00:00+00:00,2024-10-04 13:00:00+00:00,2024-10-03 08:30:00 IST,2024-10-04 17:30:00 IST,2024-10-04 18:30:00 IST,2024-10-04 18:30:00 IST,142.861,141.683,1.412,0.8297,141.9775,142.861,141.1256,0.6223,56.24,56.24,0.6,35.0,33.75,0.025877,1.455469,0.008733,0.001164,0.007568,0.033446,FILLED_TP,TP_HIT,False,1,1.0,1,1.0,0,0.0,0.9642,-1.4504,1h,Price reached fixed +0.60% TP target at 141.1256.
63,SOLUSD,LONG,2024-10-05 04:00:00+00:00,2024-10-05 16:00:00+00:00,2024-10-05 17:00:00+00:00,2024-10-05 20:00:00+00:00,2024-10-05 09:30:00 IST,2024-10-05 21:30:00 IST,2024-10-05 22:30:00 IST,2024-10-06 01:30:00 IST,142.762,141.586,1.412,0.8254,142.468,141.586,143.3228,0.6191,56.53,56.53,0.6,35.0,33.92,0.033446,1.890862,-0.011706,0.001513,-0.013219,0.020227,FILLED_SL,SL_HIT,False,3,3.0,1,1.0,0,0.0,-1.0,-2.4504,1h,Price breached distal stop loss at 141.5860.
64,SOLUSD,LONG,2024-10-06 21:00:00+00:00,2024-10-07 18:00:00+00:00,2024-10-07 22:00:00+00:00,2024-10-07 22:00:00+00:00,2024-10-07 02:30:00 IST,2024-10-07 23:30:00 IST,2024-10-08 03:30:00 IST,2024-10-08 03:30:00 IST,145.96,144.328,1.412,1.1212,145.552,144.328,146.4253,0.8409,41.62,41.62,0.6,35.0,24.97,0.020227,0.841859,0.005051,0.000673,0.004378,0.024605,FILLED_TP,TP_HIT,False,1,1.0,4,4.0,3,3.0,0.7135,-1.7369,1h,Price reached fixed +0.60% TP target at 146.4253.
65,SOLUSD,LONG,2024-10-06 04:00:00+00:00,2024-10-08 07:00:00+00:00,2024-10-08 08:00:00+00:00,2024-10-08 09:00:00+00:00,2024-10-06 09:30:00 IST,2024-10-08 12:30:00 IST,2024-10-08 13:30:00 IST,2024-10-08 14:30:00 IST,143.109,142.089,1.412,0.714,142.854,142.089,143.7111,0.5355,65.36,65.36,0.6,35.0,39.21,0.024605,1.608123,0.009649,0.001286,0.008362,0.032967,FILLED_TP,TP_HIT,False,1,1.0,1,1.0,0,0.0,1.1204,-0.6165,1h,Price reached fixed +0.60% TP target at 143.7111.
66,SOLUSD,SHORT,2024-10-10 05:00:00+00:00,2024-10-11 01:00:00+00:00,2024-10-11 02:00:00+00:00,2024-10-11 02:00:00+00:00,2024-10-10 10:30:00 IST,2024-10-11 06:30:00 IST,2024-10-11 07:30:00 IST,2024-10-11 07:30:00 IST,140.815,139.506,1.412,0.9361,139.8332,140.815,138.9943,0.7021,49.85,49.85,0.6,35.0,29.91,0.032967,1.643455,-0.011538,0.001315,-0.012853,0.020114,FILLED_SL,SL_HIT,False,1,1.0,1,1.0,0,0.0,-1.0,-1.6165,1h,Price breached distal stop loss at 140.8150.
67,SOLUSD,LONG,2024-10-12 03:00:00+00:00,2024-10-13 03:00:00+00:00,2024-10-13 15:00:00+00:00,2024-10-13 15:00:00+00:00,2024-10-12 08:30:00 IST,2024-10-13 08:30:00 IST,2024-10-13 20:30:00 IST,2024-10-13 20:30:00 IST,145.234,144.746,1.412,0.3363,145.112,144.746,145.9827,0.2522,138.77,100.0,0.6,25.22,60.0,0.020114,2.011383,-0.005073,0.001609,-0.006682,0.013432,FILLED_SL,SL_HIT,False,1,1.0,12,12.0,0,0.0,-1.0,-2.6165,1h,Price breached distal stop loss at 144.7460.
68,SOLUSD,SHORT,2024-10-17 01:00:00+00:00,2024-10-18 14:00:00+00:00,2024-10-18 15:00:00+00:00,2024-10-18 16:00:00+00:00,2024-10-17 06:30:00 IST,2024-10-18 19:30:00 IST,2024-10-18 20:30:00 IST,2024-10-18 21:30:00 IST,155.701,154.2,1.412,0.971,154.5752,155.701,153.6478,0.7283,48.06,48.06,0.6,35.0,28.83,0.013432,0.645498,-0.004701,0.000516,-0.005217,0.008214,FILLED_SL,SL_HIT,False,1,1.0,1,1.0,0,0.0,-1.0,-3.6165,1h,Price breached distal stop loss at 155.7010.
69,SOLUSD,SHORT,2024-09-29 21:00:00+00:00,2024-10-20 19:00:00+00:00,2024-10-20 20:00:00+00:00,2024-10-20 20:00:00+00:00,2024-09-30 02:30:00 IST,2024-10-21 00:30:00 IST,2024-10-21 01:30:00 IST,2024-10-21 01:30:00 IST,161.74,159.867,1.412,1.1682,160.3353,161.74,159.3732,0.8761,39.95,39.95,0.6,35.0,23.97,0.008214,0.328142,-0.002875,0.000263,-0.003137,0.005077,FILLED_SL,SL_HIT,False,1,1.0,1,1.0,0,0.0,-1.0,-4.6165,1h,Price breached distal stop loss at 161.7400.
70,SOLUSD,LONG,2024-10-22 01:00:00+00:00,2024-10-22 07:00:00+00:00,2024-10-22 08:00:00+00:00,2024-10-22 08:00:00+00:00,2024-10-22 06:30:00 IST,2024-10-22 12:30:00 IST,2024-10-22 13:30:00 IST,2024-10-22 13:30:00 IST,167.318,165.39,1.412,1.1556,166.836,165.39,167.837,0.8667,40.38,40.38,0.6,35.0,24.23,0.005077,0.205008,-0.001777,0.000164,-0.001941,0.003136,FILLED_SL,SL_HIT,False,1,1.0,1,1.0,0,0.0,-1.0,-5.6165,1h,Price breached distal stop loss at 165.3900.
71,SOLUSD,LONG,2024-10-23 22:00:00+00:00,2024-10-24 08:00:00+00:00,2024-10-24 09:00:00+00:00,2024-10-24 09:00:00+00:00,2024-10-24 03:30:00 IST,2024-10-24 13:30:00 IST,2024-10-24 14:30:00 IST,2024-10-24 14:30:00 IST,172.059,170.1,1.412,1.1418,171.5693,170.1,172.5987,0.8564,40.87,40.87,0.6,35.0,24.52,0.003136,0.128164,0.000769,0.000103,0.000666,0.003802,FILLED_TP,TP_HIT,False,1,1.0,1,1.0,0,0.0,0.7006,-4.9158,1h,Price reached fixed +0.60% TP target at 172.5987.
72,SOLUSD,LONG,2024-10-24 09:00:00+00:00,2024-10-25 07:00:00+00:00,2024-10-25 08:00:00+00:00,2024-10-25 08:00:00+00:00,2024-10-24 14:30:00 IST,2024-10-25 12:30:00 IST,2024-10-25 13:30:00 IST,2024-10-25 13:30:00 IST,172.609,171.1,1.412,0.8761,172.2318,171.1,173.2651,0.6571,53.26,53.26,0.6,35.0,31.96,0.003802,0.202524,-0.001331,0.000162,-0.001493,0.002309,FILLED_SL,SL_HIT,False,1,1.0,1,1.0,0,0.0,-1.0,-5.9158,1h,Price breached distal stop loss at 171.1000.
73,SOLUSD,LONG,2024-10-28 16:00:00+00:00,2024-10-30 18:00:00+00:00,2024-10-30 19:00:00+00:00,2024-10-30 20:00:00+00:00,2024-10-28 21:30:00 IST,2024-10-30 23:30:00 IST,2024-10-31 00:30:00 IST,2024-10-31 01:30:00 IST,175.15,173.14,1.412,1.1509,174.6475,173.14,175.6954,0.8632,40.55,40.55,0.6,35.0,24.33,0.002309,0.093645,0.000562,0.000075,0.000487,0.002796,FILLED_TP,TP_HIT,False,1,1.0,1,1.0,0,0.0,0.6951,-5.2207,1h,Price reached fixed +0.60% TP target at 175.6954.
74,SOLUSD,SHORT,2024-11-02 08:00:00+00:00,2024-11-02 20:00:00+00:00,2024-11-02 21:00:00+00:00,2024-11-02 22:00:00+00:00,2024-11-02 13:30:00 IST,2024-11-03 01:30:00 IST,2024-11-03 02:30:00 IST,2024-11-03 03:30:00 IST,167.73,166.41,1.412,0.7917,166.74,167.73,165.7396,0.5937,58.95,58.95,0.6,35.0,35.37,0.002796,0.164845,0.000989,0.000132,0.000857,0.003654,FILLED_TP,TP_HIT,False,1,1.0,1,1.0,0,0.0,1.0105,-4.2102,1h,Price reached fixed +0.60% TP target at 165.7396.
75,SOLUSD,SHORT,2024-11-03 11:00:00+00:00,2024-11-04 02:00:00+00:00,2024-11-04 03:00:00+00:00,2024-11-04 03:00:00+00:00,2024-11-03 16:30:00 IST,2024-11-04 07:30:00 IST,2024-11-04 08:30:00 IST,2024-11-04 08:30:00 IST,164.76,163.351,1.412,0.8607,163.7032,164.76,162.721,0.6455,54.22,54.22,0.6,35.0,32.53,0.003654,0.198097,-0.001279,0.000158,-0.001437,0.002216,FILLED_SL,DUAL_TOUCH_CONSERVATIVE_SL,True,1,1.0,1,1.0,0,0.0,-1.0,-5.2102,1h,Dual-touch candle: Both TP and SL touched in same 1H candle. Conservative SL-first execution applied.
76,SOLUSD,SHORT,2024-11-04 13:00:00+00:00,2024-11-05 12:00:00+00:00,2024-11-05 13:00:00+00:00,2024-11-05 14:00:00+00:00,2024-11-04 18:30:00 IST,2024-11-05 17:30:00 IST,2024-11-05 18:30:00 IST,2024-11-05 19:30:00 IST,164.914,163.2824,1.412,0.9968,163.6903,164.914,162.7082,0.7476,46.82,46.82,0.6,35.0,28.09,0.002216,0.103767,-0.000776,0.000083,-0.000859,0.001358,FILLED_SL,SL_HIT,False,1,1.0,1,1.0,0,0.0,-1.0,-6.2102,1h,Price breached distal stop loss at 164.9140.
77,SOLUSD,LONG,2024-11-06 15:00:00+00:00,2024-11-06 23:00:00+00:00,2024-11-07 00:00:00+00:00,2024-11-07 01:00:00+00:00,2024-11-06 20:30:00 IST,2024-11-07 04:30:00 IST,2024-11-07 05:30:00 IST,2024-11-07 06:30:00 IST,187.873,184.359,1.412,1.8792,186.9945,184.359,188.1165,1.4094,24.83,24.83,0.6,35.0,14.9,0.001358,0.033714,0.000202,0.000027,0.000175,0.001533,FILLED_TP,TP_HIT,False,1,1.0,1,1.0,0,0.0,0.4257,-5.7845,1h,Price reached fixed +0.60% TP target at 188.1165.
78,SOLUSD,LONG,2024-11-07 23:00:00+00:00,2024-11-08 02:00:00+00:00,2024-11-09 17:00:00+00:00,2024-11-09 17:00:00+00:00,2024-11-08 04:30:00 IST,2024-11-08 07:30:00 IST,2024-11-09 22:30:00 IST,2024-11-09 22:30:00 IST,196.385,194.208,1.412,1.1116,195.8407,194.208,197.0158,0.8337,41.98,41.98,0.6,35.0,25.19,0.001533,0.064354,0.000386,0.000051,0.000335,0.001868,FILLED_TP,TP_HIT,False,1,1.0,39,39.0,38,38.0,0.7197,-5.0648,1h,Price reached fixed +0.60% TP target at 197.0158.
79,SOLUSD,LONG,2024-11-12 02:00:00+00:00,2024-11-12 09:00:00+00:00,2024-11-12 10:00:00+00:00,2024-11-12 10:00:00+00:00,2024-11-12 07:30:00 IST,2024-11-12 14:30:00 IST,2024-11-12 15:30:00 IST,2024-11-12 15:30:00 IST,220.013,215.71,1.412,1.9654,218.9373,215.71,220.2509,1.4741,23.74,23.74,0.6,35.0,14.25,0.001868,0.044344,-0.000654,0.000035,-0.000689,0.001178,FILLED_SL,SL_HIT,False,1,1.0,1,1.0,0,0.0,-1.0,-6.0648,1h,Price breached distal stop loss at 215.7100.
80,SOLUSD,SHORT,2024-11-12 22:00:00+00:00,2024-11-13 13:00:00+00:00,2024-11-13 14:00:00+00:00,2024-11-13 14:00:00+00:00,2024-11-13 03:30:00 IST,2024-11-13 18:30:00 IST,2024-11-13 19:30:00 IST,2024-11-13 19:30:00 IST,215.644,212.361,1.412,1.54,213.1817,215.644,211.9027,1.155,30.3,30.3,0.6,35.0,18.18,0.001178,0.035711,-0.000412,0.000029,-0.000441,0.000737,FILLED_SL,DUAL_TOUCH_CONSERVATIVE_SL,True,1,1.0,1,1.0,0,0.0,-1.0,-7.0648,1h,Dual-touch candle: Both TP and SL touched in same 1H candle. Conservative SL-first execution applied.
81,SOLUSD,SHORT,2024-11-12 08:00:00+00:00,2024-11-14 09:00:00+00:00,2024-11-14 10:00:00+00:00,2024-11-14 10:00:00+00:00,2024-11-12 13:30:00 IST,2024-11-14 14:30:00 IST,2024-11-14 15:30:00 IST,2024-11-14 15:30:00 IST,225.3328,220.959,1.412,1.9697,222.0524,225.3328,220.7201,1.4773,23.69,23.69,0.6,35.0,14.22,0.000737,0.017471,0.000105,0.000014,0.000091,0.000828,FILLED_TP,TP_HIT,False,1,1.0,1,1.0,0,0.0,0.4062,-6.6586,1h,Price reached fixed +0.60% TP target at 220.7201.
82,SOLUSD,LONG,2024-11-13 21:00:00+00:00,2024-11-14 14:00:00+00:00,2024-11-14 15:00:00+00:00,2024-11-14 15:00:00+00:00,2024-11-14 02:30:00 IST,2024-11-14 19:30:00 IST,2024-11-14 20:30:00 IST,2024-11-14 20:30:00 IST,211.831,206.48,1.412,2.5421,210.4932,206.48,211.7562,1.9066,18.36,18.36,0.6,35.0,11.01,0.000828,0.015205,0.000091,0.000012,0.000079,0.000907,FILLED_TP,TP_HIT,False,1,1.0,1,1.0,0,0.0,0.3147,-6.3439,1h,Price reached fixed +0.60% TP target at 211.7562.
83,SOLUSD,SHORT,2024-11-14 17:00:00+00:00,2024-11-15 13:00:00+00:00,2024-11-15 14:00:00+00:00,2024-11-15 14:00:00+00:00,2024-11-14 22:30:00 IST,2024-11-15 18:30:00 IST,2024-11-15 19:30:00 IST,2024-11-15 19:30:00 IST,217.171,214.544,1.412,1.2207,215.2007,217.171,213.9095,0.9155,38.23,38.23,0.6,35.0,22.94,0.000907,0.034687,0.000208,0.000028,0.000180,0.001088,FILLED_TP,TP_HIT,False,1,1.0,1,1.0,0,0.0,0.6554,-5.6886,1h,Price reached fixed +0.60% TP target at 213.9095.
84,SOLUSD,LONG,2024-11-22 01:00:00+00:00,2024-11-22 10:00:00+00:00,2024-11-22 13:00:00+00:00,2024-11-22 13:00:00+00:00,2024-11-22 06:30:00 IST,2024-11-22 15:30:00 IST,2024-11-22 18:30:00 IST,2024-11-22 18:30:00 IST,257.47,252.659,1.412,1.8773,256.2672,252.659,257.8049,1.408,24.86,24.86,0.6,35.0,14.91,0.001088,0.027038,0.000162,0.000022,0.000141,0.001228,FILLED_TP,TP_HIT,False,1,1.0,3,3.0,2,2.0,0.4261,-5.2624,1h,Price reached fixed +0.60% TP target at 257.8049.
85,SOLUSD,LONG,2024-11-23 02:00:00+00:00,2024-11-23 11:00:00+00:00,2024-11-23 16:00:00+00:00,2024-11-23 16:00:00+00:00,2024-11-23 07:30:00 IST,2024-11-23 16:30:00 IST,2024-11-23 21:30:00 IST,2024-11-23 21:30:00 IST,256.78,253.46,1.412,1.2971,255.95,253.46,257.4857,0.9728,35.98,35.98,0.6,35.0,21.59,0.001228,0.044191,0.000265,0.000035,0.000230,0.001458,FILLED_TP,TP_HIT,False,1,1.0,5,5.0,4,4.0,0.6167,-4.6457,1h,Price reached fixed +0.60% TP target at 257.4857.
86,SOLUSD,LONG,2024-11-25 01:00:00+00:00,2024-11-25 12:00:00+00:00,2024-11-25 13:00:00+00:00,2024-11-25 13:00:00+00:00,2024-11-25 06:30:00 IST,2024-11-25 17:30:00 IST,2024-11-25 18:30:00 IST,2024-11-25 18:30:00 IST,251.53,245.87,1.412,2.263,250.115,245.87,251.6157,1.6972,20.62,20.62,0.6,35.0,12.37,0.001458,0.030069,0.000180,0.000024,0.000156,0.001614,FILLED_TP,TP_HIT,False,1,1.0,1,1.0,0,0.0,0.3535,-4.2922,1h,Price reached fixed +0.60% TP target at 251.6157.
87,SOLUSD,LONG,2024-11-26 18:00:00+00:00,2024-11-27 04:00:00+00:00,2024-11-27 05:00:00+00:00,2024-11-27 05:00:00+00:00,2024-11-26 23:30:00 IST,2024-11-27 09:30:00 IST,2024-11-27 10:30:00 IST,2024-11-27 10:30:00 IST,230.35,223.5,1.412,2.996,228.6375,223.5,230.0093,2.247,15.58,15.58,0.6,35.0,9.35,0.001614,0.025147,0.000151,0.000020,0.000131,0.001745,FILLED_TP,TP_HIT,False,1,1.0,1,1.0,0,0.0,0.267,-4.0252,1h,Price reached fixed +0.60% TP target at 230.0093.
88,SOLUSD,SHORT,2024-11-26 06:00:00+00:00,2024-11-27 13:00:00+00:00,2024-11-27 14:00:00+00:00,2024-11-27 14:00:00+00:00,2024-11-26 11:30:00 IST,2024-11-27 18:30:00 IST,2024-11-27 19:30:00 IST,2024-11-27 19:30:00 IST,239.72,237.79,1.412,0.81,238.2725,239.72,236.8429,0.6075,57.61,57.61,0.6,35.0,34.57,0.001745,0.100549,-0.000611,0.000080,-0.000691,0.001054,FILLED_SL,DUAL_TOUCH_CONSERVATIVE_SL,True,1,1.0,1,1.0,0,0.0,-1.0,-5.0252,1h,Dual-touch candle: Both TP and SL touched in same 1H candle. Conservative SL-first execution applied.
89,SOLUSD,LONG,2024-11-29 07:00:00+00:00,2024-11-29 17:00:00+00:00,2024-11-29 18:00:00+00:00,2024-11-29 18:00:00+00:00,2024-11-29 12:30:00 IST,2024-11-29 22:30:00 IST,2024-11-29 23:30:00 IST,2024-11-29 23:30:00 IST,241.63,237.6255,1.412,1.6642,240.6289,237.6255,242.0726,1.2481,28.04,28.04,0.6,35.0,16.83,0.001054,0.029555,0.000177,0.000024,0.000154,0.001208,FILLED_TP,TP_HIT,False,1,1.0,1,1.0,0,0.0,0.4807,-4.5444,1h,Price reached fixed +0.60% TP target at 242.0726.
90,SOLUSD,SHORT,2024-12-03 06:00:00+00:00,2024-12-03 18:00:00+00:00,2024-12-03 19:00:00+00:00,2024-12-03 19:00:00+00:00,2024-12-03 11:30:00 IST,2024-12-03 23:30:00 IST,2024-12-04 00:30:00 IST,2024-12-04 00:30:00 IST,231.1,226.569,1.412,1.9899,227.7018,231.1,226.3355,1.4924,23.45,23.45,0.6,35.0,14.07,0.001208,0.028322,0.000170,0.000023,0.000147,0.001355,FILLED_TP,TP_HIT,False,1,1.0,1,1.0,0,0.0,0.402,-4.1424,1h,Price reached fixed +0.60% TP target at 226.3355.
91,SOLUSD,LONG,2024-12-05 06:00:00+00:00,2024-12-05 19:00:00+00:00,2024-12-05 20:00:00+00:00,2024-12-05 20:00:00+00:00,2024-12-05 11:30:00 IST,2024-12-06 00:30:00 IST,2024-12-06 01:30:00 IST,2024-12-06 01:30:00 IST,235.74,231.67,1.412,1.734,234.7225,231.67,236.1308,1.3005,26.91,26.91,0.6,35.0,16.15,0.001355,0.036465,-0.000474,0.000029,-0.000503,0.000852,FILLED_SL,SL_HIT,False,1,1.0,1,1.0,0,0.0,-1.0,-5.1424,1h,Price breached distal stop loss at 231.6700.
92,SOLUSD,SHORT,2024-12-07 20:00:00+00:00,2024-12-08 02:00:00+00:00,2024-12-08 03:00:00+00:00,2024-12-08 04:00:00+00:00,2024-12-08 01:30:00 IST,2024-12-08 07:30:00 IST,2024-12-08 08:30:00 IST,2024-12-08 09:30:00 IST,243.321,240.8,1.412,1.0442,241.4303,243.321,239.9817,0.7831,44.69,44.69,0.6,35.0,26.81,0.000852,0.038056,0.000228,0.000030,0.000198,0.001049,FILLED_TP,TP_HIT,False,1,1.0,1,1.0,0,0.0,0.7661,-4.3763,1h,Price reached fixed +0.60% TP target at 239.9817.
93,SOLUSD,SHORT,2024-12-10 06:00:00+00:00,2024-12-11 02:00:00+00:00,2024-12-11 03:00:00+00:00,2024-12-11 03:00:00+00:00,2024-12-10 11:30:00 IST,2024-12-11 07:30:00 IST,2024-12-11 08:30:00 IST,2024-12-11 08:30:00 IST,218.69,215.58,1.412,1.4374,216.3575,218.69,215.0594,1.0781,32.47,32.47,0.6,35.0,19.48,0.001049,0.034070,-0.000367,0.000027,-0.000395,0.000655,FILLED_SL,SL_HIT,False,1,1.0,1,1.0,0,0.0,-1.0,-5.3763,1h,Price breached distal stop loss at 218.6900.
94,SOLUSD,LONG,2024-12-12 01:00:00+00:00,2024-12-12 19:00:00+00:00,2024-12-12 20:00:00+00:00,2024-12-12 20:00:00+00:00,2024-12-12 06:30:00 IST,2024-12-13 00:30:00 IST,2024-12-13 01:30:00 IST,2024-12-13 01:30:00 IST,227.82,225.689,1.412,0.9376,227.2873,225.689,228.651,0.7032,49.77,49.77,0.6,35.0,29.86,0.000655,0.032595,0.000196,0.000026,0.000169,0.000824,FILLED_TP,TP_HIT,False,1,1.0,1,1.0,0,0.0,0.8533,-4.523,1h,Price reached fixed +0.60% TP target at 228.6510.
95,SOLUSD,SHORT,2024-12-13 11:00:00+00:00,2024-12-14 01:00:00+00:00,2024-12-14 02:00:00+00:00,2024-12-14 06:00:00+00:00,2024-12-13 16:30:00 IST,2024-12-14 06:30:00 IST,2024-12-14 07:30:00 IST,2024-12-14 11:30:00 IST,227.1729,225.52,1.412,0.7316,225.9332,227.1729,224.5776,0.5487,63.79,63.79,0.6,35.0,38.27,0.000824,0.052585,-0.000289,0.000042,-0.000331,0.000494,FILLED_SL,SL_HIT,False,4,4.0,1,1.0,0,0.0,-1.0,-5.523,1h,Price breached distal stop loss at 227.1729.
96,SOLUSD,LONG,2024-12-15 07:00:00+00:00,2024-12-15 21:00:00+00:00,2024-12-15 22:00:00+00:00,2024-12-15 22:00:00+00:00,2024-12-15 12:30:00 IST,2024-12-16 02:30:00 IST,2024-12-16 03:30:00 IST,2024-12-16 03:30:00 IST,218.6878,215.5873,1.412,1.4228,217.9127,215.5873,219.2202,1.0671,32.8,32.8,0.6,35.0,19.68,0.000494,0.016195,0.000097,0.000013,0.000084,0.000578,FILLED_TP,TP_HIT,False,1,1.0,1,1.0,0,0.0,0.5623,-4.9607,1h,Price reached fixed +0.60% TP target at 219.2202.
97,SOLUSD,SHORT,2024-12-20 02:00:00+00:00,2024-12-20 23:00:00+00:00,2024-12-21 01:00:00+00:00,2024-12-21 01:00:00+00:00,2024-12-20 07:30:00 IST,2024-12-21 04:30:00 IST,2024-12-21 06:30:00 IST,2024-12-21 06:30:00 IST,199.55,193.869,1.412,2.909,195.2893,199.55,194.1175,2.1818,16.04,16.04,0.6,35.0,9.63,0.000578,0.009272,0.000056,0.000007,0.000048,0.000626,FILLED_TP,TP_HIT,False,1,1.0,2,2.0,1,1.0,0.275,-4.6857,1h,Price reached fixed +0.60% TP target at 194.1175.
98,SOLUSD,LONG,2024-12-22 05:00:00+00:00,2024-12-22 14:00:00+00:00,2024-12-22 15:00:00+00:00,2024-12-22 15:00:00+00:00,2024-12-22 10:30:00 IST,2024-12-22 19:30:00 IST,2024-12-22 20:30:00 IST,2024-12-22 20:30:00 IST,180.74,177.8,1.412,1.6333,180.005,177.8,181.085,1.225,28.57,28.57,0.6,35.0,17.14,0.000626,0.017892,0.000107,0.000014,0.000093,0.000719,FILLED_TP,TP_HIT,False,1,1.0,1,1.0,0,0.0,0.4898,-4.1959,1h,Price reached fixed +0.60% TP target at 181.0850.
99,SOLUSD,LONG,2024-12-24 20:00:00+00:00,2024-12-26 04:00:00+00:00,2024-12-26 05:00:00+00:00,2024-12-26 07:00:00+00:00,2024-12-25 01:30:00 IST,2024-12-26 09:30:00 IST,2024-12-26 10:30:00 IST,2024-12-26 12:30:00 IST,195.411,193.25,1.412,1.1089,194.8707,193.25,196.04,0.8317,42.08,42.08,0.6,35.0,25.25,0.000719,0.030267,-0.000252,0.000024,-0.000276,0.000443,FILLED_SL,SL_HIT,False,2,2.0,1,1.0,0,0.0,-1.0,-5.1959,1h,Price breached distal stop loss at 193.2500.
100,SOLUSD,LONG,2024-12-23 15:00:00+00:00,2024-12-27 21:00:00+00:00,2024-12-27 22:00:00+00:00,2024-12-27 22:00:00+00:00,2024-12-23 20:30:00 IST,2024-12-28 02:30:00 IST,2024-12-28 03:30:00 IST,2024-12-28 03:30:00 IST,185.62,180.669,1.412,2.6852,184.3822,180.669,185.4885,2.0139,17.38,17.38,0.6,35.0,10.43,0.000443,0.007704,0.000046,0.000006,0.000040,0.000483,FILLED_TP,TP_HIT,False,1,1.0,1,1.0,0,0.0,0.2979,-4.898,1h,Price reached fixed +0.60% TP target at 185.4885.
101,SOLUSD,LONG,2024-12-29 02:00:00+00:00,2024-12-29 14:00:00+00:00,2024-12-29 15:00:00+00:00,2024-12-29 15:00:00+00:00,2024-12-29 07:30:00 IST,2024-12-29 19:30:00 IST,2024-12-29 20:30:00 IST,2024-12-29 20:30:00 IST,194.201,192.348,1.412,0.9564,193.7378,192.348,194.9002,0.7173,48.79,48.79,0.6,35.0,29.27,0.000483,0.023583,0.000142,0.000019,0.000123,0.000606,FILLED_TP,TP_HIT,False,1,1.0,1,1.0,0,0.0,0.8364,-4.0616,1h,Price reached fixed +0.60% TP target at 194.9002.
102,SOLUSD,SHORT,2024-12-29 14:00:00+00:00,2024-12-30 01:00:00+00:00,2024-12-30 08:00:00+00:00,2024-12-30 08:00:00+00:00,2024-12-29 19:30:00 IST,2024-12-30 06:30:00 IST,2024-12-30 13:30:00 IST,2024-12-30 13:30:00 IST,197.6,192.83,1.412,2.4585,194.0225,197.6,192.8584,1.8439,18.98,18.98,0.6,35.0,11.39,0.000606,0.011503,0.000069,0.000009,0.000060,0.000666,FILLED_TP,TP_HIT,False,1,1.0,7,7.0,6,6.0,0.3254,-3.7362,1h,Price reached fixed +0.60% TP target at 192.8584.
103,SOLUSD,SHORT,2024-12-30 12:00:00+00:00,2024-12-30 18:00:00+00:00,2024-12-30 19:00:00+00:00,2024-12-30 19:00:00+00:00,2024-12-30 17:30:00 IST,2024-12-30 23:30:00 IST,2024-12-31 00:30:00 IST,2024-12-31 00:30:00 IST,194.76,192.79,1.412,1.0192,193.2825,194.76,192.1228,0.7644,45.79,45.79,0.6,35.0,27.47,0.000666,0.030484,-0.000233,0.000024,-0.000257,0.000408,FILLED_SL,SL_HIT,False,1,1.0,1,1.0,0,0.0,-1.0,-4.7362,1h,Price breached distal stop loss at 194.7600.
104,SOLUSD,LONG,2024-12-31 05:00:00+00:00,2024-12-31 23:00:00+00:00,2025-01-01 00:00:00+00:00,2025-01-01 00:00:00+00:00,2024-12-31 10:30:00 IST,2025-01-01 04:30:00 IST,2025-01-01 05:30:00 IST,2025-01-01 05:30:00 IST,189.48,187.9436,1.412,0.8125,189.0959,187.9436,190.2305,0.6094,57.44,57.44,0.6,35.0,34.46,0.000408,0.023456,0.000141,0.000019,0.000122,0.000530,FILLED_TP,TP_HIT,False,1,1.0,1,1.0,0,0.0,0.9846,-3.7515,1h,Price reached fixed +0.60% TP target at 190.2305.
105,SOLUSD,SHORT,2025-01-04 02:00:00+00:00,2025-01-04 11:00:00+00:00,2025-01-04 12:00:00+00:00,2025-01-04 15:00:00+00:00,2025-01-04 07:30:00 IST,2025-01-04 16:30:00 IST,2025-01-04 17:30:00 IST,2025-01-04 20:30:00 IST,218.03,216.12,1.412,0.8818,216.5975,218.03,215.2979,0.6614,52.92,52.92,0.6,35.0,31.75,0.000530,0.028067,0.000168,0.000022,0.000146,0.000676,FILLED_TP,TP_HIT,False,3,3.0,1,1.0,0,0.0,0.9072,-2.8443,1h,Price reached fixed +0.60% TP target at 215.2979.
106,SOLUSD,SHORT,2025-01-08 15:00:00+00:00,2025-01-08 22:00:00+00:00,2025-01-08 23:00:00+00:00,2025-01-09 02:00:00+00:00,2025-01-08 20:30:00 IST,2025-01-09 03:30:00 IST,2025-01-09 04:30:00 IST,2025-01-09 07:30:00 IST,199.473,196.19,1.412,1.6664,197.0108,199.473,195.8287,1.2498,28.0,28.0,0.6,35.0,16.8,0.000676,0.018939,0.000114,0.000015,0.000098,0.000775,FILLED_TP,TP_HIT,False,3,3.0,1,1.0,0,0.0,0.4801,-2.3643,1h,Price reached fixed +0.60% TP target at 195.8287.
107,SOLUSD,SHORT,2025-01-09 16:00:00+00:00,2025-01-10 06:00:00+00:00,2025-01-10 07:00:00+00:00,2025-01-10 07:00:00+00:00,2025-01-09 21:30:00 IST,2025-01-10 11:30:00 IST,2025-01-10 12:30:00 IST,2025-01-10 12:30:00 IST,192.68,190.539,1.412,1.1205,191.0743,192.68,189.9278,0.8404,41.65,41.65,0.6,35.0,24.99,0.000775,0.032268,-0.000271,0.000026,-0.000297,0.000478,FILLED_SL,SL_HIT,False,1,1.0,1,1.0,0,0.0,-1.0,-3.3643,1h,Price breached distal stop loss at 192.6800.
108,SOLUSD,SHORT,2025-01-13 00:00:00+00:00,2025-01-14 22:00:00+00:00,2025-01-15 03:00:00+00:00,2025-01-15 03:00:00+00:00,2025-01-13 05:30:00 IST,2025-01-15 03:30:00 IST,2025-01-15 08:30:00 IST,2025-01-15 08:30:00 IST,191.906,188.22,1.412,1.9488,189.1415,191.906,188.0067,1.4616,23.95,23.95,0.6,35.0,14.37,0.000478,0.011441,0.000069,0.000009,0.000059,0.000537,FILLED_TP,TP_HIT,False,1,1.0,5,5.0,4,4.0,0.4105,-2.9537,1h,Price reached fixed +0.60% TP target at 188.0067.
109,SOLUSD,LONG,2025-01-17 20:00:00+00:00,2025-01-18 03:00:00+00:00,2025-01-18 04:00:00+00:00,2025-01-18 04:00:00+00:00,2025-01-18 01:30:00 IST,2025-01-18 08:30:00 IST,2025-01-18 09:30:00 IST,2025-01-18 09:30:00 IST,221.13,216.35,1.412,2.1734,219.935,216.35,221.2546,1.63,21.47,21.47,0.6,35.0,12.88,0.000537,0.011537,0.000069,0.000009,0.000060,0.000597,FILLED_TP,TP_HIT,False,1,1.0,1,1.0,0,0.0,0.3681,-2.5857,1h,Price reached fixed +0.60% TP target at 221.2546.
110,SOLUSD,LONG,2025-01-22 10:00:00+00:00,2025-01-22 18:00:00+00:00,2025-01-22 19:00:00+00:00,2025-01-22 19:00:00+00:00,2025-01-22 15:30:00 IST,2025-01-22 23:30:00 IST,2025-01-23 00:30:00 IST,2025-01-23 00:30:00 IST,254.865,252.11,1.412,1.0839,254.1763,252.11,255.7013,0.8129,43.05,43.05,0.6,35.0,25.83,0.000597,0.025716,0.000154,0.000021,0.000134,0.000731,FILLED_TP,TP_HIT,False,1,1.0,1,1.0,0,0.0,0.7381,-1.8476,1h,Price reached fixed +0.60% TP target at 255.7013.
111,SOLUSD,LONG,2025-01-22 18:00:00+00:00,2025-01-22 22:00:00+00:00,2025-01-22 23:00:00+00:00,2025-01-22 23:00:00+00:00,2025-01-22 23:30:00 IST,2025-01-23 03:30:00 IST,2025-01-23 04:30:00 IST,2025-01-23 04:30:00 IST,260.09,253.219,1.412,2.6593,258.3723,253.219,259.9225,1.9945,17.55,17.55,0.6,35.0,10.53,0.000731,0.012828,0.000077,0.000010,0.000067,0.000798,FILLED_TP,TP_HIT,False,1,1.0,1,1.0,0,0.0,0.3008,-1.5467,1h,Price reached fixed +0.60% TP target at 259.9225.
112,SOLUSD,LONG,2025-01-23 13:00:00+00:00,2025-01-23 19:00:00+00:00,2025-01-23 20:00:00+00:00,2025-01-23 20:00:00+00:00,2025-01-23 18:30:00 IST,2025-01-24 00:30:00 IST,2025-01-24 01:30:00 IST,2025-01-24 01:30:00 IST,247.504,242.03,1.412,2.224,246.1355,242.03,247.6123,1.668,20.98,20.98,0.6,35.0,12.59,0.000798,0.016739,0.000100,0.000013,0.000087,0.000885,FILLED_TP,TP_HIT,False,1,1.0,1,1.0,0,0.0,0.3597,-1.187,1h,Price reached fixed +0.60% TP target at 247.6123.
113,SOLUSD,LONG,2025-01-23 21:00:00+00:00,2025-01-25 04:00:00+00:00,2025-01-25 05:00:00+00:00,2025-01-25 14:00:00+00:00,2025-01-24 02:30:00 IST,2025-01-25 09:30:00 IST,2025-01-25 10:30:00 IST,2025-01-25 19:30:00 IST,251.42,243.488,1.412,3.18,249.437,243.488,250.9336,2.385,14.68,14.68,0.6,35.0,8.81,0.000885,0.012984,0.000078,0.000010,0.000068,0.000952,FILLED_TP,TP_HIT,False,9,9.0,1,1.0,0,0.0,0.2516,-0.9355,1h,Price reached fixed +0.60% TP target at 250.9336.
114,SOLUSD,LONG,2025-01-27 21:00:00+00:00,2025-01-28 12:00:00+00:00,2025-01-28 13:00:00+00:00,2025-01-28 13:00:00+00:00,2025-01-28 02:30:00 IST,2025-01-28 17:30:00 IST,2025-01-28 18:30:00 IST,2025-01-28 18:30:00 IST,237.72,232.619,1.412,2.1574,236.4447,232.619,237.8634,1.618,21.63,21.63,0.6,35.0,12.98,0.000952,0.020599,0.000124,0.000016,0.000107,0.001059,FILLED_TP,TP_HIT,False,1,1.0,1,1.0,0,0.0,0.3708,-0.5646,1h,Price reached fixed +0.60% TP target at 237.8634.
115,SOLUSD,SHORT,2025-01-28 05:00:00+00:00,2025-01-30 08:00:00+00:00,2025-01-30 09:00:00+00:00,2025-01-30 10:00:00+00:00,2025-01-28 10:30:00 IST,2025-01-30 13:30:00 IST,2025-01-30 14:30:00 IST,2025-01-30 15:30:00 IST,243.76,239.494,1.412,1.7734,240.5605,243.76,239.1171,1.33,26.32,26.32,0.6,35.0,15.79,0.001059,0.027878,0.000167,0.000022,0.000145,0.001204,FILLED_TP,TP_HIT,False,1,1.0,1,1.0,0,0.0,0.4511,-0.1135,1h,Price reached fixed +0.60% TP target at 239.1171.
116,SOLUSD,LONG,2025-01-30 07:00:00+00:00,2025-01-30 20:00:00+00:00,2025-01-30 21:00:00+00:00,2025-01-30 21:00:00+00:00,2025-01-30 12:30:00 IST,2025-01-31 01:30:00 IST,2025-01-31 02:30:00 IST,2025-01-31 02:30:00 IST,239.621,237.088,1.412,1.0599,238.9878,237.088,240.4217,0.7949,44.03,44.03,0.6,35.0,26.42,0.001204,0.053027,0.000318,0.000042,0.000276,0.001480,FILLED_TP,TP_HIT,False,1,1.0,1,1.0,0,0.0,0.7548,0.6413,1h,Price reached fixed +0.60% TP target at 240.4217.
117,SOLUSD,SHORT,2025-01-30 15:00:00+00:00,2025-01-31 12:00:00+00:00,2025-01-31 13:00:00+00:00,2025-01-31 13:00:00+00:00,2025-01-30 20:30:00 IST,2025-01-31 17:30:00 IST,2025-01-31 18:30:00 IST,2025-01-31 18:30:00 IST,244.55,240.51,1.412,1.6727,241.52,244.55,240.0709,1.2546,27.9,27.9,0.6,35.0,16.74,0.001480,0.041292,0.000248,0.000033,0.000215,0.001695,FILLED_TP,TP_HIT,False,1,1.0,1,1.0,0,0.0,0.4783,1.1195,1h,Price reached fixed +0.60% TP target at 240.0709.
118,SOLUSD,LONG,2025-01-30 00:00:00+00:00,2025-01-31 18:00:00+00:00,2025-01-31 19:00:00+00:00,2025-01-31 19:00:00+00:00,2025-01-30 05:30:00 IST,2025-01-31 23:30:00 IST,2025-02-01 00:30:00 IST,2025-02-01 00:30:00 IST,231.34,226.74,1.412,1.9983,230.19,226.74,231.5711,1.4988,23.35,23.35,0.6,35.0,14.01,0.001695,0.039578,0.000237,0.000032,0.000206,0.001901,FILLED_TP,TP_HIT,False,1,1.0,1,1.0,0,0.0,0.4003,1.5199,1h,Price reached fixed +0.60% TP target at 231.5711.
119,SOLUSD,LONG,2025-02-03 05:00:00+00:00,2025-02-03 12:00:00+00:00,2025-02-03 13:00:00+00:00,2025-02-03 13:00:00+00:00,2025-02-03 10:30:00 IST,2025-02-03 17:30:00 IST,2025-02-03 18:30:00 IST,2025-02-03 18:30:00 IST,197.31,189.6,1.412,3.9461,195.3825,189.6,196.5548,2.9596,11.83,11.83,0.6,35.0,7.1,0.001901,0.022477,0.000135,0.000018,0.000117,0.002017,FILLED_TP,TP_HIT,False,1,1.0,1,1.0,0,0.0,0.2027,1.7226,1h,Price reached fixed +0.60% TP target at 196.5548.
120,SOLUSD,SHORT,2025-02-02 08:00:00+00:00,2025-02-03 18:00:00+00:00,2025-02-03 19:00:00+00:00,2025-02-03 19:00:00+00:00,2025-02-02 13:30:00 IST,2025-02-03 23:30:00 IST,2025-02-04 00:30:00 IST,2025-02-04 00:30:00 IST,215.635,210.736,1.412,2.3113,211.9607,215.635,210.689,1.7335,20.19,20.19,0.6,35.0,12.11,0.002017,0.040735,0.000244,0.000033,0.000212,0.002229,FILLED_TP,TP_HIT,False,1,1.0,1,1.0,0,0.0,0.3461,2.0687,1h,Price reached fixed +0.60% TP target at 210.6890.
121,SOLUSD,SHORT,2025-02-05 14:00:00+00:00,2025-02-06 06:00:00+00:00,2025-02-09 03:00:00+00:00,2025-02-09 03:00:00+00:00,2025-02-05 19:30:00 IST,2025-02-06 11:30:00 IST,2025-02-09 08:30:00 IST,2025-02-09 08:30:00 IST,207.51,203.12,1.412,2.1497,204.2175,207.51,202.9922,1.6123,21.71,21.71,0.6,35.0,13.03,0.002229,0.048395,0.000290,0.000039,0.000252,0.002481,FILLED_TP,TP_HIT,False,1,1.0,69,69.0,68,68.0,0.3722,2.4409,1h,Price reached fixed +0.60% TP target at 202.9922.
122,SOLUSD,SHORT,2025-02-09 16:00:00+00:00,2025-02-09 23:00:00+00:00,2025-02-10 00:00:00+00:00,2025-02-10 00:00:00+00:00,2025-02-09 21:30:00 IST,2025-02-10 04:30:00 IST,2025-02-10 05:30:00 IST,2025-02-10 05:30:00 IST,201.99,200.0,1.412,0.9925,200.4975,201.99,199.2945,0.7444,47.02,47.02,0.6,35.0,28.21,0.002481,0.116649,-0.000868,0.000093,-0.000962,0.001519,FILLED_SL,SL_HIT,False,1,1.0,1,1.0,0,0.0,-1.0,1.4409,1h,Price breached distal stop loss at 201.9900.
123,SOLUSD,LONG,2025-02-09 21:00:00+00:00,2025-02-10 01:00:00+00:00,2025-02-10 02:00:00+00:00,2025-02-10 02:00:00+00:00,2025-02-10 02:30:00 IST,2025-02-10 06:30:00 IST,2025-02-10 07:30:00 IST,2025-02-10 07:30:00 IST,199.73,193.36,1.412,3.2149,198.1375,193.36,199.3263,2.4112,14.52,14.52,0.6,35.0,8.71,0.001519,0.022054,0.000132,0.000018,0.000115,0.001634,FILLED_TP,TP_HIT,False,1,1.0,1,1.0,0,0.0,0.2488,1.6897,1h,Price reached fixed +0.60% TP target at 199.3263.
124,SOLUSD,LONG,2025-02-10 02:00:00+00:00,2025-02-11 15:00:00+00:00,2025-02-11 16:00:00+00:00,2025-02-11 16:00:00+00:00,2025-02-10 07:30:00 IST,2025-02-11 20:30:00 IST,2025-02-11 21:30:00 IST,2025-02-11 21:30:00 IST,199.45,195.744,1.412,1.8668,198.5235,195.744,199.7146,1.4001,25.0,25.0,0.6,35.0,15.0,0.001634,0.040847,0.000245,0.000033,0.000212,0.001846,FILLED_TP,TP_HIT,False,1,1.0,1,1.0,0,0.0,0.4285,2.1183,1h,Price reached fixed +0.60% TP target at 199.7146.
125,SOLUSD,SHORT,2025-02-11 22:00:00+00:00,2025-02-12 09:00:00+00:00,2025-02-12 11:00:00+00:00,2025-02-12 13:00:00+00:00,2025-02-12 03:30:00 IST,2025-02-12 14:30:00 IST,2025-02-12 16:30:00 IST,2025-02-12 18:30:00 IST,199.29,196.1,1.412,1.6201,196.8975,199.29,195.7161,1.2151,28.8,28.8,0.6,35.0,17.28,0.001846,0.053184,0.000319,0.000043,0.000277,0.002123,FILLED_TP,TP_HIT,False,2,2.0,2,2.0,1,1.0,0.4938,2.6121,1h,Price reached fixed +0.60% TP target at 195.7161.
126,SOLUSD,SHORT,2025-02-15 18:00:00+00:00,2025-02-15 21:00:00+00:00,2025-02-15 22:00:00+00:00,2025-02-16 00:00:00+00:00,2025-02-15 23:30:00 IST,2025-02-16 02:30:00 IST,2025-02-16 03:30:00 IST,2025-02-16 05:30:00 IST,194.995,193.5,1.412,0.7711,193.8738,194.995,192.7105,0.5783,60.52,60.52,0.6,35.0,36.31,0.002123,0.128476,-0.000743,0.000103,-0.000846,0.001277,FILLED_SL,SL_HIT,False,2,2.0,1,1.0,0,0.0,-1.0,1.6121,1h,Price breached distal stop loss at 194.9950.
127,SOLUSD,LONG,2025-02-13 14:00:00+00:00,2025-02-16 13:00:00+00:00,2025-02-16 14:00:00+00:00,2025-02-16 14:00:00+00:00,2025-02-13 19:30:00 IST,2025-02-16 18:30:00 IST,2025-02-16 19:30:00 IST,2025-02-16 19:30:00 IST,191.48,188.802,1.412,1.4035,190.8105,188.802,191.9554,1.0526,33.25,33.25,0.6,35.0,19.95,0.001277,0.042465,0.000255,0.000034,0.000221,0.001498,FILLED_TP,TP_HIT,False,1,1.0,1,1.0,0,0.0,0.57,2.1821,1h,Price reached fixed +0.60% TP target at 191.9554.
128,SOLUSD,LONG,2025-01-13 13:00:00+00:00,2025-02-17 23:00:00+00:00,2025-02-18 00:00:00+00:00,2025-02-18 01:00:00+00:00,2025-01-13 18:30:00 IST,2025-02-18 04:30:00 IST,2025-02-18 05:30:00 IST,2025-02-18 06:30:00 IST,178.185,174.183,1.412,2.2587,177.1845,174.183,178.2476,1.694,20.66,20.66,0.6,35.0,12.4,0.001498,0.030949,0.000186,0.000025,0.000161,0.001659,FILLED_TP,TP_HIT,False,1,1.0,1,1.0,0,0.0,0.3542,2.5363,1h,Price reached fixed +0.60% TP target at 178.2476.
129,SOLUSD,SHORT,2025-02-18 12:00:00+00:00,2025-02-18 23:00:00+00:00,2025-02-19 00:00:00+00:00,2025-02-19 01:00:00+00:00,2025-02-18 17:30:00 IST,2025-02-19 04:30:00 IST,2025-02-19 05:30:00 IST,2025-02-19 06:30:00 IST,171.44,168.329,1.412,1.8397,169.1068,171.44,168.0921,1.3797,25.37,25.37,0.6,35.0,15.22,0.001659,0.042081,0.000252,0.000034,0.000219,0.001878,FILLED_TP,TP_HIT,False,1,1.0,1,1.0,0,0.0,0.4349,2.9711,1h,Price reached fixed +0.60% TP target at 168.0921.
130,SOLUSD,LONG,2025-02-22 03:00:00+00:00,2025-02-23 09:00:00+00:00,2025-02-23 10:00:00+00:00,2025-02-23 11:00:00+00:00,2025-02-22 08:30:00 IST,2025-02-23 14:30:00 IST,2025-02-23 15:30:00 IST,2025-02-23 16:30:00 IST,171.37,169.7306,1.412,0.9589,170.9601,169.7306,171.9859,0.7192,48.67,48.67,0.6,35.0,29.2,0.001878,0.091379,-0.000657,0.000073,-0.000730,0.001147,FILLED_SL,SL_HIT,False,1,1.0,1,1.0,0,0.0,-1.0,1.9711,1h,Price breached distal stop loss at 169.7306.
131,SOLUSD,LONG,2025-02-28 15:00:00+00:00,2025-03-01 00:00:00+00:00,2025-03-01 01:00:00+00:00,2025-03-01 01:00:00+00:00,2025-02-28 20:30:00 IST,2025-03-01 05:30:00 IST,2025-03-01 06:30:00 IST,2025-03-01 06:30:00 IST,147.79,143.649,1.412,2.8217,146.7548,143.649,147.6353,2.1163,16.54,16.54,0.6,35.0,9.92,0.001147,0.018976,0.000114,0.000015,0.000099,0.001246,FILLED_TP,TP_HIT,False,1,1.0,1,1.0,0,0.0,0.2835,2.2546,1h,Price reached fixed +0.60% TP target at 147.6353.
132,SOLUSD,LONG,2025-03-05 04:00:00+00:00,2025-03-05 14:00:00+00:00,2025-03-05 15:00:00+00:00,2025-03-05 15:00:00+00:00,2025-03-05 09:30:00 IST,2025-03-05 19:30:00 IST,2025-03-05 20:30:00 IST,2025-03-05 20:30:00 IST,142.48,140.762,1.412,1.2094,142.0505,140.762,142.9028,0.9071,38.59,38.59,0.6,35.0,23.15,0.001246,0.048081,-0.000436,0.000038,-0.000475,0.000771,FILLED_SL,DUAL_TOUCH_CONSERVATIVE_SL,True,1,1.0,1,1.0,0,0.0,-1.0,1.2546,1h,Dual-touch candle: Both TP and SL touched in same 1H candle. Conservative SL-first execution applied.
133,SOLUSD,LONG,2025-03-04 13:00:00+00:00,2025-03-09 10:00:00+00:00,2025-03-09 12:00:00+00:00,2025-03-09 12:00:00+00:00,2025-03-04 18:30:00 IST,2025-03-09 15:30:00 IST,2025-03-09 17:30:00 IST,2025-03-09 17:30:00 IST,136.29,132.587,1.412,2.7356,135.3642,132.587,136.1764,2.0517,17.06,17.06,0.6,35.0,10.24,0.000771,0.013161,0.000079,0.000011,0.000068,0.000840,FILLED_TP,TP_HIT,False,1,1.0,2,2.0,1,1.0,0.2924,1.5471,1h,Price reached fixed +0.60% TP target at 136.1764.
134,SOLUSD,LONG,2025-02-28 04:00:00+00:00,2025-03-09 16:00:00+00:00,2025-03-09 17:00:00+00:00,2025-03-09 19:00:00+00:00,2025-02-28 09:30:00 IST,2025-03-09 21:30:00 IST,2025-03-09 22:30:00 IST,2025-03-10 00:30:00 IST,129.121,125.529,1.412,2.8014,128.223,125.529,128.9923,2.101,16.66,16.66,0.6,35.0,10.0,0.000840,0.013992,0.000084,0.000011,0.000073,0.000913,FILLED_TP,TP_HIT,False,2,2.0,1,1.0,0,0.0,0.2856,1.8326,1h,Price reached fixed +0.60% TP target at 128.9923.
135,SOLUSD,SHORT,2025-03-10 09:00:00+00:00,2025-03-11 18:00:00+00:00,2025-03-11 19:00:00+00:00,2025-03-11 20:00:00+00:00,2025-03-10 14:30:00 IST,2025-03-11 23:30:00 IST,2025-03-12 00:30:00 IST,2025-03-12 01:30:00 IST,131.481,126.11,1.412,4.2141,127.4527,131.481,126.688,3.1606,11.07,11.07,0.6,35.0,6.64,0.000913,0.010107,0.000061,0.000008,0.000053,0.000965,FILLED_TP,TP_HIT,False,1,1.0,1,1.0,0,0.0,0.1898,2.0225,1h,Price reached fixed +0.60% TP target at 126.6880.
136,SOLUSD,LONG,2025-03-13 05:00:00+00:00,2025-03-13 13:00:00+00:00,2025-03-13 14:00:00+00:00,2025-03-13 14:00:00+00:00,2025-03-13 10:30:00 IST,2025-03-13 18:30:00 IST,2025-03-13 19:30:00 IST,2025-03-13 19:30:00 IST,124.46,122.962,1.412,1.2072,124.0855,122.962,124.83,0.9054,38.66,38.66,0.6,35.0,23.19,0.000965,0.037312,0.000224,0.000030,0.000194,0.001159,FILLED_TP,TP_HIT,False,1,1.0,1,1.0,0,0.0,0.6627,2.6852,1h,Price reached fixed +0.60% TP target at 124.8300.
137,SOLUSD,SHORT,2025-03-16 16:00:00+00:00,2025-03-17 03:00:00+00:00,2025-03-17 04:00:00+00:00,2025-03-17 05:00:00+00:00,2025-03-16 21:30:00 IST,2025-03-17 08:30:00 IST,2025-03-17 09:30:00 IST,2025-03-17 10:30:00 IST,131.15,128.47,1.412,2.0753,129.14,131.15,128.3652,1.5565,22.49,22.49,0.6,35.0,13.49,0.001159,0.026068,0.000156,0.000021,0.000136,0.001295,FILLED_TP,TP_HIT,False,1,1.0,1,1.0,0,0.0,0.3855,3.0706,1h,Price reached fixed +0.60% TP target at 128.3652.
138,SOLUSD,LONG,2025-03-21 22:00:00+00:00,2025-03-22 14:00:00+00:00,2025-03-22 15:00:00+00:00,2025-03-22 18:00:00+00:00,2025-03-22 03:30:00 IST,2025-03-22 19:30:00 IST,2025-03-22 20:30:00 IST,2025-03-22 23:30:00 IST,129.23,127.47,1.412,1.3666,128.79,127.47,129.5627,1.0249,34.15,34.15,0.6,35.0,20.49,0.001295,0.044217,0.000265,0.000035,0.000230,0.001525,FILLED_TP,TP_HIT,False,3,3.0,1,1.0,0,0.0,0.5854,3.6561,1h,Price reached fixed +0.60% TP target at 129.5627.
139,SOLUSD,SHORT,2025-03-22 19:00:00+00:00,2025-03-23 02:00:00+00:00,2025-03-23 03:00:00+00:00,2025-03-23 03:00:00+00:00,2025-03-23 00:30:00 IST,2025-03-23 07:30:00 IST,2025-03-23 08:30:00 IST,2025-03-23 08:30:00 IST,130.2,129.55,1.412,0.5011,129.7125,130.2,128.9342,0.3758,93.13,93.13,0.6,35.0,55.88,0.001525,0.141995,-0.000534,0.000114,-0.000647,0.000877,FILLED_SL,SL_HIT,False,1,1.0,1,1.0,0,0.0,-1.0,2.6561,1h,Price breached distal stop loss at 130.2000.
140,SOLUSD,SHORT,2025-03-29 14:00:00+00:00,2025-03-30 02:00:00+00:00,2025-03-30 03:00:00+00:00,2025-03-30 06:00:00+00:00,2025-03-29 19:30:00 IST,2025-03-30 07:30:00 IST,2025-03-30 08:30:00 IST,2025-03-30 11:30:00 IST,126.761,125.65,1.412,0.8823,125.9278,126.761,125.1722,0.6617,52.89,52.89,0.6,35.0,31.74,0.000877,0.046415,0.000278,0.000037,0.000241,0.001119,FILLED_TP,TP_HIT,False,3,3.0,1,1.0,0,0.0,0.9068,3.5628,1h,Price reached fixed +0.60% TP target at 125.1722.
141,SOLUSD,SHORT,2025-04-01 23:00:00+00:00,2025-04-02 12:00:00+00:00,2025-04-02 13:00:00+00:00,2025-04-02 13:00:00+00:00,2025-04-02 04:30:00 IST,2025-04-02 17:30:00 IST,2025-04-02 18:30:00 IST,2025-04-02 18:30:00 IST,127.476,126.159,1.412,1.0412,126.4883,127.476,125.7293,0.7809,44.82,44.82,0.6,35.0,26.89,0.001119,0.050147,-0.000392,0.000040,-0.000432,0.000687,FILLED_SL,DUAL_TOUCH_CONSERVATIVE_SL,True,1,1.0,1,1.0,0,0.0,-1.0,2.5628,1h,Dual-touch candle: Both TP and SL touched in same 1H candle. Conservative SL-first execution applied.
142,SOLUSD,LONG,2025-03-11 01:00:00+00:00,2025-04-02 22:00:00+00:00,2025-04-02 23:00:00+00:00,2025-04-02 23:00:00+00:00,2025-03-11 06:30:00 IST,2025-04-03 03:30:00 IST,2025-04-03 04:30:00 IST,2025-04-03 04:30:00 IST,119.182,113.86,1.412,4.5159,117.8515,113.86,118.5586,3.3869,10.33,10.33,0.6,35.0,6.2,0.000687,0.007101,0.000043,0.000006,0.000037,0.000724,FILLED_TP,TP_HIT,False,1,1.0,1,1.0,0,0.0,0.1772,2.74,1h,Price reached fixed +0.60% TP target at 118.5586.
143,SOLUSD,LONG,2024-08-05 11:00:00+00:00,2025-04-03 17:00:00+00:00,2025-04-03 18:00:00+00:00,2025-04-03 18:00:00+00:00,2024-08-05 16:30:00 IST,2025-04-03 22:30:00 IST,2025-04-03 23:30:00 IST,2025-04-03 23:30:00 IST,116.577,110.569,1.412,5.2209,115.075,110.569,115.7655,3.9157,8.94,8.94,0.6,35.0,5.36,0.000724,0.006472,0.000039,0.000005,0.000034,0.000758,FILLED_TP,TP_HIT,False,1,1.0,1,1.0,0,0.0,0.1532,2.8932,1h,Price reached fixed +0.60% TP target at 115.7655.
144,SOLUSD,LONG,2025-04-04 01:00:00+00:00,2025-04-04 10:00:00+00:00,2025-04-04 11:00:00+00:00,2025-04-04 11:00:00+00:00,2025-04-04 06:30:00 IST,2025-04-04 15:30:00 IST,2025-04-04 16:30:00 IST,2025-04-04 16:30:00 IST,116.304,114.623,1.412,1.4506,115.8838,114.623,116.5791,1.0879,32.17,32.17,0.6,35.0,19.3,0.000758,0.024376,-0.000265,0.000020,-0.000285,0.000473,FILLED_SL,SL_HIT,False,1,1.0,1,1.0,0,0.0,-1.0,1.8932,1h,Price breached distal stop loss at 114.6230.
145,SOLUSD,LONG,2025-04-04 11:00:00+00:00,2025-04-06 13:00:00+00:00,2025-04-06 14:00:00+00:00,2025-04-06 14:00:00+00:00,2025-04-04 16:30:00 IST,2025-04-06 18:30:00 IST,2025-04-06 19:30:00 IST,2025-04-06 19:30:00 IST,115.454,113.2477,1.412,1.9202,114.9024,113.2477,115.5918,1.4401,24.3,24.3,0.6,35.0,14.58,0.000473,0.011496,0.000069,0.000009,0.000060,0.000533,FILLED_TP,TP_HIT,False,1,1.0,1,1.0,0,0.0,0.4166,2.3098,1h,Price reached fixed +0.60% TP target at 115.5918.
146,SOLUSD,SHORT,2025-04-09 00:00:00+00:00,2025-04-09 04:00:00+00:00,2025-04-09 05:00:00+00:00,2025-04-09 06:00:00+00:00,2025-04-09 05:30:00 IST,2025-04-09 09:30:00 IST,2025-04-09 10:30:00 IST,2025-04-09 11:30:00 IST,106.522,104.175,1.412,2.2403,104.7618,106.522,104.1332,1.6802,20.83,20.83,0.6,35.0,12.5,0.000533,0.011098,-0.000186,0.000009,-0.000195,0.000337,FILLED_SL,SL_HIT,False,1,1.0,1,1.0,0,0.0,-1.0,1.3098,1h,Price breached distal stop loss at 106.5220.
147,SOLUSD,LONG,2025-04-09 01:00:00+00:00,2025-04-09 11:00:00+00:00,2025-04-09 12:00:00+00:00,2025-04-09 12:00:00+00:00,2025-04-09 06:30:00 IST,2025-04-09 16:30:00 IST,2025-04-09 17:30:00 IST,2025-04-09 17:30:00 IST,105.0,101.259,1.412,3.5949,104.0648,101.259,104.6891,2.6962,12.98,12.98,0.6,35.0,7.79,0.000337,0.004380,0.000026,0.000004,0.000023,0.000360,FILLED_TP,TP_HIT,False,1,1.0,1,1.0,0,0.0,0.2225,1.5324,1h,Price reached fixed +0.60% TP target at 104.6891.
148,SOLUSD,SHORT,2025-04-13 09:00:00+00:00,2025-04-13 16:00:00+00:00,2025-04-13 17:00:00+00:00,2025-04-13 17:00:00+00:00,2025-04-13 14:30:00 IST,2025-04-13 21:30:00 IST,2025-04-13 22:30:00 IST,2025-04-13 22:30:00 IST,131.547,129.436,1.412,1.6243,129.9638,131.547,129.184,1.2182,28.73,28.73,0.6,35.0,17.24,0.000360,0.010349,-0.000126,0.000008,-0.000134,0.000226,FILLED_SL,SL_HIT,False,1,1.0,1,1.0,0,0.0,-1.0,0.5324,1h,Price breached distal stop loss at 131.5470.
149,SOLUSD,LONG,2025-04-13 13:00:00+00:00,2025-04-13 19:00:00+00:00,2025-04-13 20:00:00+00:00,2025-04-13 20:00:00+00:00,2025-04-13 18:30:00 IST,2025-04-14 00:30:00 IST,2025-04-14 01:30:00 IST,2025-04-14 01:30:00 IST,130.117,126.8,1.412,2.5656,129.2877,126.8,130.0635,1.9242,18.19,18.19,0.6,35.0,10.91,0.000226,0.004108,-0.000079,0.000003,-0.000082,0.000144,FILLED_SL,SL_HIT,False,1,1.0,1,1.0,0,0.0,-1.0,-0.4676,1h,Price breached distal stop loss at 126.8000.
150,SOLUSD,SHORT,2025-04-13 17:00:00+00:00,2025-04-14 00:00:00+00:00,2025-04-14 01:00:00+00:00,2025-04-14 02:00:00+00:00,2025-04-13 22:30:00 IST,2025-04-14 05:30:00 IST,2025-04-14 06:30:00 IST,2025-04-14 07:30:00 IST,132.547,129.4439,1.412,2.383,130.2197,132.547,129.4384,1.7872,19.58,19.58,0.6,35.0,11.75,0.000144,0.002811,-0.000050,0.000002,-0.000052,0.000091,FILLED_SL,SL_HIT,False,1,1.0,1,1.0,0,0.0,-1.0,-1.4676,1h,Price breached distal stop loss at 132.5470.
151,SOLUSD,SHORT,2025-04-14 14:00:00+00:00,2025-04-15 05:00:00+00:00,2025-04-15 08:00:00+00:00,2025-04-15 14:00:00+00:00,2025-04-14 19:30:00 IST,2025-04-15 10:30:00 IST,2025-04-15 13:30:00 IST,2025-04-15 19:30:00 IST,134.746,131.08,1.412,2.7773,131.9965,134.746,131.2045,2.083,16.8,16.8,0.6,35.0,10.08,0.000091,0.001530,0.000009,0.000001,0.000008,0.000099,FILLED_TP,TP_HIT,False,6,6.0,3,3.0,2,2.0,0.288,-1.1796,1h,Price reached fixed +0.60% TP target at 131.2045.
152,SOLUSD,LONG,2025-04-15 00:00:00+00:00,2025-04-15 17:00:00+00:00,2025-04-15 18:00:00+00:00,2025-04-15 18:00:00+00:00,2025-04-15 05:30:00 IST,2025-04-15 22:30:00 IST,2025-04-15 23:30:00 IST,2025-04-15 23:30:00 IST,129.436,127.674,1.412,1.3659,128.9955,127.674,129.7695,1.0245,34.16,34.16,0.6,35.0,20.5,0.000099,0.003382,-0.000035,0.000003,-0.000037,0.000062,FILLED_SL,SL_HIT,False,1,1.0,1,1.0,0,0.0,-1.0,-2.1796,1h,Price breached distal stop loss at 127.6740.
153,SOLUSD,SHORT,2025-04-18 08:00:00+00:00,2025-04-19 01:00:00+00:00,2025-04-19 02:00:00+00:00,2025-04-19 02:00:00+00:00,2025-04-18 13:30:00 IST,2025-04-19 06:30:00 IST,2025-04-19 07:30:00 IST,2025-04-19 07:30:00 IST,135.5234,134.422,1.412,0.8177,134.6974,135.5234,133.8892,0.6133,57.07,57.07,0.6,35.0,34.24,0.000062,0.003518,-0.000022,0.000003,-0.000024,0.000037,FILLED_SL,SL_HIT,False,1,1.0,1,1.0,0,0.0,-1.0,-3.1796,1h,Price breached distal stop loss at 135.5234.
154,SOLUSD,LONG,2025-04-19 17:00:00+00:00,2025-04-20 08:00:00+00:00,2025-04-20 09:00:00+00:00,2025-04-20 11:00:00+00:00,2025-04-19 22:30:00 IST,2025-04-20 13:30:00 IST,2025-04-20 14:30:00 IST,2025-04-20 16:30:00 IST,139.448,137.612,1.412,1.321,138.989,137.612,139.8229,0.9907,35.33,35.33,0.6,35.0,21.2,0.000037,0.001316,-0.000013,0.000001,-0.000014,0.000023,FILLED_SL,SL_HIT,False,2,2.0,1,1.0,0,0.0,-1.0,-4.1796,1h,Price breached distal stop loss at 137.6120.
155,SOLUSD,LONG,2025-04-25 02:00:00+00:00,2025-04-25 10:00:00+00:00,2025-04-25 13:00:00+00:00,2025-04-25 13:00:00+00:00,2025-04-25 07:30:00 IST,2025-04-25 15:30:00 IST,2025-04-25 18:30:00 IST,2025-04-25 18:30:00 IST,153.141,150.5,1.412,1.732,152.4808,150.5,153.3956,1.299,26.94,26.94,0.6,35.0,16.17,0.000023,0.000624,0.000004,0.000000,0.000003,0.000026,FILLED_TP,TP_HIT,False,1,1.0,3,3.0,2,2.0,0.4619,-3.7177,1h,Price reached fixed +0.60% TP target at 153.3956.
156,SOLUSD,LONG,2025-04-24 08:00:00+00:00,2025-04-27 01:00:00+00:00,2025-04-27 02:00:00+00:00,2025-04-27 08:00:00+00:00,2025-04-24 13:30:00 IST,2025-04-27 06:30:00 IST,2025-04-27 07:30:00 IST,2025-04-27 13:30:00 IST,147.69,145.1729,1.412,1.7116,147.0607,145.1729,147.9431,1.2837,27.26,27.26,0.6,35.0,16.36,0.000026,0.000720,0.000004,0.000001,0.000004,0.000030,FILLED_TP,TP_HIT,False,6,6.0,1,1.0,0,0.0,0.4674,-3.2503,1h,Price reached fixed +0.60% TP target at 147.9431.
157,SOLUSD,SHORT,2025-04-27 00:00:00+00:00,2025-04-27 13:00:00+00:00,2025-04-27 14:00:00+00:00,2025-04-27 16:00:00+00:00,2025-04-27 05:30:00 IST,2025-04-27 18:30:00 IST,2025-04-27 19:30:00 IST,2025-04-27 21:30:00 IST,150.351,148.96,1.412,0.9316,149.3077,150.351,148.4119,0.6987,50.09,50.09,0.6,35.0,30.05,0.000030,0.001510,0.000009,0.000001,0.000008,0.000038,FILLED_TP,TP_HIT,False,2,2.0,1,1.0,0,0.0,0.8587,-2.3916,1h,Price reached fixed +0.60% TP target at 148.4119.
158,SOLUSD,SHORT,2025-04-27 18:00:00+00:00,2025-04-28 05:00:00+00:00,2025-04-28 06:00:00+00:00,2025-04-28 06:00:00+00:00,2025-04-27 23:30:00 IST,2025-04-28 10:30:00 IST,2025-04-28 11:30:00 IST,2025-04-28 11:30:00 IST,150.211,148.867,1.412,0.9008,149.203,150.211,148.3078,0.6756,51.81,51.81,0.6,35.0,31.08,0.000038,0.001969,-0.000013,0.000002,-0.000015,0.000023,FILLED_SL,SL_HIT,False,1,1.0,1,1.0,0,0.0,-1.0,-3.3916,1h,Price breached distal stop loss at 150.2110.
159,SOLUSD,SHORT,2025-04-26 01:00:00+00:00,2025-04-28 07:00:00+00:00,2025-04-28 08:00:00+00:00,2025-04-28 10:00:00+00:00,2025-04-26 06:30:00 IST,2025-04-28 12:30:00 IST,2025-04-28 13:30:00 IST,2025-04-28 15:30:00 IST,153.15,150.978,1.412,1.4335,151.521,153.15,150.6119,1.0751,32.56,32.56,0.6,35.0,19.53,0.000023,0.000753,-0.000008,0.000001,-0.000009,0.000014,FILLED_SL,DUAL_TOUCH_CONSERVATIVE_SL,True,2,2.0,1,1.0,0,0.0,-1.0,-4.3916,1h,Dual-touch candle: Both TP and SL touched in same 1H candle. Conservative SL-first execution applied.
160,SOLUSD,LONG,2025-04-28 01:00:00+00:00,2025-04-28 14:00:00+00:00,2025-04-28 15:00:00+00:00,2025-04-28 15:00:00+00:00,2025-04-28 06:30:00 IST,2025-04-28 19:30:00 IST,2025-04-28 20:30:00 IST,2025-04-28 20:30:00 IST,147.34,144.557,1.412,1.8978,146.6442,144.557,147.5241,1.4233,24.59,24.59,0.6,35.0,14.75,0.000014,0.000355,0.000002,0.000000,0.000002,0.000016,FILLED_TP,TP_HIT,False,1,1.0,1,1.0,0,0.0,0.4215,-3.97,1h,Price reached fixed +0.60% TP target at 147.5241.
161,SOLUSD,SHORT,2025-04-29 01:00:00+00:00,2025-04-29 06:00:00+00:00,2025-04-29 07:00:00+00:00,2025-04-29 08:00:00+00:00,2025-04-29 06:30:00 IST,2025-04-29 11:30:00 IST,2025-04-29 12:30:00 IST,2025-04-29 13:30:00 IST,149.164,147.366,1.412,1.2164,147.8155,149.164,146.9286,0.9123,38.37,38.37,0.6,35.0,23.02,0.000016,0.000624,-0.000006,0.000000,-0.000006,0.000010,FILLED_SL,SL_HIT,False,1,1.0,1,1.0,0,0.0,-1.0,-4.97,1h,Price breached distal stop loss at 149.1640.
162,SOLUSD,LONG,2025-04-29 05:00:00+00:00,2025-04-29 22:00:00+00:00,2025-04-29 23:00:00+00:00,2025-04-29 23:00:00+00:00,2025-04-29 10:30:00 IST,2025-04-30 03:30:00 IST,2025-04-30 04:30:00 IST,2025-04-30 04:30:00 IST,146.74,145.46,1.412,0.8742,146.42,145.46,147.2985,0.6556,53.38,53.38,0.6,35.0,32.03,0.000010,0.000538,-0.000004,0.000000,-0.000004,0.000006,FILLED_SL,SL_HIT,False,1,1.0,1,1.0,0,0.0,-1.0,-5.97,1h,Price breached distal stop loss at 145.4600.
163,SOLUSD,SHORT,2025-04-30 03:00:00+00:00,2025-04-30 20:00:00+00:00,2025-04-30 21:00:00+00:00,2025-05-01 01:00:00+00:00,2025-04-30 08:30:00 IST,2025-05-01 01:30:00 IST,2025-05-01 02:30:00 IST,2025-05-01 06:30:00 IST,148.62,146.129,1.412,1.6974,146.7517,148.62,145.8712,1.2731,27.49,27.49,0.6,35.0,16.5,0.000006,0.000168,-0.000002,0.000000,-0.000002,0.000004,FILLED_SL,SL_HIT,False,4,4.0,1,1.0,0,0.0,-1.0,-6.97,1h,Price breached distal stop loss at 148.6200.
164,SOLUSD,SHORT,2025-04-29 18:00:00+00:00,2025-05-01 06:00:00+00:00,2025-05-01 07:00:00+00:00,2025-05-01 08:00:00+00:00,2025-04-29 23:30:00 IST,2025-05-01 11:30:00 IST,2025-05-01 12:30:00 IST,2025-05-01 13:30:00 IST,150.363,148.384,1.412,1.3293,148.8787,150.363,147.9855,0.997,35.11,35.11,0.6,35.0,21.06,0.000004,0.000135,-0.000001,0.000000,-0.000001,0.000002,FILLED_SL,SL_HIT,False,1,1.0,1,1.0,0,0.0,-1.0,-7.97,1h,Price breached distal stop loss at 150.3630.
165,SOLUSD,SHORT,2025-05-02 01:00:00+00:00,2025-05-02 11:00:00+00:00,2025-05-02 12:00:00+00:00,2025-05-02 12:00:00+00:00,2025-05-02 06:30:00 IST,2025-05-02 16:30:00 IST,2025-05-02 17:30:00 IST,2025-05-02 17:30:00 IST,151.63,150.06,1.412,1.0435,150.4525,151.63,149.5498,0.7826,44.72,44.72,0.6,35.0,26.83,0.000002,0.000107,0.000001,0.000000,0.000001,0.000003,FILLED_TP,TP_HIT,False,1,1.0,1,1.0,0,0.0,0.7666,-7.2034,1h,Price reached fixed +0.60% TP target at 149.5498.
166,SOLUSD,SHORT,2025-05-03 03:00:00+00:00,2025-05-03 12:00:00+00:00,2025-05-03 13:00:00+00:00,2025-05-03 16:00:00+00:00,2025-05-03 08:30:00 IST,2025-05-03 17:30:00 IST,2025-05-03 18:30:00 IST,2025-05-03 21:30:00 IST,149.02,147.989,1.412,0.6955,148.2468,149.02,147.3573,0.5216,67.1,67.1,0.6,35.0,40.26,0.000003,0.000198,0.000001,0.000000,0.000001,0.000004,FILLED_TP,TP_HIT,False,3,3.0,1,1.0,0,0.0,1.1503,-6.0531,1h,Price reached fixed +0.60% TP target at 147.3573.
167,SOLUSD,SHORT,2025-05-03 21:00:00+00:00,2025-05-04 17:00:00+00:00,2025-05-04 18:00:00+00:00,2025-05-04 19:00:00+00:00,2025-05-04 02:30:00 IST,2025-05-04 22:30:00 IST,2025-05-04 23:30:00 IST,2025-05-05 00:30:00 IST,147.88,146.858,1.412,0.6947,147.1135,147.88,146.2308,0.521,67.18,67.18,0.6,35.0,40.31,0.000004,0.000267,0.000002,0.000000,0.000001,0.000005,FILLED_TP,TP_HIT,False,1,1.0,1,1.0,0,0.0,1.1516,-4.9015,1h,Price reached fixed +0.60% TP target at 146.2308.
168,SOLUSD,SHORT,2025-05-04 18:00:00+00:00,2025-05-05 06:00:00+00:00,2025-05-05 07:00:00+00:00,2025-05-05 10:00:00+00:00,2025-05-04 23:30:00 IST,2025-05-05 11:30:00 IST,2025-05-05 12:30:00 IST,2025-05-05 15:30:00 IST,147.75,146.479,1.412,0.8658,146.7968,147.75,145.916,0.6494,53.9,53.9,0.6,35.0,32.34,0.000005,0.000289,0.000002,0.000000,0.000002,0.000007,FILLED_TP,TP_HIT,False,3,3.0,1,1.0,0,0.0,0.924,-3.9775,1h,Price reached fixed +0.60% TP target at 145.9160.
169,SOLUSD,LONG,2025-04-30 14:00:00+00:00,2025-05-06 15:00:00+00:00,2025-05-06 16:00:00+00:00,2025-05-06 16:00:00+00:00,2025-04-30 19:30:00 IST,2025-05-06 20:30:00 IST,2025-05-06 21:30:00 IST,2025-05-06 21:30:00 IST,143.27,140.447,1.412,1.9802,142.5643,140.447,143.4196,1.4851,23.57,23.57,0.6,35.0,14.14,0.000007,0.000162,0.000001,0.000000,0.000001,0.000008,FILLED_TP,TP_HIT,False,1,1.0,1,1.0,0,0.0,0.404,-3.5735,1h,Price reached fixed +0.60% TP target at 143.4196.
170,SOLUSD,SHORT,2025-05-10 08:00:00+00:00,2025-05-10 13:00:00+00:00,2025-05-10 14:00:00+00:00,2025-05-10 14:00:00+00:00,2025-05-10 13:30:00 IST,2025-05-10 18:30:00 IST,2025-05-10 19:30:00 IST,2025-05-10 19:30:00 IST,173.4,171.137,1.412,1.318,171.7028,173.4,170.6725,0.9885,35.41,35.41,0.6,35.0,21.24,0.000008,0.000273,0.000002,0.000000,0.000001,0.000009,FILLED_TP,TP_HIT,False,1,1.0,1,1.0,0,0.0,0.607,-2.9665,1h,Price reached fixed +0.60% TP target at 170.6725.
171,SOLUSD,SHORT,2025-03-03 00:00:00+00:00,2025-05-10 21:00:00+00:00,2025-05-10 23:00:00+00:00,2025-05-11 00:00:00+00:00,2025-03-03 05:30:00 IST,2025-05-11 02:30:00 IST,2025-05-11 04:30:00 IST,2025-05-11 05:30:00 IST,179.32,174.045,1.412,3.008,175.3637,179.32,174.3116,2.256,15.51,15.51,0.6,35.0,9.31,0.000009,0.000142,-0.000003,0.000000,-0.000003,0.000006,FILLED_SL,DUAL_TOUCH_CONSERVATIVE_SL,True,1,1.0,2,2.0,1,1.0,-1.0,-3.9665,1h,Dual-touch candle: Both TP and SL touched in same 1H candle. Conservative SL-first execution applied.
172,SOLUSD,LONG,2025-05-10 11:00:00+00:00,2025-05-11 16:00:00+00:00,2025-05-11 17:00:00+00:00,2025-05-11 17:00:00+00:00,2025-05-10 16:30:00 IST,2025-05-11 21:30:00 IST,2025-05-11 22:30:00 IST,2025-05-11 22:30:00 IST,170.675,168.712,1.412,1.1535,170.1843,168.712,171.2054,0.8651,40.46,40.46,0.6,35.0,24.27,0.000006,0.000235,0.000001,0.000000,0.000001,0.000007,FILLED_TP,TP_HIT,False,1,1.0,1,1.0,0,0.0,0.6936,-3.273,1h,Price reached fixed +0.60% TP target at 171.2054.
173,SOLUSD,SHORT,2025-05-12 15:00:00+00:00,2025-05-12 23:00:00+00:00,2025-05-13 11:00:00+00:00,2025-05-13 11:00:00+00:00,2025-05-12 20:30:00 IST,2025-05-13 04:30:00 IST,2025-05-13 16:30:00 IST,2025-05-13 16:30:00 IST,177.226,174.06,1.412,1.8107,174.8515,177.226,173.8024,1.358,25.77,25.77,0.6,35.0,15.46,0.000007,0.000182,0.000001,0.000000,0.000001,0.000008,FILLED_TP,TP_HIT,False,1,1.0,12,12.0,11,11.0,0.4418,-2.8311,1h,Price reached fixed +0.60% TP target at 173.8024.
174,SOLUSD,LONG,2025-05-16 08:00:00+00:00,2025-05-16 14:00:00+00:00,2025-05-16 15:00:00+00:00,2025-05-16 15:00:00+00:00,2025-05-16 13:30:00 IST,2025-05-16 19:30:00 IST,2025-05-16 20:30:00 IST,2025-05-16 20:30:00 IST,172.344,169.3107,1.412,1.7678,171.5857,169.3107,172.6152,1.3259,26.4,26.4,0.6,35.0,15.84,0.000008,0.000211,0.000001,0.000000,0.000001,0.000009,FILLED_TP,TP_HIT,False,1,1.0,1,1.0,0,0.0,0.4525,-2.3786,1h,Price reached fixed +0.60% TP target at 172.6152.
175,SOLUSD,LONG,2025-05-17 22:00:00+00:00,2025-05-19 02:00:00+00:00,2025-05-19 03:00:00+00:00,2025-05-19 04:00:00+00:00,2025-05-18 03:30:00 IST,2025-05-19 07:30:00 IST,2025-05-19 08:30:00 IST,2025-05-19 09:30:00 IST,167.004,164.291,1.412,1.6311,166.3257,164.291,167.3237,1.2234,28.61,28.61,0.6,35.0,17.17,0.000009,0.000260,-0.000003,0.000000,-0.000003,0.000006,FILLED_SL,SL_HIT,False,1,1.0,1,1.0,0,0.0,-1.0,-3.3786,1h,Price breached distal stop loss at 164.2910.
176,SOLUSD,SHORT,2025-05-18 22:00:00+00:00,2025-05-19 23:00:00+00:00,2025-05-20 00:00:00+00:00,2025-05-20 01:00:00+00:00,2025-05-19 03:30:00 IST,2025-05-20 04:30:00 IST,2025-05-20 05:30:00 IST,2025-05-20 06:30:00 IST,170.125,166.103,1.412,2.4068,167.1085,170.125,166.1058,1.8051,19.39,19.39,0.6,35.0,11.63,0.000006,0.000110,-0.000002,0.000000,-0.000002,0.000004,FILLED_SL,SL_HIT,False,1,1.0,1,1.0,0,0.0,-1.0,-4.3786,1h,Price breached distal stop loss at 170.1250.
177,SOLUSD,LONG,2025-05-20 22:00:00+00:00,2025-05-21 08:00:00+00:00,2025-05-21 09:00:00+00:00,2025-05-21 11:00:00+00:00,2025-05-21 03:30:00 IST,2025-05-21 13:30:00 IST,2025-05-21 14:30:00 IST,2025-05-21 16:30:00 IST,168.263,166.28,1.412,1.182,167.7672,166.28,168.7739,0.8865,39.48,39.48,0.6,35.0,23.69,0.000004,0.000143,0.000001,0.000000,0.000001,0.000004,FILLED_TP,TP_HIT,False,2,2.0,1,1.0,0,0.0,0.6768,-3.7018,1h,Price reached fixed +0.60% TP target at 168.7739.
178,SOLUSD,SHORT,2025-05-21 16:00:00+00:00,2025-05-21 22:00:00+00:00,2025-05-21 23:00:00+00:00,2025-05-21 23:00:00+00:00,2025-05-21 21:30:00 IST,2025-05-22 03:30:00 IST,2025-05-22 04:30:00 IST,2025-05-22 04:30:00 IST,174.92,171.321,1.412,2.0898,172.2208,174.92,171.1874,1.5673,22.33,22.33,0.6,35.0,13.4,0.000004,0.000097,-0.000002,0.000000,-0.000002,0.000003,FILLED_SL,DUAL_TOUCH_CONSERVATIVE_SL,True,1,1.0,1,1.0,0,0.0,-1.0,-4.7018,1h,Dual-touch candle: Both TP and SL touched in same 1H candle. Conservative SL-first execution applied.
179,SOLUSD,SHORT,2025-05-15 00:00:00+00:00,2025-05-22 03:00:00+00:00,2025-05-22 04:00:00+00:00,2025-05-22 04:00:00+00:00,2025-05-15 05:30:00 IST,2025-05-22 08:30:00 IST,2025-05-22 09:30:00 IST,2025-05-22 09:30:00 IST,178.246,176.536,1.412,0.9663,176.9635,178.246,175.9017,0.7247,48.29,48.29,0.6,35.0,28.98,0.000003,0.000133,0.000001,0.000000,0.000001,0.000003,FILLED_TP,TP_HIT,False,1,1.0,1,1.0,0,0.0,0.8279,-3.8739,1h,Price reached fixed +0.60% TP target at 175.9017.
180,SOLUSD,SHORT,2025-05-25 13:00:00+00:00,2025-05-25 18:00:00+00:00,2025-05-25 19:00:00+00:00,2025-05-25 19:00:00+00:00,2025-05-25 18:30:00 IST,2025-05-25 23:30:00 IST,2025-05-26 00:30:00 IST,2025-05-26 00:30:00 IST,172.6,170.99,1.412,0.9394,171.3925,172.6,170.3641,0.7045,49.68,49.68,0.6,35.0,29.81,0.000003,0.000171,-0.000001,0.000000,-0.000001,0.000002,FILLED_SL,SL_HIT,False,1,1.0,1,1.0,0,0.0,-1.0,-4.8739,1h,Price breached distal stop loss at 172.6000.
181,SOLUSD,SHORT,2025-05-24 20:00:00+00:00,2025-05-26 00:00:00+00:00,2025-05-26 01:00:00+00:00,2025-05-26 02:00:00+00:00,2025-05-25 01:30:00 IST,2025-05-26 05:30:00 IST,2025-05-26 06:30:00 IST,2025-05-26 07:30:00 IST,177.878,176.865,1.412,0.5719,177.1182,177.878,176.0555,0.429,81.59,81.59,0.6,35.0,48.96,0.000002,0.000172,0.000001,0.000000,0.000001,0.000003,FILLED_TP,TP_HIT,False,1,1.0,1,1.0,0,0.0,1.3988,-3.4751,1h,Price reached fixed +0.60% TP target at 176.0555.
182,SOLUSD,SHORT,2025-05-26 22:00:00+00:00,2025-05-27 07:00:00+00:00,2025-05-27 08:00:00+00:00,2025-05-27 08:00:00+00:00,2025-05-27 03:30:00 IST,2025-05-27 12:30:00 IST,2025-05-27 13:30:00 IST,2025-05-27 13:30:00 IST,175.926,173.934,1.412,1.142,174.432,175.926,173.3854,0.8565,40.86,40.86,0.6,35.0,24.52,0.000003,0.000122,-0.000001,0.000000,-0.000001,0.000002,FILLED_SL,SL_HIT,False,1,1.0,1,1.0,0,0.0,-1.0,-4.4751,1h,Price breached distal stop loss at 175.9260.
183,SOLUSD,LONG,2025-05-19 06:00:00+00:00,2025-05-30 12:00:00+00:00,2025-05-30 13:00:00+00:00,2025-05-30 13:00:00+00:00,2025-05-19 11:30:00 IST,2025-05-30 17:30:00 IST,2025-05-30 18:30:00 IST,2025-05-30 18:30:00 IST,163.303,159.318,1.412,2.4552,162.3067,159.318,163.2806,1.8414,19.01,19.01,0.6,35.0,11.4,0.000002,0.000035,0.000000,0.000000,0.000000,0.000002,FILLED_TP,TP_HIT,False,1,1.0,1,1.0,0,0.0,0.3258,-4.1493,1h,Price reached fixed +0.60% TP target at 163.2806.
184,SOLUSD,SHORT,2025-05-31 22:00:00+00:00,2025-06-01 21:00:00+00:00,2025-06-01 22:00:00+00:00,2025-06-02 00:00:00+00:00,2025-06-01 03:30:00 IST,2025-06-02 02:30:00 IST,2025-06-02 03:30:00 IST,2025-06-02 05:30:00 IST,157.952,156.779,1.412,0.7468,157.0722,157.952,156.1298,0.5601,62.49,62.49,0.6,35.0,37.49,0.000002,0.000127,-0.000001,0.000000,-0.000001,0.000001,FILLED_SL,SL_HIT,False,2,2.0,1,1.0,0,0.0,-1.0,-5.1493,1h,Price breached distal stop loss at 157.9520.
185,SOLUSD,SHORT,2025-06-04 10:00:00+00:00,2025-06-04 14:00:00+00:00,2025-06-04 15:00:00+00:00,2025-06-04 15:00:00+00:00,2025-06-04 15:30:00 IST,2025-06-04 19:30:00 IST,2025-06-04 20:30:00 IST,2025-06-04 20:30:00 IST,157.853,156.379,1.412,0.9404,156.7475,157.853,155.807,0.7053,49.63,49.63,0.6,35.0,29.78,0.000001,0.000060,-0.000000,0.000000,-0.000000,0.000001,FILLED_SL,SL_HIT,False,1,1.0,1,1.0,0,0.0,-1.0,-6.1493,1h,Price breached distal stop loss at 157.8530.
186,SOLUSD,LONG,2025-06-02 14:00:00+00:00,2025-06-05 03:00:00+00:00,2025-06-05 04:00:00+00:00,2025-06-05 10:00:00+00:00,2025-06-02 19:30:00 IST,2025-06-05 08:30:00 IST,2025-06-05 09:30:00 IST,2025-06-05 15:30:00 IST,154.22,151.588,1.412,1.714,153.562,151.588,154.4834,1.2855,27.23,27.23,0.6,35.0,16.34,0.000001,0.000020,-0.000000,0.000000,-0.000000,0.000000,FILLED_SL,SL_HIT,False,6,6.0,1,1.0,0,0.0,-1.0,-7.1493,1h,Price breached distal stop loss at 151.5880.
187,SOLUSD,SHORT,2025-06-05 02:00:00+00:00,2025-06-05 12:00:00+00:00,2025-06-05 13:00:00+00:00,2025-06-05 13:00:00+00:00,2025-06-05 07:30:00 IST,2025-06-05 17:30:00 IST,2025-06-05 18:30:00 IST,2025-06-05 18:30:00 IST,154.541,153.279,1.412,0.8216,153.5945,154.541,152.6729,0.6162,56.8,56.8,0.6,35.0,34.08,0.000000,0.000027,0.000000,0.000000,0.000000,0.000001,FILLED_TP,TP_HIT,False,1,1.0,1,1.0,0,0.0,0.9737,-6.1756,1h,Price reached fixed +0.60% TP target at 152.6729.
188,SOLUSD,LONG,2025-06-10 15:00:00+00:00,2025-06-12 12:00:00+00:00,2025-06-12 13:00:00+00:00,2025-06-12 14:00:00+00:00,2025-06-10 20:30:00 IST,2025-06-12 17:30:00 IST,2025-06-12 18:30:00 IST,2025-06-12 19:30:00 IST,158.66,156.261,1.412,1.5178,158.0602,156.261,159.0086,1.1383,30.75,30.75,0.6,35.0,18.45,0.000001,0.000019,0.000000,0.000000,0.000000,0.000001,FILLED_TP,TP_HIT,False,1,1.0,1,1.0,0,0.0,0.5271,-5.6485,1h,Price reached fixed +0.60% TP target at 159.0086.
189,SOLUSD,SHORT,2025-06-12 00:00:00+00:00,2025-06-12 14:00:00+00:00,2025-06-12 15:00:00+00:00,2025-06-12 15:00:00+00:00,2025-06-12 05:30:00 IST,2025-06-12 19:30:00 IST,2025-06-12 20:30:00 IST,2025-06-12 20:30:00 IST,161.233,159.581,1.412,1.0325,159.994,161.233,159.034,0.7744,45.2,45.2,0.6,35.0,27.12,0.000001,0.000032,0.000000,0.000000,0.000000,0.000001,FILLED_TP,TP_HIT,False,1,1.0,1,1.0,0,0.0,0.7748,-4.8738,1h,Price reached fixed +0.60% TP target at 159.0340.
190,SOLUSD,LONG,2025-06-13 18:00:00+00:00,2025-06-14 02:00:00+00:00,2025-06-14 07:00:00+00:00,2025-06-14 15:00:00+00:00,2025-06-13 23:30:00 IST,2025-06-14 07:30:00 IST,2025-06-14 12:30:00 IST,2025-06-14 20:30:00 IST,146.61,144.258,1.412,1.6107,146.022,144.258,146.8981,1.208,28.97,28.97,0.6,35.0,17.38,0.000001,0.000025,-0.000000,0.000000,-0.000000,0.000001,FILLED_SL,SL_HIT,False,8,8.0,5,5.0,4,4.0,-1.0,-5.8738,1h,Price breached distal stop loss at 144.2580.
191,SOLUSD,LONG,2025-06-16 13:00:00+00:00,2025-06-16 21:00:00+00:00,2025-06-16 22:00:00+00:00,2025-06-16 22:00:00+00:00,2025-06-16 18:30:00 IST,2025-06-17 02:30:00 IST,2025-06-17 03:30:00 IST,2025-06-17 03:30:00 IST,156.712,154.6304,1.412,1.3327,156.1916,154.6304,157.1287,0.9995,35.02,35.02,0.6,35.0,21.01,0.000001,0.000019,-0.000000,0.000000,-0.000000,0.000000,FILLED_SL,DUAL_TOUCH_CONSERVATIVE_SL,True,1,1.0,1,1.0,0,0.0,-1.0,-6.8738,1h,Dual-touch candle: Both TP and SL touched in same 1H candle. Conservative SL-first execution applied.
192,SOLUSD,LONG,2025-06-15 21:00:00+00:00,2025-06-16 23:00:00+00:00,2025-06-17 00:00:00+00:00,2025-06-17 00:00:00+00:00,2025-06-16 02:30:00 IST,2025-06-17 04:30:00 IST,2025-06-17 05:30:00 IST,2025-06-17 05:30:00 IST,150.741,148.118,1.412,1.7477,150.0853,148.118,150.9858,1.3108,26.7,26.7,0.6,35.0,16.02,0.000000,0.000009,-0.000000,0.000000,-0.000000,0.000000,FILLED_SL,DUAL_TOUCH_CONSERVATIVE_SL,True,1,1.0,1,1.0,0,0.0,-1.0,-7.8738,1h,Dual-touch candle: Both TP and SL touched in same 1H candle. Conservative SL-first execution applied.
193,SOLUSD,LONG,2025-06-18 19:00:00+00:00,2025-06-19 01:00:00+00:00,2025-06-19 02:00:00+00:00,2025-06-19 03:00:00+00:00,2025-06-19 00:30:00 IST,2025-06-19 06:30:00 IST,2025-06-19 07:30:00 IST,2025-06-19 08:30:00 IST,146.0,143.625,1.412,1.6334,145.4062,143.625,146.2787,1.225,28.57,28.57,0.6,35.0,17.14,0.000000,0.000006,0.000000,0.000000,0.000000,0.000000,FILLED_TP,TP_HIT,False,1,1.0,1,1.0,0,0.0,0.4898,-7.384,1h,Price reached fixed +0.60% TP target at 146.2787.
194,SOLUSD,SHORT,2025-06-18 22:00:00+00:00,2025-06-20 07:00:00+00:00,2025-06-20 08:00:00+00:00,2025-06-20 08:00:00+00:00,2025-06-19 03:30:00 IST,2025-06-20 12:30:00 IST,2025-06-20 13:30:00 IST,2025-06-20 13:30:00 IST,147.87,147.118,1.412,0.5105,147.306,147.87,146.4222,0.3829,91.41,91.41,0.6,35.0,54.85,0.000000,0.000022,-0.000000,0.000000,-0.000000,0.000000,FILLED_SL,SL_HIT,False,1,1.0,1,1.0,0,0.0,-1.0,-8.384,1h,Price breached distal stop loss at 147.8700.
195,SOLUSD,LONG,2025-06-20 22:00:00+00:00,2025-06-21 16:00:00+00:00,2025-06-21 17:00:00+00:00,2025-06-21 17:00:00+00:00,2025-06-21 03:30:00 IST,2025-06-21 21:30:00 IST,2025-06-21 22:30:00 IST,2025-06-21 22:30:00 IST,140.119,138.617,1.412,1.0748,139.7435,138.617,140.582,0.8061,43.42,43.42,0.6,35.0,26.05,0.000000,0.000006,-0.000000,0.000000,-0.000000,0.000000,FILLED_SL,DUAL_TOUCH_CONSERVATIVE_SL,True,1,1.0,1,1.0,0,0.0,-1.0,-9.384,1h,Dual-touch candle: Both TP and SL touched in same 1H candle. Conservative SL-first execution applied.
196,SOLUSD,LONG,2025-06-24 19:00:00+00:00,2025-06-25 15:00:00+00:00,2025-06-25 16:00:00+00:00,2025-06-25 16:00:00+00:00,2025-06-25 00:30:00 IST,2025-06-25 20:30:00 IST,2025-06-25 21:30:00 IST,2025-06-25 21:30:00 IST,143.869,142.768,1.412,0.7667,143.5938,142.768,144.4553,0.5751,60.86,60.86,0.6,35.0,36.52,0.000000,0.000005,-0.000000,0.000000,-0.000000,0.000000,FILLED_SL,SL_HIT,False,1,1.0,1,1.0,0,0.0,-1.0,-10.384,1h,Price breached distal stop loss at 142.7680.
197,SOLUSD,SHORT,2025-06-26 03:00:00+00:00,2025-06-28 12:00:00+00:00,2025-06-28 13:00:00+00:00,2025-06-28 15:00:00+00:00,2025-06-26 08:30:00 IST,2025-06-28 17:30:00 IST,2025-06-28 18:30:00 IST,2025-06-28 20:30:00 IST,148.0,145.637,1.412,1.616,146.2278,148.0,145.3504,1.212,28.88,28.88,0.6,35.0,17.33,0.000000,0.000002,-0.000000,0.000000,-0.000000,0.000000,FILLED_SL,SL_HIT,False,2,2.0,1,1.0,0,0.0,-1.0,-11.384,1h,Price breached distal stop loss at 148.0000.
198,SOLUSD,SHORT,2025-06-28 22:00:00+00:00,2025-06-29 08:00:00+00:00,2025-06-29 09:00:00+00:00,2025-06-29 09:00:00+00:00,2025-06-29 03:30:00 IST,2025-06-29 13:30:00 IST,2025-06-29 14:30:00 IST,2025-06-29 14:30:00 IST,151.341,150.688,1.412,0.4329,150.8512,151.341,149.9461,0.3247,107.81,100.0,0.6,32.47,60.0,0.000000,0.000003,-0.000000,0.000000,-0.000000,0.000000,FILLED_SL,SL_HIT,False,1,1.0,1,1.0,0,0.0,-1.0,-12.384,1h,Price breached distal stop loss at 151.3410.
199,SOLUSD,LONG,2025-06-29 16:00:00+00:00,2025-06-30 06:00:00+00:00,2025-06-30 07:00:00+00:00,2025-06-30 08:00:00+00:00,2025-06-29 21:30:00 IST,2025-06-30 11:30:00 IST,2025-06-30 12:30:00 IST,2025-06-30 13:30:00 IST,150.921,149.67,1.412,0.8306,150.6082,149.67,151.5119,0.623,56.18,56.18,0.6,35.0,33.71,0.000000,0.000001,-0.000000,0.000000,-0.000000,0.000000,FILLED_SL,SL_HIT,False,1,1.0,1,1.0,0,0.0,-1.0,-13.384,1h,Price breached distal stop loss at 149.6700.
200,SOLUSD,LONG,2025-06-29 04:00:00+00:00,2025-06-30 08:00:00+00:00,2025-06-30 09:00:00+00:00,2025-06-30 11:00:00+00:00,2025-06-29 09:30:00 IST,2025-06-30 13:30:00 IST,2025-06-30 14:30:00 IST,2025-06-30 16:30:00 IST,149.95,149.319,1.412,0.4213,149.7922,149.319,150.691,0.3159,110.78,100.0,0.6,31.59,60.0,0.000000,0.000001,0.000000,0.000000,0.000000,0.000000,FILLED_TP,TP_HIT,False,2,2.0,1,1.0,0,0.0,1.8991,-11.4849,1h,Price reached fixed +0.60% TP target at 150.6910.
201,SOLUSD,LONG,2025-07-03 02:00:00+00:00,2025-07-03 12:00:00+00:00,2025-07-03 13:00:00+00:00,2025-07-03 13:00:00+00:00,2025-07-03 07:30:00 IST,2025-07-03 17:30:00 IST,2025-07-03 18:30:00 IST,2025-07-03 18:30:00 IST,153.13,151.694,1.412,0.94,152.771,151.694,153.6876,0.705,49.65,49.65,0.6,35.0,29.79,0.000000,0.000001,0.000000,0.000000,0.000000,0.000000,FILLED_TP,TP_HIT,False,1,1.0,1,1.0,0,0.0,0.8511,-10.6338,1h,Price reached fixed +0.60% TP target at 153.6876.
202,SOLUSD,LONG,2025-07-02 12:00:00+00:00,2025-07-04 13:00:00+00:00,2025-07-04 14:00:00+00:00,2025-07-04 15:00:00+00:00,2025-07-02 17:30:00 IST,2025-07-04 18:30:00 IST,2025-07-04 19:30:00 IST,2025-07-04 20:30:00 IST,148.583,147.068,1.412,1.0222,148.2043,147.068,149.0935,0.7667,45.65,45.65,0.6,35.0,27.39,0.000000,0.000001,-0.000000,0.000000,-0.000000,0.000000,FILLED_SL,SL_HIT,False,1,1.0,1,1.0,0,0.0,-1.0,-11.6338,1h,Price breached distal stop loss at 147.0680.
203,SOLUSD,SHORT,2025-07-05 13:00:00+00:00,2025-07-05 22:00:00+00:00,2025-07-05 23:00:00+00:00,2025-07-06 01:00:00+00:00,2025-07-05 18:30:00 IST,2025-07-06 03:30:00 IST,2025-07-06 04:30:00 IST,2025-07-06 06:30:00 IST,148.638,147.755,1.412,0.5967,147.9758,148.638,147.0879,0.4475,78.21,78.21,0.6,35.0,46.92,0.000000,0.000001,0.000000,0.000000,0.000000,0.000000,FILLED_TP,TP_HIT,False,2,2.0,1,1.0,0,0.0,1.3407,-10.2931,1h,Price reached fixed +0.60% TP target at 147.0879.
204,SOLUSD,SHORT,2025-07-06 07:00:00+00:00,2025-07-06 11:00:00+00:00,2025-07-06 12:00:00+00:00,2025-07-06 12:00:00+00:00,2025-07-06 12:30:00 IST,2025-07-06 16:30:00 IST,2025-07-06 17:30:00 IST,2025-07-06 17:30:00 IST,148.46,147.829,1.412,0.4264,147.9868,148.46,147.0988,0.3198,109.45,100.0,0.6,31.98,60.0,0.000000,0.000002,-0.000000,0.000000,-0.000000,0.000000,FILLED_SL,SL_HIT,False,1,1.0,1,1.0,0,0.0,-1.0,-11.2931,1h,Price breached distal stop loss at 148.4600.
205,SOLUSD,SHORT,2025-07-04 05:00:00+00:00,2025-07-06 14:00:00+00:00,2025-07-06 16:00:00+00:00,2025-07-06 16:00:00+00:00,2025-07-04 10:30:00 IST,2025-07-06 19:30:00 IST,2025-07-06 21:30:00 IST,2025-07-06 21:30:00 IST,153.871,151.49,1.412,1.5656,152.0853,153.871,151.1727,1.1742,29.81,29.81,0.6,35.0,17.88,0.000000,0.000000,0.000000,0.000000,0.000000,0.000000,FILLED_TP,TP_HIT,False,1,1.0,2,2.0,1,1.0,0.511,-10.7821,1h,Price reached fixed +0.60% TP target at 151.1727.
206,SOLUSD,SHORT,2025-07-07 11:00:00+00:00,2025-07-08 18:00:00+00:00,2025-07-08 19:00:00+00:00,2025-07-08 19:00:00+00:00,2025-07-07 16:30:00 IST,2025-07-08 23:30:00 IST,2025-07-09 00:30:00 IST,2025-07-09 00:30:00 IST,153.571,152.109,1.412,0.9588,152.4745,153.571,151.5597,0.7191,48.67,48.67,0.6,35.0,29.2,0.000000,0.000001,0.000000,0.000000,0.000000,0.000000,FILLED_TP,TP_HIT,False,1,1.0,1,1.0,0,0.0,0.8343,-9.9478,1h,Price reached fixed +0.60% TP target at 151.5597.
207,SOLUSD,SHORT,2025-07-10 08:00:00+00:00,2025-07-10 16:00:00+00:00,2025-07-10 17:00:00+00:00,2025-07-10 17:00:00+00:00,2025-07-10 13:30:00 IST,2025-07-10 21:30:00 IST,2025-07-10 22:30:00 IST,2025-07-10 22:30:00 IST,159.142,157.751,1.412,0.8798,158.0987,159.142,157.1502,0.6599,53.04,53.04,0.6,35.0,31.82,0.000000,0.000001,-0.000000,0.000000,-0.000000,0.000000,FILLED_SL,SL_HIT,False,1,1.0,1,1.0,0,0.0,-1.0,-10.9478,1h,Price breached distal stop loss at 159.1420.
208,SOLUSD,SHORT,2025-07-12 07:00:00+00:00,2025-07-13 13:00:00+00:00,2025-07-13 14:00:00+00:00,2025-07-13 14:00:00+00:00,2025-07-12 12:30:00 IST,2025-07-13 18:30:00 IST,2025-07-13 19:30:00 IST,2025-07-13 19:30:00 IST,163.7845,162.7,1.412,0.6655,162.9711,163.7845,161.9933,0.4991,70.13,70.13,0.6,35.0,42.08,0.000000,0.000001,-0.000000,0.000000,-0.000000,0.000000,FILLED_SL,SL_HIT,False,1,1.0,1,1.0,0,0.0,-1.0,-11.9478,1h,Price breached distal stop loss at 163.7845.
209,SOLUSD,SHORT,2025-07-15 13:00:00+00:00,2025-07-15 15:00:00+00:00,2025-07-15 16:00:00+00:00,2025-07-15 17:00:00+00:00,2025-07-15 18:30:00 IST,2025-07-15 20:30:00 IST,2025-07-15 21:30:00 IST,2025-07-15 22:30:00 IST,162.0,159.681,1.412,1.447,160.2608,162.0,159.2992,1.0853,32.25,32.25,0.6,35.0,19.35,0.000000,0.000000,-0.000000,0.000000,-0.000000,0.000000,FILLED_SL,SL_HIT,False,1,1.0,1,1.0,0,0.0,-1.0,-12.9478,1h,Price breached distal stop loss at 162.0000.
210,SOLUSD,SHORT,2025-07-14 13:00:00+00:00,2025-07-16 11:00:00+00:00,2025-07-16 12:00:00+00:00,2025-07-16 15:00:00+00:00,2025-07-14 18:30:00 IST,2025-07-16 16:30:00 IST,2025-07-16 17:30:00 IST,2025-07-16 20:30:00 IST,168.535,166.173,1.412,1.4164,166.7635,168.535,165.7629,1.0623,32.95,32.95,0.6,35.0,19.77,0.000000,0.000000,-0.000000,0.000000,-0.000000,0.000000,FILLED_SL,DUAL_TOUCH_CONSERVATIVE_SL,True,3,3.0,1,1.0,0,0.0,-1.0,-13.9478,1h,Dual-touch candle: Both TP and SL touched in same 1H candle. Conservative SL-first execution applied.
211,SOLUSD,SHORT,2025-07-19 13:00:00+00:00,2025-07-19 15:00:00+00:00,2025-07-19 16:00:00+00:00,2025-07-19 16:00:00+00:00,2025-07-19 18:30:00 IST,2025-07-19 20:30:00 IST,2025-07-19 21:30:00 IST,2025-07-19 21:30:00 IST,177.886,176.951,1.412,0.5277,177.1848,177.886,176.1216,0.3958,88.43,88.43,0.6,35.0,53.06,0.000000,0.000000,-0.000000,0.000000,-0.000000,0.000000,FILLED_SL,SL_HIT,False,1,1.0,1,1.0,0,0.0,-1.0,-14.9478,1h,Price breached distal stop loss at 177.8860.
212,SOLUSD,LONG,2025-07-19 14:00:00+00:00,2025-07-20 02:00:00+00:00,2025-07-20 05:00:00+00:00,2025-07-20 07:00:00+00:00,2025-07-19 19:30:00 IST,2025-07-20 07:30:00 IST,2025-07-20 10:30:00 IST,2025-07-20 12:30:00 IST,177.906,174.815,1.412,1.745,177.1333,174.815,178.196,1.3088,26.74,26.74,0.6,35.0,16.05,0.000000,0.000000,0.000000,0.000000,0.000000,0.000000,FILLED_TP,TP_HIT,False,2,2.0,3,3.0,2,2.0,0.4584,-14.4893,1h,Price reached fixed +0.60% TP target at 178.1960.
213,SOLUSD,LONG,2025-07-21 19:00:00+00:00,2025-07-22 04:00:00+00:00,2025-07-22 05:00:00+00:00,2025-07-22 05:00:00+00:00,2025-07-22 00:30:00 IST,2025-07-22 09:30:00 IST,2025-07-22 10:30:00 IST,2025-07-22 10:30:00 IST,195.62,193.082,1.412,1.3016,194.9855,193.082,196.1554,0.9762,35.85,35.85,0.6,35.0,21.51,0.000000,0.000000,0.000000,0.000000,0.000000,0.000000,FILLED_TP,TP_HIT,False,1,1.0,1,1.0,0,0.0,0.6146,-13.8747,1h,Price reached fixed +0.60% TP target at 196.1554.
214,SOLUSD,SHORT,2025-02-14 18:00:00+00:00,2025-07-22 17:00:00+00:00,2025-07-22 18:00:00+00:00,2025-07-22 18:00:00+00:00,2025-02-14 23:30:00 IST,2025-07-22 22:30:00 IST,2025-07-22 23:30:00 IST,2025-07-22 23:30:00 IST,205.282,202.51,1.412,1.3642,203.203,205.282,201.9838,1.0231,34.21,34.21,0.6,35.0,20.53,0.000000,0.000000,0.000000,0.000000,0.000000,0.000000,FILLED_TP,TP_HIT,False,1,1.0,1,1.0,0,0.0,0.5864,-13.2883,1h,Price reached fixed +0.60% TP target at 201.9838.
215,SOLUSD,LONG,2025-07-22 20:00:00+00:00,2025-07-23 06:00:00+00:00,2025-07-23 07:00:00+00:00,2025-07-23 09:00:00+00:00,2025-07-23 01:30:00 IST,2025-07-23 11:30:00 IST,2025-07-23 12:30:00 IST,2025-07-23 14:30:00 IST,201.44,198.447,1.412,1.4913,200.6918,198.447,201.8959,1.1185,31.29,31.29,0.6,35.0,18.78,0.000000,0.000000,-0.000000,0.000000,-0.000000,0.000000,FILLED_SL,SL_HIT,False,2,2.0,1,1.0,0,0.0,-1.0,-14.2883,1h,Price breached distal stop loss at 198.4470.
216,SOLUSD,LONG,2025-07-27 17:00:00+00:00,2025-07-28 16:00:00+00:00,2025-07-28 17:00:00+00:00,2025-07-28 17:00:00+00:00,2025-07-27 22:30:00 IST,2025-07-28 21:30:00 IST,2025-07-28 22:30:00 IST,2025-07-28 22:30:00 IST,188.317,185.904,1.412,1.2855,187.7138,185.904,188.84,0.9641,36.3,36.3,0.6,35.0,21.78,0.000000,0.000000,-0.000000,0.000000,-0.000000,0.000000,FILLED_SL,SL_HIT,False,1,1.0,1,1.0,0,0.0,-1.0,-15.2883,1h,Price breached distal stop loss at 185.9040.
217,SOLUSD,SHORT,2025-07-30 14:00:00+00:00,2025-07-30 23:00:00+00:00,2025-07-31 00:00:00+00:00,2025-07-31 04:00:00+00:00,2025-07-30 19:30:00 IST,2025-07-31 04:30:00 IST,2025-07-31 05:30:00 IST,2025-07-31 09:30:00 IST,180.539,177.655,1.412,1.6168,178.376,180.539,177.3057,1.2126,28.86,28.86,0.6,35.0,17.32,0.000000,0.000000,-0.000000,0.000000,-0.000000,0.000000,FILLED_SL,SL_HIT,False,4,4.0,1,1.0,0,0.0,-1.0,-16.2883,1h,Price breached distal stop loss at 180.5390.
218,SOLUSD,SHORT,2025-07-30 07:00:00+00:00,2025-07-31 04:00:00+00:00,2025-07-31 05:00:00+00:00,2025-07-31 09:00:00+00:00,2025-07-30 12:30:00 IST,2025-07-31 09:30:00 IST,2025-07-31 10:30:00 IST,2025-07-31 14:30:00 IST,182.518,180.316,1.412,1.2175,180.8665,182.518,179.7813,0.9131,38.33,38.33,0.6,35.0,23.0,0.000000,0.000000,-0.000000,0.000000,-0.000000,0.000000,FILLED_SL,SL_HIT,False,4,4.0,1,1.0,0,0.0,-1.0,-17.2883,1h,Price breached distal stop loss at 182.5180.
219,SOLUSD,LONG,2025-07-30 21:00:00+00:00,2025-07-31 14:00:00+00:00,2025-07-31 15:00:00+00:00,2025-07-31 15:00:00+00:00,2025-07-31 02:30:00 IST,2025-07-31 19:30:00 IST,2025-07-31 20:30:00 IST,2025-07-31 20:30:00 IST,176.599,174.713,1.412,1.0708,176.1275,174.713,177.1843,0.8031,43.58,43.58,0.6,35.0,26.15,0.000000,0.000000,0.000000,0.000000,0.000000,0.000000,FILLED_TP,TP_HIT,False,1,1.0,1,1.0,0,0.0,0.7471,-16.5412,1h,Price reached fixed +0.60% TP target at 177.1843.
220,SOLUSD,SHORT,2025-08-02 11:00:00+00:00,2025-08-04 02:00:00+00:00,2025-08-04 03:00:00+00:00,2025-08-04 05:00:00+00:00,2025-08-02 16:30:00 IST,2025-08-04 07:30:00 IST,2025-08-04 08:30:00 IST,2025-08-04 10:30:00 IST,165.064,162.173,1.412,1.7748,162.8957,165.064,161.9184,1.3311,26.29,26.29,0.6,35.0,15.78,0.000000,0.000000,0.000000,0.000000,0.000000,0.000000,FILLED_TP,TP_HIT,False,2,2.0,1,1.0,0,0.0,0.4508,-16.0904,1h,Price reached fixed +0.60% TP target at 161.9184.
221,SOLUSD,LONG,2025-08-05 08:00:00+00:00,2025-08-05 12:00:00+00:00,2025-08-05 13:00:00+00:00,2025-08-05 13:00:00+00:00,2025-08-05 13:30:00 IST,2025-08-05 17:30:00 IST,2025-08-05 18:30:00 IST,2025-08-05 18:30:00 IST,167.194,165.593,1.412,0.9599,166.7937,165.593,167.7945,0.7199,48.62,48.62,0.6,35.0,29.17,0.000000,0.000000,0.000000,0.000000,0.000000,0.000000,FILLED_TP,TP_HIT,False,1,1.0,1,1.0,0,0.0,0.8334,-15.257,1h,Price reached fixed +0.60% TP target at 167.7945.
222,SOLUSD,LONG,2025-08-04 06:00:00+00:00,2025-08-05 21:00:00+00:00,2025-08-05 22:00:00+00:00,2025-08-05 22:00:00+00:00,2025-08-04 11:30:00 IST,2025-08-06 02:30:00 IST,2025-08-06 03:30:00 IST,2025-08-06 03:30:00 IST,162.4,161.202,1.412,0.739,162.1005,161.202,163.0731,0.5543,63.14,63.14,0.6,35.0,37.89,0.000000,0.000000,0.000000,0.000000,0.000000,0.000000,FILLED_TP,TP_HIT,False,1,1.0,1,1.0,0,0.0,1.0825,-14.1745,1h,Price reached fixed +0.60% TP target at 163.0731.
223,SOLUSD,LONG,2025-08-09 14:00:00+00:00,2025-08-10 06:00:00+00:00,2025-08-10 07:00:00+00:00,2025-08-10 07:00:00+00:00,2025-08-09 19:30:00 IST,2025-08-10 11:30:00 IST,2025-08-10 12:30:00 IST,2025-08-10 12:30:00 IST,181.16,178.835,1.412,1.2875,180.5788,178.835,181.6622,0.9656,36.25,36.25,0.6,35.0,21.75,0.000000,0.000000,-0.000000,0.000000,-0.000000,0.000000,FILLED_SL,SL_HIT,False,1,1.0,1,1.0,0,0.0,-1.0,-15.1745,1h,Price breached distal stop loss at 178.8350.
224,SOLUSD,SHORT,2025-08-19 01:00:00+00:00,2025-08-19 11:00:00+00:00,2025-08-19 13:00:00+00:00,2025-08-19 13:00:00+00:00,2025-08-19 06:30:00 IST,2025-08-19 16:30:00 IST,2025-08-19 18:30:00 IST,2025-08-19 18:30:00 IST,185.82,182.566,1.412,1.7745,183.3795,185.82,182.2792,1.3308,26.3,26.3,0.6,35.0,15.78,0.000000,0.000000,0.000000,0.000000,0.000000,0.000000,FILLED_TP,TP_HIT,False,1,1.0,2,2.0,1,1.0,0.4508,-14.7236,1h,Price reached fixed +0.60% TP target at 182.2792.
225,SOLUSD,SHORT,2025-08-19 13:00:00+00:00,2025-08-20 02:00:00+00:00,2025-08-20 03:00:00+00:00,2025-08-20 03:00:00+00:00,2025-08-19 18:30:00 IST,2025-08-20 07:30:00 IST,2025-08-20 08:30:00 IST,2025-08-20 08:30:00 IST,183.411,180.606,1.412,1.5471,181.3073,183.411,180.2194,1.1603,30.16,30.16,0.6,35.0,18.1,0.000000,0.000000,0.000000,0.000000,0.000000,0.000000,FILLED_TP,TP_HIT,False,1,1.0,1,1.0,0,0.0,0.5171,-14.2065,1h,Price reached fixed +0.60% TP target at 180.2194.
226,SOLUSD,SHORT,2025-08-17 16:00:00+00:00,2025-08-22 15:00:00+00:00,2025-08-22 16:00:00+00:00,2025-08-22 16:00:00+00:00,2025-08-17 21:30:00 IST,2025-08-22 20:30:00 IST,2025-08-22 21:30:00 IST,2025-08-22 21:30:00 IST,195.791,192.842,1.412,1.5234,193.5793,195.791,192.4178,1.1426,30.63,30.63,0.6,35.0,18.38,0.000000,0.000000,-0.000000,0.000000,-0.000000,0.000000,FILLED_SL,SL_HIT,False,1,1.0,1,1.0,0,0.0,-1.0,-15.2065,1h,Price breached distal stop loss at 195.7910.
227,SOLUSD,LONG,2025-08-24 20:00:00+00:00,2025-08-25 05:00:00+00:00,2025-08-25 06:00:00+00:00,2025-08-25 07:00:00+00:00,2025-08-25 01:30:00 IST,2025-08-25 10:30:00 IST,2025-08-25 11:30:00 IST,2025-08-25 12:30:00 IST,205.504,201.189,1.412,2.1108,204.4253,201.189,205.6518,1.5831,22.11,22.11,0.6,35.0,13.27,0.000000,0.000000,-0.000000,0.000000,-0.000000,0.000000,FILLED_SL,SL_HIT,False,1,1.0,1,1.0,0,0.0,-1.0,-16.2065,1h,Price breached distal stop loss at 201.1890.
228,SOLUSD,SHORT,2025-08-25 14:00:00+00:00,2025-08-26 19:00:00+00:00,2025-08-26 20:00:00+00:00,2025-08-26 20:00:00+00:00,2025-08-25 19:30:00 IST,2025-08-27 00:30:00 IST,2025-08-27 01:30:00 IST,2025-08-27 01:30:00 IST,199.451,196.837,1.412,1.3236,197.4905,199.451,196.3056,0.9927,35.26,35.26,0.6,35.0,21.15,0.000000,0.000000,0.000000,0.000000,0.000000,0.000000,FILLED_TP,TP_HIT,False,1,1.0,1,1.0,0,0.0,0.6044,-15.6021,1h,Price reached fixed +0.60% TP target at 196.3056.
229,SOLUSD,LONG,2025-08-28 17:00:00+00:00,2025-08-29 07:00:00+00:00,2025-08-29 08:00:00+00:00,2025-08-29 08:00:00+00:00,2025-08-28 22:30:00 IST,2025-08-29 12:30:00 IST,2025-08-29 13:30:00 IST,2025-08-29 13:30:00 IST,210.593,207.272,1.412,1.5832,209.7627,207.272,211.0213,1.1874,29.48,29.48,0.6,35.0,17.69,0.000000,0.000000,-0.000000,0.000000,-0.000000,0.000000,FILLED_SL,SL_HIT,False,1,1.0,1,1.0,0,0.0,-1.0,-16.6021,1h,Price breached distal stop loss at 207.2720.
230,SOLUSD,SHORT,2025-08-30 05:00:00+00:00,2025-08-31 00:00:00+00:00,2025-08-31 01:00:00+00:00,2025-08-31 04:00:00+00:00,2025-08-30 10:30:00 IST,2025-08-31 05:30:00 IST,2025-08-31 06:30:00 IST,2025-08-31 09:30:00 IST,206.985,204.34,1.412,1.2902,205.0012,206.985,203.7712,0.9677,36.17,36.17,0.6,35.0,21.7,0.000000,0.000000,0.000000,0.000000,0.000000,0.000000,FILLED_TP,TP_HIT,False,3,3.0,1,1.0,0,0.0,0.62,-15.9821,1h,Price reached fixed +0.60% TP target at 203.7712.
231,SOLUSD,SHORT,2025-09-01 08:00:00+00:00,2025-09-02 04:00:00+00:00,2025-09-02 05:00:00+00:00,2025-09-02 11:00:00+00:00,2025-09-01 13:30:00 IST,2025-09-02 09:30:00 IST,2025-09-02 10:30:00 IST,2025-09-02 16:30:00 IST,204.491,202.36,1.412,1.0503,202.8928,204.491,201.6754,0.7877,44.43,44.43,0.6,35.0,26.66,0.000000,0.000000,0.000000,0.000000,0.000000,0.000000,FILLED_TP,TP_HIT,False,6,6.0,1,1.0,0,0.0,0.7617,-15.2204,1h,Price reached fixed +0.60% TP target at 201.6754.
232,SOLUSD,LONG,2025-09-03 06:00:00+00:00,2025-09-03 21:00:00+00:00,2025-09-03 22:00:00+00:00,2025-09-03 23:00:00+00:00,2025-09-03 11:30:00 IST,2025-09-04 02:30:00 IST,2025-09-04 03:30:00 IST,2025-09-04 04:30:00 IST,209.373,207.921,1.412,0.6947,209.01,207.921,210.2641,0.521,67.17,67.17,0.6,35.0,40.3,0.000000,0.000000,0.000000,0.000000,0.000000,0.000000,FILLED_TP,TP_HIT,False,1,1.0,1,1.0,0,0.0,1.1516,-14.0688,1h,Price reached fixed +0.60% TP target at 210.2641.
233,SOLUSD,SHORT,2025-09-04 10:00:00+00:00,2025-09-05 07:00:00+00:00,2025-09-05 08:00:00+00:00,2025-09-05 08:00:00+00:00,2025-09-04 15:30:00 IST,2025-09-05 12:30:00 IST,2025-09-05 13:30:00 IST,2025-09-05 13:30:00 IST,208.732,207.46,1.412,0.6122,207.778,208.732,206.5313,0.4591,76.23,76.23,0.6,35.0,45.74,0.000000,0.000000,0.000000,0.000000,0.000000,0.000000,FILLED_TP,TP_HIT,False,1,1.0,1,1.0,0,0.0,1.3068,-12.7621,1h,Price reached fixed +0.60% TP target at 206.5313.
234,SOLUSD,SHORT,2025-09-03 13:00:00+00:00,2025-09-05 13:00:00+00:00,2025-09-08 09:00:00+00:00,2025-09-08 09:00:00+00:00,2025-09-03 18:30:00 IST,2025-09-05 18:30:00 IST,2025-09-08 14:30:00 IST,2025-09-08 14:30:00 IST,212.993,209.021,1.412,1.8913,210.014,212.993,208.7539,1.4185,24.67,24.67,0.6,35.0,14.8,0.000000,0.000000,0.000000,0.000000,0.000000,0.000000,FILLED_TP,TP_HIT,False,1,1.0,68,68.0,67,67.0,0.423,-12.3391,1h,Price reached fixed +0.60% TP target at 208.7539.
235,SOLUSD,LONG,2025-09-12 08:00:00+00:00,2025-09-13 16:00:00+00:00,2025-09-13 17:00:00+00:00,2025-09-13 17:00:00+00:00,2025-09-12 13:30:00 IST,2025-09-13 21:30:00 IST,2025-09-13 22:30:00 IST,2025-09-13 22:30:00 IST,238.298,236.633,1.412,0.6999,237.8818,236.633,239.309,0.5249,66.67,66.67,0.6,35.0,40.0,0.000000,0.000000,-0.000000,0.000000,-0.000000,0.000000,FILLED_SL,SL_HIT,False,1,1.0,1,1.0,0,0.0,-1.0,-13.3391,1h,Price breached distal stop loss at 236.6330.
236,SOLUSD,SHORT,2025-09-15 12:00:00+00:00,2025-09-15 21:00:00+00:00,2025-09-16 01:00:00+00:00,2025-09-16 01:00:00+00:00,2025-09-15 17:30:00 IST,2025-09-16 02:30:00 IST,2025-09-16 06:30:00 IST,2025-09-16 06:30:00 IST,238.088,234.336,1.412,1.5947,235.274,238.088,233.8624,1.1961,29.26,29.26,0.6,35.0,17.56,0.000000,0.000000,0.000000,0.000000,0.000000,0.000000,FILLED_TP,TP_HIT,False,1,1.0,4,4.0,3,3.0,0.5017,-12.8374,1h,Price reached fixed +0.60% TP target at 233.8624.
237,SOLUSD,LONG,2025-09-16 14:00:00+00:00,2025-09-17 10:00:00+00:00,2025-09-17 14:00:00+00:00,2025-09-17 14:00:00+00:00,2025-09-16 19:30:00 IST,2025-09-17 15:30:00 IST,2025-09-17 19:30:00 IST,2025-09-17 19:30:00 IST,234.3076,231.226,1.412,1.3195,233.5372,231.226,234.9384,0.9896,35.37,35.37,0.6,35.0,21.22,0.000000,0.000000,0.000000,0.000000,0.000000,0.000000,FILLED_TP,TP_HIT,False,1,1.0,4,4.0,3,3.0,0.6063,-12.2311,1h,Price reached fixed +0.60% TP target at 234.9384.
238,SOLUSD,SHORT,2025-09-14 17:00:00+00:00,2025-09-17 22:00:00+00:00,2025-09-17 23:00:00+00:00,2025-09-17 23:00:00+00:00,2025-09-14 22:30:00 IST,2025-09-18 03:30:00 IST,2025-09-18 04:30:00 IST,2025-09-18 04:30:00 IST,248.4,244.468,1.412,1.6019,245.451,248.4,243.9783,1.2015,29.13,29.13,0.6,35.0,17.48,0.000000,0.000000,0.000000,0.000000,0.000000,0.000000,FILLED_TP,TP_HIT,False,1,1.0,1,1.0,0,0.0,0.4994,-11.7318,1h,Price reached fixed +0.60% TP target at 243.9783.
239,SOLUSD,LONG,2025-09-18 06:00:00+00:00,2025-09-19 03:00:00+00:00,2025-09-19 04:00:00+00:00,2025-09-19 09:00:00+00:00,2025-09-18 11:30:00 IST,2025-09-19 08:30:00 IST,2025-09-19 09:30:00 IST,2025-09-19 14:30:00 IST,245.029,242.558,1.412,1.011,244.4112,242.558,245.8777,0.7583,46.16,46.16,0.6,35.0,27.7,0.000000,0.000000,-0.000000,0.000000,-0.000000,0.000000,FILLED_SL,SL_HIT,False,5,5.0,1,1.0,0,0.0,-1.0,-12.7318,1h,Price breached distal stop loss at 242.5580.
240,SOLUSD,LONG,2025-09-20 19:00:00+00:00,2025-09-21 08:00:00+00:00,2025-09-21 09:00:00+00:00,2025-09-21 09:00:00+00:00,2025-09-21 00:30:00 IST,2025-09-21 13:30:00 IST,2025-09-21 14:30:00 IST,2025-09-21 14:30:00 IST,238.989,237.8856,1.412,0.4622,238.7132,237.8856,240.1454,0.3467,100.96,100.0,0.6,34.67,60.0,0.000000,0.000000,-0.000000,0.000000,-0.000000,0.000000,FILLED_SL,SL_HIT,False,1,1.0,1,1.0,0,0.0,-1.0,-13.7318,1h,Price breached distal stop loss at 237.8856.
241,SOLUSD,SHORT,2025-09-23 00:00:00+00:00,2025-09-23 08:00:00+00:00,2025-09-23 09:00:00+00:00,2025-09-23 09:00:00+00:00,2025-09-23 05:30:00 IST,2025-09-23 13:30:00 IST,2025-09-23 14:30:00 IST,2025-09-23 14:30:00 IST,221.325,219.363,1.412,0.8924,219.8535,221.325,218.5344,0.6693,52.29,52.29,0.6,35.0,31.38,0.000000,0.000000,0.000000,0.000000,0.000000,0.000000,FILLED_TP,TP_HIT,False,1,1.0,1,1.0,0,0.0,0.8964,-12.8353,1h,Price reached fixed +0.60% TP target at 218.5344.
242,SOLUSD,SHORT,2025-09-25 19:00:00+00:00,2025-09-26 16:00:00+00:00,2025-09-26 17:00:00+00:00,2025-09-26 17:00:00+00:00,2025-09-26 00:30:00 IST,2025-09-26 21:30:00 IST,2025-09-26 22:30:00 IST,2025-09-26 22:30:00 IST,200.8519,197.33,1.412,1.7768,198.2105,200.8519,197.0212,1.3326,26.26,26.26,0.6,35.0,15.76,0.000000,0.000000,-0.000000,0.000000,-0.000000,0.000000,FILLED_SL,SL_HIT,False,1,1.0,1,1.0,0,0.0,-1.0,-13.8353,1h,Price breached distal stop loss at 200.8519.
243,SOLUSD,LONG,2025-09-27 17:00:00+00:00,2025-09-28 00:00:00+00:00,2025-09-28 01:00:00+00:00,2025-09-28 03:00:00+00:00,2025-09-27 22:30:00 IST,2025-09-28 05:30:00 IST,2025-09-28 06:30:00 IST,2025-09-28 08:30:00 IST,202.901,200.8,1.412,1.0382,202.3758,200.8,203.59,0.7786,44.95,44.95,0.6,35.0,26.97,0.000000,0.000000,-0.000000,0.000000,-0.000000,0.000000,FILLED_SL,SL_HIT,False,2,2.0,1,1.0,0,0.0,-1.0,-14.8353,1h,Price breached distal stop loss at 200.8000.
244,SOLUSD,SHORT,2025-09-27 22:00:00+00:00,2025-09-28 15:00:00+00:00,2025-09-28 16:00:00+00:00,2025-09-28 17:00:00+00:00,2025-09-28 03:30:00 IST,2025-09-28 20:30:00 IST,2025-09-28 21:30:00 IST,2025-09-28 22:30:00 IST,204.871,203.35,1.412,0.7466,203.7303,204.871,202.5079,0.5599,62.51,62.51,0.6,35.0,37.5,0.000000,0.000000,-0.000000,0.000000,-0.000000,0.000000,FILLED_SL,SL_HIT,False,1,1.0,1,1.0,0,0.0,-1.0,-15.8353,1h,Price breached distal stop loss at 204.8710.
245,SOLUSD,LONG,2025-09-29 12:00:00+00:00,2025-09-30 08:00:00+00:00,2025-09-30 09:00:00+00:00,2025-09-30 13:00:00+00:00,2025-09-29 17:30:00 IST,2025-09-30 13:30:00 IST,2025-09-30 14:30:00 IST,2025-09-30 18:30:00 IST,207.942,205.121,1.412,1.3612,207.2368,205.121,208.4802,1.0209,34.28,34.28,0.6,35.0,20.57,0.000000,0.000000,0.000000,0.000000,0.000000,0.000000,FILLED_TP,TP_HIT,False,4,4.0,1,1.0,0,0.0,0.5877,-15.2476,1h,Price reached fixed +0.60% TP target at 208.4802.
246,SOLUSD,SHORT,2025-09-23 16:00:00+00:00,2025-10-01 18:00:00+00:00,2025-10-01 19:00:00+00:00,2025-10-01 23:00:00+00:00,2025-09-23 21:30:00 IST,2025-10-01 23:30:00 IST,2025-10-02 00:30:00 IST,2025-10-02 04:30:00 IST,221.684,217.753,1.412,1.7971,218.7357,221.684,217.4233,1.3479,25.97,25.97,0.6,35.0,15.58,0.000000,0.000000,-0.000000,0.000000,-0.000000,0.000000,FILLED_SL,SL_HIT,False,4,4.0,1,1.0,0,0.0,-1.0,-16.2476,1h,Price breached distal stop loss at 221.6840.
247,SOLUSD,LONG,2025-10-02 07:00:00+00:00,2025-10-02 14:00:00+00:00,2025-10-02 15:00:00+00:00,2025-10-02 15:00:00+00:00,2025-10-02 12:30:00 IST,2025-10-02 19:30:00 IST,2025-10-02 20:30:00 IST,2025-10-02 20:30:00 IST,225.135,222.3561,1.412,1.2381,224.4403,222.3561,225.7869,0.9286,37.69,37.69,0.6,35.0,22.61,0.000000,0.000000,0.000000,0.000000,0.000000,0.000000,FILLED_TP,TP_HIT,False,1,1.0,1,1.0,0,0.0,0.6461,-15.6015,1h,Price reached fixed +0.60% TP target at 225.7869.
248,SOLUSD,LONG,2025-10-03 14:00:00+00:00,2025-10-03 17:00:00+00:00,2025-10-03 18:00:00+00:00,2025-10-03 18:00:00+00:00,2025-10-03 19:30:00 IST,2025-10-03 22:30:00 IST,2025-10-03 23:30:00 IST,2025-10-03 23:30:00 IST,230.9734,227.106,1.412,1.6814,230.0066,227.106,231.3866,1.2611,27.75,27.75,0.6,35.0,16.65,0.000000,0.000000,0.000000,0.000000,0.000000,0.000000,FILLED_TP,TP_HIT,False,1,1.0,1,1.0,0,0.0,0.4758,-15.1257,1h,Price reached fixed +0.60% TP target at 231.3866.
249,SOLUSD,LONG,2025-10-06 07:00:00+00:00,2025-10-06 20:00:00+00:00,2025-10-06 21:00:00+00:00,2025-10-06 22:00:00+00:00,2025-10-06 12:30:00 IST,2025-10-07 01:30:00 IST,2025-10-07 02:30:00 IST,2025-10-07 03:30:00 IST,234.197,230.551,1.412,1.5629,233.2855,230.551,234.6852,1.1722,29.86,29.86,0.6,35.0,17.92,0.000000,0.000000,0.000000,0.000000,0.000000,0.000000,FILLED_TP,TP_HIT,False,1,1.0,1,1.0,0,0.0,0.5119,-14.6138,1h,Price reached fixed +0.60% TP target at 234.6852.
250,SOLUSD,LONG,2025-10-10 08:00:00+00:00,2025-10-10 14:00:00+00:00,2025-10-10 15:00:00+00:00,2025-10-10 15:00:00+00:00,2025-10-10 13:30:00 IST,2025-10-10 19:30:00 IST,2025-10-10 20:30:00 IST,2025-10-10 20:30:00 IST,219.9965,217.283,1.412,1.2372,219.3181,217.283,220.634,0.9279,37.72,37.72,0.6,35.0,22.63,0.000000,0.000000,-0.000000,0.000000,-0.000000,0.000000,FILLED_SL,SL_HIT,False,1,1.0,1,1.0,0,0.0,-1.0,-15.6138,1h,Price breached distal stop loss at 217.2830.
251,SOLUSD,LONG,2025-10-01 04:00:00+00:00,2025-10-10 18:00:00+00:00,2025-10-10 19:00:00+00:00,2025-10-10 19:00:00+00:00,2025-10-01 09:30:00 IST,2025-10-10 23:30:00 IST,2025-10-11 00:30:00 IST,2025-10-11 00:30:00 IST,209.471,206.31,1.412,1.5148,208.6807,206.31,209.9328,1.1361,30.81,30.81,0.6,35.0,18.48,0.000000,0.000000,-0.000000,0.000000,-0.000000,0.000000,FILLED_SL,SL_HIT,False,1,1.0,1,1.0,0,0.0,-1.0,-16.6138,1h,Price breached distal stop loss at 206.3100.
252,SOLUSD,SHORT,2025-10-11 15:00:00+00:00,2025-10-12 06:00:00+00:00,2025-10-12 12:00:00+00:00,2025-10-12 12:00:00+00:00,2025-10-11 20:30:00 IST,2025-10-12 11:30:00 IST,2025-10-12 17:30:00 IST,2025-10-12 17:30:00 IST,184.889,182.327,1.412,1.4002,182.9675,184.889,181.8697,1.0502,33.33,33.33,0.6,35.0,20.0,0.000000,0.000000,0.000000,0.000000,0.000000,0.000000,FILLED_TP,TP_HIT,False,1,1.0,6,6.0,5,5.0,0.5713,-16.0425,1h,Price reached fixed +0.60% TP target at 181.8697.
253,SOLUSD,LONG,2025-10-13 11:00:00+00:00,2025-10-14 06:00:00+00:00,2025-10-14 07:00:00+00:00,2025-10-14 07:00:00+00:00,2025-10-13 16:30:00 IST,2025-10-14 11:30:00 IST,2025-10-14 12:30:00 IST,2025-10-14 12:30:00 IST,195.46,190.04,1.412,2.7923,194.105,190.04,195.2696,2.0942,16.71,16.71,0.6,35.0,10.03,0.000000,0.000000,0.000000,0.000000,0.000000,0.000000,FILLED_TP,TP_HIT,False,1,1.0,1,1.0,0,0.0,0.2865,-15.756,1h,Price reached fixed +0.60% TP target at 195.2696.
254,SOLUSD,LONG,2025-10-15 04:00:00+00:00,2025-10-15 11:00:00+00:00,2025-10-15 12:00:00+00:00,2025-10-15 13:00:00+00:00,2025-10-15 09:30:00 IST,2025-10-15 16:30:00 IST,2025-10-15 17:30:00 IST,2025-10-15 18:30:00 IST,203.572,200.47,1.412,1.5296,202.7965,200.47,204.0133,1.1472,30.51,30.51,0.6,35.0,18.31,0.000000,0.000000,-0.000000,0.000000,-0.000000,0.000000,FILLED_SL,DUAL_TOUCH_CONSERVATIVE_SL,True,1,1.0,1,1.0,0,0.0,-1.0,-16.756,1h,Dual-touch candle: Both TP and SL touched in same 1H candle. Conservative SL-first execution applied.
255,SOLUSD,LONG,2025-10-16 05:00:00+00:00,2025-10-16 14:00:00+00:00,2025-10-16 15:00:00+00:00,2025-10-16 15:00:00+00:00,2025-10-16 10:30:00 IST,2025-10-16 19:30:00 IST,2025-10-16 20:30:00 IST,2025-10-16 20:30:00 IST,194.418,191.365,1.412,1.5765,193.6548,191.365,194.8167,1.1824,29.6,29.6,0.6,35.0,17.76,0.000000,0.000000,-0.000000,0.000000,-0.000000,0.000000,FILLED_SL,SL_HIT,False,1,1.0,1,1.0,0,0.0,-1.0,-17.756,1h,Price breached distal stop loss at 191.3650.
256,SOLUSD,SHORT,2025-10-17 01:00:00+00:00,2025-10-17 21:00:00+00:00,2025-10-17 22:00:00+00:00,2025-10-17 22:00:00+00:00,2025-10-17 06:30:00 IST,2025-10-18 02:30:00 IST,2025-10-18 03:30:00 IST,2025-10-18 03:30:00 IST,187.515,184.752,1.412,1.4899,185.4427,187.515,184.3301,1.1175,31.32,31.32,0.6,35.0,18.79,0.000000,0.000000,0.000000,0.000000,0.000000,0.000000,FILLED_TP,TP_HIT,False,1,1.0,1,1.0,0,0.0,0.5369,-17.2191,1h,Price reached fixed +0.60% TP target at 184.3301.
257,SOLUSD,LONG,2025-10-19 09:00:00+00:00,2025-10-19 23:00:00+00:00,2025-10-20 00:00:00+00:00,2025-10-20 03:00:00+00:00,2025-10-19 14:30:00 IST,2025-10-20 04:30:00 IST,2025-10-20 05:30:00 IST,2025-10-20 08:30:00 IST,188.745,183.162,1.412,2.98,187.3493,183.162,188.4733,2.235,15.66,15.66,0.6,35.0,9.4,0.000000,0.000000,0.000000,0.000000,0.000000,0.000000,FILLED_TP,TP_HIT,False,3,3.0,1,1.0,0,0.0,0.2685,-16.9506,1h,Price reached fixed +0.60% TP target at 188.4733.
258,SOLUSD,LONG,2025-10-20 00:00:00+00:00,2025-10-20 16:00:00+00:00,2025-10-20 17:00:00+00:00,2025-10-20 17:00:00+00:00,2025-10-20 05:30:00 IST,2025-10-20 21:30:00 IST,2025-10-20 22:30:00 IST,2025-10-20 22:30:00 IST,187.874,183.7822,1.412,2.1899,186.851,183.7822,187.9722,1.6424,21.31,21.31,0.6,35.0,12.79,0.000000,0.000000,0.000000,0.000000,0.000000,0.000000,FILLED_TP,TP_HIT,False,1,1.0,1,1.0,0,0.0,0.3653,-16.5853,1h,Price reached fixed +0.60% TP target at 187.9722.
259,SOLUSD,SHORT,2025-10-21 15:00:00+00:00,2025-10-23 16:00:00+00:00,2025-10-23 17:00:00+00:00,2025-10-23 17:00:00+00:00,2025-10-21 20:30:00 IST,2025-10-23 21:30:00 IST,2025-10-23 22:30:00 IST,2025-10-23 22:30:00 IST,197.181,191.912,1.412,2.7268,193.2293,197.181,192.0699,2.0451,17.11,17.11,0.6,35.0,10.27,0.000000,0.000000,0.000000,0.000000,0.000000,0.000000,FILLED_TP,TP_HIT,False,1,1.0,1,1.0,0,0.0,0.2934,-16.2919,1h,Price reached fixed +0.60% TP target at 192.0699.
260,SOLUSD,LONG,2025-10-23 20:00:00+00:00,2025-10-24 14:00:00+00:00,2025-10-24 15:00:00+00:00,2025-10-24 17:00:00+00:00,2025-10-24 01:30:00 IST,2025-10-24 19:30:00 IST,2025-10-24 20:30:00 IST,2025-10-24 22:30:00 IST,191.306,188.364,1.412,1.5438,190.5705,188.364,191.7139,1.1578,30.23,30.23,0.6,35.0,18.14,0.000000,0.000000,0.000000,0.000000,0.000000,0.000000,FILLED_TP,TP_HIT,False,2,2.0,1,1.0,0,0.0,0.5182,-15.7737,1h,Price reached fixed +0.60% TP target at 191.7139.
261,SOLUSD,LONG,2025-10-26 21:00:00+00:00,2025-10-27 22:00:00+00:00,2025-10-27 23:00:00+00:00,2025-10-28 00:00:00+00:00,2025-10-27 02:30:00 IST,2025-10-28 03:30:00 IST,2025-10-28 04:30:00 IST,2025-10-28 05:30:00 IST,198.52,196.9,1.412,0.8177,198.115,196.9,199.3037,0.6133,57.07,57.07,0.6,35.0,34.24,0.000000,0.000000,0.000000,0.000000,0.000000,0.000000,FILLED_TP,TP_HIT,False,1,1.0,1,1.0,0,0.0,0.9783,-14.7954,1h,Price reached fixed +0.60% TP target at 199.3037.
262,SOLUSD,LONG,2025-10-29 01:00:00+00:00,2025-10-29 08:00:00+00:00,2025-10-29 09:00:00+00:00,2025-10-29 10:00:00+00:00,2025-10-29 06:30:00 IST,2025-10-29 13:30:00 IST,2025-10-29 14:30:00 IST,2025-10-29 15:30:00 IST,195.0,192.697,1.412,1.1845,194.4243,192.697,195.5908,0.8884,39.4,39.4,0.6,35.0,23.64,0.000000,0.000000,0.000000,0.000000,0.000000,0.000000,FILLED_TP,TP_HIT,False,1,1.0,1,1.0,0,0.0,0.6754,-14.12,1h,Price reached fixed +0.60% TP target at 195.5908.
263,SOLUSD,LONG,2025-10-31 08:00:00+00:00,2025-10-31 12:00:00+00:00,2025-10-31 13:00:00+00:00,2025-10-31 13:00:00+00:00,2025-10-31 13:30:00 IST,2025-10-31 17:30:00 IST,2025-10-31 18:30:00 IST,2025-10-31 18:30:00 IST,186.562,184.541,1.412,1.0862,186.0568,184.541,187.1731,0.8147,42.96,42.96,0.6,35.0,25.78,0.000000,0.000000,0.000000,0.000000,0.000000,0.000000,FILLED_TP,TP_HIT,False,1,1.0,1,1.0,0,0.0,0.7365,-13.3835,1h,Price reached fixed +0.60% TP target at 187.1731.
264,SOLUSD,SHORT,2025-11-01 16:00:00+00:00,2025-11-01 19:00:00+00:00,2025-11-01 20:00:00+00:00,2025-11-01 22:00:00+00:00,2025-11-01 21:30:00 IST,2025-11-02 00:30:00 IST,2025-11-02 01:30:00 IST,2025-11-02 03:30:00 IST,187.095,185.928,1.412,0.6267,186.2198,187.095,185.1024,0.47,74.47,74.47,0.6,35.0,44.68,0.000000,0.000000,0.000000,0.000000,0.000000,0.000000,FILLED_TP,TP_HIT,False,2,2.0,1,1.0,0,0.0,1.2766,-12.1069,1h,Price reached fixed +0.60% TP target at 185.1024.
265,SOLUSD,SHORT,2025-11-02 07:00:00+00:00,2025-11-02 23:00:00+00:00,2025-11-03 00:00:00+00:00,2025-11-03 00:00:00+00:00,2025-11-02 12:30:00 IST,2025-11-03 04:30:00 IST,2025-11-03 05:30:00 IST,2025-11-03 05:30:00 IST,188.355,186.693,1.412,0.8883,187.1085,188.355,185.9858,0.6662,52.54,52.54,0.6,35.0,31.52,0.000000,0.000000,-0.000000,0.000000,-0.000000,0.000000,FILLED_SL,SL_HIT,False,1,1.0,1,1.0,0,0.0,-1.0,-13.1069,1h,Price breached distal stop loss at 188.3550.
266,SOLUSD,LONG,2025-10-11 21:00:00+00:00,2025-11-03 13:00:00+00:00,2025-11-03 14:00:00+00:00,2025-11-03 15:00:00+00:00,2025-10-12 02:30:00 IST,2025-11-03 18:30:00 IST,2025-11-03 19:30:00 IST,2025-11-03 20:30:00 IST,177.275,172.374,1.412,2.7839,176.0498,172.374,177.106,2.0879,16.76,16.76,0.6,35.0,10.06,0.000000,0.000000,-0.000000,0.000000,-0.000000,0.000000,FILLED_SL,SL_HIT,False,1,1.0,1,1.0,0,0.0,-1.0,-14.1069,1h,Price breached distal stop loss at 172.3740.
267,SOLUSD,SHORT,2025-11-04 15:00:00+00:00,2025-11-05 16:00:00+00:00,2025-11-05 17:00:00+00:00,2025-11-05 17:00:00+00:00,2025-11-04 20:30:00 IST,2025-11-05 21:30:00 IST,2025-11-05 22:30:00 IST,2025-11-05 22:30:00 IST,165.0637,161.29,1.412,2.3261,162.2334,165.0637,161.26,1.7446,20.06,20.06,0.6,35.0,12.04,0.000000,0.000000,0.000000,0.000000,0.000000,0.000000,FILLED_TP,TP_HIT,False,1,1.0,1,1.0,0,0.0,0.3439,-13.763,1h,Price reached fixed +0.60% TP target at 161.2600.
268,SOLUSD,LONG,2025-11-05 08:00:00+00:00,2025-11-06 22:00:00+00:00,2025-11-06 23:00:00+00:00,2025-11-06 23:00:00+00:00,2025-11-05 13:30:00 IST,2025-11-07 03:30:00 IST,2025-11-07 04:30:00 IST,2025-11-07 04:30:00 IST,156.478,153.686,1.412,1.7923,155.78,153.686,156.7147,1.3442,26.04,26.04,0.6,35.0,15.62,0.000000,0.000000,-0.000000,0.000000,-0.000000,0.000000,FILLED_SL,SL_HIT,False,1,1.0,1,1.0,0,0.0,-1.0,-14.763,1h,Price breached distal stop loss at 153.6860.
269,SOLUSD,SHORT,2025-11-07 03:00:00+00:00,2025-11-07 16:00:00+00:00,2025-11-07 17:00:00+00:00,2025-11-07 17:00:00+00:00,2025-11-07 08:30:00 IST,2025-11-07 21:30:00 IST,2025-11-07 22:30:00 IST,2025-11-07 22:30:00 IST,158.6,156.798,1.412,1.146,157.2485,158.6,156.305,0.8595,40.72,40.72,0.6,35.0,24.43,0.000000,0.000000,-0.000000,0.000000,-0.000000,0.000000,FILLED_SL,SL_HIT,False,1,1.0,1,1.0,0,0.0,-1.0,-15.763,1h,Price breached distal stop loss at 158.6000.
270,SOLUSD,LONG,2025-11-10 21:00:00+00:00,2025-11-11 04:00:00+00:00,2025-11-11 05:00:00+00:00,2025-11-11 06:00:00+00:00,2025-11-11 02:30:00 IST,2025-11-11 09:30:00 IST,2025-11-11 10:30:00 IST,2025-11-11 11:30:00 IST,167.814,164.789,1.412,1.8108,167.0577,164.789,168.0601,1.3581,25.77,25.77,0.6,35.0,15.46,0.000000,0.000000,-0.000000,0.000000,-0.000000,0.000000,FILLED_SL,SL_HIT,False,1,1.0,1,1.0,0,0.0,-1.0,-16.763,1h,Price breached distal stop loss at 164.7890.
271,SOLUSD,LONG,2025-11-07 12:00:00+00:00,2025-11-12 21:00:00+00:00,2025-11-12 22:00:00+00:00,2025-11-13 00:00:00+00:00,2025-11-07 17:30:00 IST,2025-11-13 02:30:00 IST,2025-11-13 03:30:00 IST,2025-11-13 05:30:00 IST,154.188,150.965,1.412,2.1013,153.3822,150.965,154.3025,1.576,22.21,22.21,0.6,35.0,13.33,0.000000,0.000000,0.000000,0.000000,0.000000,0.000000,FILLED_TP,TP_HIT,False,2,2.0,1,1.0,0,0.0,0.3807,-16.3823,1h,Price reached fixed +0.60% TP target at 154.3025.
272,SOLUSD,LONG,2025-11-13 01:00:00+00:00,2025-11-13 13:00:00+00:00,2025-11-13 14:00:00+00:00,2025-11-13 14:00:00+00:00,2025-11-13 06:30:00 IST,2025-11-13 18:30:00 IST,2025-11-13 19:30:00 IST,2025-11-13 19:30:00 IST,154.448,152.256,1.412,1.4243,153.9,152.256,154.8234,1.0682,32.76,32.76,0.6,35.0,19.66,0.000000,0.000000,0.000000,0.000000,0.000000,0.000000,FILLED_TP,TP_HIT,False,1,1.0,1,1.0,0,0.0,0.5617,-15.8206,1h,Price reached fixed +0.60% TP target at 154.8234.
273,SOLUSD,LONG,2025-11-19 00:00:00+00:00,2025-11-19 03:00:00+00:00,2025-11-19 04:00:00+00:00,2025-11-19 04:00:00+00:00,2025-11-19 05:30:00 IST,2025-11-19 08:30:00 IST,2025-11-19 09:30:00 IST,2025-11-19 09:30:00 IST,141.57,139.259,1.412,1.6391,140.9922,139.259,141.8382,1.2293,28.47,28.47,0.6,35.0,17.08,0.000000,0.000000,-0.000000,0.000000,-0.000000,0.000000,FILLED_SL,SL_HIT,False,1,1.0,1,1.0,0,0.0,-1.0,-16.8206,1h,Price breached distal stop loss at 139.2590.
274,SOLUSD,SHORT,2025-11-19 02:00:00+00:00,2025-11-19 07:00:00+00:00,2025-11-19 08:00:00+00:00,2025-11-19 08:00:00+00:00,2025-11-19 07:30:00 IST,2025-11-19 12:30:00 IST,2025-11-19 13:30:00 IST,2025-11-19 13:30:00 IST,142.822,140.019,1.412,1.9919,140.7198,142.822,139.8754,1.4939,23.43,23.43,0.6,35.0,14.06,0.000000,0.000000,0.000000,0.000000,0.000000,0.000000,FILLED_TP,TP_HIT,False,1,1.0,1,1.0,0,0.0,0.4016,-16.419,1h,Price reached fixed +0.60% TP target at 139.8754.
275,SOLUSD,LONG,2025-11-23 07:00:00+00:00,2025-11-24 09:00:00+00:00,2025-11-24 10:00:00+00:00,2025-11-24 11:00:00+00:00,2025-11-23 12:30:00 IST,2025-11-24 14:30:00 IST,2025-11-24 15:30:00 IST,2025-11-24 16:30:00 IST,129.425,128.094,1.412,1.031,129.0923,128.094,129.8668,0.7733,45.26,45.26,0.6,35.0,27.16,0.000000,0.000000,0.000000,0.000000,0.000000,0.000000,FILLED_TP,TP_HIT,False,1,1.0,1,1.0,0,0.0,0.7759,-15.6431,1h,Price reached fixed +0.60% TP target at 129.8668.
276,SOLUSD,SHORT,2025-11-27 18:00:00+00:00,2025-11-28 09:00:00+00:00,2025-11-28 10:00:00+00:00,2025-11-28 11:00:00+00:00,2025-11-27 23:30:00 IST,2025-11-28 14:30:00 IST,2025-11-28 15:30:00 IST,2025-11-28 16:30:00 IST,143.136,141.484,1.412,1.1642,141.897,143.136,141.0456,0.8732,40.08,40.08,0.6,35.0,24.05,0.000000,0.000000,0.000000,0.000000,0.000000,0.000000,FILLED_TP,TP_HIT,False,1,1.0,1,1.0,0,0.0,0.6872,-14.9559,1h,Price reached fixed +0.60% TP target at 141.0456.
277,SOLUSD,SHORT,2025-11-29 16:00:00+00:00,2025-11-30 12:00:00+00:00,2025-11-30 13:00:00+00:00,2025-11-30 13:00:00+00:00,2025-11-29 21:30:00 IST,2025-11-30 17:30:00 IST,2025-11-30 18:30:00 IST,2025-11-30 18:30:00 IST,137.839,137.008,1.412,0.6056,137.2158,137.839,136.3925,0.4542,77.06,77.06,0.6,35.0,46.23,0.000000,0.000000,-0.000000,0.000000,-0.000000,0.000000,FILLED_SL,SL_HIT,False,1,1.0,1,1.0,0,0.0,-1.0,-15.9559,1h,Price breached distal stop loss at 137.8390.
278,SOLUSD,SHORT,2025-12-01 09:00:00+00:00,2025-12-02 00:00:00+00:00,2025-12-02 01:00:00+00:00,2025-12-02 01:00:00+00:00,2025-12-01 14:30:00 IST,2025-12-02 05:30:00 IST,2025-12-02 06:30:00 IST,2025-12-02 06:30:00 IST,127.98,126.85,1.412,0.8888,127.1325,127.98,126.3697,0.6666,52.5,52.5,0.6,35.0,31.5,0.000000,0.000000,-0.000000,0.000000,-0.000000,0.000000,FILLED_SL,SL_HIT,False,1,1.0,1,1.0,0,0.0,-1.0,-16.9559,1h,Price breached distal stop loss at 127.9800.
279,SOLUSD,LONG,2025-12-03 16:00:00+00:00,2025-12-04 18:00:00+00:00,2025-12-04 19:00:00+00:00,2025-12-04 19:00:00+00:00,2025-12-03 21:30:00 IST,2025-12-04 23:30:00 IST,2025-12-05 00:30:00 IST,2025-12-05 00:30:00 IST,141.79,139.9,1.412,1.3374,141.3175,139.9,142.1654,1.0031,34.89,34.89,0.6,35.0,20.94,0.000000,0.000000,-0.000000,0.000000,-0.000000,0.000000,FILLED_SL,SL_HIT,False,1,1.0,1,1.0,0,0.0,-1.0,-17.9559,1h,Price breached distal stop loss at 139.9000.
280,SOLUSD,LONG,2025-12-07 23:00:00+00:00,2025-12-09 09:00:00+00:00,2025-12-09 14:00:00+00:00,2025-12-09 14:00:00+00:00,2025-12-08 04:30:00 IST,2025-12-09 14:30:00 IST,2025-12-09 19:30:00 IST,2025-12-09 19:30:00 IST,132.357,130.584,1.412,1.3441,131.9137,130.584,132.7052,1.008,34.72,34.72,0.6,35.0,20.83,0.000000,0.000000,0.000000,0.000000,0.000000,0.000000,FILLED_TP,TP_HIT,False,1,1.0,5,5.0,4,4.0,0.5952,-17.3607,1h,Price reached fixed +0.60% TP target at 132.7052.
281,SOLUSD,SHORT,2025-12-10 04:00:00+00:00,2025-12-10 19:00:00+00:00,2025-12-10 20:00:00+00:00,2025-12-10 20:00:00+00:00,2025-12-10 09:30:00 IST,2025-12-11 00:30:00 IST,2025-12-11 01:30:00 IST,2025-12-11 01:30:00 IST,140.22,138.038,1.412,1.5745,138.5835,140.22,137.752,1.1809,29.64,29.64,0.6,35.0,17.78,0.000000,0.000000,-0.000000,0.000000,-0.000000,0.000000,FILLED_SL,DUAL_TOUCH_CONSERVATIVE_SL,True,1,1.0,1,1.0,0,0.0,-1.0,-18.3607,1h,Dual-touch candle: Both TP and SL touched in same 1H candle. Conservative SL-first execution applied.
282,SOLUSD,SHORT,2025-12-10 18:00:00+00:00,2025-12-11 21:00:00+00:00,2025-12-11 22:00:00+00:00,2025-12-11 22:00:00+00:00,2025-12-10 23:30:00 IST,2025-12-12 02:30:00 IST,2025-12-12 03:30:00 IST,2025-12-12 03:30:00 IST,139.499,136.388,1.412,2.2681,137.1658,139.499,136.3428,1.701,20.58,20.58,0.6,35.0,12.35,0.000000,0.000000,0.000000,0.000000,0.000000,0.000000,FILLED_TP,TP_HIT,False,1,1.0,1,1.0,0,0.0,0.3527,-18.008,1h,Price reached fixed +0.60% TP target at 136.3428.
283,SOLUSD,LONG,2025-12-13 05:00:00+00:00,2025-12-13 12:00:00+00:00,2025-12-13 13:00:00+00:00,2025-12-13 15:00:00+00:00,2025-12-13 10:30:00 IST,2025-12-13 17:30:00 IST,2025-12-13 18:30:00 IST,2025-12-13 20:30:00 IST,132.977,132.301,1.412,0.509,132.808,132.301,133.6048,0.3818,91.68,91.68,0.6,35.0,55.01,0.000000,0.000000,0.000000,0.000000,0.000000,0.000000,FILLED_TP,TP_HIT,False,2,2.0,1,1.0,0,0.0,1.5717,-16.4363,1h,Price reached fixed +0.60% TP target at 133.6048.
284,SOLUSD,LONG,2025-12-11 04:00:00+00:00,2025-12-14 22:00:00+00:00,2025-12-14 23:00:00+00:00,2025-12-14 23:00:00+00:00,2025-12-11 09:30:00 IST,2025-12-15 03:30:00 IST,2025-12-15 04:30:00 IST,2025-12-15 04:30:00 IST,131.5,129.024,1.412,1.8918,130.881,129.024,131.6663,1.4188,24.67,24.67,0.6,35.0,14.8,0.000000,0.000000,-0.000000,0.000000,-0.000000,0.000000,FILLED_SL,SL_HIT,False,1,1.0,1,1.0,0,0.0,-1.0,-17.4363,1h,Price breached distal stop loss at 129.0240.
285,SOLUSD,SHORT,2025-12-14 00:00:00+00:00,2025-12-15 09:00:00+00:00,2025-12-15 10:00:00+00:00,2025-12-15 11:00:00+00:00,2025-12-14 05:30:00 IST,2025-12-15 14:30:00 IST,2025-12-15 15:30:00 IST,2025-12-15 16:30:00 IST,133.647,132.686,1.412,0.723,132.9263,133.647,132.1287,0.5422,64.55,64.55,0.6,35.0,38.73,0.000000,0.000000,0.000000,0.000000,0.000000,0.000000,FILLED_TP,TP_HIT,False,1,1.0,1,1.0,0,0.0,1.1066,-16.3297,1h,Price reached fixed +0.60% TP target at 132.1287.
286,SOLUSD,LONG,2025-12-01 15:00:00+00:00,2025-12-16 00:00:00+00:00,2025-12-16 03:00:00+00:00,2025-12-16 03:00:00+00:00,2025-12-01 20:30:00 IST,2025-12-16 05:30:00 IST,2025-12-16 08:30:00 IST,2025-12-16 08:30:00 IST,126.3,123.11,1.412,2.5418,125.5025,123.11,126.2555,1.9063,18.36,18.36,0.6,35.0,11.02,0.000000,0.000000,0.000000,0.000000,0.000000,0.000000,FILLED_TP,TP_HIT,False,1,1.0,3,3.0,2,2.0,0.3147,-16.015,1h,Price reached fixed +0.60% TP target at 126.2555.
287,SOLUSD,LONG,2025-12-16 04:00:00+00:00,2025-12-16 13:00:00+00:00,2025-12-16 14:00:00+00:00,2025-12-16 14:00:00+00:00,2025-12-16 09:30:00 IST,2025-12-16 18:30:00 IST,2025-12-16 19:30:00 IST,2025-12-16 19:30:00 IST,126.793,124.862,1.412,1.5288,126.3102,124.862,127.0681,1.1466,30.53,30.53,0.6,35.0,18.32,0.000000,0.000000,0.000000,0.000000,0.000000,0.000000,FILLED_TP,TP_HIT,False,1,1.0,1,1.0,0,0.0,0.5233,-15.4917,1h,Price reached fixed +0.60% TP target at 127.0681.
288,SOLUSD,SHORT,2025-12-17 01:00:00+00:00,2025-12-17 13:00:00+00:00,2025-12-17 14:00:00+00:00,2025-12-17 14:00:00+00:00,2025-12-17 06:30:00 IST,2025-12-17 18:30:00 IST,2025-12-17 19:30:00 IST,2025-12-17 19:30:00 IST,129.835,128.774,1.412,0.8222,129.0393,129.835,128.265,0.6167,56.76,56.76,0.6,35.0,34.05,0.000000,0.000000,-0.000000,0.000000,-0.000000,0.000000,FILLED_SL,DUAL_TOUCH_CONSERVATIVE_SL,True,1,1.0,1,1.0,0,0.0,-1.0,-16.4917,1h,Dual-touch candle: Both TP and SL touched in same 1H candle. Conservative SL-first execution applied.
289,SOLUSD,SHORT,2025-12-15 13:00:00+00:00,2025-12-17 14:00:00+00:00,2025-12-17 15:00:00+00:00,2025-12-17 15:00:00+00:00,2025-12-15 18:30:00 IST,2025-12-17 19:30:00 IST,2025-12-17 20:30:00 IST,2025-12-17 20:30:00 IST,133.297,131.703,1.412,1.2066,132.1015,133.297,131.3089,0.905,38.67,38.67,0.6,35.0,23.2,0.000000,0.000000,-0.000000,0.000000,-0.000000,0.000000,FILLED_SL,DUAL_TOUCH_CONSERVATIVE_SL,True,1,1.0,1,1.0,0,0.0,-1.0,-17.4917,1h,Dual-touch candle: Both TP and SL touched in same 1H candle. Conservative SL-first execution applied.
290,SOLUSD,LONG,2025-12-17 09:00:00+00:00,2025-12-17 15:00:00+00:00,2025-12-17 16:00:00+00:00,2025-12-17 16:00:00+00:00,2025-12-17 14:30:00 IST,2025-12-17 20:30:00 IST,2025-12-17 21:30:00 IST,2025-12-17 21:30:00 IST,127.0303,125.98,1.412,0.8285,126.7677,125.98,127.5283,0.6214,56.33,56.33,0.6,35.0,33.8,0.000000,0.000000,-0.000000,0.000000,-0.000000,0.000000,FILLED_SL,DUAL_TOUCH_CONSERVATIVE_SL,True,1,1.0,1,1.0,0,0.0,-1.0,-18.4917,1h,Dual-touch candle: Both TP and SL touched in same 1H candle. Conservative SL-first execution applied.
291,SOLUSD,SHORT,2025-12-20 16:00:00+00:00,2025-12-21 09:00:00+00:00,2025-12-21 10:00:00+00:00,2025-12-21 11:00:00+00:00,2025-12-20 21:30:00 IST,2025-12-21 14:30:00 IST,2025-12-21 15:30:00 IST,2025-12-21 16:30:00 IST,126.694,126.112,1.412,0.461,126.2575,126.694,125.5,0.3457,101.24,100.0,0.6,34.57,60.0,0.000000,0.000000,0.000000,0.000000,0.000000,0.000000,FILLED_TP,TP_HIT,False,1,1.0,1,1.0,0,0.0,1.7355,-16.7562,1h,Price reached fixed +0.60% TP target at 125.5000.
292,SOLUSD,SHORT,2025-12-21 10:00:00+00:00,2025-12-21 19:00:00+00:00,2025-12-21 22:00:00+00:00,2025-12-21 22:00:00+00:00,2025-12-21 15:30:00 IST,2025-12-22 00:30:00 IST,2025-12-22 03:30:00 IST,2025-12-22 03:30:00 IST,126.614,125.582,1.412,0.8201,125.84,126.614,125.085,0.6151,56.9,56.9,0.6,35.0,34.14,0.000000,0.000000,0.000000,0.000000,0.000000,0.000000,FILLED_TP,TP_HIT,False,1,1.0,3,3.0,2,2.0,0.9755,-15.7807,1h,Price reached fixed +0.60% TP target at 125.0850.
293,SOLUSD,LONG,2025-12-21 18:00:00+00:00,2025-12-22 19:00:00+00:00,2025-12-22 20:00:00+00:00,2025-12-22 20:00:00+00:00,2025-12-21 23:30:00 IST,2025-12-23 00:30:00 IST,2025-12-23 01:30:00 IST,2025-12-23 01:30:00 IST,125.463,124.362,1.412,0.8795,125.1877,124.362,125.9389,0.6596,53.06,53.06,0.6,35.0,31.84,0.000000,0.000000,-0.000000,0.000000,-0.000000,0.000000,FILLED_SL,SL_HIT,False,1,1.0,1,1.0,0,0.0,-1.0,-16.7807,1h,Price breached distal stop loss at 124.3620.
294,SOLUSD,LONG,2025-12-21 13:00:00+00:00,2025-12-22 20:00:00+00:00,2025-12-22 21:00:00+00:00,2025-12-22 22:00:00+00:00,2025-12-21 18:30:00 IST,2025-12-23 01:30:00 IST,2025-12-23 02:30:00 IST,2025-12-23 03:30:00 IST,125.583,123.384,1.412,1.7587,125.0332,123.384,125.7834,1.319,26.53,26.53,0.6,35.0,15.92,0.000000,0.000000,0.000000,0.000000,0.000000,0.000000,FILLED_TP,TP_HIT,False,1,1.0,1,1.0,0,0.0,0.4549,-16.3258,1h,Price reached fixed +0.60% TP target at 125.7834.
295,SOLUSD,SHORT,2025-12-23 20:00:00+00:00,2025-12-25 15:00:00+00:00,2025-12-25 16:00:00+00:00,2025-12-25 17:00:00+00:00,2025-12-24 01:30:00 IST,2025-12-25 20:30:00 IST,2025-12-25 21:30:00 IST,2025-12-25 22:30:00 IST,125.663,123.481,1.412,1.7593,124.0265,125.663,123.2823,1.3195,26.53,26.53,0.6,35.0,15.92,0.000000,0.000000,0.000000,0.000000,0.000000,0.000000,FILLED_TP,TP_HIT,False,1,1.0,1,1.0,0,0.0,0.4547,-15.8711,1h,Price reached fixed +0.60% TP target at 123.2823.
296,SOLUSD,LONG,2025-12-25 10:00:00+00:00,2025-12-25 22:00:00+00:00,2025-12-25 23:00:00+00:00,2025-12-25 23:00:00+00:00,2025-12-25 15:30:00 IST,2025-12-26 03:30:00 IST,2025-12-26 04:30:00 IST,2025-12-26 04:30:00 IST,122.1087,121.3017,1.412,0.662,121.9069,121.3017,122.6384,0.4965,70.5,70.5,0.6,35.0,42.3,0.000000,0.000000,-0.000000,0.000000,-0.000000,0.000000,FILLED_SL,SL_HIT,False,1,1.0,1,1.0,0,0.0,-1.0,-16.8711,1h,Price breached distal stop loss at 121.3017.
297,SOLUSD,LONG,2025-12-18 21:00:00+00:00,2025-12-25 23:00:00+00:00,2025-12-26 00:00:00+00:00,2025-12-26 00:00:00+00:00,2025-12-19 02:30:00 IST,2025-12-26 04:30:00 IST,2025-12-26 05:30:00 IST,2025-12-26 05:30:00 IST,120.211,117.108,1.412,2.5981,119.4352,117.108,120.1519,1.9485,17.96,17.96,0.6,35.0,10.78,0.000000,0.000000,0.000000,0.000000,0.000000,0.000000,FILLED_TP,TP_HIT,False,1,1.0,1,1.0,0,0.0,0.3079,-16.5632,1h,Price reached fixed +0.60% TP target at 120.1519.
298,SOLUSD,SHORT,2025-12-25 16:00:00+00:00,2025-12-26 02:00:00+00:00,2025-12-26 03:00:00+00:00,2025-12-26 03:00:00+00:00,2025-12-25 21:30:00 IST,2025-12-26 07:30:00 IST,2025-12-26 08:30:00 IST,2025-12-26 08:30:00 IST,124.483,123.341,1.412,0.9238,123.6265,124.483,122.8847,0.6928,50.52,50.52,0.6,35.0,30.31,0.000000,0.000000,0.000000,0.000000,0.000000,0.000000,FILLED_TP,TP_HIT,False,1,1.0,1,1.0,0,0.0,0.866,-15.6971,1h,Price reached fixed +0.60% TP target at 122.8847.
299,SOLUSD,SHORT,2025-12-26 13:00:00+00:00,2025-12-28 02:00:00+00:00,2025-12-28 03:00:00+00:00,2025-12-28 18:00:00+00:00,2025-12-26 18:30:00 IST,2025-12-28 07:30:00 IST,2025-12-28 08:30:00 IST,2025-12-28 23:30:00 IST,125.166,123.921,1.412,1.0022,124.2323,125.166,123.4869,0.7516,46.57,46.57,0.6,35.0,27.94,0.000000,0.000000,0.000000,0.000000,0.000000,0.000000,FILLED_TP,TP_HIT,False,15,15.0,1,1.0,0,0.0,0.7983,-14.8988,1h,Price reached fixed +0.60% TP target at 123.4869.
300,SOLUSD,LONG,2025-12-30 14:00:00+00:00,2025-12-30 17:00:00+00:00,2025-12-30 18:00:00+00:00,2025-12-30 21:00:00+00:00,2025-12-30 19:30:00 IST,2025-12-30 22:30:00 IST,2025-12-30 23:30:00 IST,2025-12-31 02:30:00 IST,125.373,123.54,1.412,1.4674,124.9147,123.54,125.6642,1.1006,31.8,31.8,0.6,35.0,19.08,0.000000,0.000000,-0.000000,0.000000,-0.000000,0.000000,FILLED_SL,SL_HIT,False,3,3.0,1,1.0,0,0.0,-1.0,-15.8988,1h,Price breached distal stop loss at 123.5400.
301,SOLUSD,LONG,2025-12-31 03:00:00+00:00,2025-12-31 14:00:00+00:00,2025-12-31 15:00:00+00:00,2025-12-31 15:00:00+00:00,2025-12-31 08:30:00 IST,2025-12-31 19:30:00 IST,2025-12-31 20:30:00 IST,2025-12-31 20:30:00 IST,126.0981,125.162,1.412,0.7437,125.8641,125.162,126.6193,0.5578,62.75,62.75,0.6,35.0,37.65,0.000000,0.000000,-0.000000,0.000000,-0.000000,0.000000,FILLED_SL,SL_HIT,False,1,1.0,1,1.0,0,0.0,-1.0,-16.8988,1h,Price breached distal stop loss at 125.1620.
302,SOLUSD,LONG,2026-01-04 19:00:00+00:00,2026-01-05 13:00:00+00:00,2026-01-05 14:00:00+00:00,2026-01-05 14:00:00+00:00,2026-01-05 00:30:00 IST,2026-01-05 18:30:00 IST,2026-01-05 19:30:00 IST,2026-01-05 19:30:00 IST,134.2063,133.106,1.412,0.8215,133.9312,133.106,134.7348,0.6162,56.8,56.8,0.6,35.0,34.08,0.000000,0.000000,0.000000,0.000000,0.000000,0.000000,FILLED_TP,TP_HIT,False,1,1.0,1,1.0,0,0.0,0.9738,-15.9251,1h,Price reached fixed +0.60% TP target at 134.7348.
303,SOLUSD,SHORT,2025-12-12 12:00:00+00:00,2026-01-05 21:00:00+00:00,2026-01-05 22:00:00+00:00,2026-01-05 23:00:00+00:00,2025-12-12 17:30:00 IST,2026-01-06 02:30:00 IST,2026-01-06 03:30:00 IST,2026-01-06 04:30:00 IST,139.9,138.379,1.412,1.0961,138.7593,139.9,137.9267,0.8221,42.57,42.57,0.6,35.0,25.54,0.000000,0.000000,0.000000,0.000000,0.000000,0.000000,FILLED_TP,TP_HIT,False,1,1.0,1,1.0,0,0.0,0.7298,-15.1952,1h,Price reached fixed +0.60% TP target at 137.9267.
304,SOLUSD,LONG,2026-01-06 07:00:00+00:00,2026-01-06 16:00:00+00:00,2026-01-06 17:00:00+00:00,2026-01-06 17:00:00+00:00,2026-01-06 12:30:00 IST,2026-01-06 21:30:00 IST,2026-01-06 22:30:00 IST,2026-01-06 22:30:00 IST,139.1,137.338,1.412,1.2707,138.6595,137.338,139.4915,0.9531,36.72,36.72,0.6,35.0,22.03,0.000000,0.000000,-0.000000,0.000000,-0.000000,0.000000,FILLED_SL,SL_HIT,False,1,1.0,1,1.0,0,0.0,-1.0,-16.1952,1h,Price breached distal stop loss at 137.3380.
305,SOLUSD,LONG,2026-01-05 06:00:00+00:00,2026-01-07 15:00:00+00:00,2026-01-07 16:00:00+00:00,2026-01-07 16:00:00+00:00,2026-01-05 11:30:00 IST,2026-01-07 20:30:00 IST,2026-01-07 21:30:00 IST,2026-01-07 21:30:00 IST,135.7,134.627,1.412,0.7923,135.4317,134.627,136.2443,0.5942,58.9,58.9,0.6,35.0,35.34,0.000000,0.000000,0.000000,0.000000,0.000000,0.000000,FILLED_TP,TP_HIT,False,1,1.0,1,1.0,0,0.0,1.0097,-15.1855,1h,Price reached fixed +0.60% TP target at 136.2443.
306,SOLUSD,SHORT,2026-01-08 04:00:00+00:00,2026-01-08 16:00:00+00:00,2026-01-08 17:00:00+00:00,2026-01-08 17:00:00+00:00,2026-01-08 09:30:00 IST,2026-01-08 21:30:00 IST,2026-01-08 22:30:00 IST,2026-01-08 22:30:00 IST,138.36,136.425,1.412,1.4134,136.9087,138.36,136.0873,1.06,33.02,33.02,0.6,35.0,19.81,0.000000,0.000000,-0.000000,0.000000,-0.000000,0.000000,FILLED_SL,SL_HIT,False,1,1.0,1,1.0,0,0.0,-1.0,-16.1855,1h,Price breached distal stop loss at 138.3600.
307,SOLUSD,LONG,2026-01-10 04:00:00+00:00,2026-01-10 14:00:00+00:00,2026-01-10 18:00:00+00:00,2026-01-10 21:00:00+00:00,2026-01-10 09:30:00 IST,2026-01-10 19:30:00 IST,2026-01-10 23:30:00 IST,2026-01-11 02:30:00 IST,136.169,135.727,1.412,0.3249,136.0585,135.727,136.8749,0.2436,143.65,100.0,0.6,24.36,60.0,0.000000,0.000000,-0.000000,0.000000,-0.000000,0.000000,FILLED_SL,SL_HIT,False,3,3.0,4,4.0,3,3.0,-1.0,-17.1855,1h,Price breached distal stop loss at 135.7270.
308,SOLUSD,SHORT,2026-01-10 12:00:00+00:00,2026-01-11 08:00:00+00:00,2026-01-11 09:00:00+00:00,2026-01-11 12:00:00+00:00,2026-01-10 17:30:00 IST,2026-01-11 13:30:00 IST,2026-01-11 14:30:00 IST,2026-01-11 17:30:00 IST,137.059,136.538,1.412,0.3812,136.6683,137.059,135.8482,0.2859,122.42,100.0,0.6,28.59,60.0,0.000000,0.000000,-0.000000,0.000000,-0.000000,0.000000,FILLED_SL,SL_HIT,False,3,3.0,1,1.0,0,0.0,-1.0,-18.1855,1h,Price breached distal stop loss at 137.0590.
309,SOLUSD,LONG,2026-01-11 23:00:00+00:00,2026-01-12 09:00:00+00:00,2026-01-12 10:00:00+00:00,2026-01-12 10:00:00+00:00,2026-01-12 04:30:00 IST,2026-01-12 14:30:00 IST,2026-01-12 15:30:00 IST,2026-01-12 15:30:00 IST,139.789,137.558,1.412,1.6024,139.2312,137.558,140.0666,1.2018,29.12,29.12,0.6,35.0,17.47,0.000000,0.000000,0.000000,0.000000,0.000000,0.000000,FILLED_TP,TP_HIT,False,1,1.0,1,1.0,0,0.0,0.4993,-17.6862,1h,Price reached fixed +0.60% TP target at 140.0666.
310,SOLUSD,SHORT,2026-01-12 16:00:00+00:00,2026-01-13 10:00:00+00:00,2026-01-13 13:00:00+00:00,2026-01-13 14:00:00+00:00,2026-01-12 21:30:00 IST,2026-01-13 15:30:00 IST,2026-01-13 18:30:00 IST,2026-01-13 19:30:00 IST,144.3109,142.121,1.412,1.535,142.6685,144.3109,141.8125,1.1512,30.4,30.4,0.6,35.0,18.24,0.000000,0.000000,0.000000,0.000000,0.000000,0.000000,FILLED_TP,TP_HIT,False,1,1.0,3,3.0,2,2.0,0.5212,-17.165,1h,Price reached fixed +0.60% TP target at 141.8125.
311,SOLUSD,LONG,2026-01-13 17:00:00+00:00,2026-01-15 03:00:00+00:00,2026-01-15 04:00:00+00:00,2026-01-15 04:00:00+00:00,2026-01-13 22:30:00 IST,2026-01-15 08:30:00 IST,2026-01-15 09:30:00 IST,2026-01-15 09:30:00 IST,143.643,142.468,1.412,0.8197,143.3492,142.468,144.2093,0.6148,56.93,56.93,0.6,35.0,34.16,0.000000,0.000000,0.000000,0.000000,0.000000,0.000000,FILLED_TP,TP_HIT,False,1,1.0,1,1.0,0,0.0,0.976,-16.189,1h,Price reached fixed +0.60% TP target at 144.2093.
312,SOLUSD,LONG,2026-01-16 05:00:00+00:00,2026-01-16 13:00:00+00:00,2026-01-16 14:00:00+00:00,2026-01-16 15:00:00+00:00,2026-01-16 10:30:00 IST,2026-01-16 18:30:00 IST,2026-01-16 19:30:00 IST,2026-01-16 20:30:00 IST,143.636,141.48,1.412,1.5067,143.097,141.48,143.9556,1.13,30.97,30.97,0.6,35.0,18.58,0.000000,0.000000,-0.000000,0.000000,-0.000000,0.000000,FILLED_SL,SL_HIT,False,1,1.0,1,1.0,0,0.0,-1.0,-17.189,1h,Price breached distal stop loss at 141.4800.
313,SOLUSD,SHORT,2026-01-16 12:00:00+00:00,2026-01-16 17:00:00+00:00,2026-01-16 18:00:00+00:00,2026-01-16 18:00:00+00:00,2026-01-16 17:30:00 IST,2026-01-16 22:30:00 IST,2026-01-16 23:30:00 IST,2026-01-16 23:30:00 IST,143.872,143.121,1.412,0.524,143.3088,143.872,142.4489,0.393,89.05,89.05,0.6,35.0,53.43,0.000000,0.000000,-0.000000,0.000000,-0.000000,0.000000,FILLED_SL,SL_HIT,False,1,1.0,1,1.0,0,0.0,-1.0,-18.189,1h,Price breached distal stop loss at 143.8720.
314,SOLUSD,SHORT,2026-01-15 09:00:00+00:00,2026-01-16 20:00:00+00:00,2026-01-16 21:00:00+00:00,2026-01-17 05:00:00+00:00,2026-01-15 14:30:00 IST,2026-01-17 01:30:00 IST,2026-01-17 02:30:00 IST,2026-01-17 10:30:00 IST,146.023,144.472,1.412,1.0707,144.8598,146.023,143.9906,0.803,43.59,43.59,0.6,35.0,26.15,0.000000,0.000000,0.000000,0.000000,0.000000,0.000000,FILLED_TP,TP_HIT,False,8,8.0,1,1.0,0,0.0,0.7472,-17.4419,1h,Price reached fixed +0.60% TP target at 143.9906.
315,SOLUSD,SHORT,2026-01-18 09:00:00+00:00,2026-01-18 17:00:00+00:00,2026-01-18 18:00:00+00:00,2026-01-18 18:00:00+00:00,2026-01-18 14:30:00 IST,2026-01-18 22:30:00 IST,2026-01-18 23:30:00 IST,2026-01-18 23:30:00 IST,142.632,142.311,1.412,0.2254,142.3913,142.632,141.5369,0.1691,207.01,100.0,0.6,16.91,60.0,0.000000,0.000000,-0.000000,0.000000,-0.000000,0.000000,FILLED_SL,SL_HIT,False,1,1.0,1,1.0,0,0.0,-1.0,-18.4419,1h,Price breached distal stop loss at 142.6320.
316,SOLUSD,SHORT,2026-01-24 03:00:00+00:00,2026-01-24 22:00:00+00:00,2026-01-24 23:00:00+00:00,2026-01-25 00:00:00+00:00,2026-01-24 08:30:00 IST,2026-01-25 03:30:00 IST,2026-01-25 04:30:00 IST,2026-01-25 05:30:00 IST,128.115,127.594,1.412,0.4079,127.7242,128.115,126.9579,0.3059,114.4,100.0,0.6,30.59,60.0,0.000000,0.000000,0.000000,0.000000,0.000000,0.000000,FILLED_TP,TP_HIT,False,1,1.0,1,1.0,0,0.0,1.9612,-16.4806,1h,Price reached fixed +0.60% TP target at 126.9579.
317,SOLUSD,LONG,2026-01-26 04:00:00+00:00,2026-01-26 15:00:00+00:00,2026-01-26 17:00:00+00:00,2026-01-26 17:00:00+00:00,2026-01-26 09:30:00 IST,2026-01-26 20:30:00 IST,2026-01-26 22:30:00 IST,2026-01-26 22:30:00 IST,123.612,121.571,1.412,1.658,123.1017,121.571,123.8404,1.2435,28.15,28.15,0.6,35.0,16.89,0.000000,0.000000,0.000000,0.000000,0.000000,0.000000,FILLED_TP,TP_HIT,False,1,1.0,2,2.0,1,1.0,0.4825,-15.9981,1h,Price reached fixed +0.60% TP target at 123.8404.
318,SOLUSD,SHORT,2026-01-27 03:00:00+00:00,2026-01-27 15:00:00+00:00,2026-01-27 16:00:00+00:00,2026-01-27 16:00:00+00:00,2026-01-27 08:30:00 IST,2026-01-27 20:30:00 IST,2026-01-27 21:30:00 IST,2026-01-27 21:30:00 IST,125.183,124.4,1.412,0.6284,124.5958,125.183,123.8482,0.4713,74.26,74.26,0.6,35.0,44.56,0.000000,0.000000,-0.000000,0.000000,-0.000000,0.000000,FILLED_SL,SL_HIT,False,1,1.0,1,1.0,0,0.0,-1.0,-16.9981,1h,Price breached distal stop loss at 125.1830.
319,SOLUSD,SHORT,2026-01-24 23:00:00+00:00,2026-01-27 20:00:00+00:00,2026-01-27 21:00:00+00:00,2026-01-27 21:00:00+00:00,2026-01-25 04:30:00 IST,2026-01-28 01:30:00 IST,2026-01-28 02:30:00 IST,2026-01-28 02:30:00 IST,127.736,127.173,1.412,0.4422,127.3137,127.736,126.5499,0.3317,105.53,100.0,0.6,33.17,60.0,0.000000,0.000000,-0.000000,0.000000,-0.000000,0.000000,FILLED_SL,SL_HIT,False,1,1.0,1,1.0,0,0.0,-1.0,-17.9981,1h,Price breached distal stop loss at 127.7360.
320,SOLUSD,LONG,2026-01-28 09:00:00+00:00,2026-01-28 12:00:00+00:00,2026-01-28 13:00:00+00:00,2026-01-28 15:00:00+00:00,2026-01-28 14:30:00 IST,2026-01-28 17:30:00 IST,2026-01-28 18:30:00 IST,2026-01-28 20:30:00 IST,127.624,126.0,1.412,1.2765,127.218,126.0,127.9813,0.9574,36.56,36.56,0.6,35.0,21.93,0.000000,0.000000,-0.000000,0.000000,-0.000000,0.000000,FILLED_SL,SL_HIT,False,2,2.0,1,1.0,0,0.0,-1.0,-18.9981,1h,Price breached distal stop loss at 126.0000.
321,SOLUSD,SHORT,2026-02-01 08:00:00+00:00,2026-02-01 11:00:00+00:00,2026-02-01 12:00:00+00:00,2026-02-01 12:00:00+00:00,2026-02-01 13:30:00 IST,2026-02-01 16:30:00 IST,2026-02-01 17:30:00 IST,2026-02-01 17:30:00 IST,106.023,104.812,1.412,1.1521,105.1148,106.023,104.4841,0.8641,40.51,40.51,0.6,35.0,24.3,0.000000,0.000000,0.000000,0.000000,0.000000,0.000000,FILLED_TP,TP_HIT,False,1,1.0,1,1.0,0,0.0,0.6944,-18.3037,1h,Price reached fixed +0.60% TP target at 104.4841.
322,SOLUSD,SHORT,2026-02-02 22:00:00+00:00,2026-02-03 04:00:00+00:00,2026-02-03 07:00:00+00:00,2026-02-03 07:00:00+00:00,2026-02-03 03:30:00 IST,2026-02-03 09:30:00 IST,2026-02-03 12:30:00 IST,2026-02-03 12:30:00 IST,105.175,104.602,1.412,0.547,104.7452,105.175,104.1168,0.4103,85.31,85.31,0.6,35.0,51.18,0.000000,0.000000,0.000000,0.000000,0.000000,0.000000,FILLED_TP,TP_HIT,False,1,1.0,3,3.0,2,2.0,1.4624,-16.8413,1h,Price reached fixed +0.60% TP target at 104.1168.
323,SOLUSD,SHORT,2026-02-07 04:00:00+00:00,2026-02-07 17:00:00+00:00,2026-02-07 18:00:00+00:00,2026-02-07 18:00:00+00:00,2026-02-07 09:30:00 IST,2026-02-07 22:30:00 IST,2026-02-07 23:30:00 IST,2026-02-07 23:30:00 IST,89.005,87.253,1.412,1.9979,87.691,89.005,87.1649,1.4984,23.36,23.36,0.6,35.0,14.01,0.000000,0.000000,-0.000000,0.000000,-0.000000,0.000000,FILLED_SL,SL_HIT,False,1,1.0,1,1.0,0,0.0,-1.0,-17.8413,1h,Price breached distal stop loss at 89.0050.
324,SOLUSD,SHORT,2026-02-08 13:00:00+00:00,2026-02-08 18:00:00+00:00,2026-02-08 19:00:00+00:00,2026-02-08 20:00:00+00:00,2026-02-08 18:30:00 IST,2026-02-08 23:30:00 IST,2026-02-09 00:30:00 IST,2026-02-09 01:30:00 IST,88.865,87.732,1.412,1.2873,88.0152,88.865,87.4872,0.9655,36.25,36.25,0.6,35.0,21.75,0.000000,0.000000,0.000000,0.000000,0.000000,0.000000,FILLED_TP,TP_HIT,False,1,1.0,1,1.0,0,0.0,0.6215,-17.2198,1h,Price reached fixed +0.60% TP target at 87.4872.
325,SOLUSD,SHORT,2026-02-08 23:00:00+00:00,2026-02-09 16:00:00+00:00,2026-02-09 17:00:00+00:00,2026-02-09 17:00:00+00:00,2026-02-09 04:30:00 IST,2026-02-09 21:30:00 IST,2026-02-09 22:30:00 IST,2026-02-09 22:30:00 IST,89.0094,86.043,1.412,3.4181,86.7846,89.0094,86.2639,2.5636,13.65,13.65,0.6,35.0,8.19,0.000000,0.000000,0.000000,0.000000,0.000000,0.000000,FILLED_TP,TP_HIT,False,1,1.0,1,1.0,0,0.0,0.234,-16.9858,1h,Price reached fixed +0.60% TP target at 86.2639.
326,SOLUSD,SHORT,2026-02-11 13:00:00+00:00,2026-02-12 07:00:00+00:00,2026-02-12 09:00:00+00:00,2026-02-12 09:00:00+00:00,2026-02-11 18:30:00 IST,2026-02-12 12:30:00 IST,2026-02-12 14:30:00 IST,2026-02-12 14:30:00 IST,81.8077,80.6505,1.412,1.4297,80.9398,81.8077,80.4542,1.0723,32.64,32.64,0.6,35.0,19.58,0.000000,0.000000,-0.000000,0.000000,-0.000000,0.000000,FILLED_SL,SL_HIT,False,1,1.0,2,2.0,1,1.0,-1.0,-17.9858,1h,Price breached distal stop loss at 81.8077.
327,SOLUSD,SHORT,2026-02-09 18:00:00+00:00,2026-02-14 21:00:00+00:00,2026-02-14 22:00:00+00:00,2026-02-14 22:00:00+00:00,2026-02-09 23:30:00 IST,2026-02-15 02:30:00 IST,2026-02-15 03:30:00 IST,2026-02-15 03:30:00 IST,88.695,87.06,1.412,1.8692,87.4688,88.695,86.9439,1.4019,24.97,24.97,0.6,35.0,14.98,0.000000,0.000000,-0.000000,0.000000,-0.000000,0.000000,FILLED_SL,SL_HIT,False,1,1.0,1,1.0,0,0.0,-1.0,-18.9858,1h,Price breached distal stop loss at 88.6950.
328,SOLUSD,LONG,2026-02-13 20:00:00+00:00,2026-02-16 06:00:00+00:00,2026-02-16 07:00:00+00:00,2026-02-16 07:00:00+00:00,2026-02-14 01:30:00 IST,2026-02-16 11:30:00 IST,2026-02-16 12:30:00 IST,2026-02-16 12:30:00 IST,85.063,84.172,1.412,1.0502,84.8402,84.172,85.3493,0.7877,44.44,44.44,0.6,35.0,26.66,0.000000,0.000000,0.000000,0.000000,0.000000,0.000000,FILLED_TP,TP_HIT,False,1,1.0,1,1.0,0,0.0,0.7618,-18.224,1h,Price reached fixed +0.60% TP target at 85.3493.
329,SOLUSD,SHORT,2026-02-15 22:00:00+00:00,2026-02-16 12:00:00+00:00,2026-02-16 13:00:00+00:00,2026-02-16 13:00:00+00:00,2026-02-16 03:30:00 IST,2026-02-16 17:30:00 IST,2026-02-16 18:30:00 IST,2026-02-16 18:30:00 IST,86.665,86.053,1.412,0.7099,86.206,86.665,85.6888,0.5324,65.73,65.73,0.6,35.0,39.44,0.000000,0.000000,-0.000000,0.000000,-0.000000,0.000000,FILLED_SL,DUAL_TOUCH_CONSERVATIVE_SL,True,1,1.0,1,1.0,0,0.0,-1.0,-19.224,1h,Dual-touch candle: Both TP and SL touched in same 1H candle. Conservative SL-first execution applied.
330,SOLUSD,SHORT,2026-02-16 12:00:00+00:00,2026-02-16 20:00:00+00:00,2026-02-16 21:00:00+00:00,2026-02-16 23:00:00+00:00,2026-02-16 17:30:00 IST,2026-02-17 01:30:00 IST,2026-02-17 02:30:00 IST,2026-02-17 04:30:00 IST,86.395,85.252,1.412,1.3363,85.5377,86.395,85.0245,1.0022,34.92,34.92,0.6,35.0,20.95,0.000000,0.000000,-0.000000,0.000000,-0.000000,0.000000,FILLED_SL,SL_HIT,False,2,2.0,1,1.0,0,0.0,-1.0,-20.224,1h,Price breached distal stop loss at 86.3950.
331,SOLUSD,SHORT,2026-02-19 07:00:00+00:00,2026-02-19 22:00:00+00:00,2026-02-19 23:00:00+00:00,2026-02-20 00:00:00+00:00,2026-02-19 12:30:00 IST,2026-02-20 03:30:00 IST,2026-02-20 04:30:00 IST,2026-02-20 05:30:00 IST,82.672,82.1,1.412,0.6955,82.243,82.672,81.7495,0.5216,67.1,67.1,0.6,35.0,40.26,0.000000,0.000000,-0.000000,0.000000,-0.000000,0.000000,FILLED_SL,SL_HIT,False,1,1.0,1,1.0,0,0.0,-1.0,-21.224,1h,Price breached distal stop loss at 82.6720.
332,SOLUSD,LONG,2026-02-20 13:00:00+00:00,2026-02-22 15:00:00+00:00,2026-02-22 16:00:00+00:00,2026-02-23 00:00:00+00:00,2026-02-20 18:30:00 IST,2026-02-22 20:30:00 IST,2026-02-22 21:30:00 IST,2026-02-23 05:30:00 IST,83.712,81.75,1.412,2.3576,83.2215,81.75,83.7208,1.7682,19.79,19.79,0.6,35.0,11.88,0.000000,0.000000,-0.000000,0.000000,-0.000000,0.000000,FILLED_SL,SL_HIT,False,8,8.0,1,1.0,0,0.0,-1.0,-22.224,1h,Price breached distal stop loss at 81.7500.
333,SOLUSD,SHORT,2026-02-23 18:00:00+00:00,2026-02-24 16:00:00+00:00,2026-02-24 17:00:00+00:00,2026-02-24 17:00:00+00:00,2026-02-23 23:30:00 IST,2026-02-24 21:30:00 IST,2026-02-24 22:30:00 IST,2026-02-24 22:30:00 IST,79.28,78.039,1.412,1.5839,78.3492,79.28,77.8792,1.188,29.46,29.46,0.6,35.0,17.68,0.000000,0.000000,0.000000,0.000000,0.000000,0.000000,FILLED_TP,TP_HIT,False,1,1.0,1,1.0,0,0.0,0.5051,-21.719,1h,Price reached fixed +0.60% TP target at 77.8792.
334,SOLUSD,SHORT,2026-03-08 00:00:00+00:00,2026-03-08 07:00:00+00:00,2026-03-08 08:00:00+00:00,2026-03-08 08:00:00+00:00,2026-03-08 05:30:00 IST,2026-03-08 12:30:00 IST,2026-03-08 13:30:00 IST,2026-03-08 13:30:00 IST,83.482,82.901,1.412,0.6996,83.0463,83.482,82.548,0.5247,66.7,66.7,0.6,35.0,40.02,0.000000,0.000000,0.000000,0.000000,0.000000,0.000000,FILLED_TP,TP_HIT,False,1,1.0,1,1.0,0,0.0,1.1435,-20.5755,1h,Price reached fixed +0.60% TP target at 82.5480.
335,SOLUSD,SHORT,2026-03-07 11:00:00+00:00,2026-03-09 05:00:00+00:00,2026-03-09 09:00:00+00:00,2026-03-09 09:00:00+00:00,2026-03-07 16:30:00 IST,2026-03-09 10:30:00 IST,2026-03-09 14:30:00 IST,2026-03-09 14:30:00 IST,84.903,84.252,1.412,0.7712,84.4147,84.903,83.9083,0.5784,60.51,60.51,0.6,35.0,36.31,0.000000,0.000000,0.000000,0.000000,0.000000,0.000000,FILLED_TP,TP_HIT,False,1,1.0,4,4.0,3,3.0,1.0374,-19.5381,1h,Price reached fixed +0.60% TP target at 83.9083.
336,SOLUSD,LONG,2026-03-09 13:00:00+00:00,2026-03-09 22:00:00+00:00,2026-03-09 23:00:00+00:00,2026-03-09 23:00:00+00:00,2026-03-09 18:30:00 IST,2026-03-10 03:30:00 IST,2026-03-10 04:30:00 IST,2026-03-10 04:30:00 IST,85.753,83.981,1.412,2.0771,85.31,83.981,85.8219,1.5578,22.47,22.47,0.6,35.0,13.48,0.000000,0.000000,0.000000,0.000000,0.000000,0.000000,FILLED_TP,TP_HIT,False,1,1.0,1,1.0,0,0.0,0.3851,-19.153,1h,Price reached fixed +0.60% TP target at 85.8219.
337,SOLUSD,LONG,2026-03-10 00:00:00+00:00,2026-03-10 21:00:00+00:00,2026-03-10 22:00:00+00:00,2026-03-11 00:00:00+00:00,2026-03-10 05:30:00 IST,2026-03-11 02:30:00 IST,2026-03-11 03:30:00 IST,2026-03-11 05:30:00 IST,85.963,84.832,1.412,1.32,85.6803,84.832,86.1943,0.99,35.35,35.35,0.6,35.0,21.21,0.000000,0.000000,0.000000,0.000000,0.000000,0.000000,FILLED_TP,TP_HIT,False,2,2.0,1,1.0,0,0.0,0.606,-18.5469,1h,Price reached fixed +0.60% TP target at 86.1943.
338,SOLUSD,LONG,2026-03-11 12:00:00+00:00,2026-03-12 02:00:00+00:00,2026-03-12 03:00:00+00:00,2026-03-12 07:00:00+00:00,2026-03-11 17:30:00 IST,2026-03-12 07:30:00 IST,2026-03-12 08:30:00 IST,2026-03-12 12:30:00 IST,85.685,84.352,1.412,1.5618,85.3518,84.352,85.8639,1.1713,29.88,29.88,0.6,35.0,17.93,0.000000,0.000000,0.000000,0.000000,0.000000,0.000000,FILLED_TP,TP_HIT,False,4,4.0,1,1.0,0,0.0,0.5122,-18.0347,1h,Price reached fixed +0.60% TP target at 85.8639.
339,SOLUSD,LONG,2026-03-13 07:00:00+00:00,2026-03-13 17:00:00+00:00,2026-03-13 18:00:00+00:00,2026-03-13 22:00:00+00:00,2026-03-13 12:30:00 IST,2026-03-13 22:30:00 IST,2026-03-13 23:30:00 IST,2026-03-14 03:30:00 IST,88.9348,88.154,1.412,0.8799,88.7396,88.154,89.272,0.6599,53.04,53.04,0.6,35.0,31.82,0.000000,0.000000,-0.000000,0.000000,-0.000000,0.000000,FILLED_SL,SL_HIT,False,4,4.0,1,1.0,0,0.0,-1.0,-19.0347,1h,Price breached distal stop loss at 88.1540.
340,SOLUSD,LONG,2026-03-12 19:00:00+00:00,2026-03-14 09:00:00+00:00,2026-03-14 10:00:00+00:00,2026-03-14 13:00:00+00:00,2026-03-13 00:30:00 IST,2026-03-14 14:30:00 IST,2026-03-14 15:30:00 IST,2026-03-14 18:30:00 IST,86.944,85.65,1.412,1.4939,86.6205,85.65,87.1402,1.1204,31.24,31.24,0.6,35.0,18.74,0.000000,0.000000,0.000000,0.000000,0.000000,0.000000,FILLED_TP,TP_HIT,False,3,3.0,1,1.0,0,0.0,0.5355,-18.4992,1h,Price reached fixed +0.60% TP target at 87.1402.
341,SOLUSD,SHORT,2026-03-14 04:00:00+00:00,2026-03-15 02:00:00+00:00,2026-03-15 03:00:00+00:00,2026-03-15 03:00:00+00:00,2026-03-14 09:30:00 IST,2026-03-15 07:30:00 IST,2026-03-15 08:30:00 IST,2026-03-15 08:30:00 IST,88.7,88.204,1.412,0.5615,88.328,88.7,87.798,0.4212,83.1,83.1,0.6,35.0,49.86,0.000000,0.000000,0.000000,0.000000,0.000000,0.000000,FILLED_TP,TP_HIT,False,1,1.0,1,1.0,0,0.0,1.4246,-17.0745,1h,Price reached fixed +0.60% TP target at 87.7980.
342,SOLUSD,SHORT,2026-03-15 09:00:00+00:00,2026-03-15 17:00:00+00:00,2026-03-15 18:00:00+00:00,2026-03-15 18:00:00+00:00,2026-03-15 14:30:00 IST,2026-03-15 22:30:00 IST,2026-03-15 23:30:00 IST,2026-03-15 23:30:00 IST,88.865,88.412,1.412,0.5117,88.5252,88.865,87.9941,0.3838,91.2,91.2,0.6,35.0,54.72,0.000000,0.000000,0.000000,0.000000,0.000000,0.000000,FILLED_TP,TP_HIT,False,1,1.0,1,1.0,0,0.0,1.5634,-15.5112,1h,Price reached fixed +0.60% TP target at 87.9941.
343,SOLUSD,LONG,2026-03-16 08:00:00+00:00,2026-03-17 04:00:00+00:00,2026-03-17 05:00:00+00:00,2026-03-17 06:00:00+00:00,2026-03-16 13:30:00 IST,2026-03-17 09:30:00 IST,2026-03-17 10:30:00 IST,2026-03-17 11:30:00 IST,94.04,92.596,1.412,1.5414,93.679,92.596,94.2411,1.1561,30.27,30.27,0.6,35.0,18.16,0.000000,0.000000,0.000000,0.000000,0.000000,0.000000,FILLED_TP,TP_HIT,False,1,1.0,1,1.0,0,0.0,0.519,-14.9922,1h,Price reached fixed +0.60% TP target at 94.2411.
344,SOLUSD,LONG,2026-03-17 12:00:00+00:00,2026-03-18 05:00:00+00:00,2026-03-18 07:00:00+00:00,2026-03-18 10:00:00+00:00,2026-03-17 17:30:00 IST,2026-03-18 10:30:00 IST,2026-03-18 12:30:00 IST,2026-03-18 15:30:00 IST,94.078,93.174,1.412,0.9632,93.852,93.174,94.4151,0.7224,48.45,48.45,0.6,35.0,29.07,0.000000,0.000000,0.000000,0.000000,0.000000,0.000000,FILLED_TP,TP_HIT,False,3,3.0,2,2.0,1,1.0,0.8305,-14.1616,1h,Price reached fixed +0.60% TP target at 94.4151.
345,SOLUSD,LONG,2026-03-18 23:00:00+00:00,2026-03-19 04:00:00+00:00,2026-03-19 05:00:00+00:00,2026-03-19 05:00:00+00:00,2026-03-19 04:30:00 IST,2026-03-19 09:30:00 IST,2026-03-19 10:30:00 IST,2026-03-19 10:30:00 IST,90.166,89.684,1.412,0.5353,90.0455,89.684,90.5858,0.4015,87.18,87.18,0.6,35.0,52.31,0.000000,0.000000,-0.000000,0.000000,-0.000000,0.000000,FILLED_SL,SL_HIT,False,1,1.0,1,1.0,0,0.0,-1.0,-15.1616,1h,Price breached distal stop loss at 89.6840.
346,SOLUSD,SHORT,2026-03-19 03:00:00+00:00,2026-03-19 09:00:00+00:00,2026-03-19 10:00:00+00:00,2026-03-19 11:00:00+00:00,2026-03-19 08:30:00 IST,2026-03-19 14:30:00 IST,2026-03-19 15:30:00 IST,2026-03-19 16:30:00 IST,91.4063,89.914,1.412,1.6528,90.2871,91.4063,89.7454,1.2396,28.23,28.23,0.6,35.0,16.94,0.000000,0.000000,0.000000,0.000000,0.000000,0.000000,FILLED_TP,TP_HIT,False,1,1.0,1,1.0,0,0.0,0.484,-14.6776,1h,Price reached fixed +0.60% TP target at 89.7454.
347,SOLUSD,LONG,2026-03-15 13:00:00+00:00,2026-03-19 12:00:00+00:00,2026-03-19 13:00:00+00:00,2026-03-19 13:00:00+00:00,2026-03-15 18:30:00 IST,2026-03-19 17:30:00 IST,2026-03-19 18:30:00 IST,2026-03-19 18:30:00 IST,88.397,87.353,1.412,1.1845,88.136,87.353,88.6648,0.8884,39.4,39.4,0.6,35.0,23.64,0.000000,0.000000,0.000000,0.000000,0.000000,0.000000,FILLED_TP,TP_HIT,False,1,1.0,1,1.0,0,0.0,0.6754,-14.0022,1h,Price reached fixed +0.60% TP target at 88.6648.
348,SOLUSD,SHORT,2026-03-21 09:00:00+00:00,2026-03-21 20:00:00+00:00,2026-03-21 21:00:00+00:00,2026-03-21 23:00:00+00:00,2026-03-21 14:30:00 IST,2026-03-22 01:30:00 IST,2026-03-22 02:30:00 IST,2026-03-22 04:30:00 IST,90.4,89.984,1.412,0.4618,90.088,90.4,89.5475,0.3463,101.06,100.0,0.6,34.63,60.0,0.000000,0.000000,0.000000,0.000000,0.000000,0.000000,FILLED_TP,TP_HIT,False,2,2.0,1,1.0,0,0.0,1.7325,-12.2698,1h,Price reached fixed +0.60% TP target at 89.5475.
349,SOLUSD,LONG,2026-03-25 07:00:00+00:00,2026-03-25 14:00:00+00:00,2026-03-25 15:00:00+00:00,2026-03-25 15:00:00+00:00,2026-03-25 12:30:00 IST,2026-03-25 19:30:00 IST,2026-03-25 20:30:00 IST,2026-03-25 20:30:00 IST,92.506,91.765,1.412,0.8026,92.3208,91.765,92.8747,0.602,58.14,58.14,0.6,35.0,34.89,0.000000,0.000000,-0.000000,0.000000,-0.000000,0.000000,FILLED_SL,SL_HIT,False,1,1.0,1,1.0,0,0.0,-1.0,-13.2698,1h,Price breached distal stop loss at 91.7650.
350,SOLUSD,LONG,2026-03-28 01:00:00+00:00,2026-03-28 12:00:00+00:00,2026-03-28 13:00:00+00:00,2026-03-28 13:00:00+00:00,2026-03-28 06:30:00 IST,2026-03-28 17:30:00 IST,2026-03-28 18:30:00 IST,2026-03-28 18:30:00 IST,82.852,82.231,1.412,0.7509,82.6968,82.231,83.1929,0.5632,62.14,62.14,0.6,35.0,37.29,0.000000,0.000000,0.000000,0.000000,0.000000,0.000000,FILLED_TP,TP_HIT,False,1,1.0,1,1.0,0,0.0,1.0653,-12.2044,1h,Price reached fixed +0.60% TP target at 83.1929.
351,SOLUSD,LONG,2026-03-08 13:00:00+00:00,2026-03-29 12:00:00+00:00,2026-03-29 13:00:00+00:00,2026-03-29 17:00:00+00:00,2026-03-08 18:30:00 IST,2026-03-29 17:30:00 IST,2026-03-29 18:30:00 IST,2026-03-29 22:30:00 IST,82.452,81.169,1.412,1.5621,82.1312,81.169,82.624,1.1716,29.87,29.87,0.6,35.0,17.92,0.000000,0.000000,-0.000000,0.000000,-0.000000,0.000000,FILLED_SL,SL_HIT,False,4,4.0,1,1.0,0,0.0,-1.0,-13.2044,1h,Price breached distal stop loss at 81.1690.
352,SOLUSD,SHORT,2026-03-29 03:00:00+00:00,2026-03-30 01:00:00+00:00,2026-03-30 02:00:00+00:00,2026-03-30 02:00:00+00:00,2026-03-29 08:30:00 IST,2026-03-30 06:30:00 IST,2026-03-30 07:30:00 IST,2026-03-30 07:30:00 IST,83.222,82.681,1.412,0.6533,82.8162,83.222,82.3194,0.4899,71.44,71.44,0.6,35.0,42.86,0.000000,0.000000,-0.000000,0.000000,-0.000000,0.000000,FILLED_SL,SL_HIT,False,1,1.0,1,1.0,0,0.0,-1.0,-14.2044,1h,Price breached distal stop loss at 83.2220.
353,SOLUSD,SHORT,2026-03-28 15:00:00+00:00,2026-03-30 02:00:00+00:00,2026-03-30 03:00:00+00:00,2026-03-30 07:00:00+00:00,2026-03-28 20:30:00 IST,2026-03-30 07:30:00 IST,2026-03-30 08:30:00 IST,2026-03-30 12:30:00 IST,84.283,83.171,1.412,1.3326,83.449,84.283,82.9483,0.9994,35.02,35.02,0.6,35.0,21.01,0.000000,0.000000,-0.000000,0.000000,-0.000000,0.000000,FILLED_SL,SL_HIT,False,4,4.0,1,1.0,0,0.0,-1.0,-15.2044,1h,Price breached distal stop loss at 84.2830.
354,SOLUSD,LONG,2026-03-31 17:00:00+00:00,2026-04-01 09:00:00+00:00,2026-04-01 10:00:00+00:00,2026-04-01 12:00:00+00:00,2026-03-31 22:30:00 IST,2026-04-01 14:30:00 IST,2026-04-01 15:30:00 IST,2026-04-01 17:30:00 IST,83.482,82.181,1.412,1.5645,83.1568,82.181,83.6557,1.1734,29.83,29.83,0.6,35.0,17.9,0.000000,0.000000,0.000000,0.000000,0.000000,0.000000,FILLED_TP,TP_HIT,False,2,2.0,1,1.0,0,0.0,0.5113,-14.6931,1h,Price reached fixed +0.60% TP target at 83.6557.
355,SOLUSD,LONG,2026-04-03 02:00:00+00:00,2026-04-03 12:00:00+00:00,2026-04-03 13:00:00+00:00,2026-04-03 14:00:00+00:00,2026-04-03 07:30:00 IST,2026-04-03 17:30:00 IST,2026-04-03 18:30:00 IST,2026-04-03 19:30:00 IST,79.6,78.8423,1.412,0.9542,79.4106,78.8423,79.887,0.7156,48.91,48.91,0.6,35.0,29.35,0.000000,0.000000,0.000000,0.000000,0.000000,0.000000,FILLED_TP,TP_HIT,False,1,1.0,1,1.0,0,0.0,0.8384,-13.8547,1h,Price reached fixed +0.60% TP target at 79.8870.
356,SOLUSD,SHORT,2026-04-04 06:00:00+00:00,2026-04-04 10:00:00+00:00,2026-04-04 11:00:00+00:00,2026-04-04 14:00:00+00:00,2026-04-04 11:30:00 IST,2026-04-04 15:30:00 IST,2026-04-04 16:30:00 IST,2026-04-04 19:30:00 IST,80.541,80.13,1.412,0.5123,80.2327,80.541,79.7514,0.3842,91.1,91.1,0.6,35.0,54.66,0.000000,0.000000,0.000000,0.000000,0.000000,0.000000,FILLED_TP,TP_HIT,False,3,3.0,1,1.0,0,0.0,1.5617,-12.2929,1h,Price reached fixed +0.60% TP target at 79.7514.
357,SOLUSD,LONG,2026-04-04 14:00:00+00:00,2026-04-05 04:00:00+00:00,2026-04-05 05:00:00+00:00,2026-04-05 06:00:00+00:00,2026-04-04 19:30:00 IST,2026-04-05 09:30:00 IST,2026-04-05 10:30:00 IST,2026-04-05 11:30:00 IST,80.3843,79.5953,1.412,0.9839,80.187,79.5953,80.6682,0.738,47.43,47.43,0.6,35.0,28.46,0.000000,0.000000,-0.000000,0.000000,-0.000000,0.000000,FILLED_SL,SL_HIT,False,1,1.0,1,1.0,0,0.0,-1.0,-13.2929,1h,Price breached distal stop loss at 79.5953.
358,SOLUSD,LONG,2026-04-05 15:00:00+00:00,2026-04-07 06:00:00+00:00,2026-04-07 07:00:00+00:00,2026-04-07 09:00:00+00:00,2026-04-05 20:30:00 IST,2026-04-07 11:30:00 IST,2026-04-07 12:30:00 IST,2026-04-07 14:30:00 IST,80.33,78.969,1.412,1.7015,79.9898,78.969,80.4697,1.2761,27.43,27.43,0.6,35.0,16.46,0.000000,0.000000,0.000000,0.000000,0.000000,0.000000,FILLED_TP,TP_HIT,False,2,2.0,1,1.0,0,0.0,0.4702,-12.8228,1h,Price reached fixed +0.60% TP target at 80.4697.
359,SOLUSD,SHORT,2026-04-08 13:00:00+00:00,2026-04-08 17:00:00+00:00,2026-04-09 16:00:00+00:00,2026-04-09 16:00:00+00:00,2026-04-08 18:30:00 IST,2026-04-08 22:30:00 IST,2026-04-09 21:30:00 IST,2026-04-09 21:30:00 IST,84.992,83.911,1.412,1.2841,84.1813,84.992,83.6762,0.9631,36.34,36.34,0.6,35.0,21.8,0.000000,0.000000,0.000000,0.000000,0.000000,0.000000,FILLED_TP,TP_HIT,False,1,1.0,23,23.0,22,22.0,0.623,-12.1998,1h,Price reached fixed +0.60% TP target at 83.6762.
360,SOLUSD,LONG,2026-04-09 14:00:00+00:00,2026-04-12 01:00:00+00:00,2026-04-12 02:00:00+00:00,2026-04-12 02:00:00+00:00,2026-04-09 19:30:00 IST,2026-04-12 06:30:00 IST,2026-04-12 07:30:00 IST,2026-04-12 07:30:00 IST,82.322,81.42,1.412,1.0987,82.0965,81.42,82.5891,0.824,42.47,42.47,0.6,35.0,25.48,0.000000,0.000000,0.000000,0.000000,0.000000,0.000000,FILLED_TP,TP_HIT,False,1,1.0,1,1.0,0,0.0,0.7281,-11.4716,1h,Price reached fixed +0.60% TP target at 82.5891.
361,SOLUSD,LONG,2026-04-20 07:00:00+00:00,2026-04-20 16:00:00+00:00,2026-04-20 17:00:00+00:00,2026-04-20 17:00:00+00:00,2026-04-20 12:30:00 IST,2026-04-20 21:30:00 IST,2026-04-20 22:30:00 IST,2026-04-20 22:30:00 IST,85.773,84.442,1.412,1.5578,85.4402,84.442,85.9529,1.1684,29.96,29.96,0.6,35.0,17.97,0.000000,0.000000,0.000000,0.000000,0.000000,0.000000,FILLED_TP,TP_HIT,False,1,1.0,1,1.0,0,0.0,0.5135,-10.9581,1h,Price reached fixed +0.60% TP target at 85.9529.
362,SOLUSD,SHORT,2026-04-19 14:00:00+00:00,2026-04-20 18:00:00+00:00,2026-04-21 08:00:00+00:00,2026-04-21 08:00:00+00:00,2026-04-19 19:30:00 IST,2026-04-20 23:30:00 IST,2026-04-21 13:30:00 IST,2026-04-21 13:30:00 IST,87.104,85.962,1.412,1.3241,86.2475,87.104,85.73,0.9931,35.24,35.24,0.6,35.0,21.15,0.000000,0.000000,0.000000,0.000000,0.000000,0.000000,FILLED_TP,TP_HIT,False,1,1.0,14,14.0,13,13.0,0.6042,-10.3539,1h,Price reached fixed +0.60% TP target at 85.7300.
363,SOLUSD,LONG,2026-04-21 19:00:00+00:00,2026-04-23 08:00:00+00:00,2026-04-23 09:00:00+00:00,2026-04-23 11:00:00+00:00,2026-04-22 00:30:00 IST,2026-04-23 13:30:00 IST,2026-04-23 14:30:00 IST,2026-04-23 16:30:00 IST,85.722,84.31,1.412,1.654,85.369,84.31,85.8812,1.2405,28.21,28.21,0.6,35.0,16.93,0.000000,0.000000,0.000000,0.000000,0.000000,0.000000,FILLED_TP,TP_HIT,False,2,2.0,1,1.0,0,0.0,0.4837,-9.8702,1h,Price reached fixed +0.60% TP target at 85.8812.
364,SOLUSD,SHORT,2026-04-23 06:00:00+00:00,2026-04-23 12:00:00+00:00,2026-04-23 13:00:00+00:00,2026-04-23 15:00:00+00:00,2026-04-23 11:30:00 IST,2026-04-23 17:30:00 IST,2026-04-23 18:30:00 IST,2026-04-23 20:30:00 IST,86.214,85.842,1.412,0.4329,85.935,86.214,85.4194,0.3247,107.8,100.0,0.6,32.47,60.0,0.000000,0.000000,-0.000000,0.000000,-0.000000,0.000000,FILLED_SL,SL_HIT,False,2,2.0,1,1.0,0,0.0,-1.0,-10.8702,1h,Price breached distal stop loss at 86.2140.
365,SOLUSD,LONG,2026-04-24 15:00:00+00:00,2026-04-24 21:00:00+00:00,2026-04-24 22:00:00+00:00,2026-04-26 18:00:00+00:00,2026-04-24 20:30:00 IST,2026-04-25 02:30:00 IST,2026-04-25 03:30:00 IST,2026-04-26 23:30:00 IST,86.564,85.51,1.412,1.2213,86.3005,85.51,86.8183,0.916,38.21,38.21,0.6,35.0,22.93,0.000000,0.000000,0.000000,0.000000,0.000000,0.000000,FILLED_TP,TP_HIT,False,44,44.0,1,1.0,0,0.0,0.655,-10.2152,1h,Price reached fixed +0.60% TP target at 86.8183.
366,SOLUSD,SHORT,2026-04-28 00:00:00+00:00,2026-04-29 03:00:00+00:00,2026-04-29 04:00:00+00:00,2026-04-29 04:00:00+00:00,2026-04-28 05:30:00 IST,2026-04-29 08:30:00 IST,2026-04-29 09:30:00 IST,2026-04-29 09:30:00 IST,84.933,84.582,1.412,0.4146,84.6697,84.933,84.1617,0.3109,112.57,100.0,0.6,31.09,60.0,0.000000,0.000000,-0.000000,0.000000,-0.000000,0.000000,FILLED_SL,SL_HIT,False,1,1.0,1,1.0,0,0.0,-1.0,-11.2152,1h,Price breached distal stop loss at 84.9330.
367,SOLUSD,LONG,2026-04-28 14:00:00+00:00,2026-04-29 15:00:00+00:00,2026-04-29 16:00:00+00:00,2026-04-29 16:00:00+00:00,2026-04-28 19:30:00 IST,2026-04-29 20:30:00 IST,2026-04-29 21:30:00 IST,2026-04-29 21:30:00 IST,83.531,82.96,1.412,0.6847,83.3882,82.96,83.8886,0.5136,68.15,68.15,0.6,35.0,40.89,0.000000,0.000000,-0.000000,0.000000,-0.000000,0.000000,FILLED_SL,SL_HIT,False,1,1.0,1,1.0,0,0.0,-1.0,-12.2152,1h,Price breached distal stop loss at 82.9600.
368,SOLUSD,LONG,2026-04-15 07:00:00+00:00,2026-04-29 16:00:00+00:00,2026-04-29 17:00:00+00:00,2026-04-29 18:00:00+00:00,2026-04-15 12:30:00 IST,2026-04-29 21:30:00 IST,2026-04-29 22:30:00 IST,2026-04-29 23:30:00 IST,83.212,82.65,1.412,0.6765,83.0715,82.65,83.5699,0.5074,68.98,68.98,0.6,35.0,41.39,0.000000,0.000000,-0.000000,0.000000,-0.000000,0.000000,FILLED_SL,SL_HIT,False,1,1.0,1,1.0,0,0.0,-1.0,-13.2152,1h,Price breached distal stop loss at 82.6500.
369,SOLUSD,LONG,2026-05-01 03:00:00+00:00,2026-05-01 14:00:00+00:00,2026-05-01 15:00:00+00:00,2026-05-01 20:00:00+00:00,2026-05-01 08:30:00 IST,2026-05-01 19:30:00 IST,2026-05-01 20:30:00 IST,2026-05-02 01:30:00 IST,84.413,83.561,1.412,1.0119,84.2,83.561,84.7052,0.7589,46.12,46.12,0.6,35.0,27.67,0.000000,0.000000,-0.000000,0.000000,-0.000000,0.000000,FILLED_SL,SL_HIT,False,5,5.0,1,1.0,0,0.0,-1.0,-14.2152,1h,Price breached distal stop loss at 83.5610.
370,SOLUSD,LONG,2026-05-02 11:00:00+00:00,2026-05-03 01:00:00+00:00,2026-05-03 02:00:00+00:00,2026-05-03 14:00:00+00:00,2026-05-02 16:30:00 IST,2026-05-03 06:30:00 IST,2026-05-03 07:30:00 IST,2026-05-03 19:30:00 IST,83.9402,83.511,1.412,0.512,83.8329,83.511,84.3359,0.384,91.15,91.15,0.6,35.0,54.69,0.000000,0.000000,0.000000,0.000000,0.000000,0.000000,FILLED_TP,TP_HIT,False,12,12.0,1,1.0,0,0.0,1.5626,-12.6526,1h,Price reached fixed +0.60% TP target at 84.3359.
371,SOLUSD,SHORT,2026-04-17 14:00:00+00:00,2026-05-07 12:00:00+00:00,2026-05-08 17:00:00+00:00,2026-05-08 17:00:00+00:00,2026-04-17 19:30:00 IST,2026-05-07 17:30:00 IST,2026-05-08 22:30:00 IST,2026-05-08 22:30:00 IST,90.756,89.6439,1.412,1.2367,89.9219,90.756,89.3824,0.9276,37.73,37.73,0.6,35.0,22.64,0.000000,0.000000,-0.000000,0.000000,-0.000000,0.000000,FILLED_SL,SL_HIT,False,1,1.0,29,29.0,28,28.0,-1.0,-13.6526,1h,Price breached distal stop loss at 90.7560.
372,SOLUSD,SHORT,2026-03-25 11:00:00+00:00,2026-05-09 00:00:00+00:00,2026-05-09 01:00:00+00:00,2026-05-09 01:00:00+00:00,2026-03-25 16:30:00 IST,2026-05-09 05:30:00 IST,2026-05-09 06:30:00 IST,2026-05-09 06:30:00 IST,93.49,92.456,1.412,1.1153,92.7145,93.49,92.1582,0.8364,41.84,41.84,0.6,35.0,25.11,0.000000,0.000000,-0.000000,0.000000,-0.000000,0.000000,FILLED_SL,SL_HIT,False,1,1.0,1,1.0,0,0.0,-1.0,-14.6526,1h,Price breached distal stop loss at 93.4900.
373,SOLUSD,SHORT,2026-05-09 06:00:00+00:00,2026-05-09 17:00:00+00:00,2026-05-09 18:00:00+00:00,2026-05-10 01:00:00+00:00,2026-05-09 11:30:00 IST,2026-05-09 22:30:00 IST,2026-05-09 23:30:00 IST,2026-05-10 06:30:00 IST,94.1,93.196,1.412,0.9677,93.422,94.1,92.8615,0.7257,48.23,48.23,0.6,35.0,28.94,0.000000,0.000000,0.000000,0.000000,0.000000,0.000000,FILLED_TP,TP_HIT,False,7,7.0,1,1.0,0,0.0,0.8267,-13.8259,1h,Price reached fixed +0.60% TP target at 92.8615.
374,SOLUSD,SHORT,2026-02-04 06:00:00+00:00,2026-05-11 22:00:00+00:00,2026-05-11 23:00:00+00:00,2026-05-12 01:00:00+00:00,2026-02-04 11:30:00 IST,2026-05-12 03:30:00 IST,2026-05-12 04:30:00 IST,2026-05-12 06:30:00 IST,98.73,96.687,1.412,2.1019,97.1977,98.73,96.6146,1.5764,22.2,22.2,0.6,35.0,13.32,0.000000,0.000000,0.000000,0.000000,0.000000,0.000000,FILLED_TP,TP_HIT,False,2,2.0,1,1.0,0,0.0,0.3806,-13.4453,1h,Price reached fixed +0.60% TP target at 96.6146.
375,SOLUSD,LONG,2026-05-11 13:00:00+00:00,2026-05-12 10:00:00+00:00,2026-05-12 11:00:00+00:00,2026-05-12 12:00:00+00:00,2026-05-11 18:30:00 IST,2026-05-12 15:30:00 IST,2026-05-12 16:30:00 IST,2026-05-12 17:30:00 IST,95.499,94.537,1.412,1.0099,95.2585,94.537,95.8301,0.7574,46.21,46.21,0.6,35.0,27.73,0.000000,0.000000,-0.000000,0.000000,-0.000000,0.000000,FILLED_SL,SL_HIT,False,1,1.0,1,1.0,0,0.0,-1.0,-14.4453,1h,Price breached distal stop loss at 94.5370.
376,SOLUSD,LONG,2026-05-10 11:00:00+00:00,2026-05-12 15:00:00+00:00,2026-05-12 16:00:00+00:00,2026-05-12 16:00:00+00:00,2026-05-10 16:30:00 IST,2026-05-12 20:30:00 IST,2026-05-12 21:30:00 IST,2026-05-12 21:30:00 IST,94.007,92.9,1.412,1.181,93.7303,92.9,94.2926,0.8858,39.51,39.51,0.6,35.0,23.71,0.000000,0.000000,0.000000,0.000000,0.000000,0.000000,FILLED_TP,TP_HIT,False,1,1.0,1,1.0,0,0.0,0.6774,-13.7679,1h,Price reached fixed +0.60% TP target at 94.2926.
377,SOLUSD,LONG,2026-05-14 03:00:00+00:00,2026-05-14 11:00:00+00:00,2026-05-14 12:00:00+00:00,2026-05-14 12:00:00+00:00,2026-05-14 08:30:00 IST,2026-05-14 16:30:00 IST,2026-05-14 17:30:00 IST,2026-05-14 17:30:00 IST,90.786,89.8165,1.412,1.0708,90.5436,89.8165,91.0869,0.8031,43.58,43.58,0.6,35.0,26.15,0.000000,0.000000,0.000000,0.000000,0.000000,0.000000,FILLED_TP,TP_HIT,False,1,1.0,1,1.0,0,0.0,0.7471,-13.0208,1h,Price reached fixed +0.60% TP target at 91.0869.
378,SOLUSD,SHORT,2026-05-18 01:00:00+00:00,2026-05-18 11:00:00+00:00,2026-05-18 12:00:00+00:00,2026-05-18 12:00:00+00:00,2026-05-18 06:30:00 IST,2026-05-18 16:30:00 IST,2026-05-18 17:30:00 IST,2026-05-18 17:30:00 IST,85.463,84.512,1.412,1.1221,84.7498,85.463,84.2413,0.8416,41.59,41.59,0.6,35.0,24.95,0.000000,0.000000,-0.000000,0.000000,-0.000000,0.000000,FILLED_SL,SL_HIT,False,1,1.0,1,1.0,0,0.0,-1.0,-14.0208,1h,Price breached distal stop loss at 85.4630.
379,SOLUSD,LONG,2026-05-18 11:00:00+00:00,2026-05-18 13:00:00+00:00,2026-05-18 14:00:00+00:00,2026-05-18 14:00:00+00:00,2026-05-18 16:30:00 IST,2026-05-18 18:30:00 IST,2026-05-18 19:30:00 IST,2026-05-18 19:30:00 IST,85.3192,84.082,1.412,1.4554,85.0099,84.082,85.52,1.0915,32.07,32.07,0.6,35.0,19.24,0.000000,0.000000,-0.000000,0.000000,-0.000000,0.000000,FILLED_SL,SL_HIT,False,1,1.0,1,1.0,0,0.0,-1.0,-15.0208,1h,Price breached distal stop loss at 84.0820.
380,SOLUSD,SHORT,2026-05-21 20:00:00+00:00,2026-05-22 12:00:00+00:00,2026-05-22 13:00:00+00:00,2026-05-22 14:00:00+00:00,2026-05-22 01:30:00 IST,2026-05-22 17:30:00 IST,2026-05-22 18:30:00 IST,2026-05-22 19:30:00 IST,87.944,87.501,1.412,0.5056,87.6118,87.944,87.0861,0.3792,92.29,92.29,0.6,35.0,55.38,0.000000,0.000000,0.000000,0.000000,0.000000,0.000000,FILLED_TP,TP_HIT,False,1,1.0,1,1.0,0,0.0,1.5822,-13.4386,1h,Price reached fixed +0.60% TP target at 87.0861.
381,SOLUSD,LONG,2026-05-20 01:00:00+00:00,2026-05-23 04:00:00+00:00,2026-05-23 05:00:00+00:00,2026-05-23 07:00:00+00:00,2026-05-20 06:30:00 IST,2026-05-23 09:30:00 IST,2026-05-23 10:30:00 IST,2026-05-23 12:30:00 IST,84.513,83.841,1.412,0.7967,84.345,83.841,84.8511,0.5975,58.57,58.57,0.6,35.0,35.14,0.000000,0.000000,-0.000000,0.000000,-0.000000,0.000000,FILLED_SL,SL_HIT,False,2,2.0,1,1.0,0,0.0,-1.0,-14.4386,1h,Price breached distal stop loss at 83.8410.
382,SOLUSD,LONG,2026-05-27 04:00:00+00:00,2026-05-27 13:00:00+00:00,2026-05-27 14:00:00+00:00,2026-05-27 14:00:00+00:00,2026-05-27 09:30:00 IST,2026-05-27 18:30:00 IST,2026-05-27 19:30:00 IST,2026-05-27 19:30:00 IST,83.672,82.819,1.412,1.0221,83.4587,82.819,83.9595,0.7665,45.66,45.66,0.6,35.0,27.4,0.000000,0.000000,0.000000,0.000000,0.000000,0.000000,FILLED_TP,TP_HIT,False,1,1.0,1,1.0,0,0.0,0.7827,-13.6559,1h,Price reached fixed +0.60% TP target at 83.9595.
383,SOLUSD,SHORT,2026-05-28 21:00:00+00:00,2026-05-29 06:00:00+00:00,2026-05-29 07:00:00+00:00,2026-05-29 11:00:00+00:00,2026-05-29 02:30:00 IST,2026-05-29 11:30:00 IST,2026-05-29 12:30:00 IST,2026-05-29 16:30:00 IST,82.683,82.231,1.412,0.5489,82.344,82.683,81.8499,0.4117,85.02,85.02,0.6,35.0,51.01,0.000000,0.000000,0.000000,0.000000,0.000000,0.000000,FILLED_TP,TP_HIT,False,4,4.0,1,1.0,0,0.0,1.4574,-12.1985,1h,Price reached fixed +0.60% TP target at 81.8499.
384,SOLUSD,LONG,2026-05-30 04:00:00+00:00,2026-05-31 07:00:00+00:00,2026-05-31 10:00:00+00:00,2026-05-31 13:00:00+00:00,2026-05-30 09:30:00 IST,2026-05-31 12:30:00 IST,2026-05-31 15:30:00 IST,2026-05-31 18:30:00 IST,82.8075,81.8448,1.412,1.166,82.5668,81.8448,83.0622,0.8745,40.02,40.02,0.6,35.0,24.01,0.000000,0.000000,0.000000,0.000000,0.000000,0.000000,FILLED_TP,TP_HIT,False,3,3.0,3,3.0,2,2.0,0.6861,-11.5123,1h,Price reached fixed +0.60% TP target at 83.0622.
385,SOLUSD,LONG,2026-05-29 14:00:00+00:00,2026-05-31 16:00:00+00:00,2026-06-01 06:00:00+00:00,2026-06-01 06:00:00+00:00,2026-05-29 19:30:00 IST,2026-05-31 21:30:00 IST,2026-06-01 11:30:00 IST,2026-06-01 11:30:00 IST,81.592,80.35,1.412,1.528,81.2815,80.35,81.7692,1.146,30.54,30.54,0.6,35.0,18.32,0.000000,0.000000,0.000000,0.000000,0.000000,0.000000,FILLED_TP,TP_HIT,False,1,1.0,14,14.0,13,13.0,0.5236,-10.9888,1h,Price reached fixed +0.60% TP target at 81.7692.
386,SOLUSD,SHORT,2026-06-05 21:00:00+00:00,2026-06-07 06:00:00+00:00,2026-06-07 07:00:00+00:00,2026-06-07 08:00:00+00:00,2026-06-06 02:30:00 IST,2026-06-07 11:30:00 IST,2026-06-07 12:30:00 IST,2026-06-07 13:30:00 IST,65.402,64.532,1.412,1.3436,64.7495,65.402,64.361,1.0077,34.73,34.73,0.6,35.0,20.84,0.000000,0.000000,-0.000000,0.000000,-0.000000,0.000000,FILLED_SL,SL_HIT,False,1,1.0,1,1.0,0,0.0,-1.0,-11.9888,1h,Price breached distal stop loss at 65.4020.
387,SOLUSD,LONG,2026-06-07 19:00:00+00:00,2026-06-09 15:00:00+00:00,2026-06-09 16:00:00+00:00,2026-06-09 16:00:00+00:00,2026-06-08 00:30:00 IST,2026-06-09 20:30:00 IST,2026-06-09 21:30:00 IST,2026-06-09 21:30:00 IST,64.953,63.61,1.412,2.0784,64.6172,63.61,65.005,1.5588,22.45,22.45,0.6,35.0,13.47,0.000000,0.000000,-0.000000,0.000000,-0.000000,0.000000,FILLED_SL,SL_HIT,False,1,1.0,1,1.0,0,0.0,-1.0,-12.9888,1h,Price breached distal stop loss at 63.6100.
388,SOLUSD,SHORT,2026-06-10 15:00:00+00:00,2026-06-11 01:00:00+00:00,2026-06-11 02:00:00+00:00,2026-06-11 02:00:00+00:00,2026-06-10 20:30:00 IST,2026-06-11 06:30:00 IST,2026-06-11 07:30:00 IST,2026-06-11 07:30:00 IST,65.774,64.542,1.412,1.8998,64.85,65.774,64.4609,1.4248,24.56,24.56,0.6,35.0,14.74,0.000000,0.000000,0.000000,0.000000,0.000000,0.000000,FILLED_TP,TP_HIT,False,1,1.0,1,1.0,0,0.0,0.4211,-12.5677,1h,Price reached fixed +0.60% TP target at 64.4609.
389,SOLUSD,SHORT,2026-06-12 02:00:00+00:00,2026-06-12 08:00:00+00:00,2026-06-12 09:00:00+00:00,2026-06-12 09:00:00+00:00,2026-06-12 07:30:00 IST,2026-06-12 13:30:00 IST,2026-06-12 14:30:00 IST,2026-06-12 14:30:00 IST,67.2886,66.673,1.412,0.9212,66.8269,67.2886,66.4259,0.6909,50.66,50.66,0.6,35.0,30.4,0.000000,0.000000,-0.000000,0.000000,-0.000000,0.000000,FILLED_SL,SL_HIT,False,1,1.0,1,1.0,0,0.0,-1.0,-13.5677,1h,Price breached distal stop loss at 67.2886.
390,SOLUSD,LONG,2026-06-12 06:00:00+00:00,2026-06-12 19:00:00+00:00,2026-06-12 20:00:00+00:00,2026-06-13 00:00:00+00:00,2026-06-12 11:30:00 IST,2026-06-13 00:30:00 IST,2026-06-13 01:30:00 IST,2026-06-13 05:30:00 IST,66.814,65.932,1.412,1.3245,66.5935,65.932,66.9931,0.9933,35.23,35.23,0.6,35.0,21.14,0.000000,0.000000,0.000000,0.000000,0.000000,0.000000,FILLED_TP,TP_HIT,False,4,4.0,1,1.0,0,0.0,0.604,-12.9637,1h,Price reached fixed +0.60% TP target at 66.9931.
391,SOLUSD,LONG,2026-06-13 16:00:00+00:00,2026-06-14 04:00:00+00:00,2026-06-14 05:00:00+00:00,2026-06-14 12:00:00+00:00,2026-06-13 21:30:00 IST,2026-06-14 09:30:00 IST,2026-06-14 10:30:00 IST,2026-06-14 17:30:00 IST,68.626,67.803,1.412,1.2029,68.4203,67.803,68.8308,0.9021,38.8,38.8,0.6,35.0,23.28,0.000000,0.000000,-0.000000,0.000000,-0.000000,0.000000,FILLED_SL,SL_HIT,False,7,7.0,1,1.0,0,0.0,-1.0,-13.9637,1h,Price breached distal stop loss at 67.8030.
392,SOLUSD,SHORT,2026-06-04 14:00:00+00:00,2026-06-14 21:00:00+00:00,2026-06-14 22:00:00+00:00,2026-06-14 22:00:00+00:00,2026-06-04 19:30:00 IST,2026-06-15 02:30:00 IST,2026-06-15 03:30:00 IST,2026-06-15 03:30:00 IST,70.636,69.561,1.412,1.5395,69.8298,70.636,69.4108,1.1546,30.31,30.31,0.6,35.0,18.19,0.000000,0.000000,-0.000000,0.000000,-0.000000,0.000000,FILLED_SL,SL_HIT,False,1,1.0,1,1.0,0,0.0,-1.0,-14.9637,1h,Price breached distal stop loss at 70.6360.
393,SOLUSD,SHORT,2026-06-17 02:00:00+00:00,2026-06-17 15:00:00+00:00,2026-06-17 16:00:00+00:00,2026-06-17 16:00:00+00:00,2026-06-17 07:30:00 IST,2026-06-17 20:30:00 IST,2026-06-17 21:30:00 IST,2026-06-17 21:30:00 IST,74.468,73.676,1.412,1.0721,73.874,74.468,73.4308,0.8041,43.53,43.53,0.6,35.0,26.12,0.000000,0.000000,-0.000000,0.000000,-0.000000,0.000000,FILLED_SL,SL_HIT,False,1,1.0,1,1.0,0,0.0,-1.0,-15.9637,1h,Price breached distal stop loss at 74.4680.
394,SOLUSD,SHORT,2026-06-19 02:00:00+00:00,2026-06-19 23:00:00+00:00,2026-06-20 00:00:00+00:00,2026-06-20 00:00:00+00:00,2026-06-19 07:30:00 IST,2026-06-20 04:30:00 IST,2026-06-20 05:30:00 IST,2026-06-20 05:30:00 IST,70.096,69.414,1.412,0.9801,69.5845,70.096,69.167,0.7351,47.61,47.61,0.6,35.0,28.57,0.000000,0.000000,-0.000000,0.000000,-0.000000,0.000000,FILLED_SL,SL_HIT,False,1,1.0,1,1.0,0,0.0,-1.0,-16.9637,1h,Price breached distal stop loss at 70.0960.
395,SOLUSD,LONG,2026-06-21 08:00:00+00:00,2026-06-21 11:00:00+00:00,2026-06-21 12:00:00+00:00,2026-06-21 12:00:00+00:00,2026-06-21 13:30:00 IST,2026-06-21 16:30:00 IST,2026-06-21 17:30:00 IST,2026-06-21 17:30:00 IST,73.267,72.745,1.412,0.7137,73.1365,72.745,73.5753,0.5353,65.38,65.38,0.6,35.0,39.23,0.000000,0.000000,0.000000,0.000000,0.000000,0.000000,FILLED_TP,TP_HIT,False,1,1.0,1,1.0,0,0.0,1.1209,-15.8428,1h,Price reached fixed +0.60% TP target at 73.5753.
396,SOLUSD,LONG,2026-06-21 12:00:00+00:00,2026-06-21 20:00:00+00:00,2026-06-21 21:00:00+00:00,2026-06-21 21:00:00+00:00,2026-06-21 17:30:00 IST,2026-06-22 01:30:00 IST,2026-06-22 02:30:00 IST,2026-06-22 02:30:00 IST,73.687,72.9,1.412,1.0709,73.4903,72.9,73.9312,0.8032,43.58,43.58,0.6,35.0,26.15,0.000000,0.000000,-0.000000,0.000000,-0.000000,0.000000,FILLED_SL,SL_HIT,False,1,1.0,1,1.0,0,0.0,-1.0,-16.8428,1h,Price breached distal stop loss at 72.9000.
397,SOLUSD,LONG,2026-06-25 19:00:00+00:00,2026-06-26 02:00:00+00:00,2026-06-26 03:00:00+00:00,2026-06-26 03:00:00+00:00,2026-06-26 00:30:00 IST,2026-06-26 07:30:00 IST,2026-06-26 08:30:00 IST,2026-06-26 08:30:00 IST,66.224,65.683,1.412,0.8186,66.0888,65.683,66.4853,0.6139,57.01,57.01,0.6,35.0,34.2,0.000000,0.000000,0.000000,0.000000,0.000000,0.000000,FILLED_TP,TP_HIT,False,1,1.0,1,1.0,0,0.0,0.9773,-15.8655,1h,Price reached fixed +0.60% TP target at 66.4853.
398,SOLUSD,LONG,2026-06-27 11:00:00+00:00,2026-06-27 17:00:00+00:00,2026-06-27 18:00:00+00:00,2026-06-27 19:00:00+00:00,2026-06-27 16:30:00 IST,2026-06-27 22:30:00 IST,2026-06-27 23:30:00 IST,2026-06-28 00:30:00 IST,72.087,71.525,1.412,0.7811,71.9465,71.525,72.3782,0.5859,59.74,59.74,0.6,35.0,35.85,0.000000,0.000000,-0.000000,0.000000,-0.000000,0.000000,FILLED_SL,SL_HIT,False,1,1.0,1,1.0,0,0.0,-1.0,-16.8655,1h,Price breached distal stop loss at 71.5250.
399,SOLUSD,LONG,2026-06-29 05:00:00+00:00,2026-06-30 12:00:00+00:00,2026-06-30 13:00:00+00:00,2026-06-30 13:00:00+00:00,2026-06-29 10:30:00 IST,2026-06-30 17:30:00 IST,2026-06-30 18:30:00 IST,2026-06-30 18:30:00 IST,72.347,71.0125,1.412,1.8531,72.0134,71.0125,72.4455,1.3898,25.18,25.18,0.6,35.0,15.11,0.000000,0.000000,0.000000,0.000000,0.000000,0.000000,FILLED_TP,TP_HIT,False,1,1.0,1,1.0,0,0.0,0.4317,-16.4338,1h,Price reached fixed +0.60% TP target at 72.4455.
400,SOLUSD,LONG,2026-07-02 22:00:00+00:00,2026-07-03 02:00:00+00:00,2026-07-03 03:00:00+00:00,2026-07-03 03:00:00+00:00,2026-07-03 03:30:00 IST,2026-07-03 07:30:00 IST,2026-07-03 08:30:00 IST,2026-07-03 08:30:00 IST,80.891,80.409,1.412,0.5968,80.7705,80.409,81.2551,0.4476,78.2,78.2,0.6,35.0,46.92,0.000000,0.000000,-0.000000,0.000000,-0.000000,0.000000,FILLED_SL,SL_HIT,False,1,1.0,1,1.0,0,0.0,-1.0,-17.4338,1h,Price breached distal stop loss at 80.4090.
401,SOLUSD,LONG,2026-07-04 01:00:00+00:00,2026-07-04 08:00:00+00:00,2026-07-04 09:00:00+00:00,2026-07-04 09:00:00+00:00,2026-07-04 06:30:00 IST,2026-07-04 13:30:00 IST,2026-07-04 14:30:00 IST,2026-07-04 14:30:00 IST,82.362,81.8,1.412,0.6835,82.2215,81.8,82.7148,0.5126,68.27,68.27,0.6,35.0,40.96,0.000000,0.000000,-0.000000,0.000000,-0.000000,0.000000,FILLED_SL,SL_HIT,False,1,1.0,1,1.0,0,0.0,-1.0,-18.4338,1h,Price breached distal stop loss at 81.8000.
402,SOLUSD,SHORT,2026-07-04 17:00:00+00:00,2026-07-06 00:00:00+00:00,2026-07-06 01:00:00+00:00,2026-07-06 01:00:00+00:00,2026-07-04 22:30:00 IST,2026-07-06 05:30:00 IST,2026-07-06 06:30:00 IST,2026-07-06 06:30:00 IST,82.822,81.88,1.412,1.1472,82.1155,82.822,81.6228,0.8604,40.68,40.68,0.6,35.0,24.41,0.000000,0.000000,0.000000,0.000000,0.000000,0.000000,FILLED_TP,TP_HIT,False,1,1.0,1,1.0,0,0.0,0.6974,-17.7364,1h,Price reached fixed +0.60% TP target at 81.6228.
403,SOLUSD,LONG,2026-07-05 19:00:00+00:00,2026-07-06 02:00:00+00:00,2026-07-06 03:00:00+00:00,2026-07-06 03:00:00+00:00,2026-07-06 00:30:00 IST,2026-07-06 07:30:00 IST,2026-07-06 08:30:00 IST,2026-07-06 08:30:00 IST,81.131,80.819,1.412,0.3849,81.053,80.819,81.5393,0.2887,121.23,100.0,0.6,28.87,60.0,0.000000,0.000000,-0.000000,0.000000,-0.000000,0.000000,FILLED_SL,SL_HIT,False,1,1.0,1,1.0,0,0.0,-1.0,-18.7364,1h,Price breached distal stop loss at 80.8190.
404,SOLUSD,SHORT,2026-07-05 22:00:00+00:00,2026-07-06 17:00:00+00:00,2026-07-06 18:00:00+00:00,2026-07-06 18:00:00+00:00,2026-07-06 03:30:00 IST,2026-07-06 22:30:00 IST,2026-07-06 23:30:00 IST,2026-07-06 23:30:00 IST,82.442,81.649,1.412,0.9689,81.8473,82.442,81.3562,0.7267,48.17,48.17,0.6,35.0,28.9,0.000000,0.000000,0.000000,0.000000,0.000000,0.000000,FILLED_TP,TP_HIT,False,1,1.0,1,1.0,0,0.0,0.8257,-17.9107,1h,Price reached fixed +0.60% TP target at 81.3562.
405,SOLUSD,LONG,2026-07-08 18:00:00+00:00,2026-07-09 01:00:00+00:00,2026-07-09 02:00:00+00:00,2026-07-09 02:00:00+00:00,2026-07-08 23:30:00 IST,2026-07-09 06:30:00 IST,2026-07-09 07:30:00 IST,2026-07-09 07:30:00 IST,77.35,76.808,1.412,0.7019,77.2145,76.808,77.6778,0.5265,66.48,66.48,0.6,35.0,39.89,0.000000,0.000000,0.000000,0.000000,0.000000,0.000000,FILLED_TP,TP_HIT,False,1,1.0,1,1.0,0,0.0,1.1397,-16.771,1h,Price reached fixed +0.60% TP target at 77.6778.
406,SOLUSD,LONG,2026-07-11 01:00:00+00:00,2026-07-11 16:00:00+00:00,2026-07-11 17:00:00+00:00,2026-07-11 23:00:00+00:00,2026-07-11 06:30:00 IST,2026-07-11 21:30:00 IST,2026-07-11 22:30:00 IST,2026-07-12 04:30:00 IST,78.061,77.456,1.412,0.7765,77.9098,77.456,78.3772,0.5824,60.1,60.1,0.6,35.0,36.06,0.000000,0.000000,-0.000000,0.000000,-0.000000,0.000000,FILLED_SL,SL_HIT,False,6,6.0,1,1.0,0,0.0,-1.0,-17.771,1h,Price breached distal stop loss at 77.4560.
407,SOLUSD,LONG,2026-07-01 06:00:00+00:00,2026-07-13 23:00:00+00:00,2026-07-14 00:00:00+00:00,2026-07-14 00:00:00+00:00,2026-07-01 11:30:00 IST,2026-07-14 04:30:00 IST,2026-07-14 05:30:00 IST,2026-07-14 05:30:00 IST,75.289,73.95,1.412,1.7864,74.9543,73.95,75.404,1.3398,26.12,26.12,0.6,35.0,15.67,0.000000,0.000000,0.000000,0.000000,0.000000,0.000000,FILLED_TP,TP_HIT,False,1,1.0,1,1.0,0,0.0,0.4478,-17.3232,1h,Price reached fixed +0.60% TP target at 75.4040.
408,SOLUSD,LONG,2026-07-15 02:00:00+00:00,2026-07-15 07:00:00+00:00,2026-07-15 08:00:00+00:00,2026-07-15 12:00:00+00:00,2026-07-15 07:30:00 IST,2026-07-15 12:30:00 IST,2026-07-15 13:30:00 IST,2026-07-15 17:30:00 IST,77.589,77.018,1.412,0.7373,77.4462,77.018,77.9109,0.553,63.3,63.3,0.6,35.0,37.98,0.000000,0.000000,0.000000,0.000000,0.000000,0.000000,FILLED_TP,TP_HIT,False,4,4.0,1,1.0,0,0.0,1.0851,-16.2382,1h,Price reached fixed +0.60% TP target at 77.9109.
409,SOLUSD,SHORT,2026-07-18 02:00:00+00:00,2026-07-18 16:00:00+00:00,2026-07-18 17:00:00+00:00,2026-07-18 18:00:00+00:00,2026-07-18 07:30:00 IST,2026-07-18 21:30:00 IST,2026-07-18 22:30:00 IST,2026-07-18 23:30:00 IST,75.438,75.137,1.412,0.4002,75.2122,75.438,74.761,0.3002,116.61,100.0,0.6,30.02,60.0,0.000000,0.000000,-0.000000,0.000000,-0.000000,0.000000,FILLED_SL,SL_HIT,False,1,1.0,1,1.0,0,0.0,-1.0,-17.2382,1h,Price breached distal stop loss at 75.4380.
410,SOLUSD,SHORT,2026-07-16 15:00:00+00:00,2026-07-19 07:00:00+00:00,2026-07-19 08:00:00+00:00,2026-07-19 12:00:00+00:00,2026-07-16 20:30:00 IST,2026-07-19 12:30:00 IST,2026-07-19 13:30:00 IST,2026-07-19 17:30:00 IST,76.882,75.986,1.412,1.1757,76.21,76.882,75.7527,0.8818,39.69,39.69,0.6,35.0,23.82,0.000000,0.000000,0.000000,0.000000,0.000000,0.000000,FILLED_TP,TP_HIT,False,4,4.0,1,1.0,0,0.0,0.6804,-16.5577,1h,Price reached fixed +0.60% TP target at 75.7527.
411,SOLUSD,LONG,2026-07-19 18:00:00+00:00,2026-07-20 05:00:00+00:00,2026-07-20 06:00:00+00:00,2026-07-20 08:00:00+00:00,2026-07-19 23:30:00 IST,2026-07-20 10:30:00 IST,2026-07-20 11:30:00 IST,2026-07-20 13:30:00 IST,75.978,75.355,1.412,0.8217,75.8222,75.355,76.2772,0.6162,56.8,56.8,0.6,35.0,34.08,0.000000,0.000000,0.000000,0.000000,0.000000,0.000000,FILLED_TP,TP_HIT,False,2,2.0,1,1.0,0,0.0,0.9736,-15.5841,1h,Price reached fixed +0.60% TP target at 76.2772.
412,SOLUSD,LONG,2026-07-20 19:00:00+00:00,2026-07-21 17:00:00+00:00,2026-07-21 18:00:00+00:00,2026-07-21 20:00:00+00:00,2026-07-21 00:30:00 IST,2026-07-21 22:30:00 IST,2026-07-21 23:30:00 IST,2026-07-22 01:30:00 IST,77.729,77.3,1.412,0.5527,77.6217,77.3,78.0875,0.4145,84.44,84.44,0.6,35.0,50.66,0.000000,0.000000,0.000000,0.000000,0.000000,0.000000,FILLED_TP,TP_HIT,False,2,2.0,1,1.0,0,0.0,1.4475,-14.1366,1h,Price reached fixed +0.60% TP target at 78.0875.
413,SOLUSD,LONG,2026-07-24 21:00:00+00:00,2026-07-25 07:00:00+00:00,2026-07-25 08:00:00+00:00,2026-07-25 13:00:00+00:00,2026-07-25 02:30:00 IST,2026-07-25 12:30:00 IST,2026-07-25 13:30:00 IST,2026-07-25 18:30:00 IST,73.817,73.43,1.412,0.525,73.7202,73.43,74.1626,0.3937,88.9,88.9,0.6,35.0,53.34,0.000000,0.000000,0.000000,0.000000,0.000000,0.000000,FILLED_TP,TP_HIT,False,5,5.0,1,1.0,0,0.0,1.5239,-12.6127,1h,Price reached fixed +0.60% TP target at 74.1626.
414,SOLUSD,SHORT,2026-07-28 05:00:00+00:00,2026-07-28 14:00:00+00:00,2026-07-28 15:00:00+00:00,2026-07-28 15:00:00+00:00,2026-07-28 10:30:00 IST,2026-07-28 19:30:00 IST,2026-07-28 20:30:00 IST,2026-07-28 20:30:00 IST,73.528,73.179,1.412,0.4763,73.2662,73.528,72.8267,0.3573,97.97,97.97,0.6,35.0,58.78,0.000000,0.000000,-0.000000,0.000000,-0.000000,0.000000,FILLED_SL,SL_HIT,False,1,1.0,1,1.0,0,0.0,-1.0,-13.6127,1h,Price breached distal stop loss at 73.5280.
415,SOLUSD,LONG,2026-07-28 14:00:00+00:00,2026-07-28 22:00:00+00:00,2026-07-28 23:00:00+00:00,2026-07-28 23:00:00+00:00,2026-07-28 19:30:00 IST,2026-07-29 03:30:00 IST,2026-07-29 04:30:00 IST,2026-07-29 04:30:00 IST,73.487,72.535,1.412,1.2997,73.249,72.535,73.6885,0.9748,35.91,35.91,0.6,35.0,21.54,0.000000,0.000000,0.000000,0.000000,0.000000,0.000000,FILLED_TP,TP_HIT,False,1,1.0,1,1.0,0,0.0,0.6155,-12.9971,1h,Price reached fixed +0.60% TP target at 73.6885.
416,SOLUSD,SHORT,2026-07-29 08:00:00+00:00,2026-07-30 01:00:00+00:00,2026-07-30 02:00:00+00:00,2026-07-30 07:00:00+00:00,2026-07-29 13:30:00 IST,2026-07-30 06:30:00 IST,2026-07-30 07:30:00 IST,2026-07-30 12:30:00 IST,74.3349,73.7,1.412,0.8596,73.8587,74.3349,73.4156,0.6447,54.29,54.29,0.6,35.0,32.57,0.000000,0.000000,0.000000,0.000000,0.000000,0.000000,FILLED_TP,TP_HIT,False,5,5.0,1,1.0,0,0.0,0.9307,-12.0665,1h,Price reached fixed +0.60% TP target at 73.4156.
417,SOLUSD,LONG,2026-07-30 01:00:00+00:00,2026-07-31 02:00:00+00:00,2026-07-31 03:00:00+00:00,2026-07-31 06:00:00+00:00,2026-07-30 06:30:00 IST,2026-07-31 07:30:00 IST,2026-07-31 08:30:00 IST,2026-07-31 11:30:00 IST,74.207,73.266,1.412,1.2721,73.9718,73.266,74.4156,0.9541,36.68,36.68,0.6,35.0,22.01,0.000000,0.000000,0.000000,0.000000,0.000000,0.000000,FILLED_TP,TP_HIT,False,3,3.0,1,1.0,0,0.0,0.6289,-11.4376,1h,Price reached fixed +0.60% TP target at 74.4156.
418,SOLUSD,SHORT,2026-07-31 18:00:00+00:00,2026-08-01 00:00:00+00:00,2026-08-01 01:00:00+00:00,2026-08-01 16:00:00+00:00,2026-07-31 23:30:00 IST,2026-08-01 05:30:00 IST,2026-08-01 06:30:00 IST,2026-08-01 21:30:00 IST,73.497,72.936,1.412,0.7677,73.0763,73.497,72.6378,0.5758,60.79,60.79,0.6,35.0,36.47,0.000000,0.000000,0.000000,0.000000,0.000000,0.000000,FILLED_TP,TP_HIT,False,15,15.0,1,1.0,0,0.0,1.0421,-10.3955,1h,Price reached fixed +0.60% TP target at 72.6378.
419,SOLUSD,LONG,2026-08-02 13:00:00+00:00,2026-08-03 01:00:00+00:00,2026-08-03 02:00:00+00:00,2026-08-03 03:00:00+00:00,2026-08-02 18:30:00 IST,2026-08-03 06:30:00 IST,2026-08-03 07:30:00 IST,2026-08-03 08:30:00 IST,73.007,72.6878,1.412,0.4377,72.9272,72.6878,73.3648,0.3283,106.62,100.0,0.6,32.83,60.0,0.000000,0.000000,-0.000000,0.000000,-0.000000,0.000000,FILLED_SL,SL_HIT,False,1,1.0,1,1.0,0,0.0,-1.0,-11.3955,1h,Price breached distal stop loss at 72.6878.
420,SOLUSD,SHORT,2026-08-02 21:00:00+00:00,2026-08-03 14:00:00+00:00,2026-08-03 17:00:00+00:00,2026-08-03 17:00:00+00:00,2026-08-03 02:30:00 IST,2026-08-03 19:30:00 IST,2026-08-03 22:30:00 IST,2026-08-03 22:30:00 IST,74.348,73.676,1.412,0.91,73.844,74.348,73.4009,0.6825,51.28,51.28,0.6,35.0,30.77,0.000000,0.000000,0.000000,0.000000,0.000000,0.000000,FILLED_TP,TP_HIT,False,1,1.0,3,3.0,2,2.0,0.8791,-10.5164,1h,Price reached fixed +0.60% TP target at 73.4009.
421,SOLUSD,LONG,2026-08-04 10:00:00+00:00,2026-08-05 00:00:00+00:00,2026-08-05 01:00:00+00:00,2026-08-05 01:00:00+00:00,2026-08-04 15:30:00 IST,2026-08-05 05:30:00 IST,2026-08-05 06:30:00 IST,2026-08-05 06:30:00 IST,73.708,73.107,1.412,0.817,73.5577,73.107,73.9991,0.6128,57.12,57.12,0.6,35.0,34.27,0.000000,0.000000,0.000000,0.000000,0.000000,0.000000,FILLED_TP,TP_HIT,False,1,1.0,1,1.0,0,0.0,0.9791,-9.5373,1h,Price reached fixed +0.60% TP target at 73.9991.
422,SOLUSD,LONG,2026-08-05 13:00:00+00:00,2026-08-05 22:00:00+00:00,2026-08-05 23:00:00+00:00,2026-08-06 05:00:00+00:00,2026-08-05 18:30:00 IST,2026-08-06 03:30:00 IST,2026-08-06 04:30:00 IST,2026-08-06 10:30:00 IST,74.118,73.256,1.412,1.1664,73.9025,73.256,74.3459,0.8748,40.01,40.01,0.6,35.0,24.01,0.000000,0.000000,0.000000,0.000000,0.000000,0.000000,FILLED_TP,TP_HIT,False,6,6.0,1,1.0,0,0.0,0.6859,-8.8514,1h,Price reached fixed +0.60% TP target at 74.3459.
423,SOLUSD,SHORT,2026-07-31 01:00:00+00:00,2026-08-08 08:00:00+00:00,2026-08-08 09:00:00+00:00,2026-08-08 11:00:00+00:00,2026-07-31 06:30:00 IST,2026-08-08 13:30:00 IST,2026-08-08 14:30:00 IST,2026-08-08 16:30:00 IST,75.318,74.297,1.412,1.3695,74.5523,75.318,74.1049,1.0271,34.08,34.08,0.6,35.0,20.45,0.000000,0.000000,-0.000000,0.000000,-0.000000,0.000000,FILLED_SL,SL_HIT,False,2,2.0,1,1.0,0,0.0,-1.0,-9.8514,1h,Price breached distal stop loss at 75.3180.
424,SOLUSD,SHORT,2026-07-27 12:00:00+00:00,2026-08-08 20:00:00+00:00,2026-08-09 06:00:00+00:00,2026-08-09 06:00:00+00:00,2026-07-27 17:30:00 IST,2026-08-09 01:30:00 IST,2026-08-09 11:30:00 IST,2026-08-09 11:30:00 IST,77.081,76.25,1.412,1.0869,76.4578,77.081,75.999,0.8152,42.94,42.94,0.6,35.0,25.76,0.000000,0.000000,0.000000,0.000000,0.000000,0.000000,FILLED_TP,TP_HIT,False,1,1.0,10,10.0,9,9.0,0.7361,-9.1153,1h,Price reached fixed +0.60% TP target at 75.9990.
425,SOLUSD,LONG,2026-08-09 01:00:00+00:00,2026-08-10 15:00:00+00:00,2026-08-10 16:00:00+00:00,2026-08-10 16:00:00+00:00,2026-08-09 06:30:00 IST,2026-08-10 20:30:00 IST,2026-08-10 21:30:00 IST,2026-08-10 21:30:00 IST,76.1105,75.756,1.412,0.4663,76.0219,75.756,76.478,0.3497,100.08,100.0,0.6,34.97,60.0,0.000000,0.000000,-0.000000,0.000000,-0.000000,0.000000,FILLED_SL,SL_HIT,False,1,1.0,1,1.0,0,0.0,-1.0,-10.1153,1h,Price breached distal stop loss at 75.7560.
426,SOLUSD,SHORT,2026-08-11 11:00:00+00:00,2026-08-11 20:00:00+00:00,2026-08-11 21:00:00+00:00,2026-08-11 21:00:00+00:00,2026-08-11 16:30:00 IST,2026-08-12 01:30:00 IST,2026-08-12 02:30:00 IST,2026-08-12 02:30:00 IST,76.369,75.937,1.412,0.5681,76.045,76.369,75.5887,0.4261,82.15,82.15,0.6,35.0,49.29,0.000000,0.000000,-0.000000,0.000000,-0.000000,0.000000,FILLED_SL,SL_HIT,False,1,1.0,1,1.0,0,0.0,-1.0,-11.1153,1h,Price breached distal stop loss at 76.3690.
427,SOLUSD,SHORT,2026-08-10 08:00:00+00:00,2026-08-12 09:00:00+00:00,2026-08-12 10:00:00+00:00,2026-08-12 12:00:00+00:00,2026-08-10 13:30:00 IST,2026-08-12 14:30:00 IST,2026-08-12 15:30:00 IST,2026-08-12 17:30:00 IST,77.15,76.668,1.412,0.6277,76.7885,77.15,76.3278,0.4708,74.35,74.35,0.6,35.0,44.61,0.000000,0.000000,-0.000000,0.000000,-0.000000,0.000000,FILLED_SL,SL_HIT,False,2,2.0,1,1.0,0,0.0,-1.0,-12.1153,1h,Price breached distal stop loss at 77.1500.
428,SOLUSD,LONG,2026-08-12 07:00:00+00:00,2026-08-12 13:00:00+00:00,2026-08-12 14:00:00+00:00,2026-08-12 14:00:00+00:00,2026-08-12 12:30:00 IST,2026-08-12 18:30:00 IST,2026-08-12 19:30:00 IST,2026-08-12 19:30:00 IST,76.289,75.946,1.412,0.4501,76.2032,75.946,76.6605,0.3376,103.68,100.0,0.6,33.76,60.0,0.000000,0.000000,-0.000000,0.000000,-0.000000,0.000000,FILLED_SL,SL_HIT,False,1,1.0,1,1.0,0,0.0,-1.0,-13.1153,1h,Price breached distal stop loss at 75.9460.
429,SOLUSD,SHORT,2026-08-12 09:00:00+00:00,2026-08-13 08:00:00+00:00,2026-08-13 13:00:00+00:00,2026-08-13 15:00:00+00:00,2026-08-12 14:30:00 IST,2026-08-13 13:30:00 IST,2026-08-13 18:30:00 IST,2026-08-13 20:30:00 IST,76.909,76.128,1.412,1.0233,76.3233,76.909,75.8653,0.7675,45.61,45.61,0.6,35.0,27.36,0.000000,0.000000,0.000000,0.000000,0.000000,0.000000,FILLED_TP,TP_HIT,False,2,2.0,5,5.0,4,4.0,0.7818,-12.3335,1h,Price reached fixed +0.60% TP target at 75.8653.
430,SOLUSD,LONG,2026-08-11 15:00:00+00:00,2026-08-14 23:00:00+00:00,2026-08-15 07:00:00+00:00,2026-08-15 17:00:00+00:00,2026-08-11 20:30:00 IST,2026-08-15 04:30:00 IST,2026-08-15 12:30:00 IST,2026-08-15 22:30:00 IST,75.419,74.62,1.412,1.0622,75.2193,74.62,75.6706,0.7967,43.93,43.93,0.6,35.0,26.36,0.000000,0.000000,0.000000,0.000000,0.000000,0.000000,FILLED_TP,TP_HIT,False,10,10.0,8,8.0,7,7.0,0.7531,-11.5804,1h,Price reached fixed +0.60% TP target at 75.6706.
431,SOLUSD,SHORT,2026-08-16 16:00:00+00:00,2026-08-17 03:00:00+00:00,2026-08-17 04:00:00+00:00,2026-08-17 06:00:00+00:00,2026-08-16 21:30:00 IST,2026-08-17 08:30:00 IST,2026-08-17 09:30:00 IST,2026-08-17 11:30:00 IST,75.7241,75.5,1.412,0.2966,75.556,75.7241,75.1027,0.2225,157.34,100.0,0.6,22.25,60.0,0.000000,0.000000,-0.000000,0.000000,-0.000000,0.000000,FILLED_SL,SL_HIT,False,2,2.0,1,1.0,0,0.0,-1.0,-12.5804,1h,Price breached distal stop loss at 75.7241.
432,SOLUSD,LONG,2026-08-17 08:00:00+00:00,2026-08-17 19:00:00+00:00,2026-08-17 20:00:00+00:00,2026-08-17 20:00:00+00:00,2026-08-17 13:30:00 IST,2026-08-18 00:30:00 IST,2026-08-18 01:30:00 IST,2026-08-18 01:30:00 IST,75.8064,75.176,1.412,0.8333,75.6488,75.176,76.1027,0.625,56.0,56.0,0.6,35.0,33.6,0.000000,0.000000,0.000000,0.000000,0.000000,0.000000,FILLED_TP,TP_HIT,False,1,1.0,1,1.0,0,0.0,0.96,-11.6204,1h,Price reached fixed +0.60% TP target at 76.1027.
