ob_id,asset,timeframe,direction,decision_timestamp,creation_timestamp,confirmation_timestamp,formation_bar_index,break_bar_index,decision_bar_index,entry_price,sl_price,tp_price,risk_distance,stop_distance_percent,leverage,structural_event_id,structure_origin,ob_high,ob_low,realized_r,tp_first,mfe_r,mae_r,holding_bars,exit_reason,label_available_timestamp,feat_ob_width_pct,feat_ob_width_atr,feat_stop_distance_pct,feat_stop_distance_atr,feat_entry_depth_in_zone,feat_mitigation_depth_pct,feat_formation_body_ratio,feat_formation_range_atr,feat_displacement_atr,feat_bars_since_formation,feat_bars_since_break,feat_pre_decision_retests,feat_price_to_entry_atr,feat_is_bos,feat_is_choch,feat_origin_swing,feat_trend_align_internal,feat_trend_align_swing,feat_premium_discount,feat_dist_nearest_pivot_atr,feat_atr_pct,feat_atr_percentile,feat_realized_vol_20,feat_vol_expansion,feat_ret_5,feat_ret_15,feat_ret_50,feat_volume_ratio,feat_direction_long
BTCUSD_230_BEARISH_218_223,BTCUSD,1h,SHORT,2024-06-10T14:00:00+00:00,2024-06-10T02:00:00+00:00,2024-06-10T07:00:00+00:00,218,223,230,69612.0,69813.0,69267.43,201.0,0.288743,100,internal|choch|brk223|form218,internal,69813.0,69612.0,-1.0,0,0.0,2.915423,1,SL_HIT,2024-06-10T15:00:00+00:00,0.288424,0.646305,0.288743,0.646305,0.616915,0.393035,0.435323,0.646305,0.429262,12.0,7.0,0.0,0.24759,0.0,1.0,0.0,0.0,0.0,0.368051,0.16238,0.446266,9.375,0.136181,1.192931,0.323187,0.035169,0.462749,1.415776,0.0
ETHUSD_231_BEARISH_213_222,ETHUSD,1h,SHORT,2024-06-10T15:00:00+00:00,2024-06-09T21:00:00+00:00,2024-06-10T06:00:00+00:00,213,222,231,3706.6125,3727.65,3670.55,21.0375,0.567567,61,internal|choch|brk222|form213,internal,3727.65,3699.6,1.714201,1,1.944742,0.0,4,TP_HIT,2024-06-10T19:00:00+00:00,0.757821,1.508172,0.567567,1.131129,0.935829,0.502674,0.356506,1.508172,0.645207,18.0,9.0,0.0,0.280262,0.0,1.0,0.0,0.0,0.0,0.440788,0.040325,0.502477,21.212121,0.278779,1.889919,0.623904,0.204394,0.37831,1.930762,0.0
BTCUSD_235_BULLISH_225_231,BTCUSD,1h,LONG,2024-06-10T19:00:00+00:00,2024-06-10T09:00:00+00:00,2024-06-10T15:00:00+00:00,225,231,235,69492.0,69186.0,70016.57,306.0,0.440338,79,internal|choch|brk231|form225,internal,69492.0,69186.0,-1.0,0,0.696078,3.272876,6,SL_HIT,2024-06-11T01:00:00+00:00,0.440383,0.974633,0.440338,0.974633,0.977124,0.312092,0.166667,0.974633,1.138664,10.0,4.0,0.0,0.022296,0.0,1.0,0.0,0.0,1.0,0.312864,0.068479,0.451845,40.540541,0.222709,1.36799,-0.292729,-0.291298,0.023032,2.261877,1.0
XRPUSD_236_BULLISH_223_230,XRPUSD,1h,LONG,2024-06-10T20:00:00+00:00,2024-06-10T07:00:00+00:00,2024-06-10T14:00:00+00:00,223,230,236,0.4965,0.4939,0.5,0.0026,0.523666,66,internal|bos|brk230|form223,internal,0.4965,0.4939,-1.0,0,0.230769,6.269231,5,SL_HIT,2024-06-11T01:00:00+00:00,0.524088,1.236446,0.523666,1.236446,0.846154,0.730769,0.461538,1.236446,2.568003,13.0,6.0,1.0,0.190222,1.0,0.0,0.0,0.0,1.0,0.583007,0.380445,0.423866,76.315789,0.400479,1.474224,-1.742919,-0.361518,0.547223,1.246149,1.0
XRPUSD_237_BULLISH_206_211,XRPUSD,1h,LONG,2024-06-10T21:00:00+00:00,2024-06-09T14:00:00+00:00,2024-06-09T19:00:00+00:00,206,211,237,0.4953,0.4935,0.5,0.0018,0.363416,96,internal|bos|brk211|form206,internal,0.4953,0.4935,-1.0,0,1.0,8.388889,4,SL_HIT,2024-06-11T01:00:00+00:00,0.363489,0.858456,0.363416,0.858456,0.944444,0.777778,0.333333,0.858456,0.095384,31.0,26.0,4.0,0.047692,1.0,0.0,0.0,0.0,1.0,0.571242,0.047692,0.423422,69.230769,0.372417,0.286152,-1.511535,-0.22164,0.283516,0.95207,1.0
SOLUSD_239_BULLISH_229_231,SOLUSD,1h,LONG,2024-06-10T23:00:00+00:00,2024-06-10T13:00:00+00:00,2024-06-10T15:00:00+00:00,229,231,239,158.95375,157.948,160.68,1.00575,0.632731,55,internal|bos|brk231|form229,internal,159.289,157.948,-1.0,0,0.769824,3.266965,2,SL_HIT,2024-06-11T01:00:00+00:00,0.842506,1.227585,0.632731,0.920689,0.909769,0.480984,0.401193,1.227585,2.179627,10.0,8.0,3.0,0.19613,1.0,0.0,0.0,0.0,1.0,0.340293,0.611504,0.686312,90.243902,0.613673,0.479683,-1.847331,-0.149931,0.005655,0.455728,1.0
ETHUSD_271_BEARISH_252_255,ETHUSD,1h,SHORT,2024-06-12T07:00:00+00:00,2024-06-11T12:00:00+00:00,2024-06-11T15:00:00+00:00,252,255,271,3530.6875,3547.0,3502.72,16.3125,0.46202,75,internal|bos|brk255|form252,internal,3547.0,3525.25,-1.0,0,0.786973,1.999234,3,SL_HIT,2024-06-12T10:00:00+00:00,0.616462,1.062152,0.46202,0.796614,0.864368,0.36092,0.23908,1.062152,3.389119,19.0,16.0,1.0,0.121476,1.0,0.0,0.0,0.0,1.0,0.32879,1.037735,0.580389,82.191781,0.540203,0.656825,0.961483,2.201495,-4.239496,0.630652,0.0
BTCUSD_280_BEARISH_231_241,BTCUSD,1h,SHORT,2024-06-12T16:00:00+00:00,2024-06-10T15:00:00+00:00,2024-06-11T01:00:00+00:00,231,241,280,69769.75,70198.0,69035.61,428.25,0.613805,57,internal|choch|brk241|form231,internal,70198.0,69627.0,1.714279,1,2.746643,0.299475,2,TP_HIT,2024-06-12T18:00:00+00:00,0.819913,1.654821,0.613805,1.241116,0.974606,0.695271,0.626095,1.654821,1.954776,49.0,39.0,3.0,0.371683,0.0,1.0,0.0,0.0,1.0,0.867263,0.13766,0.495469,100.0,0.56399,1.447606,2.718349,3.652465,-0.06816,1.915946,0.0
SOLUSD_307_BULLISH_265_268,SOLUSD,1h,LONG,2024-06-13T19:00:00+00:00,2024-06-12T01:00:00+00:00,2024-06-12T04:00:00+00:00,265,268,307,147.6325,145.645,151.04,1.9875,1.346248,25,internal|choch|brk268|form265,internal,148.295,145.645,-1.0,0,0.963774,2.05761,19,SL_HIT,2024-06-14T14:00:00+00:00,1.792782,2.005783,1.346248,1.504337,0.818868,0.773585,0.48717,2.005783,0.990781,42.0,39.0,4.0,0.138134,0.0,1.0,0.0,0.0,1.0,0.141249,1.587975,0.893806,96.330275,0.619293,0.764468,-0.77559,-2.884268,0.081249,0.896353,1.0
XRPUSD_344_BEARISH_325_327,XRPUSD,1h,SHORT,2024-06-15T08:00:00+00:00,2024-06-14T13:00:00+00:00,2024-06-14T15:00:00+00:00,325,327,344,0.479,0.4807,0.48,0.0017,0.354906,98,internal|bos|brk327|form325,internal,0.4807,0.479,0.588235,1,0.176471,0.647059,1,TP_HIT,2024-06-15T09:00:00+00:00,0.35461,0.696152,0.354906,0.696152,0.764706,0.411765,0.176471,0.696152,1.842756,19.0,17.0,2.0,0.163801,1.0,0.0,0.0,0.0,1.0,0.526042,0.245701,0.509386,73.972603,0.496027,0.532352,0.608604,2.217484,-1.215743,1.10914,0.0
BTCUSD_365_BEARISH_351_356,BTCUSD,1h,SHORT,2024-06-16T05:00:00+00:00,2024-06-15T15:00:00+00:00,2024-06-15T20:00:00+00:00,351,356,365,66233.0,66503.5,65769.29,270.5,0.408407,85,internal|bos|brk356|form351,internal,66503.5,66233.0,-1.0,0,0.18854,2.03512,5,SL_HIT,2024-06-16T10:00:00+00:00,0.40812,0.772622,0.408407,0.772622,0.828096,0.251386,0.338262,0.772622,0.308478,14.0,9.0,2.0,0.132817,1.0,0.0,0.0,0.0,1.0,0.242847,0.008569,0.528228,50.898204,0.105294,0.301337,0.174566,0.052079,-0.721229,0.479827,0.0
ETHUSD_385_BULLISH_374_382,ETHUSD,1h,LONG,2024-06-17T01:00:00+00:00,2024-06-16T14:00:00+00:00,2024-06-16T22:00:00+00:00,374,382,385,3604.4,3578.45,3648.89,25.95,0.719953,48,internal|bos|brk382|form374,internal,3613.05,3578.45,-1.0,0,0.188825,1.055877,2,SL_HIT,2024-06-17T03:00:00+00:00,0.957945,1.549982,0.719953,1.162486,0.966763,0.267341,0.397399,1.549982,1.325996,11.0,3.0,0.0,0.335979,1.0,0.0,0.0,1.0,1.0,0.849488,0.051517,0.618036,62.566845,0.334843,1.052733,0.266496,1.175086,3.720189,1.051597,1.0
XRPUSD_390_BULLISH_386_389,XRPUSD,1h,LONG,2024-06-17T06:00:00+00:00,2024-06-17T02:00:00+00:00,2024-06-17T05:00:00+00:00,386,389,390,0.4869,0.4849,0.49,0.002,0.410762,85,internal|choch|brk389|form386,internal,0.4869,0.4849,-1.0,0,6.55,1.3,1,SL_HIT,2024-06-17T07:00:00+00:00,0.411353,0.806667,0.410762,0.806667,0.65,0.35,1.0,0.806667,0.564667,4.0,1.0,0.0,0.282334,0.0,1.0,0.0,0.0,1.0,0.594714,0.201667,0.509942,80.208333,0.380175,1.976335,-0.061665,-0.957425,1.80067,0.640898,1.0
BTCUSD_401_BEARISH_382_393,BTCUSD,1h,SHORT,2024-06-17T17:00:00+00:00,2024-06-16T22:00:00+00:00,2024-06-17T09:00:00+00:00,382,393,401,66670.875,66993.0,66118.66,322.125,0.483157,72,internal|choch|brk393|form382,internal,66993.0,66563.5,-1.0,0,0.342646,2.002716,1,SL_HIT,2024-06-17T18:00:00+00:00,0.644745,1.240088,0.483157,0.930066,0.878929,0.150175,0.462165,1.240088,1.260299,19.0,8.0,0.0,0.159883,0.0,1.0,0.0,0.0,0.0,0.573722,0.125597,0.519918,56.0,0.422547,2.070182,1.478407,0.385777,0.420583,2.358446,0.0
BTCUSD_402_BEARISH_325_327,BTCUSD,1h,SHORT,2024-06-17T18:00:00+00:00,2024-06-14T13:00:00+00:00,2024-06-14T15:00:00+00:00,325,327,402,67074.75,67392.0,66530.89,317.25,0.47298,73,internal|choch|brk327|form325,internal,67392.0,66969.0,1.714295,1,2.814027,0.122143,2,TP_HIT,2024-06-17T20:00:00+00:00,0.630388,1.214149,0.47298,0.910612,0.686761,0.820331,0.013002,1.214149,1.703541,77.0,75.0,1.0,0.076781,0.0,1.0,0.0,0.0,0.0,0.814576,0.018657,0.519202,57.5,0.446437,2.168534,2.880119,1.317399,1.355658,2.324028,0.0
BTCUSD_408_BULLISH_398_402,BTCUSD,1h,LONG,2024-06-18T00:00:00+00:00,2024-06-17T14:00:00+00:00,2024-06-17T18:00:00+00:00,398,402,408,65640.75,65139.0,66500.89,501.75,0.764388,45,internal|choch|brk402|form398,internal,65808.0,65139.0,-1.0,0,0.649228,2.091181,1,SL_HIT,2024-06-18T01:00:00+00:00,1.017452,1.890863,0.764388,1.418147,0.91704,0.470105,0.381166,1.890863,1.373631,10.0,6.0,0.0,0.31585,0.0,1.0,0.0,0.0,0.0,0.291333,0.330689,0.538089,60.5,0.530561,3.083604,-1.416845,-0.015206,-0.711228,0.435519,1.0
ETHUSD_435_BEARISH_402_409,ETHUSD,1h,SHORT,2024-06-19T03:00:00+00:00,2024-06-17T18:00:00+00:00,2024-06-18T01:00:00+00:00,402,409,435,3556.05,3579.6,3515.68,23.55,0.662252,52,internal|bos|brk409|form402,internal,3579.6,3548.2,-1.0,0,0.0,1.229299,1,SL_HIT,2024-06-19T04:00:00+00:00,0.88065,1.253538,0.662252,0.940153,0.447452,0.786624,0.210191,1.253538,2.684726,33.0,26.0,0.0,0.379255,1.0,0.0,0.0,0.0,1.0,0.706236,0.277455,0.702531,100.0,0.4312,1.722616,2.431842,4.629086,-1.283258,1.049982,0.0
BTCUSD_438_BEARISH_413_427,BTCUSD,1h,SHORT,2024-06-19T06:00:00+00:00,2024-06-18T05:00:00+00:00,2024-06-18T19:00:00+00:00,413,427,438,65561.0,65851.0,65063.86,290.0,0.442336,79,internal|choch|brk427|form413,internal,65851.0,65561.0,1.714276,1,1.803448,0.37931,5,TP_HIT,2024-06-19T11:00:00+00:00,0.442066,0.777729,0.442336,0.777729,0.862069,0.62069,0.153448,0.777729,0.57391,25.0,11.0,3.0,0.107273,0.0,1.0,0.0,0.0,1.0,0.47328,0.375455,0.568407,82.0,0.294118,0.548433,0.846266,1.382396,-1.296962,0.619459,0.0
XRPUSD_449_BEARISH_418_424,XRPUSD,1h,SHORT,2024-06-19T17:00:00+00:00,2024-06-18T10:00:00+00:00,2024-06-18T16:00:00+00:00,418,424,449,0.4971,0.5001,0.49,0.003,0.6035,57,internal|bos|brk424|form418,internal,0.5001,0.4961,-1.0,0,1.7,1.3,14,SL_HIT,2024-06-20T07:00:00+00:00,0.804343,1.165317,0.6035,0.873988,0.7,0.4,0.075,1.165317,1.369247,31.0,25.0,4.0,0.058266,1.0,0.0,0.0,0.0,1.0,0.570888,0.058266,0.690236,88.5,0.484482,1.048785,0.343019,0.464646,-2.375344,0.339394,0.0
XRPUSD_470_BULLISH_460_463,XRPUSD,1h,LONG,2024-06-20T14:00:00+00:00,2024-06-20T04:00:00+00:00,2024-06-20T07:00:00+00:00,460,463,470,0.495,0.4921,0.5,0.0029,0.585859,59,internal|choch|brk463|form460,internal,0.495,0.4921,-1.0,0,0.827586,1.172414,1,SL_HIT,2024-06-20T15:00:00+00:00,0.586451,0.860592,0.585859,0.860592,0.827586,0.931034,0.103448,0.860592,1.602481,10.0,7.0,1.0,0.148378,0.0,1.0,0.0,0.0,1.0,0.517958,0.029676,0.681451,82.0,0.464047,0.979294,-0.181671,0.283918,0.24326,2.236305,1.0
SOLUSD_472_BULLISH_427_434,SOLUSD,1h,LONG,2024-06-20T16:00:00+00:00,2024-06-18T19:00:00+00:00,2024-06-19T02:00:00+00:00,427,434,472,132.284,130.418,135.48,1.866,1.410601,24,internal|choch|brk434|form427,internal,132.906,130.418,1.712755,1,1.876206,0.0,2,TP_HIT,2024-06-20T18:00:00+00:00,1.874228,1.610943,1.410601,1.208207,0.936495,0.40836,0.177653,1.610943,0.65396,45.0,38.0,3.0,0.300433,0.0,1.0,0.0,0.0,0.0,0.222044,0.095828,1.163435,100.0,0.893084,1.304035,-4.679568,-1.608384,-1.768563,1.909564,1.0
ETHUSD_489_BEARISH_482_487,ETHUSD,1h,SHORT,2024-06-21T09:00:00+00:00,2024-06-21T02:00:00+00:00,2024-06-21T07:00:00+00:00,482,487,489,3515.2125,3537.0,3477.86,21.7875,0.619806,56,internal|bos|brk487|form482,internal,3537.0,3507.95,1.7144,1,1.900746,0.378084,3,TP_HIT,2024-06-21T12:00:00+00:00,0.82654,1.144353,0.619806,0.858265,0.769363,0.862306,0.650602,1.144353,1.516613,7.0,2.0,0.0,0.022158,1.0,0.0,0.0,1.0,1.0,0.600505,0.039393,0.722277,100.0,0.526089,3.06671,-0.117938,-0.430613,-0.847745,0.837119,0.0
XRPUSD_490_BEARISH_487_488,XRPUSD,1h,SHORT,2024-06-21T10:00:00+00:00,2024-06-21T07:00:00+00:00,2024-06-21T08:00:00+00:00,487,488,490,0.4904,0.4931,0.49,0.0027,0.550571,63,internal|bos|brk488|form487,internal,0.4931,0.4895,-1.0,0,0.0,1.962963,1,SL_HIT,2024-06-21T11:00:00+00:00,0.730816,1.098402,0.550571,0.823801,0.138889,0.861111,0.333333,1.098402,1.373002,3.0,2.0,1.0,0.671246,1.0,0.0,0.0,0.0,0.0,0.482042,0.152556,0.665345,67.5,0.388397,1.342491,0.777414,0.387202,0.592199,1.575517,0.0
SOLUSD_502_BEARISH_474_487,SOLUSD,1h,SHORT,2024-06-21T22:00:00+00:00,2024-06-20T18:00:00+00:00,2024-06-21T07:00:00+00:00,474,487,502,134.63375,135.785,132.66,1.15125,0.855098,40,internal|choch|brk487|form474,internal,135.785,134.25,-1.0,0,1.238436,1.126819,7,SL_HIT,2024-06-22T05:00:00+00:00,1.138352,0.978498,0.855098,0.733874,0.613029,0.406384,0.386971,0.978498,0.773237,28.0,15.0,1.0,0.134026,0.0,1.0,0.0,0.0,1.0,0.402461,0.450045,1.163367,100.0,1.038975,1.02618,4.383772,2.577288,-0.359122,0.925629,0.0
SOLUSD_512_BULLISH_504_509,SOLUSD,1h,LONG,2024-06-22T08:00:00+00:00,2024-06-22T00:00:00+00:00,2024-06-22T05:00:00+00:00,504,509,512,134.05325,133.208,135.5,0.84525,0.630533,55,internal|choch|brk509|form504,internal,134.335,133.208,-1.0,0,1.021887,1.115942,15,SL_HIT,2024-06-22T23:00:00+00:00,0.841698,0.729456,0.630533,0.547092,0.61047,0.474712,0.744454,0.729456,0.473143,8.0,3.0,0.0,0.101781,0.0,1.0,0.0,0.0,0.0,0.397114,0.445311,1.15387,90.5,0.945007,0.709392,-0.844954,3.649918,-1.290851,1.039571,1.0
ETHUSD_519_BEARISH_507_511,ETHUSD,1h,SHORT,2024-06-22T15:00:00+00:00,2024-06-22T03:00:00+00:00,2024-06-22T07:00:00+00:00,507,511,519,3505.15,3513.15,3491.44,8.0,0.228236,100,internal|choch|brk511|form507,internal,3513.15,3505.15,1.71375,1,2.275,0.50625,4,TP_HIT,2024-06-22T19:00:00+00:00,0.228203,0.323977,0.228236,0.323977,0.9375,0.83125,0.125,0.323977,0.360424,12.0,8.0,1.0,0.020249,0.0,1.0,0.0,0.0,1.0,0.52498,0.050621,0.704381,54.5,0.210372,0.263231,0.201509,0.095651,-0.722144,0.688166,0.0
ETHUSD_527_BULLISH_493_499,ETHUSD,1h,LONG,2024-06-22T23:00:00+00:00,2024-06-21T13:00:00+00:00,2024-06-21T19:00:00+00:00,493,499,527,3487.6375,3455.65,3542.47,31.9875,0.917168,38,internal|choch|brk499|form493,internal,3498.3,3455.65,-1.0,0,1.074248,2.686596,21,SL_HIT,2024-06-23T20:00:00+00:00,1.219512,1.767906,0.917168,1.32593,0.976553,0.502931,0.452521,1.767906,0.445604,34.0,28.0,16.0,0.400525,0.0,1.0,0.0,1.0,0.0,0.390197,0.014508,0.689806,43.0,0.176426,0.422805,0.08299,0.338545,-0.568618,0.433475,1.0
ETHUSD_538_BULLISH_524_530,ETHUSD,1h,LONG,2024-06-23T10:00:00+00:00,2024-06-22T20:00:00+00:00,2024-06-23T02:00:00+00:00,524,530,538,3498.35,3486.6,3518.49,11.75,0.335873,100,internal|choch|brk530|form524,internal,3498.35,3486.6,-1.0,0,0.612766,1.446809,4,SL_HIT,2024-06-23T14:00:00+00:00,0.336223,0.503266,0.335873,0.503266,0.689362,0.497872,0.476596,0.503266,0.27412,14.0,8.0,0.0,0.156334,0.0,1.0,0.0,0.0,1.0,0.265862,0.109219,0.668083,33.5,0.15972,0.481851,-0.438734,0.06729,0.944541,0.891309,1.0
SOLUSD_538_BULLISH_527_529,SOLUSD,1h,LONG,2024-06-23T10:00:00+00:00,2024-06-22T23:00:00+00:00,2024-06-23T01:00:00+00:00,527,529,538,133.97625,133.11,135.46,0.86625,0.64657,54,internal|choch|brk529|form527,internal,134.265,133.11,-1.0,0,0.441847,2.142857,4,SL_HIT,2024-06-23T14:00:00+00:00,0.862211,0.806565,0.64657,0.604924,0.734199,0.392208,0.558442,0.806565,0.092877,11.0,9.0,2.0,0.012744,0.0,1.0,0.0,0.0,1.0,0.401991,0.181564,1.068991,40.5,0.294145,0.648045,-0.365194,-0.35556,3.110447,0.448327,1.0
BTCUSD_542_BULLISH_501_511,BTCUSD,1h,LONG,2024-06-23T14:00:00+00:00,2024-06-21T21:00:00+00:00,2024-06-22T07:00:00+00:00,501,511,542,64227.5,63859.5,64858.36,368.0,0.572963,61,internal|choch|brk511|form501,internal,64227.5,63859.5,-1.0,0,0.014946,1.623641,6,SL_HIT,2024-06-23T20:00:00+00:00,0.573066,1.125424,0.572963,1.125424,0.96875,0.152174,0.353261,1.125424,0.249245,41.0,31.0,1.0,0.03517,0.0,1.0,0.0,0.0,1.0,0.263438,0.001529,0.5092,0.5,0.105671,0.500019,-0.321314,-0.118211,0.579519,1.576963,1.0
ETHUSD_615_BULLISH_584_590,ETHUSD,1h,LONG,2024-06-26T15:00:00+00:00,2024-06-25T08:00:00+00:00,2024-06-25T14:00:00+00:00,584,590,615,3365.75,3346.65,3398.49,19.1,0.567481,61,internal|choch|brk590|form584,internal,3365.75,3346.65,-1.0,0,0.379581,2.039267,2,SL_HIT,2024-06-26T17:00:00+00:00,0.568233,0.779026,0.567481,0.779026,0.767016,0.971204,0.421466,0.779026,1.339843,31.0,25.0,0.0,0.181501,0.0,1.0,0.0,0.0,1.0,0.471208,0.069337,0.729414,28.5,0.293941,1.260309,-0.382313,-0.829055,1.09325,1.115475,1.0
BTCUSD_617_BULLISH_583_590,BTCUSD,1h,LONG,2024-06-26T17:00:00+00:00,2024-06-25T07:00:00+00:00,2024-06-25T14:00:00+00:00,583,590,617,61108.5,60646.5,61900.5,462.0,0.756032,46,internal|choch|brk590|form583,internal,61262.5,60646.5,-1.0,0,0.454545,1.060606,13,SL_HIT,2024-06-27T06:00:00+00:00,1.005944,1.641218,0.756032,1.230914,0.956981,0.679383,0.741071,1.641218,1.430737,34.0,27.0,4.0,0.3397,0.0,1.0,0.0,0.0,1.0,0.464924,0.969811,0.612925,92.5,0.265453,1.373455,-0.295518,-1.251371,0.616985,1.68215,1.0
ETHUSD_650_BULLISH_648_649,ETHUSD,1h,LONG,2024-06-28T02:00:00+00:00,2024-06-28T00:00:00+00:00,2024-06-28T01:00:00+00:00,648,649,650,3454.95,3436.3,3486.92,18.65,0.539805,64,internal|bos|brk649|form648,internal,3454.95,3436.3,-1.0,0,0.576408,1.482574,5,SL_HIT,2024-06-28T07:00:00+00:00,0.540541,0.781757,0.539805,0.781757,0.747989,0.49866,0.654155,0.781757,1.875797,2.0,1.0,0.0,0.197011,1.0,0.0,0.0,1.0,1.0,0.859496,0.12156,0.691443,17.5,0.476952,1.649444,0.042044,1.360184,1.795303,0.827226,1.0
XRPUSD_651_BEARISH_594_605,XRPUSD,1h,SHORT,2024-06-28T03:00:00+00:00,2024-06-25T18:00:00+00:00,2024-06-26T05:00:00+00:00,594,605,651,0.476375,0.479,0.47,0.002625,0.551036,63,internal|bos|brk605|form594,internal,0.479,0.4755,-1.0,0,0.638095,1.0,5,SL_HIT,2024-06-28T08:00:00+00:00,0.734677,1.370132,0.551036,1.027599,0.742857,0.457143,0.742857,1.370132,0.508906,57.0,46.0,4.0,0.009787,1.0,0.0,0.0,0.0,1.0,0.729592,0.156587,0.536209,0.5,0.267856,0.900373,0.252525,0.548755,-0.104844,0.137452,0.0
XRPUSD_655_BULLISH_638_654,XRPUSD,1h,LONG,2024-06-28T07:00:00+00:00,2024-06-27T14:00:00+00:00,2024-06-28T06:00:00+00:00,638,654,655,0.475625,0.4721,0.48,0.003525,0.74113,47,internal|bos|brk654|form638,internal,0.4768,0.4721,1.241135,1,1.496454,0.0,3,TP_HIT,2024-06-28T10:00:00+00:00,0.990099,1.856491,0.74113,1.392368,0.553191,0.446809,0.957447,1.856491,0.079,17.0,1.0,0.0,0.365373,1.0,0.0,0.0,0.0,1.0,0.642857,0.118499,0.533317,0.5,0.276346,0.0,-0.021061,0.508152,0.189954,0.969888,1.0
BTCUSD_657_BEARISH_649_655,BTCUSD,1h,SHORT,2024-06-28T09:00:00+00:00,2024-06-28T01:00:00+00:00,2024-06-28T07:00:00+00:00,649,655,657,61674.75,62212.5,60752.89,537.75,0.871913,40,internal|choch|brk655|form649,internal,62212.5,61495.5,1.714291,1,1.737331,0.354719,6,TP_HIT,2024-06-28T15:00:00+00:00,1.165058,1.964898,0.871913,1.473673,0.935146,0.133891,0.757322,1.964898,0.708405,8.0,2.0,0.0,0.363794,0.0,1.0,0.0,1.0,1.0,0.689065,0.158946,0.592936,41.0,0.339465,0.622081,-0.306975,-0.534163,-0.277897,0.629717,0.0
ETHUSD_658_BEARISH_650_655,ETHUSD,1h,SHORT,2024-06-28T10:00:00+00:00,2024-06-28T02:00:00+00:00,2024-06-28T07:00:00+00:00,650,655,658,3455.4875,3485.0,3404.89,29.5125,0.854076,40,internal|choch|brk655|form650,internal,3485.0,3445.65,1.714443,1,1.766624,0.67302,4,TP_HIT,2024-06-28T14:00:00+00:00,1.14139,1.672504,0.854076,1.254378,0.951715,0.074968,0.8831,1.672504,0.860692,8.0,3.0,0.0,0.33737,0.0,1.0,0.0,1.0,0.0,0.8495,0.008501,0.682444,13.0,0.425218,0.395281,-0.037694,-0.069566,1.906564,0.822309,0.0
BTCUSD_680_BULLISH_674_679,BTCUSD,1h,LONG,2024-06-29T08:00:00+00:00,2024-06-29T02:00:00+00:00,2024-06-29T07:00:00+00:00,674,679,680,60995.5,60723.0,61462.64,272.5,0.446754,78,internal|choch|brk679|form674,internal,60995.5,60723.0,-1.0,0,0.933945,1.0,21,SL_HIT,2024-06-30T05:00:00+00:00,0.446787,0.7586,0.446754,0.7586,0.983486,0.244037,0.524771,0.7586,0.553987,6.0,1.0,0.0,0.012527,0.0,1.0,0.0,1.0,1.0,0.384647,0.135017,0.588963,28.0,0.349649,0.45516,0.350456,0.263024,0.396708,0.757893,1.0
BTCUSD_703_BEARISH_660_662,BTCUSD,1h,SHORT,2024-06-30T07:00:00+00:00,2024-06-28T12:00:00+00:00,2024-06-28T14:00:00+00:00,660,662,703,61453.375,61865.5,60746.88,412.125,0.67063,52,internal|bos|brk662|form660,internal,61865.5,61316.0,-1.0,0,0.254474,1.042463,7,SL_HIT,2024-06-30T14:00:00+00:00,0.892763,1.611231,0.67063,1.208423,0.573248,0.902639,0.530482,1.611231,1.09077,43.0,41.0,0.0,0.284788,1.0,0.0,0.0,0.0,1.0,0.639056,0.145143,0.554087,18.0,0.224651,2.231386,1.151191,0.852859,-0.065756,1.591041,0.0
ETHUSD_703_BEARISH_679_694,ETHUSD,1h,SHORT,2024-06-30T07:00:00+00:00,2024-06-29T07:00:00+00:00,2024-06-29T22:00:00+00:00,679,694,703,3388.05,3407.7,3354.36,19.65,0.57998,60,internal|bos|brk694|form679,internal,3407.7,3388.05,-1.0,0,0.458015,1.6743,10,SL_HIT,2024-06-30T17:00:00+00:00,0.579176,0.897826,0.57998,0.897826,0.760814,0.569975,0.554707,0.897826,0.546006,24.0,9.0,1.0,0.214747,1.0,0.0,0.0,0.0,1.0,0.408612,0.034268,0.645087,1.0,0.235824,1.021191,0.940154,0.196391,-1.626629,1.152773,0.0
XRPUSD_731_BULLISH_721_728,XRPUSD,1h,LONG,2024-07-01T11:00:00+00:00,2024-07-01T01:00:00+00:00,2024-07-01T08:00:00+00:00,721,728,731,0.478775,0.4757,0.48,0.003075,0.642264,54,internal|bos|brk728|form721,internal,0.4798,0.4757,0.398374,1,1.04878,0.0,1,TP_HIT,2024-07-01T12:00:00+00:00,0.855057,1.810597,0.642264,1.357948,0.926829,0.121951,1.0,1.810597,0.044161,10.0,3.0,0.0,0.320167,1.0,0.0,0.0,1.0,1.0,0.709677,0.044161,0.472252,5.5,0.306668,2.47301,0.503039,1.075042,0.735294,1.663674,1.0
XRPUSD_749_BEARISH_735_742,XRPUSD,1h,SHORT,2024-07-02T05:00:00+00:00,2024-07-01T15:00:00+00:00,2024-07-01T22:00:00+00:00,735,742,749,0.479625,0.4827,0.47,0.003075,0.641126,54,internal|choch|brk742|form735,internal,0.4827,0.4786,-1.0,0,0.430894,1.162602,4,SL_HIT,2024-07-02T09:00:00+00:00,0.853633,1.86202,0.641126,1.396515,0.585366,0.512195,0.536585,1.86202,0.136245,14.0,7.0,2.0,0.306552,0.0,1.0,0.0,0.0,0.0,0.705128,0.0,0.458445,0.5,0.224373,0.817472,0.797482,-0.041623,1.823193,0.809124,0.0
SOLUSD_758_BULLISH_752_756,SOLUSD,1h,LONG,2024-07-02T14:00:00+00:00,2024-07-02T08:00:00+00:00,2024-07-02T12:00:00+00:00,752,756,758,148.00565,146.918,149.87,1.08765,0.734871,47,internal|bos|brk756|form752,internal,148.3682,146.918,1.714108,1,1.802372,0.352457,3,TP_HIT,2024-07-02T17:00:00+00:00,0.978437,0.999354,0.734871,0.749515,0.895049,0.791753,0.390981,0.999354,0.595464,6.0,2.0,0.0,0.144955,1.0,0.0,0.0,0.0,1.0,0.752619,0.540266,0.97907,11.5,0.476392,1.365135,-0.146194,1.017564,5.173375,1.582335,1.0
ETHUSD_792_BEARISH_782_787,ETHUSD,1h,SHORT,2024-07-04T00:00:00+00:00,2024-07-03T14:00:00+00:00,2024-07-03T19:00:00+00:00,782,787,792,3310.5125,3325.4,3284.99,14.8875,0.449704,77,internal|bos|brk787|form782,internal,3325.4,3305.55,1.714358,1,7.275399,0.0,1,TP_HIT,2024-07-04T01:00:00+00:00,0.600133,0.9474,0.449704,0.71055,0.896725,0.38539,0.687657,0.9474,1.866162,10.0,5.0,0.0,0.139008,1.0,0.0,0.0,0.0,1.0,0.208625,0.849557,0.633453,20.5,0.55078,0.630009,1.262878,-1.024881,-3.949355,0.30385,0.0
SOLUSD_831_BEARISH_811_815,SOLUSD,1h,SHORT,2024-07-05T15:00:00+00:00,2024-07-04T19:00:00+00:00,2024-07-04T23:00:00+00:00,811,815,831,134.41875,135.9,131.88,1.48125,1.101967,31,internal|bos|brk815|form811,internal,135.9,133.925,-1.0,0,0.323207,1.215359,1,SL_HIT,2024-07-05T16:00:00+00:00,1.464579,1.117093,1.101967,0.83782,0.531139,0.504304,0.107342,1.117093,2.584869,20.0,16.0,0.0,0.244488,1.0,0.0,0.0,0.0,1.0,0.408572,0.037331,1.311063,100.0,2.070747,1.588252,5.024961,4.771191,-6.394425,1.235429,0.0
XRPUSD_841_BULLISH_834_840,XRPUSD,1h,LONG,2024-07-06T01:00:00+00:00,2024-07-05T18:00:00+00:00,2024-07-06T00:00:00+00:00,834,840,841,0.4259,0.422,0.43,0.0039,0.915708,38,internal|choch|brk840|form834,internal,0.4272,0.422,1.051282,1,1.769231,0.538462,5,TP_HIT,2024-07-06T06:00:00+00:00,1.220084,1.62206,0.915708,1.216545,0.807692,0.288462,0.153846,1.62206,0.90461,7.0,1.0,0.0,0.09358,0.0,1.0,0.0,1.0,0.0,0.410377,0.467902,0.752182,96.0,1.110148,0.623869,0.258763,3.849903,-8.677952,0.145675,1.0
SOLUSD_843_BEARISH_834_841,SOLUSD,1h,SHORT,2024-07-06T03:00:00+00:00,2024-07-05T18:00:00+00:00,2024-07-06T01:00:00+00:00,834,841,843,134.5385,135.977,132.07,1.4385,1.069211,32,internal|bos|brk841|form834,internal,135.977,134.059,-1.0,0,0.672576,1.552659,3,SL_HIT,2024-07-06T06:00:00+00:00,1.426351,1.087404,1.069211,0.815553,0.786236,0.437956,0.359228,1.087404,0.865161,9.0,2.0,0.0,0.039403,1.0,0.0,0.0,0.0,0.0,0.397304,0.253992,1.311703,95.5,1.398699,0.744401,0.244519,4.360885,0.119352,0.435146,0.0
BTCUSD_863_BEARISH_811_818,BTCUSD,1h,SHORT,2024-07-06T23:00:00+00:00,2024-07-04T19:00:00+00:00,2024-07-05T02:00:00+00:00,811,818,863,58278.375,58666.5,57613.02,388.125,0.665985,52,internal|bos|brk818|form811,internal,58666.5,58149.0,1.71428,1,1.814815,0.428019,5,TP_HIT,2024-07-07T04:00:00+00:00,0.888496,1.2109,0.665985,0.908175,0.815459,0.64058,0.181643,1.2109,3.308624,52.0,45.0,2.0,0.079264,1.0,0.0,0.0,0.0,1.0,0.544509,0.277279,0.733748,83.5,0.325367,0.890333,0.807401,2.992821,-0.432497,0.684011,0.0
ETHUSD_871_BULLISH_849_855,ETHUSD,1h,LONG,2024-07-07T07:00:00+00:00,2024-07-06T09:00:00+00:00,2024-07-06T15:00:00+00:00,849,855,871,3000.7,2984.95,3027.7,15.75,0.524878,66,internal|choch|brk855|form849,internal,3005.95,2984.95,1.714286,1,1.968254,0.0,3,TP_HIT,2024-07-07T10:00:00+00:00,0.699196,0.821802,0.524878,0.616352,0.880952,0.654762,0.283333,0.821802,0.283717,22.0,16.0,0.0,0.107617,0.0,1.0,0.0,0.0,1.0,0.347269,0.015653,0.850808,78.5,0.414631,1.535988,-2.054493,-1.535915,3.527972,1.142197,1.0
XRPUSD_877_BULLISH_842_846,XRPUSD,1h,LONG,2024-07-07T13:00:00+00:00,2024-07-06T02:00:00+00:00,2024-07-06T06:00:00+00:00,842,846,877,0.42725,0.4238,0.43,0.00345,0.80749,43,internal|bos|brk846|form842,internal,0.4284,0.4238,-1.0,0,0.0,1.492754,1,SL_HIT,2024-07-07T14:00:00+00:00,1.076275,1.460988,0.80749,1.095741,0.782609,0.608696,0.413043,1.460988,0.857536,35.0,31.0,0.0,0.047641,1.0,0.0,0.0,0.0,1.0,0.438235,0.095282,0.736676,83.0,0.572182,2.604369,-2.219172,-4.512958,2.420321,0.450824,1.0
BTCUSD_886_BULLISH_845_854,BTCUSD,1h,LONG,2024-07-07T22:00:00+00:00,2024-07-06T05:00:00+00:00,2024-07-06T14:00:00+00:00,845,854,886,56369.25,56017.5,56972.25,351.75,0.62401,56,internal|choch|brk854|form845,internal,56486.5,56017.5,-1.0,0,0.373134,1.8742,1,SL_HIT,2024-07-07T23:00:00+00:00,0.831789,1.103367,0.62401,0.827525,0.782516,0.633262,0.657783,1.103367,0.152919,41.0,32.0,1.0,0.035877,0.0,1.0,0.0,0.0,1.0,0.419289,0.459932,0.753864,76.0,0.421792,0.942214,-1.47565,-1.70923,0.058561,0.674585,1.0
BTCUSD_896_BEARISH_874_877,BTCUSD,1h,SHORT,2024-07-08T08:00:00+00:00,2024-07-07T10:00:00+00:00,2024-07-07T13:00:00+00:00,874,877,896,57597.125,57914.0,57053.91,316.875,0.550158,63,internal|choch|brk877|form874,internal,57914.0,57491.5,-1.0,0,0.756213,1.954635,1,SL_HIT,2024-07-08T09:00:00+00:00,0.73131,0.94913,0.550158,0.711848,0.333728,0.949112,0.515976,0.94913,1.067069,22.0,19.0,0.0,0.395096,0.0,1.0,0.0,0.0,0.0,0.768541,0.080873,0.770506,100.0,0.966576,4.848987,4.739027,0.950567,2.422593,0.947544,0.0
BTCUSD_936_BULLISH_927_934,BTCUSD,1h,LONG,2024-07-10T00:00:00+00:00,2024-07-09T15:00:00+00:00,2024-07-09T22:00:00+00:00,927,934,936,57350.625,56901.0,58121.41,449.625,0.783993,44,internal|bos|brk934|form927,internal,57500.5,56901.0,1.714284,1,1.919099,0.00695,3,TP_HIT,2024-07-10T03:00:00+00:00,1.042881,1.271355,0.783993,0.953516,0.974145,0.131776,0.658048,1.271355,0.269328,9.0,2.0,0.0,0.284968,1.0,0.0,0.0,0.0,1.0,0.762892,0.202526,0.820291,95.5,0.433288,1.307406,-0.650692,-0.182323,1.951778,0.314447,1.0
ETHUSD_937_BEARISH_930_936,ETHUSD,1h,SHORT,2024-07-10T01:00:00+00:00,2024-07-09T18:00:00+00:00,2024-07-10T00:00:00+00:00,930,936,937,3055.075,3080.05,3012.26,24.975,0.817492,42,internal|choch|brk936|form930,internal,3080.05,3046.75,-1.0,0,0.253253,1.066066,2,SL_HIT,2024-07-10T03:00:00+00:00,1.088805,1.168351,0.817492,0.876263,0.65015,0.645646,0.232733,1.168351,1.045551,7.0,1.0,0.0,0.11666,0.0,1.0,0.0,1.0,0.0,0.802716,0.433307,0.931916,96.0,0.495352,1.582361,-0.424881,-0.733528,4.35198,0.299905,0.0
BTCUSD_949_BULLISH_937_940,BTCUSD,1h,LONG,2024-07-10T13:00:00+00:00,2024-07-10T01:00:00+00:00,2024-07-10T04:00:00+00:00,937,940,949,57843.25,57347.5,58693.11,495.75,0.857058,40,internal|bos|brk940|form937,internal,58008.5,57347.5,-1.0,0,0.370651,1.373172,7,SL_HIT,2024-07-10T20:00:00+00:00,1.144351,1.389294,0.857058,1.041971,0.62708,0.816188,0.466717,1.389294,2.454911,12.0,9.0,1.0,0.170772,1.0,0.0,0.0,0.0,1.0,0.671555,0.052545,0.823692,100.0,0.622287,1.724533,-1.698434,-0.305494,1.055836,1.362048,1.0
XRPUSD_950_BULLISH_938_940,XRPUSD,1h,LONG,2024-07-10T14:00:00+00:00,2024-07-10T02:00:00+00:00,2024-07-10T04:00:00+00:00,938,940,950,0.4346,0.4322,0.44,0.0024,0.552232,63,internal|bos|brk940|form938,internal,0.4346,0.4322,-1.0,0,0.0,1.291667,1,SL_HIT,2024-07-10T15:00:00+00:00,0.554273,0.728912,0.552232,0.728912,0.333333,0.875,0.625,0.728912,1.123739,12.0,10.0,0.0,0.485941,1.0,0.0,0.0,0.0,0.0,0.651982,0.060743,0.760411,76.0,0.408469,1.214853,-1.4341,-0.710846,-1.836318,1.06502,1.0
SOLUSD_963_BULLISH_937_940,SOLUSD,1h,LONG,2024-07-11T03:00:00+00:00,2024-07-10T01:00:00+00:00,2024-07-10T04:00:00+00:00,937,940,963,140.1335,138.596,142.77,1.5375,1.097168,31,internal|bos|brk940|form937,internal,140.646,138.596,1.714797,1,1.811057,0.025691,5,TP_HIT,2024-07-11T08:00:00+00:00,1.460978,1.109397,1.097168,0.832047,0.839512,0.678049,0.561463,1.109397,1.624319,26.0,23.0,8.0,0.099305,1.0,0.0,0.0,0.0,1.0,0.680915,0.025976,1.316912,71.5,0.497824,1.376734,-0.983692,-1.222774,2.326311,0.547467,1.0
ETHUSD_965_BEARISH_961_963,ETHUSD,1h,SHORT,2024-07-11T05:00:00+00:00,2024-07-11T01:00:00+00:00,2024-07-11T03:00:00+00:00,961,963,965,3100.6625,3130.1,3050.2,29.4375,0.949394,36,internal|choch|brk963|form961,internal,3130.1,3090.85,-1.0,0,0.214437,1.030573,3,SL_HIT,2024-07-11T08:00:00+00:00,1.266926,1.404613,0.949394,1.05346,0.816561,0.247134,0.547771,1.404613,1.080747,4.0,2.0,0.0,0.093492,0.0,1.0,0.0,1.0,0.0,0.840463,0.121673,0.901975,71.0,0.388181,0.645943,-0.151479,-0.169175,1.126145,1.122895,0.0
ETHUSD_969_BEARISH_813_815,ETHUSD,1h,SHORT,2024-07-11T09:00:00+00:00,2024-07-04T21:00:00+00:00,2024-07-04T23:00:00+00:00,813,815,969,3147.525,3168.3,3111.91,20.775,0.660042,53,internal|bos|brk815|form813,internal,3168.3,3140.6,-1.0,0,0.995187,3.336943,3,SL_HIT,2024-07-11T12:00:00+00:00,0.881085,0.997081,0.660042,0.747811,0.882671,0.355596,0.740072,0.997081,2.282128,156.0,154.0,1.0,0.132284,1.0,0.0,0.0,0.0,0.0,0.979906,0.237572,0.883664,66.5,0.404492,0.953886,1.920833,1.326264,2.686504,1.060068,0.0
BTCUSD_974_BULLISH_963_970,BTCUSD,1h,LONG,2024-07-11T14:00:00+00:00,2024-07-11T03:00:00+00:00,2024-07-11T10:00:00+00:00,963,970,974,57733.75,57055.0,58897.32,678.75,1.175655,29,internal|bos|brk970|form963,internal,57960.0,57055.0,-1.0,0,0.559484,1.763904,11,SL_HIT,2024-07-12T01:00:00+00:00,1.566286,1.891664,1.175655,1.418748,0.801105,0.466851,0.345304,1.891664,0.362656,11.0,4.0,0.0,0.096673,1.0,0.0,0.0,0.0,1.0,0.640366,0.08988,0.827994,100.0,0.516043,2.379734,-0.874085,0.08661,0.752417,1.912454,1.0
SOLUSD_974_BULLISH_963_971,SOLUSD,1h,LONG,2024-07-11T14:00:00+00:00,2024-07-11T03:00:00+00:00,2024-07-11T11:00:00+00:00,963,971,974,141.164,139.256,144.43,1.908,1.351619,25,internal|bos|brk971|form963,internal,141.8,139.256,-1.0,0,0.0,1.778302,1,SL_HIT,2024-07-11T15:00:00+00:00,1.808154,1.397026,1.351619,1.04777,0.566038,0.728381,0.566509,1.397026,0.251509,11.0,3.0,0.0,0.257,1.0,0.0,0.0,0.0,0.0,0.701712,0.017573,1.294287,65.0,0.566717,1.328383,-1.31375,-0.907144,-0.205694,1.238045,1.0
SOLUSD_975_BULLISH_904_918,SOLUSD,1h,LONG,2024-07-11T15:00:00+00:00,2024-07-08T16:00:00+00:00,2024-07-09T06:00:00+00:00,904,918,975,137.76125,135.245,142.07,2.51625,1.82653,19,internal|bos|brk918|form904,internal,138.6,135.245,-1.0,0,0.487928,1.461003,10,SL_HIT,2024-07-12T01:00:00+00:00,2.423783,1.834606,1.82653,1.375954,0.946349,0.247094,0.29687,1.834606,0.77212,71.0,57.0,1.0,0.360223,1.0,0.0,0.0,0.0,0.0,0.576822,0.007656,1.321146,65.5,0.664716,1.840074,-3.198059,-2.134489,-1.55939,1.419837,1.0
ETHUSD_982_BULLISH_963_969,ETHUSD,1h,LONG,2024-07-11T22:00:00+00:00,2024-07-11T03:00:00+00:00,2024-07-11T09:00:00+00:00,963,969,982,3094.6,3055.0,3162.49,39.6,1.279648,27,internal|choch|brk969|form963,internal,3107.8,3055.0,-1.0,0,0.590909,1.151515,11,SL_HIT,2024-07-12T09:00:00+00:00,1.701716,1.872379,1.279648,1.404284,0.904356,0.329545,0.57197,1.872379,0.707461,19.0,13.0,5.0,0.289013,0.0,1.0,0.0,0.0,1.0,0.71103,0.28724,0.908852,75.5,0.576437,0.544337,-0.892772,-0.498669,1.019063,0.659241,1.0
ETHUSD_1045_BULLISH_1034_1040,ETHUSD,1h,LONG,2024-07-14T13:00:00+00:00,2024-07-14T02:00:00+00:00,2024-07-14T08:00:00+00:00,1034,1040,1045,3181.925,3163.7,3213.17,18.225,0.572766,61,internal|bos|brk1040|form1034,internal,3188.0,3163.7,1.714403,1,4.050754,0.462277,8,TP_HIT,2024-07-14T21:00:00+00:00,0.763167,0.942122,0.572766,0.706591,0.839506,0.197531,0.617284,0.942122,0.4982,11.0,5.0,0.0,0.084326,1.0,0.0,0.0,0.0,1.0,0.768648,0.500139,0.810051,14.0,0.391911,0.478815,-0.868618,-0.384808,3.719991,0.828303,1.0
XRPUSD_1060_BEARISH_1050_1055,XRPUSD,1h,SHORT,2024-07-15T04:00:00+00:00,2024-07-14T18:00:00+00:00,2024-07-14T23:00:00+00:00,1050,1055,1060,0.530525,0.5345,0.52,0.003975,0.749258,46,internal|choch|brk1055|form1050,internal,0.5345,0.5292,-1.0,0,1.012579,1.679245,6,SL_HIT,2024-07-15T10:00:00+00:00,1.001323,1.187536,0.749258,0.890652,0.981132,0.339623,0.358491,1.187536,1.34438,10.0,5.0,2.0,0.274478,0.0,1.0,0.0,0.0,0.0,0.717069,0.022406,0.843194,99.0,0.615301,0.873847,1.788462,-0.207391,9.066557,1.329752,0.0
XRPUSD_1071_BULLISH_1055_1066,XRPUSD,1h,LONG,2024-07-15T15:00:00+00:00,2024-07-14T23:00:00+00:00,2024-07-15T10:00:00+00:00,1055,1066,1071,0.52445,0.5198,0.53,0.00465,0.886643,39,internal|choch|brk1066|form1055,internal,0.526,0.5198,1.193548,1,2.032258,0.462366,1,TP_HIT,2024-07-15T16:00:00+00:00,1.183658,1.362879,0.886643,1.022159,0.645161,0.483871,0.967742,1.362879,1.055132,16.0,5.0,1.0,0.142882,0.0,1.0,0.0,0.0,1.0,0.669826,0.153873,0.868498,100.0,0.594345,1.560716,-2.257884,-0.209564,1.061161,0.984161,1.0
ETHUSD_1113_BEARISH_722_776,ETHUSD,1h,SHORT,2024-07-17T09:00:00+00:00,2024-07-01T02:00:00+00:00,2024-07-03T08:00:00+00:00,722,776,1113,3498.075,3522.3,3456.55,24.225,0.692524,50,internal|choch|brk776|form722,internal,3522.3,3490.0,1.714138,1,2.287926,0.0,2,TP_HIT,2024-07-17T11:00:00+00:00,0.924773,1.181196,0.692524,0.885897,0.914861,0.828173,0.55418,1.181196,0.647281,391.0,337.0,11.0,0.194733,0.0,1.0,0.0,1.0,0.0,0.938001,0.021942,0.782912,43.5,0.560232,0.725906,-0.092963,0.895501,4.080994,1.278536,0.0
ETHUSD_1119_BULLISH_1102_1108,ETHUSD,1h,LONG,2024-07-17T15:00:00+00:00,2024-07-16T22:00:00+00:00,2024-07-17T04:00:00+00:00,1102,1108,1119,3433.4875,3414.85,3465.44,18.6375,0.542815,64,internal|bos|brk1108|form1102,internal,3439.7,3414.85,-1.0,0,0.330651,3.028169,1,SL_HIT,2024-07-17T16:00:00+00:00,0.72273,0.907943,0.542815,0.680957,0.945674,0.275654,0.426559,0.907943,0.564496,17.0,11.0,0.0,0.177661,1.0,0.0,0.0,0.0,1.0,0.790514,0.052979,0.796009,49.0,0.453663,1.295234,-1.202517,-0.793456,2.429397,1.042119,1.0
ETHUSD_1129_BEARISH_1124_1127,ETHUSD,1h,SHORT,2024-07-18T01:00:00+00:00,2024-07-17T20:00:00+00:00,2024-07-17T23:00:00+00:00,1124,1127,1129,3413.15,3428.9,3386.15,15.75,0.461451,75,internal|bos|brk1127|form1124,internal,3428.9,3413.15,-1.0,0,1.196825,1.765079,1,SL_HIT,2024-07-18T02:00:00+00:00,0.460116,0.576602,0.461451,0.576602,0.371429,0.793651,0.171429,0.576602,0.269081,5.0,2.0,1.0,0.362436,1.0,0.0,0.0,0.0,1.0,0.748389,0.027457,0.797978,42.5,0.431374,0.615042,0.290055,-1.642147,-1.745196,0.327406,0.0
XRPUSD_1135_BULLISH_1103_1108,XRPUSD,1h,LONG,2024-07-18T07:00:00+00:00,2024-07-16T23:00:00+00:00,2024-07-17T04:00:00+00:00,1103,1108,1135,0.5779,0.5737,0.59,0.0042,0.726769,48,internal|bos|brk1108|form1103,internal,0.5793,0.5737,-1.0,0,0.547619,2.357143,1,SL_HIT,2024-07-18T08:00:00+00:00,0.966851,0.890152,0.726769,0.667614,0.982143,0.267857,0.464286,0.890152,3.608293,32.0,27.0,1.0,0.206642,1.0,0.0,0.0,0.0,1.0,0.521057,0.874256,1.086164,100.0,1.496504,1.986946,-4.090081,-5.359477,6.607767,0.3688,1.0
SOLUSD_1155_BEARISH_1113_1119,SOLUSD,1h,SHORT,2024-07-19T03:00:00+00:00,2024-07-17T09:00:00+00:00,2024-07-17T15:00:00+00:00,1113,1119,1155,162.12025,163.603,159.58,1.48275,0.914599,38,internal|choch|brk1119|form1113,internal,163.603,161.626,-1.0,0,0.947732,2.327264,3,SL_HIT,2024-07-19T06:00:00+00:00,1.222877,1.147315,0.914599,0.860486,0.978756,0.174507,0.786039,1.147315,1.055622,42.0,36.0,0.0,0.262455,0.0,1.0,0.0,0.0,1.0,0.876133,0.055131,1.06586,68.0,0.773003,1.87563,1.232944,0.561689,-0.179059,0.738022,0.0
ETHUSD_1159_BULLISH_1153_1158,ETHUSD,1h,LONG,2024-07-19T07:00:00+00:00,2024-07-19T01:00:00+00:00,2024-07-19T06:00:00+00:00,1153,1158,1159,3407.6125,3384.25,3447.66,23.3625,0.685597,51,internal|bos|brk1158|form1153,internal,3415.4,3384.25,-1.0,0,0.0,1.297485,1,SL_HIT,2024-07-19T08:00:00+00:00,0.918337,1.147113,0.685597,0.860335,0.248796,0.922953,0.401284,1.147113,0.649969,6.0,1.0,0.0,0.574937,1.0,0.0,0.0,0.0,0.0,0.360092,0.0,0.800564,45.0,0.603984,2.019876,-0.443192,-0.824513,-3.077407,0.887047,1.0
XRPUSD_1168_BEARISH_1139_1143,XRPUSD,1h,SHORT,2024-07-19T16:00:00+00:00,2024-07-18T11:00:00+00:00,2024-07-18T15:00:00+00:00,1139,1143,1168,0.5772,0.5838,0.57,0.0066,1.143451,30,internal|bos|brk1143|form1139,internal,0.5838,0.575,-1.0,0,0.636364,1.333333,1,SL_HIT,2024-07-19T17:00:00+00:00,1.520913,1.322054,1.143451,0.99154,0.590909,0.965909,0.340909,1.322054,1.637544,29.0,25.0,0.0,0.210327,1.0,0.0,0.0,0.0,1.0,0.489991,0.736143,1.150417,100.0,1.152677,3.199971,4.705031,4.818841,-4.788547,1.526421,0.0
SOLUSD_1176_BEARISH_156_160,SOLUSD,1h,SHORT,2024-07-20T00:00:00+00:00,2024-06-07T12:00:00+00:00,2024-06-07T16:00:00+00:00,156,160,1176,170.234375,172.754,165.92,2.519625,1.480092,23,internal|choch|brk160|form156,internal,172.754,169.3945,-1.0,0,1.161433,1.708836,17,SL_HIT,2024-07-20T17:00:00+00:00,1.983231,1.895476,1.480092,1.421607,0.999762,0.942253,0.270874,1.895476,0.762817,1020.0,1016.0,7.0,0.473418,0.0,1.0,0.0,1.0,0.0,0.840167,0.13953,1.046297,80.5,0.777447,0.737427,-0.525982,5.202057,8.684268,0.374952,0.0
SOLUSD_1193_BEARISH_112_162,SOLUSD,1h,SHORT,2024-07-20T17:00:00+00:00,2024-06-05T16:00:00+00:00,2024-06-07T18:00:00+00:00,112,162,1193,174.38,175.634,172.23,1.254,0.719119,48,internal|bos|brk162|form112,internal,175.634,173.962,1.714514,1,1.749601,0.175439,2,TP_HIT,2024-07-20T19:00:00+00:00,0.960544,0.955758,0.719119,0.716819,0.936603,0.345694,0.430024,0.955758,2.372247,1081.0,1031.0,0.0,0.178347,1.0,0.0,0.0,0.0,0.0,0.976435,0.124614,1.005007,79.0,0.663479,2.949018,3.382371,1.829286,11.285291,0.714931,0.0
ETHUSD_1199_BEARISH_500_548,ETHUSD,1h,SHORT,2024-07-20T23:00:00+00:00,2024-06-21T20:00:00+00:00,2024-06-23T20:00:00+00:00,500,548,1199,3525.6125,3548.0,3487.23,22.3875,0.634996,55,internal|bos|brk548|form500,internal,3548.0,3518.15,1.714461,1,1.867672,0.18258,7,TP_HIT,2024-07-21T06:00:00+00:00,0.848433,1.146266,0.634996,0.859699,0.99665,0.768844,0.474037,1.146266,1.653157,699.0,651.0,12.0,0.282726,1.0,0.0,0.0,1.0,0.0,0.868565,0.00192,0.740171,17.5,0.271546,0.320647,-0.370963,0.917892,2.812683,0.487455,0.0
XRPUSD_1205_BULLISH_1193_1204,XRPUSD,1h,LONG,2024-07-21T05:00:00+00:00,2024-07-20T17:00:00+00:00,2024-07-21T04:00:00+00:00,1193,1204,1205,0.59545,0.5884,0.61,0.00705,1.183979,29,internal|bos|brk1204|form1193,internal,0.5978,0.5884,-1.0,0,0.163121,1.156028,3,SL_HIT,2024-07-21T08:00:00+00:00,1.577711,1.395815,1.183979,1.046861,0.787234,0.212766,0.329787,1.395815,1.098833,12.0,1.0,0.0,0.051972,1.0,0.0,0.0,1.0,1.0,0.572755,0.074245,1.130315,90.5,0.49117,1.841288,0.658895,0.573937,7.17755,0.966281,1.0
ETHUSD_1206_BULLISH_1186_1193,ETHUSD,1h,LONG,2024-07-21T06:00:00+00:00,2024-07-20T10:00:00+00:00,2024-07-20T17:00:00+00:00,1186,1193,1206,3490.3,3480.55,3507.01,9.75,0.279346,100,internal|bos|brk1193|form1186,internal,3490.3,3480.55,-1.0,0,0.0,1.369231,1,SL_HIT,2024-07-21T07:00:00+00:00,0.279602,0.380268,0.279346,0.380268,0.671795,0.666667,0.528205,0.380268,1.064752,20.0,13.0,0.0,0.124806,1.0,0.0,0.0,0.0,1.0,0.689387,0.0078,0.735275,4.0,0.274895,0.791739,-0.827598,-0.452476,1.926225,0.685973,1.0
BTCUSD_1214_BEARISH_1201_1206,BTCUSD,1h,SHORT,2024-07-21T14:00:00+00:00,2024-07-21T01:00:00+00:00,2024-07-21T06:00:00+00:00,1201,1206,1214,67026.5,67425.5,66342.5,399.0,0.595287,58,internal|choch|brk1206|form1201,internal,67425.5,67026.5,-1.0,0,0.14411,1.190476,1,SL_HIT,2024-07-21T15:00:00+00:00,0.59307,0.884015,0.595287,0.884015,0.37218,0.948622,0.541353,0.884015,0.707876,13.0,8.0,1.0,0.555002,0.0,1.0,0.0,0.0,0.0,0.912661,0.079761,0.670883,4.0,0.275851,1.631771,0.457664,0.230923,4.44874,1.211889,0.0
ETHUSD_1214_BEARISH_1200_1206,ETHUSD,1h,SHORT,2024-07-21T14:00:00+00:00,2024-07-21T00:00:00+00:00,2024-07-21T06:00:00+00:00,1200,1206,1214,3510.5,3529.7,3477.59,19.2,0.546931,63,internal|choch|brk1206|form1200,internal,3529.7,3504.1,1.714063,1,3.122396,0.796875,3,TP_HIT,2024-07-21T17:00:00+00:00,0.729189,1.014463,0.546931,0.760847,0.740234,0.5,0.480469,1.014463,0.564691,14.0,8.0,3.0,0.009907,0.0,1.0,0.0,0.0,0.0,0.825424,0.041609,0.718793,1.5,0.244147,1.254209,0.271332,-0.213174,2.788757,1.014365,0.0
BTCUSD_1217_BULLISH_1189_1191,BTCUSD,1h,LONG,2024-07-21T17:00:00+00:00,2024-07-20T13:00:00+00:00,2024-07-20T15:00:00+00:00,1189,1191,1217,66649.5,66268.0,67303.5,381.5,0.572397,61,internal|bos|brk1191|form1189,internal,66649.5,66268.0,-1.0,0,1.823067,2.272608,1,SL_HIT,2024-07-21T18:00:00+00:00,0.572427,0.835025,0.572397,0.835025,0.990826,0.458716,0.153342,0.835025,0.531877,28.0,26.0,3.0,0.007661,1.0,0.0,0.0,0.0,1.0,0.760218,0.028454,0.685521,24.0,0.413731,2.731615,-0.407212,-0.93276,1.261092,1.873832,1.0
ETHUSD_1219_BEARISH_1216_1217,ETHUSD,1h,SHORT,2024-07-21T19:00:00+00:00,2024-07-21T16:00:00+00:00,2024-07-21T17:00:00+00:00,1216,1217,1219,3495.425,3520.7,3452.1,25.275,0.723088,48,internal|bos|brk1217|form1216,internal,3520.7,3487.0,-1.0,0,0.499505,1.124629,1,SL_HIT,2024-07-21T20:00:00+00:00,0.965367,1.305345,0.723088,0.979009,0.884273,0.318991,0.468843,1.305345,1.915409,3.0,2.0,0.0,0.175273,1.0,0.0,0.0,1.0,1.0,0.711245,0.038734,0.73955,16.0,0.428613,1.481586,-0.565406,-0.399441,-0.281368,2.310916,0.0
XRPUSD_1226_BEARISH_1205_1208,XRPUSD,1h,SHORT,2024-07-22T02:00:00+00:00,2024-07-21T05:00:00+00:00,2024-07-21T08:00:00+00:00,1205,1208,1226,0.5989,0.6082,0.58,0.0093,1.552847,22,internal|choch|brk1208|form1205,internal,0.6082,0.5958,-1.0,0,1.451613,1.602151,9,SL_HIT,2024-07-22T11:00:00+00:00,2.074272,1.820553,1.552847,1.365415,0.83871,0.556452,0.637097,1.820553,0.117455,21.0,18.0,6.0,0.161501,0.0,1.0,0.0,1.0,0.0,0.596473,0.0,1.139364,96.0,0.710969,1.01305,-0.050159,2.750086,2.926997,0.382073,0.0
ETHUSD_1230_BULLISH_1219_1222,ETHUSD,1h,LONG,2024-07-22T06:00:00+00:00,2024-07-21T19:00:00+00:00,2024-07-21T22:00:00+00:00,1219,1222,1230,3488.1875,3459.5,3537.37,28.6875,0.822419,42,internal|choch|brk1222|form1219,internal,3497.75,3459.5,-1.0,0,0.678431,1.533333,8,SL_HIT,2024-07-22T14:00:00+00:00,1.099723,1.478238,0.822419,1.108679,0.487582,0.997386,0.690196,1.478238,0.560378,11.0,8.0,1.0,0.387917,0.0,1.0,0.0,0.0,0.0,0.567699,0.017391,0.743941,21.0,0.49003,1.594179,-1.419967,-0.625705,-0.853738,0.793972,1.0
ETHUSD_1243_BEARISH_1236_1238,ETHUSD,1h,SHORT,2024-07-22T19:00:00+00:00,2024-07-22T12:00:00+00:00,2024-07-22T14:00:00+00:00,1236,1238,1243,3492.0,3507.65,3465.17,15.65,0.448167,78,internal|choch|brk1238|form1236,internal,3507.65,3492.0,1.714377,1,2.814696,0.514377,2,TP_HIT,2024-07-22T21:00:00+00:00,0.44745,0.607855,0.448167,0.607855,0.642173,0.453674,0.14377,0.607855,0.710783,7.0,5.0,0.0,0.217507,0.0,1.0,0.0,0.0,1.0,0.667264,0.001942,0.736112,14.5,0.397945,1.163276,1.423807,-0.516248,-0.806852,0.922764,0.0
XRPUSD_1243_BULLISH_1237_1242,XRPUSD,1h,LONG,2024-07-22T19:00:00+00:00,2024-07-22T13:00:00+00:00,2024-07-22T18:00:00+00:00,1237,1242,1243,0.615,0.6051,0.63,0.0099,1.609756,21,internal|bos|brk1242|form1237,internal,0.6183,0.6051,-1.0,0,0.606061,1.525253,4,SL_HIT,2024-07-22T23:00:00+00:00,2.13696,1.891589,1.609756,1.418692,0.954545,0.045455,0.893939,1.891589,0.816823,6.0,1.0,0.0,0.386916,1.0,0.0,0.0,1.0,1.0,0.935913,0.143302,1.129717,99.5,0.873432,0.702181,1.146226,3.710544,4.305978,1.177423,1.0
ETHUSD_1261_BULLISH_1253_1256,ETHUSD,1h,LONG,2024-07-23T13:00:00+00:00,2024-07-23T05:00:00+00:00,2024-07-23T08:00:00+00:00,1253,1256,1261,3451.2875,3425.15,3496.09,26.1375,0.757326,46,internal|choch|brk1256|form1253,internal,3460.0,3425.15,1.714108,1,1.754663,0.477762,1,TP_HIT,2024-07-23T14:00:00+00:00,1.013052,1.31099,0.757326,0.983243,0.428981,0.87231,0.443329,1.31099,2.548625,8.0,5.0,0.0,0.420852,0.0,1.0,0.0,0.0,0.0,0.321518,0.011285,0.772738,50.0,0.726262,3.174966,-2.300417,-0.185696,-1.683338,2.035227,1.0
XRPUSD_1261_BULLISH_1230_1235,XRPUSD,1h,LONG,2024-07-23T13:00:00+00:00,2024-07-22T06:00:00+00:00,2024-07-22T11:00:00+00:00,1230,1235,1261,0.59215,0.5854,0.6,0.00675,1.139914,30,internal|choch|brk1235|form1230,internal,0.5944,0.5854,1.162963,1,1.651852,0.155556,1,TP_HIT,2024-07-23T14:00:00+00:00,1.522843,1.284615,1.139914,0.963461,0.622222,0.777778,0.166667,1.284615,1.398803,31.0,26.0,2.0,0.164145,0.0,1.0,0.0,0.0,1.0,0.60928,0.28547,1.185447,100.0,0.595619,1.441624,-1.549225,-2.700033,1.581299,0.992536,1.0
ETHUSD_1264_BULLISH_1144_1171,ETHUSD,1h,LONG,2024-07-23T16:00:00+00:00,2024-07-18T16:00:00+00:00,2024-07-19T19:00:00+00:00,1144,1171,1264,3407.375,3367.25,3476.16,40.125,1.177593,29,internal|bos|brk1171|form1144,internal,3420.75,3367.25,1.714268,1,2.227414,0.449221,3,TP_HIT,2024-07-23T19:00:00+00:00,1.571911,1.976705,1.177593,1.482529,0.67757,0.324299,0.580374,1.976705,0.574538,120.0,93.0,1.0,0.143173,1.0,0.0,0.0,0.0,0.0,0.040699,0.147791,0.795218,59.5,0.862639,2.434858,-3.213422,-2.269888,-3.054903,1.929435,1.0
SOLUSD_1283_BEARISH_1258_1264,SOLUSD,1h,SHORT,2024-07-24T11:00:00+00:00,2024-07-23T10:00:00+00:00,2024-07-23T16:00:00+00:00,1258,1264,1283,177.62525,178.706,175.77,1.08075,0.608444,57,internal|bos|brk1264|form1258,internal,178.706,177.265,-1.0,0,1.286375,1.290539,2,SL_HIT,2024-07-24T13:00:00+00:00,0.809801,0.760354,0.608444,0.570266,0.528105,0.870229,0.399722,0.760354,2.493181,25.0,19.0,2.0,0.168718,1.0,0.0,0.0,0.0,1.0,0.598223,0.401547,1.065031,90.5,0.888303,0.559317,2.341939,2.331934,-0.54716,0.824902,0.0
BTCUSD_1290_BULLISH_1274_1280,BTCUSD,1h,LONG,2024-07-24T18:00:00+00:00,2024-07-24T02:00:00+00:00,2024-07-24T08:00:00+00:00,1274,1280,1290,65825.75,65486.0,66408.18,339.75,0.516135,67,internal|choch|brk1280|form1274,internal,65939.0,65486.0,-1.0,0,0.844003,2.058131,3,SL_HIT,2024-07-24T21:00:00+00:00,0.688848,0.966116,0.516135,0.724587,0.609272,0.507726,0.46468,0.966116,0.776305,16.0,10.0,0.0,0.13596,0.0,1.0,0.0,0.0,0.0,0.10338,0.044787,0.713008,44.0,0.432972,2.021805,-0.875752,-0.442063,-1.915103,1.679989,1.0
BTCUSD_1338_BEARISH_1243_1253,BTCUSD,1h,SHORT,2024-07-26T18:00:00+00:00,2024-07-22T19:00:00+00:00,2024-07-23T05:00:00+00:00,1243,1253,1338,67588.875,68250.0,66455.52,661.125,0.978157,35,internal|choch|brk1253|form1243,internal,68250.0,67368.5,-1.0,0,0.285687,1.080923,13,SL_HIT,2024-07-27T07:00:00+00:00,1.304583,1.856895,0.978157,1.392671,0.77198,0.717527,0.880885,1.856895,1.063791,95.0,85.0,10.0,0.040814,0.0,1.0,0.0,1.0,0.0,0.857278,0.008426,0.702561,67.0,0.406051,0.576132,-0.469155,0.788324,1.758996,1.404743,0.0
ETHUSD_1344_BULLISH_1334_1342,ETHUSD,1h,LONG,2024-07-27T00:00:00+00:00,2024-07-26T14:00:00+00:00,2024-07-26T22:00:00+00:00,1334,1342,1344,3258.6625,3220.45,3324.17,38.2125,1.172644,29,internal|bos|brk1342|form1334,internal,3271.4,3220.45,1.714295,1,1.830226,0.405954,13,TP_HIT,2024-07-27T13:00:00+00:00,1.563147,1.811338,1.172644,1.358504,0.765456,0.26104,0.157017,1.811338,0.444391,10.0,2.0,0.0,0.027997,1.0,0.0,0.0,0.0,0.0,0.378191,0.494163,0.862979,82.5,0.332971,0.584819,-0.445931,0.266088,-2.190581,0.374238,1.0
BTCUSD_1354_BULLISH_1341_1353,BTCUSD,1h,LONG,2024-07-27T10:00:00+00:00,2024-07-26T21:00:00+00:00,2024-07-27T09:00:00+00:00,1341,1353,1354,68024.375,67427.0,69048.45,597.375,0.878178,39,internal|bos|brk1353|form1341,internal,68223.5,67427.0,1.714292,1,2.294413,0.016531,3,TP_HIT,2024-07-27T13:00:00+00:00,1.168737,1.723846,0.878178,1.292884,0.908349,0.187068,0.638418,1.723846,0.511851,13.0,1.0,0.0,0.272969,1.0,0.0,0.0,1.0,1.0,0.968267,0.157992,0.677982,9.0,0.351163,0.428527,0.383709,0.244911,5.8994,1.101654,1.0
SOLUSD_1359_BULLISH_1334_1350,SOLUSD,1h,LONG,2024-07-27T15:00:00+00:00,2024-07-26T14:00:00+00:00,2024-07-27T06:00:00+00:00,1334,1350,1359,182.109,179.166,187.15,2.943,1.616065,21,internal|bos|brk1350|form1334,internal,183.09,179.166,-1.0,0,0.444444,1.33945,5,SL_HIT,2024-07-27T20:00:00+00:00,2.150125,1.955243,1.616065,1.466432,0.849898,0.393731,0.477829,1.955243,0.542226,25.0,9.0,0.0,0.195325,1.0,0.0,0.0,0.0,1.0,0.742244,0.050326,1.099672,75.0,0.715692,1.960724,-1.556743,-0.009862,8.575967,1.849847,1.0
ETHUSD_1362_BULLISH_1347_1356,ETHUSD,1h,LONG,2024-07-27T18:00:00+00:00,2024-07-27T03:00:00+00:00,2024-07-27T12:00:00+00:00,1347,1356,1362,3260.6,3243.15,3290.51,17.45,0.535178,65,internal|bos|brk1356|form1347,internal,3260.6,3243.15,-1.0,0,0.137536,1.868195,1,SL_HIT,2024-07-27T19:00:00+00:00,0.536758,0.634718,0.535178,0.634718,0.449857,0.911175,0.876791,0.634718,0.332818,15.0,6.0,1.0,0.349186,1.0,0.0,0.0,0.0,1.0,0.395881,0.198236,0.845663,70.5,0.40266,1.073019,-2.041431,0.175639,3.049322,1.749972,1.0
XRPUSD_1373_BEARISH_1357_1362,XRPUSD,1h,SHORT,2024-07-28T05:00:00+00:00,2024-07-27T13:00:00+00:00,2024-07-27T18:00:00+00:00,1357,1362,1373,0.603625,0.6094,0.59,0.005775,0.95672,36,internal|choch|brk1362|form1357,internal,0.6094,0.6017,-1.0,0,0.662338,1.034632,3,SL_HIT,2024-07-28T08:00:00+00:00,1.275679,1.096419,0.95672,0.822314,0.753247,0.376623,0.519481,1.096419,0.384458,16.0,11.0,2.0,0.00356,0.0,1.0,0.0,0.0,1.0,0.406504,0.071196,1.163497,45.5,0.49214,1.224571,1.616162,0.199203,-0.231405,0.554239,0.0
BTCUSD_1402_BEARISH_279_328,BTCUSD,1h,SHORT,2024-07-29T10:00:00+00:00,2024-06-12T15:00:00+00:00,2024-06-14T16:00:00+00:00,279,328,1402,69685.75,70024.0,69105.89,338.25,0.485393,72,internal|bos|brk328|form279,internal,70024.0,69573.0,-1.0,0,1.752402,1.205469,3,SL_HIT,2024-07-29T13:00:00+00:00,0.647788,0.979498,0.485393,0.734624,0.892461,0.661863,0.48337,0.979498,2.379247,1123.0,1074.0,7.0,0.13954,1.0,0.0,0.0,1.0,0.0,0.960873,0.059725,0.661347,8.5,0.401476,0.782947,-0.046659,2.2102,2.399618,0.835435,0.0
SOLUSD_1413_BULLISH_1390_1392,SOLUSD,1h,LONG,2024-07-29T21:00:00+00:00,2024-07-28T22:00:00+00:00,2024-07-29T00:00:00+00:00,1390,1392,1413,183.8345,182.603,185.95,1.2315,0.669896,52,internal|bos|brk1392|form1390,internal,184.245,182.603,-1.0,0,1.101502,1.867235,2,SL_HIT,2024-07-29T23:00:00+00:00,0.89343,0.821863,0.669896,0.616398,0.720463,0.758222,0.412302,0.821863,1.447521,23.0,21.0,0.0,0.024276,1.0,0.0,0.0,0.0,1.0,0.643176,0.145152,1.087079,55.5,0.889955,1.328396,-0.534707,-4.622874,1.308065,1.040602,1.0
BTCUSD_1429_BULLISH_1418_1423,BTCUSD,1h,LONG,2024-07-30T13:00:00+00:00,2024-07-30T02:00:00+00:00,2024-07-30T07:00:00+00:00,1418,1423,1429,66336.875,65940.5,67016.38,396.375,0.597518,58,internal|choch|brk1423|form1418,internal,66469.0,65940.5,-1.0,0,0.296752,1.742983,1,SL_HIT,2024-07-30T14:00:00+00:00,0.79612,1.119114,0.597518,0.839336,0.840114,0.459792,0.448439,1.119114,0.379038,11.0,6.0,3.0,0.100847,0.0,1.0,0.0,0.0,0.0,0.126369,0.032822,0.711384,61.0,0.355616,1.303339,-0.590755,-1.219421,-2.126734,1.008904,1.0
ETHUSD_1430_BULLISH_1418_1423,ETHUSD,1h,LONG,2024-07-30T14:00:00+00:00,2024-07-30T02:00:00+00:00,2024-07-30T07:00:00+00:00,1418,1423,1430,3307.5375,3284.7,3346.69,22.8375,0.690468,50,internal|bos|brk1423|form1418,internal,3315.15,3284.7,-1.0,0,0.902573,1.304324,4,SL_HIT,2024-07-30T18:00:00+00:00,0.922322,1.139022,0.690468,0.854267,0.550082,0.669951,0.251232,1.139022,0.47506,12.0,7.0,0.0,0.227711,1.0,0.0,0.0,0.0,1.0,0.534884,0.23753,0.809749,29.5,0.467806,1.464457,-1.053468,-0.479298,0.923194,1.357105,1.0
SOLUSD_1441_BEARISH_1421_1433,SOLUSD,1h,SHORT,2024-07-31T01:00:00+00:00,2024-07-30T05:00:00+00:00,2024-07-30T17:00:00+00:00,1421,1433,1441,182.3015,184.844,177.94,2.5425,1.394668,25,internal|bos|brk1433|form1421,internal,184.844,181.454,1.715438,1,2.787611,0.899312,18,TP_HIT,2024-07-31T19:00:00+00:00,1.867882,1.689802,1.394668,1.267351,0.989676,0.017699,0.556342,1.689802,1.331404,20.0,8.0,0.0,0.405004,1.0,0.0,0.0,0.0,1.0,0.329523,0.116641,1.105385,55.5,0.607261,0.854372,0.900095,0.291221,-1.829384,0.590773,0.0
ETHUSD_1453_BEARISH_1429_1434,ETHUSD,1h,SHORT,2024-07-31T13:00:00+00:00,2024-07-30T13:00:00+00:00,2024-07-30T18:00:00+00:00,1429,1434,1453,3337.7875,3366.7,3288.22,28.9125,0.866218,40,internal|choch|brk1434|form1429,internal,3366.7,3328.15,1.714397,1,1.848249,0.111111,3,TP_HIT,2024-07-31T16:00:00+00:00,1.157275,1.462135,0.866218,1.096602,0.923476,0.566796,0.629053,1.462135,0.424797,24.0,19.0,2.0,0.253645,0.0,1.0,0.0,0.0,1.0,0.678537,0.077753,0.791497,4.5,0.355156,1.287665,0.347939,1.762693,-1.310975,1.228633,0.0
XRPUSD_1460_BULLISH_1436_1441,XRPUSD,1h,LONG,2024-07-31T20:00:00+00:00,2024-07-30T20:00:00+00:00,2024-07-31T01:00:00+00:00,1436,1441,1460,0.62665,0.6193,0.64,0.00735,1.172904,29,internal|bos|brk1441|form1436,internal,0.6291,0.6193,-1.0,0,1.14966,2.129252,6,SL_HIT,2024-08-01T02:00:00+00:00,1.57001,1.386301,1.172904,1.039726,0.5,0.714286,0.418367,1.386301,1.853117,24.0,19.0,0.0,0.346575,1.0,0.0,0.0,0.0,1.0,0.544236,0.169751,1.132517,53.0,1.01275,1.358009,-4.263804,-2.893591,3.344371,0.973951,1.0
BTCUSD_1465_BULLISH_1309_1357,BTCUSD,1h,LONG,2024-08-01T01:00:00+00:00,2024-07-25T13:00:00+00:00,2024-07-27T13:00:00+00:00,1309,1357,1465,64216.0,63760.0,64997.71,456.0,0.710103,49,internal|bos|brk1357|form1309,internal,64368.0,63760.0,-1.0,0,0.101974,1.02193,2,SL_HIT,2024-08-01T03:00:00+00:00,0.947077,1.266841,0.710103,0.950131,0.719572,0.422697,0.134868,1.266841,1.722112,156.0,108.0,1.0,0.038547,1.0,0.0,0.0,0.0,0.0,0.014459,0.037505,0.74759,98.0,0.559329,1.496039,-0.586131,-2.718532,-3.863577,0.488668,1.0
XRPUSD_1477_BULLISH_1474_1476,XRPUSD,1h,LONG,2024-08-01T13:00:00+00:00,2024-08-01T10:00:00+00:00,2024-08-01T12:00:00+00:00,1474,1476,1477,0.607925,0.6017,0.62,0.006225,1.023975,34,internal|choch|brk1476|form1474,internal,0.61,0.6017,-1.0,0,0.0,2.269076,1,SL_HIT,2024-08-01T14:00:00+00:00,1.366705,1.158321,1.023975,0.868741,0.674699,0.60241,0.783133,1.158321,0.474493,3.0,1.0,0.0,0.087223,0.0,1.0,0.0,0.0,0.0,0.234586,0.125601,1.179902,66.0,1.008545,1.102498,-0.164393,-4.241564,-3.603175,0.818825,1.0
XRPUSD_1478_BULLISH_1368_1373,XRPUSD,1h,LONG,2024-08-01T14:00:00+00:00,2024-07-28T00:00:00+00:00,2024-07-28T05:00:00+00:00,1368,1373,1478,0.594825,0.5913,0.6,0.003525,0.592611,59,internal|choch|brk1373|form1368,internal,0.596,0.5913,-1.0,0,0.0,3.35461,1,SL_HIT,2024-08-01T15:00:00+00:00,0.791113,0.652985,0.592611,0.489739,0.595745,0.914894,0.297872,0.652985,0.541838,110.0,105.0,4.0,0.100726,0.0,1.0,0.0,0.0,0.0,0.03609,0.0,1.211533,71.5,1.06583,1.889488,-1.508621,-4.592902,-4.989605,1.223195,1.0
XRPUSD_1479_BULLISH_1265_1281,XRPUSD,1h,LONG,2024-08-01T15:00:00+00:00,2024-07-23T17:00:00+00:00,2024-07-24T09:00:00+00:00,1265,1281,1479,0.587775,0.5805,0.6,0.007275,1.237719,28,internal|choch|brk1281|form1265,internal,0.5902,0.5805,-1.0,0,0.127148,1.494845,1,SL_HIT,2024-08-01T16:00:00+00:00,1.654725,1.343355,1.237719,1.007516,0.587629,0.742268,0.57732,1.343355,1.024827,214.0,198.0,6.0,0.218122,0.0,1.0,0.0,0.0,0.0,0.042553,0.013849,1.231786,73.5,1.058734,1.634184,-3.791236,-6.700621,-5.268261,1.525638,1.0
BTCUSD_1484_BEARISH_1477_1479,BTCUSD,1h,SHORT,2024-08-01T20:00:00+00:00,2024-08-01T13:00:00+00:00,2024-08-01T15:00:00+00:00,1477,1479,1484,64585.25,64953.5,63953.96,368.25,0.570177,61,internal|bos|brk1479|form1477,internal,64953.5,64462.5,-1.0,0,0.0,2.135098,1,SL_HIT,2024-08-01T21:00:00+00:00,0.758067,1.007041,0.570177,0.755281,0.373727,0.687373,0.236253,1.007041,2.128938,7.0,5.0,0.0,0.378922,1.0,0.0,0.0,0.0,1.0,0.317456,0.043071,0.752767,100.0,0.753234,2.980103,2.962333,0.756804,-1.604229,1.659655,0.0
XRPUSD_1527_BULLISH_1513_1517,XRPUSD,1h,LONG,2024-08-03T15:00:00+00:00,2024-08-03T01:00:00+00:00,2024-08-03T05:00:00+00:00,1513,1517,1527,0.5546,0.5435,0.57,0.0111,2.001442,17,internal|choch|brk1517|form1513,internal,0.5583,0.5435,-1.0,0,1.072072,1.108108,4,SL_HIT,2024-08-03T19:00:00+00:00,2.656615,1.96411,2.001442,1.473083,0.918919,0.175676,0.283784,1.96411,0.703364,14.0,10.0,0.0,0.331775,0.0,1.0,0.0,0.0,0.0,0.11857,0.039813,1.352579,94.0,0.875578,1.672148,-1.901743,0.905633,-8.266096,1.500785,1.0
SOLUSD_1589_BEARISH_1556_1561,SOLUSD,1h,SHORT,2024-08-06T05:00:00+00:00,2024-08-04T20:00:00+00:00,2024-08-05T01:00:00+00:00,1556,1561,1589,141.907,143.809,138.65,1.902,1.340314,26,internal|bos|brk1561|form1556,internal,143.809,141.273,-1.0,0,0.253417,1.083596,1,SL_HIT,2024-08-06T06:00:00+00:00,1.772819,0.904682,1.340314,0.678511,0.299685,0.809543,0.27918,0.904682,0.124144,33.0,28.0,0.0,0.407392,1.0,0.0,0.0,0.0,1.0,0.576901,0.006065,1.959605,100.0,3.240517,1.421592,3.102837,10.665078,-0.923931,0.515823,0.0
BTCUSD_1619_BULLISH_1610_1616,BTCUSD,1h,LONG,2024-08-07T11:00:00+00:00,2024-08-07T02:00:00+00:00,2024-08-07T08:00:00+00:00,1610,1616,1619,57075.25,56480.5,58094.82,594.75,1.042045,33,internal|bos|brk1616|form1610,internal,57273.5,56480.5,-1.0,0,0.680538,2.410677,3,SL_HIT,2024-08-07T14:00:00+00:00,1.392156,1.187726,1.042045,0.890794,0.607188,0.513871,0.269231,1.187726,0.627563,9.0,3.0,2.0,0.169622,1.0,0.0,0.0,1.0,1.0,0.604239,0.042686,1.172119,88.0,0.471031,0.765357,0.244619,0.754393,8.205347,0.741769,1.0
BTCUSD_1622_BULLISH_1608_1612,BTCUSD,1h,LONG,2024-08-07T14:00:00+00:00,2024-08-07T00:00:00+00:00,2024-08-07T04:00:00+00:00,1608,1612,1622,56162.0,55553.0,57206.0,609.0,1.084363,32,internal|bos|brk1612|form1608,internal,56365.0,55553.0,-1.0,0,0.391626,1.218391,3,SL_HIT,2024-08-07T17:00:00+00:00,1.447802,1.210481,1.084363,0.907861,0.655172,0.89101,0.339901,1.210481,0.336162,14.0,10.0,0.0,0.114787,1.0,0.0,0.0,0.0,1.0,0.53785,0.100625,1.196055,92.0,0.559669,2.011754,-2.195522,0.11603,12.563974,1.33912,1.0
ETHUSD_1622_BULLISH_1579_1584,ETHUSD,1h,LONG,2024-08-07T14:00:00+00:00,2024-08-05T19:00:00+00:00,2024-08-06T00:00:00+00:00,1579,1584,1622,2400.3625,2364.1,2462.53,36.2625,1.510709,23,internal|bos|brk1584|form1579,internal,2412.45,2364.1,-1.0,0,0.6091,1.252327,3,SL_HIT,2024-08-07T17:00:00+00:00,2.023055,1.252634,1.510709,0.939475,0.534643,0.984488,0.611169,1.252634,3.00658,43.0,38.0,0.0,0.269763,1.0,0.0,0.0,0.0,1.0,0.292999,0.558309,1.615041,98.5,0.789691,2.336868,-5.05522,-2.959985,7.283297,1.637916,1.0
BTCUSD_1626_BULLISH_1597_1599,BTCUSD,1h,LONG,2024-08-07T18:00:00+00:00,2024-08-06T13:00:00+00:00,2024-08-06T15:00:00+00:00,1597,1599,1626,55157.0,54399.5,56455.57,757.5,1.373352,25,internal|bos|brk1599|form1597,internal,55409.5,54399.5,1.714284,1,3.023762,0.805281,7,TP_HIT,2024-08-08T01:00:00+00:00,1.842898,1.502704,1.373352,1.127028,0.401485,0.731188,0.422772,1.502704,0.420311,29.0,27.0,0.0,0.523715,1.0,0.0,0.0,0.0,1.0,0.444266,0.603313,1.226388,95.0,0.650255,1.426081,-3.570894,-3.597186,1.425002,1.60045,1.0
XRPUSD_1627_BEARISH_1556_1560,XRPUSD,1h,SHORT,2024-08-07T19:00:00+00:00,2024-08-04T20:00:00+00:00,2024-08-05T00:00:00+00:00,1556,1560,1627,0.532275,0.54,0.52,0.007725,1.451317,24,internal|bos|brk1560|form1556,internal,0.54,0.5297,-1.0,0,2.456311,13.466019,1,SL_HIT,2024-08-07T20:00:00+00:00,1.921283,1.199938,1.451317,0.899954,0.378641,0.757282,0.097087,1.199938,2.947421,71.0,67.0,0.0,0.445608,1.0,0.0,0.0,0.0,0.0,0.77381,0.186398,1.601152,83.0,1.756512,4.322107,7.542628,4.097087,9.252089,0.900607,0.0
XRPUSD_1652_BULLISH_1645_1650,XRPUSD,1h,LONG,2024-08-08T20:00:00+00:00,2024-08-08T13:00:00+00:00,2024-08-08T18:00:00+00:00,1645,1650,1652,0.612625,0.6001,0.63,0.012525,2.044481,17,internal|bos|brk1650|form1645,internal,0.6168,0.6001,-1.0,0,0.94012,1.191617,9,SL_HIT,2024-08-09T05:00:00+00:00,2.726976,1.673323,2.044481,1.254993,0.736527,0.299401,0.694611,1.673323,0.430856,7.0,2.0,0.0,0.022545,1.0,0.0,0.0,0.0,1.0,0.858163,0.01002,1.629677,100.0,1.458971,1.102189,-0.081579,1.039432,19.097627,2.079503,1.0
SOLUSD_1660_BULLISH_1651_1655,SOLUSD,1h,LONG,2024-08-09T04:00:00+00:00,2024-08-08T19:00:00+00:00,2024-08-08T23:00:00+00:00,1651,1655,1660,156.68275,155.131,159.34,1.55175,0.990377,35,internal|bos|brk1655|form1651,internal,157.2,155.131,1.712421,1,1.887063,0.599162,4,TP_HIT,2024-08-09T08:00:00+00:00,1.32522,0.714871,0.990377,0.536153,0.480425,0.531658,0.497825,0.714871,0.467482,9.0,5.0,0.0,0.192711,1.0,0.0,0.0,0.0,1.0,0.861371,0.135096,1.85379,92.0,1.375872,1.049329,-4.365057,1.509723,4.511132,0.658473,1.0
SOLUSD_1670_BULLISH_1636_1646,SOLUSD,1h,LONG,2024-08-09T14:00:00+00:00,2024-08-08T04:00:00+00:00,2024-08-08T14:00:00+00:00,1636,1646,1670,153.6595,151.597,157.2,2.0625,1.342253,26,internal|choch|brk1646|form1636,internal,154.347,151.597,-1.0,0,0.344485,1.214788,1,SL_HIT,2024-08-09T15:00:00+00:00,1.789491,0.958169,1.342253,0.718626,0.755636,0.984,0.532,0.958169,1.755016,34.0,24.0,1.0,0.005401,0.0,1.0,0.0,0.0,1.0,0.814497,0.042159,1.867616,84.5,1.092902,1.969298,-2.357897,-5.865814,0.307433,1.285546,1.0
XRPUSD_1698_BULLISH_1683_1692,XRPUSD,1h,LONG,2024-08-10T18:00:00+00:00,2024-08-10T03:00:00+00:00,2024-08-10T12:00:00+00:00,1683,1692,1698,0.591175,0.5824,0.61,0.008775,1.484332,23,internal|bos|brk1692|form1683,internal,0.5941,0.5824,-1.0,0,0.492877,1.034188,5,SL_HIT,2024-08-10T23:00:00+00:00,1.970692,1.235681,1.484332,0.926761,0.965812,0.529915,0.470085,1.235681,1.288488,15.0,6.0,2.0,0.266675,1.0,0.0,0.0,0.0,0.0,0.676019,0.042246,1.594823,66.0,0.644119,0.897717,-0.084147,0.746649,-3.713915,1.294875,1.0
SOLUSD_1708_BULLISH_1699_1707,SOLUSD,1h,LONG,2024-08-11T04:00:00+00:00,2024-08-10T19:00:00+00:00,2024-08-11T03:00:00+00:00,1699,1707,1708,154.843,153.577,157.01,1.266,0.817602,42,internal|choch|brk1707|form1699,internal,155.265,153.577,1.71169,1,1.848341,0.035545,4,TP_HIT,2024-08-11T08:00:00+00:00,1.089686,0.635925,0.817602,0.476944,0.787915,0.249408,0.252962,0.635925,0.296112,9.0,1.0,0.0,0.024111,0.0,1.0,0.0,1.0,0.0,0.605985,0.001507,1.713545,32.5,0.409468,0.418927,0.592227,1.270896,-2.195915,0.60433,1.0
ETHUSD_1712_BEARISH_1660_1666,ETHUSD,1h,SHORT,2024-08-11T08:00:00+00:00,2024-08-09T04:00:00+00:00,2024-08-09T10:00:00+00:00,1660,1666,1712,2671.3,2707.45,2609.33,36.15,1.353274,25,internal|choch|brk1666|form1660,internal,2707.45,2659.25,-1.0,0,0.0,1.390041,1,SL_HIT,2024-08-11T09:00:00+00:00,1.794791,1.339812,1.353274,1.004859,0.454357,0.798755,0.674274,1.339812,0.665736,52.0,46.0,2.0,0.396106,0.0,1.0,0.0,0.0,1.0,0.906468,0.608753,1.339584,31.0,0.444087,0.779704,1.48512,2.859167,-0.109727,0.849753,0.0
BTCUSD_1713_BULLISH_1698_1712,BTCUSD,1h,LONG,2024-08-11T09:00:00+00:00,2024-08-10T18:00:00+00:00,2024-08-11T08:00:00+00:00,1698,1712,1713,61079.75,60722.0,61693.04,357.75,0.58571,59,internal|bos|brk1712|form1698,internal,61199.0,60722.0,-1.0,0,0.526205,1.865129,2,SL_HIT,2024-08-11T11:00:00+00:00,0.780643,0.759608,0.58571,0.569706,0.79979,0.414046,0.397275,0.759608,0.101918,15.0,1.0,0.0,0.037821,1.0,0.0,0.0,1.0,1.0,0.798599,0.00637,1.027691,31.0,0.19455,1.318565,0.355577,0.246089,0.38278,0.834166,1.0
ETHUSD_1755_BULLISH_1746_1753,ETHUSD,1h,LONG,2024-08-13T03:00:00+00:00,2024-08-12T18:00:00+00:00,2024-08-13T01:00:00+00:00,1746,1753,1755,2663.95,2628.1,2725.41,35.85,1.345746,26,internal|choch|brk1753|form1746,internal,2675.9,2628.1,-1.0,0,0.001395,1.013947,6,SL_HIT,2024-08-13T09:00:00+00:00,1.799496,1.292328,1.345746,0.969246,0.589958,0.551255,0.493724,1.292328,0.343359,9.0,2.0,0.0,0.206827,0.0,1.0,0.0,0.0,1.0,0.611848,0.274417,1.392445,37.5,1.304509,1.796552,-1.483514,-1.043102,1.021126,0.385536,1.0
XRPUSD_1771_BULLISH_1762_1768,XRPUSD,1h,LONG,2024-08-13T19:00:00+00:00,2024-08-13T10:00:00+00:00,2024-08-13T16:00:00+00:00,1762,1768,1771,0.57575,0.5654,0.59,0.01035,1.797655,19,internal|bos|brk1768|form1762,internal,0.5792,0.5654,-1.0,0,0.681159,1.115942,19,SL_HIT,2024-08-14T14:00:00+00:00,2.386305,1.601969,1.797655,1.201477,0.934783,0.173913,0.536232,1.601969,0.626858,9.0,3.0,2.0,0.296016,1.0,0.0,0.0,1.0,1.0,0.579505,0.092868,1.489607,15.5,0.58391,0.603641,0.872144,2.010937,1.45614,1.302024,1.0
BTCUSD_1773_BEARISH_1713_1715,BTCUSD,1h,SHORT,2024-08-13T21:00:00+00:00,2024-08-11T09:00:00+00:00,2024-08-11T11:00:00+00:00,1713,1715,1773,61208.5,61829.5,60143.93,621.0,1.014565,34,internal|choch|brk1715|form1713,internal,61829.5,61001.5,1.714283,1,2.809984,0.830113,16,TP_HIT,2024-08-14T13:00:00+00:00,1.356765,1.292578,1.014565,0.969433,0.968599,0.687198,0.17814,1.292578,0.569796,60.0,58.0,3.0,0.282556,0.0,1.0,0.0,1.0,0.0,0.80834,0.018733,1.049659,23.0,0.740277,0.988947,-0.201143,2.809997,2.35821,1.190398,0.0
SOLUSD_1777_BULLISH_1755_1768,SOLUSD,1h,LONG,2024-08-14T01:00:00+00:00,2024-08-13T03:00:00+00:00,2024-08-13T16:00:00+00:00,1755,1768,1777,145.0505,142.988,148.59,2.0625,1.421919,24,internal|choch|brk1768|form1755,internal,145.738,142.988,1.716121,1,1.929939,0.384727,10,TP_HIT,2024-08-14T11:00:00+00:00,1.908582,1.093348,1.421919,0.820011,0.399273,0.709091,0.7,1.093348,1.264308,22.0,9.0,1.0,0.383467,0.0,1.0,0.0,0.0,1.0,0.165396,0.046915,1.745631,1.0,0.773156,1.034108,-1.580601,-0.394038,1.81533,0.325059,1.0
SOLUSD_1785_BEARISH_1773_1777,SOLUSD,1h,SHORT,2024-08-14T09:00:00+00:00,2024-08-13T21:00:00+00:00,2024-08-14T01:00:00+00:00,1773,1777,1785,146.42975,147.869,143.96,1.43925,0.982895,35,internal|choch|brk1777|form1773,internal,147.869,145.95,-1.0,0,0.015807,1.194546,1,SL_HIT,2024-08-14T10:00:00+00:00,1.310691,0.780168,0.982895,0.585126,0.759614,0.30172,0.897342,0.780168,0.936283,12.0,8.0,1.0,0.007501,0.0,1.0,0.0,0.0,0.0,0.310123,0.069805,1.680011,0.5,0.747762,0.34638,1.190346,-0.243037,0.361452,0.454319,0.0
XRPUSD_1805_BULLISH_1756_1759,XRPUSD,1h,LONG,2024-08-15T05:00:00+00:00,2024-08-13T04:00:00+00:00,2024-08-13T07:00:00+00:00,1756,1759,1805,0.5658,0.5625,0.57,0.0033,0.583245,60,internal|choch|brk1759|form1756,internal,0.5669,0.5625,-1.0,0,0.30303,1.030303,1,SL_HIT,2024-08-15T06:00:00+00:00,0.777523,0.552489,0.583245,0.414367,0.772727,0.613636,0.295455,0.552489,0.577602,49.0,46.0,7.0,0.012557,0.0,1.0,0.0,0.0,1.0,0.43038,0.03767,1.407309,0.5,0.519117,0.489706,-0.945213,-1.41115,0.194759,0.631694,1.0
XRPUSD_1811_BEARISH_1802_1806,XRPUSD,1h,SHORT,2024-08-15T11:00:00+00:00,2024-08-15T02:00:00+00:00,2024-08-15T06:00:00+00:00,1802,1806,1811,0.56925,0.5745,0.56,0.00525,0.922266,37,internal|bos|brk1806|form1802,internal,0.5745,0.5675,1.761905,1,2.904762,0.790476,7,TP_HIT,2024-08-15T18:00:00+00:00,1.228286,0.892401,0.922266,0.669301,0.657143,0.414286,0.428571,0.892401,0.050994,9.0,5.0,3.0,0.082866,1.0,0.0,0.0,0.0,0.0,0.515856,0.025497,1.376383,0.5,0.380157,0.369709,0.849407,0.070237,0.12298,0.657984,0.0
ETHUSD_1815_BEARISH_1797_1805,ETHUSD,1h,SHORT,2024-08-15T15:00:00+00:00,2024-08-14T21:00:00+00:00,2024-08-15T05:00:00+00:00,1797,1805,1815,2667.15,2680.2,2644.78,13.05,0.489286,71,internal|bos|brk1805|form1797,internal,2680.2,2662.8,1.714176,1,4.831418,0.586207,2,TP_HIT,2024-08-15T17:00:00+00:00,0.652064,0.504615,0.489286,0.378461,0.675287,0.721264,0.66954,0.504615,0.446613,18.0,10.0,3.0,0.037701,1.0,0.0,0.0,0.0,0.0,0.58159,0.200106,1.292201,0.5,0.413896,0.822174,1.909527,0.088144,0.003748,1.404286,0.0
SOLUSD_1818_BULLISH_1597_1598,SOLUSD,1h,LONG,2024-08-15T18:00:00+00:00,2024-08-06T13:00:00+00:00,2024-08-06T14:00:00+00:00,1597,1598,1818,139.503,136.212,145.14,3.291,2.359089,14,internal|bos|brk1598|form1597,internal,140.6,136.212,1.712853,1,2.40869,0.994227,64,TP_HIT,2024-08-18T10:00:00+00:00,3.161725,1.832356,2.359089,1.374267,0.586372,0.545579,0.249772,1.832356,2.453721,221.0,220.0,0.0,0.299825,1.0,0.0,0.0,0.0,0.0,0.041455,0.006264,1.725497,5.5,0.995641,2.084159,-4.159962,-4.1454,-7.079587,1.494271,1.0
ETHUSD_1823_BULLISH_1728_1753,ETHUSD,1h,LONG,2024-08-15T23:00:00+00:00,2024-08-12T00:00:00+00:00,2024-08-13T01:00:00+00:00,1728,1753,1823,2560.6875,2508.6,2649.98,52.0875,2.034122,17,internal|choch|brk1753|form1728,internal,2578.05,2508.6,1.714279,1,2.049676,0.190785,58,TP_HIT,2024-08-18T09:00:00+00:00,2.70365,2.006616,2.034122,1.504962,0.866091,0.894888,0.221022,2.006616,0.36694,95.0,70.0,5.0,0.232949,0.0,1.0,0.0,1.0,0.0,0.218847,0.339492,1.347368,4.0,0.743978,0.414614,0.581464,-2.030892,-5.901423,0.784268,1.0
XRPUSD_1830_BEARISH_1815_1818,XRPUSD,1h,SHORT,2024-08-16T06:00:00+00:00,2024-08-15T15:00:00+00:00,2024-08-15T18:00:00+00:00,1815,1818,1830,0.56995,0.5734,0.56,0.00345,0.605316,57,internal|bos|brk1818|form1815,internal,0.5734,0.5688,2.884058,1,3.811594,0.188406,6,TP_HIT,2024-08-16T12:00:00+00:00,0.808294,0.606578,0.605316,0.454933,0.934783,0.130435,0.282609,0.606578,0.487899,15.0,12.0,1.0,0.112085,1.0,0.0,0.0,0.0,1.0,0.555215,0.013186,1.332548,0.5,0.563454,0.540645,1.770386,-0.437369,-1.488662,1.171927,0.0
BTCUSD_1865_BEARISH_1816_1819,BTCUSD,1h,SHORT,2024-08-17T17:00:00+00:00,2024-08-15T16:00:00+00:00,2024-08-15T19:00:00+00:00,1816,1819,1865,59524.625,59844.5,58976.27,319.875,0.537383,65,internal|choch|brk1819|form1816,internal,59844.5,59418.0,-1.0,0,1.183665,2.309887,9,SL_HIT,2024-08-18T02:00:00+00:00,0.71773,0.733178,0.537383,0.549883,0.987104,0.910903,0.327081,0.733178,1.377824,49.0,46.0,8.0,0.17384,0.0,1.0,0.0,0.0,1.0,0.598657,0.045555,0.97893,0.5,0.216906,0.422888,0.340245,0.473425,-0.418946,1.160513,0.0
SOLUSD_1873_BULLISH_1863_1872,SOLUSD,1h,LONG,2024-08-18T01:00:00+00:00,2024-08-17T15:00:00+00:00,2024-08-18T00:00:00+00:00,1863,1872,1873,141.33675,140.187,143.31,1.14975,0.813483,43,internal|bos|brk1872|form1863,internal,141.72,140.187,1.716243,1,5.29963,0.599913,9,TP_HIT,2024-08-18T10:00:00+00:00,1.084135,0.704514,0.813483,0.528385,0.793216,0.276582,0.623614,0.704514,0.510117,10.0,1.0,0.0,0.030446,1.0,0.0,0.0,1.0,0.0,0.324426,0.054688,1.538842,0.5,0.503053,0.649825,0.243159,2.042981,-0.83037,0.221626,1.0
BTCUSD_1875_BULLISH_1869_1874,BTCUSD,1h,LONG,2024-08-18T03:00:00+00:00,2024-08-17T21:00:00+00:00,2024-08-18T02:00:00+00:00,1869,1874,1875,59431.0,59146.0,59919.57,285.0,0.479548,72,internal|bos|brk1874|form1869,internal,59431.0,59146.0,1.714281,1,2.429825,0.678947,6,TP_HIT,2024-08-18T09:00:00+00:00,0.480352,0.499194,0.479548,0.499194,0.650877,0.517544,0.32807,0.499194,1.21383,6.0,1.0,0.0,0.17428,1.0,0.0,0.0,1.0,1.0,0.582606,0.097211,0.962255,2.5,0.454596,1.700763,0.063244,0.184898,3.122447,0.86608,1.0
ETHUSD_1875_BULLISH_1869_1874,ETHUSD,1h,LONG,2024-08-18T03:00:00+00:00,2024-08-17T21:00:00+00:00,2024-08-18T02:00:00+00:00,1869,1874,1875,2612.3125,2599.75,2633.85,12.5625,0.480896,72,internal|bos|brk1874|form1869,internal,2616.5,2599.75,-1.0,0,0.0,1.437811,1,SL_HIT,2024-08-18T04:00:00+00:00,0.642661,0.540958,0.480896,0.405719,0.39403,0.656716,0.495522,0.540958,0.749268,6.0,1.0,0.0,0.192565,1.0,0.0,0.0,0.0,1.0,0.338068,0.053288,1.188005,1.5,0.360997,1.062539,-0.139847,0.149859,1.315841,0.751416,1.0
SOLUSD_1893_BULLISH_1890_1892,SOLUSD,1h,LONG,2024-08-18T21:00:00+00:00,2024-08-18T18:00:00+00:00,2024-08-18T20:00:00+00:00,1890,1892,1893,145.32275,144.38,146.94,0.94275,0.648728,53,internal|bos|brk1892|form1890,internal,145.637,144.38,-1.0,0,0.400159,3.082206,2,SL_HIT,2024-08-18T23:00:00+00:00,0.866729,0.596087,0.648728,0.447065,0.515513,0.596659,0.785203,0.596087,0.103379,3.0,1.0,0.0,0.139775,1.0,0.0,0.0,0.0,1.0,0.770383,0.000948,1.454031,0.5,0.62815,0.839833,-0.758198,2.300253,2.873518,1.005666,1.0
SOLUSD_1905_BULLISH_1876_1882,SOLUSD,1h,LONG,2024-08-19T09:00:00+00:00,2024-08-18T04:00:00+00:00,2024-08-18T10:00:00+00:00,1876,1882,1905,141.40525,140.647,142.71,0.75825,0.536225,65,internal|bos|brk1882|form1876,internal,141.658,140.647,-1.0,0,0.345203,1.292779,1,SL_HIT,2024-08-19T10:00:00+00:00,0.716224,0.489728,0.536225,0.367296,0.504451,0.695351,0.080119,0.489728,0.430631,29.0,23.0,1.0,0.120252,1.0,0.0,0.0,0.0,1.0,0.431386,0.020829,1.462494,1.0,0.628018,1.16498,-1.390179,-3.028867,1.195068,0.570864,1.0
SOLUSD_1907_BEARISH_1902_1905,SOLUSD,1h,SHORT,2024-08-19T11:00:00+00:00,2024-08-19T06:00:00+00:00,2024-08-19T09:00:00+00:00,1902,1905,1907,142.50075,143.589,140.64,1.08825,0.76368,45,internal|bos|brk1905|form1902,internal,143.589,142.138,-1.0,0,0.473007,1.987824,2,SL_HIT,2024-08-19T13:00:00+00:00,1.019347,0.704987,0.76368,0.52874,0.856651,0.253618,0.407305,0.704987,0.700128,5.0,2.0,0.0,0.075187,1.0,0.0,0.0,1.0,0.0,0.535511,0.043242,1.44591,0.5,0.648527,0.796329,-0.413469,-3.00631,1.910837,0.682128,0.0
BTCUSD_1929_BEARISH_1788_1789,BTCUSD,1h,SHORT,2024-08-20T09:00:00+00:00,2024-08-14T12:00:00+00:00,2024-08-14T13:00:00+00:00,1788,1789,1929,61053.875,61724.0,59905.09,670.125,1.097596,31,internal|choch|brk1789|form1788,internal,61724.0,60830.5,1.714285,1,2.393397,0.0,5,TP_HIT,2024-08-20T14:00:00+00:00,1.468413,1.696185,1.097596,1.272139,0.980414,0.646335,0.262451,1.696185,2.735538,141.0,140.0,6.0,0.390825,0.0,1.0,0.0,1.0,0.0,0.855911,0.19648,0.865715,0.5,0.445882,0.42808,-0.027109,3.145315,2.147947,0.785856,0.0
SOLUSD_1955_BULLISH_1906_1910,SOLUSD,1h,LONG,2024-08-21T11:00:00+00:00,2024-08-19T10:00:00+00:00,2024-08-19T14:00:00+00:00,1906,1910,1955,141.3565,140.425,142.95,0.9315,0.658972,53,internal|choch|brk1910|form1906,internal,141.667,140.425,-1.0,0,0.525497,2.661836,2,SL_HIT,2024-08-21T13:00:00+00:00,0.878074,0.658356,0.658972,0.493767,0.822061,0.548309,0.272947,0.658356,0.832221,49.0,45.0,5.0,0.047442,0.0,1.0,0.0,0.0,1.0,0.30775,0.040286,1.333738,0.5,0.361324,0.536438,-1.357807,-1.511659,0.204737,1.561566,1.0
SOLUSD_1962_BEARISH_1951_1953,SOLUSD,1h,SHORT,2024-08-21T18:00:00+00:00,2024-08-21T07:00:00+00:00,2024-08-21T09:00:00+00:00,1951,1953,1962,142.94525,143.813,141.46,0.86775,0.607051,57,internal|bos|brk1953|form1951,internal,143.813,142.656,-1.0,0,0.86344,1.617689,2,SL_HIT,2024-08-21T20:00:00+00:00,0.80977,0.61392,0.607051,0.46044,0.806396,0.398444,0.292135,0.61392,0.316776,11.0,9.0,0.0,0.034623,1.0,0.0,0.0,0.0,1.0,0.404262,0.057306,1.319016,1.0,0.48836,0.959881,1.070979,0.289188,-0.948367,1.372453,0.0
XRPUSD_1970_BULLISH_1957_1962,XRPUSD,1h,LONG,2024-08-22T02:00:00+00:00,2024-08-21T13:00:00+00:00,2024-08-21T18:00:00+00:00,1957,1962,1970,0.593575,0.5854,0.61,0.008175,1.377248,25,internal|choch|brk1962|form1957,internal,0.5963,0.5854,2.009174,1,2.620795,0.327217,43,TP_HIT,2024-08-23T21:00:00+00:00,1.830702,1.807042,1.377248,1.355281,0.917431,0.321101,0.12844,1.807042,0.944967,13.0,8.0,0.0,0.302555,0.0,1.0,0.0,0.0,0.0,0.635688,0.033157,1.013093,1.0,0.441403,1.210221,-1.32582,-0.20114,-1.194822,0.295877,1.0
SOLUSD_1981_BULLISH_1970_1979,SOLUSD,1h,LONG,2024-08-22T13:00:00+00:00,2024-08-22T02:00:00+00:00,2024-08-22T11:00:00+00:00,1970,1979,1981,142.50275,140.687,145.62,1.81575,1.274186,27,internal|choch|brk1979|form1970,internal,143.108,140.687,1.716784,1,1.770205,0.212447,13,TP_HIT,2024-08-23T02:00:00+00:00,1.691859,1.337178,1.274186,1.002883,0.995456,0.26518,0.643123,1.337178,0.277267,11.0,2.0,0.0,0.328219,0.0,1.0,0.0,1.0,0.0,0.426177,0.001657,1.265247,0.5,0.515986,0.758894,0.003494,0.062934,-1.589998,0.887656,1.0
ETHUSD_2002_BEARISH_1925_1934,ETHUSD,1h,SHORT,2024-08-23T10:00:00+00:00,2024-08-20T05:00:00+00:00,2024-08-20T14:00:00+00:00,1925,1934,2002,2672.65,2695.6,2633.31,22.95,0.858698,40,internal|choch|brk1934|form1925,internal,2695.6,2665.0,-1.0,0,1.745098,1.174292,4,SL_HIT,2024-08-23T14:00:00+00:00,1.147852,1.204725,0.858698,0.903544,0.972222,0.820261,0.594771,1.204725,2.40945,77.0,68.0,5.0,0.267717,0.0,1.0,0.0,1.0,0.0,0.814757,0.084646,0.952791,0.5,0.397467,0.271654,-0.343919,2.298586,3.175555,0.949702,0.0
SOLUSD_2003_BULLISH_1983_1994,SOLUSD,1h,LONG,2024-08-23T11:00:00+00:00,2024-08-22T15:00:00+00:00,2024-08-23T02:00:00+00:00,1983,1994,2003,143.21275,142.117,145.09,1.09575,0.76512,45,internal|bos|brk1994|form1983,internal,143.578,142.117,1.71321,1,3.615104,0.415925,3,TP_HIT,2024-08-23T14:00:00+00:00,1.0177,0.853786,0.76512,0.64034,0.986995,0.078713,0.103354,0.853786,0.004091,20.0,9.0,0.0,0.202343,1.0,0.0,0.0,0.0,1.0,0.472834,0.017532,1.191985,0.5,0.342686,0.506662,-1.420743,0.091335,1.392067,1.361383,1.0
XRPUSD_2011_BEARISH_1928_1934,XRPUSD,1h,SHORT,2024-08-23T19:00:00+00:00,2024-08-20T08:00:00+00:00,2024-08-20T14:00:00+00:00,1928,1934,2011,0.6093,0.615,0.6,0.0057,0.9355,37,internal|choch|brk1934|form1928,internal,0.615,0.6074,-1.0,0,0.421053,1.0,2,SL_HIT,2024-08-23T21:00:00+00:00,1.250411,1.362938,0.9355,1.022203,0.947368,0.315789,0.434211,1.362938,1.362938,83.0,77.0,1.0,0.269001,0.0,1.0,0.0,0.0,0.0,0.799443,0.071734,0.917438,2.5,0.338882,0.789069,2.031224,1.706827,1.350675,1.039755,0.0
BTCUSD_2039_BEARISH_2034_2037,BTCUSD,1h,SHORT,2024-08-24T23:00:00+00:00,2024-08-24T18:00:00+00:00,2024-08-24T21:00:00+00:00,2034,2037,2039,64056.375,64440.0,63398.73,383.625,0.598887,58,internal|choch|brk2037|form2034,internal,64440.0,63928.5,-1.0,0,0.0,1.153796,1,SL_HIT,2024-08-25T00:00:00+00:00,0.797449,1.034733,0.598887,0.77605,0.5826,0.442815,0.326491,1.034733,1.03271,5.0,2.0,1.0,0.173214,0.0,1.0,0.0,1.0,0.0,0.858489,0.080918,0.770682,0.5,0.328118,0.751521,-0.108236,-0.412219,5.954161,0.452242,0.0
SOLUSD_2039_BEARISH_1655_1670,SOLUSD,1h,SHORT,2024-08-24T23:00:00+00:00,2024-08-08T23:00:00+00:00,2024-08-09T14:00:00+00:00,1655,1670,2039,161.2505,163.61,157.21,2.3595,1.463251,23,internal|choch|brk1670|form1655,internal,163.61,160.464,1.712439,1,2.490994,0.0,8,TP_HIT,2024-08-25T07:00:00+00:00,1.957429,1.845642,1.463251,1.384231,0.918309,0.610299,0.43007,1.845642,0.928687,384.0,369.0,6.0,0.310638,0.0,1.0,0.0,1.0,0.0,0.929255,0.00176,1.060568,7.0,0.63561,0.962127,-0.479272,3.229432,12.03583,0.400475,0.0
XRPUSD_2041_BULLISH_2017_2029,XRPUSD,1h,LONG,2024-08-25T01:00:00+00:00,2024-08-24T01:00:00+00:00,2024-08-24T13:00:00+00:00,2017,2029,2041,0.6078,0.6048,0.61,0.003,0.493583,70,internal|bos|brk2029|form2017,internal,0.6088,0.6048,0.733333,1,0.9,0.0,1,TP_HIT,2024-08-25T02:00:00+00:00,0.658436,0.727822,0.493583,0.545866,0.675,0.95,0.375,0.727822,2.238052,24.0,12.0,3.0,0.054587,1.0,0.0,0.0,0.0,1.0,0.481481,0.127369,0.904667,10.0,0.743568,1.200906,-2.173913,-0.63788,1.60562,0.711979,1.0
SOLUSD_2054_BEARISH_2039_2047,SOLUSD,1h,SHORT,2024-08-25T14:00:00+00:00,2024-08-24T23:00:00+00:00,2024-08-25T07:00:00+00:00,2039,2047,2054,159.494,160.724,157.39,1.23,0.771189,45,internal|choch|brk2047|form2039,internal,160.724,159.084,-1.0,0,0.781301,1.682439,7,SL_HIT,2024-08-25T21:00:00+00:00,1.03028,0.976561,0.771189,0.73242,0.941463,0.481098,0.940305,0.976561,0.905105,15.0,7.0,0.0,0.186976,0.0,1.0,0.0,0.0,0.0,0.8637,0.000595,1.055009,0.5,0.655645,0.773507,1.044854,-0.958804,10.199589,1.747107,0.0
SOLUSD_2076_BULLISH_2071_2074,SOLUSD,1h,LONG,2024-08-26T12:00:00+00:00,2024-08-26T07:00:00+00:00,2024-08-26T10:00:00+00:00,2071,2074,2076,159.26475,158.463,160.64,0.80175,0.503407,69,internal|bos|brk2074|form2071,internal,159.532,158.463,-1.0,0,3.107265,3.980979,2,SL_HIT,2024-08-26T14:00:00+00:00,0.670417,0.642046,0.503407,0.481535,0.926099,0.739944,0.261927,0.642046,0.330333,5.0,2.0,0.0,0.113064,1.0,0.0,0.0,1.0,1.0,0.855381,0.064265,1.044188,5.0,0.615202,1.473283,0.100444,-1.245479,1.077634,0.908412,1.0
SOLUSD_2078_BULLISH_2047_2061,SOLUSD,1h,LONG,2024-08-26T14:00:00+00:00,2024-08-25T07:00:00+00:00,2024-08-25T21:00:00+00:00,2047,2061,2078,157.188075,155.373,160.3,1.815075,1.154715,30,internal|choch|brk2061|form2047,internal,157.7931,155.373,-1.0,0,1.424693,2.015385,20,SL_HIT,2024-08-27T10:00:00+00:00,1.537724,1.43672,1.154715,1.07754,0.830131,0.710756,0.628073,1.43672,1.139236,31.0,17.0,1.0,0.115126,0.0,1.0,0.0,0.0,0.0,0.753195,0.005937,1.070302,13.5,0.740052,3.373777,-2.074467,-0.939109,-0.018423,1.201737,1.0
ETHUSD_2088_BULLISH_2007_2009,ETHUSD,1h,LONG,2024-08-27T00:00:00+00:00,2024-08-23T15:00:00+00:00,2024-08-23T17:00:00+00:00,2007,2009,2088,2671.7375,2646.95,2714.23,24.7875,0.927767,37,internal|bos|brk2009|form2007,internal,2680.0,2646.95,-1.0,0,1.154312,1.463944,10,SL_HIT,2024-08-27T10:00:00+00:00,1.233969,1.410195,0.927767,1.057646,0.950076,0.402421,0.674735,1.410195,2.05449,81.0,79.0,4.0,0.282146,1.0,0.0,0.0,1.0,0.0,0.305126,0.078937,0.875034,0.5,0.339367,0.851237,0.009335,-2.264268,-2.669162,0.416537,1.0
SOLUSD_2094_BULLISH_2082_2093,SOLUSD,1h,LONG,2024-08-27T06:00:00+00:00,2024-08-26T18:00:00+00:00,2024-08-27T05:00:00+00:00,2082,2093,2094,158.67625,156.46,162.48,2.21625,1.396712,25,internal|choch|brk2093|form2082,internal,159.415,156.46,-1.0,0,0.0,1.072194,3,SL_HIT,2024-08-27T09:00:00+00:00,1.867853,1.766716,1.396712,1.325037,0.589848,0.592927,0.514721,1.766716,0.454384,12.0,1.0,0.0,0.282944,0.0,1.0,0.0,0.0,0.0,0.786977,0.01973,1.057246,10.5,0.616008,1.034381,-0.089047,0.329776,-0.441773,0.485886,1.0
ETHUSD_2108_BULLISH_1935_2009,ETHUSD,1h,LONG,2024-08-27T20:00:00+00:00,2024-08-20T15:00:00+00:00,2024-08-23T17:00:00+00:00,1935,2009,2108,2577.4375,2554.45,2616.84,22.9875,0.891874,39,internal|bos|brk2009|form1935,internal,2585.1,2554.45,-1.0,0,0.285481,7.462208,1,SL_HIT,2024-08-27T21:00:00+00:00,1.187846,1.321025,0.891874,0.990769,0.843393,0.856444,0.340946,1.321025,2.075281,173.0,99.0,6.0,0.123375,1.0,0.0,0.0,1.0,0.0,0.082137,0.028015,0.899185,2.0,0.464877,0.63142,0.069808,-4.30929,-6.656296,1.313654,1.0
SOLUSD_2121_BEARISH_2117_2119,SOLUSD,1h,SHORT,2024-08-28T09:00:00+00:00,2024-08-28T05:00:00+00:00,2024-08-28T07:00:00+00:00,2117,2119,2121,147.76875,149.331,145.09,1.56225,1.057226,33,internal|bos|brk2119|form2117,internal,149.331,147.248,1.714674,1,2.362458,0.50008,5,TP_HIT,2024-08-28T14:00:00+00:00,1.407261,1.216549,1.057226,0.912412,0.630341,0.369659,0.033125,1.216549,1.805258,4.0,2.0,0.0,0.145571,1.0,0.0,0.0,0.0,1.0,0.265467,0.087021,1.156765,51.5,1.090048,1.776056,0.351186,-4.811576,-7.078152,0.950955,0.0
BTCUSD_2154_BULLISH_2132_2147,BTCUSD,1h,LONG,2024-08-29T18:00:00+00:00,2024-08-28T20:00:00+00:00,2024-08-29T11:00:00+00:00,2132,2147,2154,59360.25,58629.0,60613.82,731.25,1.231885,28,internal|choch|brk2147|form2132,internal,59604.0,58629.0,-1.0,0,0.792137,1.266667,20,SL_HIT,2024-08-30T14:00:00+00:00,1.64824,2.014851,1.231885,1.511138,0.538462,0.721026,0.454872,2.014851,0.839004,22.0,7.0,0.0,0.426218,0.0,1.0,0.0,0.0,0.0,0.181661,0.005166,0.818046,49.5,0.612955,3.392182,-2.422368,0.038897,-3.897454,1.83441,1.0
SOLUSD_2154_BULLISH_1957_2011,SOLUSD,1h,LONG,2024-08-29T18:00:00+00:00,2024-08-21T13:00:00+00:00,2024-08-23T19:00:00+00:00,1957,2011,2154,140.91925,138.877,144.42,2.04225,1.449234,24,internal|choch|brk2011|form1957,internal,141.6,138.877,-1.0,0,0.142367,1.11458,1,SL_HIT,2024-08-29T19:00:00+00:00,1.9488,1.597056,1.449234,1.197792,0.312156,0.821888,0.003672,1.597056,0.821695,197.0,143.0,1.0,0.699262,0.0,1.0,0.0,0.0,0.0,0.016084,0.032258,1.220245,51.5,0.849398,3.024611,-3.972977,-2.53282,-9.091678,1.619478,1.0
SOLUSD_2172_BEARISH_2160_2165,SOLUSD,1h,SHORT,2024-08-30T12:00:00+00:00,2024-08-30T00:00:00+00:00,2024-08-30T05:00:00+00:00,2160,2165,2172,140.2095,141.18,138.55,0.9705,0.692178,50,internal|bos|brk2165|form2160,internal,141.18,139.886,1.709943,1,2.276662,0.368367,1,TP_HIT,2024-08-30T13:00:00+00:00,0.924927,0.770337,0.692178,0.577752,0.986862,0.696291,0.385626,0.770337,0.695863,12.0,7.0,4.0,0.182464,1.0,0.0,0.0,0.0,1.0,0.106878,0.005953,1.200679,22.5,0.883175,1.322193,0.588853,0.362992,-4.669656,1.314608,0.0
BTCUSD_2178_BEARISH_2172_2174,BTCUSD,1h,SHORT,2024-08-30T18:00:00+00:00,2024-08-30T12:00:00+00:00,2024-08-30T14:00:00+00:00,2172,2174,2178,59507.875,59939.5,58767.95,431.625,0.725324,48,internal|bos|brk2174|form2172,internal,59939.5,59364.0,1.714277,1,1.886765,0.0,1,TP_HIT,2024-08-30T19:00:00+00:00,0.969426,1.186616,0.725324,0.889962,0.998262,0.005213,0.290182,1.186616,2.474265,6.0,4.0,0.0,0.294592,1.0,0.0,0.0,1.0,0.0,0.258923,0.004124,0.816967,62.0,0.646288,1.548478,-0.48446,0.576879,0.312606,2.010113,0.0
ETHUSD_2178_BEARISH_2172_2174,ETHUSD,1h,SHORT,2024-08-30T18:00:00+00:00,2024-08-30T12:00:00+00:00,2024-08-30T14:00:00+00:00,2172,2174,2178,2520.5375,2551.4,2467.63,30.8625,1.224441,28,internal|bos|brk2174|form2172,internal,2551.4,2510.25,1.714297,1,1.997165,0.45079,35,TP_HIT,2024-09-01T05:00:00+00:00,1.622698,1.646729,1.224441,1.235046,0.376671,0.748481,0.245443,1.646729,2.37305,6.0,4.0,0.0,0.614772,1.0,0.0,0.0,0.0,0.0,0.425146,0.036016,0.985407,61.0,0.890283,3.019336,0.457544,0.754897,0.831014,2.026258,0.0
XRPUSD_2181_BEARISH_2172_2174,XRPUSD,1h,SHORT,2024-08-30T21:00:00+00:00,2024-08-30T12:00:00+00:00,2024-08-30T14:00:00+00:00,2172,2174,2181,0.564625,0.5677,0.56,0.003075,0.544609,64,internal|bos|brk2174|form2172,internal,0.5677,0.5636,-1.0,0,0.0,1.227642,3,SL_HIT,2024-08-31T00:00:00+00:00,0.725535,0.795107,0.544609,0.59633,0.634146,0.560976,0.463415,0.795107,1.182964,9.0,7.0,0.0,0.092116,1.0,0.0,0.0,0.0,1.0,0.343866,0.058179,0.9125,8.5,0.653438,0.659357,1.490661,0.230578,-1.154452,0.865651,0.0
SOLUSD_2188_BEARISH_2172_2174,SOLUSD,1h,SHORT,2024-08-31T04:00:00+00:00,2024-08-30T12:00:00+00:00,2024-08-30T14:00:00+00:00,2172,2174,2188,139.12125,140.787,136.27,1.66575,1.197337,29,internal|bos|brk2174|form2172,internal,140.787,138.566,1.711691,1,1.876782,0.0,4,TP_HIT,2024-08-31T08:00:00+00:00,1.600882,1.321876,1.197337,0.991407,0.923458,0.305718,0.601981,1.321876,2.435443,16.0,14.0,2.0,0.22929,1.0,0.0,0.0,0.0,1.0,0.236453,0.003571,1.211068,23.0,1.011696,0.322583,0.515124,-0.783798,-3.673617,0.404441,0.0
ETHUSD_2223_BEARISH_2217_2222,ETHUSD,1h,SHORT,2024-09-01T15:00:00+00:00,2024-09-01T09:00:00+00:00,2024-09-01T14:00:00+00:00,2217,2222,2223,2481.475,2493.25,2461.29,11.775,0.474516,73,internal|bos|brk2222|form2217,internal,2493.25,2477.55,1.714225,1,2.07431,0.447983,2,TP_HIT,2024-09-01T17:00:00+00:00,0.63295,0.687676,0.474516,0.515757,0.815287,0.732484,0.286624,0.687676,0.729287,6.0,1.0,0.0,0.044896,1.0,0.0,0.0,0.0,1.0,0.29574,0.499331,0.920419,4.5,0.483453,1.73452,0.620652,-1.061008,-1.739062,1.964542,0.0
XRPUSD_2224_BULLISH_2176_2188,XRPUSD,1h,LONG,2024-09-01T16:00:00+00:00,2024-08-30T16:00:00+00:00,2024-08-31T04:00:00+00:00,2176,2188,2224,0.55425,0.5466,0.57,0.00765,1.380244,25,internal|choch|brk2188|form2176,internal,0.5568,0.5466,-1.0,0,1.039216,1.405229,6,SL_HIT,2024-09-01T22:00:00+00:00,1.834202,2.188497,1.380244,1.641372,0.931373,0.470588,0.931373,2.188497,0.686587,48.0,36.0,7.0,0.396933,0.0,1.0,0.0,0.0,1.0,0.275362,0.064368,0.838111,0.5,0.367429,0.643675,-0.429722,-0.944068,0.071981,1.189202,1.0
SOLUSD_2235_BULLISH_1579_1584,SOLUSD,1h,LONG,2024-09-02T03:00:00+00:00,2024-08-05T19:00:00+00:00,2024-08-06T00:00:00+00:00,1579,1584,2235,129.53325,126.855,134.12,2.67825,2.067616,16,internal|bos|brk1584|form1579,internal,130.426,126.855,1.712592,1,2.061327,0.94586,17,TP_HIT,2024-09-02T20:00:00+00:00,2.74834,2.168971,2.067616,1.626728,0.861943,0.760571,0.141697,2.168971,5.649286,656.0,651.0,9.0,0.242802,1.0,0.0,0.0,1.0,0.0,0.113136,0.040695,1.267117,17.0,1.234763,0.743439,1.407956,-0.824346,-5.863388,0.610541,1.0
ETHUSD_2241_BEARISH_2205_2210,ETHUSD,1h,SHORT,2024-09-02T09:00:00+00:00,2024-08-31T21:00:00+00:00,2024-09-01T02:00:00+00:00,2205,2210,2241,2510.0125,2528.35,2478.58,18.3375,0.730574,47,internal|bos|brk2210|form2205,internal,2528.35,2503.9,-1.0,0,0.0,1.531697,1,SL_HIT,2024-09-02T10:00:00+00:00,0.971259,1.056002,0.730574,0.792002,0.449898,0.703476,0.427403,1.056002,0.254823,36.0,31.0,2.0,0.316909,1.0,0.0,0.0,0.0,1.0,0.601533,0.015117,0.919751,15.5,1.010313,2.563343,3.358584,0.940294,-0.174482,0.79679,0.0
XRPUSD_2249_BEARISH_2228_2230,XRPUSD,1h,SHORT,2024-09-02T17:00:00+00:00,2024-09-01T20:00:00+00:00,2024-09-01T22:00:00+00:00,2228,2230,2249,0.5598,0.5622,0.56,0.0024,0.428725,81,internal|choch|brk2230|form2228,internal,0.5622,0.5598,-1.0,0,0.083333,1.041667,1,SL_HIT,2024-09-02T18:00:00+00:00,0.427807,0.519044,0.428725,0.519044,0.5,0.5,0.333333,0.519044,2.465458,21.0,19.0,2.0,0.259522,0.0,1.0,0.0,0.0,1.0,0.533537,0.021627,0.824222,1.0,0.774068,0.95158,1.044669,2.465753,-0.988352,2.081958,0.0
SOLUSD_2252_BEARISH_2228_2230,SOLUSD,1h,SHORT,2024-09-02T20:00:00+00:00,2024-09-01T20:00:00+00:00,2024-09-01T22:00:00+00:00,2228,2230,2252,134.969,136.157,132.93,1.188,0.880202,39,internal|bos|brk2230|form2228,internal,136.157,134.573,-1.0,0,0.838384,2.112795,6,SL_HIT,2024-09-03T02:00:00+00:00,1.17599,0.960566,0.880202,0.720425,0.92298,0.303662,0.261995,0.960566,3.58757,24.0,22.0,0.0,0.166159,1.0,0.0,0.0,0.0,1.0,0.43578,0.134625,1.224267,23.0,0.878277,1.329269,1.577642,5.510732,-0.604366,1.105506,0.0
ETHUSD_2259_BULLISH_2246_2252,ETHUSD,1h,LONG,2024-09-03T03:00:00+00:00,2024-09-02T14:00:00+00:00,2024-09-02T20:00:00+00:00,2246,2252,2259,2519.0625,2492.55,2564.51,26.5125,1.052475,33,internal|bos|brk2252|form2246,internal,2527.9,2492.55,-1.0,0,0.239038,2.244696,10,SL_HIT,2024-09-03T13:00:00+00:00,1.404813,1.5554,1.052475,1.16655,0.673267,0.376238,0.408769,1.5554,1.353,13.0,7.0,1.0,0.11935,1.0,0.0,0.0,0.0,1.0,0.705865,0.0198,0.903184,2.5,0.625486,0.6732,-1.082983,-0.21018,0.904243,0.601615,1.0
BTCUSD_2264_BULLISH_2246_2252,BTCUSD,1h,LONG,2024-09-03T08:00:00+00:00,2024-09-02T14:00:00+00:00,2024-09-02T20:00:00+00:00,2246,2252,2264,58629.75,58096.5,59543.89,533.25,0.909521,38,internal|bos|brk2252|form2246,internal,58807.5,58096.5,-1.0,0,1.344116,2.015471,6,SL_HIT,2024-09-03T14:00:00+00:00,1.209554,1.634099,0.909521,1.225574,0.964135,0.139944,0.604079,1.634099,1.21006,18.0,12.0,0.0,0.349918,1.0,0.0,0.0,0.0,1.0,0.59012,0.008044,0.740196,0.5,0.38856,0.975633,-0.558262,0.455435,1.021697,0.888267,1.0
ETHUSD_2278_BULLISH_2232_2240,ETHUSD,1h,LONG,2024-09-03T22:00:00+00:00,2024-09-02T00:00:00+00:00,2024-09-02T08:00:00+00:00,2232,2240,2278,2447.35,2424.1,2487.21,23.25,0.950007,36,internal|choch|brk2240|form2232,internal,2455.1,2424.1,-1.0,0,0.275269,1.44086,1,SL_HIT,2024-09-03T23:00:00+00:00,1.263321,1.387576,0.950007,1.040682,0.959677,0.624194,0.541935,1.387576,1.380862,46.0,38.0,8.0,0.290943,0.0,1.0,0.0,1.0,0.0,0.327993,0.055951,0.910452,1.5,0.523371,0.496842,0.458518,-2.632728,-1.92054,0.773585,1.0
SOLUSD_2308_BEARISH_2302_2307,SOLUSD,1h,SHORT,2024-09-05T04:00:00+00:00,2024-09-04T22:00:00+00:00,2024-09-05T03:00:00+00:00,2302,2307,2308,133.78,134.674,132.25,0.894,0.668261,52,internal|choch|brk2307|form2302,internal,134.674,133.482,1.711409,1,3.255034,0.0,2,TP_HIT,2024-09-05T06:00:00+00:00,0.892937,0.735704,0.668261,0.551778,0.991611,0.689178,0.375,0.735704,0.856058,6.0,1.0,0.0,0.177754,0.0,1.0,0.0,1.0,1.0,0.731587,0.127143,1.213719,27.0,0.859968,1.784637,-0.160053,3.337178,-1.680734,0.702379,0.0
BTCUSD_2321_BEARISH_2318_2319,BTCUSD,1h,SHORT,2024-09-05T17:00:00+00:00,2024-09-05T14:00:00+00:00,2024-09-05T15:00:00+00:00,2318,2319,2321,56685.625,57325.0,55589.55,639.375,1.127931,31,internal|bos|brk2319|form2318,internal,57325.0,56472.5,1.714291,1,2.20782,0.272727,14,TP_HIT,2024-09-06T07:00:00+00:00,1.506184,1.93469,1.127931,1.451018,0.85044,0.167742,0.560117,1.93469,1.29698,3.0,2.0,0.0,0.19432,1.0,0.0,0.0,1.0,1.0,0.240675,0.045389,0.778514,29.0,0.477778,0.955431,-0.107658,-1.901312,-1.947197,1.868856,0.0
ETHUSD_2340_BEARISH_2311_2319,ETHUSD,1h,SHORT,2024-09-06T12:00:00+00:00,2024-09-05T07:00:00+00:00,2024-09-05T15:00:00+00:00,2311,2319,2340,2402.75,2417.0,2378.32,14.25,0.59307,59,internal|bos|brk2319|form2311,internal,2417.0,2398.0,1.714386,1,3.294737,0.0,1,TP_HIT,2024-09-06T13:00:00+00:00,0.791683,0.840382,0.59307,0.630286,0.897368,0.539474,0.789474,0.840382,0.241057,29.0,21.0,3.0,0.123846,1.0,0.0,0.0,0.0,0.0,0.360023,0.015481,0.942052,17.0,0.589669,2.134128,2.356378,1.084576,0.433127,1.173312,0.0
SOLUSD_2340_BEARISH_2317_2319,SOLUSD,1h,SHORT,2024-09-06T12:00:00+00:00,2024-09-05T13:00:00+00:00,2024-09-05T15:00:00+00:00,2317,2319,2340,133.693,134.923,131.58,1.23,0.920018,38,internal|bos|brk2319|form2317,internal,134.923,133.283,1.717886,1,2.439024,0.50813,1,TP_HIT,2024-09-06T13:00:00+00:00,1.227398,1.020773,0.920018,0.76558,0.796951,0.47561,0.665244,1.020773,0.791099,23.0,21.0,0.0,0.047927,1.0,0.0,0.0,0.0,0.0,0.739935,0.051039,1.20242,10.5,0.876639,2.718866,4.273451,3.05662,3.866544,0.939862,0.0
BTCUSD_2341_BULLISH_2336_2340,BTCUSD,1h,LONG,2024-09-06T13:00:00+00:00,2024-09-06T08:00:00+00:00,2024-09-06T12:00:00+00:00,2336,2340,2341,55931.5,55633.0,56443.21,298.5,0.533689,65,internal|choch|brk2340|form2336,internal,55931.5,55633.0,-1.0,0,0.035176,5.102178,1,SL_HIT,2024-09-06T14:00:00+00:00,0.534023,0.669079,0.533689,0.669079,0.882747,0.268007,0.030151,0.669079,1.945597,5.0,1.0,0.0,0.078451,0.0,1.0,0.0,1.0,0.0,0.137039,0.21406,0.798146,61.0,0.644473,2.574329,0.208856,-0.347646,-1.173091,1.529109,1.0
SOLUSD_2342_BULLISH_2335_2340,SOLUSD,1h,LONG,2024-09-06T14:00:00+00:00,2024-09-06T07:00:00+00:00,2024-09-06T12:00:00+00:00,2335,2340,2342,129.4765,127.51,132.85,1.9665,1.518808,23,internal|choch|brk2340|form2335,internal,130.132,127.51,-1.0,0,0.277905,1.351386,1,SL_HIT,2024-09-06T15:00:00+00:00,2.030229,1.617501,1.518808,1.213126,0.624714,0.646072,0.751716,1.617501,2.044887,7.0,2.0,0.0,0.20265,0.0,1.0,0.0,0.0,1.0,0.439141,0.103639,1.255164,42.0,1.030434,1.471297,-0.266424,-0.243313,0.401925,1.506086,1.0
BTCUSD_2346_BULLISH_1579_1584,BTCUSD,1h,LONG,2024-09-06T18:00:00+00:00,2024-08-05T19:00:00+00:00,2024-08-06T00:00:00+00:00,1579,1584,2346,53340.625,52540.0,54713.12,800.625,1.500967,23,internal|bos|brk1584|form1579,internal,53607.5,52540.0,1.714279,1,1.850898,0.968774,21,TP_HIT,2024-09-07T15:00:00+00:00,2.00075,2.329038,1.500967,1.746778,0.763466,0.237939,0.33911,2.329038,4.376627,767.0,762.0,0.0,0.031363,1.0,0.0,0.0,0.0,0.0,0.000232,0.09818,0.859046,73.5,0.822716,1.400695,-4.546796,-5.694894,-8.636352,1.923095,1.0
ETHUSD_2368_BULLISH_2360_2367,ETHUSD,1h,LONG,2024-09-07T16:00:00+00:00,2024-09-07T08:00:00+00:00,2024-09-07T15:00:00+00:00,2360,2367,2368,2293.925,2275.7,2325.17,18.225,0.79449,44,internal|choch|brk2367|form2360,internal,2300.0,2275.7,-1.0,0,0.0,1.666667,1,SL_HIT,2024-09-07T17:00:00+00:00,1.061298,1.044507,0.79449,0.78338,0.574074,0.670782,0.3107,1.044507,0.242859,8.0,1.0,0.0,0.183756,0.0,1.0,0.0,1.0,0.0,0.377112,0.444883,1.016075,70.0,0.576695,0.896213,0.247373,2.820127,-3.672774,0.800305,1.0
ETHUSD_2380_BEARISH_2367_2369,ETHUSD,1h,SHORT,2024-09-08T04:00:00+00:00,2024-09-07T15:00:00+00:00,2024-09-07T17:00:00+00:00,2367,2369,2380,2296.5375,2311.2,2271.4,14.6625,0.638461,54,internal|choch|brk2369|form2367,internal,2311.2,2291.65,1.714408,1,2.028133,0.907928,9,TP_HIT,2024-09-08T13:00:00+00:00,0.850795,0.858088,0.638461,0.643566,0.682864,0.682864,0.289003,0.858088,0.719829,13.0,11.0,1.0,0.057608,0.0,1.0,0.0,0.0,1.0,0.432768,0.094368,0.991501,37.5,0.389593,0.84931,1.044369,0.255236,-4.363841,0.806321,0.0
SOLUSD_2383_BEARISH_2338_2344,SOLUSD,1h,SHORT,2024-09-08T07:00:00+00:00,2024-09-06T10:00:00+00:00,2024-09-06T16:00:00+00:00,2338,2344,2383,129.8715,131.103,127.76,1.2315,0.948245,36,internal|choch|brk2344|form2338,internal,131.103,129.461,1.714576,1,1.777913,0.917986,7,TP_HIT,2024-09-08T14:00:00+00:00,1.266584,1.048595,0.948245,0.786446,0.890987,0.406212,0.622473,1.048595,0.98218,45.0,39.0,0.0,0.147838,0.0,1.0,0.0,0.0,1.0,0.600048,0.025544,1.207887,1.0,0.539164,1.071585,1.020806,1.614673,-0.470623,0.467267,0.0
XRPUSD_2386_BEARISH_2367_2373,XRPUSD,1h,SHORT,2024-09-08T10:00:00+00:00,2024-09-07T15:00:00+00:00,2024-09-07T21:00:00+00:00,2367,2373,2386,0.5309,0.533,0.53,0.0021,0.395555,88,internal|choch|brk2373|form2367,internal,0.533,0.5309,0.428571,1,1.0,0.238095,1,TP_HIT,2024-09-08T11:00:00+00:00,0.395406,0.502177,0.395555,0.502177,0.904762,0.47619,0.190476,0.502177,0.52609,19.0,13.0,1.0,0.047826,0.0,1.0,0.0,0.0,1.0,0.45873,0.07174,0.787383,0.5,0.281468,0.310872,0.491958,0.075372,-0.877193,1.287695,0.0
SOLUSD_2390_BULLISH_2375_2383,SOLUSD,1h,LONG,2024-09-08T14:00:00+00:00,2024-09-07T23:00:00+00:00,2024-09-08T07:00:00+00:00,2375,2383,2390,127.51325,126.47,129.3,1.04325,0.81815,42,internal|bos|brk2383|form2375,internal,127.861,126.47,1.712677,1,1.808531,0.790079,3,TP_HIT,2024-09-08T17:00:00+00:00,1.089255,0.897232,0.81815,0.672924,0.885694,0.128684,0.667865,0.897232,0.766937,15.0,7.0,0.0,0.121749,1.0,0.0,0.0,0.0,0.0,0.470367,0.123845,1.214017,0.5,0.549902,0.98044,-1.561729,-0.085282,-4.426117,1.417426,1.0
BTCUSD_2393_BEARISH_2385_2391,BTCUSD,1h,SHORT,2024-09-08T17:00:00+00:00,2024-09-08T09:00:00+00:00,2024-09-08T15:00:00+00:00,2385,2391,2393,54441.0,54722.0,53959.29,281.0,0.516155,67,internal|bos|brk2391|form2385,internal,54722.0,54441.0,-1.0,0,0.948399,3.128114,5,SL_HIT,2024-09-08T22:00:00+00:00,0.515667,0.652218,0.516155,0.652218,0.816726,0.234875,0.128114,0.652218,1.038675,8.0,2.0,0.0,0.119535,1.0,0.0,0.0,0.0,0.0,0.323487,0.126498,0.790636,3.5,0.40344,1.408885,0.561005,0.300021,0.828947,1.731354,0.0
XRPUSD_2399_BEARISH_2385_2391,XRPUSD,1h,SHORT,2024-09-08T23:00:00+00:00,2024-09-08T09:00:00+00:00,2024-09-08T15:00:00+00:00,2385,2391,2399,0.5295,0.5319,0.53,0.0024,0.453258,77,internal|bos|brk2391|form2385,internal,0.5319,0.5295,0.208333,1,0.916667,0.416667,1,TP_HIT,2024-09-09T00:00:00+00:00,0.452659,0.586167,0.453258,0.586167,0.708333,0.791667,0.208333,0.586167,0.879251,14.0,8.0,1.0,0.170965,1.0,0.0,0.0,0.0,0.0,0.478632,0.073271,0.772236,0.5,0.351919,0.0,0.588124,0.0755,2.098979,0.540991,0.0
XRPUSD_2409_BULLISH_2398_2408,XRPUSD,1h,LONG,2024-09-09T09:00:00+00:00,2024-09-08T22:00:00+00:00,2024-09-09T08:00:00+00:00,2398,2408,2409,0.530025,0.5259,0.54,0.004125,0.778265,44,internal|choch|brk2408|form2398,internal,0.5314,0.5259,2.418182,1,3.09697,0.466667,12,TP_HIT,2024-09-09T21:00:00+00:00,1.037149,1.366817,0.778265,1.025113,0.8,0.2,0.363636,1.366817,0.298215,11.0,1.0,0.0,0.068341,0.0,1.0,0.0,1.0,1.0,0.524254,0.049702,0.758806,1.0,0.336836,1.0189,0.113272,0.607095,0.075486,1.380932,1.0
BTCUSD_2414_BULLISH_2405_2413,BTCUSD,1h,LONG,2024-09-09T14:00:00+00:00,2024-09-09T05:00:00+00:00,2024-09-09T13:00:00+00:00,2405,2413,2414,54836.125,54578.5,55277.77,257.625,0.469809,74,internal|bos|brk2413|form2405,internal,54922.0,54578.5,1.714294,1,2.439107,0.056769,1,TP_HIT,2024-09-09T15:00:00+00:00,0.626505,0.800381,0.469809,0.600286,0.726346,0.355167,0.524017,0.800381,0.782905,9.0,1.0,0.0,0.018932,1.0,0.0,0.0,0.0,1.0,0.47542,0.038446,0.782758,6.5,0.460913,2.208912,-0.582961,-0.060152,0.479232,1.507727,1.0
SOLUSD_2418_BEARISH_2296_2348,SOLUSD,1h,SHORT,2024-09-09T18:00:00+00:00,2024-09-04T16:00:00+00:00,2024-09-06T20:00:00+00:00,2296,2348,2418,133.47525,134.952,130.94,1.47675,1.106385,31,internal|bos|brk2348|form2296,internal,134.952,132.983,-1.0,0,0.239208,1.062299,1,SL_HIT,2024-09-09T19:00:00+00:00,1.47865,1.280375,1.106385,0.960281,0.909091,0.445912,0.020315,1.280375,2.491172,122.0,70.0,2.0,0.203696,1.0,0.0,0.0,0.0,0.0,0.915282,0.029912,1.154857,7.5,0.963734,0.792025,2.626509,3.554681,4.375294,1.568388,0.0
ETHUSD_2421_BEARISH_2341_2343,ETHUSD,1h,SHORT,2024-09-09T21:00:00+00:00,2024-09-06T13:00:00+00:00,2024-09-06T15:00:00+00:00,2341,2343,2421,2367.1,2401.0,2308.99,33.9,1.432132,24,internal|bos|brk2343|form2341,internal,2401.0,2355.8,1.714159,1,1.756637,0.941003,37,TP_HIT,2024-09-11T10:00:00+00:00,1.908179,2.017245,1.432132,1.512934,0.713496,0.535398,0.780973,2.017245,1.662442,80.0,78.0,0.0,0.073638,1.0,0.0,0.0,0.0,0.0,0.846304,0.01562,0.945933,15.5,0.774136,1.760627,1.150824,2.750125,3.429831,1.104183,0.0
XRPUSD_2436_BEARISH_2340_2342,XRPUSD,1h,SHORT,2024-09-10T12:00:00+00:00,2024-09-06T12:00:00+00:00,2024-09-06T14:00:00+00:00,2340,2342,2436,0.539425,0.5452,0.53,0.005775,1.070584,32,internal|bos|brk2342|form2340,internal,0.5452,0.5375,1.632035,1,1.822511,0.601732,24,TP_HIT,2024-09-11T12:00:00+00:00,1.429898,1.989979,1.070584,1.492484,0.87013,0.688312,0.74026,1.989979,1.886603,96.0,94.0,14.0,0.239056,1.0,0.0,0.0,1.0,0.0,0.844186,0.310127,0.718549,0.5,0.299752,0.46519,-0.185357,-0.388457,1.393335,0.191859,0.0
BTCUSD_2449_BULLISH_2438_2442,BTCUSD,1h,LONG,2024-09-11T01:00:00+00:00,2024-09-10T14:00:00+00:00,2024-09-10T18:00:00+00:00,2438,2442,2449,57000.875,56514.5,57834.66,486.375,0.853276,41,internal|bos|brk2442|form2438,internal,57163.0,56514.5,-1.0,0,0.347726,1.556155,3,SL_HIT,2024-09-11T04:00:00+00:00,1.143295,1.485862,0.853276,1.114396,0.319969,0.757903,0.311488,1.485862,0.924511,11.0,7.0,0.0,0.638966,1.0,0.0,0.0,0.0,1.0,0.703795,0.014893,0.769449,43.0,0.55968,2.466507,-1.45844,-0.760194,3.392209,0.369304,1.0
XRPUSD_2452_BULLISH_2414_2416,XRPUSD,1h,LONG,2024-09-11T04:00:00+00:00,2024-09-09T14:00:00+00:00,2024-09-09T16:00:00+00:00,2414,2416,2452,0.531625,0.5281,0.54,0.003525,0.663061,52,internal|bos|brk2416|form2414,internal,0.5328,0.5281,-1.0,0,1.070922,1.425532,9,SL_HIT,2024-09-11T13:00:00+00:00,0.882629,1.237756,0.663061,0.928317,0.93617,0.510638,0.93617,1.237756,1.76446,38.0,36.0,2.0,0.230433,1.0,0.0,0.0,0.0,1.0,0.545852,0.05267,0.713088,1.0,0.274488,0.737386,-1.571165,-0.819519,0.377003,1.047859,1.0
BTCUSD_2465_BEARISH_2443_2453,BTCUSD,1h,SHORT,2024-09-11T17:00:00+00:00,2024-09-10T19:00:00+00:00,2024-09-11T05:00:00+00:00,2443,2453,2465,57496.25,58037.0,56569.25,540.75,0.940496,37,internal|choch|brk2453|form2443,internal,58037.0,57316.0,-1.0,0,0.527508,1.019417,8,SL_HIT,2024-09-12T01:00:00+00:00,1.249902,1.612838,0.940496,1.209628,0.488904,0.757282,0.551318,1.612838,0.621871,22.0,12.0,1.0,0.421105,0.0,1.0,0.0,0.0,0.0,0.920213,0.039147,0.774971,85.5,0.737034,1.384669,1.671778,1.350235,4.155607,1.974855,0.0
ETHUSD_2477_BULLISH_2466_2473,ETHUSD,1h,LONG,2024-09-12T05:00:00+00:00,2024-09-11T18:00:00+00:00,2024-09-12T01:00:00+00:00,2466,2473,2477,2352.1,2329.45,2390.93,22.65,0.962969,36,internal|choch|brk2473|form2466,internal,2359.65,2329.45,-1.0,0,0.666667,1.077263,9,SL_HIT,2024-09-12T14:00:00+00:00,1.28148,1.37803,0.962969,1.033522,0.900662,0.153974,0.647351,1.37803,0.896632,11.0,4.0,0.0,0.207617,0.0,1.0,0.0,1.0,1.0,0.732892,0.006845,0.929937,8.0,0.679519,0.725519,0.187055,2.023897,0.685722,0.514959,1.0
BTCUSD_2480_BEARISH_2296_2342,BTCUSD,1h,SHORT,2024-09-12T08:00:00+00:00,2024-09-04T16:00:00+00:00,2024-09-06T14:00:00+00:00,2296,2342,2480,58213.75,58523.5,57682.75,309.75,0.532091,65,internal|bos|brk2342|form2296,internal,58523.5,58110.5,1.714286,1,2.002421,0.104116,4,TP_HIT,2024-09-12T12:00:00+00:00,0.710098,0.936136,0.532091,0.702102,0.877724,0.892252,0.687651,0.936136,2.648609,184.0,138.0,5.0,0.119567,1.0,0.0,0.0,1.0,0.0,0.934568,0.0816,0.758541,69.5,0.626052,0.566669,-0.097908,0.826045,2.359184,0.555889,0.0
ETHUSD_2491_BEARISH_2474_2486,ETHUSD,1h,SHORT,2024-09-12T19:00:00+00:00,2024-09-12T02:00:00+00:00,2024-09-12T14:00:00+00:00,2474,2486,2491,2368.1125,2392.0,2327.16,23.8875,1.008715,34,internal|choch|brk2486|form2474,internal,2392.0,2360.15,-1.0,0,1.271062,1.881214,20,SL_HIT,2024-09-13T15:00:00+00:00,1.34929,1.477271,1.008715,1.107953,0.989011,0.043956,0.285714,1.477271,0.540352,17.0,5.0,0.0,0.353084,0.0,1.0,0.0,0.0,0.0,0.752412,0.166976,0.913367,1.5,0.3721,0.721242,1.365569,-0.181834,0.408354,1.450001,0.0
SOLUSD_2496_BULLISH_2487_2494,SOLUSD,1h,LONG,2024-09-13T00:00:00+00:00,2024-09-12T15:00:00+00:00,2024-09-12T22:00:00+00:00,2487,2494,2496,134.94725,133.4,137.6,1.54725,1.146559,30,internal|bos|brk2494|form2487,internal,135.463,133.4,-1.0,0,0.402488,1.135725,10,SL_HIT,2024-09-13T10:00:00+00:00,1.523634,1.437739,1.146559,1.078304,0.969462,0.030538,0.349976,1.437739,0.510143,9.0,2.0,0.0,0.315529,1.0,0.0,0.0,0.0,0.0,0.763533,0.018817,1.059743,0.5,0.394454,0.549588,-0.101816,0.661661,-0.404561,0.410873,1.0
BTCUSD_2499_BULLISH_2485_2489,BTCUSD,1h,LONG,2024-09-13T03:00:00+00:00,2024-09-12T13:00:00+00:00,2024-09-12T17:00:00+00:00,2485,2489,2499,57732.625,57331.0,58421.12,401.625,0.695664,50,internal|choch|brk2489|form2485,internal,57866.5,57331.0,1.714273,1,2.02521,0.289138,11,TP_HIT,2024-09-13T14:00:00+00:00,0.925718,1.224139,0.695664,0.918104,0.963585,0.171802,0.11578,1.224139,0.744084,14.0,10.0,1.0,0.261458,0.0,1.0,0.0,0.0,1.0,0.818865,0.010287,0.75622,42.0,0.373196,0.560064,-0.477423,0.274751,1.983357,0.314285,1.0
SOLUSD_2507_BULLISH_2467_2472,SOLUSD,1h,LONG,2024-09-13T11:00:00+00:00,2024-09-11T19:00:00+00:00,2024-09-12T00:00:00+00:00,2467,2472,2507,132.58675,131.692,134.12,0.89475,0.674841,51,internal|choch|brk2472|form2467,internal,132.885,131.692,-1.0,0,0.249511,1.015647,1,SL_HIT,2024-09-13T12:00:00+00:00,0.90035,0.849782,0.674841,0.637337,0.680637,0.322716,0.475272,0.849782,0.725128,40.0,35.0,0.0,0.058943,0.0,1.0,0.0,0.0,1.0,0.500952,0.036328,1.059507,1.0,0.491948,1.084843,-0.998207,-2.468754,0.754304,1.249953,1.0
SOLUSD_2511_BEARISH_2442_2452,SOLUSD,1h,SHORT,2024-09-13T15:00:00+00:00,2024-09-10T18:00:00+00:00,2024-09-11T04:00:00+00:00,2442,2452,2511,136.5425,138.008,134.03,1.4655,1.073292,32,internal|choch|brk2452|form2442,internal,138.008,136.054,-1.0,0,0.377687,1.131696,3,SL_HIT,2024-09-13T18:00:00+00:00,1.430946,1.385596,1.073292,1.039197,0.744626,0.341351,0.31781,1.385596,0.815473,69.0,59.0,7.0,0.007446,0.0,1.0,0.0,0.0,0.0,0.868075,0.033328,1.03273,4.0,0.661469,2.042938,1.840623,0.851551,5.359278,1.822809,0.0
SOLUSD_2515_BEARISH_2184_2213,SOLUSD,1h,SHORT,2024-09-13T19:00:00+00:00,2024-08-31T00:00:00+00:00,2024-09-01T05:00:00+00:00,2184,2213,2515,138.27075,139.245,136.6,0.97425,0.704596,49,internal|bos|brk2213|form2184,internal,139.245,137.946,-1.0,0,0.346677,1.342828,2,SL_HIT,2024-09-13T21:00:00+00:00,0.941516,0.923158,0.704596,0.692369,0.982294,0.196305,0.462664,0.923158,1.565603,331.0,302.0,2.0,0.214444,1.0,0.0,0.0,0.0,0.0,0.976728,0.016345,1.019886,3.5,0.658627,0.465488,3.162106,2.751071,3.678404,1.847055,0.0
ETHUSD_2540_BEARISH_2532_2538,ETHUSD,1h,SHORT,2024-09-14T20:00:00+00:00,2024-09-14T12:00:00+00:00,2024-09-14T18:00:00+00:00,2532,2538,2540,2414.4,2423.85,2398.2,9.45,0.391402,89,internal|choch|brk2538|form2532,internal,2423.85,2414.4,-1.0,0,0.269841,1.687831,5,SL_HIT,2024-09-15T01:00:00+00:00,0.391021,0.474161,0.391402,0.474161,0.751323,0.835979,0.354497,0.474161,0.346213,8.0,2.0,0.0,0.117913,0.0,1.0,0.0,1.0,0.0,0.742667,0.012544,0.824659,1.0,0.216684,0.755145,-0.078556,0.080752,2.956525,0.965214,0.0
XRPUSD_2547_BULLISH_2532_2541,XRPUSD,1h,LONG,2024-09-15T03:00:00+00:00,2024-09-14T12:00:00+00:00,2024-09-14T21:00:00+00:00,2532,2541,2547,0.58875,0.5835,0.6,0.00525,0.89172,39,internal|bos|brk2541|form2532,internal,0.5905,0.5835,-1.0,0,0.390476,1.4,8,SL_HIT,2024-09-15T11:00:00+00:00,1.189667,1.688011,0.89172,1.266008,0.7,0.414286,0.257143,1.688011,0.795776,15.0,6.0,0.0,0.084401,1.0,0.0,0.0,0.0,1.0,0.855643,0.096458,0.704774,72.0,0.432242,0.940463,-1.29173,0.478142,5.334765,0.782767,1.0
ETHUSD_2553_BULLISH_2538_2545,ETHUSD,1h,LONG,2024-09-15T09:00:00+00:00,2024-09-14T18:00:00+00:00,2024-09-15T01:00:00+00:00,2538,2545,2553,2404.8125,2375.75,2454.63,29.0625,1.208514,28,internal|choch|brk2545|form2538,internal,2414.5,2375.75,-1.0,0,0.483011,1.00172,8,SL_HIT,2024-09-15T17:00:00+00:00,1.605885,2.031609,1.208514,1.523706,0.96129,0.095484,0.178065,2.031609,0.254279,15.0,8.0,2.0,0.429259,0.0,1.0,0.0,0.0,1.0,0.722667,0.102236,0.79045,0.5,0.158445,0.280493,-0.16756,0.22429,2.735498,0.828631,1.0
BTCUSD_2560_BULLISH_2554_2558,BTCUSD,1h,LONG,2024-09-15T16:00:00+00:00,2024-09-15T10:00:00+00:00,2024-09-15T14:00:00+00:00,2554,2558,2560,60047.5,59873.5,60345.79,174.0,0.289771,100,internal|bos|brk2558|form2554,internal,60047.5,59873.5,-1.0,0,0.0,2.08046,1,SL_HIT,2024-09-15T17:00:00+00:00,0.290268,0.442118,0.289771,0.442118,0.408046,0.686782,0.163793,0.442118,0.22487,6.0,2.0,0.0,0.261713,1.0,0.0,0.0,0.0,1.0,0.866719,0.012705,0.656541,1.0,0.186789,1.067181,-0.0925,-0.45253,2.564783,1.792815,1.0
BTCUSD_2561_BULLISH_2538_2540,BTCUSD,1h,LONG,2024-09-15T17:00:00+00:00,2024-09-14T18:00:00+00:00,2024-09-14T20:00:00+00:00,2538,2540,2561,59768.75,59423.0,60361.46,345.75,0.57848,60,internal|bos|brk2540|form2538,internal,59884.0,59423.0,-1.0,0,1.208243,1.141721,5,SL_HIT,2024-09-15T22:00:00+00:00,0.770735,1.171887,0.57848,0.878916,0.845987,0.430586,0.247289,1.171887,0.542729,23.0,21.0,2.0,0.112486,1.0,0.0,0.0,0.0,1.0,0.840754,0.008897,0.657687,0.5,0.192366,0.910056,-0.4883,-0.684101,0.27158,2.063996,1.0
SOLUSD_2598_BULLISH_2582_2597,SOLUSD,1h,LONG,2024-09-17T06:00:00+00:00,2024-09-16T14:00:00+00:00,2024-09-17T05:00:00+00:00,2582,2597,2598,131.77925,129.947,134.92,1.83225,1.390393,25,internal|choch|brk2597|form2582,internal,132.39,129.947,1.714149,1,2.055806,0.459135,9,TP_HIT,2024-09-17T15:00:00+00:00,1.850701,1.945067,1.390393,1.4588,0.841998,0.179288,0.733524,1.945067,0.980893,16.0,1.0,0.0,0.178941,0.0,1.0,0.0,1.0,0.0,0.281276,0.090764,0.951485,5.5,0.664255,0.603504,1.118397,0.37869,-3.622797,0.730309,1.0
BTCUSD_2601_BEARISH_2576_2582,BTCUSD,1h,SHORT,2024-09-17T09:00:00+00:00,2024-09-16T08:00:00+00:00,2024-09-16T14:00:00+00:00,2576,2582,2601,58844.0,59178.5,58270.57,334.5,0.568452,61,internal|bos|brk2582|form2576,internal,59178.5,58844.0,-1.0,0,0.0,1.258595,1,SL_HIT,2024-09-17T10:00:00+00:00,0.567339,0.847384,0.568452,0.847384,0.654709,0.714499,0.06278,0.847384,2.230558,25.0,19.0,1.0,0.292594,1.0,0.0,0.0,0.0,1.0,0.467863,0.036733,0.669518,11.0,0.550546,0.998114,1.235405,1.84659,-2.04436,0.845623,0.0
XRPUSD_2614_BULLISH_2605_2607,XRPUSD,1h,LONG,2024-09-17T22:00:00+00:00,2024-09-17T13:00:00+00:00,2024-09-17T15:00:00+00:00,2605,2607,2614,0.584525,0.5807,0.59,0.003825,0.654377,53,internal|choch|brk2607|form2605,internal,0.5858,0.5807,-1.0,0,0.176471,1.339869,2,SL_HIT,2024-09-18T00:00:00+00:00,0.873587,1.196834,0.654377,0.897626,0.607843,0.392157,0.431373,1.196834,0.328543,9.0,7.0,2.0,0.170138,0.0,1.0,0.0,0.0,1.0,0.605063,0.023467,0.729915,88.5,0.450551,0.797889,-0.849185,-0.273317,0.1544,0.264165,1.0
BTCUSD_2621_BULLISH_2616_2619,BTCUSD,1h,LONG,2024-09-18T05:00:00+00:00,2024-09-18T00:00:00+00:00,2024-09-18T03:00:00+00:00,2616,2619,2621,60214.0,59870.5,60802.86,343.5,0.570465,61,internal|bos|brk2619|form2616,internal,60328.5,59870.5,-1.0,0,0.953421,1.618632,4,SL_HIT,2024-09-18T09:00:00+00:00,0.760273,1.126995,0.570465,0.845246,0.810044,0.300218,0.203057,1.126995,0.414626,5.0,2.0,1.0,0.067669,1.0,0.0,0.0,1.0,1.0,0.711247,0.004921,0.674602,32.0,0.69757,0.567188,0.026567,-0.047287,2.85385,0.46218,1.0
XRPUSD_2625_BULLISH_2582_2584,XRPUSD,1h,LONG,2024-09-18T09:00:00+00:00,2024-09-16T14:00:00+00:00,2024-09-16T16:00:00+00:00,2582,2584,2625,0.5709,0.5649,0.58,0.006,1.050972,33,internal|choch|brk2584|form2582,internal,0.5729,0.5649,-1.0,0,0.6,1.416667,6,SL_HIT,2024-09-18T15:00:00+00:00,1.396404,1.893071,1.050972,1.419804,1.0,0.0,0.7375,1.893071,2.50832,43.0,41.0,0.0,0.473268,0.0,1.0,0.0,0.0,1.0,0.329114,0.023663,0.73764,81.0,0.531854,0.970199,-1.12185,-2.634262,0.174856,0.947586,1.0
XRPUSD_2645_BEARISH_2608_2614,XRPUSD,1h,SHORT,2024-09-19T05:00:00+00:00,2024-09-17T16:00:00+00:00,2024-09-17T22:00:00+00:00,2608,2614,2645,0.586125,0.5907,0.58,0.004575,0.78055,44,internal|choch|brk2614|form2608,internal,0.5907,0.5846,-1.0,0,1.010929,1.480874,9,SL_HIT,2024-09-19T14:00:00+00:00,1.041133,1.424004,0.78055,1.068003,0.786885,0.885246,0.770492,1.424004,0.793707,37.0,31.0,7.0,0.052525,0.0,1.0,0.0,1.0,1.0,0.771513,0.023344,0.731131,86.5,0.514735,0.887084,-0.407955,3.042561,-0.238379,0.312743,0.0
XRPUSD_2668_BEARISH_2657_2665,XRPUSD,1h,SHORT,2024-09-20T04:00:00+00:00,2024-09-19T17:00:00+00:00,2024-09-20T01:00:00+00:00,2657,2665,2668,0.59035,0.5947,0.58,0.00435,0.736851,47,internal|choch|brk2665|form2657,internal,0.5947,0.5889,2.37931,1,2.54023,0.609195,9,TP_HIT,2024-09-20T13:00:00+00:00,0.982551,1.353339,0.736851,1.015004,0.758621,0.413793,0.051724,1.353339,0.490002,11.0,3.0,0.0,0.011667,0.0,1.0,0.0,0.0,0.0,0.873563,0.046667,0.72602,84.0,0.503526,0.770003,0.562181,0.819812,1.618179,0.903526,0.0
ETHUSD_2706_BEARISH_2151_2165,ETHUSD,1h,SHORT,2024-09-21T18:00:00+00:00,2024-08-29T15:00:00+00:00,2024-08-30T05:00:00+00:00,2151,2165,2706,2574.65,2595.35,2539.16,20.7,0.803993,43,internal|choch|brk2165|form2151,internal,2595.35,2567.75,-1.0,0,0.714976,2.309179,5,SL_HIT,2024-09-21T23:00:00+00:00,1.074014,1.41031,0.803993,1.057733,0.925725,0.690217,0.253623,1.41031,0.344913,555.0,541.0,8.0,0.247826,0.0,1.0,0.0,1.0,0.0,0.945144,0.01022,0.761544,44.0,0.321406,0.263156,-0.007782,0.986364,3.933186,0.943017,0.0
SOLUSD_2713_BULLISH_2704_2711,SOLUSD,1h,LONG,2024-09-22T01:00:00+00:00,2024-09-21T16:00:00+00:00,2024-09-21T23:00:00+00:00,2704,2711,2713,147.873,147.192,149.04,0.681,0.46053,75,internal|bos|brk2711|form2704,internal,148.1,147.192,-1.0,0,0.262849,1.146843,1,SL_HIT,2024-09-22T02:00:00+00:00,0.614265,0.689353,0.46053,0.517015,0.690529,0.364537,0.153084,0.689353,0.676446,9.0,2.0,0.0,0.040997,1.0,0.0,0.0,1.0,1.0,0.815131,0.03796,0.891075,64.0,0.426044,0.882949,0.121919,0.665341,3.55459,0.883276,1.0
SOLUSD_2721_BULLISH_2692_2701,SOLUSD,1h,LONG,2024-09-22T09:00:00+00:00,2024-09-21T04:00:00+00:00,2024-09-21T13:00:00+00:00,2692,2701,2721,145.81375,144.676,147.76,1.13775,0.780276,44,internal|choch|brk2701|form2692,internal,146.193,144.676,-1.0,0,0.0,1.277741,1,SL_HIT,2024-09-22T10:00:00+00:00,1.046503,1.158074,0.780276,0.868555,0.186552,0.81938,0.464733,1.158074,0.707669,29.0,20.0,0.0,0.652514,0.0,1.0,0.0,0.0,0.0,0.702612,0.015268,0.903658,63.0,0.524412,1.800091,-2.322682,-1.922192,-4.040698,1.337564,1.0
ETHUSD_2726_BULLISH_2703_2711,ETHUSD,1h,LONG,2024-09-22T14:00:00+00:00,2024-09-21T15:00:00+00:00,2024-09-21T23:00:00+00:00,2703,2711,2726,2563.225,2551.0,2584.18,12.225,0.476938,73,internal|bos|brk2711|form2703,internal,2567.3,2551.0,1.71411,1,2.325153,0.893661,3,TP_HIT,2024-09-22T17:00:00+00:00,0.635564,0.844574,0.476938,0.633431,0.837423,0.699387,0.46319,0.844574,2.05444,23.0,15.0,1.0,0.073835,1.0,0.0,0.0,0.0,1.0,0.804064,0.018135,0.752526,25.0,0.477441,0.981882,-0.589182,-1.882281,0.444523,1.192774,1.0
BTCUSD_2729_BEARISH_2715_2721,BTCUSD,1h,SHORT,2024-09-22T17:00:00+00:00,2024-09-22T03:00:00+00:00,2024-09-22T09:00:00+00:00,2715,2721,2729,62919.5,63226.5,62393.21,307.0,0.487925,71,internal|choch|brk2721|form2715,internal,63226.5,62919.5,-1.0,0,0.390879,1.289902,3,SL_HIT,2024-09-22T20:00:00+00:00,0.486838,0.793053,0.487925,0.793053,0.542345,0.705212,0.509772,0.793053,0.849884,14.0,8.0,1.0,0.362944,0.0,1.0,0.0,0.0,1.0,0.783072,0.006458,0.613878,0.5,0.226139,0.931256,0.446802,0.161217,-0.12433,1.620874,0.0
ETHUSD_2737_BEARISH_2712_2733,ETHUSD,1h,SHORT,2024-09-23T01:00:00+00:00,2024-09-22T00:00:00+00:00,2024-09-22T21:00:00+00:00,2712,2733,2737,2611.825,2632.15,2576.98,20.325,0.778191,44,internal|choch|brk2733|form2712,internal,2632.15,2605.05,-1.0,0,0.111931,1.543665,1,SL_HIT,2024-09-23T02:00:00+00:00,1.036884,1.366457,0.778191,1.024843,0.684502,0.555351,0.306273,1.366457,1.124428,25.0,4.0,0.0,0.0895,0.0,1.0,0.0,0.0,0.0,0.937616,0.108409,0.758812,77.5,0.508714,1.52781,1.581873,1.28466,2.0499,0.691303,0.0
XRPUSD_2744_BULLISH_2736_2739,XRPUSD,1h,LONG,2024-09-23T08:00:00+00:00,2024-09-23T00:00:00+00:00,2024-09-23T03:00:00+00:00,2736,2739,2744,0.586,0.58,0.6,0.006,1.023891,34,internal|choch|brk2739|form2736,internal,0.588,0.58,-1.0,0,1.666667,1.966667,64,SL_HIT,2024-09-26T00:00:00+00:00,1.363327,1.91231,1.023891,1.434233,0.85,0.2875,0.05,1.91231,0.693212,8.0,5.0,1.0,0.191231,0.0,1.0,0.0,0.0,1.0,0.27957,0.119519,0.712921,41.0,0.503278,0.764924,-1.178848,-0.828122,0.790106,0.28262,1.0
BTCUSD_2765_BEARISH_2752_2760,BTCUSD,1h,SHORT,2024-09-24T05:00:00+00:00,2024-09-23T16:00:00+00:00,2024-09-24T00:00:00+00:00,2752,2760,2765,63350.125,63818.5,62547.2,468.375,0.739343,47,internal|choch|brk2760|form2752,internal,63818.5,63194.0,-1.0,0,0.28743,1.272218,3,SL_HIT,2024-09-24T08:00:00+00:00,0.987875,1.587273,0.739343,1.190455,0.963971,0.10008,0.606085,1.587273,1.071314,13.0,5.0,1.0,0.339631,0.0,1.0,0.0,0.0,0.0,0.363788,0.002542,0.622372,12.5,0.27065,0.416834,0.492795,-0.276062,0.162405,0.608591,0.0
XRPUSD_2765_BEARISH_2750_2760,XRPUSD,1h,SHORT,2024-09-24T05:00:00+00:00,2024-09-23T14:00:00+00:00,2024-09-24T00:00:00+00:00,2750,2760,2765,0.587275,0.5905,0.58,0.003225,0.549146,63,internal|choch|brk2760|form2750,internal,0.5905,0.5862,-1.0,0,0.860465,1.062016,3,SL_HIT,2024-09-24T08:00:00+00:00,0.733413,1.055312,0.549146,0.791484,0.976744,0.302326,0.348837,1.055312,0.90806,15.0,5.0,1.0,0.239286,0.0,1.0,0.0,0.0,1.0,0.266129,0.0,0.694972,1.0,0.248864,0.589012,0.652361,-0.289116,-2.15287,1.35748,0.0
BTCUSD_2787_BEARISH_2063_2065,BTCUSD,1h,SHORT,2024-09-25T03:00:00+00:00,2024-08-25T23:00:00+00:00,2024-08-26T01:00:00+00:00,2063,2065,2787,64410.25,65062.0,63292.96,651.75,1.011873,34,internal|choch|brk2065|form2063,internal,65062.0,64193.0,1.714292,1,2.16916,0.070963,14,TP_HIT,2024-09-25T17:00:00+00:00,1.348384,2.190958,1.011873,1.643219,0.707135,0.72267,0.291715,2.190958,0.441217,724.0,722.0,11.0,0.093916,0.0,1.0,0.0,1.0,0.0,0.848047,0.018909,0.615431,32.0,0.416609,0.611401,-0.193581,1.59452,0.984816,0.62844,0.0
XRPUSD_2789_BULLISH_2774_2779,XRPUSD,1h,LONG,2024-09-25T05:00:00+00:00,2024-09-24T14:00:00+00:00,2024-09-24T19:00:00+00:00,2774,2779,2789,0.587,0.5816,0.6,0.0054,0.919932,38,internal|bos|brk2779|form2774,internal,0.5888,0.5816,-1.0,0,1.018519,2.37037,19,SL_HIT,2024-09-26T00:00:00+00:00,1.222826,1.815307,0.919932,1.36148,1.0,0.027778,0.361111,1.815307,0.857228,15.0,10.0,1.0,0.453827,1.0,0.0,0.0,0.0,0.0,0.264095,0.0,0.673619,0.5,0.334568,0.504252,-0.439635,0.546448,-0.842034,1.392059,1.0
BTCUSD_2802_BULLISH_2775_2779,BTCUSD,1h,LONG,2024-09-25T18:00:00+00:00,2024-09-24T15:00:00+00:00,2024-09-24T19:00:00+00:00,2775,2779,2802,63359.5,62989.0,63994.64,370.5,0.584758,59,internal|bos|brk2779|form2775,internal,63359.5,62989.0,-1.0,0,0.527665,1.129555,5,SL_HIT,2024-09-25T23:00:00+00:00,0.584934,0.947609,0.584758,0.947609,0.948718,0.979757,0.078273,0.947609,1.520523,27.0,23.0,2.0,0.048595,1.0,0.0,0.0,0.0,1.0,0.397681,0.084402,0.617273,9.0,0.318528,0.645807,-0.651703,-1.717677,0.181096,1.486747,1.0
ETHUSD_2808_BULLISH_2733_2738,ETHUSD,1h,LONG,2024-09-26T00:00:00+00:00,2024-09-22T21:00:00+00:00,2024-09-23T02:00:00+00:00,2733,2738,2808,2571.2875,2545.0,2616.35,26.2875,1.022348,34,internal|choch|brk2738|form2733,internal,2580.05,2545.0,1.714218,1,1.727532,0.398954,5,TP_HIT,2024-09-26T05:00:00+00:00,1.362938,1.779211,1.022348,1.334408,0.760342,0.713267,0.636234,1.779211,1.098999,75.0,70.0,7.0,0.018401,0.0,1.0,0.0,1.0,0.0,0.263481,0.015229,0.766035,35.0,0.372885,1.50002,0.021392,-1.905325,-2.877807,0.61833,1.0
BTCUSD_2811_BEARISH_2805_2808,BTCUSD,1h,SHORT,2024-09-26T03:00:00+00:00,2024-09-25T21:00:00+00:00,2024-09-26T00:00:00+00:00,2805,2808,2811,63399.5,63555.0,63132.93,155.5,0.24527,100,internal|choch|brk2808|form2805,internal,63555.0,63399.5,-1.0,0,0.398714,2.109325,2,SL_HIT,2024-09-26T05:00:00+00:00,0.244853,0.39979,0.24527,0.39979,0.305466,0.932476,0.430868,0.39979,0.547623,6.0,3.0,0.0,0.277668,0.0,1.0,0.0,0.0,0.0,0.465622,0.06556,0.612454,5.0,0.320834,0.633751,0.393623,-0.137589,0.901652,0.69835,0.0
ETHUSD_2814_BEARISH_2794_2799,ETHUSD,1h,SHORT,2024-09-26T06:00:00+00:00,2024-09-25T10:00:00+00:00,2024-09-25T15:00:00+00:00,2794,2799,2814,2618.325,2631.0,2596.6,12.675,0.484088,72,internal|bos|brk2799|form2794,internal,2631.0,2614.1,-1.0,0,0.309665,1.319527,1,SL_HIT,2024-09-26T07:00:00+00:00,0.646024,0.862547,0.484088,0.64691,0.887574,0.372781,0.085799,0.862547,1.304028,20.0,15.0,1.0,0.118664,1.0,0.0,0.0,0.0,1.0,0.511316,0.232224,0.748973,25.5,0.439356,0.428721,1.132717,0.580568,-0.285878,0.561114,0.0
SOLUSD_2814_BEARISH_2799_2807,SOLUSD,1h,SHORT,2024-09-26T06:00:00+00:00,2024-09-25T15:00:00+00:00,2024-09-25T23:00:00+00:00,2799,2807,2814,150.99625,153.019,147.53,2.02275,1.339603,26,internal|choch|brk2807|form2799,internal,153.019,150.322,-1.0,0,0.23693,1.090965,5,SL_HIT,2024-09-26T11:00:00+00:00,1.790765,1.955378,1.339603,1.466533,0.894698,0.360771,0.465332,1.955378,0.696744,15.0,7.0,0.0,0.282939,0.0,1.0,0.0,0.0,0.0,0.736177,0.006525,0.915816,86.5,0.599,0.998352,1.487207,0.034539,3.459504,0.674354,0.0
XRPUSD_2818_BEARISH_2796_2801,XRPUSD,1h,SHORT,2024-09-26T10:00:00+00:00,2024-09-25T12:00:00+00:00,2024-09-25T17:00:00+00:00,2796,2801,2818,0.5896,0.5925,0.58,0.0029,0.491859,71,internal|choch|brk2801|form2796,internal,0.5925,0.5896,-1.0,0,0.586207,1.241379,4,SL_HIT,2024-09-26T14:00:00+00:00,0.490528,0.752113,0.491859,0.752113,0.448276,0.655172,0.103448,0.752113,0.518699,22.0,17.0,0.0,0.414959,0.0,1.0,0.0,0.0,0.0,0.73913,0.025935,0.6522,1.0,0.441363,1.167072,1.146279,1.02529,0.118544,1.871293,0.0
SOLUSD_2842_BULLISH_2831_2840,SOLUSD,1h,LONG,2024-09-27T10:00:00+00:00,2024-09-26T23:00:00+00:00,2024-09-27T08:00:00+00:00,2831,2840,2842,155.681,153.95,158.65,1.731,1.111889,31,internal|bos|brk2840|form2831,internal,156.258,153.95,1.715194,1,3.07279,0.080878,4,TP_HIT,2024-09-27T14:00:00+00:00,1.479506,1.626669,1.111889,1.220002,0.887348,0.116118,0.314558,1.626669,0.577228,11.0,2.0,0.0,0.22342,1.0,0.0,0.0,0.0,1.0,0.806766,0.109243,0.909531,100.0,0.794512,1.401135,-0.827087,0.236458,3.768991,1.051315,1.0
ETHUSD_2868_BULLISH_2842_2846,ETHUSD,1h,LONG,2024-09-28T12:00:00+00:00,2024-09-27T10:00:00+00:00,2024-09-27T14:00:00+00:00,2842,2846,2868,2657.85,2641.2,2686.39,16.65,0.626446,55,internal|bos|brk2846|form2842,internal,2663.4,2641.2,-1.0,0,1.621622,1.363363,19,SL_HIT,2024-09-29T07:00:00+00:00,0.834947,1.137995,0.626446,0.853496,0.795045,0.603604,0.95045,1.137995,0.963708,26.0,22.0,1.0,0.051261,1.0,0.0,0.0,0.0,1.0,0.600347,0.248616,0.7337,11.0,0.267692,1.03291,-0.7225,-1.341373,1.070057,1.155788,1.0
SOLUSD_2885_BULLISH_2877_2881,SOLUSD,1h,LONG,2024-09-29T05:00:00+00:00,2024-09-28T21:00:00+00:00,2024-09-29T01:00:00+00:00,2877,2881,2885,156.40025,155.618,157.74,0.78225,0.500159,69,internal|choch|brk2881|form2877,internal,156.661,155.618,-1.0,0,0.204219,1.471716,1,SL_HIT,2024-09-29T06:00:00+00:00,0.66743,0.765928,0.500159,0.574446,0.626079,0.373921,0.023011,0.765928,0.677806,8.0,4.0,0.0,0.094915,0.0,1.0,0.0,0.0,1.0,0.662224,0.179916,0.871401,40.5,0.341189,1.379845,-0.399623,-1.078025,0.402197,0.757277,1.0
SOLUSD_2897_BEARISH_2882_2886,SOLUSD,1h,SHORT,2024-09-29T17:00:00+00:00,2024-09-29T02:00:00+00:00,2024-09-29T06:00:00+00:00,2882,2886,2897,157.696,158.531,156.26,0.835,0.5295,66,internal|choch|brk2886|form2882,internal,158.531,157.696,-1.0,0,0.097006,2.390419,2,SL_HIT,2024-09-29T19:00:00+00:00,0.529376,0.622192,0.5295,0.622192,0.955689,0.571257,0.265868,0.622192,0.646782,15.0,11.0,0.0,0.02757,0.0,1.0,0.0,0.0,1.0,0.762149,0.160205,0.850823,19.5,0.356501,0.573013,0.96786,0.023463,-0.823053,1.561923,0.0
XRPUSD_2914_BULLISH_2888_2894,XRPUSD,1h,LONG,2024-09-30T10:00:00+00:00,2024-09-29T08:00:00+00:00,2024-09-29T14:00:00+00:00,2888,2894,2914,0.627825,0.6219,0.64,0.005925,0.943734,37,internal|bos|brk2894|form2888,internal,0.6298,0.6219,-1.0,0,1.514768,1.725738,5,SL_HIT,2024-09-30T15:00:00+00:00,1.255762,1.633327,0.943734,1.224995,0.911392,0.518987,0.708861,1.633327,2.749778,26.0,20.0,0.0,0.263607,1.0,0.0,0.0,0.0,1.0,0.56326,0.45485,0.768837,100.0,1.142966,2.129527,-3.378897,-3.763194,4.884962,0.922337,1.0
ETHUSD_2931_BEARISH_2917_2922,ETHUSD,1h,SHORT,2024-10-01T03:00:00+00:00,2024-09-30T13:00:00+00:00,2024-09-30T18:00:00+00:00,2917,2922,2931,2627.325,2639.4,2606.62,12.075,0.459593,76,internal|bos|brk2922|form2917,internal,2639.4,2623.3,-1.0,0,0.0,1.695652,1,SL_HIT,2024-10-01T04:00:00+00:00,0.612051,0.856592,0.459593,0.642444,0.552795,0.680124,0.524845,0.856592,1.056109,14.0,9.0,2.0,0.168924,1.0,0.0,0.0,0.0,1.0,0.362864,0.026602,0.714519,19.0,0.517206,0.83797,1.077831,-0.146146,-1.680091,0.605217,0.0
XRPUSD_2931_BEARISH_2925_2927,XRPUSD,1h,SHORT,2024-10-01T03:00:00+00:00,2024-09-30T21:00:00+00:00,2024-09-30T23:00:00+00:00,2925,2927,2931,0.6233,0.625,0.62,0.0017,0.272742,100,internal|bos|brk2927|form2925,internal,0.625,0.6233,1.941176,1,2.117647,0.705882,1,TP_HIT,2024-10-01T04:00:00+00:00,0.272567,0.349272,0.272742,0.349272,0.764706,1.0,0.352941,0.349272,1.540906,6.0,4.0,0.0,0.082182,1.0,0.0,0.0,0.0,0.0,0.497567,0.061636,0.780386,95.0,0.897549,0.472545,0.629235,-1.702128,1.762115,0.350687,0.0
SOLUSD_2934_BEARISH_2918_2927,SOLUSD,1h,SHORT,2024-10-01T06:00:00+00:00,2024-09-30T14:00:00+00:00,2024-09-30T23:00:00+00:00,2918,2927,2934,156.264,157.428,154.27,1.164,0.744893,46,internal|bos|brk2927|form2918,internal,157.428,155.876,1.713058,1,3.25,0.92354,7,TP_HIT,2024-10-01T13:00:00+00:00,0.987623,1.134156,0.744893,0.850617,0.182345,0.828608,0.306701,1.134156,1.465121,16.0,7.0,1.0,0.643809,1.0,0.0,0.0,0.0,1.0,0.55105,0.036539,0.8708,45.0,0.765383,1.200656,1.916467,1.942913,-0.060417,0.792828,0.0
ETHUSD_2941_BULLISH_2806_2823,ETHUSD,1h,LONG,2024-10-01T13:00:00+00:00,2024-09-25T22:00:00+00:00,2024-09-26T15:00:00+00:00,2806,2823,2941,2575.0375,2555.05,2609.3,19.9875,0.776202,45,internal|choch|brk2823|form2806,internal,2581.7,2555.05,-1.0,0,0.82364,1.940588,1,SL_HIT,2024-10-01T14:00:00+00:00,1.032526,1.42362,0.776202,1.067715,0.97561,0.551595,0.341463,1.42362,2.06465,135.0,118.0,2.0,0.321183,0.0,1.0,0.0,0.0,0.0,0.087294,0.005342,0.725282,18.0,0.528704,2.95675,-2.290322,-0.822302,-2.717524,1.187251,1.0
XRPUSD_3006_BULLISH_3000_3005,XRPUSD,1h,LONG,2024-10-04T06:00:00+00:00,2024-10-04T00:00:00+00:00,2024-10-04T05:00:00+00:00,3000,3005,3006,0.521,0.5153,0.53,0.0057,1.09405,31,internal|choch|brk3005|form3000,internal,0.5229,0.5153,1.578947,1,2.105263,0.929825,10,TP_HIT,2024-10-04T16:00:00+00:00,1.458173,1.21612,1.09405,0.91209,0.776316,0.276316,0.802632,1.21612,0.416041,6.0,1.0,0.0,0.032003,0.0,1.0,0.0,0.0,0.0,0.09434,0.016002,1.199038,91.5,0.856764,1.152113,-0.401299,-0.306044,-13.665728,0.51077,1.0
ETHUSD_3012_BEARISH_2980_2984,ETHUSD,1h,SHORT,2024-10-04T12:00:00+00:00,2024-10-03T04:00:00+00:00,2024-10-03T08:00:00+00:00,2980,2984,3012,2391.8,2403.5,2371.74,11.7,0.489171,71,internal|bos|brk2984|form2980,internal,2403.5,2391.8,1.71453,1,3.376068,0.717949,2,TP_HIT,2024-10-04T14:00:00+00:00,0.488069,0.56424,0.489171,0.56424,0.538462,0.700855,0.068376,0.56424,1.388898,32.0,28.0,1.0,0.260418,1.0,0.0,0.0,0.0,1.0,0.249786,0.086806,0.865004,85.5,0.47168,1.229753,0.67193,1.969459,-2.206992,0.837951,0.0
SOLUSD_3012_BEARISH_2979_2984,SOLUSD,1h,SHORT,2024-10-04T12:00:00+00:00,2024-10-03T03:00:00+00:00,2024-10-03T08:00:00+00:00,2979,2984,3012,141.9775,142.861,140.46,0.8835,0.622282,56,internal|bos|brk2984|form2979,internal,142.861,141.683,1.7176,1,1.800792,0.729485,1,TP_HIT,2024-10-04T13:00:00+00:00,0.828009,0.749572,0.622282,0.562179,0.502547,0.526316,0.702716,0.749572,2.503875,33.0,28.0,0.0,0.185484,1.0,0.0,0.0,0.0,1.0,0.377479,0.007636,1.104643,92.0,0.721923,1.903199,1.955712,3.66665,-2.401729,0.885077,0.0
XRPUSD_3018_BEARISH_2978_2983,XRPUSD,1h,SHORT,2024-10-04T18:00:00+00:00,2024-10-03T02:00:00+00:00,2024-10-03T07:00:00+00:00,2978,2983,3018,0.5356,0.5443,0.52,0.0087,1.624347,21,internal|bos|brk2983|form2978,internal,0.5443,0.5327,-1.0,0,1.103448,1.091954,56,SL_HIT,2024-10-07T02:00:00+00:00,2.154132,1.871367,1.624347,1.403525,0.5,0.543103,0.655172,1.871367,1.952029,40.0,35.0,2.0,0.467842,1.0,0.0,0.0,0.0,1.0,0.245683,0.0,1.151101,86.5,0.807816,1.387393,2.845684,2.688787,-7.822663,1.579424,0.0
ETHUSD_3033_BEARISH_3019_3026,ETHUSD,1h,SHORT,2024-10-05T09:00:00+00:00,2024-10-04T19:00:00+00:00,2024-10-05T02:00:00+00:00,3019,3026,3033,2424.7,2436.5,2404.47,11.8,0.486658,71,internal|choch|brk3026|form3019,internal,2436.5,2424.7,1.714407,1,1.766949,0.190678,7,TP_HIT,2024-10-05T16:00:00+00:00,0.486558,0.580344,0.486658,0.580344,0.957627,0.283898,0.233051,0.580344,0.809038,14.0,7.0,2.0,0.024591,0.0,1.0,0.0,0.0,0.0,0.329809,0.012295,0.838396,68.5,0.613576,0.45493,0.810575,-0.300103,2.512945,0.91716,0.0
SOLUSD_3040_BULLISH_3028_3033,SOLUSD,1h,LONG,2024-10-05T16:00:00+00:00,2024-10-05T04:00:00+00:00,2024-10-05T09:00:00+00:00,3028,3033,3040,142.468,141.586,143.98,0.882,0.619086,56,internal|bos|brk3033|form3028,internal,142.762,141.586,-1.0,0,0.5,1.582766,4,SL_HIT,2024-10-05T20:00:00+00:00,0.826748,0.770697,0.619086,0.578023,0.559524,0.52381,0.411565,0.770697,0.162593,12.0,7.0,3.0,0.146799,1.0,0.0,0.0,0.0,1.0,0.398756,0.00852,1.072728,71.5,0.501922,0.559673,-0.81582,-0.899432,5.56141,1.290735,1.0
ETHUSD_3069_BULLISH_3049_3059,ETHUSD,1h,LONG,2024-10-06T21:00:00+00:00,2024-10-06T01:00:00+00:00,2024-10-06T11:00:00+00:00,3049,3059,3069,2423.25,2409.05,2447.59,14.2,0.58599,59,internal|choch|brk3059|form3049,internal,2423.25,2409.05,1.714085,1,4.700704,0.373239,3,TP_HIT,2024-10-07T00:00:00+00:00,0.587286,0.754192,0.58599,0.754192,0.623239,0.56338,0.707746,0.754192,0.37444,20.0,10.0,0.0,0.28415,0.0,1.0,0.0,0.0,0.0,0.72942,0.047801,0.778696,26.5,0.332458,1.473861,-0.773571,0.057935,-0.497942,1.032001,1.0
XRPUSD_3069_BULLISH_3058_3062,XRPUSD,1h,LONG,2024-10-06T21:00:00+00:00,2024-10-06T10:00:00+00:00,2024-10-06T14:00:00+00:00,3058,3062,3069,0.5308,0.5285,0.53,0.0023,0.433308,80,internal|bos|brk3062|form3058,internal,0.5308,0.5285,0.347826,1,0.608696,0.043478,1,TP_HIT,2024-10-06T22:00:00+00:00,0.433717,0.420858,0.433308,0.420858,0.782609,0.391304,0.217391,0.420858,0.585541,11.0,7.0,0.0,0.091491,1.0,0.0,0.0,0.0,0.0,0.310067,0.018298,1.030554,39.5,0.267807,0.603839,-0.618441,-0.0377,-1.118777,0.331081,1.0
BTCUSD_3090_BULLISH_3083_3086,BTCUSD,1h,LONG,2024-10-07T18:00:00+00:00,2024-10-07T11:00:00+00:00,2024-10-07T14:00:00+00:00,3083,3086,3090,63049.5,62646.0,63741.21,403.5,0.639973,54,internal|bos|brk3086|form3083,internal,63184.0,62646.0,-1.0,0,1.018587,1.550186,4,SL_HIT,2024-10-07T22:00:00+00:00,0.856129,1.434375,0.639973,1.075781,0.362454,0.85316,0.452602,1.434375,1.402381,7.0,4.0,0.0,0.555887,1.0,0.0,0.0,0.0,1.0,0.64299,0.022662,0.596866,47.5,0.615428,2.924738,-0.966835,-1.068955,1.437438,2.033937,1.0
ETHUSD_3090_BULLISH_3069_3072,ETHUSD,1h,LONG,2024-10-07T18:00:00+00:00,2024-10-06T21:00:00+00:00,2024-10-07T00:00:00+00:00,3069,3072,3090,2436.0625,2415.25,2471.74,20.8125,0.85435,40,internal|bos|brk3072|form3069,internal,2443.0,2415.25,-1.0,0,1.03964,1.204204,4,SL_HIT,2024-10-07T22:00:00+00:00,1.144259,1.43967,0.85435,1.079752,0.356757,0.828829,0.805405,1.43967,2.536931,21.0,18.0,2.0,0.56614,1.0,0.0,0.0,0.0,1.0,0.545261,0.015564,0.794807,44.5,0.826217,2.949377,-2.035911,-2.81518,0.833645,2.087557,1.0
SOLUSD_3090_BULLISH_3069_3072,SOLUSD,1h,LONG,2024-10-07T18:00:00+00:00,2024-10-06T21:00:00+00:00,2024-10-07T00:00:00+00:00,3069,3072,3090,145.552,144.328,147.65,1.224,0.840937,41,internal|bos|brk3072|form3069,internal,145.96,144.328,-1.0,0,1.455882,1.627778,5,SL_HIT,2024-10-07T23:00:00+00:00,1.120577,1.108645,0.840937,0.831483,0.803431,0.313113,0.585784,1.108645,1.829399,21.0,18.0,1.0,0.059236,1.0,0.0,0.0,0.0,1.0,0.653091,0.00394,1.010763,55.0,0.96798,2.427877,-1.433299,-2.866404,2.386885,1.843682,1.0
XRPUSD_3094_BULLISH_3069_3072,XRPUSD,1h,LONG,2024-10-07T22:00:00+00:00,2024-10-06T21:00:00+00:00,2024-10-07T00:00:00+00:00,3069,3072,3094,0.532375,0.5299,0.54,0.002475,0.464898,75,internal|bos|brk3072|form3069,internal,0.5332,0.5299,-1.0,0,0.494949,1.444444,1,SL_HIT,2024-10-07T23:00:00+00:00,0.620301,0.617247,0.464898,0.462936,0.636364,0.69697,0.757576,0.617247,0.953928,25.0,22.0,2.0,0.070142,1.0,0.0,0.0,0.0,1.0,0.540453,0.018704,1.004947,29.0,0.623934,0.935223,-2.241823,-1.554404,0.719424,0.667111,1.0
SOLUSD_3103_BULLISH_3052_3057,SOLUSD,1h,LONG,2024-10-08T07:00:00+00:00,2024-10-06T04:00:00+00:00,2024-10-06T09:00:00+00:00,3052,3057,3103,142.854,142.089,144.17,0.765,0.535512,65,internal|choch|brk3057|form3052,internal,143.109,142.089,1.720261,1,1.911111,0.162092,3,TP_HIT,2024-10-08T10:00:00+00:00,0.713012,0.692091,0.535512,0.519068,0.947059,0.845098,0.3,0.692091,0.316191,51.0,46.0,2.0,0.136383,0.0,1.0,0.0,0.0,1.0,0.382166,0.007464,1.03023,52.5,0.905693,1.207766,-1.528814,-4.148185,0.159634,0.919257,1.0
ETHUSD_3133_BULLISH_3103_3117,ETHUSD,1h,LONG,2024-10-09T13:00:00+00:00,2024-10-08T07:00:00+00:00,2024-10-08T21:00:00+00:00,3103,3117,3133,2429.6125,2410.3,2462.72,19.3125,0.79488,44,internal|choch|brk3117|form3103,internal,2436.05,2410.3,1.714304,1,2.228479,0.202589,2,TP_HIT,2024-10-09T15:00:00+00:00,1.059082,1.338157,0.79488,1.003618,0.817476,0.469903,0.283495,1.338157,0.662583,30.0,16.0,9.0,0.090293,0.0,1.0,0.0,1.0,0.0,0.314286,0.007795,0.791448,23.0,0.388545,0.756124,0.024684,-0.340213,-1.795379,1.411768,1.0
XRPUSD_3135_BEARISH_3130_3134,XRPUSD,1h,SHORT,2024-10-09T15:00:00+00:00,2024-10-09T10:00:00+00:00,2024-10-09T14:00:00+00:00,3130,3134,3135,0.5317,0.5342,0.53,0.0025,0.47019,74,internal|choch|brk3134|form3130,internal,0.5342,0.5317,0.68,1,1.16,0.96,3,TP_HIT,2024-10-09T18:00:00+00:00,0.470013,0.502268,0.47019,0.502268,0.92,0.32,0.08,0.502268,0.321451,5.0,1.0,0.0,0.040181,0.0,1.0,0.0,1.0,1.0,0.43254,0.0,0.935782,4.5,0.361657,0.883991,-0.225098,0.150631,-1.481756,0.756194,0.0
XRPUSD_3145_BULLISH_3111_3117,XRPUSD,1h,LONG,2024-10-10T01:00:00+00:00,2024-10-08T15:00:00+00:00,2024-10-08T21:00:00+00:00,3111,3117,3145,0.526925,0.521,0.54,0.005925,1.124448,31,internal|choch|brk3117|form3111,internal,0.5289,0.521,2.206751,1,3.033755,0.561181,12,TP_HIT,2024-10-10T13:00:00+00:00,1.500475,1.608198,1.124448,1.206148,0.696203,0.987342,0.443038,1.608198,0.244283,34.0,28.0,10.0,0.086517,0.0,1.0,0.0,1.0,0.0,0.218254,0.020357,0.933016,0.5,0.497829,0.366425,0.611504,-1.238042,-0.434947,0.662313,1.0
ETHUSD_3169_BEARISH_3160_3162,ETHUSD,1h,SHORT,2024-10-11T01:00:00+00:00,2024-10-10T16:00:00+00:00,2024-10-10T18:00:00+00:00,3160,3162,3169,2398.9,2421.25,2360.59,22.35,0.931677,37,internal|bos|brk3162|form3160,internal,2421.25,2391.45,-1.0,0,0.187919,1.234899,9,SL_HIT,2024-10-11T10:00:00+00:00,1.23803,1.523583,0.931677,1.142687,0.47651,0.805369,0.377517,1.523583,0.741341,9.0,7.0,0.0,0.416685,1.0,0.0,0.0,0.0,1.0,0.399842,0.025563,0.812578,48.0,0.531625,1.689746,1.593298,0.406708,-1.40496,0.34877,0.0
SOLUSD_3169_BEARISH_3149_3158,SOLUSD,1h,SHORT,2024-10-11T01:00:00+00:00,2024-10-10T05:00:00+00:00,2024-10-10T14:00:00+00:00,3149,3158,3169,139.83325,140.815,138.15,0.98175,0.702086,49,internal|bos|brk3158|form3149,internal,140.815,139.506,-1.0,0,0.159155,1.199643,1,SL_HIT,2024-10-11T02:00:00+00:00,0.933214,0.91477,0.702086,0.686078,0.417876,0.777693,0.44385,0.91477,0.646419,20.0,11.0,1.0,0.303817,1.0,0.0,0.0,0.0,1.0,0.283607,0.000699,1.020162,5.0,0.594922,1.209677,1.930064,0.544051,-2.314892,0.396337,0.0
BTCUSD_3174_BEARISH_3156_3160,BTCUSD,1h,SHORT,2024-10-11T06:00:00+00:00,2024-10-10T12:00:00+00:00,2024-10-10T16:00:00+00:00,3156,3160,3174,60897.0,61320.0,60171.86,423.0,0.694615,50,internal|bos|brk3160|form3156,internal,61320.0,60756.0,-1.0,0,0.601655,1.368794,6,SL_HIT,2024-10-11T12:00:00+00:00,0.927815,1.48558,0.694615,1.114185,0.943262,0.284574,0.521277,1.48558,1.298566,18.0,14.0,2.0,0.287107,1.0,0.0,0.0,0.0,1.0,0.33634,0.044778,0.624547,39.5,0.451247,0.86132,0.3624,-0.009047,-2.49583,0.446102,0.0
ETHUSD_3185_BEARISH_3121_3140,ETHUSD,1h,SHORT,2024-10-11T17:00:00+00:00,2024-10-09T01:00:00+00:00,2024-10-09T20:00:00+00:00,3121,3140,3185,2444.5625,2473.25,2395.38,28.6875,1.173523,29,internal|choch|brk3140|form3121,internal,2473.25,2435.0,-1.0,0,0.36122,1.22658,21,SL_HIT,2024-10-12T14:00:00+00:00,1.561384,1.995245,1.173523,1.496434,0.614379,0.486275,0.628758,1.995245,3.181959,64.0,45.0,4.0,0.270597,0.0,1.0,0.0,0.0,1.0,0.624048,0.075637,0.782552,17.5,0.309774,1.032833,0.99563,2.055907,-0.4915,1.273704,0.0
XRPUSD_3194_BULLISH_3180_3187,XRPUSD,1h,LONG,2024-10-12T02:00:00+00:00,2024-10-11T12:00:00+00:00,2024-10-11T19:00:00+00:00,3180,3187,3194,0.5373,0.5343,0.54,0.003,0.558347,62,internal|bos|brk3187|form3180,internal,0.5373,0.5343,0.9,1,0.9,0.566667,7,TP_HIT,2024-10-12T09:00:00+00:00,0.558971,0.66221,0.558347,0.66221,0.8,0.2,0.433333,0.66221,0.463547,14.0,7.0,0.0,0.132442,1.0,0.0,0.0,0.0,1.0,0.656904,0.220737,0.844101,0.5,0.303344,0.48562,-0.611111,0.149282,2.482337,0.457369,1.0
SOLUSD_3219_BULLISH_3195_3202,SOLUSD,1h,LONG,2024-10-13T03:00:00+00:00,2024-10-12T03:00:00+00:00,2024-10-12T10:00:00+00:00,3195,3202,3219,145.234,144.746,146.07,0.488,0.336009,100,internal|bos|brk3202|form3195,internal,145.234,144.746,1.713115,1,3.030738,0.0,2,TP_HIT,2024-10-13T05:00:00+00:00,0.33603,0.375469,0.336009,0.375469,0.981557,0.163934,0.356557,0.375469,0.7494,24.0,17.0,0.0,0.006925,1.0,0.0,0.0,0.0,1.0,0.827871,0.026929,0.894961,0.5,0.379604,0.732473,-1.222938,-1.206139,3.533949,0.612717,1.0
SOLUSD_3221_BEARISH_3210_3219,SOLUSD,1h,SHORT,2024-10-13T05:00:00+00:00,2024-10-12T18:00:00+00:00,2024-10-13T03:00:00+00:00,3210,3219,3221,146.486975,147.1859,145.29,0.698925,0.477124,73,internal|choch|brk3219|form3210,internal,147.1859,146.254,-1.0,0,0.696749,2.034589,4,SL_HIT,2024-10-13T09:00:00+00:00,0.636005,0.719868,0.477124,0.539901,0.710269,0.492542,0.447473,0.719868,0.680549,11.0,2.0,0.0,0.028601,0.0,1.0,0.0,1.0,0.0,0.938452,0.001545,0.883503,0.5,0.402727,0.596349,-0.085919,-0.262067,4.041695,0.868526,0.0
XRPUSD_3222_BEARISH_3210_3217,XRPUSD,1h,SHORT,2024-10-13T06:00:00+00:00,2024-10-12T18:00:00+00:00,2024-10-13T01:00:00+00:00,3210,3217,3222,0.5373,0.5402,0.53,0.0029,0.539736,64,internal|choch|brk3217|form3210,internal,0.5402,0.5373,2.517241,1,3.206897,0.068966,8,TP_HIT,2024-10-13T14:00:00+00:00,0.539435,0.697274,0.539736,0.697274,0.896552,0.275862,0.344828,0.697274,0.264483,12.0,5.0,2.0,0.072132,0.0,1.0,0.0,0.0,0.0,0.693277,0.024044,0.773634,0.5,0.200335,0.240439,0.186359,-0.775194,0.76851,0.717091,0.0
BTCUSD_3227_BULLISH_3195_3206,BTCUSD,1h,LONG,2024-10-13T11:00:00+00:00,2024-10-12T03:00:00+00:00,2024-10-12T14:00:00+00:00,3195,3206,3227,62631.5,62481.5,62888.64,150.0,0.239496,100,internal|bos|brk3206|form3195,internal,62631.5,62481.5,-1.0,0,1.31,2.923333,3,SL_HIT,2024-10-13T14:00:00+00:00,0.239789,0.421748,0.239496,0.421748,0.49,0.786667,0.04,0.421748,0.427371,32.0,21.0,0.0,0.215092,1.0,0.0,0.0,0.0,1.0,0.795509,0.023899,0.56856,0.5,0.170254,0.750712,-0.490746,-0.785091,2.429959,0.922989,1.0
ETHUSD_3230_BULLISH_3196_3202,ETHUSD,1h,LONG,2024-10-13T14:00:00+00:00,2024-10-12T04:00:00+00:00,2024-10-12T10:00:00+00:00,3196,3202,3230,2451.9,2439.2,2473.67,12.7,0.517966,67,internal|bos|brk3202|form3196,internal,2451.9,2439.2,-1.0,0,0.027559,1.212598,1,SL_HIT,2024-10-13T15:00:00+00:00,0.519035,0.727805,0.517966,0.727805,0.602362,0.562992,0.46063,0.727805,0.561614,34.0,28.0,2.0,0.289403,1.0,0.0,0.0,0.0,1.0,0.727187,0.083096,0.71315,1.0,0.282448,1.128958,-0.820802,-1.195259,0.876072,1.309601,1.0
SOLUSD_3230_BULLISH_3219_3225,SOLUSD,1h,LONG,2024-10-13T14:00:00+00:00,2024-10-13T03:00:00+00:00,2024-10-13T09:00:00+00:00,3219,3225,3230,145.868,145.154,147.09,0.714,0.489484,71,internal|choch|brk3225|form3219,internal,146.106,145.154,-1.0,0,0.131653,1.917367,1,SL_HIT,2024-10-13T15:00:00+00:00,0.654628,0.741176,0.489484,0.555882,0.285714,0.823529,0.92542,0.741176,0.812023,11.0,5.0,0.0,0.344117,0.0,1.0,0.0,0.0,1.0,0.769875,0.00545,0.88323,2.0,0.457646,1.451988,-1.582919,-0.605555,1.824674,1.466518,1.0
ETHUSD_3237_BEARISH_3224_3230,ETHUSD,1h,SHORT,2024-10-13T21:00:00+00:00,2024-10-13T08:00:00+00:00,2024-10-13T14:00:00+00:00,3224,3230,3237,2461.0,2472.15,2441.89,11.15,0.453068,77,internal|bos|brk3230|form3224,internal,2472.15,2461.0,-1.0,0,0.0,2.152466,1,SL_HIT,2024-10-13T22:00:00+00:00,0.45203,0.64207,0.453068,0.64207,0.493274,0.793722,0.246637,0.64207,1.001975,13.0,7.0,1.0,0.325354,1.0,0.0,0.0,0.0,0.0,0.851364,0.002879,0.70402,0.5,0.312736,0.633433,0.46022,0.081147,0.339666,0.772343,0.0
ETHUSD_3263_BULLISH_3256_3262,ETHUSD,1h,LONG,2024-10-14T23:00:00+00:00,2024-10-14T16:00:00+00:00,2024-10-14T22:00:00+00:00,3256,3262,3263,2634.9,2616.3,2666.79,18.6,0.705909,49,internal|bos|brk3262|form3256,internal,2641.1,2616.3,-1.0,0,0.153226,1.341398,4,SL_HIT,2024-10-15T03:00:00+00:00,0.942572,1.364542,0.705909,1.023407,0.596774,0.568548,0.743952,1.364542,1.71118,7.0,1.0,0.0,0.209083,1.0,0.0,0.0,1.0,1.0,0.920216,0.005502,0.69076,26.0,0.653821,1.524106,0.041825,4.191664,6.101298,0.54417,1.0
BTCUSD_3266_BULLISH_3257_3262,BTCUSD,1h,LONG,2024-10-15T02:00:00+00:00,2024-10-14T17:00:00+00:00,2024-10-14T22:00:00+00:00,3257,3262,3266,65859.5,65554.0,66383.21,305.5,0.463866,75,internal|bos|brk3262|form3257,internal,65859.5,65554.0,-1.0,0,0.0,1.734861,1,SL_HIT,2024-10-15T03:00:00+00:00,0.464494,0.824936,0.463866,0.824936,0.708674,0.509002,0.214403,0.824936,1.806487,9.0,4.0,1.0,0.240325,1.0,0.0,0.0,0.0,1.0,0.882358,0.079658,0.563067,36.0,0.452089,0.623765,-0.02888,1.300712,4.106781,0.411129,1.0
XRPUSD_3297_BEARISH_3290_3295,XRPUSD,1h,SHORT,2024-10-16T09:00:00+00:00,2024-10-16T02:00:00+00:00,2024-10-16T07:00:00+00:00,3290,3295,3297,0.5423,0.5454,0.54,0.0031,0.571639,61,internal|bos|brk3295|form3290,internal,0.5454,0.5423,-1.0,0,0.0,1.258065,2,SL_HIT,2024-10-16T11:00:00+00:00,0.570063,0.776613,0.571639,0.776613,0.516129,0.612903,0.903226,0.776613,0.12526,7.0,2.0,0.0,0.37578,1.0,0.0,0.0,0.0,0.0,0.608553,0.0,0.734037,12.0,0.500137,0.951977,0.610546,0.036792,0.871823,0.957121,0.0
XRPUSD_3304_BEARISH_3265_3269,XRPUSD,1h,SHORT,2024-10-16T16:00:00+00:00,2024-10-15T01:00:00+00:00,2024-10-15T05:00:00+00:00,3265,3269,3304,0.5506,0.5557,0.54,0.0051,0.926262,37,internal|choch|brk3269|form3265,internal,0.5557,0.5489,-1.0,0,0.960784,1.764706,12,SL_HIT,2024-10-17T04:00:00+00:00,1.236588,1.698306,0.926262,1.273729,0.852941,0.573529,0.897059,1.698306,1.023979,39.0,35.0,4.0,0.174826,0.0,1.0,0.0,0.0,0.0,0.809211,0.249751,0.728131,18.5,0.315528,0.799203,0.880572,1.476287,1.345374,1.768316,0.0
ETHUSD_3321_BULLISH_3309_3313,ETHUSD,1h,LONG,2024-10-17T09:00:00+00:00,2024-10-16T21:00:00+00:00,2024-10-17T01:00:00+00:00,3309,3313,3321,2621.5,2609.7,2641.73,11.8,0.450124,77,internal|bos|brk3313|form3309,internal,2621.5,2609.7,-1.0,0,0.0,1.830508,1,SL_HIT,2024-10-17T10:00:00+00:00,0.450786,0.611868,0.450124,0.611868,0.673729,0.5,0.84322,0.611868,1.366333,12.0,8.0,3.0,0.199635,1.0,0.0,0.0,0.0,1.0,0.715301,0.054446,0.736737,58.0,0.380635,0.622239,-0.412783,-0.017188,0.043952,0.727048,1.0
BTCUSD_3323_BULLISH_3295_3298,BTCUSD,1h,LONG,2024-10-17T11:00:00+00:00,2024-10-16T07:00:00+00:00,2024-10-16T10:00:00+00:00,3295,3298,3323,67049.0,66761.0,67542.71,288.0,0.429537,81,internal|bos|brk3298|form3295,internal,67049.0,66761.0,-1.0,0,1.060764,1.260417,2,SL_HIT,2024-10-17T13:00:00+00:00,0.430622,0.70731,0.429537,0.70731,0.413194,0.814236,0.256944,0.70731,0.820284,28.0,25.0,1.0,0.415054,1.0,0.0,0.0,0.0,1.0,0.75744,0.001228,0.608816,91.0,0.278322,1.180079,-0.422846,-1.110438,1.882107,0.795801,1.0
ETHUSD_3327_BEARISH_3316_3323,ETHUSD,1h,SHORT,2024-10-17T15:00:00+00:00,2024-10-17T04:00:00+00:00,2024-10-17T11:00:00+00:00,3316,3323,3327,2632.5875,2649.2,2604.11,16.6125,0.631033,55,internal|choch|brk3323|form3316,internal,2649.2,2627.05,1.714221,1,1.865312,0.0,2,TP_HIT,2024-10-17T17:00:00+00:00,0.841901,1.1399,0.631033,0.854925,0.823928,0.302483,0.638826,1.1399,0.82855,11.0,4.0,0.0,0.08427,0.0,1.0,0.0,0.0,1.0,0.767818,0.002573,0.738575,86.0,0.480035,1.669966,0.61379,0.492733,-1.53446,1.122208,0.0
ETHUSD_3331_BULLISH_3284_3289,ETHUSD,1h,LONG,2024-10-17T19:00:00+00:00,2024-10-15T20:00:00+00:00,2024-10-16T01:00:00+00:00,3284,3289,3331,2588.1,2564.4,2628.73,23.7,0.91573,38,internal|bos|brk3289|form3284,internal,2596.0,2564.4,1.714346,1,2.71308,0.0,6,TP_HIT,2024-10-18T01:00:00+00:00,1.217609,1.621073,0.91573,1.215805,0.976266,0.632911,0.632911,1.621073,1.138855,47.0,42.0,5.0,0.366794,1.0,0.0,0.0,0.0,1.0,0.624851,0.00513,0.751113,89.0,0.517026,0.823362,-0.483157,-1.26498,0.470365,1.184838,1.0
SOLUSD_3350_BEARISH_3313_3316,SOLUSD,1h,SHORT,2024-10-18T14:00:00+00:00,2024-10-17T01:00:00+00:00,2024-10-17T04:00:00+00:00,3313,3316,3350,154.57525,155.701,152.65,1.12575,0.728286,48,internal|choch|brk3316|form3313,internal,155.701,154.2,-1.0,0,0.757939,1.340218,2,SL_HIT,2024-10-18T16:00:00+00:00,0.972131,1.092307,0.728286,0.81923,0.864757,0.366422,0.477682,1.092307,1.13597,37.0,34.0,2.0,0.12535,0.0,1.0,0.0,0.0,1.0,0.566783,0.053124,0.88998,44.5,0.540923,1.27351,0.547662,2.708689,-0.637094,1.703481,0.0
XRPUSD_3364_BULLISH_3357_3362,XRPUSD,1h,LONG,2024-10-19T04:00:00+00:00,2024-10-18T21:00:00+00:00,2024-10-19T02:00:00+00:00,3357,3362,3364,0.5466,0.5449,0.55,0.0017,0.311014,100,internal|choch|brk3362|form3357,internal,0.5466,0.5449,-1.0,0,0.941176,1.294118,6,SL_HIT,2024-10-19T10:00:00+00:00,0.31107,0.432455,0.311014,0.432455,0.941176,0.117647,0.0,0.432455,0.50877,7.0,2.0,0.0,0.025439,0.0,1.0,0.0,0.0,0.0,0.425287,0.025439,0.719313,0.5,0.277914,0.68684,-0.091408,0.183318,-0.146172,0.367381,1.0
ETHUSD_3374_BEARISH_3363_3371,ETHUSD,1h,SHORT,2024-10-19T14:00:00+00:00,2024-10-19T03:00:00+00:00,2024-10-19T11:00:00+00:00,3363,3371,3374,2650.4,2663.9,2627.26,13.5,0.509357,68,internal|choch|brk3371|form3363,internal,2663.9,2645.9,-1.0,0,1.074074,5.277778,24,SL_HIT,2024-10-20T14:00:00+00:00,0.679015,0.971506,0.509357,0.728629,0.722222,0.358333,0.072222,0.971506,0.496547,11.0,3.0,0.0,0.026986,0.0,1.0,0.0,0.0,0.0,0.743734,0.005397,0.69893,39.5,0.264372,0.831177,0.162473,0.33117,1.365096,0.814691,0.0
XRPUSD_3397_BULLISH_3276_3316,XRPUSD,1h,LONG,2024-10-20T13:00:00+00:00,2024-10-15T12:00:00+00:00,2024-10-17T04:00:00+00:00,3276,3316,3397,0.5404,0.5362,0.55,0.0042,0.777202,45,internal|bos|brk3316|form3276,internal,0.5418,0.5362,2.285714,1,2.5,0.0,11,TP_HIT,2024-10-21T00:00:00+00:00,1.034738,1.533068,0.777202,1.149801,0.892857,0.892857,0.767857,1.533068,2.518611,121.0,81.0,15.0,0.21901,1.0,0.0,0.0,1.0,0.0,0.148148,0.0,0.674946,1.5,0.236329,1.231929,0.352309,-0.551268,-0.987925,1.665247,1.0
XRPUSD_3398_BEARISH_3383_3391,XRPUSD,1h,SHORT,2024-10-20T14:00:00+00:00,2024-10-19T23:00:00+00:00,2024-10-20T07:00:00+00:00,3383,3391,3398,0.5437,0.5453,0.54,0.0016,0.29428,100,internal|bos|brk3391|form3383,internal,0.5453,0.5437,-1.0,0,1.625,1.5,4,SL_HIT,2024-10-20T18:00:00+00:00,0.293956,0.437871,0.29428,0.437871,0.625,0.875,0.5,0.437871,0.684174,15.0,7.0,0.0,0.164202,1.0,0.0,0.0,0.0,0.0,0.252525,0.0,0.671329,2.0,0.267157,0.957843,0.758978,-0.055086,0.036758,1.569872,0.0
SOLUSD_3403_BEARISH_2901_2913,SOLUSD,1h,SHORT,2024-10-20T19:00:00+00:00,2024-09-29T21:00:00+00:00,2024-09-30T09:00:00+00:00,2901,2913,3403,160.33525,161.74,157.93,1.40475,0.876133,39,internal|choch|brk2913|form2901,internal,161.74,159.867,-1.0,0,0.148959,2.121908,1,SL_HIT,2024-10-20T20:00:00+00:00,1.167611,1.436573,0.876133,1.077429,0.708489,0.895889,0.252002,1.436573,1.491796,502.0,490.0,8.0,0.059633,0.0,1.0,0.0,1.0,0.0,0.918072,0.141126,0.812776,29.0,0.496889,0.770058,-0.391818,0.591965,3.178728,1.401736,0.0
XRPUSD_3412_BEARISH_3345_3392,XRPUSD,1h,SHORT,2024-10-21T04:00:00+00:00,2024-10-18T09:00:00+00:00,2024-10-20T08:00:00+00:00,3345,3392,3412,0.549725,0.5534,0.54,0.003675,0.668516,52,internal|choch|brk3392|form3345,internal,0.5534,0.5485,-1.0,0,0.55102,1.408163,4,SL_HIT,2024-10-21T08:00:00+00:00,0.892532,1.365827,0.668516,1.02437,0.897959,0.489796,0.55102,1.365827,0.362362,67.0,20.0,5.0,0.202087,0.0,1.0,0.0,0.0,1.0,0.410774,0.0,0.653474,0.5,0.334828,0.641102,0.109409,1.441242,-0.054615,0.846067,0.0
BTCUSD_3415_BULLISH_3399_3404,BTCUSD,1h,LONG,2024-10-21T07:00:00+00:00,2024-10-20T15:00:00+00:00,2024-10-20T20:00:00+00:00,3399,3404,3415,68693.5,68360.0,69265.21,333.5,0.48549,72,internal|bos|brk3404|form3399,internal,68693.5,68360.0,-1.0,0,0.028486,1.097451,1,SL_HIT,2024-10-21T08:00:00+00:00,0.486527,0.917371,0.48549,0.917371,0.56072,0.550225,0.065967,0.917371,0.768831,16.0,11.0,4.0,0.402983,1.0,0.0,0.0,0.0,1.0,0.643643,0.085273,0.53035,20.0,0.309362,0.892614,-0.292372,0.064961,0.223704,1.094871,1.0
BTCUSD_3416_BULLISH_3397_3398,BTCUSD,1h,LONG,2024-10-21T08:00:00+00:00,2024-10-20T13:00:00+00:00,2024-10-20T14:00:00+00:00,3397,3398,3416,68497.5,68203.5,69001.5,294.0,0.429213,81,internal|choch|brk3398|form3397,internal,68497.5,68203.5,-1.0,0,0.0,1.113946,1,SL_HIT,2024-10-21T09:00:00+00:00,0.430252,0.808584,0.429213,0.808584,0.437075,0.578231,0.678571,0.808584,0.504677,19.0,18.0,5.0,0.455172,0.0,1.0,0.0,0.0,0.0,0.569759,0.011001,0.532106,20.5,0.313136,1.032732,-0.919294,-0.332555,-0.005122,1.103744,1.0
ETHUSD_3417_BULLISH_3399_3406,ETHUSD,1h,LONG,2024-10-21T09:00:00+00:00,2024-10-20T15:00:00+00:00,2024-10-20T22:00:00+00:00,3399,3406,3417,2707.65,2685.45,2745.71,22.2,0.819899,42,internal|bos|brk3406|form3399,internal,2715.05,2685.45,-1.0,0,0.524775,1.921171,4,SL_HIT,2024-10-21T13:00:00+00:00,1.090239,1.674149,0.819899,1.255612,0.998311,0.390203,0.153716,1.674149,1.798579,18.0,11.0,0.0,0.415709,1.0,0.0,0.0,0.0,1.0,0.714653,0.197957,0.65122,16.0,0.539343,1.100074,-0.935909,0.447667,2.788347,0.627599,1.0
SOLUSD_3439_BULLISH_3433_3437,SOLUSD,1h,LONG,2024-10-22T07:00:00+00:00,2024-10-22T01:00:00+00:00,2024-10-22T05:00:00+00:00,3433,3437,3439,166.836,165.39,169.31,1.446,0.866719,40,internal|bos|brk3437|form3433,internal,167.318,165.39,-1.0,0,0.291148,1.183264,1,SL_HIT,2024-10-22T08:00:00+00:00,1.153545,1.38181,0.866719,1.036358,0.90612,0.187759,0.86722,1.38181,0.834963,6.0,2.0,0.0,0.215729,1.0,0.0,0.0,1.0,1.0,0.764816,0.074537,0.834807,76.0,0.759652,1.097278,0.573703,1.495066,4.910428,0.82175,1.0
BTCUSD_3456_BULLISH_3448_3454,BTCUSD,1h,LONG,2024-10-23T00:00:00+00:00,2024-10-22T16:00:00+00:00,2024-10-22T22:00:00+00:00,3448,3454,3456,67293.0,66930.0,67915.29,363.0,0.539432,64,internal|choch|brk3454|form3448,internal,67293.0,66930.0,-1.0,0,0.297521,1.097796,3,SL_HIT,2024-10-23T03:00:00+00:00,0.540307,0.973166,0.539432,0.973166,0.699725,0.440771,0.859504,0.973166,0.524116,8.0,2.0,1.0,0.292218,0.0,1.0,0.0,0.0,0.0,0.201597,0.184982,0.555205,40.0,0.372108,0.89408,-0.468148,0.323291,-2.863463,0.342139,1.0
SOLUSD_3488_BULLISH_3478_3482,SOLUSD,1h,LONG,2024-10-24T08:00:00+00:00,2024-10-23T22:00:00+00:00,2024-10-24T02:00:00+00:00,3478,3482,3488,171.56925,170.1,174.09,1.46925,0.85636,40,internal|bos|brk3482|form3478,internal,172.059,170.1,1.715671,1,2.580738,0.319381,4,TP_HIT,2024-10-24T12:00:00+00:00,1.138953,1.273913,0.85636,0.955435,0.969883,0.037264,0.499745,1.273913,0.974781,10.0,6.0,0.0,0.280111,1.0,0.0,0.0,0.0,1.0,0.815021,0.129407,0.894059,96.5,0.935091,1.556788,-1.308806,3.53961,2.141406,0.965975,1.0
BTCUSD_3508_BULLISH_3496_3499,BTCUSD,1h,LONG,2024-10-25T04:00:00+00:00,2024-10-24T16:00:00+00:00,2024-10-24T19:00:00+00:00,3496,3499,3508,67686.25,67354.0,68255.82,332.25,0.490868,71,internal|bos|brk3499|form3496,internal,67797.0,67354.0,-1.0,0,0.580135,1.316027,3,SL_HIT,2024-10-25T07:00:00+00:00,0.653937,1.177207,0.490868,0.882905,0.879233,0.241535,0.25395,1.177207,1.272871,12.0,9.0,0.0,0.152133,1.0,0.0,0.0,0.0,1.0,0.583783,0.075735,0.555499,48.0,0.285182,0.948674,-0.670083,-0.245177,0.946229,0.57981,1.0
SOLUSD_3511_BULLISH_3489_3493,SOLUSD,1h,LONG,2024-10-25T07:00:00+00:00,2024-10-24T09:00:00+00:00,2024-10-24T13:00:00+00:00,3489,3493,3511,172.23175,171.1,174.17,1.13175,0.657109,53,internal|bos|brk3493|form3489,internal,172.609,171.1,-1.0,0,0.521537,1.099845,1,SL_HIT,2024-10-25T08:00:00+00:00,0.877729,0.970598,0.657109,0.727949,0.544069,0.709742,0.212724,0.970598,0.528072,22.0,18.0,1.0,0.199876,1.0,0.0,0.0,0.0,1.0,0.579992,0.077185,0.904317,99.0,0.556742,1.512178,-2.168086,-2.64949,4.139635,0.76999,1.0
ETHUSD_3513_BEARISH_3501_3508,ETHUSD,1h,SHORT,2024-10-25T09:00:00+00:00,2024-10-24T21:00:00+00:00,2024-10-25T04:00:00+00:00,3501,3508,3513,2543.6875,2561.2,2513.67,17.5125,0.688469,50,internal|bos|brk3508|form3501,internal,2561.2,2537.85,-1.0,0,0.967166,1.331192,5,SL_HIT,2024-10-25T14:00:00+00:00,0.919219,1.277254,0.688469,0.957941,0.899358,0.256959,0.0,1.277254,1.567166,12.0,5.0,0.0,0.190768,1.0,0.0,0.0,0.0,1.0,0.320519,0.046495,0.719684,67.0,0.502057,1.504261,1.874912,0.536283,-2.453823,1.229004,0.0
BTCUSD_3521_BULLISH_3489_3493,BTCUSD,1h,LONG,2024-10-25T17:00:00+00:00,2024-10-24T09:00:00+00:00,2024-10-24T13:00:00+00:00,3489,3493,3521,67015.0,66726.5,67509.57,288.5,0.430501,81,internal|choch|brk3493|form3489,internal,67015.0,66726.5,-1.0,0,1.970537,3.587522,1,SL_HIT,2024-10-25T18:00:00+00:00,0.431667,0.747824,0.430501,0.747824,0.372617,0.913345,0.046794,0.747824,0.990187,32.0,28.0,0.0,0.469172,0.0,1.0,0.0,0.0,1.0,0.436877,0.03629,0.57723,71.5,0.38253,2.756711,-1.807123,-1.812172,0.916545,2.116035,1.0
XRPUSD_3560_BULLISH_3550_3555,XRPUSD,1h,LONG,2024-10-27T08:00:00+00:00,2024-10-26T22:00:00+00:00,2024-10-27T03:00:00+00:00,3550,3555,3560,0.5139,0.5122,0.52,0.0017,0.330804,100,internal|choch|brk3555|form3550,internal,0.5139,0.5122,-1.0,0,0.0,1.294118,1,SL_HIT,2024-10-27T09:00:00+00:00,0.331126,0.508179,0.330804,0.508179,0.705882,0.705882,0.823529,0.508179,0.62775,10.0,5.0,0.0,0.149464,0.0,1.0,0.0,0.0,0.0,0.55,0.029893,0.651593,0.5,0.360368,0.926679,-0.619435,0.19516,-1.779223,1.228088,1.0
XRPUSD_3565_BEARISH_3555_3562,XRPUSD,1h,SHORT,2024-10-27T13:00:00+00:00,2024-10-27T03:00:00+00:00,2024-10-27T10:00:00+00:00,3555,3562,3565,0.514775,0.5171,0.51,0.002325,0.451654,77,internal|choch|brk3562|form3555,internal,0.5171,0.514,-1.0,0,0.11828,1.172043,2,SL_HIT,2024-10-27T15:00:00+00:00,0.602761,0.93711,0.451654,0.702833,0.903226,0.483871,0.677419,0.93711,0.211606,10.0,3.0,1.0,0.143589,0.0,1.0,0.0,0.0,1.0,0.569565,0.090688,0.643212,0.5,0.193253,0.423211,0.175302,0.409996,-2.354281,2.263787,0.0
XRPUSD_3591_BULLISH_3581_3585,XRPUSD,1h,LONG,2024-10-28T15:00:00+00:00,2024-10-28T05:00:00+00:00,2024-10-28T09:00:00+00:00,3581,3585,3591,0.5141,0.5118,0.52,0.0023,0.447384,78,internal|choch|brk3585|form3581,internal,0.5141,0.5118,-1.0,0,1.043478,1.130435,2,SL_HIT,2024-10-28T17:00:00+00:00,0.447471,0.725096,0.447384,0.725096,0.956522,0.043478,0.434783,0.725096,0.945778,10.0,6.0,0.0,0.031526,0.0,1.0,0.0,0.0,1.0,0.563043,0.0,0.617119,1.0,0.280057,0.725096,-0.906111,-0.445477,0.843634,1.284491,1.0
BTCUSD_3607_BEARISH_156_161,BTCUSD,1h,SHORT,2024-10-29T07:00:00+00:00,2024-06-07T12:00:00+00:00,2024-06-07T17:00:00+00:00,156,161,3607,70988.875,72025.0,69212.66,1036.125,1.45956,23,internal|choch|brk161|form156,internal,72025.0,70643.5,-1.0,0,0.052962,1.39281,8,SL_HIT,2024-10-29T15:00:00+00:00,1.944871,3.72578,1.45956,2.794335,0.71806,0.718784,0.354687,3.72578,2.954464,3451.0,3446.0,5.0,0.119001,0.0,1.0,0.0,1.0,0.0,0.900256,0.155072,0.522004,43.0,0.375097,1.177201,-0.236652,3.395924,5.734551,0.573868,0.0
ETHUSD_3620_BULLISH_3603_3613,ETHUSD,1h,LONG,2024-10-29T20:00:00+00:00,2024-10-29T03:00:00+00:00,2024-10-29T13:00:00+00:00,3603,3613,3620,2619.7,2606.5,2642.33,13.2,0.503874,69,internal|bos|brk3613|form3603,internal,2624.1,2606.5,1.714394,1,2.295455,0.128788,2,TP_HIT,2024-10-29T22:00:00+00:00,0.671243,0.939651,0.503874,0.704738,0.880682,0.897727,0.360795,0.939651,1.011727,17.0,7.0,2.0,0.122795,1.0,0.0,0.0,0.0,1.0,0.796509,0.085423,0.714354,85.5,0.573224,1.14253,-1.037932,0.143225,5.377381,1.871784,1.0
XRPUSD_3633_BEARISH_3630_3632,XRPUSD,1h,SHORT,2024-10-30T09:00:00+00:00,2024-10-30T06:00:00+00:00,2024-10-30T08:00:00+00:00,3630,3632,3633,0.5246,0.5268,0.52,0.0022,0.419367,83,internal|choch|brk3632|form3630,internal,0.5268,0.5246,2.090909,1,2.318182,0.272727,3,TP_HIT,2024-10-30T12:00:00+00:00,0.418968,0.723037,0.419367,0.723037,0.772727,0.5,0.363636,0.723037,0.690172,3.0,1.0,0.0,0.164327,0.0,1.0,0.0,1.0,0.0,0.752941,0.065731,0.579456,1.5,0.363176,1.183151,-0.24696,-1.129731,1.665053,1.081806,0.0
BTCUSD_3638_BEARISH_3626_3635,BTCUSD,1h,SHORT,2024-10-30T14:00:00+00:00,2024-10-30T02:00:00+00:00,2024-10-30T11:00:00+00:00,3626,3635,3638,72361.5,72687.0,71803.5,325.5,0.449825,77,internal|choch|brk3635|form3626,internal,72687.0,72361.5,1.714286,1,1.938556,0.339478,1,TP_HIT,2024-10-30T15:00:00+00:00,0.449396,0.842605,0.449825,0.842605,0.788018,0.466974,0.25192,0.842605,1.006984,12.0,3.0,0.0,0.178617,0.0,1.0,0.0,1.0,0.0,0.819863,0.214858,0.533342,86.0,0.360215,1.419874,-0.261634,-0.446017,5.062336,1.312989,0.0
SOLUSD_3642_BULLISH_3592_3600,SOLUSD,1h,LONG,2024-10-30T18:00:00+00:00,2024-10-28T16:00:00+00:00,2024-10-29T00:00:00+00:00,3592,3600,3642,174.6475,173.14,177.23,1.5075,0.863167,40,internal|bos|brk3600|form3592,internal,175.15,173.14,-1.0,0,1.597347,2.138308,19,SL_HIT,2024-10-31T13:00:00+00:00,1.154847,1.2084,0.863167,0.9063,0.452239,0.968657,0.268657,1.2084,0.167733,50.0,42.0,5.0,0.359815,1.0,0.0,0.0,0.0,1.0,0.415563,0.12084,0.955683,85.0,0.528164,1.529438,-1.377493,-3.431114,0.097769,1.324175,1.0
XRPUSD_3658_BEARISH_3639_3654,XRPUSD,1h,SHORT,2024-10-31T10:00:00+00:00,2024-10-30T15:00:00+00:00,2024-10-31T06:00:00+00:00,3639,3654,3658,0.522075,0.5262,0.52,0.004125,0.790116,44,internal|bos|brk3654|form3639,internal,0.5262,0.5207,0.50303,1,0.866667,0.0,1,TP_HIT,2024-10-31T11:00:00+00:00,1.05546,1.841447,0.790116,1.381086,0.927273,0.072727,0.290909,1.841447,0.736579,19.0,4.0,0.0,0.326438,1.0,0.0,0.0,0.0,1.0,0.492611,0.0,0.573168,1.0,0.213553,1.004426,0.019194,-0.306103,-0.515464,1.151199,0.0
BTCUSD_3659_BULLISH_3654_3658,BTCUSD,1h,LONG,2024-10-31T11:00:00+00:00,2024-10-31T06:00:00+00:00,2024-10-31T10:00:00+00:00,3654,3658,3659,72369.0,72173.0,72705.0,196.0,0.270834,100,internal|bos|brk3658|form3654,internal,72369.0,72173.0,-1.0,0,0.0,1.938776,1,SL_HIT,2024-10-31T12:00:00+00:00,0.271308,0.50326,0.270834,0.50326,0.354592,0.673469,0.392857,0.50326,0.866583,5.0,1.0,0.0,0.324808,1.0,0.0,0.0,0.0,1.0,0.783355,0.178452,0.539102,84.0,0.422481,1.173418,-0.010381,-0.897162,1.309091,0.706096,1.0
BTCUSD_3660_BULLISH_3641_3644,BTCUSD,1h,LONG,2024-10-31T12:00:00+00:00,2024-10-30T17:00:00+00:00,2024-10-30T20:00:00+00:00,3641,3644,3660,72038.125,71683.0,72646.91,355.125,0.492968,70,internal|choch|brk3644|form3641,internal,72156.5,71683.0,-1.0,0,0.472721,2.527631,1,SL_HIT,2024-10-31T13:00:00+00:00,0.656404,1.217018,0.492968,0.912763,0.955649,0.353749,0.413939,1.217018,2.626805,19.0,16.0,3.0,0.250279,0.0,1.0,0.0,0.0,1.0,0.767251,0.096385,0.539354,82.5,0.423664,0.798065,-0.429969,-0.39491,1.350203,0.844214,1.0
SOLUSD_3716_BEARISH_3704_3708,SOLUSD,1h,SHORT,2024-11-02T20:00:00+00:00,2024-11-02T08:00:00+00:00,2024-11-02T12:00:00+00:00,3704,3708,3716,166.74,167.73,165.04,0.99,0.593739,58,internal|bos|brk3708|form3704,internal,167.73,166.41,1.717172,1,2.980808,0.111111,5,TP_HIT,2024-11-03T01:00:00+00:00,0.792836,0.800694,0.593739,0.60052,0.938636,0.276515,0.80303,0.800694,0.632063,12.0,8.0,0.0,0.15104,1.0,0.0,0.0,0.0,1.0,0.209055,0.02669,0.990186,35.0,0.438088,1.076084,1.628587,-0.155921,-1.879998,0.944045,0.0
ETHUSD_3737_BEARISH_3728_3733,ETHUSD,1h,SHORT,2024-11-03T17:00:00+00:00,2024-11-03T08:00:00+00:00,2024-11-03T13:00:00+00:00,3728,3733,3737,2448.4625,2462.45,2424.48,13.9875,0.571277,61,internal|bos|brk3733|form3728,internal,2462.45,2443.8,1.714567,1,2.724754,0.027703,1,TP_HIT,2024-11-03T18:00:00+00:00,0.762267,0.963741,0.571277,0.722806,0.847185,0.828418,0.506702,0.963741,1.056756,9.0,4.0,2.0,0.093661,1.0,0.0,0.0,1.0,1.0,0.108696,0.051675,0.790946,61.0,0.520122,0.573594,-0.293416,0.511462,-2.132043,1.562388,0.0
BTCUSD_3739_BEARISH_3726_3734,BTCUSD,1h,SHORT,2024-11-03T19:00:00+00:00,2024-11-03T06:00:00+00:00,2024-11-03T14:00:00+00:00,3726,3734,3739,68375.5,68772.5,67694.93,397.0,0.580617,60,internal|bos|brk3734|form3726,internal,68772.5,68375.5,-1.0,0,0.0,1.486146,1,SL_HIT,2024-11-03T20:00:00+00:00,0.578127,0.973114,0.580617,0.973114,0.258186,0.792191,0.375315,0.973114,0.663041,13.0,5.0,3.0,0.721869,1.0,0.0,0.0,0.0,1.0,0.21799,0.001226,0.594101,86.0,0.457898,1.750134,1.336993,0.130504,-1.31352,1.58205,0.0
SOLUSD_3746_BEARISH_3731_3734,SOLUSD,1h,SHORT,2024-11-04T02:00:00+00:00,2024-11-03T11:00:00+00:00,2024-11-03T14:00:00+00:00,3731,3734,3746,163.70325,164.76,161.89,1.05675,0.645528,54,internal|bos|brk3734|form3731,internal,164.76,163.351,-1.0,0,0.960729,1.179797,1,SL_HIT,2024-11-04T03:00:00+00:00,0.857364,0.845575,0.645528,0.634181,0.297374,0.721079,0.398864,0.845575,0.959599,15.0,12.0,3.0,0.382729,1.0,0.0,0.0,0.0,1.0,0.34639,0.035407,1.013941,87.0,0.740816,1.179844,0.83569,0.466444,-1.468904,0.530245,0.0
XRPUSD_3753_BEARISH_3712_3722,XRPUSD,1h,SHORT,2024-11-04T09:00:00+00:00,2024-11-02T16:00:00+00:00,2024-11-03T02:00:00+00:00,3712,3722,3753,0.51,0.5116,0.51,0.0016,0.313725,100,internal|bos|brk3722|form3712,internal,0.5116,0.51,-1.0,0,0.0,2.5,1,SL_HIT,2024-11-04T10:00:00+00:00,0.313173,0.515612,0.313725,0.515612,0.4375,0.625,0.75,0.515612,2.062447,41.0,31.0,0.0,0.290032,1.0,0.0,0.0,0.0,1.0,0.589666,0.064451,0.607381,44.0,0.443532,1.51461,0.808998,3.170436,-0.409357,1.161758,0.0
BTCUSD_3780_BEARISH_3757_3758,BTCUSD,1h,SHORT,2024-11-05T12:00:00+00:00,2024-11-04T13:00:00+00:00,2024-11-04T14:00:00+00:00,3757,3758,3780,68797.5,69258.0,68008.07,460.5,0.669356,52,internal|choch|brk3758|form3757,internal,69258.0,68644.0,-1.0,0,0.290988,3.288817,2,SL_HIT,2024-11-05T14:00:00+00:00,0.891716,1.46952,0.669356,1.10214,0.654723,0.742671,0.507329,1.46952,0.624666,23.0,22.0,9.0,0.140011,0.0,1.0,0.0,1.0,0.0,0.421113,0.02872,0.606808,84.5,0.405241,0.68809,-0.041374,2.601699,0.618858,0.716602,0.0
SOLUSD_3780_BEARISH_3757_3762,SOLUSD,1h,SHORT,2024-11-05T12:00:00+00:00,2024-11-04T13:00:00+00:00,2024-11-04T18:00:00+00:00,3757,3762,3780,163.6903,164.914,161.59,1.2237,0.74757,46,internal|bos|brk3762|form3757,internal,164.914,163.2824,-1.0,0,0.754515,3.311841,2,SL_HIT,2024-11-05T14:00:00+00:00,0.998647,0.978284,0.74757,0.733713,0.939569,0.494974,0.546457,0.978284,0.850213,23.0,18.0,0.0,0.185452,1.0,0.0,0.0,0.0,1.0,0.439033,0.124714,1.020815,79.0,0.720937,1.367055,0.795227,5.068167,-0.365288,0.866907,0.0
SOLUSD_3815_BULLISH_3807_3813,SOLUSD,1h,LONG,2024-11-06T23:00:00+00:00,2024-11-06T15:00:00+00:00,2024-11-06T21:00:00+00:00,3807,3813,3815,186.9945,184.359,191.51,2.6355,1.4094,24,internal|bos|brk3813|form3807,internal,187.873,184.359,1.713337,1,1.892051,0.36255,2,TP_HIT,2024-11-07T01:00:00+00:00,1.882507,1.873771,1.4094,1.405328,0.656517,0.343483,0.045532,1.873771,0.917689,8.0,2.0,0.0,0.175166,1.0,0.0,0.0,0.0,1.0,0.903458,0.003199,1.004662,100.0,0.590192,1.303215,-0.513777,1.875239,20.042444,0.483108,1.0
SOLUSD_3842_BULLISH_3839_3840,SOLUSD,1h,LONG,2024-11-08T02:00:00+00:00,2024-11-07T23:00:00+00:00,2024-11-08T00:00:00+00:00,3839,3840,3842,195.84075,194.208,198.64,1.63275,0.833713,41,internal|bos|brk3840|form3839,internal,196.385,194.208,1.714439,1,1.94105,0.0,2,TP_HIT,2024-11-08T04:00:00+00:00,1.111111,1.114205,0.833713,0.835654,0.790997,0.305466,0.141938,1.114205,0.972946,3.0,2.0,0.0,0.045679,1.0,0.0,0.0,0.0,1.0,0.88499,0.10748,0.997223,100.0,0.879607,1.473494,-0.249465,5.312099,13.547064,0.579892,1.0
SOLUSD_3856_BULLISH_3842_3849,SOLUSD,1h,LONG,2024-11-08T16:00:00+00:00,2024-11-08T02:00:00+00:00,2024-11-08T09:00:00+00:00,3842,3849,3856,197.87925,195.72,201.58,2.15925,1.091196,32,internal|bos|brk3849|form3842,internal,198.599,195.72,1.713905,1,1.964455,0.708232,2,TP_HIT,2024-11-08T18:00:00+00:00,1.459969,1.423449,1.091196,1.067586,0.512678,0.541855,0.844043,1.423449,1.607869,14.0,7.0,1.0,0.337816,1.0,0.0,0.0,0.0,1.0,0.841716,0.348075,1.025656,100.0,1.020915,2.283748,-2.926539,-0.666435,6.638546,1.218016,1.0
SOLUSD_3878_BULLISH_3861_3874,SOLUSD,1h,LONG,2024-11-09T14:00:00+00:00,2024-11-08T21:00:00+00:00,2024-11-09T10:00:00+00:00,3861,3874,3878,198.65475,197.169,201.2,1.48575,0.747906,46,internal|bos|brk3874|form3861,internal,199.15,197.169,-1.0,0,0.063436,1.410567,2,SL_HIT,2024-11-09T16:00:00+00:00,0.999238,0.98145,0.747906,0.736087,0.546189,0.837456,0.23372,0.98145,0.595013,17.0,4.0,0.0,0.20003,1.0,0.0,0.0,0.0,1.0,0.841985,0.173896,1.018125,90.5,0.435274,1.07905,-1.776681,-0.859133,5.657793,1.233268,1.0
BTCUSD_3885_BEARISH_3872_3880,BTCUSD,1h,SHORT,2024-11-09T21:00:00+00:00,2024-11-09T08:00:00+00:00,2024-11-09T16:00:00+00:00,3872,3880,3885,76430.5,76743.0,75894.79,312.5,0.408868,85,internal|choch|brk3880|form3872,internal,76743.0,76430.5,-1.0,0,0.2416,1.5824,2,SL_HIT,2024-11-09T23:00:00+00:00,0.408825,0.656912,0.408868,0.656912,0.9744,0.8896,0.0496,0.656912,0.502406,13.0,5.0,1.0,0.016817,0.0,1.0,0.0,0.0,1.0,0.911484,0.068319,0.622344,56.0,0.149684,0.559163,0.479139,-0.081045,-0.134568,1.331943,0.0
BTCUSD_3908_BULLISH_3894_3899,BTCUSD,1h,LONG,2024-11-10T20:00:00+00:00,2024-11-10T06:00:00+00:00,2024-11-10T11:00:00+00:00,3894,3899,3908,79195.375,78707.5,80031.73,487.875,0.61604,56,internal|bos|brk3899|form3894,internal,79358.0,78707.5,-1.0,0,1.843966,1.309506,1,SL_HIT,2024-11-10T21:00:00+00:00,0.823168,1.294011,0.61604,0.970508,0.486549,0.538816,0.302844,1.294011,0.643524,14.0,9.0,2.0,0.340909,1.0,0.0,0.0,0.0,1.0,0.692242,0.629599,0.636137,89.0,0.722976,1.89576,-0.901025,-0.219703,2.863019,1.453191,1.0
XRPUSD_3908_BULLISH_3895_3900,XRPUSD,1h,LONG,2024-11-10T20:00:00+00:00,2024-11-10T07:00:00+00:00,2024-11-10T12:00:00+00:00,3895,3900,3908,0.58525,0.5806,0.59,0.00465,0.794532,44,internal|bos|brk3900|form3895,internal,0.5868,0.5806,-1.0,0,0.591398,4.806452,1,SL_HIT,2024-11-10T21:00:00+00:00,1.067861,1.392276,0.794532,1.044207,0.0,1.0,0.709677,1.392276,4.805599,13.0,8.0,0.0,1.044207,1.0,0.0,0.0,0.0,1.0,0.557583,0.0,0.766989,100.0,1.346138,3.997181,-4.001323,-0.853825,5.775187,1.625265,1.0
SOLUSD_3945_BULLISH_3938_3944,SOLUSD,1h,LONG,2024-11-12T09:00:00+00:00,2024-11-12T02:00:00+00:00,2024-11-12T08:00:00+00:00,3938,3944,3945,218.93725,215.71,224.47,3.22725,1.474052,23,internal|bos|brk3944|form3938,internal,220.013,215.71,-1.0,0,0.0,2.985251,1,SL_HIT,2024-11-12T10:00:00+00:00,1.993172,1.725301,1.474052,1.293975,0.041134,0.958866,0.420172,1.725301,1.311116,7.0,1.0,0.0,1.223007,1.0,0.0,0.0,0.0,1.0,0.681094,0.070969,1.155261,100.0,1.206332,3.914504,-1.3088,-1.601185,5.259899,0.962207,1.0
BTCUSD_3956_BEARISH_3943_3948,BTCUSD,1h,SHORT,2024-11-12T20:00:00+00:00,2024-11-12T07:00:00+00:00,2024-11-12T12:00:00+00:00,3943,3948,3956,89313.5,90026.0,88092.07,712.5,0.797752,43,internal|choch|brk3948|form3943,internal,90026.0,89076.0,1.714288,1,2.350175,0.581754,2,TP_HIT,2024-11-12T22:00:00+00:00,1.061328,1.435225,0.797752,1.076418,0.542632,0.881053,0.554737,1.435225,1.154978,13.0,8.0,1.0,0.29762,0.0,1.0,0.0,0.0,0.0,0.964029,0.410927,0.739486,100.0,0.871232,1.80234,3.304192,1.186399,11.034547,1.09806,0.0
XRPUSD_3965_BULLISH_3947_3956,XRPUSD,1h,LONG,2024-11-13T05:00:00+00:00,2024-11-12T11:00:00+00:00,2024-11-12T20:00:00+00:00,3947,3956,3965,0.64555,0.6298,0.67,0.01575,2.43978,14,internal|bos|brk3956|form3947,internal,0.6508,0.6298,1.552381,1,1.787302,0.28254,3,TP_HIT,2024-11-13T08:00:00+00:00,3.248762,2.617579,2.43978,1.963185,0.790476,0.27619,0.685714,2.617579,1.49576,18.0,9.0,1.0,0.10595,1.0,0.0,0.0,0.0,1.0,0.522092,0.523516,1.241132,100.0,1.847641,2.318427,-8.493771,-3.015754,8.693459,1.064656,1.0
SOLUSD_3973_BEARISH_3958_3963,SOLUSD,1h,SHORT,2024-11-13T13:00:00+00:00,2024-11-12T22:00:00+00:00,2024-11-13T03:00:00+00:00,3958,3963,3973,213.18175,215.644,208.96,2.46225,1.155,30,internal|bos|brk3963|form3958,internal,215.644,212.361,-1.0,0,1.280435,1.709514,1,SL_HIT,2024-11-13T14:00:00+00:00,1.543997,1.206088,1.155,0.904566,0.918063,0.900396,0.630521,1.206088,1.60873,15.0,10.0,0.0,0.202698,1.0,0.0,0.0,0.0,1.0,0.574704,0.565756,1.280169,100.0,1.095829,3.19505,3.248018,-1.217189,-2.35132,1.344077,0.0
SOLUSD_3993_BEARISH_3944_3946,SOLUSD,1h,SHORT,2024-11-14T09:00:00+00:00,2024-11-12T08:00:00+00:00,2024-11-12T10:00:00+00:00,3944,3946,3993,222.05245,225.3328,216.43,3.28035,1.477286,23,internal|choch|brk3946|form3944,internal,225.3328,220.959,1.713979,1,2.562333,0.04498,2,TP_HIT,2024-11-14T11:00:00+00:00,1.971423,1.50908,1.477286,1.13181,0.794001,0.466642,0.747634,1.50908,0.749054,49.0,47.0,1.0,0.066401,0.0,1.0,0.0,0.0,1.0,0.852144,0.379185,1.306374,100.0,1.257146,1.172058,0.763699,1.04755,-0.113007,0.720576,0.0
SOLUSD_3998_BULLISH_3981_3993,SOLUSD,1h,LONG,2024-11-14T14:00:00+00:00,2024-11-13T21:00:00+00:00,2024-11-14T09:00:00+00:00,3981,3993,3998,210.49325,206.48,217.37,4.01325,1.906593,18,internal|bos|brk3993|form3981,internal,211.831,206.48,-1.0,0,1.675886,1.475924,14,SL_HIT,2024-11-15T04:00:00+00:00,2.541439,1.818562,1.906593,1.363922,0.760605,0.244814,0.177911,1.818562,0.751079,17.0,5.0,0.0,0.019287,1.0,0.0,0.0,0.0,1.0,0.410916,0.414623,1.397499,100.0,1.340088,2.561824,-5.097809,-2.189415,0.62319,1.115976,1.0
SOLUSD_4021_BEARISH_4001_4011,SOLUSD,1h,SHORT,2024-11-15T13:00:00+00:00,2024-11-14T17:00:00+00:00,2024-11-15T03:00:00+00:00,4001,4011,4021,215.20075,217.171,211.82,1.97025,0.91554,38,internal|choch|brk4011|form4001,internal,217.171,214.544,1.715899,1,2.497018,0.116863,1,TP_HIT,2024-11-15T14:00:00+00:00,1.223049,0.890828,0.91554,0.668121,0.905976,0.242101,0.616673,0.890828,0.353686,20.0,10.0,1.0,0.138948,0.0,1.0,0.0,0.0,0.0,0.560898,0.210584,1.372936,89.0,0.733568,0.558471,1.604068,1.231513,3.314574,0.877933,0.0
BTCUSD_4028_BEARISH_3995_4004,BTCUSD,1h,SHORT,2024-11-15T20:00:00+00:00,2024-11-14T11:00:00+00:00,2024-11-14T20:00:00+00:00,3995,4004,4028,90804.25,91717.0,89239.54,912.75,1.005184,34,internal|choch|brk4004|form3995,internal,91717.0,90500.0,-1.0,0,0.0,1.184059,1,SL_HIT,2024-11-15T21:00:00+00:00,1.330513,1.504594,1.005184,1.128445,0.204191,0.819638,0.317173,1.504594,2.190748,33.0,24.0,3.0,0.821221,0.0,1.0,0.0,0.0,1.0,0.789301,0.467327,0.8843,100.0,0.657486,1.392707,3.371758,4.196641,-1.507508,1.067815,0.0
XRPUSD_4033_BULLISH_4024_4029,XRPUSD,1h,LONG,2024-11-16T01:00:00+00:00,2024-11-15T16:00:00+00:00,2024-11-15T21:00:00+00:00,4024,4029,4033,0.8788,0.8614,0.91,0.0174,1.979973,17,internal|bos|brk4029|form4024,internal,0.8846,0.8614,1.793103,1,2.333333,0.0,2,TP_HIT,2024-11-16T03:00:00+00:00,2.623841,1.774678,1.979973,1.331009,0.982759,0.25,0.655172,1.774678,3.671748,9.0,4.0,1.0,0.413072,1.0,0.0,0.0,1.0,1.0,0.868828,0.413072,1.478488,99.5,2.495297,0.910288,1.352591,8.504111,28.107795,0.290717,1.0
ETHUSD_4035_BEARISH_4001_4012,ETHUSD,1h,SHORT,2024-11-16T03:00:00+00:00,2024-11-14T17:00:00+00:00,2024-11-15T04:00:00+00:00,4001,4012,4035,3136.7875,3172.6,3075.39,35.8125,1.141694,30,internal|bos|brk4012|form4001,internal,3172.6,3124.85,-1.0,0,0.93089,1.702269,8,SL_HIT,2024-11-16T11:00:00+00:00,1.512512,1.309027,1.141694,0.98177,0.326702,0.709948,0.835602,1.309027,1.573573,34.0,23.0,2.0,0.554109,1.0,0.0,0.0,0.0,1.0,0.325463,0.030156,1.155448,89.5,0.735177,1.322734,1.759928,1.628895,-1.88949,0.481284,0.0
BTCUSD_4050_BEARISH_4037_4045,BTCUSD,1h,SHORT,2024-11-16T18:00:00+00:00,2024-11-16T05:00:00+00:00,2024-11-16T13:00:00+00:00,4037,4045,4050,91361.625,91851.0,90522.7,489.375,0.535646,65,internal|choch|brk4045|form4037,internal,91851.0,91198.5,1.714278,1,2.051852,0.048787,4,TP_HIT,2024-11-16T22:00:00+00:00,0.714337,0.835875,0.535646,0.626906,0.777778,0.375479,0.116475,0.835875,0.185109,13.0,5.0,0.0,0.023219,0.0,1.0,0.0,0.0,0.0,0.730011,0.128103,0.854597,77.0,0.240027,0.712255,0.594137,0.061893,2.373761,1.099209,0.0
BTCUSD_4064_BEARISH_4050_4058,BTCUSD,1h,SHORT,2024-11-17T08:00:00+00:00,2024-11-16T18:00:00+00:00,2024-11-17T02:00:00+00:00,4050,4058,4064,91026.5,91443.5,90311.64,417.0,0.458108,76,internal|bos|brk4058|form4050,internal,91443.5,90887.5,-1.0,0,0.015588,1.227818,1,SL_HIT,2024-11-17T09:00:00+00:00,0.610704,0.728261,0.458108,0.546196,0.721223,0.427158,0.676259,0.728261,0.328765,14.0,6.0,1.0,0.020957,1.0,0.0,0.0,0.0,0.0,0.673803,0.18665,0.838578,67.0,0.355194,0.788513,0.8284,0.082997,3.195879,1.057777,0.0
ETHUSD_4091_BULLISH_4023_4035,ETHUSD,1h,LONG,2024-11-18T11:00:00+00:00,2024-11-15T15:00:00+00:00,2024-11-16T03:00:00+00:00,4023,4035,4091,3051.6375,3016.65,3111.62,34.9875,1.146516,30,internal|choch|brk4035|form4023,internal,3063.3,3016.65,1.714398,1,3.111468,0.0,4,TP_HIT,2024-11-18T15:00:00+00:00,1.525382,1.311232,1.146516,0.983424,0.891747,0.585209,0.757771,1.311232,1.253611,68.0,56.0,6.0,0.185863,0.0,1.0,0.0,0.0,0.0,0.193213,0.021081,1.163319,55.0,0.652542,1.894471,-2.900368,-0.510744,-1.922584,1.084943,1.0
ETHUSD_4092_BULLISH_4078_4085,ETHUSD,1h,LONG,2024-11-18T12:00:00+00:00,2024-11-17T22:00:00+00:00,2024-11-18T05:00:00+00:00,4078,4085,4092,3079.8875,3044.6,3140.38,35.2875,1.14574,30,internal|choch|brk4085|form4078,internal,3091.65,3044.6,1.714276,1,2.284449,0.747786,3,TP_HIT,2024-11-18T15:00:00+00:00,1.523393,1.322443,1.14574,0.991833,0.93305,0.834219,0.131775,1.322443,0.498903,14.0,7.0,1.0,0.242073,0.0,1.0,0.0,0.0,0.0,0.349745,0.009838,1.151953,55.0,0.688687,1.004832,-1.428229,0.770009,-1.305383,1.267474,1.0
BTCUSD_4093_BULLISH_4078_4086,BTCUSD,1h,LONG,2024-11-18T13:00:00+00:00,2024-11-17T22:00:00+00:00,2024-11-18T06:00:00+00:00,4078,4086,4093,89455.5,88744.5,90674.36,711.0,0.794809,44,internal|choch|brk4086|form4078,internal,89692.5,88744.5,1.71429,1,2.328411,0.0,1,TP_HIT,2024-11-18T14:00:00+00:00,1.058579,1.254633,0.794809,0.940975,0.853903,0.287975,0.466772,1.254633,2.021574,15.0,7.0,0.0,0.13036,0.0,1.0,0.0,0.0,0.0,0.498158,0.178004,0.843736,58.5,0.690041,1.61395,-2.534745,-0.070299,-1.853252,1.546914,1.0
BTCUSD_4098_BULLISH_4093_4095,BTCUSD,1h,LONG,2024-11-18T18:00:00+00:00,2024-11-18T13:00:00+00:00,2024-11-18T15:00:00+00:00,4093,4095,4098,90334.125,89419.5,91902.05,914.625,1.012491,34,internal|bos|brk4095|form4093,internal,90639.0,89419.5,1.714282,1,1.821922,0.67145,2,TP_HIT,2024-11-18T20:00:00+00:00,1.348818,1.56661,1.012491,1.174957,0.814268,0.398934,0.841738,1.56661,2.663686,5.0,3.0,0.0,0.100683,1.0,0.0,0.0,1.0,0.0,0.617858,0.375755,0.860979,74.0,0.928541,2.052201,0.958639,-0.357078,-0.285097,2.29542,1.0
BTCUSD_4117_BULLISH_4103_4116,BTCUSD,1h,LONG,2024-11-19T13:00:00+00:00,2024-11-18T23:00:00+00:00,2024-11-19T12:00:00+00:00,4103,4116,4117,91043.25,90280.5,92350.82,762.75,0.837789,41,internal|bos|brk4116|form4103,internal,91297.5,90280.5,1.714284,1,1.778761,0.036382,1,TP_HIT,2024-11-19T14:00:00+00:00,1.115437,1.311905,0.837789,0.983929,0.879548,0.221731,0.73943,1.311905,1.061005,14.0,1.0,0.0,0.169954,1.0,0.0,0.0,0.0,1.0,0.662324,0.346359,0.850242,66.5,0.623635,2.339371,-0.734894,-0.05207,0.473855,1.238572,1.0
ETHUSD_4119_BULLISH_4091_4096,ETHUSD,1h,LONG,2024-11-19T15:00:00+00:00,2024-11-18T11:00:00+00:00,2024-11-18T16:00:00+00:00,4091,4096,4119,3102.95,3052.4,3189.61,50.55,1.629095,21,internal|bos|brk4096|form4091,internal,3119.8,3052.4,-1.0,0,1.160237,1.276954,27,SL_HIT,2024-11-20T18:00:00+00:00,2.169644,1.876386,1.629095,1.407289,0.802671,0.630564,0.897626,1.876386,0.7113,28.0,23.0,10.0,0.09883,1.0,0.0,0.0,0.0,1.0,0.426233,0.023664,1.156289,51.0,0.743455,0.587414,-0.52356,-1.638566,0.02898,1.509436,1.0
ETHUSD_4144_BULLISH_4131_4143,ETHUSD,1h,LONG,2024-11-20T16:00:00+00:00,2024-11-20T03:00:00+00:00,2024-11-20T15:00:00+00:00,4131,4143,4144,3093.5,3074.0,3126.93,19.5,0.630354,55,internal|bos|brk4143|form4131,internal,3100.0,3074.0,-1.0,0,0.264103,1.441026,1,SL_HIT,2024-11-20T17:00:00+00:00,0.841179,0.741029,0.630354,0.555771,0.65,0.892308,0.365385,0.741029,0.444617,13.0,1.0,0.0,0.074103,1.0,0.0,0.0,0.0,1.0,0.286759,0.025651,1.135151,22.0,0.440581,1.720041,-0.34177,-0.306412,0.043696,1.753443,1.0
XRPUSD_4145_BULLISH_4131_4139,XRPUSD,1h,LONG,2024-11-20T17:00:00+00:00,2024-11-20T03:00:00+00:00,2024-11-20T11:00:00+00:00,4131,4139,4145,1.08325,1.057,1.13,0.02625,2.423263,14,internal|bos|brk4139|form4131,internal,1.092,1.057,1.780952,1,1.819048,0.67619,8,TP_HIT,2024-11-21T01:00:00+00:00,3.238042,1.616315,2.423263,1.212236,0.682857,0.334286,0.377143,1.616315,0.193958,14.0,6.0,1.0,0.108524,1.0,0.0,0.0,0.0,0.0,0.287994,0.217048,2.003348,100.0,0.998534,1.154511,-3.516915,-1.152263,-7.449268,1.344176,1.0
ETHUSD_4156_BEARISH_4142_4145,ETHUSD,1h,SHORT,2024-11-21T04:00:00+00:00,2024-11-20T14:00:00+00:00,2024-11-20T17:00:00+00:00,4142,4145,4156,3109.4,3161.6,3019.91,52.2,1.67878,20,internal|choch|brk4145|form4142,internal,3161.6,3092.0,-1.0,0,0.280651,4.045977,8,SL_HIT,2024-11-21T12:00:00+00:00,2.222116,1.98621,1.67878,1.489658,0.423132,0.718391,0.002155,1.98621,0.714865,14.0,11.0,3.0,0.649228,0.0,1.0,0.0,0.0,1.0,0.515752,0.039953,1.118772,18.5,0.633533,1.697982,1.981246,0.548948,-0.876624,0.980223,0.0
BTCUSD_4164_BULLISH_4157_4163,BTCUSD,1h,LONG,2024-11-21T12:00:00+00:00,2024-11-21T05:00:00+00:00,2024-11-21T11:00:00+00:00,4157,4163,4164,97603.125,96726.0,99106.77,877.125,0.898665,38,internal|bos|brk4163|form4157,internal,97895.5,96726.0,-1.0,0,0.189112,1.204646,2,SL_HIT,2024-11-21T14:00:00+00:00,1.20165,1.50014,0.898665,1.125105,0.511757,0.532279,0.193673,1.50014,0.325169,7.0,1.0,0.0,0.357398,1.0,0.0,0.0,1.0,1.0,0.886409,0.724736,0.801025,63.0,0.583615,1.303884,0.386282,3.152623,5.991418,0.947339,1.0
BTCUSD_4169_BEARISH_4163_4167,BTCUSD,1h,SHORT,2024-11-21T17:00:00+00:00,2024-11-21T11:00:00+00:00,2024-11-21T15:00:00+00:00,4163,4167,4169,97902.375,98424.0,97008.16,521.625,0.532801,65,internal|choch|brk4167|form4163,internal,98424.0,97728.5,-1.0,0,0.416727,1.125569,1,SL_HIT,2024-11-21T18:00:00+00:00,0.709072,0.8819,0.532801,0.661425,0.485981,0.542056,0.364486,0.8819,0.453313,6.0,2.0,0.0,0.232838,0.0,1.0,0.0,0.0,0.0,0.965081,0.241556,0.804027,82.0,0.628977,1.462649,0.782434,3.921174,6.109467,1.550759,0.0
ETHUSD_4186_BULLISH_4177_4180,ETHUSD,1h,LONG,2024-11-22T10:00:00+00:00,2024-11-22T01:00:00+00:00,2024-11-22T04:00:00+00:00,4177,4180,4186,3327.4625,3308.0,3360.83,19.4625,0.584905,59,internal|bos|brk4180|form4177,internal,3333.95,3308.0,-1.0,0,1.648683,3.381503,3,SL_HIT,2024-11-22T13:00:00+00:00,0.780146,0.712675,0.584905,0.534507,0.705202,0.460501,0.16763,0.712675,0.656375,9.0,6.0,0.0,0.031926,1.0,0.0,0.0,0.0,1.0,0.740792,0.013732,1.094672,80.5,0.862229,1.392395,-1.546521,-0.705981,6.417762,0.679,1.0
SOLUSD_4186_BULLISH_4177_4179,SOLUSD,1h,LONG,2024-11-22T10:00:00+00:00,2024-11-22T01:00:00+00:00,2024-11-22T03:00:00+00:00,4177,4179,4186,256.26725,252.659,262.45,3.60825,1.408003,24,internal|bos|brk4179|form4177,internal,257.47,252.659,-1.0,0,1.184438,1.010448,4,SL_HIT,2024-11-22T14:00:00+00:00,1.869809,1.437669,1.408003,1.078252,0.964456,0.139264,0.128871,1.437669,1.47323,9.0,7.0,0.0,0.308317,1.0,0.0,0.0,0.0,1.0,0.791889,0.831643,1.300584,94.0,0.960631,0.693284,-1.331436,1.227083,8.277154,0.535446,1.0
BTCUSD_4192_BEARISH_4183_4190,BTCUSD,1h,SHORT,2024-11-22T16:00:00+00:00,2024-11-22T07:00:00+00:00,2024-11-22T14:00:00+00:00,4183,4190,4192,99065.0,99530.0,98267.86,465.0,0.469389,74,internal|choch|brk4190|form4183,internal,99530.0,98910.0,-1.0,0,0.786022,1.27957,3,SL_HIT,2024-11-22T19:00:00+00:00,0.626823,0.79085,0.469389,0.593138,0.997581,0.237903,0.329839,0.79085,0.565713,9.0,2.0,0.0,0.195799,0.0,1.0,0.0,1.0,0.0,0.938826,0.22705,0.792594,68.5,0.457186,1.008972,-0.018195,0.827731,4.513419,1.536192,0.0
SOLUSD_4211_BULLISH_4202_4204,SOLUSD,1h,LONG,2024-11-23T11:00:00+00:00,2024-11-23T02:00:00+00:00,2024-11-23T04:00:00+00:00,4202,4204,4211,255.95,253.46,260.22,2.49,0.972846,35,internal|bos|brk4204|form4202,internal,256.78,253.46,1.714859,1,1.772289,0.0,2,TP_HIT,2024-11-23T13:00:00+00:00,1.295913,0.996839,0.972846,0.747629,0.822289,0.23494,0.703313,0.996839,1.621365,9.0,7.0,1.0,0.072061,1.0,0.0,0.0,0.0,1.0,0.760103,0.568769,1.300022,79.0,0.7732,0.459987,-1.222239,0.41941,5.955581,0.604382,1.0
XRPUSD_4255_BEARISH_4226_4235,XRPUSD,1h,SHORT,2024-11-25T07:00:00+00:00,2024-11-24T02:00:00+00:00,2024-11-24T11:00:00+00:00,4226,4235,4255,1.486875,1.5135,1.44,0.026625,1.790668,19,internal|bos|brk4235|form4226,internal,1.5135,1.478,-1.0,0,0.344601,1.984038,1,SL_HIT,2024-11-25T08:00:00+00:00,2.398973,1.174794,1.790668,0.881095,0.949296,0.794366,0.298592,1.174794,1.757227,29.0,20.0,0.0,0.234131,1.0,0.0,0.0,0.0,1.0,0.721704,0.416969,2.042037,100.0,2.175693,1.935928,6.659939,9.404111,-4.133195,0.980828,0.0
SOLUSD_4260_BULLISH_4249_4256,SOLUSD,1h,LONG,2024-11-25T12:00:00+00:00,2024-11-25T01:00:00+00:00,2024-11-25T08:00:00+00:00,4249,4256,4260,250.115,245.87,257.39,4.245,1.697219,20,internal|choch|brk4256|form4249,internal,251.53,245.87,-1.0,0,0.432273,1.862191,2,SL_HIT,2024-11-25T14:00:00+00:00,2.252303,1.750088,1.697219,1.312566,0.959064,0.190813,0.464664,1.750088,0.525397,11.0,4.0,1.0,0.36588,0.0,1.0,0.0,0.0,0.0,0.460248,0.093596,1.286966,51.5,0.597469,0.706528,-0.837227,0.055065,-2.195727,1.437895,1.0
BTCUSD_4261_BULLISH_4249_4257,BTCUSD,1h,LONG,2024-11-25T13:00:00+00:00,2024-11-25T01:00:00+00:00,2024-11-25T09:00:00+00:00,4249,4257,4261,97635.75,96930.0,98845.61,705.75,0.72284,48,internal|choch|brk4257|form4249,internal,97871.0,96930.0,-1.0,0,0.120085,3.198371,1,SL_HIT,2024-11-25T14:00:00+00:00,0.964708,1.32772,0.72284,0.99579,0.650903,0.620616,0.524973,1.32772,0.395776,12.0,4.0,0.0,0.131573,0.0,1.0,0.0,0.0,0.0,0.474957,0.011288,0.72659,1.0,0.382197,1.030006,-0.752427,-0.55005,-0.942414,1.308713,1.0
XRPUSD_4262_BULLISH_4249_4253,XRPUSD,1h,LONG,2024-11-25T14:00:00+00:00,2024-11-25T01:00:00+00:00,2024-11-25T05:00:00+00:00,4249,4253,4262,1.390825,1.3567,1.45,0.034125,2.45358,14,internal|choch|brk4253|form4249,internal,1.4022,1.3567,1.734066,1,3.893773,0.466667,2,TP_HIT,2024-11-25T16:00:00+00:00,3.279043,1.489322,2.45358,1.116992,0.679121,0.320879,0.479121,1.489322,0.648101,13.0,9.0,0.0,0.105562,0.0,1.0,0.0,0.0,0.0,0.543434,0.523718,2.201701,100.0,1.71587,2.045772,-8.203228,-3.174935,-9.919501,1.307506,1.0
SOLUSD_4300_BULLISH_4290_4298,SOLUSD,1h,LONG,2024-11-27T04:00:00+00:00,2024-11-26T18:00:00+00:00,2024-11-27T02:00:00+00:00,4290,4298,4300,228.6375,223.5,237.44,5.1375,2.247007,15,internal|choch|brk4298|form4290,internal,230.35,223.5,1.713382,1,1.790326,0.196107,9,TP_HIT,2024-11-27T13:00:00+00:00,2.978261,2.006532,2.247007,1.504899,0.948905,0.093431,0.635182,2.006532,0.404236,10.0,2.0,0.0,0.39911,0.0,1.0,0.0,0.0,0.0,0.1932,0.096665,1.484283,96.0,1.179827,1.186051,-0.255865,0.912601,-8.025753,0.472845,1.0
BTCUSD_4303_BEARISH_4289_4292,BTCUSD,1h,SHORT,2024-11-27T07:00:00+00:00,2024-11-26T17:00:00+00:00,2024-11-26T20:00:00+00:00,4289,4292,4303,93652.0,94120.0,92849.71,468.0,0.499722,70,internal|bos|brk4292|form4289,internal,94120.0,93496.0,-1.0,0,1.592949,1.452991,6,SL_HIT,2024-11-27T13:00:00+00:00,0.666275,0.809918,0.499722,0.607438,0.745192,0.362179,0.740385,0.809918,0.756053,14.0,11.0,0.0,0.003894,1.0,0.0,0.0,0.0,1.0,0.342924,0.335519,0.822645,45.0,0.650574,0.835228,0.683731,-0.471315,-4.561736,0.605037,0.0
SOLUSD_4309_BEARISH_4278_4282,SOLUSD,1h,SHORT,2024-11-27T13:00:00+00:00,2024-11-26T06:00:00+00:00,2024-11-26T10:00:00+00:00,4278,4282,4309,238.2725,239.72,235.79,1.4475,0.607498,57,internal|bos|brk4282|form4278,internal,239.72,237.79,-1.0,0,1.178929,1.006908,1,SL_HIT,2024-11-27T14:00:00+00:00,0.811486,0.569162,0.607498,0.426872,0.976528,0.023472,0.129534,0.569162,2.020378,31.0,27.0,0.0,0.128931,1.0,0.0,0.0,0.0,1.0,0.382248,0.198971,1.425755,89.0,0.899355,1.116295,1.891569,3.496649,-5.763016,1.067964,0.0
BTCUSD_4310_BEARISH_4278_4282,BTCUSD,1h,SHORT,2024-11-27T14:00:00+00:00,2024-11-26T06:00:00+00:00,2024-11-26T10:00:00+00:00,4278,4282,4310,94495.5,95061.5,93525.21,566.0,0.59897,58,internal|bos|brk4282|form4278,internal,95061.5,94495.5,-1.0,0,0.220848,2.495583,1,SL_HIT,2024-11-27T15:00:00+00:00,0.596433,0.740775,0.59897,0.740775,0.289753,0.787102,0.2553,0.740775,1.615702,32.0,28.0,1.0,0.526134,1.0,0.0,0.0,0.0,1.0,0.496357,0.063476,0.805147,43.0,0.426245,1.032636,1.525056,3.133762,-3.147533,1.170464,0.0
XRPUSD_4338_BEARISH_4326_4335,XRPUSD,1h,SHORT,2024-11-28T18:00:00+00:00,2024-11-28T06:00:00+00:00,2024-11-28T15:00:00+00:00,4326,4335,4338,1.476375,1.4937,1.45,0.017325,1.173482,29,internal|choch|brk4335|form4326,internal,1.4937,1.4706,-1.0,0,0.58153,1.981241,4,SL_HIT,2024-11-28T22:00:00+00:00,1.563029,0.73921,1.173482,0.554408,0.683983,0.580087,0.220779,0.73921,1.033614,12.0,3.0,1.0,0.048801,0.0,1.0,0.0,0.0,0.0,0.757266,0.348805,2.114458,64.0,0.893446,0.451206,0.846128,0.804856,6.962438,1.290714,0.0
XRPUSD_4345_BEARISH_4215_4216,XRPUSD,1h,SHORT,2024-11-29T01:00:00+00:00,2024-11-23T15:00:00+00:00,2024-11-23T16:00:00+00:00,4215,4216,4345,1.560975,1.5951,1.5,0.034125,2.186134,16,internal|choch|brk4216|form4215,internal,1.5951,1.5496,-1.0,0,0.585348,1.738462,5,SL_HIT,2024-11-29T06:00:00+00:00,2.920786,1.463527,2.186134,1.097645,0.81978,0.575824,0.246154,1.463527,3.036417,130.0,129.0,1.0,0.102125,0.0,1.0,0.0,0.0,0.0,0.93808,0.582194,1.995717,62.0,1.04687,1.083975,5.549156,7.345645,11.207881,0.699139,0.0
SOLUSD_4361_BULLISH_4351_4355,SOLUSD,1h,LONG,2024-11-29T17:00:00+00:00,2024-11-29T07:00:00+00:00,2024-11-29T11:00:00+00:00,4351,4355,4361,240.628875,237.6255,245.78,3.003375,1.248136,28,internal|bos|brk4355|form4351,internal,241.63,237.6255,-1.0,0,1.635202,1.000832,30,SL_HIT,2024-11-30T23:00:00+00:00,1.665904,1.254449,1.248136,0.940837,0.687851,0.326882,0.779373,1.254449,1.074794,10.0,6.0,0.0,0.077963,1.0,0.0,0.0,0.0,0.0,0.680835,0.206751,1.327997,0.5,0.719577,0.654713,-1.15141,-0.500849,-0.091023,1.4843,1.0
BTCUSD_4378_BULLISH_4351_4355,BTCUSD,1h,LONG,2024-11-30T10:00:00+00:00,2024-11-29T07:00:00+00:00,2024-11-29T11:00:00+00:00,4351,4355,4378,96276.125,95667.5,97319.48,608.625,0.632166,55,internal|bos|brk4355|form4351,internal,96479.0,95667.5,1.714282,1,1.960772,0.874307,27,TP_HIT,2024-12-01T13:00:00+00:00,0.843581,1.136337,0.632166,0.852253,0.652495,0.380776,0.764633,1.136337,0.532111,27.0,23.0,2.0,0.110798,1.0,0.0,0.0,0.0,1.0,0.67866,0.121825,0.742369,4.5,0.330749,0.986505,-0.986053,-1.214829,0.705589,0.872575,1.0
BTCUSD_4383_BEARISH_4374_4378,BTCUSD,1h,SHORT,2024-11-30T15:00:00+00:00,2024-11-30T06:00:00+00:00,2024-11-30T10:00:00+00:00,4374,4378,4383,96815.875,97300.0,95985.95,484.125,0.500047,69,internal|bos|brk4378|form4374,internal,97300.0,96654.5,1.714278,1,2.214046,0.621998,11,TP_HIT,2024-12-01T02:00:00+00:00,0.66739,0.915536,0.500047,0.686652,0.898528,0.22928,0.709527,0.915536,0.90348,9.0,5.0,2.0,0.135983,1.0,0.0,0.0,0.0,0.0,0.745391,0.056024,0.728961,0.5,0.293885,0.48578,0.543676,-0.312811,0.994596,0.923041,0.0
BTCUSD_4408_BEARISH_4364_4369,BTCUSD,1h,SHORT,2024-12-01T16:00:00+00:00,2024-11-29T20:00:00+00:00,2024-11-30T01:00:00+00:00,4364,4369,4408,97240.0,97666.5,96508.86,426.5,0.438606,79,internal|choch|brk4369|form4364,internal,97666.5,97240.0,-1.0,0,0.908558,1.468933,5,SL_HIT,2024-12-01T21:00:00+00:00,0.438454,0.638623,0.438606,0.638623,0.921454,0.538101,0.049238,0.638623,0.783119,44.0,39.0,5.0,0.050162,0.0,1.0,0.0,0.0,1.0,0.724888,0.035188,0.686562,0.5,0.285415,0.535306,0.113211,1.153232,-0.821782,1.365407,0.0
ETHUSD_4412_BULLISH_4402_4407,ETHUSD,1h,LONG,2024-12-01T20:00:00+00:00,2024-12-01T10:00:00+00:00,2024-12-01T15:00:00+00:00,4402,4407,4412,3697.15,3677.5,3730.84,19.65,0.53149,65,internal|bos|brk4407|form4402,internal,3703.7,3677.5,1.714504,1,2.114504,0.361323,2,TP_HIT,2024-12-01T22:00:00+00:00,0.709345,0.7293,0.53149,0.546975,0.612595,0.835878,0.685115,0.7293,0.585946,10.0,5.0,1.0,0.100209,1.0,0.0,0.0,0.0,1.0,0.740859,0.004175,0.972637,5.5,0.498062,0.86848,-0.969247,0.226582,3.278528,1.04414,1.0
XRPUSD_4429_BEARISH_4421_4424,XRPUSD,1h,SHORT,2024-12-02T13:00:00+00:00,2024-12-02T05:00:00+00:00,2024-12-02T08:00:00+00:00,4421,4424,4429,2.439725,2.4875,2.36,0.047775,1.958213,17,internal|choch|brk4424|form4421,internal,2.4875,2.4238,-1.0,0,0.756149,4.832548,1,SL_HIT,2024-12-02T14:00:00+00:00,2.624207,1.516725,1.958213,1.137544,0.943485,0.56044,0.403454,1.516725,4.007298,8.0,5.0,0.0,0.293464,0.0,1.0,0.0,0.0,0.0,0.936178,1.431008,1.73018,100.0,3.196653,2.923922,6.637965,11.758748,27.885781,1.265262,0.0
ETHUSD_4434_BEARISH_4432_4433,ETHUSD,1h,SHORT,2024-12-02T18:00:00+00:00,2024-12-02T16:00:00+00:00,2024-12-02T17:00:00+00:00,4432,4433,4434,3636.4625,3684.65,3553.86,48.1875,1.32512,26,internal|bos|brk4433|form4432,internal,3684.65,3620.4,1.714189,1,1.989364,0.775875,19,TP_HIT,2024-12-03T13:00:00+00:00,1.771314,1.735291,1.32512,1.301468,0.893385,0.239689,0.713619,1.735291,1.6016,2.0,1.0,0.0,0.248815,1.0,0.0,0.0,1.0,1.0,0.408355,0.048615,1.020759,39.5,0.905651,1.848727,-0.046846,-1.647234,-1.394571,1.762926,0.0
BTCUSD_4455_BEARISH_4442_4450,BTCUSD,1h,SHORT,2024-12-03T15:00:00+00:00,2024-12-03T02:00:00+00:00,2024-12-03T10:00:00+00:00,4442,4450,4455,95691.375,96375.0,94519.45,683.625,0.714406,48,internal|bos|brk4450|form4442,internal,96375.0,95463.5,-1.0,0,1.11812,1.522948,10,SL_HIT,2024-12-04T01:00:00+00:00,0.951993,1.332814,0.714406,0.99961,0.689523,0.934723,0.595173,1.332814,0.832003,13.0,5.0,1.0,0.080605,1.0,0.0,0.0,0.0,1.0,0.418755,0.003656,0.714273,25.0,0.541662,1.677167,1.059714,-0.120486,-1.427424,1.693193,0.0
SOLUSD_4458_BEARISH_4446_4453,SOLUSD,1h,SHORT,2024-12-03T18:00:00+00:00,2024-12-03T06:00:00+00:00,2024-12-03T13:00:00+00:00,4446,4453,4458,227.70175,231.1,221.88,3.39825,1.492413,23,internal|bos|brk4453|form4446,internal,231.1,226.569,-1.0,0,0.830354,3.547753,3,SL_HIT,2024-12-03T21:00:00+00:00,1.993225,1.471008,1.492413,1.103256,0.834253,0.260207,0.196425,1.471008,1.983637,12.0,5.0,0.0,0.123937,1.0,0.0,0.0,0.0,1.0,0.385035,0.542173,1.355006,37.5,1.123912,1.216804,4.14147,-0.403084,-4.584014,1.422341,0.0
XRPUSD_4461_BEARISH_4449_4453,XRPUSD,1h,SHORT,2024-12-03T21:00:00+00:00,2024-12-03T09:00:00+00:00,2024-12-03T13:00:00+00:00,4449,4453,4461,2.6257,2.6896,2.52,0.0639,2.433637,14,internal|choch|brk4453|form4449,internal,2.6896,2.6044,1.654147,1,1.790297,0.236307,2,TP_HIT,2024-12-03T23:00:00+00:00,3.248808,1.515444,2.433637,1.136583,0.787559,0.963615,0.848592,1.515444,5.056816,12.0,8.0,3.0,0.056918,0.0,1.0,0.0,0.0,0.0,0.763811,0.286369,2.1438,100.0,3.95771,1.623944,4.166667,-0.110459,23.376929,0.5384,0.0
ETHUSD_4462_BEARISH_4446_4453,ETHUSD,1h,SHORT,2024-12-03T22:00:00+00:00,2024-12-03T06:00:00+00:00,2024-12-03T13:00:00+00:00,4446,4453,4462,3640.3625,3673.85,3582.96,33.4875,0.919895,38,internal|bos|brk4453|form4446,internal,3673.85,3629.2,-1.0,0,0.788727,1.797312,2,SL_HIT,2024-12-04T00:00:00+00:00,1.228285,1.215823,0.919895,0.911867,0.866741,0.142217,0.482643,1.215823,1.636528,16.0,9.0,1.0,0.141937,1.0,0.0,0.0,0.0,1.0,0.499904,0.055822,1.01025,24.5,0.589494,1.012959,1.519235,0.430993,-1.581135,0.485266,0.0
BTCUSD_4476_BULLISH_4456_4469,BTCUSD,1h,LONG,2024-12-04T12:00:00+00:00,2024-12-03T16:00:00+00:00,2024-12-04T05:00:00+00:00,4456,4469,4476,95908.75,94927.0,97591.75,981.75,1.023629,34,internal|choch|brk4469|form4456,internal,96236.0,94927.0,-1.0,0,0.73262,1.277056,4,SL_HIT,2024-12-04T16:00:00+00:00,1.363094,1.950779,1.023629,1.463084,0.843774,0.374714,0.423606,1.950779,0.716825,20.0,7.0,0.0,0.182932,0.0,1.0,0.0,0.0,1.0,0.521234,0.068553,0.698744,13.0,0.315728,0.912797,-0.642508,-0.092072,1.054409,0.894859,1.0
SOLUSD_4507_BULLISH_4494_4499,SOLUSD,1h,LONG,2024-12-05T19:00:00+00:00,2024-12-05T06:00:00+00:00,2024-12-05T11:00:00+00:00,4494,4499,4507,234.7225,231.67,239.96,3.0525,1.300472,26,internal|bos|brk4499|form4494,internal,235.74,231.67,-1.0,0,0.0,1.655528,1,SL_HIT,2024-12-05T20:00:00+00:00,1.741616,1.235657,1.300472,0.926743,0.49656,0.781327,0.405405,1.235657,1.493111,13.0,8.0,0.0,0.313165,1.0,0.0,0.0,0.0,1.0,0.619642,0.217075,1.409466,84.0,1.046213,1.438462,-3.088273,-1.387465,3.913469,1.186526,1.0
ETHUSD_4508_BULLISH_4489_4496,ETHUSD,1h,LONG,2024-12-05T20:00:00+00:00,2024-12-05T01:00:00+00:00,2024-12-05T08:00:00+00:00,4489,4496,4508,3814.9375,3769.75,3892.4,45.1875,1.184489,29,internal|bos|brk4496|form4489,internal,3830.0,3769.75,-1.0,0,1.087967,2.991701,2,SL_HIT,2024-12-05T22:00:00+00:00,1.574093,1.542979,1.184489,1.157234,0.960166,0.690456,0.082158,1.542979,1.427735,19.0,12.0,1.0,0.324282,1.0,0.0,0.0,0.0,1.0,0.710549,0.144694,1.020165,100.0,0.682001,1.577552,-1.615494,-0.590855,6.881868,0.857313,1.0
XRPUSD_4543_BULLISH_4528_4534,XRPUSD,1h,LONG,2024-12-07T07:00:00+00:00,2024-12-06T16:00:00+00:00,2024-12-06T22:00:00+00:00,4528,4534,4543,2.395625,2.3315,2.51,0.064125,2.676755,13,internal|bos|brk4534|form4528,internal,2.417,2.3315,1.783626,1,2.393372,0.0,8,TP_HIT,2024-12-07T15:00:00+00:00,3.548454,1.448231,2.676755,1.086173,0.912281,0.433918,0.466667,1.448231,1.35507,15.0,9.0,6.0,0.23502,1.0,0.0,0.0,0.0,1.0,0.312364,0.127038,2.450199,73.0,1.174107,0.968875,-1.544559,1.576662,4.829236,0.714617,1.0
ETHUSD_4557_BULLISH_4550_4554,ETHUSD,1h,LONG,2024-12-07T21:00:00+00:00,2024-12-07T14:00:00+00:00,2024-12-07T18:00:00+00:00,4550,4554,4557,4003.3125,3979.05,4044.91,24.2625,0.606061,57,internal|bos|brk4554|form4550,internal,4011.4,3979.05,-1.0,0,0.48171,1.554353,8,SL_HIT,2024-12-08T05:00:00+00:00,0.807257,0.841585,0.606061,0.631189,0.876352,0.321484,0.119011,0.841585,0.500789,7.0,3.0,1.0,0.106336,1.0,0.0,0.0,1.0,1.0,0.842622,0.132676,0.95921,67.5,0.213617,0.639969,0.171226,0.649245,4.432804,0.56788,1.0
BTCUSD_4558_BULLISH_4550_4554,BTCUSD,1h,LONG,2024-12-07T22:00:00+00:00,2024-12-07T14:00:00+00:00,2024-12-07T18:00:00+00:00,4550,4554,4558,99672.25,99101.5,100650.68,570.75,0.572627,61,internal|bos|brk4554|form4550,internal,99862.5,99101.5,-1.0,0,1.302234,1.184845,10,SL_HIT,2024-12-08T08:00:00+00:00,0.763631,0.974644,0.572627,0.730983,0.727989,0.275296,0.163601,0.974644,0.626282,8.0,4.0,1.0,0.021452,1.0,0.0,0.0,0.0,1.0,0.631911,0.003202,0.783497,76.0,0.265634,0.598106,-0.04714,0.209156,0.527577,0.745961,1.0
SOLUSD_4562_BEARISH_4556_4558,SOLUSD,1h,SHORT,2024-12-08T02:00:00+00:00,2024-12-07T20:00:00+00:00,2024-12-07T22:00:00+00:00,4556,4558,4562,241.43025,243.321,238.19,1.89075,0.783145,44,internal|choch|brk4558|form4556,internal,243.321,240.8,1.713738,1,2.470052,0.137379,3,TP_HIT,2024-12-08T05:00:00+00:00,1.044974,0.791198,0.783145,0.593399,0.821499,0.314161,0.174534,0.791198,1.041645,6.0,4.0,0.0,0.05657,0.0,1.0,0.0,1.0,1.0,0.749648,0.027304,1.320749,61.5,0.592709,0.691082,-0.181638,1.226466,-0.720165,0.600329,0.0
BTCUSD_4572_BEARISH_4562_4565,BTCUSD,1h,SHORT,2024-12-08T12:00:00+00:00,2024-12-08T02:00:00+00:00,2024-12-08T05:00:00+00:00,4562,4565,4572,99961.75,100415.5,99183.89,453.75,0.453924,77,internal|choch|brk4565|form4562,internal,100415.5,99810.5,-1.0,0,0.222039,1.401102,1,SL_HIT,2024-12-08T13:00:00+00:00,0.605118,0.791918,0.453924,0.593939,0.719008,0.773554,0.51405,0.791918,0.293206,10.0,7.0,3.0,0.024543,0.0,1.0,0.0,0.0,0.0,0.656159,0.115188,0.764117,69.5,0.301655,1.007241,0.239619,0.056543,1.820395,1.440632,0.0
ETHUSD_4582_BEARISH_4556_4565,ETHUSD,1h,SHORT,2024-12-08T22:00:00+00:00,2024-12-07T20:00:00+00:00,2024-12-08T05:00:00+00:00,4556,4565,4582,4012.0,4027.25,3985.86,15.25,0.38011,92,internal|choch|brk4565|form4556,internal,4027.25,4012.0,1.714098,1,3.698361,0.462295,2,TP_HIT,2024-12-09T00:00:00+00:00,0.379953,0.416127,0.38011,0.416127,0.891803,0.111475,0.295082,0.416127,0.252405,26.0,17.0,0.0,0.045024,0.0,1.0,0.0,0.0,1.0,0.80916,0.03138,0.91307,21.5,0.406159,0.604408,0.630563,0.754343,-0.874279,0.446167,0.0
BTCUSD_4584_BULLISH_4575_4583,BTCUSD,1h,LONG,2024-12-09T00:00:00+00:00,2024-12-08T15:00:00+00:00,2024-12-08T23:00:00+00:00,4575,4583,4584,99879.875,99411.5,100682.8,468.375,0.468938,74,internal|bos|brk4583|form4575,internal,100036.0,99411.5,-1.0,0,0.132639,1.702429,2,SL_HIT,2024-12-09T02:00:00+00:00,0.626112,0.821345,0.468938,0.616009,0.530024,0.989592,0.264211,0.821345,1.183684,9.0,1.0,0.0,0.180676,1.0,0.0,0.0,0.0,0.0,0.638402,0.108504,0.762301,65.5,0.503215,2.475216,-0.431247,0.809569,-0.836614,0.549557,1.0
BTCUSD_4586_BULLISH_4569_4573,BTCUSD,1h,LONG,2024-12-09T02:00:00+00:00,2024-12-08T09:00:00+00:00,2024-12-08T13:00:00+00:00,4569,4573,4586,99199.75,98711.5,100036.75,488.25,0.492189,71,internal|choch|brk4573|form4569,internal,99362.5,98711.5,-1.0,0,0.522785,1.348182,1,SL_HIT,2024-12-09T03:00:00+00:00,0.655738,0.858008,0.492189,0.643506,0.869432,0.430108,0.143625,0.858008,0.639223,17.0,13.0,0.0,0.102473,0.0,1.0,0.0,0.0,0.0,0.603708,0.17661,0.764256,63.5,0.505514,0.945654,-0.831585,-0.478673,-1.0446,0.756905,1.0
ETHUSD_4592_BULLISH_4524_4526,ETHUSD,1h,LONG,2024-12-09T08:00:00+00:00,2024-12-06T12:00:00+00:00,2024-12-06T14:00:00+00:00,4524,4526,4592,3873.3375,3835.35,3938.46,37.9875,0.980743,35,internal|bos|brk4526|form4524,internal,3886.0,3835.35,1.714314,1,1.954919,0.898651,6,TP_HIT,2024-12-09T14:00:00+00:00,1.308853,1.378368,0.980743,1.033776,0.680158,0.450148,0.575518,1.378368,2.627471,68.0,66.0,1.0,0.096268,1.0,0.0,0.0,0.0,0.0,0.46056,0.027214,0.949567,34.5,0.469049,1.627372,-1.596908,-2.976056,-2.806696,1.377031,1.0
BTCUSD_4634_BEARISH_4622_4625,BTCUSD,1h,SHORT,2024-12-11T02:00:00+00:00,2024-12-10T14:00:00+00:00,2024-12-10T17:00:00+00:00,4622,4625,4634,97444.375,98312.5,95956.16,868.125,0.890893,39,internal|bos|brk4625|form4622,internal,98312.5,97155.0,-1.0,0,0.361555,1.206192,6,SL_HIT,2024-12-11T08:00:00+00:00,1.190519,1.390182,0.890893,1.042637,0.938229,0.271274,0.051836,1.390182,2.224291,12.0,9.0,1.0,0.261672,1.0,0.0,0.0,0.0,1.0,0.424912,0.026422,0.856376,100.0,0.848851,2.148627,0.39652,-0.53148,-2.522495,0.375964,0.0
SOLUSD_4634_BEARISH_4614_4623,SOLUSD,1h,SHORT,2024-12-11T02:00:00+00:00,2024-12-10T06:00:00+00:00,2024-12-10T15:00:00+00:00,4614,4623,4634,216.3575,218.69,212.36,2.3325,1.078077,32,internal|bos|brk4623|form4614,internal,218.69,215.58,-1.0,0,0.243301,1.274812,1,SL_HIT,2024-12-11T03:00:00+00:00,1.440282,0.920974,1.078077,0.690731,0.88746,0.453376,0.578135,0.920974,3.052541,20.0,11.0,2.0,0.126597,1.0,0.0,0.0,0.0,1.0,0.340043,0.065149,1.563867,96.5,1.742443,1.563583,1.375587,-0.166443,-7.63973,0.396194,0.0
XRPUSD_4658_BEARISH_4655_4656,XRPUSD,1h,SHORT,2024-12-12T02:00:00+00:00,2024-12-11T23:00:00+00:00,2024-12-12T00:00:00+00:00,4655,4656,4658,2.40475,2.4445,2.34,0.03975,1.652978,21,internal|choch|brk4656|form4655,internal,2.4445,2.3915,-1.0,0,0.381132,1.978616,2,SL_HIT,2024-12-12T04:00:00+00:00,2.208701,0.872764,1.652978,0.654573,0.84717,0.34717,0.809434,0.872764,0.597761,3.0,2.0,0.0,0.084806,0.0,1.0,0.0,1.0,0.0,0.667157,0.034581,2.530698,80.0,1.213343,0.836536,-1.181897,1.708134,6.502153,0.473633,0.0
ETHUSD_4674_BULLISH_4666_4668,ETHUSD,1h,LONG,2024-12-12T18:00:00+00:00,2024-12-12T10:00:00+00:00,2024-12-12T12:00:00+00:00,4666,4668,4674,3916.3125,3890.4,3960.73,25.9125,0.661656,52,internal|bos|brk4668|form4666,internal,3924.95,3890.4,-1.0,0,0.628558,2.431741,1,SL_HIT,2024-12-12T19:00:00+00:00,0.881434,0.827614,0.661656,0.62071,0.849493,0.373372,0.075253,0.827614,0.982118,8.0,6.0,1.0,0.082342,1.0,0.0,0.0,0.0,1.0,0.809075,0.167679,1.06503,92.0,0.776493,1.270764,-0.559389,-0.357161,8.481167,1.987718,1.0
SOLUSD_4675_BULLISH_4657_4661,SOLUSD,1h,LONG,2024-12-12T19:00:00+00:00,2024-12-12T01:00:00+00:00,2024-12-12T05:00:00+00:00,4657,4661,4675,227.28725,225.689,230.03,1.59825,0.703185,49,internal|bos|brk4661|form4657,internal,227.82,225.689,-1.0,0,1.472079,1.024402,3,SL_HIT,2024-12-12T22:00:00+00:00,0.937177,0.658937,0.703185,0.494203,0.79587,0.563116,0.473956,0.658937,0.442177,18.0,14.0,0.0,0.030226,1.0,0.0,0.0,0.0,1.0,0.71083,0.288188,1.422256,43.5,0.830778,1.545765,-2.229436,-1.061247,11.632873,1.07602,1.0
ETHUSD_4695_BULLISH_4687_4694,ETHUSD,1h,LONG,2024-12-13T15:00:00+00:00,2024-12-13T07:00:00+00:00,2024-12-13T14:00:00+00:00,4687,4694,4695,3894.75,3870.0,3937.18,24.75,0.635471,55,internal|choch|brk4694|form4687,internal,3903.0,3870.0,1.714343,1,2.074747,0.616162,2,TP_HIT,2024-12-13T17:00:00+00:00,0.849541,0.79659,0.635471,0.597442,0.437879,0.769697,0.015152,0.79659,0.622788,8.0,1.0,0.0,0.248633,0.0,1.0,0.0,0.0,1.0,0.790526,0.097763,1.066472,69.5,0.542805,2.177346,-0.47655,-0.084882,3.791533,1.100557,1.0
SOLUSD_4705_BEARISH_4691_4695,SOLUSD,1h,SHORT,2024-12-14T01:00:00+00:00,2024-12-13T11:00:00+00:00,2024-12-13T15:00:00+00:00,4691,4695,4705,225.933225,227.1729,223.81,1.239675,0.548691,63,internal|bos|brk4695|form4691,internal,227.1729,225.52,-1.0,0,0.873798,1.175127,5,SL_HIT,2024-12-14T06:00:00+00:00,0.732753,0.536475,0.548691,0.402356,0.96733,0.850021,0.335773,0.536475,0.937995,14.0,10.0,0.0,0.116592,1.0,0.0,0.0,0.0,1.0,0.711688,0.024667,1.365866,11.5,0.542954,0.696194,0.752155,-0.23264,-0.741882,0.318193,0.0
BTCUSD_4716_BULLISH_4702_4705,BTCUSD,1h,LONG,2024-12-14T12:00:00+00:00,2024-12-13T22:00:00+00:00,2024-12-14T01:00:00+00:00,4702,4705,4716,101362.5,101028.5,101935.07,334.0,0.32951,100,internal|choch|brk4705|form4702,internal,101362.5,101028.5,-1.0,0,0.08982,1.745509,1,SL_HIT,2024-12-14T13:00:00+00:00,0.329811,0.434502,0.32951,0.434502,0.723054,0.510479,0.10479,0.434502,1.081052,14.0,11.0,1.0,0.120334,0.0,1.0,0.0,0.0,1.0,0.836608,0.127489,0.759056,17.0,0.304691,0.564593,-0.507923,0.036055,0.682017,0.669629,1.0
XRPUSD_4716_BULLISH_4704_4707,XRPUSD,1h,LONG,2024-12-14T12:00:00+00:00,2024-12-14T00:00:00+00:00,2024-12-14T03:00:00+00:00,4704,4707,4716,2.418575,2.3993,2.45,0.019275,0.796957,43,internal|choch|brk4707|form4704,internal,2.425,2.3993,-1.0,0,0.0,2.779507,1,SL_HIT,2024-12-14T13:00:00+00:00,1.066656,0.467804,0.796957,0.350853,0.392996,0.743191,0.2607,0.467804,0.36951,12.0,9.0,1.0,0.167008,0.0,1.0,0.0,0.0,1.0,0.80637,0.096473,2.280135,0.5,0.739969,0.556996,-3.11633,-1.059461,0.479586,1.326666,1.0
BTCUSD_4723_BEARISH_4705_4721,BTCUSD,1h,SHORT,2024-12-14T19:00:00+00:00,2024-12-14T01:00:00+00:00,2024-12-14T17:00:00+00:00,4705,4721,4723,101605.25,102638.0,99834.82,1032.75,1.016434,34,internal|choch|brk4721|form4705,internal,102638.0,101261.0,-1.0,0,1.010651,1.198499,9,SL_HIT,2024-12-15T04:00:00+00:00,1.359416,1.814643,1.016434,1.360982,0.976398,0.05955,0.603486,1.814643,0.89612,18.0,2.0,0.0,0.410831,0.0,1.0,0.0,1.0,1.0,0.839415,0.098178,0.749137,7.0,0.299173,0.663524,-0.115865,-0.345321,-0.301673,1.008606,0.0
XRPUSD_4726_BEARISH_4718_4724,XRPUSD,1h,SHORT,2024-12-14T22:00:00+00:00,2024-12-14T14:00:00+00:00,2024-12-14T20:00:00+00:00,4718,4724,4726,2.391475,2.4178,2.35,0.026325,1.100785,31,internal|bos|brk4724|form4718,internal,2.4178,2.3827,-1.0,0,0.280152,1.117759,3,SL_HIT,2024-12-15T01:00:00+00:00,1.463354,0.651911,1.100785,0.488934,0.547009,0.726496,0.669516,0.651911,0.672342,8.0,2.0,1.0,0.132332,1.0,0.0,0.0,0.0,0.0,0.742547,0.013001,2.244712,0.5,0.888799,0.490327,0.6293,-3.550605,0.52808,0.706139,0.0
BTCUSD_4727_BEARISH_4719_4724,BTCUSD,1h,SHORT,2024-12-14T23:00:00+00:00,2024-12-14T15:00:00+00:00,2024-12-14T20:00:00+00:00,4719,4724,4727,101317.0,101730.0,100609.0,413.0,0.407631,85,internal|bos|brk4724|form4719,internal,101730.0,101317.0,-1.0,0,0.283293,2.03753,2,SL_HIT,2024-12-15T01:00:00+00:00,0.407346,0.547771,0.407631,0.547771,0.828087,0.323245,0.46247,0.547771,0.753352,8.0,3.0,0.0,0.094169,1.0,0.0,0.0,0.0,0.0,0.821861,0.026526,0.743642,1.5,0.279532,0.560372,0.514031,-0.377314,1.618165,0.498469,0.0
BTCUSD_4749_BEARISH_4502_4503,BTCUSD,1h,SHORT,2024-12-15T21:00:00+00:00,2024-12-05T14:00:00+00:00,2024-12-05T15:00:00+00:00,4502,4503,4749,102702.5,103652.0,101074.79,949.5,0.924515,37,internal|choch|brk4503|form4502,internal,103652.0,102386.0,-1.0,0,0.11743,2.786203,2,SL_HIT,2024-12-15T23:00:00+00:00,1.231134,1.743195,0.924515,1.307396,0.647709,0.859795,0.558847,1.743195,3.090522,247.0,246.0,15.0,0.178313,0.0,1.0,0.0,1.0,0.0,0.851135,0.015146,0.706252,0.5,0.269891,0.773147,-0.258974,1.109101,1.395729,0.68171,0.0
SOLUSD_4749_BULLISH_4735_4744,SOLUSD,1h,LONG,2024-12-15T21:00:00+00:00,2024-12-15T07:00:00+00:00,2024-12-15T16:00:00+00:00,4735,4744,4749,217.912675,215.5873,221.9,2.325375,1.067113,32,internal|choch|brk4744|form4735,internal,218.6878,215.5873,1.714702,1,3.249938,0.779519,2,TP_HIT,2024-12-15T23:00:00+00:00,1.430595,1.0941,1.067113,0.820575,0.367908,0.67015,0.367683,1.0941,0.441098,14.0,5.0,0.0,0.418046,0.0,1.0,0.0,0.0,0.0,0.080485,0.173263,1.307554,1.0,0.581122,1.347996,-2.409942,-0.67461,-2.91704,0.661491,1.0
XRPUSD_4756_BULLISH_4750_4751,XRPUSD,1h,LONG,2024-12-16T04:00:00+00:00,2024-12-15T22:00:00+00:00,2024-12-15T23:00:00+00:00,4750,4751,4756,2.392575,2.3652,2.44,0.027375,1.144165,30,internal|choch|brk4751|form4750,internal,2.4017,2.3652,-1.0,0,0.888584,2.249315,7,SL_HIT,2024-12-16T11:00:00+00:00,1.52134,0.729041,1.144165,0.54678,0.931507,0.339726,0.89863,0.729041,0.930775,6.0,5.0,1.0,0.132326,0.0,1.0,0.0,0.0,0.0,0.466129,0.001997,2.086771,0.5,0.841202,0.163784,-1.94139,-0.307488,-1.776795,0.590828,1.0
ETHUSD_4768_BEARISH_4759_4763,ETHUSD,1h,SHORT,2024-12-16T16:00:00+00:00,2024-12-16T07:00:00+00:00,2024-12-16T11:00:00+00:00,4759,4763,4768,3959.325,3982.8,3919.08,23.475,0.592904,59,internal|choch|brk4763|form4759,internal,3982.8,3951.5,-1.0,0,0.054313,3.534611,1,SL_HIT,2024-12-16T17:00:00+00:00,0.790185,0.826284,0.592904,0.619713,0.693291,0.653355,0.549521,0.826284,1.081033,9.0,5.0,1.0,0.046858,0.0,1.0,0.0,0.0,0.0,0.682587,0.047518,0.956311,24.5,0.715158,0.894921,1.348378,-1.189882,2.0179,1.724229,0.0
ETHUSD_4799_BULLISH_4749_4751,ETHUSD,1h,LONG,2024-12-17T23:00:00+00:00,2024-12-15T21:00:00+00:00,2024-12-15T23:00:00+00:00,4749,4751,4799,3878.9375,3842.75,3940.97,36.1875,0.932923,37,internal|choch|brk4751|form4749,internal,3891.0,3842.75,-1.0,0,0.613817,1.290155,2,SL_HIT,2024-12-18T01:00:00+00:00,1.240041,1.246248,0.932923,0.934686,1.0,0.946114,0.698446,1.246248,1.879058,50.0,48.0,3.0,0.311562,0.0,1.0,0.0,0.0,1.0,0.235439,0.007749,0.995019,36.0,0.653515,1.198465,-0.963386,-2.932482,0.899826,0.565557,1.0
XRPUSD_4814_BULLISH_4776_4783,XRPUSD,1h,LONG,2024-12-18T14:00:00+00:00,2024-12-17T00:00:00+00:00,2024-12-17T07:00:00+00:00,4776,4783,4814,2.4775,2.44,2.54,0.0375,1.513623,23,internal|bos|brk4783|form4776,internal,2.49,2.44,-1.0,0,0.24,1.44,2,SL_HIT,2024-12-18T16:00:00+00:00,2.02249,1.012823,1.513623,0.759617,0.644,0.444,0.748,1.012823,0.417283,38.0,31.0,2.0,0.107359,1.0,0.0,0.0,0.0,1.0,0.355668,0.020256,1.996884,13.0,1.051834,1.742056,-2.094967,-3.610418,5.007858,1.023793,1.0
ETHUSD_4865_BEARISH_4846_4856,ETHUSD,1h,SHORT,2024-12-20T17:00:00+00:00,2024-12-19T22:00:00+00:00,2024-12-20T08:00:00+00:00,4846,4856,4865,3418.8,3464.1,3341.14,45.3,1.325026,26,internal|bos|brk4856|form4846,internal,3464.1,3403.7,-1.0,0,0.161148,1.708609,2,SL_HIT,2024-12-20T19:00:00+00:00,1.757807,1.321261,1.325026,0.990946,0.463576,0.781457,0.605132,1.321261,2.211581,19.0,9.0,1.0,0.378441,1.0,0.0,0.0,0.0,1.0,0.332871,0.003281,1.330401,100.0,1.749154,1.768608,6.232803,-0.541276,-11.152195,1.627228,0.0
XRPUSD_4867_BEARISH_4850_4857,XRPUSD,1h,SHORT,2024-12-20T19:00:00+00:00,2024-12-20T02:00:00+00:00,2024-12-20T09:00:00+00:00,4850,4857,4867,2.293375,2.3551,2.19,0.061725,2.691448,13,internal|bos|brk4857|form4850,internal,2.3551,2.2728,-1.0,0,1.397732,1.119887,11,SL_HIT,2024-12-21T06:00:00+00:00,3.615358,1.512318,2.691448,1.134238,0.956258,0.45565,0.696233,1.512318,1.696074,17.0,10.0,0.0,0.311927,1.0,0.0,0.0,0.0,1.0,0.411826,0.132305,2.390607,73.0,3.02631,1.495779,5.726627,-1.137844,-7.819397,0.999011,0.0
BTCUSD_4870_BEARISH_4855_4856,BTCUSD,1h,SHORT,2024-12-20T22:00:00+00:00,2024-12-20T07:00:00+00:00,2024-12-20T08:00:00+00:00,4855,4856,4870,97505.375,98240.0,96246.02,734.625,0.75342,46,internal|bos|brk4856|form4855,internal,98240.0,97260.5,-1.0,0,0.49464,1.594861,8,SL_HIT,2024-12-21T06:00:00+00:00,1.005378,1.104502,0.75342,0.828377,0.831036,0.447677,0.566105,1.104502,2.657233,15.0,14.0,5.0,0.089505,1.0,0.0,0.0,0.0,1.0,0.320601,0.089646,0.910255,100.0,0.954921,1.184563,0.26294,-0.409398,-3.388915,0.632617,0.0
SOLUSD_4871_BEARISH_4850_4856,SOLUSD,1h,SHORT,2024-12-20T23:00:00+00:00,2024-12-20T02:00:00+00:00,2024-12-20T08:00:00+00:00,4850,4856,4871,195.28925,199.55,187.99,4.26075,2.181764,16,internal|bos|brk4856|form4850,internal,199.55,193.869,-1.0,0,0.560758,1.544505,8,SL_HIT,2024-12-21T07:00:00+00:00,2.924242,1.756905,2.181764,1.317679,0.928956,0.071044,0.797395,1.756905,2.881992,21.0,15.0,0.0,0.314409,1.0,0.0,0.0,0.0,1.0,0.355211,0.019978,1.664428,94.5,1.91564,0.563657,2.029106,7.001283,-6.981624,0.578862,0.0
ETHUSD_4883_BULLISH_4869_4878,ETHUSD,1h,LONG,2024-12-21T11:00:00+00:00,2024-12-20T21:00:00+00:00,2024-12-21T06:00:00+00:00,4869,4878,4883,3434.425,3392.2,3506.81,42.225,1.229463,28,internal|bos|brk4878|form4869,internal,3448.5,3392.2,-1.0,0,0.186501,2.117821,2,SL_HIT,2024-12-21T13:00:00+00:00,1.63639,1.24909,1.229463,0.936817,0.857904,0.468917,0.016874,1.24909,0.218535,14.0,5.0,0.0,0.134782,1.0,0.0,0.0,0.0,0.0,0.36562,0.01553,1.310066,89.5,0.756544,1.051632,-2.535411,0.02035,-6.475113,1.196607,1.0
XRPUSD_4884_BULLISH_4869_4877,XRPUSD,1h,LONG,2024-12-21T12:00:00+00:00,2024-12-20T21:00:00+00:00,2024-12-21T05:00:00+00:00,4869,4877,4884,2.2464,2.2071,2.31,0.0393,1.749466,20,internal|choch|brk4877|form4869,internal,2.2595,2.2071,-1.0,0,0.323155,1.409669,1,SL_HIT,2024-12-21T13:00:00+00:00,2.336157,0.982643,1.749466,0.736983,0.685115,0.498092,0.030534,0.982643,0.076886,15.0,7.0,0.0,0.063759,0.0,1.0,0.0,0.0,0.0,0.368325,0.015002,2.377421,66.5,1.191978,1.367075,-4.699184,-0.169129,-7.02976,1.063895,1.0
SOLUSD_4910_BULLISH_4901_4903,SOLUSD,1h,LONG,2024-12-22T14:00:00+00:00,2024-12-22T05:00:00+00:00,2024-12-22T07:00:00+00:00,4901,4903,4910,180.005,177.8,183.78,2.205,1.224966,28,internal|choch|brk4903|form4901,internal,180.74,177.8,1.712018,1,1.795011,0.446712,4,TP_HIT,2024-12-22T18:00:00+00:00,1.641541,0.922951,1.224966,0.692213,0.442177,0.590476,0.180612,0.922951,0.302627,9.0,7.0,0.0,0.284106,0.0,1.0,0.0,0.0,0.0,0.088634,0.070634,1.778579,77.5,0.898006,1.904292,-3.429311,-1.000497,-2.488158,1.267978,1.0
XRPUSD_4910_BULLISH_4901_4905,XRPUSD,1h,LONG,2024-12-22T14:00:00+00:00,2024-12-22T05:00:00+00:00,2024-12-22T09:00:00+00:00,4901,4905,4910,2.206325,2.1761,2.26,0.030225,1.369925,25,internal|bos|brk4905|form4901,internal,2.2164,2.1761,1.775848,1,1.808933,0.126551,4,TP_HIT,2024-12-22T18:00:00+00:00,1.824685,0.78273,1.369925,0.587048,0.806452,0.488834,0.171216,0.78273,0.42147,9.0,5.0,0.0,0.044186,1.0,0.0,0.0,0.0,1.0,0.393536,0.029134,2.33118,51.0,0.846643,1.386773,-2.584686,-1.185629,2.572915,1.1787,1.0
XRPUSD_4936_BEARISH_4929_4935,XRPUSD,1h,SHORT,2024-12-23T16:00:00+00:00,2024-12-23T09:00:00+00:00,2024-12-23T15:00:00+00:00,4929,4935,4936,2.20255,2.224,2.17,0.02145,0.973871,35,internal|bos|brk4935|form4929,internal,2.224,2.1954,1.517483,1,2.179487,0.039627,1,TP_HIT,2024-12-23T17:00:00+00:00,1.302487,0.571952,0.973871,0.428964,0.986014,0.27972,0.374126,0.571952,0.415965,7.0,1.0,0.0,0.134989,1.0,0.0,0.0,1.0,1.0,0.530034,0.095992,2.277266,34.0,1.120527,1.331888,-0.190909,2.144485,-1.591001,1.531965,0.0
ETHUSD_4938_BULLISH_4926_4936,ETHUSD,1h,LONG,2024-12-23T18:00:00+00:00,2024-12-23T06:00:00+00:00,2024-12-23T16:00:00+00:00,4926,4936,4938,3304.8875,3258.5,3384.41,46.3875,1.403603,24,internal|choch|brk4936|form4926,internal,3320.35,3258.5,1.714309,1,2.373754,0.0,2,TP_HIT,2024-12-23T20:00:00+00:00,1.871237,1.365653,1.403603,1.024239,0.756669,0.388036,0.70574,1.365653,2.148391,12.0,2.0,0.0,0.009108,0.0,1.0,0.0,0.0,0.0,0.380325,0.043056,1.370215,92.5,1.047143,1.123876,-0.321175,-1.315181,-1.919881,1.950204,1.0
XRPUSD_4940_BEARISH_4905_4921,XRPUSD,1h,SHORT,2024-12-23T20:00:00+00:00,2024-12-22T09:00:00+00:00,2024-12-23T01:00:00+00:00,4905,4921,4940,2.25125,2.2928,2.18,0.04155,1.845641,18,internal|choch|brk4921|form4905,internal,2.2928,2.2374,-1.0,0,0.915764,1.729242,17,SL_HIT,2024-12-24T13:00:00+00:00,2.474098,1.109896,1.845641,0.832422,0.967509,0.138989,0.391697,1.109896,0.637088,35.0,19.0,0.0,0.241412,0.0,1.0,0.0,0.0,0.0,0.655853,0.092157,2.229126,33.0,1.29928,1.284194,4.55734,1.92544,0.611071,1.400542,0.0
BTCUSD_4957_BEARISH_4931_4934,BTCUSD,1h,SHORT,2024-12-24T13:00:00+00:00,2024-12-23T11:00:00+00:00,2024-12-23T14:00:00+00:00,4931,4934,4957,95956.25,96500.0,95024.11,543.75,0.566664,61,internal|bos|brk4934|form4931,internal,96500.0,95775.0,-1.0,0,0.224828,2.772874,1,SL_HIT,2024-12-24T14:00:00+00:00,0.754662,0.84789,0.566664,0.635918,0.593793,0.417241,0.603448,0.84789,0.601125,26.0,23.0,0.0,0.132446,1.0,0.0,0.0,0.0,1.0,0.526447,0.098238,0.890047,64.5,0.632402,2.131421,1.695821,0.953107,-1.014894,1.085005,0.0
BTCUSD_4966_BEARISH_4879_4884,BTCUSD,1h,SHORT,2024-12-24T22:00:00+00:00,2024-12-21T07:00:00+00:00,2024-12-21T12:00:00+00:00,4879,4884,4966,98705.75,99485.0,97369.89,779.25,0.789468,44,internal|choch|brk4884|form4879,internal,99485.0,98446.0,-1.0,0,1.433109,1.050048,23,SL_HIT,2024-12-25T21:00:00+00:00,1.052418,1.20548,0.789468,0.90411,0.731473,0.963426,0.302695,1.20548,1.294238,87.0,82.0,4.0,0.022334,0.0,1.0,0.0,1.0,0.0,0.891421,0.011022,0.873028,75.0,0.675655,0.871334,-0.02076,4.803609,3.315839,0.977408,0.0
ETHUSD_4979_BULLISH_4970_4978,ETHUSD,1h,LONG,2024-12-25T11:00:00+00:00,2024-12-25T02:00:00+00:00,2024-12-25T10:00:00+00:00,4970,4978,4979,3482.05,3456.25,3526.28,25.8,0.740943,47,internal|bos|brk4978|form4970,internal,3490.65,3456.25,-1.0,0,0.379845,1.013566,1,SL_HIT,2024-12-25T12:00:00+00:00,0.991569,0.790574,0.740943,0.59293,0.377907,0.803779,0.329942,0.790574,0.456189,9.0,1.0,0.0,0.294167,1.0,0.0,0.0,0.0,1.0,0.766561,0.02528,1.25424,41.0,0.500216,1.401889,-0.4705,0.606087,4.025487,1.086809,1.0
ETHUSD_4991_BEARISH_4978_4984,ETHUSD,1h,SHORT,2024-12-25T23:00:00+00:00,2024-12-25T10:00:00+00:00,2024-12-25T16:00:00+00:00,4978,4984,4991,3504.375,3546.6,3431.99,42.225,1.204922,29,internal|choch|brk4984|form4978,internal,3546.6,3490.3,1.714269,1,1.847839,0.232682,5,TP_HIT,2024-12-26T04:00:00+00:00,1.610827,1.32449,1.204922,0.993368,0.914742,0.154529,0.352575,1.32449,0.438752,13.0,7.0,0.0,0.2182,0.0,1.0,0.0,0.0,0.0,0.844575,0.011763,1.216186,29.0,0.418223,0.49639,0.740762,0.204991,2.128716,0.489176,0.0
BTCUSD_4996_BULLISH_4980_4991,BTCUSD,1h,LONG,2024-12-26T04:00:00+00:00,2024-12-25T12:00:00+00:00,2024-12-25T23:00:00+00:00,4980,4991,4996,98365.625,97589.0,99696.98,776.625,0.789529,44,internal|bos|brk4991|form4980,internal,98624.5,97589.0,-1.0,0,0.101561,3.595847,4,SL_HIT,2024-12-26T08:00:00+00:00,1.053944,1.245391,0.789529,0.934043,0.638339,0.409464,0.247224,1.245391,0.616381,16.0,5.0,3.0,0.139062,1.0,0.0,0.0,0.0,1.0,0.772307,0.009622,0.846276,24.5,0.355828,0.91044,-1.142023,-0.174251,4.60084,0.604088,1.0
SOLUSD_4996_BULLISH_4964_4969,SOLUSD,1h,LONG,2024-12-26T04:00:00+00:00,2024-12-24T20:00:00+00:00,2024-12-25T01:00:00+00:00,4964,4969,4996,194.87075,193.25,197.65,1.62075,0.831705,42,internal|bos|brk4969|form4964,internal,195.411,193.25,-1.0,0,0.412926,1.011229,3,SL_HIT,2024-12-26T07:00:00+00:00,1.107705,0.727572,0.831705,0.545679,0.850532,0.358168,0.403748,0.727572,0.579095,32.0,27.0,2.0,0.073144,1.0,0.0,0.0,0.0,1.0,0.73717,0.017508,1.522468,23.0,0.490175,0.583472,-1.215764,-0.915232,3.870215,0.608927,1.0
XRPUSD_5029_BULLISH_5023_5025,XRPUSD,1h,LONG,2024-12-27T13:00:00+00:00,2024-12-27T07:00:00+00:00,2024-12-27T09:00:00+00:00,5023,5025,5029,2.17135,2.1268,2.25,0.04455,2.051719,17,internal|choch|brk5025|form5023,internal,2.1862,2.1268,-1.0,0,0.380471,1.296296,3,SL_HIT,2024-12-27T16:00:00+00:00,2.717168,1.418098,2.051719,1.063573,0.998316,0.158249,0.73064,1.418098,1.043281,6.0,4.0,1.0,0.352137,0.0,1.0,0.0,1.0,0.0,0.266786,0.057297,1.916065,0.5,0.850286,0.596843,0.737293,0.82557,-3.691793,1.053947,1.0
BTCUSD_5030_BULLISH_5024_5025,BTCUSD,1h,LONG,2024-12-27T14:00:00+00:00,2024-12-27T08:00:00+00:00,2024-12-27T09:00:00+00:00,5024,5025,5030,96052.875,95076.0,97727.52,976.875,1.017018,34,internal|choch|brk5025|form5024,internal,96378.5,95076.0,-1.0,0,0.0,2.109149,1,SL_HIT,2024-12-27T15:00:00+00:00,1.36175,1.588125,1.017018,1.191094,0.439923,0.94357,0.470633,1.588125,1.272939,6.0,5.0,3.0,0.492441,0.0,1.0,0.0,0.0,0.0,0.423834,0.022557,0.857457,12.5,0.537235,1.586296,-1.131853,-0.106005,-2.538707,1.2749,1.0
BTCUSD_5032_BULLISH_4951_4957,BTCUSD,1h,LONG,2024-12-27T16:00:00+00:00,2024-12-24T07:00:00+00:00,2024-12-24T13:00:00+00:00,4951,4957,5032,94280.5,93777.0,95143.64,503.5,0.534045,65,internal|choch|brk4957|form4951,internal,94280.5,93777.0,-1.0,0,0.078451,1.624628,1,SL_HIT,2024-12-27T17:00:00+00:00,0.534805,0.61036,0.534045,0.61036,0.733863,0.571996,0.61569,0.61036,2.166868,81.0,75.0,1.0,0.162439,0.0,1.0,0.0,0.0,0.0,0.222535,0.056369,0.876213,16.0,0.580006,1.094647,-2.845098,-1.814645,-4.582056,1.706792,1.0
SOLUSD_5037_BULLISH_4935_4939,SOLUSD,1h,LONG,2024-12-27T21:00:00+00:00,2024-12-23T15:00:00+00:00,2024-12-23T19:00:00+00:00,4935,4939,5037,184.38225,180.669,190.75,3.71325,2.013887,17,internal|bos|brk4939|form4935,internal,185.62,180.669,1.714872,1,1.834175,0.328567,18,TP_HIT,2024-12-28T15:00:00+00:00,2.681434,1.73756,2.013887,1.30317,0.80206,0.580287,0.595839,1.73756,0.768583,102.0,98.0,5.0,0.090458,1.0,0.0,0.0,1.0,0.0,0.099611,0.018249,1.543218,0.5,0.993327,0.537306,0.103009,-3.243725,-7.2529,0.787406,1.0
SOLUSD_5078_BULLISH_5066_5070,SOLUSD,1h,LONG,2024-12-29T14:00:00+00:00,2024-12-29T02:00:00+00:00,2024-12-29T06:00:00+00:00,5066,5070,5078,193.73775,192.348,196.12,1.38975,0.717336,48,internal|bos|brk5070|form5066,internal,194.201,192.348,-1.0,0,1.472387,1.215147,3,SL_HIT,2024-12-29T17:00:00+00:00,0.956288,0.707718,0.717336,0.530788,0.767404,0.739881,0.615219,0.707718,0.378111,12.0,8.0,0.0,0.012317,1.0,0.0,0.0,0.0,1.0,0.637315,0.058435,1.351229,1.5,0.514504,1.821809,-1.534631,-0.808805,1.636507,1.273157,1.0
XRPUSD_5081_BULLISH_5039_5056,XRPUSD,1h,LONG,2024-12-29T17:00:00+00:00,2024-12-27T23:00:00+00:00,2024-12-28T16:00:00+00:00,5039,5056,5081,2.14415,2.1329,2.16,0.01125,0.524683,66,internal|bos|brk5056|form5039,internal,2.1479,2.1329,-1.0,0,0.457778,2.564444,3,SL_HIT,2024-12-29T20:00:00+00:00,0.69891,0.414044,0.524683,0.310533,0.886667,0.74,0.2,0.414044,0.452688,42.0,25.0,1.0,0.056586,1.0,0.0,0.0,0.0,1.0,0.160354,0.234625,1.688009,0.5,0.344337,0.389201,-1.146884,-1.676745,0.125962,1.180173,1.0
SOLUSD_5089_BEARISH_5078_5084,SOLUSD,1h,SHORT,2024-12-30T01:00:00+00:00,2024-12-29T14:00:00+00:00,2024-12-29T20:00:00+00:00,5078,5084,5089,194.0225,197.6,187.89,3.5775,1.843858,18,internal|choch|brk5084|form5078,internal,197.6,192.83,1.714186,1,1.912089,0.20615,13,TP_HIT,2024-12-30T14:00:00+00:00,2.471503,1.839283,1.843858,1.379462,0.964361,0.311321,0.526205,1.839283,0.158402,11.0,5.0,1.0,0.39427,0.0,1.0,0.0,0.0,0.0,0.61201,0.096398,1.343731,2.0,0.60592,1.093159,0.401084,-1.876049,4.846688,0.560043,0.0
BTCUSD_5105_BEARISH_5100_5101,BTCUSD,1h,SHORT,2024-12-30T17:00:00+00:00,2024-12-30T12:00:00+00:00,2024-12-30T13:00:00+00:00,5100,5101,5105,93818.875,94252.0,93076.38,433.125,0.461661,75,internal|bos|brk5101|form5100,internal,94252.0,93674.5,-1.0,0,0.664646,1.960462,1,SL_HIT,2024-12-30T18:00:00+00:00,0.615668,0.795861,0.461661,0.596896,0.781818,0.891775,0.284848,0.795861,1.442197,5.0,4.0,0.0,0.025323,1.0,0.0,0.0,0.0,1.0,0.382235,0.032386,0.773588,9.0,0.585519,3.109715,0.084826,-0.074039,-0.643484,2.553028,0.0
XRPUSD_5105_BEARISH_5100_5101,XRPUSD,1h,SHORT,2024-12-30T17:00:00+00:00,2024-12-30T12:00:00+00:00,2024-12-30T13:00:00+00:00,5100,5101,5105,2.077075,2.095,2.05,0.017925,0.862992,40,internal|bos|brk5101|form5100,internal,2.095,2.0711,-1.0,0,0.67364,1.624826,1,SL_HIT,2024-12-30T18:00:00+00:00,1.149536,0.664186,0.862992,0.49814,0.665272,0.782427,0.033473,0.664186,1.520125,5.0,4.0,0.0,0.056275,1.0,0.0,0.0,0.0,1.0,0.34405,0.252891,1.730743,11.5,1.137074,2.162079,0.134855,-1.896853,-4.294789,1.940527,0.0
SOLUSD_5106_BEARISH_5100_5101,SOLUSD,1h,SHORT,2024-12-30T18:00:00+00:00,2024-12-30T12:00:00+00:00,2024-12-30T13:00:00+00:00,5100,5101,5106,193.2825,194.76,190.75,1.4775,0.764425,45,internal|bos|brk5101|form5100,internal,194.76,192.79,-1.0,0,0.0,1.954992,1,SL_HIT,2024-12-30T19:00:00+00:00,1.012958,0.755182,0.764425,0.566386,0.142132,1.0,0.055838,0.755182,1.6614,6.0,5.0,0.0,0.459051,1.0,0.0,0.0,0.0,0.0,0.789941,0.063251,1.341343,13.0,0.936841,1.504997,2.928879,1.662311,1.012829,1.459598,0.0
XRPUSD_5107_BEARISH_5089_5093,XRPUSD,1h,SHORT,2024-12-30T19:00:00+00:00,2024-12-30T01:00:00+00:00,2024-12-30T05:00:00+00:00,5089,5093,5107,2.1106,2.1514,2.04,0.0408,1.9331,18,internal|bos|brk5093|form5089,internal,2.1514,2.097,1.730392,1,2.036765,0.693627,5,TP_HIT,2024-12-31T00:00:00+00:00,2.586781,1.514501,1.9331,1.135876,0.889706,0.169118,0.358456,1.514501,0.49277,18.0,14.0,2.0,0.211585,1.0,0.0,0.0,0.0,1.0,0.443841,0.222721,1.708008,9.0,1.131809,0.498338,4.72586,1.052328,-4.117084,1.587577,0.0
BTCUSD_5109_BULLISH_5103_5106,BTCUSD,1h,LONG,2024-12-30T21:00:00+00:00,2024-12-30T15:00:00+00:00,2024-12-30T18:00:00+00:00,5103,5106,5109,92210.625,91509.0,93413.41,701.625,0.760894,45,internal|choch|brk5106|form5103,internal,92444.5,91509.0,1.714285,1,3.602174,0.443435,11,TP_HIT,2024-12-31T08:00:00+00:00,1.016456,1.270536,0.760894,0.952902,0.562801,0.6248,0.253875,1.270536,1.045085,6.0,3.0,0.0,0.237843,0.0,1.0,0.0,0.0,0.0,0.087823,0.019693,0.800021,17.5,0.792759,3.399413,-0.057011,-1.949598,-3.113897,1.624976,1.0
XRPUSD_5112_BULLISH_5103_5107,XRPUSD,1h,LONG,2024-12-31T00:00:00+00:00,2024-12-30T15:00:00+00:00,2024-12-30T19:00:00+00:00,5103,5107,5112,2.025725,1.9967,2.08,0.029025,1.43282,24,internal|choch|brk5107|form5103,internal,2.0354,1.9967,1.86994,1,2.559001,0.49354,8,TP_HIT,2024-12-31T08:00:00+00:00,1.906498,1.07721,1.43282,0.807907,0.857881,0.204134,0.374677,1.07721,0.278349,9.0,5.0,0.0,0.116211,0.0,1.0,0.0,0.0,0.0,0.138622,0.384121,1.769848,10.5,1.287769,1.057726,-3.475987,-2.149916,-7.589001,0.643861,1.0
ETHUSD_5134_BULLISH_5113_5125,ETHUSD,1h,LONG,2024-12-31T22:00:00+00:00,2024-12-31T01:00:00+00:00,2024-12-31T13:00:00+00:00,5113,5125,5134,3336.1625,3314.0,3374.16,22.1625,0.664311,52,internal|choch|brk5125|form5113,internal,3343.55,3314.0,-1.0,0,1.438804,1.045121,11,SL_HIT,2025-01-01T09:00:00+00:00,0.885102,0.841565,0.664311,0.631173,0.832487,0.529611,0.409475,0.841565,1.006745,21.0,9.0,4.0,0.069418,0.0,1.0,0.0,0.0,0.0,0.235871,0.001424,1.051733,0.5,0.460952,0.630817,-0.727019,-0.416101,-0.56588,0.549737,1.0
SOLUSD_5135_BULLISH_5117_5126,SOLUSD,1h,LONG,2024-12-31T23:00:00+00:00,2024-12-31T05:00:00+00:00,2024-12-31T14:00:00+00:00,5117,5126,5135,189.0959,187.9436,191.07,1.1523,0.609373,57,internal|bos|brk5126|form5117,internal,189.48,187.9436,1.713182,1,3.014059,0.04938,1,TP_HIT,2025-01-01T00:00:00+00:00,0.811922,0.600912,0.609373,0.450684,0.837282,0.264254,0.227805,0.600912,0.544826,18.0,9.0,0.0,0.052449,1.0,0.0,0.0,0.0,0.0,0.37929,0.112642,1.35115,0.5,0.742548,0.785754,-2.777992,-1.477602,-0.848834,0.535125,1.0
BTCUSD_5148_BEARISH_5136_5146,BTCUSD,1h,SHORT,2025-01-01T12:00:00+00:00,2025-01-01T00:00:00+00:00,2025-01-01T10:00:00+00:00,5136,5146,5148,93707.25,94449.0,92435.68,741.75,0.791561,44,internal|choch|brk5146|form5136,internal,94449.0,93460.0,-1.0,0,0.186384,1.051904,3,SL_HIT,2025-01-01T15:00:00+00:00,1.054483,1.377582,0.791561,1.033186,0.66633,0.490394,0.82457,1.377582,0.103075,12.0,2.0,1.0,0.115263,0.0,1.0,0.0,0.0,0.0,0.482496,0.018108,0.76546,3.0,0.423852,0.797437,0.137731,-0.086821,0.031463,0.979138,0.0
ETHUSD_5148_BEARISH_5138_5146,ETHUSD,1h,SHORT,2025-01-01T12:00:00+00:00,2025-01-01T02:00:00+00:00,2025-01-01T10:00:00+00:00,5138,5146,5148,3350.95,3368.05,3321.64,17.1,0.510303,68,internal|choch|brk5146|form5138,internal,3368.05,3345.25,-1.0,0,1.69883,1.160819,9,SL_HIT,2025-01-01T21:00:00+00:00,0.681319,0.671466,0.510303,0.503599,0.947368,0.280702,0.701754,0.671466,0.214987,10.0,2.0,1.0,0.132526,0.0,1.0,0.0,0.0,1.0,0.289002,0.00589,1.014675,0.5,0.42279,0.424083,0.038862,-0.165573,-1.909661,0.889401,0.0
XRPUSD_5212_BULLISH_5208_5210,XRPUSD,1h,LONG,2025-01-04T04:00:00+00:00,2025-01-04T00:00:00+00:00,2025-01-04T02:00:00+00:00,5208,5210,5212,2.45625,2.4273,2.51,0.02895,1.178626,29,internal|bos|brk5210|form5208,internal,2.4659,2.4273,-1.0,0,0.229706,1.915371,11,SL_HIT,2025-01-04T15:00:00+00:00,1.575189,1.135117,1.178626,0.851337,0.601036,0.61658,0.378238,1.135117,0.297012,4.0,2.0,1.0,0.169091,1.0,0.0,0.0,0.0,1.0,0.87996,0.023526,1.387689,1.5,0.609836,0.691068,-0.158898,1.748048,1.904603,0.857483,1.0
SOLUSD_5219_BEARISH_5210_5216,SOLUSD,1h,SHORT,2025-01-04T11:00:00+00:00,2025-01-04T02:00:00+00:00,2025-01-04T08:00:00+00:00,5210,5216,5219,216.5975,218.03,214.14,1.4325,0.661365,52,internal|choch|brk5216|form5210,internal,218.03,216.12,1.715532,1,2.197208,0.685096,4,TP_HIT,2025-01-04T15:00:00+00:00,0.882699,0.815694,0.661365,0.61177,0.862932,0.251309,0.037173,0.815694,0.414253,9.0,3.0,1.0,0.092118,0.0,1.0,0.0,1.0,0.0,0.896107,0.120347,1.082145,0.5,0.288355,0.578673,-0.527835,0.191602,4.380994,0.996552,0.0
BTCUSD_5233_BULLISH_5223_5228,BTCUSD,1h,LONG,2025-01-05T01:00:00+00:00,2025-01-04T15:00:00+00:00,2025-01-04T20:00:00+00:00,5223,5228,5233,97959.375,97477.5,98785.45,481.875,0.491913,71,internal|choch|brk5228|form5223,internal,98120.0,97477.5,-1.0,0,1.114656,1.930739,13,SL_HIT,2025-01-05T14:00:00+00:00,0.655034,1.01261,0.491913,0.759457,0.94786,0.185214,0.522957,1.01261,0.718677,10.0,5.0,2.0,0.200355,0.0,1.0,0.0,0.0,1.0,0.858355,0.134752,0.646877,0.5,0.205068,0.452325,-0.496571,0.355025,1.164949,0.390241,1.0
XRPUSD_5257_BEARISH_5229_5232,XRPUSD,1h,SHORT,2025-01-06T01:00:00+00:00,2025-01-04T21:00:00+00:00,2025-01-05T00:00:00+00:00,5229,5232,5257,2.424575,2.4419,2.39,0.017325,0.714558,48,internal|bos|brk5232|form5229,internal,2.4419,2.4188,-1.0,0,1.18759,1.023088,1,SL_HIT,2025-01-06T02:00:00+00:00,0.95498,0.733409,0.714558,0.550057,0.995671,0.04329,0.47619,0.733409,0.323843,28.0,25.0,0.0,0.180177,1.0,0.0,0.0,0.0,1.0,0.569209,0.034924,1.302111,1.5,0.613979,1.485868,0.905223,3.27029,-1.446382,0.468471,0.0
ETHUSD_5263_BULLISH_5257_5258,ETHUSD,1h,LONG,2025-01-06T07:00:00+00:00,2025-01-06T01:00:00+00:00,2025-01-06T02:00:00+00:00,5257,5258,5263,3643.475,3609.05,3702.49,34.425,0.94484,37,internal|bos|brk5258|form5257,internal,3654.95,3609.05,1.714306,1,1.716049,0.658678,7,TP_HIT,2025-01-06T14:00:00+00:00,1.257758,1.572937,0.94484,1.179702,0.877996,0.296296,0.607843,1.572937,0.291285,6.0,5.0,1.0,0.201329,1.0,0.0,0.0,0.0,1.0,0.843267,0.046263,0.799624,1.0,0.272403,0.878994,-0.221466,0.614825,1.497705,0.957225,1.0
BTCUSD_5264_BEARISH_4992_5000,BTCUSD,1h,SHORT,2025-01-06T08:00:00+00:00,2024-12-26T00:00:00+00:00,2024-12-26T08:00:00+00:00,4992,5000,5264,99162.375,99949.5,97813.02,787.125,0.793774,44,internal|choch|brk5000|form4992,internal,99949.5,98900.0,-1.0,0,0.634429,2.655391,6,SL_HIT,2025-01-06T14:00:00+00:00,1.060085,1.73436,0.793774,1.30077,0.903287,0.93616,0.373035,1.73436,3.033271,272.0,264.0,7.0,0.265855,0.0,1.0,0.0,1.0,0.0,0.805002,0.04214,0.611225,1.0,0.23309,1.090688,-0.00303,1.336807,0.929249,1.152594,0.0
BTCUSD_5276_BEARISH_4834_4843,BTCUSD,1h,SHORT,2025-01-06T20:00:00+00:00,2024-12-19T10:00:00+00:00,2024-12-19T19:00:00+00:00,4834,4843,5276,101931.25,102587.5,100806.25,656.25,0.643816,54,internal|bos|brk4843|form4834,internal,102587.5,101712.5,-1.0,0,0.579429,1.119619,4,SL_HIT,2025-01-07T00:00:00+00:00,0.857209,1.411166,0.643816,1.058374,0.585143,0.835429,0.683429,1.411166,2.757821,442.0,433.0,5.0,0.232641,1.0,0.0,0.0,1.0,0.0,0.942306,0.147568,0.607447,15.5,0.44956,0.856376,-0.023996,2.526617,4.230997,1.297461,0.0
XRPUSD_5285_BEARISH_5275_5280,XRPUSD,1h,SHORT,2025-01-07T05:00:00+00:00,2025-01-06T19:00:00+00:00,2025-01-07T00:00:00+00:00,5275,5280,5285,2.4201,2.4338,2.4,0.0137,0.566092,61,internal|choch|brk5280|form5275,internal,2.4338,2.4201,-1.0,0,0.0,2.021898,1,SL_HIT,2025-01-07T06:00:00+00:00,0.563647,0.451542,0.566092,0.451542,0.233577,0.956204,0.014599,0.451542,0.441654,10.0,5.0,0.0,0.346072,0.0,1.0,0.0,0.0,0.0,0.56226,0.032959,1.248271,0.5,0.560269,0.998666,1.018245,0.065871,1.685981,0.876938,0.0
ETHUSD_5291_BULLISH_5269_5271,ETHUSD,1h,LONG,2025-01-07T11:00:00+00:00,2025-01-06T13:00:00+00:00,2025-01-06T15:00:00+00:00,5269,5271,5291,3644.725,3622.9,3682.14,21.825,0.598811,58,internal|bos|brk5271|form5269,internal,3652.0,3622.9,-1.0,0,0.010309,5.973654,3,SL_HIT,2025-01-07T14:00:00+00:00,0.799835,1.010005,0.598811,0.757504,0.527491,0.931271,0.283505,1.010005,0.996122,22.0,20.0,2.0,0.224735,1.0,0.0,0.0,0.0,1.0,0.67122,0.178747,0.791912,1.0,0.342947,1.141895,-0.906974,-1.185529,0.824442,0.823912,1.0
XRPUSD_5292_BULLISH_5282_5286,XRPUSD,1h,LONG,2025-01-07T12:00:00+00:00,2025-01-07T02:00:00+00:00,2025-01-07T06:00:00+00:00,5282,5286,5292,2.40935,2.3921,2.44,0.01725,0.715961,48,internal|choch|brk5286|form5282,internal,2.4151,2.3921,-1.0,0,1.927536,1.707246,2,SL_HIT,2025-01-07T14:00:00+00:00,0.952933,0.761414,0.715961,0.57106,0.934783,0.36087,0.856522,0.761414,0.53299,10.0,6.0,1.0,0.140696,0.0,1.0,0.0,0.0,1.0,0.469007,0.036415,1.251532,1.5,0.634131,0.632304,-0.56851,0.082932,3.044017,1.268753,1.0
BTCUSD_5295_BULLISH_5246_5254,BTCUSD,1h,LONG,2025-01-07T15:00:00+00:00,2025-01-05T14:00:00+00:00,2025-01-05T22:00:00+00:00,5246,5254,5295,97707.0,97029.0,98869.29,678.0,0.693911,50,internal|choch|brk5254|form5246,internal,97933.0,97029.0,-1.0,0,0.890855,1.710914,2,SL_HIT,2025-01-07T17:00:00+00:00,0.92325,1.460869,0.693911,1.095652,0.980088,0.905973,0.172566,1.460869,0.293305,49.0,41.0,1.0,0.336129,0.0,1.0,0.0,0.0,1.0,0.238195,0.031512,0.631987,22.5,0.499484,4.849632,-3.405448,-4.004902,0.266243,2.046175,1.0
BTCUSD_5326_BEARISH_5318_5321,BTCUSD,1h,SHORT,2025-01-08T22:00:00+00:00,2025-01-08T14:00:00+00:00,2025-01-08T17:00:00+00:00,5318,5321,5326,95101.75,95845.0,93827.61,743.25,0.781531,44,internal|bos|brk5321|form5318,internal,95845.0,94854.0,1.714282,1,2.276825,0.346115,4,TP_HIT,2025-01-09T02:00:00+00:00,1.040442,1.514243,0.781531,1.135682,0.602422,0.397578,0.094349,1.514243,1.164332,8.0,5.0,1.0,0.223469,1.0,0.0,0.0,0.0,1.0,0.270277,0.042784,0.687104,53.5,0.543944,1.274348,1.355155,-0.397894,-6.688677,0.873629,0.0
ETHUSD_5326_BEARISH_5319_5321,ETHUSD,1h,SHORT,2025-01-08T22:00:00+00:00,2025-01-08T15:00:00+00:00,2025-01-08T17:00:00+00:00,5319,5321,5326,3344.675,3384.95,3275.63,40.275,1.204153,29,internal|bos|brk5321|form5319,internal,3384.95,3331.25,1.714339,1,1.978274,0.274984,10,TP_HIT,2025-01-09T08:00:00+00:00,1.611935,1.701133,1.204153,1.27585,0.997207,0.023277,0.418994,1.701133,1.617186,7.0,5.0,0.0,0.420532,1.0,0.0,0.0,0.0,1.0,0.232164,0.003168,0.947565,58.0,0.724811,1.108746,2.124398,-0.650125,-9.519542,1.033471,0.0
SOLUSD_5326_BEARISH_5319_5321,SOLUSD,1h,SHORT,2025-01-08T22:00:00+00:00,2025-01-08T15:00:00+00:00,2025-01-08T17:00:00+00:00,5319,5321,5326,197.01075,199.473,192.79,2.46225,1.249805,28,internal|bos|brk5321|form5319,internal,199.473,196.19,1.714184,1,2.95695,0.795715,9,TP_HIT,2025-01-09T07:00:00+00:00,1.660513,1.468489,1.249805,1.101367,0.537009,0.490405,0.04569,1.468489,0.675872,7.0,5.0,1.0,0.312775,1.0,0.0,0.0,0.0,1.0,0.271449,0.049203,1.130763,42.0,0.831086,1.274808,2.419718,1.094237,-9.495406,0.850918,0.0
XRPUSD_5335_BULLISH_5320_5326,XRPUSD,1h,LONG,2025-01-09T07:00:00+00:00,2025-01-08T16:00:00+00:00,2025-01-08T22:00:00+00:00,5320,5326,5335,2.3044,2.2732,2.36,0.0312,1.353932,25,internal|choch|brk5326|form5320,internal,2.3148,2.2732,-1.0,0,0.852564,2.272436,6,SL_HIT,2025-01-09T13:00:00+00:00,1.800398,1.276471,1.353932,0.957353,0.899038,0.432692,0.826923,1.276471,1.521946,15.0,9.0,0.0,0.190243,0.0,1.0,0.0,0.0,0.0,0.414498,0.009205,1.41045,47.5,0.771249,1.261129,-2.109812,1.605031,-4.937053,0.588503,1.0
SOLUSD_5358_BEARISH_5344_5348,SOLUSD,1h,SHORT,2025-01-10T06:00:00+00:00,2025-01-09T16:00:00+00:00,2025-01-09T20:00:00+00:00,5344,5348,5358,191.07425,192.68,188.32,1.60575,0.84038,41,internal|bos|brk5348|form5344,internal,192.68,190.539,-1.0,0,0.357621,1.130967,1,SL_HIT,2025-01-10T07:00:00+00:00,1.121177,0.929423,0.84038,0.697067,0.803363,0.367118,0.163475,0.929423,0.395037,14.0,10.0,1.0,0.049597,1.0,0.0,0.0,0.0,1.0,0.220134,0.451471,1.206315,61.5,1.086891,0.78009,1.872499,-0.593441,-3.021685,0.792657,0.0
BTCUSD_5362_BEARISH_5329_5341,BTCUSD,1h,SHORT,2025-01-10T10:00:00+00:00,2025-01-09T01:00:00+00:00,2025-01-09T13:00:00+00:00,5329,5341,5362,94930.5,95359.0,94195.93,428.5,0.451383,77,internal|bos|brk5341|form5329,internal,95359.0,94930.5,1.714282,1,5.199533,0.638273,3,TP_HIT,2025-01-10T13:00:00+00:00,0.450294,0.631922,0.451383,0.631922,0.464411,0.722287,0.368728,0.631922,2.141308,33.0,21.0,1.0,0.338451,1.0,0.0,0.0,0.0,1.0,0.348692,0.008111,0.712579,70.5,0.602768,0.791193,1.315418,3.592423,-0.783018,0.817173,0.0
BTCUSD_5400_BULLISH_5393_5397,BTCUSD,1h,LONG,2025-01-12T00:00:00+00:00,2025-01-11T17:00:00+00:00,2025-01-11T21:00:00+00:00,5393,5397,5400,94415.0,93945.0,95220.71,470.0,0.497802,70,internal|bos|brk5397|form5393,internal,94415.0,93945.0,-1.0,0,0.531915,1.604255,9,SL_HIT,2025-01-12T09:00:00+00:00,0.497823,0.711322,0.497802,0.711322,0.991489,0.065957,0.625532,0.711322,0.516844,7.0,3.0,0.0,0.006054,1.0,0.0,0.0,1.0,1.0,0.535852,0.057511,0.699857,63.0,0.21801,0.357174,0.217076,0.121426,2.167561,0.46297,1.0
XRPUSD_5417_BEARISH_5405_5409,XRPUSD,1h,SHORT,2025-01-12T17:00:00+00:00,2025-01-12T05:00:00+00:00,2025-01-12T09:00:00+00:00,5405,5409,5417,2.541775,2.5555,2.52,0.013725,0.539977,64,internal|choch|brk5409|form5405,internal,2.5555,2.5372,1.586521,1,2.089253,0.868852,4,TP_HIT,2025-01-12T21:00:00+00:00,0.720302,0.558274,0.539977,0.418705,0.814208,0.699454,0.278689,0.558274,0.869443,12.0,8.0,1.0,0.035845,0.0,1.0,0.0,0.0,0.0,0.846135,0.274561,1.290231,77.5,0.764851,1.086041,1.324081,-0.110089,11.020801,1.117015,0.0
BTCUSD_5422_BULLISH_5409_5414,BTCUSD,1h,LONG,2025-01-12T22:00:00+00:00,2025-01-12T09:00:00+00:00,2025-01-12T14:00:00+00:00,5409,5414,5422,94199.5,93661.0,95122.64,538.5,0.571659,61,internal|choch|brk5414|form5409,internal,94199.5,93661.0,1.71428,1,3.18663,0.544104,2,TP_HIT,2025-01-13T00:00:00+00:00,0.573424,0.856032,0.571659,0.856032,0.461467,0.861653,0.526462,0.856032,0.229706,13.0,8.0,0.0,0.461001,0.0,1.0,0.0,0.0,0.0,0.588123,0.056433,0.669863,40.0,0.213778,0.939489,-1.249763,-0.405127,-0.734113,0.75856,1.0
ETHUSD_5425_BULLISH_5422_5424,ETHUSD,1h,LONG,2025-01-13T01:00:00+00:00,2025-01-12T22:00:00+00:00,2025-01-13T00:00:00+00:00,5422,5424,5425,3258.6875,3232.85,3302.98,25.8375,0.792881,44,internal|choch|brk5424|form5422,internal,3267.3,3232.85,-1.0,0,0.437833,1.837929,4,SL_HIT,2025-01-13T05:00:00+00:00,1.056684,1.145425,0.792881,0.859069,0.793904,0.476052,0.74746,1.145425,1.411417,3.0,1.0,0.0,0.050289,0.0,1.0,0.0,0.0,0.0,0.521652,0.039899,0.922525,36.0,0.583729,2.031509,-0.615779,0.542774,-0.192867,0.960148,1.0
ETHUSD_5430_BULLISH_4859_4867,ETHUSD,1h,LONG,2025-01-13T06:00:00+00:00,2024-12-20T11:00:00+00:00,2024-12-20T19:00:00+00:00,4859,4867,5430,3188.175,3101.55,3336.68,86.625,2.717072,12,internal|choch|brk4867|form4859,internal,3217.05,3101.55,-1.0,0,0.23925,1.537374,5,SL_HIT,2025-01-13T11:00:00+00:00,3.62069,3.828916,2.717072,2.871687,0.765801,0.528571,0.715152,3.828916,1.657539,571.0,563.0,14.0,0.0605,0.0,1.0,0.0,0.0,0.0,0.182403,0.034808,0.945617,40.0,0.608193,1.770252,-2.153242,-2.862363,-1.47479,1.141584,1.0
BTCUSD_5445_BEARISH_5428_5430,BTCUSD,1h,SHORT,2025-01-13T21:00:00+00:00,2025-01-13T04:00:00+00:00,2025-01-13T06:00:00+00:00,5428,5430,5445,94328.625,94878.0,93386.84,549.375,0.582405,60,internal|choch|brk5430|form5428,internal,94878.0,94145.5,-1.0,0,0.413424,1.243003,4,SL_HIT,2025-01-14T01:00:00+00:00,0.77796,1.078358,0.582405,0.808769,0.984983,0.396587,0.333788,1.078358,0.774357,17.0,15.0,0.0,0.253396,0.0,1.0,0.0,0.0,1.0,0.745331,0.083177,0.72143,81.0,0.624553,1.584045,3.103288,0.59079,-0.053075,0.995944,0.0
XRPUSD_5446_BEARISH_5424_5430,XRPUSD,1h,SHORT,2025-01-13T22:00:00+00:00,2025-01-13T00:00:00+00:00,2025-01-13T06:00:00+00:00,5424,5430,5446,2.5138,2.5627,2.43,0.0489,1.945262,17,internal|bos|brk5430|form5424,internal,2.5627,2.4975,-1.0,0,0.026585,1.476483,11,SL_HIT,2025-01-14T09:00:00+00:00,2.578094,1.873093,1.945262,1.40482,0.516871,0.891104,0.65184,1.873093,1.539843,22.0,16.0,2.0,0.436672,1.0,0.0,0.0,0.0,1.0,0.793904,0.022983,1.376383,100.0,1.302457,1.045715,3.431353,2.750579,-2.366521,0.648409,0.0
BTCUSD_5455_BEARISH_5370_5435,BTCUSD,1h,SHORT,2025-01-14T07:00:00+00:00,2025-01-10T18:00:00+00:00,2025-01-13T11:00:00+00:00,5370,5435,5455,94836.625,95749.0,93272.55,912.375,0.962049,36,internal|bos|brk5435|form5370,internal,95749.0,94532.5,-1.0,0,0.014934,1.039457,1,SL_HIT,2025-01-14T08:00:00+00:00,1.28291,1.821208,0.962049,1.365906,0.760789,0.742704,0.763255,1.821208,1.178209,85.0,20.0,9.0,0.019649,1.0,0.0,0.0,1.0,0.0,0.8419,0.038176,0.704428,66.5,0.444493,0.484308,-0.016343,3.833666,0.32428,0.422606,0.0
ETHUSD_5457_BEARISH_5426_5429,ETHUSD,1h,SHORT,2025-01-14T09:00:00+00:00,2025-01-13T02:00:00+00:00,2025-01-13T05:00:00+00:00,5426,5429,5457,3244.4625,3270.0,3200.68,25.5375,0.78711,44,internal|choch|brk5429|form5426,internal,3270.0,3235.95,1.71444,1,2.547724,0.0,3,TP_HIT,2025-01-14T12:00:00+00:00,1.050148,1.066667,0.78711,0.8,0.810573,0.568282,0.13069,1.066667,0.408811,31.0,28.0,0.0,0.064611,0.0,1.0,0.0,0.0,1.0,0.77473,0.001566,0.984513,74.0,0.780848,2.473227,2.222643,7.851714,-0.702834,0.646172,0.0
SOLUSD_5470_BEARISH_5424_5427,SOLUSD,1h,SHORT,2025-01-14T22:00:00+00:00,2025-01-13T00:00:00+00:00,2025-01-13T03:00:00+00:00,5424,5427,5470,189.1415,191.906,184.4,2.7645,1.461604,23,internal|bos|brk5427|form5424,internal,191.906,188.22,-1.0,0,1.223549,2.336951,15,SL_HIT,2025-01-15T13:00:00+00:00,1.95293,1.653788,1.461604,1.240341,0.858383,0.484916,0.579571,1.653788,0.287147,46.0,43.0,5.0,0.179243,1.0,0.0,0.0,0.0,1.0,0.867092,0.062544,1.180883,44.5,0.589165,0.786065,1.179359,1.747709,-0.29477,0.207915,0.0
XRPUSD_5471_BEARISH_4788_4820,XRPUSD,1h,SHORT,2025-01-14T23:00:00+00:00,2024-12-17T12:00:00+00:00,2024-12-18T20:00:00+00:00,4788,4820,5471,2.66265,2.7156,2.57,0.05295,1.98862,17,internal|choch|brk4820|form4788,internal,2.7156,2.645,-1.0,0,0.255902,2.799811,2,SL_HIT,2025-01-15T01:00:00+00:00,2.64707,2.05895,1.98862,1.544213,0.686969,0.794618,0.358357,2.05895,2.149357,683.0,651.0,6.0,0.129778,0.0,1.0,0.0,1.0,0.0,0.909719,0.291636,1.285641,85.0,0.700504,0.443287,-0.570385,5.016341,5.896133,0.247721,0.0
SOLUSD_5547_BULLISH_5540_5546,SOLUSD,1h,LONG,2025-01-18T03:00:00+00:00,2025-01-17T20:00:00+00:00,2025-01-18T02:00:00+00:00,5540,5546,5547,219.935,216.35,226.08,3.585,1.630027,21,internal|bos|brk5546|form5540,internal,221.13,216.35,1.714086,1,2.858856,0.065551,1,TP_HIT,2025-01-18T04:00:00+00:00,2.167604,1.945878,1.630027,1.459409,0.872385,0.411088,0.712762,1.945878,1.294945,7.0,1.0,0.0,0.238146,1.0,0.0,0.0,1.0,1.0,0.826701,0.0,1.113946,100.0,0.857169,3.849012,0.597142,0.111679,8.082145,1.137871,1.0
XRPUSD_5567_BEARISH_5543_5549,XRPUSD,1h,SHORT,2025-01-18T23:00:00+00:00,2025-01-17T23:00:00+00:00,2025-01-18T05:00:00+00:00,5543,5549,5567,3.2685,3.3171,3.19,0.0486,1.486921,23,internal|choch|brk5549|form5543,internal,3.3171,3.2523,1.615226,1,1.796296,0.495885,5,TP_HIT,2025-01-19T04:00:00+00:00,1.982743,1.371464,1.486921,1.028598,0.75463,0.574074,0.325617,1.371464,2.285774,24.0,18.0,0.0,0.006349,0.0,1.0,0.0,0.0,1.0,0.822287,0.444456,1.445712,100.0,1.310552,1.760893,2.79298,4.322012,-0.638453,0.464758,0.0
ETHUSD_5572_BULLISH_5562_5569,ETHUSD,1h,LONG,2025-01-19T04:00:00+00:00,2025-01-18T18:00:00+00:00,2025-01-19T01:00:00+00:00,5562,5569,5572,3274.7875,3248.35,3320.11,26.4375,0.807304,43,internal|choch|brk5569|form5562,internal,3283.6,3248.35,-1.0,0,0.953664,2.270922,4,SL_HIT,2025-01-19T08:00:00+00:00,1.073599,1.03443,0.807304,0.775822,0.992908,0.243972,0.195745,1.03443,1.090186,10.0,3.0,0.0,0.251271,0.0,1.0,0.0,0.0,0.0,0.288954,0.013205,1.037865,100.0,0.807323,1.829694,-0.728658,-1.16048,-2.614563,0.687849,1.0
XRPUSD_5572_BULLISH_5560_5567,XRPUSD,1h,LONG,2025-01-19T04:00:00+00:00,2025-01-18T16:00:00+00:00,2025-01-18T23:00:00+00:00,5560,5567,5572,3.171925,3.1318,3.24,0.040125,1.265005,27,internal|choch|brk5567|form5560,internal,3.1853,3.1318,-1.0,0,1.247975,1.510903,4,SL_HIT,2025-01-19T08:00:00+00:00,1.681755,1.131717,1.265005,0.848788,0.923364,0.076636,0.626168,1.131717,1.064025,12.0,5.0,0.0,0.1962,0.0,1.0,0.0,0.0,0.0,0.697493,0.158652,1.486021,99.5,1.063543,1.484982,-2.662016,-1.772371,-4.845657,0.582522,1.0
BTCUSD_5589_BULLISH_5561_5572,BTCUSD,1h,LONG,2025-01-19T21:00:00+00:00,2025-01-18T17:00:00+00:00,2025-01-19T04:00:00+00:00,5561,5572,5589,103943.25,103209.0,105201.96,734.25,0.706395,49,internal|bos|brk5572|form5561,internal,104188.0,103209.0,-1.0,0,0.751447,3.996255,1,SL_HIT,2025-01-19T22:00:00+00:00,0.944179,1.334311,0.706395,1.000734,0.489275,0.735955,0.587845,1.334311,0.076324,28.0,17.0,2.0,0.347889,1.0,0.0,0.0,0.0,0.0,0.698193,0.049066,0.707615,100.0,0.702065,3.695593,-1.194946,-1.764558,-1.968422,0.911824,1.0
BTCUSD_5592_BULLISH_5504_5521,BTCUSD,1h,LONG,2025-01-20T00:00:00+00:00,2025-01-16T08:00:00+00:00,2025-01-17T01:00:00+00:00,5504,5521,5592,99484.625,98573.0,101047.41,911.625,0.916348,38,internal|bos|brk5521|form5504,internal,99788.5,98573.0,1.714285,1,3.088304,0.0,2,TP_HIT,2025-01-20T02:00:00+00:00,1.218436,1.579439,0.916348,1.184579,0.97573,0.236528,0.700123,1.579439,2.010844,88.0,71.0,1.0,0.356527,1.0,0.0,0.0,0.0,0.0,0.269098,0.128642,0.771436,100.0,0.86473,2.7749,-6.107409,-5.261658,-4.418852,1.261367,1.0
ETHUSD_5592_BULLISH_5579_5582,ETHUSD,1h,LONG,2025-01-20T00:00:00+00:00,2025-01-19T11:00:00+00:00,2025-01-19T14:00:00+00:00,5579,5582,5592,3174.025,3129.7,3250.01,44.325,1.396492,25,internal|choch|brk5582|form5579,internal,3188.8,3129.7,1.71427,1,2.248731,0.181049,2,TP_HIT,2025-01-20T02:00:00+00:00,1.864324,1.555121,1.396492,1.16634,0.682741,0.798646,0.415398,1.555121,2.758958,13.0,10.0,2.0,0.104596,0.0,1.0,0.0,0.0,0.0,0.102139,0.024998,1.198829,100.0,1.586953,2.203745,-7.303059,-1.748051,-8.617757,0.919914,1.0
ETHUSD_5651_BEARISH_5640_5647,ETHUSD,1h,SHORT,2025-01-22T11:00:00+00:00,2025-01-22T00:00:00+00:00,2025-01-22T07:00:00+00:00,5640,5647,5651,3333.375,3366.0,3277.45,32.625,0.978738,35,internal|choch|brk5647|form5640,internal,3366.0,3322.5,1.714176,1,2.034483,0.0,3,TP_HIT,2025-01-22T14:00:00+00:00,1.308074,1.072295,0.978738,0.804221,0.931034,0.149425,0.821839,1.072295,0.526287,11.0,4.0,0.0,0.194122,0.0,1.0,0.0,0.0,1.0,0.601813,0.002465,1.219882,78.5,0.533902,0.633517,0.504715,0.254744,-1.150348,0.937214,0.0
XRPUSD_5655_BULLISH_5648_5651,XRPUSD,1h,LONG,2025-01-22T15:00:00+00:00,2025-01-22T08:00:00+00:00,2025-01-22T11:00:00+00:00,5648,5651,5655,3.1654,3.1411,3.21,0.0243,0.767675,45,internal|bos|brk5651|form5648,internal,3.1735,3.1411,-1.0,0,1.123457,1.432099,3,SL_HIT,2025-01-22T18:00:00+00:00,1.02496,0.607036,0.767675,0.455277,0.617284,0.67284,0.009259,0.607036,1.309625,7.0,4.0,2.0,0.080563,1.0,0.0,0.0,0.0,0.0,0.609693,0.073069,1.688465,77.0,0.659404,0.79252,-0.135844,-1.135297,-4.028781,2.034765,1.0
SOLUSD_5658_BULLISH_5650_5653,SOLUSD,1h,LONG,2025-01-22T18:00:00+00:00,2025-01-22T10:00:00+00:00,2025-01-22T13:00:00+00:00,5650,5653,5658,254.17625,252.11,257.72,2.06625,0.81292,43,internal|choch|brk5653|form5650,internal,254.865,252.11,1.715064,1,5.833636,0.219359,1,TP_HIT,2025-01-22T19:00:00+00:00,1.085629,0.578525,0.81292,0.433893,0.602541,0.597459,0.406534,0.578525,0.258289,8.0,5.0,2.0,0.085309,0.0,1.0,0.0,0.0,0.0,0.368665,0.065097,1.876547,91.5,0.845327,1.442847,-2.474924,-0.031515,-0.975534,1.35404,1.0
SOLUSD_5662_BULLISH_5658_5659,SOLUSD,1h,LONG,2025-01-22T22:00:00+00:00,2025-01-22T18:00:00+00:00,2025-01-22T19:00:00+00:00,5658,5659,5662,258.37225,253.219,267.21,5.15325,1.994506,17,internal|bos|brk5659|form5658,internal,260.09,253.219,-1.0,0,0.379906,1.141464,3,SL_HIT,2025-01-23T01:00:00+00:00,2.642286,1.424514,1.994506,1.068386,0.992723,0.017465,0.790278,1.424514,2.332588,4.0,3.0,0.0,0.345762,1.0,0.0,0.0,1.0,1.0,0.463513,0.00622,1.854868,99.0,1.408877,0.949538,0.331042,0.634675,6.021935,1.212455,1.0
BTCUSD_5672_BULLISH_5622_5627,BTCUSD,1h,LONG,2025-01-23T08:00:00+00:00,2025-01-21T06:00:00+00:00,2025-01-21T11:00:00+00:00,5622,5627,5672,101914.125,101112.0,103289.2,802.125,0.78706,44,internal|bos|brk5627|form5622,internal,102181.5,101112.0,1.71429,1,5.093813,0.876578,6,TP_HIT,2025-01-23T14:00:00+00:00,1.046667,1.157271,0.78706,0.867953,1.0,0.586723,0.729313,1.157271,0.627599,50.0,45.0,5.0,0.289318,1.0,0.0,0.0,0.0,1.0,0.255822,0.066006,0.904427,72.5,0.427163,0.715247,-0.230429,-2.03069,0.021045,0.858352,1.0
SOLUSD_5683_BULLISH_5677_5678,SOLUSD,1h,LONG,2025-01-23T19:00:00+00:00,2025-01-23T13:00:00+00:00,2025-01-23T14:00:00+00:00,5677,5678,5683,246.1355,242.03,253.17,4.1055,1.667984,20,internal|choch|brk5678|form5677,internal,247.504,242.03,1.713433,1,2.945926,0.081963,1,TP_HIT,2025-01-23T20:00:00+00:00,2.21835,1.134152,1.667984,0.850614,0.864085,0.556083,0.691414,1.134152,0.942917,6.0,5.0,2.0,0.129389,0.0,1.0,0.0,0.0,0.0,0.357215,0.006216,1.955955,98.5,1.008428,1.086084,-1.775727,0.113599,-0.883676,1.288004,1.0
SOLUSD_5705_BEARISH_5660_5665,SOLUSD,1h,SHORT,2025-01-24T17:00:00+00:00,2025-01-22T20:00:00+00:00,2025-01-23T01:00:00+00:00,5660,5665,5705,266.2085,272.0,256.28,5.7915,2.17555,16,internal|choch|brk5665|form5660,internal,272.0,264.278,1.714323,1,1.728136,0.0,4,TP_HIT,2025-01-24T21:00:00+00:00,2.920244,1.594482,2.17555,1.195861,0.980316,0.746555,0.370241,1.594482,0.396865,45.0,40.0,9.0,0.367235,0.0,1.0,0.0,1.0,0.0,0.818439,0.026843,1.831469,90.0,1.170751,0.740044,-0.305384,6.401899,2.831032,1.507089,0.0
XRPUSD_5708_BULLISH_5691_5698,XRPUSD,1h,LONG,2025-01-24T20:00:00+00:00,2025-01-24T03:00:00+00:00,2025-01-24T10:00:00+00:00,5691,5698,5708,3.111675,3.0525,3.21,0.059175,1.901709,18,internal|choch|brk5698|form5691,internal,3.1314,3.0525,-1.0,0,0.546261,1.741867,51,SL_HIT,2025-01-26T23:00:00+00:00,2.542455,1.564109,1.901709,1.173082,0.643853,0.403042,0.845374,1.564109,0.295377,17.0,10.0,2.0,0.166025,0.0,1.0,0.0,0.0,0.0,0.322126,0.541194,1.625497,43.0,0.703776,0.856394,-1.943251,-2.144231,-1.206545,0.934362,1.0
SOLUSD_5716_BULLISH_5685_5693,SOLUSD,1h,LONG,2025-01-25T04:00:00+00:00,2025-01-23T21:00:00+00:00,2025-01-24T05:00:00+00:00,5685,5693,5716,249.437,243.488,259.64,5.949,2.384971,14,internal|bos|brk5693|form5685,internal,251.42,243.488,1.715078,1,1.891578,0.549336,14,TP_HIT,2025-01-25T18:00:00+00:00,3.16963,1.65759,2.384971,1.243193,0.852496,0.431165,0.578669,1.65759,1.269524,31.0,23.0,4.0,0.169897,1.0,0.0,0.0,0.0,1.0,0.478342,0.058513,1.912192,68.0,1.00275,0.512198,-1.135412,-6.213694,0.631738,0.550272,1.0
BTCUSD_5718_BULLISH_5691_5693,BTCUSD,1h,LONG,2025-01-25T06:00:00+00:00,2025-01-24T03:00:00+00:00,2025-01-24T05:00:00+00:00,5691,5693,5718,103876.125,102682.5,105922.34,1193.625,1.149085,30,internal|bos|brk5693|form5691,internal,104274.0,102682.5,-1.0,0,1.345795,1.189339,41,SL_HIT,2025-01-26T23:00:00+00:00,1.526399,1.681018,1.149085,1.260764,0.994345,0.054351,0.549482,1.681018,0.649064,27.0,25.0,1.0,0.410748,1.0,0.0,0.0,0.0,1.0,0.515575,0.020597,0.90802,74.5,0.412325,0.266174,-0.407863,-1.47227,2.188529,0.637972,1.0
ETHUSD_5753_BEARISH_5740_5745,ETHUSD,1h,SHORT,2025-01-26T17:00:00+00:00,2025-01-26T04:00:00+00:00,2025-01-26T09:00:00+00:00,5740,5745,5753,3341.55,3361.2,3307.86,19.65,0.58805,59,internal|choch|brk5745|form5740,internal,3361.2,3335.0,1.714504,1,2.590331,0.022901,4,TP_HIT,2025-01-26T21:00:00+00:00,0.785301,0.732815,0.58805,0.549611,0.950382,0.328244,0.51145,0.732815,0.925808,13.0,8.0,0.0,0.146843,0.0,1.0,0.0,0.0,1.0,0.62233,0.046151,1.071622,15.0,0.33691,0.833507,0.895152,0.273503,-1.36877,1.019098,0.0
SOLUSD_5796_BULLISH_5781_5788,SOLUSD,1h,LONG,2025-01-28T12:00:00+00:00,2025-01-27T21:00:00+00:00,2025-01-28T04:00:00+00:00,5781,5788,5796,236.44475,232.619,243.0,3.82575,1.618031,21,internal|choch|brk5788|form5781,internal,237.72,232.619,-1.0,0,0.924067,1.16964,4,SL_HIT,2025-01-28T16:00:00+00:00,2.160251,1.159306,1.618031,0.869479,0.688296,0.466575,0.072535,1.159306,0.704538,15.0,8.0,4.0,0.071533,0.0,1.0,0.0,0.0,0.0,0.310053,0.081817,1.8634,9.5,1.017361,1.007262,-1.084953,0.983621,-6.87044,0.738667,1.0
XRPUSD_5804_BULLISH_5793_5796,XRPUSD,1h,LONG,2025-01-28T20:00:00+00:00,2025-01-28T09:00:00+00:00,2025-01-28T12:00:00+00:00,5793,5796,5804,3.100275,3.0708,3.15,0.029475,0.950722,36,internal|choch|brk5796|form5793,internal,3.1101,3.0708,-1.0,0,0.082273,2.89313,1,SL_HIT,2025-01-28T21:00:00+00:00,1.277052,0.845081,0.950722,0.633811,0.167939,0.938931,0.038168,0.845081,0.70531,11.0,8.0,0.0,0.491889,0.0,1.0,0.0,0.0,0.0,0.755372,0.021503,1.511159,25.0,0.760517,1.41277,-3.31155,-0.793037,-1.733883,0.934879,1.0
BTCUSD_5814_BEARISH_5799_5804,BTCUSD,1h,SHORT,2025-01-29T06:00:00+00:00,2025-01-28T15:00:00+00:00,2025-01-28T20:00:00+00:00,5799,5804,5814,102787.125,103797.0,101055.91,1009.875,0.982492,35,internal|choch|brk5804|form5799,internal,103797.0,102450.5,-1.0,0,1.408219,1.197549,13,SL_HIT,2025-01-29T19:00:00+00:00,1.31029,1.553556,0.982492,1.165167,0.767545,0.260304,0.095433,1.553556,1.302034,15.0,10.0,0.0,0.027258,0.0,1.0,0.0,0.0,0.0,0.650739,0.0075,0.843413,13.5,0.448893,0.70784,0.940019,0.031636,2.391308,0.524922,0.0
SOLUSD_5840_BEARISH_5789_5802,SOLUSD,1h,SHORT,2025-01-30T08:00:00+00:00,2025-01-28T05:00:00+00:00,2025-01-28T18:00:00+00:00,5789,5802,5840,240.5605,243.76,235.08,3.1995,1.330019,26,internal|choch|brk5802|form5789,internal,243.76,239.494,-1.0,0,0.477106,1.246914,7,SL_HIT,2025-01-30T15:00:00+00:00,1.781062,1.00267,1.330019,0.752002,0.993905,0.578059,0.611814,1.00267,0.761521,51.0,38.0,5.0,0.244556,0.0,1.0,0.0,1.0,1.0,0.478293,0.011987,1.77632,4.5,0.866727,0.526719,-0.274794,4.680739,-0.020871,0.735521,0.0
BTCUSD_5849_BULLISH_5839_5846,BTCUSD,1h,LONG,2025-01-30T17:00:00+00:00,2025-01-30T07:00:00+00:00,2025-01-30T14:00:00+00:00,5839,5846,5849,105308.0,104760.5,106246.57,547.5,0.519904,67,internal|bos|brk5846|form5839,internal,105308.0,104760.5,-1.0,0,0.420091,1.103196,1,SL_HIT,2025-01-30T18:00:00+00:00,0.520239,0.646829,0.519904,0.646829,0.875799,0.832877,0.116895,0.646829,1.233995,10.0,3.0,0.0,0.080337,1.0,0.0,0.0,1.0,1.0,0.865015,0.005907,0.804293,8.0,0.328183,0.951635,0.251486,0.56907,2.442301,1.618523,1.0
SOLUSD_5852_BULLISH_5839_5846,SOLUSD,1h,LONG,2025-01-30T20:00:00+00:00,2025-01-30T07:00:00+00:00,2025-01-30T14:00:00+00:00,5839,5846,5852,238.98775,237.088,242.24,1.89975,0.794915,44,internal|bos|brk5846|form5839,internal,239.621,237.088,-1.0,0,1.594289,1.293723,4,SL_HIT,2025-01-31T00:00:00+00:00,1.061961,0.608607,0.794915,0.456455,0.565732,0.521516,0.014291,0.608607,0.293131,13.0,6.0,2.0,0.112147,1.0,0.0,0.0,0.0,1.0,0.482235,0.002643,1.744904,0.5,0.674791,0.6557,-1.024524,-0.694867,3.255844,0.683945,1.0
BTCUSD_5860_BULLISH_5832_5835,BTCUSD,1h,LONG,2025-01-31T04:00:00+00:00,2025-01-30T00:00:00+00:00,2025-01-30T03:00:00+00:00,5832,5835,5860,103869.5,103229.0,104967.5,640.5,0.616639,56,internal|bos|brk5835|form5832,internal,104083.0,103229.0,1.714286,1,1.749415,0.0,9,TP_HIT,2025-01-31T13:00:00+00:00,0.821328,1.025272,0.616639,0.768954,0.877049,0.237705,0.321429,1.025272,0.62969,28.0,25.0,1.0,0.13026,1.0,0.0,0.0,0.0,1.0,0.720282,0.079837,0.801083,1.0,0.355618,0.713128,-0.667294,-0.817002,2.195205,0.656453,1.0
ETHUSD_5862_BEARISH_5858_5860,ETHUSD,1h,SHORT,2025-01-31T06:00:00+00:00,2025-01-31T02:00:00+00:00,2025-01-31T04:00:00+00:00,5858,5860,5862,3253.9,3278.65,3211.47,24.75,0.760626,46,internal|choch|brk5860|form5858,internal,3278.65,3245.65,-1.0,0,0.882828,3.375758,5,SL_HIT,2025-01-31T11:00:00+00:00,1.011835,0.937335,0.760626,0.703001,0.522727,0.754545,0.698485,0.937335,0.406178,4.0,2.0,1.0,0.213031,0.0,1.0,0.0,1.0,0.0,0.919786,0.06817,1.079482,0.5,0.59785,0.867745,-0.247744,0.232033,4.433308,1.211115,0.0
ETHUSD_5867_BEARISH_5753_5758,ETHUSD,1h,SHORT,2025-01-31T11:00:00+00:00,2025-01-26T17:00:00+00:00,2025-01-26T22:00:00+00:00,5753,5758,5867,3321.25,3343.6,3282.94,22.35,0.672939,52,internal|bos|brk5758|form5753,internal,3343.6,3313.8,-1.0,0,0.0,1.66443,1,SL_HIT,2025-01-31T12:00:00+00:00,0.893781,0.846409,0.672939,0.634806,0.317114,0.793624,0.697987,0.846409,0.168998,114.0,109.0,0.0,0.366398,1.0,0.0,0.0,0.0,0.0,0.989186,0.014201,1.055969,2.5,0.710137,1.949864,2.230637,3.213274,6.542788,1.586262,0.0
SOLUSD_5868_BEARISH_5847_5859,SOLUSD,1h,SHORT,2025-01-31T12:00:00+00:00,2025-01-30T15:00:00+00:00,2025-01-31T03:00:00+00:00,5847,5859,5868,241.52,244.55,236.33,3.03,1.254554,27,internal|choch|brk5859|form5847,internal,244.55,240.51,1.712871,1,1.835314,0.085281,2,TP_HIT,2025-01-31T14:00:00+00:00,1.679066,1.008116,1.254554,0.756087,0.975248,0.071782,0.269802,1.008116,0.424207,21.0,9.0,0.0,0.227076,0.0,1.0,0.0,0.0,0.0,0.833474,0.081348,1.665548,0.5,0.593201,0.778545,2.135156,0.13734,3.836975,1.247294,0.0
SOLUSD_5874_BULLISH_5832_5835,SOLUSD,1h,LONG,2025-01-31T18:00:00+00:00,2025-01-30T00:00:00+00:00,2025-01-30T03:00:00+00:00,5832,5835,5874,230.19,226.74,236.1,3.45,1.498762,23,internal|choch|brk5835|form5832,internal,231.34,226.74,-1.0,0,1.110145,1.128319,16,SL_HIT,2025-02-01T10:00:00+00:00,1.998002,1.149226,1.498762,0.86192,0.758696,0.259783,0.667174,1.149226,0.667051,42.0,39.0,0.0,0.009993,0.0,1.0,0.0,0.0,1.0,0.350861,0.018987,1.738563,2.5,0.88497,1.345344,-4.166268,-2.353889,1.525327,1.714269,1.0
ETHUSD_5890_BULLISH_5860_5867,ETHUSD,1h,LONG,2025-02-01T10:00:00+00:00,2025-01-31T04:00:00+00:00,2025-01-31T11:00:00+00:00,5860,5867,5890,3229.05,3212.4,3257.59,16.65,0.515632,67,internal|choch|brk5867|form5860,internal,3234.6,3212.4,1.714114,1,2.525526,0.018018,2,TP_HIT,2025-02-01T12:00:00+00:00,0.686637,0.627942,0.515632,0.470957,0.934685,0.551802,0.644144,0.627942,1.84847,30.0,23.0,1.0,0.115971,0.0,1.0,0.0,0.0,1.0,0.48938,0.008486,1.093471,7.5,0.783467,0.692999,-1.991603,-3.120786,0.914525,0.874395,1.0
BTCUSD_5913_BULLISH_5778_5786,BTCUSD,1h,LONG,2025-02-02T09:00:00+00:00,2025-01-27T18:00:00+00:00,2025-01-28T02:00:00+00:00,5778,5786,5913,99503.125,98818.0,100677.62,685.125,0.688546,50,internal|choch|brk5786|form5778,internal,99731.5,98818.0,-1.0,0,0.201241,1.367086,2,SL_HIT,2025-02-02T11:00:00+00:00,0.9168,1.170481,0.688546,0.87786,0.899836,0.814997,0.04324,1.170481,1.319754,135.0,127.0,5.0,0.17538,0.0,1.0,0.0,1.0,0.0,0.087887,0.016657,0.783268,1.5,0.457786,0.67269,0.150266,-2.273485,-4.339937,1.305041,1.0
SOLUSD_5940_BULLISH_5933_5938,SOLUSD,1h,LONG,2025-02-03T12:00:00+00:00,2025-02-03T05:00:00+00:00,2025-02-03T10:00:00+00:00,5933,5938,5940,195.3825,189.6,205.3,5.7825,2.959579,11,internal|choch|brk5938|form5933,internal,197.31,189.6,1.715089,1,2.503848,0.978383,3,TP_HIT,2025-02-03T15:00:00+00:00,3.953461,1.811432,2.959579,1.358574,0.702853,0.325681,0.894942,1.811432,1.78601,7.0,2.0,0.0,0.085403,0.0,1.0,0.0,0.0,0.0,0.283105,0.003994,2.182506,54.0,2.863477,1.10448,-1.975873,-3.455941,-13.86467,1.00627,1.0
SOLUSD_5946_BEARISH_5912_5920,SOLUSD,1h,SHORT,2025-02-03T18:00:00+00:00,2025-02-02T08:00:00+00:00,2025-02-02T16:00:00+00:00,5912,5920,5946,211.96075,215.635,205.66,3.67425,1.733458,20,internal|bos|brk5920|form5912,internal,215.635,210.736,-1.0,0,0.586991,1.540246,3,SL_HIT,2025-02-03T21:00:00+00:00,2.317495,1.131558,1.733458,0.848669,0.866095,0.190651,0.710349,1.131558,1.238039,34.0,26.0,0.0,0.131368,1.0,0.0,0.0,0.0,1.0,0.520082,0.005774,2.048057,67.5,2.913069,1.552399,8.634565,6.876991,-5.939308,1.280666,0.0
ETHUSD_5981_BEARISH_5966_5973,ETHUSD,1h,SHORT,2025-02-05T05:00:00+00:00,2025-02-04T14:00:00+00:00,2025-02-04T21:00:00+00:00,5966,5973,5981,2791.6625,2844.65,2700.83,52.9875,1.898063,18,internal|bos|brk5973|form5966,internal,2844.65,2774.0,-1.0,0,1.465676,1.071715,24,SL_HIT,2025-02-06T05:00:00+00:00,2.538445,1.516937,1.898063,1.137703,0.869781,0.184006,0.307856,1.516937,2.016142,15.0,8.0,0.0,0.1817,1.0,0.0,0.0,0.0,0.0,0.551586,0.005368,1.673401,99.0,1.409513,1.709104,2.006634,-1.191089,10.21483,0.562958,0.0
BTCUSD_5993_BULLISH_5985_5989,BTCUSD,1h,LONG,2025-02-05T17:00:00+00:00,2025-02-05T09:00:00+00:00,2025-02-05T13:00:00+00:00,5985,5989,5993,97736.5,97205.5,98646.79,531.0,0.543298,64,internal|choch|brk5989|form5985,internal,97913.5,97205.5,-1.0,0,0.0,2.407721,1,SL_HIT,2025-02-05T18:00:00+00:00,0.726139,0.783536,0.543298,0.587652,0.418785,0.899718,0.265537,0.783536,0.576585,8.0,4.0,2.0,0.259519,0.0,1.0,0.0,0.0,0.0,0.562124,0.002213,0.926746,91.0,0.405093,1.025901,-0.528464,-0.446196,-1.316262,1.556094,1.0
XRPUSD_5999_BULLISH_5941_5943,XRPUSD,1h,LONG,2025-02-05T23:00:00+00:00,2025-02-03T13:00:00+00:00,2025-02-03T15:00:00+00:00,5941,5943,5999,2.367,2.3211,2.45,0.0459,1.939163,18,internal|choch|brk5943|form5941,internal,2.3823,2.3211,1.808279,1,2.172113,0.0,7,TP_HIT,2025-02-06T06:00:00+00:00,2.571861,1.048301,1.939163,0.786226,0.955882,0.637255,0.315359,1.048301,3.064396,58.0,56.0,3.0,0.215827,0.0,1.0,0.0,1.0,0.0,0.511495,0.006852,2.453361,87.0,1.221113,0.601231,0.528072,-5.357356,-11.703154,0.779967,1.0
BTCUSD_6006_BEARISH_5990_5994,BTCUSD,1h,SHORT,2025-02-06T06:00:00+00:00,2025-02-05T14:00:00+00:00,2025-02-05T18:00:00+00:00,5990,5994,6006,98336.625,99123.0,96988.55,786.375,0.799677,43,internal|choch|brk5994|form5990,internal,99123.0,98074.5,1.71429,1,1.865045,0.96185,9,TP_HIT,2025-02-06T15:00:00+00:00,1.066275,1.178509,0.799677,0.883882,0.753457,0.301383,0.266571,1.178509,0.935164,16.0,12.0,0.0,0.004074,0.0,1.0,0.0,0.0,1.0,0.635664,0.020232,0.904766,70.5,0.389357,0.832319,1.252619,0.275333,-1.675358,0.578796,0.0
SOLUSD_6006_BEARISH_5990_5991,SOLUSD,1h,SHORT,2025-02-06T06:00:00+00:00,2025-02-05T14:00:00+00:00,2025-02-05T15:00:00+00:00,5990,5991,6006,204.2175,207.51,198.57,3.2925,1.612252,21,internal|choch|brk5991|form5990,internal,207.51,203.12,1.715262,1,1.731967,0.0,5,TP_HIT,2025-02-06T11:00:00+00:00,2.1564,1.055756,1.612252,0.791817,0.895216,0.161731,0.489977,1.055756,0.54351,16.0,15.0,0.0,0.153313,0.0,1.0,0.0,0.0,1.0,0.63357,0.011544,2.042518,39.5,0.779602,0.608442,2.219321,0.912065,-4.350686,0.704906,0.0
XRPUSD_6012_BULLISH_5998_6006,XRPUSD,1h,LONG,2025-02-06T12:00:00+00:00,2025-02-05T22:00:00+00:00,2025-02-06T06:00:00+00:00,5998,6006,6012,2.399525,2.36,2.47,0.039525,1.647201,21,internal|choch|brk6006|form5998,internal,2.4127,2.36,-1.0,0,0.958254,2.895003,3,SL_HIT,2025-02-06T15:00:00+00:00,2.19849,0.923863,1.647201,0.692897,0.703985,0.447818,0.573055,0.923863,0.525918,14.0,6.0,0.0,0.042512,0.0,1.0,0.0,0.0,0.0,0.551423,0.001753,2.379671,70.5,1.184199,1.099169,-1.730005,-0.287022,-6.538522,1.033804,1.0
ETHUSD_6014_BULLISH_5994_6005,ETHUSD,1h,LONG,2025-02-06T14:00:00+00:00,2025-02-05T18:00:00+00:00,2025-02-06T05:00:00+00:00,5994,6005,6014,2744.0,2714.0,2795.43,30.0,1.093294,32,internal|choch|brk6005|form5994,internal,2754.0,2714.0,-1.0,0,0.526667,2.071667,1,SL_HIT,2025-02-06T15:00:00+00:00,1.456054,0.878058,1.093294,0.658544,0.82875,0.44625,0.44125,0.878058,0.253539,20.0,9.0,0.0,0.069147,0.0,1.0,0.0,0.0,0.0,0.633457,0.062562,1.658267,77.0,0.89094,1.287453,-3.620608,-1.394472,-1.997753,1.556568,1.0
SOLUSD_6038_BEARISH_6006_6015,SOLUSD,1h,SHORT,2025-02-07T14:00:00+00:00,2025-02-06T06:00:00+00:00,2025-02-06T15:00:00+00:00,6006,6015,6038,201.9325,203.83,198.68,1.8975,0.93967,37,internal|bos|brk6015|form6006,internal,203.83,201.3,1.714097,1,3.213439,0.578393,1,TP_HIT,2025-02-07T15:00:00+00:00,1.245189,0.630313,0.93967,0.472735,0.256126,0.790514,0.778656,0.630313,1.004016,32.0,23.0,0.0,0.311295,1.0,0.0,0.0,0.0,1.0,0.487827,0.001993,1.97551,31.5,0.942926,0.718008,2.996908,7.238728,-0.765327,1.469286,0.0
ETHUSD_6040_BULLISH_6030_6034,ETHUSD,1h,LONG,2025-02-07T16:00:00+00:00,2025-02-07T06:00:00+00:00,2025-02-07T10:00:00+00:00,6030,6034,6040,2702.625,2666.7,2764.21,35.925,1.329263,26,internal|choch|brk6034|form6030,internal,2714.6,2666.7,-1.0,0,0.0,1.179541,1,SL_HIT,2025-02-07T17:00:00+00:00,1.779115,1.073097,1.329263,0.804823,0.535491,0.521921,0.375783,1.073097,0.096332,10.0,6.0,1.0,0.230189,0.0,1.0,0.0,0.0,0.0,0.421509,0.050406,1.657925,57.0,0.719249,0.819945,-2.497012,-0.905427,-3.331957,1.577011,1.0
BTCUSD_6043_BULLISH_6030_6036,BTCUSD,1h,LONG,2025-02-07T19:00:00+00:00,2025-02-07T06:00:00+00:00,2025-02-07T12:00:00+00:00,6030,6036,6043,97129.625,96534.5,98149.84,595.125,0.612712,57,internal|choch|brk6036|form6030,internal,97328.0,96534.5,-1.0,0,0.0,2.622348,1,SL_HIT,2025-02-07T20:00:00+00:00,0.819389,0.899889,0.612712,0.674917,0.385633,0.640202,0.748582,0.899889,0.238723,13.0,7.0,3.0,0.32789,0.0,1.0,0.0,0.0,0.0,0.177372,0.074849,0.910544,60.5,0.575227,1.093249,-2.841793,-0.557589,-0.678448,1.738777,1.0
BTCUSD_6083_BULLISH_6069_6073,BTCUSD,1h,LONG,2025-02-09T11:00:00+00:00,2025-02-08T21:00:00+00:00,2025-02-09T01:00:00+00:00,6069,6073,6083,96573.5,96310.5,97024.36,263.0,0.272331,100,internal|choch|brk6073|form6069,internal,96573.5,96310.5,-1.0,0,0.344106,3.068441,2,SL_HIT,2025-02-09T13:00:00+00:00,0.272506,0.33131,0.272331,0.33131,0.764259,0.275665,0.23384,0.33131,0.529717,14.0,10.0,0.0,0.078103,0.0,1.0,0.0,0.0,0.0,0.207394,0.014487,0.822513,16.0,0.220969,0.621678,-0.466155,0.092821,-0.748667,0.875901,1.0
BTCUSD_6095_BEARISH_6092_6093,BTCUSD,1h,SHORT,2025-02-09T23:00:00+00:00,2025-02-09T20:00:00+00:00,2025-02-09T21:00:00+00:00,6092,6093,6095,96178.375,96736.0,95222.45,557.625,0.579782,60,internal|bos|brk6093|form6092,internal,96736.0,95992.5,-1.0,0,0.0,1.638422,1,SL_HIT,2025-02-10T00:00:00+00:00,0.77107,0.940467,0.579782,0.70535,0.418964,0.736382,0.356422,0.940467,1.461613,3.0,2.0,1.0,0.311328,1.0,0.0,0.0,0.0,0.0,0.325162,0.029726,0.81988,18.5,0.409078,1.090992,0.268285,-0.626082,0.502384,1.154629,0.0
SOLUSD_6095_BEARISH_6088_6093,SOLUSD,1h,SHORT,2025-02-09T23:00:00+00:00,2025-02-09T16:00:00+00:00,2025-02-09T21:00:00+00:00,6088,6093,6095,200.4975,201.99,197.94,1.4925,0.744398,47,internal|choch|brk6093|form6088,internal,201.99,200.0,-1.0,0,0.125628,3.01206,1,SL_HIT,2025-02-10T00:00:00+00:00,0.993163,0.545644,0.744398,0.409233,0.81407,0.349246,0.653769,0.545644,1.174917,7.0,2.0,0.0,0.03496,0.0,1.0,0.0,0.0,0.0,0.654766,0.089661,1.820165,3.5,0.960378,1.067982,0.185,-1.280977,5.875266,0.933804,0.0
SOLUSD_6097_BULLISH_6093_6096,SOLUSD,1h,LONG,2025-02-10T01:00:00+00:00,2025-02-09T21:00:00+00:00,2025-02-10T00:00:00+00:00,6093,6096,6097,198.1375,193.36,206.33,4.7775,2.411204,14,internal|choch|brk6096|form6093,internal,199.73,193.36,1.714809,1,2.252747,0.500994,12,TP_HIT,2025-02-10T13:00:00+00:00,3.212629,1.737786,2.411204,1.30334,0.77237,0.317111,0.672684,1.737786,0.967104,4.0,1.0,0.0,0.038875,0.0,1.0,0.0,0.0,1.0,0.549967,0.043376,1.84869,6.5,1.191363,1.724119,-0.498311,-1.681939,3.303116,0.958512,1.0
XRPUSD_6098_BULLISH_6030_6033,XRPUSD,1h,LONG,2025-02-10T02:00:00+00:00,2025-02-07T06:00:00+00:00,2025-02-07T09:00:00+00:00,6030,6033,6098,2.3306,2.2649,2.44,0.0657,2.819017,12,internal|choch|brk6033|form6030,internal,2.3525,2.2649,1.665145,1,1.710807,0.0,6,TP_HIT,2025-02-10T08:00:00+00:00,3.739275,1.704427,2.819017,1.27832,0.888128,0.476027,0.691781,1.704427,1.153796,68.0,65.0,6.0,0.235429,0.0,1.0,0.0,1.0,0.0,0.283838,0.011674,2.193861,20.0,1.132133,0.704341,0.123942,-3.905,-3.029927,0.85925,1.0
SOLUSD_6135_BULLISH_6098_6104,SOLUSD,1h,LONG,2025-02-11T15:00:00+00:00,2025-02-10T02:00:00+00:00,2025-02-10T08:00:00+00:00,6098,6104,6135,198.5235,195.744,203.29,2.7795,1.400086,24,internal|bos|brk6104|form6098,internal,199.45,195.744,-1.0,0,0.509624,1.285663,4,SL_HIT,2025-02-11T19:00:00+00:00,1.859602,1.060452,1.400086,0.795339,0.956827,0.491365,0.188883,1.060452,0.689609,37.0,31.0,4.0,0.21933,1.0,0.0,0.0,0.0,1.0,0.540191,0.004006,1.753593,0.5,0.760488,0.830106,-1.429419,-1.169855,1.265244,1.349257,1.0
XRPUSD_6137_BULLISH_6111_6124,XRPUSD,1h,LONG,2025-02-11T17:00:00+00:00,2025-02-10T15:00:00+00:00,2025-02-11T04:00:00+00:00,6111,6124,6137,2.4291,2.4042,2.47,0.0249,1.025071,34,internal|bos|brk6124|form6111,internal,2.4374,2.4042,-1.0,0,0.0,1.626506,1,SL_HIT,2025-02-11T18:00:00+00:00,1.36693,0.693299,1.025071,0.519974,0.740964,0.590361,0.10241,0.693299,0.749682,26.0,13.0,2.0,0.006265,1.0,0.0,0.0,0.0,1.0,0.51709,0.016706,1.971631,0.5,0.818437,0.801888,-2.245834,-0.499795,0.094787,1.7093,1.0
SOLUSD_6153_BEARISH_6142_6147,SOLUSD,1h,SHORT,2025-02-12T09:00:00+00:00,2025-02-11T22:00:00+00:00,2025-02-12T03:00:00+00:00,6142,6147,6153,196.8975,199.29,192.8,2.3925,1.215099,28,internal|bos|brk6147|form6142,internal,199.29,196.1,1.712644,1,3.165517,0.661442,4,TP_HIT,2025-02-12T13:00:00+00:00,1.623088,0.941659,1.215099,0.706244,0.862382,0.247962,0.495298,0.941659,0.392899,11.0,6.0,2.0,0.105826,1.0,0.0,0.0,0.0,1.0,0.357737,0.049887,1.723648,0.5,0.609986,0.536066,1.089908,0.019847,-3.040902,0.860357,0.0
ETHUSD_6209_BEARISH_6038_6043,ETHUSD,1h,SHORT,2025-02-14T17:00:00+00:00,2025-02-07T14:00:00+00:00,2025-02-07T19:00:00+00:00,6038,6043,6209,2770.875,2796.0,2727.8,25.125,0.906753,38,internal|choch|brk6043|form6038,internal,2796.0,2762.5,1.714428,1,1.760199,0.783085,2,TP_HIT,2025-02-14T19:00:00+00:00,1.208187,0.929476,0.906753,0.697107,0.69403,0.959701,0.21194,0.929476,0.532714,171.0,166.0,1.0,0.052023,0.0,1.0,0.0,0.0,0.0,0.912697,0.062427,1.299859,3.5,0.435665,1.359531,3.272003,3.103038,6.412987,1.817615,0.0
ETHUSD_6234_BEARISH_6227_6230,ETHUSD,1h,SHORT,2025-02-15T18:00:00+00:00,2025-02-15T11:00:00+00:00,2025-02-15T14:00:00+00:00,6227,6230,6234,2698.35,2713.85,2671.78,15.5,0.574425,60,internal|bos|brk6230|form6227,internal,2713.85,2698.35,-1.0,0,1.335484,1.758065,11,SL_HIT,2025-02-16T05:00:00+00:00,0.573755,0.452129,0.574425,0.452129,0.796774,0.558065,0.148387,0.452129,0.522136,7.0,4.0,0.0,0.091884,1.0,0.0,0.0,1.0,0.0,0.628663,0.033545,1.269009,0.5,0.306222,0.685486,-0.147847,-0.791392,2.886849,0.999368,0.0
SOLUSD_6237_BEARISH_6234_6236,SOLUSD,1h,SHORT,2025-02-15T21:00:00+00:00,2025-02-15T18:00:00+00:00,2025-02-15T20:00:00+00:00,6234,6236,6237,193.87375,194.995,191.95,1.12125,0.57834,60,internal|bos|brk6236|form6234,internal,194.995,193.5,-1.0,0,0.360981,1.328205,3,SL_HIT,2025-02-16T00:00:00+00:00,0.769865,0.507004,0.57834,0.380253,0.538462,0.461538,0.766555,0.507004,0.342524,3.0,1.0,0.0,0.107251,1.0,0.0,0.0,0.0,0.0,0.34626,0.006104,1.518458,0.5,0.349809,0.362872,0.015451,-0.78107,0.856965,0.632508,0.0
ETHUSD_6247_BULLISH_6236_6245,ETHUSD,1h,LONG,2025-02-16T07:00:00+00:00,2025-02-15T20:00:00+00:00,2025-02-16T05:00:00+00:00,6236,6245,6247,2691.3,2677.65,2714.7,13.65,0.50719,69,internal|choch|brk6245|form6236,internal,2695.85,2677.65,-1.0,0,1.505495,1.216117,7,SL_HIT,2025-02-16T14:00:00+00:00,0.675475,0.55019,0.50719,0.412642,0.92033,0.370879,0.299451,0.55019,0.175335,11.0,2.0,0.0,0.093714,0.0,1.0,0.0,1.0,0.0,0.600359,0.036276,1.227713,0.5,0.326765,0.616696,0.198955,0.249284,-0.11307,1.085116,1.0
SOLUSD_6253_BULLISH_6182_6201,SOLUSD,1h,LONG,2025-02-16T13:00:00+00:00,2025-02-13T14:00:00+00:00,2025-02-14T09:00:00+00:00,6182,6201,6253,190.8105,188.802,194.25,2.0085,1.052615,33,internal|choch|brk6201|form6182,internal,191.48,188.802,-1.0,0,1.214588,1.704506,5,SL_HIT,2025-02-16T18:00:00+00:00,1.405192,0.944918,1.052615,0.708688,0.663518,0.394361,0.0,0.944918,0.836242,71.0,52.0,0.0,0.081719,0.0,1.0,0.0,0.0,0.0,0.13343,0.007445,1.487105,0.5,0.504443,0.80311,-1.305593,-1.960543,-4.47125,1.030544,1.0
BTCUSD_6285_BEARISH_6278_6279,BTCUSD,1h,SHORT,2025-02-17T21:00:00+00:00,2025-02-17T14:00:00+00:00,2025-02-17T15:00:00+00:00,6278,6279,6285,96512.5,97000.0,95676.79,487.5,0.505116,69,internal|bos|brk6279|form6278,internal,97000.0,96350.0,1.714277,1,1.758974,0.0,2,TP_HIT,2025-02-17T23:00:00+00:00,0.674379,1.0638,0.505116,0.79785,0.946154,0.054615,0.613077,1.0638,1.8952,7.0,6.0,0.0,0.208668,1.0,0.0,0.0,0.0,1.0,0.338462,0.008183,0.633934,2.5,0.368043,0.833855,1.145409,0.041517,-1.140041,1.272931,0.0
XRPUSD_6285_BEARISH_6278_6280,XRPUSD,1h,SHORT,2025-02-17T21:00:00+00:00,2025-02-17T14:00:00+00:00,2025-02-17T16:00:00+00:00,6278,6280,6285,2.68935,2.7309,2.62,0.04155,1.544983,22,internal|bos|brk6280|form6278,internal,2.7309,2.6755,1.669073,1,2.102286,0.0,8,TP_HIT,2025-02-18T05:00:00+00:00,2.064237,1.349081,1.544983,1.011811,0.850181,0.158845,0.601083,1.349081,0.691587,7.0,5.0,0.0,0.135152,1.0,0.0,0.0,0.0,1.0,0.634606,0.036527,1.530106,2.0,0.925733,0.650189,2.572138,0.328972,-2.161788,0.69948,0.0
SOLUSD_6287_BULLISH_5437_5485,SOLUSD,1h,LONG,2025-02-17T23:00:00+00:00,2025-01-13T13:00:00+00:00,2025-01-15T13:00:00+00:00,5437,5485,6287,177.1845,174.183,182.33,3.0015,1.693997,20,internal|choch|brk5485|form5437,internal,178.185,174.183,-1.0,0,0.598201,1.905547,6,SL_HIT,2025-02-18T05:00:00+00:00,2.255792,1.433681,1.693997,1.075261,0.806347,0.893303,0.149925,1.433681,3.32412,850.0,802.0,7.0,0.080783,0.0,1.0,0.0,1.0,0.0,0.091288,0.038762,1.573426,2.5,0.99471,0.703586,1.013494,-3.482381,-8.641022,0.629499,1.0
BTCUSD_6288_BULLISH_6158_6160,BTCUSD,1h,LONG,2025-02-18T00:00:00+00:00,2025-02-12T14:00:00+00:00,2025-02-12T16:00:00+00:00,6158,6160,6288,95333.0,94422.5,96893.86,910.5,0.955073,36,internal|choch|brk6160|form6158,internal,95636.5,94422.5,-1.0,0,1.528281,1.392641,17,SL_HIT,2025-02-18T17:00:00+00:00,1.269861,1.993797,0.955073,1.495347,0.970758,0.39827,0.548188,1.993797,1.919891,130.0,128.0,15.0,0.440146,0.0,1.0,0.0,1.0,0.0,0.123077,0.004106,0.636906,1.0,0.382715,0.83677,0.115718,-0.530119,-1.932605,0.491932,1.0
BTCUSD_6300_BEARISH_6290_6294,BTCUSD,1h,SHORT,2025-02-18T12:00:00+00:00,2025-02-18T02:00:00+00:00,2025-02-18T06:00:00+00:00,6290,6294,6300,95972.0,96296.5,95415.71,324.5,0.338119,100,internal|bos|brk6294|form6290,internal,96296.5,95972.0,-1.0,0,0.0,1.477658,1,SL_HIT,2025-02-18T13:00:00+00:00,0.337476,0.541145,0.338119,0.541145,0.436055,0.856703,0.639445,0.541145,0.416073,10.0,6.0,0.0,0.305176,1.0,0.0,0.0,0.0,1.0,0.300729,0.002501,0.623633,1.0,0.344611,1.144827,0.776616,-0.238626,-1.01451,1.12358,0.0
ETHUSD_6311_BEARISH_6302_6304,ETHUSD,1h,SHORT,2025-02-18T23:00:00+00:00,2025-02-18T14:00:00+00:00,2025-02-18T16:00:00+00:00,6302,6304,6311,2685.6875,2731.55,2607.07,45.8625,1.707663,20,internal|bos|brk6304|form6302,internal,2731.55,2670.4,-1.0,0,0.66912,1.086127,11,SL_HIT,2025-02-19T10:00:00+00:00,2.289833,1.918172,1.707663,1.438629,0.998365,0.009812,0.237939,1.918172,1.210817,9.0,7.0,0.0,0.476406,1.0,0.0,0.0,0.0,1.0,0.270923,0.062737,1.193758,10.0,0.631803,0.583451,1.505188,0.155643,-0.571514,0.533466,0.0
SOLUSD_6311_BEARISH_6300_6304,SOLUSD,1h,SHORT,2025-02-18T23:00:00+00:00,2025-02-18T12:00:00+00:00,2025-02-18T16:00:00+00:00,6300,6304,6311,169.10675,171.44,165.11,2.33325,1.37975,25,internal|bos|brk6304|form6300,internal,171.44,168.329,1.712954,1,2.265831,0.699989,5,TP_HIT,2025-02-19T04:00:00+00:00,1.837892,1.087573,1.37975,0.81568,0.697525,0.434266,0.621086,1.087573,1.227409,11.0,7.0,2.0,0.05707,1.0,0.0,0.0,0.0,1.0,0.204269,0.015732,1.689902,30.0,1.597427,0.80056,3.276388,3.314209,-10.296767,0.496497,0.0
XRPUSD_6314_BEARISH_6302_6303,XRPUSD,1h,SHORT,2025-02-19T02:00:00+00:00,2025-02-18T14:00:00+00:00,2025-02-18T15:00:00+00:00,6302,6303,6314,2.5785,2.6292,2.49,0.0507,1.966259,17,internal|bos|brk6303|form6302,internal,2.6292,2.5616,-1.0,0,1.329389,1.021696,9,SL_HIT,2025-02-19T11:00:00+00:00,2.630964,1.664794,1.966259,1.248595,0.884615,0.214497,0.474852,1.664794,0.930905,12.0,11.0,2.0,0.224107,1.0,0.0,0.0,0.0,1.0,0.277198,0.046792,1.580354,2.0,0.941864,0.970309,1.489118,-0.155436,-6.37321,0.449458,0.0
SOLUSD_6332_BULLISH_6317_6322,SOLUSD,1h,LONG,2025-02-19T20:00:00+00:00,2025-02-19T05:00:00+00:00,2025-02-19T10:00:00+00:00,6317,6322,6332,166.2385,163.648,170.68,2.5905,1.558303,22,internal|choch|brk6322|form6317,internal,167.102,163.648,1.714534,1,2.378498,0.0,6,TP_HIT,2025-02-20T02:00:00+00:00,2.069428,1.222147,1.558303,0.91661,0.943254,0.106833,0.923567,1.222147,0.459986,15.0,10.0,0.0,0.236185,0.0,1.0,0.0,0.0,0.0,0.1719,0.019815,1.693273,20.5,1.046554,0.944033,-1.634842,-0.062272,-4.967261,0.921394,1.0
ETHUSD_6344_BEARISH_6285_6293,ETHUSD,1h,SHORT,2025-02-20T08:00:00+00:00,2025-02-17T21:00:00+00:00,2025-02-18T05:00:00+00:00,6285,6293,6344,2742.0125,2776.4,2683.06,34.3875,1.254097,27,internal|choch|brk6293|form6285,internal,2776.4,2730.55,-1.0,0,1.050164,2.583424,25,SL_HIT,2025-02-21T09:00:00+00:00,1.678319,1.512457,1.254097,1.134342,0.970556,0.59651,0.966194,1.512457,0.823027,59.0,51.0,12.0,0.333582,0.0,1.0,0.0,1.0,0.0,0.522202,0.011545,1.109664,0.5,0.421236,0.310078,-0.324723,0.834164,2.643197,0.777122,0.0
BTCUSD_6350_BULLISH_6342_6348,BTCUSD,1h,LONG,2025-02-20T14:00:00+00:00,2025-02-20T06:00:00+00:00,2025-02-20T12:00:00+00:00,6342,6348,6350,96944.5,96743.0,97289.93,201.5,0.207851,100,internal|bos|brk6348|form6342,internal,96944.5,96743.0,1.714293,1,4.965261,0.923077,2,TP_HIT,2025-02-20T16:00:00+00:00,0.207908,0.347347,0.207851,0.347347,0.868486,0.583127,0.009926,0.347347,0.373204,8.0,2.0,0.0,0.045681,1.0,0.0,0.0,0.0,1.0,0.768729,0.008619,0.598559,2.0,0.24624,2.022026,-0.228536,0.331789,0.79351,1.407375,1.0
ETHUSD_6351_BULLISH_6327_6338,ETHUSD,1h,LONG,2025-02-20T15:00:00+00:00,2025-02-19T15:00:00+00:00,2025-02-20T02:00:00+00:00,6327,6338,6351,2702.55,2676.0,2748.06,26.55,0.982406,35,internal|choch|brk6338|form6327,internal,2711.4,2676.0,1.714124,1,1.787194,0.0,3,TP_HIT,2025-02-20T18:00:00+00:00,1.305791,1.17992,0.982406,0.88494,0.988701,0.155367,0.161017,1.17992,0.74495,24.0,13.0,0.0,0.281648,0.0,1.0,0.0,0.0,1.0,0.436669,0.071662,1.106678,2.0,0.395778,1.046596,-1.224222,-0.624989,0.340514,1.656212,1.0
ETHUSD_6353_BEARISH_6350_6351,ETHUSD,1h,SHORT,2025-02-20T17:00:00+00:00,2025-02-20T14:00:00+00:00,2025-02-20T15:00:00+00:00,6350,6351,6353,2735.9875,2770.0,2677.68,34.0125,1.243153,28,internal|choch|brk6351|form6350,internal,2770.0,2724.65,-1.0,0,0.449467,2.789048,16,SL_HIT,2025-02-21T09:00:00+00:00,1.658681,1.513955,1.243153,1.135466,0.791621,0.271224,0.374862,1.513955,0.579209,3.0,2.0,1.0,0.063012,0.0,1.0,0.0,1.0,0.0,0.531205,0.008346,1.095595,1.0,0.417776,0.88467,-0.246274,-0.226253,2.308786,1.897507,0.0
BTCUSD_6360_BEARISH_6210_6306,BTCUSD,1h,SHORT,2025-02-21T00:00:00+00:00,2025-02-14T18:00:00+00:00,2025-02-18T18:00:00+00:00,6210,6306,6360,98129.5,98707.5,97138.64,578.0,0.589018,59,internal|choch|brk6306|form6210,internal,98707.5,98129.5,-1.0,0,0.160035,1.312284,9,SL_HIT,2025-02-21T09:00:00+00:00,0.588676,1.003832,0.589018,1.003832,0.901384,0.922145,0.5891,1.003832,0.320427,150.0,54.0,6.0,0.098994,0.0,1.0,0.0,1.0,0.0,0.910878,0.015631,0.586428,0.5,0.277069,0.729428,-0.186541,1.077311,3.06184,0.424004,0.0
BTCUSD_6379_BULLISH_6317_6322,BTCUSD,1h,LONG,2025-02-21T19:00:00+00:00,2025-02-19T05:00:00+00:00,2025-02-19T10:00:00+00:00,6317,6322,6379,95308.0,95012.5,95814.57,295.5,0.310047,100,internal|choch|brk6322|form6317,internal,95308.0,95012.5,-1.0,0,1.115059,1.597293,1,SL_HIT,2025-02-21T20:00:00+00:00,0.310259,0.504889,0.310047,0.504889,0.780034,0.351946,0.225042,0.504889,0.672332,62.0,57.0,0.0,0.111059,0.0,1.0,0.0,0.0,0.0,0.314459,0.005126,0.614509,18.0,0.464136,2.711538,-3.530389,-2.976621,-1.156117,2.228073,1.0
XRPUSD_6407_BULLISH_6387_6401,XRPUSD,1h,LONG,2025-02-22T23:00:00+00:00,2025-02-22T03:00:00+00:00,2025-02-22T17:00:00+00:00,6387,6401,6407,2.5739,2.5601,2.6,0.0138,0.536151,65,internal|choch|brk6401|form6387,internal,2.5739,2.5601,-1.0,0,0.0,2.369565,1,SL_HIT,2025-02-23T00:00:00+00:00,0.536422,0.381463,0.536151,0.381463,0.905797,0.376812,0.043478,0.381463,0.519674,20.0,6.0,2.0,0.035935,0.0,1.0,0.0,0.0,0.0,0.308396,0.096748,1.406225,0.5,0.308532,0.257073,-0.629611,0.077803,-3.799267,0.499514,1.0
XRPUSD_6415_BEARISH_6402_6409,XRPUSD,1h,SHORT,2025-02-23T07:00:00+00:00,2025-02-22T18:00:00+00:00,2025-02-23T01:00:00+00:00,6402,6409,6415,2.591525,2.6084,2.56,0.016875,0.651161,53,internal|choch|brk6409|form6402,internal,2.6084,2.5859,1.868148,1,2.762963,0.0,5,TP_HIT,2025-02-23T12:00:00+00:00,0.869229,0.633045,0.651161,0.474784,0.884444,0.6,0.711111,0.633045,0.253218,13.0,6.0,0.0,0.085109,0.0,1.0,0.0,0.0,1.0,0.342083,0.067525,1.373092,1.0,0.386603,1.012872,1.797231,0.100545,-2.221131,0.847044,0.0
SOLUSD_6417_BULLISH_6387_6393,SOLUSD,1h,LONG,2025-02-23T09:00:00+00:00,2025-02-22T03:00:00+00:00,2025-02-22T09:00:00+00:00,6387,6393,6417,170.96015,169.7306,173.07,1.22955,0.719203,48,internal|choch|brk6393|form6387,internal,171.37,169.7306,-1.0,0,0.373999,1.309544,2,SL_HIT,2025-02-23T11:00:00+00:00,0.957482,0.656192,0.719203,0.492144,0.908503,0.914969,0.390387,0.656192,0.78852,30.0,24.0,8.0,0.104009,0.0,1.0,0.0,1.0,0.0,0.346382,0.043228,1.459147,0.5,0.39426,0.612003,0.281775,-0.942441,-2.599693,0.977023,1.0
ETHUSD_6424_BEARISH_6373_6375,ETHUSD,1h,SHORT,2025-02-23T16:00:00+00:00,2025-02-21T13:00:00+00:00,2025-02-21T15:00:00+00:00,6373,6375,6424,2811.825,2844.9,2755.12,33.075,1.176282,29,internal|choch|brk6375|form6373,internal,2844.9,2800.8,-1.0,0,0.847317,1.420257,7,SL_HIT,2025-02-23T23:00:00+00:00,1.572221,1.507455,1.176282,1.130591,0.905896,0.6678,0.666667,1.507455,2.804687,51.0,49.0,9.0,0.235006,0.0,1.0,0.0,0.0,1.0,0.826644,0.070074,1.042963,6.0,0.503051,1.192975,0.302163,1.518277,-0.032076,1.461441,0.0
XRPUSD_6429_BEARISH_6415_6423,XRPUSD,1h,SHORT,2025-02-23T21:00:00+00:00,2025-02-23T07:00:00+00:00,2025-02-23T15:00:00+00:00,6415,6423,6429,2.5724,2.5994,2.53,0.027,1.049603,33,internal|bos|brk6423|form6415,internal,2.5994,2.5634,-1.0,0,0.562963,1.3,3,SL_HIT,2025-02-24T00:00:00+00:00,1.400506,1.04427,1.049603,0.783203,0.802778,0.241667,0.669444,1.04427,0.893431,14.0,6.0,1.0,0.055114,1.0,0.0,0.0,0.0,0.0,0.267083,0.087023,1.341134,0.5,0.527655,0.548242,1.296501,0.237872,1.850384,0.760438,0.0
ETHUSD_6476_BEARISH_6458_6463,ETHUSD,1h,SHORT,2025-02-25T20:00:00+00:00,2025-02-25T02:00:00+00:00,2025-02-25T07:00:00+00:00,6458,6463,6476,2485.6875,2523.45,2420.95,37.7625,1.519197,23,internal|bos|brk6463|form6458,internal,2523.45,2473.1,-1.0,0,0.143992,1.243628,2,SL_HIT,2025-02-25T22:00:00+00:00,2.019696,1.554994,1.519197,1.166246,0.60576,0.847071,0.377358,1.554994,3.480593,18.0,13.0,0.0,0.224293,1.0,0.0,0.0,0.0,1.0,0.324689,0.009265,1.298844,100.0,1.366275,1.840668,3.484848,-0.481038,-11.207081,1.062065,0.0
ETHUSD_6489_BEARISH_6483_6488,ETHUSD,1h,SHORT,2025-02-26T09:00:00+00:00,2025-02-26T03:00:00+00:00,2025-02-26T08:00:00+00:00,6483,6488,6489,2491.8625,2506.45,2466.86,14.5875,0.585405,59,internal|choch|brk6488|form6483,internal,2506.45,2487.0,1.713967,1,2.043702,0.194516,2,TP_HIT,2025-02-26T11:00:00+00:00,0.781423,0.607776,0.585405,0.455832,0.894602,0.33419,0.395887,0.607776,0.601527,6.0,1.0,0.0,0.087885,0.0,1.0,0.0,0.0,1.0,0.31749,0.001562,1.285708,87.5,0.827909,0.993691,0.016073,2.717481,-8.514353,0.881982,0.0
XRPUSD_6518_BULLISH_6505_6514,XRPUSD,1h,LONG,2025-02-27T14:00:00+00:00,2025-02-27T01:00:00+00:00,2025-02-27T10:00:00+00:00,6505,6514,6518,2.200975,2.1586,2.27,0.042375,1.925283,18,internal|choch|brk6514|form6505,internal,2.2151,2.1586,-1.0,0,0.833628,1.332743,6,SL_HIT,2025-02-27T20:00:00+00:00,2.587826,1.403285,1.925283,1.052464,0.437168,0.60708,0.270796,1.403285,0.737656,13.0,4.0,1.0,0.438992,0.0,1.0,0.0,0.0,0.0,0.219934,0.072027,1.84412,83.5,0.874605,1.239361,-1.896203,-0.619054,-3.819383,1.108674,1.0
SOLUSD_6552_BULLISH_6543_6551,SOLUSD,1h,LONG,2025-03-01T00:00:00+00:00,2025-02-28T15:00:00+00:00,2025-02-28T23:00:00+00:00,6543,6551,6552,146.75475,143.649,152.08,3.10575,2.116286,16,internal|bos|brk6551|form6543,internal,147.79,143.649,-1.0,0,1.389439,1.142639,6,SL_HIT,2025-03-01T06:00:00+00:00,2.837662,1.489496,2.116286,1.117122,0.550833,0.507124,0.328423,1.489496,0.550333,9.0,1.0,0.0,0.296658,1.0,0.0,0.0,0.0,1.0,0.762056,0.005755,1.905116,95.0,1.450361,0.830895,-0.307419,10.220698,7.538688,0.344214,1.0
ETHUSD_6558_BULLISH_6546_6554,ETHUSD,1h,LONG,2025-03-01T06:00:00+00:00,2025-02-28T18:00:00+00:00,2025-03-01T02:00:00+00:00,6546,6554,6558,2238.8375,2192.45,2318.36,46.3875,2.071946,16,internal|choch|brk6554|form6546,internal,2254.3,2192.45,-1.0,0,0.0,1.477499,5,SL_HIT,2025-03-01T11:00:00+00:00,2.766719,1.776906,2.071946,1.33268,0.696039,0.392886,0.303153,1.776906,0.081878,12.0,4.0,2.0,0.095884,0.0,1.0,0.0,0.0,0.0,0.354933,0.14221,1.557043,90.5,0.887618,0.823094,-0.73709,0.621146,-3.250238,0.7943,1.0
BTCUSD_6559_BULLISH_6548_6554,BTCUSD,1h,LONG,2025-03-01T07:00:00+00:00,2025-02-28T20:00:00+00:00,2025-03-01T02:00:00+00:00,6548,6554,6559,84446.75,83555.0,85975.46,891.75,1.055991,33,internal|choch|brk6554|form6548,internal,84744.0,83555.0,1.714281,1,1.887581,0.179142,14,TP_HIT,2025-03-01T21:00:00+00:00,1.40367,1.51952,1.055991,1.13964,0.968461,0.04037,0.208158,1.51952,0.72845,11.0,5.0,0.0,0.331956,0.0,1.0,0.0,0.0,0.0,0.461191,0.479882,0.923759,97.0,0.742474,0.419178,-0.554714,0.464926,-1.311857,0.693608,1.0
XRPUSD_6562_BULLISH_6546_6553,XRPUSD,1h,LONG,2025-03-01T10:00:00+00:00,2025-02-28T18:00:00+00:00,2025-03-01T01:00:00+00:00,6546,6553,6562,2.14995,2.1144,2.21,0.03555,1.653527,21,internal|choch|brk6553|form6546,internal,2.1618,2.1144,1.68917,1,1.798875,0.825598,15,TP_HIT,2025-03-02T01:00:00+00:00,2.194749,1.176828,1.653527,0.882621,0.955696,0.227848,0.244726,1.176828,1.102345,16.0,9.0,1.0,0.242069,0.0,1.0,0.0,0.0,0.0,0.507521,0.004966,1.86497,71.5,0.929843,0.819311,-1.153371,0.558737,-2.169777,1.145631,1.0
BTCUSD_6582_BEARISH_6514_6529,BTCUSD,1h,SHORT,2025-03-02T06:00:00+00:00,2025-02-27T10:00:00+00:00,2025-02-28T01:00:00+00:00,6514,6529,6582,86270.5,87061.0,84915.36,790.5,0.916304,38,internal|bos|brk6529|form6514,internal,87061.0,86007.0,-1.0,0,1.590133,2.998735,9,SL_HIT,2025-03-02T15:00:00+00:00,1.222341,1.400407,0.916304,1.050305,0.790323,0.483397,0.801233,1.400407,3.491718,68.0,53.0,10.0,0.056468,1.0,0.0,0.0,1.0,0.0,0.718418,0.063776,0.872847,77.5,0.289841,0.856985,-0.08343,1.737951,7.282782,0.8647,0.0
ETHUSD_6589_BULLISH_6575_6585,ETHUSD,1h,LONG,2025-03-02T13:00:00+00:00,2025-03-01T23:00:00+00:00,2025-03-02T09:00:00+00:00,6575,6585,6589,2211.5,2190.05,2248.27,21.45,0.96993,36,internal|choch|brk6585|form6575,internal,2218.65,2190.05,-1.0,0,0.095571,1.88345,1,SL_HIT,2025-03-02T14:00:00+00:00,1.293386,0.867155,0.96993,0.650366,0.741259,0.493007,0.068182,0.867155,0.897475,14.0,4.0,0.0,0.00758,0.0,1.0,0.0,0.0,1.0,0.32943,0.412353,1.491529,55.5,0.494369,0.827739,-0.024867,-0.12421,4.058824,1.101252,1.0
BTCUSD_6619_BULLISH_6590_6591,BTCUSD,1h,LONG,2025-03-03T19:00:00+00:00,2025-03-02T14:00:00+00:00,2025-03-02T15:00:00+00:00,6590,6591,6619,85657.0,85013.5,86760.14,643.5,0.751252,46,internal|bos|brk6591|form6590,internal,85871.5,85013.5,1.714281,1,2.087024,0.940171,3,TP_HIT,2025-03-03T22:00:00+00:00,1.002905,0.997882,0.751252,0.748411,0.62704,0.431818,0.700466,0.997882,2.676719,29.0,28.0,0.0,0.1227,1.0,0.0,0.0,0.0,1.0,0.437834,0.441952,1.005034,100.0,1.430602,2.54297,-4.095622,-7.831741,0.453235,1.493225,1.0
ETHUSD_6662_BULLISH_6649_6657,ETHUSD,1h,LONG,2025-03-05T14:00:00+00:00,2025-03-05T01:00:00+00:00,2025-03-05T09:00:00+00:00,6649,6657,6662,2182.55,2154.2,2231.15,28.35,1.298939,26,internal|bos|brk6657|form6649,internal,2192.0,2154.2,1.714286,1,1.816578,0.779541,6,TP_HIT,2025-03-05T20:00:00+00:00,1.741614,1.007895,1.298939,0.755921,0.428571,0.706349,0.649471,1.007895,0.686595,13.0,5.0,0.0,0.323966,1.0,0.0,0.0,0.0,0.0,0.323954,0.357296,1.727972,89.0,0.888572,1.069222,-3.022721,-0.004607,-8.282623,1.162043,1.0
SOLUSD_6662_BULLISH_6652_6658,SOLUSD,1h,LONG,2025-03-05T14:00:00+00:00,2025-03-05T04:00:00+00:00,2025-03-05T10:00:00+00:00,6652,6658,6662,142.0505,140.762,144.26,1.2885,0.907072,38,internal|bos|brk6658|form6652,internal,142.48,140.762,-1.0,0,1.793946,1.428405,1,SL_HIT,2025-03-05T15:00:00+00:00,1.209527,0.547193,0.907072,0.410395,0.743306,0.40163,0.104773,0.547193,0.895002,10.0,4.0,0.0,0.003663,1.0,0.0,0.0,0.0,0.0,0.233246,0.015925,2.210421,89.0,1.225489,0.700713,-2.472535,-1.84983,-13.332194,1.217269,1.0
XRPUSD_6678_BULLISH_6672_6674,XRPUSD,1h,LONG,2025-03-06T06:00:00+00:00,2025-03-06T00:00:00+00:00,2025-03-06T02:00:00+00:00,6672,6674,6678,2.49855,2.4687,2.55,0.02985,1.194693,29,internal|choch|brk6674|form6672,internal,2.5085,2.4687,1.723618,1,3.087102,0.0,2,TP_HIT,2025-03-06T08:00:00+00:00,1.591427,0.792327,1.194693,0.594245,0.809045,0.213568,0.635678,0.792327,0.195096,6.0,4.0,2.0,0.046783,0.0,1.0,0.0,0.0,1.0,0.364323,0.015926,2.008548,80.0,0.717531,0.497693,-0.517125,2.227763,9.157173,0.853999,1.0
BTCUSD_6689_BULLISH_6664_6673,BTCUSD,1h,LONG,2025-03-06T17:00:00+00:00,2025-03-05T16:00:00+00:00,2025-03-06T01:00:00+00:00,6664,6673,6689,88810.875,87558.0,90958.66,1252.875,1.410723,24,internal|bos|brk6673|form6664,internal,89228.5,87558.0,-1.0,0,1.950414,3.360172,7,SL_HIT,2025-03-07T00:00:00+00:00,1.885759,1.750594,1.410723,1.312946,0.614786,0.757857,0.33912,1.750594,1.039563,25.0,16.0,2.0,0.236705,1.0,0.0,0.0,0.0,1.0,0.528741,0.058161,1.077211,100.0,0.761565,1.411584,-1.641073,-3.476944,6.806125,1.64849,1.0
ETHUSD_6689_BULLISH_6664_6674,ETHUSD,1h,LONG,2025-03-06T17:00:00+00:00,2025-03-05T16:00:00+00:00,2025-03-06T02:00:00+00:00,6664,6674,6689,2188.2375,2160.45,2235.87,27.7875,1.269858,27,internal|bos|brk6674|form6664,internal,2197.5,2160.45,-1.0,0,1.448943,3.139451,7,SL_HIT,2025-03-07T00:00:00+00:00,1.691858,1.010126,1.269858,0.757595,0.794872,0.593792,0.140351,1.010126,0.590263,25.0,15.0,0.0,0.045326,1.0,0.0,0.0,0.0,1.0,0.358682,0.00409,1.674898,71.0,0.842389,1.300486,-3.386054,-4.092671,5.598418,1.597015,1.0
ETHUSD_6706_BEARISH_6694_6696,ETHUSD,1h,SHORT,2025-03-07T10:00:00+00:00,2025-03-06T22:00:00+00:00,2025-03-07T00:00:00+00:00,6694,6696,6706,2202.6625,2228.5,2158.37,25.8375,1.173012,29,internal|choch|brk6696|form6694,internal,2228.5,2194.05,-1.0,0,1.48089,2.141751,4,SL_HIT,2025-03-07T14:00:00+00:00,1.56894,0.948547,1.173012,0.71141,0.950653,0.461538,0.049347,0.948547,2.350029,12.0,10.0,2.0,0.190329,0.0,1.0,0.0,0.0,1.0,0.515676,0.052315,1.654046,56.5,1.274352,0.349682,1.021371,-0.061445,-0.76379,0.897169,0.0
XRPUSD_6708_BULLISH_6698_6705,XRPUSD,1h,LONG,2025-03-07T12:00:00+00:00,2025-03-07T02:00:00+00:00,2025-03-07T09:00:00+00:00,6698,6705,6708,2.506,2.4559,2.59,0.0501,1.999202,17,internal|choch|brk6705|form6698,internal,2.5227,2.4559,-1.0,0,0.986028,2.469062,4,SL_HIT,2025-03-07T16:00:00+00:00,2.662203,1.317514,1.999202,0.988136,0.797904,0.401198,0.010479,1.317514,0.498999,10.0,3.0,1.0,0.063114,0.0,1.0,0.0,1.0,0.0,0.592954,0.023668,2.020625,76.5,1.900177,0.863879,0.179662,-3.44403,-0.079643,0.896801,1.0
XRPUSD_6732_BEARISH_6724_6731,XRPUSD,1h,SHORT,2025-03-08T12:00:00+00:00,2025-03-08T04:00:00+00:00,2025-03-08T11:00:00+00:00,6724,6731,6732,2.34135,2.3742,2.29,0.03285,1.403037,24,internal|bos|brk6731|form6724,internal,2.3742,2.3304,1.563166,1,3.085236,0.710807,22,TP_HIT,2025-03-09T10:00:00+00:00,1.877331,0.86158,1.403037,0.646185,0.938356,0.271689,0.621005,0.86158,0.478,8.0,1.0,0.0,0.162284,1.0,0.0,0.0,1.0,1.0,0.127278,0.01377,2.178939,68.5,1.103054,0.73372,-1.160771,-2.625209,-11.272105,1.207656,0.0
ETHUSD_6733_BEARISH_6711_6717,ETHUSD,1h,SHORT,2025-03-08T13:00:00+00:00,2025-03-07T15:00:00+00:00,2025-03-07T21:00:00+00:00,6711,6717,6733,2194.475,2238.65,2118.75,44.175,2.01301,17,internal|bos|brk6717|form6711,internal,2238.65,2179.75,1.714205,1,2.108093,0.900396,24,TP_HIT,2025-03-09T13:00:00+00:00,2.690358,1.641089,2.01301,1.230817,0.837861,0.309847,0.209677,1.641089,0.444403,22.0,16.0,0.0,0.144187,1.0,0.0,0.0,0.0,1.0,0.607748,0.020897,1.639374,42.5,0.68111,0.919455,2.919331,2.127163,-4.67835,1.095211,0.0
SOLUSD_6754_BULLISH_6637_6641,SOLUSD,1h,LONG,2025-03-09T10:00:00+00:00,2025-03-04T13:00:00+00:00,2025-03-04T17:00:00+00:00,6637,6641,6754,135.36425,132.587,140.13,2.77725,2.051686,17,internal|choch|brk6641|form6637,internal,136.29,132.587,-1.0,0,0.488163,1.140787,4,SL_HIT,2025-03-09T14:00:00+00:00,2.724397,1.294266,2.051686,0.9707,0.900081,0.337564,0.661626,1.294266,1.576328,117.0,113.0,6.0,0.194245,0.0,1.0,0.0,0.0,0.0,0.049438,0.005942,2.104974,20.0,0.59137,0.936709,-2.025517,-1.749313,-5.611111,1.230882,1.0
SOLUSD_6760_BULLISH_6532_6542,SOLUSD,1h,LONG,2025-03-09T16:00:00+00:00,2025-02-28T04:00:00+00:00,2025-02-28T14:00:00+00:00,6532,6542,6760,128.223,125.529,132.84,2.694,2.101027,16,internal|choch|brk6542|form6532,internal,129.121,125.529,-1.0,0,0.837788,1.036748,7,SL_HIT,2025-03-09T23:00:00+00:00,2.808225,1.260545,2.101027,0.945409,0.662862,0.406737,0.164532,1.260545,2.292634,228.0,218.0,0.0,0.109841,0.0,1.0,0.0,0.0,0.0,0.009929,0.000351,2.227786,18.5,0.845648,1.347576,-6.11421,-7.177068,-12.558108,1.653387,1.0
XRPUSD_6781_BULLISH_6768_6779,XRPUSD,1h,LONG,2025-03-10T13:00:00+00:00,2025-03-10T00:00:00+00:00,2025-03-10T11:00:00+00:00,6768,6779,6781,2.1519,2.0859,2.27,0.066,3.067057,11,internal|choch|brk6779|form6768,internal,2.1739,2.0859,-1.0,0,0.0,1.301515,1,SL_HIT,2025-03-10T14:00:00+00:00,4.094737,1.814157,3.067057,1.360618,0.718182,0.361364,0.295455,1.814157,0.684432,13.0,2.0,0.0,0.057723,0.0,1.0,0.0,1.0,0.0,0.119936,0.012369,2.257102,27.5,1.258322,1.340003,0.594458,0.844634,-7.158286,1.344131,1.0
XRPUSD_6786_BULLISH_6536_6591,XRPUSD,1h,LONG,2025-03-10T18:00:00+00:00,2025-02-28T08:00:00+00:00,2025-03-02T15:00:00+00:00,6536,6591,6786,2.0033,1.9505,2.09,0.0528,2.635651,13,internal|choch|brk6591|form6536,internal,2.0209,1.9505,1.642045,1,1.732955,0.238636,1,TP_HIT,2025-03-10T19:00:00+00:00,3.523524,1.430151,2.635651,1.072613,0.674716,0.390625,0.230114,1.430151,7.500166,250.0,195.0,1.0,0.107668,0.0,1.0,0.0,0.0,0.0,0.007131,0.026409,2.463743,38.5,1.41731,1.903482,-7.03085,-7.888064,-14.403222,1.734369,1.0
SOLUSD_6810_BEARISH_6777_6782,SOLUSD,1h,SHORT,2025-03-11T18:00:00+00:00,2025-03-10T09:00:00+00:00,2025-03-10T14:00:00+00:00,6777,6782,6810,127.45275,131.481,120.55,4.02825,3.160583,11,internal|bos|brk6782|form6777,internal,131.481,126.11,-1.0,0,1.654999,1.134053,68,SL_HIT,2025-03-14T14:00:00+00:00,4.212219,1.886531,3.160583,1.414898,0.739341,0.361199,0.364923,1.886531,1.264478,33.0,28.0,2.0,0.020109,1.0,0.0,0.0,0.0,1.0,0.398816,0.0,2.232785,24.5,1.616671,1.450637,3.945545,6.279589,-0.31272,1.573911,0.0
BTCUSD_6815_BEARISH_6779_6782,BTCUSD,1h,SHORT,2025-03-11T23:00:00+00:00,2025-03-10T11:00:00+00:00,2025-03-10T14:00:00+00:00,6779,6782,6815,82454.375,83753.0,80228.16,1298.625,1.574962,22,internal|bos|brk6782|form6779,internal,83753.0,82021.5,-1.0,0,0.927423,1.554048,13,SL_HIT,2025-03-12T12:00:00+00:00,2.088762,1.734055,1.574962,1.300541,0.494947,0.907017,0.747906,1.734055,1.693996,36.0,33.0,7.0,0.442277,1.0,0.0,0.0,1.0,0.0,0.530898,0.476702,1.204553,79.5,0.800127,0.632933,-0.397109,2.232828,1.321893,0.410172,0.0
XRPUSD_6818_BULLISH_6816_6817,XRPUSD,1h,LONG,2025-03-12T02:00:00+00:00,2025-03-12T00:00:00+00:00,2025-03-12T01:00:00+00:00,6816,6817,6818,2.187125,2.159,2.24,0.028125,1.285935,27,internal|bos|brk6817|form6816,internal,2.1965,2.159,-1.0,0,0.742222,1.600889,2,SL_HIT,2025-03-12T04:00:00+00:00,1.70874,0.751701,1.285935,0.563775,0.949333,0.232,0.232,0.751701,0.992245,2.0,1.0,0.0,0.149839,1.0,0.0,0.0,1.0,1.0,0.579988,0.054122,2.273165,38.0,1.482643,1.11853,0.068396,1.861221,1.428109,0.47816,1.0
BTCUSD_6830_BULLISH_6822_6828,BTCUSD,1h,LONG,2025-03-12T14:00:00+00:00,2025-03-12T06:00:00+00:00,2025-03-12T12:00:00+00:00,6822,6828,6830,81775.375,81250.0,82676.02,525.375,0.642461,54,internal|choch|brk6828|form6822,internal,81950.5,81250.0,-1.0,0,0.371401,2.278135,1,SL_HIT,2025-03-12T15:00:00+00:00,0.859504,0.70528,0.642461,0.52896,0.357602,0.643112,0.813704,0.70528,1.056661,8.0,2.0,0.0,0.276751,0.0,1.0,0.0,0.0,0.0,0.49272,0.077022,1.218671,72.0,0.737362,1.392437,-1.360968,-1.683435,-2.052675,1.188609,1.0
SOLUSD_6853_BULLISH_6845_6849,SOLUSD,1h,LONG,2025-03-13T13:00:00+00:00,2025-03-13T05:00:00+00:00,2025-03-13T09:00:00+00:00,6845,6849,6853,124.0855,122.962,126.01,1.1235,0.905424,38,internal|bos|brk6849|form6845,internal,124.46,122.962,-1.0,0,1.517134,1.518024,3,SL_HIT,2025-03-13T16:00:00+00:00,1.206508,0.558867,0.905424,0.41915,0.799733,0.373832,0.219626,0.558867,0.858074,8.0,4.0,0.0,0.027794,1.0,0.0,0.0,0.0,0.0,0.463182,0.005596,2.158845,1.5,0.758235,1.268457,-0.878173,-1.82652,-0.393101,1.304493,1.0
XRPUSD_6857_BULLISH_6848_6849,XRPUSD,1h,LONG,2025-03-13T17:00:00+00:00,2025-03-13T08:00:00+00:00,2025-03-13T09:00:00+00:00,6848,6849,6857,2.235425,2.2121,2.28,0.023325,1.043426,33,internal|bos|brk6849|form6848,internal,2.2432,2.2121,1.91104,1,2.734191,0.802787,9,TP_HIT,2025-03-14T02:00:00+00:00,1.400207,0.642656,1.043426,0.481992,0.289389,0.92926,0.07717,0.642656,0.998081,9.0,8.0,0.0,0.296015,1.0,0.0,0.0,0.0,1.0,0.720795,0.020664,2.17878,8.5,0.934772,1.202656,-3.076453,-0.564086,4.052281,1.581541,1.0
ETHUSD_6866_BEARISH_6852_6857,ETHUSD,1h,SHORT,2025-03-14T02:00:00+00:00,2025-03-13T12:00:00+00:00,2025-03-13T17:00:00+00:00,6852,6857,6866,1896.8125,1921.0,1855.35,24.1875,1.275166,27,internal|bos|brk6857|form6852,internal,1921.0,1888.75,-1.0,0,0.94522,1.113695,12,SL_HIT,2025-03-14T14:00:00+00:00,1.704591,0.948475,1.275166,0.711356,0.900775,0.162791,0.093023,0.948475,0.910242,14.0,9.0,1.0,0.143007,1.0,0.0,0.0,0.0,1.0,0.347919,0.719077,1.79719,1.5,0.803862,0.435269,1.646699,-0.405338,-1.002041,0.376329,0.0
ETHUSD_6914_BULLISH_6896_6903,ETHUSD,1h,LONG,2025-03-16T02:00:00+00:00,2025-03-15T08:00:00+00:00,2025-03-15T15:00:00+00:00,6896,6903,6914,1921.45,1911.5,1938.51,9.95,0.517838,67,internal|bos|brk6903|form6896,internal,1921.45,1911.5,-1.0,0,1.19598,1.708543,7,SL_HIT,2025-03-16T09:00:00+00:00,0.517959,0.335283,0.517838,0.335283,0.954774,0.613065,0.407035,0.335283,0.379089,18.0,11.0,1.0,0.015164,1.0,0.0,0.0,0.0,1.0,0.735918,0.0,1.544844,0.5,0.322122,0.392567,-1.434106,-0.360487,2.51621,0.551677,1.0
BTCUSD_6917_BEARISH_6909_6913,BTCUSD,1h,SHORT,2025-03-16T05:00:00+00:00,2025-03-15T21:00:00+00:00,2025-03-16T01:00:00+00:00,6909,6913,6917,84196.0,84430.5,83794.0,234.5,0.278517,100,internal|choch|brk6913|form6909,internal,84430.5,84196.0,1.714286,1,1.91258,0.712154,4,TP_HIT,2025-03-16T09:00:00+00:00,0.278008,0.281774,0.278517,0.281774,0.343284,0.784648,0.03838,0.281774,0.463816,8.0,4.0,0.0,0.185046,0.0,1.0,0.0,0.0,0.0,0.828505,0.036048,0.986634,0.5,0.201735,0.143591,0.160899,0.287725,3.039891,0.612061,0.0
XRPUSD_6921_BULLISH_6885_6889,XRPUSD,1h,LONG,2025-03-16T09:00:00+00:00,2025-03-14T21:00:00+00:00,2025-03-15T01:00:00+00:00,6885,6889,6921,2.347475,2.3309,2.38,0.016575,0.706078,49,internal|bos|brk6889|form6885,internal,2.353,2.3309,-1.0,0,0.653092,3.660633,2,SL_HIT,2025-03-16T11:00:00+00:00,0.940346,0.524243,0.706078,0.393182,0.873303,0.760181,0.230769,0.524243,0.241958,36.0,32.0,0.0,0.064641,1.0,0.0,0.0,0.0,1.0,0.638092,0.007116,1.793721,0.5,0.468818,0.960716,-1.210593,-2.282649,2.494549,0.885886,1.0
BTCUSD_6939_BEARISH_6929_6934,BTCUSD,1h,SHORT,2025-03-17T03:00:00+00:00,2025-03-16T17:00:00+00:00,2025-03-16T22:00:00+00:00,6929,6934,6939,83596.75,84082.0,82764.89,485.25,0.580465,60,internal|bos|brk6934|form6929,internal,84082.0,83435.0,1.714292,1,1.985059,0.50747,3,TP_HIT,2025-03-17T06:00:00+00:00,0.773544,0.795165,0.580465,0.596374,0.681607,0.404946,0.425039,0.795165,0.830191,10.0,5.0,0.0,0.054383,1.0,0.0,0.0,0.0,1.0,0.696414,0.023351,0.97281,0.5,0.569753,0.643997,1.935334,1.120729,-0.787028,0.49456,0.0
SOLUSD_6939_BEARISH_6928_6931,SOLUSD,1h,SHORT,2025-03-17T03:00:00+00:00,2025-03-16T16:00:00+00:00,2025-03-16T19:00:00+00:00,6928,6931,6939,129.14,131.15,125.69,2.01,1.55645,22,internal|bos|brk6931|form6928,internal,131.15,128.47,1.716418,1,1.836816,0.442786,12,TP_HIT,2025-03-17T15:00:00+00:00,2.079631,1.185615,1.55645,0.889211,0.851119,0.261194,0.212687,1.185615,0.867091,11.0,8.0,2.0,0.119889,1.0,0.0,0.0,0.0,1.0,0.508557,0.028313,1.754053,0.5,0.919489,0.637047,2.529239,-0.471888,-3.561307,0.458598,0.0
XRPUSD_6960_BULLISH_6950_6954,XRPUSD,1h,LONG,2025-03-18T00:00:00+00:00,2025-03-17T14:00:00+00:00,2025-03-17T18:00:00+00:00,6950,6954,6960,2.326725,2.3052,2.36,0.021525,0.92512,37,internal|bos|brk6954|form6950,internal,2.3339,2.3052,-1.0,0,0.059233,2.240418,1,SL_HIT,2025-03-18T01:00:00+00:00,1.236057,0.7287,0.92512,0.546525,0.581882,0.756098,0.045296,0.7287,0.451946,10.0,6.0,1.0,0.122508,1.0,0.0,0.0,0.0,0.0,0.40902,0.002539,1.696249,0.5,0.50891,0.660146,-1.576873,-1.04837,-3.274318,0.292576,1.0
BTCUSD_6961_BULLISH_6950_6953,BTCUSD,1h,LONG,2025-03-18T01:00:00+00:00,2025-03-17T14:00:00+00:00,2025-03-17T17:00:00+00:00,6950,6953,6961,83092.0,82384.0,84305.71,708.0,0.852068,41,internal|choch|brk6953|form6950,internal,83328.0,82384.0,-1.0,0,0.574153,1.249294,5,SL_HIT,2025-03-18T06:00:00+00:00,1.135605,1.191596,0.852068,0.893697,0.787606,0.384534,0.09428,1.191596,0.965016,11.0,8.0,0.0,0.044811,0.0,1.0,0.0,0.0,0.0,0.532657,0.539626,0.953012,1.0,0.403733,1.148047,-0.947893,-0.206484,-1.394375,0.318275,1.0
ETHUSD_6961_BULLISH_6950_6954,ETHUSD,1h,LONG,2025-03-18T01:00:00+00:00,2025-03-17T14:00:00+00:00,2025-03-17T18:00:00+00:00,6950,6954,6961,1905.225,1886.4,1937.5,18.825,0.988072,35,internal|bos|brk6954|form6950,internal,1911.5,1886.4,-1.0,0,0.625498,1.108898,9,SL_HIT,2025-03-18T10:00:00+00:00,1.319317,0.933214,0.988072,0.69991,0.641434,0.503984,0.057769,0.933214,0.674814,11.0,7.0,0.0,0.101315,1.0,0.0,0.0,0.0,0.0,0.454818,0.007436,1.413735,0.5,0.503857,0.936932,-1.654174,-0.499464,-1.737985,0.403298,1.0
XRPUSD_6971_BULLISH_6857_6879,XRPUSD,1h,LONG,2025-03-18T11:00:00+00:00,2025-03-13T17:00:00+00:00,2025-03-14T15:00:00+00:00,6857,6879,6971,2.25795,2.2143,2.33,0.04365,1.933169,18,internal|bos|brk6879|form6857,internal,2.2725,2.2143,1.65063,1,1.806415,0.844215,23,TP_HIT,2025-03-19T10:00:00+00:00,2.573968,1.50272,1.933169,1.12704,0.804124,0.522337,0.83677,1.50272,0.624842,114.0,92.0,5.0,0.081333,1.0,0.0,0.0,1.0,0.0,0.081967,0.023238,1.712873,0.5,0.725109,0.415701,0.444227,-3.672304,-3.791167,1.091067,1.0
XRPUSD_6983_BEARISH_6968_6973,XRPUSD,1h,SHORT,2025-03-18T23:00:00+00:00,2025-03-18T08:00:00+00:00,2025-03-18T13:00:00+00:00,6968,6973,6983,2.28815,2.3036,2.26,0.01545,0.675218,51,internal|bos|brk6973|form6968,internal,2.3036,2.283,-1.0,0,0.624595,1.226537,1,SL_HIT,2025-03-19T00:00:00+00:00,0.902084,0.544771,0.675218,0.408579,0.970874,0.495146,0.305825,0.544771,0.33321,15.0,10.0,0.0,0.120326,1.0,0.0,0.0,0.0,1.0,0.247231,0.0,1.655895,0.5,0.764756,0.375522,1.701256,-0.435996,-0.829461,0.394404,0.0
BTCUSD_6987_BEARISH_6968_6973,BTCUSD,1h,SHORT,2025-03-19T03:00:00+00:00,2025-03-18T08:00:00+00:00,2025-03-18T13:00:00+00:00,6968,6973,6987,82999.5,83420.5,82277.79,421.0,0.507232,69,internal|bos|brk6973|form6968,internal,83420.5,82999.5,-1.0,0,0.591449,1.124703,5,SL_HIT,2025-03-19T08:00:00+00:00,0.507177,0.551062,0.507232,0.551062,0.978622,0.476247,0.290974,0.551062,1.35802,19.0,14.0,2.0,0.01178,1.0,0.0,0.0,0.0,1.0,0.471283,0.490851,0.920363,0.5,0.47195,0.460091,0.799636,0.784949,-0.230168,0.462519,0.0
XRPUSD_7016_BEARISH_7006_7013,XRPUSD,1h,SHORT,2025-03-20T08:00:00+00:00,2025-03-19T22:00:00+00:00,2025-03-20T05:00:00+00:00,7006,7013,7016,2.520225,2.5656,2.44,0.045375,1.800434,19,internal|choch|brk7013|form7006,internal,2.5656,2.5051,1.768044,1,1.849587,0.0,7,TP_HIT,2025-03-20T15:00:00+00:00,2.411415,1.563915,1.800434,1.172936,0.93719,0.185124,0.404959,1.563915,0.423937,10.0,3.0,0.0,0.292749,0.0,1.0,0.0,0.0,0.0,0.784624,0.038775,1.541909,16.5,2.035256,1.390721,1.010548,0.759036,11.452179,0.842508,0.0
ETHUSD_7059_BEARISH_7033_7044,ETHUSD,1h,SHORT,2025-03-22T03:00:00+00:00,2025-03-21T01:00:00+00:00,2025-03-21T12:00:00+00:00,7033,7044,7059,1986.6125,1995.8,1970.86,9.1875,0.462471,75,internal|choch|brk7044|form7033,internal,1995.8,1983.55,-1.0,0,0.67619,2.077551,6,SL_HIT,2025-03-22T09:00:00+00:00,0.617175,0.52941,0.462471,0.397058,0.893878,0.22449,0.24898,0.52941,0.888113,26.0,15.0,2.0,0.07617,0.0,1.0,0.0,0.0,1.0,0.575512,0.092917,1.165778,0.5,0.392522,0.421367,0.99219,2.038351,-2.023842,0.455989,0.0
SOLUSD_7070_BULLISH_7054_7065,SOLUSD,1h,LONG,2025-03-22T14:00:00+00:00,2025-03-21T22:00:00+00:00,2025-03-22T09:00:00+00:00,7054,7065,7070,128.79,127.47,131.05,1.32,1.024924,34,internal|bos|brk7065|form7054,internal,129.23,127.47,1.712121,1,1.992424,0.577273,17,TP_HIT,2025-03-23T07:00:00+00:00,1.366513,0.955034,1.024924,0.716276,0.752841,0.26392,0.720455,0.955034,0.721702,16.0,5.0,1.0,0.002713,1.0,0.0,0.0,0.0,0.0,0.493781,0.024961,1.430852,0.5,0.516179,0.447401,-1.412278,0.285763,-1.593062,1.014039,1.0
ETHUSD_7081_BEARISH_7076_7079,ETHUSD,1h,SHORT,2025-03-23T01:00:00+00:00,2025-03-22T20:00:00+00:00,2025-03-22T23:00:00+00:00,7076,7079,7081,1991.95,2003.4,1972.32,11.45,0.574814,60,internal|bos|brk7079|form7076,internal,2003.4,1991.95,-1.0,0,0.0,1.379913,2,SL_HIT,2025-03-23T03:00:00+00:00,0.573317,0.527586,0.574814,0.527586,0.545852,0.528384,0.222707,0.527586,0.186614,5.0,2.0,0.0,0.239603,1.0,0.0,0.0,0.0,0.0,0.555556,0.062205,1.086679,0.5,0.251953,0.656603,0.238406,0.100243,0.718644,0.60245,0.0
BTCUSD_7082_BEARISH_7065_7076,BTCUSD,1h,SHORT,2025-03-23T02:00:00+00:00,2025-03-22T09:00:00+00:00,2025-03-22T20:00:00+00:00,7065,7076,7082,84175.0,84510.0,83600.71,335.0,0.39798,87,internal|bos|brk7076|form7065,internal,84510.0,84175.0,-1.0,0,0.450746,2.489552,9,SL_HIT,2025-03-23T11:00:00+00:00,0.397902,0.515174,0.39798,0.515174,0.950746,0.198507,0.41791,0.515174,0.368311,17.0,6.0,0.0,0.025374,1.0,0.0,0.0,0.0,1.0,0.360415,0.146863,0.772365,0.5,0.135066,0.46135,0.257815,0.000594,-0.328523,0.539535,0.0
SOLUSD_7082_BEARISH_7075_7077,SOLUSD,1h,SHORT,2025-03-23T02:00:00+00:00,2025-03-22T19:00:00+00:00,2025-03-22T21:00:00+00:00,7075,7077,7082,129.55,130.2,128.44,0.65,0.501737,69,internal|choch|brk7077|form7075,internal,130.2,129.55,-1.0,0,0.049231,1.916923,1,SL_HIT,2025-03-23T03:00:00+00:00,0.500385,0.365225,0.501737,0.365225,0.461538,0.569231,0.323077,0.365225,0.325893,7.0,5.0,0.0,0.196659,0.0,1.0,0.0,0.0,0.0,0.482065,0.030342,1.370074,0.5,0.446789,0.557951,1.136718,-0.261057,1.310248,0.356508,0.0
XRPUSD_7082_BEARISH_7074_7078,XRPUSD,1h,SHORT,2025-03-23T02:00:00+00:00,2025-03-22T18:00:00+00:00,2025-03-22T22:00:00+00:00,7074,7078,7082,2.383,2.3914,2.37,0.0084,0.352497,99,internal|bos|brk7078|form7074,internal,2.3914,2.383,-1.0,0,0.833333,1.142857,4,SL_HIT,2025-03-23T06:00:00+00:00,0.352157,0.248606,0.352497,0.248606,0.72619,0.535714,0.52381,0.248606,0.118384,8.0,4.0,1.0,0.068071,1.0,0.0,0.0,0.0,1.0,0.374305,0.008879,1.416527,0.5,0.276842,0.405464,0.768873,-0.296773,-2.129493,0.309857,0.0
ETHUSD_7105_BULLISH_7079_7083,ETHUSD,1h,LONG,2025-03-24T01:00:00+00:00,2025-03-22T23:00:00+00:00,2025-03-23T03:00:00+00:00,7079,7083,7105,1984.65,1973.85,2003.16,10.8,0.544177,64,internal|choch|brk7083|form7079,internal,1984.65,1973.85,1.713889,1,2.939815,0.657407,2,TP_HIT,2025-03-24T03:00:00+00:00,0.545579,0.52118,0.544177,0.52118,0.527778,0.759259,0.375,0.52118,0.316086,26.0,22.0,2.0,0.246113,0.0,1.0,0.0,0.0,1.0,0.333084,0.036193,1.046814,2.5,0.402437,1.037534,-0.597555,-1.632379,0.755841,0.626364,1.0
ETHUSD_7217_BULLISH_6931_6994,ETHUSD,1h,LONG,2025-03-28T17:00:00+00:00,2025-03-16T19:00:00+00:00,2025-03-19T10:00:00+00:00,6931,6994,7217,1886.375,1858.4,1934.33,27.975,1.483003,23,internal|choch|brk6994|form6931,internal,1895.7,1858.4,-1.0,0,0.962466,1.035746,16,SL_HIT,2025-03-29T09:00:00+00:00,1.980251,1.909505,1.483003,1.432129,0.675603,0.928954,0.345845,1.909505,1.533236,286.0,223.0,6.0,0.142061,0.0,1.0,0.0,1.0,0.0,0.093841,0.143341,1.037049,18.0,0.763471,0.967551,0.002655,-6.178866,-6.372403,1.402295,1.0
BTCUSD_7221_BULLISH_7045_7114,BTCUSD,1h,LONG,2025-03-28T21:00:00+00:00,2025-03-21T13:00:00+00:00,2025-03-24T10:00:00+00:00,7045,7114,7221,83824.0,83122.0,85027.43,702.0,0.837469,41,internal|bos|brk7114|form7045,internal,84058.0,83122.0,-1.0,0,1.091168,1.507123,13,SL_HIT,2025-03-29T10:00:00+00:00,1.11402,1.635693,0.837469,1.22677,0.959402,0.561966,0.495192,1.635693,1.112306,176.0,107.0,6.0,0.342517,1.0,0.0,0.0,1.0,0.0,0.098229,0.000874,0.681069,0.5,0.303386,0.729596,0.310411,-1.937442,-2.904094,0.801686,1.0
XRPUSD_7238_BULLISH_6806_6810,XRPUSD,1h,LONG,2025-03-29T14:00:00+00:00,2025-03-11T14:00:00+00:00,2025-03-11T18:00:00+00:00,6806,6810,7238,2.110525,2.0554,2.21,0.055125,2.611909,13,internal|choch|brk6810|form6806,internal,2.1289,2.0554,1.804535,1,1.839002,0.722449,13,TP_HIT,2025-03-30T03:00:00+00:00,3.472878,2.595863,2.611909,1.946897,0.829932,0.937415,0.469388,2.595863,2.874874,432.0,428.0,9.0,0.207492,0.0,1.0,0.0,1.0,0.0,0.13467,0.09889,1.337851,28.0,0.889873,0.957114,0.651543,-4.035549,-9.389048,1.333769,1.0
SOLUSD_7250_BEARISH_7238_7244,SOLUSD,1h,SHORT,2025-03-30T02:00:00+00:00,2025-03-29T14:00:00+00:00,2025-03-29T20:00:00+00:00,7238,7244,7250,125.92775,126.761,124.5,0.83325,0.661689,52,internal|bos|brk7244|form7238,internal,126.761,125.65,1.713471,1,3.484848,0.705971,11,TP_HIT,2025-03-30T13:00:00+00:00,0.880802,0.682339,0.661689,0.511754,0.563456,0.608461,0.756976,0.682339,0.816227,12.0,6.0,0.0,0.127286,1.0,0.0,0.0,0.0,1.0,0.156527,0.113007,1.290858,0.5,0.605522,0.768322,1.416706,0.701763,-8.470481,0.506219,0.0
BTCUSD_7279_BULLISH_6974_6993,BTCUSD,1h,LONG,2025-03-31T07:00:00+00:00,2025-03-18T14:00:00+00:00,2025-03-19T09:00:00+00:00,6974,6993,7279,81729.875,81113.0,82787.38,616.875,0.754773,46,internal|choch|brk6993|form6974,internal,81935.5,81113.0,1.714294,1,2.279433,0.777913,5,TP_HIT,2025-03-31T12:00:00+00:00,1.004329,1.501496,0.754773,1.126122,0.951368,0.85228,0.583587,1.501496,0.215412,305.0,286.0,10.0,0.302353,0.0,1.0,0.0,1.0,0.0,0.102314,0.081236,0.668886,8.5,0.347301,1.036899,0.001221,-0.43524,-2.478074,1.219363,1.0
ETHUSD_7286_BEARISH_7256_7261,ETHUSD,1h,SHORT,2025-03-31T14:00:00+00:00,2025-03-30T08:00:00+00:00,2025-03-30T13:00:00+00:00,7256,7261,7286,1839.7375,1848.4,1824.89,8.6625,0.470855,74,internal|bos|brk7261|form7256,internal,1848.4,1836.85,-1.0,0,0.269841,1.606061,1,SL_HIT,2025-03-31T15:00:00+00:00,0.627922,0.59064,0.470855,0.44298,0.779221,0.844156,0.809524,0.59064,1.393502,30.0,25.0,2.0,0.017259,1.0,0.0,0.0,0.0,1.0,0.27539,0.002557,1.063121,54.0,0.71604,1.47788,3.010108,1.801478,-0.640108,1.603403,0.0
ETHUSD_7320_BULLISH_7304_7311,ETHUSD,1h,LONG,2025-04-02T00:00:00+00:00,2025-04-01T08:00:00+00:00,2025-04-01T15:00:00+00:00,7304,7311,7320,1882.1625,1853.7,1930.96,28.4625,1.512223,23,internal|bos|brk7311|form7304,internal,1891.65,1853.7,-1.0,0,0.487923,1.091348,6,SL_HIT,2025-04-02T06:00:00+00:00,2.008893,1.971289,1.512223,1.478467,0.932806,0.137022,0.797101,1.971289,1.885581,16.0,9.0,0.0,0.360364,1.0,0.0,0.0,0.0,1.0,0.760274,0.132458,1.019076,30.5,0.673118,1.090832,-1.070933,0.228141,4.679578,0.47046,1.0
BTCUSD_7329_BEARISH_7319_7323,BTCUSD,1h,SHORT,2025-04-02T09:00:00+00:00,2025-04-01T23:00:00+00:00,2025-04-02T03:00:00+00:00,7319,7323,7329,85072.75,85510.0,84323.18,437.25,0.513972,68,internal|choch|brk7323|form7319,internal,85510.0,84927.0,-1.0,0,1.483705,2.33562,4,SL_HIT,2025-04-02T13:00:00+00:00,0.686028,1.050004,0.513972,0.787503,0.90566,0.854202,0.095197,1.050004,0.287265,10.0,6.0,0.0,0.163444,0.0,1.0,0.0,0.0,0.0,0.876506,0.056733,0.653357,23.0,0.405527,1.461541,0.488953,-0.108728,3.768827,0.835141,0.0
SOLUSD_7332_BEARISH_7319_7322,SOLUSD,1h,SHORT,2025-04-02T12:00:00+00:00,2025-04-01T23:00:00+00:00,2025-04-02T02:00:00+00:00,7319,7322,7332,126.48825,127.476,124.79,0.98775,0.780903,44,internal|choch|brk7322|form7319,internal,127.476,126.159,-1.0,0,1.418628,1.429258,1,SL_HIT,2025-04-02T13:00:00+00:00,1.04123,0.831717,0.780903,0.623787,0.752468,0.460137,0.091116,0.831717,0.600579,13.0,10.0,3.0,0.002052,0.0,1.0,0.0,0.0,0.0,0.499746,0.009473,1.251905,1.0,0.482995,1.075485,1.607435,0.094963,1.582955,1.004546,0.0
XRPUSD_7341_BULLISH_7327_7335,XRPUSD,1h,LONG,2025-04-02T21:00:00+00:00,2025-04-02T07:00:00+00:00,2025-04-02T15:00:00+00:00,7327,7335,7341,2.100025,2.0659,2.16,0.034125,1.624981,21,internal|choch|brk7335|form7327,internal,2.1114,2.0659,-1.0,0,0.069597,3.417582,1,SL_HIT,2025-04-02T22:00:00+00:00,2.163267,1.54639,1.624981,1.159793,0.821978,0.626374,0.826374,1.54639,1.580377,14.0,6.0,1.0,0.111306,0.0,1.0,0.0,0.0,1.0,0.388382,0.10196,1.398914,93.0,0.93052,1.57358,-2.679067,1.643068,0.732759,1.34901,1.0
SOLUSD_7342_BULLISH_6793_6796,SOLUSD,1h,LONG,2025-04-02T22:00:00+00:00,2025-03-11T01:00:00+00:00,2025-03-11T04:00:00+00:00,6793,6796,7342,117.8515,113.86,124.69,3.9915,3.386889,10,internal|choch|brk6796|form6793,internal,119.182,113.86,-1.0,0,0.760316,1.326694,14,SL_HIT,2025-04-03T12:00:00+00:00,4.486596,3.170864,3.386889,2.378148,0.894401,0.197106,0.642616,3.170864,0.625593,549.0,546.0,1.0,0.457875,0.0,1.0,0.0,0.0,0.0,0.027005,0.929453,1.414944,67.5,1.579546,4.225435,-8.504697,-4.710646,-5.350845,1.581319,1.0
BTCUSD_7343_BULLISH_7294_7304,BTCUSD,1h,LONG,2025-04-02T23:00:00+00:00,2025-03-31T22:00:00+00:00,2025-04-01T08:00:00+00:00,7294,7304,7343,82538.5,82221.0,83082.79,317.5,0.384669,90,internal|choch|brk7304|form7294,internal,82538.5,82221.0,-1.0,0,2.604724,1.264567,1,SL_HIT,2025-04-03T00:00:00+00:00,0.384916,0.533062,0.384669,0.533062,0.833071,0.751181,0.453543,0.533062,1.099702,49.0,39.0,1.0,0.088984,0.0,1.0,0.0,0.0,0.0,0.172124,0.10997,0.722085,90.0,0.786641,0.874725,-4.359648,-2.510356,-0.052103,1.437217,1.0
SOLUSD_7361_BULLISH_1571_1574,SOLUSD,1h,LONG,2025-04-03T17:00:00+00:00,2024-08-05T11:00:00+00:00,2024-08-05T14:00:00+00:00,1571,1574,7361,115.075,110.569,122.8,4.506,3.915707,8,internal|choch|brk1574|form1571,internal,116.577,110.569,1.714381,1,1.726365,0.405526,23,TP_HIT,2025-04-04T16:00:00+00:00,5.262651,3.526454,3.915707,2.644841,0.598202,0.758489,0.146638,3.526454,3.725434,5790.0,5787.0,12.0,0.535307,0.0,1.0,0.0,1.0,0.0,0.081444,0.744265,1.492335,90.0,1.589578,0.911549,0.982734,-5.474643,-11.663159,1.197367,1.0
XRPUSD_7365_BEARISH_7349_7356,XRPUSD,1h,SHORT,2025-04-03T21:00:00+00:00,2025-04-03T05:00:00+00:00,2025-04-03T12:00:00+00:00,7349,7356,7365,2.06195,2.0807,2.03,0.01875,0.909333,38,internal|bos|brk7356|form7349,internal,2.0807,2.0557,-1.0,0,1.416,1.698667,10,SL_HIT,2025-04-04T07:00:00+00:00,1.213121,0.827465,0.909333,0.620599,0.796,0.664,0.672,0.827465,1.999157,16.0,9.0,2.0,0.038063,1.0,0.0,0.0,0.0,1.0,0.376742,0.026479,1.466069,98.5,1.150728,0.817536,3.308602,1.029513,-3.597324,0.931255,0.0
XRPUSD_7374_BULLISH_7364_7373,XRPUSD,1h,LONG,2025-04-04T06:00:00+00:00,2025-04-03T20:00:00+00:00,2025-04-04T05:00:00+00:00,7364,7373,7374,2.054725,2.0341,2.09,0.020625,1.003784,34,internal|choch|brk7373|form7364,internal,2.0616,2.0341,1.710303,1,1.894545,0.054545,1,TP_HIT,2025-04-04T07:00:00+00:00,1.339177,0.919115,1.003784,0.689336,0.705455,0.327273,0.087273,0.919115,0.889035,10.0,1.0,0.0,0.040942,0.0,1.0,0.0,1.0,0.0,0.349963,0.063503,1.457028,89.5,1.162543,0.795453,0.69138,2.485402,-2.17702,0.780067,1.0
ETHUSD_7376_BEARISH_7348_7356,ETHUSD,1h,SHORT,2025-04-04T08:00:00+00:00,2025-04-03T04:00:00+00:00,2025-04-03T12:00:00+00:00,7348,7356,7376,1827.975,1845.15,1798.53,17.175,0.939564,37,internal|bos|brk7356|form7348,internal,1845.15,1822.25,1.71441,1,2.787482,0.280932,2,TP_HIT,2025-04-04T10:00:00+00:00,1.252804,1.131111,0.939564,0.848333,0.753275,0.556769,0.489083,1.131111,1.760878,28.0,20.0,1.0,0.003705,1.0,0.0,0.0,0.0,1.0,0.382846,0.049393,1.107587,92.5,0.782188,1.044672,1.994811,2.939686,-1.362545,0.964708,0.0
SOLUSD_7378_BULLISH_7369_7375,SOLUSD,1h,LONG,2025-04-04T10:00:00+00:00,2025-04-04T01:00:00+00:00,2025-04-04T07:00:00+00:00,7369,7375,7378,115.88375,114.623,118.05,1.26075,1.087944,32,internal|choch|brk7375|form7369,internal,116.304,114.623,-1.0,0,0.0,2.090859,1,SL_HIT,2025-04-04T11:00:00+00:00,1.461968,0.992276,1.087944,0.744207,0.213563,0.875669,0.661689,0.992276,1.221308,9.0,3.0,0.0,0.532293,0.0,1.0,0.0,0.0,0.0,0.115633,0.211914,1.473348,90.5,1.14639,2.875889,-1.270801,-0.296556,-8.413716,1.490076,1.0
BTCUSD_7385_BEARISH_7377_7378,BTCUSD,1h,SHORT,2025-04-04T17:00:00+00:00,2025-04-04T09:00:00+00:00,2025-04-04T10:00:00+00:00,7377,7378,7385,84238.25,84680.0,83480.96,441.75,0.524405,66,internal|choch|brk7378|form7377,internal,84680.0,84091.0,1.714295,1,1.773062,0.712507,3,TP_HIT,2025-04-04T20:00:00+00:00,0.697586,0.933976,0.524405,0.700482,0.417657,0.830221,0.256367,0.933976,3.164261,8.0,7.0,0.0,0.3104,0.0,1.0,0.0,0.0,1.0,0.444801,0.00555,0.746899,100.0,0.755052,2.640187,1.91681,1.883605,-2.623718,1.715982,0.0
XRPUSD_7407_BULLISH_7395_7402,XRPUSD,1h,LONG,2025-04-05T15:00:00+00:00,2025-04-05T03:00:00+00:00,2025-04-05T10:00:00+00:00,7395,7402,7407,2.1226,2.113,2.14,0.0096,0.452276,77,internal|bos|brk7402|form7395,internal,2.1226,2.113,1.8125,1,2.614583,0.770833,8,TP_HIT,2025-04-05T23:00:00+00:00,0.452467,0.323593,0.452276,0.323593,0.90625,0.65625,0.354167,0.323593,0.333706,12.0,5.0,1.0,0.030337,1.0,0.0,0.0,0.0,1.0,0.600147,0.030337,1.398259,68.0,0.378977,0.589884,-1.499536,-0.543758,5.688667,1.206594,1.0
SOLUSD_7429_BULLISH_7379_7384,SOLUSD,1h,LONG,2025-04-06T13:00:00+00:00,2025-04-04T11:00:00+00:00,2025-04-04T16:00:00+00:00,7379,7384,7429,114.902425,113.2477,117.74,1.654725,1.440113,24,internal|choch|brk7384|form7379,internal,115.454,113.2477,-1.0,0,0.55754,2.660518,4,SL_HIT,2025-04-06T17:00:00+00:00,1.92416,1.357576,1.440113,1.018182,0.641481,0.544804,0.226624,1.357576,1.954866,50.0,45.0,0.0,0.147323,0.0,1.0,0.0,0.0,1.0,0.102317,0.024613,1.41735,40.0,0.662981,1.336471,-4.058939,-3.801366,0.148481,1.755687,1.0
XRPUSD_7480_BULLISH_7471_7475,XRPUSD,1h,LONG,2025-04-08T16:00:00+00:00,2025-04-08T07:00:00+00:00,2025-04-08T11:00:00+00:00,7471,7475,7480,1.863525,1.8468,1.89,0.016725,0.897493,38,internal|choch|brk7475|form7471,internal,1.8691,1.8468,-1.0,0,0.255605,3.475336,1,SL_HIT,2025-04-08T17:00:00+00:00,1.197058,0.64858,0.897493,0.486435,0.721973,0.623318,0.394619,0.64858,1.94574,9.0,5.0,0.0,0.018178,0.0,1.0,0.0,0.0,0.0,0.444286,0.375188,1.84566,100.0,1.515201,1.541468,-4.847278,-2.872784,-10.955499,1.504824,1.0
SOLUSD_7492_BEARISH_7488_7491,SOLUSD,1h,SHORT,2025-04-09T04:00:00+00:00,2025-04-09T00:00:00+00:00,2025-04-09T03:00:00+00:00,7488,7491,7492,104.76175,106.522,101.74,1.76025,1.680241,20,internal|bos|brk7491|form7488,internal,106.522,104.175,-1.0,0,0.0,1.112484,2,SL_HIT,2025-04-09T06:00:00+00:00,2.232432,1.239061,1.680241,0.929296,0.592245,0.791223,0.294418,1.239061,0.211174,4.0,1.0,0.0,0.195468,1.0,0.0,0.0,1.0,1.0,0.359581,0.733828,1.801712,100.0,1.254035,1.591721,-0.178504,-4.532205,-0.727087,0.903416,0.0
SOLUSD_7499_BULLISH_7489_7495,SOLUSD,1h,LONG,2025-04-09T11:00:00+00:00,2025-04-09T01:00:00+00:00,2025-04-09T07:00:00+00:00,7489,7495,7499,104.06475,101.259,108.87,2.80575,2.696158,12,internal|choch|brk7495|form7489,internal,105.0,101.259,1.712644,1,5.531231,0.645728,6,TP_HIT,2025-04-09T17:00:00+00:00,3.618303,1.974224,2.696158,1.480668,0.569901,0.612136,0.12911,1.974224,0.87022,10.0,4.0,0.0,0.355556,0.0,1.0,0.0,0.0,1.0,0.306465,0.010555,1.832773,100.0,1.256806,2.117237,-2.158566,-2.351697,3.070451,1.020043,1.0
XRPUSD_7537_BEARISH_7524_7527,XRPUSD,1h,SHORT,2025-04-11T01:00:00+00:00,2025-04-10T12:00:00+00:00,2025-04-10T15:00:00+00:00,7524,7527,7537,2.0016,2.0451,1.93,0.0435,2.173261,16,internal|choch|brk7527|form7524,internal,2.0451,1.9871,-1.0,0,0.473563,1.42069,17,SL_HIT,2025-04-11T18:00:00+00:00,2.909456,1.610324,2.173261,1.207743,0.889655,0.186207,0.012069,1.610324,1.965706,13.0,10.0,2.0,0.22489,0.0,1.0,0.0,0.0,0.0,0.802446,0.088845,1.806752,86.0,1.113403,1.335458,0.402921,-0.444467,11.046123,0.471141,0.0
XRPUSD_7562_BULLISH_7550_7553,XRPUSD,1h,LONG,2025-04-12T02:00:00+00:00,2025-04-11T14:00:00+00:00,2025-04-11T17:00:00+00:00,7550,7553,7562,2.00515,1.9834,2.04,0.02175,1.084707,32,internal|choch|brk7553|form7550,internal,2.0124,1.9834,1.602299,1,1.97931,0.144828,4,TP_HIT,2025-04-12T06:00:00+00:00,1.447684,0.846055,1.084707,0.634542,0.682759,0.317241,0.368966,0.846055,0.846055,12.0,9.0,2.0,0.05689,0.0,1.0,0.0,0.0,0.0,0.770429,0.032092,1.711098,58.0,0.52085,0.463872,-1.300749,-0.253946,-1.252095,0.468549,1.0
XRPUSD_7597_BULLISH_7589_7592,XRPUSD,1h,LONG,2025-04-13T13:00:00+00:00,2025-04-13T05:00:00+00:00,2025-04-13T08:00:00+00:00,7589,7592,7597,2.1399,2.1261,2.16,0.0138,0.64489,54,internal|bos|brk7592|form7589,internal,2.1445,2.1261,1.456522,1,2.521739,0.724638,3,TP_HIT,2025-04-13T16:00:00+00:00,0.85873,0.551115,0.64489,0.413336,0.902174,0.608696,0.027174,0.551115,0.892567,8.0,5.0,0.0,0.083865,1.0,0.0,0.0,0.0,1.0,0.785921,0.017971,1.558168,36.0,0.915436,1.572475,-1.503172,-0.515368,6.692227,1.615267,1.0
SOLUSD_7600_BEARISH_7593_7597,SOLUSD,1h,SHORT,2025-04-13T16:00:00+00:00,2025-04-13T09:00:00+00:00,2025-04-13T13:00:00+00:00,7593,7597,7600,129.96375,131.547,127.25,1.58325,1.218224,28,internal|choch|brk7597|form7593,internal,131.547,129.436,-1.0,0,0.328344,1.631612,1,SL_HIT,2025-04-13T17:00:00+00:00,1.628908,1.119368,1.218224,0.839526,0.924207,0.26054,0.719564,1.119368,1.166561,7.0,3.0,0.0,0.195001,0.0,1.0,0.0,1.0,0.0,0.853118,0.002121,1.455203,51.5,0.813096,0.715844,-0.130235,-1.310569,8.290857,0.880894,0.0
SOLUSD_7603_BULLISH_7597_7601,SOLUSD,1h,LONG,2025-04-13T19:00:00+00:00,2025-04-13T13:00:00+00:00,2025-04-13T17:00:00+00:00,7597,7601,7603,129.28775,126.8,133.55,2.48775,1.924196,18,internal|choch|brk7601|form7597,internal,130.117,126.8,-1.0,0,0.205909,1.307909,1,SL_HIT,2025-04-13T20:00:00+00:00,2.587646,1.744748,1.924196,1.308561,0.417847,0.939705,0.66325,1.744748,1.068309,6.0,2.0,0.0,0.579522,0.0,1.0,0.0,0.0,1.0,0.790164,0.013623,1.483106,75.5,1.027614,2.34439,-0.303323,-1.546851,5.590656,0.88368,1.0
SOLUSD_7608_BEARISH_7601_7604,SOLUSD,1h,SHORT,2025-04-14T00:00:00+00:00,2025-04-13T17:00:00+00:00,2025-04-13T20:00:00+00:00,7601,7604,7608,130.219675,132.547,126.23,2.327325,1.78723,19,internal|choch|brk7604|form7601,internal,132.547,129.4439,-1.0,0,0.17388,2.512896,2,SL_HIT,2025-04-14T02:00:00+00:00,2.381925,1.617815,1.78723,1.213361,0.731527,0.719957,0.654507,1.617815,0.76587,7.0,4.0,0.0,0.029887,0.0,1.0,0.0,0.0,0.0,0.854239,0.029196,1.47231,84.5,1.030739,1.957164,1.631223,-0.881044,7.521211,0.574701,0.0
ETHUSD_7623_BULLISH_7615_7618,ETHUSD,1h,LONG,2025-04-14T15:00:00+00:00,2025-04-14T07:00:00+00:00,2025-04-14T10:00:00+00:00,7615,7618,7623,1630.0125,1611.9,1661.06,18.1125,1.111188,31,internal|bos|brk7618|form7615,internal,1636.05,1611.9,-1.0,0,1.167012,1.361629,6,SL_HIT,2025-04-14T21:00:00+00:00,1.483734,1.016884,1.111188,0.762663,0.652174,0.724638,0.494824,1.016884,1.574802,8.0,5.0,0.0,0.099478,1.0,0.0,0.0,0.0,0.0,0.71106,0.004211,1.459098,58.5,0.972089,2.364309,-3.032379,1.002172,-0.640967,1.4424,1.0
BTCUSD_7624_BEARISH_7621_7623,BTCUSD,1h,SHORT,2025-04-14T16:00:00+00:00,2025-04-14T13:00:00+00:00,2025-04-14T15:00:00+00:00,7621,7623,7624,84328.125,85243.5,82758.91,915.375,1.085492,32,internal|choch|brk7623|form7621,internal,85243.5,84023.0,-1.0,0,0.170559,1.039874,10,SL_HIT,2025-04-15T02:00:00+00:00,1.447814,1.646253,1.085492,1.23469,0.773454,0.508808,0.621057,1.646253,1.785858,3.0,1.0,0.0,0.03861,0.0,1.0,0.0,1.0,1.0,0.765931,0.007419,0.87946,62.5,0.62541,1.120207,-0.697946,0.116982,-0.574384,1.762101,0.0
SOLUSD_7637_BEARISH_7622_7623,SOLUSD,1h,SHORT,2025-04-15T05:00:00+00:00,2025-04-14T14:00:00+00:00,2025-04-14T15:00:00+00:00,7622,7623,7637,131.9965,134.746,127.28,2.7495,2.08301,16,internal|choch|brk7623|form7622,internal,134.746,131.08,1.715403,1,1.734315,0.887616,13,TP_HIT,2025-04-15T18:00:00+00:00,2.79342,1.876592,2.08301,1.407444,0.957174,0.324059,0.470813,1.876592,2.383364,15.0,14.0,2.0,0.388781,0.0,1.0,0.0,0.0,1.0,0.78458,0.003583,1.48856,88.0,1.070389,0.763741,1.62618,-1.549114,-0.409783,0.638017,0.0
BTCUSD_7647_BULLISH_7632_7634,BTCUSD,1h,LONG,2025-04-15T15:00:00+00:00,2025-04-15T00:00:00+00:00,2025-04-15T02:00:00+00:00,7632,7634,7647,84762.25,84304.0,85547.82,458.25,0.54063,64,internal|choch|brk7634|form7632,internal,84915.0,84304.0,-1.0,0,0.756683,1.459356,3,SL_HIT,2025-04-15T18:00:00+00:00,0.719912,0.852559,0.54063,0.639419,0.928805,0.56383,0.52946,0.852559,0.346047,15.0,13.0,1.0,0.152442,0.0,1.0,0.0,0.0,1.0,0.694142,0.083023,0.844413,23.5,0.253625,1.085582,-0.862054,-0.007069,1.548871,1.613461,1.0
XRPUSD_7647_BULLISH_7633_7641,XRPUSD,1h,LONG,2025-04-15T15:00:00+00:00,2025-04-15T01:00:00+00:00,2025-04-15T09:00:00+00:00,7633,7641,7647,2.1347,2.1152,2.17,0.0195,0.913477,38,internal|choch|brk7641|form7633,internal,2.1412,2.1152,-1.0,0,0.353846,1.2,2,SL_HIT,2025-04-15T17:00:00+00:00,1.218712,0.815347,0.913477,0.61151,0.7,0.611538,0.038462,0.815347,0.473528,14.0,6.0,1.0,0.040767,0.0,1.0,0.0,0.0,0.0,0.570994,0.01568,1.494717,2.0,0.47571,0.812211,-1.07118,-0.121723,-0.434032,1.416351,1.0
SOLUSD_7649_BULLISH_7632_7641,SOLUSD,1h,LONG,2025-04-15T17:00:00+00:00,2025-04-15T00:00:00+00:00,2025-04-15T09:00:00+00:00,7632,7641,7649,128.9955,127.674,131.26,1.3215,1.024454,34,internal|choch|brk7641|form7632,internal,129.436,127.674,-1.0,0,0.0,1.337495,1,SL_HIT,2025-04-15T18:00:00+00:00,1.374672,0.906332,1.024454,0.679749,0.284904,0.899546,0.149262,0.906332,0.989404,17.0,8.0,2.0,0.421532,0.0,1.0,0.0,0.0,0.0,0.549492,0.008179,1.516742,82.5,0.643302,1.072476,-3.290402,-0.988753,-0.394765,1.448735,1.0
ETHUSD_7675_BEARISH_7671_7673,ETHUSD,1h,SHORT,2025-04-16T19:00:00+00:00,2025-04-16T15:00:00+00:00,2025-04-16T17:00:00+00:00,7671,7673,7675,1592.4125,1615.25,1553.26,22.8375,1.434145,24,internal|bos|brk7673|form7671,internal,1615.25,1584.8,-1.0,0,1.309797,1.07006,21,SL_HIT,2025-04-17T16:00:00+00:00,1.91642,1.322184,1.434145,0.991638,0.865353,0.343186,0.006568,1.322184,2.027783,4.0,2.0,0.0,0.152518,1.0,0.0,0.0,1.0,1.0,0.333333,0.099869,1.449436,15.5,1.012842,1.895347,-0.094316,0.129187,-3.565684,1.946946,0.0
ETHUSD_7688_BULLISH_7677_7685,ETHUSD,1h,LONG,2025-04-17T08:00:00+00:00,2025-04-16T21:00:00+00:00,2025-04-17T05:00:00+00:00,7677,7685,7688,1591.15,1571.05,1625.61,20.1,1.263237,27,internal|choch|brk7685|form7677,internal,1597.85,1571.05,-1.0,0,0.584577,1.425373,6,SL_HIT,2025-04-17T14:00:00+00:00,1.68004,1.19164,1.263237,0.89373,0.901119,0.151119,0.68097,1.19164,0.340151,11.0,3.0,1.0,0.18008,0.0,1.0,0.0,1.0,0.0,0.374469,0.06225,1.409856,0.5,0.97664,0.446865,0.662586,3.232487,-2.493888,0.659961,1.0
SOLUSD_7694_BULLISH_7683_7686,SOLUSD,1h,LONG,2025-04-17T14:00:00+00:00,2025-04-17T03:00:00+00:00,2025-04-17T06:00:00+00:00,7683,7686,7694,131.16275,129.47,134.06,1.69275,1.290572,27,internal|choch|brk7686|form7683,internal,131.727,129.47,1.711564,1,2.348398,0.0,2,TP_HIT,2025-04-17T16:00:00+00:00,1.717695,1.159867,1.290572,0.8699,0.853788,0.541427,0.671688,1.159867,0.721512,11.0,8.0,0.0,0.120381,0.0,1.0,0.0,0.0,0.0,0.629521,0.017986,1.480941,75.5,1.016668,1.234382,-1.550945,0.062445,-0.860137,1.08471,1.0
BTCUSD_7719_BULLISH_7694_7697,BTCUSD,1h,LONG,2025-04-18T15:00:00+00:00,2025-04-17T14:00:00+00:00,2025-04-17T17:00:00+00:00,7694,7697,7719,84247.5,83700.0,85186.07,547.5,0.649871,53,internal|bos|brk7697|form7694,internal,84430.0,83700.0,1.714283,1,1.812785,0.0,13,TP_HIT,2025-04-19T04:00:00+00:00,0.865621,1.153423,0.649871,0.865067,0.866438,0.181507,0.520548,1.153423,0.267025,25.0,22.0,3.0,0.134303,1.0,0.0,0.0,0.0,1.0,0.374759,0.028441,0.75048,0.5,0.16818,0.428978,-0.183459,-0.523143,0.770122,0.79255,1.0
BTCUSD_7722_BEARISH_7712_7719,BTCUSD,1h,SHORT,2025-04-18T18:00:00+00:00,2025-04-18T08:00:00+00:00,2025-04-18T15:00:00+00:00,7712,7719,7722,84560.5,84735.0,84261.36,174.5,0.206361,100,internal|choch|brk7719|form7712,internal,84735.0,84560.5,-1.0,0,1.547278,1.269341,8,SL_HIT,2025-04-19T02:00:00+00:00,0.206314,0.278516,0.206361,0.278516,0.888252,0.332378,0.068768,0.278516,0.331187,10.0,3.0,0.0,0.031124,0.0,1.0,0.0,0.0,1.0,0.448082,0.0,0.74076,0.5,0.126196,0.248989,0.063294,-0.248259,-0.494703,0.824213,0.0
ETHUSD_7727_BULLISH_7719_7725,ETHUSD,1h,LONG,2025-04-18T23:00:00+00:00,2025-04-18T15:00:00+00:00,2025-04-18T21:00:00+00:00,7719,7725,7727,1586.75,1578.35,1601.15,8.4,0.529384,66,internal|choch|brk7725|form7719,internal,1589.55,1578.35,1.714286,1,3.160714,0.255952,5,TP_HIT,2025-04-19T04:00:00+00:00,0.705156,0.548994,0.529384,0.411745,0.888393,0.267857,0.540179,0.548994,0.313711,8.0,2.0,0.0,0.075977,0.0,1.0,0.0,0.0,0.0,0.410496,0.14215,1.284452,0.5,0.242122,0.286751,-0.301299,0.122924,-0.197933,0.424852,1.0
SOLUSD_7729_BEARISH_7712_7719,SOLUSD,1h,SHORT,2025-04-19T01:00:00+00:00,2025-04-18T08:00:00+00:00,2025-04-18T15:00:00+00:00,7712,7719,7729,134.69735,135.5234,133.28,0.82605,0.613264,57,internal|choch|brk7719|form7712,internal,135.5234,134.422,-1.0,0,0.0,4.361298,1,SL_HIT,2025-04-19T02:00:00+00:00,0.816535,0.598513,0.613264,0.448885,0.57781,0.522063,0.108952,0.598513,0.23421,17.0,10.0,1.0,0.103058,0.0,1.0,0.0,0.0,0.0,0.896939,0.016302,1.364273,0.5,0.37231,0.522218,0.64444,0.799599,2.720177,0.375838,0.0
ETHUSD_7760_BULLISH_7728_7732,ETHUSD,1h,LONG,2025-04-20T08:00:00+00:00,2025-04-19T00:00:00+00:00,2025-04-19T04:00:00+00:00,7728,7732,7760,1590.1,1584.6,1599.53,5.5,0.34589,100,internal|bos|brk7732|form7728,internal,1590.1,1584.6,-1.0,0,0.518182,3.954545,2,SL_HIT,2025-04-20T10:00:00+00:00,0.345999,0.29464,0.34589,0.29464,0.909091,0.890909,0.427273,0.29464,0.310711,32.0,28.0,1.0,0.026785,1.0,0.0,0.0,0.0,1.0,0.549655,0.085713,1.174312,0.5,0.399281,0.586601,-1.352861,-1.773466,0.566223,1.180813,1.0
SOLUSD_7760_BULLISH_7745_7753,SOLUSD,1h,LONG,2025-04-20T08:00:00+00:00,2025-04-19T17:00:00+00:00,2025-04-20T01:00:00+00:00,7745,7753,7760,138.989,137.612,141.35,1.377,0.990726,35,internal|bos|brk7753|form7745,internal,139.448,137.612,-1.0,0,0.376906,2.318809,3,SL_HIT,2025-04-20T11:00:00+00:00,1.320597,1.054017,0.990726,0.790513,0.771242,0.489107,0.506536,1.054017,0.884088,15.0,7.0,1.0,0.022389,1.0,0.0,0.0,0.0,1.0,0.845049,0.001722,1.252919,0.5,0.442766,0.661918,-1.327902,0.130359,3.511228,1.012317,1.0
ETHUSD_7786_BEARISH_7645_7652,ETHUSD,1h,SHORT,2025-04-21T10:00:00+00:00,2025-04-15T13:00:00+00:00,2025-04-15T20:00:00+00:00,7645,7652,7786,1630.2625,1660.75,1578.0,30.4875,1.870098,18,internal|choch|brk7652|form7645,internal,1660.75,1620.1,1.714227,1,1.943829,0.376794,7,TP_HIT,2025-04-21T17:00:00+00:00,2.485402,2.26438,1.870098,1.698285,0.619926,0.940959,0.318573,2.26438,0.71023,141.0,134.0,15.0,0.294536,0.0,1.0,0.0,1.0,0.0,0.762128,0.19218,1.097609,0.5,0.4723,0.84949,-0.749439,3.143722,2.062402,1.13141,0.0
XRPUSD_7802_BULLISH_7800_7801,XRPUSD,1h,LONG,2025-04-22T02:00:00+00:00,2025-04-22T00:00:00+00:00,2025-04-22T01:00:00+00:00,7800,7801,7802,2.080675,2.0623,2.11,0.018375,0.883127,39,internal|bos|brk7801|form7800,internal,2.0868,2.0623,1.595918,1,2.804082,0.744218,11,TP_HIT,2025-04-22T13:00:00+00:00,1.176245,1.027486,0.883127,0.770614,0.840816,0.371429,0.232653,1.027486,0.771663,2.0,1.0,0.0,0.093312,1.0,0.0,0.0,1.0,0.0,0.444444,0.05452,1.144779,1.5,0.586972,0.981354,0.288892,-1.624711,-0.04319,0.531914,1.0
BTCUSD_7835_BULLISH_7825_7831,BTCUSD,1h,LONG,2025-04-23T11:00:00+00:00,2025-04-23T01:00:00+00:00,2025-04-23T07:00:00+00:00,7825,7831,7835,93234.5,92552.0,94404.5,682.5,0.732025,47,internal|bos|brk7831|form7825,internal,93462.0,92552.0,1.714286,1,2.147253,0.574359,2,TP_HIT,2025-04-23T13:00:00+00:00,0.974038,1.562771,0.732025,1.172078,0.95989,0.2,0.281319,1.562771,0.88786,10.0,4.0,1.0,0.32801,1.0,0.0,0.0,0.0,1.0,0.902607,0.049803,0.623276,39.5,0.585116,0.785679,-0.167766,2.604498,6.804346,0.856572,1.0
XRPUSD_7855_BULLISH_7816_7821,XRPUSD,1h,LONG,2025-04-24T07:00:00+00:00,2025-04-22T16:00:00+00:00,2025-04-22T21:00:00+00:00,7816,7821,7855,2.155325,2.1395,2.18,0.015825,0.734228,47,internal|bos|brk7821|form7816,internal,2.1606,2.1395,-1.0,0,0.080569,2.402844,1,SL_HIT,2025-04-24T08:00:00+00:00,0.981943,0.864564,0.734228,0.648423,0.440758,0.834123,0.559242,0.864564,3.417283,39.0,34.0,0.0,0.267359,1.0,0.0,0.0,0.0,1.0,0.423632,0.012292,1.135767,28.5,0.588694,1.200556,-2.109243,-3.623968,3.397171,0.680782,1.0
SOLUSD_7882_BULLISH_7874_7879,SOLUSD,1h,LONG,2025-04-25T10:00:00+00:00,2025-04-25T02:00:00+00:00,2025-04-25T07:00:00+00:00,7874,7879,7882,152.48075,150.5,155.88,1.98075,1.299016,26,internal|bos|brk7879|form7874,internal,153.141,150.5,1.716143,1,2.353275,0.0,2,TP_HIT,2025-04-25T12:00:00+00:00,1.726816,1.532346,1.299016,1.149259,0.924044,0.099962,0.58652,1.532346,0.891209,8.0,3.0,0.0,0.266695,1.0,0.0,0.0,1.0,1.0,0.902913,0.028779,1.126911,26.5,0.639773,1.214969,0.731344,0.937434,0.334842,1.227178,1.0
ETHUSD_7885_BULLISH_7874_7881,ETHUSD,1h,LONG,2025-04-25T13:00:00+00:00,2025-04-25T02:00:00+00:00,2025-04-25T09:00:00+00:00,7874,7881,7885,1762.2625,1738.15,1803.6,24.1125,1.368269,25,internal|choch|brk7881|form7874,internal,1770.3,1738.15,1.71436,1,2.13323,0.0,1,TP_HIT,2025-04-25T14:00:00+00:00,1.817976,1.693962,1.368269,1.270471,0.942457,0.44479,0.664075,1.693962,0.706037,11.0,4.0,2.0,0.326015,0.0,1.0,0.0,0.0,0.0,0.774758,0.0764,1.07321,46.5,0.593755,1.182875,-0.346557,0.497244,-1.591497,1.49578,1.0
ETHUSD_7911_BEARISH_7905_7907,ETHUSD,1h,SHORT,2025-04-26T15:00:00+00:00,2025-04-26T09:00:00+00:00,2025-04-26T11:00:00+00:00,7905,7907,7911,1797.9375,1815.0,1768.69,17.0625,0.949004,36,internal|choch|brk7907|form7905,internal,1815.0,1792.25,-1.0,0,0.151648,1.196337,5,SL_HIT,2025-04-26T20:00:00+00:00,1.264205,1.200866,0.949004,0.90065,0.679121,0.50989,0.127473,1.200866,0.950136,6.0,4.0,3.0,0.085116,0.0,1.0,0.0,1.0,0.0,0.806519,0.095014,1.052744,44.0,0.432958,0.641342,-0.202418,0.192083,2.646665,1.04973,0.0
BTCUSD_7921_BULLISH_7912_7918,BTCUSD,1h,LONG,2025-04-27T01:00:00+00:00,2025-04-26T16:00:00+00:00,2025-04-26T22:00:00+00:00,7912,7918,7921,94325.0,94000.0,94882.14,325.0,0.344553,100,internal|choch|brk7918|form7912,internal,94325.0,94000.0,-1.0,0,0.287692,1.143077,3,SL_HIT,2025-04-27T04:00:00+00:00,0.34548,0.581616,0.344553,0.581616,0.221538,1.0,0.223077,0.581616,0.754312,9.0,3.0,0.0,0.452766,0.0,1.0,0.0,1.0,1.0,0.593345,0.050108,0.594,28.5,0.252424,2.289779,0.030837,-0.100885,0.149044,1.007283,1.0
ETHUSD_7921_BULLISH_7907_7920,ETHUSD,1h,LONG,2025-04-27T01:00:00+00:00,2025-04-26T11:00:00+00:00,2025-04-27T00:00:00+00:00,7907,7920,7921,1799.1,1778.4,1834.59,20.7,1.150575,30,internal|choch|brk7920|form7907,internal,1806.0,1778.4,-1.0,0,0.886473,1.507246,23,SL_HIT,2025-04-28T00:00:00+00:00,1.5304,1.460793,1.150575,1.095595,0.907609,0.201087,0.652174,1.460793,1.122058,14.0,1.0,0.0,0.230234,0.0,1.0,0.0,0.0,1.0,0.60311,0.0,1.04765,42.5,0.636367,2.995684,-0.110776,0.013864,1.935903,0.966196,1.0
SOLUSD_7921_BULLISH_7856_7866,SOLUSD,1h,LONG,2025-04-27T01:00:00+00:00,2025-04-24T08:00:00+00:00,2025-04-24T18:00:00+00:00,7856,7866,7921,147.060725,145.1729,150.3,1.887825,1.283704,27,internal|choch|brk7866|form7856,internal,147.69,145.1729,-1.0,0,1.668733,1.326248,24,SL_HIT,2025-04-28T01:00:00+00:00,1.720153,1.501107,1.283704,1.12583,0.459696,0.613802,0.286043,1.501107,0.757382,65.0,55.0,1.0,0.435778,0.0,1.0,0.0,0.0,0.0,0.096674,0.01312,1.145923,2.5,0.607413,2.412888,-1.328388,-1.824891,-4.059113,0.689896,1.0
SOLUSD_7933_BEARISH_7920_7921,SOLUSD,1h,SHORT,2025-04-27T13:00:00+00:00,2025-04-27T00:00:00+00:00,2025-04-27T01:00:00+00:00,7920,7921,7933,149.30775,150.351,147.52,1.04325,0.698725,50,internal|choch|brk7921|form7920,internal,150.351,148.96,1.713635,1,2.464174,0.865804,11,TP_HIT,2025-04-28T00:00:00+00:00,0.933238,0.842071,0.698725,0.631553,0.934579,0.281812,0.300503,0.842071,2.052208,13.0,12.0,1.0,0.155429,0.0,1.0,0.0,0.0,1.0,0.324009,0.012107,1.108265,2.0,0.647813,1.466814,0.507084,-0.052974,-3.670887,1.124005,0.0
BTCUSD_7942_BULLISH_7933_7939,BTCUSD,1h,LONG,2025-04-27T22:00:00+00:00,2025-04-27T13:00:00+00:00,2025-04-27T19:00:00+00:00,7933,7939,7942,94037.0,93550.0,94871.86,487.0,0.517881,67,internal|choch|brk7939|form7933,internal,94037.0,93550.0,-1.0,0,0.0,1.660164,2,SL_HIT,2025-04-28T00:00:00+00:00,0.518687,0.910426,0.517881,0.910426,0.700205,0.898357,0.675565,0.910426,0.244899,9.0,3.0,0.0,0.272941,0.0,1.0,0.0,0.0,0.0,0.549546,0.043932,0.569718,1.5,0.180881,1.274971,-0.115957,-0.14517,-0.973485,0.735098,1.0
XRPUSD_7945_BULLISH_7934_7939,XRPUSD,1h,LONG,2025-04-28T01:00:00+00:00,2025-04-27T14:00:00+00:00,2025-04-27T19:00:00+00:00,7934,7939,7945,2.23155,2.2116,2.27,0.01995,0.893997,39,internal|bos|brk7939|form7934,internal,2.2382,2.2116,1.927318,1,2.338346,0.172932,3,TP_HIT,2025-04-28T04:00:00+00:00,1.191649,1.147224,0.893997,0.860418,0.774436,0.781955,0.56391,1.147224,1.673394,11.0,6.0,1.0,0.028034,1.0,0.0,0.0,0.0,1.0,0.649887,0.004313,1.038725,13.0,0.654667,1.876099,-2.190868,2.375711,2.366321,0.60841,1.0
BTCUSD_7949_BEARISH_7941_7944,BTCUSD,1h,SHORT,2025-04-28T05:00:00+00:00,2025-04-27T21:00:00+00:00,2025-04-28T00:00:00+00:00,7941,7944,7949,94118.0,94515.5,93436.57,397.5,0.422342,82,internal|choch|brk7944|form7941,internal,94515.5,94118.0,-1.0,0,0.0,1.28805,1,SL_HIT,2025-04-28T06:00:00+00:00,0.422051,0.743961,0.422342,0.743961,0.836478,0.457862,0.197484,0.743961,0.614821,8.0,5.0,1.0,0.121654,0.0,1.0,0.0,0.0,1.0,0.620206,0.009358,0.567302,2.0,0.28571,0.734603,0.87181,0.26081,-0.530704,1.129894,0.0
SOLUSD_7949_BEARISH_7938_7945,SOLUSD,1h,SHORT,2025-04-28T05:00:00+00:00,2025-04-27T18:00:00+00:00,2025-04-28T01:00:00+00:00,7938,7945,7949,149.203,150.211,147.48,1.008,0.67559,51,internal|bos|brk7945|form7938,internal,150.211,148.867,-1.0,0,0.0,2.140873,1,SL_HIT,2025-04-28T06:00:00+00:00,0.897742,0.819522,0.67559,0.614642,0.373512,0.716518,0.420387,0.819522,1.250625,11.0,4.0,2.0,0.30854,1.0,0.0,0.0,0.0,1.0,0.409376,0.041464,1.095445,5.0,0.654481,0.744522,1.850479,0.537241,-1.039126,1.134483,0.0
BTCUSD_7950_BEARISH_7920_7924,BTCUSD,1h,SHORT,2025-04-28T06:00:00+00:00,2025-04-27T00:00:00+00:00,2025-04-27T04:00:00+00:00,7920,7924,7950,94524.0,94943.0,93805.71,419.0,0.443274,78,internal|choch|brk7924|form7920,internal,94943.0,94524.0,-1.0,0,0.600239,1.565632,4,SL_HIT,2025-04-28T10:00:00+00:00,0.443199,0.784842,0.443274,0.784842,0.961814,0.252983,0.584726,0.784842,0.272541,30.0,26.0,0.0,0.02997,0.0,1.0,0.0,0.0,0.0,0.706594,0.019668,0.564698,1.5,0.295639,0.83729,1.76753,0.72663,0.061387,1.117299,0.0
ETHUSD_7950_BEARISH_7938_7944,ETHUSD,1h,SHORT,2025-04-28T06:00:00+00:00,2025-04-27T18:00:00+00:00,2025-04-28T00:00:00+00:00,7938,7944,7950,1799.375,1808.0,1784.59,8.625,0.479333,73,internal|choch|brk7944|form7938,internal,1808.0,1796.5,-1.0,0,0.0,1.423188,1,SL_HIT,2025-04-28T07:00:00+00:00,0.637543,0.635637,0.479333,0.476728,0.365217,0.795652,0.465217,0.635637,0.967274,12.0,6.0,1.0,0.244582,0.0,1.0,0.0,0.0,0.0,0.605702,0.019345,1.002999,16.5,0.404119,0.594182,2.288128,0.585513,0.697817,0.982199,0.0
SOLUSD_7951_BEARISH_7897_7905,SOLUSD,1h,SHORT,2025-04-28T07:00:00+00:00,2025-04-26T01:00:00+00:00,2025-04-26T09:00:00+00:00,7897,7905,7951,151.521,153.15,148.73,1.629,1.075099,32,internal|bos|brk7905|form7897,internal,153.15,150.978,-1.0,0,1.560835,1.128913,3,SL_HIT,2025-04-28T10:00:00+00:00,1.437735,1.32659,1.075099,0.994942,0.957182,0.231584,0.470074,1.32659,0.73903,54.0,46.0,1.0,0.274846,1.0,0.0,0.0,0.0,0.0,0.5176,0.000611,1.083782,4.5,0.659454,0.585666,3.452739,1.710766,0.080159,1.18525,0.0
SOLUSD_7958_BULLISH_7945_7950,SOLUSD,1h,LONG,2025-04-28T14:00:00+00:00,2025-04-28T01:00:00+00:00,2025-04-28T06:00:00+00:00,7945,7950,7958,146.64425,144.557,150.22,2.08725,1.423343,24,internal|choch|brk7950|form7945,internal,147.34,144.557,1.713139,1,1.78165,0.644029,28,TP_HIT,2025-04-29T18:00:00+00:00,1.890111,1.688237,1.423343,1.266178,0.964068,0.158103,0.736974,1.688237,0.636956,13.0,8.0,0.0,0.361397,0.0,1.0,0.0,0.0,0.0,0.21319,0.004246,1.119577,13.0,0.773078,1.16472,-2.824068,-0.459035,-0.682554,1.821146,1.0
ETHUSD_7959_BULLISH_7945_7952,ETHUSD,1h,LONG,2025-04-28T15:00:00+00:00,2025-04-28T01:00:00+00:00,2025-04-28T08:00:00+00:00,7945,7952,7959,1771.475,1751.45,1805.8,20.025,1.130414,30,internal|choch|brk7952|form7945,internal,1778.15,1751.45,-1.0,0,0.0,1.379526,1,SL_HIT,2025-04-28T16:00:00+00:00,1.514808,1.469352,1.130414,1.102014,0.417603,0.979401,0.365169,1.469352,0.253147,14.0,7.0,0.0,0.488408,0.0,1.0,0.0,0.0,0.0,0.205635,0.055032,1.030936,27.5,0.534762,1.813302,-2.879026,-0.597789,-1.538977,1.84891,1.0
SOLUSD_7974_BEARISH_7969_7972,SOLUSD,1h,SHORT,2025-04-29T06:00:00+00:00,2025-04-29T01:00:00+00:00,2025-04-29T04:00:00+00:00,7969,7972,7974,147.8155,149.164,145.5,1.3485,0.912286,38,internal|choch|brk7972|form7969,internal,149.164,147.366,-1.0,0,0.0,1.212088,2,SL_HIT,2025-04-29T08:00:00+00:00,1.215366,1.102746,0.912286,0.827059,0.681313,0.48109,0.116796,1.102746,0.711449,5.0,2.0,0.0,0.075745,0.0,1.0,0.0,1.0,0.0,0.268733,0.017786,1.102127,2.5,0.660007,1.043867,-0.215838,1.141041,1.05192,0.66381,0.0
SOLUSD_7990_BULLISH_7973_7976,SOLUSD,1h,LONG,2025-04-29T22:00:00+00:00,2025-04-29T05:00:00+00:00,2025-04-29T08:00:00+00:00,7973,7976,7990,146.42,145.46,148.07,0.96,0.655648,53,internal|choch|brk7976|form7973,internal,146.74,145.46,-1.0,0,0.165625,1.60625,1,SL_HIT,2025-04-29T23:00:00+00:00,0.876959,0.792023,0.655648,0.594017,0.389844,0.770234,0.225781,0.792023,0.228944,17.0,14.0,1.0,0.285252,0.0,1.0,0.0,0.0,0.0,0.159264,0.008044,1.107239,4.5,0.547785,0.840905,-1.869046,-1.948811,-1.849909,0.822146,1.0
BTCUSD_7995_BEARISH_7984_7990,BTCUSD,1h,SHORT,2025-04-30T03:00:00+00:00,2025-04-29T16:00:00+00:00,2025-04-29T22:00:00+00:00,7984,7990,7995,94918.25,95423.0,94052.96,504.75,0.531773,65,internal|choch|brk7990|form7984,internal,95423.0,94750.0,1.714294,1,3.883606,0.531451,10,TP_HIT,2025-04-30T13:00:00+00:00,0.708511,1.264741,0.531773,0.948556,0.64636,0.488113,0.170877,1.264741,1.055204,11.0,5.0,0.0,0.131078,0.0,1.0,0.0,0.0,0.0,0.792632,0.001879,0.560202,5.5,0.266957,1.182054,0.927052,0.230031,2.249779,0.6974,0.0
XRPUSD_7995_BULLISH_7945_7951,XRPUSD,1h,LONG,2025-04-30T03:00:00+00:00,2025-04-28T01:00:00+00:00,2025-04-28T07:00:00+00:00,7945,7951,7995,2.250025,2.2174,2.31,0.032625,1.449984,24,internal|bos|brk7951|form7945,internal,2.2609,2.2174,-1.0,0,0.222989,1.343295,4,SL_HIT,2025-04-30T07:00:00+00:00,1.936173,1.917414,1.449984,1.43806,0.673563,0.928736,0.588506,1.917414,1.921822,50.0,44.0,8.0,0.146561,1.0,0.0,0.0,1.0,1.0,0.435973,0.026447,1.009784,1.5,0.469492,0.652361,0.411173,-1.12226,0.649583,0.813622,1.0
ETHUSD_8005_BULLISH_7856_7920,ETHUSD,1h,LONG,2025-04-30T13:00:00+00:00,2025-04-24T08:00:00+00:00,2025-04-27T00:00:00+00:00,7856,7920,8005,1750.725,1722.0,1799.97,28.725,1.640749,21,internal|bos|brk7920|form7856,internal,1760.3,1722.0,1.71436,1,2.044386,0.690165,7,TP_HIT,2025-04-30T20:00:00+00:00,2.200896,2.146479,1.640749,1.609859,0.475196,0.681462,0.562663,2.146479,1.188129,149.0,85.0,4.0,0.589861,1.0,0.0,0.0,0.0,0.0,0.04884,0.11489,1.025352,5.0,0.713355,2.314611,-3.039421,-2.882496,-4.137057,1.71821,1.0
SOLUSD_8012_BEARISH_7995_8004,SOLUSD,1h,SHORT,2025-04-30T20:00:00+00:00,2025-04-30T03:00:00+00:00,2025-04-30T12:00:00+00:00,7995,8004,8012,146.75175,148.62,143.55,1.86825,1.273068,27,internal|bos|brk8004|form7995,internal,148.62,146.129,-1.0,0,0.290513,1.198046,5,SL_HIT,2025-05-01T01:00:00+00:00,1.695019,1.531973,1.273068,1.14898,0.666399,0.495383,0.490165,1.531973,1.919241,17.0,8.0,0.0,0.128074,1.0,0.0,0.0,0.0,0.0,0.509954,0.0123,1.106429,18.5,0.945921,1.260634,3.361936,-0.053727,0.230525,1.446447,0.0
SOLUSD_8022_BEARISH_7986_7990,SOLUSD,1h,SHORT,2025-05-01T06:00:00+00:00,2025-04-29T18:00:00+00:00,2025-04-29T22:00:00+00:00,7986,7990,8022,148.87875,150.363,146.33,1.48425,0.996952,35,internal|choch|brk7990|form7986,internal,150.363,148.384,-1.0,0,0.336702,1.421762,2,SL_HIT,2025-05-01T08:00:00+00:00,1.330787,1.238885,0.996952,0.929164,0.835776,0.604346,0.551289,1.238885,0.751219,36.0,32.0,7.0,0.106266,0.0,1.0,0.0,1.0,0.0,0.643874,0.0,1.074181,1.5,0.929539,0.674219,-0.114187,4.592066,1.660514,0.747748,0.0
XRPUSD_8022_BULLISH_8016_8021,XRPUSD,1h,LONG,2025-05-01T06:00:00+00:00,2025-05-01T00:00:00+00:00,2025-05-01T05:00:00+00:00,8016,8021,8022,2.1963,2.1868,2.21,0.0095,0.432546,80,internal|choch|brk8021|form8016,internal,2.1963,2.1868,1.442105,1,1.494737,0.442105,2,TP_HIT,2025-05-01T08:00:00+00:00,0.432605,0.420662,0.432546,0.420662,0.968421,0.105263,0.610526,0.420662,0.221401,6.0,1.0,0.0,0.013284,0.0,1.0,0.0,0.0,0.0,0.307339,0.004428,1.028391,4.5,0.932267,0.828039,-0.213568,1.82695,-3.106248,0.72549,1.0
ETHUSD_8024_BEARISH_7984_7989,ETHUSD,1h,SHORT,2025-05-01T08:00:00+00:00,2025-04-29T16:00:00+00:00,2025-04-29T21:00:00+00:00,7984,7989,8024,1817.5875,1831.95,1792.97,14.3625,0.790196,44,internal|choch|brk7989|form7984,internal,1831.95,1812.8,-1.0,0,0.232376,2.326371,2,SL_HIT,2025-05-01T10:00:00+00:00,1.053732,1.093505,0.790196,0.820128,0.762402,0.409922,0.049608,1.093505,0.479657,40.0,35.0,7.0,0.013562,0.0,1.0,0.0,0.0,1.0,0.774295,0.0,0.963628,0.5,0.56182,0.710921,0.533828,2.383031,-0.183995,0.912771,0.0
SOLUSD_8051_BEARISH_8041_8045,SOLUSD,1h,SHORT,2025-05-02T11:00:00+00:00,2025-05-02T01:00:00+00:00,2025-05-02T05:00:00+00:00,8041,8045,8051,150.4525,151.63,148.43,1.1775,0.782639,44,internal|choch|brk8045|form8041,internal,151.63,150.06,-1.0,0,0.98896,1.196178,3,SL_HIT,2025-05-02T14:00:00+00:00,1.042151,1.016365,0.782639,0.762274,0.624204,0.440127,0.578981,1.016365,0.419752,10.0,6.0,1.0,0.127855,0.0,1.0,0.0,0.0,0.0,0.760699,0.022658,1.02537,0.5,0.348237,0.564504,1.154905,0.327655,2.358353,0.798182,0.0
ETHUSD_8052_BEARISH_8041_8045,ETHUSD,1h,SHORT,2025-05-02T12:00:00+00:00,2025-05-02T01:00:00+00:00,2025-05-02T05:00:00+00:00,8041,8045,8052,1841.5125,1851.0,1825.25,9.4875,0.515201,67,internal|choch|brk8045|form8041,internal,1851.0,1838.35,-1.0,0,1.366271,1.052701,2,SL_HIT,2025-05-02T14:00:00+00:00,0.687332,0.735924,0.515201,0.551943,0.833992,0.391304,0.371542,0.735924,0.549762,11.0,7.0,0.0,0.061812,0.0,1.0,0.0,0.0,0.0,0.771751,0.037814,0.933971,1.0,0.374556,1.221692,1.368694,-0.154614,1.851134,0.865361,0.0
XRPUSD_8058_BULLISH_8047_8054,XRPUSD,1h,LONG,2025-05-02T18:00:00+00:00,2025-05-02T07:00:00+00:00,2025-05-02T14:00:00+00:00,8047,8054,8058,2.207325,2.1909,2.24,0.016425,0.744113,47,internal|choch|brk8054|form8047,internal,2.2128,2.1909,-1.0,0,0.741248,1.52968,16,SL_HIT,2025-05-03T10:00:00+00:00,0.990278,1.017662,0.744113,0.763247,0.940639,0.219178,0.730594,1.017662,0.748144,11.0,4.0,2.0,0.194006,0.0,1.0,0.0,0.0,1.0,0.46726,0.004647,0.973091,0.5,0.437705,0.385689,-0.234583,-0.544163,2.232803,1.576665,1.0
BTCUSD_8061_BULLISH_8047_8054,BTCUSD,1h,LONG,2025-05-02T21:00:00+00:00,2025-05-02T07:00:00+00:00,2025-05-02T14:00:00+00:00,8047,8054,8061,96674.0,96294.0,97325.43,380.0,0.393074,89,internal|bos|brk8054|form8047,internal,96674.0,96294.0,-1.0,0,0.501316,1.089474,6,SL_HIT,2025-05-03T03:00:00+00:00,0.393094,0.725794,0.393074,0.725794,0.986842,0.432895,0.935526,0.725794,1.87274,14.0,7.0,0.0,0.00955,1.0,0.0,0.0,0.0,1.0,0.762123,0.008595,0.541605,3.5,0.326417,0.915838,-0.649531,0.01138,2.716976,1.02878,1.0
ETHUSD_8071_BULLISH_8048_8056,ETHUSD,1h,LONG,2025-05-03T07:00:00+00:00,2025-05-02T08:00:00+00:00,2025-05-02T16:00:00+00:00,8048,8056,8071,1822.9125,1812.45,1840.85,10.4625,0.573944,60,internal|choch|brk8056|form8048,internal,1826.4,1812.45,-1.0,0,1.580645,1.37276,10,SL_HIT,2025-05-03T17:00:00+00:00,0.763965,0.835112,0.573944,0.626334,0.971326,0.179211,0.530466,0.835112,0.706403,23.0,15.0,2.0,0.184832,0.0,1.0,0.0,0.0,1.0,0.669954,0.050885,0.914806,0.5,0.392642,0.326262,-0.41177,-1.422517,0.708711,0.621042,1.0
SOLUSD_8076_BEARISH_8067_8073,SOLUSD,1h,SHORT,2025-05-03T12:00:00+00:00,2025-05-03T03:00:00+00:00,2025-05-03T09:00:00+00:00,8067,8073,8076,148.24675,149.02,146.92,0.77325,0.521597,67,internal|bos|brk8073|form8067,internal,149.02,147.989,1.71581,1,3.1914,0.932363,5,TP_HIT,2025-05-03T17:00:00+00:00,0.696527,0.697039,0.521597,0.522779,0.969932,0.068865,0.581959,0.697039,0.480017,9.0,3.0,0.0,0.153301,1.0,0.0,0.0,1.0,1.0,0.567401,0.074369,0.999266,0.5,0.3456,0.682842,-0.019588,0.278438,-2.612655,0.946485,0.0
XRPUSD_8077_BEARISH_8066_8074,XRPUSD,1h,SHORT,2025-05-03T13:00:00+00:00,2025-05-03T02:00:00+00:00,2025-05-03T10:00:00+00:00,8066,8074,8077,2.206075,2.2195,2.18,0.013425,0.608547,57,internal|choch|brk8074|form8066,internal,2.2195,2.2016,1.942272,1,2.329609,0.642458,4,TP_HIT,2025-05-03T17:00:00+00:00,0.813045,0.870031,0.608547,0.652523,1.0,0.050279,0.899441,0.870031,0.709634,11.0,3.0,0.0,0.217508,0.0,1.0,0.0,1.0,1.0,0.436915,0.034024,0.934502,0.5,0.327789,0.359677,-0.049939,0.163785,-1.560474,1.371013,0.0
XRPUSD_8103_BEARISH_8093_8097,XRPUSD,1h,SHORT,2025-05-04T15:00:00+00:00,2025-05-04T05:00:00+00:00,2025-05-04T09:00:00+00:00,8093,8097,8103,2.19975,2.2122,2.18,0.01245,0.565973,61,internal|bos|brk8097|form8093,internal,2.2122,2.1956,1.586345,1,1.634538,0.0,1,TP_HIT,2025-05-04T16:00:00+00:00,0.755954,0.836186,0.565973,0.627139,0.981928,0.554217,0.638554,0.836186,0.609509,10.0,6.0,0.0,0.193935,1.0,0.0,0.0,0.0,1.0,0.550898,0.0,0.90405,0.5,0.363746,0.821074,0.489658,0.420725,-0.938332,1.180237,0.0
SOLUSD_8105_BEARISH_8085_8091,SOLUSD,1h,SHORT,2025-05-04T17:00:00+00:00,2025-05-03T21:00:00+00:00,2025-05-04T03:00:00+00:00,8085,8091,8105,147.1135,147.88,145.8,0.7665,0.521026,67,internal|bos|brk8091|form8085,internal,147.88,146.858,1.713633,1,2.795695,0.830398,5,TP_HIT,2025-05-04T22:00:00+00:00,0.694765,0.728651,0.521026,0.546489,0.763209,0.432485,0.009785,0.728651,0.500502,20.0,14.0,2.0,0.009625,1.0,0.0,0.0,0.0,1.0,0.49432,0.061244,0.953495,0.5,0.325877,0.721522,1.135453,0.57432,-1.834513,1.13698,0.0
SOLUSD_8118_BEARISH_8106_8111,SOLUSD,1h,SHORT,2025-05-05T06:00:00+00:00,2025-05-04T18:00:00+00:00,2025-05-04T23:00:00+00:00,8106,8111,8118,146.79675,147.75,145.16,0.95325,0.649367,53,internal|bos|brk8111|form8106,internal,147.75,146.479,1.717021,1,3.315762,0.412536,4,TP_HIT,2025-05-05T10:00:00+00:00,0.866223,0.904854,0.649367,0.67864,0.803304,0.673485,0.487805,0.904854,0.744386,12.0,7.0,2.0,0.048233,1.0,0.0,0.0,0.0,1.0,0.373738,0.007831,0.957307,5.5,0.642813,0.56669,2.493731,-0.021123,-0.892266,0.845409,0.0
ETHUSD_8120_BEARISH_8108_8110,ETHUSD,1h,SHORT,2025-05-05T08:00:00+00:00,2025-05-04T20:00:00+00:00,2025-05-04T22:00:00+00:00,8108,8110,8120,1831.325,1842.05,1812.94,10.725,0.585642,59,internal|choch|brk8110|form8108,internal,1842.05,1827.75,1.714219,1,3.153846,0.0,2,TP_HIT,2025-05-05T10:00:00+00:00,0.782297,0.912299,0.585642,0.684224,0.986014,0.227273,0.534965,0.912299,1.030323,12.0,10.0,1.0,0.215315,0.0,1.0,0.0,0.0,0.0,0.511159,0.041468,0.857501,1.5,0.483579,0.535896,1.881061,0.030097,0.057474,1.092433,0.0
SOLUSD_8151_BULLISH_8006_8017,SOLUSD,1h,LONG,2025-05-06T15:00:00+00:00,2025-04-30T14:00:00+00:00,2025-05-01T01:00:00+00:00,8006,8017,8151,142.56425,140.447,146.19,2.11725,1.48512,23,internal|choch|brk8017|form8006,internal,143.27,140.447,1.712481,1,1.97603,0.094108,7,TP_HIT,2025-05-06T22:00:00+00:00,1.972195,2.038041,1.48512,1.528531,0.95395,0.677294,0.443146,2.038041,0.693064,145.0,134.0,8.0,0.415658,0.0,1.0,0.0,1.0,0.0,0.169666,0.009891,0.967691,5.5,0.498422,1.289388,0.063615,-2.046123,-1.642949,1.484756,1.0
XRPUSD_8154_BEARISH_8130_8143,XRPUSD,1h,SHORT,2025-05-06T18:00:00+00:00,2025-05-05T18:00:00+00:00,2025-05-06T07:00:00+00:00,8130,8143,8154,2.1444,2.1606,2.12,0.0162,0.755456,46,internal|bos|brk8143|form8130,internal,2.1606,2.139,1.506173,1,2.104938,0.104938,3,TP_HIT,2025-05-06T21:00:00+00:00,1.008969,1.077073,0.755456,0.807805,0.916667,0.12037,0.462963,1.077073,0.46374,24.0,11.0,0.0,0.179512,1.0,0.0,0.0,0.0,1.0,0.400999,0.044878,0.936769,28.5,0.525961,1.052141,2.651642,1.109904,-1.901663,1.286633,0.0
BTCUSD_8181_BEARISH_8174_8179,BTCUSD,1h,SHORT,2025-05-07T21:00:00+00:00,2025-05-07T14:00:00+00:00,2025-05-07T19:00:00+00:00,8174,8179,8181,96931.5,97458.0,96028.93,526.5,0.543167,64,internal|choch|brk8179|form8174,internal,97458.0,96756.0,-1.0,0,0.17284,1.637227,3,SL_HIT,2025-05-08T00:00:00+00:00,0.723078,1.443744,0.543167,1.082808,0.531339,0.779915,0.119658,1.443744,0.926505,7.0,2.0,0.0,0.31569,0.0,1.0,0.0,0.0,0.0,0.857306,0.00617,0.500835,42.5,0.306102,1.420093,0.284062,0.583287,2.952795,1.328801,0.0
BTCUSD_8184_BEARISH_8055_8067,BTCUSD,1h,SHORT,2025-05-08T00:00:00+00:00,2025-05-02T15:00:00+00:00,2025-05-03T03:00:00+00:00,8055,8067,8184,97215.625,97849.0,96129.84,633.375,0.651516,53,internal|choch|brk8067|form8055,internal,97849.0,97004.5,-1.0,0,0.0,1.800474,1,SL_HIT,2025-05-08T01:00:00+00:00,0.863978,1.732635,0.651516,1.299477,0.122558,0.934281,0.497336,1.732635,0.390843,129.0,117.0,14.0,1.087129,0.0,1.0,0.0,0.0,0.0,0.989232,0.03693,0.49865,45.5,0.318913,1.955242,1.699051,0.824686,2.879171,0.428287,0.0
BTCUSD_8187_BEARISH_6373_6377,BTCUSD,1h,SHORT,2025-05-08T03:00:00+00:00,2025-02-21T13:00:00+00:00,2025-02-21T17:00:00+00:00,6373,6377,8187,98920.125,99432.0,98042.62,511.875,0.517463,67,internal|choch|brk6377|form6373,internal,99432.0,98749.5,-1.0,0,0.449573,1.664225,5,SL_HIT,2025-05-08T08:00:00+00:00,0.688653,1.384761,0.517463,1.038571,0.476923,0.67326,0.603663,1.384761,2.514888,1814.0,1810.0,1.0,0.378146,0.0,1.0,0.0,0.0,0.0,0.982547,0.010145,0.497308,51.5,0.360149,1.455774,1.925243,2.245435,5.147765,0.863449,0.0
BTCUSD_8189_BEARISH_6038_6044,BTCUSD,1h,SHORT,2025-05-08T05:00:00+00:00,2025-02-07T14:00:00+00:00,2025-02-07T20:00:00+00:00,6038,6044,8189,99007.625,100113.5,97111.84,1105.875,1.116959,31,internal|choch|brk6044|form6038,internal,100113.5,98639.0,-1.0,0,0.287216,2.257375,10,SL_HIT,2025-05-08T15:00:00+00:00,1.493777,2.994904,1.116959,2.246178,0.952187,0.537809,0.600543,2.994904,2.280961,2151.0,2145.0,13.0,0.605531,0.0,1.0,0.0,0.0,0.0,0.888549,0.004062,0.498773,51.0,0.370956,0.798235,0.986235,1.873697,4.554073,1.080579,0.0
XRPUSD_8235_BULLISH_8225_8234,XRPUSD,1h,LONG,2025-05-10T03:00:00+00:00,2025-05-09T17:00:00+00:00,2025-05-10T02:00:00+00:00,8225,8234,8235,2.356675,2.3242,2.41,0.032475,1.378001,25,internal|bos|brk8234|form8225,internal,2.3675,2.3242,1.642032,1,2.510393,0.165512,7,TP_HIT,2025-05-10T10:00:00+00:00,1.82932,1.980749,1.378001,1.485562,0.988453,0.210162,0.859122,1.980749,1.029258,10.0,1.0,0.0,0.472315,1.0,0.0,0.0,1.0,1.0,0.822896,0.018298,0.923549,93.5,0.813626,0.713619,1.158169,-0.629723,10.716123,0.470406,1.0
SOLUSD_8245_BEARISH_8240_8243,SOLUSD,1h,SHORT,2025-05-10T13:00:00+00:00,2025-05-10T08:00:00+00:00,2025-05-10T11:00:00+00:00,8240,8243,8245,171.70275,173.4,168.79,1.69725,0.988482,35,internal|choch|brk8243|form8240,internal,173.4,171.137,-1.0,0,0.86596,1.245102,4,SL_HIT,2025-05-10T17:00:00+00:00,1.318196,1.398917,0.988482,1.049188,0.762704,0.372514,0.331418,1.398917,0.809122,5.0,2.0,1.0,0.017772,0.0,1.0,0.0,0.0,0.0,0.871225,0.03029,0.942297,98.5,0.506145,0.641042,0.069366,-0.895367,11.087097,0.760216,0.0
SOLUSD_8253_BEARISH_6600_6606,SOLUSD,1h,SHORT,2025-05-10T21:00:00+00:00,2025-03-03T00:00:00+00:00,2025-03-03T06:00:00+00:00,6600,6606,8253,175.36375,179.32,168.58,3.95625,2.256025,15,internal|choch|brk6606|form6600,internal,179.32,174.045,-1.0,0,0.634882,1.078863,3,SL_HIT,2025-05-11T00:00:00+00:00,3.028216,3.260223,2.256025,2.445167,0.971564,0.4,0.865024,3.260223,4.940891,1653.0,1647.0,3.0,0.722348,0.0,1.0,0.0,0.0,0.0,0.940021,0.004944,0.928837,97.5,0.503239,1.334992,1.385211,1.238493,8.550362,0.952583,0.0
XRPUSD_8257_BULLISH_8243_8253,XRPUSD,1h,LONG,2025-05-11T01:00:00+00:00,2025-05-10T11:00:00+00:00,2025-05-10T21:00:00+00:00,8243,8253,8257,2.39795,2.3693,2.45,0.02865,1.194771,29,internal|bos|brk8253|form8243,internal,2.4075,2.3693,-1.0,0,0.755672,1.991274,6,SL_HIT,2025-05-11T07:00:00+00:00,1.587302,1.683023,1.194771,1.262267,0.97644,0.340314,0.327225,1.683023,0.665279,14.0,4.0,1.0,0.381103,1.0,0.0,0.0,0.0,1.0,0.79555,0.0,0.943126,100.0,0.677539,2.004647,-0.734202,0.644028,3.425158,0.831969,1.0
SOLUSD_8272_BULLISH_8243_8253,SOLUSD,1h,LONG,2025-05-11T16:00:00+00:00,2025-05-10T11:00:00+00:00,2025-05-10T21:00:00+00:00,8243,8253,8272,170.18425,168.712,172.71,1.47225,0.865092,40,internal|choch|brk8253|form8243,internal,170.675,168.712,1.715571,1,2.078961,0.021905,2,TP_HIT,2025-05-11T18:00:00+00:00,1.151286,1.150132,0.865092,0.862599,0.913398,0.666327,0.666786,1.150132,0.90288,29.0,19.0,1.0,0.187929,0.0,1.0,0.0,0.0,1.0,0.726722,0.083199,1.001003,100.0,0.843149,1.359886,-2.415224,-3.639549,0.721868,1.172461,1.0
ETHUSD_8294_BULLISH_8286_8287,ETHUSD,1h,LONG,2025-05-12T14:00:00+00:00,2025-05-12T06:00:00+00:00,2025-05-12T07:00:00+00:00,8286,8287,8294,2512.525,2485.3,2559.2,27.225,1.083571,32,internal|bos|brk8287|form8286,internal,2521.6,2485.3,-1.0,0,0.087236,1.247934,1,SL_HIT,2025-05-12T15:00:00+00:00,1.44887,1.359105,1.083571,1.019329,0.553719,0.960055,0.549587,1.359105,1.360977,8.0,7.0,1.0,0.266766,1.0,0.0,0.0,0.0,1.0,0.824667,0.035569,1.066048,100.0,0.846698,3.109467,-1.766355,-0.334155,4.070782,1.199616,1.0
SOLUSD_8303_BEARISH_8295_8297,SOLUSD,1h,SHORT,2025-05-12T23:00:00+00:00,2025-05-12T15:00:00+00:00,2025-05-12T17:00:00+00:00,8295,8297,8303,174.8515,177.226,170.78,2.3745,1.35801,25,internal|choch|brk8297|form8295,internal,177.226,174.06,1.714677,1,2.23605,0.0,2,TP_HIT,2025-05-13T01:00:00+00:00,1.817931,1.707973,1.35801,1.28098,0.97031,0.217941,0.455148,1.707973,2.039749,8.0,6.0,1.0,0.376283,0.0,1.0,0.0,0.0,1.0,0.664471,0.026434,1.064379,97.5,0.980642,0.623092,2.20665,-1.338122,-0.023537,0.409412,0.0
SOLUSD_8313_BEARISH_8303_8307,SOLUSD,1h,SHORT,2025-05-13T09:00:00+00:00,2025-05-12T23:00:00+00:00,2025-05-13T03:00:00+00:00,8303,8307,8313,173.88375,174.75,172.4,0.86625,0.498178,70,internal|bos|brk8307|form8303,internal,174.75,173.595,-1.0,0,1.029437,1.434055,2,SL_HIT,2025-05-13T11:00:00+00:00,0.664978,0.614182,0.498178,0.460636,0.917749,0.341991,0.423377,0.614182,1.066177,10.0,6.0,0.0,0.103028,1.0,0.0,0.0,0.0,0.0,0.592156,0.033501,1.082705,97.5,1.022671,0.915157,2.264431,1.93434,0.631518,0.911864,0.0
XRPUSD_8332_BEARISH_8327_8330,XRPUSD,1h,SHORT,2025-05-14T04:00:00+00:00,2025-05-13T23:00:00+00:00,2025-05-14T02:00:00+00:00,8327,8330,8332,2.573725,2.6023,2.52,0.028575,1.110258,31,internal|choch|brk8330|form8327,internal,2.6023,2.5642,-1.0,0,0.427822,2.165354,3,SL_HIT,2025-05-14T07:00:00+00:00,1.479095,1.378805,1.110258,1.034103,0.692913,0.412073,0.081365,1.378805,0.336559,5.0,2.0,0.0,0.078711,0.0,1.0,0.0,1.0,0.0,0.758084,0.007238,1.072737,98.5,0.57242,1.183383,-0.267152,1.453328,7.661122,0.656071,0.0
XRPUSD_8336_BULLISH_8330_8335,XRPUSD,1h,LONG,2025-05-14T08:00:00+00:00,2025-05-14T02:00:00+00:00,2025-05-14T07:00:00+00:00,8330,8335,8336,2.562225,2.541,2.6,0.021225,0.828382,42,internal|choch|brk8335|form8330,internal,2.5693,2.541,1.779741,1,4.248528,0.048292,1,TP_HIT,2025-05-14T09:00:00+00:00,1.101639,1.010411,0.828382,0.757808,0.985866,0.102473,0.328622,1.010411,1.013981,6.0,1.0,0.0,0.238321,0.0,1.0,0.0,1.0,1.0,0.73673,0.049985,1.090288,100.0,0.636317,2.634923,0.465389,0.551902,7.144645,0.939493,1.0
XRPUSD_8354_BULLISH_8318_8322,XRPUSD,1h,LONG,2025-05-15T02:00:00+00:00,2025-05-13T14:00:00+00:00,2025-05-13T18:00:00+00:00,8318,8322,8354,2.531325,2.5041,2.58,0.027225,1.075524,32,internal|choch|brk8322|form8318,internal,2.5404,2.5041,-1.0,0,0.539027,1.433425,3,SL_HIT,2025-05-15T05:00:00+00:00,1.430655,1.282189,1.075524,0.961641,0.914601,0.804408,0.479339,1.282189,0.565152,36.0,32.0,4.0,0.211049,0.0,1.0,0.0,0.0,1.0,0.640329,0.035322,1.115791,93.0,0.92048,0.812406,-0.944759,-2.893337,1.748406,0.447744,1.0
ETHUSD_8367_BEARISH_8364_8366,ETHUSD,1h,SHORT,2025-05-15T15:00:00+00:00,2025-05-15T12:00:00+00:00,2025-05-15T14:00:00+00:00,8364,8366,8367,2551.975,2579.5,2504.79,27.525,1.078576,32,internal|bos|brk8366|form8364,internal,2579.5,2542.8,-1.0,0,0.0,1.722979,1,SL_HIT,2025-05-15T16:00:00+00:00,1.431609,1.223422,1.078576,0.917566,0.434605,0.707084,0.057221,1.223422,1.046742,3.0,1.0,0.0,0.385861,1.0,0.0,0.0,0.0,0.0,0.470978,0.018335,1.170168,100.0,1.052329,2.380172,0.814047,-2.584028,0.576731,1.557211,0.0
ETHUSD_8385_BEARISH_8352_8359,ETHUSD,1h,SHORT,2025-05-16T09:00:00+00:00,2025-05-15T00:00:00+00:00,2025-05-15T07:00:00+00:00,8352,8359,8385,2616.475,2646.4,2565.18,29.925,1.143714,30,internal|bos|brk8359|form8352,internal,2646.4,2606.5,-1.0,0,0.365079,1.075188,2,SL_HIT,2025-05-16T11:00:00+00:00,1.528384,1.317402,1.143714,0.988051,0.897243,0.327068,0.558897,1.317402,1.423058,33.0,26.0,1.0,0.193978,1.0,0.0,0.0,0.0,1.0,0.612845,0.001651,1.16015,98.5,0.981014,1.517158,1.431763,3.408528,-1.098651,1.050549,0.0
SOLUSD_8390_BULLISH_8384_8389,SOLUSD,1h,LONG,2025-05-16T14:00:00+00:00,2025-05-16T08:00:00+00:00,2025-05-16T13:00:00+00:00,8384,8389,8390,171.585675,169.3107,175.49,2.274975,1.325854,26,internal|choch|brk8389|form8384,internal,172.344,169.3107,-1.0,0,0.707403,1.246464,6,SL_HIT,2025-05-16T20:00:00+00:00,1.769152,1.480191,1.325854,1.110143,0.70692,0.514291,0.679128,1.480191,0.814439,6.0,1.0,0.0,0.063767,0.0,1.0,0.0,0.0,0.0,0.282972,0.00732,1.195219,96.5,0.686276,1.422951,-0.676044,1.408859,-4.872473,1.191595,1.0
BTCUSD_8409_BULLISH_8371_8378,BTCUSD,1h,LONG,2025-05-17T09:00:00+00:00,2025-05-15T19:00:00+00:00,2025-05-16T02:00:00+00:00,8371,8378,8409,103021.375,102509.5,103898.88,511.875,0.496863,70,internal|bos|brk8378|form8371,internal,103192.0,102509.5,1.714295,1,1.8337,0.823199,22,TP_HIT,2025-05-18T07:00:00+00:00,0.66351,1.241701,0.496863,0.931276,0.516484,0.920879,0.663004,1.241701,0.289275,38.0,31.0,6.0,0.289958,1.0,0.0,0.0,0.0,1.0,0.42323,0.034568,0.534356,52.5,0.288885,1.340855,-0.722896,-0.756421,1.098339,0.900235,1.0
BTCUSD_8432_BEARISH_8392_8401,BTCUSD,1h,SHORT,2025-05-18T08:00:00+00:00,2025-05-16T16:00:00+00:00,2025-05-17T01:00:00+00:00,8392,8401,8432,103982.625,104535.0,103035.7,552.375,0.531219,65,internal|choch|brk8401|form8392,internal,104535.0,103798.5,-1.0,0,0.565965,1.463453,5,SL_HIT,2025-05-18T13:00:00+00:00,0.708991,1.405026,0.531219,1.05377,0.889341,0.368635,0.061779,1.405026,0.974838,40.0,31.0,1.0,0.195778,0.0,1.0,0.0,0.0,1.0,0.796109,0.0,0.504611,22.0,0.198091,0.53225,0.605298,0.764855,-0.075991,1.086274,0.0
SOLUSD_8450_BULLISH_8422_8428,SOLUSD,1h,LONG,2025-05-19T02:00:00+00:00,2025-05-17T22:00:00+00:00,2025-05-18T04:00:00+00:00,8422,8428,8450,166.32575,164.291,169.81,2.03475,1.223352,28,internal|choch|brk8428|form8422,internal,167.004,164.291,-1.0,0,0.30876,1.893967,2,SL_HIT,2025-05-19T04:00:00+00:00,1.626752,1.305347,1.223352,0.97901,0.915223,0.912643,0.586067,1.305347,0.774644,28.0,22.0,4.0,0.215673,0.0,1.0,0.0,0.0,1.0,0.196976,0.036567,1.246222,100.0,1.209552,1.223071,-0.422732,-2.319397,0.02459,0.867582,1.0
BTCUSD_8451_BULLISH_8444_8447,BTCUSD,1h,LONG,2025-05-19T03:00:00+00:00,2025-05-18T20:00:00+00:00,2025-05-18T23:00:00+00:00,8444,8447,8451,103963.75,103229.5,105222.46,734.25,0.706256,49,internal|bos|brk8447|form8444,internal,104208.5,103229.5,-1.0,0,0.0,1.646919,1,SL_HIT,2025-05-19T04:00:00+00:00,0.945291,1.761262,0.706256,1.320947,0.343718,0.707354,0.172114,1.761262,0.90132,7.0,4.0,0.0,0.715569,1.0,0.0,0.0,0.0,1.0,0.388586,0.078258,0.536712,73.5,0.628891,1.987941,-2.212738,-0.336811,0.755917,1.126442,1.0
BTCUSD_8454_BULLISH_8366_8369,BTCUSD,1h,LONG,2025-05-19T06:00:00+00:00,2025-05-15T14:00:00+00:00,2025-05-15T17:00:00+00:00,8366,8369,8454,102107.0,101322.5,103451.86,784.5,0.768312,45,internal|choch|brk8369|form8366,internal,102368.5,101322.5,1.714289,1,1.768005,0.008923,7,TP_HIT,2025-05-19T13:00:00+00:00,1.023714,1.865378,0.768312,1.399034,0.816922,0.305927,0.155832,1.865378,0.247885,88.0,85.0,0.0,0.124834,0.0,1.0,0.0,0.0,0.0,0.148004,0.019617,0.548797,91.5,0.661903,1.956329,-2.724239,-3.144714,-1.384023,1.400931,1.0
SOLUSD_8471_BEARISH_8446_8452,SOLUSD,1h,SHORT,2025-05-19T23:00:00+00:00,2025-05-18T22:00:00+00:00,2025-05-19T04:00:00+00:00,8446,8452,8471,167.1085,170.125,161.94,3.0165,1.805115,19,internal|choch|brk8452|form8446,internal,170.125,166.103,-1.0,0,0.131444,1.188961,2,SL_HIT,2025-05-20T01:00:00+00:00,2.411502,1.920172,1.805115,1.440129,0.830681,0.412979,0.635007,1.920172,0.936215,25.0,19.0,5.0,0.154922,0.0,1.0,0.0,0.0,1.0,0.427851,0.03151,1.255878,93.5,0.798994,0.607752,1.214324,3.308928,-0.107209,0.382009,0.0
ETHUSD_8482_BULLISH_8466_8474,ETHUSD,1h,LONG,2025-05-20T10:00:00+00:00,2025-05-19T18:00:00+00:00,2025-05-20T02:00:00+00:00,8466,8474,8482,2508.075,2475.3,2564.26,32.775,1.306779,26,internal|bos|brk8474|form8466,internal,2519.0,2475.3,-1.0,0,0.333333,1.358505,3,SL_HIT,2025-05-20T13:00:00+00:00,1.737333,1.390206,1.306779,1.042655,0.916476,0.268879,0.350114,1.390206,0.841441,16.0,8.0,0.0,0.231436,1.0,0.0,0.0,0.0,0.0,0.602268,0.009544,1.249694,92.0,0.732826,0.828716,-1.698062,-0.148863,-0.059598,0.829772,1.0
BTCUSD_8503_BULLISH_8494_8501,BTCUSD,1h,LONG,2025-05-21T07:00:00+00:00,2025-05-20T22:00:00+00:00,2025-05-21T05:00:00+00:00,8494,8501,8503,106615.0,105889.0,107859.57,726.0,0.680955,51,internal|bos|brk8501|form8494,internal,106857.0,105889.0,1.714284,1,3.283747,0.780992,7,TP_HIT,2025-05-21T14:00:00+00:00,0.909142,1.605675,0.680955,1.204256,0.604339,0.46126,0.171488,1.605675,0.412201,9.0,2.0,0.0,0.233884,1.0,0.0,0.0,0.0,1.0,0.748499,0.037322,0.566206,100.0,0.596339,2.357091,-0.319244,1.238935,3.37131,0.971979,1.0
XRPUSD_8503_BULLISH_8491_8500,XRPUSD,1h,LONG,2025-05-21T07:00:00+00:00,2025-05-20T19:00:00+00:00,2025-05-21T04:00:00+00:00,8491,8500,8503,2.352025,2.3143,2.42,0.037725,1.603937,21,internal|choch|brk8500|form8491,internal,2.3646,2.3143,1.801856,1,2.02717,0.602386,9,TP_HIT,2025-05-21T16:00:00+00:00,2.142431,1.85138,1.603937,1.388535,0.666004,0.483101,0.779324,1.85138,0.438,12.0,3.0,0.0,0.155509,0.0,1.0,0.0,0.0,1.0,0.394375,0.044168,1.157208,6.0,0.647522,1.486993,-0.322663,0.63869,0.264776,1.000147,1.0
SOLUSD_8504_BULLISH_8494_8499,SOLUSD,1h,LONG,2025-05-21T08:00:00+00:00,2025-05-20T22:00:00+00:00,2025-05-21T03:00:00+00:00,8494,8499,8504,167.76725,166.28,170.32,1.48725,0.886496,39,internal|choch|brk8499|form8494,internal,168.263,166.28,1.716423,1,1.736594,0.305429,5,TP_HIT,2025-05-21T13:00:00+00:00,1.179992,0.942523,0.886496,0.706892,0.893596,0.117499,0.237519,0.942523,0.566084,10.0,5.0,1.0,0.135342,0.0,1.0,0.0,0.0,1.0,0.500516,0.022814,1.251951,90.0,0.818627,0.674928,-1.119126,0.094703,5.29442,1.00655,1.0
ETHUSD_8513_BULLISH_8490_8501,ETHUSD,1h,LONG,2025-05-21T17:00:00+00:00,2025-05-20T18:00:00+00:00,2025-05-21T05:00:00+00:00,8490,8501,8513,2488.125,2442.0,2567.2,46.125,1.853806,18,internal|choch|brk8501|form8490,internal,2503.5,2442.0,1.714363,1,2.403794,0.64878,6,TP_HIT,2025-05-21T23:00:00+00:00,2.488166,1.897886,1.853806,1.423414,0.482927,0.85122,0.719512,1.897886,1.326977,23.0,12.0,0.0,0.506874,0.0,1.0,0.0,0.0,1.0,0.523062,0.001543,1.31102,100.0,1.20516,4.456174,-2.631475,-2.644898,0.231144,1.926235,1.0
XRPUSD_8513_BULLISH_8506_8510,XRPUSD,1h,LONG,2025-05-21T17:00:00+00:00,2025-05-21T10:00:00+00:00,2025-05-21T14:00:00+00:00,8506,8510,8513,2.3422,2.3293,2.36,0.0129,0.550764,63,internal|bos|brk8510|form8506,internal,2.3465,2.3293,1.379845,1,2.387597,0.147287,1,TP_HIT,2025-05-21T18:00:00+00:00,0.733319,0.62962,0.550764,0.472215,0.94186,0.755814,0.255814,0.62962,1.19335,7.0,3.0,0.0,0.120799,1.0,0.0,0.0,0.0,0.0,0.38061,0.021963,1.164701,9.5,0.830656,3.177386,-0.348388,-0.420311,-0.114982,1.904026,1.0
XRPUSD_8515_BEARISH_8448_8454,XRPUSD,1h,SHORT,2025-05-21T19:00:00+00:00,2025-05-19T00:00:00+00:00,2025-05-19T06:00:00+00:00,8448,8454,8515,2.39965,2.4403,2.33,0.04065,1.693997,20,internal|choch|brk8454|form8448,internal,2.4403,2.3861,-1.0,0,0.724477,1.02706,13,SL_HIT,2025-05-22T08:00:00+00:00,2.267877,1.977616,1.693997,1.483212,0.929889,0.782288,0.52583,1.977616,2.098024,67.0,61.0,14.0,0.355752,0.0,1.0,0.0,1.0,0.0,0.64632,0.025541,1.146773,12.5,0.887267,1.448549,-0.416684,0.848173,0.95041,1.751202,0.0
SOLUSD_8518_BEARISH_8512_8513,SOLUSD,1h,SHORT,2025-05-21T22:00:00+00:00,2025-05-21T16:00:00+00:00,2025-05-21T17:00:00+00:00,8512,8513,8518,172.22075,174.92,167.59,2.69925,1.56732,22,internal|choch|brk8513|form8512,internal,174.92,171.321,-1.0,0,0.402612,1.372326,1,SL_HIT,2025-05-21T23:00:00+00:00,2.096025,1.669356,1.56732,1.252017,0.893026,0.249792,0.27202,1.669356,2.866987,6.0,5.0,1.0,0.238761,0.0,1.0,0.0,0.0,0.0,0.709914,0.003711,1.255589,99.0,1.133818,1.157742,2.791497,1.731207,3.516546,0.691005,0.0
ETHUSD_8520_BEARISH_8512_8513,ETHUSD,1h,SHORT,2025-05-22T00:00:00+00:00,2025-05-21T16:00:00+00:00,2025-05-21T17:00:00+00:00,8512,8513,8520,2569.475,2615.0,2491.43,45.525,1.771763,19,internal|choch|brk8513|form8512,internal,2615.0,2554.3,-1.0,0,0.210324,1.718287,3,SL_HIT,2025-05-22T03:00:00+00:00,2.347391,1.851589,1.771763,1.388692,0.480231,0.736409,0.303954,1.851589,3.474398,8.0,7.0,1.0,0.499502,0.0,1.0,0.0,0.0,0.0,0.900479,0.028979,1.267771,100.0,1.321852,1.328446,2.925548,2.474836,3.26877,0.430627,0.0
ETHUSD_8523_BEARISH_8387_8400,ETHUSD,1h,SHORT,2025-05-22T03:00:00+00:00,2025-05-16T11:00:00+00:00,2025-05-17T00:00:00+00:00,8387,8400,8523,2624.0125,2648.65,2581.78,24.6375,0.938925,37,internal|choch|brk8400|form8387,internal,2648.65,2615.8,-1.0,0,0.881279,2.333333,5,SL_HIT,2025-05-22T08:00:00+00:00,1.249501,0.996489,0.938925,0.747367,0.596651,0.971081,0.114155,0.996489,1.099627,136.0,123.0,1.0,0.15281,0.0,1.0,0.0,0.0,0.0,0.944195,0.001517,1.253903,100.0,1.248299,1.898942,3.701878,3.567067,3.505906,0.732096,0.0
SOLUSD_8523_BEARISH_8352_8357,SOLUSD,1h,SHORT,2025-05-22T03:00:00+00:00,2025-05-15T00:00:00+00:00,2025-05-15T05:00:00+00:00,8352,8357,8523,176.9635,178.246,174.76,1.2825,0.724726,48,internal|bos|brk8357|form8352,internal,178.246,176.536,-1.0,0,1.355556,1.397661,4,SL_HIT,2025-05-22T07:00:00+00:00,0.967277,0.785449,0.724726,0.589087,0.854386,0.567251,0.605263,0.785449,0.830923,171.0,166.0,2.0,0.08199,1.0,0.0,0.0,0.0,0.0,0.960358,0.007809,1.231495,100.0,1.172998,1.687109,2.957963,4.406345,4.051771,0.713407,0.0
ETHUSD_8550_BULLISH_8539_8546,ETHUSD,1h,LONG,2025-05-23T06:00:00+00:00,2025-05-22T19:00:00+00:00,2025-05-23T02:00:00+00:00,8539,8546,8550,2652.3625,2626.0,2697.56,26.3625,0.993925,35,internal|bos|brk8546|form8539,internal,2661.15,2626.0,-1.0,0,1.361309,3.865813,5,SL_HIT,2025-05-23T11:00:00+00:00,1.323045,1.066315,0.993925,0.799736,0.874822,0.288762,0.691323,1.066315,0.917668,11.0,4.0,0.0,0.1331,1.0,0.0,0.0,0.0,1.0,0.799017,0.003034,1.240764,97.0,0.661618,1.407597,-0.691524,-0.251553,4.184232,1.132527,1.0
XRPUSD_8550_BULLISH_8541_8545,XRPUSD,1h,LONG,2025-05-23T06:00:00+00:00,2025-05-22T21:00:00+00:00,2025-05-23T01:00:00+00:00,8541,8545,8550,2.417225,2.4047,2.44,0.012525,0.518156,67,internal|bos|brk8545|form8541,internal,2.4214,2.4047,1.818363,1,2.105788,0.041916,2,TP_HIT,2025-05-23T08:00:00+00:00,0.690026,0.630496,0.518156,0.472872,0.928144,0.682635,0.640719,0.630496,0.687127,9.0,5.0,0.0,0.112319,1.0,0.0,0.0,0.0,1.0,0.698132,0.011326,1.094418,4.5,0.504378,1.770673,-1.280796,-0.497472,2.126762,1.208484,1.0
XRPUSD_8555_BULLISH_8514_8528,XRPUSD,1h,LONG,2025-05-23T11:00:00+00:00,2025-05-21T18:00:00+00:00,2025-05-22T08:00:00+00:00,8514,8528,8555,2.364825,2.3403,2.41,0.024525,1.037075,33,internal|bos|brk8528|form8514,internal,2.373,2.3403,-1.0,0,0.0,2.598369,1,SL_HIT,2025-05-23T12:00:00+00:00,1.38401,1.228224,1.037075,0.921168,0.685015,0.672783,0.336391,1.228224,1.104274,41.0,27.0,0.0,0.079816,1.0,0.0,0.0,0.0,1.0,0.396294,0.0,1.126839,8.5,0.872535,3.463065,-2.375837,-2.428247,1.039172,1.275305,1.0
BTCUSD_8578_BEARISH_8561_8566,BTCUSD,1h,SHORT,2025-05-24T10:00:00+00:00,2025-05-23T17:00:00+00:00,2025-05-23T22:00:00+00:00,8561,8566,8578,109173.25,109771.0,108148.54,597.75,0.547524,63,internal|bos|brk8566|form8561,internal,109771.0,108974.0,1.714279,1,2.071518,0.464659,12,TP_HIT,2025-05-24T22:00:00+00:00,0.730824,1.185789,0.547524,0.889341,0.898369,0.316813,0.424718,1.185789,0.737956,17.0,12.0,0.0,0.175934,1.0,0.0,0.0,0.0,1.0,0.627485,0.779615,0.616319,93.5,0.398478,1.635109,0.786012,0.346896,-1.206216,0.923989,0.0
ETHUSD_8581_BULLISH_8574_8578,ETHUSD,1h,LONG,2025-05-24T13:00:00+00:00,2025-05-24T06:00:00+00:00,2025-05-24T10:00:00+00:00,8574,8578,8581,2550.1125,2534.85,2576.28,15.2625,0.598503,58,internal|choch|brk8578|form8574,internal,2555.2,2534.85,-1.0,0,1.096642,1.910729,8,SL_HIT,2025-05-24T21:00:00+00:00,0.799293,0.632626,0.598503,0.47447,0.547912,0.604423,0.17199,0.632626,0.528484,7.0,3.0,1.0,0.127846,0.0,1.0,0.0,0.0,0.0,0.355616,0.004663,1.263452,66.0,0.408499,0.601539,-0.402926,0.30928,-3.942652,0.793106,1.0
ETHUSD_8604_BEARISH_8595_8600,ETHUSD,1h,SHORT,2025-05-25T12:00:00+00:00,2025-05-25T03:00:00+00:00,2025-05-25T08:00:00+00:00,8595,8600,8604,2506.15,2520.0,2482.41,13.85,0.552641,63,internal|bos|brk8600|form8595,internal,2520.0,2506.15,-1.0,0,0.0,1.310469,1,SL_HIT,2025-05-25T13:00:00+00:00,0.550422,0.449137,0.552641,0.449137,0.270758,0.841155,0.353791,0.449137,0.549666,9.0,4.0,0.0,0.32753,1.0,0.0,0.0,0.0,1.0,0.229792,0.01135,1.225511,23.5,0.54973,0.768559,0.896187,-0.897974,-5.797237,1.412063,0.0
BTCUSD_8606_BULLISH_8514_8520,BTCUSD,1h,LONG,2025-05-25T14:00:00+00:00,2025-05-21T18:00:00+00:00,2025-05-22T00:00:00+00:00,8514,8520,8606,107107.25,106286.0,108515.11,821.25,0.766755,45,internal|bos|brk8520|form8514,internal,107381.0,106286.0,1.714289,1,2.523896,0.71446,8,TP_HIT,2025-05-25T22:00:00+00:00,1.020266,1.68828,0.766755,1.26621,0.948858,0.655251,0.314155,1.68828,0.474877,92.0,86.0,13.0,0.335729,1.0,0.0,0.0,1.0,0.0,0.208859,0.038545,0.604323,56.5,0.252449,0.763195,0.214763,-0.356516,-1.003113,1.173418,1.0
SOLUSD_8610_BEARISH_8605_8608,SOLUSD,1h,SHORT,2025-05-25T18:00:00+00:00,2025-05-25T13:00:00+00:00,2025-05-25T16:00:00+00:00,8605,8608,8610,171.3925,172.6,169.32,1.2075,0.704523,49,internal|bos|brk8608|form8605,internal,172.6,170.99,-1.0,0,0.0,1.120911,1,SL_HIT,2025-05-25T19:00:00+00:00,0.938425,0.756266,0.704523,0.567199,0.643478,0.514907,0.334783,0.756266,0.099113,5.0,2.0,1.0,0.080559,1.0,0.0,0.0,1.0,1.0,0.277049,0.058247,1.240867,51.5,0.654745,0.55663,-0.221582,-1.152882,-5.300634,1.1255,0.0
ETHUSD_8613_BULLISH_8607_8611,ETHUSD,1h,LONG,2025-05-25T21:00:00+00:00,2025-05-25T15:00:00+00:00,2025-05-25T19:00:00+00:00,8607,8611,8613,2505.925,2479.0,2552.08,26.925,1.074454,32,internal|choch|brk8611|form8607,internal,2514.9,2479.0,1.714206,1,1.772516,0.0,1,TP_HIT,2025-05-25T22:00:00+00:00,1.427662,1.183623,1.074454,0.887717,0.991643,0.220056,0.140669,1.183623,0.356076,6.0,2.0,1.0,0.286015,0.0,1.0,0.0,1.0,0.0,0.204163,0.006594,1.20618,17.0,0.367709,0.789632,0.149352,0.319157,-1.790701,0.727591,1.0
SOLUSD_8616_BEARISH_8588_8592,SOLUSD,1h,SHORT,2025-05-26T00:00:00+00:00,2025-05-24T20:00:00+00:00,2025-05-25T00:00:00+00:00,8588,8592,8616,176.865,177.878,175.13,1.013,0.572753,61,internal|bos|brk8592|form8588,internal,177.878,176.865,-1.0,0,1.175716,1.037512,5,SL_HIT,2025-05-26T05:00:00+00:00,0.570762,0.476748,0.572753,0.476748,0.390918,0.701876,0.498519,0.476748,1.699916,28.0,24.0,0.0,0.290379,1.0,0.0,0.0,0.0,0.0,0.452538,0.017037,1.197198,51.0,0.669099,1.17281,2.913173,3.214813,1.016529,0.829186,0.0
XRPUSD_8646_BULLISH_8607_8614,XRPUSD,1h,LONG,2025-05-27T06:00:00+00:00,2025-05-25T15:00:00+00:00,2025-05-25T22:00:00+00:00,8607,8614,8646,2.28545,2.2646,2.32,0.02085,0.912293,38,internal|choch|brk8614|form8607,internal,2.2924,2.2646,1.657074,1,1.781775,0.0,5,TP_HIT,2025-05-27T11:00:00+00:00,1.215141,1.207599,0.912293,0.905699,0.834532,0.960432,0.176259,1.207599,1.39873,39.0,32.0,5.0,0.102081,0.0,1.0,0.0,1.0,0.0,0.108869,0.034751,1.006245,0.5,0.39423,0.977373,0.15322,-1.895369,-1.502562,1.113388,1.0
BTCUSD_8647_BEARISH_8638_8641,BTCUSD,1h,SHORT,2025-05-27T07:00:00+00:00,2025-05-26T22:00:00+00:00,2025-05-27T01:00:00+00:00,8638,8641,8647,109312.125,109863.0,108367.77,550.875,0.503947,69,internal|choch|brk8641|form8638,internal,109863.0,109128.5,-1.0,0,0.0,1.014522,2,SL_HIT,2025-05-27T09:00:00+00:00,0.670816,1.138264,0.503947,0.853698,0.503063,0.656909,0.211028,1.138264,1.161509,9.0,6.0,3.0,0.281079,0.0,1.0,0.0,0.0,0.0,0.61432,0.065863,0.589333,46.5,0.327312,1.270764,1.166019,0.124363,1.311108,0.913807,0.0
SOLUSD_8647_BEARISH_8638_8641,SOLUSD,1h,SHORT,2025-05-27T07:00:00+00:00,2025-05-26T22:00:00+00:00,2025-05-27T01:00:00+00:00,8638,8641,8647,174.432,175.926,171.87,1.494,0.856494,40,internal|choch|brk8641|form8638,internal,175.926,173.934,-1.0,0,0.0,1.42905,1,SL_HIT,2025-05-27T08:00:00+00:00,1.135522,0.969849,0.856494,0.727387,0.251004,0.98494,0.426205,0.969849,0.963033,9.0,6.0,4.0,0.483951,0.0,1.0,0.0,0.0,0.0,0.341827,0.016067,1.170823,1.0,0.595352,1.149992,1.823142,-0.107622,0.845621,0.911455,0.0
XRPUSD_8648_BEARISH_8638_8641,XRPUSD,1h,SHORT,2025-05-27T08:00:00+00:00,2025-05-26T22:00:00+00:00,2025-05-27T01:00:00+00:00,8638,8641,8648,2.307375,2.3235,2.28,0.016125,0.698846,50,internal|bos|brk8641|form8638,internal,2.3235,2.302,-1.0,0,0.035659,1.167442,4,SL_HIT,2025-05-27T12:00:00+00:00,0.928926,0.937192,0.698846,0.702894,0.418605,0.604651,0.288372,0.937192,0.780267,10.0,7.0,4.0,0.310581,1.0,0.0,0.0,0.0,1.0,0.255374,0.056667,0.99118,0.5,0.439886,0.627701,0.845279,0.669827,-0.150992,1.14838,0.0
BTCUSD_8665_BULLISH_8642_8655,BTCUSD,1h,LONG,2025-05-28T01:00:00+00:00,2025-05-27T02:00:00+00:00,2025-05-27T15:00:00+00:00,8642,8655,8665,108469.25,107865.5,109504.25,603.75,0.556609,62,internal|choch|brk8655|form8642,internal,108670.5,107865.5,-1.0,0,1.024845,1.72381,13,SL_HIT,2025-05-28T14:00:00+00:00,0.741017,1.2521,0.556609,0.939075,0.95528,0.148447,0.153416,1.2521,1.17744,23.0,10.0,2.0,0.25703,0.0,1.0,0.0,0.0,0.0,0.507015,0.020998,0.591819,36.5,0.316592,1.03201,-0.793582,-0.93426,-0.305138,0.538114,1.0
ETHUSD_8678_BULLISH_8674_8675,ETHUSD,1h,LONG,2025-05-28T14:00:00+00:00,2025-05-28T10:00:00+00:00,2025-05-28T11:00:00+00:00,8674,8675,8678,2633.8375,2608.0,2678.13,25.8375,0.980983,35,internal|bos|brk8675|form8674,internal,2642.45,2608.0,1.714272,1,2.032414,0.862603,9,TP_HIT,2025-05-28T23:00:00+00:00,1.310409,1.201737,0.980983,0.901303,0.608128,0.644412,0.399129,1.201737,0.556392,4.0,3.0,0.0,0.170493,1.0,0.0,0.0,1.0,1.0,0.668127,0.0,1.090429,3.5,0.457169,1.395341,0.091375,-1.178439,2.389391,1.459664,1.0
BTCUSD_8684_BULLISH_8607_8614,BTCUSD,1h,LONG,2025-05-28T20:00:00+00:00,2025-05-25T15:00:00+00:00,2025-05-25T22:00:00+00:00,8607,8614,8684,107173.0,106520.5,108291.57,652.5,0.608829,57,internal|choch|brk8614|form8607,internal,107390.5,106520.5,1.714284,1,1.72567,0.097318,5,TP_HIT,2025-05-29T01:00:00+00:00,0.810939,1.377065,0.608829,1.032799,0.876437,0.751149,0.444828,1.377065,2.70427,77.0,70.0,5.0,0.174112,0.0,1.0,0.0,1.0,0.0,0.182876,0.015037,0.58889,17.5,0.299504,1.017762,0.192853,-1.525088,-1.646062,1.187513,1.0
BTCUSD_8698_BEARISH_8672_8677,BTCUSD,1h,SHORT,2025-05-29T10:00:00+00:00,2025-05-28T08:00:00+00:00,2025-05-28T13:00:00+00:00,8672,8677,8698,108550.0,109088.0,107627.71,538.0,0.495624,70,internal|bos|brk8677|form8672,internal,109088.0,108550.0,1.714294,1,2.157993,0.596654,3,TP_HIT,2025-05-29T13:00:00+00:00,0.494835,0.859847,0.495624,0.859847,0.678439,0.531599,0.400558,0.859847,1.296962,26.0,21.0,1.0,0.276493,1.0,0.0,0.0,0.0,1.0,0.528241,0.151033,0.575493,7.5,0.303763,0.759957,1.003317,1.7001,-0.856719,0.850263,0.0
BTCUSD_8701_BULLISH_8692_8697,BTCUSD,1h,LONG,2025-05-29T13:00:00+00:00,2025-05-29T04:00:00+00:00,2025-05-29T09:00:00+00:00,8692,8697,8701,107775.25,106897.0,109280.82,878.25,0.81489,42,internal|choch|brk8697|form8692,internal,108068.0,106897.0,-1.0,0,0.027042,1.553942,1,SL_HIT,2025-05-29T14:00:00+00:00,1.088487,1.871666,0.81489,1.403749,0.583689,0.579846,0.409906,1.871666,0.049549,9.0,4.0,0.0,0.311278,0.0,1.0,0.0,0.0,0.0,0.254227,0.024774,0.581561,7.0,0.339108,1.870866,-0.797636,0.207251,-1.800498,1.177027,1.0
BTCUSD_8705_BULLISH_8505_8510,BTCUSD,1h,LONG,2025-05-29T17:00:00+00:00,2025-05-21T09:00:00+00:00,2025-05-21T14:00:00+00:00,8505,8510,8705,106499.5,106048.0,107273.5,451.5,0.423946,82,internal|bos|brk8510|form8505,internal,106499.5,106048.0,-1.0,0,0.182724,1.615725,1,SL_HIT,2025-05-29T18:00:00+00:00,0.424897,0.715587,0.423946,0.715587,0.471761,0.972315,0.408638,0.715587,2.783101,200.0,195.0,3.0,0.378001,1.0,0.0,0.0,0.0,0.0,0.043309,0.039623,0.593775,15.5,0.342835,1.26555,-1.973247,-1.968273,-3.487268,1.940723,1.0
XRPUSD_8705_BEARISH_8701_8704,XRPUSD,1h,SHORT,2025-05-29T17:00:00+00:00,2025-05-29T13:00:00+00:00,2025-05-29T16:00:00+00:00,8701,8704,8705,2.28905,2.3087,2.26,0.01965,0.858435,40,internal|bos|brk8704|form8701,internal,2.3087,2.2825,1.478372,1,1.860051,0.043257,2,TP_HIT,2025-05-29T19:00:00+00:00,1.147412,1.222107,0.858435,0.91658,0.965649,0.316794,0.312977,1.222107,0.265878,4.0,1.0,0.0,0.263546,1.0,0.0,0.0,1.0,1.0,0.438676,0.009329,0.93888,2.0,0.483277,1.030861,-0.496775,-1.151515,-2.314439,1.633255,0.0
SOLUSD_8724_BULLISH_8454_8523,SOLUSD,1h,LONG,2025-05-30T12:00:00+00:00,2025-05-19T06:00:00+00:00,2025-05-22T03:00:00+00:00,8454,8523,8724,162.30675,159.318,167.43,2.98875,1.841421,19,internal|choch|brk8523|form8454,internal,163.303,159.318,-1.0,0,0.350698,2.086407,4,SL_HIT,2025-05-30T16:00:00+00:00,2.445505,2.05903,1.841421,1.544272,0.91192,0.841355,0.748055,2.05903,1.224567,270.0,201.0,8.0,0.333397,0.0,1.0,0.0,1.0,0.0,0.154296,0.055286,1.187698,8.0,0.850603,1.134146,0.202925,-3.214464,-6.314428,1.078506,1.0
BTCUSD_8750_BEARISH_8731_8737,BTCUSD,1h,SHORT,2025-05-31T14:00:00+00:00,2025-05-30T19:00:00+00:00,2025-05-31T01:00:00+00:00,8731,8737,8750,104454.0,104970.5,103568.57,516.5,0.494476,70,internal|bos|brk8737|form8731,internal,104970.5,104454.0,-1.0,0,1.43272,1.630203,26,SL_HIT,2025-06-01T16:00:00+00:00,0.49415,0.826964,0.494476,0.826964,0.866409,0.182962,0.512101,0.826964,0.782134,19.0,13.0,0.0,0.110475,1.0,0.0,0.0,0.0,1.0,0.193645,0.019213,0.597547,1.5,0.289936,0.77733,0.978649,0.542038,-3.576568,1.010331,0.0
XRPUSD_8752_BEARISH_8731_8736,XRPUSD,1h,SHORT,2025-05-31T16:00:00+00:00,2025-05-30T19:00:00+00:00,2025-05-31T00:00:00+00:00,8731,8736,8752,2.189575,2.2048,2.16,0.015225,0.69534,50,internal|bos|brk8736|form8731,internal,2.2048,2.1845,-1.0,0,0.550082,1.052545,3,SL_HIT,2025-05-31T19:00:00+00:00,0.926941,0.906393,0.69534,0.679795,0.729064,0.285714,0.827586,0.906393,0.495614,21.0,16.0,0.0,0.018976,1.0,0.0,0.0,0.0,1.0,0.405944,0.02679,1.022669,37.0,0.679404,0.933183,2.393866,3.414081,-4.396036,1.294363,0.0
BTCUSD_8764_BEARISH_8758_8761,BTCUSD,1h,SHORT,2025-06-01T04:00:00+00:00,2025-05-31T22:00:00+00:00,2025-06-01T01:00:00+00:00,8758,8761,8764,104559.0,104868.0,104029.29,309.0,0.295527,100,internal|choch|brk8761|form8758,internal,104868.0,104559.0,1.714272,1,2.734628,0.124595,5,TP_HIT,2025-06-01T09:00:00+00:00,0.295506,0.509673,0.295527,0.509673,0.975728,0.037217,0.813916,0.509673,0.53194,6.0,3.0,0.0,0.012371,0.0,1.0,0.0,0.0,1.0,0.245531,0.018968,0.579795,0.5,0.194494,0.407409,0.011477,0.475635,-1.317447,0.8194,0.0
ETHUSD_8777_BEARISH_8757_8761,ETHUSD,1h,SHORT,2025-06-01T17:00:00+00:00,2025-05-31T21:00:00+00:00,2025-06-01T01:00:00+00:00,8757,8761,8777,2538.4,2550.8,2517.14,12.4,0.488497,71,internal|bos|brk8761|form8757,internal,2550.8,2538.4,1.714516,1,3.741935,0.004032,1,TP_HIT,2025-06-01T18:00:00+00:00,0.488487,0.450437,0.488497,0.450437,0.995968,0.729839,0.068548,0.450437,0.672023,20.0,16.0,1.0,0.001816,1.0,0.0,0.0,0.0,1.0,0.219929,0.010898,1.084474,0.5,0.373533,0.4686,2.208488,1.266605,-2.269577,1.395775,0.0
SOLUSD_8781_BEARISH_8758_8769,SOLUSD,1h,SHORT,2025-06-01T21:00:00+00:00,2025-05-31T22:00:00+00:00,2025-06-01T09:00:00+00:00,8758,8769,8781,157.07225,157.952,155.56,0.87975,0.560093,62,internal|choch|brk8769|form8758,internal,157.952,156.779,-1.0,0,0.859619,1.263711,3,SL_HIT,2025-06-02T00:00:00+00:00,0.747553,0.622729,0.560093,0.467046,0.886616,0.345269,0.879795,0.622729,0.976298,23.0,12.0,0.0,0.085074,0.0,1.0,0.0,0.0,1.0,0.257474,0.002654,1.200447,0.5,0.631716,0.882863,0.700162,1.403645,-2.383308,0.998158,0.0
ETHUSD_8787_BULLISH_8772_8775,ETHUSD,1h,LONG,2025-06-02T03:00:00+00:00,2025-06-01T12:00:00+00:00,2025-06-01T15:00:00+00:00,8772,8775,8787,2492.95,2467.6,2536.41,25.35,1.016868,34,internal|choch|brk8775|form8772,internal,2501.4,2467.6,1.714398,1,1.873767,0.753452,11,TP_HIT,2025-06-02T14:00:00+00:00,1.354411,1.244338,1.016868,0.933254,0.826923,0.495562,0.389053,1.244338,0.50068,15.0,12.0,1.0,0.095718,0.0,1.0,0.0,0.0,1.0,0.086761,0.009204,1.088459,0.5,0.428325,0.927731,-1.542619,0.481156,0.122367,0.668069,1.0
ETHUSD_8788_BULLISH_8600_8690,ETHUSD,1h,LONG,2025-06-02T04:00:00+00:00,2025-05-25T08:00:00+00:00,2025-05-29T02:00:00+00:00,8600,8690,8788,2485.775,2461.25,2527.82,24.525,0.986614,35,internal|bos|brk8690|form8600,internal,2493.95,2461.25,1.714373,1,2.229358,0.486239,10,TP_HIT,2025-06-02T14:00:00+00:00,1.312067,1.206688,0.986614,0.905016,0.948012,0.80581,0.518349,1.206688,2.18643,188.0,98.0,14.0,0.238939,1.0,0.0,0.0,0.0,1.0,0.076517,0.00369,1.087329,0.5,0.428518,0.52954,-1.820008,-0.042113,0.108453,0.734986,1.0
BTCUSD_8790_BEARISH_8724_8728,BTCUSD,1h,SHORT,2025-06-02T06:00:00+00:00,2025-05-30T12:00:00+00:00,2025-05-30T16:00:00+00:00,8724,8728,8790,105318.0,105960.0,104217.43,642.0,0.609582,57,internal|bos|brk8728|form8724,internal,105960.0,105104.0,1.714283,1,1.741433,0.917445,4,TP_HIT,2025-06-02T10:00:00+00:00,0.814125,1.473473,0.609582,1.105105,0.953855,0.837033,0.229556,1.473473,2.824731,66.0,62.0,10.0,0.300375,1.0,0.0,0.0,1.0,0.0,0.360525,0.010328,0.552521,0.5,0.217561,0.924364,-0.18796,0.448056,1.321159,0.828558,0.0
BTCUSD_8794_BULLISH_8769_8775,BTCUSD,1h,LONG,2025-06-02T10:00:00+00:00,2025-06-01T09:00:00+00:00,2025-06-01T15:00:00+00:00,8769,8775,8794,104244.625,103714.0,105154.27,530.625,0.509019,68,internal|choch|brk8775|form8769,internal,104421.5,103714.0,-1.0,0,0.533098,1.117786,3,SL_HIT,2025-06-02T13:00:00+00:00,0.678137,1.218309,0.509019,0.913731,0.870671,0.313074,0.64311,1.218309,0.194585,25.0,19.0,1.0,0.147015,0.0,1.0,0.0,0.0,1.0,0.220964,0.0,0.556621,1.5,0.264824,0.729263,-0.440873,-0.719883,0.683738,1.40937,1.0
XRPUSD_8800_BEARISH_8791_8794,XRPUSD,1h,SHORT,2025-06-02T16:00:00+00:00,2025-06-02T07:00:00+00:00,2025-06-02T10:00:00+00:00,8791,8794,8800,2.165475,2.1789,2.14,0.013425,0.619956,56,internal|bos|brk8794|form8791,internal,2.1789,2.161,-1.0,0,0.728119,1.402235,4,SL_HIT,2025-06-02T20:00:00+00:00,0.827784,0.853236,0.619956,0.639927,0.921788,0.189944,0.223464,0.853236,0.295534,9.0,6.0,1.0,0.146575,1.0,0.0,0.0,0.0,1.0,0.365843,0.009533,0.97017,0.5,0.347671,0.762669,1.004251,-0.055463,-0.2813,1.637041,0.0
ETHUSD_8824_BULLISH_8816_8821,ETHUSD,1h,LONG,2025-06-03T16:00:00+00:00,2025-06-03T08:00:00+00:00,2025-06-03T13:00:00+00:00,8816,8821,8824,2606.5625,2594.0,2628.1,12.5625,0.481957,72,internal|bos|brk8821|form8816,internal,2610.75,2594.0,-1.0,0,1.706468,1.031841,4,SL_HIT,2025-06-03T20:00:00+00:00,0.643044,0.633008,0.481957,0.474756,0.644776,0.456716,0.155224,0.633008,0.62545,8.0,3.0,0.0,0.066608,1.0,0.0,0.0,1.0,1.0,0.731343,0.018896,1.015853,2.5,0.651198,0.814408,0.15765,-1.53474,3.822392,1.421114,1.0
ETHUSD_8835_BEARISH_8822_8829,ETHUSD,1h,SHORT,2025-06-04T03:00:00+00:00,2025-06-03T14:00:00+00:00,2025-06-03T21:00:00+00:00,8822,8829,8835,2623.5125,2655.2,2569.19,31.6875,1.207827,28,internal|choch|brk8829|form8822,internal,2655.2,2612.95,-1.0,0,0.940828,1.757396,12,SL_HIT,2025-06-04T15:00:00+00:00,1.608084,1.608248,1.207827,1.206186,0.659172,0.646154,0.505325,1.608248,1.004917,13.0,6.0,2.0,0.146075,0.0,1.0,0.0,0.0,0.0,0.851546,0.022839,0.999898,1.0,0.527307,1.183823,0.898635,0.695616,4.028746,0.581942,0.0
BTCUSD_8843_BULLISH_8816_8822,BTCUSD,1h,LONG,2025-06-04T11:00:00+00:00,2025-06-03T08:00:00+00:00,2025-06-03T14:00:00+00:00,8816,8822,8843,105217.5,104832.0,105878.36,385.5,0.366384,95,internal|bos|brk8822|form8816,internal,105217.5,104832.0,-1.0,0,0.0,1.215305,1,SL_HIT,2025-06-04T12:00:00+00:00,0.366944,0.686295,0.366384,0.686295,0.583658,0.43061,0.24773,0.686295,1.984114,27.0,21.0,2.0,0.285734,1.0,0.0,0.0,0.0,1.0,0.512758,0.044507,0.534673,1.0,0.288171,1.274675,-0.193804,-0.610676,0.494548,0.985352,1.0
SOLUSD_8846_BEARISH_8842_8844,SOLUSD,1h,SHORT,2025-06-04T14:00:00+00:00,2025-06-04T10:00:00+00:00,2025-06-04T12:00:00+00:00,8842,8844,8846,156.7475,157.853,154.85,1.1055,0.705274,49,internal|bos|brk8844|form8842,internal,157.853,156.379,-1.0,0,0.204885,1.082497,1,SL_HIT,2025-06-04T15:00:00+00:00,0.940105,0.812321,0.705274,0.609241,0.720488,0.310041,0.603799,0.812321,0.143837,4.0,2.0,1.0,0.023973,1.0,0.0,0.0,1.0,0.0,0.478743,0.05015,1.157307,1.5,0.691555,1.259263,-0.426135,1.076579,1.706009,1.23181,0.0
BTCUSD_8852_BULLISH_8798_8808,BTCUSD,1h,LONG,2025-06-04T20:00:00+00:00,2025-06-02T14:00:00+00:00,2025-06-03T00:00:00+00:00,8798,8808,8852,104391.625,103627.0,105702.41,764.625,0.732458,47,internal|choch|brk8808|form8798,internal,104646.5,103627.0,1.714285,1,1.773909,0.079287,16,TP_HIT,2025-06-05T12:00:00+00:00,0.97495,1.823195,0.732458,1.367396,0.924473,0.510544,0.381069,1.823195,0.748413,54.0,44.0,1.0,0.318098,0.0,1.0,0.0,0.0,1.0,0.300255,0.015201,0.534748,1.0,0.222,1.015767,-0.661657,-0.710233,0.240609,0.992695,1.0
ETHUSD_8852_BULLISH_8829_8847,ETHUSD,1h,LONG,2025-06-04T20:00:00+00:00,2025-06-03T21:00:00+00:00,2025-06-04T15:00:00+00:00,8829,8847,8852,2606.3125,2575.75,2658.71,30.5625,1.172634,29,internal|choch|brk8847|form8829,internal,2616.5,2575.75,-1.0,0,1.115337,1.449898,18,SL_HIT,2025-06-05T14:00:00+00:00,1.564359,1.569404,1.172634,1.177053,0.715337,0.456442,0.647853,1.569404,1.062959,23.0,5.0,0.0,0.0544,0.0,1.0,0.0,0.0,1.0,0.648866,0.023108,0.996785,3.0,0.514289,1.018669,-2.343106,-0.733571,2.39588,1.216383,1.0
SOLUSD_8859_BULLISH_8798_8809,SOLUSD,1h,LONG,2025-06-05T03:00:00+00:00,2025-06-02T14:00:00+00:00,2025-06-03T01:00:00+00:00,8798,8809,8859,153.562,151.588,156.95,1.974,1.285474,27,internal|bos|brk8809|form8798,internal,154.22,151.588,-1.0,0,0.272543,1.095238,7,SL_HIT,2025-06-05T10:00:00+00:00,1.711525,1.4782,1.285474,1.10865,0.833207,0.490502,0.332333,1.4782,1.707344,61.0,50.0,9.0,0.122996,1.0,0.0,0.0,1.0,0.0,0.248585,0.019095,1.157844,0.5,0.436069,0.53523,0.175883,-1.169658,-4.998394,0.600189,1.0
XRPUSD_8865_BEARISH_8858_8862,XRPUSD,1h,SHORT,2025-06-05T09:00:00+00:00,2025-06-05T02:00:00+00:00,2025-06-05T06:00:00+00:00,8858,8862,8865,2.203075,2.2147,2.18,0.011625,0.527672,66,internal|bos|brk8862|form8858,internal,2.2147,2.1992,-1.0,0,1.107527,1.860215,3,SL_HIT,2025-06-05T12:00:00+00:00,0.70282,0.779602,0.527672,0.584702,0.6,0.522581,0.329032,0.779602,0.618652,7.0,3.0,0.0,0.11694,1.0,0.0,0.0,1.0,0.0,0.52381,0.00503,0.901511,0.5,0.413886,0.65889,-0.320904,-0.854163,0.730794,1.075262,0.0
SOLUSD_8868_BEARISH_8858_8861,SOLUSD,1h,SHORT,2025-06-05T12:00:00+00:00,2025-06-05T02:00:00+00:00,2025-06-05T05:00:00+00:00,8858,8861,8868,153.5945,154.541,151.97,0.9465,0.616233,56,internal|bos|brk8861|form8858,internal,154.541,153.279,1.716323,1,4.118859,0.833069,1,TP_HIT,2025-06-05T13:00:00+00:00,0.820066,0.716621,0.616233,0.537466,0.515848,0.809033,0.094295,0.716621,0.874482,10.0,7.0,0.0,0.167798,1.0,0.0,0.0,0.0,1.0,0.25692,0.006246,1.144351,1.0,0.520542,1.228818,1.016798,-0.722534,-4.522301,1.123019,0.0
BTCUSD_8897_BEARISH_8868_8872,BTCUSD,1h,SHORT,2025-06-06T17:00:00+00:00,2025-06-05T12:00:00+00:00,2025-06-05T16:00:00+00:00,8868,8872,8897,104995.375,105748.0,103705.16,752.625,0.716817,48,internal|choch|brk8872|form8868,internal,105748.0,104744.5,-1.0,0,1.553064,1.025909,20,SL_HIT,2025-06-07T13:00:00+00:00,0.956758,1.767176,0.716817,1.325382,0.859492,0.547583,0.82561,1.767176,2.272587,29.0,25.0,3.0,0.193491,0.0,1.0,0.0,0.0,1.0,0.708156,0.002642,0.541405,23.5,0.214726,0.935978,1.142226,2.674407,-0.361465,1.313275,0.0
XRPUSD_8924_BEARISH_8917_8921,XRPUSD,1h,SHORT,2025-06-07T20:00:00+00:00,2025-06-07T13:00:00+00:00,2025-06-07T17:00:00+00:00,8917,8921,8924,2.181,2.19,2.17,0.009,0.412655,84,internal|bos|brk8921|form8917,internal,2.19,2.181,1.222222,1,1.277778,0.6,4,TP_HIT,2025-06-08T00:00:00+00:00,0.41256,0.48029,0.412655,0.48029,0.944444,0.055556,0.322222,0.48029,0.293511,7.0,3.0,0.0,0.026683,1.0,0.0,0.0,1.0,0.0,0.55302,0.0,0.858981,0.5,0.286273,0.352213,-0.027496,0.087172,0.98602,0.874106,0.0
BTCUSD_8929_BEARISH_8842_8843,BTCUSD,1h,SHORT,2025-06-08T01:00:00+00:00,2025-06-04T10:00:00+00:00,2025-06-04T11:00:00+00:00,8842,8843,8929,105613.5,105975.0,104993.79,361.5,0.342286,100,internal|choch|brk8843|form8842,internal,105975.0,105613.5,1.714274,1,1.863071,0.117566,9,TP_HIT,2025-06-08T10:00:00+00:00,0.342151,0.675476,0.342286,0.675476,0.885201,0.760719,0.338866,0.675476,1.119254,87.0,86.0,13.0,0.077544,0.0,1.0,0.0,1.0,0.0,0.943388,0.062596,0.506534,0.5,0.203115,0.732467,-0.139883,0.526156,4.125911,0.369409,0.0
XRPUSD_8934_BEARISH_8869_8872,XRPUSD,1h,SHORT,2025-06-08T06:00:00+00:00,2025-06-05T13:00:00+00:00,2025-06-05T16:00:00+00:00,8869,8872,8934,2.201925,2.2257,2.16,0.023775,1.079737,32,internal|choch|brk8872|form8869,internal,2.2257,2.194,-1.0,0,0.18612,1.975815,5,SL_HIT,2025-06-08T11:00:00+00:00,1.438294,1.724874,1.079737,1.293655,0.684543,0.914826,0.697161,1.724874,1.360311,65.0,62.0,1.0,0.112906,0.0,1.0,0.0,0.0,0.0,0.710603,0.04353,0.833855,2.0,0.26336,1.855464,1.324016,1.00362,3.202847,1.638881,0.0
BTCUSD_8956_BULLISH_8938_8943,BTCUSD,1h,LONG,2025-06-09T04:00:00+00:00,2025-06-08T10:00:00+00:00,2025-06-08T15:00:00+00:00,8938,8943,8956,105435.5,104940.0,106284.93,495.5,0.469956,74,internal|bos|brk8943|form8938,internal,105435.5,104940.0,1.714289,1,2.895055,0.322906,5,TP_HIT,2025-06-09T09:00:00+00:00,0.470085,0.978676,0.469956,0.978676,0.941473,0.323915,0.411705,0.978676,0.298244,18.0,13.0,3.0,0.057279,1.0,0.0,0.0,0.0,1.0,0.823787,0.012838,0.480327,0.5,0.193034,0.632041,-0.264934,-0.154874,0.880979,0.76217,1.0
BTCUSD_8978_BEARISH_8653_8705,BTCUSD,1h,SHORT,2025-06-10T02:00:00+00:00,2025-05-27T13:00:00+00:00,2025-05-29T17:00:00+00:00,8653,8705,8978,109824.875,110690.0,108341.8,865.125,0.787731,44,internal|choch|brk8705|form8653,internal,110690.0,109536.5,1.71429,1,1.762607,0.042335,13,TP_HIT,2025-06-10T15:00:00+00:00,1.052286,2.229271,0.787731,1.671953,0.928912,0.970524,0.208929,2.229271,0.853249,325.0,273.0,5.0,0.398843,0.0,1.0,0.0,1.0,0.0,0.892107,0.294724,0.472031,15.0,0.396983,0.77981,-0.292886,1.764801,3.964889,0.506727,0.0
ETHUSD_9012_BEARISH_6431_6435,ETHUSD,1h,SHORT,2025-06-11T12:00:00+00:00,2025-02-23T23:00:00+00:00,2025-02-24T03:00:00+00:00,6431,6435,9012,2815.225,2858.8,2740.52,43.575,1.547834,22,internal|choch|brk6435|form6431,internal,2858.8,2800.7,-1.0,0,0.701664,1.465863,3,SL_HIT,2025-06-11T15:00:00+00:00,2.071412,2.350827,1.547834,1.76312,0.928571,0.585198,0.270224,2.350827,2.375104,2581.0,2577.0,8.0,0.41979,0.0,1.0,0.0,0.0,0.0,0.91655,0.036416,0.881142,38.0,0.510493,2.37915,0.478238,1.155871,10.664615,1.036236,0.0
ETHUSD_9031_BULLISH_8990_8998,ETHUSD,1h,LONG,2025-06-12T07:00:00+00:00,2025-06-10T14:00:00+00:00,2025-06-10T22:00:00+00:00,8990,8998,9031,2746.9875,2727.0,2781.25,19.9875,0.727615,48,internal|bos|brk8998|form8990,internal,2753.65,2727.0,-1.0,0,0.731082,1.315197,4,SL_HIT,2025-06-12T11:00:00+00:00,0.972628,1.041254,0.727615,0.780941,0.487805,0.79925,0.26454,1.041254,1.178004,41.0,33.0,6.0,0.273012,1.0,0.0,0.0,0.0,1.0,0.654066,0.039071,0.934093,63.5,0.725704,1.611697,-0.631029,-4.434717,2.60443,0.66763,1.0
SOLUSD_9036_BULLISH_8991_8994,SOLUSD,1h,LONG,2025-06-12T12:00:00+00:00,2025-06-10T15:00:00+00:00,2025-06-10T18:00:00+00:00,8991,8994,9036,158.06025,156.261,161.14,1.79925,1.138332,30,internal|bos|brk8994|form8991,internal,158.66,156.261,-1.0,0,1.402112,2.024871,7,SL_HIT,2025-06-12T19:00:00+00:00,1.512601,1.425292,1.138332,1.068969,0.975406,0.58316,0.370988,1.425292,3.381132,45.0,42.0,4.0,0.32127,1.0,0.0,0.0,0.0,1.0,0.527341,0.028518,1.061257,43.5,0.58371,1.07595,-0.075604,-1.11109,0.327676,0.919213,1.0
SOLUSD_9038_BEARISH_9024_9031,SOLUSD,1h,SHORT,2025-06-12T14:00:00+00:00,2025-06-12T00:00:00+00:00,2025-06-12T07:00:00+00:00,9024,9031,9038,159.994,161.233,157.87,1.239,0.774404,45,internal|bos|brk9031|form9024,internal,161.233,159.581,1.714286,1,2.926554,0.225182,1,TP_HIT,2025-06-12T15:00:00+00:00,1.033262,0.982395,0.774404,0.736797,0.817797,0.606538,0.090799,0.982395,0.321717,14.0,7.0,2.0,0.066603,1.0,0.0,0.0,0.0,1.0,0.568445,0.019029,1.051778,42.5,0.52041,1.090031,0.19427,-0.640101,-0.966291,1.191685,0.0
BTCUSD_9040_BEARISH_9030_9034,BTCUSD,1h,SHORT,2025-06-12T16:00:00+00:00,2025-06-12T06:00:00+00:00,2025-06-12T10:00:00+00:00,9030,9034,9040,107596.5,107962.0,106969.93,365.5,0.339695,100,internal|bos|brk9034|form9030,internal,107962.0,107596.5,-1.0,0,0.0,2.207934,1,SL_HIT,2025-06-12T17:00:00+00:00,0.33938,0.702324,0.339695,0.702324,0.726402,0.552668,0.415869,0.702324,0.339152,10.0,6.0,2.0,0.192154,1.0,0.0,0.0,0.0,1.0,0.450009,0.02498,0.483224,45.0,0.298014,1.654449,0.770069,-0.733691,-0.828299,1.622254,0.0
BTCUSD_9043_BULLISH_9037_9041,BTCUSD,1h,LONG,2025-06-12T19:00:00+00:00,2025-06-12T13:00:00+00:00,2025-06-12T17:00:00+00:00,9037,9041,9043,107160.0,106550.0,108205.71,610.0,0.569242,61,internal|choch|brk9041|form9037,internal,107160.0,106550.0,-1.0,0,0.0,2.369672,1,SL_HIT,2025-06-12T20:00:00+00:00,0.57137,1.154568,0.569242,1.154568,0.345902,0.866393,0.127049,1.154568,1.047629,6.0,2.0,0.0,0.755201,0.0,1.0,0.0,0.0,0.0,0.276157,0.009464,0.494877,55.0,0.36918,2.294941,-0.752991,-0.900851,-1.763926,1.689075,1.0
BTCUSD_9047_BULLISH_8955_8961,BTCUSD,1h,LONG,2025-06-12T23:00:00+00:00,2025-06-09T03:00:00+00:00,2025-06-09T09:00:00+00:00,8955,8961,9047,105671.5,105275.0,106351.21,396.5,0.375219,93,internal|bos|brk8961|form8955,internal,105671.5,105275.0,-1.0,0,0.0,6.336696,1,SL_HIT,2025-06-13T00:00:00+00:00,0.375362,0.745744,0.375219,0.745744,0.899117,0.150063,0.264817,0.745744,1.262029,92.0,86.0,0.0,0.075233,1.0,0.0,0.0,0.0,0.0,0.066252,0.018808,0.503338,56.5,0.390863,0.937588,-1.766011,-1.917881,-3.817909,0.801887,1.0
BTCUSD_9073_BULLISH_9066_9071,BTCUSD,1h,LONG,2025-06-14T01:00:00+00:00,2025-06-13T18:00:00+00:00,2025-06-13T23:00:00+00:00,9066,9071,9073,105236.5,104617.0,106298.5,619.5,0.588674,59,internal|bos|brk9071|form9066,internal,105443.0,104617.0,-1.0,0,0.559322,1.054883,14,SL_HIT,2025-06-14T15:00:00+00:00,0.783447,1.487808,0.588674,1.115856,0.986077,0.061138,0.23184,1.487808,0.588999,7.0,2.0,0.0,0.351238,1.0,0.0,0.0,1.0,0.0,0.361133,0.01441,0.526578,76.5,0.270135,0.673656,0.043649,0.576185,-2.926973,0.300139,1.0
SOLUSD_9074_BULLISH_9066_9071,SOLUSD,1h,LONG,2025-06-14T02:00:00+00:00,2025-06-13T18:00:00+00:00,2025-06-13T23:00:00+00:00,9066,9071,9074,146.022,144.258,149.05,1.764,1.208037,28,internal|bos|brk9071|form9066,internal,146.61,144.258,-1.0,0,0.650794,1.27551,13,SL_HIT,2025-06-14T15:00:00+00:00,1.605581,1.336805,1.208037,1.002604,0.948554,0.089286,0.395408,1.336805,0.449012,8.0,3.0,0.0,0.265428,1.0,0.0,0.0,0.0,0.0,0.207279,0.018756,1.201059,72.0,0.515377,0.5229,-0.37405,0.749661,-8.878342,0.401582,1.0
BTCUSD_9092_BULLISH_9062_9064,BTCUSD,1h,LONG,2025-06-14T20:00:00+00:00,2025-06-13T14:00:00+00:00,2025-06-13T16:00:00+00:00,9062,9064,9092,104753.75,104079.5,105909.61,674.25,0.643652,54,internal|choch|brk9064|form9062,internal,104978.5,104079.5,1.71429,1,1.964034,0.0,9,TP_HIT,2025-06-15T05:00:00+00:00,0.857464,1.678748,0.643652,1.259061,0.850389,0.820356,0.266963,1.678748,0.633032,30.0,28.0,17.0,0.168528,0.0,1.0,0.0,1.0,0.0,0.286129,0.022408,0.510776,62.0,0.172018,1.344492,0.047713,-0.383855,-2.498361,1.403449,1.0
BTCUSD_9119_BEARISH_9110_9116,BTCUSD,1h,SHORT,2025-06-15T23:00:00+00:00,2025-06-15T14:00:00+00:00,2025-06-15T20:00:00+00:00,9110,9116,9119,105274.0,105811.5,104352.57,537.5,0.510572,68,internal|bos|brk9116|form9110,internal,105811.5,105274.0,-1.0,0,0.64,1.096744,2,SL_HIT,2025-06-16T01:00:00+00:00,0.509257,1.042843,0.510572,1.042843,0.493953,0.573953,0.249302,1.042843,1.11172,9.0,3.0,1.0,0.527727,1.0,0.0,0.0,0.0,0.0,0.445912,0.035893,0.488335,23.0,0.284618,0.797411,0.093411,0.365628,0.004264,0.678804,0.0
ETHUSD_9119_BEARISH_9113_9116,ETHUSD,1h,SHORT,2025-06-15T23:00:00+00:00,2025-06-15T17:00:00+00:00,2025-06-15T20:00:00+00:00,9113,9116,9119,2544.0,2559.0,2518.29,15.0,0.589623,59,internal|choch|brk9116|form9113,internal,2559.0,2544.0,-1.0,0,1.993333,1.006667,2,SL_HIT,2025-06-16T01:00:00+00:00,0.588951,0.589899,0.589623,0.589899,0.806667,0.366667,0.173333,0.589899,1.327273,6.0,3.0,1.0,0.114047,0.0,1.0,0.0,1.0,1.0,0.280315,0.0,0.998393,52.0,0.533022,0.410963,-0.047094,1.065455,-0.250656,0.943255,0.0
BTCUSD_9121_BEARISH_9072_9088,BTCUSD,1h,SHORT,2025-06-16T01:00:00+00:00,2025-06-14T00:00:00+00:00,2025-06-14T16:00:00+00:00,9072,9088,9121,105653.5,106185.0,104742.36,531.5,0.50306,69,internal|choch|brk9088|form9072,internal,106185.0,105653.5,-1.0,0,0.039511,1.356538,3,SL_HIT,2025-06-16T04:00:00+00:00,0.502434,1.027743,0.50306,1.027743,0.752587,0.859831,0.506115,1.027743,0.739627,49.0,33.0,7.0,0.254277,0.0,1.0,0.0,0.0,1.0,0.512241,0.000967,0.488872,32.0,0.276154,1.805076,1.045945,0.664691,-0.241886,0.681345,0.0
ETHUSD_9122_BEARISH_9071_9088,ETHUSD,1h,SHORT,2025-06-16T02:00:00+00:00,2025-06-13T23:00:00+00:00,2025-06-14T16:00:00+00:00,9071,9088,9122,2570.6125,2582.8,2549.72,12.1875,0.474109,73,internal|bos|brk9088|form9071,internal,2582.8,2566.55,-1.0,0,0.481026,4.101538,3,SL_HIT,2025-06-16T05:00:00+00:00,0.631362,0.638044,0.474109,0.478533,0.553846,0.738462,0.446154,0.638044,0.853997,51.0,34.0,0.0,0.125155,1.0,0.0,0.0,0.0,0.0,0.395111,0.047117,0.989528,53.0,0.528939,0.975716,2.276972,2.323732,0.464499,0.880238,0.0
SOLUSD_9141_BULLISH_9133_9138,SOLUSD,1h,LONG,2025-06-16T21:00:00+00:00,2025-06-16T13:00:00+00:00,2025-06-16T18:00:00+00:00,9133,9138,9141,156.1916,154.6304,158.87,1.5612,0.999542,35,internal|bos|brk9138|form9133,internal,156.712,154.6304,-1.0,0,0.633743,2.841148,1,SL_HIT,2025-06-16T22:00:00+00:00,1.329747,1.233836,0.999542,0.925377,0.917852,0.183032,0.628843,1.233836,0.573708,8.0,3.0,0.0,0.207101,1.0,0.0,0.0,0.0,1.0,0.819122,0.014818,1.077734,47.5,0.444115,0.705947,-0.584272,0.070319,9.103771,0.77594,1.0
BTCUSD_9143_BULLISH_9133_9134,BTCUSD,1h,LONG,2025-06-16T23:00:00+00:00,2025-06-16T13:00:00+00:00,2025-06-16T14:00:00+00:00,9133,9134,9143,106976.0,106458.5,107863.14,517.5,0.483753,72,internal|bos|brk9134|form9133,internal,107148.5,106458.5,-1.0,0,0.50628,1.735266,1,SL_HIT,2025-06-17T00:00:00+00:00,0.646306,1.316913,0.483753,0.987685,0.437681,0.721739,0.671739,1.316913,0.709988,10.0,9.0,0.0,0.411297,1.0,0.0,0.0,0.0,1.0,0.657549,0.010497,0.490774,65.0,0.363671,2.47446,-1.346363,-0.360254,1.420218,0.90177,1.0
SOLUSD_9143_BULLISH_9117_9121,SOLUSD,1h,LONG,2025-06-16T23:00:00+00:00,2025-06-15T21:00:00+00:00,2025-06-16T01:00:00+00:00,9117,9121,9143,150.08525,148.118,153.46,1.96725,1.310755,26,internal|bos|brk9121|form9117,internal,150.741,148.118,-1.0,0,0.943322,1.350235,1,SL_HIT,2025-06-17T00:00:00+00:00,1.740533,1.528544,1.310755,1.146408,0.98475,0.168128,0.659931,1.528544,2.633432,26.0,22.0,0.0,0.358826,1.0,0.0,0.0,0.0,1.0,0.553702,0.000583,1.138686,80.0,0.727437,2.185882,-4.693212,-3.950924,4.291349,0.780016,1.0
ETHUSD_9158_BULLISH_9116_9122,ETHUSD,1h,LONG,2025-06-17T14:00:00+00:00,2025-06-15T20:00:00+00:00,2025-06-16T02:00:00+00:00,9116,9122,9158,2525.1375,2490.9,2583.83,34.2375,1.355867,25,internal|choch|brk9122|form9116,internal,2536.55,2490.9,-1.0,0,0.450164,1.293538,1,SL_HIT,2025-06-17T15:00:00+00:00,1.802424,1.767499,1.355867,1.325624,0.915663,0.266156,0.739321,1.767499,0.77437,42.0,36.0,2.0,0.292809,0.0,1.0,0.0,0.0,1.0,0.232812,0.001936,1.01976,62.0,0.87862,1.531316,-1.313123,-0.432441,0.297006,1.168812,1.0
XRPUSD_9165_BULLISH_9116_9124,XRPUSD,1h,LONG,2025-06-17T21:00:00+00:00,2025-06-15T20:00:00+00:00,2025-06-16T04:00:00+00:00,9116,9124,9165,2.157225,2.1396,2.19,0.017625,0.817022,42,internal|bos|brk9124|form9116,internal,2.1631,2.1396,-1.0,0,1.087943,1.907801,13,SL_HIT,2025-06-18T10:00:00+00:00,1.089729,1.234923,0.817022,0.926192,0.719149,0.931915,0.710638,1.234923,0.289024,49.0,41.0,4.0,0.038099,1.0,0.0,0.0,1.0,0.0,0.211194,0.015765,0.882427,97.0,0.606521,1.145588,0.405066,-3.438857,-0.305118,0.840377,1.0
BTCUSD_9177_BULLISH_9166_9172,BTCUSD,1h,LONG,2025-06-18T09:00:00+00:00,2025-06-17T22:00:00+00:00,2025-06-18T04:00:00+00:00,9166,9172,9177,104690.5,104154.5,105609.36,536.0,0.511985,68,internal|choch|brk9172|form9166,internal,104690.5,104154.5,-1.0,0,0.151119,1.01959,1,SL_HIT,2025-06-18T10:00:00+00:00,0.512132,1.005087,0.511985,1.005087,0.94403,0.307836,0.572761,1.005087,0.499731,11.0,5.0,1.0,0.056255,0.0,1.0,0.0,0.0,0.0,0.239428,0.012189,0.50954,69.5,0.32488,1.075405,-0.711033,0.278817,-2.21752,0.811887,1.0
SOLUSD_9193_BULLISH_9187_9188,SOLUSD,1h,LONG,2025-06-19T01:00:00+00:00,2025-06-18T19:00:00+00:00,2025-06-18T20:00:00+00:00,9187,9188,9193,145.40625,143.625,148.46,1.78125,1.225016,28,internal|choch|brk9188|form9187,internal,146.0,143.625,-1.0,0,0.962105,1.401965,13,SL_HIT,2025-06-19T14:00:00+00:00,1.630621,1.383961,1.225016,1.037971,0.852632,0.257263,0.323789,1.383961,1.591992,6.0,5.0,2.0,0.142038,0.0,1.0,0.0,0.0,0.0,0.134328,0.002914,1.178228,68.0,0.717306,0.894301,-1.193949,-0.013043,-3.35167,0.480315,1.0
SOLUSD_9223_BEARISH_9190_9206,SOLUSD,1h,SHORT,2025-06-20T07:00:00+00:00,2025-06-18T22:00:00+00:00,2025-06-19T14:00:00+00:00,9190,9206,9223,147.118,147.87,145.83,0.752,0.511154,68,internal|choch|brk9206|form9190,internal,147.87,147.118,-1.0,0,0.293883,1.492021,1,SL_HIT,2025-06-20T08:00:00+00:00,0.510076,0.457644,0.511154,0.457644,0.586436,0.831915,0.265957,0.457644,0.450341,33.0,17.0,5.0,0.189265,0.0,1.0,0.0,0.0,1.0,0.288761,0.0,1.11457,1.5,0.553988,1.555258,1.020282,2.933086,-0.560502,1.014292,0.0
SOLUSD_9256_BULLISH_9238_9249,SOLUSD,1h,LONG,2025-06-21T16:00:00+00:00,2025-06-20T22:00:00+00:00,2025-06-21T09:00:00+00:00,9238,9249,9256,139.7435,138.617,141.67,1.1265,0.80612,43,internal|choch|brk9249|form9238,internal,140.119,138.617,-1.0,0,0.999112,1.346205,1,SL_HIT,2025-06-21T17:00:00+00:00,1.072183,0.932976,0.80612,0.699732,0.979361,0.678429,0.693742,0.932976,0.1292,18.0,7.0,1.0,0.213988,0.0,1.0,0.0,0.0,0.0,0.296589,0.041866,1.149208,0.5,0.409045,0.759052,-1.352037,-0.022124,-2.117134,1.256516,1.0
BTCUSD_9257_BULLISH_9239_9249,BTCUSD,1h,LONG,2025-06-21T17:00:00+00:00,2025-06-20T23:00:00+00:00,2025-06-21T09:00:00+00:00,9239,9249,9257,103304.5,102928.0,103949.93,376.5,0.364457,96,internal|choch|brk9249|form9239,internal,103304.5,102928.0,-1.0,0,0.239044,1.843293,1,SL_HIT,2025-06-21T18:00:00+00:00,0.364988,0.731268,0.364457,0.731268,0.600266,0.423639,0.505976,0.731268,0.058268,18.0,8.0,1.0,0.292313,0.0,1.0,0.0,0.0,0.0,0.204426,0.106825,0.499117,7.0,0.16927,0.808959,-0.586435,-0.295285,-0.876367,0.950351,1.0
ETHUSD_9258_BULLISH_8454_8467,ETHUSD,1h,LONG,2025-06-21T18:00:00+00:00,2025-05-19T06:00:00+00:00,2025-05-19T19:00:00+00:00,8454,8467,9258,2385.0125,2347.85,2448.72,37.1625,1.558168,22,internal|choch|brk8467|form8454,internal,2397.4,2347.85,-1.0,0,0.640094,4.094517,3,SL_HIT,2025-06-21T21:00:00+00:00,2.075827,2.020873,1.558168,1.515655,0.790111,0.668012,0.502523,2.020873,1.18683,804.0,791.0,9.0,0.081059,0.0,1.0,0.0,0.0,0.0,0.110948,0.126432,1.027193,1.5,0.395336,1.121574,-1.353446,-1.556862,-4.034414,1.142458,1.0
ETHUSD_9297_BULLISH_9288_9296,ETHUSD,1h,LONG,2025-06-23T09:00:00+00:00,2025-06-23T00:00:00+00:00,2025-06-23T08:00:00+00:00,9288,9296,9297,2249.7625,2221.15,2298.81,28.6125,1.271801,27,internal|choch|brk9296|form9288,internal,2259.3,2221.15,1.714198,1,1.782001,0.634775,4,TP_HIT,2025-06-23T13:00:00+00:00,1.694576,1.437631,1.271801,1.078223,0.790301,0.427261,0.347313,1.437631,0.118703,9.0,1.0,0.0,0.057939,0.0,1.0,0.0,1.0,0.0,0.304805,0.039568,1.178728,93.5,0.712076,0.68019,0.803725,3.164165,-7.199242,0.767038,1.0
XRPUSD_9300_BEARISH_9294_9298,XRPUSD,1h,SHORT,2025-06-23T12:00:00+00:00,2025-06-23T06:00:00+00:00,2025-06-23T10:00:00+00:00,9294,9298,9300,2.0164,2.0347,1.99,0.0183,0.907558,38,internal|bos|brk9298|form9294,internal,2.0347,2.0103,1.442623,1,1.715847,0.961749,1,TP_HIT,2025-06-23T13:00:00+00:00,1.208639,1.251194,0.907558,0.938396,0.651639,0.381148,0.360656,1.251194,0.697387,6.0,2.0,0.0,0.123068,1.0,0.0,0.0,1.0,1.0,0.410964,0.015384,0.965988,94.5,0.786175,1.302473,-0.17307,3.157895,-5.716421,0.730399,0.0
BTCUSD_9302_BULLISH_9300_9301,BTCUSD,1h,LONG,2025-06-23T14:00:00+00:00,2025-06-23T12:00:00+00:00,2025-06-23T13:00:00+00:00,9300,9301,9302,101661.5,101077.5,102662.64,584.0,0.574455,60,internal|choch|brk9301|form9300,internal,101661.5,101077.5,-1.0,0,0.623288,3.601027,2,SL_HIT,2025-06-23T16:00:00+00:00,0.574826,1.020499,0.574455,1.020499,0.887842,0.339041,0.674658,1.020499,1.155925,2.0,1.0,0.0,0.114457,0.0,1.0,0.0,1.0,0.0,0.413861,0.073392,0.563279,100.0,0.525567,1.983334,0.065991,0.674327,-2.087941,1.322161,1.0
ETHUSD_9303_BULLISH_9298_9301,ETHUSD,1h,LONG,2025-06-23T15:00:00+00:00,2025-06-23T10:00:00+00:00,2025-06-23T13:00:00+00:00,9298,9301,9303,2248.8,2238.0,2267.31,10.8,0.480256,72,internal|bos|brk9301|form9298,internal,2252.4,2238.0,-1.0,0,0.226852,5.671296,1,SL_HIT,2025-06-23T16:00:00+00:00,0.640669,0.537828,0.480256,0.403371,0.670139,0.388889,0.336806,0.537828,1.073789,5.0,2.0,0.0,0.042952,1.0,0.0,0.0,1.0,0.0,0.296815,0.098975,1.191215,97.5,0.758459,1.529449,0.053418,0.339278,-7.112305,1.39866,1.0
ETHUSD_9305_BEARISH_9302_9304,ETHUSD,1h,SHORT,2025-06-23T17:00:00+00:00,2025-06-23T14:00:00+00:00,2025-06-23T16:00:00+00:00,9302,9304,9305,2281.7125,2314.0,2226.36,32.2875,1.415056,24,internal|choch|brk9304|form9302,internal,2314.0,2270.95,-1.0,0,0.289973,1.343786,2,SL_HIT,2025-06-23T19:00:00+00:00,1.89314,1.584224,1.415056,1.188168,0.929152,0.362369,0.493612,1.584224,0.965991,3.0,1.0,0.0,0.283817,0.0,1.0,0.0,0.0,1.0,0.354493,0.0,1.194995,100.0,0.943814,2.575975,0.366333,1.579077,-6.141654,1.99546,0.0
BTCUSD_9333_BEARISH_9224_9230,BTCUSD,1h,SHORT,2025-06-24T21:00:00+00:00,2025-06-20T08:00:00+00:00,2025-06-20T14:00:00+00:00,9224,9230,9333,105927.75,106497.0,104951.89,569.25,0.537395,65,internal|choch|brk9230|form9224,internal,106497.0,105738.0,-1.0,0,0.422925,1.140536,4,SL_HIT,2025-06-25T01:00:00+00:00,0.716372,1.269638,0.537395,0.952229,0.720026,0.673254,0.194335,1.269638,2.901433,109.0,103.0,7.0,0.038056,0.0,1.0,0.0,1.0,0.0,0.963209,0.015891,0.564233,91.0,0.377254,0.688348,-0.207214,0.315764,7.19395,0.955713,0.0
XRPUSD_9338_BULLISH_9325_9328,XRPUSD,1h,LONG,2025-06-25T02:00:00+00:00,2025-06-24T13:00:00+00:00,2025-06-24T16:00:00+00:00,9325,9328,9338,2.1784,2.1646,2.2,0.0138,0.633492,55,internal|bos|brk9328|form9325,internal,2.183,2.1646,1.565217,1,3.644928,0.673913,11,TP_HIT,2025-06-25T13:00:00+00:00,0.843263,0.889956,0.633492,0.667467,0.945652,0.331522,0.298913,0.889956,0.996364,13.0,10.0,3.0,0.174122,1.0,0.0,0.0,0.0,1.0,0.89022,0.009673,0.947534,89.5,0.428275,0.667467,-0.998185,-0.059543,8.330851,0.609716,1.0
ETHUSD_9345_BULLISH_9323_9328,ETHUSD,1h,LONG,2025-06-25T09:00:00+00:00,2025-06-24T11:00:00+00:00,2025-06-24T16:00:00+00:00,9323,9328,9345,2414.225,2396.45,2444.7,17.775,0.736261,47,internal|choch|brk9328|form9323,internal,2420.15,2396.45,1.714487,1,1.773558,0.136428,4,TP_HIT,2025-06-25T13:00:00+00:00,0.979521,0.868341,0.736261,0.651256,0.974684,0.599156,0.183544,0.868341,1.494865,22.0,17.0,1.0,0.195102,0.0,1.0,0.0,0.0,1.0,0.832656,0.005496,1.128037,82.5,0.58329,1.54616,-0.630416,-0.610007,7.152189,0.899116,1.0
SOLUSD_9351_BULLISH_9331_9343,SOLUSD,1h,LONG,2025-06-25T15:00:00+00:00,2025-06-24T19:00:00+00:00,2025-06-25T07:00:00+00:00,9331,9343,9351,143.59375,142.768,145.01,0.82575,0.57506,60,internal|bos|brk9343|form9331,internal,143.869,142.768,-1.0,0,0.762035,1.021798,1,SL_HIT,2025-06-25T16:00:00+00:00,0.7665,0.634356,0.57506,0.475767,0.792007,0.721163,0.009991,0.634356,0.38603,20.0,8.0,0.0,0.026648,1.0,0.0,0.0,0.0,1.0,0.804062,0.008642,1.20831,81.5,0.584161,1.459999,-1.51458,-1.677048,5.155273,1.540432,1.0
XRPUSD_9351_BULLISH_9341_9349,XRPUSD,1h,LONG,2025-06-25T15:00:00+00:00,2025-06-25T05:00:00+00:00,2025-06-25T13:00:00+00:00,9341,9349,9351,2.178925,2.1691,2.2,0.009825,0.45091,77,internal|bos|brk9349|form9341,internal,2.1822,2.1691,2.145038,1,2.888041,0.826972,4,TP_HIT,2025-06-25T19:00:00+00:00,0.600669,0.638834,0.45091,0.479126,0.900763,0.59542,0.282443,0.638834,1.745822,10.0,2.0,0.0,0.096313,1.0,0.0,0.0,0.0,1.0,0.851368,0.024383,0.940258,84.0,0.548965,1.384954,-0.415525,-0.696658,7.550054,1.905464,1.0
ETHUSD_9386_BEARISH_9380_9384,ETHUSD,1h,SHORT,2025-06-27T02:00:00+00:00,2025-06-26T20:00:00+00:00,2025-06-27T00:00:00+00:00,9380,9384,9386,2436.325,2456.95,2400.97,20.625,0.846562,41,internal|choch|brk9384|form9380,internal,2456.95,2429.45,-1.0,0,0.214545,1.106667,5,SL_HIT,2025-06-27T07:00:00+00:00,1.128344,1.025309,0.846562,0.768982,0.718182,0.372727,0.383636,1.025309,0.548074,6.0,2.0,1.0,0.032623,0.0,1.0,0.0,0.0,1.0,0.749587,0.020506,1.100492,59.5,0.537019,0.628235,0.979884,-0.500112,-0.82806,0.511328,0.0
ETHUSD_9396_BULLISH_9385_9393,ETHUSD,1h,LONG,2025-06-27T12:00:00+00:00,2025-06-27T01:00:00+00:00,2025-06-27T09:00:00+00:00,9385,9393,9396,2418.4875,2379.75,2484.89,38.7375,1.601724,21,internal|choch|brk9393|form9385,internal,2431.4,2379.75,1.714166,1,2.372701,0.802517,58,TP_HIT,2025-06-29T22:00:00+00:00,2.126127,1.951169,1.601724,1.463377,0.959342,0.106486,0.50242,1.951169,0.458987,11.0,3.0,0.0,0.408461,0.0,1.0,0.0,0.0,1.0,0.725867,0.039666,1.089668,43.5,0.529675,1.163524,-0.507843,0.652566,0.156669,1.13503,1.0
XRPUSD_9414_BEARISH_9363_9371,XRPUSD,1h,SHORT,2025-06-28T06:00:00+00:00,2025-06-26T03:00:00+00:00,2025-06-26T11:00:00+00:00,9363,9371,9414,2.1966,2.2125,2.17,0.0159,0.723846,48,internal|choch|brk9371|form9363,internal,2.2125,2.1913,-1.0,0,1.408805,1.389937,40,SL_HIT,2025-06-29T22:00:00+00:00,0.967374,1.055546,0.723846,0.79166,0.990566,0.424528,0.34434,1.055546,0.204139,51.0,43.0,1.0,0.253929,0.0,1.0,0.0,0.0,1.0,0.770512,0.024895,0.916468,65.0,0.689283,0.657227,0.795695,4.55131,-0.109394,1.155577,0.0
SOLUSD_9420_BEARISH_9363_9373,SOLUSD,1h,SHORT,2025-06-28T12:00:00+00:00,2025-06-26T03:00:00+00:00,2025-06-26T13:00:00+00:00,9363,9373,9420,146.22775,148.0,143.19,1.77225,1.211979,28,internal|bos|brk9373|form9363,internal,148.0,145.637,-1.0,0,0.217097,1.366765,3,SL_HIT,2025-06-28T15:00:00+00:00,1.613961,1.435111,1.211979,1.076333,0.672873,0.809987,0.143462,1.435111,0.722718,57.0,47.0,5.0,0.110685,1.0,0.0,0.0,1.0,0.0,0.854728,0.023078,1.124625,16.0,0.601706,0.573984,-0.061433,2.669649,2.042808,1.510074,0.0
BTCUSD_9421_BULLISH_9409_9411,BTCUSD,1h,LONG,2025-06-28T13:00:00+00:00,2025-06-28T01:00:00+00:00,2025-06-28T03:00:00+00:00,9409,9411,9421,107097.0,106777.0,107645.57,320.0,0.298795,100,internal|bos|brk9411|form9409,internal,107097.0,106777.0,1.714281,1,1.898438,0.085938,19,TP_HIT,2025-06-29T08:00:00+00:00,0.298848,0.597111,0.298795,0.597111,0.940625,0.145313,0.053125,0.597111,0.346138,12.0,10.0,0.0,0.035453,1.0,0.0,0.0,0.0,0.0,0.663233,0.006531,0.500489,22.0,0.113268,0.50008,-0.245014,0.018681,-0.192014,0.506368,1.0
XRPUSD_9426_BULLISH_9416_9423,XRPUSD,1h,LONG,2025-06-28T18:00:00+00:00,2025-06-28T08:00:00+00:00,2025-06-28T15:00:00+00:00,9416,9423,9426,2.1917,2.1797,2.21,0.012,0.54752,63,internal|bos|brk9423|form9416,internal,2.1917,2.1797,-1.0,0,0.0,1.133333,2,SL_HIT,2025-06-28T20:00:00+00:00,0.54777,0.613838,0.54752,0.613838,0.916667,0.591667,0.641667,0.613838,0.32738,10.0,3.0,2.0,0.051153,1.0,0.0,0.0,0.0,1.0,0.765577,0.010231,0.892369,34.5,0.413823,0.757067,-0.059307,0.306777,4.319048,0.980092,1.0
ETHUSD_9428_BULLISH_9416_9423,ETHUSD,1h,LONG,2025-06-28T20:00:00+00:00,2025-06-28T08:00:00+00:00,2025-06-28T15:00:00+00:00,9416,9423,9428,2431.7,2418.8,2453.81,12.9,0.530493,65,internal|bos|brk9423|form9416,internal,2431.7,2418.8,1.713953,1,1.996124,0.635659,13,TP_HIT,2025-06-29T09:00:00+00:00,0.531094,0.528196,0.530493,0.528196,0.786822,0.403101,0.562016,0.528196,0.417643,12.0,5.0,2.0,0.1126,1.0,0.0,0.0,0.0,1.0,0.349308,0.010236,1.005487,0.5,0.182094,0.327563,-0.273033,0.311803,0.167017,0.968221,1.0
SOLUSD_9440_BEARISH_9430_9434,SOLUSD,1h,SHORT,2025-06-29T08:00:00+00:00,2025-06-28T22:00:00+00:00,2025-06-29T02:00:00+00:00,9430,9434,9440,150.688,151.341,149.57,0.653,0.433346,80,internal|choch|brk9434|form9430,internal,151.341,150.688,-1.0,0,0.333844,2.3951,1,SL_HIT,2025-06-29T09:00:00+00:00,0.433193,0.409802,0.433346,0.409802,0.918836,0.433384,0.430322,0.409802,0.221092,10.0,6.0,0.0,0.033261,0.0,1.0,0.0,0.0,0.0,0.875008,0.024475,1.057079,0.5,0.57886,0.674636,0.864509,-0.913686,6.727604,0.72499,0.0
BTCUSD_9452_BULLISH_9434_9440,BTCUSD,1h,LONG,2025-06-29T20:00:00+00:00,2025-06-29T02:00:00+00:00,2025-06-29T08:00:00+00:00,9434,9440,9452,107317.0,107129.0,107639.29,188.0,0.175182,100,internal|bos|brk9440|form9434,internal,107317.0,107129.0,1.714309,1,2.037234,0.547872,1,TP_HIT,2025-06-29T21:00:00+00:00,0.175189,0.380178,0.175182,0.380178,0.976064,0.340426,0.087766,0.380178,0.588468,18.0,12.0,3.0,0.0091,1.0,0.0,0.0,0.0,1.0,0.451945,0.004044,0.460808,0.5,0.161546,0.2639,-0.359796,0.038221,0.605626,1.333177,1.0
ETHUSD_9452_BULLISH_9434_9440,ETHUSD,1h,LONG,2025-06-29T20:00:00+00:00,2025-06-29T02:00:00+00:00,2025-06-29T08:00:00+00:00,9434,9440,9452,2433.0,2423.5,2449.29,9.5,0.390464,89,internal|bos|brk9440|form9434,internal,2433.0,2423.5,-1.0,0,0.531579,2.405263,1,SL_HIT,2025-06-29T21:00:00+00:00,0.390721,0.417452,0.390464,0.417452,0.831579,0.457895,0.226316,0.417452,0.140615,18.0,12.0,4.0,0.070308,1.0,0.0,0.0,0.0,1.0,0.366702,0.004394,0.935967,0.5,0.202553,0.309793,-0.180639,-0.06987,1.551634,0.939723,1.0
BTCUSD_9460_BEARISH_9139_9159,BTCUSD,1h,SHORT,2025-06-30T04:00:00+00:00,2025-06-16T19:00:00+00:00,2025-06-17T15:00:00+00:00,9139,9159,9460,108217.5,108865.0,107107.5,647.5,0.598332,58,internal|choch|brk9159|form9139,internal,108865.0,108217.5,1.714286,1,2.328185,0.209266,10,TP_HIT,2025-06-30T14:00:00+00:00,0.597962,1.319105,0.598332,1.319105,0.896525,0.853282,0.597683,1.319105,1.219281,321.0,301.0,10.0,0.136494,0.0,1.0,0.0,1.0,0.0,0.801431,0.031577,0.453309,0.5,0.213793,0.506251,-0.032773,0.241614,1.132416,0.931477,0.0
XRPUSD_9460_BULLISH_9453_9454,XRPUSD,1h,LONG,2025-06-30T04:00:00+00:00,2025-06-29T21:00:00+00:00,2025-06-29T22:00:00+00:00,9453,9454,9460,2.188175,2.1779,2.21,0.010275,0.469569,74,internal|bos|brk9454|form9453,internal,2.1916,2.1779,-1.0,0,0.450122,1.467153,2,SL_HIT,2025-06-30T06:00:00+00:00,0.626028,0.765926,0.469569,0.574444,0.766423,0.416058,0.49635,0.765926,1.336177,7.0,6.0,0.0,0.012579,1.0,0.0,0.0,0.0,1.0,0.796599,0.005591,0.817349,1.5,0.323888,0.55907,-0.770835,0.16936,0.810761,0.733362,1.0
BTCUSD_9462_BULLISH_9453_9456,BTCUSD,1h,LONG,2025-06-30T06:00:00+00:00,2025-06-29T21:00:00+00:00,2025-06-30T00:00:00+00:00,9453,9456,9462,107700.0,107214.0,108533.14,486.0,0.451253,77,internal|bos|brk9456|form9453,internal,107700.0,107214.0,-1.0,0,0.469136,2.037037,8,SL_HIT,2025-06-30T14:00:00+00:00,0.45203,0.989553,0.451253,0.989553,0.619342,0.479424,0.412551,0.989553,0.722822,9.0,6.0,0.0,0.376682,1.0,0.0,0.0,0.0,1.0,0.486708,0.014253,0.456802,1.5,0.252518,1.626857,-0.876316,-0.171773,0.337366,0.925901,1.0
SOLUSD_9462_BULLISH_9448_9454,SOLUSD,1h,LONG,2025-06-30T06:00:00+00:00,2025-06-29T16:00:00+00:00,2025-06-29T22:00:00+00:00,9448,9454,9462,150.60825,149.67,152.22,0.93825,0.622974,56,internal|bos|brk9454|form9448,internal,150.921,149.67,-1.0,0,0.206501,1.288836,2,SL_HIT,2025-06-30T08:00:00+00:00,0.831611,0.805355,0.622974,0.604016,0.608313,0.776179,0.194245,0.805355,0.792479,14.0,8.0,2.0,0.114108,1.0,0.0,0.0,0.0,1.0,0.756732,0.032188,1.032602,0.5,0.383143,0.889045,-1.045908,-0.192408,5.058385,0.715343,1.0
SOLUSD_9464_BULLISH_9436_9442,SOLUSD,1h,LONG,2025-06-30T08:00:00+00:00,2025-06-29T04:00:00+00:00,2025-06-29T10:00:00+00:00,9436,9442,9464,149.95,149.319,151.03,0.631,0.420807,83,internal|choch|brk9442|form9436,internal,149.95,149.319,1.711569,1,2.852615,0.573693,5,TP_HIT,2025-06-30T13:00:00+00:00,0.421259,0.40702,0.420807,0.40702,0.744849,0.873217,0.491284,0.40702,0.174161,28.0,22.0,3.0,0.103851,0.0,1.0,0.0,0.0,1.0,0.720412,0.00774,1.034983,0.5,0.397488,0.904991,-1.279246,-1.043807,3.464734,0.888215,1.0
SOLUSD_9540_BULLISH_9530_9533,SOLUSD,1h,LONG,2025-07-03T12:00:00+00:00,2025-07-03T02:00:00+00:00,2025-07-03T05:00:00+00:00,9530,9533,9540,152.771,151.694,154.62,1.077,0.704977,49,internal|bos|brk9533|form9530,internal,153.13,151.694,1.716806,1,2.053853,0.26091,1,TP_HIT,2025-07-03T13:00:00+00:00,0.937943,0.937312,0.704977,0.702984,0.979805,0.870474,0.285515,0.937312,1.18861,10.0,7.0,0.0,0.215399,1.0,0.0,0.0,0.0,1.0,0.546029,0.031983,1.000673,4.0,0.546061,2.249287,-1.575046,-0.415637,2.821357,1.032576,1.0
ETHUSD_9543_BULLISH_9530_9541,ETHUSD,1h,LONG,2025-07-03T15:00:00+00:00,2025-07-03T02:00:00+00:00,2025-07-03T13:00:00+00:00,9530,9541,9543,2574.275,2555.75,2606.03,18.525,0.71962,48,internal|bos|brk9541|form9530,internal,2580.45,2555.75,-1.0,0,1.558704,1.423752,15,SL_HIT,2025-07-04T06:00:00+00:00,0.961202,1.08337,0.71962,0.812528,0.564777,0.631579,0.520243,1.08337,1.587774,13.0,2.0,0.0,0.200665,1.0,0.0,0.0,0.0,1.0,0.749431,0.004386,0.887233,32.5,0.597276,1.438646,-1.072164,-0.147659,5.212086,1.366664,1.0
XRPUSD_9543_BULLISH_9528_9537,XRPUSD,1h,LONG,2025-07-03T15:00:00+00:00,2025-07-03T00:00:00+00:00,2025-07-03T09:00:00+00:00,9528,9537,9543,2.240625,2.2242,2.27,0.016425,0.733054,47,internal|bos|brk9537|form9528,internal,2.2461,2.2242,1.788432,1,2.439878,0.0,3,TP_HIT,2025-07-03T18:00:00+00:00,0.976327,1.170557,0.733054,0.877918,0.863014,0.365297,0.429224,1.170557,0.849856,15.0,6.0,0.0,0.132289,1.0,0.0,0.0,0.0,1.0,0.534406,0.037415,0.834071,52.0,0.597734,2.624399,-2.461191,0.031217,2.200656,1.610795,1.0
BTCUSD_9559_BULLISH_9530_9537,BTCUSD,1h,LONG,2025-07-04T07:00:00+00:00,2025-07-03T02:00:00+00:00,2025-07-03T09:00:00+00:00,9530,9537,9559,108946.5,108488.5,109731.64,458.0,0.42039,83,internal|bos|brk9537|form9530,internal,108946.5,108488.5,-1.0,0,0.0,1.004367,1,SL_HIT,2025-07-04T08:00:00+00:00,0.421454,0.952302,0.42039,0.952302,0.399563,0.600437,0.562227,0.952302,1.182061,29.0,22.0,4.0,0.571797,1.0,0.0,0.0,0.0,1.0,0.66443,0.105003,0.442563,9.5,0.322099,0.926312,-0.437931,-0.526788,1.947549,0.756743,1.0
SOLUSD_9565_BULLISH_9516_9518,SOLUSD,1h,LONG,2025-07-04T13:00:00+00:00,2025-07-02T12:00:00+00:00,2025-07-02T14:00:00+00:00,9516,9518,9565,148.20425,147.068,150.15,1.13625,0.766678,45,internal|choch|brk9518|form9516,internal,148.583,147.068,-1.0,0,0.532233,1.744554,2,SL_HIT,2025-07-04T15:00:00+00:00,1.020408,0.996963,0.766678,0.747722,0.925413,0.166997,0.613201,0.996963,0.665958,49.0,47.0,0.0,0.17488,0.0,1.0,0.0,0.0,0.0,0.241298,0.0,1.023516,4.5,0.577551,1.889953,-0.981317,-2.897319,-0.066636,0.952261,1.0
BTCUSD_9583_BULLISH_9578_9582,BTCUSD,1h,LONG,2025-07-05T07:00:00+00:00,2025-07-05T02:00:00+00:00,2025-07-05T06:00:00+00:00,9578,9582,9583,108056.5,107698.5,108670.21,358.0,0.331308,100,internal|choch|brk9582|form9578,internal,108056.5,107698.5,1.714274,1,2.888268,0.846369,30,TP_HIT,2025-07-06T13:00:00+00:00,0.331445,0.767458,0.331308,0.767458,0.875698,0.286313,0.22067,0.767458,0.311914,5.0,1.0,0.0,0.095396,0.0,1.0,0.0,0.0,0.0,0.543199,0.067528,0.431874,0.5,0.233406,0.612037,-0.016662,0.379634,-1.17886,0.679866,1.0
XRPUSD_9584_BULLISH_9578_9582,XRPUSD,1h,LONG,2025-07-05T08:00:00+00:00,2025-07-05T02:00:00+00:00,2025-07-05T06:00:00+00:00,9578,9582,9584,2.21935,2.209,2.24,0.01035,0.466353,75,internal|choch|brk9582|form9578,internal,2.2228,2.209,-1.0,0,0.990338,1.463768,9,SL_HIT,2025-07-05T17:00:00+00:00,0.621818,0.784506,0.466353,0.588379,0.746377,0.536232,0.355072,0.784506,0.079588,6.0,2.0,1.0,0.002842,0.0,1.0,0.0,0.0,0.0,0.434913,0.005685,0.792623,0.5,0.371522,0.591222,-0.238245,-0.215818,-2.358221,0.72894,1.0
ETHUSD_9598_BEARISH_9587_9591,ETHUSD,1h,SHORT,2025-07-05T22:00:00+00:00,2025-07-05T11:00:00+00:00,2025-07-05T15:00:00+00:00,9587,9591,9598,2516.85,2525.3,2502.36,8.45,0.335737,100,internal|bos|brk9591|form9587,internal,2525.3,2516.85,-1.0,0,0.976331,1.153846,8,SL_HIT,2025-07-06T06:00:00+00:00,0.33555,0.40251,0.335737,0.40251,0.83432,0.568047,0.065089,0.40251,0.500161,11.0,7.0,1.0,0.066688,1.0,0.0,0.0,0.0,1.0,0.554397,0.026199,0.833644,0.5,0.238874,0.440618,0.60324,-0.107102,-3.080861,0.81345,0.0
SOLUSD_9598_BEARISH_9589_9592,SOLUSD,1h,SHORT,2025-07-05T22:00:00+00:00,2025-07-05T13:00:00+00:00,2025-07-05T16:00:00+00:00,9589,9592,9598,147.755,148.638,146.24,0.883,0.597611,58,internal|bos|brk9592|form9589,internal,148.638,147.755,-1.0,0,1.207248,1.375991,14,SL_HIT,2025-07-06T12:00:00+00:00,0.597429,0.616215,0.597611,0.616215,0.949037,0.084938,0.317101,0.616215,0.313342,9.0,6.0,0.0,0.031404,1.0,0.0,0.0,0.0,1.0,0.259773,0.006979,0.969513,0.5,0.295897,0.534565,0.688744,-0.006765,-3.240589,0.690458,0.0
XRPUSD_9600_BEARISH_9590_9594,XRPUSD,1h,SHORT,2025-07-06T00:00:00+00:00,2025-07-05T14:00:00+00:00,2025-07-05T18:00:00+00:00,9590,9594,9600,2.2182,2.2296,2.2,0.0114,0.51393,68,internal|choch|brk9594|form9590,internal,2.2296,2.2182,-1.0,0,0.95614,1.447368,6,SL_HIT,2025-07-06T06:00:00+00:00,0.513652,0.672853,0.51393,0.672853,0.894737,0.166667,0.464912,0.672853,0.543005,10.0,6.0,2.0,0.070827,0.0,1.0,0.0,0.0,1.0,0.402919,0.005902,0.763394,0.5,0.224943,0.436765,0.252959,-0.01802,-1.939646,0.332202,0.0
BTCUSD_9611_BEARISH_9602_9609,BTCUSD,1h,SHORT,2025-07-06T11:00:00+00:00,2025-07-06T02:00:00+00:00,2025-07-06T09:00:00+00:00,9602,9609,9611,108009.0,108222.0,107643.86,213.0,0.197206,100,internal|choch|brk9609|form9602,internal,108222.0,108009.0,-1.0,0,0.065728,5.077465,2,SL_HIT,2025-07-06T13:00:00+00:00,0.19717,0.497847,0.197206,0.497847,0.908451,0.422535,0.7277,0.497847,0.376307,9.0,2.0,1.0,0.045578,0.0,1.0,0.0,1.0,1.0,0.286664,0.112191,0.396045,0.5,0.081726,0.33073,-0.050424,-0.018048,-0.853081,0.936215,0.0
SOLUSD_9611_BEARISH_9607_9609,SOLUSD,1h,SHORT,2025-07-06T11:00:00+00:00,2025-07-06T07:00:00+00:00,2025-07-06T09:00:00+00:00,9607,9609,9611,147.829,148.46,146.75,0.631,0.426845,81,internal|choch|brk9609|form9607,internal,148.46,147.829,-1.0,0,0.083994,1.808241,1,SL_HIT,2025-07-06T12:00:00+00:00,0.426611,0.454981,0.426845,0.454981,0.871632,0.207607,0.316957,0.454981,0.491033,4.0,2.0,0.0,0.058405,0.0,1.0,0.0,1.0,1.0,0.246851,0.0,0.937646,0.5,0.28542,0.665526,-0.053382,0.50282,-1.925486,1.007052,0.0
SOLUSD_9614_BEARISH_9557_9565,SOLUSD,1h,SHORT,2025-07-06T14:00:00+00:00,2025-07-04T05:00:00+00:00,2025-07-04T13:00:00+00:00,9557,9565,9614,152.08525,153.871,149.02,1.78575,1.174177,29,internal|choch|brk9565|form9557,internal,153.871,151.49,-1.0,0,0.803724,1.01624,7,SL_HIT,2025-07-06T21:00:00+00:00,1.570995,1.704036,1.174177,1.278027,0.970601,0.239815,0.689206,1.704036,1.424921,57.0,49.0,1.0,0.375911,0.0,1.0,0.0,0.0,0.0,0.572947,0.020039,0.921926,3.5,0.438236,0.979696,3.264313,2.746273,0.744483,1.949736,0.0
BTCUSD_9624_BULLISH_9618_9621,BTCUSD,1h,LONG,2025-07-07T00:00:00+00:00,2025-07-06T18:00:00+00:00,2025-07-06T21:00:00+00:00,9618,9621,9624,108723.125,108222.5,109581.34,500.625,0.460459,76,internal|bos|brk9621|form9618,internal,108890.0,108222.5,1.714287,1,1.907366,0.180025,3,TP_HIT,2025-07-07T03:00:00+00:00,0.613573,1.552567,0.460459,1.164425,0.848689,0.205243,0.661423,1.552567,1.306017,6.0,3.0,0.0,0.153222,1.0,0.0,0.0,1.0,1.0,0.480298,0.044193,0.395199,7.0,0.209863,1.155994,0.261739,0.915099,0.536929,0.986823,1.0
ETHUSD_9638_BULLISH_9618_9621,ETHUSD,1h,LONG,2025-07-07T14:00:00+00:00,2025-07-06T18:00:00+00:00,2025-07-06T21:00:00+00:00,9618,9621,9638,2541.3,2523.45,2571.9,17.85,0.702396,49,internal|bos|brk9621|form9618,internal,2547.25,2523.45,-1.0,0,0.109244,1.669468,2,SL_HIT,2025-07-07T16:00:00+00:00,0.940637,1.171493,0.702396,0.87862,0.283613,0.781513,0.634454,1.171493,2.069801,20.0,17.0,2.0,0.546368,1.0,0.0,0.0,0.0,1.0,0.349153,0.002461,0.802939,10.0,0.598156,1.904906,-1.617544,-1.542892,0.508461,1.584856,1.0
XRPUSD_9644_BULLISH_9631_9633,XRPUSD,1h,LONG,2025-07-07T20:00:00+00:00,2025-07-07T07:00:00+00:00,2025-07-07T09:00:00+00:00,9631,9633,9644,2.26765,2.2543,2.29,0.01335,0.588715,59,internal|bos|brk9633|form9631,internal,2.2721,2.2543,-1.0,0,1.074906,1.0,5,SL_HIT,2025-07-08T01:00:00+00:00,0.785837,1.028326,0.588715,0.771244,0.606742,0.483146,0.719101,1.028326,0.363958,13.0,11.0,1.0,0.147316,1.0,0.0,0.0,0.0,1.0,0.440506,0.011554,0.764191,27.5,0.905303,1.929555,-3.130479,-0.220255,2.818883,1.924435,1.0
SOLUSD_9666_BEARISH_9635_9641,SOLUSD,1h,SHORT,2025-07-08T18:00:00+00:00,2025-07-07T11:00:00+00:00,2025-07-07T17:00:00+00:00,9635,9641,9666,152.4745,153.571,150.59,1.0965,0.719137,48,internal|bos|brk9641|form9635,internal,153.571,152.109,1.71865,1,2.332421,0.270406,2,TP_HIT,2025-07-08T20:00:00+00:00,0.956988,1.082075,0.719137,0.811556,0.547196,0.514364,0.370725,1.082075,0.282731,31.0,25.0,3.0,0.219449,1.0,0.0,0.0,0.0,1.0,0.871016,0.0,0.884401,3.5,0.449029,0.83561,0.527078,2.806864,-0.215544,1.573567,0.0
XRPUSD_9670_BEARISH_9641_9650,XRPUSD,1h,SHORT,2025-07-08T22:00:00+00:00,2025-07-07T17:00:00+00:00,2025-07-08T02:00:00+00:00,9641,9650,9670,2.31125,2.3315,2.28,0.02025,0.876149,39,internal|choch|brk9650|form9641,internal,2.3315,2.3045,-1.0,0,0.71358,1.133333,7,SL_HIT,2025-07-09T05:00:00+00:00,1.170909,1.597523,0.876149,1.198142,0.948148,0.644444,0.511111,1.597523,0.390506,29.0,20.0,5.0,0.316546,0.0,1.0,0.0,1.0,0.0,0.689092,0.023667,0.732953,19.5,0.399926,0.420089,-0.138582,1.389439,1.577023,0.653983,0.0
ETHUSD_9676_BEARISH_9673_9675,ETHUSD,1h,SHORT,2025-07-09T04:00:00+00:00,2025-07-09T01:00:00+00:00,2025-07-09T03:00:00+00:00,9673,9675,9676,2606.025,2626.8,2570.41,20.775,0.797191,43,internal|choch|brk9675|form9673,internal,2626.8,2599.1,-1.0,0,0.239471,1.962696,1,SL_HIT,2025-07-09T05:00:00+00:00,1.064402,1.390134,0.797191,1.042601,0.880866,0.119134,0.296029,1.390134,0.574622,3.0,1.0,0.0,0.181922,0.0,1.0,0.0,1.0,0.0,0.816737,0.0,0.765683,0.5,0.510692,0.622298,-0.464707,0.575845,1.026806,0.589636,0.0
BTCUSD_9686_BULLISH_9677_9683,BTCUSD,1h,LONG,2025-07-09T14:00:00+00:00,2025-07-09T05:00:00+00:00,2025-07-09T11:00:00+00:00,9677,9683,9686,108911.0,108439.0,109720.14,472.0,0.433381,80,internal|bos|brk9683|form9677,internal,108911.0,108439.0,1.71428,1,6.616525,0.322034,5,TP_HIT,2025-07-09T19:00:00+00:00,0.433622,1.134533,0.433381,1.134533,0.871822,0.959746,0.485169,1.134533,0.377376,9.0,3.0,0.0,0.145422,1.0,0.0,0.0,1.0,1.0,0.615894,0.049275,0.382203,4.0,0.173025,2.362808,0.125559,-0.031226,0.497639,1.788383,1.0
SOLUSD_9712_BEARISH_9704_9711,SOLUSD,1h,SHORT,2025-07-10T16:00:00+00:00,2025-07-10T08:00:00+00:00,2025-07-10T15:00:00+00:00,9704,9711,9712,158.09875,159.142,156.31,1.04325,0.659872,53,internal|choch|brk9711|form9704,internal,159.142,157.751,-1.0,0,0.202971,2.972682,1,SL_HIT,2025-07-10T17:00:00+00:00,0.878312,1.033062,0.659872,0.774796,0.553559,0.682243,0.711718,1.033062,0.288158,8.0,1.0,0.0,0.202936,0.0,1.0,0.0,0.0,0.0,0.917821,0.005941,0.850203,13.0,0.51999,1.930214,0.488572,0.514721,5.042117,1.202995,0.0
ETHUSD_9735_BULLISH_9720_9729,ETHUSD,1h,LONG,2025-07-11T15:00:00+00:00,2025-07-11T00:00:00+00:00,2025-07-11T09:00:00+00:00,9720,9729,9735,2947.1375,2914.4,3003.26,32.7375,1.110824,31,internal|bos|brk9729|form9720,internal,2958.05,2914.4,1.714318,1,1.920199,0.331042,4,TP_HIT,2025-07-11T19:00:00+00:00,1.479109,1.911627,1.110824,1.43372,0.840779,0.435281,0.320733,1.911627,0.538672,15.0,6.0,0.0,0.173535,1.0,0.0,0.0,0.0,1.0,0.830217,0.162039,0.773744,100.0,1.365353,2.52037,-1.757715,0.471529,11.188139,1.171146,1.0
ETHUSD_9775_BEARISH_9755_9758,ETHUSD,1h,SHORT,2025-07-13T07:00:00+00:00,2025-07-12T11:00:00+00:00,2025-07-12T14:00:00+00:00,9755,9758,9775,2965.25,2979.35,2941.08,14.1,0.475508,73,internal|choch|brk9758|form9755,internal,2979.35,2960.55,-1.0,0,1.542553,1.989362,5,SL_HIT,2025-07-13T12:00:00+00:00,0.634685,0.831767,0.475508,0.623825,0.917553,0.356383,0.630319,0.831767,0.526491,20.0,17.0,2.0,0.139365,0.0,1.0,0.0,0.0,1.0,0.825055,0.148214,0.763056,79.0,0.372643,0.424732,0.297972,1.299545,-1.412857,0.644941,0.0
SOLUSD_9781_BEARISH_9751_9755,SOLUSD,1h,SHORT,2025-07-13T13:00:00+00:00,2025-07-12T07:00:00+00:00,2025-07-12T11:00:00+00:00,9751,9755,9781,162.971125,163.7845,161.58,0.813375,0.499091,70,internal|bos|brk9755|form9751,internal,163.7845,162.7,-1.0,0,0.804211,1.414938,1,SL_HIT,2025-07-13T14:00:00+00:00,0.665897,0.773921,0.499091,0.580441,0.8497,0.224988,0.229599,0.773921,0.991932,30.0,26.0,3.0,0.07716,1.0,0.0,0.0,0.0,1.0,0.659674,0.052808,0.86042,64.5,0.413502,0.760005,0.413707,1.520979,-0.579323,0.996112,0.0
XRPUSD_9793_BEARISH_9786_9789,XRPUSD,1h,SHORT,2025-07-14T01:00:00+00:00,2025-07-13T18:00:00+00:00,2025-07-13T21:00:00+00:00,9786,9789,9793,2.8577,2.8826,2.82,0.0249,0.87133,40,internal|choch|brk9789|form9786,internal,2.8826,2.8494,-1.0,0,0.313253,1.594378,1,SL_HIT,2025-07-14T02:00:00+00:00,1.162628,1.220195,0.87133,0.915146,0.813253,0.843373,0.033133,1.220195,1.686956,7.0,4.0,0.0,0.077181,0.0,1.0,0.0,0.0,0.0,0.791845,0.117609,0.952821,100.0,0.651063,1.422336,0.256293,2.837799,4.478267,0.6292,0.0
BTCUSD_9830_BULLISH_9720_9725,BTCUSD,1h,LONG,2025-07-15T14:00:00+00:00,2025-07-11T00:00:00+00:00,2025-07-11T05:00:00+00:00,9720,9725,9830,115849.125,115207.5,116949.05,641.625,0.553845,63,internal|bos|brk9725|form9720,internal,116063.0,115207.5,1.71428,1,2.937658,0.136567,2,TP_HIT,2025-07-15T16:00:00+00:00,0.737551,1.561791,0.553845,1.171343,0.917008,0.436002,0.50789,1.561791,1.746175,110.0,105.0,0.0,0.260831,1.0,0.0,0.0,0.0,0.0,0.039831,0.544025,0.472247,100.0,0.508391,5.0,-0.67052,-3.198024,-2.028405,1.656947,1.0
SOLUSD_9831_BEARISH_9829_9830,SOLUSD,1h,SHORT,2025-07-15T15:00:00+00:00,2025-07-15T13:00:00+00:00,2025-07-15T14:00:00+00:00,9829,9830,9831,160.26075,162.0,157.28,1.73925,1.085263,32,internal|choch|brk9830|form9829,internal,162.0,159.681,-1.0,0,0.02228,1.496191,2,SL_HIT,2025-07-15T17:00:00+00:00,1.44569,1.537556,1.085263,1.153167,0.686589,0.535144,0.573092,1.537556,2.307991,2.0,1.0,0.0,0.097498,0.0,1.0,0.0,0.0,1.0,0.267468,0.118549,0.940252,100.0,0.73296,2.439801,0.561588,-0.58518,-1.507525,1.760955,0.0
SOLUSD_9851_BEARISH_9805_9807,SOLUSD,1h,SHORT,2025-07-16T11:00:00+00:00,2025-07-14T13:00:00+00:00,2025-07-14T15:00:00+00:00,9805,9807,9851,166.7635,168.535,163.73,1.7715,1.062283,32,internal|choch|brk9807|form9805,internal,168.535,166.173,-1.0,0,0.769687,1.174428,4,SL_HIT,2025-07-16T15:00:00+00:00,1.416798,1.552452,1.062283,1.164339,0.770957,0.605419,0.444115,1.552452,1.800896,46.0,44.0,2.0,0.032534,0.0,1.0,0.0,0.0,1.0,0.786968,0.022347,0.91262,92.5,0.663712,0.513321,1.573124,3.766914,-0.412177,1.13454,0.0
BTCUSD_9924_BULLISH_9920_9922,BTCUSD,1h,LONG,2025-07-19T12:00:00+00:00,2025-07-19T08:00:00+00:00,2025-07-19T10:00:00+00:00,9920,9922,9924,118251.5,117917.5,118824.07,334.0,0.282449,100,internal|choch|brk9922|form9920,internal,118251.5,117917.5,-1.0,0,0.178144,1.871257,2,SL_HIT,2025-07-19T14:00:00+00:00,0.282499,0.558571,0.282449,0.558571,0.937126,0.516467,0.23503,0.558571,0.339491,4.0,2.0,1.0,0.03512,0.0,1.0,0.0,1.0,0.0,0.481703,0.073584,0.505753,81.0,0.131205,0.39217,0.071522,0.485299,-0.095485,0.701177,1.0
SOLUSD_9927_BEARISH_9925_9926,SOLUSD,1h,SHORT,2025-07-19T15:00:00+00:00,2025-07-19T13:00:00+00:00,2025-07-19T14:00:00+00:00,9925,9926,9927,176.951,177.886,175.35,0.935,0.528395,66,internal|choch|brk9926|form9925,internal,177.886,176.951,-1.0,0,0.51123,1.010695,1,SL_HIT,2025-07-19T16:00:00+00:00,0.527072,0.533314,0.528395,0.533314,0.525134,0.561497,0.074866,0.533314,1.423692,2.0,1.0,0.0,0.253253,0.0,1.0,0.0,1.0,0.0,0.730496,0.069017,0.988296,94.5,0.686616,1.489857,-0.0062,1.261524,1.744153,1.312472,0.0
SOLUSD_9938_BULLISH_9926_9937,SOLUSD,1h,LONG,2025-07-20T02:00:00+00:00,2025-07-19T14:00:00+00:00,2025-07-20T01:00:00+00:00,9926,9937,9938,177.13325,174.815,181.11,2.31825,1.30876,26,internal|choch|brk9937|form9926,internal,177.906,174.815,1.71541,1,1.916424,0.079047,7,TP_HIT,2025-07-20T09:00:00+00:00,1.740859,1.771005,1.30876,1.328253,0.886768,0.297962,0.807506,1.771005,0.108861,12.0,1.0,0.0,0.242217,0.0,1.0,0.0,1.0,0.0,0.686658,0.021658,0.982978,84.0,0.573848,0.575247,0.893263,0.535587,-1.25684,0.621369,1.0
BTCUSD_9944_BEARISH_9923_9926,BTCUSD,1h,SHORT,2025-07-20T08:00:00+00:00,2025-07-19T11:00:00+00:00,2025-07-19T14:00:00+00:00,9923,9926,9944,118131.5,118469.0,117552.93,337.5,0.285699,100,internal|choch|brk9926|form9923,internal,118469.0,118131.5,-1.0,0,1.248889,1.997037,6,SL_HIT,2025-07-20T14:00:00+00:00,0.28566,0.588089,0.285699,0.588089,0.952593,0.337778,0.328889,0.588089,0.92526,21.0,18.0,6.0,0.02788,0.0,1.0,0.0,0.0,1.0,0.323526,0.013069,0.485743,57.5,0.15109,0.431265,0.170416,0.296269,-1.749666,0.76899,0.0
XRPUSD_9944_BEARISH_9901_9903,XRPUSD,1h,SHORT,2025-07-20T08:00:00+00:00,2025-07-18T13:00:00+00:00,2025-07-18T15:00:00+00:00,9901,9903,9944,3.486875,3.5453,3.39,0.058425,1.675569,20,internal|choch|brk9903|form9901,internal,3.5453,3.4674,-1.0,0,0.158751,1.054771,6,SL_HIT,2025-07-20T14:00:00+00:00,2.22546,1.891191,1.675569,1.418393,0.57638,0.444159,0.097561,1.891191,1.903329,43.0,41.0,7.0,0.328349,0.0,1.0,0.0,0.0,1.0,0.78307,0.335025,1.176751,83.0,0.725845,1.427497,1.883168,2.171629,-1.924855,1.151772,0.0
BTCUSD_9966_BEARISH_9900_9902,BTCUSD,1h,SHORT,2025-07-21T06:00:00+00:00,2025-07-18T12:00:00+00:00,2025-07-18T14:00:00+00:00,9900,9902,9966,119138.5,119532.0,118463.93,393.5,0.330288,100,internal|bos|brk9902|form9900,internal,119532.0,119138.5,-1.0,0,0.0,1.376112,1,SL_HIT,2025-07-21T07:00:00+00:00,0.330198,0.688575,0.330288,0.688575,0.917408,0.302414,0.64676,0.688575,1.133043,66.0,64.0,0.0,0.056871,1.0,0.0,0.0,0.0,0.0,0.606194,0.056871,0.479538,55.0,0.292535,1.742873,1.617579,0.413295,0.893617,1.220234,0.0
ETHUSD_9978_BULLISH_9961_9974,ETHUSD,1h,LONG,2025-07-21T18:00:00+00:00,2025-07-21T01:00:00+00:00,2025-07-21T14:00:00+00:00,9961,9974,9978,3740.75,3701.0,3808.89,39.75,1.062621,32,internal|bos|brk9974|form9961,internal,3754.0,3701.0,-1.0,0,1.465409,1.14717,7,SL_HIT,2025-07-22T01:00:00+00:00,1.418364,1.559696,1.062621,1.169772,0.673585,0.44434,0.438679,1.559696,0.634178,17.0,4.0,2.0,0.119184,1.0,0.0,0.0,0.0,1.0,0.752387,0.15597,0.909385,100.0,0.522211,2.032019,-2.170384,-0.554883,4.962009,1.635846,1.0
XRPUSD_9979_BULLISH_9972_9974,XRPUSD,1h,LONG,2025-07-21T19:00:00+00:00,2025-07-21T12:00:00+00:00,2025-07-21T14:00:00+00:00,9972,9974,9979,3.537625,3.5005,3.6,0.037125,1.049433,33,internal|bos|brk9974|form9972,internal,3.55,3.5005,-1.0,0,1.001347,2.028956,6,SL_HIT,2025-07-22T01:00:00+00:00,1.396333,1.185903,1.049433,0.889427,0.89899,0.440404,0.068687,1.185903,1.605162,7.0,5.0,1.0,0.176688,1.0,0.0,0.0,0.0,1.0,0.728601,0.007187,1.177443,98.0,0.743273,1.336836,-2.690091,1.135456,3.473438,1.05463,1.0
BTCUSD_9983_BULLISH_9960_9966,BTCUSD,1h,LONG,2025-07-21T23:00:00+00:00,2025-07-21T00:00:00+00:00,2025-07-21T06:00:00+00:00,9960,9966,9983,117126.75,116472.0,118249.18,654.75,0.55901,62,internal|choch|brk9966|form9960,internal,117345.0,116472.0,-1.0,0,1.214586,1.711722,2,SL_HIT,2025-07-22T01:00:00+00:00,0.743982,1.492007,0.55901,1.119006,0.995991,0.83677,0.123139,1.492007,1.300593,23.0,17.0,6.0,0.36702,0.0,1.0,0.0,1.0,0.0,0.204371,0.136725,0.498645,68.5,0.320792,0.697296,0.182707,-1.395769,-0.285526,0.522491,1.0
SOLUSD_9988_BULLISH_9979_9985,SOLUSD,1h,LONG,2025-07-22T04:00:00+00:00,2025-07-21T19:00:00+00:00,2025-07-22T01:00:00+00:00,9979,9985,9988,194.9855,193.082,198.25,1.9035,0.976226,35,internal|bos|brk9985|form9979,internal,195.62,193.082,1.714999,1,2.193065,0.307591,1,TP_HIT,2025-07-22T05:00:00+00:00,1.305636,1.294789,0.976226,0.971091,0.514578,0.552403,0.325847,1.294789,2.301336,9.0,3.0,0.0,0.304821,1.0,0.0,0.0,0.0,1.0,0.671787,0.037242,1.008378,100.0,1.078621,3.076271,-0.716073,0.939355,9.479826,1.188898,1.0
XRPUSD_9988_BULLISH_9938_9944,XRPUSD,1h,LONG,2025-07-22T04:00:00+00:00,2025-07-20T02:00:00+00:00,2025-07-20T08:00:00+00:00,9938,9944,9988,3.415125,3.3855,3.47,0.029625,0.867465,40,internal|choch|brk9944|form9938,internal,3.425,3.3855,1.852321,1,2.38903,0.0,1,TP_HIT,2025-07-22T05:00:00+00:00,1.153689,0.935138,0.867465,0.701354,0.96962,0.531646,0.44557,0.935138,1.354175,50.0,44.0,2.0,0.205375,0.0,1.0,0.0,0.0,1.0,0.24067,0.366953,1.233709,100.0,0.87993,1.981547,-3.58752,-4.229371,0.537366,0.915254,1.0
SOLUSD_10001_BEARISH_6210_6260,SOLUSD,1h,SHORT,2025-07-22T17:00:00+00:00,2025-02-14T18:00:00+00:00,2025-02-16T20:00:00+00:00,6210,6260,10001,203.203,205.282,199.64,2.079,1.023115,34,internal|bos|brk6260|form6210,internal,205.282,202.51,1.713805,1,2.291486,0.401732,2,TP_HIT,2025-07-22T19:00:00+00:00,1.365652,1.324401,1.023115,0.993301,0.830447,0.94733,0.691919,1.324401,0.410889,3791.0,3741.0,7.0,0.106545,1.0,0.0,0.0,1.0,0.0,0.932539,0.100333,1.031147,100.0,1.233992,1.500701,-0.074336,0.4752,11.547698,1.291815,0.0
SOLUSD_10014_BULLISH_10004_10007,SOLUSD,1h,LONG,2025-07-23T06:00:00+00:00,2025-07-22T20:00:00+00:00,2025-07-22T23:00:00+00:00,10004,10007,10014,200.69175,198.447,204.54,2.24475,1.118506,31,internal|bos|brk10007|form10004,internal,201.44,198.447,-1.0,0,0.230872,1.392026,3,SL_HIT,2025-07-23T09:00:00+00:00,1.491132,1.419986,1.118506,1.06499,0.759439,0.537254,0.59138,1.419986,1.808075,10.0,7.0,3.0,0.013403,1.0,0.0,0.0,0.0,1.0,0.818561,0.094887,1.050103,95.5,0.994188,1.049926,-1.215611,-0.579524,8.032466,0.506123,1.0
BTCUSD_10036_BULLISH_10025_10031,BTCUSD,1h,LONG,2025-07-24T04:00:00+00:00,2025-07-23T17:00:00+00:00,2025-07-23T23:00:00+00:00,10025,10031,10036,117894.375,117286.5,118936.45,607.875,0.51561,67,internal|choch|brk10031|form10025,internal,118097.0,117286.5,-1.0,0,0.933786,1.370142,3,SL_HIT,2025-07-24T07:00:00+00:00,0.687348,1.329886,0.51561,0.997414,0.777915,0.361505,0.502776,1.329886,0.286323,11.0,5.0,0.0,0.037124,0.0,1.0,0.0,0.0,1.0,0.443696,0.00082,0.516847,80.5,0.373069,1.231437,-0.680146,0.484026,0.791083,0.850594,1.0
XRPUSD_10056_BULLISH_10040_10046,XRPUSD,1h,LONG,2025-07-25T00:00:00+00:00,2025-07-24T08:00:00+00:00,2025-07-24T14:00:00+00:00,10040,10046,10056,3.096375,3.0558,3.17,0.040575,1.310403,26,internal|choch|brk10046|form10040,internal,3.1099,3.0558,-1.0,0,1.577942,1.28589,3,SL_HIT,2025-07-25T03:00:00+00:00,1.741117,1.16511,1.310403,0.873832,0.950092,0.332717,0.469501,1.16511,2.278533,16.0,10.0,0.0,0.23313,0.0,1.0,0.0,0.0,0.0,0.21909,0.07107,1.494381,97.0,1.391265,1.369704,-3.145164,-0.260007,-11.969856,0.31762,1.0
ETHUSD_10065_BEARISH_10051_10056,ETHUSD,1h,SHORT,2025-07-25T09:00:00+00:00,2025-07-24T19:00:00+00:00,2025-07-25T00:00:00+00:00,10051,10056,10065,3728.275,3754.45,3683.4,26.175,0.702067,49,internal|choch|brk10056|form10051,internal,3754.45,3719.55,1.714422,1,1.964661,0.719198,4,TP_HIT,2025-07-25T13:00:00+00:00,0.936485,0.906032,0.702067,0.679524,0.795129,0.37106,0.181948,0.906032,1.234436,14.0,9.0,0.0,0.040888,0.0,1.0,0.0,0.0,0.0,0.62624,0.018173,1.033612,100.0,1.06321,2.146958,2.164348,-0.371598,1.460639,1.139938,0.0
XRPUSD_10077_BEARISH_10067_10070,XRPUSD,1h,SHORT,2025-07-25T21:00:00+00:00,2025-07-25T11:00:00+00:00,2025-07-25T14:00:00+00:00,10067,10070,10077,3.132425,3.1526,3.1,0.020175,0.64407,54,internal|bos|brk10070|form10067,internal,3.1526,3.1257,-1.0,0,1.19083,1.525403,5,SL_HIT,2025-07-26T02:00:00+00:00,0.856988,0.572079,0.64407,0.42906,0.509294,0.828996,0.208178,0.572079,2.460579,10.0,7.0,1.0,0.137703,1.0,0.0,0.0,0.0,1.0,0.276937,0.046787,1.498023,94.5,1.236192,0.555066,2.665664,2.151133,-1.506166,0.851713,0.0
ETHUSD_10101_BEARISH_10090_10094,ETHUSD,1h,SHORT,2025-07-26T21:00:00+00:00,2025-07-26T10:00:00+00:00,2025-07-26T14:00:00+00:00,10090,10094,10101,3759.725,3783.2,3719.48,23.475,0.624381,56,internal|choch|brk10094|form10090,internal,3783.2,3751.9,-1.0,0,0.789137,1.502662,1,SL_HIT,2025-07-26T22:00:00+00:00,0.83289,0.843214,0.624381,0.632411,0.805112,0.36262,0.028754,0.843214,0.435077,11.0,7.0,2.0,0.046471,0.0,1.0,0.0,0.0,0.0,0.909189,0.048492,0.987756,72.5,0.352439,0.708516,0.818243,0.506813,0.641395,0.718221,0.0
BTCUSD_10112_BULLISH_10104_10106,BTCUSD,1h,LONG,2025-07-27T08:00:00+00:00,2025-07-27T00:00:00+00:00,2025-07-27T02:00:00+00:00,10104,10106,10112,117955.0,117812.5,118199.29,142.5,0.120809,100,internal|bos|brk10106|form10104,internal,117955.0,117812.5,1.714316,1,2.322807,0.831579,2,TP_HIT,2025-07-27T10:00:00+00:00,0.12083,0.249834,0.120809,0.249834,0.85614,0.147368,0.273684,0.249834,0.420772,8.0,6.0,0.0,0.035941,1.0,0.0,0.0,0.0,1.0,0.680909,0.029805,0.483641,8.0,0.110887,0.341877,-0.202667,-0.072869,2.311529,0.741921,1.0
XRPUSD_10113_BULLISH_10104_10109,XRPUSD,1h,LONG,2025-07-27T09:00:00+00:00,2025-07-27T00:00:00+00:00,2025-07-27T05:00:00+00:00,10104,10109,10113,3.174575,3.1553,3.21,0.019275,0.607168,57,internal|bos|brk10109|form10104,internal,3.181,3.1553,1.837873,1,1.993515,0.294423,2,TP_HIT,2025-07-27T11:00:00+00:00,0.810777,0.595526,0.607168,0.446644,0.564202,0.583658,0.571984,0.595526,0.287335,9.0,4.0,1.0,0.110647,1.0,0.0,0.0,0.0,1.0,0.399075,0.011586,1.361446,57.5,0.364639,0.539913,-1.20925,-0.144909,3.12988,1.074377,1.0
ETHUSD_10124_BULLISH_10118_10122,ETHUSD,1h,LONG,2025-07-27T20:00:00+00:00,2025-07-27T14:00:00+00:00,2025-07-27T18:00:00+00:00,10118,10122,10124,3815.2375,3791.8,3855.42,23.4375,0.614313,56,internal|bos|brk10122|form10118,internal,3823.05,3791.8,1.714453,1,2.720533,0.0016,2,TP_HIT,2025-07-27T22:00:00+00:00,0.817603,0.861757,0.614313,0.646318,0.9712,0.1216,0.0272,0.861757,0.230262,6.0,2.0,0.0,0.190621,1.0,0.0,0.0,1.0,1.0,0.871643,0.048258,0.948762,55.0,0.446834,0.664587,0.095587,0.833652,4.746571,1.484485,1.0
XRPUSD_10141_BULLISH_10116_10126,XRPUSD,1h,LONG,2025-07-28T13:00:00+00:00,2025-07-27T12:00:00+00:00,2025-07-27T22:00:00+00:00,10116,10126,10141,3.187725,3.1608,3.23,0.026925,0.844646,41,internal|bos|brk10126|form10116,internal,3.1967,3.1608,-1.0,0,0.463324,1.761374,1,SL_HIT,2025-07-28T14:00:00+00:00,1.125251,0.850665,0.844646,0.637999,0.824513,0.707521,0.4039,0.850665,0.511821,25.0,15.0,0.0,0.063385,1.0,0.0,0.0,0.0,1.0,0.581381,0.011848,1.322789,30.5,0.605681,1.386181,-2.212959,-1.387816,0.1664,1.325738,1.0
BTCUSD_10142_BULLISH_10113_10119,BTCUSD,1h,LONG,2025-07-28T14:00:00+00:00,2025-07-27T09:00:00+00:00,2025-07-27T15:00:00+00:00,10113,10119,10142,117991.0,117836.5,118255.86,154.5,0.130942,100,internal|bos|brk10119|form10113,internal,117991.0,117836.5,1.714304,1,3.291262,0.517799,1,TP_HIT,2025-07-28T15:00:00+00:00,0.130954,0.279299,0.130942,0.279299,0.932039,0.514563,0.055016,0.279299,0.300088,29.0,23.0,0.0,0.018981,1.0,0.0,0.0,0.0,1.0,0.641377,0.113889,0.468866,2.5,0.22729,1.385648,-0.800871,-1.218231,0.070825,1.77747,1.0
SOLUSD_10144_BULLISH_10121_10130,SOLUSD,1h,LONG,2025-07-28T16:00:00+00:00,2025-07-27T17:00:00+00:00,2025-07-28T02:00:00+00:00,10121,10130,10144,187.71375,185.904,190.82,1.80975,0.964101,36,internal|bos|brk10130|form10121,internal,188.317,185.904,-1.0,0,0.0,1.292471,1,SL_HIT,2025-07-28T17:00:00+00:00,1.292836,1.121212,0.964101,0.840909,0.306672,0.903854,0.165769,1.121212,1.547765,23.0,14.0,2.0,0.497064,1.0,0.0,0.0,0.0,1.0,0.563096,0.01301,1.15307,55.0,0.749161,0.861005,-2.788571,-0.843113,0.13305,1.713246,1.0
ETHUSD_10167_BULLISH_10154_10158,ETHUSD,1h,LONG,2025-07-29T15:00:00+00:00,2025-07-29T02:00:00+00:00,2025-07-29T06:00:00+00:00,10154,10158,10167,3761.775,3728.85,3818.22,32.925,0.875252,39,internal|choch|brk10158|form10154,internal,3772.75,3728.85,-1.0,0,0.199696,1.422172,1,SL_HIT,2025-07-29T16:00:00+00:00,1.167553,1.200233,0.875252,0.900175,0.709567,0.605923,0.015945,1.200233,0.596015,13.0,9.0,1.0,0.048529,0.0,1.0,0.0,0.0,0.0,0.467565,0.0,0.972772,64.0,0.654259,1.008852,-1.813576,-0.518573,-1.314926,1.502195,1.0
ETHUSD_10168_BULLISH_10098_10106,ETHUSD,1h,LONG,2025-07-29T16:00:00+00:00,2025-07-26T18:00:00+00:00,2025-07-27T02:00:00+00:00,10098,10106,10168,3743.4875,3706.55,3806.81,36.9375,0.986714,35,internal|choch|brk10106|form10098,internal,3755.8,3706.55,1.714315,1,1.838579,0.075465,9,TP_HIT,2025-07-30T01:00:00+00:00,1.313316,1.343413,0.986714,1.00756,0.883249,0.829442,0.329949,1.343413,0.786954,70.0,62.0,5.0,0.179008,0.0,1.0,0.0,0.0,0.0,0.438424,0.005455,0.977596,65.5,0.654387,1.456614,-1.96204,-0.200926,-1.551527,1.542276,1.0
BTCUSD_10187_BULLISH_10172_10179,BTCUSD,1h,LONG,2025-07-30T11:00:00+00:00,2025-07-29T20:00:00+00:00,2025-07-30T03:00:00+00:00,10172,10179,10187,117653.625,117055.5,118678.98,598.125,0.508378,68,internal|choch|brk10179|form10172,internal,117853.0,117055.5,1.714282,1,1.756949,0.57116,3,TP_HIT,2025-07-30T14:00:00+00:00,0.678498,1.463617,0.508378,1.097713,0.60627,0.687147,0.021944,1.463617,0.233078,15.0,8.0,1.0,0.210366,0.0,1.0,0.0,0.0,0.0,0.209479,0.075246,0.463576,2.5,0.169574,1.575568,-0.600848,0.050221,-1.172088,0.964102,1.0
XRPUSD_10190_BEARISH_10179_10186,XRPUSD,1h,SHORT,2025-07-30T14:00:00+00:00,2025-07-30T03:00:00+00:00,2025-07-30T10:00:00+00:00,10179,10186,10190,3.1337,3.149,3.11,0.0153,0.488241,71,internal|bos|brk10186|form10179,internal,3.149,3.1286,-1.0,0,0.601307,1.267974,1,SL_HIT,2025-07-30T15:00:00+00:00,0.648133,0.497065,0.488241,0.372799,0.073529,0.970588,0.098039,0.497065,0.231476,11.0,4.0,0.0,0.33625,1.0,0.0,0.0,0.0,1.0,0.37354,0.00731,1.303921,4.5,0.674367,1.756783,1.640456,0.636271,-2.530038,1.399841,0.0
BTCUSD_10191_BULLISH_10187_10190,BTCUSD,1h,LONG,2025-07-30T15:00:00+00:00,2025-07-30T11:00:00+00:00,2025-07-30T14:00:00+00:00,10187,10190,10191,117948.875,117305.0,119052.66,643.875,0.545893,64,internal|bos|brk10190|form10187,internal,118163.5,117305.0,-1.0,0,0.09105,2.319355,3,SL_HIT,2025-07-30T18:00:00+00:00,0.727832,1.561478,0.545893,1.171109,0.754805,0.431567,0.532324,1.561478,1.883414,4.0,1.0,0.0,0.007503,1.0,0.0,0.0,0.0,0.0,0.352707,0.064569,0.466117,10.0,0.287211,1.791562,-0.035595,0.204737,-0.397723,1.504118,1.0
ETHUSD_10196_BEARISH_10190_10194,ETHUSD,1h,SHORT,2025-07-30T20:00:00+00:00,2025-07-30T14:00:00+00:00,2025-07-30T18:00:00+00:00,10190,10194,10196,3780.1375,3832.0,3691.23,51.8625,1.371974,25,internal|choch|brk10194|form10190,internal,3832.0,3762.85,-1.0,0,0.748855,1.344179,4,SL_HIT,2025-07-31T00:00:00+00:00,1.834436,1.861783,1.371974,1.396337,0.903109,0.354302,0.764281,1.861783,1.798512,6.0,2.0,1.0,0.285056,0.0,1.0,0.0,1.0,1.0,0.353052,0.005385,0.985312,71.5,0.624487,0.852139,-0.709864,-1.040901,-0.322602,1.549282,0.0
SOLUSD_10199_BEARISH_10190_10194,SOLUSD,1h,SHORT,2025-07-30T23:00:00+00:00,2025-07-30T14:00:00+00:00,2025-07-30T18:00:00+00:00,10190,10194,10199,178.376,180.539,174.67,2.163,1.212607,28,internal|bos|brk10194|form10190,internal,180.539,177.655,-1.0,0,0.382339,1.128525,5,SL_HIT,2025-07-31T04:00:00+00:00,1.623362,1.343251,1.212607,1.007438,0.999653,0.128988,0.721567,1.343251,1.620844,9.0,5.0,0.0,0.335347,1.0,0.0,0.0,0.0,1.0,0.299339,0.060083,1.208532,34.0,0.665464,0.862587,1.035055,-1.567989,-3.561561,1.074555,0.0
BTCUSD_10200_BEARISH_10191_10194,BTCUSD,1h,SHORT,2025-07-31T00:00:00+00:00,2025-07-30T15:00:00+00:00,2025-07-30T18:00:00+00:00,10191,10194,10200,118039.25,118778.0,116772.82,738.75,0.625851,55,internal|choch|brk10194|form10191,internal,118778.0,117793.0,-1.0,0,0.121489,1.183418,7,SL_HIT,2025-07-31T07:00:00+00:00,0.832066,1.775353,0.625851,1.331514,0.404061,0.743147,0.743655,1.775353,2.272812,9.0,6.0,1.0,0.614164,0.0,1.0,0.0,0.0,0.0,0.647159,0.029739,0.468677,31.5,0.403283,1.431998,1.285534,0.205269,0.445463,0.502338,0.0
SOLUSD_10204_BEARISH_10183_10186,SOLUSD,1h,SHORT,2025-07-31T04:00:00+00:00,2025-07-30T07:00:00+00:00,2025-07-30T10:00:00+00:00,10183,10186,10204,180.8665,182.518,178.04,1.6515,0.913104,38,internal|bos|brk10186|form10183,internal,182.518,180.316,-1.0,0,0.328792,1.078716,5,SL_HIT,2025-07-31T09:00:00+00:00,1.218149,1.036627,0.913104,0.77747,0.79564,0.22752,0.531335,1.036627,0.550326,21.0,18.0,3.0,0.047312,1.0,0.0,0.0,0.0,1.0,0.423184,0.038132,1.175109,9.0,0.66566,0.510781,1.750574,1.590459,-0.812633,0.551457,0.0
SOLUSD_10214_BULLISH_10197_10204,SOLUSD,1h,LONG,2025-07-31T14:00:00+00:00,2025-07-30T21:00:00+00:00,2025-07-31T04:00:00+00:00,10197,10204,10214,176.1275,174.713,178.55,1.4145,0.803111,43,internal|choch|brk10204|form10197,internal,176.599,174.713,1.712619,1,2.553199,0.663485,2,TP_HIT,2025-07-31T16:00:00+00:00,1.073958,0.901187,0.803111,0.67589,0.47667,0.575822,0.180276,0.901187,0.222669,17.0,10.0,0.0,0.246321,0.0,1.0,0.0,0.0,0.0,0.217944,0.010512,1.191715,2.5,0.529905,1.264816,-3.767392,-1.150538,-4.478749,1.440941,1.0
XRPUSD_10214_BULLISH_10197_10209,XRPUSD,1h,LONG,2025-07-31T14:00:00+00:00,2025-07-30T21:00:00+00:00,2025-07-31T09:00:00+00:00,10197,10209,10214,3.08935,3.0616,3.14,0.02775,0.898247,38,internal|choch|brk10209|form10197,internal,3.0986,3.0616,-1.0,0,1.648649,1.381982,5,SL_HIT,2025-07-31T19:00:00+00:00,1.201338,0.925283,0.898247,0.693962,0.494595,0.505405,0.364865,0.925283,0.235072,17.0,5.0,1.0,0.236322,0.0,1.0,0.0,0.0,0.0,0.241578,0.022507,1.298347,2.0,0.557955,1.092834,-2.805478,-0.491099,-2.590297,1.479615,1.0
ETHUSD_10218_BULLISH_10197_10200,ETHUSD,1h,LONG,2025-07-31T18:00:00+00:00,2025-07-30T21:00:00+00:00,2025-07-31T00:00:00+00:00,10197,10200,10218,3766.125,3741.3,3808.68,24.825,0.659166,53,internal|choch|brk10200|form10197,internal,3774.4,3741.3,-1.0,0,0.58711,1.312185,1,SL_HIT,2025-07-31T19:00:00+00:00,0.876961,0.912278,0.659166,0.684208,1.0,0.835347,0.197885,0.912278,0.931571,21.0,18.0,3.0,0.228069,0.0,1.0,0.0,0.0,1.0,0.371268,0.012403,0.961287,25.5,0.54438,1.136902,-0.840689,-2.288495,0.649325,1.502763,1.0
BTCUSD_10282_BEARISH_10252_10263,BTCUSD,1h,SHORT,2025-08-03T10:00:00+00:00,2025-08-02T04:00:00+00:00,2025-08-02T15:00:00+00:00,10252,10263,10282,113777.0,114011.5,113375.0,234.5,0.206105,100,internal|bos|brk10263|form10252,internal,114011.5,113777.0,-1.0,0,0.0,1.857143,1,SL_HIT,2025-08-03T11:00:00+00:00,0.205958,0.415328,0.206105,0.415328,0.654584,0.353945,0.466951,0.415328,0.451636,30.0,19.0,0.0,0.143461,1.0,0.0,0.0,0.0,1.0,0.282755,0.271867,0.495893,61.0,0.238991,0.419756,0.243879,1.489477,-0.616249,0.545637,0.0
ETHUSD_10284_BEARISH_10256_10265,ETHUSD,1h,SHORT,2025-08-03T12:00:00+00:00,2025-08-02T08:00:00+00:00,2025-08-02T17:00:00+00:00,10256,10265,10284,3495.9375,3523.8,3448.17,27.8625,0.796997,43,internal|bos|brk10265|form10256,internal,3523.8,3486.65,-1.0,0,1.50157,1.969044,12,SL_HIT,2025-08-04T00:00:00+00:00,1.064867,1.003235,0.796997,0.752426,0.944818,0.760431,0.756393,1.003235,1.284087,28.0,19.0,2.0,0.195449,1.0,0.0,0.0,0.0,1.0,0.25696,0.013502,1.061433,63.0,0.577421,0.776393,0.979782,2.262934,-3.488436,1.025425,0.0
SOLUSD_10298_BEARISH_10259_10263,SOLUSD,1h,SHORT,2025-08-04T02:00:00+00:00,2025-08-02T11:00:00+00:00,2025-08-02T15:00:00+00:00,10259,10263,10298,162.89575,165.064,159.18,2.16825,1.331066,26,internal|bos|brk10263|form10259,internal,165.064,162.173,-1.0,0,0.78116,1.290557,11,SL_HIT,2025-08-04T13:00:00+00:00,1.760615,1.411933,1.331066,1.058949,0.297475,0.934279,0.494639,1.411933,0.55188,39.0,35.0,11.0,0.638935,1.0,0.0,0.0,0.0,1.0,0.314145,0.008303,1.246954,1.5,0.454659,0.850774,1.351735,1.742342,-0.224217,0.826602,0.0
BTCUSD_10323_BULLISH_10307_10309,BTCUSD,1h,LONG,2025-08-05T03:00:00+00:00,2025-08-04T11:00:00+00:00,2025-08-04T13:00:00+00:00,10307,10309,10323,114489.0,114177.0,115023.86,312.0,0.272515,100,internal|bos|brk10309|form10307,internal,114489.0,114177.0,-1.0,0,0.0,1.166667,1,SL_HIT,2025-08-05T04:00:00+00:00,0.273144,0.582044,0.272515,0.582044,0.155449,0.847756,0.801282,0.582044,0.87773,16.0,14.0,0.0,0.491566,1.0,0.0,0.0,0.0,1.0,0.569207,0.024252,0.469284,0.5,0.215782,0.908512,-0.92805,-0.157771,1.029081,0.53995,1.0
BTCUSD_10327_BULLISH_10286_10290,BTCUSD,1h,LONG,2025-08-05T07:00:00+00:00,2025-08-03T14:00:00+00:00,2025-08-03T18:00:00+00:00,10286,10290,10327,114029.5,113543.5,114862.64,486.0,0.426205,82,internal|choch|brk10290|form10286,internal,114029.5,113543.5,1.71428,1,2.138889,0.306584,3,TP_HIT,2025-08-05T10:00:00+00:00,0.426557,0.910765,0.426205,0.910765,0.806584,0.756173,0.338477,0.910765,0.484429,41.0,37.0,1.0,0.176156,0.0,1.0,0.0,0.0,1.0,0.504815,0.142424,0.46835,1.5,0.213935,1.329604,-0.656994,-1.153,0.312112,1.008511,1.0
XRPUSD_10329_BEARISH_10321_10324,XRPUSD,1h,SHORT,2025-08-05T09:00:00+00:00,2025-08-05T01:00:00+00:00,2025-08-05T04:00:00+00:00,10321,10324,10329,3.066575,3.1064,3.0,0.039825,1.29868,26,internal|choch|brk10324|form10321,internal,3.1064,3.0533,1.671689,1,2.728814,0.329567,5,TP_HIT,2025-08-05T14:00:00+00:00,1.735408,1.387941,1.29868,1.040956,0.877589,0.184557,0.589454,1.387941,0.109781,8.0,5.0,1.0,0.177087,0.0,1.0,0.0,0.0,0.0,0.877077,0.018297,1.250346,0.5,0.64389,0.797217,0.866985,0.528961,6.844053,0.996382,0.0
SOLUSD_10332_BULLISH_10328_10330,SOLUSD,1h,LONG,2025-08-05T12:00:00+00:00,2025-08-05T08:00:00+00:00,2025-08-05T10:00:00+00:00,10328,10330,10332,166.79375,165.593,168.85,1.20075,0.719901,48,internal|bos|brk10330|form10328,internal,167.194,165.593,-1.0,0,1.060379,2.701437,2,SL_HIT,2025-08-05T14:00:00+00:00,0.957799,0.797082,0.719901,0.597812,0.975016,0.299001,0.39975,0.797082,1.086342,4.0,2.0,0.0,0.179356,1.0,0.0,0.0,1.0,1.0,0.715056,0.020462,1.201631,7.0,0.829247,2.135693,0.590349,-0.759352,3.447764,1.409539,1.0
SOLUSD_10341_BULLISH_10302_10309,SOLUSD,1h,LONG,2025-08-05T21:00:00+00:00,2025-08-04T06:00:00+00:00,2025-08-04T13:00:00+00:00,10302,10309,10341,162.1005,161.202,163.64,0.8985,0.554286,63,internal|bos|brk10309|form10302,internal,162.4,161.202,1.713411,1,1.909293,0.989983,1,TP_HIT,2025-08-05T22:00:00+00:00,0.738035,0.595225,0.554286,0.446419,0.935726,0.714775,0.003339,0.595225,0.882304,39.0,32.0,2.0,0.110549,1.0,0.0,0.0,0.0,1.0,0.411982,0.005465,1.239926,11.0,0.881502,0.913854,-0.872056,-3.167634,0.470405,0.649737,1.0
ETHUSD_10356_BULLISH_10345_10349,ETHUSD,1h,LONG,2025-08-06T12:00:00+00:00,2025-08-06T01:00:00+00:00,2025-08-06T05:00:00+00:00,10345,10349,10356,3586.1125,3563.05,3625.65,23.0625,0.643106,54,internal|choch|brk10349|form10345,internal,3593.8,3563.05,1.714363,1,2.154472,0.544715,2,TP_HIT,2025-08-06T14:00:00+00:00,0.858076,0.85892,0.643106,0.64419,0.668293,0.515447,0.530081,0.85892,1.805828,11.0,7.0,0.0,0.07018,0.0,1.0,0.0,0.0,1.0,0.601493,0.039105,0.999017,10.0,0.611533,1.256957,-1.523749,0.255983,0.824354,0.910697,1.0
BTCUSD_10397_BULLISH_10380_10387,BTCUSD,1h,LONG,2025-08-08T05:00:00+00:00,2025-08-07T12:00:00+00:00,2025-08-07T19:00:00+00:00,10380,10387,10397,116559.0,115980.5,117550.71,578.5,0.496315,70,internal|bos|brk10387|form10380,internal,116559.0,115980.5,-1.0,0,1.182368,1.201383,10,SL_HIT,2025-08-08T15:00:00+00:00,0.496581,1.098397,0.496315,1.098397,0.891962,0.159032,0.251513,1.098397,1.714524,17.0,10.0,0.0,0.118669,1.0,0.0,0.0,0.0,1.0,0.779021,0.001899,0.452097,2.0,0.358932,0.469928,-0.623574,0.151737,2.657273,0.589712,1.0
XRPUSD_10444_BEARISH_10433_10438,XRPUSD,1h,SHORT,2025-08-10T04:00:00+00:00,2025-08-09T17:00:00+00:00,2025-08-09T22:00:00+00:00,10433,10438,10444,3.273875,3.2972,3.23,0.023325,0.712458,49,internal|bos|brk10438|form10433,internal,3.2972,3.2661,1.881029,1,4.817792,0.0,3,TP_HIT,2025-08-10T07:00:00+00:00,0.950344,0.861321,0.712458,0.645991,0.794212,0.379421,0.398714,0.861321,0.670224,11.0,6.0,0.0,0.038081,1.0,0.0,0.0,0.0,1.0,0.773361,0.149554,1.103356,6.0,0.514157,0.789314,1.482308,-0.119033,-2.04442,0.656227,0.0
SOLUSD_10446_BULLISH_10430_10441,SOLUSD,1h,LONG,2025-08-10T06:00:00+00:00,2025-08-09T14:00:00+00:00,2025-08-10T01:00:00+00:00,10430,10441,10446,180.57875,178.835,183.57,1.74375,0.965645,36,internal|bos|brk10441|form10430,internal,181.16,178.835,-1.0,0,0.526022,1.599857,1,SL_HIT,2025-08-10T07:00:00+00:00,1.284183,1.212991,0.965645,0.909744,0.952258,0.371183,0.572043,1.212991,1.067641,16.0,5.0,0.0,0.245337,1.0,0.0,0.0,0.0,1.0,0.795611,0.089214,1.058691,26.0,0.834067,1.069519,-1.823847,0.557638,3.87206,1.242703,1.0
ETHUSD_10447_BULLISH_10430_10435,ETHUSD,1h,LONG,2025-08-10T07:00:00+00:00,2025-08-09T14:00:00+00:00,2025-08-09T19:00:00+00:00,10430,10435,10447,4186.95,4153.65,4244.04,33.3,0.795328,44,internal|bos|brk10435|form10430,internal,4198.05,4153.65,1.714414,1,1.839339,0.783784,10,TP_HIT,2025-08-10T17:00:00+00:00,1.060869,1.195708,0.795328,0.896781,0.711712,0.496622,0.690315,1.195708,0.438965,17.0,12.0,0.0,0.045782,1.0,0.0,0.0,0.0,1.0,0.806817,0.850999,0.887231,83.0,0.593922,1.555228,-1.435401,-0.514631,7.279718,1.029767,1.0
XRPUSD_10466_BEARISH_10444_10447,XRPUSD,1h,SHORT,2025-08-11T02:00:00+00:00,2025-08-10T04:00:00+00:00,2025-08-10T07:00:00+00:00,10444,10447,10466,3.256525,3.2779,3.22,0.021375,0.656375,53,internal|bos|brk10447|form10444,internal,3.2779,3.2494,-1.0,0,0.39883,1.182456,3,SL_HIT,2025-08-11T05:00:00+00:00,0.873376,0.799402,0.656375,0.599551,0.515789,0.726316,0.522807,0.799402,1.739049,22.0,19.0,0.0,0.187228,1.0,0.0,0.0,0.0,1.0,0.717293,0.022439,1.092537,2.5,0.71328,1.349166,2.584093,2.269023,-1.040182,0.635666,0.0
BTCUSD_10485_BULLISH_10460_10463,BTCUSD,1h,LONG,2025-08-11T21:00:00+00:00,2025-08-10T20:00:00+00:00,2025-08-10T23:00:00+00:00,10460,10463,10485,118571.375,118040.0,119482.3,531.375,0.448148,78,internal|bos|brk10463|form10460,internal,118748.5,118040.0,1.714279,1,2.059986,0.764761,16,TP_HIT,2025-08-12T13:00:00+00:00,0.596966,1.33842,0.448148,1.003815,0.908257,0.926606,0.510233,1.33842,0.386319,25.0,22.0,2.0,0.211814,1.0,0.0,0.0,0.0,1.0,0.435579,0.030225,0.446023,50.5,0.470399,2.021326,-1.032755,-2.95747,1.863757,0.904258,1.0
XRPUSD_10522_BEARISH_10473_10483,XRPUSD,1h,SHORT,2025-08-13T10:00:00+00:00,2025-08-11T09:00:00+00:00,2025-08-11T19:00:00+00:00,10473,10483,10522,3.282825,3.3204,3.22,0.037575,1.144593,30,internal|choch|brk10483|form10473,internal,3.3204,3.2703,-1.0,0,0.753826,1.407186,3,SL_HIT,2025-08-13T13:00:00+00:00,1.52201,1.42348,1.144593,1.06761,0.572854,0.720559,0.379242,1.42348,1.639417,49.0,39.0,7.0,0.252163,0.0,1.0,0.0,0.0,1.0,0.771944,0.025571,1.069218,0.5,0.58429,0.659176,2.280707,0.173463,-0.166808,1.075309,0.0
XRPUSD_10542_BULLISH_10527_10538,XRPUSD,1h,LONG,2025-08-14T06:00:00+00:00,2025-08-13T15:00:00+00:00,2025-08-14T02:00:00+00:00,10527,10538,10542,3.2581,3.226,3.31,0.0321,0.985237,35,internal|bos|brk10538|form10527,internal,3.2688,3.226,-1.0,0,0.445483,1.093458,2,SL_HIT,2025-08-14T08:00:00+00:00,1.310191,1.212528,0.985237,0.909396,0.950935,0.787383,0.364486,1.212528,0.827239,15.0,4.0,0.0,0.243639,1.0,0.0,0.0,0.0,1.0,0.652539,0.076491,1.080544,8.5,0.631377,1.175699,-1.652818,0.337869,3.304661,1.112586,1.0
ETHUSD_10605_BULLISH_10597_10604,ETHUSD,1h,LONG,2025-08-16T21:00:00+00:00,2025-08-16T13:00:00+00:00,2025-08-16T20:00:00+00:00,10597,10604,10605,4416.4375,4382.95,4473.84,33.4875,0.758247,46,internal|choch|brk10604|form10597,internal,4427.6,4382.95,1.714147,1,2.134005,0.689436,7,TP_HIT,2025-08-17T04:00:00+00:00,1.013103,0.969075,0.758247,0.726807,0.544233,0.491601,0.357223,0.969075,0.293002,8.0,1.0,0.0,0.199404,0.0,1.0,0.0,1.0,0.0,0.096785,0.441673,1.045433,81.5,0.473849,0.548021,0.014751,-0.239936,-2.86089,0.605254,1.0
BTCUSD_10631_BULLISH_10609_10612,BTCUSD,1h,LONG,2025-08-17T23:00:00+00:00,2025-08-17T01:00:00+00:00,2025-08-17T04:00:00+00:00,10609,10612,10631,117462.0,117133.0,118026.0,329.0,0.280091,100,internal|choch|brk10612|form10609,internal,117462.0,117133.0,-1.0,0,0.150456,1.525836,1,SL_HIT,2025-08-18T00:00:00+00:00,0.280322,0.625967,0.280091,0.625967,0.705167,0.62766,0.513678,0.625967,0.754395,22.0,19.0,2.0,0.184556,0.0,1.0,0.0,0.0,1.0,0.078347,0.079911,0.447822,29.5,0.207746,1.140631,-0.120419,-0.820545,0.067357,0.538166,1.0
XRPUSD_10645_BULLISH_10349_10358,XRPUSD,1h,LONG,2025-08-18T13:00:00+00:00,2025-08-06T05:00:00+00:00,2025-08-06T14:00:00+00:00,10349,10358,10645,2.95165,2.905,3.03,0.04665,1.580472,22,internal|choch|brk10358|form10349,internal,2.9672,2.905,1.679528,1,3.087889,0.0,4,TP_HIT,2025-08-18T17:00:00+00:00,2.097383,1.941662,1.580472,1.456247,0.974277,0.450161,0.646302,1.941662,1.117548,296.0,287.0,11.0,0.435469,0.0,1.0,0.0,1.0,0.0,0.087071,0.012487,1.0802,1.5,0.511373,1.048872,0.151971,-4.618551,-4.449528,1.249779,1.0
SOLUSD_10667_BEARISH_10657_10659,SOLUSD,1h,SHORT,2025-08-19T11:00:00+00:00,2025-08-19T01:00:00+00:00,2025-08-19T03:00:00+00:00,10657,10659,10667,183.3795,185.82,179.2,2.4405,1.330847,26,internal|bos|brk10659|form10657,internal,185.82,182.566,1.712559,1,2.181725,0.012907,3,TP_HIT,2025-08-19T14:00:00+00:00,1.781871,1.49725,1.330847,1.122938,0.984327,0.059004,0.580824,1.49725,1.638049,10.0,8.0,0.0,0.350846,1.0,0.0,0.0,0.0,1.0,0.26281,0.006442,1.190096,40.5,0.755664,0.679606,1.444872,-0.234912,-5.004734,0.810305,0.0
BTCUSD_10680_BULLISH_10335_10378,BTCUSD,1h,LONG,2025-08-20T00:00:00+00:00,2025-08-05T15:00:00+00:00,2025-08-07T10:00:00+00:00,10335,10378,10680,113203.5,112640.0,114169.5,563.5,0.497776,70,internal|choch|brk10378|form10335,internal,113203.5,112640.0,-1.0,0,0.286602,1.232476,1,SL_HIT,2025-08-20T01:00:00+00:00,0.497912,1.035962,0.497776,1.035962,0.944987,0.934339,0.184561,1.035962,2.345851,345.0,302.0,6.0,0.056992,0.0,1.0,0.0,1.0,0.0,0.084384,0.261978,0.480628,52.0,0.323457,0.886129,0.072951,-1.838801,-4.017895,0.315874,1.0
SOLUSD_10682_BEARISH_10669_10672,SOLUSD,1h,SHORT,2025-08-20T02:00:00+00:00,2025-08-19T13:00:00+00:00,2025-08-19T16:00:00+00:00,10669,10672,10682,181.30725,183.411,177.7,2.10375,1.160323,30,internal|bos|brk10672|form10669,internal,183.411,180.606,1.714676,1,1.821628,0.560784,12,TP_HIT,2025-08-20T14:00:00+00:00,1.551902,1.276594,1.160323,0.957445,0.950089,0.246346,0.024955,1.276594,0.373193,13.0,10.0,0.0,0.255433,1.0,0.0,0.0,0.0,1.0,0.253387,0.029582,1.215658,56.0,0.772806,0.979404,0.969778,-1.024549,-4.92957,0.613619,0.0
XRPUSD_10694_BEARISH_10688_10693,XRPUSD,1h,SHORT,2025-08-20T14:00:00+00:00,2025-08-20T08:00:00+00:00,2025-08-20T13:00:00+00:00,10688,10693,10694,2.874975,2.913,2.81,0.038025,1.32262,26,internal|bos|brk10693|form10688,internal,2.913,2.8623,-1.0,0,0.0,1.541749,1,SL_HIT,2025-08-20T15:00:00+00:00,1.755844,1.564281,1.32262,1.173211,0.502959,0.773176,0.899408,1.564281,1.656842,6.0,1.0,0.0,0.386442,1.0,0.0,0.0,0.0,1.0,0.212241,0.120329,1.122461,33.0,0.864025,2.582452,0.069312,0.97213,-3.395785,1.63555,0.0
ETHUSD_10696_BEARISH_10669_10670,ETHUSD,1h,SHORT,2025-08-20T16:00:00+00:00,2025-08-19T13:00:00+00:00,2025-08-19T14:00:00+00:00,10669,10670,10696,4282.625,4340.0,4184.27,57.375,1.339716,26,internal|bos|brk10670|form10669,internal,4340.0,4263.5,-1.0,0,0.0,1.416558,1,SL_HIT,2025-08-20T17:00:00+00:00,1.778822,1.599628,1.339716,1.199721,0.515033,0.837908,0.171242,1.599628,2.104608,27.0,26.0,1.0,0.37586,1.0,0.0,0.0,0.0,1.0,0.465732,0.675398,1.112022,100.0,0.834311,1.546307,2.535614,4.648927,-0.728276,1.760906,0.0
ETHUSD_10697_BEARISH_10654_10659,ETHUSD,1h,SHORT,2025-08-20T17:00:00+00:00,2025-08-18T22:00:00+00:00,2025-08-19T03:00:00+00:00,10654,10659,10697,4350.575,4386.95,4288.22,36.375,0.836096,41,internal|bos|brk10659|form10654,internal,4386.95,4338.45,1.714227,1,2.435052,0.0,1,TP_HIT,2025-08-20T18:00:00+00:00,1.116842,1.012103,0.836096,0.759078,0.914433,0.524742,0.279381,1.012103,1.412771,43.0,38.0,1.0,0.166423,1.0,0.0,0.0,0.0,1.0,0.547508,0.054257,1.103487,100.0,0.849371,1.40025,3.295632,5.001511,-0.03568,1.753285,0.0
BTCUSD_10698_BULLISH_10693_10697,BTCUSD,1h,LONG,2025-08-20T18:00:00+00:00,2025-08-20T13:00:00+00:00,2025-08-20T17:00:00+00:00,10693,10697,10698,113354.0,112547.0,114737.43,807.0,0.711929,49,internal|choch|brk10697|form10693,internal,113623.0,112547.0,1.714287,1,1.777571,0.0,8,TP_HIT,2025-08-21T02:00:00+00:00,0.948469,1.937977,0.711929,1.453483,0.835502,0.384758,0.905669,1.937977,0.633084,5.0,1.0,0.0,0.165701,0.0,1.0,0.0,1.0,0.0,0.181753,0.153093,0.489412,65.5,0.357975,1.874038,0.708848,-0.027318,-2.139296,1.809911,1.0
XRPUSD_10699_BEARISH_10669_10670,XRPUSD,1h,SHORT,2025-08-20T19:00:00+00:00,2025-08-19T13:00:00+00:00,2025-08-19T14:00:00+00:00,10669,10670,10699,2.997175,3.037,2.93,0.039825,1.328751,26,internal|bos|brk10670|form10669,internal,3.037,2.9839,1.686755,1,1.769617,0.0,6,TP_HIT,2025-08-21T01:00:00+00:00,1.777703,1.621212,1.328751,1.215909,0.94162,0.065913,0.278719,1.621212,1.841037,30.0,29.0,0.0,0.310656,1.0,0.0,0.0,0.0,1.0,0.515225,0.094647,1.096528,39.0,0.965668,2.192147,3.445887,3.08887,-2.681393,1.472926,0.0
XRPUSD_10725_BULLISH_10693_10697,XRPUSD,1h,LONG,2025-08-21T21:00:00+00:00,2025-08-20T13:00:00+00:00,2025-08-20T17:00:00+00:00,10693,10697,10725,2.87765,2.8358,2.95,0.04185,1.454312,24,internal|choch|brk10697|form10693,internal,2.8916,2.8358,-1.0,0,0.178017,1.360812,6,SL_HIT,2025-08-22T03:00:00+00:00,1.93535,1.741936,1.454312,1.306452,0.849462,0.736559,0.962366,1.741936,0.920916,32.0,28.0,11.0,0.173257,0.0,1.0,0.0,0.0,1.0,0.222449,0.01873,1.111034,11.0,0.48615,0.689907,-0.204216,-0.934579,0.281729,0.907188,1.0
BTCUSD_10742_BEARISH_10669_10670,BTCUSD,1h,SHORT,2025-08-22T14:00:00+00:00,2025-08-19T13:00:00+00:00,2025-08-19T14:00:00+00:00,10669,10670,10742,115087.875,115852.5,113777.09,764.625,0.664384,52,internal|bos|brk10670|form10669,internal,115852.5,114833.0,-1.0,0,0.0,2.852542,1,SL_HIT,2025-08-22T15:00:00+00:00,0.88192,1.799855,0.664384,1.349891,0.24767,0.850417,0.395782,1.799855,2.335663,73.0,72.0,0.0,0.904121,1.0,0.0,0.0,0.0,0.0,0.74579,0.059142,0.489995,74.5,0.645772,5.0,2.282329,2.785706,1.74086,1.958475,0.0
SOLUSD_10743_BEARISH_10624_10633,SOLUSD,1h,SHORT,2025-08-22T15:00:00+00:00,2025-08-17T16:00:00+00:00,2025-08-18T01:00:00+00:00,10624,10633,10743,193.57925,195.791,189.79,2.21175,1.142555,30,internal|choch|brk10633|form10624,internal,195.791,192.842,-1.0,0,0.041257,1.958969,1,SL_HIT,2025-08-22T16:00:00+00:00,1.524039,1.325097,1.142555,0.993823,0.777213,0.871143,0.765005,1.325097,1.613571,119.0,110.0,1.0,0.036059,0.0,1.0,0.0,0.0,0.0,0.903293,0.062458,1.150134,67.5,1.53926,1.575917,6.836465,6.854164,8.247555,1.950743,0.0
XRPUSD_10746_BEARISH_10653_10658,XRPUSD,1h,SHORT,2025-08-22T18:00:00+00:00,2025-08-18T21:00:00+00:00,2025-08-19T02:00:00+00:00,10653,10658,10746,3.074925,3.0951,3.04,0.020175,0.656114,53,internal|bos|brk10658|form10653,internal,3.0951,3.0682,-1.0,0,0.29368,1.242875,1,SL_HIT,2025-08-22T19:00:00+00:00,0.873717,0.817529,0.656114,0.613147,0.605948,1.0,0.007435,0.817529,0.483224,93.0,88.0,2.0,0.117767,1.0,0.0,0.0,0.0,0.0,0.94623,0.027352,1.068729,63.5,1.424946,1.057621,8.446636,8.722367,5.702613,1.909754,0.0
ETHUSD_10782_BULLISH_10767_10774,ETHUSD,1h,LONG,2025-08-24T06:00:00+00:00,2025-08-23T15:00:00+00:00,2025-08-23T22:00:00+00:00,10767,10774,10782,4756.625,4720.4,4818.72,36.225,0.761569,45,internal|bos|brk10774|form10767,internal,4768.7,4720.4,-1.0,0,0.820566,1.038647,5,SL_HIT,2025-08-24T11:00:00+00:00,1.014642,1.007581,0.761569,0.755685,0.826087,0.329193,0.505176,1.007581,0.667548,15.0,8.0,3.0,0.076664,1.0,0.0,0.0,0.0,1.0,0.835438,0.084487,1.007008,75.5,0.282954,0.635214,-0.325596,0.215787,11.212868,0.737562,1.0
XRPUSD_10793_BEARISH_10777_10787,XRPUSD,1h,SHORT,2025-08-24T17:00:00+00:00,2025-08-24T01:00:00+00:00,2025-08-24T11:00:00+00:00,10777,10787,10793,3.05725,3.0889,3.0,0.03165,1.035244,33,internal|choch|brk10787|form10777,internal,3.0889,3.0467,-1.0,0,0.380727,1.881517,1,SL_HIT,2025-08-24T18:00:00+00:00,1.383244,1.384003,1.035244,1.038003,0.902844,0.43128,0.398104,1.384003,0.131185,16.0,6.0,0.0,0.211536,0.0,1.0,0.0,0.0,0.0,0.8302,0.026237,0.999451,1.0,0.361464,1.193785,1.127022,-0.189753,1.143785,1.367882,0.0
XRPUSD_10802_BEARISH_10793_10800,XRPUSD,1h,SHORT,2025-08-25T02:00:00+00:00,2025-08-24T17:00:00+00:00,2025-08-25T00:00:00+00:00,10793,10800,10802,3.0376,3.0649,2.99,0.0273,0.898736,38,internal|choch|brk10800|form10793,internal,3.0649,3.0285,1.74359,1,3.062271,0.571429,4,TP_HIT,2025-08-25T06:00:00+00:00,1.195559,1.155977,0.898736,0.866983,0.557692,0.659341,0.593407,1.155977,1.044825,9.0,2.0,0.0,0.222303,0.0,1.0,0.0,0.0,0.0,0.759596,0.044461,1.034242,14.0,0.831664,1.184559,0.538256,1.216755,0.194162,0.534886,0.0
SOLUSD_10805_BULLISH_10796_10802,SOLUSD,1h,LONG,2025-08-25T05:00:00+00:00,2025-08-24T20:00:00+00:00,2025-08-25T02:00:00+00:00,10796,10802,10805,204.42525,201.189,209.97,3.23625,1.583097,22,internal|bos|brk10802|form10796,internal,205.504,201.189,-1.0,0,0.113635,1.741908,2,SL_HIT,2025-08-25T07:00:00+00:00,2.117168,1.799336,1.583097,1.349502,0.607416,0.428667,0.333951,1.799336,2.373539,9.0,3.0,0.0,0.256557,1.0,0.0,0.0,1.0,1.0,0.729507,0.00834,1.176639,100.0,1.292368,1.858841,0.087904,-1.160028,2.815949,1.049207,1.0
SOLUSD_10806_BULLISH_10765_10778,SOLUSD,1h,LONG,2025-08-25T06:00:00+00:00,2025-08-23T13:00:00+00:00,2025-08-24T02:00:00+00:00,10765,10778,10806,202.11725,200.69,204.56,1.42725,0.70615,49,internal|bos|brk10778|form10765,internal,202.593,200.69,-1.0,0,1.669469,2.332633,1,SL_HIT,2025-08-25T07:00:00+00:00,0.941981,0.79268,0.70615,0.59451,0.699422,0.737782,0.299527,0.79268,0.287831,41.0,28.0,5.0,0.040092,1.0,0.0,0.0,0.0,0.0,0.680519,0.012913,1.18835,100.0,1.258606,1.216304,-2.448199,-1.822414,-1.323688,1.036961,1.0
XRPUSD_10840_BEARISH_10815_10819,XRPUSD,1h,SHORT,2025-08-26T16:00:00+00:00,2025-08-25T15:00:00+00:00,2025-08-25T19:00:00+00:00,10815,10819,10840,2.953325,2.9735,2.92,0.020175,0.683128,51,internal|bos|brk10819|form10815,internal,2.9735,2.9466,-1.0,0,0.407683,1.713755,2,SL_HIT,2025-08-26T18:00:00+00:00,0.910506,0.855732,0.683128,0.641799,0.710037,0.319703,0.535316,0.855732,2.643545,25.0,21.0,0.0,0.034197,1.0,0.0,0.0,0.0,1.0,0.467465,0.009543,1.064008,18.0,0.367576,0.967073,1.868837,2.494363,-2.204568,1.474296,0.0
SOLUSD_10843_BEARISH_10814_10819,SOLUSD,1h,SHORT,2025-08-26T19:00:00+00:00,2025-08-25T14:00:00+00:00,2025-08-25T19:00:00+00:00,10814,10819,10843,197.4905,199.451,194.13,1.9605,0.992706,35,internal|bos|brk10819|form10814,internal,199.451,196.837,1.714104,1,1.915073,0.280286,6,TP_HIT,2025-08-27T01:00:00+00:00,1.324148,1.060517,0.992706,0.795388,0.780796,0.263045,0.007651,1.060517,2.056933,29.0,24.0,0.0,0.032659,1.0,0.0,0.0,0.0,1.0,0.426868,0.077084,1.248587,99.5,0.684814,1.321224,3.092084,5.107631,-5.771333,1.343264,0.0
ETHUSD_10852_BEARISH_10814_10819,ETHUSD,1h,SHORT,2025-08-27T04:00:00+00:00,2025-08-25T14:00:00+00:00,2025-08-25T19:00:00+00:00,10814,10819,10852,4634.5625,4683.8,4550.16,49.2375,1.062398,32,internal|bos|brk10819|form10814,internal,4683.8,4618.15,1.714191,1,2.057629,0.586697,15,TP_HIT,2025-08-27T19:00:00+00:00,1.418647,1.272489,1.062398,0.954367,0.855293,0.374714,0.454684,1.272489,3.005322,38.0,33.0,2.0,0.133984,1.0,0.0,0.0,0.0,1.0,0.490795,0.249071,1.11486,94.0,0.672776,0.901306,0.613117,3.313055,-2.848835,0.66731,0.0
BTCUSD_10864_BEARISH_10816_10820,BTCUSD,1h,SHORT,2025-08-27T16:00:00+00:00,2025-08-25T16:00:00+00:00,2025-08-25T20:00:00+00:00,10816,10820,10864,112216.875,112909.5,111029.52,692.625,0.61722,56,internal|bos|brk10820|form10816,internal,112909.5,111986.0,1.714283,1,1.943873,0.497564,4,TP_HIT,2025-08-27T20:00:00+00:00,0.824016,1.558027,0.61722,1.168521,0.905793,0.644288,0.3281,1.558027,1.931718,48.0,44.0,3.0,0.24273,1.0,0.0,0.0,0.0,1.0,0.4901,0.064109,0.528884,91.5,0.203144,1.197834,0.710354,0.729363,-0.131438,1.559551,0.0
ETHUSD_10866_BULLISH_10856_10863,ETHUSD,1h,LONG,2025-08-27T18:00:00+00:00,2025-08-27T08:00:00+00:00,2025-08-27T15:00:00+00:00,10856,10863,10866,4585.7875,4554.1,4640.11,31.6875,0.690994,50,internal|choch|brk10863|form10856,internal,4596.35,4554.1,-1.0,0,0.415385,1.657988,1,SL_HIT,2025-08-27T19:00:00+00:00,0.920429,0.823478,0.690994,0.617608,0.855621,0.207101,0.334911,0.823478,0.842969,10.0,3.0,0.0,0.086977,0.0,1.0,0.0,0.0,0.0,0.432936,0.297232,1.117734,89.0,0.475323,1.073932,-0.080541,-0.256407,-0.095764,1.089292,1.0
ETHUSD_10878_BEARISH_10862_10869,ETHUSD,1h,SHORT,2025-08-28T06:00:00+00:00,2025-08-27T14:00:00+00:00,2025-08-27T21:00:00+00:00,10862,10869,10878,4602.25,4663.45,4497.34,61.2,1.329784,26,internal|choch|brk10869|form10862,internal,4663.45,4581.85,1.714216,1,1.944444,0.515523,9,TP_HIT,2025-08-28T15:00:00+00:00,1.780668,1.590467,1.329784,1.19285,0.991422,0.061887,0.224877,1.590467,1.325389,16.0,9.0,1.0,0.383973,0.0,1.0,0.0,0.0,0.0,0.421024,0.147157,1.119588,83.0,0.591288,0.628585,1.493876,-1.581762,3.367732,0.697063,0.0
BTCUSD_10883_BEARISH_10803_10806,BTCUSD,1h,SHORT,2025-08-28T11:00:00+00:00,2025-08-25T03:00:00+00:00,2025-08-25T06:00:00+00:00,10803,10806,10883,113058.125,113633.0,112072.62,574.875,0.508477,68,internal|bos|brk10806|form10803,internal,113633.0,112866.5,1.714294,1,2.065884,0.665145,8,TP_HIT,2025-08-28T19:00:00+00:00,0.678992,1.293532,0.508477,0.970149,0.97195,0.604697,0.639269,1.293532,0.670814,80.0,77.0,8.0,0.2871,1.0,0.0,0.0,1.0,0.0,0.663419,0.036283,0.524913,81.5,0.333391,0.511337,-0.256674,0.457401,2.513156,0.628555,0.0
BTCUSD_10898_BULLISH_10872_10876,BTCUSD,1h,LONG,2025-08-29T02:00:00+00:00,2025-08-28T00:00:00+00:00,2025-08-28T04:00:00+00:00,10872,10876,10898,111333.875,110822.0,112211.38,511.875,0.459766,76,internal|bos|brk10876|form10872,internal,111504.5,110822.0,-1.0,0,0.928205,2.878388,5,SL_HIT,2025-08-29T07:00:00+00:00,0.612759,1.154497,0.459766,0.865872,0.81978,0.267399,0.142857,1.154497,1.652664,26.0,22.0,1.0,0.080561,1.0,0.0,0.0,0.0,1.0,0.54701,0.274034,0.530758,72.0,0.266637,0.692698,-0.531806,-1.334509,0.055696,0.570442,1.0
SOLUSD_10903_BULLISH_10889_10900,SOLUSD,1h,LONG,2025-08-29T07:00:00+00:00,2025-08-28T17:00:00+00:00,2025-08-29T04:00:00+00:00,10889,10900,10903,209.76275,207.272,214.03,2.49075,1.187413,29,internal|bos|brk10900|form10889,internal,210.593,207.272,-1.0,0,0.095252,1.471344,1,SL_HIT,2025-08-29T08:00:00+00:00,1.590731,1.254296,1.187413,0.940722,0.451671,0.844023,0.879253,1.254296,0.072138,14.0,3.0,0.0,0.374193,1.0,0.0,0.0,0.0,1.0,0.719018,0.018884,1.268226,100.0,1.069956,1.844242,-3.027544,0.631441,2.903673,1.188831,1.0
BTCUSD_10941_BULLISH_10933_10935,BTCUSD,1h,LONG,2025-08-30T21:00:00+00:00,2025-08-30T13:00:00+00:00,2025-08-30T15:00:00+00:00,10933,10935,10941,108575.0,108165.5,109277.0,409.5,0.377159,92,internal|choch|brk10935|form10933,internal,108575.0,108165.5,1.714286,1,1.930403,0.371184,3,TP_HIT,2025-08-31T00:00:00+00:00,0.377263,0.708186,0.377159,0.708186,0.92674,0.312576,0.174603,0.708186,0.350202,8.0,6.0,2.0,0.051882,0.0,1.0,0.0,0.0,0.0,0.202492,0.024211,0.532718,39.0,0.170485,0.338961,-0.209152,0.238256,-2.972634,0.53548,1.0
ETHUSD_10944_BEARISH_10899_10903,ETHUSD,1h,SHORT,2025-08-31T00:00:00+00:00,2025-08-29T03:00:00+00:00,2025-08-29T07:00:00+00:00,10899,10903,10944,4475.325,4503.9,4426.34,28.575,0.638501,54,internal|bos|brk10903|form10899,internal,4503.9,4465.8,1.714261,1,3.442695,0.772528,23,TP_HIT,2025-08-31T23:00:00+00:00,0.853007,0.781105,0.638501,0.585828,0.980315,0.086614,0.234908,0.781105,1.539657,45.0,41.0,0.0,0.1799,1.0,0.0,0.0,0.0,1.0,0.516928,0.011276,1.092053,13.0,0.533328,2.008115,2.60501,1.727515,-0.857898,0.506154,0.0
SOLUSD_10944_BEARISH_10925_10933,SOLUSD,1h,SHORT,2025-08-31T00:00:00+00:00,2025-08-30T05:00:00+00:00,2025-08-30T13:00:00+00:00,10925,10933,10944,205.00125,206.985,201.6,1.98375,0.967677,36,internal|bos|brk10933|form10925,internal,206.985,204.34,1.714556,1,1.782357,0.806931,14,TP_HIT,2025-08-31T14:00:00+00:00,1.287976,1.003457,0.967677,0.752593,0.613989,0.587146,0.54518,1.003457,0.558446,19.0,11.0,0.0,0.136482,1.0,0.0,0.0,0.0,1.0,0.480094,0.015175,1.283538,79.0,0.574897,1.230326,2.063019,1.488016,-4.122936,0.468706,0.0
BTCUSD_10962_BEARISH_10945_10955,BTCUSD,1h,SHORT,2025-08-31T18:00:00+00:00,2025-08-31T01:00:00+00:00,2025-08-31T11:00:00+00:00,10945,10955,10962,109096.0,109451.5,108486.57,355.5,0.32586,100,internal|choch|brk10955|form10945,internal,109451.5,109096.0,1.71429,1,2.994374,0.302391,5,TP_HIT,2025-08-31T23:00:00+00:00,0.325846,0.643512,0.32586,0.643512,0.987342,0.312236,0.098453,0.643512,0.335785,17.0,7.0,0.0,0.008146,0.0,1.0,0.0,0.0,0.0,0.292987,0.018102,0.506356,11.5,0.227167,0.585587,0.658289,-0.073731,0.405855,1.323503,0.0
ETHUSD_10975_BEARISH_10959_10966,ETHUSD,1h,SHORT,2025-09-01T07:00:00+00:00,2025-08-31T15:00:00+00:00,2025-08-31T22:00:00+00:00,10959,10966,10975,4464.55,4489.9,4421.09,25.35,0.567806,61,internal|choch|brk10966|form10959,internal,4489.9,4456.1,-1.0,0,0.106509,1.039448,1,SL_HIT,2025-09-01T08:00:00+00:00,0.757423,0.722287,0.567806,0.541715,0.810651,0.193787,0.757396,0.722287,0.555605,16.0,9.0,0.0,0.043807,0.0,1.0,0.0,0.0,0.0,0.546765,0.074793,1.048646,6.0,0.573772,1.787553,1.746506,-0.161085,1.917301,1.165008,0.0
BTCUSD_10991_BEARISH_10981_10989,BTCUSD,1h,SHORT,2025-09-01T23:00:00+00:00,2025-09-01T13:00:00+00:00,2025-09-01T21:00:00+00:00,10981,10989,10991,108898.5,109491.0,107882.79,592.5,0.544085,64,internal|choch|brk10989|form10981,internal,109491.0,108898.5,-1.0,0,0.090295,1.14346,2,SL_HIT,2025-09-02T01:00:00+00:00,0.542592,1.047055,0.544085,1.047055,0.494515,0.8827,0.148523,1.047055,1.921809,10.0,2.0,0.0,0.529271,0.0,1.0,0.0,1.0,0.0,0.367594,0.003534,0.518208,30.5,0.495577,1.838752,-0.000458,-0.332687,0.601594,0.631512,0.0
SOLUSD_10996_BEARISH_10976_10989,SOLUSD,1h,SHORT,2025-09-02T04:00:00+00:00,2025-09-01T08:00:00+00:00,2025-09-01T21:00:00+00:00,10976,10989,10996,202.89275,204.491,200.15,1.59825,0.787731,44,internal|bos|brk10989|form10976,internal,204.491,202.36,1.716096,1,3.499296,0.944314,8,TP_HIT,2025-09-02T12:00:00+00:00,1.049852,0.847782,0.787731,0.635837,0.708588,0.446269,0.075082,0.847782,1.073751,20.0,7.0,2.0,0.035109,1.0,0.0,0.0,0.0,1.0,0.373218,0.083147,1.238351,36.0,0.714351,0.691036,2.947203,1.679115,-0.980531,0.743938,0.0
XRPUSD_11007_BULLISH_11004_11006,XRPUSD,1h,LONG,2025-09-02T15:00:00+00:00,2025-09-02T12:00:00+00:00,2025-09-02T14:00:00+00:00,11004,11006,11007,2.791475,2.7611,2.84,0.030375,1.088134,32,internal|choch|brk11006|form11004,internal,2.8016,2.7611,1.597531,1,2.058436,0.358025,5,TP_HIT,2025-09-02T20:00:00+00:00,1.451717,1.449516,1.088134,1.087137,0.708642,0.402469,0.720988,1.449516,0.314956,3.0,1.0,0.0,0.059949,0.0,1.0,0.0,0.0,0.0,0.41771,0.014316,1.001519,24.5,0.791229,1.932687,-0.747118,1.142008,-0.736524,1.486872,1.0
XRPUSD_11019_BEARISH_10945_10967,XRPUSD,1h,SHORT,2025-09-03T03:00:00+00:00,2025-08-31T01:00:00+00:00,2025-08-31T23:00:00+00:00,10945,10967,11019,2.84335,2.8675,2.8,0.02415,0.84935,41,internal|choch|brk10967|form10945,internal,2.8675,2.8353,-1.0,0,1.409938,1.277433,9,SL_HIT,2025-09-03T12:00:00+00:00,1.133683,1.164374,0.84935,0.87328,0.84472,0.916149,0.515528,1.164374,0.857008,74.0,52.0,10.0,0.11029,0.0,1.0,0.0,1.0,0.0,0.841029,0.068705,0.973642,9.5,0.728272,0.56049,-0.678393,2.604581,2.745623,0.584327,0.0
ETHUSD_11036_BEARISH_10976_10984,ETHUSD,1h,SHORT,2025-09-03T20:00:00+00:00,2025-09-01T08:00:00+00:00,2025-09-01T16:00:00+00:00,10976,10984,11036,4469.1125,4490.9,4431.76,21.7875,0.487513,71,internal|bos|brk10984|form10976,internal,4490.9,4461.85,1.7144,1,2.300057,0.586919,6,TP_HIT,2025-09-04T02:00:00+00:00,0.650871,0.639472,0.487513,0.479604,0.951807,0.936317,0.454389,0.639472,0.129876,60.0,52.0,6.0,0.12905,1.0,0.0,0.0,1.0,0.0,0.881732,0.060535,1.017826,0.5,0.479845,0.368715,-0.324936,3.464463,2.700246,0.766301,0.0
SOLUSD_11037_BULLISH_11022_11030,SOLUSD,1h,LONG,2025-09-03T21:00:00+00:00,2025-09-03T06:00:00+00:00,2025-09-03T14:00:00+00:00,11022,11030,11037,209.01,207.921,210.88,1.089,0.521028,67,internal|bos|brk11030|form11022,internal,209.373,207.921,1.717172,1,1.738292,0.485767,2,TP_HIT,2025-09-03T23:00:00+00:00,0.695169,0.586232,0.521028,0.439674,0.653581,0.725895,0.399449,0.586232,0.176435,15.0,7.0,3.0,0.056524,1.0,0.0,0.0,0.0,1.0,0.78169,0.012112,1.185825,9.0,0.458886,0.461476,-0.482176,0.219757,4.371855,0.612152,1.0
BTCUSD_11044_BULLISH_11023_11030,BTCUSD,1h,LONG,2025-09-04T04:00:00+00:00,2025-09-03T07:00:00+00:00,2025-09-03T14:00:00+00:00,11023,11030,11044,111077.0,110499.0,112067.86,578.0,0.52036,67,internal|bos|brk11030|form11023,internal,111077.0,110499.0,-1.0,0,0.0,1.432526,2,SL_HIT,2025-09-04T06:00:00+00:00,0.521273,1.009225,0.52036,1.009225,0.663495,0.366782,0.632353,1.009225,1.39074,21.0,14.0,0.0,0.339609,1.0,0.0,0.0,0.0,1.0,0.686902,0.105637,0.516508,32.0,0.288422,0.75168,-0.706537,-0.482409,0.600158,0.674655,1.0
XRPUSD_11046_BULLISH_11023_11030,XRPUSD,1h,LONG,2025-09-04T06:00:00+00:00,2025-09-03T07:00:00+00:00,2025-09-03T14:00:00+00:00,11023,11030,11046,2.8203,2.8093,2.84,0.011,0.390029,89,internal|bos|brk11030|form11023,internal,2.8203,2.8093,1.790909,1,3.136364,0.636364,2,TP_HIT,2025-09-04T08:00:00+00:00,0.390986,0.416197,0.390029,0.416197,0.372727,0.663636,0.245455,0.416197,0.484302,23.0,16.0,0.0,0.261069,1.0,0.0,0.0,0.0,1.0,0.618067,0.015134,0.939425,0.5,0.341506,0.737804,-0.922665,-2.00627,0.403269,0.794082,1.0
XRPUSD_11058_BULLISH_11008_11013,XRPUSD,1h,LONG,2025-09-04T18:00:00+00:00,2025-09-02T16:00:00+00:00,2025-09-02T21:00:00+00:00,11008,11013,11058,2.79845,2.7806,2.83,0.01785,0.637853,54,internal|bos|brk11013|form11008,internal,2.8044,2.7806,-1.0,0,1.464986,1.201681,6,SL_HIT,2025-09-05T00:00:00+00:00,0.850577,0.910598,0.637853,0.682949,0.735294,0.390756,0.197479,0.910598,0.068869,50.0,45.0,2.0,0.013391,1.0,0.0,0.0,0.0,1.0,0.537242,0.0,0.934086,2.0,0.391784,1.052162,-0.959224,-1.575856,0.128824,1.615506,1.0
SOLUSD_11071_BEARISH_11050_11054,SOLUSD,1h,SHORT,2025-09-05T07:00:00+00:00,2025-09-04T10:00:00+00:00,2025-09-04T14:00:00+00:00,11050,11054,11071,207.778,208.732,206.14,0.954,0.459144,76,internal|bos|brk11054|form11050,internal,208.732,207.46,1.716981,1,3.468553,0.118449,2,TP_HIT,2025-09-05T09:00:00+00:00,0.612127,0.538849,0.459144,0.404136,0.732704,0.738994,0.441038,0.538849,0.690082,21.0,17.0,0.0,0.00932,1.0,0.0,0.0,0.0,1.0,0.725034,0.051258,1.135991,1.0,0.630215,1.571642,1.877727,1.588854,-0.560365,0.957153,0.0
XRPUSD_11075_BEARISH_11048_11055,XRPUSD,1h,SHORT,2025-09-05T11:00:00+00:00,2025-09-04T08:00:00+00:00,2025-09-04T15:00:00+00:00,11048,11055,11075,2.8308,2.8548,2.79,0.024,0.847817,41,internal|choch|brk11055|form11048,internal,2.8548,2.8228,-1.0,0,0.0,1.945833,1,SL_HIT,2025-09-05T12:00:00+00:00,1.125532,1.253456,0.847817,0.940092,0.365625,0.959375,0.40625,1.253456,0.975346,27.0,20.0,5.0,0.481797,0.0,1.0,0.0,0.0,1.0,0.77496,0.062673,0.897943,0.5,0.46389,0.348617,1.070032,1.546539,-0.070296,1.024196,0.0
SOLUSD_11077_BEARISH_11029_11044,SOLUSD,1h,SHORT,2025-09-05T13:00:00+00:00,2025-09-03T13:00:00+00:00,2025-09-04T04:00:00+00:00,11029,11044,11077,210.014,212.993,204.91,2.979,1.418477,24,internal|choch|brk11044|form11029,internal,212.993,209.021,1.713327,1,2.824438,0.0,1,TP_HIT,2025-09-05T14:00:00+00:00,1.894758,1.689159,1.418477,1.266869,0.846425,0.241944,0.629658,1.689159,0.442277,48.0,33.0,1.0,0.162877,0.0,1.0,0.0,0.0,1.0,0.821985,0.128005,1.121717,1.5,0.603245,0.710621,1.510815,2.699882,-0.319065,1.381625,0.0
BTCUSD_11078_BULLISH_11064_11070,BTCUSD,1h,LONG,2025-09-05T14:00:00+00:00,2025-09-05T00:00:00+00:00,2025-09-05T06:00:00+00:00,11064,11070,11078,110905.0,110405.0,111762.14,500.0,0.450836,77,internal|bos|brk11070|form11064,internal,110905.0,110405.0,-1.0,0,0.163,1.308,1,SL_HIT,2025-09-05T15:00:00+00:00,0.452366,0.861742,0.450836,0.861742,0.25,0.907,0.513,0.861742,0.579091,14.0,8.0,0.0,0.646307,1.0,0.0,0.0,0.0,0.0,0.524523,0.022405,0.524943,65.0,0.661638,4.459515,-1.545012,-0.144548,-0.478564,1.709709,1.0
ETHUSD_11078_BULLISH_10740_10742,ETHUSD,1h,LONG,2025-09-05T14:00:00+00:00,2025-08-22T12:00:00+00:00,2025-08-22T14:00:00+00:00,10740,10742,11078,4259.4625,4206.85,4349.66,52.6125,1.235191,28,internal|bos|brk10742|form10740,internal,4277.0,4206.85,1.714374,1,1.95272,0.463055,71,TP_HIT,2025-09-08T13:00:00+00:00,1.642165,1.574934,1.235191,1.181201,0.925873,0.974341,0.421953,1.574934,7.260637,338.0,336.0,15.0,0.276989,1.0,0.0,0.0,0.0,0.0,0.220534,0.047147,1.042688,13.5,1.068578,4.042293,-2.836347,-0.586456,-1.867635,1.807259,1.0
SOLUSD_11078_BULLISH_11065_11076,SOLUSD,1h,LONG,2025-09-05T14:00:00+00:00,2025-09-05T01:00:00+00:00,2025-09-05T12:00:00+00:00,11065,11076,11078,203.0085,200.901,206.62,2.1075,1.038134,33,internal|choch|brk11076|form11065,internal,203.711,200.901,-1.0,0,1.268565,1.100119,26,SL_HIT,2025-09-06T16:00:00+00:00,1.389844,1.18074,1.038134,0.885555,0.455516,0.751246,0.808185,1.18074,1.003839,13.0,2.0,0.0,0.347709,0.0,1.0,0.0,0.0,0.0,0.427512,0.025212,1.177096,6.5,1.002865,3.357756,-1.764231,-0.044495,-3.295994,1.703049,1.0
ETHUSD_11094_BEARISH_11088_11093,ETHUSD,1h,SHORT,2025-09-06T06:00:00+00:00,2025-09-06T00:00:00+00:00,2025-09-06T05:00:00+00:00,11088,11093,11094,4308.1,4327.9,4274.16,19.8,0.459599,76,internal|bos|brk11093|form11088,internal,4327.9,4301.5,1.714141,1,2.376263,0.325758,9,TP_HIT,2025-09-06T15:00:00+00:00,0.613718,0.61351,0.459599,0.460133,0.994318,0.17803,0.579545,0.61351,0.342776,6.0,1.0,0.0,0.149892,1.0,0.0,0.0,1.0,1.0,0.198715,0.177779,1.000339,0.5,0.960741,0.334642,-0.361341,0.47415,-2.02815,0.527462,0.0
SOLUSD_11096_BEARISH_11090_11093,SOLUSD,1h,SHORT,2025-09-06T08:00:00+00:00,2025-09-06T02:00:00+00:00,2025-09-06T05:00:00+00:00,11090,11093,11096,203.47375,204.631,201.49,1.15725,0.568747,61,internal|choch|brk11093|form11090,internal,204.631,203.088,1.714193,1,1.852452,0.0,5,TP_HIT,2025-09-06T13:00:00+00:00,0.758488,0.670874,0.568747,0.503156,0.777706,0.277447,0.078419,0.670874,0.417394,6.0,3.0,1.0,0.018587,0.0,1.0,0.0,1.0,1.0,0.390684,0.043479,1.130597,0.5,0.920219,0.393525,-0.278922,0.52379,-1.372048,0.549519,0.0
XRPUSD_11118_BEARISH_11091_11097,XRPUSD,1h,SHORT,2025-09-07T06:00:00+00:00,2025-09-06T03:00:00+00:00,2025-09-06T09:00:00+00:00,11091,11097,11118,2.8186,2.8279,2.8,0.0093,0.329951,100,internal|choch|brk11097|form11091,internal,2.8279,2.8186,-1.0,0,0.0,1.580645,1,SL_HIT,2025-09-07T07:00:00+00:00,0.329904,0.402855,0.329951,0.402855,0.956989,0.731183,0.473118,0.402855,0.277233,27.0,21.0,5.0,0.017327,0.0,1.0,0.0,1.0,0.0,0.386385,0.047649,0.818916,0.5,0.153051,0.303224,-0.046094,0.642628,0.127868,0.831746,0.0
BTCUSD_11138_BEARISH_11135_11136,BTCUSD,1h,SHORT,2025-09-08T02:00:00+00:00,2025-09-07T23:00:00+00:00,2025-09-08T00:00:00+00:00,11135,11136,11138,111021.0,111571.0,110078.14,550.0,0.495402,70,internal|choch|brk11136|form11135,internal,111571.0,111021.0,-1.0,0,0.287273,1.008182,5,SL_HIT,2025-09-08T07:00:00+00:00,0.494553,1.072867,0.495402,1.072867,0.653636,0.61,0.237273,1.072867,0.562768,3.0,2.0,0.0,0.371602,0.0,1.0,0.0,0.0,0.0,0.471863,0.111188,0.460964,2.5,0.167872,1.51957,0.175198,-0.044939,0.424865,1.038649,0.0
ETHUSD_11153_BULLISH_11143_11150,ETHUSD,1h,LONG,2025-09-08T17:00:00+00:00,2025-09-08T07:00:00+00:00,2025-09-08T14:00:00+00:00,11143,11150,11153,4311.05,4285.7,4354.51,25.35,0.588024,59,internal|choch|brk11150|form11143,internal,4311.05,4285.7,-1.0,0,0.946746,1.112426,2,SL_HIT,2025-09-08T19:00:00+00:00,0.588153,0.669939,0.588024,0.669939,0.962525,0.502959,0.003945,0.669939,0.819255,10.0,3.0,0.0,0.025106,0.0,1.0,0.0,0.0,1.0,0.288573,0.007928,0.87792,4.0,0.371121,1.161493,-0.222238,0.053392,0.972216,2.452925,1.0
BTCUSD_11161_BULLISH_11138_11144,BTCUSD,1h,LONG,2025-09-09T01:00:00+00:00,2025-09-08T02:00:00+00:00,2025-09-08T08:00:00+00:00,11138,11144,11161,111161.75,110577.5,112163.32,584.25,0.525585,66,internal|choch|brk11144|form11138,internal,111356.5,110577.5,1.714283,1,1.813008,0.168164,4,TP_HIT,2025-09-09T05:00:00+00:00,0.699759,1.550481,0.525585,1.162861,0.95828,0.15982,0.433248,1.550481,0.805096,23.0,17.0,0.0,0.322934,0.0,1.0,0.0,0.0,1.0,0.408959,0.070657,0.451317,1.0,0.256595,0.954372,-0.530746,-0.617769,1.068572,0.523945,1.0
BTCUSD_11172_BEARISH_10885_10903,BTCUSD,1h,SHORT,2025-09-09T12:00:00+00:00,2025-08-28T13:00:00+00:00,2025-08-29T07:00:00+00:00,10885,10903,11172,112763.25,113440.5,111602.25,677.25,0.600595,58,internal|choch|brk10903|form10885,internal,113440.5,112537.5,1.714286,1,1.921373,0.2189,2,TP_HIT,2025-09-09T14:00:00+00:00,0.801683,1.805754,0.600595,1.354316,0.888704,0.906423,0.459579,1.805754,2.513658,287.0,269.0,17.0,0.250466,0.0,1.0,0.0,1.0,0.0,0.791158,0.003999,0.44396,0.5,0.271941,0.876881,-0.285939,0.318399,1.309564,0.809757,0.0
XRPUSD_11173_BEARISH_10866_10870,XRPUSD,1h,SHORT,2025-09-09T13:00:00+00:00,2025-08-27T18:00:00+00:00,2025-08-27T22:00:00+00:00,10866,10870,11173,3.01655,3.0443,2.97,0.02775,0.919925,38,internal|choch|brk10870|form10866,internal,3.0443,3.0073,1.677477,1,2.347748,0.034234,1,TP_HIT,2025-09-09T14:00:00+00:00,1.228746,1.617442,0.919925,1.213081,0.894595,0.789189,0.724324,1.617442,0.410918,307.0,303.0,14.0,0.233873,0.0,1.0,0.0,1.0,0.0,0.896861,0.034972,0.759685,13.0,0.436133,0.996694,-0.410107,1.199798,6.380273,0.857138,0.0
SOLUSD_11175_BULLISH_11162_11166,SOLUSD,1h,LONG,2025-09-09T15:00:00+00:00,2025-09-09T02:00:00+00:00,2025-09-09T06:00:00+00:00,11162,11166,11175,212.83525,210.862,216.22,1.97325,0.927126,37,internal|bos|brk11166|form11162,internal,213.493,210.862,1.715317,1,2.031547,0.0,3,TP_HIT,2025-09-09T18:00:00+00:00,1.235078,1.240185,0.927126,0.930139,0.821361,0.677689,0.58913,1.240185,1.53008,13.0,9.0,1.0,0.0885,1.0,0.0,0.0,0.0,1.0,0.671317,0.014141,0.995882,25.0,0.662042,1.913779,-2.167693,-0.075053,4.744409,1.510812,1.0
XRPUSD_11175_BULLISH_11163_11167,XRPUSD,1h,LONG,2025-09-09T15:00:00+00:00,2025-09-09T03:00:00+00:00,2025-09-09T07:00:00+00:00,11163,11167,11175,2.9473,2.9329,2.97,0.0144,0.488583,71,internal|bos|brk11167|form11163,internal,2.9521,2.9329,1.576389,1,1.6875,0.298611,4,TP_HIT,2025-09-09T19:00:00+00:00,0.651731,0.829327,0.488583,0.621996,0.682292,0.848958,0.661458,0.829327,1.209436,12.0,8.0,1.0,0.056152,1.0,0.0,0.0,0.0,1.0,0.631064,0.034555,0.785855,29.0,0.559834,1.511795,-1.907901,-0.307942,3.448276,1.412692,1.0
SOLUSD_11272_BULLISH_11240_11246,SOLUSD,1h,LONG,2025-09-13T16:00:00+00:00,2025-09-12T08:00:00+00:00,2025-09-12T14:00:00+00:00,11240,11246,11272,237.88175,236.633,240.02,1.24875,0.524946,66,internal|bos|brk11246|form11240,internal,238.298,236.633,-1.0,0,0.381381,1.686286,1,SL_HIT,2025-09-13T17:00:00+00:00,0.701,0.784948,0.524946,0.588711,0.531532,0.613814,0.228829,0.784948,0.321522,32.0,26.0,4.0,0.171486,1.0,0.0,0.0,0.0,1.0,0.798046,0.0033,0.893052,58.5,0.448084,1.127685,-1.794441,-1.659042,4.630715,1.264407,1.0
XRPUSD_11272_BULLISH_11253_11264,XRPUSD,1h,LONG,2025-09-13T16:00:00+00:00,2025-09-12T21:00:00+00:00,2025-09-13T08:00:00+00:00,11253,11264,11272,3.1156,3.085,3.17,0.0306,0.982154,35,internal|bos|brk11264|form11253,internal,3.1258,3.085,-1.0,0,0.382353,1.013072,9,SL_HIT,2025-09-14T01:00:00+00:00,1.311813,1.789746,0.982154,1.34231,0.617647,0.480392,0.730392,1.789746,1.162458,19.0,8.0,3.0,0.236878,1.0,0.0,0.0,0.0,1.0,0.699006,0.01316,0.73296,49.0,0.541488,1.566028,-1.95448,0.439191,3.752877,1.222552,1.0
BTCUSD_11279_BEARISH_11266_11272,BTCUSD,1h,SHORT,2025-09-13T23:00:00+00:00,2025-09-13T10:00:00+00:00,2025-09-13T16:00:00+00:00,11266,11272,11279,115861.0,116138.0,115386.14,277.0,0.23908,100,internal|choch|brk11272|form11266,internal,116138.0,115861.0,1.714296,1,2.521661,0.974729,14,TP_HIT,2025-09-14T13:00:00+00:00,0.239051,0.594664,0.23908,0.594664,0.949458,0.34296,0.310469,0.594664,0.930638,13.0,7.0,3.0,0.030055,0.0,1.0,0.0,0.0,0.0,0.871726,0.023615,0.401993,0.5,0.131747,0.283378,0.232687,-0.043562,1.256587,0.450669,0.0
ETHUSD_11309_BEARISH_11286_11293,ETHUSD,1h,SHORT,2025-09-15T05:00:00+00:00,2025-09-14T06:00:00+00:00,2025-09-14T13:00:00+00:00,11286,11293,11309,4658.9,4680.65,4621.61,21.75,0.466848,74,internal|bos|brk11293|form11286,internal,4680.65,4658.9,1.714483,1,1.993103,0.457471,1,TP_HIT,2025-09-15T06:00:00+00:00,0.466593,0.636322,0.466848,0.636322,0.882759,0.216092,0.43908,0.636322,0.588049,23.0,16.0,1.0,0.074603,1.0,0.0,0.0,0.0,1.0,0.746554,0.058512,0.733266,0.5,0.324023,0.722627,1.321552,1.320451,-1.983893,0.95511,0.0
XRPUSD_11310_BULLISH_11305_11309,XRPUSD,1h,LONG,2025-09-15T06:00:00+00:00,2025-09-15T01:00:00+00:00,2025-09-15T05:00:00+00:00,11305,11309,11310,3.038175,3.0108,3.09,0.027375,0.901034,38,internal|choch|brk11309|form11305,internal,3.0473,3.0108,-1.0,0,0.336986,3.100457,2,SL_HIT,2025-09-15T08:00:00+00:00,1.203032,1.620213,0.901034,1.215159,0.635616,0.652055,0.142466,1.620213,0.665841,5.0,1.0,0.0,0.185326,0.0,1.0,0.0,0.0,0.0,0.359342,0.035512,0.742515,49.5,0.44003,1.859915,-0.151386,0.118796,-2.302367,0.784743,1.0
ETHUSD_11311_BULLISH_11305_11308,ETHUSD,1h,LONG,2025-09-15T07:00:00+00:00,2025-09-15T01:00:00+00:00,2025-09-15T04:00:00+00:00,11305,11308,11311,4611.825,4578.9,4668.27,32.925,0.713926,49,internal|choch|brk11308|form11305,internal,4622.8,4578.9,-1.0,0,0.0,3.194381,1,SL_HIT,2025-09-15T08:00:00+00:00,0.95522,1.276867,0.713926,0.95765,0.384966,0.830296,0.384966,1.276867,0.186149,6.0,3.0,1.0,0.4661,0.0,1.0,0.0,0.0,0.0,0.591846,0.239958,0.748097,4.0,0.371797,1.605536,-0.509812,-0.006527,-2.682901,1.261454,1.0
ETHUSD_11312_BULLISH_11244_11248,ETHUSD,1h,LONG,2025-09-15T08:00:00+00:00,2025-09-12T12:00:00+00:00,2025-09-12T16:00:00+00:00,11244,11248,11312,4523.45,4502.75,4558.94,20.7,0.457615,76,internal|bos|brk11248|form11244,internal,4530.35,4502.75,-1.0,0,0.521739,1.304348,1,SL_HIT,2025-09-15T09:00:00+00:00,0.612075,0.796419,0.457615,0.597314,0.235507,0.858696,0.195652,0.796419,0.975324,68.0,64.0,0.0,0.409752,1.0,0.0,0.0,0.0,0.0,0.387887,0.154378,0.768534,12.5,0.547385,2.573933,-2.720399,-2.383452,-4.257126,1.537391,1.0
BTCUSD_11317_BULLISH_11223_11230,BTCUSD,1h,LONG,2025-09-15T13:00:00+00:00,2025-09-11T15:00:00+00:00,2025-09-11T22:00:00+00:00,11223,11230,11317,114478.125,113937.0,115405.77,541.125,0.472689,74,internal|bos|brk11230|form11223,internal,114658.5,113937.0,1.71429,1,1.953107,0.234927,6,TP_HIT,2025-09-15T19:00:00+00:00,0.629463,1.5822,0.472689,1.18665,0.948718,0.426195,0.383922,1.5822,1.325627,94.0,87.0,3.0,0.314412,1.0,0.0,0.0,0.0,0.0,0.371475,0.012061,0.39784,14.5,0.335719,1.549306,-0.075844,-1.162375,-1.124434,1.520087,1.0
SOLUSD_11325_BEARISH_11316_11320,SOLUSD,1h,SHORT,2025-09-15T21:00:00+00:00,2025-09-15T12:00:00+00:00,2025-09-15T16:00:00+00:00,11316,11320,11325,235.274,238.088,230.45,2.814,1.196052,29,internal|bos|brk11320|form11316,internal,238.088,234.336,-1.0,0,1.438522,1.409382,19,SL_HIT,2025-09-16T16:00:00+00:00,1.595727,1.672696,1.196052,1.254522,0.788913,0.269723,0.426439,1.672696,0.691013,9.0,5.0,2.0,0.065089,1.0,0.0,0.0,0.0,1.0,0.40285,0.216666,0.953985,97.5,0.849862,0.763235,1.633024,-2.139685,-1.553354,0.773955,0.0
BTCUSD_11337_BULLISH_11332_11333,BTCUSD,1h,LONG,2025-09-16T09:00:00+00:00,2025-09-16T04:00:00+00:00,2025-09-16T05:00:00+00:00,11332,11333,11337,115524.0,114878.0,116631.43,646.0,0.559191,62,internal|choch|brk11333|form11332,internal,115524.0,114878.0,-1.0,0,0.063467,1.309598,4,SL_HIT,2025-09-16T13:00:00+00:00,0.559632,1.427403,0.559191,1.427403,0.859133,0.212074,0.321207,1.427403,0.963387,5.0,4.0,1.0,0.201074,0.0,1.0,0.0,0.0,0.0,0.453099,0.034249,0.392063,9.5,0.178057,0.648518,-0.032476,0.14662,-0.280327,0.786615,1.0
XRPUSD_11347_BEARISH_11309_11312,XRPUSD,1h,SHORT,2025-09-16T19:00:00+00:00,2025-09-15T05:00:00+00:00,2025-09-15T08:00:00+00:00,11309,11312,11347,3.0478,3.0659,3.02,0.0181,0.593871,58,internal|choch|brk11312|form11309,internal,3.0659,3.0478,1.535912,1,1.839779,0.508287,8,TP_HIT,2025-09-17T03:00:00+00:00,0.593248,0.789082,0.593871,0.789082,0.823204,0.563536,0.828729,0.789082,2.763968,38.0,35.0,4.0,0.139506,0.0,1.0,0.0,0.0,1.0,0.422022,0.039236,0.75182,81.5,0.40954,0.81524,0.776218,2.36881,-0.065509,1.173123,0.0
ETHUSD_11348_BEARISH_11334_11341,ETHUSD,1h,SHORT,2025-09-16T20:00:00+00:00,2025-09-16T06:00:00+00:00,2025-09-16T13:00:00+00:00,11334,11341,11348,4502.7625,4535.95,4445.87,33.1875,0.737048,47,internal|bos|brk11341|form11334,internal,4535.95,4491.7,-1.0,0,0.426742,1.497175,6,SL_HIT,2025-09-17T02:00:00+00:00,0.983913,1.304834,0.737048,0.978626,0.872316,0.40565,0.473446,1.304834,0.781426,14.0,7.0,3.0,0.159603,1.0,0.0,0.0,0.0,1.0,0.215111,0.001474,0.754052,2.0,0.305113,0.479176,0.68957,-0.676899,-2.294181,1.308673,0.0
XRPUSD_11348_BULLISH_11336_11347,XRPUSD,1h,LONG,2025-09-16T20:00:00+00:00,2025-09-16T08:00:00+00:00,2025-09-16T19:00:00+00:00,11336,11347,11348,3.03695,3.0026,3.1,0.03435,1.131069,30,internal|choch|brk11347|form11336,internal,3.0484,3.0026,-1.0,0,0.583697,1.032023,14,SL_HIT,2025-09-17T10:00:00+00:00,1.503562,2.002068,1.131069,1.501551,0.949782,0.174672,0.585153,2.002068,0.524559,12.0,1.0,0.0,0.399976,0.0,1.0,0.0,1.0,1.0,0.401028,0.004371,0.751004,75.0,0.400906,0.454618,0.260022,1.421722,0.352507,1.039005,1.0
SOLUSD_11362_BULLISH_11342_11343,SOLUSD,1h,LONG,2025-09-17T10:00:00+00:00,2025-09-16T14:00:00+00:00,2025-09-16T15:00:00+00:00,11342,11343,11362,233.5372,231.226,237.5,2.3112,0.98965,35,internal|choch|brk11343|form11342,internal,234.3076,231.226,1.714607,1,2.032191,0.643129,8,TP_HIT,2025-09-17T18:00:00+00:00,1.316265,1.397105,0.98965,1.047829,0.938149,0.376623,0.366044,1.397105,1.64664,20.0,19.0,3.0,0.262864,0.0,1.0,0.0,0.0,1.0,0.207135,0.014054,0.942137,77.0,0.533307,1.239332,-0.370233,-1.510263,0.887713,0.945023,1.0
BTCUSD_11369_BULLISH_11341_11344,BTCUSD,1h,LONG,2025-09-17T17:00:00+00:00,2025-09-16T13:00:00+00:00,2025-09-16T16:00:00+00:00,11341,11344,11369,115311.75,114678.0,116398.18,633.75,0.549597,63,internal|bos|brk11344|form11341,internal,115523.0,114678.0,-1.0,0,1.60355,1.009467,1,SL_HIT,2025-09-17T18:00:00+00:00,0.731988,1.870259,0.549597,1.402694,0.900592,0.220118,0.289941,1.870259,0.315399,28.0,25.0,3.0,0.281645,1.0,0.0,0.0,0.0,1.0,0.374012,0.047586,0.391383,17.5,0.228107,1.827099,-0.621979,-1.033482,0.55662,1.514107,1.0
SOLUSD_11374_BEARISH_11297_11303,SOLUSD,1h,SHORT,2025-09-17T22:00:00+00:00,2025-09-14T17:00:00+00:00,2025-09-14T23:00:00+00:00,11297,11303,11374,245.451,248.4,240.4,2.949,1.201462,29,internal|bos|brk11303|form11297,internal,248.4,244.468,-1.0,0,0.981011,1.186504,17,SL_HIT,2025-09-18T15:00:00+00:00,1.606091,1.728095,1.201462,1.296071,0.910987,0.298067,0.701933,1.728095,1.388805,77.0,71.0,0.0,0.2782,1.0,0.0,0.0,0.0,0.0,0.755651,0.034281,0.9294,100.0,0.800214,2.360529,5.290366,3.004064,4.490008,1.779661,0.0
ETHUSD_11395_BULLISH_11389_11392,ETHUSD,1h,LONG,2025-09-18T19:00:00+00:00,2025-09-18T13:00:00+00:00,2025-09-18T16:00:00+00:00,11389,11392,11395,4592.0,4557.05,4651.91,34.95,0.761106,45,internal|bos|brk11392|form11389,internal,4603.65,4557.05,-1.0,0,0.81402,1.463519,8,SL_HIT,2025-09-19T03:00:00+00:00,1.015948,1.360249,0.761106,1.020187,0.639485,0.5,0.378755,1.360249,0.652394,6.0,3.0,2.0,0.150328,1.0,0.0,0.0,0.0,1.0,0.685402,0.23206,0.746884,23.5,0.356799,1.094621,-0.181711,-0.511881,2.266343,0.90928,1.0
XRPUSD_11398_BULLISH_11382_11385,XRPUSD,1h,LONG,2025-09-18T22:00:00+00:00,2025-09-18T06:00:00+00:00,2025-09-18T09:00:00+00:00,11382,11385,11398,3.07505,3.0551,3.11,0.01995,0.64877,53,internal|bos|brk11385|form11382,internal,3.0817,3.0551,-1.0,0,0.909774,1.536341,5,SL_HIT,2025-09-19T03:00:00+00:00,0.865745,1.164471,0.64877,0.873353,0.654135,0.368421,0.383459,1.164471,0.731078,16.0,13.0,0.0,0.111632,1.0,0.0,0.0,0.0,1.0,0.643087,0.008755,0.743466,72.5,0.427728,0.542836,-1.113579,-0.608158,0.866682,0.538038,1.0
SOLUSD_11403_BULLISH_11382_11391,SOLUSD,1h,LONG,2025-09-19T03:00:00+00:00,2025-09-18T06:00:00+00:00,2025-09-18T15:00:00+00:00,11382,11391,11403,244.41125,242.558,247.59,1.85325,0.758251,46,internal|bos|brk11391|form11382,internal,245.029,242.558,-1.0,0,0.663024,1.230784,6,SL_HIT,2025-09-19T09:00:00+00:00,1.008576,1.103656,0.758251,0.827742,0.987859,0.154189,0.264225,1.103656,0.236721,21.0,12.0,0.0,0.262515,1.0,0.0,0.0,0.0,1.0,0.637019,0.022779,0.91385,80.5,0.449205,1.363156,-0.813736,-0.386664,3.687919,0.565877,1.0
BTCUSD_11416_BULLISH_11373_11379,BTCUSD,1h,LONG,2025-09-19T16:00:00+00:00,2025-09-17T21:00:00+00:00,2025-09-18T03:00:00+00:00,11373,11379,11416,115884.625,115268.5,116940.84,616.125,0.531671,65,internal|bos|brk11379|form11373,internal,116090.0,115268.5,-1.0,0,0.265977,1.324609,3,SL_HIT,2025-09-19T19:00:00+00:00,0.707939,1.811403,0.531671,1.358552,0.940353,0.815581,0.519172,1.811403,1.417811,43.0,37.0,4.0,0.344806,1.0,0.0,0.0,0.0,1.0,0.478009,0.046305,0.390824,26.5,0.166329,0.767338,-0.261292,-0.985951,0.408414,1.6419,1.0
ETHUSD_11432_BULLISH_11423_11431,ETHUSD,1h,LONG,2025-09-20T08:00:00+00:00,2025-09-19T23:00:00+00:00,2025-09-20T07:00:00+00:00,11423,11431,11432,4468.25,4444.8,4508.45,23.45,0.524814,66,internal|choch|brk11431|form11423,internal,4468.25,4444.8,-1.0,0,1.682303,1.162047,25,SL_HIT,2025-09-21T09:00:00+00:00,0.525325,0.724751,0.524814,0.724751,0.814499,0.232409,0.010661,0.724751,0.302881,9.0,1.0,0.0,0.134442,0.0,1.0,0.0,0.0,0.0,0.236669,0.064903,0.724836,0.5,0.286335,0.579492,-0.01232,0.118871,-2.328075,0.578485,1.0
BTCUSD_11442_BULLISH_11433_11440,BTCUSD,1h,LONG,2025-09-20T18:00:00+00:00,2025-09-20T09:00:00+00:00,2025-09-20T16:00:00+00:00,11433,11440,11442,115756.0,115616.5,115995.14,139.5,0.120512,100,internal|bos|brk11440|form11433,internal,115756.0,115616.5,-1.0,0,1.021505,1.397849,5,SL_HIT,2025-09-20T23:00:00+00:00,0.120606,0.329123,0.120512,0.329123,0.351254,0.774194,0.290323,0.329123,0.090833,9.0,2.0,0.0,0.213517,1.0,0.0,0.0,0.0,0.0,0.309068,0.030671,0.366447,0.5,0.106575,0.292554,-0.176491,0.225293,-1.579704,1.105418,1.0
BTCUSD_11449_BULLISH_11428_11431,BTCUSD,1h,LONG,2025-09-21T01:00:00+00:00,2025-09-20T04:00:00+00:00,2025-09-20T07:00:00+00:00,11428,11431,11449,115539.5,115354.5,115856.64,185.0,0.160118,100,internal|choch|brk11431|form11428,internal,115539.5,115354.5,-1.0,0,1.354054,1.348649,8,SL_HIT,2025-09-21T09:00:00+00:00,0.160247,0.446679,0.160118,0.446679,0.497297,0.502703,0.640541,0.446679,0.643459,21.0,18.0,1.0,0.224547,0.0,1.0,0.0,0.0,0.0,0.240939,0.07002,0.358753,0.5,0.099411,0.369415,-0.188908,-0.219532,-1.35265,0.770639,1.0
XRPUSD_11452_BEARISH_11431_11442,XRPUSD,1h,SHORT,2025-09-21T04:00:00+00:00,2025-09-20T07:00:00+00:00,2025-09-20T18:00:00+00:00,11431,11442,11452,2.9974,3.0079,2.98,0.0105,0.350304,99,internal|bos|brk11442|form11431,internal,3.0079,2.9974,-1.0,0,0.0,1.457143,1,SL_HIT,2025-09-21T05:00:00+00:00,0.349325,0.50071,0.350304,0.50071,0.2,0.8,0.314286,0.50071,0.367187,21.0,10.0,1.0,0.400568,1.0,0.0,0.0,0.0,1.0,0.238286,0.019075,0.697659,0.5,0.237687,0.667613,1.079463,0.784603,-1.979455,0.778563,0.0
SOLUSD_11456_BULLISH_11443_11451,SOLUSD,1h,LONG,2025-09-21T08:00:00+00:00,2025-09-20T19:00:00+00:00,2025-09-21T03:00:00+00:00,11443,11451,11456,238.989,237.8856,240.88,1.1034,0.461695,75,internal|bos|brk11451|form11443,internal,238.989,237.8856,-1.0,0,0.0,1.760015,1,SL_HIT,2025-09-21T09:00:00+00:00,0.462144,0.534928,0.461695,0.534928,0.789741,0.500272,0.227479,0.534928,0.343723,13.0,5.0,0.0,0.112473,1.0,0.0,0.0,0.0,0.0,0.312621,0.0,0.863937,0.5,0.346224,0.771316,-1.233153,-0.112958,-1.971596,1.067532,1.0
BTCUSD_11465_BEARISH_11460_11464,BTCUSD,1h,SHORT,2025-09-21T17:00:00+00:00,2025-09-21T12:00:00+00:00,2025-09-21T16:00:00+00:00,11460,11464,11465,115573.0,115716.0,115327.86,143.0,0.123731,100,internal|bos|brk11464|form11460,internal,115716.0,115573.0,1.714266,1,2.059441,0.412587,2,TP_HIT,2025-09-21T19:00:00+00:00,0.12371,0.358314,0.123731,0.358314,0.863636,0.248252,0.433566,0.358314,0.556264,5.0,1.0,0.0,0.048861,1.0,0.0,0.0,1.0,1.0,0.286359,0.033827,0.345257,0.5,0.121504,0.979726,-0.036754,-0.047126,-0.212795,1.106606,0.0
ETHUSD_11469_BULLISH_11457_11466,ETHUSD,1h,LONG,2025-09-21T21:00:00+00:00,2025-09-21T09:00:00+00:00,2025-09-21T18:00:00+00:00,11457,11466,11469,4465.0,4441.0,4506.14,24.0,0.537514,65,internal|bos|brk11466|form11457,internal,4473.0,4441.0,-1.0,0,0.472917,1.004167,2,SL_HIT,2025-09-21T23:00:00+00:00,0.715892,1.079425,0.537514,0.809569,0.904687,0.23125,0.1,1.079425,0.193959,12.0,3.0,0.0,0.166974,1.0,0.0,0.0,0.0,1.0,0.262375,0.003373,0.663216,0.5,0.17805,0.394665,-0.124008,-0.30889,0.681352,0.935823,1.0
ETHUSD_11474_BULLISH_11104_11232,ETHUSD,1h,LONG,2025-09-22T02:00:00+00:00,2025-09-06T16:00:00+00:00,2025-09-12T00:00:00+00:00,11104,11232,11474,4286.7375,4235.1,4375.26,51.6375,1.204587,29,internal|choch|brk11232|form11104,internal,4303.95,4235.1,-1.0,0,0.444687,1.389252,3,SL_HIT,2025-09-22T05:00:00+00:00,1.606037,2.265973,1.204587,1.69948,0.753086,0.660131,0.297023,2.265973,1.764069,370.0,242.0,0.0,0.006994,0.0,1.0,0.0,0.0,0.0,0.073887,0.006582,0.708763,8.5,0.582834,2.655977,-4.094006,-3.860645,-4.193671,2.033328,1.0
BTCUSD_11492_BEARISH_11486_11491,BTCUSD,1h,SHORT,2025-09-22T20:00:00+00:00,2025-09-22T14:00:00+00:00,2025-09-22T19:00:00+00:00,11486,11491,11492,112892.25,113412.0,112001.25,519.75,0.460395,76,internal|bos|brk11491|form11486,internal,113412.0,112719.0,1.714286,1,2.468013,0.081289,6,TP_HIT,2025-09-23T02:00:00+00:00,0.614713,1.655102,0.460395,1.241326,0.97619,0.339105,0.279942,1.655102,0.745154,6.0,1.0,0.0,0.374368,1.0,0.0,0.0,1.0,1.0,0.18677,0.164794,0.371405,23.5,0.326786,2.432498,-0.039901,-0.769739,-2.533167,1.086827,0.0
ETHUSD_11493_BEARISH_11486_11491,ETHUSD,1h,SHORT,2025-09-22T21:00:00+00:00,2025-09-22T14:00:00+00:00,2025-09-22T19:00:00+00:00,11486,11491,11493,4190.7,4218.3,4143.39,27.6,0.658601,53,internal|bos|brk11491|form11486,internal,4218.3,4181.5,1.71413,1,1.862319,0.730072,5,TP_HIT,2025-09-23T02:00:00+00:00,0.8769,1.157737,0.658601,0.868303,0.589674,0.4375,0.460598,1.157737,0.659092,7.0,2.0,1.0,0.185615,1.0,0.0,0.0,0.0,1.0,0.264228,0.110111,0.757426,27.0,0.624513,0.717294,0.790163,0.137204,-6.298703,0.910164,0.0
BTCUSD_11501_BEARISH_11493_11498,BTCUSD,1h,SHORT,2025-09-23T05:00:00+00:00,2025-09-22T21:00:00+00:00,2025-09-23T02:00:00+00:00,11493,11498,11501,112554.0,112934.5,111901.71,380.5,0.33806,100,internal|bos|brk11498|form11493,internal,112934.5,112554.0,-1.0,0,0.0,1.382392,1,SL_HIT,2025-09-23T06:00:00+00:00,0.337839,0.898156,0.33806,0.898156,0.806833,0.808147,0.508541,0.898156,0.837964,8.0,3.0,0.0,0.173494,1.0,0.0,0.0,0.0,1.0,0.205177,0.029506,0.376148,29.5,0.266275,1.157807,0.239858,-0.244015,-2.593275,0.840588,0.0
SOLUSD_11504_BEARISH_11496_11498,SOLUSD,1h,SHORT,2025-09-23T08:00:00+00:00,2025-09-23T00:00:00+00:00,2025-09-23T02:00:00+00:00,11496,11498,11504,219.8535,221.325,217.33,1.4715,0.669309,52,internal|bos|brk11498|form11496,internal,221.325,219.363,1.714917,1,1.957526,0.626232,7,TP_HIT,2025-09-23T15:00:00+00:00,0.891964,0.903256,0.669309,0.677442,0.69368,0.459735,0.300714,0.903256,1.146334,8.0,6.0,2.0,0.050871,1.0,0.0,0.0,0.0,1.0,0.229481,0.055245,0.987499,36.0,0.78532,0.884841,1.420582,-0.488591,-8.442942,0.861493,0.0
BTCUSD_11513_BULLISH_11500_11503,BTCUSD,1h,LONG,2025-09-23T17:00:00+00:00,2025-09-23T04:00:00+00:00,2025-09-23T07:00:00+00:00,11500,11503,11513,112438.5,111815.5,113506.5,623.0,0.554081,63,internal|choch|brk11503|form11500,internal,112438.5,111815.5,-1.0,0,0.0,1.287319,1,SL_HIT,2025-09-23T18:00:00+00:00,0.556593,1.465157,0.554081,1.465157,0.185393,0.963884,0.134831,1.465157,0.289269,13.0,10.0,1.0,1.193527,0.0,1.0,0.0,0.0,0.0,0.098796,0.067026,0.379886,36.0,0.25628,2.224781,-0.856086,0.142254,-3.075358,1.627696,1.0
ETHUSD_11558_BEARISH_11553_11557,ETHUSD,1h,SHORT,2025-09-25T14:00:00+00:00,2025-09-25T09:00:00+00:00,2025-09-25T13:00:00+00:00,11553,11557,11558,4021.975,4052.5,3969.65,30.525,0.758955,46,internal|bos|brk11557|form11553,internal,4052.5,4011.8,1.714169,1,3.124488,0.0,2,TP_HIT,2025-09-25T16:00:00+00:00,1.014115,1.219272,0.758955,0.914454,0.961916,0.257985,0.248157,1.219272,0.23966,5.0,1.0,0.0,0.258384,1.0,0.0,0.0,1.0,1.0,0.160066,0.025464,0.831739,69.0,0.559737,1.620702,-0.275814,-3.325384,-4.308485,1.536701,0.0
ETHUSD_11578_BULLISH_11567_11569,ETHUSD,1h,LONG,2025-09-26T10:00:00+00:00,2025-09-25T23:00:00+00:00,2025-09-26T01:00:00+00:00,11567,11569,11578,3890.9375,3848.75,3963.26,42.1875,1.08425,32,internal|choch|brk11569|form11567,internal,3905.0,3848.75,1.714311,1,2.222519,0.454815,3,TP_HIT,2025-09-26T13:00:00+00:00,1.447038,1.610107,1.08425,1.20758,0.684444,0.56,0.343111,1.610107,0.495197,11.0,9.0,1.0,0.105551,0.0,1.0,0.0,0.0,0.0,0.160015,0.028624,0.898722,100.0,0.973142,1.210801,-0.844312,-0.612344,-6.866562,0.969376,1.0
XRPUSD_11580_BEARISH_11570_11578,XRPUSD,1h,SHORT,2025-09-26T12:00:00+00:00,2025-09-26T02:00:00+00:00,2025-09-26T10:00:00+00:00,11570,11578,11580,2.755675,2.7778,2.72,0.022125,0.802889,43,internal|bos|brk11578|form11570,internal,2.7778,2.7483,1.612429,1,2.561582,0.507345,2,TP_HIT,2025-09-26T14:00:00+00:00,1.071714,1.19866,0.802889,0.898995,0.854237,0.952542,0.267797,1.19866,1.568416,10.0,2.0,0.0,0.124945,1.0,0.0,0.0,1.0,1.0,0.185757,0.251922,0.894093,100.0,0.903592,2.893037,-0.054464,-0.116119,-4.160719,1.123404,0.0
SOLUSD_11584_BEARISH_11563_11567,SOLUSD,1h,SHORT,2025-09-26T16:00:00+00:00,2025-09-25T19:00:00+00:00,2025-09-25T23:00:00+00:00,11563,11567,11584,198.210475,200.8519,193.68,2.641425,1.332636,26,internal|bos|brk11567|form11563,internal,200.8519,197.33,-1.0,0,0.0,1.416101,1,SL_HIT,2025-09-26T17:00:00+00:00,1.765461,1.456745,1.332636,1.092559,0.386979,0.672932,0.414549,1.456745,0.810291,21.0,17.0,3.0,0.52883,1.0,0.0,0.0,0.0,1.0,0.262561,0.000248,1.211922,100.0,0.893051,1.638368,3.14893,1.868978,-7.444301,1.424925,0.0
BTCUSD_11587_BULLISH_11579_11585,BTCUSD,1h,LONG,2025-09-26T19:00:00+00:00,2025-09-26T11:00:00+00:00,2025-09-26T17:00:00+00:00,11579,11585,11587,109169.0,108576.5,110184.71,592.5,0.542736,64,internal|choch|brk11585|form11579,internal,109169.0,108576.5,1.714278,1,2.014346,0.231224,45,TP_HIT,2025-09-28T16:00:00+00:00,0.542923,1.246369,0.542736,1.246369,0.936709,0.345992,0.394093,1.246369,0.956076,8.0,2.0,0.0,0.078884,0.0,1.0,0.0,1.0,0.0,0.104108,0.010518,0.435604,100.0,0.323869,1.508264,0.297313,-0.161927,-4.026893,1.352611,1.0
SOLUSD_11616_BULLISH_11609_11613,SOLUSD,1h,LONG,2025-09-28T00:00:00+00:00,2025-09-27T17:00:00+00:00,2025-09-27T21:00:00+00:00,11609,11613,11616,202.37575,200.8,205.08,1.57575,0.778626,44,internal|bos|brk11613|form11609,internal,202.901,200.8,-1.0,0,0.479296,1.069173,3,SL_HIT,2025-09-28T03:00:00+00:00,1.035715,0.915542,0.778626,0.686657,0.978153,0.2099,0.533079,0.915542,0.52684,7.0,3.0,0.0,0.208884,1.0,0.0,0.0,1.0,1.0,0.467434,0.038827,1.131258,71.5,0.325603,0.671514,0.35873,0.867734,4.269413,0.520144,1.0
BTCUSD_11617_BULLISH_11607_11614,BTCUSD,1h,LONG,2025-09-28T01:00:00+00:00,2025-09-27T15:00:00+00:00,2025-09-27T22:00:00+00:00,11607,11614,11617,109396.0,109155.5,109808.29,240.5,0.219844,100,internal|bos|brk11614|form11607,internal,109396.0,109155.5,-1.0,0,0.665281,1.035343,11,SL_HIT,2025-09-28T12:00:00+00:00,0.220004,0.549351,0.219844,0.549351,0.66736,0.428274,0.428274,0.549351,0.29352,10.0,3.0,0.0,0.182736,1.0,0.0,0.0,0.0,1.0,0.138717,0.046826,0.40048,63.0,0.091256,0.745793,-0.02515,-0.072672,0.339618,0.732115,1.0
XRPUSD_11619_BULLISH_11609_11612,XRPUSD,1h,LONG,2025-09-28T03:00:00+00:00,2025-09-27T17:00:00+00:00,2025-09-27T20:00:00+00:00,11609,11612,11619,2.7782,2.7614,2.81,0.0168,0.604708,57,internal|bos|brk11612|form11609,internal,2.7838,2.7614,1.892857,1,2.071429,0.779762,12,TP_HIT,2025-09-28T15:00:00+00:00,0.805234,0.950618,0.604708,0.712963,0.910714,0.348214,0.28125,0.950618,0.326775,10.0,7.0,1.0,0.152778,1.0,0.0,0.0,0.0,1.0,0.283843,0.016975,0.847064,71.0,0.309752,0.623843,-1.260072,-0.050302,0.451378,0.616297,1.0
SOLUSD_11631_BEARISH_11614_11625,SOLUSD,1h,SHORT,2025-09-28T15:00:00+00:00,2025-09-27T22:00:00+00:00,2025-09-28T09:00:00+00:00,11614,11625,11631,203.73025,204.871,201.77,1.14075,0.559932,62,internal|choch|brk11625|form11614,internal,204.871,203.35,-1.0,0,0.473592,1.807364,2,SL_HIT,2025-09-28T17:00:00+00:00,0.747935,0.679286,0.559932,0.509464,0.993425,0.098619,0.105194,0.679286,0.486352,17.0,6.0,0.0,0.165355,0.0,1.0,0.0,0.0,0.0,0.495042,0.026796,1.101061,56.0,0.506429,0.773072,1.289529,0.248897,3.207471,1.574033,0.0
XRPUSD_11656_BULLISH_11653_11654,XRPUSD,1h,LONG,2025-09-29T16:00:00+00:00,2025-09-29T13:00:00+00:00,2025-09-29T14:00:00+00:00,11653,11654,11656,2.8751,2.8445,2.93,0.0306,1.064311,32,internal|bos|brk11654|form11653,internal,2.8853,2.8445,-1.0,0,1.271242,1.277778,17,SL_HIT,2025-09-30T09:00:00+00:00,1.417306,1.784115,1.064311,1.338086,0.838235,0.227941,0.759804,1.784115,1.22002,3.0,2.0,1.0,0.157422,1.0,0.0,0.0,1.0,1.0,0.785962,0.013118,0.794403,54.0,0.479376,1.036361,0.868986,0.791289,3.509403,2.277951,1.0
ETHUSD_11658_BEARISH_11534_11547,ETHUSD,1h,SHORT,2025-09-29T18:00:00+00:00,2025-09-24T14:00:00+00:00,2025-09-25T03:00:00+00:00,11534,11547,11658,4162.9125,4205.85,4089.31,42.9375,1.031429,33,internal|bos|brk11547|form11534,internal,4205.85,4148.6,-1.0,0,0.102766,1.645124,2,SL_HIT,2025-09-29T20:00:00+00:00,1.375954,1.770904,1.031429,1.328178,0.787773,0.955459,0.752838,1.770904,1.21566,124.0,111.0,5.0,0.066892,1.0,0.0,0.0,1.0,0.0,0.888262,0.034026,0.776978,52.5,0.502288,0.655776,-0.170352,0.975598,3.840922,1.617928,0.0
SOLUSD_11672_BULLISH_11652_11654,SOLUSD,1h,LONG,2025-09-30T08:00:00+00:00,2025-09-29T12:00:00+00:00,2025-09-29T14:00:00+00:00,11652,11654,11672,207.23675,205.121,210.86,2.11575,1.020934,34,internal|bos|brk11654|form11652,internal,207.942,205.121,-1.0,0,1.089566,1.307692,7,SL_HIT,2025-09-30T15:00:00+00:00,1.358202,1.291093,1.020934,0.96832,0.914569,0.138249,0.581354,1.291093,1.60231,20.0,18.0,1.0,0.212474,1.0,0.0,0.0,0.0,1.0,0.707424,0.087415,1.051979,23.0,0.737174,0.596667,-1.368582,-1.129131,3.000744,0.677957,1.0
ETHUSD_11673_BULLISH_11657_11660,ETHUSD,1h,LONG,2025-09-30T09:00:00+00:00,2025-09-29T17:00:00+00:00,2025-09-29T20:00:00+00:00,11657,11660,11673,4149.8875,4126.3,4190.32,23.5875,0.568389,61,internal|bos|brk11660|form11657,internal,4157.75,4126.3,-1.0,0,1.058294,1.390037,5,SL_HIT,2025-09-30T14:00:00+00:00,0.759643,0.981117,0.568389,0.735838,0.438792,0.793323,0.418124,0.981117,1.246284,16.0,13.0,0.0,0.305332,1.0,0.0,0.0,0.0,1.0,0.720693,0.062392,0.774264,39.5,0.386072,1.347671,-1.129579,-0.496305,3.146644,1.06617,1.0
ETHUSD_11680_BULLISH_11647_11653,ETHUSD,1h,LONG,2025-09-30T16:00:00+00:00,2025-09-29T07:00:00+00:00,2025-09-29T13:00:00+00:00,11647,11653,11680,4105.875,4087.05,4138.15,18.825,0.458489,76,internal|bos|brk11653|form11647,internal,4112.15,4087.05,1.714475,1,3.430279,0.721116,3,TP_HIT,2025-09-30T19:00:00+00:00,0.612382,0.780818,0.458489,0.585613,0.466135,0.814741,0.456175,0.780818,2.211799,33.0,27.0,1.0,0.221647,1.0,0.0,0.0,0.0,1.0,0.571365,0.197538,0.784282,42.0,0.25618,1.081013,-1.556364,-2.440911,1.862667,1.606024,1.0
ETHUSD_11684_BEARISH_11664_11679,ETHUSD,1h,SHORT,2025-09-30T20:00:00+00:00,2025-09-30T00:00:00+00:00,2025-09-30T15:00:00+00:00,11664,11679,11684,4205.7375,4244.1,4139.97,38.3625,0.912147,38,internal|choch|brk11679|form11664,internal,4244.1,4192.95,1.71437,1,1.999022,0.0,2,TP_HIT,2025-09-30T22:00:00+00:00,1.219309,1.584584,0.912147,1.188438,0.959922,0.076246,0.178886,1.584584,0.895298,20.0,5.0,0.0,0.332639,0.0,1.0,0.0,0.0,0.0,0.824518,0.030979,0.769482,46.5,0.427539,1.527273,1.847581,0.282081,3.799379,1.240518,0.0
SOLUSD_11706_BEARISH_11512_11523,SOLUSD,1h,SHORT,2025-10-01T18:00:00+00:00,2025-09-23T16:00:00+00:00,2025-09-24T03:00:00+00:00,11512,11523,11706,218.73575,221.684,213.68,2.94825,1.347859,25,internal|bos|brk11523|form11512,internal,221.684,217.753,-1.0,0,0.119986,1.339523,5,SL_HIT,2025-10-01T23:00:00+00:00,1.794543,1.774458,1.347859,1.330843,0.669295,0.802086,0.285169,1.774458,2.631669,194.0,183.0,8.0,0.143207,1.0,0.0,0.0,1.0,0.0,0.919252,0.046494,1.011319,38.0,0.9208,1.007527,-0.073444,6.0163,4.99039,1.201559,0.0
ETHUSD_11709_BULLISH_11698_11707,ETHUSD,1h,LONG,2025-10-01T21:00:00+00:00,2025-10-01T10:00:00+00:00,2025-10-01T19:00:00+00:00,11698,11707,11709,4303.35,4278.0,4346.81,25.35,0.589076,59,internal|bos|brk11707|form11698,internal,4311.8,4278.0,1.714398,1,2.035503,0.0,2,TP_HIT,2025-10-01T23:00:00+00:00,0.785416,1.027049,0.589076,0.770286,0.752959,0.766272,0.826923,1.027049,0.790037,11.0,2.0,0.0,0.003039,1.0,0.0,0.0,0.0,1.0,0.894265,0.165604,0.764731,64.0,0.886599,1.469166,-0.462594,4.313417,2.787365,0.865921,1.0
ETHUSD_11712_BULLISH_11709_11711,ETHUSD,1h,LONG,2025-10-02T00:00:00+00:00,2025-10-01T21:00:00+00:00,2025-10-01T23:00:00+00:00,11709,11711,11712,4322.1625,4285.9,4384.33,36.2625,0.83899,41,internal|bos|brk11711|form11709,internal,4334.25,4285.9,1.714374,1,2.099621,0.0,1,TP_HIT,2025-10-02T01:00:00+00:00,1.115598,1.464973,0.83899,1.09873,0.994829,0.051706,0.629783,1.464973,1.092291,3.0,1.0,0.0,0.358668,1.0,0.0,0.0,1.0,1.0,0.891595,0.030299,0.761514,66.5,0.876292,1.430129,0.021925,0.572012,2.58231,0.516383,1.0
SOLUSD_11726_BULLISH_11719_11724,SOLUSD,1h,LONG,2025-10-02T14:00:00+00:00,2025-10-02T07:00:00+00:00,2025-10-02T12:00:00+00:00,11719,11724,11726,224.440275,222.3561,228.01,2.084175,0.92861,37,internal|bos|brk11724|form11719,internal,225.135,222.3561,1.712776,1,2.305816,0.890172,2,TP_HIT,2025-10-02T16:00:00+00:00,1.243111,1.252839,0.92861,0.939629,0.427471,0.752456,0.69416,1.252839,0.905737,7.0,2.0,1.0,0.404077,1.0,0.0,0.0,0.0,1.0,0.870924,0.019837,0.992235,41.5,0.651271,1.614908,-0.675805,0.711373,8.468589,1.328922,1.0
SOLUSD_11753_BULLISH_11750_11751,SOLUSD,1h,LONG,2025-10-03T17:00:00+00:00,2025-10-03T14:00:00+00:00,2025-10-03T15:00:00+00:00,11750,11751,11753,230.00655,227.106,234.98,2.90055,1.261073,27,internal|bos|brk11751|form11750,internal,230.9734,227.106,1.714658,1,1.886349,0.33978,2,TP_HIT,2025-10-03T19:00:00+00:00,1.681654,1.697068,1.261073,1.272801,0.742101,0.712985,0.21358,1.697068,1.876368,3.0,2.0,0.0,0.013406,1.0,0.0,0.0,0.0,1.0,0.787364,0.043881,0.990917,68.0,0.745665,2.520546,-0.010435,-1.393498,4.456678,1.824965,1.0
XRPUSD_11753_BULLISH_11750_11751,XRPUSD,1h,LONG,2025-10-03T17:00:00+00:00,2025-10-03T14:00:00+00:00,2025-10-03T15:00:00+00:00,11750,11751,11753,3.0369,3.0066,3.09,0.0303,0.997728,35,internal|bos|brk11751|form11750,internal,3.047,3.0066,-1.0,0,0.613861,1.455446,15,SL_HIT,2025-10-04T08:00:00+00:00,1.334258,1.714623,0.997728,1.285967,0.527228,0.873762,0.44802,1.714623,1.094982,3.0,2.0,0.0,0.38197,1.0,0.0,0.0,1.0,1.0,0.751827,0.008488,0.778164,70.5,0.471215,2.105081,0.208499,0.211815,2.986293,1.737488,1.0
ETHUSD_11810_BEARISH_11795_11801,ETHUSD,1h,SHORT,2025-10-06T02:00:00+00:00,2025-10-05T11:00:00+00:00,2025-10-05T17:00:00+00:00,11795,11801,11810,4534.65,4555.95,4498.14,21.3,0.469717,74,internal|choch|brk11801|form11795,internal,4555.95,4534.65,-1.0,0,1.2277,1.976526,4,SL_HIT,2025-10-06T06:00:00+00:00,0.469406,0.644625,0.469717,0.644625,0.859155,0.847418,0.410798,0.644625,0.503897,15.0,9.0,2.0,0.090792,0.0,1.0,0.0,0.0,0.0,0.737276,0.022698,0.728184,58.0,0.417854,1.392148,0.735931,-0.272524,0.816503,0.554792,0.0
ETHUSD_11815_BULLISH_11808_11814,ETHUSD,1h,LONG,2025-10-06T07:00:00+00:00,2025-10-06T00:00:00+00:00,2025-10-06T06:00:00+00:00,11808,11814,11815,4536.275,4487.0,4620.75,49.275,1.086244,32,internal|choch|brk11814|form11808,internal,4552.7,4487.0,1.714358,1,2.06342,0.083714,6,TP_HIT,2025-10-06T13:00:00+00:00,1.449691,1.990621,1.086244,1.492966,0.684932,0.387367,0.223744,1.990621,0.975616,7.0,1.0,0.0,0.129527,0.0,1.0,0.0,0.0,1.0,0.693136,0.033329,0.728261,58.5,0.352886,1.520992,-0.124514,0.091655,0.652956,0.823061,1.0
SOLUSD_11828_BULLISH_11815_11823,SOLUSD,1h,LONG,2025-10-06T20:00:00+00:00,2025-10-06T07:00:00+00:00,2025-10-06T15:00:00+00:00,11815,11823,11828,233.2855,230.551,237.97,2.7345,1.172169,29,internal|bos|brk11823|form11815,internal,234.197,230.551,-1.0,0,0.678186,1.444688,10,SL_HIT,2025-10-07T06:00:00+00:00,1.561276,1.633751,1.172169,1.225314,0.816237,0.300878,0.710093,1.633751,1.062431,13.0,5.0,1.0,0.108215,1.0,0.0,0.0,0.0,1.0,0.689622,0.02106,0.955638,72.5,0.631095,1.334425,-0.883247,0.549839,3.327788,1.215404,1.0
BTCUSD_11845_BULLISH_11815_11820,BTCUSD,1h,LONG,2025-10-07T13:00:00+00:00,2025-10-06T07:00:00+00:00,2025-10-06T12:00:00+00:00,11815,11820,11845,123805.875,123229.5,124793.95,576.375,0.465547,75,internal|bos|brk11820|form11815,internal,123998.0,123229.5,-1.0,0,0.260464,2.21362,1,SL_HIT,2025-10-07T14:00:00+00:00,0.620574,1.456134,0.465547,1.0921,0.790501,0.942746,0.737801,1.456134,0.63096,30.0,25.0,5.0,0.058975,1.0,0.0,0.0,1.0,1.0,0.628412,0.12316,0.426179,100.0,0.318172,3.241958,0.009691,-0.938721,0.333806,1.240723,1.0
ETHUSD_11850_BULLISH_11776_11786,ETHUSD,1h,LONG,2025-10-07T18:00:00+00:00,2025-10-04T16:00:00+00:00,2025-10-05T02:00:00+00:00,11776,11786,11850,4460.0125,4439.05,4495.95,20.9625,0.47001,74,internal|choch|brk11786|form11776,internal,4467.0,4439.05,1.714371,1,2.654144,0.100775,2,TP_HIT,2025-10-07T20:00:00+00:00,0.626211,0.810735,0.47001,0.608051,0.86941,0.753131,0.434705,0.810735,1.786807,74.0,64.0,1.0,0.09681,0.0,1.0,0.0,0.0,0.0,0.076911,0.014503,0.7724,100.0,0.737326,1.068893,-5.092657,-4.824505,-1.424517,2.025592,1.0
XRPUSD_11860_BEARISH_11852_11859,XRPUSD,1h,SHORT,2025-10-08T04:00:00+00:00,2025-10-07T20:00:00+00:00,2025-10-08T03:00:00+00:00,11852,11859,11860,2.8601,2.8802,2.83,0.0201,0.702773,49,internal|bos|brk11859|form11852,internal,2.8802,2.8534,-1.0,0,0.950249,1.064677,8,SL_HIT,2025-10-08T12:00:00+00:00,0.936343,1.175308,0.702773,0.881481,0.671642,0.376866,0.537313,1.175308,0.991118,8.0,1.0,0.0,0.092095,1.0,0.0,0.0,0.0,1.0,0.136495,0.105251,0.796678,48.5,0.563503,1.508604,0.385802,-3.064991,-3.95302,0.618331,0.0
XRPUSD_11881_BULLISH_11860_11872,XRPUSD,1h,LONG,2025-10-09T01:00:00+00:00,2025-10-08T04:00:00+00:00,2025-10-08T16:00:00+00:00,11860,11872,11881,2.8549,2.8291,2.9,0.0258,0.903709,38,internal|choch|brk11872|form11860,internal,2.8635,2.8291,-1.0,0,0.151163,1.217054,1,SL_HIT,2025-10-09T02:00:00+00:00,1.20406,1.538944,0.903709,1.154208,0.811047,0.406977,0.47093,1.538944,0.796314,21.0,9.0,0.0,0.093947,0.0,1.0,0.0,0.0,0.0,0.115052,0.080526,0.782394,0.5,0.414236,0.782893,-1.210235,-0.667547,-4.384203,0.512065,1.0
XRPUSD_11882_BULLISH_11691_11696,XRPUSD,1h,LONG,2025-10-09T02:00:00+00:00,2025-10-01T03:00:00+00:00,2025-10-01T08:00:00+00:00,11691,11696,11882,2.834175,2.8128,2.87,0.021375,0.754188,46,internal|choch|brk11696|form11691,internal,2.8413,2.8128,-1.0,0,0.632749,1.014035,5,SL_HIT,2025-10-09T07:00:00+00:00,1.007423,1.271316,0.754188,0.953487,0.568421,0.624561,0.803509,1.271316,2.819198,191.0,186.0,3.0,0.230844,0.0,1.0,0.0,0.0,0.0,0.022168,0.004461,0.792426,2.0,0.462994,1.574647,-2.313536,-1.596577,-5.501553,0.833015,1.0
XRPUSD_11909_BEARISH_11892_11896,XRPUSD,1h,SHORT,2025-10-10T05:00:00+00:00,2025-10-09T12:00:00+00:00,2025-10-09T16:00:00+00:00,11892,11896,11909,2.826125,2.8394,2.8,0.013275,0.469724,74,internal|bos|brk11896|form11892,internal,2.8394,2.8217,1.967985,1,2.148776,0.269303,2,TP_HIT,2025-10-10T07:00:00+00:00,0.626416,0.792221,0.469724,0.594166,0.779661,0.468927,0.214689,0.792221,1.060771,17.0,13.0,2.0,0.023498,1.0,0.0,0.0,0.0,1.0,0.196856,0.089517,0.790708,8.5,0.459589,1.199521,0.551582,0.501512,-0.69237,0.646479,0.0
SOLUSD_11918_BULLISH_11912_11917,SOLUSD,1h,LONG,2025-10-10T14:00:00+00:00,2025-10-10T08:00:00+00:00,2025-10-10T13:00:00+00:00,11912,11917,11918,219.318125,217.283,222.81,2.035125,0.927933,37,internal|choch|brk11917|form11912,internal,219.9965,217.283,-1.0,0,0.356673,5.138812,1,SL_HIT,2025-10-10T15:00:00+00:00,1.235009,1.178579,0.927933,0.883934,0.896259,0.137277,0.711259,1.178579,0.703629,6.0,1.0,0.0,0.172378,0.0,1.0,0.0,1.0,0.0,0.149847,0.010424,1.04788,93.5,0.615961,2.059201,0.384239,-0.516176,-1.146834,1.247367,1.0
SOLUSD_11922_BULLISH_11692_11696,SOLUSD,1h,LONG,2025-10-10T18:00:00+00:00,2025-10-01T04:00:00+00:00,2025-10-01T08:00:00+00:00,11692,11696,11922,208.68075,206.31,212.74,2.37075,1.136065,30,internal|bos|brk11696|form11692,internal,209.471,206.31,-1.0,0,0.0,2.26964,1,SL_HIT,2025-10-10T19:00:00+00:00,1.524101,1.343393,1.136065,1.007545,0.345144,0.664979,0.566593,1.343393,2.754359,230.0,226.0,2.0,0.543881,1.0,0.0,0.0,0.0,0.0,0.001053,0.046324,1.134516,100.0,1.089315,1.114748,-7.146631,-6.405379,-7.20936,2.118376,1.0
BTCUSD_11938_BEARISH_11932_11935,BTCUSD,1h,SHORT,2025-10-11T10:00:00+00:00,2025-10-11T04:00:00+00:00,2025-10-11T07:00:00+00:00,11932,11935,11938,111974.5,112943.5,110313.36,969.0,0.865376,40,internal|bos|brk11935|form11932,internal,112943.5,111651.5,1.714283,1,2.44066,0.519608,10,TP_HIT,2025-10-11T20:00:00+00:00,1.152799,1.747959,0.865376,1.310969,0.672214,0.442724,0.498065,1.747959,2.246506,6.0,3.0,1.0,0.135967,1.0,0.0,0.0,1.0,1.0,0.443536,0.048705,0.659512,99.0,0.876918,0.867891,-0.244771,-3.894389,-7.540321,0.97477,0.0
XRPUSD_11940_BULLISH_11933_11936,XRPUSD,1h,LONG,2025-10-11T12:00:00+00:00,2025-10-11T05:00:00+00:00,2025-10-11T08:00:00+00:00,11933,11936,11940,2.431925,2.3873,2.51,0.044625,1.834966,19,internal|choch|brk11936|form11933,internal,2.4468,2.3873,-1.0,0,1.346218,2.14958,8,SL_HIT,2025-10-11T20:00:00+00:00,2.433637,1.717517,1.834966,1.288138,0.968067,0.282353,0.682353,1.717517,2.104319,7.0,4.0,1.0,0.374534,0.0,1.0,0.0,1.0,0.0,0.698006,0.002887,1.416951,100.0,2.585307,1.573188,1.456552,5.13438,-12.983593,1.222115,1.0
ETHUSD_11958_BEARISH_11943_11947,ETHUSD,1h,SHORT,2025-10-12T06:00:00+00:00,2025-10-11T15:00:00+00:00,2025-10-11T19:00:00+00:00,11943,11947,11958,3823.0125,3854.25,3769.46,31.2375,0.817091,42,internal|bos|brk11947|form11943,internal,3854.25,3812.6,-1.0,0,0.613445,1.361745,4,SL_HIT,2025-10-12T10:00:00+00:00,1.08707,0.954217,0.817091,0.715663,0.548619,0.62545,0.242497,0.954217,1.281835,15.0,11.0,3.0,0.192161,1.0,0.0,0.0,0.0,1.0,0.369493,0.013746,1.139227,98.5,0.74695,0.82821,3.04587,0.211859,-11.790031,0.766727,0.0
SOLUSD_11958_BEARISH_11943_11947,SOLUSD,1h,SHORT,2025-10-12T06:00:00+00:00,2025-10-11T15:00:00+00:00,2025-10-11T19:00:00+00:00,11943,11947,11958,182.9675,184.889,179.67,1.9215,1.050187,33,internal|bos|brk11947|form11943,internal,184.889,182.327,1.716107,1,2.556596,0.031486,7,TP_HIT,2025-10-12T13:00:00+00:00,1.405168,0.880776,1.050187,0.660582,1.0,0.035519,0.503123,0.880776,1.690044,15.0,11.0,0.0,0.220194,1.0,0.0,0.0,0.0,1.0,0.45985,0.006876,1.595375,98.5,1.073552,0.664192,4.933987,-0.702009,-17.560645,0.977477,0.0
BTCUSD_11989_BEARISH_11983_11987,BTCUSD,1h,SHORT,2025-10-13T13:00:00+00:00,2025-10-13T07:00:00+00:00,2025-10-13T11:00:00+00:00,11983,11987,11989,114981.5,115512.0,114072.07,530.5,0.461379,75,internal|choch|brk11987|form11983,internal,115512.0,114981.5,1.714288,1,2.35344,0.850141,1,TP_HIT,2025-10-13T14:00:00+00:00,0.46009,0.696087,0.461379,0.696087,0.393025,0.97738,0.325165,0.696087,0.822051,6.0,2.0,0.0,0.422507,0.0,1.0,0.0,0.0,0.0,0.617628,0.009841,0.660967,95.5,0.346809,1.7412,0.0855,0.114177,2.732623,1.219582,0.0
ETHUSD_11989_BEARISH_11983_11987,ETHUSD,1h,SHORT,2025-10-13T13:00:00+00:00,2025-10-13T07:00:00+00:00,2025-10-13T11:00:00+00:00,11983,11987,11989,4167.8625,4197.45,4117.14,29.5875,0.709896,49,internal|choch|brk11987|form11983,internal,4197.45,4158.0,1.714322,1,2.969582,0.264892,1,TP_HIT,2025-10-13T14:00:00+00:00,0.947531,0.855462,0.709896,0.641596,0.86185,0.570342,0.198986,0.855462,1.509256,6.0,2.0,0.0,0.095684,0.0,1.0,0.0,1.0,0.0,0.752794,0.034696,1.107626,100.0,0.74013,1.936444,-0.259924,0.718476,8.437297,1.255683,0.0
BTCUSD_12001_BULLISH_11991_11995,BTCUSD,1h,LONG,2025-10-14T01:00:00+00:00,2025-10-13T15:00:00+00:00,2025-10-13T19:00:00+00:00,11991,11995,12001,114503.5,113929.0,115488.36,574.5,0.501731,69,internal|choch|brk11995|form11991,internal,114695.0,113929.0,-1.0,0,0.0,1.613577,1,SL_HIT,2025-10-14T02:00:00+00:00,0.670595,1.007235,0.501731,0.755426,0.389034,0.79765,0.373368,1.007235,0.82709,10.0,6.0,0.0,0.363578,0.0,1.0,0.0,0.0,1.0,0.603106,0.006575,0.665778,89.0,0.435111,1.13807,-1.246661,-0.470085,3.288724,0.375493,1.0
XRPUSD_12001_BULLISH_11987_11996,XRPUSD,1h,LONG,2025-10-14T01:00:00+00:00,2025-10-13T11:00:00+00:00,2025-10-13T20:00:00+00:00,11987,11996,12001,2.5856,2.5352,2.67,0.0504,1.949257,17,internal|bos|brk11996|form11987,internal,2.6024,2.5352,-1.0,0,0.025794,1.367063,3,SL_HIT,2025-10-14T04:00:00+00:00,2.598306,1.877508,1.949257,1.408131,0.760417,0.3125,0.455357,1.877508,0.57834,14.0,5.0,2.0,0.019557,1.0,0.0,0.0,0.0,1.0,0.848758,0.005588,1.383912,92.0,0.949813,0.782295,-2.167499,-0.50779,8.636115,0.33693,1.0
ETHUSD_12004_BULLISH_11988_11993,ETHUSD,1h,LONG,2025-10-14T04:00:00+00:00,2025-10-13T12:00:00+00:00,2025-10-13T17:00:00+00:00,11988,11993,12004,4113.575,4055.0,4213.99,58.575,1.423944,24,internal|choch|brk11993|form11988,internal,4133.1,4055.0,-1.0,0,0.201878,1.013658,1,SL_HIT,2025-10-14T05:00:00+00:00,1.905436,1.683229,1.423944,1.262422,0.560819,0.610755,0.224712,1.683229,1.510811,16.0,11.0,0.0,0.318434,0.0,1.0,0.0,0.0,1.0,0.702057,0.137934,1.132012,96.0,0.952003,1.592709,-3.340447,-1.552799,9.797619,0.848146,1.0
XRPUSD_12004_BULLISH_11975_11982,XRPUSD,1h,LONG,2025-10-14T04:00:00+00:00,2025-10-12T23:00:00+00:00,2025-10-13T06:00:00+00:00,11975,11982,12004,2.527625,2.5076,2.56,0.020025,0.792246,44,internal|bos|brk11982|form11975,internal,2.5343,2.5076,-1.0,0,0.617978,1.589263,1,SL_HIT,2025-10-14T05:00:00+00:00,1.057216,0.746998,0.792246,0.560249,0.670412,0.659176,0.11236,0.746998,1.56394,29.0,22.0,0.0,0.059452,1.0,0.0,0.0,0.0,1.0,0.811932,0.030775,1.415286,91.0,0.843546,1.331727,-3.062987,-2.969879,8.604971,0.769148,1.0
SOLUSD_12006_BULLISH_11987_11992,SOLUSD,1h,LONG,2025-10-14T06:00:00+00:00,2025-10-13T11:00:00+00:00,2025-10-13T16:00:00+00:00,11987,11992,12006,194.105,190.04,201.07,4.065,2.094227,16,internal|bos|brk11992|form11987,internal,195.46,190.04,1.713407,1,2.087823,0.750308,9,TP_HIT,2025-10-14T15:00:00+00:00,2.774834,1.790348,2.094227,1.342761,0.975461,0.620664,0.518635,1.790348,1.219551,19.0,14.0,0.0,0.403654,1.0,0.0,0.0,0.0,1.0,0.647204,0.013874,1.549885,100.0,1.291819,2.875127,-6.270334,-0.550385,8.662298,1.247713,1.0
BTCUSD_12007_BULLISH_11961_11966,BTCUSD,1h,LONG,2025-10-14T07:00:00+00:00,2025-10-12T09:00:00+00:00,2025-10-12T14:00:00+00:00,11961,11966,12007,111671.0,111087.5,112671.29,583.5,0.522517,66,internal|choch|brk11966|form11961,internal,111865.5,111087.5,-1.0,0,0.755784,1.126821,2,SL_HIT,2025-10-14T09:00:00+00:00,0.696583,1.017929,0.522517,0.763447,0.771851,0.697301,0.678663,1.017929,1.331943,46.0,41.0,1.0,0.022243,0.0,1.0,0.0,0.0,1.0,0.481018,0.020934,0.684314,95.0,0.439057,0.961668,-1.663189,-2.54824,0.031347,1.231134,1.0
ETHUSD_12034_BULLISH_12027_12032,ETHUSD,1h,LONG,2025-10-15T10:00:00+00:00,2025-10-15T03:00:00+00:00,2025-10-15T08:00:00+00:00,12027,12032,12034,4106.5,4060.0,4186.21,46.5,1.132351,30,internal|choch|brk12032|form12027,internal,4122.0,4060.0,-1.0,0,0.5,1.932258,3,SL_HIT,2025-10-15T13:00:00+00:00,1.505731,1.27683,1.132351,0.957623,0.929032,0.181452,0.587097,1.27683,1.239761,7.0,2.0,0.0,0.228594,0.0,1.0,0.0,1.0,0.0,0.732365,0.058693,1.179273,96.5,0.818654,0.950415,0.211736,0.403555,-1.358312,0.827317,1.0
SOLUSD_12035_BULLISH_12028_12032,SOLUSD,1h,LONG,2025-10-15T11:00:00+00:00,2025-10-15T04:00:00+00:00,2025-10-15T08:00:00+00:00,12028,12032,12035,202.7965,200.47,206.78,2.3265,1.147209,30,internal|bos|brk12032|form12028,internal,203.572,200.47,-1.0,0,0.664732,2.023856,2,SL_HIT,2025-10-15T13:00:00+00:00,1.531156,1.001641,1.147209,0.751231,0.684075,0.5,0.567698,1.001641,0.484998,7.0,3.0,1.0,0.066033,1.0,0.0,0.0,0.0,1.0,0.776992,0.021957,1.528648,91.0,0.643476,0.90477,-1.006587,0.982449,2.890808,0.851624,1.0
BTCUSD_12055_BULLISH_12048_12054,BTCUSD,1h,LONG,2025-10-16T07:00:00+00:00,2025-10-16T00:00:00+00:00,2025-10-16T06:00:00+00:00,12048,12054,12055,110811.0,110311.0,111668.14,500.0,0.451219,77,internal|choch|brk12054|form12048,internal,110811.0,110311.0,-1.0,0,1.646,2.72,2,SL_HIT,2025-10-16T09:00:00+00:00,0.45237,0.634875,0.451219,0.634875,0.436,0.624,0.624,0.634875,0.91549,7.0,1.0,0.0,0.35807,0.0,1.0,0.0,0.0,0.0,0.117204,0.017777,0.712534,96.5,0.371243,1.554175,-0.84951,-0.158981,-1.708315,0.8593,1.0
SOLUSD_12062_BULLISH_12053_12059,SOLUSD,1h,LONG,2025-10-16T14:00:00+00:00,2025-10-16T05:00:00+00:00,2025-10-16T11:00:00+00:00,12053,12059,12062,193.65475,191.365,197.58,2.28975,1.182388,29,internal|choch|brk12059|form12053,internal,194.418,191.365,-1.0,0,0.259963,3.09608,1,SL_HIT,2025-10-16T15:00:00+00:00,1.573744,0.981715,1.182388,0.736286,0.861775,0.985359,0.006551,0.981715,0.353392,9.0,3.0,0.0,0.109732,0.0,1.0,0.0,1.0,1.0,0.480006,0.023474,1.603055,91.0,0.756646,1.652902,0.061379,0.113533,0.356428,1.373131,1.0
XRPUSD_12062_BULLISH_12056_12058,XRPUSD,1h,LONG,2025-10-16T14:00:00+00:00,2025-10-16T08:00:00+00:00,2025-10-16T10:00:00+00:00,12056,12058,12062,2.405775,2.3847,2.44,0.021075,0.876017,39,internal|choch|brk12058|form12056,internal,2.4128,2.3847,-1.0,0,0.537367,3.158956,1,SL_HIT,2025-10-16T15:00:00+00:00,1.168642,0.803992,0.876017,0.602994,0.704626,0.914591,0.572954,0.803992,0.761075,6.0,4.0,0.0,0.03648,0.0,1.0,0.0,0.0,0.0,0.183916,0.005722,1.453549,51.5,0.694536,1.496399,-0.743034,-0.219935,-0.582982,1.51129,1.0
XRPUSD_12066_BULLISH_11954_11968,XRPUSD,1h,LONG,2025-10-16T18:00:00+00:00,2025-10-12T02:00:00+00:00,2025-10-12T16:00:00+00:00,11954,11968,12066,2.34035,2.3105,2.39,0.02985,1.27545,27,internal|choch|brk11968|form11954,internal,2.3503,2.3105,-1.0,0,0.551089,1.123953,1,SL_HIT,2025-10-16T19:00:00+00:00,1.693401,1.128618,1.27545,0.846463,1.0,0.482412,0.015075,1.128618,0.839374,112.0,98.0,3.0,0.282154,0.0,1.0,0.0,0.0,0.0,0.061166,0.0,1.50042,59.0,0.927522,1.00101,-3.581392,-2.759619,-6.05564,1.941346,1.0
SOLUSD_12093_BEARISH_12073_12078,SOLUSD,1h,SHORT,2025-10-17T21:00:00+00:00,2025-10-17T01:00:00+00:00,2025-10-17T06:00:00+00:00,12073,12078,12093,185.44275,187.515,181.89,2.07225,1.117461,31,internal|bos|brk12078|form12073,internal,187.515,184.752,1.714441,1,1.757872,0.21245,2,TP_HIT,2025-10-17T23:00:00+00:00,1.490275,0.871203,1.117461,0.653402,0.764748,0.485342,0.232356,0.871203,1.674614,20.0,15.0,2.0,0.012849,1.0,0.0,0.0,0.0,1.0,0.304159,0.000946,1.710595,96.0,1.218625,0.83305,1.678723,2.772158,-4.80391,0.702876,0.0
XRPUSD_12099_BEARISH_12073_12079,XRPUSD,1h,SHORT,2025-10-18T03:00:00+00:00,2025-10-17T01:00:00+00:00,2025-10-17T07:00:00+00:00,12073,12079,12099,2.35185,2.4003,2.27,0.04845,2.06008,16,internal|bos|brk12079|form12073,internal,2.4003,2.3357,-1.0,0,0.775026,1.070175,34,SL_HIT,2025-10-19T13:00:00+00:00,2.7634,1.823204,2.06008,1.367403,0.96904,0.105263,0.260062,1.823204,1.526863,26.0,20.0,2.0,0.399355,1.0,0.0,0.0,0.0,1.0,0.344924,0.005645,1.515683,50.5,0.920747,0.595505,0.902106,2.611711,-3.504499,0.376584,0.0
ETHUSD_12123_BEARISH_12073_12078,ETHUSD,1h,SHORT,2025-10-19T03:00:00+00:00,2025-10-17T01:00:00+00:00,2025-10-17T06:00:00+00:00,12073,12078,12123,3915.7875,3948.9,3859.02,33.1125,0.845615,41,internal|bos|brk12078|form12073,internal,3948.9,3904.75,-1.0,0,2.667799,1.298981,5,SL_HIT,2025-10-19T08:00:00+00:00,1.130443,0.946909,0.845615,0.710182,0.98188,0.499434,0.16761,0.946909,1.618217,50.0,45.0,2.0,0.219569,1.0,0.0,0.0,0.0,1.0,0.428479,0.031099,1.193824,41.5,0.331667,0.827875,0.518608,0.601463,-0.344471,0.496172,0.0
XRPUSD_12131_BULLISH_12129_12130,XRPUSD,1h,LONG,2025-10-19T11:00:00+00:00,2025-10-19T09:00:00+00:00,2025-10-19T10:00:00+00:00,12129,12130,12131,2.36625,2.3166,2.45,0.04965,2.098257,16,internal|choch|brk12130|form12129,internal,2.3828,2.3166,1.686808,1,1.803625,0.252769,18,TP_HIT,2025-10-20T05:00:00+00:00,2.788425,1.97505,2.098257,1.481287,0.86858,0.187311,0.468278,1.97505,0.671278,2.0,1.0,0.0,0.234202,0.0,1.0,0.0,1.0,1.0,0.517608,0.002983,1.411825,2.5,0.561898,0.805534,1.090057,0.678512,6.705919,1.634562,1.0
SOLUSD_12143_BULLISH_12129_12130,SOLUSD,1h,LONG,2025-10-19T23:00:00+00:00,2025-10-19T09:00:00+00:00,2025-10-19T10:00:00+00:00,12129,12130,12143,187.34925,183.162,194.53,4.18725,2.234997,15,internal|choch|brk12130|form12129,internal,188.745,183.162,-1.0,0,1.707744,1.002627,29,SL_HIT,2025-10-21T04:00:00+00:00,2.971847,1.944689,2.234997,1.458517,0.84202,0.327243,0.552391,1.944689,0.63778,14.0,13.0,6.0,0.178951,0.0,1.0,0.0,0.0,1.0,0.566899,0.007315,1.528186,0.5,0.631404,0.984745,-1.080483,1.998013,1.327386,0.618775,1.0
ETHUSD_12153_BEARISH_12060_12063,ETHUSD,1h,SHORT,2025-10-20T09:00:00+00:00,2025-10-16T12:00:00+00:00,2025-10-16T15:00:00+00:00,12060,12063,12153,4050.0625,4084.15,3991.63,34.0875,0.841654,41,internal|bos|brk12063|form12060,internal,4084.15,4038.7,1.714191,1,3.668867,0.075908,7,TP_HIT,2025-10-20T16:00:00+00:00,1.123943,0.991276,0.841654,0.743457,0.887789,0.993399,0.176018,0.991276,2.38059,93.0,90.0,5.0,0.136587,1.0,0.0,0.0,1.0,0.0,0.901837,0.025082,1.133834,17.5,0.59574,0.38168,-0.245452,1.083628,3.918999,0.946176,0.0
SOLUSD_12160_BULLISH_12144_12149,SOLUSD,1h,LONG,2025-10-20T16:00:00+00:00,2025-10-20T00:00:00+00:00,2025-10-20T05:00:00+00:00,12144,12149,12160,186.85105,183.7822,192.11,3.06885,1.642404,21,internal|bos|brk12149|form12144,internal,187.874,183.7822,-1.0,0,1.406048,1.20568,12,SL_HIT,2025-10-21T04:00:00+00:00,2.182026,1.451144,1.642404,1.088358,0.914219,0.286182,0.562344,1.451144,0.265985,16.0,11.0,0.0,0.238305,1.0,0.0,0.0,0.0,1.0,0.552897,0.002837,1.503659,1.5,0.812312,1.348722,-2.426295,1.018138,0.963749,1.375124,1.0
BTCUSD_12172_BULLISH_12144_12147,BTCUSD,1h,LONG,2025-10-21T04:00:00+00:00,2025-10-20T00:00:00+00:00,2025-10-20T03:00:00+00:00,12144,12147,12172,108294.625,107387.5,109849.7,907.125,0.837645,41,internal|bos|brk12147|form12144,internal,108597.0,107387.5,1.71429,1,4.402784,0.958661,10,TP_HIT,2025-10-21T14:00:00+00:00,1.122469,1.593073,0.837645,1.194804,0.302604,0.822654,0.47499,1.593073,1.817644,28.0,25.0,0.0,0.712734,1.0,0.0,0.0,0.0,1.0,0.522258,0.0,0.704594,6.0,0.367415,1.863085,-2.468309,-3.02088,0.886178,1.036455,1.0
ETHUSD_12191_BULLISH_12173_12182,ETHUSD,1h,LONG,2025-10-21T23:00:00+00:00,2025-10-21T05:00:00+00:00,2025-10-21T14:00:00+00:00,12173,12182,12191,3864.5,3839.0,3908.21,25.5,0.659853,53,internal|choch|brk12182|form12173,internal,3873.0,3839.0,-1.0,0,0.92549,1.776471,1,SL_HIT,2025-10-22T00:00:00+00:00,0.878111,0.741836,0.659853,0.556377,0.969118,0.483824,0.375,0.741836,3.381899,18.0,9.0,0.0,0.162549,0.0,1.0,0.0,0.0,0.0,0.186493,0.004364,1.183699,19.0,1.182159,1.16621,-3.507613,0.125417,-3.089803,0.614774,1.0
BTCUSD_12192_BULLISH_12173_12182,BTCUSD,1h,LONG,2025-10-22T00:00:00+00:00,2025-10-21T05:00:00+00:00,2025-10-21T14:00:00+00:00,12173,12182,12192,107948.5,107425.0,108845.93,523.5,0.484953,72,internal|choch|brk12182|form12173,internal,107948.5,107425.0,-1.0,0,1.318052,2.327603,11,SL_HIT,2025-10-22T11:00:00+00:00,0.484985,0.653501,0.484953,0.653501,0.986628,0.301815,0.468959,0.653501,4.671876,19.0,10.0,0.0,0.008738,0.0,1.0,0.0,0.0,0.0,0.236486,0.023718,0.742134,74.5,0.968972,1.024255,-3.392925,0.205626,-1.055521,0.565681,1.0
ETHUSD_12192_BULLISH_12096_12103,ETHUSD,1h,LONG,2025-10-22T00:00:00+00:00,2025-10-18T00:00:00+00:00,2025-10-18T07:00:00+00:00,12096,12103,12192,3836.8125,3818.25,3868.63,18.5625,0.4838,72,internal|choch|brk12103|form12096,internal,3843.0,3818.25,1.714074,1,1.992593,0.0,1,TP_HIT,2025-10-22T01:00:00+00:00,0.64433,0.538657,0.4838,0.403993,0.927273,0.961616,0.337374,0.538657,0.433102,96.0,89.0,3.0,0.095489,0.0,1.0,0.0,0.0,0.0,0.078866,0.01197,1.196178,20.0,1.123587,1.499535,-3.840184,-0.581057,-4.41923,0.546067,1.0
BTCUSD_12209_BULLISH_12203_12205,BTCUSD,1h,LONG,2025-10-22T17:00:00+00:00,2025-10-22T11:00:00+00:00,2025-10-22T13:00:00+00:00,12203,12205,12209,107823.125,106730.0,109697.05,1093.125,1.013813,34,internal|choch|brk12205|form12203,internal,108187.5,106730.0,-1.0,0,0.514008,1.108862,4,SL_HIT,2025-10-22T21:00:00+00:00,1.352612,1.819449,1.013813,1.364586,0.702916,0.490223,0.076158,1.819449,0.939372,6.0,4.0,3.0,0.085667,0.0,1.0,0.0,0.0,0.0,0.212729,0.001248,0.743419,73.5,0.479142,0.979319,-0.210683,-0.383657,-3.00252,1.349768,1.0
BTCUSD_12213_BULLISH_12128_12129,BTCUSD,1h,LONG,2025-10-22T21:00:00+00:00,2025-10-19T08:00:00+00:00,2025-10-19T09:00:00+00:00,12128,12129,12213,106947.75,106239.0,108162.75,708.75,0.662707,52,internal|choch|brk12129|form12128,internal,107184.0,106239.0,1.714286,1,2.153439,0.098413,4,TP_HIT,2025-10-23T01:00:00+00:00,0.881768,1.180109,0.662707,0.885082,0.986243,0.606349,0.352381,1.180109,1.183231,85.0,84.0,2.0,0.278793,0.0,1.0,0.0,0.0,0.0,0.138601,0.023103,0.747192,72.0,0.315611,1.367428,-0.940488,-0.719791,-3.239903,0.692343,1.0
ETHUSD_12218_BEARISH_12205_12213,ETHUSD,1h,SHORT,2025-10-23T02:00:00+00:00,2025-10-22T13:00:00+00:00,2025-10-22T21:00:00+00:00,12205,12213,12218,3836.45,3876.35,3768.05,39.9,1.040024,33,internal|bos|brk12213|form12205,internal,3876.35,3823.15,-1.0,0,0.380952,1.510025,4,SL_HIT,2025-10-23T06:00:00+00:00,1.390922,1.17402,1.040024,0.880515,0.968985,0.222744,0.49906,1.17402,0.813208,13.0,5.0,1.0,0.257093,1.0,0.0,0.0,0.0,1.0,0.286735,0.002207,1.184752,13.0,0.542827,0.441361,2.177223,-0.079679,-3.687756,0.316506,0.0
XRPUSD_12220_BEARISH_12207_12212,XRPUSD,1h,SHORT,2025-10-23T04:00:00+00:00,2025-10-22T15:00:00+00:00,2025-10-22T20:00:00+00:00,12207,12212,12220,2.38835,2.4161,2.34,0.02775,1.16189,30,internal|bos|brk12212|form12207,internal,2.4161,2.3791,-1.0,0,0.145946,1.082883,2,SL_HIT,2025-10-23T06:00:00+00:00,1.551818,1.211164,1.16189,0.908373,0.859459,0.291892,0.278378,1.211164,0.428818,13.0,8.0,1.0,0.132573,1.0,0.0,0.0,0.0,1.0,0.288823,0.003273,1.281261,0.5,0.46244,0.448458,0.871515,-0.967769,-2.681633,0.551766,0.0
SOLUSD_12232_BEARISH_12183_12209,SOLUSD,1h,SHORT,2025-10-23T16:00:00+00:00,2025-10-21T15:00:00+00:00,2025-10-22T17:00:00+00:00,12183,12209,12232,193.22925,197.181,186.45,3.95175,2.04511,17,internal|choch|brk12209|form12183,internal,197.181,191.912,-1.0,0,1.231163,1.186753,67,SL_HIT,2025-10-26T11:00:00+00:00,2.744757,1.963941,2.04511,1.472956,0.989751,0.132093,0.670336,1.963941,0.742488,49.0,23.0,1.0,0.470858,0.0,1.0,0.0,0.0,1.0,0.720517,0.008946,1.397576,2.0,0.470395,0.750316,2.107945,5.620327,-0.405194,1.571398,0.0
ETHUSD_12236_BULLISH_12230_12232,ETHUSD,1h,LONG,2025-10-23T20:00:00+00:00,2025-10-23T14:00:00+00:00,2025-10-23T16:00:00+00:00,12230,12232,12236,3842.1875,3807.8,3901.14,34.3875,0.894998,39,internal|bos|brk12232|form12230,internal,3853.65,3807.8,1.714358,1,3.996001,0.632134,8,TP_HIT,2025-10-24T04:00:00+00:00,1.19766,1.031297,0.894998,0.773473,0.44711,0.790622,0.099237,1.031297,0.933453,6.0,4.0,1.0,0.312369,1.0,0.0,0.0,0.0,0.0,0.295512,0.023617,1.161314,5.0,0.547287,0.941326,-1.223005,-0.475745,-4.59541,1.209444,1.0
XRPUSD_12236_BULLISH_12228_12233,XRPUSD,1h,LONG,2025-10-23T20:00:00+00:00,2025-10-23T12:00:00+00:00,2025-10-23T17:00:00+00:00,12228,12233,12236,2.386075,2.3737,2.41,0.012375,0.518634,67,internal|choch|brk12233|form12228,internal,2.3902,2.3737,1.933333,1,3.8,0.49899,8,TP_HIT,2025-10-24T04:00:00+00:00,0.692056,0.555317,0.518634,0.416488,0.636364,0.836364,0.139394,0.555317,0.323094,8.0,3.0,0.0,0.063104,0.0,1.0,0.0,0.0,0.0,0.266168,0.006731,1.246235,0.5,0.4385,0.986109,-0.963695,-0.376066,-4.00612,1.058088,1.0
SOLUSD_12254_BULLISH_12236_12244,SOLUSD,1h,LONG,2025-10-24T14:00:00+00:00,2025-10-23T20:00:00+00:00,2025-10-24T04:00:00+00:00,12236,12244,12254,190.5705,188.364,194.35,2.2065,1.157839,30,internal|choch|brk12244|form12236,internal,191.306,188.364,1.712894,1,1.793564,0.82189,11,TP_HIT,2025-10-25T01:00:00+00:00,1.547069,1.123338,1.157839,0.842503,0.612508,0.60605,0.771584,1.123338,0.851476,18.0,10.0,2.0,0.154449,0.0,1.0,0.0,0.0,1.0,0.633375,0.017946,1.377208,3.0,0.62854,1.127538,-1.025831,-0.584991,2.359755,1.400576,1.0
BTCUSD_12255_BULLISH_12236_12246,BTCUSD,1h,LONG,2025-10-24T15:00:00+00:00,2025-10-23T20:00:00+00:00,2025-10-24T06:00:00+00:00,12236,12246,12255,109943.25,109311.0,111027.11,632.25,0.575069,60,internal|bos|brk12246|form12236,internal,110154.0,109311.0,1.71429,1,1.785291,0.285093,6,TP_HIT,2025-10-24T21:00:00+00:00,0.766214,1.077342,0.575069,0.808006,0.842823,0.585409,0.793001,1.077342,0.279879,19.0,9.0,1.0,0.100002,1.0,0.0,0.0,0.0,1.0,0.464614,0.017253,0.711208,36.0,0.310601,0.962962,-0.947566,-0.391566,1.178964,1.640131,1.0
XRPUSD_12258_BEARISH_12183_12200,XRPUSD,1h,SHORT,2025-10-24T18:00:00+00:00,2025-10-21T15:00:00+00:00,2025-10-22T08:00:00+00:00,12183,12200,12258,2.48815,2.5318,2.41,0.04365,1.754315,19,internal|choch|brk12200|form12183,internal,2.5318,2.4736,-1.0,0,0.0,1.130584,6,SL_HIT,2025-10-25T00:00:00+00:00,2.337349,2.015512,1.754315,1.511634,0.718213,0.69244,0.620275,2.015512,0.391328,75.0,58.0,6.0,0.064067,0.0,1.0,0.0,1.0,0.0,0.731632,0.069262,1.15968,2.5,0.575433,0.734173,-0.907354,3.50848,4.005681,1.28814,0.0
ETHUSD_12278_BULLISH_12265_12272,ETHUSD,1h,LONG,2025-10-25T14:00:00+00:00,2025-10-25T01:00:00+00:00,2025-10-25T08:00:00+00:00,12265,12272,12278,3932.6125,3914.5,3963.66,18.1125,0.460572,75,internal|bos|brk12272|form12265,internal,3938.65,3914.5,1.714148,1,2.022774,0.492063,4,TP_HIT,2025-10-25T18:00:00+00:00,0.61331,0.585557,0.460572,0.439168,0.958592,0.337474,0.585921,0.585557,0.603742,13.0,6.0,4.0,0.122143,1.0,0.0,0.0,0.0,1.0,0.569709,0.024247,1.047396,0.5,0.263903,0.354001,-0.105282,0.095325,2.212906,0.620994,1.0
BTCUSD_12293_BEARISH_12288_12291,BTCUSD,1h,SHORT,2025-10-26T05:00:00+00:00,2025-10-26T00:00:00+00:00,2025-10-26T03:00:00+00:00,12288,12291,12293,111492.0,111874.5,110836.29,382.5,0.343074,100,internal|choch|brk12291|form12288,internal,111874.5,111492.0,-1.0,0,0.0,3.346405,4,SL_HIT,2025-10-26T09:00:00+00:00,0.342846,0.543812,0.343074,0.543812,0.806536,0.312418,0.216993,0.543812,0.276527,5.0,2.0,0.0,0.105208,0.0,1.0,0.0,1.0,0.0,0.916998,0.007109,0.63045,0.5,0.147534,0.42723,-0.088658,0.006723,1.045634,0.735387,0.0
ETHUSD_12305_BEARISH_12184_12201,ETHUSD,1h,SHORT,2025-10-26T17:00:00+00:00,2025-10-21T16:00:00+00:00,2025-10-22T09:00:00+00:00,12184,12201,12305,4041.1125,4109.25,3924.31,68.1375,1.686107,20,internal|choch|brk12201|form12184,internal,4109.25,4018.4,-1.0,0,0.0,2.031003,5,SL_HIT,2025-10-26T22:00:00+00:00,2.238098,2.334616,1.686107,1.750962,0.550358,0.882223,0.572372,2.334616,0.430433,121.0,104.0,7.0,0.466088,0.0,1.0,0.0,1.0,0.0,0.898737,0.019273,0.958658,0.5,0.445263,0.425293,-0.303321,3.30589,4.407264,1.635046,0.0
XRPUSD_12308_BULLISH_12291_12296,XRPUSD,1h,LONG,2025-10-26T20:00:00+00:00,2025-10-26T03:00:00+00:00,2025-10-26T08:00:00+00:00,12291,12296,12308,2.608125,2.5935,2.63,0.014625,0.560748,62,internal|bos|brk12296|form12291,internal,2.613,2.5935,1.495726,1,3.683761,0.0,2,TP_HIT,2025-10-26T22:00:00+00:00,0.746869,0.719861,0.560748,0.539895,0.892308,0.820513,0.261538,0.719861,0.321169,17.0,12.0,1.0,0.102442,1.0,0.0,0.0,0.0,1.0,0.850207,0.09229,1.037519,0.5,0.368111,0.690328,-1.102273,-0.103306,4.855422,0.798982,1.0
BTCUSD_12320_BULLISH_12312_12318,BTCUSD,1h,LONG,2025-10-27T08:00:00+00:00,2025-10-27T00:00:00+00:00,2025-10-27T06:00:00+00:00,12312,12318,12320,114933.125,114311.0,115999.62,622.125,0.541293,64,internal|bos|brk12318|form12312,internal,115140.5,114311.0,-1.0,0,1.325899,1.342375,13,SL_HIT,2025-10-27T21:00:00+00:00,0.721292,1.204119,0.541293,0.903089,0.833032,0.3261,0.248945,1.204119,0.723632,8.0,2.0,0.0,0.09998,1.0,0.0,0.0,1.0,1.0,0.822342,0.044274,0.599021,4.0,0.335822,1.041537,0.055247,1.405545,3.307582,1.12278,1.0
XRPUSD_12321_BULLISH_12308_12313,XRPUSD,1h,LONG,2025-10-27T09:00:00+00:00,2025-10-26T20:00:00+00:00,2025-10-27T01:00:00+00:00,12308,12313,12321,2.611025,2.597,2.64,0.014025,0.537145,65,internal|choch|brk12313|form12308,internal,2.6157,2.597,2.065954,1,2.258467,0.358289,4,TP_HIT,2025-10-27T13:00:00+00:00,0.715872,0.691229,0.537145,0.518422,0.812834,0.609626,0.149733,0.691229,0.406606,13.0,8.0,1.0,0.043433,0.0,1.0,0.0,0.0,1.0,0.792622,0.140464,1.03565,1.5,0.429328,0.820604,-1.266206,-0.278679,2.765648,1.252504,1.0
XRPUSD_12332_BULLISH_12326_12328,XRPUSD,1h,LONG,2025-10-27T20:00:00+00:00,2025-10-27T14:00:00+00:00,2025-10-27T16:00:00+00:00,12326,12328,12332,2.620425,2.6001,2.66,0.020325,0.775638,45,internal|bos|brk12328|form12326,internal,2.6272,2.6001,1.947109,1,2.01599,0.650677,11,TP_HIT,2025-10-28T07:00:00+00:00,1.032145,0.999955,0.775638,0.749966,0.940959,0.059041,0.00738,0.999955,0.892948,6.0,4.0,0.0,0.190951,1.0,0.0,0.0,0.0,0.0,0.776808,0.062728,1.032192,12.0,0.610962,1.534986,-1.300654,-0.725953,-0.586877,1.229392,1.0
SOLUSD_12334_BULLISH_12309_12310,SOLUSD,1h,LONG,2025-10-27T22:00:00+00:00,2025-10-26T21:00:00+00:00,2025-10-26T22:00:00+00:00,12309,12310,12334,198.115,196.9,200.2,1.215,0.61328,57,internal|bos|brk12310|form12309,internal,198.52,196.9,1.716049,1,1.840329,0.638025,2,TP_HIT,2025-10-28T00:00:00+00:00,0.816862,0.717072,0.61328,0.537804,0.876543,0.506173,0.64321,0.717072,0.699366,25.0,24.0,4.0,0.090741,1.0,0.0,0.0,0.0,1.0,0.585692,0.004869,1.139163,0.5,0.52905,0.620577,-1.958167,-2.084506,2.154664,0.782032,1.0
ETHUSD_12341_BULLISH_12304_12310,ETHUSD,1h,LONG,2025-10-28T05:00:00+00:00,2025-10-26T16:00:00+00:00,2025-10-26T22:00:00+00:00,12304,12310,12341,4067.5375,4045.0,4106.17,22.5375,0.554082,63,internal|bos|brk12310|form12304,internal,4075.05,4045.0,1.714143,1,2.077094,0.012757,1,TP_HIT,2025-10-28T06:00:00+00:00,0.73871,0.779149,0.554082,0.584362,0.762063,0.324459,0.633943,0.779149,2.058717,37.0,31.0,2.0,0.009399,1.0,0.0,0.0,0.0,1.0,0.522938,0.022039,0.948099,1.5,0.588311,0.980095,-1.133781,-1.946416,3.490472,0.808963,1.0
SOLUSD_12368_BULLISH_12361_12365,SOLUSD,1h,LONG,2025-10-29T08:00:00+00:00,2025-10-29T01:00:00+00:00,2025-10-29T05:00:00+00:00,12361,12365,12368,194.42425,192.697,197.39,1.72725,0.888392,39,internal|choch|brk12365|form12361,internal,195.0,192.697,1.717036,1,2.874367,0.370097,3,TP_HIT,2025-10-29T11:00:00+00:00,1.183952,1.020945,0.888392,0.765709,0.790708,0.434216,0.148068,1.020945,0.265987,7.0,3.0,1.0,0.04156,0.0,1.0,0.0,1.0,0.0,0.280268,0.00798,1.159663,5.5,0.813182,0.753628,0.304754,-3.162726,-5.026073,0.586351,1.0
XRPUSD_12377_BEARISH_12354_12356,XRPUSD,1h,SHORT,2025-10-29T17:00:00+00:00,2025-10-28T18:00:00+00:00,2025-10-28T20:00:00+00:00,12354,12356,12377,2.65965,2.6739,2.64,0.01425,0.535785,65,internal|choch|brk12356|form12354,internal,2.6739,2.6549,1.378947,1,7.8,0.010526,1,TP_HIT,2025-10-29T18:00:00+00:00,0.714877,0.710286,0.535785,0.532714,0.847368,0.442105,0.636842,0.710286,1.914033,23.0,21.0,4.0,0.069159,0.0,1.0,0.0,0.0,1.0,0.698315,0.026168,1.006464,3.0,0.454371,1.304682,0.086613,1.675593,-0.090219,1.501751,0.0
ETHUSD_12420_BULLISH_12416_12419,ETHUSD,1h,LONG,2025-10-31T12:00:00+00:00,2025-10-31T08:00:00+00:00,2025-10-31T11:00:00+00:00,12416,12419,12420,3844.6125,3817.2,3891.61,27.4125,0.713011,49,internal|choch|brk12419|form12416,internal,3853.75,3817.2,-1.0,0,1.345645,1.122207,4,SL_HIT,2025-10-31T16:00:00+00:00,0.95294,0.921931,0.713011,0.691448,0.500684,0.560876,0.573187,0.921931,0.964811,4.0,1.0,0.0,0.229852,0.0,1.0,0.0,1.0,0.0,0.283394,0.003784,1.033635,55.0,0.738076,1.354519,0.137067,1.67537,-3.823972,1.065396,1.0
SOLUSD_12420_BULLISH_12416_12419,SOLUSD,1h,LONG,2025-10-31T12:00:00+00:00,2025-10-31T08:00:00+00:00,2025-10-31T11:00:00+00:00,12416,12419,12420,186.05675,184.541,188.66,1.51575,0.814671,42,internal|choch|brk12419|form12416,internal,186.562,184.541,1.717467,1,2.271648,0.055913,2,TP_HIT,2025-10-31T14:00:00+00:00,1.083571,0.857428,0.814671,0.643071,0.975755,0.090747,0.554181,0.857428,1.069134,4.0,1.0,0.0,0.193568,0.0,1.0,0.0,1.0,0.0,0.311634,0.011031,1.263745,50.5,0.824019,1.288221,0.637235,2.309903,-4.965403,1.127947,1.0
BTCUSD_12422_BEARISH_12391_12397,BTCUSD,1h,SHORT,2025-10-31T14:00:00+00:00,2025-10-30T07:00:00+00:00,2025-10-30T13:00:00+00:00,12391,12397,12422,110851.625,111570.5,109619.27,718.875,0.648502,53,internal|bos|brk12397|form12391,internal,111570.5,110612.0,1.714283,1,3.079986,0.439402,2,TP_HIT,2025-10-31T16:00:00+00:00,0.865377,1.308399,0.648502,0.981299,0.844549,0.470527,0.618153,1.308399,1.031294,31.0,25.0,1.0,0.123707,1.0,0.0,0.0,0.0,1.0,0.457937,0.015698,0.661401,71.0,0.470713,2.064635,0.853642,2.296006,-2.079337,1.39314,0.0
BTCUSD_12437_BULLISH_12427_12436,BTCUSD,1h,LONG,2025-11-01T05:00:00+00:00,2025-10-31T19:00:00+00:00,2025-11-01T04:00:00+00:00,12427,12436,12437,109952.125,109087.0,111435.2,865.125,0.78682,44,internal|choch|brk12436|form12427,internal,110240.5,109087.0,-1.0,0,1.458604,1.527091,45,SL_HIT,2025-11-03T02:00:00+00:00,1.047698,1.59273,0.78682,1.194548,0.876896,0.19896,0.336368,1.59273,0.07042,10.0,1.0,0.0,0.202112,0.0,1.0,0.0,1.0,0.0,0.390218,0.012427,0.6578,62.5,0.433095,0.467394,0.362349,-0.598135,-0.547852,0.531606,1.0
XRPUSD_12447_BEARISH_12441_12444,XRPUSD,1h,SHORT,2025-11-01T15:00:00+00:00,2025-11-01T09:00:00+00:00,2025-11-01T12:00:00+00:00,12441,12444,12447,2.4993,2.5142,2.47,0.0149,0.596167,58,internal|bos|brk12444|form12441,internal,2.5142,2.4993,-1.0,0,0.66443,1.832215,13,SL_HIT,2025-11-02T04:00:00+00:00,0.595809,0.555403,0.596167,0.555403,0.899329,0.302013,0.644295,0.555403,0.290748,6.0,3.0,1.0,0.055913,1.0,0.0,0.0,1.0,0.0,0.400576,0.026093,1.072752,7.0,0.412947,0.834968,-0.259243,0.060017,1.431758,1.079673,0.0
ETHUSD_12449_BULLISH_12446_12447,ETHUSD,1h,LONG,2025-11-01T17:00:00+00:00,2025-11-01T14:00:00+00:00,2025-11-01T15:00:00+00:00,12446,12447,12449,3874.8,3857.25,3904.89,17.55,0.452927,77,internal|bos|brk12447|form12446,internal,3874.8,3857.25,1.71453,1,2.188034,0.80057,11,TP_HIT,2025-11-02T04:00:00+00:00,0.454075,0.467042,0.452927,0.467042,0.441595,0.74359,0.168091,0.467042,0.574821,3.0,2.0,0.0,0.260799,1.0,0.0,0.0,0.0,1.0,0.375743,0.0,0.972235,0.5,0.264826,0.836951,-0.267073,0.353118,2.453313,1.293562,1.0
SOLUSD_12451_BEARISH_12448_12449,SOLUSD,1h,SHORT,2025-11-01T19:00:00+00:00,2025-11-01T16:00:00+00:00,2025-11-01T17:00:00+00:00,12448,12449,12451,186.21975,187.095,184.72,0.87525,0.470009,74,internal|choch|brk12449|form12448,internal,187.095,185.928,1.71351,1,1.802628,0.850328,6,TP_HIT,2025-11-02T01:00:00+00:00,0.6265,0.52173,0.470009,0.391297,0.70437,0.322194,0.017138,0.52173,0.644227,3.0,2.0,0.0,0.023806,0.0,1.0,0.0,0.0,0.0,0.33129,0.043366,1.200812,0.5,0.377418,0.394315,0.688108,-0.427641,1.35541,1.049917,0.0
ETHUSD_12465_BULLISH_12457_12460,ETHUSD,1h,LONG,2025-11-02T09:00:00+00:00,2025-11-02T01:00:00+00:00,2025-11-02T04:00:00+00:00,12457,12460,12465,3876.5,3860.75,3903.5,15.75,0.406294,86,internal|bos|brk12460|form12457,internal,3876.5,3860.75,-1.0,0,0.0,1.526984,1,SL_HIT,2025-11-02T10:00:00+00:00,0.406819,0.436793,0.406294,0.436793,0.68254,0.615873,0.365079,0.436793,0.768201,8.0,5.0,0.0,0.138664,1.0,0.0,0.0,0.0,1.0,0.540162,0.006933,0.931377,0.5,0.328546,0.995611,-0.927644,-0.198495,1.076953,1.269371,1.0
BTCUSD_12470_BULLISH_12453_12460,BTCUSD,1h,LONG,2025-11-02T14:00:00+00:00,2025-11-01T21:00:00+00:00,2025-11-02T04:00:00+00:00,12453,12460,12470,110401.5,109818.0,111401.79,583.5,0.528525,66,internal|bos|brk12460|form12453,internal,110401.5,109818.0,-1.0,0,0.205656,1.220223,2,SL_HIT,2025-11-02T16:00:00+00:00,0.528621,0.870046,0.528525,0.870046,0.965724,0.463582,0.931448,0.870046,0.913288,17.0,10.0,5.0,0.029822,1.0,0.0,0.0,0.0,1.0,0.559872,0.003728,0.607578,5.0,0.261677,0.725411,-0.258882,0.293025,0.692835,1.808766,1.0
ETHUSD_12479_BEARISH_12463_12470,ETHUSD,1h,SHORT,2025-11-02T23:00:00+00:00,2025-11-02T07:00:00+00:00,2025-11-02T14:00:00+00:00,12463,12470,12479,3897.675,3917.55,3863.6,19.875,0.509919,68,internal|choch|brk12470|form12463,internal,3917.55,3891.05,1.714465,1,1.794969,0.823899,1,TP_HIT,2025-11-03T00:00:00+00:00,0.67853,0.750271,0.509919,0.562703,0.454717,0.930189,0.162264,0.750271,0.423266,16.0,9.0,0.0,0.221542,0.0,1.0,0.0,0.0,0.0,0.798452,0.004247,0.904381,1.5,0.434575,1.729869,1.096256,0.296614,1.153861,0.625141,0.0
SOLUSD_12479_BEARISH_12463_12470,SOLUSD,1h,SHORT,2025-11-02T23:00:00+00:00,2025-11-02T07:00:00+00:00,2025-11-02T14:00:00+00:00,12463,12470,12479,187.1085,188.355,184.97,1.2465,0.666191,52,internal|choch|brk12470|form12463,internal,188.355,186.693,-1.0,0,0.42158,1.633775,1,SL_HIT,2025-11-03T00:00:00+00:00,0.8853,0.779101,0.666191,0.584326,0.374248,0.861613,0.188327,0.779101,0.323922,16.0,9.0,0.0,0.292749,0.0,1.0,0.0,0.0,0.0,0.465969,0.004688,1.13631,1.5,0.56747,1.488354,1.900321,0.314731,0.315803,0.673915,0.0
XRPUSD_12479_BEARISH_12467_12475,XRPUSD,1h,SHORT,2025-11-02T23:00:00+00:00,2025-11-02T11:00:00+00:00,2025-11-02T19:00:00+00:00,12467,12475,12479,2.5219,2.5546,2.47,0.0327,1.296641,26,internal|choch|brk12475|form12467,internal,2.5546,2.511,1.587156,1,2.076453,0.29052,3,TP_HIT,2025-11-03T02:00:00+00:00,1.726391,1.720728,1.296641,1.290546,0.667431,0.456422,0.59633,1.720728,0.221011,12.0,4.0,1.0,0.142078,0.0,1.0,0.0,0.0,0.0,0.621061,0.02368,1.003291,2.0,0.496459,1.247133,1.287399,-0.075176,0.277943,0.609169,0.0
SOLUSD_12493_BULLISH_11949_11966,SOLUSD,1h,LONG,2025-11-03T13:00:00+00:00,2025-10-11T21:00:00+00:00,2025-10-12T14:00:00+00:00,11949,11966,12493,176.04975,172.374,182.35,3.67575,2.087904,16,internal|choch|brk11966|form11949,internal,177.275,172.374,-1.0,0,0.230497,3.190573,2,SL_HIT,2025-11-03T15:00:00+00:00,2.788033,2.268643,2.087904,1.701483,0.696388,0.761069,0.259131,2.268643,3.274049,544.0,527.0,16.0,0.121625,0.0,1.0,0.0,1.0,0.0,0.117431,0.064342,1.228943,6.5,0.89502,0.648977,0.067741,-4.918943,-5.589332,0.898518,1.0
XRPUSD_12543_BEARISH_12519_12522,XRPUSD,1h,SHORT,2025-11-05T15:00:00+00:00,2025-11-04T15:00:00+00:00,2025-11-04T18:00:00+00:00,12519,12522,12543,2.285725,2.32,2.23,0.034275,1.499524,23,internal|bos|brk12522|form12519,internal,2.32,2.2743,-1.0,0,0.96353,1.154632,4,SL_HIT,2025-11-05T19:00:00+00:00,2.008703,1.528382,1.499524,1.146287,0.982495,0.277899,0.503282,1.528382,0.622055,24.0,21.0,2.0,0.355341,1.0,0.0,0.0,0.0,1.0,0.428308,0.016722,1.314267,99.5,1.045627,0.896294,2.908449,4.664857,-5.605344,1.025624,0.0
SOLUSD_12544_BEARISH_12519_12523,SOLUSD,1h,SHORT,2025-11-05T16:00:00+00:00,2025-11-04T15:00:00+00:00,2025-11-04T19:00:00+00:00,12519,12523,12544,162.233425,165.0637,157.38,2.830275,1.74457,20,internal|bos|brk12523|form12519,internal,165.0637,161.29,1.714825,1,1.807395,0.610745,20,TP_HIT,2025-11-06T12:00:00+00:00,2.332468,1.555557,1.74457,1.166668,0.867504,0.196889,0.771391,1.555557,0.71807,25.0,21.0,0.0,0.182784,1.0,0.0,0.0,0.0,1.0,0.368434,0.005359,1.499442,98.5,1.109083,1.448506,2.744032,6.045908,-8.282313,0.983527,0.0
XRPUSD_12557_BULLISH_12553_12554,XRPUSD,1h,LONG,2025-11-06T05:00:00+00:00,2025-11-06T01:00:00+00:00,2025-11-06T02:00:00+00:00,12553,12554,12557,2.335375,2.3095,2.38,0.025875,1.107959,31,internal|bos|brk12554|form12553,internal,2.344,2.3095,-1.0,0,0.055072,1.340097,4,SL_HIT,2025-11-06T09:00:00+00:00,1.481386,1.138233,1.107959,0.853675,0.562319,0.521739,0.144928,1.138233,1.57703,4.0,3.0,0.0,0.213625,1.0,0.0,0.0,0.0,0.0,0.538351,0.003299,1.301479,99.0,0.876086,1.207517,-0.669624,3.044113,-1.116678,0.982558,1.0
SOLUSD_12574_BULLISH_12536_12541,SOLUSD,1h,LONG,2025-11-06T22:00:00+00:00,2025-11-05T08:00:00+00:00,2025-11-05T13:00:00+00:00,12536,12541,12574,155.78,153.686,159.37,2.094,1.344203,26,internal|choch|brk12541|form12536,internal,156.478,153.686,-1.0,0,0.0,1.114613,1,SL_HIT,2025-11-06T23:00:00+00:00,1.794598,1.169828,1.344203,0.877371,0.67765,0.949857,0.283309,1.169828,0.487163,38.0,33.0,7.0,0.084637,0.0,1.0,0.0,0.0,1.0,0.225013,0.000419,1.53407,81.0,0.894833,1.052929,-1.074599,-2.090007,1.41519,0.81663,1.0
ETHUSD_12585_BULLISH_12577_12581,ETHUSD,1h,LONG,2025-11-07T09:00:00+00:00,2025-11-07T01:00:00+00:00,2025-11-07T05:00:00+00:00,12577,12581,12585,3315.9875,3273.65,3388.57,42.3375,1.276769,27,internal|choch|brk12581|form12577,internal,3330.1,3273.65,-1.0,0,0.0,1.061411,1,SL_HIT,2025-11-07T10:00:00+00:00,1.710373,1.349429,1.276769,1.012072,0.474756,0.734278,0.0124,1.349429,0.683679,8.0,4.0,0.0,0.371422,0.0,1.0,0.0,0.0,0.0,0.352315,0.028686,1.267479,87.0,0.743082,1.262176,-1.114557,-0.833784,-0.878458,0.774258,1.0
SOLUSD_12592_BEARISH_12579_12588,SOLUSD,1h,SHORT,2025-11-07T16:00:00+00:00,2025-11-07T03:00:00+00:00,2025-11-07T12:00:00+00:00,12579,12588,12592,157.2485,158.6,154.93,1.3515,0.859468,40,internal|choch|brk12588|form12579,internal,158.6,156.798,-1.0,0,0.562708,3.153903,1,SL_HIT,2025-11-07T17:00:00+00:00,1.145742,0.751744,0.859468,0.563808,0.733629,0.744728,0.615982,0.751744,0.918196,13.0,4.0,0.0,0.012307,0.0,1.0,0.0,0.0,1.0,0.368453,0.025448,1.524111,87.0,0.858288,1.573991,2.217514,0.133063,-0.908518,1.678875,0.0
ETHUSD_12595_BEARISH_12556_12564,ETHUSD,1h,SHORT,2025-11-07T19:00:00+00:00,2025-11-06T04:00:00+00:00,2025-11-06T12:00:00+00:00,12556,12564,12595,3435.025,3455.5,3399.92,20.475,0.596066,58,internal|choch|brk12564|form12556,internal,3455.5,3428.2,-1.0,0,0.294261,1.735043,1,SL_HIT,2025-11-07T20:00:00+00:00,0.793017,0.63746,0.596066,0.478095,0.474359,0.778388,0.705128,0.63746,1.167509,39.0,31.0,1.0,0.17571,0.0,1.0,0.0,0.0,0.0,0.617473,0.02802,1.244026,99.5,0.847549,0.779896,4.749806,3.14293,0.234386,1.37638,0.0
BTCUSD_12596_BEARISH_12556_12564,BTCUSD,1h,SHORT,2025-11-07T20:00:00+00:00,2025-11-06T04:00:00+00:00,2025-11-06T12:00:00+00:00,12556,12564,12596,103704.875,104187.5,102877.52,482.625,0.465383,75,internal|choch|brk12564|form12556,internal,104187.5,103544.0,1.714281,1,2.496503,0.755504,4,TP_HIT,2025-11-08T00:00:00+00:00,0.620301,0.821933,0.465383,0.61645,0.695416,0.491841,0.60373,0.821933,0.862806,40.0,32.0,2.0,0.044865,0.0,1.0,0.0,0.0,1.0,0.547164,0.033209,0.754685,100.0,0.489144,1.222362,2.948327,1.299196,-0.54025,1.332432,0.0
XRPUSD_12596_BEARISH_12555_12561,XRPUSD,1h,SHORT,2025-11-07T20:00:00+00:00,2025-11-06T03:00:00+00:00,2025-11-06T09:00:00+00:00,12555,12561,12596,2.362325,2.3891,2.32,0.026775,1.133417,30,internal|choch|brk12561|form12555,internal,2.3891,2.3534,1.580766,1,1.860878,0.077498,3,TP_HIT,2025-11-07T23:00:00+00:00,1.511495,1.161168,1.133417,0.870876,0.761905,0.521008,0.773109,1.161168,0.520411,41.0,35.0,1.0,0.013823,0.0,1.0,0.0,0.0,0.0,0.847496,0.003253,1.301703,100.0,0.854059,1.248987,6.795985,5.668397,2.548628,1.457975,0.0
BTCUSD_12665_BEARISH_12657_12662,BTCUSD,1h,SHORT,2025-11-10T17:00:00+00:00,2025-11-10T09:00:00+00:00,2025-11-10T14:00:00+00:00,12657,12662,12665,105995.375,106580.0,104993.16,584.625,0.551557,63,internal|choch|brk12662|form12657,internal,106580.0,105800.5,-1.0,0,1.326278,2.548001,8,SL_HIT,2025-11-11T01:00:00+00:00,0.735947,1.062321,0.551557,0.796741,0.849262,0.189224,0.615138,1.062321,2.267057,8.0,3.0,0.0,0.105448,0.0,1.0,0.0,0.0,0.0,0.899886,0.008177,0.692772,43.0,0.578258,1.097755,0.007081,-0.054729,4.158759,1.868376,0.0
SOLUSD_12676_BULLISH_12669_12674,SOLUSD,1h,LONG,2025-11-11T04:00:00+00:00,2025-11-10T21:00:00+00:00,2025-11-11T02:00:00+00:00,12669,12674,12676,167.05775,164.789,170.95,2.26875,1.358063,25,internal|bos|brk12674|form12669,internal,167.814,164.789,-1.0,0,0.0,1.55405,2,SL_HIT,2025-11-11T06:00:00+00:00,1.812636,1.336565,1.358063,1.002424,0.692562,0.431074,0.774215,1.336565,1.278242,7.0,2.0,0.0,0.07677,1.0,0.0,0.0,0.0,1.0,0.771581,0.007511,1.35619,38.5,1.055599,1.575158,-0.238518,-1.668091,6.965267,0.837395,1.0
BTCUSD_12677_BULLISH_12663_12674,BTCUSD,1h,LONG,2025-11-11T05:00:00+00:00,2025-11-10T15:00:00+00:00,2025-11-11T02:00:00+00:00,12663,12674,12677,105353.75,104627.0,106599.61,726.75,0.689819,50,internal|choch|brk12674|form12663,internal,105596.0,104627.0,-1.0,0,0.165463,1.363261,7,SL_HIT,2025-11-11T12:00:00+00:00,0.920976,1.312859,0.689819,0.984644,0.606295,0.506192,0.18937,1.312859,0.741108,14.0,3.0,0.0,0.188664,0.0,1.0,0.0,0.0,1.0,0.725387,0.001355,0.701504,44.5,0.504319,0.833239,-0.843936,0.340941,3.524463,1.032686,1.0
ETHUSD_12707_BEARISH_12684_12686,ETHUSD,1h,SHORT,2025-11-12T11:00:00+00:00,2025-11-11T12:00:00+00:00,2025-11-11T14:00:00+00:00,12684,12686,12707,3552.175,3592.6,3482.88,40.425,1.138035,30,internal|choch|brk12686|form12684,internal,3592.6,3538.7,1.714162,1,1.790353,0.886209,3,TP_HIT,2025-11-12T14:00:00+00:00,1.518738,1.368559,1.138035,1.026419,0.808905,0.564007,0.602968,1.368559,0.068555,23.0,21.0,1.0,0.080615,0.0,1.0,0.0,0.0,1.0,0.638802,0.011426,1.109735,9.5,0.558619,0.920413,3.249644,3.236128,-2.069536,1.315576,0.0
SOLUSD_12717_BULLISH_12588_12593,SOLUSD,1h,LONG,2025-11-12T21:00:00+00:00,2025-11-07T12:00:00+00:00,2025-11-07T17:00:00+00:00,12588,12593,12717,153.38225,150.965,157.53,2.41725,1.575965,22,internal|choch|brk12593|form12588,internal,154.188,150.965,-1.0,0,1.008481,1.244079,6,SL_HIT,2025-11-13T03:00:00+00:00,2.091811,1.459495,1.575965,1.094622,0.96556,0.938567,0.682904,1.459495,1.752934,129.0,124.0,11.0,0.314609,0.0,1.0,0.0,1.0,0.0,0.140211,0.019472,1.433243,6.5,0.886336,0.431101,0.844313,-1.158561,-7.81781,0.850787,1.0
SOLUSD_12733_BULLISH_12721_12725,SOLUSD,1h,LONG,2025-11-13T13:00:00+00:00,2025-11-13T01:00:00+00:00,2025-11-13T05:00:00+00:00,12721,12725,12733,153.9,152.256,156.72,1.644,1.068226,32,internal|choch|brk12725|form12721,internal,154.448,152.256,-1.0,0,1.690389,1.931265,3,SL_HIT,2025-11-13T16:00:00+00:00,1.424988,1.000649,1.068226,0.750487,0.716195,0.352646,0.104927,1.000649,0.858221,12.0,8.0,1.0,0.033827,0.0,1.0,0.0,0.0,0.0,0.159979,4.6e-05,1.424064,2.5,0.613665,1.298287,-1.341162,-0.0462,-6.003691,0.859508,1.0
XRPUSD_12762_BULLISH_12757_12760,XRPUSD,1h,LONG,2025-11-14T18:00:00+00:00,2025-11-14T13:00:00+00:00,2025-11-14T16:00:00+00:00,12757,12760,12762,2.28835,2.2537,2.35,0.03465,1.514191,23,internal|choch|brk12760|form12757,internal,2.2999,2.2537,-1.0,0,0.861472,1.069264,2,SL_HIT,2025-11-14T20:00:00+00:00,2.016323,1.449919,1.514191,1.087439,0.813853,0.372294,0.335498,1.449919,0.586872,5.0,2.0,1.0,0.092581,0.0,1.0,0.0,1.0,0.0,0.185154,0.003138,1.390645,100.0,0.762599,1.399705,0.920543,-0.976706,-1.947107,1.157615,1.0
BTCUSD_12770_BEARISH_12760_12764,BTCUSD,1h,SHORT,2025-11-15T02:00:00+00:00,2025-11-14T16:00:00+00:00,2025-11-14T20:00:00+00:00,12760,12764,12770,96519.5,97388.0,95030.64,868.5,0.899818,38,internal|bos|brk12764|form12760,internal,97388.0,96230.0,1.714289,1,1.962579,0.327001,23,TP_HIT,2025-11-16T01:00:00+00:00,1.200467,1.422567,0.899818,1.066925,0.799223,0.205959,0.189983,1.422567,1.722313,10.0,6.0,0.0,0.070023,1.0,0.0,0.0,0.0,1.0,0.184334,0.0043,0.843874,100.0,0.730495,1.332274,1.504748,0.331274,-5.265458,0.401167,0.0
ETHUSD_12788_BULLISH_12776_12785,ETHUSD,1h,LONG,2025-11-15T20:00:00+00:00,2025-11-15T08:00:00+00:00,2025-11-15T17:00:00+00:00,12776,12785,12788,3166.375,3133.75,3222.3,32.625,1.030358,33,internal|choch|brk12785|form12776,internal,3177.25,3133.75,-1.0,0,0.682759,1.096552,5,SL_HIT,2025-11-16T01:00:00+00:00,1.370273,1.016564,1.030358,0.762423,0.937931,0.255172,0.762069,1.016564,0.680046,12.0,3.0,0.0,0.191044,0.0,1.0,0.0,0.0,0.0,0.203755,0.078287,1.347945,82.5,0.557057,0.792219,-0.332794,-0.113273,-1.198238,0.943425,1.0
BTCUSD_12799_BEARISH_12782_12788,BTCUSD,1h,SHORT,2025-11-16T07:00:00+00:00,2025-11-15T14:00:00+00:00,2025-11-15T20:00:00+00:00,12782,12788,12799,95971.5,96450.0,95151.21,478.5,0.498586,70,internal|bos|brk12788|form12782,internal,96450.0,95971.5,-1.0,0,0.299896,1.336468,2,SL_HIT,2025-11-16T09:00:00+00:00,0.498048,0.623056,0.498586,0.623056,0.783699,0.221526,0.259143,0.623056,0.934258,17.0,11.0,1.0,0.134768,1.0,0.0,0.0,0.0,1.0,0.185567,0.013021,0.799364,70.0,0.302759,0.492194,0.136016,-0.048376,-1.46356,0.509179,0.0
BTCUSD_12805_BULLISH_12793_12801,BTCUSD,1h,LONG,2025-11-16T13:00:00+00:00,2025-11-16T01:00:00+00:00,2025-11-16T09:00:00+00:00,12793,12801,12805,95308.125,94815.0,96153.48,493.125,0.517401,67,internal|choch|brk12801|form12793,internal,95472.5,94815.0,-1.0,0,0.685171,2.00076,2,SL_HIT,2025-11-16T15:00:00+00:00,0.689333,0.861982,0.517401,0.646487,0.862357,0.593156,0.125475,0.861982,0.673854,12.0,4.0,2.0,0.09685,0.0,1.0,0.0,0.0,0.0,0.124432,0.015732,0.799707,67.5,0.361436,0.973417,-0.740941,-0.212376,-0.792561,1.436423,1.0
ETHUSD_12805_BULLISH_12793_12801,ETHUSD,1h,LONG,2025-11-16T13:00:00+00:00,2025-11-16T01:00:00+00:00,2025-11-16T09:00:00+00:00,12793,12801,12805,3150.7,3130.6,3185.16,20.1,0.637953,54,internal|bos|brk12801|form12793,internal,3157.4,3130.6,-1.0,0,1.475124,2.666667,2,SL_HIT,2025-11-16T15:00:00+00:00,0.849917,0.64303,0.637953,0.482272,0.845149,0.701493,0.074627,0.64303,0.688618,12.0,4.0,1.0,0.061184,1.0,0.0,0.0,0.0,1.0,0.162735,0.002399,1.321738,65.5,0.707082,0.82898,-2.045603,-0.545647,0.306973,1.674846,1.0
XRPUSD_12813_BULLISH_12588_12592,XRPUSD,1h,LONG,2025-11-16T21:00:00+00:00,2025-11-07T12:00:00+00:00,2025-11-07T16:00:00+00:00,12588,12592,12813,2.186025,2.1531,2.24,0.032925,1.506158,23,internal|choch|brk12592|form12588,internal,2.197,2.1531,1.639332,1,1.936978,0.678056,3,TP_HIT,2025-11-17T00:00:00+00:00,1.998998,1.432672,1.506158,1.074504,0.979499,0.965831,0.441913,1.432672,1.648062,225.0,221.0,6.0,0.328797,0.0,1.0,0.0,1.0,0.0,0.111709,0.006527,1.395294,68.0,0.773017,0.770183,1.221423,-2.818834,-4.975985,1.235838,1.0
ETHUSD_12820_BEARISH_12760_12808,ETHUSD,1h,SHORT,2025-11-17T04:00:00+00:00,2025-11-14T16:00:00+00:00,2025-11-16T16:00:00+00:00,12760,12808,12820,3200.6125,3256.6,3104.63,55.9875,1.749275,20,internal|bos|brk12808|form12760,internal,3256.6,3181.95,1.714356,1,1.90422,0.388256,9,TP_HIT,2025-11-17T13:00:00+00:00,2.343652,1.748391,1.749275,1.311293,0.956463,0.154722,0.456798,1.748391,1.021163,60.0,12.0,0.0,0.360979,1.0,0.0,0.0,0.0,1.0,0.325472,0.001171,1.340462,80.5,0.972836,0.646424,2.914378,1.01324,-0.24897,0.696428,0.0
SOLUSD_12867_BULLISH_12864_12866,SOLUSD,1h,LONG,2025-11-19T03:00:00+00:00,2025-11-19T00:00:00+00:00,2025-11-19T02:00:00+00:00,12864,12866,12867,140.99225,139.259,143.96,1.73325,1.229323,28,internal|choch|brk12866|form12864,internal,141.57,139.259,-1.0,0,0.0,1.478869,1,SL_HIT,2025-11-19T04:00:00+00:00,1.652946,1.054235,1.229323,0.790677,0.238858,0.93942,0.203375,1.054235,0.802879,3.0,1.0,0.0,0.538864,0.0,1.0,0.0,0.0,1.0,0.69251,0.005018,1.56791,28.5,0.803746,1.374475,-1.151725,1.165702,1.107174,0.572227,1.0
SOLUSD_12871_BEARISH_12866_12868,SOLUSD,1h,SHORT,2025-11-19T07:00:00+00:00,2025-11-19T02:00:00+00:00,2025-11-19T04:00:00+00:00,12866,12868,12871,140.71975,142.822,137.12,2.10225,1.493927,23,internal|choch|brk12868|form12866,internal,142.822,140.019,1.712332,1,1.932097,0.148056,6,TP_HIT,2025-11-19T13:00:00+00:00,1.99401,1.281594,1.493927,0.961196,0.803068,0.39422,0.627899,1.281594,0.497915,5.0,3.0,0.0,0.068012,0.0,1.0,0.0,1.0,1.0,0.740183,0.028805,1.555883,20.5,0.872021,0.989886,-1.111494,-0.339596,-0.027736,0.970145,0.0
BTCUSD_12887_BEARISH_12871_12879,BTCUSD,1h,SHORT,2025-11-19T23:00:00+00:00,2025-11-19T07:00:00+00:00,2025-11-19T15:00:00+00:00,12871,12879,12887,91183.5,91998.0,89787.21,814.5,0.893254,39,internal|bos|brk12879|form12871,internal,91998.0,90912.0,-1.0,0,0.042357,1.349294,1,SL_HIT,2025-11-20T00:00:00+00:00,1.186658,1.33321,0.893254,0.999907,0.442449,0.596685,0.820902,1.33321,2.186415,16.0,8.0,0.0,0.41003,1.0,0.0,0.0,0.0,1.0,0.365928,0.010435,0.890076,100.0,0.732489,1.363287,2.572221,0.080377,-0.445462,0.662265,0.0
BTCUSD_12947_BEARISH_12942_12946,BTCUSD,1h,SHORT,2025-11-22T11:00:00+00:00,2025-11-22T06:00:00+00:00,2025-11-22T10:00:00+00:00,12942,12946,12947,84229.25,84773.0,83297.11,543.75,0.64556,54,internal|bos|brk12946|form12942,internal,84773.0,84048.0,-1.0,0,1.182069,1.189425,5,SL_HIT,2025-11-22T16:00:00+00:00,0.862325,0.811691,0.64556,0.608768,0.962759,0.386897,0.478621,0.811691,0.260301,5.0,1.0,0.0,0.172694,1.0,0.0,0.0,1.0,1.0,0.262891,0.016794,1.062382,90.5,0.735827,0.857033,-0.627615,-0.547683,-8.477344,0.661293,0.0
XRPUSD_12952_BEARISH_12938_12949,XRPUSD,1h,SHORT,2025-11-22T16:00:00+00:00,2025-11-22T02:00:00+00:00,2025-11-22T13:00:00+00:00,12938,12949,12952,1.943275,1.9627,1.91,0.019425,0.999601,35,internal|bos|brk12949|form12938,internal,1.9627,1.9368,-1.0,0,1.27027,1.216216,6,SL_HIT,2025-11-22T22:00:00+00:00,1.332853,0.799987,0.999601,0.599991,0.752896,0.528958,0.416988,0.799987,0.200769,14.0,3.0,1.0,0.002317,1.0,0.0,0.0,0.0,1.0,0.292311,0.154438,1.666093,88.0,1.055837,0.750567,1.414331,-0.867258,-8.451899,0.90668,0.0
BTCUSD_12959_BULLISH_12952_12958,BTCUSD,1h,LONG,2025-11-22T23:00:00+00:00,2025-11-22T16:00:00+00:00,2025-11-22T22:00:00+00:00,12952,12958,12959,84702.75,84183.0,85593.75,519.75,0.613616,57,internal|choch|brk12958|form12952,internal,84876.0,84183.0,1.714286,1,2.7595,0.139971,2,TP_HIT,2025-11-23T01:00:00+00:00,0.818211,0.794861,0.613616,0.596146,0.741703,0.36075,0.607504,0.794861,0.74554,7.0,1.0,0.0,0.006595,0.0,1.0,0.0,1.0,0.0,0.319603,0.015484,1.029376,82.5,0.362382,0.596432,0.076212,0.845369,-2.931637,0.374031,1.0
BTCUSD_12986_BEARISH_12910_12914,BTCUSD,1h,SHORT,2025-11-24T02:00:00+00:00,2025-11-20T22:00:00+00:00,2025-11-21T02:00:00+00:00,12910,12914,12986,87433.25,88223.0,86079.39,789.75,0.90326,38,internal|bos|brk12914|form12910,internal,88223.0,87170.0,1.714289,1,2.093384,0.470719,7,TP_HIT,2025-11-24T09:00:00+00:00,1.203525,1.237325,0.90326,0.927994,0.693257,0.891738,0.764482,1.237325,1.900051,76.0,72.0,10.0,0.070209,1.0,0.0,0.0,1.0,0.0,0.549262,0.042302,0.972683,70.5,0.453348,1.225574,-0.523007,1.384149,3.292643,0.737949,0.0
XRPUSD_12988_BULLISH_12984_12986,XRPUSD,1h,LONG,2025-11-24T04:00:00+00:00,2025-11-24T00:00:00+00:00,2025-11-24T02:00:00+00:00,12984,12986,12988,2.05525,2.023,2.11,0.03225,1.569152,22,internal|bos|brk12986|form12984,internal,2.066,2.023,1.697674,1,2.026357,0.550388,12,TP_HIT,2025-11-24T16:00:00+00:00,2.090525,1.372628,1.569152,1.029471,0.788372,0.5,0.037209,1.372628,1.085334,4.0,2.0,0.0,0.052671,1.0,0.0,0.0,1.0,1.0,0.719501,0.031922,1.523009,59.5,0.722319,1.356667,0.429667,0.45419,5.503693,0.89392,1.0
ETHUSD_12993_BULLISH_12984_12989,ETHUSD,1h,LONG,2025-11-24T09:00:00+00:00,2025-11-24T00:00:00+00:00,2025-11-24T05:00:00+00:00,12984,12989,12993,2792.525,2762.0,2844.85,30.525,1.093097,32,internal|bos|brk12989|form12984,internal,2802.7,2762.0,1.714169,1,1.833743,0.289107,5,TP_HIT,2025-11-24T14:00:00+00:00,1.45513,0.971419,1.093097,0.728564,0.859951,0.388206,0.332924,0.971419,1.013187,9.0,4.0,0.0,0.106808,1.0,0.0,0.0,0.0,1.0,0.410436,0.004774,1.497944,8.5,0.864386,1.21487,-0.964858,-0.386417,1.500553,1.19708,1.0
SOLUSD_12993_BULLISH_12967_12975,SOLUSD,1h,LONG,2025-11-24T09:00:00+00:00,2025-11-23T07:00:00+00:00,2025-11-23T15:00:00+00:00,12967,12975,12993,129.09225,128.094,130.8,0.99825,0.773284,45,internal|bos|brk12975|form12967,internal,129.425,128.094,1.710744,1,2.498122,0.588279,5,TP_HIT,2025-11-24T14:00:00+00:00,1.032704,0.618469,0.773284,0.463852,0.59429,0.758828,0.368896,0.618469,0.994847,26.0,18.0,1.0,0.096302,1.0,0.0,0.0,0.0,1.0,0.322574,0.022304,1.669775,5.5,0.918822,1.036202,-1.902805,-2.505352,0.917683,1.011809,1.0
BTCUSD_13000_BEARISH_12986_12993,BTCUSD,1h,SHORT,2025-11-24T16:00:00+00:00,2025-11-24T02:00:00+00:00,2025-11-24T09:00:00+00:00,12986,12993,13000,87246.75,88029.0,85905.75,782.25,0.896595,39,internal|choch|brk12993|form12986,internal,88029.0,86986.0,-1.0,0,0.427293,1.485778,1,SL_HIT,2025-11-24T17:00:00+00:00,1.197041,1.229654,0.896595,0.922241,0.860499,0.668265,0.432407,1.229654,1.181906,14.0,7.0,0.0,0.135875,0.0,1.0,0.0,0.0,0.0,0.548793,0.015916,0.973478,63.5,0.572678,1.300981,1.0314,0.102824,3.164257,1.913254,0.0
BTCUSD_13044_BULLISH_12998_13001,BTCUSD,1h,LONG,2025-11-26T12:00:00+00:00,2025-11-24T14:00:00+00:00,2025-11-24T17:00:00+00:00,12998,13001,13044,86283.0,85234.5,88080.43,1048.5,1.215187,28,internal|choch|brk13001|form12998,internal,86632.5,85234.5,1.714287,1,3.483071,0.0,5,TP_HIT,2025-11-26T17:00:00+00:00,1.614123,1.732743,1.215187,1.299557,0.984263,0.402003,0.012518,1.732743,1.466882,46.0,43.0,4.0,0.405918,0.0,1.0,0.0,0.0,1.0,0.549493,0.018592,0.931542,19.0,0.437,1.083894,-1.473173,-0.450562,0.678861,0.940261,1.0
SOLUSD_13044_BULLISH_13022_13033,SOLUSD,1h,LONG,2025-11-26T12:00:00+00:00,2025-11-25T14:00:00+00:00,2025-11-26T01:00:00+00:00,13022,13033,13044,135.406,133.087,139.38,2.319,1.712627,20,internal|bos|brk13033|form13022,internal,136.179,133.087,1.71367,1,2.435791,0.0,5,TP_HIT,2025-11-26T17:00:00+00:00,2.280118,1.522751,1.712627,1.142063,0.815006,0.206986,0.252587,1.522751,0.473274,22.0,11.0,0.0,0.098989,1.0,0.0,0.0,0.0,1.0,0.674931,0.004925,1.497368,0.5,0.685562,0.773195,-3.082476,-1.138741,4.930553,1.00418,1.0
XRPUSD_13049_BEARISH_13008_13015,XRPUSD,1h,SHORT,2025-11-26T17:00:00+00:00,2025-11-25T00:00:00+00:00,2025-11-25T07:00:00+00:00,13008,13015,13049,2.23515,2.2641,2.19,0.02895,1.295215,27,internal|choch|brk13015|form13008,internal,2.2641,2.2255,1.559585,1,1.62867,0.64076,15,TP_HIT,2025-11-27T08:00:00+00:00,1.728384,1.266826,1.295215,0.950119,0.797927,0.360104,0.821244,1.266826,0.676078,41.0,34.0,1.0,0.060716,0.0,1.0,0.0,0.0,0.0,0.867025,0.006564,1.364343,5.5,0.726562,1.640966,3.864757,1.953892,6.846235,1.577407,0.0
ETHUSD_13058_BULLISH_13056_13057,ETHUSD,1h,LONG,2025-11-27T02:00:00+00:00,2025-11-27T00:00:00+00:00,2025-11-27T01:00:00+00:00,13056,13057,13058,3036.725,3005.0,3091.11,31.725,1.044711,33,internal|bos|brk13057|form13056,internal,3047.3,3005.0,-1.0,0,0.524035,1.55792,10,SL_HIT,2025-11-27T12:00:00+00:00,1.39312,1.079949,1.044711,0.809962,0.741135,0.276596,0.217494,1.079949,0.435299,2.0,1.0,0.0,0.009574,1.0,0.0,0.0,1.0,1.0,0.889736,0.008936,1.289987,0.5,0.771386,0.887192,0.509773,4.218367,3.196479,0.425471,1.0
BTCUSD_13074_BEARISH_13065_13069,BTCUSD,1h,SHORT,2025-11-27T18:00:00+00:00,2025-11-27T09:00:00+00:00,2025-11-27T13:00:00+00:00,13065,13069,13074,91449.0,91914.5,90651.0,465.5,0.509027,68,internal|choch|brk13069|form13065,internal,91914.5,91449.0,1.714286,1,1.778733,0.646617,8,TP_HIT,2025-11-28T02:00:00+00:00,0.507351,0.597456,0.509027,0.597456,0.351235,0.773362,0.180451,0.597456,0.182253,9.0,5.0,2.0,0.387608,0.0,1.0,0.0,0.0,0.0,0.975524,0.005134,0.849186,0.5,0.28369,0.645586,1.022324,0.761053,5.351935,1.077676,0.0
ETHUSD_13074_BEARISH_13058_13068,ETHUSD,1h,SHORT,2025-11-27T18:00:00+00:00,2025-11-27T02:00:00+00:00,2025-11-27T12:00:00+00:00,13058,13068,13074,3044.2875,3070.35,2999.61,26.0625,0.856112,40,internal|choch|brk13068|form13058,internal,3070.35,3035.6,1.714245,1,1.977458,0.0,7,TP_HIT,2025-11-28T01:00:00+00:00,1.144353,0.922611,0.856112,0.691958,0.969784,0.083453,0.428777,0.922611,0.970401,16.0,6.0,0.0,0.202775,0.0,1.0,0.0,0.0,0.0,0.890709,0.017257,1.240342,0.5,0.411503,0.621269,1.405887,0.120343,3.70364,1.069365,0.0
SOLUSD_13089_BEARISH_13074_13081,SOLUSD,1h,SHORT,2025-11-28T09:00:00+00:00,2025-11-27T18:00:00+00:00,2025-11-28T01:00:00+00:00,13074,13081,13089,141.897,143.136,139.77,1.239,0.873169,40,internal|bos|brk13081|form13074,internal,143.136,141.484,-1.0,0,1.596449,1.230831,4,SL_HIT,2025-11-28T13:00:00+00:00,1.166255,0.873521,0.873169,0.655141,0.899516,0.700969,0.81477,0.873521,1.021047,15.0,8.0,1.0,0.130605,1.0,0.0,0.0,0.0,0.0,0.809084,0.010047,1.335119,1.0,0.640916,0.857658,1.149672,-0.89693,1.236421,1.329772,0.0
BTCUSD_13096_BULLISH_13082_13090,BTCUSD,1h,LONG,2025-11-28T16:00:00+00:00,2025-11-28T02:00:00+00:00,2025-11-28T10:00:00+00:00,13082,13090,13096,91110.0,90621.0,91948.29,489.0,0.536714,65,internal|choch|brk13090|form13082,internal,91110.0,90621.0,-1.0,0,0.127812,1.93456,1,SL_HIT,2025-11-28T17:00:00+00:00,0.538013,0.642452,0.536714,0.642452,0.550102,0.582822,0.575665,0.642452,0.318598,14.0,6.0,1.0,0.289038,0.0,1.0,0.0,0.0,1.0,0.720997,0.009854,0.837437,7.0,0.502839,1.979252,-0.549826,0.139925,4.63182,2.128501,1.0
ETHUSD_13122_BEARISH_13119_13121,ETHUSD,1h,SHORT,2025-11-29T18:00:00+00:00,2025-11-29T15:00:00+00:00,2025-11-29T17:00:00+00:00,13119,13121,13122,2994.3625,3014.2,2960.36,19.8375,0.662495,52,internal|bos|brk13121|form13119,internal,3014.2,2987.75,-1.0,0,0.99874,1.204159,14,SL_HIT,2025-11-30T08:00:00+00:00,0.883389,0.762479,0.662495,0.571859,0.758034,0.372401,0.714556,0.762479,0.964269,3.0,1.0,0.0,0.006126,1.0,0.0,0.0,1.0,1.0,0.570251,0.040358,1.158576,1.5,0.438996,1.033454,-0.108427,-0.924854,-0.852677,1.220452,0.0
XRPUSD_13124_BEARISH_13094_13097,XRPUSD,1h,SHORT,2025-11-29T20:00:00+00:00,2025-11-28T14:00:00+00:00,2025-11-28T17:00:00+00:00,13094,13097,13124,2.207775,2.2317,2.17,0.023925,1.08367,32,internal|choch|brk13097|form13094,internal,2.2317,2.1998,1.578892,1,2.360502,0.276907,27,TP_HIT,2025-11-30T23:00:00+00:00,1.444616,1.180124,1.08367,0.885093,0.736677,0.695925,0.216301,1.180124,0.580813,30.0,27.0,9.0,0.015723,0.0,1.0,0.0,1.0,1.0,0.494673,0.018497,1.224122,0.5,0.43165,0.847174,-0.432861,1.293578,-0.884241,1.073053,0.0
SOLUSD_13140_BEARISH_13120_13121,SOLUSD,1h,SHORT,2025-11-30T12:00:00+00:00,2025-11-29T16:00:00+00:00,2025-11-29T17:00:00+00:00,13120,13121,13140,137.21575,137.839,136.15,0.62325,0.454212,77,internal|bos|brk13121|form13120,internal,137.839,137.008,-1.0,0,0.0,4.805856,1,SL_HIT,2025-11-30T13:00:00+00:00,0.604056,0.489684,0.454212,0.367263,0.323706,0.879663,0.084116,0.489684,0.855032,20.0,19.0,2.0,0.208749,1.0,0.0,0.0,0.0,1.0,0.277243,0.012964,1.233563,0.5,0.395022,0.914548,0.800129,0.806777,-3.153819,0.937025,0.0
ETHUSD_13144_BEARISH_13099_13110,ETHUSD,1h,SHORT,2025-11-30T16:00:00+00:00,2025-11-28T19:00:00+00:00,2025-11-29T06:00:00+00:00,13099,13110,13144,3042.325,3060.1,3011.85,17.775,0.584257,59,internal|choch|brk13110|form13099,internal,3060.1,3036.4,1.714487,1,3.011252,0.088608,7,TP_HIT,2025-11-30T23:00:00+00:00,0.778734,0.721554,0.584257,0.541166,0.704641,0.687764,0.310127,0.721554,0.79919,45.0,34.0,3.0,0.032729,0.0,1.0,0.0,0.0,1.0,0.724681,0.001522,1.079246,0.5,0.335464,0.657619,1.367262,1.294725,-0.741973,1.654721,0.0
ETHUSD_13159_BULLISH_12998_13001,ETHUSD,1h,LONG,2025-12-01T07:00:00+00:00,2025-11-24T14:00:00+00:00,2025-11-24T17:00:00+00:00,12998,13001,13159,2832.3,2783.7,2915.61,48.6,1.71592,20,internal|bos|brk13001|form12998,internal,2848.5,2783.7,-1.0,0,0.410494,2.340535,8,SL_HIT,2025-12-01T15:00:00+00:00,2.282454,1.975602,1.71592,1.481701,0.854167,0.649691,0.267747,1.975602,2.474075,161.0,158.0,7.0,0.205792,1.0,0.0,0.0,1.0,0.0,0.111796,0.132621,1.155321,4.0,1.231329,0.731704,0.061678,-6.71453,-6.37305,1.132226,1.0
BTCUSD_13174_BEARISH_13161_13164,BTCUSD,1h,SHORT,2025-12-01T22:00:00+00:00,2025-12-01T09:00:00+00:00,2025-12-01T12:00:00+00:00,13161,13164,13174,86478.0,86895.0,85763.14,417.0,0.482204,72,internal|bos|brk13164|form13161,internal,86895.0,86478.0,-1.0,0,0.786571,2.11271,3,SL_HIT,2025-12-02T01:00:00+00:00,0.481939,0.599851,0.482204,0.599851,0.886091,0.834532,0.347722,0.599851,1.014136,13.0,10.0,1.0,0.068328,1.0,0.0,0.0,0.0,1.0,0.29401,0.012946,0.803431,21.0,0.581066,0.833605,1.885804,0.02948,-4.844359,0.800404,0.0
SOLUSD_13176_BEARISH_13161_13167,SOLUSD,1h,SHORT,2025-12-02T00:00:00+00:00,2025-12-01T09:00:00+00:00,2025-12-01T15:00:00+00:00,13161,13167,13176,127.1325,127.98,125.68,0.8475,0.666627,52,internal|bos|brk13167|form13161,internal,127.98,126.85,-1.0,0,0.412389,1.656047,1,SL_HIT,2025-12-02T01:00:00+00:00,0.887437,0.676372,0.666627,0.507279,0.572566,0.60531,0.554867,0.676372,0.592574,15.0,9.0,2.0,0.120011,1.0,0.0,0.0,0.0,1.0,0.205769,0.022147,1.312054,0.5,0.587568,0.659014,2.802312,0.267731,-6.219021,0.426573,0.0
ETHUSD_13189_BEARISH_13161_13167,ETHUSD,1h,SHORT,2025-12-02T13:00:00+00:00,2025-12-01T09:00:00+00:00,2025-12-01T15:00:00+00:00,13161,13167,13189,2833.65,2852.25,2801.76,18.6,0.656397,53,internal|bos|brk13167|form13161,internal,2852.25,2827.45,-1.0,0,0.0,4.099462,1,SL_HIT,2025-12-02T14:00:00+00:00,0.87218,0.777034,0.656397,0.582775,0.354839,0.804435,0.006048,0.777034,2.257471,28.0,22.0,3.0,0.307054,1.0,0.0,0.0,0.0,1.0,0.328771,0.045431,1.122448,0.5,0.385568,0.816199,1.631639,1.689793,-5.292521,0.830751,0.0
XRPUSD_13189_BEARISH_13161_13167,XRPUSD,1h,SHORT,2025-12-02T13:00:00+00:00,2025-12-01T09:00:00+00:00,2025-12-01T15:00:00+00:00,13161,13167,13189,2.04635,2.0594,2.02,0.01305,0.637721,54,internal|bos|brk13167|form13161,internal,2.0594,2.042,-1.0,0,0.517241,3.498084,1,SL_HIT,2025-12-02T14:00:00+00:00,0.851647,0.690696,0.637721,0.518022,0.936782,0.281609,0.58046,0.690696,0.98444,28.0,22.0,3.0,0.129009,1.0,0.0,0.0,0.0,1.0,0.206648,0.0,1.233028,0.5,0.446713,0.531915,2.103948,0.521525,-6.57979,1.116608,0.0
XRPUSD_13235_BULLISH_13200_13204,XRPUSD,1h,LONG,2025-12-04T11:00:00+00:00,2025-12-03T00:00:00+00:00,2025-12-03T04:00:00+00:00,13200,13204,13235,2.15335,2.1409,2.17,0.01245,0.578169,60,internal|bos|brk13204|form13200,internal,2.1575,2.1409,-1.0,0,0.036145,1.248996,1,SL_HIT,2025-12-04T12:00:00+00:00,0.772093,0.684543,0.578169,0.513407,0.548193,0.993976,0.048193,0.684543,0.952586,35.0,31.0,3.0,0.138146,1.0,0.0,0.0,0.0,1.0,0.708175,0.0,1.127896,0.5,0.401338,0.655676,-1.367098,-2.179353,6.911984,1.025291,1.0
BTCUSD_13238_BULLISH_13196_13202,BTCUSD,1h,LONG,2025-12-04T14:00:00+00:00,2025-12-02T20:00:00+00:00,2025-12-03T02:00:00+00:00,13196,13202,13238,91589.0,90675.5,93155.0,913.5,0.997391,35,internal|bos|brk13202|form13196,internal,91893.5,90675.5,1.714286,1,1.811166,0.0,1,TP_HIT,2025-12-04T15:00:00+00:00,1.325801,1.72557,0.997391,1.294177,0.979885,0.198686,0.720033,1.72557,0.806116,42.0,36.0,3.0,0.396683,1.0,0.0,0.0,0.0,1.0,0.779312,0.017709,0.768326,42.0,0.398636,1.451434,-1.658665,-1.627601,5.313295,1.159774,1.0
SOLUSD_13242_BULLISH_13216_13221,SOLUSD,1h,LONG,2025-12-04T18:00:00+00:00,2025-12-03T16:00:00+00:00,2025-12-03T21:00:00+00:00,13216,13221,13242,141.3175,139.9,143.75,1.4175,1.00306,34,internal|bos|brk13221|form13216,internal,141.79,139.9,-1.0,0,0.0,2.489947,1,SL_HIT,2025-12-04T19:00:00+00:00,1.342902,1.133138,1.00306,0.849854,0.444444,0.779365,0.180423,1.133138,2.274071,26.0,21.0,2.0,0.346237,1.0,0.0,0.0,0.0,1.0,0.7397,0.005995,1.185117,14.5,0.54291,1.153523,-1.069857,-2.704422,0.956265,1.219238,1.0
ETHUSD_13261_BULLISH_13215_13221,ETHUSD,1h,LONG,2025-12-05T13:00:00+00:00,2025-12-03T15:00:00+00:00,2025-12-03T21:00:00+00:00,13215,13221,13261,3095.85,3055.5,3165.02,40.35,1.303358,26,internal|bos|brk13221|form13215,internal,3109.3,3055.5,-1.0,0,1.531599,2.418835,3,SL_HIT,2025-12-05T16:00:00+00:00,1.736324,1.641572,1.303358,1.231179,0.799257,0.815985,0.177509,1.641572,0.814683,46.0,40.0,3.0,0.080858,1.0,0.0,0.0,0.0,1.0,0.728851,0.0,1.057721,42.5,0.543265,1.525624,-1.781469,-1.420549,0.842934,1.296881,1.0
XRPUSD_13286_BEARISH_13278_13280,XRPUSD,1h,SHORT,2025-12-06T14:00:00+00:00,2025-12-06T06:00:00+00:00,2025-12-06T08:00:00+00:00,13278,13280,13286,2.037775,2.0494,2.02,0.011625,0.570475,61,internal|bos|brk13280|form13278,internal,2.0494,2.0339,1.529032,1,1.554839,0.156989,5,TP_HIT,2025-12-06T19:00:00+00:00,0.760288,0.679593,0.570475,0.509694,0.690323,0.845161,0.516129,0.679593,0.556827,8.0,6.0,1.0,0.040556,1.0,0.0,0.0,0.0,1.0,0.131148,0.052614,1.118742,0.5,0.365943,0.815511,0.686488,0.275441,-4.969002,0.645825,0.0
BTCUSD_13291_BULLISH_13280_13286,BTCUSD,1h,LONG,2025-12-06T19:00:00+00:00,2025-12-06T08:00:00+00:00,2025-12-06T14:00:00+00:00,13280,13286,13291,89617.0,89183.5,90360.14,433.5,0.483725,72,internal|choch|brk13286|form13280,internal,89617.0,89183.5,-1.0,0,0.0,1.703576,4,SL_HIT,2025-12-06T23:00:00+00:00,0.485021,0.645073,0.483725,0.645073,0.44752,0.918108,0.741638,0.645073,0.489571,11.0,5.0,3.0,0.35639,0.0,1.0,0.0,0.0,0.0,0.222792,0.014881,0.751886,3.0,0.186628,0.744773,-0.644197,-0.272256,-3.265346,0.929615,1.0
ETHUSD_13291_BULLISH_13280_13286,ETHUSD,1h,LONG,2025-12-06T19:00:00+00:00,2025-12-06T08:00:00+00:00,2025-12-06T14:00:00+00:00,13280,13286,13291,3029.475,3012.45,3058.66,17.025,0.561979,62,internal|choch|brk13286|form13280,internal,3035.15,3012.45,-1.0,0,1.643172,6.885463,19,SL_HIT,2025-12-07T14:00:00+00:00,0.749274,0.711217,0.561979,0.533413,0.755507,0.469163,0.526432,0.711217,0.587459,11.0,5.0,1.0,0.003916,0.0,1.0,0.0,0.0,0.0,0.215046,0.018799,1.05351,1.5,0.314494,0.70965,-0.800576,-0.197654,-4.123548,0.901271,1.0
XRPUSD_13303_BULLISH_13291_13298,XRPUSD,1h,LONG,2025-12-07T07:00:00+00:00,2025-12-06T19:00:00+00:00,2025-12-07T02:00:00+00:00,13291,13298,13303,2.0293,2.0197,2.05,0.0096,0.47307,73,internal|choch|brk13298|form13291,internal,2.0325,2.0197,-1.0,0,2.114583,4.25,7,SL_HIT,2025-12-07T14:00:00+00:00,0.630511,0.581657,0.47307,0.436243,0.8125,0.40625,0.429687,0.581657,0.654364,12.0,5.0,0.0,0.036354,0.0,1.0,0.0,0.0,0.0,0.089682,0.081795,1.083991,0.5,0.422727,0.927015,-0.840131,-0.206459,-2.436563,1.615449,1.0
BTCUSD_13311_BEARISH_13300_13310,BTCUSD,1h,SHORT,2025-12-07T15:00:00+00:00,2025-12-07T04:00:00+00:00,2025-12-07T14:00:00+00:00,13300,13310,13311,89448.0,89759.0,88914.86,311.0,0.347688,100,internal|choch|brk13310|form13300,internal,89759.0,89448.0,-1.0,0,1.20418,1.381029,1,SL_HIT,2025-12-07T16:00:00+00:00,0.347432,0.477051,0.347688,0.477051,0.787781,0.771704,0.586817,0.477051,1.258587,11.0,1.0,0.0,0.101239,0.0,1.0,0.0,0.0,1.0,0.281412,0.125015,0.72829,5.0,0.446427,2.377588,0.347518,0.169534,-1.026619,2.078604,0.0
XRPUSD_13311_BEARISH_13300_13310,XRPUSD,1h,SHORT,2025-12-07T15:00:00+00:00,2025-12-07T04:00:00+00:00,2025-12-07T14:00:00+00:00,13300,13310,13311,2.056425,2.073,2.03,0.016575,0.80601,43,internal|choch|brk13310|form13300,internal,2.073,2.0509,-1.0,0,1.171946,2.3273,2,SL_HIT,2025-12-07T17:00:00+00:00,1.077156,1.003128,0.80601,0.752346,0.963801,0.199095,0.696833,1.003128,1.457032,11.0,1.0,0.0,0.21447,0.0,1.0,0.0,0.0,1.0,0.280142,0.018156,1.073797,5.0,0.822923,2.641721,1.078924,0.78102,-0.639256,1.771164,0.0
XRPUSD_13314_BEARISH_13248_13257,XRPUSD,1h,SHORT,2025-12-07T18:00:00+00:00,2025-12-05T00:00:00+00:00,2025-12-05T09:00:00+00:00,13248,13257,13314,2.09845,2.1121,2.08,0.01365,0.65048,53,internal|bos|brk13257|form13248,internal,2.1121,2.0939,1.351648,1,1.454212,0.611722,2,TP_HIT,2025-12-07T20:00:00+00:00,0.865348,0.821981,0.65048,0.616486,0.489011,0.879121,0.521978,0.821981,0.894243,66.0,57.0,2.0,0.214528,1.0,0.0,0.0,0.0,0.0,0.508422,0.018066,1.052759,8.5,0.879122,1.061349,3.605911,1.731644,3.468293,2.175626,0.0
ETHUSD_13318_BULLISH_13312_13313,ETHUSD,1h,LONG,2025-12-07T22:00:00+00:00,2025-12-07T16:00:00+00:00,2025-12-07T17:00:00+00:00,13312,13313,13318,3029.3625,2998.35,3082.53,31.0125,1.02373,34,internal|choch|brk13313|form13312,internal,3039.7,2998.35,1.714389,1,3.385328,0.164853,3,TP_HIT,2025-12-08T01:00:00+00:00,1.363314,1.295988,1.02373,0.971991,0.839178,0.674728,0.309553,1.295988,2.294227,6.0,5.0,0.0,0.115573,0.0,1.0,0.0,0.0,1.0,0.368742,0.015671,1.05195,13.5,1.221922,2.314599,-2.54948,-0.120196,0.388905,1.153474,1.0
XRPUSD_13318_BULLISH_13310_13313,XRPUSD,1h,LONG,2025-12-07T22:00:00+00:00,2025-12-07T14:00:00+00:00,2025-12-07T17:00:00+00:00,13310,13313,13318,2.020525,1.9885,2.08,0.032025,1.584984,22,internal|choch|brk13313|form13310,internal,2.0312,1.9885,1.857143,1,2.175644,0.0,3,TP_HIT,2025-12-08T01:00:00+00:00,2.103656,1.912918,1.584984,1.434689,0.967213,0.47541,0.751756,1.912918,1.303651,8.0,5.0,0.0,0.415511,0.0,1.0,0.0,0.0,1.0,0.183067,0.094078,1.09971,12.0,0.998168,1.653084,-2.712807,-0.014778,0.380792,1.009081,1.0
XRPUSD_13335_BULLISH_13322_13328,XRPUSD,1h,LONG,2025-12-08T15:00:00+00:00,2025-12-08T02:00:00+00:00,2025-12-08T08:00:00+00:00,13322,13328,13335,2.072125,2.0575,2.1,0.014625,0.705797,49,internal|bos|brk13328|form13322,internal,2.077,2.0575,-1.0,0,1.447863,1.082051,12,SL_HIT,2025-12-09T03:00:00+00:00,0.939623,0.883469,0.705797,0.662602,0.912821,0.512821,0.312821,0.883469,0.235592,13.0,7.0,0.0,0.143847,1.0,0.0,0.0,0.0,1.0,0.515134,0.058898,1.063561,7.5,0.587676,1.164367,-1.067836,1.571065,2.236563,1.309483,1.0
SOLUSD_13353_BULLISH_13319_13328,SOLUSD,1h,LONG,2025-12-09T09:00:00+00:00,2025-12-07T23:00:00+00:00,2025-12-08T08:00:00+00:00,13319,13328,13353,131.91375,130.584,134.19,1.32975,1.008045,34,internal|bos|brk13328|form13319,internal,132.357,130.584,1.711788,1,4.975559,0.228652,6,TP_HIT,2025-12-09T15:00:00+00:00,1.339863,1.158112,1.008045,0.868584,0.98308,0.311337,0.540327,1.158112,0.575463,34.0,25.0,3.0,0.269932,1.0,0.0,0.0,0.0,1.0,0.355217,0.021555,1.156937,7.0,0.621149,0.536272,-0.24801,-0.965446,0.174114,0.56112,1.0
XRPUSD_13356_BEARISH_13340_13346,XRPUSD,1h,SHORT,2025-12-09T12:00:00+00:00,2025-12-08T20:00:00+00:00,2025-12-09T02:00:00+00:00,13340,13346,13356,2.080175,2.0933,2.06,0.013125,0.630957,55,internal|choch|brk13346|form13340,internal,2.0933,2.0758,1.537143,1,2.466667,0.375238,2,TP_HIT,2025-12-09T14:00:00+00:00,0.840134,0.817244,0.630957,0.612933,0.588571,0.542857,0.44,0.817244,0.107409,16.0,10.0,0.0,0.131926,0.0,1.0,0.0,0.0,0.0,0.7,0.02802,1.02801,0.5,0.403923,0.901303,1.121414,-0.191663,2.620948,0.766971,0.0
ETHUSD_13378_BULLISH_13369_13377,ETHUSD,1h,LONG,2025-12-10T10:00:00+00:00,2025-12-10T01:00:00+00:00,2025-12-10T09:00:00+00:00,13369,13377,13378,3307.8625,3287.35,3343.03,20.5125,0.620113,56,internal|bos|brk13377|form13369,internal,3314.7,3287.35,1.714442,1,3.004875,0.556368,6,TP_HIT,2025-12-10T16:00:00+00:00,0.825922,0.849053,0.620113,0.63679,0.88117,0.184644,0.117002,0.849053,0.796278,9.0,1.0,0.0,0.11137,1.0,0.0,0.0,0.0,1.0,0.822584,0.012418,0.972757,46.5,1.291352,2.047351,-0.310078,-1.375962,5.361205,0.76014,1.0
BTCUSD_13384_BEARISH_13378_13382,BTCUSD,1h,SHORT,2025-12-10T16:00:00+00:00,2025-12-10T10:00:00+00:00,2025-12-10T14:00:00+00:00,13378,13382,13384,92380.625,93231.5,90921.98,850.875,0.921054,37,internal|choch|brk13382|form13378,internal,93231.5,92097.0,-1.0,0,0.887469,2.43323,4,SL_HIT,2025-12-10T20:00:00+00:00,1.231325,1.732315,0.921054,1.299236,0.965183,0.405906,0.553989,1.732315,0.396241,6.0,2.0,1.0,0.372765,0.0,1.0,0.0,0.0,0.0,0.646476,0.056497,0.710798,9.5,0.285895,1.071913,0.045062,-0.154423,1.451805,1.241165,0.0
SOLUSD_13387_BEARISH_13372_13378,SOLUSD,1h,SHORT,2025-12-10T19:00:00+00:00,2025-12-10T04:00:00+00:00,2025-12-10T10:00:00+00:00,13372,13378,13387,138.5835,140.22,135.78,1.6365,1.180877,29,internal|choch|brk13378|form13372,internal,140.22,138.038,-1.0,0,0.693859,2.455545,1,SL_HIT,2025-12-10T20:00:00+00:00,1.573406,1.384917,1.180877,1.038688,0.705775,0.715857,0.425756,1.384917,1.276383,15.0,9.0,3.0,0.061249,0.0,1.0,0.0,0.0,0.0,0.636821,0.000635,1.136102,47.0,0.528456,2.171946,1.072824,-0.265374,2.12227,1.34051,0.0
SOLUSD_13413_BEARISH_13386_13392,SOLUSD,1h,SHORT,2025-12-11T21:00:00+00:00,2025-12-10T18:00:00+00:00,2025-12-11T00:00:00+00:00,13386,13392,13413,137.16575,139.499,133.17,2.33325,1.701044,20,internal|bos|brk13392|form13386,internal,139.499,136.388,-1.0,0,0.762349,1.284153,9,SL_HIT,2025-12-12T06:00:00+00:00,2.270488,1.93699,1.701044,1.452742,0.797171,0.447123,0.288975,1.93699,1.458813,27.0,21.0,1.0,0.09137,1.0,0.0,0.0,0.0,1.0,0.502128,0.022415,1.172173,63.0,0.764663,1.045389,4.3517,4.594656,-3.604142,1.228751,0.0
ETHUSD_13416_BULLISH_13406_13412,ETHUSD,1h,LONG,2025-12-12T00:00:00+00:00,2025-12-11T14:00:00+00:00,2025-12-11T20:00:00+00:00,13406,13412,13416,3182.4,3144.0,3248.23,38.4,1.206637,29,internal|choch|brk13412|form13406,internal,3195.2,3144.0,1.714323,1,2.157552,0.0,2,TP_HIT,2025-12-12T02:00:00+00:00,1.605746,1.534705,1.206637,1.151029,0.870117,0.21582,0.633789,1.534705,0.803322,10.0,4.0,0.0,0.184344,0.0,1.0,0.0,0.0,0.0,0.406509,0.053954,1.046289,96.0,0.548483,1.856934,-0.147185,-0.292379,-4.180127,0.504085,1.0
BTCUSD_13436_BULLISH_13406_13410,BTCUSD,1h,LONG,2025-12-12T20:00:00+00:00,2025-12-11T14:00:00+00:00,2025-12-11T18:00:00+00:00,13406,13410,13436,90150.75,89227.5,91733.46,923.25,1.024118,34,internal|choch|brk13410|form13406,internal,90458.5,89227.5,-1.0,0,0.496886,1.670999,39,SL_HIT,2025-12-14T11:00:00+00:00,1.365464,1.823988,1.024118,1.367991,0.751422,0.829407,0.448416,1.823988,1.085355,30.0,26.0,5.0,0.002593,0.0,1.0,0.0,1.0,0.0,0.173318,0.01704,0.748614,66.0,0.641432,0.659362,0.276964,-2.447668,-2.494092,1.30629,1.0
SOLUSD_13452_BULLISH_13445_13448,SOLUSD,1h,LONG,2025-12-13T12:00:00+00:00,2025-12-13T05:00:00+00:00,2025-12-13T08:00:00+00:00,13445,13448,13452,132.977,132.301,134.14,0.676,0.508359,68,internal|choch|brk13448|form13445,internal,132.977,132.301,-1.0,0,1.227811,1.258876,5,SL_HIT,2025-12-13T17:00:00+00:00,0.508439,0.438597,0.508359,0.438597,0.968935,0.534024,0.279586,0.438597,0.687741,7.0,4.0,0.0,0.013625,0.0,1.0,0.0,1.0,1.0,0.247488,0.040226,1.159239,14.5,0.420584,0.694878,0.037621,0.865607,1.643655,0.882916,1.0
XRPUSD_13457_BULLISH_13434_13444,XRPUSD,1h,LONG,2025-12-13T17:00:00+00:00,2025-12-12T18:00:00+00:00,2025-12-13T04:00:00+00:00,13434,13444,13457,2.015525,1.9886,2.06,0.026925,1.33588,26,internal|choch|brk13444|form13434,internal,2.0245,1.9886,-1.0,0,0.522748,1.0,18,SL_HIT,2025-12-14T11:00:00+00:00,1.778196,1.821867,1.33588,1.3664,0.844011,0.197772,0.45961,1.821867,0.578531,23.0,13.0,1.0,0.171276,0.0,1.0,0.0,0.0,1.0,0.247271,0.020299,0.97603,0.5,0.255133,0.426286,-0.610447,0.27317,1.167569,0.82254,1.0
SOLUSD_13486_BULLISH_13396_13409,SOLUSD,1h,LONG,2025-12-14T22:00:00+00:00,2025-12-11T04:00:00+00:00,2025-12-11T17:00:00+00:00,13396,13409,13486,130.881,129.024,134.06,1.857,1.418846,24,internal|choch|brk13409|form13396,internal,131.5,129.024,-1.0,0,0.0,1.608508,1,SL_HIT,2025-12-14T23:00:00+00:00,1.902055,1.722939,1.418846,1.292205,0.464863,0.858239,0.67084,1.722939,0.661759,90.0,77.0,17.0,0.491274,0.0,1.0,0.0,1.0,0.0,0.085907,0.017396,1.103959,0.5,0.306565,0.516325,0.130764,-2.30476,-1.042221,0.534914,1.0
ETHUSD_13488_BEARISH_13476_13487,ETHUSD,1h,SHORT,2025-12-15T00:00:00+00:00,2025-12-14T12:00:00+00:00,2025-12-14T23:00:00+00:00,13476,13487,13488,3079.075,3107.65,3030.09,28.575,0.928038,37,internal|choch|brk13487|form13476,internal,3107.65,3069.55,-1.0,0,0.464567,1.433946,1,SL_HIT,2025-12-15T01:00:00+00:00,1.239427,1.263207,0.928038,0.947405,0.883202,0.400262,0.345144,1.263207,0.391229,12.0,1.0,0.0,0.168262,0.0,1.0,0.0,1.0,1.0,0.145178,0.0,0.981175,7.0,0.328291,0.954865,-0.596614,-1.10986,-0.591793,0.727347,0.0
SOLUSD_13497_BEARISH_13464_13475,SOLUSD,1h,SHORT,2025-12-15T09:00:00+00:00,2025-12-14T00:00:00+00:00,2025-12-14T11:00:00+00:00,13464,13475,13497,132.92625,133.647,131.69,0.72075,0.542218,64,internal|bos|brk13475|form13464,internal,133.647,132.686,-1.0,0,4.651058,3.51266,5,SL_HIT,2025-12-15T14:00:00+00:00,0.723879,0.673871,0.542218,0.505403,0.926119,0.573361,0.156087,0.673871,0.225091,33.0,22.0,3.0,0.118681,1.0,0.0,0.0,0.0,1.0,0.396397,0.015427,1.07421,0.5,0.40217,0.605853,0.714638,1.639156,-0.112109,0.646256,0.0
ETHUSD_13503_BULLISH_13267_13359,ETHUSD,1h,LONG,2025-12-15T15:00:00+00:00,2025-12-05T19:00:00+00:00,2025-12-09T15:00:00+00:00,13267,13359,13503,3030.8375,2982.35,3113.96,48.4875,1.599805,21,internal|bos|brk13359|form13267,internal,3047.0,2982.35,-1.0,0,0.0,1.31967,1,SL_HIT,2025-12-15T16:00:00+00:00,2.148019,2.119543,1.599805,1.589657,0.423821,0.95437,0.466357,2.119543,4.222694,236.0,144.0,3.0,0.691351,1.0,0.0,0.0,0.0,0.0,0.085221,0.008196,1.013435,19.0,0.768974,2.435917,-4.736659,-2.090111,-3.183003,2.2622,1.0
SOLUSD_13512_BULLISH_13167_13221,SOLUSD,1h,LONG,2025-12-16T00:00:00+00:00,2025-12-01T15:00:00+00:00,2025-12-03T21:00:00+00:00,13167,13221,13512,125.5025,123.11,129.6,2.3925,1.906337,18,internal|choch|brk13221|form13167,internal,126.3,123.11,1.712644,1,1.852497,0.267712,13,TP_HIT,2025-12-16T13:00:00+00:00,2.528455,2.18231,1.906337,1.636732,0.957367,0.849843,0.310345,2.18231,2.594828,345.0,291.0,8.0,0.452539,0.0,1.0,0.0,1.0,0.0,0.155373,0.058833,1.158614,18.0,0.867279,1.279969,0.944929,-4.966216,-5.017014,0.4723,1.0
SOLUSD_13525_BULLISH_13516_13522,SOLUSD,1h,LONG,2025-12-16T13:00:00+00:00,2025-12-16T04:00:00+00:00,2025-12-16T10:00:00+00:00,13516,13522,13525,126.31025,124.862,128.79,1.44825,1.146582,30,internal|choch|brk13522|form13516,internal,126.793,124.862,1.712239,1,2.41999,0.124461,1,TP_HIT,2025-12-16T14:00:00+00:00,1.523435,1.316684,1.146582,0.987513,0.979285,0.022268,0.191611,1.316684,1.446238,9.0,3.0,0.0,0.301896,0.0,1.0,0.0,1.0,0.0,0.19398,0.005455,1.157025,27.0,0.762347,2.171471,0.627967,0.316573,-3.562217,1.149652,1.0
BTCUSD_13549_BEARISH_13537_13539,BTCUSD,1h,SHORT,2025-12-17T13:00:00+00:00,2025-12-17T01:00:00+00:00,2025-12-17T03:00:00+00:00,13537,13539,13549,87448.0,87935.5,86612.29,487.5,0.557474,62,internal|choch|brk13539|form13537,internal,87935.5,87448.0,-1.0,0,0.673846,4.545641,1,SL_HIT,2025-12-17T14:00:00+00:00,0.556589,0.80194,0.557474,0.80194,0.714872,0.773333,0.028718,0.80194,0.449909,12.0,10.0,0.0,0.228656,0.0,1.0,0.0,0.0,1.0,0.452049,0.047705,0.694053,32.5,0.357962,1.722321,1.403771,-0.189736,-2.261923,1.085393,0.0
SOLUSD_13549_BEARISH_13537_13546,SOLUSD,1h,SHORT,2025-12-17T13:00:00+00:00,2025-12-17T01:00:00+00:00,2025-12-17T10:00:00+00:00,13537,13546,13549,129.03925,129.835,127.68,0.79575,0.616673,56,internal|choch|brk13546|form13537,internal,129.835,128.774,-1.0,0,2.58404,4.58404,1,SL_HIT,2025-12-17T14:00:00+00:00,0.821118,0.72998,0.616673,0.547485,0.585297,0.670123,0.254477,0.72998,0.10389,12.0,3.0,0.0,0.12023,0.0,1.0,0.0,0.0,1.0,0.473924,0.037153,1.124851,12.0,0.482544,1.336117,1.813053,0.497768,-2.300085,1.350849,0.0
XRPUSD_13549_BEARISH_13537_13544,XRPUSD,1h,SHORT,2025-12-17T13:00:00+00:00,2025-12-17T01:00:00+00:00,2025-12-17T08:00:00+00:00,13537,13544,13549,1.924725,1.9395,1.9,0.014775,0.767642,45,internal|choch|brk13544|form13537,internal,1.9395,1.9198,-1.0,0,1.436548,2.820643,1,SL_HIT,2025-12-17T14:00:00+00:00,1.026042,1.074231,0.767642,0.805674,0.989848,0.411168,0.076142,1.074231,0.856113,12.0,5.0,0.0,0.257652,0.0,1.0,0.0,0.0,1.0,0.360374,0.070888,0.95514,4.0,0.340406,1.303255,0.692259,-0.30635,-3.367054,1.000592,0.0
SOLUSD_13550_BEARISH_13501_13502,SOLUSD,1h,SHORT,2025-12-17T14:00:00+00:00,2025-12-15T13:00:00+00:00,2025-12-15T14:00:00+00:00,13501,13502,13550,132.1015,133.297,130.05,1.1955,0.904986,38,internal|bos|brk13502|form13501,internal,133.297,131.703,-1.0,0,4.617733,1.610623,1,SL_HIT,2025-12-17T15:00:00+00:00,1.201586,1.080885,0.904986,0.810664,0.400878,0.617315,0.101004,1.080885,1.478249,49.0,48.0,0.0,0.37736,1.0,0.0,0.0,0.0,1.0,0.764091,0.002034,1.111669,35.0,0.737313,3.867858,4.666924,2.736108,-0.089624,1.597369,0.0
SOLUSD_13551_BULLISH_13545_13550,SOLUSD,1h,LONG,2025-12-17T15:00:00+00:00,2025-12-17T09:00:00+00:00,2025-12-17T14:00:00+00:00,13545,13550,13551,126.767725,125.98,128.12,0.787725,0.621392,56,internal|choch|brk13550|form13545,internal,127.0303,125.98,-1.0,0,1.518645,3.804278,1,SL_HIT,2025-12-17T16:00:00+00:00,0.828417,0.698071,0.621392,0.523553,0.765496,0.427783,0.17138,0.698071,2.282373,6.0,1.0,0.0,0.010817,0.0,1.0,0.0,1.0,0.0,0.269189,0.010634,1.186723,44.5,1.246069,4.948908,0.142967,-1.653027,-4.404868,2.135026,1.0
XRPUSD_13553_BULLISH_13516_13523,XRPUSD,1h,LONG,2025-12-17T17:00:00+00:00,2025-12-16T04:00:00+00:00,2025-12-16T11:00:00+00:00,13516,13523,13553,1.868925,1.8507,1.9,0.018225,0.97516,35,internal|choch|brk13523|form13516,internal,1.875,1.8507,-1.0,0,0.673525,1.241427,2,SL_HIT,2025-12-17T19:00:00+00:00,1.298424,1.275,0.97516,0.95625,0.855967,0.238683,0.016461,1.275,0.724074,37.0,30.0,0.0,0.135108,0.0,1.0,0.0,0.0,0.0,0.109705,0.194136,1.018372,42.5,0.893191,1.616049,-2.04135,-3.051181,-2.738801,2.473511,1.0
BTCUSD_13554_BULLISH_13516_13522,BTCUSD,1h,LONG,2025-12-17T18:00:00+00:00,2025-12-16T04:00:00+00:00,2025-12-16T10:00:00+00:00,13516,13522,13554,85731.375,85234.5,86583.16,496.875,0.579572,60,internal|choch|brk13522|form13516,internal,85897.0,85234.5,1.714284,1,2.242264,0.911447,8,TP_HIT,2025-12-18T02:00:00+00:00,0.772127,1.035673,0.579572,0.776755,0.856604,0.413585,0.057358,1.035673,0.958291,38.0,32.0,0.0,0.110407,0.0,1.0,0.0,0.0,0.0,0.132356,0.002345,0.745531,51.5,0.881697,1.865775,-2.037974,-1.589104,-0.657636,2.376361,1.0
XRPUSD_13569_BEARISH_13556_13565,XRPUSD,1h,SHORT,2025-12-18T09:00:00+00:00,2025-12-17T20:00:00+00:00,2025-12-18T05:00:00+00:00,13556,13565,13569,1.86345,1.8831,1.83,0.01965,1.054496,33,internal|bos|brk13565|form13556,internal,1.8831,1.8569,-1.0,0,0.0,1.239186,3,SL_HIT,2025-12-18T12:00:00+00:00,1.401969,1.384117,1.054496,1.038088,0.545802,0.557252,0.412214,1.384117,1.183367,13.0,4.0,0.0,0.282635,1.0,0.0,0.0,0.0,1.0,0.220081,0.052829,1.012898,42.0,1.00134,1.252045,0.847229,0.608345,-0.298762,1.063959,0.0
XRPUSD_13573_BEARISH_13549_13553,XRPUSD,1h,SHORT,2025-12-18T13:00:00+00:00,2025-12-17T13:00:00+00:00,2025-12-17T17:00:00+00:00,13549,13553,13573,1.909975,1.9279,1.88,0.017925,0.938494,37,internal|choch|brk13553|form13549,internal,1.9279,1.904,-1.0,0,1.164575,1.306834,2,SL_HIT,2025-12-18T15:00:00+00:00,1.249543,1.260324,0.938494,0.945243,0.635983,0.807531,0.39749,1.260324,1.371063,24.0,20.0,0.0,0.143698,0.0,1.0,0.0,0.0,1.0,0.463868,0.11074,0.991446,44.5,0.651146,2.209521,3.199525,2.447777,-0.35945,1.226407,0.0
BTCUSD_13596_BEARISH_13576_13579,BTCUSD,1h,SHORT,2025-12-19T12:00:00+00:00,2025-12-18T16:00:00+00:00,2025-12-18T19:00:00+00:00,13576,13579,13596,87984.0,88509.0,87084.0,525.0,0.596699,58,internal|bos|brk13579|form13576,internal,88509.0,87809.0,-1.0,0,0.928571,1.047619,2,SL_HIT,2025-12-19T14:00:00+00:00,0.796822,1.070468,0.596699,0.802851,0.942857,0.807857,0.717857,1.070468,2.260217,20.0,17.0,5.0,0.206447,1.0,0.0,0.0,1.0,0.0,0.57587,0.003058,0.744368,68.0,0.745241,0.667513,-0.084165,2.632132,1.446363,0.668162,0.0
XRPUSD_13602_BEARISH_13574_13579,XRPUSD,1h,SHORT,2025-12-19T18:00:00+00:00,2025-12-18T14:00:00+00:00,2025-12-18T19:00:00+00:00,13574,13579,13602,1.898225,1.9256,1.85,0.027375,1.442137,24,internal|choch|brk13579|form13574,internal,1.9256,1.8891,-1.0,0,0.198174,1.482192,14,SL_HIT,2025-12-20T08:00:00+00:00,1.928055,1.835134,1.442137,1.376351,0.890411,0.49863,0.339726,1.835134,1.885412,28.0,23.0,4.0,0.257673,0.0,1.0,0.0,0.0,1.0,0.56733,0.125694,1.050634,75.0,0.820036,1.251913,1.41426,2.936219,-0.237142,1.464264,0.0
BTCUSD_13604_BEARISH_13600_13601,BTCUSD,1h,SHORT,2025-12-19T20:00:00+00:00,2025-12-19T16:00:00+00:00,2025-12-19T17:00:00+00:00,13600,13601,13604,88109.5,88879.0,86790.36,769.5,0.873345,40,internal|bos|brk13601|form13600,internal,88879.0,87853.0,-1.0,0,0.445744,1.232619,37,SL_HIT,2025-12-21T09:00:00+00:00,1.16571,1.536038,0.873345,1.152029,0.842105,0.531189,0.030214,1.536038,1.563735,4.0,3.0,1.0,0.141477,1.0,0.0,0.0,0.0,0.0,0.603764,0.014971,0.758907,87.0,0.498678,1.227633,0.092115,1.041236,2.579194,1.200308,0.0
ETHUSD_13639_BEARISH_13629_13633,ETHUSD,1h,SHORT,2025-12-21T07:00:00+00:00,2025-12-20T21:00:00+00:00,2025-12-21T01:00:00+00:00,13629,13633,13639,2977.9,2985.2,2965.39,7.3,0.245139,100,internal|bos|brk13633|form13629,internal,2985.2,2977.9,-1.0,0,0.157534,2.89726,1,SL_HIT,2025-12-21T08:00:00+00:00,0.244929,0.252054,0.245139,0.252054,0.650685,0.582192,0.746575,0.252054,0.419515,10.0,6.0,2.0,0.088046,1.0,0.0,0.0,0.0,0.0,0.807436,0.037981,0.971733,0.5,0.15405,0.257234,0.509215,0.087311,1.989871,0.644384,0.0
SOLUSD_13641_BEARISH_13624_13633,SOLUSD,1h,SHORT,2025-12-21T09:00:00+00:00,2025-12-20T16:00:00+00:00,2025-12-21T01:00:00+00:00,13624,13633,13641,126.112,126.694,125.11,0.582,0.461495,75,internal|choch|brk13633|form13624,internal,126.694,126.112,1.721649,1,1.735395,0.862543,3,TP_HIT,2025-12-21T12:00:00+00:00,0.460943,0.41375,0.461495,0.41375,0.74055,0.808763,0.465636,0.41375,0.625743,17.0,8.0,0.0,0.107347,0.0,1.0,0.0,0.0,0.0,0.548,0.039811,1.114061,0.5,0.261396,0.770271,0.863543,0.182492,1.454364,1.299088,0.0
XRPUSD_13642_BULLISH_13634_13641,XRPUSD,1h,LONG,2025-12-21T10:00:00+00:00,2025-12-21T02:00:00+00:00,2025-12-21T09:00:00+00:00,13634,13641,13642,1.9292,1.9163,1.95,0.0129,0.668671,52,internal|bos|brk13641|form13634,internal,1.9335,1.9163,-1.0,0,0.651163,2.736434,3,SL_HIT,2025-12-21T13:00:00+00:00,0.889671,0.928882,0.668671,0.696661,0.988372,0.174419,0.226744,0.928882,0.475242,8.0,1.0,0.0,0.221419,1.0,0.0,0.0,1.0,1.0,0.753355,0.0054,0.957787,24.0,0.310697,1.004488,0.608868,0.483368,3.612198,1.045958,1.0
XRPUSD_13645_BULLISH_13610_13616,XRPUSD,1h,LONG,2025-12-21T13:00:00+00:00,2025-12-20T02:00:00+00:00,2025-12-20T08:00:00+00:00,13610,13616,13645,1.9022,1.8928,1.92,0.0094,0.494165,70,internal|choch|brk13616|form13610,internal,1.9022,1.8928,1.893617,1,2.553191,0.670213,10,TP_HIT,2025-12-21T23:00:00+00:00,0.495154,0.508191,0.494165,0.508191,0.595745,0.882979,0.595745,0.508191,0.848787,35.0,29.0,0.0,0.205439,0.0,1.0,0.0,0.0,1.0,0.591856,0.0,0.974346,21.5,0.442317,1.886793,-1.906681,-1.784883,1.540436,1.499336,1.0
ETHUSD_13648_BEARISH_13641_13645,ETHUSD,1h,SHORT,2025-12-21T16:00:00+00:00,2025-12-21T09:00:00+00:00,2025-12-21T13:00:00+00:00,13641,13645,13648,2991.1625,3012.5,2954.58,21.3375,0.713351,49,internal|choch|brk13645|form13641,internal,3012.5,2984.05,-1.0,0,1.153486,3.265964,8,SL_HIT,2025-12-22T00:00:00+00:00,0.953067,0.989994,0.713351,0.742495,0.963093,0.091388,0.370826,0.989994,1.379727,7.0,3.0,0.0,0.210961,0.0,1.0,0.0,1.0,0.0,0.825636,0.00348,0.9627,1.0,0.391678,0.638537,-0.357167,0.610044,0.297354,2.556818,0.0
SOLUSD_13651_BEARISH_13642_13645,SOLUSD,1h,SHORT,2025-12-21T19:00:00+00:00,2025-12-21T10:00:00+00:00,2025-12-21T13:00:00+00:00,13642,13645,13651,125.84,126.614,124.51,0.774,0.615067,56,internal|bos|brk13645|form13642,internal,126.614,125.582,-1.0,0,1.483204,3.5323,5,SL_HIT,2025-12-22T00:00:00+00:00,0.821185,0.741601,0.615067,0.556201,0.912791,0.757752,0.533915,0.741601,1.358165,9.0,6.0,2.0,0.120726,1.0,0.0,0.0,0.0,0.0,0.722641,0.100605,1.107314,0.5,0.475158,0.58279,1.020884,0.39143,1.608965,1.637555,0.0
BTCUSD_13655_BEARISH_13641_13645,BTCUSD,1h,SHORT,2025-12-21T23:00:00+00:00,2025-12-21T09:00:00+00:00,2025-12-21T13:00:00+00:00,13641,13645,13655,88618.875,89058.0,87866.09,439.125,0.495521,70,internal|choch|brk13645|form13641,internal,89058.0,88472.5,-1.0,0,0.083974,2.254768,1,SL_HIT,2025-12-22T00:00:00+00:00,0.660604,1.000193,0.495521,0.750145,0.729291,0.552519,0.614005,1.000193,1.637378,14.0,10.0,2.0,0.020713,0.0,1.0,0.0,0.0,0.0,0.835948,0.090538,0.660477,1.0,0.329074,0.790076,0.244302,0.128223,0.94532,0.424789,0.0
XRPUSD_13667_BEARISH_13642_13645,XRPUSD,1h,SHORT,2025-12-22T11:00:00+00:00,2025-12-21T10:00:00+00:00,2025-12-21T13:00:00+00:00,13642,13645,13667,1.93515,1.9491,1.91,0.01395,0.720874,48,internal|choch|brk13645|form13642,internal,1.9491,1.9305,1.802867,1,2.448029,0.827957,8,TP_HIT,2025-12-22T19:00:00+00:00,0.961638,1.038644,0.720874,0.778983,0.801075,0.962366,0.639785,1.038644,1.686401,25.0,22.0,3.0,0.053049,0.0,1.0,0.0,0.0,1.0,0.873999,0.044673,0.925859,0.5,0.273417,0.809696,0.876187,1.208728,-0.708419,1.178374,0.0
ETHUSD_13674_BULLISH_13658_13670,ETHUSD,1h,LONG,2025-12-22T18:00:00+00:00,2025-12-22T02:00:00+00:00,2025-12-22T14:00:00+00:00,13658,13670,13674,3006.9,2970.3,3069.64,36.6,1.2172,28,internal|bos|brk13670|form13658,internal,3019.1,2970.3,-1.0,0,0.217213,1.203552,2,SL_HIT,2025-12-22T20:00:00+00:00,1.618627,1.719001,1.2172,1.289251,0.913934,0.226434,0.1875,1.719001,0.177888,16.0,4.0,0.0,0.281803,1.0,0.0,0.0,0.0,1.0,0.795079,0.003523,0.941609,4.5,0.342232,1.134259,-1.348123,-0.196964,1.244186,1.852708,1.0
BTCUSD_13675_BULLISH_13658_13665,BTCUSD,1h,LONG,2025-12-22T19:00:00+00:00,2025-12-22T02:00:00+00:00,2025-12-22T09:00:00+00:00,13658,13665,13675,88432.125,87853.5,89424.05,578.625,0.654315,53,internal|choch|brk13665|form13658,internal,88625.0,87853.5,-1.0,0,0.826744,1.173688,8,SL_HIT,2025-12-23T03:00:00+00:00,0.87648,1.307143,0.654315,0.980357,0.219054,0.913804,0.209981,1.307143,0.827659,17.0,10.0,0.0,0.694023,0.0,1.0,0.0,0.0,0.0,0.584212,0.011013,0.670531,15.0,0.368246,2.031451,-2.303603,-0.956426,-0.149171,1.703916,1.0
ETHUSD_13675_BULLISH_13645_13656,ETHUSD,1h,LONG,2025-12-22T19:00:00+00:00,2025-12-21T13:00:00+00:00,2025-12-22T00:00:00+00:00,13645,13656,13675,2979.475,2943.4,3041.32,36.075,1.210784,28,internal|choch|brk13656|form13645,internal,2991.5,2943.4,-1.0,0,1.550243,1.393624,18,SL_HIT,2025-12-23T13:00:00+00:00,1.614202,1.69041,1.210784,1.267807,0.756757,0.440748,0.824324,1.69041,0.709902,30.0,19.0,1.0,0.011422,0.0,1.0,0.0,0.0,1.0,0.679161,0.015815,0.954918,8.0,0.427724,1.460219,-2.657498,-1.964139,0.094054,1.700772,1.0
SOLUSD_13675_BULLISH_13650_13660,SOLUSD,1h,LONG,2025-12-22T19:00:00+00:00,2025-12-21T18:00:00+00:00,2025-12-22T04:00:00+00:00,13650,13660,13675,125.18775,124.362,126.6,0.82575,0.659609,53,internal|choch|brk13660|form13650,internal,125.463,124.362,-1.0,0,0.103239,1.217984,1,SL_HIT,2025-12-22T20:00:00+00:00,0.883323,0.801315,0.659609,0.600987,0.255223,0.754768,0.262489,0.801315,0.355898,25.0,15.0,0.0,0.396473,0.0,1.0,0.0,0.0,0.0,0.652565,0.028384,1.102341,3.5,0.515378,1.369733,-2.519083,-1.485896,-1.102886,1.548224,1.0
SOLUSD_13676_BULLISH_13645_13671,SOLUSD,1h,LONG,2025-12-22T20:00:00+00:00,2025-12-21T13:00:00+00:00,2025-12-22T15:00:00+00:00,13645,13671,13676,125.03325,123.384,127.86,1.64925,1.319049,26,internal|choch|brk13671|form13645,internal,125.583,123.384,-1.0,0,1.14643,1.347431,17,SL_HIT,2025-12-23T13:00:00+00:00,1.767685,1.602097,1.319049,1.201573,0.462028,0.637108,0.859482,1.602097,0.170482,31.0,5.0,1.0,0.461359,0.0,1.0,0.0,0.0,0.0,0.632217,0.027685,1.103357,3.0,0.51307,0.794856,-2.876237,-1.523068,-1.295692,1.17237,1.0
SOLUSD_13680_BEARISH_13671_13676,SOLUSD,1h,SHORT,2025-12-23T00:00:00+00:00,2025-12-22T15:00:00+00:00,2025-12-22T20:00:00+00:00,13671,13676,13680,127.007775,128.7921,123.95,1.784325,1.404894,24,internal|choch|brk13676|form13671,internal,128.7921,126.413,1.713687,1,1.825214,0.0,7,TP_HIT,2025-12-23T07:00:00+00:00,1.877595,1.743119,1.404894,1.307339,0.875163,0.214787,0.098357,1.743119,0.162655,9.0,4.0,0.0,0.218174,0.0,1.0,0.0,0.0,0.0,0.821801,0.011723,1.077146,0.5,0.525908,0.836721,1.658336,0.393779,0.513235,0.485813,0.0
XRPUSD_13691_BEARISH_13680_13684,XRPUSD,1h,SHORT,2025-12-23T11:00:00+00:00,2025-12-23T00:00:00+00:00,2025-12-23T04:00:00+00:00,13680,13684,13691,1.8987,1.909,1.88,0.0103,0.542476,64,internal|bos|brk13684|form13680,internal,1.909,1.8987,1.815534,1,2.242718,0.553398,2,TP_HIT,2025-12-23T13:00:00+00:00,0.540881,0.593593,0.542476,0.593593,0.456311,0.592233,0.0,0.593593,0.236285,11.0,7.0,1.0,0.32273,1.0,0.0,0.0,0.0,1.0,0.460141,0.028815,0.911199,0.5,0.421067,0.409176,1.211799,0.458958,-2.04722,0.736381,0.0
BTCUSD_13740_BEARISH_13730_13738,BTCUSD,1h,SHORT,2025-12-25T12:00:00+00:00,2025-12-25T02:00:00+00:00,2025-12-25T10:00:00+00:00,13730,13738,13740,87526.0,87942.5,86812.0,416.5,0.475859,73,internal|bos|brk13738|form13730,internal,87942.5,87526.0,-1.0,0,0.37455,2.52461,3,SL_HIT,2025-12-25T15:00:00+00:00,0.475766,0.765441,0.475859,0.765441,0.959184,0.092437,0.432173,0.765441,0.176428,10.0,2.0,1.0,0.031242,1.0,0.0,0.0,1.0,1.0,0.276231,0.025729,0.621559,0.5,0.164057,0.215022,-0.297253,-0.143153,-0.040535,0.898931,0.0
SOLUSD_13743_BEARISH_13700_13708,SOLUSD,1h,SHORT,2025-12-25T15:00:00+00:00,2025-12-23T20:00:00+00:00,2025-12-24T04:00:00+00:00,13700,13708,13743,124.0265,125.663,121.22,1.6365,1.319476,26,internal|bos|brk13708|form13700,internal,125.663,123.481,1.71494,1,2.668805,0.278949,8,TP_HIT,2025-12-25T23:00:00+00:00,1.764644,1.761472,1.319476,1.321104,0.92209,0.289643,0.353346,1.761472,0.896882,43.0,35.0,1.0,0.303131,1.0,0.0,0.0,0.0,0.0,0.37396,0.03552,1.001801,1.5,0.393437,1.786498,1.719301,1.194023,0.259464,1.125491,0.0
XRPUSD_13744_BULLISH_13738_13743,XRPUSD,1h,LONG,2025-12-25T16:00:00+00:00,2025-12-25T10:00:00+00:00,2025-12-25T15:00:00+00:00,13738,13743,13744,1.866525,1.8525,1.89,0.014025,0.751396,46,internal|choch|brk13743|form13738,internal,1.8712,1.8525,-1.0,0,0.597148,1.969697,6,SL_HIT,2025-12-25T22:00:00+00:00,0.999626,1.153144,0.751396,0.864858,0.973262,0.165775,0.759358,1.153144,0.83865,6.0,1.0,0.0,0.257453,0.0,1.0,0.0,1.0,0.0,0.308103,0.117164,0.86687,1.0,0.345697,0.924982,0.678112,0.284121,-0.08012,1.314159,1.0
SOLUSD_13750_BULLISH_13738_13743,SOLUSD,1h,LONG,2025-12-25T22:00:00+00:00,2025-12-25T10:00:00+00:00,2025-12-25T15:00:00+00:00,13738,13743,13750,121.90695,121.3017,122.94,0.60525,0.496485,70,internal|choch|brk13743|form13738,internal,122.1087,121.3017,-1.0,0,0.355308,3.714085,1,SL_HIT,2025-12-25T23:00:00+00:00,0.662453,0.656068,0.496485,0.492051,0.642255,0.927757,0.670384,0.656068,1.243034,12.0,7.0,0.0,0.070688,0.0,1.0,0.0,0.0,0.0,0.150997,0.014633,1.009731,1.5,0.471147,1.708867,-1.017291,-0.393292,-2.335388,0.840837,1.0
SOLUSD_13751_BULLISH_13581_13587,SOLUSD,1h,LONG,2025-12-25T23:00:00+00:00,2025-12-18T21:00:00+00:00,2025-12-19T03:00:00+00:00,13581,13587,13751,119.43525,117.108,123.42,2.32725,1.948545,17,internal|choch|brk13587|form13581,internal,120.211,117.108,1.712214,1,2.126437,0.187023,3,TP_HIT,2025-12-26T02:00:00+00:00,2.585402,2.510072,1.948545,1.882554,0.938447,0.177892,0.926136,2.510072,2.079728,170.0,164.0,0.0,0.473015,0.0,1.0,0.0,0.0,0.0,0.039527,0.101924,1.030011,4.0,0.563639,1.992365,-3.226847,-1.712376,-3.406759,0.793657,1.0
SOLUSD_13754_BEARISH_13744_13751,SOLUSD,1h,SHORT,2025-12-26T02:00:00+00:00,2025-12-25T16:00:00+00:00,2025-12-25T23:00:00+00:00,13744,13751,13754,123.6265,124.483,122.16,0.8565,0.692813,50,internal|choch|brk13751|form13744,internal,124.483,123.341,1.712201,1,2.132516,0.1115,2,TP_HIT,2025-12-26T04:00:00+00:00,0.925063,0.91364,0.692813,0.68523,0.903678,0.91331,0.158494,0.91364,1.352059,10.0,3.0,0.0,0.140406,0.0,1.0,0.0,0.0,1.0,0.45455,0.0072,1.012503,8.5,0.928352,4.307387,0.161458,1.479643,-0.339062,1.000071,0.0
XRPUSD_13754_BEARISH_13743_13750,XRPUSD,1h,SHORT,2025-12-26T02:00:00+00:00,2025-12-25T15:00:00+00:00,2025-12-25T22:00:00+00:00,13743,13750,13754,1.8707,1.8884,1.84,0.0177,0.94617,36,internal|choch|brk13750|form13743,internal,1.8884,1.8648,1.734463,1,2.559322,0.672316,13,TP_HIT,2025-12-26T15:00:00+00:00,1.262775,1.462404,0.94617,1.096803,0.826271,0.665254,0.576271,1.462404,1.214539,11.0,4.0,0.0,0.111539,0.0,1.0,0.0,0.0,1.0,0.363491,0.068163,0.863493,4.5,0.648923,1.50578,0.209115,0.581239,-0.202916,0.824197,0.0
ETHUSD_13771_BULLISH_13751_13754,ETHUSD,1h,LONG,2025-12-26T19:00:00+00:00,2025-12-25T23:00:00+00:00,2025-12-26T02:00:00+00:00,13751,13754,13771,2917.0125,2889.6,2964.01,27.4125,0.939746,37,internal|choch|brk13754|form13751,internal,2926.15,2889.6,1.714455,1,2.19015,0.009576,53,TP_HIT,2025-12-29T00:00:00+00:00,1.249551,1.423163,0.939746,1.067372,0.969904,0.891929,0.48974,1.423163,0.334862,20.0,17.0,5.0,0.31296,0.0,1.0,0.0,1.0,0.0,0.219796,0.036991,0.87801,2.0,0.795938,0.480877,0.284563,-1.543303,-0.386528,1.683611,1.0
ETHUSD_13797_BEARISH_13785_13792,ETHUSD,1h,SHORT,2025-12-27T21:00:00+00:00,2025-12-27T09:00:00+00:00,2025-12-27T16:00:00+00:00,13785,13792,13797,2930.7,2939.8,2915.1,9.1,0.310506,100,internal|choch|brk13792|form13785,internal,2939.8,2930.7,-1.0,0,0.186813,2.489011,1,SL_HIT,2025-12-27T22:00:00+00:00,0.310125,0.3873,0.310506,0.3873,0.604396,0.401099,0.120879,0.3873,0.261747,12.0,5.0,1.0,0.153218,0.0,1.0,0.0,0.0,1.0,0.439458,0.008512,0.800735,0.5,0.133083,0.287283,0.489726,0.179239,-0.727383,0.494856,0.0
SOLUSD_13802_BEARISH_13765_13767,SOLUSD,1h,SHORT,2025-12-28T02:00:00+00:00,2025-12-26T13:00:00+00:00,2025-12-26T15:00:00+00:00,13765,13767,13802,124.23225,125.166,122.63,0.93375,0.751616,46,internal|choch|brk13767|form13765,internal,125.166,123.921,-1.0,0,1.243641,1.532262,21,SL_HIT,2025-12-28T23:00:00+00:00,1.002157,1.084264,0.751616,0.813198,0.750201,0.940562,0.763855,1.084264,0.609626,37.0,35.0,5.0,0.000218,0.0,1.0,0.0,1.0,0.0,0.848524,0.026998,0.924274,0.5,0.30111,0.463316,-0.256921,0.999984,3.916353,0.856499,0.0
SOLUSD_13805_BULLISH_13779_13797,SOLUSD,1h,LONG,2025-12-28T05:00:00+00:00,2025-12-27T03:00:00+00:00,2025-12-27T21:00:00+00:00,13779,13797,13805,123.4565,122.3,125.44,1.1565,0.936767,37,internal|bos|brk13797|form13779,internal,123.842,122.3,1.715089,1,1.907912,0.333333,18,TP_HIT,2025-12-28T23:00:00+00:00,1.245648,1.356598,0.936767,1.017448,0.966926,0.13035,0.88262,1.356598,0.86217,26.0,8.0,1.0,0.294281,1.0,0.0,0.0,0.0,1.0,0.777003,0.035191,0.918214,0.5,0.302389,0.396774,-0.48315,0.364028,0.913011,0.61297,1.0
ETHUSD_13816_BULLISH_13809_13815,ETHUSD,1h,LONG,2025-12-28T16:00:00+00:00,2025-12-28T09:00:00+00:00,2025-12-28T15:00:00+00:00,13809,13815,13816,2943.55,2930.55,2965.84,13.0,0.441644,79,internal|bos|brk13815|form13809,internal,2943.55,2930.55,-1.0,0,0.542308,1.469231,2,SL_HIT,2025-12-28T18:00:00+00:00,0.441801,0.579996,0.441644,0.579996,0.919231,0.315385,0.173077,0.579996,0.17846,7.0,1.0,0.0,0.046846,1.0,0.0,0.0,0.0,1.0,0.516129,0.044615,0.761732,0.5,0.176944,0.649149,-0.037369,-0.035671,0.882832,1.579514,1.0
BTCUSD_13822_BEARISH_13814_13819,BTCUSD,1h,SHORT,2025-12-28T22:00:00+00:00,2025-12-28T14:00:00+00:00,2025-12-28T19:00:00+00:00,13814,13819,13822,87871.0,88077.5,87517.0,206.5,0.235004,100,internal|choch|brk13819|form13814,internal,88077.5,87871.0,-1.0,0,1.256659,2.661017,2,SL_HIT,2025-12-29T00:00:00+00:00,0.234985,0.446119,0.235004,0.446119,0.966102,0.515738,0.05569,0.446119,0.16959,8.0,3.0,0.0,0.015123,0.0,1.0,0.0,0.0,0.0,0.430936,0.006481,0.526731,1.0,0.105711,1.141762,0.158995,0.194967,0.367765,1.409537,0.0
XRPUSD_13822_BEARISH_13814_13818,XRPUSD,1h,SHORT,2025-12-28T22:00:00+00:00,2025-12-28T14:00:00+00:00,2025-12-28T18:00:00+00:00,13814,13818,13822,1.8663,1.876,1.85,0.0097,0.519745,67,internal|bos|brk13818|form13814,internal,1.876,1.8663,-1.0,0,0.783505,1.113402,2,SL_HIT,2025-12-29T00:00:00+00:00,0.519383,0.69669,0.519745,0.69669,0.865979,0.42268,0.360825,0.69669,0.854702,8.0,4.0,0.0,0.093371,1.0,0.0,0.0,0.0,0.0,0.679507,0.014365,0.745501,0.5,0.226285,0.804426,0.005355,-0.277659,0.777034,0.996227,0.0
XRPUSD_13824_BEARISH_13806_13809,XRPUSD,1h,SHORT,2025-12-29T00:00:00+00:00,2025-12-28T06:00:00+00:00,2025-12-28T09:00:00+00:00,13806,13809,13824,1.8718,1.879,1.86,0.0072,0.384656,90,internal|choch|brk13809|form13806,internal,1.879,1.8718,-1.0,0,1.041667,1.930556,1,SL_HIT,2025-12-29T01:00:00+00:00,0.384451,0.517453,0.384656,0.517453,0.861111,0.736111,0.597222,0.517453,0.2731,18.0,15.0,5.0,0.071868,0.0,1.0,0.0,0.0,0.0,0.75963,0.014374,0.742969,1.0,0.247292,1.078027,0.877996,0.450547,1.39686,0.504423,0.0
XRPUSD_13825_BEARISH_13700_13706,XRPUSD,1h,SHORT,2025-12-29T01:00:00+00:00,2025-12-23T20:00:00+00:00,2025-12-24T02:00:00+00:00,13700,13706,13825,1.88105,1.8944,1.86,0.01335,0.70971,49,internal|bos|brk13706|form13700,internal,1.8944,1.8766,-1.0,0,0.0,1.134831,1,SL_HIT,2025-12-29T02:00:00+00:00,0.946054,1.275826,0.70971,0.95687,0.724719,0.662921,0.061798,1.275826,1.153978,125.0,119.0,18.0,0.032254,1.0,0.0,0.0,0.0,0.0,0.893683,0.007168,0.741522,2.5,0.266312,1.533859,1.297513,0.593456,2.083446,0.683054,0.0
BTCUSD_13827_BEARISH_13668_13712,BTCUSD,1h,SHORT,2025-12-29T03:00:00+00:00,2025-12-22T12:00:00+00:00,2025-12-24T08:00:00+00:00,13668,13712,13827,90011.625,90585.0,89028.7,573.375,0.637001,54,internal|choch|brk13712|form13668,internal,90585.0,89820.5,1.714279,1,3.989754,0.6477,6,TP_HIT,2025-12-29T09:00:00+00:00,0.848502,1.627098,0.637001,1.220324,0.634402,0.437541,0.349902,1.627098,0.249013,159.0,115.0,0.0,0.18809,0.0,1.0,0.0,0.0,0.0,0.984404,0.022347,0.521482,6.0,0.30271,2.303903,2.528505,2.58629,3.040908,2.017881,0.0
BTCUSD_13835_BULLISH_13821_13824,BTCUSD,1h,LONG,2025-12-29T11:00:00+00:00,2025-12-28T21:00:00+00:00,2025-12-29T00:00:00+00:00,13821,13824,13835,87578.5,87413.5,87861.36,165.0,0.188402,100,internal|choch|brk13824|form13821,internal,87578.5,87413.5,-1.0,0,0.184848,4.909091,1,SL_HIT,2025-12-29T12:00:00+00:00,0.18849,0.347873,0.188402,0.347873,0.754545,0.293939,0.472727,0.347873,0.742129,14.0,11.0,0.0,0.085387,0.0,1.0,0.0,0.0,0.0,0.242243,0.018975,0.541835,10.5,0.505535,0.496509,-2.463537,0.058866,-0.05195,1.845525,1.0
BTCUSD_13836_BULLISH_13767_13827,BTCUSD,1h,LONG,2025-12-29T12:00:00+00:00,2025-12-26T15:00:00+00:00,2025-12-29T03:00:00+00:00,13767,13827,13836,87174.125,86628.5,88109.48,545.625,0.625902,55,internal|choch|brk13827|form13767,internal,87356.0,86628.5,1.714282,1,1.805956,0.074456,2,TP_HIT,2025-12-29T14:00:00+00:00,0.832837,1.527905,0.625902,1.145929,0.994502,0.80756,0.336082,1.527905,2.021455,69.0,9.0,0.0,0.373575,0.0,1.0,0.0,0.0,0.0,0.192702,0.014701,0.545084,12.5,0.507387,1.765229,-2.500223,-0.243817,-0.133762,2.091699,1.0
XRPUSD_13836_BULLISH_13818_13825,XRPUSD,1h,LONG,2025-12-29T12:00:00+00:00,2025-12-28T18:00:00+00:00,2025-12-29T01:00:00+00:00,13818,13825,13836,1.8642,1.8528,1.88,0.0114,0.611522,57,internal|choch|brk13825|form13818,internal,1.868,1.8528,-1.0,0,1.210526,1.307018,7,SL_HIT,2025-12-29T19:00:00+00:00,0.814402,1.087426,0.611522,0.81557,0.894737,0.914474,0.782895,1.087426,0.622408,18.0,11.0,1.0,0.157391,0.0,1.0,0.0,0.0,1.0,0.458333,0.100158,0.748926,6.5,0.480696,1.352129,-1.763251,0.268615,1.017536,1.504012,1.0
XRPUSD_13851_BEARISH_13838_13842,XRPUSD,1h,SHORT,2025-12-30T03:00:00+00:00,2025-12-29T14:00:00+00:00,2025-12-29T18:00:00+00:00,13838,13842,13851,1.8636,1.878,1.84,0.0144,0.772698,45,internal|choch|brk13842|form13838,internal,1.878,1.8588,-1.0,0,0.729167,1.055556,12,SL_HIT,2025-12-30T15:00:00+00:00,1.032203,1.399737,0.772698,1.049803,0.932292,0.171875,0.177083,1.399737,0.787352,13.0,9.0,1.0,0.25516,0.0,1.0,0.0,0.0,1.0,0.391026,0.051032,0.737426,1.0,0.335078,1.049803,0.491626,-0.337548,-0.545367,0.417316,0.0
SOLUSD_13865_BULLISH_13862_13864,SOLUSD,1h,LONG,2025-12-30T17:00:00+00:00,2025-12-30T14:00:00+00:00,2025-12-30T16:00:00+00:00,13862,13864,13865,124.91475,123.54,127.27,1.37475,1.100551,31,internal|bos|brk13864|form13862,internal,125.373,123.54,-1.0,0,0.0,1.006547,4,SL_HIT,2025-12-30T21:00:00+00:00,1.469786,1.677115,1.100551,1.257836,0.639389,0.507911,0.421167,1.677115,0.458393,3.0,1.0,0.0,0.185507,1.0,0.0,0.0,1.0,1.0,0.437091,0.027449,0.876378,4.5,0.343185,1.447461,0.312895,1.40671,0.200059,1.820255,1.0
BTCUSD_13868_BULLISH_13856_13862,BTCUSD,1h,LONG,2025-12-30T20:00:00+00:00,2025-12-30T08:00:00+00:00,2025-12-30T14:00:00+00:00,13856,13862,13868,88013.375,87464.0,88955.16,549.375,0.624195,56,internal|choch|brk13862|form13856,internal,88196.5,87464.0,1.714284,1,1.812287,0.289192,15,TP_HIT,2025-12-31T11:00:00+00:00,0.833177,1.545273,0.624195,1.158955,0.617747,0.479863,0.506485,1.545273,1.606451,12.0,6.0,4.0,0.204366,0.0,1.0,0.0,0.0,1.0,0.31761,0.040082,0.539178,18.5,0.279349,0.74363,-1.18966,0.7922,0.385939,1.467469,1.0
XRPUSD_13868_BULLISH_13856_13862,XRPUSD,1h,LONG,2025-12-30T20:00:00+00:00,2025-12-30T08:00:00+00:00,2025-12-30T14:00:00+00:00,13856,13862,13868,1.86815,1.8587,1.88,0.00945,0.505848,69,internal|choch|brk13862|form13856,internal,1.8713,1.8587,1.253968,1,1.624339,0.015873,5,TP_HIT,2025-12-31T01:00:00+00:00,0.674627,0.939442,0.505848,0.704582,0.714286,0.611111,0.531746,0.939442,0.723222,12.0,6.0,3.0,0.033552,0.0,1.0,0.0,0.0,1.0,0.406963,0.007456,0.718114,1.0,0.248663,0.79778,-0.495471,0.527477,0.624966,1.325286,1.0
SOLUSD_13886_BULLISH_13875_13881,SOLUSD,1h,LONG,2025-12-31T14:00:00+00:00,2025-12-31T03:00:00+00:00,2025-12-31T09:00:00+00:00,13875,13881,13886,125.864075,125.162,127.07,0.702075,0.557804,62,internal|bos|brk13881|form13875,internal,126.0981,125.162,-1.0,0,0.0,1.217925,1,SL_HIT,2025-12-31T15:00:00+00:00,0.744106,0.881919,0.557804,0.66144,0.683688,0.764982,0.213652,0.881919,0.653832,11.0,5.0,3.0,0.058482,1.0,0.0,0.0,0.0,1.0,0.443084,0.009421,0.843734,2.0,0.323833,1.953959,-0.389567,0.648041,1.697628,1.438822,1.0
XRPUSD_13912_BEARISH_13886_13887,XRPUSD,1h,SHORT,2026-01-01T16:00:00+00:00,2025-12-31T14:00:00+00:00,2025-12-31T15:00:00+00:00,13886,13887,13912,1.86785,1.8824,1.84,0.01455,0.77897,44,internal|choch|brk13887|form13886,internal,1.8824,1.863,-1.0,0,0.298969,1.67354,11,SL_HIT,2026-01-02T03:00:00+00:00,1.040828,1.54533,0.77897,1.158997,0.953608,0.185567,0.463918,1.54533,0.557593,26.0,25.0,1.0,0.314642,0.0,1.0,0.0,0.0,1.0,0.498586,0.063725,0.673532,0.5,0.277658,0.677077,0.506875,1.2824,-0.459279,0.884819,0.0
BTCUSD_13956_BEARISH_13948_13951,BTCUSD,1h,SHORT,2026-01-03T12:00:00+00:00,2026-01-03T04:00:00+00:00,2026-01-03T07:00:00+00:00,13948,13951,13956,90001.0,90459.0,89215.86,458.0,0.508883,68,internal|choch|brk13951|form13948,internal,90459.0,90001.0,-1.0,0,0.279476,1.582969,9,SL_HIT,2026-01-03T21:00:00+00:00,0.508824,1.047691,0.508883,1.047691,0.977074,0.052402,0.344978,1.047691,0.66796,8.0,5.0,0.0,0.024019,0.0,1.0,0.0,0.0,0.0,0.749128,0.033169,0.485662,13.5,0.224682,0.909295,0.52209,-0.013885,2.468609,0.570067,0.0
SOLUSD_14005_BULLISH_13987_13993,SOLUSD,1h,LONG,2026-01-05T13:00:00+00:00,2026-01-04T19:00:00+00:00,2026-01-05T01:00:00+00:00,13987,13993,14005,133.931225,133.106,135.35,0.825225,0.616156,56,internal|bos|brk13993|form13987,internal,134.2063,133.106,1.719258,1,2.068254,0.93214,1,TP_HIT,2026-01-05T14:00:00+00:00,0.822427,1.087706,0.616156,0.81578,0.618922,0.892757,0.572844,1.087706,1.197139,18.0,12.0,0.0,0.142574,1.0,0.0,0.0,0.0,1.0,0.70566,0.000989,0.756111,29.0,0.48745,2.129346,-1.042923,-0.298091,2.365814,1.119345,1.0
SOLUSD_14013_BEARISH_13428_13431,SOLUSD,1h,SHORT,2026-01-05T21:00:00+00:00,2025-12-12T12:00:00+00:00,2025-12-12T15:00:00+00:00,13428,13431,14013,138.75925,139.9,136.8,1.14075,0.822107,42,internal|choch|brk13431|form13428,internal,139.9,138.379,-1.0,0,1.629849,1.175323,8,SL_HIT,2026-01-06T05:00:00+00:00,1.09883,1.452797,0.822107,1.089598,0.973044,0.988297,0.618014,1.452797,4.816866,585.0,582.0,2.0,0.324038,0.0,1.0,0.0,0.0,0.0,0.901537,0.0,0.756355,57.0,0.537998,0.832899,2.210047,2.073624,5.034716,1.374193,0.0
SOLUSD_14014_BEARISH_13422_13503,SOLUSD,1h,SHORT,2026-01-05T22:00:00+00:00,2025-12-12T06:00:00+00:00,2025-12-15T15:00:00+00:00,13422,13503,14014,139.103,140.162,137.29,1.059,0.761306,45,internal|choch|brk13503|form13422,internal,140.162,138.75,1.711992,1,2.080264,0.0,2,TP_HIT,2026-01-06T00:00:00+00:00,1.017235,1.349761,0.761306,1.01232,0.959207,0.801841,0.177762,1.349761,3.470949,592.0,511.0,3.0,0.282379,0.0,1.0,0.0,0.0,0.0,0.926749,0.007265,0.753641,57.0,0.540096,0.841211,1.654803,2.511392,5.161256,1.061255,0.0
SOLUSD_14032_BULLISH_14023_14030,SOLUSD,1h,LONG,2026-01-06T16:00:00+00:00,2026-01-06T07:00:00+00:00,2026-01-06T14:00:00+00:00,14023,14030,14032,138.6595,137.338,140.92,1.3215,0.953054,36,internal|bos|brk14030|form14023,internal,139.1,137.338,-1.0,0,0.409005,1.709799,1,SL_HIT,2026-01-06T17:00:00+00:00,1.268365,1.620564,0.953054,1.215423,0.897276,0.534052,0.817821,1.620564,2.677334,9.0,2.0,0.0,0.23867,1.0,0.0,0.0,0.0,1.0,0.724355,0.038629,0.782669,83.5,0.79804,3.532683,-0.422912,0.989401,2.93575,1.907345,1.0
ETHUSD_14037_BEARISH_14031_14033,ETHUSD,1h,SHORT,2026-01-06T21:00:00+00:00,2026-01-06T15:00:00+00:00,2026-01-06T17:00:00+00:00,14031,14033,14037,3270.525,3301.35,3217.68,30.825,0.942509,37,internal|choch|brk14033|form14031,internal,3301.35,3260.25,1.714355,1,2.357664,0.996756,12,TP_HIT,2026-01-07T09:00:00+00:00,1.254713,1.926086,0.942509,1.444565,0.625304,0.96837,0.142336,1.926086,2.612635,6.0,4.0,0.0,0.240175,0.0,1.0,0.0,0.0,0.0,0.85754,0.04452,0.651431,70.0,0.629387,2.945366,0.758228,1.092508,4.589866,1.12539,0.0
SOLUSD_14055_BULLISH_13998_14011,SOLUSD,1h,LONG,2026-01-07T15:00:00+00:00,2026-01-05T06:00:00+00:00,2026-01-05T19:00:00+00:00,13998,14011,14055,135.43175,134.627,136.81,0.80475,0.594211,58,internal|choch|brk14011|form13998,internal,135.7,134.627,-1.0,0,1.525008,1.282075,4,SL_HIT,2026-01-07T19:00:00+00:00,0.790849,0.949589,0.594211,0.712192,0.978565,0.432432,0.521901,0.949589,0.770822,57.0,44.0,0.0,0.217043,0.0,1.0,0.0,0.0,1.0,0.397327,0.00885,0.832833,100.0,0.757779,2.534596,-1.353081,-3.004718,1.412693,1.152088,1.0
SOLUSD_14080_BEARISH_14068_14076,SOLUSD,1h,SHORT,2026-01-08T16:00:00+00:00,2026-01-08T04:00:00+00:00,2026-01-08T12:00:00+00:00,14068,14076,14080,136.90875,138.36,134.42,1.45125,1.060013,33,internal|bos|brk14076|form14068,internal,138.36,136.425,-1.0,0,0.0,1.354177,1,SL_HIT,2026-01-08T17:00:00+00:00,1.400145,1.659963,1.060013,1.244973,0.082687,0.922481,0.469767,1.659963,0.583346,12.0,4.0,1.0,1.107715,1.0,0.0,0.0,0.0,1.0,0.507951,0.005147,0.843479,100.0,0.738472,1.708862,2.54736,0.995338,-2.689762,1.599095,0.0
BTCUSD_14081_BEARISH_14065_14070,BTCUSD,1h,SHORT,2026-01-08T17:00:00+00:00,2026-01-08T01:00:00+00:00,2026-01-08T06:00:00+00:00,14065,14070,14081,91268.0,91660.0,90596.0,392.0,0.429504,81,internal|bos|brk14070|form14065,internal,91660.0,91268.0,1.714286,1,1.882653,0.42602,3,TP_HIT,2026-01-08T20:00:00+00:00,0.429213,0.8253,0.429504,0.8253,0.841837,0.360969,0.066327,0.8253,1.990614,16.0,11.0,0.0,0.130532,1.0,0.0,0.0,0.0,1.0,0.374375,0.033686,0.520069,100.0,0.417613,1.286373,1.520642,0.433824,-2.442932,1.864174,0.0
XRPUSD_14125_BULLISH_14117_14122,XRPUSD,1h,LONG,2026-01-10T13:00:00+00:00,2026-01-10T05:00:00+00:00,2026-01-10T10:00:00+00:00,14117,14122,14125,2.0919,2.0795,2.11,0.0124,0.592763,59,internal|choch|brk14122|form14117,internal,2.0919,2.0795,-1.0,0,1.403226,3.879032,31,SL_HIT,2026-01-11T20:00:00+00:00,0.593018,0.625754,0.592763,0.625754,0.927419,0.153226,0.467742,0.625754,0.388573,8.0,3.0,0.0,0.045418,0.0,1.0,0.0,0.0,0.0,0.077247,0.040371,0.947685,77.5,0.299565,0.514733,-0.10033,-0.281368,-0.028686,0.58043,1.0
BTCUSD_14126_BULLISH_14116_14122,BTCUSD,1h,LONG,2026-01-10T14:00:00+00:00,2026-01-10T04:00:00+00:00,2026-01-10T10:00:00+00:00,14116,14122,14126,90619.5,90369.0,91048.93,250.5,0.276431,100,internal|bos|brk14122|form14116,internal,90619.5,90369.0,-1.0,0,0.39521,1.005988,8,SL_HIT,2026-01-10T22:00:00+00:00,0.276608,0.543911,0.276431,0.543911,0.768463,0.463074,0.680639,0.543911,0.144392,10.0,4.0,1.0,0.125936,1.0,0.0,0.0,0.0,1.0,0.250315,0.051026,0.508553,66.0,0.157814,0.294212,-0.195066,-0.057387,0.666392,0.484951,1.0
SOLUSD_14126_BULLISH_14116_14122,SOLUSD,1h,LONG,2026-01-10T14:00:00+00:00,2026-01-10T04:00:00+00:00,2026-01-10T10:00:00+00:00,14116,14122,14126,136.169,135.727,136.93,0.442,0.324597,100,internal|bos|brk14122|form14116,internal,136.169,135.727,-1.0,0,1.244344,1.004525,7,SL_HIT,2026-01-10T21:00:00+00:00,0.32462,0.376918,0.324597,0.376918,0.977376,0.382353,0.635747,0.376918,0.317225,10.0,4.0,1.0,0.008528,1.0,0.0,0.0,0.0,1.0,0.319249,0.001706,0.861249,79.5,0.251334,0.400795,-0.335973,0.14784,1.514225,0.65709,1.0
XRPUSD_14135_BEARISH_14130_14134,XRPUSD,1h,SHORT,2026-01-10T23:00:00+00:00,2026-01-10T18:00:00+00:00,2026-01-10T22:00:00+00:00,14130,14134,14135,2.09035,2.1004,2.07,0.01005,0.480781,72,internal|choch|brk14134|form14130,internal,2.1004,2.087,-1.0,0,0.512438,1.527363,13,SL_HIT,2026-01-11T12:00:00+00:00,0.641148,0.697137,0.480781,0.522852,0.776119,0.365672,0.462687,0.697137,0.286138,5.0,1.0,0.0,0.018209,0.0,1.0,0.0,1.0,1.0,0.097168,0.0,0.919688,66.0,0.237764,0.338163,-0.30053,-0.148106,-2.258804,0.361576,0.0
ETHUSD_14136_BEARISH_14129_14133,ETHUSD,1h,SHORT,2026-01-11T00:00:00+00:00,2026-01-10T17:00:00+00:00,2026-01-10T21:00:00+00:00,14129,14133,14136,3091.0,3098.25,3078.57,7.25,0.234552,100,internal|choch|brk14133|form14129,internal,3098.25,3091.0,-1.0,0,0.282759,1.468966,5,SL_HIT,2026-01-11T05:00:00+00:00,0.234518,0.342128,0.234552,0.342128,0.937931,0.186207,0.413793,0.342128,0.174603,7.0,3.0,0.0,0.021236,0.0,1.0,0.0,1.0,1.0,0.154203,0.030674,0.685468,50.5,0.140414,0.403475,0.0,-0.125995,-0.870583,0.517115,0.0
SOLUSD_14144_BEARISH_14124_14134,SOLUSD,1h,SHORT,2026-01-11T08:00:00+00:00,2026-01-10T12:00:00+00:00,2026-01-10T22:00:00+00:00,14124,14134,14144,136.538,137.059,135.64,0.521,0.381579,91,internal|choch|brk14134|form14124,internal,137.059,136.538,-1.0,0,0.518234,1.443378,4,SL_HIT,2026-01-11T12:00:00+00:00,0.380906,0.468309,0.381579,0.468309,0.537428,0.75048,0.018618,0.468309,0.19775,20.0,10.0,0.0,0.216627,0.0,1.0,0.0,0.0,1.0,0.479515,0.088988,0.813366,47.0,0.190162,0.738867,0.374996,0.456088,-2.787471,0.817809,0.0
XRPUSD_14152_BULLISH_14134_14148,XRPUSD,1h,LONG,2026-01-11T16:00:00+00:00,2026-01-10T22:00:00+00:00,2026-01-11T12:00:00+00:00,14134,14148,14152,2.092,2.0824,2.11,0.0096,0.458891,76,internal|choch|brk14148|form14134,internal,2.0952,2.0824,-1.0,0,0.5625,5.020833,4,SL_HIT,2026-01-11T20:00:00+00:00,0.611358,0.69393,0.458891,0.520447,0.882812,0.953125,0.429687,0.69393,0.439127,18.0,4.0,2.0,0.092163,0.0,1.0,0.0,0.0,1.0,0.150026,0.005421,0.881008,45.5,0.287238,0.921626,-0.071592,0.081262,0.186621,2.138298,1.0
BTCUSD_14155_BULLISH_14142_14148,BTCUSD,1h,LONG,2026-01-11T19:00:00+00:00,2026-01-11T06:00:00+00:00,2026-01-11T12:00:00+00:00,14142,14148,14155,90767.0,90541.5,91153.57,225.5,0.248438,100,internal|bos|brk14148|form14142,internal,90767.0,90541.5,-1.0,0,0.0,1.81153,1,SL_HIT,2026-01-11T20:00:00+00:00,0.248747,0.533986,0.248438,0.533986,0.501109,0.585366,0.148559,0.533986,0.42861,13.0,7.0,2.0,0.266401,1.0,0.0,0.0,0.0,0.0,0.50539,0.022496,0.46583,12.0,0.130203,0.632259,-0.472089,-0.11569,-0.795566,1.95864,1.0
BTCUSD_14159_BEARISH_14152_14158,BTCUSD,1h,SHORT,2026-01-11T23:00:00+00:00,2026-01-11T16:00:00+00:00,2026-01-11T22:00:00+00:00,14152,14158,14159,90844.0,91257.5,90135.14,413.5,0.455176,76,internal|choch|brk14158|form14152,internal,91257.5,90844.0,-1.0,0,0.466747,2.262394,2,SL_HIT,2026-01-12T01:00:00+00:00,0.454463,0.978719,0.455176,0.978719,0.655381,0.400242,0.390568,0.978719,0.539657,7.0,1.0,0.0,0.337285,0.0,1.0,0.0,0.0,0.0,0.626713,0.026036,0.464345,14.5,0.183732,1.927852,0.149696,0.246246,0.523685,1.063735,0.0
XRPUSD_14162_BEARISH_14150_14156,XRPUSD,1h,SHORT,2026-01-12T02:00:00+00:00,2026-01-11T14:00:00+00:00,2026-01-11T20:00:00+00:00,14150,14156,14162,2.099475,2.1093,2.08,0.009825,0.467974,74,internal|choch|brk14156|form14150,internal,2.1093,2.0962,1.982188,1,2.083969,0.592875,1,TP_HIT,2026-01-12T03:00:00+00:00,0.623988,0.697665,0.467974,0.523249,0.755725,0.770992,0.770992,0.697665,1.155675,12.0,6.0,0.0,0.003994,0.0,1.0,0.0,0.0,0.0,0.40836,0.047931,0.894394,56.0,0.609576,2.385909,1.268632,0.200458,0.39692,1.443853,0.0
BTCUSD_14168_BULLISH_14159_14161,BTCUSD,1h,LONG,2026-01-12T08:00:00+00:00,2026-01-11T23:00:00+00:00,2026-01-12T01:00:00+00:00,14159,14161,14168,90805.875,90195.0,91853.09,610.875,0.672726,52,internal|choch|brk14161|form14159,internal,91009.5,90195.0,-1.0,0,0.479844,1.175977,6,SL_HIT,2026-01-12T14:00:00+00:00,0.897788,1.877847,0.672726,1.408385,0.64825,0.809699,0.607121,1.877847,0.323926,9.0,7.0,0.0,0.19107,0.0,1.0,0.0,0.0,1.0,0.449938,0.061096,0.478094,43.0,0.364054,2.87268,-1.147359,-0.254523,0.264135,1.577006,1.0
ETHUSD_14168_BULLISH_14159_14162,ETHUSD,1h,LONG,2026-01-12T08:00:00+00:00,2026-01-11T23:00:00+00:00,2026-01-12T02:00:00+00:00,14159,14162,14168,3116.7875,3091.4,3160.31,25.3875,0.814541,42,internal|bos|brk14162|form14159,internal,3125.25,3091.4,-1.0,0,0.284097,2.057607,6,SL_HIT,2026-01-12T14:00:00+00:00,1.086677,1.640011,0.814541,1.230008,0.697194,0.72969,0.423929,1.640011,1.569759,9.0,6.0,0.0,0.086603,1.0,0.0,0.0,0.0,1.0,0.521299,0.060562,0.662604,43.5,0.387634,2.24805,-1.166019,-0.372603,0.910298,1.492081,1.0
SOLUSD_14169_BULLISH_14159_14162,SOLUSD,1h,LONG,2026-01-12T09:00:00+00:00,2026-01-11T23:00:00+00:00,2026-01-12T02:00:00+00:00,14159,14162,14169,139.23125,137.558,142.1,1.67325,1.201778,29,internal|bos|brk14162|form14159,internal,139.789,137.558,1.714478,1,2.110115,0.317496,6,TP_HIT,2026-01-12T15:00:00+00:00,1.598367,1.946672,1.201778,1.460004,0.90632,0.334827,0.650381,1.946672,1.134322,10.0,7.0,1.0,0.304304,1.0,0.0,0.0,0.0,1.0,0.585779,0.013088,0.821077,68.0,0.69054,0.970282,-2.22135,-0.327766,2.581062,1.377296,1.0
BTCUSD_14170_BULLISH_14109_14162,BTCUSD,1h,LONG,2026-01-12T10:00:00+00:00,2026-01-09T21:00:00+00:00,2026-01-12T02:00:00+00:00,14109,14162,14170,90614.0,90095.0,91503.71,519.0,0.572759,61,internal|bos|brk14162|form14109,internal,90614.0,90095.0,-1.0,0,0.934489,1.014451,4,SL_HIT,2026-01-12T14:00:00+00:00,0.574058,1.198538,0.572759,1.198538,0.60501,0.55106,0.44027,1.198538,1.843993,61.0,8.0,1.0,0.473411,1.0,0.0,0.0,0.0,0.0,0.352604,0.024248,0.478965,40.0,0.361533,1.011483,-1.809928,-0.270808,-0.252653,1.638561,1.0
XRPUSD_14175_BEARISH_14163_14170,XRPUSD,1h,SHORT,2026-01-12T15:00:00+00:00,2026-01-12T03:00:00+00:00,2026-01-12T10:00:00+00:00,14163,14170,14175,2.085575,2.1053,2.05,0.019725,0.945782,37,internal|bos|brk14170|form14163,internal,2.1053,2.079,-1.0,0,0.003802,1.147022,1,SL_HIT,2026-01-12T16:00:00+00:00,1.256509,1.399977,0.945782,1.049983,0.463878,0.558935,0.657795,1.399977,0.415202,12.0,5.0,0.0,0.400564,1.0,0.0,0.0,0.0,0.0,0.442051,0.010646,0.897522,54.5,0.727049,1.378684,2.819669,1.858971,0.10043,1.408006,0.0
ETHUSD_14182_BULLISH_14102_14162,ETHUSD,1h,LONG,2026-01-12T22:00:00+00:00,2026-01-09T14:00:00+00:00,2026-01-12T02:00:00+00:00,14102,14162,14182,3088.9375,3060.7,3137.34,28.2375,0.914149,38,internal|bos|brk14162|form14102,internal,3098.35,3060.7,1.714121,1,2.034971,0.043825,7,TP_HIT,2026-01-13T05:00:00+00:00,1.216596,1.794294,0.914149,1.345721,0.903054,0.897742,0.524568,1.794294,1.544094,80.0,20.0,6.0,0.274625,1.0,0.0,0.0,0.0,1.0,0.324419,0.002383,0.678036,46.5,0.386291,0.731538,-0.301219,-1.274464,0.174797,0.68047,1.0
SOLUSD_14194_BEARISH_14176_14186,SOLUSD,1h,SHORT,2026-01-13T10:00:00+00:00,2026-01-12T16:00:00+00:00,2026-01-13T02:00:00+00:00,14176,14186,14194,142.668475,144.3109,139.85,1.642425,1.151218,30,internal|choch|brk14186|form14176,internal,144.3109,142.121,-1.0,0,0.902005,1.173585,6,SL_HIT,2026-01-13T16:00:00+00:00,1.54087,1.863584,1.151218,1.397688,1.0,0.475364,0.191333,1.863584,0.443366,18.0,8.0,1.0,0.465896,0.0,1.0,0.0,0.0,0.0,0.756676,0.003404,0.826831,78.5,0.598111,0.818653,1.551268,0.80147,3.90557,1.128595,0.0
ETHUSD_14222_BEARISH_14212_14218,ETHUSD,1h,SHORT,2026-01-14T14:00:00+00:00,2026-01-14T04:00:00+00:00,2026-01-14T10:00:00+00:00,14212,14218,14222,3342.7375,3364.0,3306.29,21.2625,0.63608,55,internal|choch|brk14218|form14212,internal,3364.0,3335.65,-1.0,0,0.768372,2.869489,2,SL_HIT,2026-01-14T16:00:00+00:00,0.846711,1.286497,0.63608,0.964873,0.555556,0.77425,0.462081,1.286497,0.692031,10.0,4.0,0.0,0.250152,0.0,1.0,0.0,0.0,0.0,0.897359,0.006807,0.658152,72.0,0.937326,2.575263,0.605451,0.687135,7.434503,1.403645,0.0
SOLUSD_14235_BULLISH_14201_14206,SOLUSD,1h,LONG,2026-01-15T03:00:00+00:00,2026-01-13T17:00:00+00:00,2026-01-13T22:00:00+00:00,14201,14206,14235,143.34925,142.468,144.86,0.88125,0.614757,56,internal|choch|brk14206|form14201,internal,143.643,142.468,1.714326,1,1.729078,0.088794,3,TP_HIT,2026-01-15T06:00:00+00:00,0.818918,0.948721,0.614757,0.711541,0.862979,0.368511,0.264681,0.948721,2.835668,34.0,29.0,2.0,0.107185,0.0,1.0,0.0,0.0,1.0,0.589471,0.032297,0.863181,100.0,0.583658,1.213556,-1.861782,-0.747771,3.306214,0.641112,1.0
ETHUSD_14241_BEARISH_14228_14234,ETHUSD,1h,SHORT,2026-01-15T09:00:00+00:00,2026-01-14T20:00:00+00:00,2026-01-15T02:00:00+00:00,14228,14234,14241,3369.05,3392.45,3328.94,23.4,0.694558,50,internal|choch|brk14234|form14228,internal,3392.45,3361.25,1.714103,1,2.038462,0.630342,5,TP_HIT,2026-01-15T14:00:00+00:00,0.92704,1.357649,0.694558,1.018237,0.862179,0.419872,0.512821,1.357649,0.469956,13.0,7.0,0.0,0.1523,0.0,1.0,0.0,0.0,0.0,0.887382,0.010879,0.682827,96.5,0.604193,1.969027,1.855187,0.807225,7.813176,0.844259,0.0
SOLUSD_14269_BULLISH_14261_14268,SOLUSD,1h,LONG,2026-01-16T13:00:00+00:00,2026-01-16T05:00:00+00:00,2026-01-16T12:00:00+00:00,14261,14268,14269,143.097,141.48,145.87,1.617,1.130003,30,internal|choch|brk14268|form14261,internal,143.636,141.48,-1.0,0,0.405071,1.766852,2,SL_HIT,2026-01-16T15:00:00+00:00,1.507049,1.792855,1.130003,1.344641,0.733302,0.448516,0.715213,1.792855,0.466508,8.0,1.0,0.0,0.029936,0.0,1.0,0.0,0.0,0.0,0.474562,0.004158,0.840587,61.0,0.358157,0.850691,-0.055889,0.491002,-0.494533,0.571143,1.0
SOLUSD_14273_BEARISH_14268_14271,SOLUSD,1h,SHORT,2026-01-16T17:00:00+00:00,2026-01-16T12:00:00+00:00,2026-01-16T15:00:00+00:00,14268,14271,14273,143.121,143.872,141.83,0.751,0.524731,66,internal|choch|brk14271|form14268,internal,143.872,143.121,-1.0,0,0.173103,1.468708,1,SL_HIT,2026-01-16T18:00:00+00:00,0.524035,0.616897,0.524731,0.616897,0.747004,0.414115,0.747004,0.616897,1.840012,5.0,2.0,0.0,0.156072,0.0,1.0,0.0,1.0,1.0,0.497234,0.009036,0.84947,70.5,0.540923,1.678025,-0.26515,0.780585,-2.571162,1.372134,0.0
SOLUSD_14276_BEARISH_14241_14249,SOLUSD,1h,SHORT,2026-01-16T20:00:00+00:00,2026-01-15T09:00:00+00:00,2026-01-15T17:00:00+00:00,14241,14249,14276,144.85975,146.023,142.87,1.16325,0.803018,43,internal|bos|brk14249|form14241,internal,146.023,144.472,1.710509,1,2.432624,0.613153,29,TP_HIT,2026-01-18T01:00:00+00:00,1.069936,1.270846,0.803018,0.953135,0.684075,0.348807,0.483559,1.270846,0.729241,35.0,27.0,1.0,0.083781,1.0,0.0,0.0,0.0,1.0,0.646957,0.000819,0.841908,74.0,0.557108,1.256917,2.985223,1.236103,-0.950442,1.439281,0.0
XRPUSD_14276_BEARISH_14264_14270,XRPUSD,1h,SHORT,2026-01-16T20:00:00+00:00,2026-01-16T08:00:00+00:00,2026-01-16T14:00:00+00:00,14264,14270,14276,2.0715,2.0804,2.06,0.0089,0.42964,81,internal|bos|brk14270|form14264,internal,2.0804,2.0715,1.292135,1,1.539326,0.831461,6,TP_HIT,2026-01-17T02:00:00+00:00,0.428338,0.474838,0.42964,0.474838,0.292135,0.842697,0.11236,0.474838,0.106705,12.0,6.0,0.0,0.336121,1.0,0.0,0.0,0.0,1.0,0.316137,0.010671,0.902071,22.5,0.453606,1.712618,2.29421,0.318656,-2.874772,1.159197,0.0
ETHUSD_14294_BEARISH_14264_14271,ETHUSD,1h,SHORT,2026-01-17T14:00:00+00:00,2026-01-16T08:00:00+00:00,2026-01-16T15:00:00+00:00,14264,14271,14294,3307.85,3320.0,3287.02,12.15,0.367308,95,internal|bos|brk14271|form14264,internal,3320.0,3307.85,-1.0,0,0.045267,1.728395,1,SL_HIT,2026-01-17T15:00:00+00:00,0.367114,0.553116,0.367308,0.553116,0.855967,0.27572,0.308642,0.553116,1.313365,30.0,23.0,0.0,0.079667,1.0,0.0,0.0,0.0,1.0,0.657325,0.029591,0.66372,47.0,0.130478,0.480277,0.351728,0.430904,-1.748553,0.495576,0.0
BTCUSD_14295_BEARISH_14264_14271,BTCUSD,1h,SHORT,2026-01-17T15:00:00+00:00,2026-01-16T08:00:00+00:00,2026-01-16T15:00:00+00:00,14264,14271,14295,95538.5,95815.5,95063.64,277.0,0.289935,100,internal|bos|brk14271|form14264,internal,95815.5,95538.5,1.714296,1,1.907942,0.001805,7,TP_HIT,2026-01-17T22:00:00+00:00,0.289934,0.595483,0.289935,0.595483,0.998195,0.315884,0.066787,0.595483,1.28878,31.0,24.0,4.0,0.001075,1.0,0.0,0.0,0.0,1.0,0.614818,0.009674,0.486889,41.5,0.162011,0.512718,0.475354,0.117367,-1.3139,0.737804,0.0
XRPUSD_14296_BULLISH_14276_14295,XRPUSD,1h,LONG,2026-01-17T16:00:00+00:00,2026-01-16T20:00:00+00:00,2026-01-17T15:00:00+00:00,14276,14295,14296,2.070975,2.0469,2.11,0.024075,1.162496,30,internal|choch|brk14295|form14276,internal,2.079,2.0469,-1.0,0,0.499481,1.033229,13,SL_HIT,2026-01-18T05:00:00+00:00,1.549303,1.806083,1.162496,1.354562,0.778816,0.34891,0.732087,1.806083,0.444488,20.0,1.0,0.0,0.052044,0.0,1.0,0.0,1.0,0.0,0.280744,0.005626,0.857825,0.5,0.253751,0.742688,0.538626,0.275869,-1.149809,0.991901,1.0
SOLUSD_14321_BEARISH_14313_14318,SOLUSD,1h,SHORT,2026-01-18T17:00:00+00:00,2026-01-18T09:00:00+00:00,2026-01-18T14:00:00+00:00,14313,14318,14321,142.311,142.632,141.76,0.321,0.225562,100,internal|bos|brk14318|form14313,internal,142.632,142.311,-1.0,0,0.781931,1.993769,1,SL_HIT,2026-01-18T18:00:00+00:00,0.225515,0.295396,0.225562,0.295396,0.906542,0.317757,0.342679,0.295396,0.612417,8.0,3.0,0.0,0.027607,1.0,0.0,0.0,0.0,0.0,0.255752,0.054294,0.763433,0.5,0.209337,0.518093,0.056235,-0.141011,1.123188,1.721159,0.0
BTCUSD_14326_BEARISH_14295_14305,BTCUSD,1h,SHORT,2026-01-18T22:00:00+00:00,2026-01-17T15:00:00+00:00,2026-01-18T01:00:00+00:00,14295,14305,14326,95387.5,95626.0,94978.64,238.5,0.250033,100,internal|bos|brk14305|form14295,internal,95626.0,95387.5,1.714298,1,7.666667,0.274633,1,TP_HIT,2026-01-18T23:00:00+00:00,0.249864,0.5616,0.250033,0.5616,0.72956,0.471698,0.457023,0.5616,0.346143,31.0,21.0,4.0,0.151879,1.0,0.0,0.0,0.0,1.0,0.328709,0.032966,0.444914,4.5,0.113928,0.317887,0.221017,0.476318,-0.079035,0.902714,0.0
BTCUSD_14392_BULLISH_13900_13913,BTCUSD,1h,LONG,2026-01-21T16:00:00+00:00,2026-01-01T04:00:00+00:00,2026-01-01T17:00:00+00:00,13900,13913,14392,87841.0,87524.0,88384.43,317.0,0.360879,96,internal|choch|brk13913|form13900,internal,87841.0,87524.0,-1.0,0,0.943218,1.936909,1,SL_HIT,2026-01-21T17:00:00+00:00,0.361994,0.669126,0.360879,0.669126,0.146688,0.911672,0.81388,0.669126,0.688124,492.0,479.0,1.0,0.570974,0.0,1.0,0.0,0.0,0.0,0.002291,0.011609,0.540995,67.0,0.812489,5.0,-1.346244,-1.600099,-5.623542,2.248547,1.0
BTCUSD_14395_BEARISH_14391_14392,BTCUSD,1h,SHORT,2026-01-21T19:00:00+00:00,2026-01-21T15:00:00+00:00,2026-01-21T16:00:00+00:00,14391,14392,14395,89920.125,90540.0,88857.48,619.875,0.689362,50,internal|choch|brk14392|form14391,internal,90540.0,89713.5,1.714289,1,2.319218,0.707199,20,TP_HIT,2026-01-22T15:00:00+00:00,0.914978,1.695493,0.689362,1.27162,0.254083,0.867514,0.584392,1.695493,5.490609,4.0,3.0,0.0,0.840823,0.0,1.0,0.0,0.0,1.0,0.373316,0.012308,0.539653,77.0,0.921781,4.473108,0.630542,1.030663,-3.083559,1.99629,0.0
BTCUSD_14430_BULLISH_14422_14428,BTCUSD,1h,LONG,2026-01-23T06:00:00+00:00,2026-01-22T22:00:00+00:00,2026-01-23T04:00:00+00:00,14422,14428,14430,89544.5,89108.0,90292.79,436.5,0.487467,71,internal|choch|brk14428|form14422,internal,89544.5,89108.0,-1.0,0,0.263459,1.001145,2,SL_HIT,2026-01-23T08:00:00+00:00,0.487797,0.902863,0.487467,0.902863,0.861397,0.407789,0.191294,0.902863,0.073429,8.0,2.0,1.0,0.125139,0.0,1.0,0.0,0.0,1.0,0.366188,0.011376,0.540278,58.0,0.317087,0.830469,-0.464951,0.585637,0.084444,0.675656,1.0
ETHUSD_14430_BULLISH_14419_14428,ETHUSD,1h,LONG,2026-01-23T06:00:00+00:00,2026-01-22T19:00:00+00:00,2026-01-23T04:00:00+00:00,14419,14428,14430,2953.7,2927.3,2998.96,26.4,0.893794,39,internal|choch|brk14428|form14419,internal,2962.5,2927.3,-1.0,0,0.0,1.217803,2,SL_HIT,2026-01-23T08:00:00+00:00,1.197564,1.442195,0.893794,1.081646,0.340909,0.723011,0.40483,1.442195,0.540823,11.0,2.0,0.0,0.589989,0.0,1.0,0.0,0.0,0.0,0.200595,0.020486,0.830376,94.0,0.505268,1.544624,-0.971986,-0.066298,-1.314442,0.720962,1.0
XRPUSD_14439_BEARISH_14419_14438,XRPUSD,1h,SHORT,2026-01-23T15:00:00+00:00,2026-01-22T19:00:00+00:00,2026-01-23T14:00:00+00:00,14419,14438,14439,1.92115,1.9348,1.9,0.01365,0.710512,49,internal|bos|brk14438|form14419,internal,1.9348,1.9166,-1.0,0,0.113553,2.113553,1,SL_HIT,2026-01-23T16:00:00+00:00,0.947571,1.049191,0.710512,0.786893,0.774725,0.313187,0.554945,1.049191,0.501536,20.0,1.0,0.0,0.025942,1.0,0.0,0.0,0.0,0.0,0.323327,0.034589,0.903144,41.0,0.42364,1.965792,0.713125,0.182558,1.308086,1.319214,0.0
ETHUSD_14440_BEARISH_14428_14432,ETHUSD,1h,SHORT,2026-01-23T16:00:00+00:00,2026-01-23T04:00:00+00:00,2026-01-23T08:00:00+00:00,14428,14432,14440,2967.725,2984.3,2939.31,16.575,0.558509,62,internal|choch|brk14432|form14428,internal,2984.3,2962.2,-1.0,0,0.553544,3.093514,1,SL_HIT,2026-01-23T17:00:00+00:00,0.744873,0.896587,0.558509,0.67244,0.785068,0.79638,0.597285,0.896587,0.833704,12.0,8.0,1.0,0.031441,0.0,1.0,0.0,0.0,1.0,0.281548,0.012171,0.830787,98.5,0.500651,1.707978,0.911518,-0.040429,-0.422883,1.628567,0.0
XRPUSD_14466_BEARISH_14461_14463,XRPUSD,1h,SHORT,2026-01-24T18:00:00+00:00,2026-01-24T13:00:00+00:00,2026-01-24T15:00:00+00:00,14461,14463,14466,1.9177,1.9236,1.91,0.0059,0.30766,100,internal|choch|brk14463|form14461,internal,1.9236,1.9177,1.305085,1,2.491525,0.830508,7,TP_HIT,2026-01-25T01:00:00+00:00,0.30726,0.360506,0.30766,0.360506,0.576271,0.423729,0.186441,0.360506,0.427719,5.0,3.0,1.0,0.152757,0.0,1.0,0.0,0.0,1.0,0.426667,0.018331,0.852301,0.5,0.140556,0.287183,0.125143,-0.11444,-0.088454,0.782079,0.0
SOLUSD_14470_BEARISH_14451_14463,SOLUSD,1h,SHORT,2026-01-24T22:00:00+00:00,2026-01-24T03:00:00+00:00,2026-01-24T15:00:00+00:00,14451,14463,14470,127.594,128.115,126.7,0.521,0.408326,85,internal|bos|brk14463|form14451,internal,128.115,127.594,1.715931,1,2.420345,0.272553,5,TP_HIT,2026-01-25T03:00:00+00:00,0.408266,0.499954,0.408326,0.499954,0.963532,0.230326,0.345489,0.499954,0.326266,19.0,7.0,0.0,0.018232,1.0,0.0,0.0,0.0,1.0,0.398914,0.003838,0.816606,0.5,0.185663,0.547934,0.30576,0.372031,-0.662442,0.561248,0.0
SOLUSD_14511_BULLISH_14500_14510,SOLUSD,1h,LONG,2026-01-26T15:00:00+00:00,2026-01-26T04:00:00+00:00,2026-01-26T14:00:00+00:00,14500,14510,14511,123.10175,121.571,125.73,1.53075,1.243484,28,internal|choch|brk14510|form14500,internal,123.612,121.571,1.716969,1,2.418586,0.046219,25,TP_HIT,2026-01-27T16:00:00+00:00,1.652471,1.922522,1.243484,1.441892,0.951004,0.279765,0.490446,1.922522,0.566113,11.0,1.0,0.0,0.386435,0.0,1.0,0.0,1.0,0.0,0.463727,0.00942,0.859533,19.5,0.601434,2.038476,0.866469,3.245005,-2.687456,1.196646,1.0
BTCUSD_14516_BULLISH_14513_14514,BTCUSD,1h,LONG,2026-01-26T20:00:00+00:00,2026-01-26T17:00:00+00:00,2026-01-26T18:00:00+00:00,14513,14514,14516,87572.125,86995.0,88561.48,577.125,0.659028,53,internal|choch|brk14514|form14513,internal,87764.5,86995.0,1.714282,1,1.848603,0.046134,3,TP_HIT,2026-01-26T23:00:00+00:00,0.878375,1.634185,0.659028,1.225639,0.792723,0.324237,0.102014,1.634185,1.496145,3.0,2.0,0.0,0.069817,0.0,1.0,0.0,0.0,0.0,0.303704,0.027608,0.5375,65.5,0.391704,1.235992,-0.014267,-0.204478,-1.963966,1.155193,1.0
BTCUSD_14522_BEARISH_14485_14488,BTCUSD,1h,SHORT,2026-01-27T02:00:00+00:00,2026-01-25T13:00:00+00:00,2026-01-25T16:00:00+00:00,14485,14488,14522,88619.0,88953.0,88046.43,334.0,0.376894,92,internal|bos|brk14488|form14485,internal,88953.0,88619.0,-1.0,0,0.441617,1.101796,2,SL_HIT,2026-01-27T04:00:00+00:00,0.376152,0.71015,0.376894,0.71015,0.476048,0.655689,0.368263,0.71015,0.759053,37.0,34.0,3.0,0.372085,1.0,0.0,0.0,0.0,1.0,0.533707,0.018073,0.529679,62.0,0.32328,0.666563,0.861584,1.110814,-0.549924,0.244368,0.0
SOLUSD_14535_BEARISH_14523_14533,SOLUSD,1h,SHORT,2026-01-27T15:00:00+00:00,2026-01-27T03:00:00+00:00,2026-01-27T13:00:00+00:00,14523,14533,14535,124.59575,125.183,123.59,0.58725,0.471324,74,internal|choch|brk14533|form14523,internal,125.183,124.4,-1.0,0,0.0,3.760324,1,SL_HIT,2026-01-27T16:00:00+00:00,0.626395,0.750426,0.471324,0.56282,0.232439,0.808429,0.660281,0.750426,0.698673,12.0,2.0,1.0,0.388391,0.0,1.0,0.0,0.0,1.0,0.604263,0.040253,0.834719,13.5,0.447984,1.535355,1.042753,0.715477,-1.545332,1.421088,0.0
XRPUSD_14536_BEARISH_14524_14529,XRPUSD,1h,SHORT,2026-01-27T16:00:00+00:00,2026-01-27T04:00:00+00:00,2026-01-27T09:00:00+00:00,14524,14529,14536,1.9063,1.9169,1.89,0.0106,0.556051,62,internal|choch|brk14529|form14524,internal,1.9169,1.9063,1.537736,1,2.886792,0.735849,1,TP_HIT,2026-01-27T17:00:00+00:00,0.554104,0.674284,0.556051,0.674284,0.367925,0.886792,0.09434,0.674284,0.693368,12.0,7.0,0.0,0.426199,0.0,1.0,0.0,0.0,0.0,0.664309,0.038167,0.821765,8.0,0.379547,1.520321,1.318786,0.404136,1.404718,1.673791,0.0
SOLUSD_14540_BEARISH_14471_14479,SOLUSD,1h,SHORT,2026-01-27T20:00:00+00:00,2026-01-24T23:00:00+00:00,2026-01-25T07:00:00+00:00,14471,14479,14540,127.173,127.736,126.21,0.563,0.442704,79,internal|bos|brk14479|form14471,internal,127.736,127.173,-1.0,0,0.390764,1.190053,1,SL_HIT,2026-01-27T21:00:00+00:00,0.441901,0.528172,0.442704,0.528172,0.589698,0.634103,0.888099,0.528172,0.224403,69.0,61.0,1.0,0.21671,1.0,0.0,0.0,0.0,0.0,0.787463,0.014072,0.836661,34.5,0.719716,1.677392,1.922385,2.35555,4.721355,2.000934,0.0
ETHUSD_14545_BEARISH_14402_14414,ETHUSD,1h,SHORT,2026-01-28T01:00:00+00:00,2026-01-22T02:00:00+00:00,2026-01-22T14:00:00+00:00,14402,14414,14545,3020.1,3037.8,2989.76,17.7,0.586073,59,internal|bos|brk14414|form14402,internal,3037.8,3014.2,1.714124,1,1.836158,0.0,7,TP_HIT,2026-01-28T08:00:00+00:00,0.78213,0.983219,0.586073,0.737414,0.864407,0.860169,0.442797,0.983219,1.324845,143.0,131.0,6.0,0.112487,1.0,0.0,0.0,1.0,0.0,0.931394,0.02708,0.79548,66.5,0.808132,0.816571,-0.137347,3.938961,7.155794,0.367014,0.0
ETHUSD_14546_BEARISH_14398_14490,ETHUSD,1h,SHORT,2026-01-28T02:00:00+00:00,2026-01-21T22:00:00+00:00,2026-01-25T18:00:00+00:00,14398,14490,14546,3017.0875,3044.65,2969.84,27.5625,0.913547,38,internal|bos|brk14490|form14398,internal,3044.65,3007.9,-1.0,0,1.138776,1.012698,9,SL_HIT,2026-01-28T11:00:00+00:00,1.22089,1.534525,0.913547,1.150893,0.940136,0.72381,0.563265,1.534525,1.544964,148.0,56.0,6.0,0.291768,1.0,0.0,0.0,1.0,0.0,0.902106,0.004176,0.795614,65.0,0.805466,0.551176,-0.160865,3.212865,5.944671,0.334483,0.0
SOLUSD_14556_BULLISH_14553_14555,SOLUSD,1h,LONG,2026-01-28T12:00:00+00:00,2026-01-28T09:00:00+00:00,2026-01-28T11:00:00+00:00,14553,14555,14556,127.218,126.0,129.31,1.218,0.957412,36,internal|bos|brk14555|form14553,internal,127.624,126.0,-1.0,0,0.522167,1.408867,3,SL_HIT,2026-01-28T15:00:00+00:00,1.276499,1.552169,0.957412,1.164127,0.753079,0.364532,0.523399,1.552169,0.845856,3.0,1.0,0.0,0.004779,1.0,0.0,0.0,1.0,1.0,0.898769,0.008602,0.822397,19.0,0.676844,1.157436,0.102287,0.133802,3.897069,0.936922,1.0
ETHUSD_14558_BULLISH_14553_14555,ETHUSD,1h,LONG,2026-01-28T14:00:00+00:00,2026-01-28T09:00:00+00:00,2026-01-28T11:00:00+00:00,14553,14555,14558,3009.2875,2985.7,3049.72,23.5875,0.783823,44,internal|bos|brk14555|form14553,internal,3017.15,2985.7,-1.0,0,0.466879,1.120827,1,SL_HIT,2026-01-28T15:00:00+00:00,1.044087,1.32566,0.783823,0.994245,0.842607,0.338633,0.855326,1.32566,0.588012,5.0,3.0,0.0,0.122766,1.0,0.0,0.0,0.0,1.0,0.873725,0.010538,0.787598,58.0,0.46717,1.163378,-0.155789,-0.442887,3.800958,1.260424,1.0
BTCUSD_14576_BULLISH_14535_14540,BTCUSD,1h,LONG,2026-01-29T08:00:00+00:00,2026-01-27T15:00:00+00:00,2026-01-27T20:00:00+00:00,14535,14540,14576,88014.75,87538.5,88831.18,476.25,0.541102,64,internal|bos|brk14540|form14535,internal,88173.5,87538.5,-1.0,0,0.266142,2.191601,6,SL_HIT,2026-01-29T14:00:00+00:00,0.721284,1.310778,0.541102,0.983084,0.785827,0.809449,0.452756,1.310778,2.0508,41.0,36.0,5.0,0.046961,1.0,0.0,0.0,1.0,0.0,0.438856,0.0,0.550271,73.0,0.37631,1.225113,0.028405,-2.344942,-0.300105,0.594165,1.0
SOLUSD_14651_BEARISH_14648_14650,SOLUSD,1h,SHORT,2026-02-01T11:00:00+00:00,2026-02-01T08:00:00+00:00,2026-02-01T10:00:00+00:00,14648,14650,14651,105.11475,106.023,103.56,0.90825,0.864056,40,internal|bos|brk14650|form14648,internal,106.023,104.812,-1.0,0,1.148087,1.737682,2,SL_HIT,2026-02-01T13:00:00+00:00,1.152982,0.949318,0.864056,0.711989,0.818332,0.479769,0.262593,0.949318,1.592127,3.0,1.0,0.0,0.064869,1.0,0.0,0.0,1.0,1.0,0.277818,0.689843,1.214537,100.0,1.119506,1.295024,-0.047582,3.073602,-8.959157,0.595549,0.0
XRPUSD_14673_BEARISH_14658_14669,XRPUSD,1h,SHORT,2026-02-02T09:00:00+00:00,2026-02-01T18:00:00+00:00,2026-02-02T05:00:00+00:00,14658,14669,14673,1.606925,1.6259,1.57,0.018975,1.180827,29,internal|bos|brk14669|form14658,internal,1.6259,1.6006,-1.0,0,0.15415,1.02635,2,SL_HIT,2026-02-02T11:00:00+00:00,1.573285,1.226295,1.180827,0.919722,0.703557,0.517787,0.537549,1.226295,1.328083,15.0,4.0,0.0,0.056952,1.0,0.0,0.0,0.0,1.0,0.275586,0.232657,1.282958,100.0,0.893625,1.308695,2.036802,-0.414912,-6.424207,1.003444,0.0
BTCUSD_14677_BEARISH_14650_14655,BTCUSD,1h,SHORT,2026-02-02T13:00:00+00:00,2026-02-01T10:00:00+00:00,2026-02-01T15:00:00+00:00,14650,14655,14677,78380.75,79202.0,76972.89,821.25,1.04777,33,internal|bos|brk14655|form14650,internal,79202.0,78107.0,-1.0,0,1.043836,1.140639,2,SL_HIT,2026-02-02T15:00:00+00:00,1.400623,1.687815,1.04777,1.265861,0.93379,0.316895,0.690411,1.687815,0.950263,27.0,22.0,3.0,0.310203,1.0,0.0,0.0,0.0,1.0,0.266232,0.059343,0.829844,99.0,0.701098,1.066637,1.745219,1.243209,-5.797617,0.920692,0.0
BTCUSD_14691_BEARISH_14689_14690,BTCUSD,1h,SHORT,2026-02-03T03:00:00+00:00,2026-02-03T01:00:00+00:00,2026-02-03T02:00:00+00:00,14689,14690,14691,78806.125,79171.0,78180.62,364.875,0.463003,75,internal|bos|brk14690|form14689,internal,79171.0,78684.5,1.714299,1,2.460089,0.46557,3,TP_HIT,2026-02-03T06:00:00+00:00,0.618013,0.738165,0.463003,0.553624,0.92703,0.408016,0.10483,0.738165,1.829102,2.0,1.0,0.0,0.130677,1.0,0.0,0.0,1.0,0.0,0.409723,0.018966,0.837229,100.0,0.653269,1.90345,-0.058401,0.974211,0.278977,0.480785,0.0
ETHUSD_14691_BEARISH_14689_14690,ETHUSD,1h,SHORT,2026-02-03T03:00:00+00:00,2026-02-03T01:00:00+00:00,2026-02-03T02:00:00+00:00,14689,14690,14691,2342.1625,2359.0,2313.3,16.8375,0.718887,48,internal|bos|brk14690|form14689,internal,2359.0,2336.55,1.71418,1,2.682257,0.756496,3,TP_HIT,2026-02-03T06:00:00+00:00,0.957887,0.690799,0.718887,0.518099,0.681514,0.363029,0.040089,0.690799,1.733922,2.0,1.0,0.0,0.04731,1.0,0.0,0.0,1.0,1.0,0.278767,0.05231,1.386636,98.0,1.019637,1.872389,-0.274451,1.428139,-4.084305,0.533142,0.0
SOLUSD_14692_BEARISH_14686_14690,SOLUSD,1h,SHORT,2026-02-03T04:00:00+00:00,2026-02-02T22:00:00+00:00,2026-02-03T02:00:00+00:00,14686,14690,14692,104.602,105.175,103.62,0.573,0.547791,63,internal|bos|brk14690|form14686,internal,105.175,104.602,1.713787,1,2.897033,0.193717,2,TP_HIT,2026-02-03T06:00:00+00:00,0.547419,0.410389,0.547791,0.410389,0.876091,0.86911,0.137871,0.410389,1.418815,6.0,2.0,0.0,0.050851,1.0,0.0,0.0,0.0,1.0,0.377496,0.305822,1.333903,91.5,0.716407,0.895264,0.133929,1.268358,-0.785767,0.606312,0.0
XRPUSD_14703_BEARISH_14696_14702,XRPUSD,1h,SHORT,2026-02-03T15:00:00+00:00,2026-02-03T08:00:00+00:00,2026-02-03T14:00:00+00:00,14696,14702,14703,1.61475,1.6245,1.6,0.00975,0.603809,57,internal|choch|brk14702|form14696,internal,1.6245,1.6115,1.512821,1,3.430769,0.292308,1,TP_HIT,2026-02-03T16:00:00+00:00,0.803709,0.638677,0.603809,0.479008,0.538462,0.723077,0.115385,0.638677,1.43948,7.0,1.0,0.0,0.135105,0.0,1.0,0.0,0.0,1.0,0.411827,0.225993,1.258397,87.0,0.88296,2.092896,1.1633,-0.030902,-0.693762,1.183123,0.0
ETHUSD_14745_BEARISH_14737_14742,ETHUSD,1h,SHORT,2026-02-05T09:00:00+00:00,2026-02-05T01:00:00+00:00,2026-02-05T06:00:00+00:00,14737,14742,14745,2135.1625,2173.45,2069.53,38.2875,1.793189,19,internal|bos|brk14742|form14737,internal,2173.45,2122.4,1.714202,1,1.952661,0.127653,2,TP_HIT,2026-02-05T11:00:00+00:00,2.393118,1.417807,1.793189,1.063355,0.788443,0.537708,0.028404,1.417807,0.402707,8.0,3.0,1.0,0.054504,1.0,0.0,0.0,0.0,1.0,0.181272,0.098594,1.687902,99.5,0.945781,1.087309,1.390242,-0.675141,-8.146745,0.840291,0.0
BTCUSD_14782_BEARISH_14745_14748,BTCUSD,1h,SHORT,2026-02-06T22:00:00+00:00,2026-02-05T09:00:00+00:00,2026-02-05T12:00:00+00:00,14745,14748,14782,71247.625,71950.0,70043.55,702.375,0.985822,35,internal|bos|brk14748|form14745,internal,71950.0,71013.5,1.714291,1,2.228332,0.674675,2,TP_HIT,2026-02-07T00:00:00+00:00,1.31293,1.068742,0.985822,0.801557,0.663107,0.576081,0.537106,1.068742,0.857048,37.0,34.0,1.0,0.092866,1.0,0.0,0.0,0.0,1.0,0.594425,0.033666,1.228482,100.0,1.160411,1.494413,0.8697,10.050143,-2.9478,0.713988,0.0
SOLUSD_14801_BEARISH_14788_14791,SOLUSD,1h,SHORT,2026-02-07T17:00:00+00:00,2026-02-07T04:00:00+00:00,2026-02-07T07:00:00+00:00,14788,14791,14801,87.691,89.005,85.44,1.314,1.498443,23,internal|bos|brk14791|form14788,internal,89.005,87.253,-1.0,0,0.203957,1.144597,1,SL_HIT,2026-02-07T18:00:00+00:00,1.999452,1.038223,1.498443,0.778668,0.788242,0.481164,0.218037,1.038223,0.570667,13.0,10.0,1.0,0.039704,1.0,0.0,0.0,0.0,0.0,0.558881,0.818371,1.92584,82.0,0.907043,0.743705,1.648435,0.389533,3.595285,0.909201,0.0
XRPUSD_14803_BULLISH_14796_14802,XRPUSD,1h,LONG,2026-02-07T19:00:00+00:00,2026-02-07T12:00:00+00:00,2026-02-07T18:00:00+00:00,14796,14802,14803,1.42745,1.3901,1.49,0.03735,2.616554,13,internal|choch|brk14802|form14796,internal,1.4399,1.3901,-1.0,0,1.093708,1.47925,39,SL_HIT,2026-02-09T10:00:00+00:00,3.48203,1.879807,2.616554,1.409855,0.805221,0.246988,0.518072,1.879807,0.634152,7.0,1.0,0.0,0.103805,0.0,1.0,0.0,1.0,1.0,0.60507,0.015099,1.852334,94.0,0.919304,0.460515,2.193641,-2.08804,14.434309,0.921553,1.0
ETHUSD_14824_BULLISH_14812_14816,ETHUSD,1h,LONG,2026-02-08T16:00:00+00:00,2026-02-08T04:00:00+00:00,2026-02-08T08:00:00+00:00,14812,14816,14824,2082.5,2066.0,2110.79,16.5,0.792317,44,internal|choch|brk14816|form14812,internal,2088.0,2066.0,1.714545,1,2.369697,0.184848,2,TP_HIT,2026-02-08T18:00:00+00:00,1.057591,0.582304,0.792317,0.436728,0.645455,0.743182,0.390909,0.582304,0.846988,12.0,8.0,1.0,0.060877,0.0,1.0,0.0,0.0,1.0,0.672673,0.083375,1.816216,68.0,0.703401,1.159315,-2.399887,-0.725398,5.145572,1.201064,1.0
XRPUSD_14824_BULLISH_14812_14816,XRPUSD,1h,LONG,2026-02-08T16:00:00+00:00,2026-02-08T04:00:00+00:00,2026-02-08T08:00:00+00:00,14812,14816,14824,1.4193,1.4088,1.44,0.0105,0.739801,47,internal|bos|brk14816|form14812,internal,1.4228,1.4088,1.971429,1,3.142857,0.228571,2,TP_HIT,2026-02-08T18:00:00+00:00,0.987515,0.544501,0.739801,0.408376,0.635714,0.985714,0.435714,0.544501,1.2718,12.0,8.0,0.0,0.062229,1.0,0.0,0.0,0.0,0.0,0.6332,0.182797,1.813613,76.5,0.885496,1.396257,-2.348808,-0.970942,-4.099303,1.197904,1.0
BTCUSD_14825_BEARISH_14788_14790,BTCUSD,1h,SHORT,2026-02-08T17:00:00+00:00,2026-02-07T04:00:00+00:00,2026-02-07T06:00:00+00:00,14788,14790,14825,70846.625,71673.5,69429.12,826.875,1.167134,29,internal|choch|brk14790|form14788,internal,71673.5,70571.0,-1.0,0,1.095843,1.736508,6,SL_HIT,2026-02-08T23:00:00+00:00,1.558062,1.290599,1.167134,0.96795,0.827664,0.872562,0.141497,1.290599,1.630077,37.0,35.0,8.0,0.100234,0.0,1.0,0.0,1.0,0.0,0.68606,0.06731,1.207239,74.5,0.551324,0.54609,-0.634018,2.044907,3.17421,1.257439,0.0
SOLUSD_14826_BEARISH_14821_14824,SOLUSD,1h,SHORT,2026-02-08T18:00:00+00:00,2026-02-08T13:00:00+00:00,2026-02-08T16:00:00+00:00,14821,14824,14826,88.01525,88.865,86.56,0.84975,0.965458,36,internal|bos|brk14824|form14821,internal,88.865,87.732,1.712563,1,2.120918,0.658723,3,TP_HIT,2026-02-08T21:00:00+00:00,1.290433,0.698821,0.965458,0.524116,0.939982,0.778464,0.370697,0.698821,0.93135,5.0,2.0,0.0,0.132764,1.0,0.0,0.0,1.0,0.0,0.746918,0.656879,1.846586,67.5,0.841963,1.062726,-0.82906,1.171889,1.335365,1.289209,0.0
XRPUSD_14847_BEARISH_14837_14840,XRPUSD,1h,SHORT,2026-02-09T15:00:00+00:00,2026-02-09T05:00:00+00:00,2026-02-09T08:00:00+00:00,14837,14840,14847,1.443925,1.4548,1.43,0.010875,0.753155,46,internal|choch|brk14840|form14837,internal,1.4548,1.4403,-1.0,0,0.793103,1.809195,1,SL_HIT,2026-02-09T16:00:00+00:00,1.002974,0.573061,0.753155,0.429796,0.627586,0.627586,0.255172,0.573061,0.723242,10.0,7.0,0.0,0.070151,0.0,1.0,0.0,0.0,0.0,0.774422,0.067186,1.750206,66.5,0.980107,1.157978,4.586559,0.914421,2.992092,1.794501,0.0
SOLUSD_14848_BEARISH_14831_14839,SOLUSD,1h,SHORT,2026-02-09T16:00:00+00:00,2026-02-08T23:00:00+00:00,2026-02-09T07:00:00+00:00,14831,14839,14848,86.7846,89.0094,82.97,2.2248,2.563588,13,internal|bos|brk14839|form14831,internal,89.0094,86.043,1.714581,1,1.830996,0.858684,26,TP_HIT,2026-02-10T18:00:00+00:00,3.445536,1.865579,2.563588,1.399185,0.982807,0.276766,0.062702,1.865579,0.589912,17.0,9.0,0.0,0.434321,1.0,0.0,0.0,0.0,0.0,0.777907,0.120749,1.846899,56.0,0.754748,1.296799,3.142409,-0.334557,0.398825,1.670928,0.0
SOLUSD_14911_BEARISH_14893_14894,SOLUSD,1h,SHORT,2026-02-12T07:00:00+00:00,2026-02-11T13:00:00+00:00,2026-02-11T14:00:00+00:00,14893,14894,14911,80.9398,81.8077,79.45,0.8679,1.072278,32,internal|bos|brk14894|form14893,internal,81.8077,80.6505,-1.0,0,0.72566,1.107501,2,SL_HIT,2026-02-12T09:00:00+00:00,1.43287,0.794933,1.072278,0.5962,0.904511,0.38066,0.415658,0.794933,1.189789,18.0,17.0,7.0,0.122826,1.0,0.0,0.0,0.0,1.0,0.250241,0.226692,1.802504,9.0,0.710741,0.440813,0.547802,2.579703,-6.029578,0.612671,0.0
BTCUSD_14919_BULLISH_14909_14915,BTCUSD,1h,LONG,2026-02-12T15:00:00+00:00,2026-02-12T05:00:00+00:00,2026-02-12T11:00:00+00:00,14909,14915,14919,67050.75,66646.5,67743.75,404.25,0.602902,58,internal|choch|brk14915|form14909,internal,67185.5,66646.5,-1.0,0,0.412492,3.777984,1,SL_HIT,2026-02-12T16:00:00+00:00,0.803159,0.667385,0.602902,0.500538,0.859926,0.383117,0.225417,0.667385,0.067481,10.0,4.0,0.0,0.073363,0.0,1.0,0.0,0.0,0.0,0.211209,0.001238,1.203443,22.0,0.515893,1.236952,-1.287775,-0.486373,-2.722213,1.386461,1.0
ETHUSD_14919_BULLISH_14903_14914,ETHUSD,1h,LONG,2026-02-12T15:00:00+00:00,2026-02-11T23:00:00+00:00,2026-02-12T10:00:00+00:00,14903,14914,14919,1950.2875,1931.35,1982.75,18.9375,0.971011,36,internal|choch|brk14914|form14903,internal,1956.6,1931.35,-1.0,0,0.0,2.858746,1,SL_HIT,2026-02-12T16:00:00+00:00,1.296268,0.75484,0.971011,0.56613,0.655446,0.487129,0.386139,0.75484,0.354252,16.0,5.0,0.0,0.071373,0.0,1.0,0.0,0.0,0.0,0.184511,0.017937,1.717275,1.0,0.642098,1.20027,-2.284983,-0.515832,-3.636094,1.291219,1.0
ETHUSD_14964_BULLISH_14944_14960,ETHUSD,1h,LONG,2026-02-14T12:00:00+00:00,2026-02-13T16:00:00+00:00,2026-02-14T08:00:00+00:00,14944,14960,14964,2062.2375,2030.55,2116.56,31.6875,1.536559,22,internal|bos|brk14960|form14944,internal,2072.8,2030.55,-1.0,0,1.292702,1.648521,24,SL_HIT,2026-02-15T12:00:00+00:00,2.040718,1.38252,1.536559,1.03689,0.942012,0.126627,0.63432,1.38252,0.816423,20.0,4.0,1.0,0.26546,1.0,0.0,0.0,1.0,1.0,0.825592,0.042539,1.476086,1.5,0.511907,1.047116,0.675922,0.830371,3.857634,1.262707,1.0
SOLUSD_14973_BEARISH_14850_14876,SOLUSD,1h,SHORT,2026-02-14T21:00:00+00:00,2026-02-09T18:00:00+00:00,2026-02-10T20:00:00+00:00,14850,14876,14973,87.46875,88.695,85.37,1.22625,1.401929,24,internal|bos|brk14876|form14850,internal,88.695,87.06,-1.0,0,0.0,1.150866,1,SL_HIT,2026-02-14T22:00:00+00:00,1.857026,1.239138,1.401929,0.929354,0.398165,0.829358,0.188991,1.239138,0.340289,123.0,97.0,9.0,0.435972,1.0,0.0,0.0,1.0,0.0,0.968576,0.493382,1.498643,0.5,0.580481,0.853982,-0.034062,3.786307,13.447067,0.77198,0.0
ETHUSD_14981_BEARISH_14973_14977,ETHUSD,1h,SHORT,2026-02-15T05:00:00+00:00,2026-02-14T21:00:00+00:00,2026-02-15T01:00:00+00:00,14973,14977,14981,2082.8875,2098.3,2056.47,15.4125,0.739958,47,internal|choch|brk14977|form14973,internal,2098.3,2077.75,-1.0,0,0.073804,1.317924,2,SL_HIT,2026-02-15T07:00:00+00:00,0.984195,0.695557,0.739958,0.521668,0.501217,0.888078,0.182482,0.695557,0.543245,8.0,4.0,1.0,0.173043,0.0,1.0,0.0,0.0,0.0,0.909242,0.020308,1.414974,0.5,0.522533,0.729404,0.403924,0.167906,6.923392,1.27376,0.0
BTCUSD_14988_BULLISH_14979_14981,BTCUSD,1h,LONG,2026-02-15T12:00:00+00:00,2026-02-15T03:00:00+00:00,2026-02-15T05:00:00+00:00,14979,14981,14988,69785.625,69219.0,70756.98,566.625,0.811951,43,internal|bos|brk14981|form14979,internal,69974.5,69219.0,-1.0,0,0.0,1.83212,1,SL_HIT,2026-02-15T13:00:00+00:00,1.090329,1.049984,0.811951,0.787488,0.095301,0.929186,0.630046,1.049984,0.109793,9.0,7.0,0.0,0.687424,1.0,0.0,0.0,0.0,1.0,0.71748,0.006949,1.038424,1.0,0.417122,1.562121,-2.118222,-0.877626,3.503596,1.169161,1.0
SOLUSD_15006_BULLISH_14948_14960,SOLUSD,1h,LONG,2026-02-16T06:00:00+00:00,2026-02-13T20:00:00+00:00,2026-02-14T08:00:00+00:00,14948,14960,15006,84.84025,84.172,85.99,0.66825,0.787657,44,internal|bos|brk14960|form14948,internal,85.063,84.172,1.720539,1,2.085672,0.057239,3,TP_HIT,2026-02-16T09:00:00+00:00,1.047718,0.692294,0.787657,0.51922,0.976431,0.685746,0.147026,0.692294,0.801072,58.0,46.0,3.0,0.156757,1.0,0.0,0.0,0.0,1.0,0.577353,0.108778,1.5134,0.5,0.707835,0.514364,-0.863808,-2.713524,0.283012,0.571069,1.0
SOLUSD_15012_BEARISH_14998_15005,SOLUSD,1h,SHORT,2026-02-16T12:00:00+00:00,2026-02-15T22:00:00+00:00,2026-02-16T05:00:00+00:00,14998,15005,15012,86.206,86.665,85.42,0.459,0.532446,65,internal|choch|brk15005|form14998,internal,86.665,86.053,-1.0,0,5.12854,1.542484,1,SL_HIT,2026-02-16T13:00:00+00:00,0.710109,0.480568,0.532446,0.360426,0.785948,0.558824,0.243464,0.480568,0.872403,14.0,7.0,1.0,0.017275,0.0,1.0,0.0,0.0,0.0,0.655252,0.168042,1.477645,0.5,0.625014,0.897531,1.341674,-0.046391,0.420633,0.932054,0.0
BTCUSD_15013_BULLISH_15003_15012,BTCUSD,1h,LONG,2026-02-16T13:00:00+00:00,2026-02-16T03:00:00+00:00,2026-02-16T12:00:00+00:00,15003,15012,15013,68445.0,68121.0,69000.43,324.0,0.473373,73,internal|choch|brk15012|form15003,internal,68445.0,68121.0,-1.0,0,0.768519,3.66358,2,SL_HIT,2026-02-16T15:00:00+00:00,0.473948,0.463413,0.473373,0.463413,0.743827,0.79784,0.296296,0.463413,1.360204,10.0,1.0,0.0,0.118714,0.0,1.0,0.0,0.0,0.0,0.558894,0.002861,1.022732,3.5,0.634919,2.758311,-0.536152,-0.852792,-2.994785,1.74138,1.0
XRPUSD_15015_BULLISH_15005_15009,XRPUSD,1h,LONG,2026-02-16T15:00:00+00:00,2026-02-16T05:00:00+00:00,2026-02-16T09:00:00+00:00,15005,15009,15015,1.468125,1.4475,1.5,0.020625,1.404853,24,internal|bos|brk15009|form15005,internal,1.475,1.4475,-1.0,0,1.254545,2.032727,23,SL_HIT,2026-02-17T14:00:00+00:00,1.866178,1.254759,1.404853,0.941069,0.949091,0.509091,0.661818,1.254759,1.423581,10.0,6.0,1.0,0.249811,1.0,0.0,0.0,0.0,1.0,0.396052,0.241826,1.48728,39.0,0.919302,1.879857,-1.047542,-0.257209,1.174047,1.495699,1.0
SOLUSD_15020_BEARISH_15012_15013,SOLUSD,1h,SHORT,2026-02-16T20:00:00+00:00,2026-02-16T12:00:00+00:00,2026-02-16T13:00:00+00:00,15012,15013,15020,85.53775,86.395,84.07,0.85725,1.002189,34,internal|bos|brk15013|form15012,internal,86.395,85.252,-1.0,0,0.484981,1.302129,3,SL_HIT,2026-02-16T23:00:00+00:00,1.33916,0.895875,1.002189,0.671906,0.912511,0.187052,0.578303,0.895875,1.584828,8.0,7.0,0.0,0.145589,1.0,0.0,0.0,0.0,1.0,0.598499,0.220246,1.494807,2.0,0.800529,0.771095,2.584072,0.779294,-2.991453,1.069641,0.0
BTCUSD_15021_BEARISH_15012_15015,BTCUSD,1h,SHORT,2026-02-16T21:00:00+00:00,2026-02-16T12:00:00+00:00,2026-02-16T15:00:00+00:00,15012,15015,15021,69039.5,69831.5,67681.79,792.0,1.147169,30,internal|choch|brk15015|form15012,internal,69831.5,68775.5,1.71428,1,1.722854,0.23548,13,TP_HIT,2026-02-17T10:00:00+00:00,1.533958,1.519513,1.147169,1.139635,0.9375,0.141572,0.900568,1.519513,1.2677,9.0,6.0,0.0,0.284909,0.0,1.0,0.0,0.0,1.0,0.640748,0.012231,1.009507,2.5,0.72093,0.74177,1.444118,0.614577,-1.450863,0.881265,0.0
ETHUSD_15059_BULLISH_15049_15055,ETHUSD,1h,LONG,2026-02-18T11:00:00+00:00,2026-02-18T01:00:00+00:00,2026-02-18T07:00:00+00:00,15049,15055,15059,1979.4125,1967.6,1999.66,11.8125,0.596768,58,internal|bos|brk15055|form15049,internal,1983.35,1967.6,-1.0,0,1.035979,1.626455,2,SL_HIT,2026-02-18T13:00:00+00:00,0.795314,0.585022,0.596768,0.438767,0.809524,0.492063,0.238095,0.585022,0.596165,10.0,4.0,0.0,0.034823,1.0,0.0,0.0,0.0,0.0,0.291818,0.001857,1.35946,0.5,0.592735,0.819031,-1.056707,-0.669609,-0.339691,1.131127,1.0
BTCUSD_15090_BEARISH_15079_15085,BTCUSD,1h,SHORT,2026-02-19T18:00:00+00:00,2026-02-19T07:00:00+00:00,2026-02-19T13:00:00+00:00,15079,15085,15090,67008.0,67308.5,66492.86,300.5,0.448454,78,internal|bos|brk15085|form15079,internal,67308.5,67008.0,-1.0,0,1.271215,1.512479,6,SL_HIT,2026-02-20T00:00:00+00:00,0.448437,0.467062,0.448454,0.467062,0.991681,0.184692,0.199667,0.467062,0.951221,11.0,5.0,1.0,0.003886,1.0,0.0,0.0,0.0,1.0,0.312098,0.025646,0.960124,5.5,0.423116,1.308706,1.70828,0.079155,-0.723714,1.839949,0.0
ETHUSD_15090_BULLISH_14920_14943,ETHUSD,1h,LONG,2026-02-19T18:00:00+00:00,2026-02-12T16:00:00+00:00,2026-02-13T15:00:00+00:00,14920,14943,15090,1936.05,1896.15,2004.45,39.9,2.060897,16,internal|choch|brk14943|form14920,internal,1949.35,1896.15,0.160401,0,1.496241,0.353383,72,TIMEOUT_EXIT,2026-02-22T18:00:00+00:00,2.743541,2.047825,2.060897,1.535869,0.807331,0.816729,0.74812,2.047825,1.685991,170.0,147.0,21.0,0.117403,0.0,1.0,0.0,1.0,0.0,0.249906,0.057739,1.339734,5.0,0.527734,1.106672,0.957984,-1.648407,-2.058237,1.810917,1.0
SOLUSD_15094_BEARISH_15079_15085,SOLUSD,1h,SHORT,2026-02-19T22:00:00+00:00,2026-02-19T07:00:00+00:00,2026-02-19T13:00:00+00:00,15079,15085,15094,82.243,82.672,81.51,0.429,0.521625,67,internal|bos|brk15085|form15079,internal,82.672,82.1,-1.0,0,0.307692,2.990676,2,SL_HIT,2026-02-20T00:00:00+00:00,0.694841,0.490793,0.521625,0.368095,0.613636,0.763986,0.033217,0.490793,0.687282,15.0,9.0,3.0,0.066926,1.0,0.0,0.0,0.0,1.0,0.33437,0.084945,1.415752,0.5,0.635946,0.537984,2.286254,-0.072832,-3.18935,0.752522,0.0
XRPUSD_15097_BEARISH_15079_15083,XRPUSD,1h,SHORT,2026-02-20T01:00:00+00:00,2026-02-19T07:00:00+00:00,2026-02-19T11:00:00+00:00,15079,15083,15097,1.4253,1.437,1.41,0.0117,0.82088,42,internal|bos|brk15083|form15079,internal,1.437,1.4214,1.307692,1,2.213675,0.247863,3,TP_HIT,2026-02-20T04:00:00+00:00,1.095198,0.805189,0.82088,0.603892,0.807692,0.205128,0.320513,0.805189,0.072261,18.0,14.0,0.0,0.046453,1.0,0.0,0.0,0.0,1.0,0.320417,0.092906,1.360175,0.5,0.597794,0.510985,1.006949,1.006949,-3.31908,0.418709,0.0
BTCUSD_15140_BEARISH_15026_15038,BTCUSD,1h,SHORT,2026-02-21T20:00:00+00:00,2026-02-17T02:00:00+00:00,2026-02-17T14:00:00+00:00,15026,15038,15140,68573.875,69226.0,67455.95,652.125,0.950982,36,internal|bos|brk15038|form15026,internal,69226.0,68356.5,1.71428,1,1.912018,0.0,18,TP_HIT,2026-02-22T14:00:00+00:00,1.269186,1.489384,0.950982,1.117038,0.825187,0.378378,0.257044,1.489384,2.15571,114.0,102.0,7.0,0.111982,1.0,0.0,0.0,1.0,0.0,0.942598,0.007708,0.852155,0.5,0.205171,0.020555,-0.100616,0.993595,2.235471,0.879052,0.0
BTCUSD_15142_BULLISH_15123_15133,BTCUSD,1h,LONG,2026-02-21T22:00:00+00:00,2026-02-21T03:00:00+00:00,2026-02-21T13:00:00+00:00,15123,15133,15142,67857.375,67497.0,68475.16,360.375,0.531077,65,internal|bos|brk15133|form15123,internal,67977.5,67497.0,-1.0,0,1.025668,1.471731,16,SL_HIT,2026-02-22T14:00:00+00:00,0.7072,0.825406,0.531077,0.619055,0.930281,0.221644,0.694069,0.825406,0.083314,19.0,9.0,0.0,0.148805,1.0,0.0,0.0,0.0,1.0,0.759527,0.004295,0.85679,0.5,0.2527,0.911297,-0.694977,0.171021,1.224636,0.538119,1.0
XRPUSD_15144_BULLISH_15116_15129,XRPUSD,1h,LONG,2026-02-22T00:00:00+00:00,2026-02-20T20:00:00+00:00,2026-02-21T09:00:00+00:00,15116,15129,15144,1.4256,1.4142,1.45,0.0114,0.799663,43,internal|bos|brk15129|form15116,internal,1.4294,1.4142,-1.0,0,0.614035,1.684211,12,SL_HIT,2026-02-22T12:00:00+00:00,1.065172,0.861423,0.799663,0.646067,0.842105,0.381579,0.282895,0.861423,0.306032,28.0,15.0,1.0,0.079342,1.0,0.0,0.0,0.0,1.0,0.43176,0.045338,1.236526,0.5,0.329847,0.544057,-1.088237,-0.820128,1.877633,0.467547,1.0
SOLUSD_15159_BULLISH_15109_15114,SOLUSD,1h,LONG,2026-02-22T15:00:00+00:00,2026-02-20T13:00:00+00:00,2026-02-20T18:00:00+00:00,15109,15114,15159,83.2215,81.75,85.74,1.4715,1.768173,19,internal|bos|brk15114|form15109,internal,83.712,81.75,-1.0,0,0.319742,1.295549,9,SL_HIT,2026-02-23T00:00:00+00:00,2.349926,1.911595,1.768173,1.433696,0.88787,0.367992,0.770642,1.911595,0.751193,50.0,45.0,2.0,0.263551,1.0,0.0,0.0,0.0,1.0,0.545375,0.322204,1.229301,0.5,0.312994,0.715143,-1.983987,-1.834172,1.571776,1.483405,1.0
XRPUSD_15159_BULLISH_15109_15111,XRPUSD,1h,LONG,2026-02-22T15:00:00+00:00,2026-02-20T13:00:00+00:00,2026-02-20T15:00:00+00:00,15109,15111,15159,1.39755,1.3767,1.43,0.02085,1.491897,23,internal|choch|brk15111|form15109,internal,1.4045,1.3767,-1.0,0,0.17506,1.657074,9,SL_HIT,2026-02-23T00:00:00+00:00,1.996266,1.639624,1.491897,1.229718,0.571942,0.68705,0.748201,1.639624,1.686808,50.0,48.0,2.0,0.291948,0.0,1.0,0.0,0.0,1.0,0.142218,0.011796,1.217514,0.5,0.319288,0.666466,-1.964097,-2.410652,0.657752,1.608311,1.0
SOLUSD_15208_BEARISH_15186_15195,SOLUSD,1h,SHORT,2026-02-24T16:00:00+00:00,2026-02-23T18:00:00+00:00,2026-02-24T03:00:00+00:00,15186,15195,15208,78.34925,79.28,76.75,0.93075,1.18795,29,internal|bos|brk15195|form15186,internal,79.28,78.039,-1.0,0,0.856352,1.096696,6,SL_HIT,2026-02-24T22:00:00+00:00,1.588602,1.220639,1.18795,0.915479,0.935536,0.153908,0.24021,1.220639,0.74753,22.0,13.0,0.0,0.226472,1.0,0.0,0.0,0.0,1.0,0.223993,0.109179,1.301452,4.5,0.497293,0.994412,1.78504,0.553489,-6.603142,1.456295,0.0
BTCUSD_15273_BULLISH_15265_15272,BTCUSD,1h,LONG,2026-02-27T09:00:00+00:00,2026-02-27T01:00:00+00:00,2026-02-27T08:00:00+00:00,15265,15272,15273,67226.5,66850.0,67871.93,376.5,0.560047,62,internal|choch|brk15272|form15265,internal,67352.0,66850.0,-1.0,0,0.428951,1.806109,1,SL_HIT,2026-02-27T10:00:00+00:00,0.745642,0.876337,0.560047,0.657253,0.945219,0.13745,0.251992,0.876337,0.439914,8.0,1.0,0.0,0.171078,0.0,1.0,0.0,0.0,1.0,0.643385,0.0,0.850863,46.0,0.430588,1.481219,-0.577416,0.073579,3.562611,0.835107,1.0
ETHUSD_15273_BULLISH_15265_15267,ETHUSD,1h,LONG,2026-02-27T09:00:00+00:00,2026-02-27T01:00:00+00:00,2026-02-27T03:00:00+00:00,15265,15267,15273,2016.725,2000.45,2044.62,16.275,0.807001,43,internal|choch|brk15267|form15265,internal,2022.15,2000.45,-1.0,0,0.0,2.394777,1,SL_HIT,2026-02-27T10:00:00+00:00,1.080032,0.970745,0.807001,0.728059,0.403226,0.601382,0.317972,0.970745,0.858908,8.0,6.0,1.0,0.336629,0.0,1.0,0.0,0.0,1.0,0.598793,0.035788,1.11258,54.0,0.788576,1.462828,-1.618313,0.279497,6.155228,0.933823,1.0
XRPUSD_15278_BULLISH_15221_15228,XRPUSD,1h,LONG,2026-02-27T14:00:00+00:00,2026-02-25T05:00:00+00:00,2026-02-25T12:00:00+00:00,15221,15228,15278,1.365275,1.3523,1.39,0.012975,0.950358,36,internal|bos|brk15228|form15221,internal,1.3696,1.3523,-1.0,0,0.025048,1.077071,1,SL_HIT,2026-02-27T15:00:00+00:00,1.273276,1.039186,0.950358,0.779389,0.369942,0.757225,0.578035,1.039186,0.997138,57.0,50.0,1.0,0.394951,1.0,0.0,0.0,0.0,0.0,0.258668,0.012014,1.225263,21.0,0.558941,1.021165,-3.350405,-3.081532,-2.908389,1.647356,1.0
BTCUSD_15280_BULLISH_15221_15230,BTCUSD,1h,LONG,2026-02-27T16:00:00+00:00,2026-02-25T05:00:00+00:00,2026-02-25T14:00:00+00:00,15221,15230,15280,65296.75,64726.0,66275.18,570.75,0.874086,40,internal|bos|brk15230|form15221,internal,65487.0,64726.0,-1.0,0,1.235655,4.041612,14,SL_HIT,2026-02-28T06:00:00+00:00,1.162622,1.321529,0.874086,0.991147,0.958607,0.062418,0.764126,1.321529,1.265091,59.0,50.0,0.0,0.27568,1.0,0.0,0.0,0.0,0.0,0.394732,0.012156,0.879755,52.0,0.469821,1.151345,-0.977285,-2.773941,-2.2235,1.549452,1.0
XRPUSD_15280_BULLISH_15216_15217,XRPUSD,1h,LONG,2026-02-27T16:00:00+00:00,2026-02-25T00:00:00+00:00,2026-02-25T01:00:00+00:00,15216,15217,15280,1.34865,1.3404,1.36,0.00825,0.611723,57,internal|choch|brk15217|form15216,internal,1.3514,1.3404,-1.0,0,1.218182,1.363636,1,SL_HIT,2026-02-27T17:00:00+00:00,0.814754,0.662382,0.611723,0.496787,0.881818,0.4,0.109091,0.662382,2.384576,64.0,63.0,1.0,0.087314,0.0,1.0,0.0,0.0,0.0,0.211337,0.126455,1.230037,16.5,0.470476,0.650339,-2.294109,-3.900633,-5.949147,1.605526,1.0
BTCUSD_15389_BEARISH_15385_15387,BTCUSD,1h,SHORT,2026-03-04T05:00:00+00:00,2026-03-04T01:00:00+00:00,2026-03-04T03:00:00+00:00,15385,15387,15389,68169.25,68891.5,66931.11,722.25,1.059495,33,internal|bos|brk15387|form15385,internal,68891.5,67928.5,-1.0,0,0.216338,2.066805,2,SL_HIT,2026-03-04T07:00:00+00:00,1.412427,1.50104,1.059495,1.12578,0.738318,0.449117,0.330737,1.50104,0.907171,4.0,2.0,1.0,0.017536,1.0,0.0,0.0,0.0,0.0,0.730439,0.010132,0.940966,98.5,0.574389,1.106686,0.15939,2.456196,2.078842,0.644974,0.0
BTCUSD_15392_BEARISH_14835_14840,BTCUSD,1h,SHORT,2026-03-04T08:00:00+00:00,2026-02-09T03:00:00+00:00,2026-02-09T08:00:00+00:00,14835,14840,15392,70794.125,71429.0,69705.77,634.875,0.896791,39,internal|choch|brk14840|form14835,internal,71429.0,70582.5,-1.0,0,0.137232,1.714314,1,SL_HIT,2026-03-04T09:00:00+00:00,1.192228,1.297906,0.896791,0.97343,0.505021,0.712936,0.798582,1.297906,0.860927,557.0,552.0,9.0,0.31796,0.0,1.0,0.0,0.0,0.0,0.977489,0.085096,0.918578,100.0,0.779279,3.178452,4.865044,3.973612,7.280571,0.881379,0.0
BTCUSD_15417_BEARISH_15409_15415,BTCUSD,1h,SHORT,2026-03-05T09:00:00+00:00,2026-03-05T01:00:00+00:00,2026-03-05T07:00:00+00:00,15409,15415,15417,72607.0,73300.0,71419.0,693.0,0.954453,36,internal|choch|brk15415|form15409,internal,73300.0,72376.0,-1.0,0,0.173882,1.335498,1,SL_HIT,2026-03-05T10:00:00+00:00,1.273253,1.390152,0.954453,1.042614,0.790043,0.504329,0.23539,1.390152,0.746229,8.0,2.0,0.0,0.055666,0.0,1.0,0.0,1.0,0.0,0.837493,0.084252,0.915909,93.5,0.682717,0.84703,-0.303609,-1.477097,6.48335,0.768863,0.0
XRPUSD_15425_BULLISH_15396_15399,XRPUSD,1h,LONG,2026-03-05T17:00:00+00:00,2026-03-04T12:00:00+00:00,2026-03-04T15:00:00+00:00,15396,15399,15425,1.395575,1.3823,1.42,0.013275,0.951221,36,internal|bos|brk15399|form15396,internal,1.4,1.3823,1.839925,1,2.065913,0.0,2,TP_HIT,2026-03-05T19:00:00+00:00,1.264737,1.017182,0.951221,0.762887,0.971751,0.265537,0.299435,1.017182,2.833169,29.0,26.0,1.0,0.225562,1.0,0.0,0.0,0.0,1.0,0.477044,0.005747,1.243373,96.5,0.747347,1.183839,-2.8125,-1.415892,2.610162,1.034246,1.0
BTCUSD_15439_BEARISH_15429_15436,BTCUSD,1h,SHORT,2026-03-06T07:00:00+00:00,2026-03-05T21:00:00+00:00,2026-03-06T04:00:00+00:00,15429,15436,15439,71129.25,71538.0,70428.54,408.75,0.574658,60,internal|bos|brk15436|form15429,internal,71538.0,70993.0,1.714275,1,2.115596,0.0,2,TP_HIT,2026-03-06T09:00:00+00:00,0.767244,0.820063,0.574658,0.615047,0.925688,0.320183,0.184404,0.820063,0.702696,10.0,3.0,0.0,0.144075,1.0,0.0,0.0,1.0,0.0,0.658494,0.085768,0.935591,83.5,0.476966,1.094671,-0.259764,-0.338129,4.184481,0.880949,0.0
ETHUSD_15452_BULLISH_15387_15391,ETHUSD,1h,LONG,2026-03-06T20:00:00+00:00,2026-03-04T03:00:00+00:00,2026-03-04T07:00:00+00:00,15387,15391,15452,1970.85,1944.0,2016.88,26.85,1.362356,25,internal|choch|brk15391|form15387,internal,1979.8,1944.0,-1.0,0,0.932961,1.348231,30,SL_HIT,2026-03-08T02:00:00+00:00,1.810092,1.413089,1.362356,1.059817,0.944134,0.691341,0.515363,1.413089,1.044028,65.0,61.0,6.0,0.274329,0.0,1.0,0.0,1.0,0.0,0.188142,0.053287,1.280947,76.0,0.600722,0.759831,0.053117,-4.366327,-8.538926,1.116857,1.0
BTCUSD_15454_BULLISH_15387_15391,BTCUSD,1h,LONG,2026-03-06T22:00:00+00:00,2026-03-04T03:00:00+00:00,2026-03-04T07:00:00+00:00,15387,15391,15454,68117.25,67366.5,69404.25,750.75,1.102144,31,internal|choch|brk15391|form15387,internal,68367.5,67366.5,-1.0,0,0.549784,1.666001,21,SL_HIT,2026-03-07T19:00:00+00:00,1.465732,1.517842,1.102144,1.138381,0.926074,0.648352,0.581419,1.517842,1.503437,67.0,63.0,8.0,0.267252,0.0,1.0,0.0,1.0,0.0,0.272122,0.005307,0.965669,73.0,0.44363,0.326768,0.524751,-3.857335,-6.421622,0.690929,1.0
XRPUSD_15480_BULLISH_15387_15391,XRPUSD,1h,LONG,2026-03-08T00:00:00+00:00,2026-03-04T03:00:00+00:00,2026-03-04T07:00:00+00:00,15387,15391,15480,1.35745,1.3444,1.38,0.01305,0.961361,36,internal|bos|brk15391|form15387,internal,1.3618,1.3444,-1.0,0,0.0,1.022989,2,SL_HIT,2026-03-08T02:00:00+00:00,1.284797,1.12955,0.961361,0.847162,0.568966,0.971264,0.448276,1.12955,1.006208,93.0,89.0,25.0,0.204487,1.0,0.0,0.0,1.0,0.0,0.077344,0.064917,1.137441,0.5,0.261614,0.415467,0.333383,-0.769343,-3.635976,0.507921,1.0
BTCUSD_15487_BEARISH_15480_15482,BTCUSD,1h,SHORT,2026-03-08T07:00:00+00:00,2026-03-08T00:00:00+00:00,2026-03-08T02:00:00+00:00,15480,15482,15487,67148.5,67466.0,66604.21,317.5,0.472833,74,internal|bos|brk15482|form15480,internal,67466.0,67148.5,-1.0,0,0.067717,1.267717,1,SL_HIT,2026-03-08T08:00:00+00:00,0.471884,0.519615,0.472833,0.519615,0.574803,0.88189,0.225197,0.519615,0.603081,7.0,5.0,2.0,0.220939,1.0,0.0,0.0,0.0,1.0,0.102015,0.012274,0.908141,31.5,0.33856,0.48852,0.575499,-0.709079,-4.430919,1.079388,0.0
SOLUSD_15487_BEARISH_15480_15484,SOLUSD,1h,SHORT,2026-03-08T07:00:00+00:00,2026-03-08T00:00:00+00:00,2026-03-08T04:00:00+00:00,15480,15484,15487,83.04625,83.482,82.3,0.43575,0.524708,66,internal|bos|brk15484|form15480,internal,83.482,82.901,-1.0,0,1.230637,2.448078,3,SL_HIT,2026-03-08T10:00:00+00:00,0.700498,0.538299,0.524708,0.403724,0.931153,0.311532,0.277108,0.538299,0.349292,7.0,3.0,0.0,0.097515,1.0,0.0,0.0,0.0,1.0,0.098985,0.017604,1.301317,13.0,0.428768,0.64948,0.690769,-0.765724,-5.635197,1.301505,0.0
XRPUSD_15487_BULLISH_15374_15399,XRPUSD,1h,LONG,2026-03-08T07:00:00+00:00,2026-03-03T14:00:00+00:00,2026-03-04T15:00:00+00:00,15374,15399,15487,1.355875,1.3363,1.39,0.019575,1.443717,24,internal|choch|brk15399|form15374,internal,1.3624,1.3363,-1.0,0,0.747126,1.791826,15,SL_HIT,2026-03-08T22:00:00+00:00,1.919965,1.717949,1.443717,1.288462,0.885057,0.835249,0.05364,1.717949,3.245016,113.0,88.0,36.0,0.232022,0.0,1.0,0.0,1.0,0.0,0.14264,0.013164,1.117591,0.5,0.35891,0.750369,0.935551,-0.044118,-2.740216,1.39107,1.0
BTCUSD_15490_BEARISH_15467_15475,BTCUSD,1h,SHORT,2026-03-08T10:00:00+00:00,2026-03-07T11:00:00+00:00,2026-03-07T19:00:00+00:00,15467,15475,15490,67816.0,68210.5,67139.71,394.5,0.581721,60,internal|bos|brk15475|form15467,internal,68210.5,67816.0,1.714297,1,2.42839,0.153359,2,TP_HIT,2026-03-08T12:00:00+00:00,0.581143,0.648031,0.581721,0.648031,0.828897,0.912548,0.315589,0.648031,0.799977,23.0,15.0,1.0,0.11088,1.0,0.0,0.0,0.0,1.0,0.181818,0.002464,0.896782,26.5,0.35934,0.83858,1.135255,1.243102,-4.061082,1.262222,0.0
XRPUSD_15490_BEARISH_15467_15471,XRPUSD,1h,SHORT,2026-03-08T10:00:00+00:00,2026-03-07T11:00:00+00:00,2026-03-07T15:00:00+00:00,15467,15471,15490,1.3646,1.3727,1.35,0.0081,0.593581,58,internal|bos|brk15471|form15467,internal,1.3727,1.3646,1.802469,1,2.592593,0.333333,2,TP_HIT,2026-03-08T12:00:00+00:00,0.592408,0.536223,0.593581,0.536223,0.666667,0.728395,0.493827,0.536223,0.430303,23.0,19.0,1.0,0.178741,1.0,0.0,0.0,0.0,1.0,0.20258,0.00662,1.104779,0.5,0.368033,0.662004,1.06438,1.296488,-2.593147,1.477822,0.0
ETHUSD_15491_BULLISH_15344_15351,ETHUSD,1h,LONG,2026-03-08T11:00:00+00:00,2026-03-02T08:00:00+00:00,2026-03-02T15:00:00+00:00,15344,15351,15491,1942.55,1918.4,1983.95,24.15,1.243211,28,internal|bos|brk15351|form15344,internal,1950.6,1918.4,-1.0,0,1.161491,1.409938,11,SL_HIT,2026-03-08T22:00:00+00:00,1.650774,1.388119,1.243211,1.041089,1.0,0.746894,0.234472,1.388119,2.933586,147.0,140.0,16.0,0.34703,1.0,0.0,0.0,1.0,0.0,0.080355,0.025866,1.189217,13.5,0.529446,1.299745,0.1849,-0.763126,-5.273893,1.433925,1.0
BTCUSD_15496_BULLISH_15484_15488,BTCUSD,1h,LONG,2026-03-08T16:00:00+00:00,2026-03-08T04:00:00+00:00,2026-03-08T08:00:00+00:00,15484,15488,15496,66929.375,66516.5,67637.16,412.875,0.616882,56,internal|choch|brk15488|form15484,internal,67067.0,66516.5,-1.0,0,1.377233,3.268241,6,SL_HIT,2026-03-08T22:00:00+00:00,0.823646,0.908692,0.616882,0.681519,0.582198,0.543143,0.677566,0.908692,0.356544,12.0,8.0,4.0,0.15248,0.0,1.0,0.0,0.0,0.0,0.042628,0.018157,0.906408,20.0,0.347709,0.771687,-0.977088,-0.648844,-2.24793,1.252139,1.0
SOLUSD_15509_BEARISH_15467_15471,SOLUSD,1h,SHORT,2026-03-09T05:00:00+00:00,2026-03-07T11:00:00+00:00,2026-03-07T15:00:00+00:00,15467,15471,15509,84.41475,84.903,83.58,0.48825,0.578394,60,internal|bos|brk15471|form15467,internal,84.903,84.252,1.709677,1,2.730466,0.0,1,TP_HIT,2026-03-09T06:00:00+00:00,0.772398,0.604729,0.578394,0.453547,0.952381,0.569892,0.308756,0.604729,0.447741,42.0,38.0,1.0,0.122386,1.0,0.0,0.0,0.0,1.0,0.318992,0.045517,1.277262,11.0,0.610491,1.394315,2.370917,2.420678,-0.295742,1.072863,0.0
BTCUSD_15512_BEARISH_15490_15502,BTCUSD,1h,SHORT,2026-03-09T08:00:00+00:00,2026-03-08T10:00:00+00:00,2026-03-08T22:00:00+00:00,15490,15502,15512,67793.125,68176.0,67136.77,382.875,0.56477,61,internal|choch|brk15502|form15490,internal,68176.0,67665.5,-1.0,0,0.668952,1.673849,1,SL_HIT,2026-03-09T09:00:00+00:00,0.753189,0.831292,0.56477,0.623469,0.778648,0.728697,0.420176,0.831292,1.165926,22.0,10.0,2.0,0.023815,0.0,1.0,0.0,0.0,0.0,0.276454,0.008142,0.906046,31.5,0.591759,0.882586,0.902155,1.124962,0.158117,1.09562,0.0
SOLUSD_15526_BULLISH_15517_15523,SOLUSD,1h,LONG,2026-03-09T22:00:00+00:00,2026-03-09T13:00:00+00:00,2026-03-09T19:00:00+00:00,15517,15523,15526,85.31,83.981,87.59,1.329,1.557848,22,internal|bos|brk15523|form15517,internal,85.753,83.981,1.715576,1,1.786305,0.359669,12,TP_HIT,2026-03-10T10:00:00+00:00,2.067123,1.648898,1.557848,1.236673,0.98307,0.260158,0.639391,1.648898,0.697339,9.0,3.0,2.0,0.384309,1.0,0.0,0.0,1.0,1.0,0.571147,0.008375,1.253639,10.5,0.609769,0.690453,0.753391,3.091928,3.253355,0.836413,1.0
XRPUSD_15526_BULLISH_15517_15523,XRPUSD,1h,LONG,2026-03-09T22:00:00+00:00,2026-03-09T13:00:00+00:00,2026-03-09T19:00:00+00:00,15517,15523,15526,1.367775,1.3536,1.39,0.014175,1.036355,33,internal|bos|brk15523|form15517,internal,1.3725,1.3536,1.567901,1,1.694885,0.590829,4,TP_HIT,2026-03-10T02:00:00+00:00,1.385834,1.276031,1.036355,0.957023,0.539683,0.566138,0.73545,1.276031,0.81693,9.0,3.0,2.0,0.268372,1.0,0.0,0.0,1.0,1.0,0.420744,0.020254,1.08605,1.0,0.520212,0.857439,0.139511,1.79891,0.694034,0.746213,1.0
BTCUSD_15531_BULLISH_15523_15530,BTCUSD,1h,LONG,2026-03-10T03:00:00+00:00,2026-03-09T19:00:00+00:00,2026-03-10T02:00:00+00:00,15523,15530,15531,69207.875,68334.5,70705.09,873.375,1.261959,27,internal|bos|brk15530|form15523,internal,69499.0,68334.5,1.714287,1,2.116645,0.0,5,TP_HIT,2026-03-10T08:00:00+00:00,1.678002,1.866227,1.261959,1.39967,0.913267,0.130528,0.536282,1.866227,1.588176,8.0,1.0,0.0,0.304694,1.0,0.0,0.0,1.0,1.0,0.656578,0.003205,0.899142,39.0,0.649654,1.605804,1.149258,1.858905,3.158004,0.582118,1.0
XRPUSD_15531_BULLISH_15523_15530,XRPUSD,1h,LONG,2026-03-10T03:00:00+00:00,2026-03-09T19:00:00+00:00,2026-03-10T02:00:00+00:00,15523,15530,15531,1.37655,1.3557,1.41,0.02085,1.514656,23,internal|bos|brk15530|form15523,internal,1.3835,1.3557,1.604317,1,1.666667,0.194245,5,TP_HIT,2026-03-10T08:00:00+00:00,2.022554,1.880384,1.514656,1.410288,0.676259,0.330935,0.435252,1.880384,1.061944,8.0,1.0,0.0,0.138661,1.0,0.0,0.0,1.0,1.0,0.57618,0.020292,1.075607,2.5,0.543571,1.102527,0.784573,1.49904,1.341886,0.766261,1.0
XRPUSD_15539_BULLISH_15530_15536,XRPUSD,1h,LONG,2026-03-10T11:00:00+00:00,2026-03-10T02:00:00+00:00,2026-03-10T08:00:00+00:00,15530,15536,15539,1.386175,1.3693,1.42,0.016875,1.217379,28,internal|bos|brk15536|form15530,internal,1.3918,1.3693,2.004444,1,3.041481,0.342222,3,TP_HIT,2026-03-10T14:00:00+00:00,1.618472,1.525641,1.217379,1.144231,0.928889,0.16,0.697778,1.525641,0.922166,9.0,3.0,0.0,0.27292,1.0,0.0,0.0,1.0,1.0,0.706721,0.040684,1.060847,4.0,0.634499,1.145926,0.702644,1.282238,2.190532,1.282201,1.0
BTCUSD_15541_BULLISH_15531_15536,BTCUSD,1h,LONG,2026-03-10T13:00:00+00:00,2026-03-10T03:00:00+00:00,2026-03-10T08:00:00+00:00,15531,15536,15541,70098.5,69347.0,71386.79,751.5,1.072063,32,internal|bos|brk15536|form15531,internal,70349.0,69347.0,-1.0,0,1.874917,1.153693,1,SL_HIT,2026-03-10T14:00:00+00:00,1.433681,1.608817,1.072063,1.206613,0.541916,0.661178,0.845309,1.608817,0.442344,10.0,5.0,1.0,0.334769,1.0,0.0,0.0,0.0,1.0,0.756804,0.027295,0.89114,34.0,0.655572,1.941178,-1.087626,1.86636,3.54611,1.192339,1.0
SOLUSD_15549_BULLISH_15528_15537,SOLUSD,1h,LONG,2026-03-10T21:00:00+00:00,2026-03-10T00:00:00+00:00,2026-03-10T09:00:00+00:00,15528,15537,15549,85.68025,84.832,87.13,0.84825,0.990018,35,internal|bos|brk15537|form15528,internal,85.963,84.832,-1.0,0,1.407309,1.153257,12,SL_HIT,2026-03-11T09:00:00+00:00,1.319997,1.048105,0.990018,0.786079,0.751547,0.939876,0.566755,1.048105,0.528223,21.0,12.0,4.0,0.001622,1.0,0.0,0.0,0.0,1.0,0.636894,0.045409,1.259413,29.5,0.879335,1.094441,-3.080143,-0.789681,3.879634,0.884009,1.0
BTCUSD_15578_BULLISH_15564_15566,BTCUSD,1h,LONG,2026-03-12T02:00:00+00:00,2026-03-11T12:00:00+00:00,2026-03-11T14:00:00+00:00,15564,15566,15578,69548.625,68940.0,70591.98,608.625,0.875107,39,internal|choch|brk15566|form15564,internal,69751.5,68940.0,1.714282,1,1.995276,0.617991,9,TP_HIT,2026-03-12T11:00:00+00:00,1.171841,1.293843,0.875107,0.970382,0.382009,0.696242,0.21565,1.293843,0.638551,14.0,12.0,2.0,0.476123,0.0,1.0,0.0,0.0,1.0,0.594236,0.012755,0.905706,37.0,0.464251,1.061063,-2.063387,0.143165,0.18518,0.369281,1.0
SOLUSD_15578_BULLISH_15564_15569,SOLUSD,1h,LONG,2026-03-12T02:00:00+00:00,2026-03-11T12:00:00+00:00,2026-03-11T17:00:00+00:00,15564,15569,15578,85.35175,84.352,87.07,0.99975,1.171329,29,internal|choch|brk15569|form15564,internal,85.685,84.352,1.71868,1,1.768692,0.665616,9,TP_HIT,2026-03-12T11:00:00+00:00,1.564885,1.254538,1.171329,0.940903,0.622656,0.40135,0.486872,1.254538,0.771075,14.0,9.0,0.0,0.159758,0.0,1.0,0.0,0.0,0.0,0.578591,0.01694,1.247379,3.0,0.744308,0.935492,-2.74251,0.75702,-0.45692,0.4337,1.0
ETHUSD_15617_BULLISH_15606_15613,ETHUSD,1h,LONG,2026-03-13T17:00:00+00:00,2026-03-13T06:00:00+00:00,2026-03-13T13:00:00+00:00,15606,15613,15617,2106.6375,2089.35,2136.27,17.2875,0.820621,42,internal|bos|brk15613|form15606,internal,2112.4,2089.35,-1.0,0,0.564714,1.671005,5,SL_HIT,2026-03-13T22:00:00+00:00,1.096314,0.976988,0.820621,0.732741,0.570499,0.9718,0.644252,0.976988,1.657277,11.0,4.0,1.0,0.17537,1.0,0.0,0.0,0.0,1.0,0.516261,0.012716,1.122136,69.0,0.953086,2.14895,-2.008762,-0.130626,2.596008,1.995693,1.0
SOLUSD_15617_BULLISH_15607_15613,SOLUSD,1h,LONG,2026-03-13T17:00:00+00:00,2026-03-13T07:00:00+00:00,2026-03-13T13:00:00+00:00,15607,15613,15617,88.7396,88.154,89.74,0.5856,0.659908,53,internal|bos|brk15613|form15607,internal,88.9348,88.154,-1.0,0,0.675205,1.735997,5,SL_HIT,2026-03-13T22:00:00+00:00,0.878537,0.723359,0.659908,0.542519,0.923412,0.474898,0.307377,0.723359,0.7921,10.0,4.0,1.0,0.125439,1.0,0.0,0.0,0.0,1.0,0.517875,0.009264,1.214525,64.5,1.073504,1.454685,-2.326578,-0.23461,4.091026,1.853356,1.0
ETHUSD_15630_BULLISH_15591_15600,ETHUSD,1h,LONG,2026-03-14T06:00:00+00:00,2026-03-12T15:00:00+00:00,2026-03-13T00:00:00+00:00,15591,15600,15630,2070.975,2038.05,2127.42,32.925,1.589831,22,internal|bos|brk15600|form15591,internal,2081.95,2038.05,1.714351,1,2.059985,0.31511,38,TP_HIT,2026-03-15T20:00:00+00:00,2.113218,1.907265,1.589831,1.430449,0.896355,0.330296,0.617312,1.907265,1.996328,39.0,30.0,2.0,0.279138,1.0,0.0,0.0,0.0,1.0,0.350864,0.091236,1.107984,17.5,0.78719,1.051385,-0.70027,-2.354877,2.722081,0.611428,1.0
BTCUSD_15633_BULLISH_15591_15600,BTCUSD,1h,LONG,2026-03-14T09:00:00+00:00,2026-03-12T15:00:00+00:00,2026-03-13T00:00:00+00:00,15591,15600,15633,70263.75,69436.5,71681.89,827.25,1.17735,29,internal|bos|brk15600|form15591,internal,70539.5,69436.5,1.714282,1,1.805681,0.0,20,TP_HIT,2026-03-15T05:00:00+00:00,1.56495,1.800003,1.17735,1.350002,0.947416,0.241614,0.664551,1.800003,1.596829,42.0,33.0,6.0,0.35535,1.0,0.0,0.0,0.0,1.0,0.312456,0.101995,0.869415,12.0,0.456327,0.550771,-0.735874,-0.768018,0.99083,0.713758,1.0
SOLUSD_15633_BULLISH_15595_15600,SOLUSD,1h,LONG,2026-03-14T09:00:00+00:00,2026-03-12T19:00:00+00:00,2026-03-13T00:00:00+00:00,15595,15600,15633,86.6205,85.65,88.28,0.9705,1.120405,31,internal|bos|brk15600|form15595,internal,86.944,85.65,1.709943,1,2.086038,0.134055,17,TP_HIT,2026-03-15T02:00:00+00:00,1.490388,1.241753,1.120405,0.931314,0.906491,0.255796,0.741886,1.241753,2.849122,38.0,33.0,1.0,0.194324,1.0,0.0,0.0,0.0,1.0,0.281724,0.012475,1.20023,0.5,0.469983,0.659261,-1.599157,-2.242864,1.189949,0.706956,1.0
XRPUSD_15633_BULLISH_15590_15613,XRPUSD,1h,LONG,2026-03-14T09:00:00+00:00,2026-03-12T14:00:00+00:00,2026-03-13T13:00:00+00:00,15590,15613,15633,1.3844,1.364,1.42,0.0204,1.473563,23,internal|bos|brk15613|form15590,internal,1.3912,1.364,1.745098,1,1.769608,0.0,20,TP_HIT,2026-03-15T05:00:00+00:00,1.95782,1.955288,1.473563,1.466466,0.930147,0.268382,0.488971,1.955288,0.754799,43.0,20.0,5.0,0.352239,1.0,0.0,0.0,0.0,1.0,0.286523,0.007189,1.001295,0.5,0.479805,0.611028,-0.565417,-0.52982,0.981247,0.696772,1.0
SOLUSD_15650_BEARISH_15628_15630,SOLUSD,1h,SHORT,2026-03-15T02:00:00+00:00,2026-03-14T04:00:00+00:00,2026-03-14T06:00:00+00:00,15628,15630,15650,88.204,88.7,87.35,0.496,0.562333,62,internal|bos|brk15630|form15628,internal,88.7,88.204,-1.0,0,1.050403,1.332661,7,SL_HIT,2026-03-15T09:00:00+00:00,0.561887,0.499791,0.562333,0.499791,0.858871,0.889113,0.344758,0.499791,0.817198,22.0,20.0,1.0,0.070535,1.0,0.0,0.0,0.0,1.0,0.447155,0.021161,1.124244,0.5,0.327153,0.958269,1.158567,1.530888,-1.704805,1.012973,0.0
XRPUSD_15663_BULLISH_15654_15660,XRPUSD,1h,LONG,2026-03-15T15:00:00+00:00,2026-03-15T06:00:00+00:00,2026-03-15T12:00:00+00:00,15654,15660,15663,1.412875,1.405,1.43,0.007875,0.557374,62,internal|bos|brk15660|form15654,internal,1.4155,1.405,2.174603,1,6.593651,0.580952,7,TP_HIT,2026-03-15T22:00:00+00:00,0.741945,0.81178,0.557374,0.608835,0.971429,0.314286,0.419048,0.81178,0.30925,9.0,3.0,2.0,0.179751,1.0,0.0,0.0,0.0,0.0,0.579841,0.077312,0.913972,0.5,0.293645,0.587574,-0.042379,0.740319,-1.95372,1.734021,1.0
SOLUSD_15665_BEARISH_15657_15664,SOLUSD,1h,SHORT,2026-03-15T17:00:00+00:00,2026-03-15T09:00:00+00:00,2026-03-15T16:00:00+00:00,15657,15664,15665,88.412,88.865,87.64,0.453,0.512374,68,internal|choch|brk15664|form15657,internal,88.865,88.412,-1.0,0,1.350993,1.331126,3,SL_HIT,2026-03-15T20:00:00+00:00,0.512299,0.471356,0.512374,0.471356,0.971302,0.86755,0.139073,0.471356,0.381872,8.0,1.0,0.0,0.013527,0.0,1.0,0.0,0.0,1.0,0.451873,0.135268,1.08686,1.0,0.416887,1.365165,0.193759,0.171058,-1.173512,1.413793,0.0
ETHUSD_15681_BEARISH_14715_14725,ETHUSD,1h,SHORT,2026-03-16T09:00:00+00:00,2026-02-04T03:00:00+00:00,2026-02-04T13:00:00+00:00,14715,14725,15681,2259.7875,2295.3,2198.91,35.5125,1.571497,22,internal|bos|brk14725|form14715,internal,2295.3,2247.95,-1.0,0,0.1151,1.219641,3,SL_HIT,2026-03-16T12:00:00+00:00,2.095133,2.169617,1.571497,1.627213,0.745512,0.853221,0.663147,2.169617,2.077975,966.0,956.0,6.0,0.009737,1.0,0.0,0.0,1.0,0.0,0.892796,0.032075,0.965669,17.0,0.862177,1.175305,-0.121534,7.690842,8.821263,1.308989,0.0
XRPUSD_15681_BEARISH_15237_15294,XRPUSD,1h,SHORT,2026-03-16T09:00:00+00:00,2026-02-25T21:00:00+00:00,2026-02-28T06:00:00+00:00,15237,15294,15681,1.47015,1.4934,1.43,0.02325,1.581471,22,internal|choch|brk15294|form15237,internal,1.4934,1.4624,-1.0,0,0.182796,1.696774,5,SL_HIT,2026-03-16T14:00:00+00:00,2.103549,2.346081,1.581471,1.759561,0.635484,0.854839,0.383871,2.346081,4.018609,444.0,387.0,11.0,0.268664,0.0,1.0,0.0,1.0,0.0,0.878303,0.098384,0.896622,14.5,0.698092,0.734096,-0.385291,4.502907,5.755292,0.925599,0.0
SOLUSD_15700_BULLISH_15680_15690,SOLUSD,1h,LONG,2026-03-17T04:00:00+00:00,2026-03-16T08:00:00+00:00,2026-03-16T18:00:00+00:00,15680,15690,15700,93.679,92.596,95.54,1.083,1.156076,30,internal|bos|brk15690|form15680,internal,94.04,92.596,1.718375,1,1.767313,0.466297,14,TP_HIT,2026-03-17T18:00:00+00:00,1.539987,1.438568,1.156076,1.078926,0.810942,0.584488,0.485457,1.438568,0.308834,20.0,10.0,1.0,0.087669,1.0,0.0,0.0,0.0,1.0,0.64914,0.299868,1.0705,28.0,0.507702,1.058005,-2.528093,0.106761,6.22267,0.669069,1.0
BTCUSD_15706_BULLISH_15688_15694,BTCUSD,1h,LONG,2026-03-17T10:00:00+00:00,2026-03-16T16:00:00+00:00,2026-03-16T22:00:00+00:00,15688,15694,15706,73696.75,73129.0,74670.04,567.75,0.770387,45,internal|bos|brk15694|form15688,internal,73886.0,73129.0,1.714293,1,2.055923,0.607221,5,TP_HIT,2026-03-17T15:00:00+00:00,1.027012,1.298783,0.770387,0.974087,0.766182,0.443857,0.640687,1.298783,0.615078,18.0,12.0,3.0,0.021017,1.0,0.0,0.0,0.0,1.0,0.600909,0.046324,0.790749,23.5,0.404791,0.651965,-0.399973,-0.307696,2.82705,0.731866,1.0
SOLUSD_15725_BULLISH_15708_15714,SOLUSD,1h,LONG,2026-03-18T05:00:00+00:00,2026-03-17T12:00:00+00:00,2026-03-17T18:00:00+00:00,15708,15714,15725,93.852,93.174,95.01,0.678,0.722414,48,internal|bos|brk15714|form15708,internal,94.078,93.174,-1.0,0,1.174041,3.026549,6,SL_HIT,2026-03-18T11:00:00+00:00,0.962552,0.911176,0.722414,0.683382,0.821903,0.400442,0.232301,0.911176,0.744866,17.0,11.0,1.0,0.065516,1.0,0.0,0.0,0.0,1.0,0.662521,0.152199,1.056384,21.5,0.504461,0.662417,-0.635858,-0.614828,0.783371,0.663713,1.0
SOLUSD_15748_BULLISH_15743_15747,SOLUSD,1h,LONG,2026-03-19T04:00:00+00:00,2026-03-18T23:00:00+00:00,2026-03-19T03:00:00+00:00,15743,15747,15748,90.166,89.684,90.99,0.482,0.53457,65,internal|choch|brk15747|form15743,internal,90.166,89.684,-1.0,0,0.0,1.06639,1,SL_HIT,2026-03-19T05:00:00+00:00,0.536127,0.488782,0.53457,0.488782,0.456432,0.896266,0.23029,0.488782,0.751427,5.0,1.0,0.0,0.265687,0.0,1.0,0.0,0.0,0.0,0.246545,0.04969,1.096863,17.0,0.783433,1.0161,-0.189842,-0.445153,-5.490555,0.561923,1.0
SOLUSD_15753_BEARISH_15747_15751,SOLUSD,1h,SHORT,2026-03-19T09:00:00+00:00,2026-03-19T03:00:00+00:00,2026-03-19T07:00:00+00:00,15747,15751,15753,90.287075,91.4063,88.37,1.119225,1.239629,28,internal|choch|brk15751|form15747,internal,91.4063,89.914,1.712859,1,2.004132,0.177735,3,TP_HIT,2026-03-19T12:00:00+00:00,1.654325,1.518363,1.239629,1.138772,0.804329,0.329692,0.496549,1.518363,0.448702,6.0,2.0,0.0,0.082491,0.0,1.0,0.0,0.0,1.0,0.275732,0.162794,1.089545,13.5,0.608114,1.242325,0.335914,0.716806,-4.471131,0.747672,0.0
SOLUSD_15756_BULLISH_15661_15669,SOLUSD,1h,LONG,2026-03-19T12:00:00+00:00,2026-03-15T13:00:00+00:00,2026-03-15T21:00:00+00:00,15661,15669,15756,88.136,87.353,89.48,0.783,0.8884,39,internal|choch|brk15669|form15661,internal,88.397,87.353,-1.0,0,0.962963,1.259259,3,SL_HIT,2026-03-19T15:00:00+00:00,1.184829,1.062868,0.8884,0.797151,0.728927,0.338123,0.403257,1.062868,1.23085,95.0,87.0,0.0,0.022398,0.0,1.0,0.0,0.0,0.0,0.073548,0.029524,1.114747,14.0,0.624982,1.619754,-1.464931,-2.577257,-5.837973,0.76092,1.0
ETHUSD_15777_BULLISH_15775_15776,ETHUSD,1h,LONG,2026-03-20T09:00:00+00:00,2026-03-20T07:00:00+00:00,2026-03-20T08:00:00+00:00,15775,15776,15777,2144.9375,2120.9,2186.14,24.0375,1.120662,31,internal|choch|brk15776|form15775,internal,2152.95,2120.9,-1.0,0,0.549662,1.208008,5,SL_HIT,2026-03-20T14:00:00+00:00,1.497279,1.403642,1.120662,1.052731,0.613105,0.589704,0.422777,1.403642,0.586858,2.0,1.0,0.0,0.192152,0.0,1.0,0.0,0.0,0.0,0.147974,0.043795,1.06671,58.5,0.46344,1.285394,-0.342195,0.757843,-7.617445,1.046984,1.0
BTCUSD_15781_BULLISH_15767_15771,BTCUSD,1h,LONG,2026-03-20T13:00:00+00:00,2026-03-19T23:00:00+00:00,2026-03-20T03:00:00+00:00,15767,15771,15781,70122.375,69690.0,70863.59,432.375,0.616601,56,internal|choch|brk15771|form15767,internal,70266.5,69690.0,-1.0,0,0.280139,1.27985,1,SL_HIT,2026-03-20T14:00:00+00:00,0.825476,0.999188,0.616601,0.749391,0.257589,0.875976,0.473547,0.999188,0.54769,14.0,10.0,3.0,0.492011,0.0,1.0,0.0,0.0,0.0,0.149561,0.028598,0.826147,23.0,0.357775,1.432487,-1.645612,-0.463204,-4.216669,1.312099,1.0
ETHUSD_15810_BEARISH_15806_15808,ETHUSD,1h,SHORT,2026-03-21T18:00:00+00:00,2026-03-21T14:00:00+00:00,2026-03-21T16:00:00+00:00,15806,15808,15810,2154.2375,2168.0,2130.64,13.7625,0.638857,54,internal|choch|brk15808|form15806,internal,2168.0,2149.65,1.714623,1,6.168029,0.171662,5,TP_HIT,2026-03-21T23:00:00+00:00,0.85329,0.856988,0.638857,0.642741,0.953678,0.310627,0.215259,0.856988,0.403975,4.0,2.0,1.0,0.17455,0.0,1.0,0.0,1.0,0.0,0.202703,0.035027,0.995685,10.0,0.207282,0.408646,-0.225021,-0.106838,1.700125,1.175697,0.0
SOLUSD_15812_BEARISH_15801_15806,SOLUSD,1h,SHORT,2026-03-21T20:00:00+00:00,2026-03-21T09:00:00+00:00,2026-03-21T14:00:00+00:00,15801,15806,15812,89.984,90.4,89.27,0.416,0.462304,75,internal|bos|brk15806|form15801,internal,90.4,89.984,1.716346,1,6.908173,0.533654,3,TP_HIT,2026-03-21T23:00:00+00:00,0.461479,0.458081,0.462304,0.458081,0.612981,0.759615,0.434135,0.458081,0.407427,11.0,6.0,1.0,0.177286,1.0,0.0,0.0,0.0,0.0,0.36371,0.170679,1.007418,0.5,0.255689,0.579208,0.378598,0.200078,2.281753,0.663571,0.0
XRPUSD_15831_BULLISH_15630_15670,XRPUSD,1h,LONG,2026-03-22T15:00:00+00:00,2026-03-14T06:00:00+00:00,2026-03-15T22:00:00+00:00,15630,15670,15831,1.3917,1.3839,1.41,0.0078,0.560466,62,internal|bos|brk15670|form15630,internal,1.3943,1.3839,-1.0,0,0.435897,1.423077,3,SL_HIT,2026-03-22T18:00:00+00:00,0.747073,0.801109,0.560466,0.600832,0.788462,0.903846,0.201923,0.801109,2.087505,201.0,161.0,6.0,0.030812,1.0,0.0,0.0,1.0,0.0,0.068376,0.023109,0.932548,6.0,0.539254,0.754891,0.295389,-1.283506,-3.164997,1.292131,1.0
BTCUSD_15845_BEARISH_15831_15837,BTCUSD,1h,SHORT,2026-03-23T05:00:00+00:00,2026-03-22T15:00:00+00:00,2026-03-22T21:00:00+00:00,15831,15837,15845,68679.5,68990.0,68147.21,310.5,0.4521,77,internal|bos|brk15837|form15831,internal,68990.0,68679.5,1.7143,1,3.283414,0.621578,1,TP_HIT,2026-03-23T06:00:00+00:00,0.45084,0.58187,0.4521,0.58187,0.381643,0.644122,0.446055,0.58187,0.506911,14.0,8.0,0.0,0.359804,1.0,0.0,0.0,0.0,1.0,0.362988,0.006559,0.774811,4.5,0.433631,0.691498,1.804865,0.276639,-2.50975,0.982022,0.0
XRPUSD_15854_BEARISH_15776_15815,XRPUSD,1h,SHORT,2026-03-23T14:00:00+00:00,2026-03-20T08:00:00+00:00,2026-03-21T23:00:00+00:00,15776,15815,15854,1.45625,1.466,1.44,0.00975,0.669528,52,internal|choch|brk15815|form15776,internal,1.466,1.453,1.666667,1,2.671795,0.979487,1,TP_HIT,2026-03-23T15:00:00+00:00,0.893225,0.976,0.669528,0.732,0.815385,0.238462,0.407692,0.976,2.237291,78.0,39.0,0.0,0.063815,0.0,1.0,0.0,0.0,0.0,0.899048,0.045046,0.91519,39.5,0.848874,1.156184,6.350018,5.128576,0.782494,2.389426,0.0
BTCUSD_15887_BEARISH_15871_15877,BTCUSD,1h,SHORT,2026-03-24T23:00:00+00:00,2026-03-24T07:00:00+00:00,2026-03-24T13:00:00+00:00,15871,15877,15887,70683.75,71385.0,69481.61,701.25,0.992095,35,internal|choch|brk15877|form15871,internal,71385.0,70450.0,-1.0,0,0.428877,1.143316,9,SL_HIT,2026-03-25T08:00:00+00:00,1.325668,1.675747,0.992095,1.25681,0.913904,0.383957,0.798396,1.675747,1.535952,16.0,10.0,1.0,0.274661,0.0,1.0,0.0,0.0,0.0,0.717573,0.024195,0.791091,36.0,0.515076,1.044878,1.618713,-0.579351,3.917697,0.58965,0.0
ETHUSD_15887_BEARISH_15875_15881,ETHUSD,1h,SHORT,2026-03-24T23:00:00+00:00,2026-03-24T11:00:00+00:00,2026-03-24T17:00:00+00:00,15875,15881,15887,2157.0375,2174.85,2126.5,17.8125,0.825785,42,internal|choch|brk15881|form15875,internal,2174.85,2151.1,-1.0,0,0.636491,1.244211,6,SL_HIT,2026-03-25T05:00:00+00:00,1.101756,1.080766,0.825785,0.810574,0.808421,0.515789,0.193684,1.080766,0.837309,12.0,6.0,3.0,0.063139,0.0,1.0,0.0,0.0,0.0,0.753448,0.002275,1.019422,27.0,0.572039,0.926045,1.756001,0.060343,5.395297,0.60321,0.0
XRPUSD_15887_BEARISH_15872_15877,XRPUSD,1h,SHORT,2026-03-24T23:00:00+00:00,2026-03-24T08:00:00+00:00,2026-03-24T13:00:00+00:00,15872,15877,15887,1.418925,1.4328,1.4,0.013875,0.977853,35,internal|choch|brk15877|form15872,internal,1.4328,1.4143,-1.0,0,0.895495,1.317117,12,SL_HIT,2026-03-25T11:00:00+00:00,1.307143,1.404959,0.977853,1.053719,0.945946,0.178378,0.756757,1.404959,1.032835,15.0,10.0,0.0,0.275296,0.0,1.0,0.0,0.0,0.0,0.51813,0.083538,0.930378,16.5,0.599806,0.653116,1.959513,-0.084716,2.654675,0.872424,0.0
SOLUSD_15902_BULLISH_15895_15899,SOLUSD,1h,LONG,2026-03-25T14:00:00+00:00,2026-03-25T07:00:00+00:00,2026-03-25T11:00:00+00:00,15895,15899,15902,92.32075,91.765,93.27,0.55575,0.601977,58,internal|bos|brk15899|form15895,internal,92.506,91.765,-1.0,0,0.0,2.349528,1,SL_HIT,2026-03-25T15:00:00+00:00,0.805917,0.806856,0.601977,0.605142,0.242915,0.811066,0.758435,0.806856,0.381106,7.0,3.0,1.0,0.409145,1.0,0.0,0.0,0.0,1.0,0.816465,0.099088,0.998835,23.0,0.537657,1.089964,-0.660141,1.26659,1.905216,1.208097,1.0
XRPUSD_15902_BULLISH_15891_15899,XRPUSD,1h,LONG,2026-03-25T14:00:00+00:00,2026-03-25T03:00:00+00:00,2026-03-25T11:00:00+00:00,15891,15899,15902,1.4145,1.4065,1.43,0.008,0.565571,61,internal|choch|brk15899|form15891,internal,1.4145,1.4065,-1.0,0,0.2125,1.6625,1,SL_HIT,2026-03-25T15:00:00+00:00,0.565571,0.619732,0.565571,0.619732,1.0,0.2,0.3375,0.619732,0.472546,11.0,3.0,1.0,0.0,0.0,1.0,0.0,0.0,0.0,0.510496,0.02324,0.912605,8.5,0.428553,0.588746,-0.2046,-0.056525,-0.688057,1.434217,1.0
BTCUSD_15957_BULLISH_15349_15350,BTCUSD,1h,LONG,2026-03-27T21:00:00+00:00,2026-03-02T13:00:00+00:00,2026-03-02T14:00:00+00:00,15349,15350,15957,65917.875,65326.5,66931.66,591.375,0.897139,39,internal|choch|brk15350|form15349,internal,66115.0,65326.5,1.714285,1,2.050518,0.0632,16,TP_HIT,2026-03-28T13:00:00+00:00,1.193901,1.46108,0.897139,1.09581,0.909956,0.748256,0.653139,1.46108,3.179725,608.0,607.0,13.0,0.233708,0.0,1.0,0.0,1.0,0.0,0.080105,0.009265,0.817136,20.0,0.465966,0.321493,0.138736,-3.764526,-6.797815,0.874171,1.0
BTCUSD_15970_BULLISH_15962_15967,BTCUSD,1h,LONG,2026-03-28T10:00:00+00:00,2026-03-28T02:00:00+00:00,2026-03-28T07:00:00+00:00,15962,15967,15970,66221.0,65900.0,66771.29,321.0,0.48474,72,internal|choch|brk15967|form15962,internal,66221.0,65900.0,1.714299,1,2.833333,0.163551,3,TP_HIT,2026-03-28T13:00:00+00:00,0.484953,0.616295,0.48474,0.616295,0.909657,0.397196,0.38162,0.616295,0.311028,8.0,3.0,1.0,0.055678,0.0,1.0,0.0,0.0,0.0,0.102948,0.023039,0.786884,0.5,0.25399,0.566377,-0.184726,0.262805,-5.429192,0.691039,1.0
SOLUSD_15972_BULLISH_15961_15966,SOLUSD,1h,LONG,2026-03-28T12:00:00+00:00,2026-03-28T01:00:00+00:00,2026-03-28T06:00:00+00:00,15961,15966,15972,82.69675,82.231,83.5,0.46575,0.563202,62,internal|choch|brk15966|form15961,internal,82.852,82.231,1.724638,1,3.083736,0.055287,1,TP_HIT,2026-03-28T13:00:00+00:00,0.75107,0.721383,0.563202,0.541037,0.726248,0.434783,0.304348,0.721383,0.523903,11.0,6.0,1.0,0.017134,0.0,1.0,0.0,0.0,0.0,0.073944,0.011616,1.041153,0.5,0.35407,0.720221,-1.075603,-0.012093,-5.961967,1.011962,1.0
BTCUSD_15983_BULLISH_15970_15973,BTCUSD,1h,LONG,2026-03-28T23:00:00+00:00,2026-03-28T10:00:00+00:00,2026-03-28T13:00:00+00:00,15970,15973,15983,66388.5,66093.5,66894.21,295.0,0.444354,78,internal|bos|brk15973|form15970,internal,66388.5,66093.5,1.714271,1,2.444068,0.483051,4,TP_HIT,2026-03-29T03:00:00+00:00,0.444615,0.581059,0.444354,0.581059,0.867797,0.454237,0.291525,0.581059,0.780983,13.0,10.0,0.0,0.076818,1.0,0.0,0.0,0.0,0.0,0.127257,0.09553,0.76518,0.5,0.25303,0.929695,-0.789503,-0.048959,-3.690559,0.494664,1.0
SOLUSD_15996_BULLISH_15493_15509,SOLUSD,1h,LONG,2026-03-29T12:00:00+00:00,2026-03-08T13:00:00+00:00,2026-03-09T05:00:00+00:00,15493,15509,15996,82.13125,81.169,83.78,0.96225,1.1716,29,internal|choch|brk15509|form15493,internal,82.452,81.169,-1.0,0,0.339569,1.050922,5,SL_HIT,2026-03-29T17:00:00+00:00,1.556434,1.553028,1.1716,1.164771,0.984412,0.609509,0.206157,1.553028,1.321829,503.0,487.0,23.0,0.364048,0.0,1.0,0.0,1.0,0.0,0.064467,0.045998,1.002194,0.5,0.358588,0.499922,0.013346,-0.302363,-0.662794,0.794806,1.0
ETHUSD_15999_BULLISH_15962_15966,ETHUSD,1h,LONG,2026-03-29T15:00:00+00:00,2026-03-28T02:00:00+00:00,2026-03-28T06:00:00+00:00,15962,15966,15999,1993.15,1981.75,2012.69,11.4,0.571959,61,internal|choch|brk15966|form15962,internal,1993.15,1981.75,-1.0,0,1.438596,4.916667,7,SL_HIT,2026-03-29T22:00:00+00:00,0.572232,0.598534,0.571959,0.598534,0.916667,0.912281,0.254386,0.598534,0.364896,37.0,33.0,7.0,0.049878,0.0,1.0,0.0,0.0,1.0,0.10611,0.002625,0.956055,0.5,0.349255,0.682539,-0.150361,-0.307754,0.705169,1.295089,1.0
SOLUSD_16009_BEARISH_15987_16000,SOLUSD,1h,SHORT,2026-03-30T01:00:00+00:00,2026-03-29T03:00:00+00:00,2026-03-29T16:00:00+00:00,15987,16000,16009,82.81625,83.222,82.12,0.40575,0.48994,71,internal|bos|brk16000|form15987,internal,83.222,82.681,-1.0,0,0.875539,2.772027,1,SL_HIT,2026-03-30T02:00:00+00:00,0.654156,0.648318,0.48994,0.486239,0.961183,0.537893,0.463956,0.648318,0.16897,22.0,9.0,1.0,0.136914,1.0,0.0,0.0,0.0,1.0,0.293108,0.035951,1.009004,9.0,0.520067,1.173205,0.966915,0.732025,-0.481336,1.325275,0.0
SOLUSD_16010_BEARISH_15975_15983,SOLUSD,1h,SHORT,2026-03-30T02:00:00+00:00,2026-03-28T15:00:00+00:00,2026-03-28T23:00:00+00:00,15975,15983,16010,83.449,84.283,82.02,0.834,0.999413,35,internal|choch|brk15983|form15975,internal,84.283,83.171,-1.0,0,0.597122,1.009233,5,SL_HIT,2026-03-30T07:00:00+00:00,1.334437,1.327454,0.999413,0.99559,0.856115,0.692446,0.511691,1.327454,0.82369,35.0,27.0,1.0,0.140863,0.0,1.0,0.0,0.0,0.0,0.341155,0.130119,1.005261,10.0,0.541933,1.766755,1.436379,0.919198,0.615786,1.557687,0.0
SOLUSD_16065_BULLISH_16049_16060,SOLUSD,1h,LONG,2026-04-01T09:00:00+00:00,2026-03-31T17:00:00+00:00,2026-04-01T04:00:00+00:00,16049,16060,16065,83.15675,82.181,84.83,0.97575,1.173386,29,internal|choch|brk16060|form16049,internal,83.482,82.181,1.714835,1,2.200615,0.77566,7,TP_HIT,2026-04-01T16:00:00+00:00,1.560289,1.541784,1.173386,1.156338,0.923136,0.269792,0.007686,1.541784,0.342487,16.0,5.0,2.0,0.266938,0.0,1.0,0.0,0.0,0.0,0.736872,0.118508,1.012002,29.5,0.684643,0.747783,-0.428703,0.628764,-0.761705,0.927924,1.0
BTCUSD_16067_BEARISH_15932_15944,BTCUSD,1h,SHORT,2026-04-01T11:00:00+00:00,2026-03-26T20:00:00+00:00,2026-03-27T08:00:00+00:00,15932,15944,16067,68671.5,69462.0,67316.36,790.5,1.151133,30,internal|bos|brk15944|form15932,internal,69462.0,68408.0,1.714282,1,2.106262,0.605313,14,TP_HIT,2026-04-02T01:00:00+00:00,1.534665,2.086191,1.151133,1.564643,0.74241,0.837287,0.462049,2.086191,1.235088,135.0,123.0,8.0,0.015834,1.0,0.0,0.0,1.0,0.0,0.859346,0.011876,0.73563,32.0,0.493232,0.4592,-0.573286,0.658801,1.788877,0.747688,0.0
BTCUSD_16091_BULLISH_16007_16011,BTCUSD,1h,LONG,2026-04-02T11:00:00+00:00,2026-03-29T23:00:00+00:00,2026-03-30T03:00:00+00:00,16007,16011,16091,66224.75,65826.5,66907.46,398.25,0.601361,58,internal|choch|brk16011|form16007,internal,66357.5,65826.5,-1.0,0,0.068424,1.316384,2,SL_HIT,2026-04-02T13:00:00+00:00,0.802272,1.054675,0.601361,0.791007,0.678908,0.745763,0.29661,1.054675,0.109241,84.0,80.0,8.0,0.074979,0.0,1.0,0.0,0.0,1.0,0.285566,0.011917,0.760682,31.5,0.534191,0.689213,-0.709571,-2.903207,0.123288,0.775808,1.0
ETHUSD_16091_BULLISH_16041_16049,ETHUSD,1h,LONG,2026-04-02T11:00:00+00:00,2026-03-31T09:00:00+00:00,2026-03-31T17:00:00+00:00,16041,16049,16091,2035.525,2011.6,2076.54,23.925,1.175372,29,internal|bos|brk16049|form16041,internal,2043.5,2011.6,1.714316,1,1.787879,0.820272,25,TP_HIT,2026-04-03T12:00:00+00:00,1.569496,1.588243,1.175372,1.191182,0.655172,0.630094,0.669279,1.588243,0.112023,50.0,42.0,5.0,0.150609,1.0,0.0,0.0,0.0,1.0,0.413973,0.017426,0.988196,53.5,0.746417,0.823994,-0.812532,-5.15411,0.736005,0.719841,1.0
BTCUSD_16110_BEARISH_16100_16106,BTCUSD,1h,SHORT,2026-04-03T06:00:00+00:00,2026-04-02T20:00:00+00:00,2026-04-03T02:00:00+00:00,16100,16106,16110,66766.5,67081.0,66227.36,314.5,0.471045,74,internal|choch|brk16106|form16100,internal,67081.0,66766.5,-1.0,0,0.139905,1.494436,1,SL_HIT,2026-04-03T07:00:00+00:00,0.471031,0.637079,0.471045,0.637079,0.993641,0.041335,0.119237,0.637079,0.19244,10.0,4.0,1.0,0.004051,0.0,1.0,0.0,0.0,1.0,0.297493,0.002026,0.73936,16.0,0.317862,0.494268,0.24322,-0.074082,-2.212963,0.845453,0.0
SOLUSD_16116_BULLISH_16106_16111,SOLUSD,1h,LONG,2026-04-03T12:00:00+00:00,2026-04-03T02:00:00+00:00,2026-04-03T07:00:00+00:00,16106,16111,16116,79.410575,78.8423,80.38,0.568275,0.715616,48,internal|choch|brk16111|form16106,internal,79.6,78.8423,1.705908,1,2.203907,0.425102,3,TP_HIT,2026-04-03T15:00:00+00:00,0.955136,0.888802,0.715616,0.666602,0.642339,0.502838,0.277155,0.888802,0.353081,10.0,5.0,0.0,0.09569,0.0,1.0,0.0,0.0,0.0,0.266754,0.057478,1.074633,45.0,0.43947,1.97303,-0.764323,0.454603,-4.836794,1.131116,1.0
ETHUSD_16126_BULLISH_16121_16125,ETHUSD,1h,LONG,2026-04-03T22:00:00+00:00,2026-04-03T17:00:00+00:00,2026-04-03T21:00:00+00:00,16121,16125,16126,2054.95,2043.0,2075.44,11.95,0.581523,60,internal|choch|brk16125|form16121,internal,2054.95,2043.0,1.714644,1,2.39749,0.958159,21,TP_HIT,2026-04-04T19:00:00+00:00,0.582486,0.626182,0.581523,0.626182,0.715481,0.527197,0.368201,0.626182,0.282961,5.0,1.0,0.0,0.178161,0.0,1.0,0.0,1.0,0.0,0.256172,0.0917,0.930219,7.0,0.222351,0.547582,0.090257,-0.663358,-4.265149,0.325232,1.0
XRPUSD_16136_BULLISH_16130_16134,XRPUSD,1h,LONG,2026-04-04T08:00:00+00:00,2026-04-04T02:00:00+00:00,2026-04-04T06:00:00+00:00,16130,16134,16136,1.3147,1.3127,1.32,0.002,0.152126,100,internal|bos|brk16134|form16130,internal,1.3147,1.3127,-1.0,0,0.0,1.45,1,SL_HIT,2026-04-04T09:00:00+00:00,0.152253,0.192468,0.152126,0.192468,0.45,0.85,0.0,0.192468,0.279079,6.0,2.0,1.0,0.105857,1.0,0.0,0.0,0.0,0.0,0.384876,0.02887,0.791058,0.5,0.176226,0.288702,-0.129248,-0.545124,-0.11406,0.651319,1.0
SOLUSD_16138_BEARISH_16134_16136,SOLUSD,1h,SHORT,2026-04-04T10:00:00+00:00,2026-04-04T06:00:00+00:00,2026-04-04T08:00:00+00:00,16134,16136,16138,80.13,80.541,79.43,0.411,0.512917,68,internal|choch|brk16136|form16134,internal,80.541,80.13,-1.0,0,1.300973,3.70073,5,SL_HIT,2026-04-04T15:00:00+00:00,0.512271,0.512008,0.512917,0.512008,0.754258,0.389294,0.674453,0.512008,0.411101,4.0,2.0,0.0,0.125822,0.0,1.0,0.0,0.0,0.0,0.357517,0.013703,1.000513,0.5,0.236654,0.362517,0.07484,0.076088,1.417014,0.743586,0.0
SOLUSD_16156_BULLISH_16142_16143,SOLUSD,1h,LONG,2026-04-05T04:00:00+00:00,2026-04-04T14:00:00+00:00,2026-04-04T15:00:00+00:00,16142,16143,16156,80.18705,79.5953,81.2,0.59175,0.737962,47,internal|choch|brk16143|form16142,internal,80.3843,79.5953,-1.0,0,0.378454,1.368906,2,SL_HIT,2026-04-05T06:00:00+00:00,0.982308,1.027062,0.737962,0.770297,0.919772,0.144867,0.430925,1.027062,0.96458,14.0,13.0,1.0,0.174366,0.0,1.0,0.0,0.0,1.0,0.366573,0.028638,0.956425,0.5,0.286895,0.378802,-0.642009,0.376156,1.224968,0.710952,1.0
ETHUSD_16157_BULLISH_16142_16147,ETHUSD,1h,LONG,2026-04-05T05:00:00+00:00,2026-04-04T14:00:00+00:00,2026-04-04T19:00:00+00:00,16142,16147,16157,2054.1,2043.5,2072.27,10.6,0.516041,67,internal|bos|brk16147|form16142,internal,2054.1,2043.5,-1.0,0,0.0,2.584906,1,SL_HIT,2026-04-05T06:00:00+00:00,0.517553,0.613043,0.516041,0.613043,0.433962,0.726415,0.009434,0.613043,0.552317,15.0,10.0,2.0,0.347005,1.0,0.0,0.0,0.0,0.0,0.212331,0.031809,0.844236,0.5,0.185693,0.592801,-0.657241,-0.219234,-0.253251,0.997777,1.0
BTCUSD_16188_BULLISH_16178_16185,BTCUSD,1h,LONG,2026-04-06T12:00:00+00:00,2026-04-06T02:00:00+00:00,2026-04-06T09:00:00+00:00,16178,16185,16188,69231.75,68746.5,70063.61,485.25,0.700907,49,internal|bos|brk16185|form16178,internal,69393.5,68746.5,1.714292,1,2.24575,0.178774,4,TP_HIT,2026-04-06T16:00:00+00:00,0.933036,1.527238,0.700907,1.145429,0.92272,0.146059,0.641422,1.527238,1.20031,10.0,3.0,0.0,0.263785,1.0,0.0,0.0,1.0,1.0,0.798904,0.005901,0.61093,7.5,0.422532,0.734113,0.361829,2.692316,3.273488,1.320589,1.0
ETHUSD_16188_BULLISH_16178_16185,ETHUSD,1h,LONG,2026-04-06T12:00:00+00:00,2026-04-06T02:00:00+00:00,2026-04-06T09:00:00+00:00,16178,16185,16188,2139.275,2114.0,2182.6,25.275,1.181475,29,internal|bos|brk16185|form16178,internal,2147.7,2114.0,-1.0,0,1.18002,1.387735,10,SL_HIT,2026-04-06T22:00:00+00:00,1.572635,1.963651,1.181475,1.472739,0.857567,0.18546,0.543027,1.963651,0.707963,10.0,3.0,1.0,0.211224,1.0,0.0,0.0,1.0,1.0,0.801262,0.026221,0.800873,7.5,0.473203,0.748751,0.398238,4.049527,4.34084,1.146623,1.0
XRPUSD_16188_BULLISH_16178_16185,XRPUSD,1h,LONG,2026-04-06T12:00:00+00:00,2026-04-06T02:00:00+00:00,2026-04-06T09:00:00+00:00,16178,16185,16188,1.343525,1.3289,1.37,0.014625,1.088554,32,internal|bos|brk16185|form16178,internal,1.3484,1.3289,-1.0,0,0.647863,1.752137,10,SL_HIT,2026-04-06T22:00:00+00:00,1.452189,1.994395,1.088554,1.495796,0.712821,0.338462,0.569231,1.994395,1.36028,10.0,3.0,1.0,0.074151,1.0,0.0,0.0,0.0,1.0,0.82048,0.0,0.728135,5.5,0.45444,0.879579,-0.059542,3.268477,2.230681,1.255388,1.0
SOLUSD_16206_BULLISH_16167_16174,SOLUSD,1h,LONG,2026-04-07T06:00:00+00:00,2026-04-05T15:00:00+00:00,2026-04-05T22:00:00+00:00,16167,16174,16206,79.98975,78.969,81.74,1.02075,1.276101,27,internal|choch|brk16174|form16167,internal,80.33,78.969,-1.0,0,0.589028,1.039187,5,SL_HIT,2026-04-07T11:00:00+00:00,1.711541,1.829032,1.276101,1.371774,0.404115,0.772961,0.242469,1.829032,1.155744,39.0,32.0,8.0,0.632635,0.0,1.0,0.0,1.0,0.0,0.216506,0.102539,0.935763,0.5,0.438924,0.486488,0.037741,-3.369708,-0.998494,0.607479,1.0
XRPUSD_16209_BEARISH_16200_16205,XRPUSD,1h,SHORT,2026-04-07T09:00:00+00:00,2026-04-07T00:00:00+00:00,2026-04-07T05:00:00+00:00,16200,16205,16209,1.3193,1.3253,1.31,0.006,0.454787,76,internal|bos|brk16205|form16200,internal,1.3253,1.3193,1.55,1,2.333333,0.3,1,TP_HIT,2026-04-07T10:00:00+00:00,0.454752,0.624374,0.454787,0.624374,0.983333,0.833333,0.066667,0.624374,0.655592,9.0,4.0,1.0,0.010406,1.0,0.0,0.0,0.0,0.0,0.524652,0.08325,0.728333,0.5,0.382023,0.71803,0.144213,-1.588722,1.727062,0.977497,0.0
BTCUSD_16219_BEARISH_16209_16210,BTCUSD,1h,SHORT,2026-04-07T19:00:00+00:00,2026-04-07T09:00:00+00:00,2026-04-07T10:00:00+00:00,16209,16210,16219,68906.5,69226.0,68358.79,319.5,0.463672,75,internal|bos|brk16210|form16209,internal,69226.0,68906.5,-1.0,0,0.0,1.881064,1,SL_HIT,2026-04-07T20:00:00+00:00,0.463158,0.740391,0.463672,0.740391,0.760563,0.519562,0.630673,0.740391,2.12037,10.0,9.0,1.0,0.177277,1.0,0.0,0.0,0.0,0.0,0.642064,0.011587,0.625558,31.5,0.475734,1.732214,1.687095,0.22884,2.422366,1.276026,0.0
ETHUSD_16220_BEARISH_16209_16210,ETHUSD,1h,SHORT,2026-04-07T20:00:00+00:00,2026-04-07T09:00:00+00:00,2026-04-07T10:00:00+00:00,16209,16210,16220,2118.6875,2133.5,2093.29,14.8125,0.699136,50,internal|choch|brk16210|form16209,internal,2133.5,2113.75,-1.0,0,0.259072,2.299578,1,SL_HIT,2026-04-07T21:00:00+00:00,0.933828,1.133105,0.699136,0.849829,0.939241,0.587342,0.678481,1.133105,2.240393,11.0,10.0,2.0,0.214429,0.0,1.0,0.0,0.0,0.0,0.611945,0.02008,0.824132,32.5,0.642912,0.886404,1.697401,0.475071,2.555461,1.338955,0.0
BTCUSD_16240_BEARISH_16236_16238,BTCUSD,1h,SHORT,2026-04-08T16:00:00+00:00,2026-04-08T12:00:00+00:00,2026-04-08T14:00:00+00:00,16236,16238,16240,71705.375,72171.5,70906.3,466.125,0.650056,53,internal|choch|brk16238|form16236,internal,72171.5,71550.0,1.714293,1,1.788951,0.491553,7,TP_HIT,2026-04-08T23:00:00+00:00,0.868411,1.382472,0.650056,1.036854,0.971842,0.172164,0.60177,1.382472,1.492581,4.0,2.0,0.0,0.306691,0.0,1.0,0.0,1.0,0.0,0.795389,0.006673,0.628158,48.0,0.650267,0.964283,-0.125597,0.162348,2.786255,1.734161,0.0
SOLUSD_16241_BEARISH_16237_16238,SOLUSD,1h,SHORT,2026-04-08T17:00:00+00:00,2026-04-08T13:00:00+00:00,2026-04-08T14:00:00+00:00,16237,16238,16241,84.18125,84.992,82.79,0.81075,0.9631,36,internal|choch|brk16238|form16237,internal,84.992,83.911,1.716004,1,1.727105,0.0,2,TP_HIT,2026-04-08T19:00:00+00:00,1.287334,1.415107,0.9631,1.06133,0.943571,0.267345,0.435708,1.415107,1.505433,4.0,3.0,0.0,0.273923,0.0,1.0,0.0,1.0,0.0,0.645618,0.034036,0.909708,35.0,0.781033,1.15434,-0.674221,-0.769294,2.041511,1.437484,0.0
ETHUSD_16268_BEARISH_16241_16246,ETHUSD,1h,SHORT,2026-04-09T20:00:00+00:00,2026-04-08T17:00:00+00:00,2026-04-08T22:00:00+00:00,16241,16246,16268,2218.9125,2239.05,2184.39,20.1375,0.907539,38,internal|bos|brk16246|form16241,internal,2239.05,2212.2,-1.0,0,1.103042,1.340161,2,SL_HIT,2026-04-09T22:00:00+00:00,1.213532,1.472236,0.907539,1.104177,0.986965,0.610801,0.413408,1.472236,1.387247,27.0,22.0,5.0,0.348868,1.0,0.0,0.0,1.0,0.0,0.730035,0.057573,0.824278,63.0,0.561145,0.6196,-0.220975,1.418684,6.079348,1.484252,0.0
BTCUSD_16281_BEARISH_16273_16279,BTCUSD,1h,SHORT,2026-04-10T09:00:00+00:00,2026-04-10T01:00:00+00:00,2026-04-10T07:00:00+00:00,16273,16279,16281,71811.375,72358.5,70873.45,547.125,0.761892,45,internal|choch|brk16279|form16273,internal,72358.5,71629.0,-1.0,0,0.258396,1.155358,3,SL_HIT,2026-04-10T12:00:00+00:00,1.016668,1.603222,0.761892,1.202417,0.82865,0.302262,0.261138,1.603222,0.691177,8.0,2.0,1.0,0.126093,0.0,1.0,0.0,1.0,0.0,0.745017,0.004395,0.634141,66.0,0.452043,0.63074,-0.475058,-0.141951,0.187099,0.829578,0.0
ETHUSD_16298_BEARISH_16233_16238,ETHUSD,1h,SHORT,2026-04-11T02:00:00+00:00,2026-04-08T09:00:00+00:00,2026-04-08T14:00:00+00:00,16233,16238,16298,2250.0,2262.9,2227.89,12.9,0.573333,61,internal|choch|brk16238|form16233,internal,2262.9,2245.7,1.713953,1,1.736434,0.0,3,TP_HIT,2026-04-11T05:00:00+00:00,0.765312,0.95021,0.573333,0.712657,0.898256,0.677326,0.40407,0.95021,2.215314,65.0,60.0,11.0,0.140874,0.0,1.0,0.0,1.0,0.0,0.878397,0.13535,0.805414,54.5,0.424197,0.563496,-0.290594,1.45585,2.980663,0.307559,0.0
SOLUSD_16321_BULLISH_16262_16265,SOLUSD,1h,LONG,2026-04-12T01:00:00+00:00,2026-04-09T14:00:00+00:00,2026-04-09T17:00:00+00:00,16262,16265,16321,82.0965,81.42,83.26,0.6765,0.82403,42,internal|choch|brk16265|form16262,internal,82.322,81.42,-1.0,0,1.264597,1.221729,13,SL_HIT,2026-04-12T14:00:00+00:00,1.096097,1.23124,0.82403,0.92343,0.966741,0.331707,0.345898,1.23124,1.324061,59.0,56.0,0.0,0.26686,0.0,1.0,0.0,0.0,0.0,0.154802,0.00273,0.890238,10.0,0.77075,4.027057,-3.666417,-2.082292,-1.236168,1.119249,1.0
BTCUSD_16338_BULLISH_16262_16263,BTCUSD,1h,LONG,2026-04-12T18:00:00+00:00,2026-04-09T14:00:00+00:00,2026-04-09T15:00:00+00:00,16262,16263,16338,71043.625,70495.0,71984.12,548.625,0.772237,45,internal|bos|brk16263|form16262,internal,71226.5,70495.0,-1.0,0,0.695147,1.030075,4,SL_HIT,2026-04-12T22:00:00+00:00,1.031618,1.70994,0.772237,1.282455,0.564593,0.892003,0.433356,1.70994,2.398358,76.0,75.0,6.0,0.317034,1.0,0.0,0.0,1.0,0.0,0.141428,0.017532,0.603307,27.0,0.46017,0.0,0.056443,-0.927045,-2.815164,0.81606,1.0
XRPUSD_16384_BULLISH_16380_16381,XRPUSD,1h,LONG,2026-04-14T16:00:00+00:00,2026-04-14T12:00:00+00:00,2026-04-14T13:00:00+00:00,16380,16381,16384,1.3709,1.3644,1.38,0.0065,0.474141,73,internal|bos|brk16381|form16380,internal,1.3709,1.3644,-1.0,0,0.476923,2.938462,2,SL_HIT,2026-04-14T18:00:00+00:00,0.475216,0.702981,0.474141,0.702981,0.523077,0.8,0.292308,0.702981,2.747034,4.0,3.0,1.0,0.335268,1.0,0.0,0.0,0.0,1.0,0.642298,0.032445,0.676001,27.5,0.742334,1.589819,-0.051151,0.131772,3.472275,1.727592,1.0
XRPUSD_16403_BEARISH_16392_16399,XRPUSD,1h,SHORT,2026-04-15T11:00:00+00:00,2026-04-15T00:00:00+00:00,2026-04-15T07:00:00+00:00,16392,16399,16403,1.359325,1.366,1.35,0.006675,0.491053,71,internal|bos|brk16399|form16392,internal,1.366,1.3571,-1.0,0,0.0,1.374532,1,SL_HIT,2026-04-15T12:00:00+00:00,0.652971,0.979826,0.491053,0.73487,0.337079,0.808989,0.033708,0.979826,0.407343,11.0,4.0,1.0,0.404591,1.0,0.0,0.0,0.0,0.0,0.579634,0.022019,0.666416,16.0,0.354863,0.935789,0.575561,0.531052,2.790347,0.709471,0.0
XRPUSD_16405_BEARISH_16384_16386,XRPUSD,1h,SHORT,2026-04-15T13:00:00+00:00,2026-04-14T16:00:00+00:00,2026-04-14T18:00:00+00:00,16384,16386,16405,1.369375,1.3804,1.35,0.011025,0.805112,43,internal|choch|brk16386|form16384,internal,1.3804,1.3657,-1.0,0,0.514739,1.253968,2,SL_HIT,2026-04-15T15:00:00+00:00,1.075584,1.621632,0.805112,1.216224,0.931973,0.190476,0.435374,1.621632,1.599569,21.0,19.0,2.0,0.295093,0.0,1.0,0.0,0.0,0.0,0.627937,0.033095,0.663272,15.5,0.345564,0.72808,0.870913,0.662886,3.139386,0.708308,0.0
BTCUSD_16428_BEARISH_16418_16426,BTCUSD,1h,SHORT,2026-04-16T12:00:00+00:00,2026-04-16T02:00:00+00:00,2026-04-16T10:00:00+00:00,16418,16426,16428,74732.625,75240.0,73862.84,507.375,0.67892,51,internal|choch|brk16426|form16418,internal,75240.0,74563.5,1.714284,1,2.89357,0.505297,1,TP_HIT,2026-04-16T13:00:00+00:00,0.907013,1.523047,0.67892,1.142285,0.96748,0.405765,0.327421,1.523047,0.657398,10.0,2.0,0.0,0.331232,0.0,1.0,0.0,1.0,0.0,0.741804,0.005628,0.595525,43.5,0.281835,0.690043,-0.119184,-0.166644,0.361965,1.08137,0.0
XRPUSD_16475_BULLISH_16442_16453,XRPUSD,1h,LONG,2026-04-18T11:00:00+00:00,2026-04-17T02:00:00+00:00,2026-04-17T13:00:00+00:00,16442,16453,16475,1.42875,1.422,1.44,0.00675,0.472441,74,internal|bos|brk16453|form16442,internal,1.431,1.422,1.666667,1,2.051852,0.837037,18,TP_HIT,2026-04-19T05:00:00+00:00,0.629019,0.843752,0.472441,0.632814,0.977778,0.744444,0.055556,0.843752,2.615633,33.0,22.0,0.0,0.192188,1.0,0.0,0.0,0.0,1.0,0.508464,0.05625,0.745502,100.0,0.507339,1.406254,-2.679907,-3.409168,1.009531,1.1686,1.0
XRPUSD_16499_BEARISH_16493_16495,XRPUSD,1h,SHORT,2026-04-19T11:00:00+00:00,2026-04-19T05:00:00+00:00,2026-04-19T07:00:00+00:00,16493,16495,16499,1.43225,1.4426,1.41,0.01035,0.722639,48,internal|choch|brk16495|form16493,internal,1.4426,1.4288,-1.0,0,0.623188,1.347826,2,SL_HIT,2026-04-19T13:00:00+00:00,0.965845,1.312311,0.722639,0.984233,1.0,0.108696,0.07971,1.312311,0.827326,6.0,4.0,0.0,0.328078,0.0,1.0,0.0,0.0,1.0,0.494975,0.028528,0.735988,84.0,0.263999,0.808307,0.049016,0.084057,-1.550334,1.299716,0.0
BTCUSD_16504_BULLISH_16495_16501,BTCUSD,1h,LONG,2026-04-19T16:00:00+00:00,2026-04-19T07:00:00+00:00,2026-04-19T13:00:00+00:00,16495,16501,16504,75230.0,74829.5,75916.57,400.5,0.532367,65,internal|choch|brk16501|form16495,internal,75363.5,74829.5,-1.0,0,0.29588,1.598002,1,SL_HIT,2026-04-19T17:00:00+00:00,0.70873,1.197289,0.532367,0.897967,0.967228,0.201311,0.28839,1.197289,0.781377,9.0,3.0,1.0,0.260085,0.0,1.0,0.0,0.0,0.0,0.414105,0.069506,0.591946,53.0,0.252745,1.260068,-0.27794,-0.306308,-3.19779,1.71362,1.0
BTCUSD_16505_BULLISH_16442_16448,BTCUSD,1h,LONG,2026-04-19T17:00:00+00:00,2026-04-17T02:00:00+00:00,2026-04-17T08:00:00+00:00,16442,16448,16505,74777.5,74491.5,75267.79,286.0,0.382468,91,internal|bos|brk16448|form16442,internal,74777.5,74491.5,-1.0,0,0.914336,1.409091,3,SL_HIT,2026-04-19T20:00:00+00:00,0.382647,0.639006,0.382468,0.639006,0.877622,0.655594,0.125874,0.639006,1.56847,63.0,57.0,0.0,0.0782,1.0,0.0,0.0,0.0,0.0,0.294042,0.006703,0.598816,57.5,0.302712,1.694707,-1.041977,-0.937707,-3.848999,1.942584,1.0
BTCUSD_16510_BULLISH_16430_16435,BTCUSD,1h,LONG,2026-04-19T22:00:00+00:00,2026-04-16T14:00:00+00:00,2026-04-16T19:00:00+00:00,16430,16435,16510,73971.25,73394.5,74959.96,576.75,0.779695,44,internal|choch|brk16435|form16430,internal,74163.5,73394.5,1.714278,1,2.719116,0.513654,9,TP_HIT,2026-04-20T07:00:00+00:00,1.039119,1.717088,0.779695,1.287816,0.793888,0.572822,0.242523,1.717088,0.682146,80.0,75.0,0.0,0.07536,0.0,1.0,0.0,0.0,0.0,0.147319,0.066987,0.605164,59.0,0.336682,1.443559,-0.986721,-1.596293,-4.25704,0.908421,1.0
BTCUSD_16527_BEARISH_16501_16505,BTCUSD,1h,SHORT,2026-04-20T15:00:00+00:00,2026-04-19T13:00:00+00:00,2026-04-19T17:00:00+00:00,16501,16505,16527,75678.125,76199.0,74785.2,520.875,0.688277,50,internal|choch|brk16505|form16501,internal,76199.0,75504.5,-1.0,0,0.837293,1.444444,3,SL_HIT,2026-04-20T18:00:00+00:00,0.917819,1.525573,0.688277,1.14418,0.763859,0.337653,0.5018,1.525573,1.32458,26.0,22.0,3.0,0.021143,0.0,1.0,0.0,0.0,1.0,0.478265,0.058211,0.601622,76.5,0.399981,2.372382,0.900078,1.939956,-0.540878,1.603957,0.0
XRPUSD_16527_BEARISH_16501_16508,XRPUSD,1h,SHORT,2026-04-20T15:00:00+00:00,2026-04-19T13:00:00+00:00,2026-04-19T20:00:00+00:00,16501,16508,16527,1.434425,1.4462,1.41,0.011775,0.820886,42,internal|bos|brk16508|form16501,internal,1.4462,1.4305,-1.0,0,1.335456,1.229299,17,SL_HIT,2026-04-21T08:00:00+00:00,1.096216,1.472284,0.820886,1.104213,0.89172,0.248408,0.452229,1.472284,0.572034,26.0,19.0,2.0,0.208652,1.0,0.0,0.0,0.0,1.0,0.343564,0.028133,0.744568,99.5,0.539192,2.475688,1.287129,1.935943,-0.292398,1.230923,0.0
SOLUSD_16528_BULLISH_16519_16527,SOLUSD,1h,LONG,2026-04-20T16:00:00+00:00,2026-04-20T07:00:00+00:00,2026-04-20T15:00:00+00:00,16519,16527,16528,85.44025,84.442,87.15,0.99825,1.16836,29,internal|choch|brk16527|form16519,internal,85.773,84.442,-1.0,0,1.466316,1.132231,27,SL_HIT,2026-04-21T19:00:00+00:00,1.560339,1.820348,1.16836,1.365261,0.646131,0.383922,0.159805,1.820348,1.46339,9.0,1.0,0.0,0.189078,0.0,1.0,0.0,1.0,0.0,0.30548,0.136765,0.857165,74.5,0.570944,0.86299,0.280968,1.137024,-1.752972,1.268304,1.0
ETHUSD_16530_BEARISH_16501_16506,ETHUSD,1h,SHORT,2026-04-20T18:00:00+00:00,2026-04-19T13:00:00+00:00,2026-04-19T18:00:00+00:00,16501,16506,16530,2333.75,2348.9,2307.78,15.15,0.64917,53,internal|bos|brk16506|form16501,internal,2348.9,2328.7,1.714191,1,1.825083,0.80198,5,TP_HIT,2026-04-20T23:00:00+00:00,0.865949,1.062117,0.64917,0.796587,0.80198,0.722772,0.366337,1.062117,0.007887,29.0,24.0,1.0,0.055209,1.0,0.0,0.0,0.0,1.0,0.383819,0.018403,0.815305,92.0,0.537886,1.424919,1.006733,2.08306,-1.123262,1.564225,0.0
SOLUSD_16530_BEARISH_16502_16510,SOLUSD,1h,SHORT,2026-04-20T18:00:00+00:00,2026-04-19T14:00:00+00:00,2026-04-19T22:00:00+00:00,16502,16510,16530,86.2475,87.104,84.78,0.8565,0.993072,35,internal|bos|brk16510|form16502,internal,87.104,85.962,1.713368,1,1.757735,0.766492,23,TP_HIT,2026-04-21T17:00:00+00:00,1.327089,1.562578,0.993072,1.171934,0.920315,0.21366,0.165499,1.562578,1.219139,28.0,20.0,1.0,0.266131,1.0,0.0,0.0,0.0,1.0,0.401113,0.001368,0.849295,73.5,0.51144,0.648566,0.880401,1.763203,-0.739382,1.311418,0.0
BTCUSD_16550_BULLISH_16539_16546,BTCUSD,1h,LONG,2026-04-21T14:00:00+00:00,2026-04-21T03:00:00+00:00,2026-04-21T10:00:00+00:00,16539,16546,16550,75680.0,75436.0,76098.29,244.0,0.32241,100,internal|bos|brk16546|form16539,internal,75680.0,75436.0,-1.0,0,1.108607,1.211066,1,SL_HIT,2026-04-21T15:00:00+00:00,0.322628,0.532891,0.32241,0.532891,0.790984,0.44877,0.532787,0.532891,0.824453,11.0,4.0,1.0,0.111383,1.0,0.0,0.0,0.0,1.0,0.42331,0.090635,0.605429,82.5,0.303,2.163233,-0.911241,-0.217695,0.131737,1.721778,1.0
XRPUSD_16555_BULLISH_16520_16527,XRPUSD,1h,LONG,2026-04-21T19:00:00+00:00,2026-04-20T08:00:00+00:00,2026-04-20T15:00:00+00:00,16520,16527,16555,1.4145,1.407,1.43,0.0075,0.530223,66,internal|choch|brk16527|form16520,internal,1.417,1.407,2.066667,1,2.533333,0.36,4,TP_HIT,2026-04-21T23:00:00+00:00,0.707864,0.956157,0.530223,0.717118,0.57,0.63,0.54,0.956157,1.482043,35.0,28.0,1.0,0.172108,0.0,1.0,0.0,0.0,1.0,0.192593,0.038246,0.740322,60.0,0.316169,1.940998,-1.285724,-1.029844,0.02124,1.017886,1.0
ETHUSD_16556_BEARISH_16544_16550,ETHUSD,1h,SHORT,2026-04-21T20:00:00+00:00,2026-04-21T08:00:00+00:00,2026-04-21T14:00:00+00:00,16544,16550,16556,2318.925,2337.9,2286.4,18.975,0.818267,42,internal|choch|brk16550|form16544,internal,2337.9,2312.6,-1.0,0,0.957839,2.952569,6,SL_HIT,2026-04-22T02:00:00+00:00,1.092873,1.33007,0.818267,0.997552,0.905138,0.70751,0.199605,1.33007,0.738636,12.0,6.0,3.0,0.206345,0.0,1.0,0.0,0.0,0.0,0.319261,0.010514,0.821666,92.0,0.357251,1.598187,0.246828,0.090795,0.880251,1.451854,0.0
BTCUSD_16559_BEARISH_16544_16555,BTCUSD,1h,SHORT,2026-04-21T23:00:00+00:00,2026-04-21T08:00:00+00:00,2026-04-21T19:00:00+00:00,16544,16555,16559,76233.625,76859.5,75160.7,625.875,0.820996,42,internal|choch|brk16555|form16544,internal,76859.5,76025.0,-1.0,0,0.222289,2.203915,3,SL_HIT,2026-04-22T02:00:00+00:00,1.093874,1.79205,0.820996,1.344038,0.684242,0.441582,0.49311,1.79205,1.242302,15.0,4.0,0.0,0.117842,0.0,1.0,0.0,0.0,0.0,0.672024,0.150322,0.610404,94.5,0.428275,1.74588,0.944763,-0.22691,2.566567,0.655674,0.0
XRPUSD_16562_BEARISH_16544_16555,XRPUSD,1h,SHORT,2026-04-22T02:00:00+00:00,2026-04-21T08:00:00+00:00,2026-04-21T19:00:00+00:00,16544,16555,16562,1.4399,1.4489,1.42,0.009,0.625043,55,internal|choch|brk16555|form16544,internal,1.4489,1.4369,-1.0,0,0.0,1.133333,1,SL_HIT,2026-04-22T03:00:00+00:00,0.828729,1.147781,0.625043,0.860836,0.075,1.0,0.283333,1.147781,1.339078,18.0,7.0,0.0,0.774752,0.0,1.0,0.0,0.0,0.0,0.609783,0.047824,0.722027,57.5,0.488654,2.180784,1.799775,0.597471,3.060498,0.679327,0.0
ETHUSD_16576_BULLISH_16568_16573,ETHUSD,1h,LONG,2026-04-22T16:00:00+00:00,2026-04-22T08:00:00+00:00,2026-04-22T13:00:00+00:00,16568,16573,16576,2393.0,2381.9,2412.03,11.1,0.463853,75,internal|bos|brk16573|form16568,internal,2393.0,2381.9,-1.0,0,1.225225,1.837838,7,SL_HIT,2026-04-22T23:00:00+00:00,0.465321,0.581771,0.463853,0.581771,0.31982,0.86036,0.18018,0.581771,0.657769,8.0,3.0,2.0,0.395709,1.0,0.0,0.0,0.0,1.0,0.783839,0.005241,0.799835,90.0,0.624747,1.530426,-0.506757,2.759111,4.186321,1.453468,1.0
XRPUSD_16584_BULLISH_16555_16565,XRPUSD,1h,LONG,2026-04-23T00:00:00+00:00,2026-04-21T19:00:00+00:00,2026-04-22T05:00:00+00:00,16555,16565,16584,1.425925,1.4107,1.45,0.015225,1.067728,32,internal|choch|brk16565|form16555,internal,1.431,1.4107,-1.0,0,0.182266,1.0,3,SL_HIT,2026-04-23T03:00:00+00:00,1.421768,1.983531,1.067728,1.487648,0.842365,0.724138,0.689655,1.983531,0.908711,29.0,19.0,1.0,0.183208,0.0,1.0,0.0,0.0,1.0,0.511396,0.019542,0.716786,35.5,0.336643,1.34841,-0.881638,-1.598897,0.18946,0.509575,1.0
SOLUSD_16592_BULLISH_16555_16560,SOLUSD,1h,LONG,2026-04-23T08:00:00+00:00,2026-04-21T19:00:00+00:00,2026-04-22T00:00:00+00:00,16555,16560,16592,85.369,84.31,87.18,1.059,1.240497,28,internal|choch|brk16560|form16555,internal,85.722,84.31,1.127479,0,1.496695,0.847025,72,TIMEOUT_EXIT,2026-04-26T08:00:00+00:00,1.64755,1.996581,1.240497,1.497436,0.986544,0.169972,0.47585,1.996581,0.565604,37.0,32.0,4.0,0.472279,0.0,1.0,0.0,0.0,1.0,0.435653,0.041006,0.825186,5.5,0.379121,0.551464,-0.093259,-2.437275,0.035017,0.740925,1.0
SOLUSD_16596_BEARISH_16590_16594,SOLUSD,1h,SHORT,2026-04-23T12:00:00+00:00,2026-04-23T06:00:00+00:00,2026-04-23T10:00:00+00:00,16590,16594,16596,85.842,86.214,85.2,0.372,0.433354,80,internal|choch|brk16594|form16590,internal,86.214,85.842,-1.0,0,0.784946,2.182796,3,SL_HIT,2026-04-23T15:00:00+00:00,0.432745,0.530183,0.433354,0.530183,0.675269,0.650538,0.836022,0.530183,0.12827,6.0,2.0,1.0,0.172167,0.0,1.0,0.0,0.0,1.0,0.476077,0.011117,0.816219,2.0,0.338454,0.501678,0.092917,-1.88463,-0.209187,0.894738,0.0
BTCUSD_16598_BEARISH_16590_16594,BTCUSD,1h,SHORT,2026-04-23T14:00:00+00:00,2026-04-23T06:00:00+00:00,2026-04-23T10:00:00+00:00,16590,16594,16598,77993.0,78300.0,77466.71,307.0,0.393625,88,internal|bos|brk16594|form16590,internal,78300.0,77993.0,-1.0,0,0.205212,2.065147,1,SL_HIT,2026-04-23T15:00:00+00:00,0.39292,0.654951,0.393625,0.654951,0.543974,0.557003,0.566775,0.654951,0.535481,8.0,4.0,0.0,0.298675,1.0,0.0,0.0,0.0,0.0,0.774227,0.181338,0.599922,96.0,0.364353,1.676846,0.669991,-0.008958,2.843115,1.214785,0.0
BTCUSD_16602_BULLISH_16594_16599,BTCUSD,1h,LONG,2026-04-23T18:00:00+00:00,2026-04-23T10:00:00+00:00,2026-04-23T15:00:00+00:00,16594,16599,16602,77460.125,76805.0,78583.2,655.125,0.845758,41,internal|choch|brk16599|form16594,internal,77678.5,76805.0,1.188132,0,1.626216,0.542072,72,TIMEOUT_EXIT,2026-04-26T18:00:00+00:00,1.125195,1.843402,0.845758,1.382552,0.945621,0.891242,0.28735,1.843402,0.413631,8.0,3.0,1.0,0.360608,0.0,1.0,0.0,1.0,1.0,0.687044,0.005276,0.61039,99.5,0.352908,0.98976,0.182605,-0.094589,2.496699,1.695122,1.0
XRPUSD_16611_BULLISH_16603_16609,XRPUSD,1h,LONG,2026-04-24T03:00:00+00:00,2026-04-23T19:00:00+00:00,2026-04-24T01:00:00+00:00,16603,16609,16611,1.4332,1.4263,1.45,0.0069,0.48144,72,internal|bos|brk16609|form16603,internal,1.4332,1.4263,-1.0,0,0.0,1.115942,1,SL_HIT,2026-04-24T04:00:00+00:00,0.482551,0.692449,0.48144,0.692449,0.521739,0.811594,0.275362,0.692449,0.351242,8.0,2.0,0.0,0.331171,1.0,0.0,0.0,0.0,1.0,0.534682,0.0,0.696877,13.0,0.336668,1.053726,-0.417856,0.832099,0.076988,0.625082,1.0
XRPUSD_16619_BEARISH_16610_16617,XRPUSD,1h,SHORT,2026-04-24T11:00:00+00:00,2026-04-24T02:00:00+00:00,2026-04-24T09:00:00+00:00,16610,16617,16619,1.43825,1.445,1.43,0.00675,0.46932,74,internal|choch|brk16617|form16610,internal,1.445,1.436,1.222222,1,1.622222,0.851852,3,TP_HIT,2026-04-24T14:00:00+00:00,0.625956,0.89678,0.46932,0.672585,0.8,0.433333,0.733333,0.89678,0.56796,9.0,2.0,0.0,0.044839,0.0,1.0,0.0,0.0,1.0,0.434415,0.059785,0.698005,15.0,0.283732,0.856923,0.587659,0.37699,-0.909717,0.946416,0.0
SOLUSD_16629_BULLISH_16623_16628,SOLUSD,1h,LONG,2026-04-24T21:00:00+00:00,2026-04-24T15:00:00+00:00,2026-04-24T20:00:00+00:00,16623,16628,16629,86.3005,85.51,87.66,0.7905,0.915985,38,internal|bos|brk16628|form16623,internal,86.564,85.51,1.719798,1,2.003163,0.98482,52,TP_HIT,2026-04-27T01:00:00+00:00,1.219301,1.542653,0.915985,1.15699,0.885199,0.190702,0.436433,1.542653,0.806454,6.0,1.0,0.0,0.208566,1.0,0.0,0.0,1.0,0.0,0.4249,0.065863,0.790392,0.5,0.3399,0.864998,0.114658,1.182213,-1.088175,0.613377,1.0
XRPUSD_16630_BULLISH_16618_16623,XRPUSD,1h,LONG,2026-04-24T22:00:00+00:00,2026-04-24T10:00:00+00:00,2026-04-24T15:00:00+00:00,16618,16623,16630,1.42995,1.4232,1.44,0.00675,0.472044,74,internal|choch|brk16623|form16618,internal,1.4322,1.4232,-1.0,0,1.088889,1.548148,18,SL_HIT,2026-04-25T16:00:00+00:00,0.628975,0.8991,0.472044,0.674325,0.855556,0.311111,0.677778,0.8991,1.44855,12.0,7.0,0.0,0.094905,0.0,1.0,0.0,0.0,0.0,0.326648,0.04995,0.69956,8.0,0.360223,0.7992,-0.652642,-0.076816,-0.382902,0.48925,1.0
BTCUSD_16644_BULLISH_16639_16642,BTCUSD,1h,LONG,2026-04-25T12:00:00+00:00,2026-04-25T07:00:00+00:00,2026-04-25T10:00:00+00:00,16639,16642,16644,77536.0,77400.0,77769.14,136.0,0.175402,100,internal|choch|brk16642|form16639,internal,77536.0,77400.0,-1.0,0,1.319853,1.981618,3,SL_HIT,2026-04-25T15:00:00+00:00,0.175443,0.305715,0.175402,0.305715,0.867647,0.264706,0.033088,0.305715,0.171964,5.0,2.0,0.0,0.040462,0.0,1.0,0.0,1.0,1.0,0.588659,0.220294,0.573879,4.0,0.129091,0.388887,0.08263,0.036134,0.201002,0.670618,1.0
ETHUSD_16654_BEARISH_16641_16647,ETHUSD,1h,SHORT,2026-04-25T22:00:00+00:00,2026-04-25T09:00:00+00:00,2026-04-25T15:00:00+00:00,16641,16647,16654,2315.75,2322.35,2304.44,6.6,0.285005,100,internal|bos|brk16647|form16641,internal,2322.35,2315.75,-1.0,0,1.636364,2.924242,7,SL_HIT,2026-04-26T05:00:00+00:00,0.284906,0.389174,0.285005,0.389174,0.878788,0.583333,0.05303,0.389174,0.486467,13.0,7.0,1.0,0.047173,1.0,0.0,0.0,0.0,1.0,0.237221,0.053069,0.73208,0.5,0.126194,0.336105,0.3748,0.049667,-0.324857,0.606594,0.0
BTCUSD_16660_BEARISH_16642_16647,BTCUSD,1h,SHORT,2026-04-26T04:00:00+00:00,2026-04-25T10:00:00+00:00,2026-04-25T15:00:00+00:00,16642,16647,16660,77672.5,77848.5,77370.79,176.0,0.226592,100,internal|choch|brk16647|form16642,internal,77848.5,77672.5,-1.0,0,0.014205,2.789773,1,SL_HIT,2026-04-26T05:00:00+00:00,0.226432,0.412731,0.226592,0.412731,0.6875,0.596591,0.434659,0.412731,0.771526,18.0,13.0,0.0,0.128978,0.0,1.0,0.0,0.0,1.0,0.489142,0.118426,0.548619,1.0,0.184444,1.031828,0.184961,0.099807,-0.44381,0.756041,0.0
SOLUSD_16667_BEARISH_16640_16648,SOLUSD,1h,SHORT,2026-04-26T11:00:00+00:00,2026-04-25T08:00:00+00:00,2026-04-25T16:00:00+00:00,16640,16648,16667,86.302,86.814,85.42,0.512,0.593266,58,internal|choch|brk16648|form16640,internal,86.814,86.302,-1.0,0,0.815234,1.33418,7,SL_HIT,2026-04-26T18:00:00+00:00,0.59188,0.827459,0.593266,0.827459,0.605469,0.921875,0.513672,0.827459,0.530091,27.0,19.0,9.0,0.326458,0.0,1.0,0.0,1.0,0.0,0.418279,0.021979,0.715298,0.5,0.253578,0.29252,-0.011559,0.687905,1.206229,0.745049,0.0
BTCUSD_16669_BEARISH_16621_16630,BTCUSD,1h,SHORT,2026-04-26T13:00:00+00:00,2026-04-24T13:00:00+00:00,2026-04-24T22:00:00+00:00,16621,16630,16669,78010.75,78433.0,77286.89,422.25,0.541272,64,internal|choch|brk16630|form16621,internal,78433.0,77870.0,-1.0,0,0.463588,1.101835,6,SL_HIT,2026-04-26T19:00:00+00:00,0.722351,1.349482,0.541272,1.012112,0.875666,0.550622,0.325044,1.349482,0.481787,48.0,39.0,8.0,0.169584,0.0,1.0,0.0,1.0,1.0,0.431887,0.005992,0.53528,0.5,0.169969,0.490176,-0.06347,0.554767,-0.326108,0.98045,0.0
XRPUSD_16669_BULLISH_16659_16662,XRPUSD,1h,LONG,2026-04-26T13:00:00+00:00,2026-04-26T03:00:00+00:00,2026-04-26T06:00:00+00:00,16659,16662,16669,1.4236,1.4172,1.43,0.0064,0.449564,77,internal|choch|brk16662|form16659,internal,1.4236,1.4172,1.0,1,1.875,0.28125,6,TP_HIT,2026-04-26T19:00:00+00:00,0.449596,0.715704,0.449564,0.715704,0.984375,0.203125,0.4375,0.715704,0.201292,10.0,7.0,1.0,0.011183,0.0,1.0,0.0,0.0,0.0,0.22063,0.033549,0.628187,0.5,0.169068,0.301938,-0.161313,0.035137,-0.994575,1.131208,1.0
XRPUSD_16687_BULLISH_16594_16598,XRPUSD,1h,LONG,2026-04-27T07:00:00+00:00,2026-04-23T10:00:00+00:00,2026-04-23T14:00:00+00:00,16594,16598,16687,1.4156,1.4081,1.43,0.0075,0.529811,66,internal|choch|brk16598|form16594,internal,1.4156,1.4081,-1.0,0,0.373333,2.386667,6,SL_HIT,2026-04-27T13:00:00+00:00,0.530635,0.843599,0.529811,0.843599,0.706667,0.493333,0.533333,0.843599,1.630958,93.0,89.0,1.0,0.247456,0.0,1.0,0.0,0.0,0.0,0.075931,0.022496,0.629014,6.5,0.396538,0.551151,-2.08521,-0.800112,-1.285096,1.588646,1.0
SOLUSD_16731_BEARISH_16704_16713,SOLUSD,1h,SHORT,2026-04-29T03:00:00+00:00,2026-04-28T00:00:00+00:00,2026-04-28T09:00:00+00:00,16704,16713,16731,84.582,84.933,83.98,0.351,0.414982,84,internal|bos|brk16713|form16704,internal,84.933,84.582,-1.0,0,0.42735,1.401709,1,SL_HIT,2026-04-29T04:00:00+00:00,0.414928,0.592951,0.414982,0.592951,0.968661,0.458689,0.002849,0.592951,0.522,27.0,18.0,0.0,0.018583,1.0,0.0,0.0,0.0,1.0,0.318014,0.016893,0.699767,1.0,0.257362,1.184213,1.065698,1.065698,-3.680484,0.804356,0.0
BTCUSD_16732_BEARISH_16704_16715,BTCUSD,1h,SHORT,2026-04-29T04:00:00+00:00,2026-04-28T00:00:00+00:00,2026-04-28T11:00:00+00:00,16704,16715,16732,77171.0,77450.0,76692.71,279.0,0.361535,96,internal|bos|brk16715|form16704,internal,77450.0,77171.0,-1.0,0,1.007168,2.155914,5,SL_HIT,2026-04-29T09:00:00+00:00,0.361282,0.6741,0.361535,0.6741,0.806452,0.937276,0.03405,0.6741,0.920545,28.0,17.0,0.0,0.130471,1.0,0.0,0.0,0.0,1.0,0.416012,0.048323,0.535947,5.0,0.248813,1.426723,1.214973,1.401035,-2.34943,0.980917,0.0
XRPUSD_16732_BEARISH_16708_16715,XRPUSD,1h,SHORT,2026-04-29T04:00:00+00:00,2026-04-28T04:00:00+00:00,2026-04-28T11:00:00+00:00,16708,16715,16732,1.39315,1.4032,1.38,0.01005,0.721387,48,internal|bos|brk16715|form16708,internal,1.4032,1.3898,-1.0,0,0.492537,1.258706,5,SL_HIT,2026-04-29T09:00:00+00:00,0.96078,1.574961,0.721387,1.181221,0.634328,0.529851,0.022388,1.574961,0.846248,24.0,17.0,0.0,0.182178,1.0,0.0,0.0,0.0,1.0,0.349246,0.058767,0.610034,1.5,0.304918,1.163591,1.035932,1.248639,-3.380672,0.865362,0.0
XRPUSD_16740_BULLISH_16729_16731,XRPUSD,1h,LONG,2026-04-29T12:00:00+00:00,2026-04-29T01:00:00+00:00,2026-04-29T03:00:00+00:00,16729,16731,16740,1.3834,1.3763,1.4,0.0071,0.513228,68,internal|choch|brk16731|form16729,internal,1.3834,1.3763,-1.0,0,0.0,1.957746,1,SL_HIT,2026-04-29T13:00:00+00:00,0.5136,0.835944,0.513228,0.835944,0.859155,0.71831,0.126761,0.835944,1.083195,11.0,9.0,0.0,0.117739,0.0,1.0,0.0,0.0,0.0,0.194724,0.011774,0.614395,4.5,0.359198,1.836722,-0.625404,0.173913,-2.255533,1.416191,1.0
BTCUSD_16743_BULLISH_16718_16737,BTCUSD,1h,LONG,2026-04-29T15:00:00+00:00,2026-04-28T14:00:00+00:00,2026-04-29T09:00:00+00:00,16718,16737,16743,76042.5,75637.5,76736.79,405.0,0.532597,65,internal|choch|brk16737|form16718,internal,76177.5,75637.5,-1.0,0,0.435802,2.896296,3,SL_HIT,2026-04-29T18:00:00+00:00,0.711472,1.295359,0.532597,0.971519,0.484259,0.930556,0.44537,1.295359,1.45488,25.0,6.0,0.0,0.34423,0.0,1.0,0.0,0.0,0.0,0.068527,0.136732,0.549247,14.0,0.367447,2.236894,-2.16049,-0.746049,-2.317889,1.766647,1.0
SOLUSD_16743_BULLISH_16718_16737,SOLUSD,1h,LONG,2026-04-29T15:00:00+00:00,2026-04-28T14:00:00+00:00,2026-04-29T09:00:00+00:00,16718,16737,16743,83.38825,82.96,84.12,0.42825,0.513562,68,internal|choch|brk16737|form16718,internal,83.531,82.96,-1.0,0,0.569177,1.049037,1,SL_HIT,2026-04-29T16:00:00+00:00,0.685968,0.966334,0.513562,0.724751,0.490368,0.963222,0.245184,0.966334,1.329006,25.0,6.0,0.0,0.250892,0.0,1.0,0.0,0.0,0.0,0.054528,0.030462,0.709866,5.5,0.39891,1.57389,-2.258023,-0.954285,-2.212093,1.774039,1.0
SOLUSD_16744_BULLISH_16399_16434,SOLUSD,1h,LONG,2026-04-29T16:00:00+00:00,2026-04-15T07:00:00+00:00,2026-04-16T18:00:00+00:00,16399,16434,16744,83.0715,82.65,83.79,0.4215,0.507394,68,internal|bos|brk16434|form16399,internal,83.212,82.65,-1.0,0,0.879004,4.013049,2,SL_HIT,2026-04-29T18:00:00+00:00,0.676277,0.950282,0.507394,0.712712,0.80427,0.549644,0.160142,0.950282,3.941473,345.0,310.0,5.0,0.051572,1.0,0.0,0.0,0.0,0.0,0.031614,0.0,0.711659,6.5,0.399238,1.171789,-2.138534,-1.178457,-2.476177,1.828546,1.0
ETHUSD_16745_BULLISH_16717_16722,ETHUSD,1h,LONG,2026-04-29T17:00:00+00:00,2026-04-28T13:00:00+00:00,2026-04-28T18:00:00+00:00,16717,16722,16745,2277.8875,2256.85,2313.95,21.0375,0.923553,37,internal|choch|brk16722|form16717,internal,2284.9,2256.85,-1.0,0,0.338087,2.808675,1,SL_HIT,2026-04-29T18:00:00+00:00,1.229158,1.723001,0.923553,1.292251,0.898396,0.819964,0.062389,1.723001,0.408483,28.0,23.0,8.0,0.255686,0.0,1.0,0.0,0.0,1.0,0.171955,0.067569,0.713382,20.0,0.483572,1.068814,-1.427584,-0.260052,0.36945,1.747728,1.0
SOLUSD_16790_BULLISH_16779_16789,SOLUSD,1h,LONG,2026-05-01T14:00:00+00:00,2026-05-01T03:00:00+00:00,2026-05-01T13:00:00+00:00,16779,16789,16790,84.2,83.561,85.3,0.639,0.758907,46,internal|bos|brk16789|form16779,internal,84.413,83.561,-1.0,0,0.677621,1.375587,6,SL_HIT,2026-05-01T20:00:00+00:00,1.0116,1.474113,0.758907,1.105585,0.776995,0.61385,0.316901,1.474113,0.555388,11.0,1.0,0.0,0.039794,1.0,0.0,0.0,1.0,0.0,0.637158,0.00173,0.686243,2.5,0.243215,1.470653,0.298909,1.373342,-0.04747,1.633275,1.0
XRPUSD_16794_BEARISH_16737_16741,XRPUSD,1h,SHORT,2026-05-01T18:00:00+00:00,2026-04-29T09:00:00+00:00,2026-04-29T13:00:00+00:00,16737,16741,16794,1.3938,1.4058,1.37,0.012,0.860956,40,internal|choch|brk16741|form16737,internal,1.4058,1.3898,-1.0,0,1.108333,1.108333,55,SL_HIT,2026-05-04T01:00:00+00:00,1.148353,1.91165,0.860956,1.433738,0.78125,0.59375,0.79375,1.91165,0.884138,57.0,53.0,5.0,0.059739,0.0,1.0,0.0,1.0,0.0,0.797735,0.023896,0.600713,2.0,0.305563,0.334539,-0.314803,1.271987,2.20804,1.283315,0.0
ETHUSD_16796_BULLISH_16779_16788,ETHUSD,1h,LONG,2026-05-01T20:00:00+00:00,2026-05-01T03:00:00+00:00,2026-05-01T12:00:00+00:00,16779,16788,16796,2287.175,2264.75,2325.62,22.425,0.980467,35,internal|bos|brk16788|form16779,internal,2294.65,2264.75,1.714381,1,2.444816,0.212932,25,TP_HIT,2026-05-02T21:00:00+00:00,1.309193,1.852298,0.980467,1.389223,0.638796,0.556856,0.531773,1.852298,0.907564,17.0,8.0,0.0,0.205983,1.0,0.0,0.0,0.0,1.0,0.510797,0.0,0.706794,11.5,0.394701,1.669546,-0.999176,0.070106,2.037306,1.092468,1.0
ETHUSD_16817_BULLISH_16802_16815,ETHUSD,1h,LONG,2026-05-02T17:00:00+00:00,2026-05-02T02:00:00+00:00,2026-05-02T15:00:00+00:00,16802,16815,16817,2307.2,2293.95,2329.91,13.25,0.574289,60,internal|bos|brk16815|form16802,internal,2307.2,2293.95,1.713962,1,2.626415,0.354717,4,TP_HIT,2026-05-02T21:00:00+00:00,0.5749,0.872566,0.574289,0.872566,0.815094,0.230189,0.388679,0.872566,0.17122,15.0,2.0,1.0,0.161342,1.0,0.0,0.0,1.0,1.0,0.674912,0.013171,0.658861,0.5,0.122003,0.319392,0.104241,0.108589,1.77294,0.685298,1.0
BTCUSD_16825_BULLISH_16805_16821,BTCUSD,1h,LONG,2026-05-03T01:00:00+00:00,2026-05-02T05:00:00+00:00,2026-05-02T21:00:00+00:00,16805,16821,16825,78200.5,77991.0,78559.64,209.5,0.267901,100,internal|bos|brk16821|form16805,internal,78200.5,77991.0,1.714272,1,1.794749,0.828162,8,TP_HIT,2026-05-03T09:00:00+00:00,0.267903,0.535407,0.267901,0.535407,0.997613,0.477327,0.01432,0.535407,0.688745,20.0,4.0,0.0,0.001278,1.0,0.0,0.0,0.0,1.0,0.783186,0.046002,0.500373,1.0,0.159936,1.020978,-0.274818,-0.006393,2.482783,1.001222,1.0
SOLUSD_16825_BULLISH_16811_16816,SOLUSD,1h,LONG,2026-05-03T01:00:00+00:00,2026-05-02T11:00:00+00:00,2026-05-02T16:00:00+00:00,16811,16816,16825,83.9402,83.511,84.68,0.4292,0.511316,68,internal|choch|brk16816|form16811,internal,83.9402,83.511,1.723672,1,1.851817,0.860205,19,TP_HIT,2026-05-03T20:00:00+00:00,0.512533,0.796994,0.511316,0.796994,0.535881,0.464119,0.578285,0.796994,0.240287,14.0,9.0,2.0,0.3699,0.0,1.0,0.0,0.0,1.0,0.565292,0.083562,0.643082,0.5,0.196891,0.558936,-0.548674,-0.239451,0.793192,1.247467,1.0
XRPUSD_16825_BULLISH_16805_16813,XRPUSD,1h,LONG,2026-05-03T01:00:00+00:00,2026-05-02T05:00:00+00:00,2026-05-02T13:00:00+00:00,16805,16813,16825,1.3845,1.382,1.39,0.0025,0.180571,100,internal|bos|brk16813|form16805,internal,1.3845,1.382,-1.0,0,0.0,1.4,1,SL_HIT,2026-05-03T02:00:00+00:00,0.180727,0.318675,0.180571,0.318675,0.52,0.72,0.32,0.318675,0.611857,20.0,12.0,0.0,0.152964,1.0,0.0,0.0,0.0,1.0,0.635922,0.012747,0.56712,0.5,0.174436,0.688339,-0.667816,-0.245186,1.177589,1.093756,1.0
BTCUSD_16841_BEARISH_16681_16686,BTCUSD,1h,SHORT,2026-05-03T17:00:00+00:00,2026-04-27T01:00:00+00:00,2026-04-27T06:00:00+00:00,16681,16686,16841,78876.0,79453.5,77886.0,577.5,0.732162,47,internal|choch|brk16686|form16681,internal,79453.5,78683.5,-1.0,0,1.092641,1.664935,8,SL_HIT,2026-05-04T01:00:00+00:00,0.978474,2.042187,0.732162,1.53164,0.986364,0.569481,0.019481,2.042187,0.190958,160.0,155.0,13.0,0.482699,0.0,1.0,0.0,1.0,0.0,0.899353,0.035805,0.47913,0.5,0.155405,0.741287,-0.027314,0.720585,0.382042,1.056846,0.0
ETHUSD_16845_BEARISH_16737_16743,ETHUSD,1h,SHORT,2026-05-03T21:00:00+00:00,2026-04-29T09:00:00+00:00,2026-04-29T15:00:00+00:00,16737,16743,16845,2327.85,2346.15,2296.48,18.3,0.786133,44,internal|choch|brk16743|form16737,internal,2346.15,2321.75,-1.0,0,0.254098,1.551913,1,SL_HIT,2026-05-03T22:00:00+00:00,1.050366,1.67452,0.786133,1.25589,0.94877,0.909836,0.596311,1.67452,1.815207,108.0,102.0,15.0,0.332845,0.0,1.0,0.0,1.0,0.0,0.832601,0.044608,0.627264,2.0,0.185625,1.372557,-0.182619,0.850916,0.829029,1.115554,0.0
ETHUSD_16882_BEARISH_16681_16685,ETHUSD,1h,SHORT,2026-05-05T10:00:00+00:00,2026-04-27T01:00:00+00:00,2026-04-27T05:00:00+00:00,16681,16685,16882,2382.9625,2403.4,2347.93,20.4375,0.857651,40,internal|choch|brk16685|form16681,internal,2403.4,2376.15,-1.0,0,1.492966,1.680122,23,SL_HIT,2026-05-06T09:00:00+00:00,1.146307,1.762545,0.857651,1.321909,0.961468,0.820183,0.133945,1.762545,3.913174,201.0,197.0,14.0,0.372722,0.0,1.0,0.0,1.0,0.0,0.831621,0.042042,0.65037,26.0,0.375972,0.782635,-0.073562,0.931961,3.036214,0.697334,0.0
BTCUSD_16897_BEARISH_16893_16895,BTCUSD,1h,SHORT,2026-05-06T01:00:00+00:00,2026-05-05T21:00:00+00:00,2026-05-05T23:00:00+00:00,16893,16895,16897,81266.0,81745.0,80444.86,479.0,0.589422,59,internal|choch|brk16895|form16893,internal,81745.0,81266.0,-1.0,0,0.555324,1.416493,7,SL_HIT,2026-05-06T08:00:00+00:00,0.588521,1.171403,0.589422,1.171403,0.740084,0.457203,0.509395,1.171403,0.525786,4.0,2.0,0.0,0.304467,0.0,1.0,0.0,1.0,0.0,0.905618,0.081925,0.502407,44.5,0.239301,1.326693,-0.272017,0.747026,3.643877,0.594232,0.0
ETHUSD_16909_BULLISH_16894_16905,ETHUSD,1h,LONG,2026-05-06T13:00:00+00:00,2026-05-05T22:00:00+00:00,2026-05-06T09:00:00+00:00,16894,16905,16909,2373.675,2352.45,2410.06,21.225,0.894183,39,internal|choch|brk16905|form16894,internal,2380.75,2352.45,-1.0,0,0.0,1.386337,1,SL_HIT,2026-05-06T14:00:00+00:00,1.195429,1.806812,0.894183,1.355109,0.526502,0.607774,0.265018,1.806812,1.181131,15.0,4.0,0.0,0.403819,0.0,1.0,0.0,0.0,1.0,0.564376,0.067037,0.661624,51.0,0.503131,2.582527,-1.08841,0.031691,1.333362,1.859575,1.0
ETHUSD_16913_BULLISH_16871_16875,ETHUSD,1h,LONG,2026-05-06T17:00:00+00:00,2026-05-04T23:00:00+00:00,2026-05-05T03:00:00+00:00,16871,16875,16913,2352.85,2343.5,2368.88,9.35,0.39739,88,internal|bos|brk16875|form16871,internal,2352.85,2343.5,-1.0,0,0.0,1.839572,1,SL_HIT,2026-05-06T18:00:00+00:00,0.398152,0.595392,0.39739,0.595392,0.518717,0.919786,0.716578,0.595392,0.913783,42.0,38.0,5.0,0.286552,1.0,0.0,0.0,0.0,0.0,0.414297,0.031839,0.668722,52.5,0.491919,0.87876,-2.314892,-0.836096,-0.008516,1.665754,1.0
BTCUSD_16920_BULLISH_16896_16904,BTCUSD,1h,LONG,2026-05-07T00:00:00+00:00,2026-05-06T00:00:00+00:00,2026-05-06T08:00:00+00:00,16896,16904,16920,81090.625,80686.0,81784.27,404.625,0.498979,70,internal|choch|brk16904|form16896,internal,81225.5,80686.0,-1.0,0,0.377819,1.014829,4,SL_HIT,2026-05-07T04:00:00+00:00,0.666325,1.309524,0.498979,0.982143,0.519926,0.551437,0.244671,1.309524,1.383556,24.0,16.0,5.0,0.301288,0.0,1.0,0.0,0.0,1.0,0.61438,0.188115,0.50883,61.5,0.307764,1.242773,-0.552714,-1.210971,1.16829,0.371832,1.0
XRPUSD_16922_BULLISH_16896_16902,XRPUSD,1h,LONG,2026-05-07T02:00:00+00:00,2026-05-06T00:00:00+00:00,2026-05-06T06:00:00+00:00,16896,16902,16922,1.4141,1.4066,1.43,0.0075,0.530373,65,internal|bos|brk16902|form16896,internal,1.4141,1.4066,-1.0,0,0.0,1.506667,1,SL_HIT,2026-05-07T03:00:00+00:00,0.531576,0.938276,0.530373,0.938276,0.573333,0.64,0.333333,0.938276,0.412842,26.0,20.0,2.0,0.400331,1.0,0.0,0.0,0.0,1.0,0.39498,0.025021,0.566545,48.0,0.476931,0.7256,-1.051967,-2.730093,1.139785,0.464618,1.0
SOLUSD_16932_BEARISH_16454_16474,SOLUSD,1h,SHORT,2026-05-07T12:00:00+00:00,2026-04-17T14:00:00+00:00,2026-04-18T10:00:00+00:00,16454,16474,16932,89.921925,90.756,88.49,0.834075,0.927555,37,internal|choch|brk16474|form16454,internal,90.756,89.6439,1.716782,1,1.879837,0.0,1,TP_HIT,2026-05-07T13:00:00+00:00,1.239109,1.966177,0.927555,1.474633,0.904595,0.712256,0.118694,1.966177,1.129743,478.0,458.0,6.0,0.303961,0.0,1.0,0.0,1.0,0.0,0.90455,0.061879,0.630212,64.0,0.468304,1.064327,-0.449226,0.308469,5.708868,0.804157,0.0
SOLUSD_16934_BULLISH_16923_16927,SOLUSD,1h,LONG,2026-05-07T14:00:00+00:00,2026-05-07T03:00:00+00:00,2026-05-07T07:00:00+00:00,16923,16927,16934,88.022,87.623,88.71,0.399,0.453296,77,internal|bos|brk16927|form16923,internal,88.155,87.623,1.724311,1,1.937343,0.556391,2,TP_HIT,2026-05-07T16:00:00+00:00,0.603483,0.929512,0.453296,0.697134,1.0,0.610902,0.695489,0.929512,1.537538,11.0,7.0,0.0,0.232378,1.0,0.0,0.0,0.0,1.0,0.682621,0.001747,0.649247,68.0,0.547064,1.895714,-1.442227,-1.109441,3.332474,1.143363,1.0
BTCUSD_16952_BEARISH_16940_16946,BTCUSD,1h,SHORT,2026-05-08T08:00:00+00:00,2026-05-07T20:00:00+00:00,2026-05-08T02:00:00+00:00,16940,16946,16952,79940.875,80335.0,79265.23,394.125,0.493021,70,internal|bos|brk16946|form16940,internal,80335.0,79809.5,-1.0,0,0.527434,1.29686,4,SL_HIT,2026-05-08T12:00:00+00:00,0.658109,1.286182,0.493021,0.964636,0.922931,0.276879,0.506185,1.286182,0.624123,12.0,6.0,0.0,0.22242,1.0,0.0,0.0,0.0,1.0,0.364007,0.075874,0.511676,46.0,0.274685,0.804017,0.388479,-0.254205,-1.942123,0.757492,0.0
ETHUSD_16955_BEARISH_16938_16946,ETHUSD,1h,SHORT,2026-05-08T11:00:00+00:00,2026-05-07T18:00:00+00:00,2026-05-08T02:00:00+00:00,16938,16946,16955,2290.0,2303.5,2266.86,13.5,0.58952,59,internal|bos|brk16946|form16938,internal,2303.5,2290.0,-1.0,0,1.611111,1.844444,6,SL_HIT,2026-05-08T17:00:00+00:00,0.588505,0.884206,0.58952,0.884206,0.707407,0.462963,0.281481,0.884206,0.409355,17.0,9.0,1.0,0.258712,1.0,0.0,0.0,0.0,1.0,0.188447,0.003275,0.665574,23.5,0.180635,0.612395,0.861785,0.255671,-4.878504,0.99509,0.0
SOLUSD_16968_BEARISH_15899_15905,SOLUSD,1h,SHORT,2026-05-09T00:00:00+00:00,2026-03-25T11:00:00+00:00,2026-03-25T17:00:00+00:00,15899,15905,16968,92.7145,93.49,91.39,0.7755,0.836439,41,internal|choch|brk15905|form15899,internal,93.49,92.456,-1.0,0,0.359123,1.468085,1,SL_HIT,2026-05-09T01:00:00+00:00,1.118237,1.753562,0.836439,1.315171,0.989362,0.334139,0.338491,1.753562,0.902219,1069.0,1063.0,4.0,0.419736,0.0,1.0,0.0,1.0,0.0,0.961991,0.218771,0.637695,98.0,0.585402,1.309236,-0.161957,4.571105,3.785889,0.50675,0.0
XRPUSD_16982_BULLISH_16964_16969,XRPUSD,1h,LONG,2026-05-09T14:00:00+00:00,2026-05-08T20:00:00+00:00,2026-05-09T01:00:00+00:00,16964,16969,16982,1.4186,1.4107,1.43,0.0079,0.556887,62,internal|bos|brk16969|form16964,internal,1.4186,1.4107,-1.0,0,0.075949,1.037975,2,SL_HIT,2026-05-09T16:00:00+00:00,0.558343,1.01578,0.556887,1.01578,0.531646,0.531646,0.873418,1.01578,1.002922,18.0,13.0,3.0,0.475745,1.0,0.0,0.0,0.0,1.0,0.475533,0.012858,0.54967,16.0,0.28364,0.810052,-0.288936,-0.204542,0.056573,0.808835,1.0
SOLUSD_16985_BEARISH_16974_16984,SOLUSD,1h,SHORT,2026-05-09T17:00:00+00:00,2026-05-09T06:00:00+00:00,2026-05-09T16:00:00+00:00,16974,16984,16985,93.422,94.1,92.26,0.678,0.725739,48,internal|choch|brk16984|form16974,internal,94.1,93.196,-1.0,0,1.233038,1.0,15,SL_HIT,2026-05-10T08:00:00+00:00,0.969957,1.51811,0.725739,1.138583,0.995575,0.325221,0.220133,1.51811,0.386245,11.0,1.0,0.0,0.37281,0.0,1.0,0.0,1.0,0.0,0.892524,0.006717,0.638924,97.0,0.398529,1.199039,-0.264321,-0.315845,5.564208,0.976275,0.0
ETHUSD_17005_BEARISH_17001_17002,ETHUSD,1h,SHORT,2026-05-10T13:00:00+00:00,2026-05-10T09:00:00+00:00,2026-05-10T10:00:00+00:00,17001,17002,17005,2325.8,2332.9,2313.63,7.1,0.305271,100,internal|choch|brk17002|form17001,internal,2332.9,2325.8,-1.0,0,0.0,1.302817,1,SL_HIT,2026-05-10T14:00:00+00:00,0.304865,0.510813,0.305271,0.510813,0.56338,0.774648,0.302817,0.510813,0.19785,4.0,3.0,1.0,0.223031,0.0,1.0,0.0,1.0,0.0,0.409091,0.028778,0.596823,0.5,0.104969,0.654705,-0.01288,0.019326,1.523573,0.962002,0.0
ETHUSD_17007_BEARISH_16916_16920,ETHUSD,1h,SHORT,2026-05-10T15:00:00+00:00,2026-05-06T20:00:00+00:00,2026-05-07T00:00:00+00:00,16916,16920,17007,2343.6,2356.05,2322.26,12.45,0.531234,65,internal|bos|brk16920|form16916,internal,2356.05,2343.6,-1.0,0,0.365462,1.927711,2,SL_HIT,2026-05-10T17:00:00+00:00,0.530521,0.894926,0.531234,0.894926,0.746988,0.590361,0.124498,0.894926,1.563424,91.0,87.0,2.0,0.226427,1.0,0.0,0.0,0.0,0.0,0.556378,0.043129,0.59281,1.5,0.188459,1.509513,0.957195,1.018036,3.142512,1.404679,0.0
ETHUSD_17031_BEARISH_17022_17029,ETHUSD,1h,SHORT,2026-05-11T15:00:00+00:00,2026-05-11T06:00:00+00:00,2026-05-11T13:00:00+00:00,17022,17029,17031,2328.9,2342.0,2306.44,13.1,0.562497,62,internal|choch|brk17029|form17022,internal,2342.0,2328.9,-1.0,0,0.492366,1.125954,2,SL_HIT,2026-05-11T17:00:00+00:00,0.561641,0.908687,0.562497,0.908687,0.729008,0.450382,0.114504,0.908687,0.513304,9.0,2.0,0.0,0.246247,0.0,1.0,0.0,0.0,0.0,0.579975,0.006937,0.61808,16.0,0.641723,1.567659,0.158884,-0.805903,0.814748,1.493106,0.0
SOLUSD_17038_BEARISH_14718_14723,SOLUSD,1h,SHORT,2026-05-11T22:00:00+00:00,2026-02-04T06:00:00+00:00,2026-02-04T11:00:00+00:00,14718,14723,17038,97.19775,98.73,94.57,1.53225,1.576425,22,internal|bos|brk14723|form14718,internal,98.73,96.687,1.714962,1,1.84092,0.314081,14,TP_HIT,2026-05-12T12:00:00+00:00,2.092187,3.135076,1.576425,2.351307,0.529124,0.838962,0.617719,3.135076,1.459352,2320.0,2315.0,14.0,0.692464,1.0,0.0,0.0,1.0,0.0,0.930248,0.078262,0.667348,98.5,0.59241,0.736582,-0.131932,2.424007,4.709566,0.646392,0.0
SOLUSD_17050_BULLISH_17029_17031,SOLUSD,1h,LONG,2026-05-12T10:00:00+00:00,2026-05-11T13:00:00+00:00,2026-05-11T15:00:00+00:00,17029,17031,17050,95.2585,94.537,96.5,0.7215,0.757413,46,internal|bos|brk17031|form17029,internal,95.499,94.537,-1.0,0,0.431739,1.22176,2,SL_HIT,2026-05-12T12:00:00+00:00,1.012557,1.461242,0.757413,1.095932,0.488565,0.5842,0.43763,1.461242,2.491099,21.0,19.0,2.0,0.382019,1.0,0.0,0.0,0.0,1.0,0.684015,0.123036,0.692943,100.0,0.637789,1.58124,-1.606288,-3.264334,1.010026,0.809014,1.0
XRPUSD_17050_BULLISH_17024_17029,XRPUSD,1h,LONG,2026-05-12T10:00:00+00:00,2026-05-11T08:00:00+00:00,2026-05-11T13:00:00+00:00,17024,17029,17050,1.4482,1.441,1.46,0.0072,0.497169,70,internal|bos|brk17029|form17024,internal,1.4506,1.441,-1.0,0,0.958333,2.222222,3,SL_HIT,2026-05-12T13:00:00+00:00,0.662663,1.080778,0.497169,0.810583,0.802083,0.427083,0.354167,1.080778,0.247678,26.0,21.0,0.0,0.056291,1.0,0.0,0.0,0.0,1.0,0.543495,0.022516,0.613135,100.0,0.459838,1.249649,-0.862246,-2.008929,1.563376,0.969353,1.0
SOLUSD_17055_BULLISH_17003_17009,SOLUSD,1h,LONG,2026-05-12T15:00:00+00:00,2026-05-10T11:00:00+00:00,2026-05-10T17:00:00+00:00,17003,17009,17055,93.73025,92.9,95.15,0.83025,0.885787,39,internal|bos|brk17009|form17003,internal,94.007,92.9,1.710027,1,2.056911,0.149654,10,TP_HIT,2026-05-13T01:00:00+00:00,1.179466,1.666219,0.885787,1.249664,0.863595,0.515808,0.280036,1.666219,2.516638,52.0,46.0,1.0,0.189275,1.0,0.0,0.0,0.0,1.0,0.562939,0.31458,0.70787,100.0,0.41729,1.779107,-1.21149,-3.735461,0.10666,1.157362,1.0
BTCUSD_17099_BULLISH_17091_17093,BTCUSD,1h,LONG,2026-05-14T11:00:00+00:00,2026-05-14T03:00:00+00:00,2026-05-14T05:00:00+00:00,17091,17093,17099,79290.375,78876.0,80000.73,414.375,0.522604,66,internal|choch|brk17093|form17091,internal,79428.5,78876.0,1.714281,1,1.79819,0.226546,2,TP_HIT,2026-05-14T13:00:00+00:00,0.697451,1.446612,0.522604,1.084959,0.617195,0.435294,0.58552,1.446612,0.960917,8.0,6.0,1.0,0.192118,0.0,1.0,0.0,0.0,0.0,0.133976,0.039275,0.482128,28.5,0.283771,1.008046,-0.693243,-0.569843,-1.958552,0.828493,1.0
SOLUSD_17099_BULLISH_17091_17094,SOLUSD,1h,LONG,2026-05-14T11:00:00+00:00,2026-05-14T03:00:00+00:00,2026-05-14T06:00:00+00:00,17091,17094,17099,90.543625,89.8165,91.79,0.727125,0.803066,43,internal|choch|brk17094|form17091,internal,90.786,89.8165,1.714114,1,2.438886,0.043493,3,TP_HIT,2026-05-14T14:00:00+00:00,1.069911,1.445263,0.803066,1.083947,0.82362,0.227953,0.640536,1.445263,0.201249,8.0,5.0,4.0,0.106401,0.0,1.0,0.0,0.0,0.0,0.093016,0.002981,0.740288,91.0,0.410754,0.724495,-0.858862,-0.646894,-5.410343,0.66283,1.0
XRPUSD_17127_BULLISH_17097_17100,XRPUSD,1h,LONG,2026-05-15T15:00:00+00:00,2026-05-14T09:00:00+00:00,2026-05-14T12:00:00+00:00,17097,17100,17127,1.433175,1.4265,1.44,0.006675,0.465749,75,internal|bos|brk17100|form17097,internal,1.4354,1.4265,1.022472,1,2.05618,0.0,1,TP_HIT,2026-05-15T16:00:00+00:00,0.620339,0.863618,0.465749,0.647713,0.921348,0.988764,0.674157,0.863618,1.562275,30.0,27.0,2.0,0.147979,1.0,0.0,0.0,0.0,1.0,0.174729,0.019407,0.718302,100.0,0.659251,1.057689,-2.672817,-4.020605,0.567784,0.940644,1.0
ETHUSD_17150_BULLISH_16262_16263,ETHUSD,1h,LONG,2026-05-16T14:00:00+00:00,2026-04-09T14:00:00+00:00,2026-04-09T15:00:00+00:00,16262,16263,17150,2175.775,2156.5,2208.82,19.275,0.885891,39,internal|choch|brk16263|form16262,internal,2182.2,2156.5,-1.0,0,1.127108,4.501946,33,SL_HIT,2026-05-17T23:00:00+00:00,1.179413,1.804976,0.885891,1.353732,0.877432,0.815175,0.480545,1.804976,2.819836,888.0,887.0,21.0,0.230012,0.0,1.0,0.0,1.0,0.0,0.110285,0.073744,0.653423,24.0,0.309731,1.028907,0.296879,-2.005711,-3.601053,1.00091,1.0
ETHUSD_17162_BEARISH_17160_17161,ETHUSD,1h,SHORT,2026-05-17T02:00:00+00:00,2026-05-17T00:00:00+00:00,2026-05-17T01:00:00+00:00,17160,17161,17162,2172.65,2185.0,2151.48,12.35,0.56843,61,internal|bos|brk17161|form17160,internal,2185.0,2172.65,-1.0,0,0.0,1.327935,2,SL_HIT,2026-05-17T04:00:00+00:00,0.56826,0.891612,0.56843,0.891612,0.947368,0.234818,0.295547,0.891612,0.584782,2.0,1.0,0.0,0.046927,1.0,0.0,0.0,1.0,1.0,0.074659,0.010829,0.63734,0.5,0.30888,0.530636,-0.373605,-0.091941,-5.106429,0.450889,0.0
BTCUSD_17174_BULLISH_17161_17170,BTCUSD,1h,LONG,2026-05-17T14:00:00+00:00,2026-05-17T01:00:00+00:00,2026-05-17T10:00:00+00:00,17161,17170,17174,78084.0,77682.5,78772.29,401.5,0.51419,68,internal|choch|brk17170|form17161,internal,78084.0,77682.5,-1.0,0,0.917808,3.491905,9,SL_HIT,2026-05-17T23:00:00+00:00,0.514671,1.083795,0.51419,1.083795,0.818182,0.706102,0.564134,1.083795,0.576314,13.0,4.0,0.0,0.197054,0.0,1.0,0.0,0.0,0.0,0.092812,0.04319,0.474879,4.5,0.155518,1.021709,-0.260182,-0.12099,-2.912223,1.587464,1.0
SOLUSD_17195_BEARISH_17185_17194,SOLUSD,1h,SHORT,2026-05-18T11:00:00+00:00,2026-05-18T01:00:00+00:00,2026-05-18T10:00:00+00:00,17185,17194,17195,84.74975,85.463,83.53,0.71325,0.841595,41,internal|bos|brk17194|form17185,internal,85.463,84.512,-1.0,0,0.0,1.465475,1,SL_HIT,2026-05-18T12:00:00+00:00,1.119179,1.44896,0.841595,1.08672,0.515247,0.848791,0.368034,1.44896,0.335196,10.0,1.0,0.0,0.340147,1.0,0.0,0.0,0.0,1.0,0.15357,0.025901,0.772402,37.0,0.446752,1.885019,0.306919,-1.961395,-1.220604,1.191193,0.0
SOLUSD_17197_BULLISH_17195_17196,SOLUSD,1h,LONG,2026-05-18T13:00:00+00:00,2026-05-18T11:00:00+00:00,2026-05-18T12:00:00+00:00,17195,17196,17197,85.0099,84.082,86.6,0.9279,1.09152,32,internal|choch|brk17196|form17195,internal,85.3192,84.082,-1.0,0,0.0,1.410605,1,SL_HIT,2026-05-18T14:00:00+00:00,1.460995,1.874033,1.09152,1.405525,0.484966,0.813288,0.557711,1.874033,0.908842,2.0,1.0,0.0,0.496682,0.0,1.0,0.0,0.0,0.0,0.125304,0.006513,0.7796,50.0,0.525192,1.908569,-0.256773,-1.731381,-1.627499,1.902237,1.0
ETHUSD_17202_BULLISH_16214_16221,ETHUSD,1h,LONG,2026-05-18T18:00:00+00:00,2026-04-07T14:00:00+00:00,2026-04-07T21:00:00+00:00,16214,16221,17202,2075.3375,2060.0,2101.63,15.3375,0.739036,47,internal|choch|brk16221|form16214,internal,2080.45,2060.0,1.714262,1,3.430318,0.0,1,TP_HIT,2026-05-18T19:00:00+00:00,0.983008,1.452242,0.739036,1.089181,0.99511,0.246944,0.286064,1.452242,2.109124,988.0,981.0,0.0,0.355959,0.0,1.0,0.0,0.0,0.0,0.020349,0.024855,0.67689,30.5,0.709325,2.336369,-2.328693,-1.759067,-4.274704,1.915128,1.0
ETHUSD_17205_BEARISH_17196_17199,ETHUSD,1h,SHORT,2026-05-18T21:00:00+00:00,2026-05-18T12:00:00+00:00,2026-05-18T15:00:00+00:00,17196,17199,17205,2138.95,2156.5,2108.86,17.55,0.820496,42,internal|choch|brk17199|form17196,internal,2156.5,2133.1,1.71453,1,1.894587,0.424501,13,TP_HIT,2026-05-19T10:00:00+00:00,1.095301,1.631899,0.820496,1.223924,0.858974,0.376068,0.702991,1.631899,0.233627,9.0,6.0,0.0,0.177835,0.0,1.0,0.0,0.0,1.0,0.25327,0.202244,0.671182,65.0,0.741681,1.970134,1.900742,0.868744,-1.941525,1.26271,0.0
BTCUSD_17228_BEARISH_17216_17222,BTCUSD,1h,SHORT,2026-05-19T20:00:00+00:00,2026-05-19T08:00:00+00:00,2026-05-19T14:00:00+00:00,17216,17222,17228,76932.0,77295.0,76309.71,363.0,0.471845,74,internal|bos|brk17222|form17216,internal,77295.0,76932.0,-1.0,0,1.231405,1.016529,9,SL_HIT,2026-05-20T05:00:00+00:00,0.471566,0.954423,0.471845,0.954423,0.874656,0.307163,0.508264,0.954423,1.265991,12.0,6.0,2.0,0.119632,1.0,0.0,0.0,0.0,1.0,0.273038,0.094654,0.494085,32.5,0.297791,0.565292,0.645891,0.135938,-1.597904,0.78015,0.0
BTCUSD_17243_BEARISH_17196_17198,BTCUSD,1h,SHORT,2026-05-20T11:00:00+00:00,2026-05-18T12:00:00+00:00,2026-05-18T14:00:00+00:00,17196,17198,17243,77372.25,77758.5,76710.11,386.25,0.49921,70,internal|bos|brk17198|form17196,internal,77758.5,77243.5,-1.0,0,1.337864,1.174757,4,SL_HIT,2026-05-20T15:00:00+00:00,0.665783,1.379078,0.49921,1.034309,0.78835,0.769903,0.668932,1.379078,1.454057,47.0,45.0,9.0,0.052887,1.0,0.0,0.0,1.0,0.0,0.524043,0.028117,0.482774,14.0,0.215236,0.656066,-0.036831,0.487155,0.586465,0.936672,0.0
XRPUSD_17259_BEARISH_17215_17217,XRPUSD,1h,SHORT,2026-05-21T03:00:00+00:00,2026-05-19T07:00:00+00:00,2026-05-19T09:00:00+00:00,17215,17217,17259,1.3834,1.3898,1.37,0.0064,0.462628,75,internal|bos|brk17217|form17215,internal,1.3898,1.3834,2.09375,1,2.171875,0.40625,3,TP_HIT,2026-05-21T06:00:00+00:00,0.462294,0.6591,0.462628,0.6591,0.84375,0.359375,0.609375,0.6591,0.751785,44.0,42.0,1.0,0.102984,1.0,0.0,0.0,0.0,1.0,0.454321,0.020597,0.701403,32.0,0.34401,0.504623,1.309916,0.808272,0.0,0.744336,0.0
BTCUSD_17266_BULLISH_17248_17256,BTCUSD,1h,LONG,2026-05-21T10:00:00+00:00,2026-05-20T16:00:00+00:00,2026-05-21T00:00:00+00:00,17248,17256,17266,77391.625,76975.0,78105.84,416.625,0.538333,65,internal|bos|brk17256|form17248,internal,77530.5,76975.0,-1.0,0,0.0,1.662466,3,SL_HIT,2026-05-21T13:00:00+00:00,0.719849,1.479496,0.538333,1.109622,0.349235,0.693969,0.218722,1.479496,1.117279,18.0,10.0,2.0,0.59293,1.0,0.0,0.0,0.0,1.0,0.452012,0.055931,0.48655,21.0,0.264763,1.351655,-0.804679,-0.595123,0.197359,1.126711,1.0
XRPUSD_17266_BULLISH_17254_17258,XRPUSD,1h,LONG,2026-05-21T10:00:00+00:00,2026-05-20T22:00:00+00:00,2026-05-21T02:00:00+00:00,17254,17258,17266,1.3683,1.3602,1.38,0.0081,0.591975,59,internal|choch|brk17258|form17254,internal,1.3683,1.3602,-1.0,0,0.160494,1.691358,3,SL_HIT,2026-05-21T13:00:00+00:00,0.592799,0.837139,0.591975,0.837139,0.765432,0.580247,0.0,0.837139,0.320387,12.0,8.0,0.0,0.196366,0.0,1.0,0.0,0.0,0.0,0.232099,0.0,0.708124,28.0,0.334132,1.167861,-0.639907,-0.4662,-1.185999,1.215392,1.0
ETHUSD_17267_BULLISH_17230_17237,ETHUSD,1h,LONG,2026-05-21T11:00:00+00:00,2026-05-19T22:00:00+00:00,2026-05-20T05:00:00+00:00,17230,17237,17267,2112.0,2101.35,2130.26,10.65,0.504261,69,internal|choch|brk17237|form17230,internal,2115.55,2101.35,1.714554,1,2.375587,0.737089,4,TP_HIT,2026-05-21T15:00:00+00:00,0.671665,1.014987,0.504261,0.761241,0.901408,0.503521,0.721831,1.014987,0.847014,37.0,30.0,3.0,0.153678,0.0,1.0,0.0,0.0,1.0,0.317363,0.032165,0.661747,24.5,0.304063,0.586119,-0.632168,-0.988175,0.033121,1.246392,1.0
ETHUSD_17273_BEARISH_17257_17266,ETHUSD,1h,SHORT,2026-05-21T17:00:00+00:00,2026-05-21T01:00:00+00:00,2026-05-21T10:00:00+00:00,17257,17266,17273,2142.7375,2156.65,2118.89,13.9125,0.649286,53,internal|choch|brk17266|form17257,internal,2156.65,2138.1,1.714106,1,1.731357,0.33513,15,TP_HIT,2026-05-22T08:00:00+00:00,0.8645,1.316725,0.649286,0.987544,0.587601,0.795148,0.123989,1.316725,0.97246,16.0,7.0,0.0,0.213835,0.0,1.0,0.0,0.0,0.0,0.59292,0.010647,0.656553,36.0,0.35836,1.991058,1.398767,0.238245,1.728061,1.706469,0.0
SOLUSD_17292_BEARISH_17276_17286,SOLUSD,1h,SHORT,2026-05-22T12:00:00+00:00,2026-05-21T20:00:00+00:00,2026-05-22T06:00:00+00:00,17276,17286,17292,87.501,87.944,86.74,0.443,0.50628,69,internal|choch|brk17286|form17276,internal,87.944,87.501,1.717833,1,2.59842,0.819413,2,TP_HIT,2026-05-22T14:00:00+00:00,0.504705,0.685897,0.50628,0.685897,0.383747,0.663657,0.68781,0.685897,0.156378,16.0,6.0,1.0,0.422686,0.0,1.0,0.0,0.0,0.0,0.94194,0.040256,0.735832,3.0,0.488294,0.854662,0.920975,0.492306,3.332823,0.871613,0.0
SOLUSD_17308_BULLISH_17233_17244,SOLUSD,1h,LONG,2026-05-23T04:00:00+00:00,2026-05-20T01:00:00+00:00,2026-05-20T12:00:00+00:00,17233,17244,17308,84.345,83.841,85.21,0.504,0.597546,58,internal|bos|brk17244|form17233,internal,84.513,83.841,-1.0,0,0.27381,5.843254,3,SL_HIT,2026-05-23T07:00:00+00:00,0.796284,1.030679,0.597546,0.77301,0.81994,0.808631,0.254464,1.030679,0.606904,75.0,64.0,8.0,0.072086,1.0,0.0,0.0,1.0,0.0,0.167009,0.013804,0.772582,17.0,0.502358,0.56442,0.023705,-3.441648,-2.560905,0.587145,1.0
XRPUSD_17318_BEARISH_17307_17311,XRPUSD,1h,SHORT,2026-05-23T14:00:00+00:00,2026-05-23T03:00:00+00:00,2026-05-23T07:00:00+00:00,17307,17311,17318,1.3397,1.3423,1.34,0.0026,0.194073,100,internal|bos|brk17311|form17307,internal,1.3423,1.3397,-1.0,0,1.692308,1.038462,1,SL_HIT,2026-05-23T15:00:00+00:00,0.194001,0.272754,0.194073,0.272754,0.807692,0.615385,0.384615,0.272754,2.213503,11.0,7.0,0.0,0.052453,1.0,0.0,0.0,0.0,1.0,0.469248,0.020981,0.711267,8.5,0.484298,1.007091,1.72296,0.412078,-1.831234,1.112917,0.0
ETHUSD_17334_BEARISH_17273_17298,ETHUSD,1h,SHORT,2026-05-24T06:00:00+00:00,2026-05-21T17:00:00+00:00,2026-05-22T18:00:00+00:00,17273,17298,17334,2131.8125,2152.85,2095.75,21.0375,0.986836,35,internal|bos|brk17298|form17273,internal,2152.85,2124.8,1.714201,1,2.555556,0.0,8,TP_HIT,2026-05-24T14:00:00+00:00,1.318573,2.004967,0.986836,1.503725,0.910873,0.877005,0.673797,2.004967,1.408123,61.0,36.0,4.0,0.322546,1.0,0.0,0.0,0.0,1.0,0.803876,0.039313,0.657653,46.5,0.798016,0.918497,0.271028,3.292061,-0.260215,0.68895,0.0
BTCUSD_17351_BEARISH_17338_17343,BTCUSD,1h,SHORT,2026-05-24T23:00:00+00:00,2026-05-24T10:00:00+00:00,2026-05-24T15:00:00+00:00,17338,17343,17351,77047.0,77522.5,76231.86,475.5,0.617156,56,internal|choch|brk17343|form17338,internal,77522.5,76888.5,-1.0,0,0.370137,1.216614,7,SL_HIT,2026-05-25T06:00:00+00:00,0.823051,1.714922,0.617156,1.286192,0.776025,0.477918,0.272871,1.714922,0.193402,13.0,8.0,1.0,0.044631,0.0,1.0,0.0,0.0,0.0,0.710526,0.035164,0.479935,23.0,0.334423,1.119839,0.519362,0.298824,1.433999,0.758933,0.0
ETHUSD_17374_BULLISH_17351_17368,ETHUSD,1h,LONG,2026-05-25T22:00:00+00:00,2026-05-24T23:00:00+00:00,2026-05-25T16:00:00+00:00,17351,17368,17374,2102.1125,2090.45,2122.11,11.6625,0.554799,63,internal|choch|brk17368|form17351,internal,2106.0,2090.45,-1.0,0,0.933548,1.600214,2,SL_HIT,2026-05-26T00:00:00+00:00,0.739543,1.138108,0.554799,0.853581,0.784566,0.305466,0.456592,1.138108,0.684328,23.0,6.0,0.0,0.03934,0.0,1.0,0.0,0.0,0.0,0.671699,0.010979,0.649801,5.5,0.288085,0.980749,-1.181972,-0.600373,-2.013188,0.818163,1.0
BTCUSD_17377_BULLISH_17349_17361,BTCUSD,1h,LONG,2026-05-26T01:00:00+00:00,2026-05-24T21:00:00+00:00,2026-05-25T09:00:00+00:00,17349,17361,17377,76555.75,76060.0,77405.61,495.75,0.647567,54,internal|choch|brk17361|form17349,internal,76721.0,76060.0,1.714291,1,2.108422,0.244579,9,TP_HIT,2026-05-26T10:00:00+00:00,0.861597,1.827262,0.647567,1.370447,0.995461,0.285174,0.797277,1.827262,0.395308,28.0,16.0,1.0,0.448522,0.0,1.0,0.0,0.0,1.0,0.683372,0.052523,0.471523,3.0,0.23305,0.825171,-0.680959,-1.009671,0.003259,0.766673,1.0
XRPUSD_17409_BULLISH_17404_17406,XRPUSD,1h,LONG,2026-05-27T09:00:00+00:00,2026-05-27T04:00:00+00:00,2026-05-27T06:00:00+00:00,17404,17406,17409,1.32935,1.3217,1.34,0.00765,0.575469,60,internal|choch|brk17406|form17404,internal,1.3319,1.3217,1.392157,1,1.588235,0.542484,3,TP_HIT,2026-05-27T12:00:00+00:00,0.766629,1.160548,0.575469,0.870411,0.862745,0.343137,0.362745,1.160548,0.500629,5.0,3.0,2.0,0.130846,0.0,1.0,0.0,0.0,0.0,0.405928,0.011378,0.660575,1.0,0.276214,1.035391,-0.067598,0.052639,-2.104334,0.556323,1.0
SOLUSD_17413_BULLISH_17404_17407,SOLUSD,1h,LONG,2026-05-27T13:00:00+00:00,2026-05-27T04:00:00+00:00,2026-05-27T07:00:00+00:00,17404,17407,17413,83.45875,82.819,84.56,0.63975,0.766546,45,internal|choch|brk17407|form17404,internal,83.672,82.819,1.721376,1,2.174678,0.34662,2,TP_HIT,2026-05-27T15:00:00+00:00,1.020079,1.329567,0.766546,0.997176,0.940211,0.845252,0.046893,1.329567,0.269654,9.0,6.0,3.0,0.252898,0.0,1.0,0.0,0.0,0.0,0.297263,0.001559,0.767226,4.5,0.247201,1.700537,-0.357479,-0.037058,-2.508948,1.364558,1.0
XRPUSD_17419_BEARISH_17415_17417,XRPUSD,1h,SHORT,2026-05-27T19:00:00+00:00,2026-05-27T15:00:00+00:00,2026-05-27T17:00:00+00:00,17415,17417,17419,1.33375,1.3438,1.32,0.01005,0.753515,46,internal|choch|brk17417|form17415,internal,1.3438,1.3304,1.368159,1,2.21393,0.154229,2,TP_HIT,2026-05-27T21:00:00+00:00,1.006762,1.504557,0.753515,1.128418,0.955224,0.30597,0.41791,1.504557,1.336136,4.0,2.0,0.0,0.308771,0.0,1.0,0.0,1.0,1.0,0.22973,0.044912,0.669142,13.5,0.368395,0.842103,-0.015024,-0.030044,-2.247356,1.083039,0.0
SOLUSD_17454_BEARISH_17445_17450,SOLUSD,1h,SHORT,2026-05-29T06:00:00+00:00,2026-05-28T21:00:00+00:00,2026-05-29T02:00:00+00:00,17445,17450,17454,82.231,82.683,81.46,0.452,0.549671,63,internal|bos|brk17450|form17445,internal,82.683,82.231,1.705752,1,2.05531,0.911504,6,TP_HIT,2026-05-29T12:00:00+00:00,0.54927,0.690264,0.549671,0.690264,0.867257,0.595133,0.208186,0.690264,1.024707,9.0,4.0,0.0,0.091628,1.0,0.0,0.0,0.0,1.0,0.351175,0.001527,0.795739,50.5,0.461595,0.748295,0.083919,1.404789,-1.614041,0.708589,0.0
BTCUSD_17503_BULLISH_17495_17500,BTCUSD,1h,LONG,2026-05-31T07:00:00+00:00,2026-05-30T23:00:00+00:00,2026-05-31T04:00:00+00:00,17495,17500,17503,73979.0,73758.0,74357.86,221.0,0.298733,100,internal|bos|brk17500|form17495,internal,73979.0,73758.0,-1.0,0,0.131222,1.226244,3,SL_HIT,2026-05-31T10:00:00+00:00,0.299296,0.619935,0.298733,0.619935,0.371041,0.791855,0.031674,0.619935,0.102387,8.0,3.0,1.0,0.389914,1.0,0.0,0.0,0.0,1.0,0.367049,0.018233,0.482786,0.5,0.109519,0.625545,-0.308498,-0.09133,0.231439,0.844743,1.0
ETHUSD_17503_BULLISH_17489_17498,ETHUSD,1h,LONG,2026-05-31T07:00:00+00:00,2026-05-30T17:00:00+00:00,2026-05-31T02:00:00+00:00,17489,17498,17503,2028.5,2018.2,2046.16,10.3,0.507764,68,internal|bos|brk17498|form17489,internal,2028.5,2018.2,-1.0,0,0.0,1.058252,2,SL_HIT,2026-05-31T09:00:00+00:00,0.50912,0.779465,0.507764,0.779465,0.475728,0.679612,0.014563,0.779465,0.389732,14.0,5.0,2.0,0.408651,1.0,0.0,0.0,0.0,1.0,0.439238,0.022703,0.653166,0.5,0.146434,0.567571,-0.516326,-0.160387,0.466802,0.791561,1.0
SOLUSD_17503_BULLISH_17476_17498,SOLUSD,1h,LONG,2026-05-31T07:00:00+00:00,2026-05-30T04:00:00+00:00,2026-05-31T02:00:00+00:00,17476,17498,17503,82.566825,81.8448,83.8,0.722025,0.874473,40,internal|bos|brk17498|form17476,internal,82.8075,81.8448,-1.0,0,0.782764,1.092656,7,SL_HIT,2026-05-31T14:00:00+00:00,1.164777,1.567119,0.874473,1.175339,0.837436,0.319414,0.363561,1.567119,0.227897,27.0,5.0,0.0,0.137023,1.0,0.0,0.0,0.0,1.0,0.546607,0.001628,0.74326,0.5,0.182788,0.748154,-0.614463,-0.302767,0.705478,0.849507,1.0
ETHUSD_17510_BULLISH_17476_17486,ETHUSD,1h,LONG,2026-05-31T14:00:00+00:00,2026-05-30T04:00:00+00:00,2026-05-30T14:00:00+00:00,17476,17486,17510,2013.4375,2000.95,2034.84,12.4875,0.620208,56,internal|bos|brk17486|form17476,internal,2017.6,2000.95,-1.0,0,0.073073,1.316316,2,SL_HIT,2026-05-31T16:00:00+00:00,0.829638,1.277284,0.620208,0.957963,0.357357,0.786787,0.354354,1.277284,0.47179,34.0,24.0,2.0,0.501516,1.0,0.0,0.0,0.0,1.0,0.31581,0.007671,0.649532,1.0,0.203442,1.242763,-0.658351,-0.717325,0.410267,1.573563,1.0
ETHUSD_17512_BULLISH_17462_17463,ETHUSD,1h,LONG,2026-05-31T16:00:00+00:00,2026-05-29T14:00:00+00:00,2026-05-29T15:00:00+00:00,17462,17463,17512,1996.5625,1975.45,2032.76,21.1125,1.057442,33,internal|choch|brk17463|form17462,internal,2003.6,1975.45,-1.0,0,1.226169,1.2463,15,SL_HIT,2026-06-01T07:00:00+00:00,1.406656,2.16231,1.057442,1.621732,0.914742,0.234458,0.069272,2.16231,2.277531,50.0,49.0,1.0,0.356224,0.0,1.0,0.0,0.0,1.0,0.312637,0.007681,0.650534,1.0,0.220957,1.117641,-1.038473,-1.34339,0.012494,1.736002,1.0
SOLUSD_17512_BULLISH_17462_17464,SOLUSD,1h,LONG,2026-05-31T16:00:00+00:00,2026-05-29T14:00:00+00:00,2026-05-29T16:00:00+00:00,17462,17464,17512,81.2815,80.35,82.88,0.9315,1.146017,30,internal|choch|brk17464|form17462,internal,81.592,80.35,1.716049,1,1.771873,0.0,7,TP_HIT,2026-05-31T23:00:00+00:00,1.52249,2.045092,1.146017,1.533819,0.987842,0.138486,0.088567,2.045092,0.545029,50.0,48.0,1.0,0.486409,0.0,1.0,0.0,0.0,1.0,0.325148,0.011362,0.74446,2.0,0.278626,1.00608,-1.418835,-1.740623,0.277686,1.73018,1.0
BTCUSD_17522_BEARISH_17520_17521,BTCUSD,1h,SHORT,2026-06-01T02:00:00+00:00,2026-06-01T00:00:00+00:00,2026-06-01T01:00:00+00:00,17520,17521,17522,73739.75,74078.0,73159.89,338.25,0.458708,76,internal|bos|brk17521|form17520,internal,74078.0,73627.0,1.714294,1,2.404287,0.788618,4,TP_HIT,2026-06-01T06:00:00+00:00,0.611326,1.279126,0.458708,0.959345,0.674058,0.544346,0.444568,1.279126,1.693212,2.0,1.0,0.0,0.09714,1.0,0.0,0.0,1.0,0.0,0.615403,0.017017,0.477925,8.0,0.300329,1.94847,-0.130634,-0.206961,0.405575,1.137403,0.0
ETHUSD_17539_BEARISH_17519_17526,ETHUSD,1h,SHORT,2026-06-01T19:00:00+00:00,2026-05-31T23:00:00+00:00,2026-06-01T06:00:00+00:00,17519,17526,17539,2004.9,2022.45,1974.81,17.55,0.875355,39,internal|bos|brk17526|form17519,internal,2022.45,1999.05,1.71453,1,2.475783,0.219373,7,TP_HIT,2026-06-02T02:00:00+00:00,1.167665,1.752051,0.875355,1.314038,0.788462,0.391026,0.224359,1.752051,0.490425,20.0,13.0,0.0,0.067387,1.0,0.0,0.0,0.0,1.0,0.539726,0.022462,0.666456,20.0,0.498327,1.299064,1.844793,0.260156,-1.105409,1.547603,0.0
BTCUSD_17620_BEARISH_17611_17618,BTCUSD,1h,SHORT,2026-06-05T04:00:00+00:00,2026-06-04T19:00:00+00:00,2026-06-05T02:00:00+00:00,17611,17618,17620,63674.375,64154.0,62852.16,479.625,0.753246,46,internal|bos|brk17618|form17611,internal,64154.0,63514.5,1.714287,1,2.998958,0.0,1,TP_HIT,2026-06-05T05:00:00+00:00,1.005574,1.318083,0.753246,0.988563,0.873339,0.18921,0.301016,1.318083,1.593242,9.0,2.0,0.0,0.16257,1.0,0.0,0.0,1.0,1.0,0.177354,0.023703,0.762906,100.0,0.779776,2.423872,-0.422763,-0.956245,-4.504809,0.667637,0.0
ETHUSD_17664_BULLISH_17657_17663,ETHUSD,1h,LONG,2026-06-07T00:00:00+00:00,2026-06-06T17:00:00+00:00,2026-06-06T23:00:00+00:00,17657,17663,17664,1560.775,1545.85,1586.36,14.925,0.956256,36,internal|choch|brk17663|form17657,internal,1565.75,1545.85,1.714238,1,2.343384,0.0,1,TP_HIT,2026-06-07T01:00:00+00:00,1.272256,1.037004,0.956256,0.777753,0.919598,0.138191,0.522613,1.037004,0.58364,7.0,1.0,0.0,0.175874,0.0,1.0,0.0,1.0,0.0,0.147706,0.044294,1.226858,90.5,0.869819,0.448152,0.666109,-0.369439,-11.532479,0.241186,1.0
ETHUSD_17669_BEARISH_17637_17644,ETHUSD,1h,SHORT,2026-06-07T05:00:00+00:00,2026-06-05T21:00:00+00:00,2026-06-06T04:00:00+00:00,17637,17644,17669,1605.95,1618.7,1584.09,12.75,0.793923,44,internal|bos|brk17644|form17637,internal,1618.7,1601.7,-1.0,0,0.670588,1.333333,1,SL_HIT,2026-06-07T06:00:00+00:00,1.060478,0.888003,0.793923,0.666002,0.920588,0.391176,0.373529,0.888003,2.112924,32.0,25.0,0.0,0.151483,1.0,0.0,0.0,0.0,1.0,0.254862,0.120142,1.194229,88.0,0.6204,0.840991,2.486974,2.950999,-7.284558,0.80834,0.0
SOLUSD_17670_BEARISH_17637_17644,SOLUSD,1h,SHORT,2026-06-07T06:00:00+00:00,2026-06-05T21:00:00+00:00,2026-06-06T04:00:00+00:00,17637,17644,17670,64.7495,65.402,63.63,0.6525,1.00773,34,internal|bos|brk17644|form17637,internal,65.402,64.532,-1.0,0,0.425287,1.85977,2,SL_HIT,2026-06-07T08:00:00+00:00,1.342137,0.956911,1.00773,0.717683,0.666667,0.518391,0.321839,0.956911,2.1569,33.0,26.0,0.0,0.079743,1.0,0.0,0.0,0.0,1.0,0.30343,0.637941,1.402572,88.5,0.720233,1.069101,1.822123,4.48252,-4.579512,1.158534,0.0
BTCUSD_17673_BEARISH_17625_17629,BTCUSD,1h,SHORT,2026-06-07T09:00:00+00:00,2026-06-05T09:00:00+00:00,2026-06-05T13:00:00+00:00,17625,17629,17673,62616.125,63231.5,61561.2,615.375,0.982774,35,internal|bos|brk17629|form17625,internal,63231.5,62411.0,1.71428,1,1.746293,0.195612,3,TP_HIT,2026-06-07T12:00:00+00:00,1.312475,1.507381,0.982774,1.130535,0.872639,0.655698,0.487508,1.507381,2.257856,48.0,44.0,1.0,0.184863,1.0,0.0,0.0,0.0,1.0,0.407458,0.029394,0.870699,85.5,0.397754,0.937864,1.058017,3.141318,-0.898823,1.35425,0.0
ETHUSD_17717_BEARISH_17711_17712,ETHUSD,1h,SHORT,2026-06-09T05:00:00+00:00,2026-06-08T23:00:00+00:00,2026-06-09T00:00:00+00:00,17711,17712,17717,1692.9625,1714.0,1656.9,21.0375,1.242644,28,internal|choch|brk17712|form17711,internal,1714.0,1685.95,1.714201,1,2.859774,0.092097,9,TP_HIT,2026-06-09T14:00:00+00:00,1.662025,1.447809,1.242644,1.085857,0.937611,0.358289,0.465241,1.447809,1.398775,6.0,5.0,1.0,0.271626,0.0,1.0,0.0,0.0,0.0,0.73396,0.03355,1.147959,84.0,0.608779,0.720033,1.54022,-0.171537,5.874973,0.770529,0.0
SOLUSD_17727_BULLISH_17683_17687,SOLUSD,1h,LONG,2026-06-09T15:00:00+00:00,2026-06-07T19:00:00+00:00,2026-06-07T23:00:00+00:00,17683,17687,17727,64.61725,63.61,66.34,1.00725,1.558794,22,internal|bos|brk17687|form17683,internal,64.953,63.61,-1.0,0,0.0,1.078431,1,SL_HIT,2026-06-09T16:00:00+00:00,2.087608,1.495313,1.558794,1.121484,0.537602,0.521966,0.759494,1.495313,0.813904,44.0,40.0,2.0,0.317601,1.0,0.0,0.0,0.0,1.0,0.523774,0.626851,1.396101,61.0,0.734288,1.192464,-3.134881,-1.682637,0.046655,1.73418,1.0
ETHUSD_17746_BULLISH_17683_17686,ETHUSD,1h,LONG,2026-06-10T10:00:00+00:00,2026-06-07T19:00:00+00:00,2026-06-07T22:00:00+00:00,17683,17686,17746,1622.725,1602.25,1657.82,20.475,1.261766,27,internal|bos|brk17686|form17683,internal,1629.55,1602.25,1.714042,1,2.167277,0.57265,3,TP_HIT,2026-06-10T13:00:00+00:00,1.677522,1.446141,1.261766,1.084606,0.921245,0.895604,0.639194,1.446141,2.007647,63.0,60.0,10.0,0.247645,1.0,0.0,0.0,1.0,0.0,0.496916,0.01854,1.159999,46.5,0.508051,0.651558,0.003072,-1.75375,-1.993375,1.021072,1.0
XRPUSD_17749_BEARISH_17729_17738,XRPUSD,1h,SHORT,2026-06-10T13:00:00+00:00,2026-06-09T17:00:00+00:00,2026-06-10T02:00:00+00:00,17729,17738,17749,1.1331,1.1472,1.11,0.0141,1.244374,28,internal|bos|brk17738|form17729,internal,1.1472,1.1284,1.638298,1,1.77305,0.042553,3,TP_HIT,2026-06-10T16:00:00+00:00,1.66357,1.443095,1.244374,1.082321,0.909574,0.484043,0.510638,1.443095,0.944153,20.0,11.0,0.0,0.230281,1.0,0.0,0.0,0.0,1.0,0.506119,0.145845,1.152779,51.0,0.570742,1.6657,2.086721,-0.431718,-2.400898,1.379687,0.0
BTCUSD_17757_BULLISH_17745_17751,BTCUSD,1h,LONG,2026-06-10T21:00:00+00:00,2026-06-10T09:00:00+00:00,2026-06-10T15:00:00+00:00,17745,17751,17757,61228.75,60706.0,62124.89,522.75,0.853766,40,internal|choch|brk17751|form17745,internal,61403.0,60706.0,1.71428,1,2.147776,0.293161,4,TP_HIT,2026-06-11T01:00:00+00:00,1.136484,1.282653,0.853766,0.96199,0.894548,0.354376,0.104017,1.282653,0.796827,12.0,6.0,0.0,0.185405,0.0,1.0,0.0,0.0,0.0,0.247933,0.017482,0.886042,54.5,0.505816,1.148315,-1.401895,-0.1831,-3.191716,0.867238,1.0
SOLUSD_17761_BEARISH_17751_17757,SOLUSD,1h,SHORT,2026-06-11T01:00:00+00:00,2026-06-10T15:00:00+00:00,2026-06-10T21:00:00+00:00,17751,17757,17761,64.85,65.774,63.27,0.924,1.424827,24,internal|bos|brk17757|form17751,internal,65.774,64.542,-1.0,0,0.565693,1.412338,10,SL_HIT,2026-06-11T11:00:00+00:00,1.897954,1.389399,1.424827,1.042049,0.699675,0.495942,0.31737,1.389399,0.846947,10.0,4.0,0.0,0.069921,1.0,0.0,0.0,0.0,1.0,0.513041,0.04511,1.366025,47.5,0.86944,1.682616,2.462432,1.931472,-2.830711,0.610778,0.0
XRPUSD_17761_BEARISH_17749_17755,XRPUSD,1h,SHORT,2026-06-11T01:00:00+00:00,2026-06-10T13:00:00+00:00,2026-06-10T19:00:00+00:00,17749,17755,17761,1.121225,1.1375,1.09,0.016275,1.451537,24,internal|bos|brk17755|form17749,internal,1.1375,1.1158,-1.0,0,1.039939,1.35023,16,SL_HIT,2026-06-11T17:00:00+00:00,1.944793,1.667787,1.451537,1.250841,1.0,0.184332,0.557604,1.667787,0.653281,12.0,6.0,0.0,0.416947,1.0,0.0,0.0,0.0,1.0,0.327635,0.130656,1.166092,45.0,0.67495,1.383418,1.510189,0.450126,-4.460998,0.507852,0.0
ETHUSD_17771_BEARISH_17716_17726,ETHUSD,1h,SHORT,2026-06-11T11:00:00+00:00,2026-06-09T04:00:00+00:00,2026-06-09T14:00:00+00:00,17716,17726,17771,1671.5125,1696.0,1629.53,24.4875,1.464991,23,internal|bos|brk17726|form17716,internal,1696.0,1663.35,-0.048494,0,1.629913,0.989791,72,TIMEOUT_EXIT,2026-06-14T11:00:00+00:00,1.95996,1.744201,1.464991,1.308151,0.92343,0.306279,0.526799,1.744201,1.124515,55.0,45.0,3.0,0.302497,1.0,0.0,0.0,0.0,1.0,0.534678,0.066776,1.123701,32.5,0.515882,0.95891,0.707312,2.2182,-0.212651,0.649548,0.0
BTCUSD_17790_BULLISH_17772_17777,BTCUSD,1h,LONG,2026-06-12T06:00:00+00:00,2026-06-11T12:00:00+00:00,2026-06-11T17:00:00+00:00,17772,17777,17790,63009.125,62495.0,63890.48,514.125,0.815953,42,internal|bos|brk17777|form17772,internal,63180.5,62495.0,1.714282,1,1.80671,0.162655,3,TP_HIT,2026-06-12T09:00:00+00:00,1.088761,1.303896,0.815953,0.977922,0.680525,0.54194,0.150985,1.303896,2.030501,18.0,13.0,0.0,0.090588,1.0,0.0,0.0,0.0,1.0,0.648132,0.023776,0.835006,22.0,0.479303,1.111783,-0.706519,0.373842,2.751508,0.790258,1.0
BTCUSD_17792_BEARISH_17788_17790,BTCUSD,1h,SHORT,2026-06-12T08:00:00+00:00,2026-06-12T04:00:00+00:00,2026-06-12T06:00:00+00:00,17788,17790,17792,63511.75,63850.0,62931.89,338.25,0.532579,65,internal|choch|brk17790|form17788,internal,63850.0,63399.0,-1.0,0,0.309682,1.260163,1,SL_HIT,2026-06-12T09:00:00+00:00,0.71083,0.860122,0.532579,0.645091,0.89357,0.432373,0.396896,0.860122,0.689432,4.0,2.0,0.0,0.123488,0.0,1.0,0.0,1.0,0.0,0.787644,0.000954,0.826429,20.5,0.496154,1.000297,-0.078744,-0.273495,3.26324,1.008373,0.0
SOLUSD_17792_BEARISH_17786_17790,SOLUSD,1h,SHORT,2026-06-12T08:00:00+00:00,2026-06-12T02:00:00+00:00,2026-06-12T06:00:00+00:00,17786,17790,17792,66.8269,67.2886,66.04,0.4617,0.690889,50,internal|choch|brk17790|form17786,internal,67.2886,66.673,-1.0,0,0.008447,1.457873,1,SL_HIT,2026-06-12T09:00:00+00:00,0.920276,0.723246,0.690889,0.542435,0.642625,0.635153,0.708739,0.723246,0.72959,6.0,2.0,0.0,0.077658,0.0,1.0,0.0,1.0,0.0,0.777532,0.092814,1.272424,20.0,0.731983,0.858825,-0.210341,-0.387176,4.206066,0.808902,0.0
XRPUSD_17792_BEARISH_17788_17790,XRPUSD,1h,SHORT,2026-06-12T08:00:00+00:00,2026-06-12T04:00:00+00:00,2026-06-12T06:00:00+00:00,17788,17790,17792,1.14445,1.1509,1.13,0.00645,0.563589,62,internal|choch|brk17790|form17788,internal,1.1509,1.1423,-1.0,0,0.782946,1.155039,1,SL_HIT,2026-06-12T09:00:00+00:00,0.752538,0.681016,0.563589,0.510762,0.94186,0.313953,0.162791,0.681016,0.776042,4.0,2.0,0.0,0.13066,0.0,1.0,0.0,1.0,0.0,0.55123,0.031675,1.105022,22.0,0.749275,0.886905,-0.131085,0.2808,2.779027,0.700152,0.0
SOLUSD_17803_BULLISH_17790_17798,SOLUSD,1h,LONG,2026-06-12T19:00:00+00:00,2026-06-12T06:00:00+00:00,2026-06-12T14:00:00+00:00,17790,17798,17803,66.5935,65.932,67.73,0.6615,0.99334,35,internal|choch|brk17798|form17790,internal,66.814,65.932,1.718065,1,2.079365,0.212396,16,TP_HIT,2026-06-13T11:00:00+00:00,1.321269,1.039005,0.99334,0.779254,0.931973,0.148526,0.704082,1.039005,1.448953,13.0,5.0,0.0,0.189071,0.0,1.0,0.0,0.0,1.0,0.683145,0.070681,1.271668,16.5,0.70387,0.861125,-1.721067,-0.462245,4.251,1.653682,1.0
SOLUSD_17836_BULLISH_17824_17829,SOLUSD,1h,LONG,2026-06-14T04:00:00+00:00,2026-06-13T16:00:00+00:00,2026-06-13T21:00:00+00:00,17824,17829,17836,68.42025,67.803,69.48,0.61725,0.902145,38,internal|bos|brk17829|form17824,internal,68.626,67.803,-1.0,0,0.250709,1.166059,8,SL_HIT,2026-06-14T12:00:00+00:00,1.201372,1.045397,0.902145,0.784048,0.852977,0.262454,0.608748,1.045397,1.218148,12.0,7.0,1.0,0.107652,1.0,0.0,0.0,0.0,1.0,0.852271,0.266748,1.149201,0.5,0.459005,0.749434,-0.566079,0.738203,2.057386,0.791652,1.0
BTCUSD_17838_BULLISH_17824_17829,BTCUSD,1h,LONG,2026-06-14T06:00:00+00:00,2026-06-13T16:00:00+00:00,2026-06-13T21:00:00+00:00,17824,17829,17838,64183.125,63883.5,64696.77,299.625,0.466828,74,internal|bos|brk17829|form17824,internal,64283.0,63883.5,-1.0,0,1.549854,1.158531,8,SL_HIT,2026-06-14T14:00:00+00:00,0.62165,0.84865,0.466828,0.636487,0.953692,0.16771,0.678348,0.84865,0.386619,14.0,9.0,1.0,0.172863,1.0,0.0,0.0,0.0,1.0,0.880926,0.032926,0.732516,0.5,0.186895,0.511951,-0.42841,-0.011669,0.92421,0.872004,1.0
SOLUSD_17853_BEARISH_17606_17618,SOLUSD,1h,SHORT,2026-06-14T21:00:00+00:00,2026-06-04T14:00:00+00:00,2026-06-05T02:00:00+00:00,17606,17618,17853,69.82975,70.636,68.45,0.80625,1.154594,30,internal|bos|brk17618|form17606,internal,70.636,69.561,-1.0,0,0.168372,1.093271,1,SL_HIT,2026-06-14T22:00:00+00:00,1.532802,1.396875,1.154594,1.047656,0.467907,0.906977,0.581395,1.396875,1.587889,247.0,235.0,1.0,0.394049,1.0,0.0,0.0,0.0,0.0,0.950878,0.653607,1.097308,3.5,0.832821,3.564304,3.925375,2.858442,5.061869,1.147668,0.0
BTCUSD_17882_BULLISH_17859_17867,BTCUSD,1h,LONG,2026-06-16T02:00:00+00:00,2026-06-15T03:00:00+00:00,2026-06-15T11:00:00+00:00,17859,17867,17882,65846.25,65400.0,66611.25,446.25,0.677715,51,internal|bos|brk17867|form17859,internal,65995.0,65400.0,1.714286,1,2.504762,0.512605,6,TP_HIT,2026-06-16T08:00:00+00:00,0.905349,1.319212,0.677715,0.989409,0.538655,0.560504,0.782353,1.319212,0.688429,23.0,15.0,0.0,0.278808,1.0,0.0,0.0,0.0,1.0,0.653829,0.009977,0.68628,1.0,0.403424,1.503236,-0.939799,-0.722821,1.85277,0.519499,1.0
SOLUSD_17919_BEARISH_17906_17912,SOLUSD,1h,SHORT,2026-06-17T15:00:00+00:00,2026-06-17T02:00:00+00:00,2026-06-17T08:00:00+00:00,17906,17912,17919,73.874,74.468,72.86,0.594,0.804072,43,internal|choch|brk17912|form17906,internal,74.468,73.676,-1.0,0,0.299663,1.395623,1,SL_HIT,2026-06-17T16:00:00+00:00,1.073229,1.033227,0.804072,0.77492,0.848485,0.241162,0.15404,1.033227,1.216912,13.0,7.0,0.0,0.101757,0.0,1.0,0.0,0.0,0.0,0.749019,0.720128,1.038716,11.0,0.61647,1.984265,2.285611,0.599815,0.229535,1.427867,0.0
ETHUSD_17921_BEARISH_17906_17912,ETHUSD,1h,SHORT,2026-06-17T17:00:00+00:00,2026-06-17T02:00:00+00:00,2026-06-17T08:00:00+00:00,17906,17912,17921,1793.2125,1809.75,1764.86,16.5375,0.922228,37,internal|choch|brk17912|form17906,internal,1809.75,1787.7,1.714437,1,2.90325,0.0,1,TP_HIT,2026-06-17T18:00:00+00:00,1.232946,1.349791,0.922228,1.012343,0.968254,0.351474,0.102041,1.349791,1.205936,15.0,9.0,1.0,0.294597,0.0,1.0,0.0,0.0,1.0,0.690238,0.003061,0.913434,37.5,0.448861,1.778296,1.711881,-0.351034,-3.046731,1.483403,0.0
XRPUSD_17921_BEARISH_17906_17912,XRPUSD,1h,SHORT,2026-06-17T17:00:00+00:00,2026-06-17T02:00:00+00:00,2026-06-17T08:00:00+00:00,17906,17912,17921,1.21905,1.2282,1.2,0.00915,0.750584,46,internal|bos|brk17912|form17906,internal,1.2282,1.216,2.081967,1,2.79235,0.038251,1,TP_HIT,2026-06-17T18:00:00+00:00,1.001889,1.047713,0.750584,0.785785,0.860656,0.737705,0.188525,1.047713,1.133591,15.0,9.0,1.0,0.115935,1.0,0.0,0.0,0.0,1.0,0.546819,0.343513,0.956262,23.5,0.511187,0.910308,1.678357,-0.147601,-3.982022,1.588141,0.0
BTCUSD_17935_BEARISH_17929_17932,BTCUSD,1h,SHORT,2026-06-18T07:00:00+00:00,2026-06-18T01:00:00+00:00,2026-06-18T04:00:00+00:00,17929,17932,17935,64435.0,64786.5,63832.43,351.5,0.545511,64,internal|bos|brk17932|form17929,internal,64786.5,64435.0,1.714282,1,1.889047,0.561878,6,TP_HIT,2026-06-18T13:00:00+00:00,0.545156,0.781076,0.545511,0.781076,0.880512,0.147937,0.247511,0.781076,0.90107,6.0,3.0,0.0,0.093329,1.0,0.0,0.0,1.0,1.0,0.227569,0.016666,0.697955,15.5,0.597966,1.102172,-0.279934,-2.06422,-2.363051,0.743414,0.0
SOLUSD_17975_BEARISH_17954_17963,SOLUSD,1h,SHORT,2026-06-19T23:00:00+00:00,2026-06-19T02:00:00+00:00,2026-06-19T11:00:00+00:00,17954,17963,17975,69.5845,70.096,68.71,0.5115,0.735077,47,internal|bos|brk17963|form17954,internal,70.096,69.414,-1.0,0,0.0,1.039101,1,SL_HIT,2026-06-20T00:00:00+00:00,0.977582,0.893103,0.735077,0.669827,0.486804,0.675953,0.410557,0.893103,0.106072,21.0,12.0,6.0,0.235062,1.0,0.0,0.0,0.0,1.0,0.239302,0.234407,1.09459,6.0,0.550252,0.831555,1.026718,1.615323,-2.586014,0.312843,0.0
BTCUSD_17978_BULLISH_17965_17975,BTCUSD,1h,LONG,2026-06-20T02:00:00+00:00,2026-06-19T13:00:00+00:00,2026-06-19T23:00:00+00:00,17965,17975,17978,63209.75,62636.0,64193.32,573.75,0.907692,38,internal|choch|brk17975|form17965,internal,63401.0,62636.0,1.714283,1,2.028322,0.104139,13,TP_HIT,2026-06-20T15:00:00+00:00,1.208311,1.752201,0.907692,1.314151,0.883007,0.122222,0.498039,1.752201,0.501611,13.0,3.0,1.0,0.233054,0.0,1.0,0.0,1.0,0.0,0.226001,0.009162,0.689596,0.5,0.300003,0.555436,0.410769,1.127696,-1.750479,0.565144,1.0
XRPUSD_17981_BEARISH_17948_17956,XRPUSD,1h,SHORT,2026-06-20T05:00:00+00:00,2026-06-18T20:00:00+00:00,2026-06-19T04:00:00+00:00,17948,17956,17981,1.1469,1.155,1.13,0.0081,0.706252,49,internal|bos|brk17956|form17948,internal,1.155,1.1442,-1.0,0,1.567901,1.074074,10,SL_HIT,2026-06-20T15:00:00+00:00,0.940685,0.968831,0.706252,0.726623,0.638889,0.990741,0.731481,0.968831,1.10339,33.0,25.0,1.0,0.107648,1.0,0.0,0.0,0.0,1.0,0.21068,0.062795,0.970948,1.0,0.335509,1.067508,0.958495,0.994018,-2.587816,1.02701,0.0
ETHUSD_17990_BEARISH_17935_17943,ETHUSD,1h,SHORT,2026-06-20T14:00:00+00:00,2026-06-18T07:00:00+00:00,2026-06-18T15:00:00+00:00,17935,17943,17990,1737.075,1752.75,1710.2,15.675,0.902379,38,internal|bos|brk17943|form17935,internal,1752.75,1731.85,1.714514,1,2.272727,0.773525,31,TP_HIT,2026-06-21T21:00:00+00:00,1.206106,1.345563,0.902379,1.009172,0.952153,0.645933,0.665072,1.345563,3.743755,55.0,47.0,1.0,0.27201,1.0,0.0,0.0,0.0,1.0,0.368343,0.003219,0.896358,2.5,0.354878,2.456135,0.295182,1.318482,-0.943207,1.280719,0.0
ETHUSD_17993_BULLISH_17981_17990,ETHUSD,1h,LONG,2026-06-20T17:00:00+00:00,2026-06-20T05:00:00+00:00,2026-06-20T14:00:00+00:00,17981,17990,17993,1727.475,1711.5,1754.86,15.975,0.92476,37,internal|bos|brk17990|form17981,internal,1732.8,1711.5,-1.0,0,1.140845,1.629108,28,SL_HIT,2026-06-21T21:00:00+00:00,1.234031,1.372364,0.92476,1.029273,0.683099,0.600939,0.589202,1.372364,1.050213,12.0,3.0,2.0,0.091813,1.0,0.0,0.0,0.0,1.0,0.396974,0.009665,0.899201,2.5,0.365694,0.847258,0.0,1.296986,2.661631,1.748771,1.0
BTCUSD_18008_BULLISH_17993_18003,BTCUSD,1h,LONG,2026-06-21T08:00:00+00:00,2026-06-20T17:00:00+00:00,2026-06-21T03:00:00+00:00,17993,18003,18008,64021.0,63694.0,64581.57,327.0,0.51077,68,internal|bos|brk18003|form17993,internal,64021.0,63694.0,-1.0,0,1.347095,1.056575,12,SL_HIT,2026-06-21T20:00:00+00:00,0.510981,0.796283,0.51077,0.796283,0.91896,0.441896,0.561162,0.796283,0.439539,15.0,5.0,0.0,0.064531,1.0,0.0,0.0,0.0,1.0,0.418641,0.038962,0.641708,0.5,0.286769,0.815764,-0.638144,0.268712,1.785373,1.019379,1.0
SOLUSD_18011_BULLISH_18008_18009,SOLUSD,1h,LONG,2026-06-21T11:00:00+00:00,2026-06-21T08:00:00+00:00,2026-06-21T09:00:00+00:00,18008,18009,18011,73.1365,72.745,73.81,0.3915,0.5353,65,internal|bos|brk18009|form18008,internal,73.267,72.745,1.720307,1,2.0447,0.604087,2,TP_HIT,2026-06-21T13:00:00+00:00,0.713154,0.699935,0.5353,0.524951,0.863985,0.319923,0.082375,0.699935,1.179967,3.0,2.0,0.0,0.079782,1.0,0.0,0.0,0.0,1.0,0.778056,0.040226,1.018886,2.0,0.559355,1.22207,-0.054618,1.638525,7.146412,1.427988,1.0
SOLUSD_18020_BULLISH_18012_18019,SOLUSD,1h,LONG,2026-06-21T20:00:00+00:00,2026-06-21T12:00:00+00:00,2026-06-21T19:00:00+00:00,18012,18019,18020,73.49025,72.9,74.5,0.59025,0.803168,43,internal|bos|brk18019|form18012,internal,73.687,72.9,-1.0,0,0.0,1.80305,1,SL_HIT,2026-06-21T21:00:00+00:00,1.071959,1.061306,0.803168,0.795979,0.656925,0.407878,0.546379,1.061306,0.29668,8.0,1.0,0.0,0.098781,1.0,0.0,0.0,0.0,1.0,0.815118,0.338485,1.010038,1.5,0.525904,1.620952,-0.985866,0.437774,6.316704,1.06251,1.0
ETHUSD_18040_BULLISH_18027_18035,ETHUSD,1h,LONG,2026-06-22T16:00:00+00:00,2026-06-22T03:00:00+00:00,2026-06-22T11:00:00+00:00,18027,18035,18040,1736.9375,1725.5,1756.54,11.4375,0.658487,53,internal|bos|brk18035|form18027,internal,1740.75,1725.5,-1.0,0,0.901639,1.821858,6,SL_HIT,2026-06-22T22:00:00+00:00,0.876764,1.041562,0.658487,0.781172,0.908197,0.514754,0.459016,1.041562,1.297684,13.0,5.0,0.0,0.164772,1.0,0.0,0.0,0.0,1.0,0.63304,0.058054,0.841778,8.5,0.610639,0.870814,-1.564799,-0.209409,0.375105,1.83972,1.0
XRPUSD_18040_BULLISH_18027_18036,XRPUSD,1h,LONG,2026-06-22T16:00:00+00:00,2026-06-22T03:00:00+00:00,2026-06-22T12:00:00+00:00,18027,18036,18040,1.136175,1.1283,1.15,0.007875,0.693115,50,internal|choch|brk18036|form18027,internal,1.1388,1.1283,-1.0,0,1.031746,1.279365,5,SL_HIT,2026-06-22T21:00:00+00:00,0.922104,1.019966,0.693115,0.764975,0.990476,0.361905,0.561905,1.019966,0.922827,13.0,4.0,1.0,0.245278,0.0,1.0,0.0,0.0,0.0,0.365348,0.029142,0.904054,8.5,0.673905,0.825687,-0.810105,-0.576268,-0.706313,2.021868,1.0
BTCUSD_18082_BULLISH_18066_18072,BTCUSD,1h,LONG,2026-06-24T10:00:00+00:00,2026-06-23T18:00:00+00:00,2026-06-24T00:00:00+00:00,18066,18072,18082,62427.5,62081.0,63021.5,346.5,0.555044,63,internal|choch|brk18072|form18066,internal,62427.5,62081.0,1.714286,1,2.204906,0.396825,1,TP_HIT,2026-06-24T11:00:00+00:00,0.555088,0.870269,0.555044,0.870269,0.98557,0.085137,0.330447,0.870269,0.708271,16.0,10.0,0.0,0.012558,0.0,1.0,0.0,0.0,0.0,0.144107,0.016325,0.637835,0.5,0.2384,0.669341,-0.704679,0.073746,-2.689115,0.610279,1.0
BTCUSD_18109_BULLISH_2592_2597,BTCUSD,1h,LONG,2026-06-25T13:00:00+00:00,2024-09-17T00:00:00+00:00,2024-09-17T05:00:00+00:00,2592,2597,18109,58160.5,57611.5,59101.64,549.0,0.94394,37,internal|choch|brk2597|form2592,internal,58343.5,57611.5,1.714281,1,4.208561,0.0,1,TP_HIT,2026-06-25T14:00:00+00:00,1.256296,1.689438,0.94394,1.267079,0.894809,0.378415,0.797814,1.689438,0.897802,15517.0,15512.0,0.0,0.244645,0.0,1.0,0.0,0.0,0.0,0.026538,0.033466,0.743618,64.0,1.195813,5.0,-5.554115,-4.255127,-6.749728,1.456932,1.0
SOLUSD_18122_BULLISH_18115_18119,SOLUSD,1h,LONG,2026-06-26T02:00:00+00:00,2026-06-25T19:00:00+00:00,2026-06-25T23:00:00+00:00,18115,18119,18122,66.08875,65.683,66.78,0.40575,0.613947,57,internal|choch|brk18119|form18115,internal,66.224,65.683,1.703635,1,5.979667,0.361676,1,TP_HIT,2026-06-26T03:00:00+00:00,0.817171,0.681119,0.613947,0.510839,0.963031,0.595194,0.034935,0.681119,0.666011,7.0,3.0,0.0,0.1451,0.0,1.0,0.0,0.0,0.0,0.198067,0.061691,1.199748,100.0,1.695969,1.80163,-1.634375,-2.891089,-5.374192,0.673868,1.0
BTCUSD_18123_BEARISH_18117_18122,BTCUSD,1h,SHORT,2026-06-26T03:00:00+00:00,2026-06-25T21:00:00+00:00,2026-06-26T02:00:00+00:00,18117,18122,18123,59634.0,60234.0,58605.43,600.0,1.006137,34,internal|bos|brk18122|form18117,internal,60234.0,59434.0,-1.0,0,0.0,1.005,1,SL_HIT,2026-06-26T04:00:00+00:00,1.332867,1.745915,1.006137,1.309436,0.26625,0.85875,0.94375,1.745915,1.935783,6.0,1.0,0.0,0.844586,1.0,0.0,0.0,0.0,1.0,0.259338,0.026189,0.76342,100.0,1.403833,3.968683,0.333492,-1.961713,-4.594549,0.770135,0.0
ETHUSD_18126_BEARISH_18118_18122,ETHUSD,1h,SHORT,2026-06-26T06:00:00+00:00,2026-06-25T22:00:00+00:00,2026-06-26T02:00:00+00:00,18118,18122,18126,1569.95,1583.0,1547.58,13.05,0.831237,42,internal|bos|brk18122|form18118,internal,1583.0,1565.6,-1.0,0,0.007663,1.191571,1,SL_HIT,2026-06-26T07:00:00+00:00,1.108174,1.08445,0.831237,0.813338,0.738506,0.445402,0.594828,1.08445,2.246807,8.0,4.0,0.0,0.012465,1.0,0.0,0.0,0.0,1.0,0.220854,0.146463,1.021877,77.5,1.642376,1.907137,0.692596,0.047789,-5.87195,1.295237,0.0
XRPUSD_18126_BEARISH_18119_18122,XRPUSD,1h,SHORT,2026-06-26T06:00:00+00:00,2026-06-25T23:00:00+00:00,2026-06-26T02:00:00+00:00,18119,18122,18126,1.040275,1.0489,1.03,0.008625,0.829108,42,internal|bos|brk18122|form18119,internal,1.0489,1.0374,-1.0,0,0.0,1.463768,1,SL_HIT,2026-06-26T07:00:00+00:00,1.100794,1.097726,0.829108,0.823294,0.365217,0.773913,0.234783,1.097726,1.641816,7.0,4.0,0.0,0.422386,1.0,0.0,0.0,0.0,1.0,0.231165,0.114545,1.002796,59.5,1.545106,1.594089,1.31898,0.966464,-5.173822,1.167161,0.0
BTCUSD_18129_BULLISH_18121_18126,BTCUSD,1h,LONG,2026-06-26T09:00:00+00:00,2026-06-26T01:00:00+00:00,2026-06-26T06:00:00+00:00,18121,18126,18129,59627.25,59206.5,60348.54,420.75,0.705634,49,internal|choch|brk18126|form18121,internal,59767.5,59206.5,-1.0,0,0.881165,1.620321,3,SL_HIT,2026-06-26T12:00:00+00:00,0.939455,1.21954,0.705634,0.914655,0.907308,0.387701,0.390374,1.21954,0.820635,8.0,3.0,0.0,0.191844,0.0,1.0,0.0,0.0,0.0,0.218802,0.009782,0.770335,100.0,0.921328,1.483664,-0.317998,0.38243,-4.65961,1.08187,1.0
XRPUSD_18129_BULLISH_18122_18127,XRPUSD,1h,LONG,2026-06-26T09:00:00+00:00,2026-06-26T02:00:00+00:00,2026-06-26T07:00:00+00:00,18122,18127,18129,1.026925,1.0114,1.05,0.015525,1.511795,23,internal|choch|brk18127|form18122,internal,1.0321,1.0114,-1.0,0,0.797101,1.012882,4,SL_HIT,2026-06-26T13:00:00+00:00,2.006008,1.974048,1.511795,1.480536,0.990338,0.15942,0.830918,1.974048,0.534042,7.0,2.0,0.0,0.474439,0.0,1.0,0.0,1.0,0.0,0.148744,0.066755,1.01619,61.0,0.969783,1.029938,0.359852,-0.203095,-6.079913,1.136945,1.0
SOLUSD_18161_BULLISH_18155_18158,SOLUSD,1h,LONG,2026-06-27T17:00:00+00:00,2026-06-27T11:00:00+00:00,2026-06-27T14:00:00+00:00,18155,18158,18161,71.9465,71.525,72.67,0.4215,0.585852,59,internal|bos|brk18158|form18155,internal,72.087,71.525,-1.0,0,0.523132,2.376038,2,SL_HIT,2026-06-27T19:00:00+00:00,0.780165,0.691896,0.585852,0.518922,0.909253,0.33274,0.38968,0.691896,0.443208,6.0,3.0,0.0,0.110186,1.0,0.0,0.0,0.0,1.0,0.808077,0.140349,1.127576,86.0,0.425583,0.931967,-0.181523,-0.124782,8.649945,0.803899,1.0
XRPUSD_18167_BULLISH_18142_18146,XRPUSD,1h,LONG,2026-06-27T23:00:00+00:00,2026-06-26T22:00:00+00:00,2026-06-27T02:00:00+00:00,18142,18146,18167,1.045775,1.0382,1.06,0.007575,0.724343,48,internal|bos|brk18146|form18142,internal,1.0483,1.0382,-1.0,0,1.745875,1.013201,22,SL_HIT,2026-06-28T21:00:00+00:00,0.963924,0.993971,0.724343,0.745479,0.950495,0.29703,0.584158,0.993971,0.954606,25.0,21.0,1.0,0.199286,1.0,0.0,0.0,0.0,1.0,0.370722,0.108254,0.969771,28.5,0.343016,0.816828,-1.057602,-0.907887,0.354372,0.572637,1.0
XRPUSD_18175_BEARISH_18167_18174,XRPUSD,1h,SHORT,2026-06-28T07:00:00+00:00,2026-06-27T23:00:00+00:00,2026-06-28T06:00:00+00:00,18167,18174,18175,1.049375,1.0556,1.04,0.006225,0.59321,59,internal|bos|brk18174|form18167,internal,1.0556,1.0473,-1.0,0,0.0,1.546185,1,SL_HIT,2026-06-28T08:00:00+00:00,0.789649,0.830539,0.59321,0.622905,0.542169,0.493976,0.759036,0.830539,0.280182,8.0,1.0,0.0,0.172612,1.0,0.0,0.0,0.0,0.0,0.429878,0.150097,0.950766,16.0,0.389977,0.680442,0.43956,-1.775535,1.693111,1.026415,0.0
BTCUSD_18181_BULLISH_18173_18176,BTCUSD,1h,LONG,2026-06-28T13:00:00+00:00,2026-06-28T05:00:00+00:00,2026-06-28T08:00:00+00:00,18173,18176,18181,60019.625,59721.5,60530.7,298.125,0.496713,70,internal|choch|brk18176|form18173,internal,60119.0,59721.5,-1.0,0,0.722432,1.556813,3,SL_HIT,2026-06-28T16:00:00+00:00,0.661943,0.90814,0.496713,0.681105,0.827673,0.449057,0.38239,0.90814,0.346121,8.0,5.0,2.0,0.070538,0.0,1.0,0.0,0.0,1.0,0.387122,0.025131,0.7289,64.5,0.247254,0.765351,-0.489676,-0.266563,1.097671,1.083805,1.0
ETHUSD_18186_BULLISH_18174_18179,ETHUSD,1h,LONG,2026-06-28T18:00:00+00:00,2026-06-28T06:00:00+00:00,2026-06-28T11:00:00+00:00,18174,18179,18186,1569.8,1561.7,1583.69,8.1,0.515989,67,internal|choch|brk18179|form18174,internal,1569.8,1561.7,-1.0,0,0.506173,1.740741,1,SL_HIT,2026-06-28T19:00:00+00:00,0.516121,0.543908,0.515989,0.543908,0.950617,0.864198,0.17284,0.543908,0.38275,12.0,7.0,2.0,0.02686,0.0,1.0,0.0,0.0,0.0,0.39215,0.124226,0.948912,43.5,0.243647,0.402895,-0.601685,-0.308083,-0.485083,1.084348,1.0
XRPUSD_18195_BEARISH_18183_18186,XRPUSD,1h,SHORT,2026-06-29T03:00:00+00:00,2026-06-28T15:00:00+00:00,2026-06-28T18:00:00+00:00,18183,18186,18195,1.05195,1.0578,1.04,0.00585,0.55611,62,internal|bos|brk18186|form18183,internal,1.0578,1.05,2.042735,1,2.74359,0.0,2,TP_HIT,2026-06-29T05:00:00+00:00,0.742504,0.783279,0.55611,0.587459,0.935897,0.794872,0.038462,0.783279,0.291219,12.0,9.0,3.0,0.145609,1.0,0.0,0.0,0.0,1.0,0.514815,0.090378,0.947943,21.0,0.380465,0.943951,1.204239,-0.123598,-0.18054,0.663829,0.0
XRPUSD_18216_BULLISH_18197_18209,XRPUSD,1h,LONG,2026-06-30T00:00:00+00:00,2026-06-29T05:00:00+00:00,2026-06-29T17:00:00+00:00,18197,18209,18216,1.0455,1.0359,1.06,0.0096,0.918221,38,internal|choch|brk18209|form18197,internal,1.0487,1.0359,-1.0,0,0.791667,1.864583,12,SL_HIT,2026-06-30T12:00:00+00:00,1.220675,1.279415,0.918221,0.959561,0.992188,0.015625,0.351562,1.279415,1.439342,19.0,7.0,0.0,0.309858,0.0,1.0,0.0,0.0,0.0,0.57933,0.029986,0.954089,33.5,0.545363,1.019534,-2.455814,-0.076234,-0.502894,0.475507,1.0
BTCUSD_18219_BULLISH_18206_18209,BTCUSD,1h,LONG,2026-06-30T03:00:00+00:00,2026-06-29T14:00:00+00:00,2026-06-29T17:00:00+00:00,18206,18209,18219,59514.375,58993.5,60407.3,520.875,0.875209,39,internal|choch|brk18209|form18206,internal,59688.0,58993.5,-1.0,0,0.359251,2.214303,9,SL_HIT,2026-06-30T12:00:00+00:00,1.165239,1.55667,0.875209,1.167503,0.87545,0.161267,0.164147,1.55667,1.174507,13.0,10.0,1.0,0.195284,0.0,1.0,0.0,0.0,0.0,0.494104,0.007845,0.748546,63.5,0.384331,0.988469,-1.212438,-0.54565,-0.994186,0.479535,1.0
SOLUSD_18228_BULLISH_18197_18204,SOLUSD,1h,LONG,2026-06-30T12:00:00+00:00,2026-06-29T05:00:00+00:00,2026-06-29T12:00:00+00:00,18197,18204,18228,72.013375,71.0125,73.73,1.000875,1.389846,25,internal|bos|brk18204|form18197,internal,72.347,71.0125,1.715124,1,1.904958,0.098289,2,TP_HIT,2026-06-30T14:00:00+00:00,1.850979,1.615366,1.389846,1.211524,0.812664,0.207568,0.454852,1.615366,1.169188,31.0,24.0,1.0,0.101225,1.0,0.0,0.0,0.0,1.0,0.473028,0.064155,1.145857,81.0,0.675008,1.630497,-2.77789,-4.541422,0.882937,0.839369,1.0
XRPUSD_18250_BULLISH_18240_18243,XRPUSD,1h,LONG,2026-07-01T10:00:00+00:00,2026-07-01T00:00:00+00:00,2026-07-01T03:00:00+00:00,18240,18243,18250,1.0415,1.0354,1.05,0.0061,0.585694,59,internal|choch|brk18243|form18240,internal,1.0415,1.0354,-1.0,0,0.229508,1.114754,2,SL_HIT,2026-07-01T12:00:00+00:00,0.5862,0.632706,0.585694,0.632706,0.852459,0.557377,0.622951,0.632706,0.477122,10.0,7.0,3.0,0.09335,0.0,1.0,0.0,0.0,0.0,0.335135,0.114094,0.926498,0.5,0.378172,0.767544,-0.989534,-0.516252,-0.354304,0.880749,1.0
BTCUSD_18259_BEARISH_18209_18228,BTCUSD,1h,SHORT,2026-07-01T19:00:00+00:00,2026-06-29T17:00:00+00:00,2026-06-30T12:00:00+00:00,18209,18228,18259,60075.375,60673.5,59050.02,598.125,0.995624,35,internal|choch|brk18228|form18209,internal,60673.5,59876.0,-1.0,0,0.380146,1.27001,2,SL_HIT,2026-07-01T21:00:00+00:00,1.329056,1.796106,0.995624,1.347079,0.838245,0.815674,0.657053,1.796106,1.770206,50.0,31.0,5.0,0.158496,0.0,1.0,0.0,0.0,1.0,0.728367,0.009009,0.739965,58.5,0.515114,0.833303,0.797917,1.15987,-0.655618,1.145516,0.0
XRPUSD_18261_BEARISH_18211_18228,XRPUSD,1h,SHORT,2026-07-01T21:00:00+00:00,2026-06-29T19:00:00+00:00,2026-06-30T12:00:00+00:00,18211,18228,18261,1.0671,1.077,1.05,0.0099,0.927748,37,internal|choch|brk18228|form18211,internal,1.077,1.0638,1.727273,1,2.242424,0.707071,3,TP_HIT,2026-07-02T00:00:00+00:00,1.237577,1.372054,0.927748,1.029041,0.787879,0.484848,0.719697,1.372054,1.184956,50.0,33.0,4.0,0.051972,0.0,1.0,0.0,0.0,1.0,0.810909,0.041577,0.901989,1.5,0.475904,1.257716,0.850983,2.351022,-0.781395,0.830849,0.0
ETHUSD_18262_BULLISH_18257_18261,ETHUSD,1h,LONG,2026-07-01T22:00:00+00:00,2026-07-01T17:00:00+00:00,2026-07-01T21:00:00+00:00,18257,18261,18262,1619.8125,1606.05,1643.41,13.7625,0.849635,41,internal|bos|brk18261|form18257,internal,1624.4,1606.05,-1.0,0,0.039055,1.719346,2,SL_HIT,2026-07-02T00:00:00+00:00,1.131982,1.226166,0.849635,0.919624,0.817439,0.253406,0.455041,1.226166,0.945517,5.0,1.0,0.0,0.082691,1.0,0.0,0.0,0.0,1.0,0.748358,0.086867,0.923189,39.0,0.632842,1.750711,-0.070891,2.741159,0.256664,0.662837,1.0
BTCUSD_18263_BULLISH_18257_18261,BTCUSD,1h,LONG,2026-07-01T23:00:00+00:00,2026-07-01T17:00:00+00:00,2026-07-01T21:00:00+00:00,18257,18261,18263,60110.75,59768.0,60698.32,342.75,0.570198,61,internal|bos|brk18261|form18257,internal,60225.0,59768.0,-1.0,0,0.0,1.605398,1,SL_HIT,2026-07-02T00:00:00+00:00,0.761724,1.020252,0.570198,0.765189,0.497812,0.592998,0.574398,1.020252,1.561633,6.0,2.0,0.0,0.257296,1.0,0.0,0.0,0.0,0.0,0.627057,0.030139,0.746603,69.5,0.605483,1.114017,-0.25437,1.763179,-0.770738,0.616768,1.0
BTCUSD_18265_BEARISH_18261_18264,BTCUSD,1h,SHORT,2026-07-02T01:00:00+00:00,2026-07-01T21:00:00+00:00,2026-07-02T00:00:00+00:00,18261,18264,18265,60282.625,60835.0,59335.7,552.375,0.916309,38,internal|choch|brk18264|form18261,internal,60835.0,60098.5,-1.0,0,0.520706,1.494229,2,SL_HIT,2026-07-02T03:00:00+00:00,1.224307,1.641366,0.916309,1.231024,0.921249,0.274949,0.949762,1.641366,0.596151,4.0,1.0,0.0,0.281082,0.0,1.0,0.0,0.0,1.0,0.672339,0.025629,0.745907,73.0,0.626022,1.352762,0.084018,2.589618,-0.122861,0.684023,0.0
ETHUSD_18265_BEARISH_18262_18264,ETHUSD,1h,SHORT,2026-07-02T01:00:00+00:00,2026-07-01T22:00:00+00:00,2026-07-02T00:00:00+00:00,18262,18264,18265,1626.3,1645.95,1592.61,19.65,1.208264,28,internal|choch|brk18264|form18262,internal,1645.95,1619.75,-1.0,0,0.631043,1.264631,8,SL_HIT,2026-07-02T09:00:00+00:00,1.617384,1.748154,1.208264,1.311115,0.994275,0.185115,0.372137,1.748154,0.417021,3.0,1.0,0.0,0.42703,0.0,1.0,0.0,0.0,0.0,0.736736,0.07006,0.925195,42.0,0.687056,1.521294,0.173149,2.997934,0.483841,0.631757,0.0
ETHUSD_18274_BEARISH_18102_18109,ETHUSD,1h,SHORT,2026-07-02T10:00:00+00:00,2026-06-25T06:00:00+00:00,2026-06-25T13:00:00+00:00,18102,18109,18274,1647.5875,1660.0,1626.31,12.4125,0.753374,46,internal|choch|brk18109|form18102,internal,1660.0,1643.45,-1.0,0,0.333333,1.73716,2,SL_HIT,2026-07-02T12:00:00+00:00,1.005834,1.108683,0.753374,0.831512,0.882175,0.465257,0.501511,1.108683,6.50807,172.0,165.0,2.0,0.14654,0.0,1.0,0.0,0.0,0.0,0.944791,0.036844,0.907234,27.5,0.640206,0.552667,1.196224,1.728029,3.918906,0.983817,0.0
SOLUSD_18290_BULLISH_18286_18289,SOLUSD,1h,LONG,2026-07-03T02:00:00+00:00,2026-07-02T22:00:00+00:00,2026-07-03T01:00:00+00:00,18286,18289,18290,80.891,80.409,81.72,0.482,0.595864,58,internal|bos|brk18289|form18286,internal,80.891,80.409,-1.0,0,0.172199,1.1639,1,SL_HIT,2026-07-03T03:00:00+00:00,0.596468,0.563737,0.595864,0.563737,0.829876,0.458506,0.290456,0.563737,0.840928,4.0,1.0,0.0,0.095906,1.0,0.0,0.0,1.0,1.0,0.841208,0.107601,1.05806,93.0,0.941184,1.182445,0.074304,-1.980786,9.709871,0.388624,1.0
XRPUSD_18317_BULLISH_18309_18316,XRPUSD,1h,LONG,2026-07-04T05:00:00+00:00,2026-07-03T21:00:00+00:00,2026-07-04T04:00:00+00:00,18309,18316,18317,1.13805,1.1274,1.16,0.01065,0.935811,37,internal|bos|brk18316|form18309,internal,1.1416,1.1274,2.061033,1,2.15493,0.455399,8,TP_HIT,2026-07-04T13:00:00+00:00,1.246598,1.475297,0.935811,1.106472,0.823944,0.288732,0.492958,1.475297,0.986994,8.0,1.0,0.0,0.109089,1.0,0.0,0.0,0.0,1.0,0.914844,0.010389,0.844981,19.5,0.496349,1.070109,-0.218991,2.409422,6.627352,0.86907,1.0
SOLUSD_18320_BULLISH_18313_18316,SOLUSD,1h,LONG,2026-07-04T08:00:00+00:00,2026-07-04T01:00:00+00:00,2026-07-04T04:00:00+00:00,18313,18316,18320,82.2215,81.8,82.94,0.4215,0.51264,68,internal|bos|brk18316|form18313,internal,82.362,81.8,-1.0,0,0.262159,1.481613,1,SL_HIT,2026-07-04T09:00:00+00:00,0.682768,0.675406,0.51264,0.506555,0.911032,0.217082,0.713523,0.675406,0.887282,7.0,4.0,1.0,0.108762,1.0,0.0,0.0,0.0,1.0,0.861035,0.00697,1.0109,46.0,0.450184,0.65137,-0.495636,0.673915,5.665028,1.546082,1.0
XRPUSD_18338_BULLISH_18319_18325,XRPUSD,1h,LONG,2026-07-05T02:00:00+00:00,2026-07-04T07:00:00+00:00,2026-07-04T13:00:00+00:00,18319,18325,18338,1.1407,1.1332,1.15,0.0075,0.657491,53,internal|bos|brk18325|form18319,internal,1.1432,1.1332,-1.0,0,0.24,1.866667,7,SL_HIT,2026-07-05T09:00:00+00:00,0.878889,1.023717,0.657491,0.767788,0.46,0.92,0.16,1.023717,0.552807,19.0,13.0,1.0,0.296878,1.0,0.0,0.0,0.0,1.0,0.713494,0.030712,0.858527,50.0,0.585552,1.197749,-2.510496,-0.201737,4.934059,0.605274,1.0
SOLUSD_18360_BEARISH_18329_18336,SOLUSD,1h,SHORT,2026-07-06T00:00:00+00:00,2026-07-04T17:00:00+00:00,2026-07-05T00:00:00+00:00,18329,18336,18360,82.1155,82.822,80.9,0.7065,0.860373,40,internal|bos|brk18336|form18329,internal,82.822,81.88,1.720453,1,1.806794,0.320594,2,TP_HIT,2026-07-06T02:00:00+00:00,1.145818,1.19871,0.860373,0.899032,0.647558,0.596603,0.329087,1.19871,0.610808,31.0,24.0,3.0,0.122798,1.0,0.0,0.0,0.0,1.0,0.748941,0.012725,0.955876,3.0,0.395285,1.453213,1.432431,2.894905,-0.16879,0.771665,0.0
SOLUSD_18362_BULLISH_18355_18357,SOLUSD,1h,LONG,2026-07-06T02:00:00+00:00,2026-07-05T19:00:00+00:00,2026-07-05T21:00:00+00:00,18355,18357,18362,81.131,80.819,81.67,0.312,0.384563,91,internal|choch|brk18357|form18355,internal,81.131,80.819,-1.0,0,0.0,2.161859,1,SL_HIT,2026-07-06T03:00:00+00:00,0.385038,0.396657,0.384563,0.396657,0.679487,0.935897,0.099359,0.396657,0.91409,7.0,5.0,1.0,0.127134,0.0,1.0,0.0,0.0,0.0,0.58218,0.039411,0.970708,4.5,0.463926,1.085721,-0.940098,0.572173,-1.650666,0.837009,1.0
XRPUSD_18366_BULLISH_18353_18357,XRPUSD,1h,LONG,2026-07-06T06:00:00+00:00,2026-07-05T17:00:00+00:00,2026-07-05T21:00:00+00:00,18353,18357,18366,1.137625,1.1323,1.15,0.005325,0.46808,74,internal|choch|brk18357|form18353,internal,1.1394,1.1323,2.323944,1,2.661972,0.230047,2,TP_HIT,2026-07-06T08:00:00+00:00,0.623737,0.747759,0.46808,0.560819,0.84507,0.394366,0.112676,0.747759,0.800418,13.0,9.0,1.0,0.07109,0.0,1.0,0.0,0.0,0.0,0.641745,0.073723,0.834142,2.5,0.351487,0.537122,-1.266372,0.123142,-0.862219,0.804258,1.0
ETHUSD_18368_BULLISH_18345_18351,ETHUSD,1h,LONG,2026-07-06T08:00:00+00:00,2026-07-05T09:00:00+00:00,2026-07-05T15:00:00+00:00,18345,18351,18368,1762.3875,1748.4,1786.37,13.9875,0.793668,44,internal|bos|brk18351|form18345,internal,1767.05,1748.4,-1.0,0,0.890974,2.004468,4,SL_HIT,2026-07-06T12:00:00+00:00,1.056627,1.319632,0.793668,0.989724,0.892761,0.260054,0.506702,1.319632,0.162743,23.0,17.0,2.0,0.188393,1.0,0.0,0.0,0.0,1.0,0.779928,0.102599,0.800698,2.0,0.265344,1.103821,-0.784148,-0.761835,0.62712,0.878011,1.0
BTCUSD_18369_BULLISH_18353_18357,BTCUSD,1h,LONG,2026-07-06T09:00:00+00:00,2026-07-05T17:00:00+00:00,2026-07-05T21:00:00+00:00,18353,18357,18369,62803.0,62575.0,63193.86,228.0,0.36304,96,internal|bos|brk18357|form18353,internal,62803.0,62575.0,-1.0,0,0.953947,1.45614,2,SL_HIT,2026-07-06T11:00:00+00:00,0.363906,0.578566,0.36304,0.578566,0.344298,0.820175,0.041667,0.578566,0.93002,16.0,12.0,0.0,0.379367,1.0,0.0,0.0,0.0,1.0,0.657362,0.013957,0.628979,1.0,0.324567,0.721939,-0.940734,-0.222953,0.15586,1.109483,1.0
BTCUSD_18371_BULLISH_18318_18329,BTCUSD,1h,LONG,2026-07-06T11:00:00+00:00,2026-07-04T06:00:00+00:00,2026-07-04T17:00:00+00:00,18318,18329,18371,62545.5,62314.0,62942.36,231.5,0.370131,94,internal|bos|brk18329|form18318,internal,62545.5,62314.0,-1.0,0,0.0,3.829374,1,SL_HIT,2026-07-06T12:00:00+00:00,0.370545,0.586704,0.370131,0.586704,0.697624,0.555076,0.11879,0.586704,0.885758,53.0,42.0,3.0,0.177405,1.0,0.0,0.0,0.0,1.0,0.608471,0.006336,0.631571,2.5,0.347666,1.305194,-0.784507,-0.376327,0.005603,1.335216,1.0
ETHUSD_18375_BEARISH_18358_18372,ETHUSD,1h,SHORT,2026-07-06T15:00:00+00:00,2026-07-05T22:00:00+00:00,2026-07-06T12:00:00+00:00,18358,18372,18375,1789.4375,1807.7,1758.13,18.2625,1.020572,34,internal|choch|brk18372|form18358,internal,1807.7,1783.35,-1.0,0,0.418207,2.38809,6,SL_HIT,2026-07-06T21:00:00+00:00,1.362276,1.691368,1.020572,1.268526,0.831622,0.205339,0.125257,1.691368,1.288496,17.0,3.0,0.0,0.138053,0.0,1.0,0.0,0.0,0.0,0.874028,0.062515,0.805428,16.5,0.625327,2.611722,0.974466,-0.292854,1.372466,2.391133,0.0
BTCUSD_18376_BEARISH_18359_18371,BTCUSD,1h,SHORT,2026-07-06T16:00:00+00:00,2026-07-05T23:00:00+00:00,2026-07-06T11:00:00+00:00,18359,18371,18376,63659.25,63991.5,63089.68,332.25,0.521919,67,internal|choch|brk18371|form18359,internal,63991.5,63548.5,-1.0,0,0.367946,3.124906,5,SL_HIT,2026-07-06T21:00:00+00:00,0.695262,1.091635,0.521919,0.818727,0.619639,0.689616,0.223476,1.091635,0.808254,17.0,5.0,0.0,0.142307,0.0,1.0,0.0,0.0,0.0,0.904389,0.056676,0.636899,17.5,0.69661,1.208684,1.987179,0.261208,1.65849,2.811219,0.0
SOLUSD_18377_BEARISH_18358_18365,SOLUSD,1h,SHORT,2026-07-06T17:00:00+00:00,2026-07-05T22:00:00+00:00,2026-07-06T05:00:00+00:00,18358,18365,18377,81.84725,82.442,80.83,0.59475,0.726659,48,internal|choch|brk18365|form18358,internal,82.442,81.649,-1.0,0,0.914586,3.236234,4,SL_HIT,2026-07-06T21:00:00+00:00,0.971207,1.005028,0.726659,0.753771,0.997478,0.964691,0.037831,1.005028,0.486038,19.0,12.0,1.0,0.248722,0.0,1.0,0.0,0.0,1.0,0.509232,0.0,0.966348,11.5,0.663037,0.940392,2.771589,0.765139,-0.70533,1.762777,0.0
XRPUSD_18399_BEARISH_18391_18397,XRPUSD,1h,SHORT,2026-07-07T15:00:00+00:00,2026-07-07T07:00:00+00:00,2026-07-07T13:00:00+00:00,18391,18397,18399,1.128875,1.1354,1.12,0.006525,0.578009,60,internal|bos|brk18397|form18391,internal,1.1354,1.1267,-1.0,0,0.578544,1.030651,1,SL_HIT,2026-07-07T16:00:00+00:00,0.769707,0.905105,0.578009,0.678829,0.586207,0.735632,0.666667,0.905105,0.603403,8.0,2.0,0.0,0.14825,1.0,0.0,0.0,0.0,1.0,0.329193,0.062421,0.850406,33.0,0.438229,1.290035,0.560498,-1.593244,-0.475478,1.504065,0.0
BTCUSD_18422_BULLISH_18373_18381,BTCUSD,1h,LONG,2026-07-08T14:00:00+00:00,2026-07-06T13:00:00+00:00,2026-07-06T21:00:00+00:00,18373,18381,18422,61848.0,61303.5,62781.43,544.5,0.880384,39,internal|choch|brk18381|form18373,internal,62029.5,61303.5,1.714288,1,2.048669,0.589532,16,TP_HIT,2026-07-09T06:00:00+00:00,1.173381,1.757266,0.880384,1.31795,0.783747,0.562672,0.024105,1.757266,1.642294,49.0,41.0,6.0,0.059302,0.0,1.0,0.0,0.0,1.0,0.167649,0.007261,0.667731,43.5,0.421882,1.130363,-0.265968,-2.306065,0.213798,1.197218,1.0
SOLUSD_18433_BULLISH_18426_18431,SOLUSD,1h,LONG,2026-07-09T01:00:00+00:00,2026-07-08T18:00:00+00:00,2026-07-08T23:00:00+00:00,18426,18431,18433,77.2145,76.808,77.91,0.4065,0.526456,66,internal|choch|brk18431|form18426,internal,77.35,76.808,-1.0,0,1.536285,1.265683,2,SL_HIT,2026-07-09T03:00:00+00:00,0.700729,0.703208,0.526456,0.527406,0.99631,0.132841,0.0369,0.703208,0.42945,7.0,2.0,0.0,0.173207,0.0,1.0,0.0,1.0,0.0,0.141635,0.107168,0.996474,2.0,0.447397,1.974692,0.181328,0.02457,-5.604101,0.546787,1.0
ETHUSD_18435_BEARISH_18433_18434,ETHUSD,1h,SHORT,2026-07-09T03:00:00+00:00,2026-07-09T01:00:00+00:00,2026-07-09T02:00:00+00:00,18433,18434,18435,1735.7875,1755.25,1702.42,19.4625,1.121249,31,internal|bos|brk18434|form18433,internal,1755.25,1729.3,-1.0,0,0.328195,1.331407,4,SL_HIT,2026-07-09T07:00:00+00:00,1.5,1.781639,1.121249,1.336229,0.973025,0.175337,0.248555,1.781639,0.319253,2.0,1.0,0.0,0.39735,1.0,0.0,0.0,1.0,1.0,0.145522,0.061791,0.841921,34.0,0.418307,0.899402,-0.608985,-0.445979,-3.454434,0.686097,0.0
ETHUSD_18437_BEARISH_18411_18416,ETHUSD,1h,SHORT,2026-07-09T05:00:00+00:00,2026-07-08T03:00:00+00:00,2026-07-08T08:00:00+00:00,18411,18416,18437,1751.9,1763.0,1732.87,11.1,0.633598,55,internal|bos|brk18416|form18411,internal,1763.0,1748.2,1.714414,1,1.734234,0.882883,9,TP_HIT,2026-07-09T14:00:00+00:00,0.846367,1.01721,0.633598,0.762907,0.969595,0.476351,0.415541,1.01721,1.439902,26.0,21.0,3.0,0.223374,1.0,0.0,0.0,0.0,1.0,0.300166,0.017183,0.832048,32.0,0.371936,0.841947,0.647519,1.13942,-1.242482,0.924933,0.0
XRPUSD_18447_BULLISH_18434_18437,XRPUSD,1h,LONG,2026-07-09T15:00:00+00:00,2026-07-09T02:00:00+00:00,2026-07-09T05:00:00+00:00,18434,18437,18447,1.088475,1.0824,1.1,0.006075,0.55812,62,internal|choch|brk18437|form18434,internal,1.0905,1.0824,1.897119,1,2.028807,0.308642,3,TP_HIT,2026-07-09T18:00:00+00:00,0.743051,0.863553,0.55812,0.647665,0.950617,0.160494,0.08642,0.863553,0.55438,13.0,10.0,2.0,0.173244,0.0,1.0,0.0,0.0,0.0,0.204,0.031983,0.860458,0.5,0.304616,0.852892,-0.237943,0.183807,-2.747792,1.413734,1.0
ETHUSD_18472_BEARISH_18400_18409,ETHUSD,1h,SHORT,2026-07-10T16:00:00+00:00,2026-07-07T16:00:00+00:00,2026-07-08T01:00:00+00:00,18400,18409,18472,1796.875,1812.25,1770.52,15.375,0.855652,40,internal|choch|brk18409|form18400,internal,1812.25,1791.75,-1.0,0,1.045528,1.318699,22,SL_HIT,2026-07-11T14:00:00+00:00,1.141012,1.441481,0.855652,1.081111,0.760976,0.914634,0.226829,1.441481,1.71923,72.0,63.0,7.0,0.015821,0.0,1.0,0.0,1.0,0.0,0.698176,0.196885,0.791556,16.0,0.480101,0.977395,-0.233223,1.680863,3.915671,1.80656,0.0
XRPUSD_18484_BULLISH_18475_18483,XRPUSD,1h,LONG,2026-07-11T04:00:00+00:00,2026-07-10T19:00:00+00:00,2026-07-11T03:00:00+00:00,18475,18483,18484,1.104975,1.0986,1.12,0.006375,0.576936,60,internal|bos|brk18483|form18475,internal,1.1071,1.0986,-1.0,0,2.294118,1.313725,19,SL_HIT,2026-07-11T23:00:00+00:00,0.769509,0.963141,0.576936,0.722356,0.705882,0.352941,0.647059,0.963141,0.169966,9.0,1.0,0.0,0.042492,1.0,0.0,0.0,0.0,1.0,0.445722,0.033993,0.798958,0.5,0.306748,0.453243,-0.009052,-0.531292,1.881572,0.414547,1.0
SOLUSD_18496_BULLISH_18481_18494,SOLUSD,1h,LONG,2026-07-11T16:00:00+00:00,2026-07-11T01:00:00+00:00,2026-07-11T14:00:00+00:00,18481,18494,18496,77.90975,77.456,78.69,0.45375,0.582405,60,internal|choch|brk18494|form18481,internal,78.061,77.456,-1.0,0,0.906336,2.516253,7,SL_HIT,2026-07-11T23:00:00+00:00,0.776258,0.861671,0.582405,0.646253,0.796694,0.649587,0.512397,0.861671,0.427275,15.0,2.0,1.0,0.040235,0.0,1.0,0.0,0.0,1.0,0.25369,0.099697,0.900875,2.0,0.274057,1.056793,-0.180586,0.528841,0.08861,1.406405,1.0
ETHUSD_18503_BULLISH_18474_18495,ETHUSD,1h,LONG,2026-07-11T23:00:00+00:00,2026-07-10T18:00:00+00:00,2026-07-11T15:00:00+00:00,18474,18495,18503,1790.025,1780.8,1805.84,9.225,0.515356,67,internal|bos|brk18495|form18474,internal,1793.1,1780.8,-1.0,0,0.00813,1.243902,1,SL_HIT,2026-07-12T00:00:00+00:00,0.688439,0.911948,0.515356,0.683961,0.47561,0.601626,0.264228,0.911948,0.315104,29.0,8.0,0.0,0.25023,1.0,0.0,0.0,0.0,1.0,0.633917,0.022243,0.754911,2.5,0.393883,2.172363,-2.122822,-0.785762,2.240343,0.879182,1.0
BTCUSD_18538_BULLISH_18444_18452,BTCUSD,1h,LONG,2026-07-13T10:00:00+00:00,2026-07-09T12:00:00+00:00,2026-07-09T20:00:00+00:00,18444,18452,18538,62812.875,62434.5,63461.52,378.375,0.602384,58,internal|bos|brk18452|form18444,internal,62939.0,62434.5,-1.0,0,0.819623,1.759828,3,SL_HIT,2026-07-13T13:00:00+00:00,0.802698,1.404142,0.602384,1.053106,0.824579,0.939544,0.341923,1.404142,0.143337,94.0,86.0,8.0,0.104719,1.0,0.0,0.0,1.0,0.0,0.184725,0.002783,0.571665,3.0,0.3586,0.828012,0.126651,-2.11346,-2.172881,0.9022,1.0
BTCUSD_18550_BULLISH_18434_18436,BTCUSD,1h,LONG,2026-07-13T22:00:00+00:00,2026-07-09T02:00:00+00:00,2026-07-09T04:00:00+00:00,18434,18436,18550,61997.25,61672.5,62553.96,324.75,0.523814,66,internal|choch|brk18436|form18434,internal,62105.5,61672.5,1.714273,1,1.997691,0.421093,2,TP_HIT,2026-07-14T00:00:00+00:00,0.699464,1.197082,0.523814,0.897812,0.535797,0.677829,0.296767,1.197082,1.318726,116.0,114.0,6.0,0.256419,0.0,1.0,0.0,1.0,0.0,0.03218,0.005529,0.584308,9.5,0.3911,0.877768,0.033126,-1.674119,-3.819741,0.606018,1.0
SOLUSD_18551_BULLISH_18246_18253,SOLUSD,1h,LONG,2026-07-13T23:00:00+00:00,2026-07-01T06:00:00+00:00,2026-07-01T13:00:00+00:00,18246,18253,18551,74.95425,73.95,76.68,1.00425,1.339817,26,internal|bos|brk18253|form18246,internal,75.289,73.95,1.718447,1,2.02813,0.405527,13,TP_HIT,2026-07-14T12:00:00+00:00,1.785333,2.003853,1.339817,1.50289,0.784167,0.887976,0.70127,2.003853,2.156499,305.0,298.0,8.0,0.068466,1.0,0.0,0.0,1.0,0.0,0.161871,0.002993,0.89095,1.0,0.514158,0.872477,0.204417,-2.253385,-4.115368,0.518456,1.0
ETHUSD_18552_BEARISH_18536_18540,ETHUSD,1h,SHORT,2026-07-14T00:00:00+00:00,2026-07-13T08:00:00+00:00,2026-07-13T12:00:00+00:00,18536,18540,18552,1782.8,1792.6,1766.0,9.8,0.549697,63,internal|bos|brk18540|form18536,internal,1792.6,1782.8,-1.0,0,0.056122,1.158163,1,SL_HIT,2026-07-14T01:00:00+00:00,0.549004,0.734487,0.549697,0.734487,0.770408,0.52551,0.255102,0.734487,0.640803,16.0,12.0,1.0,0.168632,1.0,0.0,0.0,0.0,1.0,0.445212,0.018737,0.747466,20.0,0.488787,1.154194,0.625722,0.016809,-1.530781,0.526038,0.0
ETHUSD_18571_BEARISH_17578_17587,ETHUSD,1h,SHORT,2026-07-14T19:00:00+00:00,2026-06-03T10:00:00+00:00,2026-06-03T19:00:00+00:00,17578,17587,18571,1878.7,1892.35,1855.3,13.65,0.726566,48,internal|bos|brk17587|form17578,internal,1892.35,1874.15,-1.0,0,0.56044,1.322344,3,SL_HIT,2026-07-14T22:00:00+00:00,0.970227,1.345244,0.726566,1.008933,0.906593,0.741758,0.461538,1.345244,2.161999,993.0,984.0,5.0,0.210656,1.0,0.0,0.0,1.0,0.0,0.914306,0.114567,0.721227,35.5,0.800243,0.554359,-0.234011,5.089636,3.216133,1.002439,0.0
BTCUSD_18577_BULLISH_18569_18575,BTCUSD,1h,LONG,2026-07-15T01:00:00+00:00,2026-07-14T17:00:00+00:00,2026-07-14T23:00:00+00:00,18569,18575,18577,64603.875,64284.0,65152.23,319.875,0.495133,70,internal|bos|brk18575|form18569,internal,64710.5,64284.0,1.714279,1,2.073075,0.426338,5,TP_HIT,2026-07-15T06:00:00+00:00,0.659711,1.177568,0.495133,0.883176,0.856975,0.201641,0.250879,1.177568,0.4956,8.0,2.0,0.0,0.125971,1.0,0.0,0.0,1.0,1.0,0.861676,0.005522,0.560232,19.5,0.468215,0.586713,0.161127,2.988522,1.402232,0.462186,1.0
ETHUSD_18577_BULLISH_18569_18575,ETHUSD,1h,LONG,2026-07-15T01:00:00+00:00,2026-07-14T17:00:00+00:00,2026-07-14T23:00:00+00:00,18569,18575,18577,1869.85,1860.1,1886.56,9.75,0.521432,67,internal|bos|brk18575|form18569,internal,1873.1,1860.1,1.713846,1,2.205128,0.671795,5,TP_HIT,2026-07-15T06:00:00+00:00,0.695447,0.960924,0.521432,0.720693,0.707692,0.526923,0.165385,0.960924,0.713301,8.0,2.0,0.0,0.040654,1.0,0.0,0.0,0.0,1.0,0.813011,0.081309,0.723728,38.0,0.836938,1.097671,-0.282727,3.870197,3.510715,0.479185,1.0
SOLUSD_18583_BULLISH_18578_18580,SOLUSD,1h,LONG,2026-07-15T07:00:00+00:00,2026-07-15T02:00:00+00:00,2026-07-15T04:00:00+00:00,18578,18580,18583,77.44625,77.018,78.18,0.42825,0.552964,63,internal|bos|brk18580|form18578,internal,77.589,77.018,1.713368,1,2.04028,0.556334,5,TP_HIT,2026-07-15T12:00:00+00:00,0.73764,0.87094,0.552964,0.653205,0.684764,0.325744,0.123643,0.87094,0.350816,5.0,3.0,0.0,0.056817,1.0,0.0,0.0,1.0,1.0,0.696632,0.071689,0.846947,3.5,0.528696,0.924325,0.131423,0.156557,1.335271,1.251468,1.0
BTCUSD_18593_BEARISH_18038_18052,BTCUSD,1h,SHORT,2026-07-15T17:00:00+00:00,2026-06-22T14:00:00+00:00,2026-06-23T04:00:00+00:00,18038,18052,18593,65008.25,65603.0,63988.68,594.75,0.914884,38,internal|choch|brk18052|form18038,internal,65603.0,64810.0,1.714283,1,1.949138,0.187894,15,TP_HIT,2026-07-16T08:00:00+00:00,1.219428,2.182695,0.914884,1.637021,0.721942,0.971627,0.762926,2.182695,1.220713,555.0,541.0,19.0,0.061242,0.0,1.0,0.0,1.0,0.0,0.854053,0.006881,0.55868,34.0,0.305955,0.579391,-0.169632,0.855317,3.878439,1.574651,0.0
BTCUSD_18594_BULLISH_18583_18588,BTCUSD,1h,LONG,2026-07-15T18:00:00+00:00,2026-07-15T07:00:00+00:00,2026-07-15T12:00:00+00:00,18583,18588,18594,64756.875,64458.0,65269.23,298.875,0.461534,75,internal|bos|brk18588|form18583,internal,64856.5,64458.0,-1.0,0,0.937265,1.306148,7,SL_HIT,2026-07-16T01:00:00+00:00,0.614552,1.097847,0.461534,0.823385,0.968632,0.247177,0.641154,1.097847,1.176363,11.0,6.0,1.0,0.240025,1.0,0.0,0.0,0.0,1.0,0.804564,0.063364,0.559779,32.5,0.307278,0.819597,-0.389416,0.118115,4.14281,1.205189,1.0
XRPUSD_18607_BULLISH_18583_18588,XRPUSD,1h,LONG,2026-07-16T07:00:00+00:00,2026-07-15T07:00:00+00:00,2026-07-15T12:00:00+00:00,18583,18588,18607,1.1083,1.1018,1.12,0.0065,0.586484,59,internal|bos|brk18588|form18583,internal,1.1083,1.1018,-1.0,0,0.307692,1.292308,1,SL_HIT,2026-07-16T08:00:00+00:00,0.587597,0.819917,0.586484,0.819917,0.676923,0.692308,0.507692,0.819917,1.62722,24.0,19.0,2.0,0.264896,1.0,0.0,0.0,0.0,1.0,0.686528,0.050456,0.716654,3.0,0.457176,1.488465,-0.958009,-0.709093,3.238451,0.84706,1.0
ETHUSD_18612_BULLISH_18583_18588,ETHUSD,1h,LONG,2026-07-16T12:00:00+00:00,2026-07-15T07:00:00+00:00,2026-07-15T12:00:00+00:00,18583,18588,18612,1873.1,1863.35,1889.81,9.75,0.520527,67,internal|bos|brk18588|form18583,internal,1876.35,1863.35,1.713846,1,1.979487,0.307692,2,TP_HIT,2026-07-16T14:00:00+00:00,0.694556,0.948723,0.520527,0.711542,0.642308,0.757692,0.438462,0.948723,3.149031,29.0,24.0,1.0,0.10217,1.0,0.0,0.0,0.0,1.0,0.62054,0.047436,0.732095,58.5,0.392262,1.299021,-2.00267,-2.584121,4.003556,1.19716,1.0
BTCUSD_18615_BEARISH_18605_18607,BTCUSD,1h,SHORT,2026-07-16T15:00:00+00:00,2026-07-16T05:00:00+00:00,2026-07-16T07:00:00+00:00,18605,18607,18615,64680.625,64981.0,64165.7,300.375,0.464397,75,internal|choch|brk18607|form18605,internal,64981.0,64580.5,1.714274,1,2.385768,0.046192,2,TP_HIT,2026-07-16T17:00:00+00:00,0.619178,1.112183,0.464397,0.834137,0.745318,0.751561,0.719101,1.112183,1.528731,10.0,8.0,1.0,0.005207,0.0,1.0,0.0,0.0,0.0,0.761709,0.011108,0.556723,19.0,0.316007,1.637034,0.763329,0.188194,1.368135,1.720213,0.0
XRPUSD_18615_BEARISH_18606_18609,XRPUSD,1h,SHORT,2026-07-16T15:00:00+00:00,2026-07-16T06:00:00+00:00,2026-07-16T09:00:00+00:00,18606,18609,18615,1.113675,1.1187,1.11,0.005025,0.451209,77,internal|choch|brk18609|form18606,internal,1.1187,1.112,0.731343,1,1.208955,0.343284,1,TP_HIT,2026-07-16T16:00:00+00:00,0.600951,0.84403,0.451209,0.633023,0.567164,0.985075,0.343284,0.84403,0.289742,9.0,6.0,2.0,0.154319,0.0,1.0,0.0,0.0,0.0,0.799223,0.10078,0.712001,8.0,0.357126,1.562086,0.577357,0.396218,1.400637,1.553605,0.0
XRPUSD_18659_BEARISH_18656_18657,XRPUSD,1h,SHORT,2026-07-18T11:00:00+00:00,2026-07-18T08:00:00+00:00,2026-07-18T09:00:00+00:00,18656,18657,18659,1.0876,1.0919,1.08,0.0043,0.395366,88,internal|choch|brk18657|form18656,internal,1.0919,1.0876,-1.0,0,0.906977,1.627907,6,SL_HIT,2026-07-18T17:00:00+00:00,0.394966,0.571292,0.395366,0.571292,0.744186,0.488372,0.023256,0.571292,0.372004,3.0,2.0,1.0,0.146145,0.0,1.0,0.0,1.0,1.0,0.337043,0.013286,0.691356,0.5,0.167331,0.411862,-0.055081,-0.027548,-1.475113,0.702549,0.0
SOLUSD_18664_BEARISH_18650_18661,SOLUSD,1h,SHORT,2026-07-18T16:00:00+00:00,2026-07-18T02:00:00+00:00,2026-07-18T13:00:00+00:00,18650,18661,18664,75.137,75.438,74.62,0.301,0.400602,87,internal|bos|brk18661|form18650,internal,75.438,75.137,-1.0,0,0.265781,1.664452,2,SL_HIT,2026-07-18T18:00:00+00:00,0.400431,0.501604,0.400602,0.501604,0.893688,0.51495,0.135216,0.501604,0.419948,14.0,3.0,0.0,0.053327,1.0,0.0,0.0,0.0,1.0,0.317765,0.284965,0.798301,0.5,0.174964,0.741575,0.292195,-0.065144,-1.719314,1.10481,0.0
BTCUSD_18665_BEARISH_18615_18623,BTCUSD,1h,SHORT,2026-07-18T17:00:00+00:00,2026-07-16T15:00:00+00:00,2026-07-16T23:00:00+00:00,18615,18623,18665,64439.375,64881.5,63681.45,442.125,0.68611,51,internal|bos|brk18623|form18615,internal,64881.5,64292.0,-1.0,0,0.012157,1.003393,7,SL_HIT,2026-07-19T00:00:00+00:00,0.91457,1.754891,0.68611,1.316168,0.72095,0.30704,0.280746,1.754891,0.392953,50.0,42.0,2.0,0.05098,1.0,0.0,0.0,0.0,1.0,0.633638,0.004465,0.521155,0.5,0.119942,0.643014,0.419867,0.81173,-0.349399,0.960114,0.0
ETHUSD_18675_BULLISH_18666_18674,ETHUSD,1h,LONG,2026-07-19T03:00:00+00:00,2026-07-18T18:00:00+00:00,2026-07-19T02:00:00+00:00,18666,18674,18675,1862.4125,1848.95,1885.49,13.4625,0.722853,48,internal|bos|brk18674|form18666,internal,1866.9,1848.95,1.714206,1,2.142061,0.862581,21,TP_HIT,2026-07-20T00:00:00+00:00,0.961745,1.402568,0.722853,1.051926,0.972145,0.21727,0.275766,1.402568,0.976718,9.0,1.0,0.0,0.311573,1.0,0.0,0.0,1.0,1.0,0.445024,0.039069,0.685703,1.0,0.206034,0.726678,0.201326,1.209262,0.861952,0.991339,1.0
ETHUSD_18679_BEARISH_18622_18625,ETHUSD,1h,SHORT,2026-07-19T07:00:00+00:00,2026-07-16T22:00:00+00:00,2026-07-17T01:00:00+00:00,18622,18625,18679,1870.95,1881.15,1853.46,10.2,0.545178,64,internal|bos|brk18625|form18622,internal,1881.15,1867.55,1.714706,1,1.97549,0.754902,11,TP_HIT,2026-07-19T18:00:00+00:00,0.727506,1.075622,0.545178,0.806716,0.863971,0.694853,0.716912,1.075622,1.146802,57.0,54.0,5.0,0.122589,1.0,0.0,0.0,1.0,0.0,0.465901,0.07909,0.676359,0.5,0.198686,0.419176,-0.077505,1.306021,2.534006,0.914409,0.0
SOLUSD_18679_BEARISH_18615_18617,SOLUSD,1h,SHORT,2026-07-19T07:00:00+00:00,2026-07-16T15:00:00+00:00,2026-07-16T17:00:00+00:00,18615,18617,18679,76.21,76.882,75.06,0.672,0.881774,39,internal|bos|brk18617|form18615,internal,76.882,75.986,-1.0,0,1.272321,1.36756,17,SL_HIT,2026-07-20T00:00:00+00:00,1.177104,1.541201,0.881774,1.155901,0.851563,0.672991,0.146205,1.541201,1.13526,64.0,62.0,7.0,0.156528,1.0,0.0,0.0,1.0,0.0,0.485196,0.034402,0.763758,0.5,0.220176,0.593431,-0.103677,1.263819,2.326988,1.171998,0.0
XRPUSD_18691_BEARISH_18686_18690,XRPUSD,1h,SHORT,2026-07-19T19:00:00+00:00,2026-07-19T14:00:00+00:00,2026-07-19T18:00:00+00:00,18686,18690,18691,1.09495,1.1023,1.08,0.00735,0.671264,52,internal|choch|brk18690|form18686,internal,1.1023,1.0925,-1.0,0,0.442177,1.557823,5,SL_HIT,2026-07-20T00:00:00+00:00,0.894814,1.382109,0.671264,1.036582,0.72449,0.27551,0.510204,1.382109,0.26796,5.0,1.0,0.0,0.035258,0.0,1.0,0.0,1.0,0.0,0.442509,0.126928,0.647426,0.5,0.194665,0.465404,-0.363901,-0.136774,0.329791,1.406678,0.0
ETHUSD_18692_BEARISH_18682_18690,ETHUSD,1h,SHORT,2026-07-19T20:00:00+00:00,2026-07-19T10:00:00+00:00,2026-07-19T18:00:00+00:00,18682,18690,18692,1866.9125,1878.65,1846.79,11.7375,0.628712,55,internal|choch|brk18690|form18682,internal,1878.65,1863.0,-1.0,0,0.912673,2.073482,4,SL_HIT,2026-07-20T00:00:00+00:00,0.838445,1.253153,0.628712,0.939865,0.773163,0.236422,0.396166,1.253153,0.480442,10.0,2.0,0.0,0.029027,0.0,1.0,0.0,1.0,0.0,0.478001,0.028026,0.669069,0.5,0.23555,0.436402,-0.189829,-0.066924,1.110479,1.471544,0.0
SOLUSD_18701_BULLISH_18690_18698,SOLUSD,1h,LONG,2026-07-20T05:00:00+00:00,2026-07-19T18:00:00+00:00,2026-07-20T02:00:00+00:00,18690,18698,18701,75.82225,75.355,76.62,0.46725,0.616244,56,internal|bos|brk18698|form18690,internal,75.978,75.355,1.70733,1,1.962012,0.689674,4,TP_HIT,2026-07-20T09:00:00+00:00,0.820763,1.07253,0.616244,0.804398,0.882825,0.325843,0.332263,1.07253,1.066505,11.0,3.0,0.0,0.142459,1.0,0.0,0.0,0.0,1.0,0.594196,0.046482,0.765259,11.0,0.374771,1.22747,-0.867192,-0.658308,0.71384,1.293917,1.0
ETHUSD_18706_BEARISH_18697_18702,ETHUSD,1h,SHORT,2026-07-20T10:00:00+00:00,2026-07-20T01:00:00+00:00,2026-07-20T06:00:00+00:00,18697,18702,18706,1870.9375,1889.5,1839.12,18.5625,0.99215,35,internal|choch|brk18702|form18697,internal,1889.5,1864.75,-1.0,0,0.225589,1.342088,1,SL_HIT,2026-07-20T11:00:00+00:00,1.324946,1.945694,0.99215,1.45927,0.868687,0.262626,0.137374,1.945694,0.455961,9.0,4.0,3.0,0.230928,0.0,1.0,0.0,0.0,0.0,0.549225,0.086475,0.680964,13.0,0.357564,0.73897,0.727959,0.351876,1.147932,1.340113,0.0
XRPUSD_18707_BEARISH_18697_18701,XRPUSD,1h,SHORT,2026-07-20T11:00:00+00:00,2026-07-20T01:00:00+00:00,2026-07-20T05:00:00+00:00,18697,18701,18707,1.098225,1.1088,1.08,0.010575,0.962917,36,internal|bos|brk18701|form18697,internal,1.1088,1.0947,-1.0,0,1.137116,1.529551,4,SL_HIT,2026-07-20T15:00:00+00:00,1.274864,1.970423,0.962917,1.477817,0.198582,0.900709,0.035461,1.970423,1.103996,10.0,6.0,1.0,1.086528,1.0,0.0,0.0,0.0,0.0,0.741803,0.027949,0.647,12.0,0.397906,2.152093,1.888531,0.866393,1.813495,1.359495,0.0
SOLUSD_18737_BULLISH_18715_18725,SOLUSD,1h,LONG,2026-07-21T17:00:00+00:00,2026-07-20T19:00:00+00:00,2026-07-21T05:00:00+00:00,18715,18725,18737,77.729,77.3,78.46,0.429,0.551918,63,internal|bos|brk18725|form18715,internal,77.729,77.3,1.703963,1,2.006993,0.282051,7,TP_HIT,2026-07-22T00:00:00+00:00,0.551918,0.745028,0.551918,0.745028,1.0,0.703963,0.025641,0.745028,0.590465,22.0,12.0,0.0,0.0,1.0,0.0,0.0,0.0,1.0,0.770392,0.017367,0.740801,6.0,0.341154,1.411907,-1.019992,-0.397237,1.981133,1.368702,1.0
XRPUSD_18749_BULLISH_18725_18732,XRPUSD,1h,LONG,2026-07-22T05:00:00+00:00,2026-07-21T05:00:00+00:00,2026-07-21T12:00:00+00:00,18725,18732,18749,1.135475,1.1261,1.15,0.009375,0.825646,42,internal|bos|brk18732|form18725,internal,1.1386,1.1261,1.549333,1,1.549333,0.712,9,TP_HIT,2026-07-22T14:00:00+00:00,1.102682,1.721154,0.825646,1.290866,0.6,0.44,0.336,1.721154,0.771077,24.0,17.0,4.0,0.258173,1.0,0.0,0.0,0.0,1.0,0.620098,0.055077,0.640664,30.0,0.404372,1.266769,-1.073392,-1.32312,3.054545,0.514913,1.0
ETHUSD_18754_BEARISH_18744_18751,ETHUSD,1h,SHORT,2026-07-22T10:00:00+00:00,2026-07-22T00:00:00+00:00,2026-07-22T07:00:00+00:00,18744,18751,18754,1932.0625,1943.95,1911.68,11.8875,0.615275,56,internal|choch|brk18751|form18744,internal,1943.95,1928.1,-1.0,0,1.654048,1.996845,4,SL_HIT,2026-07-22T14:00:00+00:00,0.821244,1.236792,0.615275,0.927594,0.880126,0.309148,0.577287,1.236792,0.253601,10.0,3.0,0.0,0.160939,0.0,1.0,0.0,0.0,0.0,0.802575,0.085834,0.664011,17.5,0.329711,0.834932,0.602049,0.392728,3.760652,1.027402,0.0
ETHUSD_18813_BULLISH_18702_18707,ETHUSD,1h,LONG,2026-07-24T21:00:00+00:00,2026-07-20T06:00:00+00:00,2026-07-20T11:00:00+00:00,18702,18707,18813,1854.8625,1842.0,1876.91,12.8625,0.693448,50,internal|choch|brk18707|form18702,internal,1859.15,1842.0,1.714091,1,2.008746,0.358601,27,TP_HIT,2026-07-26T00:00:00+00:00,0.923657,1.339418,0.693448,1.004564,0.860058,0.708455,0.338192,1.339418,1.91736,111.0,106.0,11.0,0.147414,0.0,1.0,0.0,1.0,0.0,0.089573,0.02343,0.689596,18.0,0.350995,0.382691,0.002693,-1.621321,-3.495322,0.475921,1.0
XRPUSD_18813_BULLISH_18703_18711,XRPUSD,1h,LONG,2026-07-24T21:00:00+00:00,2026-07-20T07:00:00+00:00,2026-07-20T15:00:00+00:00,18703,18711,18813,1.089,1.083,1.1,0.006,0.550964,63,internal|choch|brk18711|form18703,internal,1.091,1.083,1.833333,1,1.933333,0.55,18,TP_HIT,2026-07-25T15:00:00+00:00,0.734821,1.144968,0.550964,0.858726,0.7125,0.7625,0.575,1.144968,2.733611,110.0,102.0,8.0,0.042936,0.0,1.0,0.0,1.0,0.0,0.047679,0.014312,0.641783,0.5,0.284047,0.443675,0.174825,-2.271095,-4.281695,0.672279,1.0
SOLUSD_18823_BULLISH_18813_18820,SOLUSD,1h,LONG,2026-07-25T07:00:00+00:00,2026-07-24T21:00:00+00:00,2026-07-25T04:00:00+00:00,18813,18820,18823,73.817,73.43,74.48,0.387,0.524269,66,internal|choch|brk18820|form18813,internal,73.817,73.43,1.713178,1,2.198966,0.726098,10,TP_HIT,2026-07-25T17:00:00+00:00,0.524483,0.732675,0.524269,0.732675,0.922481,0.147287,0.385013,0.732675,0.340779,10.0,3.0,1.0,0.056797,0.0,1.0,0.0,0.0,0.0,0.065265,0.130632,0.715846,0.5,0.283672,0.516848,-0.433152,-0.13399,-4.813076,0.81225,1.0
BTCUSD_18829_BEARISH_18811_18824,BTCUSD,1h,SHORT,2026-07-25T13:00:00+00:00,2026-07-24T19:00:00+00:00,2026-07-25T08:00:00+00:00,18811,18824,18829,64120.0,64273.5,63856.86,153.5,0.239395,100,internal|bos|brk18824|form18811,internal,64273.5,64120.0,-1.0,0,0.185668,1.410423,4,SL_HIT,2026-07-25T17:00:00+00:00,0.239307,0.506696,0.239395,0.506696,0.846906,0.791531,0.306189,0.506696,0.424172,18.0,5.0,0.0,0.077572,1.0,0.0,0.0,0.0,1.0,0.136286,0.014854,0.47229,0.5,0.109909,0.539705,0.459671,0.006236,-2.119559,0.590273,0.0
BTCUSD_18845_BULLISH_18837_18840,BTCUSD,1h,LONG,2026-07-26T05:00:00+00:00,2026-07-25T21:00:00+00:00,2026-07-26T00:00:00+00:00,18837,18840,18845,64407.0,64239.0,64695.0,168.0,0.260841,100,internal|bos|brk18840|form18837,internal,64407.0,64239.0,1.714286,1,2.0625,0.848214,9,TP_HIT,2026-07-26T14:00:00+00:00,0.260902,0.582365,0.260841,0.582365,0.910714,0.21131,0.08631,0.582365,0.500903,8.0,5.0,1.0,0.051997,1.0,0.0,0.0,0.0,0.0,0.244931,0.006933,0.448005,0.5,0.09634,0.44544,-0.151187,0.322505,-1.588684,0.937694,1.0
XRPUSD_18875_BULLISH_18861_18862,XRPUSD,1h,LONG,2026-07-27T11:00:00+00:00,2026-07-26T21:00:00+00:00,2026-07-26T22:00:00+00:00,18861,18862,18875,1.1057,1.1002,1.12,0.0055,0.497422,70,internal|bos|brk18862|form18861,internal,1.1057,1.1002,-1.0,0,0.327273,1.181818,1,SL_HIT,2026-07-27T12:00:00+00:00,0.497557,0.887747,0.497422,0.887747,0.945455,0.545455,0.527273,0.887747,1.016874,14.0,13.0,5.0,0.048423,1.0,0.0,0.0,0.0,1.0,0.390476,0.064563,0.560472,0.5,0.249989,0.95231,-0.5667,0.399637,1.524614,0.957026,1.0
XRPUSD_18894_BULLISH_18549_18588,XRPUSD,1h,LONG,2026-07-28T06:00:00+00:00,2026-07-13T21:00:00+00:00,2026-07-15T12:00:00+00:00,18549,18588,18894,1.06025,1.0532,1.07,0.00705,0.664938,52,internal|choch|brk18588|form18549,internal,1.0626,1.0532,-1.0,0,0.049645,1.652482,5,SL_HIT,2026-07-28T11:00:00+00:00,0.886709,1.478532,0.664938,1.108899,0.734043,0.851064,0.308511,1.478532,2.02905,345.0,306.0,6.0,0.023594,0.0,1.0,0.0,1.0,0.0,0.082212,0.17302,0.599722,17.0,0.541535,0.770724,0.236384,-2.420839,-3.845805,0.621319,1.0
SOLUSD_18902_BEARISH_18893_18901,SOLUSD,1h,SHORT,2026-07-28T14:00:00+00:00,2026-07-28T05:00:00+00:00,2026-07-28T13:00:00+00:00,18893,18901,18902,73.179,73.528,72.58,0.349,0.476913,73,internal|bos|brk18901|form18893,internal,73.528,73.179,-1.0,0,0.0,4.037249,1,SL_HIT,2026-07-28T15:00:00+00:00,0.475438,0.695559,0.476913,0.695559,0.34957,0.882521,0.105444,0.695559,1.295454,9.0,1.0,0.0,0.452412,1.0,0.0,0.0,0.0,1.0,0.203331,0.047832,0.683534,25.0,0.597202,1.897341,0.212969,-1.067414,-1.951461,1.142312,0.0
SOLUSD_18910_BULLISH_18902_18903,SOLUSD,1h,LONG,2026-07-28T22:00:00+00:00,2026-07-28T14:00:00+00:00,2026-07-28T15:00:00+00:00,18902,18903,18910,73.249,72.535,74.47,0.714,0.974757,35,internal|choch|brk18903|form18902,internal,73.487,72.535,1.710084,1,1.792997,0.752101,20,TP_HIT,2026-07-29T18:00:00+00:00,1.296367,1.877803,0.974757,1.408352,0.946429,0.053571,0.723739,1.877803,1.858078,8.0,7.0,0.0,0.368854,0.0,1.0,0.0,0.0,0.0,0.20914,0.011835,0.690364,35.5,0.534975,1.560233,-0.529617,0.218353,-2.524622,0.539555,1.0
BTCUSD_18927_BULLISH_18916_18918,BTCUSD,1h,LONG,2026-07-29T15:00:00+00:00,2026-07-29T04:00:00+00:00,2026-07-29T06:00:00+00:00,18916,18918,18927,63956.5,63576.0,64608.79,380.5,0.594936,58,internal|bos|brk18918|form18916,internal,63956.5,63576.0,1.714297,1,1.780552,0.919842,3,TP_HIT,2026-07-29T18:00:00+00:00,0.595033,1.2799,0.594936,1.2799,0.972405,0.250986,0.563732,1.2799,1.219353,11.0,9.0,0.0,0.035319,1.0,0.0,0.0,0.0,0.0,0.411218,0.0,0.464906,46.0,0.370767,1.061257,-0.781232,0.012512,-1.918048,1.569953,1.0
ETHUSD_18937_BEARISH_18919_18932,ETHUSD,1h,SHORT,2026-07-30T01:00:00+00:00,2026-07-29T07:00:00+00:00,2026-07-29T20:00:00+00:00,18919,18932,18937,1916.0375,1925.0,1900.67,8.9625,0.467762,74,internal|choch|brk18932|form18919,internal,1925.0,1913.05,1.714644,1,1.878661,0.375174,4,TP_HIT,2026-07-30T05:00:00+00:00,0.623614,0.904314,0.467762,0.678236,0.732218,0.648536,0.343096,0.904314,0.363239,18.0,5.0,1.0,0.016081,0.0,1.0,0.0,0.0,0.0,0.482,0.011351,0.689599,100.0,0.636004,1.827547,1.760395,0.266855,1.308485,0.449966,0.0
SOLUSD_18937_BEARISH_18920_18932,SOLUSD,1h,SHORT,2026-07-30T01:00:00+00:00,2026-07-29T08:00:00+00:00,2026-07-29T20:00:00+00:00,18920,18932,18937,73.858725,74.3349,73.04,0.476175,0.644711,54,internal|choch|brk18932|form18920,internal,74.3349,73.7,-1.0,0,1.16412,1.00651,10,SL_HIT,2026-07-30T11:00:00+00:00,0.857544,1.207512,0.644711,0.905634,0.469208,0.798551,0.521342,1.207512,0.169269,17.0,5.0,3.0,0.33906,0.0,1.0,0.0,0.0,1.0,0.331991,0.103463,0.710174,56.0,0.665396,1.789682,1.913362,0.179285,-0.216987,0.693146,0.0
ETHUSD_18950_BULLISH_18937_18947,ETHUSD,1h,LONG,2026-07-30T14:00:00+00:00,2026-07-30T01:00:00+00:00,2026-07-30T11:00:00+00:00,18937,18947,18950,1914.7625,1896.65,1945.81,18.1125,0.94594,37,internal|choch|brk18947|form18937,internal,1920.8,1896.65,-1.0,0,1.186335,1.731539,17,SL_HIT,2026-07-31T07:00:00+00:00,1.260077,1.847917,0.94594,1.385938,0.824017,0.347826,0.784679,1.847917,0.367288,13.0,3.0,2.0,0.136776,0.0,1.0,0.0,0.0,1.0,0.4844,0.011478,0.68189,92.0,0.562796,1.289333,-0.05215,0.356068,1.316311,1.199467,1.0
XRPUSD_18961_BULLISH_18937_18947,XRPUSD,1h,LONG,2026-07-31T01:00:00+00:00,2026-07-30T01:00:00+00:00,2026-07-30T11:00:00+00:00,18937,18947,18961,1.0788,1.0704,1.09,0.0084,0.778643,44,internal|bos|brk18947|form18937,internal,1.0816,1.0704,-1.0,0,0.690476,1.52381,12,SL_HIT,2026-07-31T13:00:00+00:00,1.036269,1.675259,0.778643,1.256444,0.928571,0.196429,0.758929,1.675259,0.658137,24.0,14.0,2.0,0.299153,1.0,0.0,0.0,0.0,1.0,0.494398,0.029915,0.618573,55.0,0.26895,1.630386,-0.469657,0.10188,1.113294,0.641981,1.0
SOLUSD_18962_BULLISH_18937_18947,SOLUSD,1h,LONG,2026-07-31T02:00:00+00:00,2026-07-30T01:00:00+00:00,2026-07-30T11:00:00+00:00,18937,18947,18962,73.97175,73.266,75.18,0.70575,0.95408,36,internal|choch|brk18947|form18937,internal,74.207,73.266,-1.0,0,0.816507,1.160113,11,SL_HIT,2026-07-31T13:00:00+00:00,1.268912,1.823394,0.95408,1.367546,0.947928,0.139214,0.776302,1.823394,0.55225,25.0,15.0,2.0,0.3609,0.0,1.0,0.0,0.0,1.0,0.355198,0.094948,0.695907,51.5,0.285839,0.933981,-0.455052,-0.072765,0.517784,0.942208,1.0
XRPUSD_18980_BULLISH_18905_18909,XRPUSD,1h,LONG,2026-07-31T20:00:00+00:00,2026-07-28T17:00:00+00:00,2026-07-28T21:00:00+00:00,18905,18909,18980,1.062025,1.0555,1.07,0.006525,0.614392,56,internal|choch|brk18909|form18905,internal,1.0642,1.0555,-1.0,0,0.869732,2.241379,22,SL_HIT,2026-08-01T18:00:00+00:00,0.819286,1.321885,0.614392,0.991414,0.735632,0.793103,0.655172,1.321885,0.805286,75.0,71.0,9.0,0.018993,0.0,1.0,0.0,1.0,0.0,0.321569,0.07597,0.619786,46.0,0.258884,0.562181,0.084826,-1.748705,-2.336062,1.157784,1.0
SOLUSD_18984_BEARISH_18978_18981,SOLUSD,1h,SHORT,2026-08-01T00:00:00+00:00,2026-07-31T18:00:00+00:00,2026-07-31T21:00:00+00:00,18978,18981,18984,73.07625,73.497,72.35,0.42075,0.575768,60,internal|bos|brk18981|form18978,internal,73.497,72.936,1.726084,1,3.503862,0.344029,17,TP_HIT,2026-08-01T17:00:00+00:00,0.76843,1.110636,0.575768,0.832977,0.875223,0.393939,0.465241,1.110636,0.453361,6.0,3.0,2.0,0.139077,1.0,0.0,0.0,1.0,1.0,0.189599,0.07919,0.691883,30.0,0.265234,0.556308,-0.10946,-0.654538,-0.85556,0.353494,0.0
ETHUSD_19000_BULLISH_18994_18998,ETHUSD,1h,LONG,2026-08-01T16:00:00+00:00,2026-08-01T10:00:00+00:00,2026-08-01T14:00:00+00:00,18994,18998,19000,1868.05,1862.0,1878.42,6.05,0.323867,100,internal|choch|brk18998|form18994,internal,1868.05,1862.0,-1.0,0,0.22314,1.950413,1,SL_HIT,2026-08-01T17:00:00+00:00,0.323884,0.498202,0.323867,0.498202,0.983471,0.479339,0.099174,0.498202,0.489967,6.0,2.0,0.0,0.008235,0.0,1.0,0.0,1.0,0.0,0.232454,0.065878,0.650107,30.0,0.118861,0.64231,0.091092,0.107184,-2.535807,0.737349,1.0
ETHUSD_19001_BULLISH_18806_18869,ETHUSD,1h,LONG,2026-08-01T17:00:00+00:00,2026-07-24T14:00:00+00:00,2026-07-27T05:00:00+00:00,18806,18869,19001,1858.55,1847.0,1878.35,11.55,0.621452,56,internal|bos|brk18869|form18806,internal,1862.4,1847.0,-1.0,0,0.316017,3.268398,1,SL_HIT,2026-08-01T18:00:00+00:00,0.827401,1.267625,0.621452,0.950719,0.925325,0.983766,0.340909,1.267625,0.983644,195.0,132.0,10.0,0.222246,1.0,0.0,0.0,0.0,0.0,0.157215,0.008231,0.652717,31.0,0.144335,1.08242,-0.380014,-0.323997,-2.961341,1.002026,1.0
XRPUSD_19032_BULLISH_19017_19029,XRPUSD,1h,LONG,2026-08-03T00:00:00+00:00,2026-08-02T09:00:00+00:00,2026-08-02T21:00:00+00:00,19017,19029,19032,1.08245,1.0769,1.09,0.00555,0.512726,68,internal|bos|brk19029|form19017,internal,1.0843,1.0769,-1.0,0,0.0,1.324324,1,SL_HIT,2026-08-03T01:00:00+00:00,0.684425,1.217632,0.512726,0.913224,0.581081,0.540541,0.364865,1.217632,0.904997,15.0,3.0,1.0,0.205681,1.0,0.0,0.0,0.0,1.0,0.702703,0.065818,0.562095,3.0,0.232164,1.332814,-0.083172,-0.193852,1.769578,0.649189,1.0
ETHUSD_19033_BULLISH_19019_19029,ETHUSD,1h,LONG,2026-08-03T01:00:00+00:00,2026-08-02T11:00:00+00:00,2026-08-02T21:00:00+00:00,19019,19029,19033,1863.675,1848.15,1890.29,15.525,0.833032,42,internal|bos|brk19029|form19019,internal,1868.85,1848.15,-1.0,0,0.487923,1.173913,5,SL_HIT,2026-08-03T06:00:00+00:00,1.109057,1.728382,0.833032,1.296286,0.884058,0.183575,0.772947,1.728382,0.559428,14.0,4.0,0.0,0.231703,1.0,0.0,0.0,0.0,1.0,0.395238,0.037574,0.641674,26.0,0.342194,0.809918,-0.878917,-0.074952,0.260529,0.86497,1.0
SOLUSD_19033_BULLISH_19021_19027,SOLUSD,1h,LONG,2026-08-03T01:00:00+00:00,2026-08-02T13:00:00+00:00,2026-08-02T19:00:00+00:00,19021,19027,19033,73.007,72.6878,73.55,0.3192,0.437218,80,internal|bos|brk19027|form19021,internal,73.007,72.6878,-1.0,0,0.438596,1.055764,2,SL_HIT,2026-08-03T03:00:00+00:00,0.43726,0.678351,0.437218,0.678351,0.97807,0.222431,0.253759,0.678351,0.311548,12.0,6.0,0.0,0.014876,1.0,0.0,0.0,0.0,1.0,0.512821,0.072255,0.644593,0.5,0.274919,0.703427,-0.945764,-0.363061,0.168778,0.806363,1.0
BTCUSD_19044_BULLISH_19002_19010,BTCUSD,1h,LONG,2026-08-03T12:00:00+00:00,2026-08-01T18:00:00+00:00,2026-08-02T02:00:00+00:00,19002,19010,19044,62599.375,62245.0,63206.88,354.375,0.5661,61,internal|choch|brk19010|form19002,internal,62717.5,62245.0,1.7143,1,2.188713,0.17037,1,TP_HIT,2026-08-03T13:00:00+00:00,0.753883,1.685108,0.5661,1.263831,0.911111,0.938624,0.278307,1.685108,1.65301,42.0,34.0,6.0,0.27149,0.0,1.0,0.0,1.0,0.0,0.136537,0.057062,0.44738,14.0,0.232837,1.298157,0.123806,-1.401682,-0.564008,1.649771,1.0
SOLUSD_19046_BEARISH_19029_19038,SOLUSD,1h,SHORT,2026-08-03T14:00:00+00:00,2026-08-02T21:00:00+00:00,2026-08-03T06:00:00+00:00,19029,19038,19046,73.844,74.348,72.98,0.504,0.68252,51,internal|choch|brk19038|form19029,internal,74.348,73.676,-1.0,0,1.563492,1.103175,28,SL_HIT,2026-08-04T18:00:00+00:00,0.910606,1.437057,0.68252,1.077793,0.81994,0.209821,0.431548,1.437057,0.678967,17.0,8.0,0.0,0.100508,0.0,1.0,0.0,0.0,0.0,0.680328,0.12617,0.633661,5.0,0.409167,1.717197,1.443358,0.217282,1.194361,1.747421,0.0
ETHUSD_19069_BULLISH_19063_19068,ETHUSD,1h,LONG,2026-08-04T13:00:00+00:00,2026-08-04T07:00:00+00:00,2026-08-04T12:00:00+00:00,19063,19068,19069,1861.3875,1852.5,1876.62,8.8875,0.477466,73,internal|choch|brk19068|form19063,internal,1864.35,1852.5,1.713924,1,1.807314,0.42616,2,TP_HIT,2026-08-04T15:00:00+00:00,0.636772,0.987013,0.477466,0.74026,0.71308,0.447257,0.590717,0.987013,0.191572,6.0,1.0,0.0,0.03644,0.0,1.0,0.0,1.0,1.0,0.519069,0.033317,0.64515,25.5,0.349919,1.482602,0.201917,0.072596,0.496827,1.151748,1.0
SOLUSD_19080_BULLISH_19066_19074,SOLUSD,1h,LONG,2026-08-05T00:00:00+00:00,2026-08-04T10:00:00+00:00,2026-08-04T18:00:00+00:00,19066,19074,19080,73.55775,73.107,74.33,0.45075,0.612784,57,internal|choch|brk19074|form19066,internal,73.708,73.107,1.713256,1,2.090405,0.381032,2,TP_HIT,2026-08-05T02:00:00+00:00,0.81762,1.294504,0.612784,0.970878,0.663894,0.402662,0.46589,1.294504,0.820642,14.0,6.0,0.0,0.111465,0.0,1.0,0.0,0.0,0.0,0.751722,0.019385,0.631609,5.0,0.302864,0.712947,-0.917951,0.271461,-0.190099,0.568561,1.0
SOLUSD_19102_BULLISH_19093_19097,SOLUSD,1h,LONG,2026-08-05T22:00:00+00:00,2026-08-05T13:00:00+00:00,2026-08-05T17:00:00+00:00,19093,19097,19102,73.9025,73.256,75.01,0.6465,0.874801,40,internal|bos|brk19097|form19093,internal,74.118,73.256,-1.0,0,0.720031,1.12993,11,SL_HIT,2026-08-06T09:00:00+00:00,1.164613,1.877629,0.874801,1.408221,0.881671,0.153132,0.118329,1.877629,0.500991,9.0,5.0,1.0,0.247228,1.0,0.0,0.0,0.0,1.0,0.787966,0.087129,0.620257,0.5,0.258079,0.437823,-0.726951,0.067599,0.201714,0.551927,1.0
BTCUSD_19118_BEARISH_19109_19116,BTCUSD,1h,SHORT,2026-08-06T14:00:00+00:00,2026-08-06T05:00:00+00:00,2026-08-06T12:00:00+00:00,19109,19116,19118,64701.5,64978.0,64227.5,276.5,0.427347,81,internal|choch|brk19116|form19109,internal,64978.0,64701.5,1.714286,1,1.924051,0.965642,9,TP_HIT,2026-08-06T23:00:00+00:00,0.426994,0.980263,0.427347,0.980263,0.80651,0.470163,0.661844,0.980263,0.705506,9.0,2.0,0.0,0.189671,0.0,1.0,0.0,0.0,0.0,0.903332,0.021272,0.435591,14.0,0.205335,1.74781,0.154667,0.177134,1.366582,1.575371,0.0
BTCUSD_19126_BULLISH_19093_19096,BTCUSD,1h,LONG,2026-08-06T22:00:00+00:00,2026-08-05T13:00:00+00:00,2026-08-05T16:00:00+00:00,19093,19096,19126,64258.25,63852.5,64953.82,405.75,0.631436,55,internal|bos|brk19096|form19093,internal,64393.5,63852.5,1.714282,1,2.304991,0.306223,13,TP_HIT,2026-08-07T11:00:00+00:00,0.841022,1.941526,0.631436,1.456144,0.876155,0.451941,0.169131,1.941526,1.001267,33.0,30.0,6.0,0.244934,1.0,0.0,0.0,0.0,1.0,0.747315,0.0,0.433176,0.5,0.22602,0.428858,-0.406416,-0.724582,0.006996,0.507476,1.0
SOLUSD_19160_BEARISH_18961_18973,SOLUSD,1h,SHORT,2026-08-08T08:00:00+00:00,2026-07-31T01:00:00+00:00,2026-07-31T13:00:00+00:00,18961,18973,19160,74.55225,75.318,73.24,0.76575,1.027132,34,internal|choch|brk18973|form18961,internal,75.318,74.297,-1.0,0,0.0,1.535423,3,SL_HIT,2026-08-08T11:00:00+00:00,1.364827,2.330204,1.027132,1.747653,0.49951,0.843291,0.119491,2.330204,0.775974,199.0,187.0,24.0,0.583692,0.0,1.0,0.0,1.0,0.0,0.875974,0.016432,0.585711,1.0,0.41202,0.529488,-0.066793,1.88078,1.026361,0.736661,0.0
BTCUSD_19170_BULLISH_19155_19166,BTCUSD,1h,LONG,2026-08-08T18:00:00+00:00,2026-08-08T03:00:00+00:00,2026-08-08T14:00:00+00:00,19155,19166,19170,65053.5,64889.5,65334.64,164.0,0.2521,100,internal|bos|brk19166|form19155,internal,65053.5,64889.5,-1.0,0,0.082317,1.39939,7,SL_HIT,2026-08-09T01:00:00+00:00,0.25222,0.637758,0.2521,0.637758,0.810976,0.29878,0.679878,0.637758,0.445264,15.0,4.0,3.0,0.120552,1.0,0.0,0.0,1.0,1.0,0.782747,0.007778,0.39548,0.5,0.069567,0.377211,0.046929,0.023074,0.453429,0.792005,1.0
SOLUSD_19172_BEARISH_18876_18878,SOLUSD,1h,SHORT,2026-08-08T20:00:00+00:00,2026-07-27T12:00:00+00:00,2026-07-27T14:00:00+00:00,18876,18878,19172,76.45775,77.081,75.39,0.62325,0.815156,42,internal|choch|brk18878|form18876,internal,77.081,76.25,-1.0,0,1.125953,1.025672,18,SL_HIT,2026-08-09T14:00:00+00:00,1.089422,1.908371,0.815156,1.431278,0.965102,0.698075,0.395909,1.908371,3.30922,296.0,294.0,6.0,0.410495,0.0,1.0,0.0,1.0,0.0,0.877373,0.0,0.570865,0.5,0.437337,0.349064,-0.170137,2.143871,4.770211,0.757246,0.0
ETHUSD_19178_BULLISH_19152_19166,ETHUSD,1h,LONG,2026-08-09T02:00:00+00:00,2026-08-08T00:00:00+00:00,2026-08-08T14:00:00+00:00,19152,19166,19178,1914.0,1911.2,1918.8,2.8,0.14629,100,internal|bos|brk19166|form19152,internal,1914.0,1911.2,1.714286,1,1.767857,0.928571,4,TP_HIT,2026-08-09T06:00:00+00:00,0.146302,0.269211,0.14629,0.269211,0.946429,0.535714,0.142857,0.269211,0.350935,26.0,12.0,2.0,0.014422,1.0,0.0,0.0,0.0,1.0,0.688953,0.014422,0.543448,0.5,0.094662,0.326899,-0.317717,-0.325504,0.570152,0.84951,1.0
SOLUSD_19215_BULLISH_19177_19190,SOLUSD,1h,LONG,2026-08-10T15:00:00+00:00,2026-08-09T01:00:00+00:00,2026-08-09T14:00:00+00:00,19177,19190,19215,76.1105,75.756,76.72,0.3545,0.46577,75,internal|bos|brk19190|form19177,internal,76.1105,75.756,-1.0,0,0.026798,1.46347,1,SL_HIT,2026-08-10T16:00:00+00:00,0.46665,0.81969,0.46577,0.81969,0.595205,0.791255,0.420592,0.81969,1.040509,38.0,25.0,0.0,0.331807,1.0,0.0,0.0,0.0,1.0,0.654942,0.047863,0.569301,20.0,0.360321,1.408156,-1.107813,-0.733065,0.582573,1.565753,1.0
BTCUSD_19238_BULLISH_19066_19074,BTCUSD,1h,LONG,2026-08-11T14:00:00+00:00,2026-08-04T10:00:00+00:00,2026-08-04T18:00:00+00:00,19066,19074,19238,63727.75,63434.5,64230.46,293.25,0.460161,76,internal|bos|brk19074|form19066,internal,63825.5,63434.5,-1.0,0,0.43393,1.028986,1,SL_HIT,2026-08-11T15:00:00+00:00,0.6133,1.64663,0.460161,1.234973,0.815857,0.346547,0.407928,1.64663,1.404479,172.0,164.0,3.0,0.108442,1.0,0.0,0.0,0.0,0.0,0.035937,0.027374,0.372457,6.5,0.214096,2.345711,-0.830644,-0.299476,-1.819512,1.50098,1.0
SOLUSD_19244_BEARISH_19235_19238,SOLUSD,1h,SHORT,2026-08-11T20:00:00+00:00,2026-08-11T11:00:00+00:00,2026-08-11T14:00:00+00:00,19235,19238,19244,75.937,76.369,75.2,0.432,0.568893,61,internal|bos|brk19238|form19235,internal,76.369,75.937,-1.0,0,0.0,1.189815,1,SL_HIT,2026-08-11T21:00:00+00:00,0.568062,1.008147,0.568893,1.008147,0.743056,0.803241,0.604167,1.008147,1.909879,9.0,6.0,0.0,0.259038,1.0,0.0,0.0,0.0,1.0,0.609798,0.119017,0.563471,19.0,0.371784,1.486551,1.498832,0.331148,-1.529218,0.928063,0.0
ETHUSD_19252_BEARISH_19236_19239,ETHUSD,1h,SHORT,2026-08-12T04:00:00+00:00,2026-08-11T12:00:00+00:00,2026-08-11T15:00:00+00:00,19236,19239,19252,1886.45,1897.25,1867.94,10.8,0.572504,61,internal|choch|brk19239|form19236,internal,1897.25,1886.45,-1.0,0,0.199074,2.083333,5,SL_HIT,2026-08-12T09:00:00+00:00,0.571822,1.103638,0.572504,1.103638,0.791667,0.560185,0.462963,1.103638,1.108747,16.0,13.0,3.0,0.229925,0.0,1.0,0.0,0.0,1.0,0.426056,0.0,0.518125,0.5,0.333454,0.8124,0.364004,-0.034403,-1.77601,0.527329,0.0
SOLUSD_19257_BEARISH_19208_19213,SOLUSD,1h,SHORT,2026-08-12T09:00:00+00:00,2026-08-10T08:00:00+00:00,2026-08-10T13:00:00+00:00,19208,19213,19257,76.7885,77.15,76.17,0.3615,0.470774,74,internal|choch|brk19213|form19208,internal,77.15,76.668,-1.0,0,1.174274,1.497925,3,SL_HIT,2026-08-12T12:00:00+00:00,0.628021,1.141024,0.470774,0.855768,0.83195,0.5,0.082988,1.141024,0.783566,49.0,44.0,2.0,0.093507,0.0,1.0,0.0,0.0,1.0,0.657895,0.115996,0.550401,3.5,0.395,1.848837,0.591103,1.978475,-0.311733,1.020442,0.0
BTCUSD_19261_BULLISH_19254_19257,BTCUSD,1h,LONG,2026-08-12T13:00:00+00:00,2026-08-12T06:00:00+00:00,2026-08-12T09:00:00+00:00,19254,19257,19261,63818.0,63584.5,64218.29,233.5,0.365884,95,internal|choch|brk19257|form19254,internal,63818.0,63584.5,-1.0,0,0.394004,2.047109,1,SL_HIT,2026-08-12T14:00:00+00:00,0.365916,0.988986,0.365884,0.988986,0.976445,0.047109,0.533191,0.988986,1.302411,7.0,4.0,0.0,0.023295,0.0,1.0,0.0,1.0,0.0,0.265684,0.012706,0.369991,7.5,0.223037,1.387121,0.058016,0.25924,-1.983749,1.623984,1.0
SOLUSD_19261_BULLISH_19255_19257,SOLUSD,1h,LONG,2026-08-12T13:00:00+00:00,2026-08-12T07:00:00+00:00,2026-08-12T09:00:00+00:00,19255,19257,19261,76.289,75.946,76.88,0.343,0.449606,77,internal|choch|brk19257|form19255,internal,76.289,75.946,-1.0,0,0.0,2.571429,1,SL_HIT,2026-08-12T14:00:00+00:00,0.44996,0.809109,0.449606,0.809109,0.825073,0.723032,0.638484,0.809109,1.320994,6.0,4.0,0.0,0.141535,0.0,1.0,0.0,1.0,0.0,0.493558,0.047178,0.556118,9.5,0.310895,1.4814,0.052501,-0.248629,-1.075813,1.668333,1.0
SOLUSD_19280_BEARISH_19257_19262,SOLUSD,1h,SHORT,2026-08-13T08:00:00+00:00,2026-08-12T09:00:00+00:00,2026-08-12T14:00:00+00:00,19257,19262,19280,76.32325,76.909,75.32,0.58575,0.767459,45,internal|choch|brk19262|form19257,internal,76.909,76.128,1.712761,1,2.110542,0.470764,8,TP_HIT,2026-08-13T16:00:00+00:00,1.024679,1.862152,0.767459,1.396614,0.883483,0.649552,0.717029,1.862152,1.785854,23.0,18.0,5.0,0.248565,0.0,1.0,0.0,1.0,0.0,0.490491,0.026227,0.550266,0.5,0.362393,0.765366,-0.045506,0.424259,0.543485,0.787654,0.0
SOLUSD_19283_BULLISH_19270_19275,SOLUSD,1h,LONG,2026-08-13T11:00:00+00:00,2026-08-12T22:00:00+00:00,2026-08-13T03:00:00+00:00,19270,19275,19283,75.668,75.32,76.26,0.348,0.459904,76,internal|choch|brk19275|form19270,internal,75.668,75.32,1.701149,1,2.010057,0.117816,2,TP_HIT,2026-08-13T13:00:00+00:00,0.459965,0.831953,0.459904,0.831953,0.971264,0.33908,0.195402,0.831953,0.685405,13.0,8.0,0.0,0.023907,0.0,1.0,0.0,0.0,0.0,0.318405,0.023907,0.552873,0.5,0.277354,0.473352,-1.126503,-0.368722,-0.303078,0.82349,1.0
SOLUSD_19319_BULLISH_19239_19245,SOLUSD,1h,LONG,2026-08-14T23:00:00+00:00,2026-08-11T15:00:00+00:00,2026-08-11T21:00:00+00:00,19239,19245,19319,75.21925,74.62,76.25,0.59925,0.796671,43,internal|choch|brk19245|form19239,internal,75.419,74.62,-1.0,0,0.850647,1.96287,46,SL_HIT,2026-08-16T21:00:00+00:00,1.05985,1.967746,0.796671,1.475809,0.961202,0.961952,0.341677,1.967746,0.987567,80.0,74.0,18.0,0.415591,0.0,1.0,0.0,1.0,0.0,0.283395,0.051718,0.538611,0.5,0.261859,0.667408,0.570971,-0.618269,-0.11924,0.698426,1.0
BTCUSD_19343_BULLISH_19335_19341,BTCUSD,1h,LONG,2026-08-15T23:00:00+00:00,2026-08-15T15:00:00+00:00,2026-08-15T21:00:00+00:00,19335,19341,19343,63103.5,63003.5,63274.93,100.0,0.15847,100,internal|choch|brk19341|form19335,internal,63103.5,63003.5,-1.0,0,0.0,1.22,2,SL_HIT,2026-08-16T01:00:00+00:00,0.158578,0.45882,0.15847,0.45882,0.57,0.48,0.555,0.45882,0.215645,8.0,2.0,1.0,0.197293,0.0,1.0,0.0,1.0,0.0,0.285237,0.004588,0.345621,0.5,0.080467,0.282174,0.043628,0.230468,-0.616219,0.354835,1.0
XRPUSD_19343_BULLISH_19334_19341,XRPUSD,1h,LONG,2026-08-15T23:00:00+00:00,2026-08-15T14:00:00+00:00,2026-08-15T21:00:00+00:00,19334,19341,19343,1.0032,1.0001,1.01,0.0031,0.309011,100,internal|choch|brk19341|form19334,internal,1.0032,1.0001,-1.0,0,0.258065,1.193548,6,SL_HIT,2026-08-16T05:00:00+00:00,0.309073,0.601097,0.309011,0.601097,0.935484,0.516129,0.0,0.601097,0.096951,9.0,2.0,0.0,0.03878,0.0,1.0,0.0,1.0,0.0,0.396985,0.310244,0.514181,0.5,0.103635,0.639878,0.029919,0.089811,-0.574941,0.428869,1.0
BTCUSD_19357_BEARISH_19346_19353,BTCUSD,1h,SHORT,2026-08-16T13:00:00+00:00,2026-08-16T02:00:00+00:00,2026-08-16T09:00:00+00:00,19346,19353,19357,62994.5,63139.0,62746.79,144.5,0.229385,100,internal|choch|brk19353|form19346,internal,63139.0,62994.5,-1.0,0,0.0,2.643599,3,SL_HIT,2026-08-16T16:00:00+00:00,0.229212,0.698573,0.229385,0.698573,0.67128,0.370242,0.283737,0.698573,0.401257,11.0,4.0,1.0,0.229635,0.0,1.0,0.0,1.0,0.0,0.275738,0.055596,0.328115,0.5,0.054961,0.270727,-0.005552,-0.102208,0.316662,1.006379,0.0
SOLUSD_19371_BEARISH_19360_19364,SOLUSD,1h,SHORT,2026-08-17T03:00:00+00:00,2026-08-16T16:00:00+00:00,2026-08-16T20:00:00+00:00,19360,19364,19371,75.5,75.7241,75.12,0.2241,0.296821,100,internal|bos|brk19364|form19360,internal,75.7241,75.5,-1.0,0,0.589023,2.391789,3,SL_HIT,2026-08-17T06:00:00+00:00,0.29675,0.609329,0.296821,0.609329,0.919679,0.392682,0.093708,0.609329,0.541082,11.0,7.0,1.0,0.048942,1.0,0.0,0.0,0.0,0.0,0.568993,0.048942,0.487012,6.5,0.31954,0.35619,1.369164,0.398841,0.147201,1.528624,0.0
BTCUSD_19372_BEARISH_19294_19302,BTCUSD,1h,SHORT,2026-08-17T04:00:00+00:00,2026-08-13T22:00:00+00:00,2026-08-14T06:00:00+00:00,19294,19302,19372,63451.5,63620.0,63162.64,168.5,0.265557,100,internal|bos|brk19302|form19294,internal,63620.0,63451.5,-1.0,0,0.189911,1.468843,2,SL_HIT,2026-08-17T06:00:00+00:00,0.265279,0.816342,0.265557,0.816342,0.605341,0.703264,0.308605,0.816342,2.000885,78.0,70.0,2.0,0.322176,1.0,0.0,0.0,0.0,0.0,0.6785,0.055715,0.324961,6.5,0.153901,0.741248,1.010615,0.755052,0.631342,1.872213,0.0
SOLUSD_19387_BULLISH_19376_19383,SOLUSD,1h,LONG,2026-08-17T19:00:00+00:00,2026-08-17T08:00:00+00:00,2026-08-17T15:00:00+00:00,19376,19383,19387,75.6488,75.176,76.46,0.4728,0.624993,56,internal|bos|brk19383|form19376,internal,75.8064,75.176,1.715736,1,1.736887,0.949239,16,TP_HIT,2026-08-18T11:00:00+00:00,0.831695,1.714716,0.624993,1.286037,0.985089,0.192576,0.888325,1.714716,0.301925,11.0,4.0,1.0,0.403111,1.0,0.0,0.0,0.0,1.0,0.729011,0.111522,0.485034,10.0,0.338368,0.563593,-0.222468,0.33092,0.187694,1.158199,1.0
ETHUSD_19393_BULLISH_19376_19383,ETHUSD,1h,LONG,2026-08-18T01:00:00+00:00,2026-08-17T08:00:00+00:00,2026-08-17T15:00:00+00:00,19376,19383,19393,1901.0,1890.55,1918.91,10.45,0.549711,63,internal|bos|brk19383|form19376,internal,1901.0,1890.55,-1.0,0,0.167464,1.22488,1,SL_HIT,2026-08-18T02:00:00+00:00,0.54987,1.244339,0.549711,1.244339,0.947368,0.22488,0.636364,1.244339,0.434625,17.0,10.0,0.0,0.065492,1.0,0.0,0.0,0.0,1.0,0.677244,0.017861,0.441897,15.0,0.300417,1.297923,-0.299032,-0.309492,0.991072,0.467676,1.0
BTCUSD_19421_BULLISH_19405_19406,BTCUSD,1h,LONG,2026-08-19T05:00:00+00:00,2026-08-18T13:00:00+00:00,2026-08-18T14:00:00+00:00,19405,19406,19421,64268.5,64008.0,64715.07,260.5,0.405331,86,internal|bos|brk19406|form19405,internal,64268.5,64008.0,1.71428,1,2.68714,0.502879,7,TP_HIT,2026-08-19T12:00:00+00:00,0.405662,1.252657,0.405331,1.252657,0.798464,0.220729,0.03071,1.252657,2.382694,16.0,15.0,2.0,0.252455,1.0,0.0,0.0,0.0,1.0,0.651054,0.002404,0.323841,14.0,0.233234,0.855942,-0.387029,-0.731958,1.26231,0.710533,1.0
ETHUSD_19422_BEARISH_19415_19418,ETHUSD,1h,SHORT,2026-08-19T06:00:00+00:00,2026-08-18T23:00:00+00:00,2026-08-19T02:00:00+00:00,19415,19418,19422,1912.1,1919.5,1899.41,7.4,0.387009,90,internal|choch|brk19418|form19415,internal,1919.5,1912.1,-1.0,0,0.0,1.189189,1,SL_HIT,2026-08-19T07:00:00+00:00,0.38604,0.887138,0.387009,0.887138,0.351351,0.662162,0.675676,0.887138,0.719301,7.0,4.0,3.0,0.575441,0.0,1.0,0.0,0.0,0.0,0.896964,0.059942,0.435152,8.0,0.260064,1.408632,0.214345,0.0,0.754251,0.865215,0.0
