trade_num,asset,direction,ob_zone,decision_time_ist,entry_time_ist,exit_time_ist,entry_price,sl_price,tp_price,sl_dist_pct,leverage,actual_sl_risk_pct,tp_ret_pct,outcome,realized_r,loss_mechanism,starting_capital_gross,gross_pnl_usd,ending_capital_gross,starting_capital_net,fees_usd,net_pnl_usd,ending_capital_net
1,BTCUSD,SHORT,"[69612.00, 69813.00]",2024-06-10 19:30 IST,2024-06-10 19:30 IST,2024-06-10 20:30 IST,69662.25,69813.0,69244.2765,0.2164,100.0,21.64,60.0,FILLED_SL,-1.0,CONSOLIDATION_REVERSAL,10.0,-2.164,7.836,10.0,0.8,-2.964,7.036
2,ETHUSD,SHORT,"[3699.60, 3727.65]",2024-06-10 20:30 IST,2024-06-10 20:30 IST,2024-06-10 20:30 IST,3706.6125,3727.65,3684.3728,0.5676,61.67,35.0,37.0,FILLED_TP,1.0571,N/A,7.836,2.8993,10.7353,7.036,0.3471,2.2562,9.2922
3,BTCUSD,LONG,"[69186.00, 69492.00]",2024-06-11 00:30 IST,2024-06-11 00:30 IST,2024-06-11 06:30 IST,69415.5,69186.0,69831.993,0.3306,100.0,33.06,60.0,FILLED_SL,-1.0,CONSOLIDATION_REVERSAL,10.7353,-3.5493,7.186,9.2922,0.7434,-3.8155,5.4767
4,XRPUSD,LONG,"[0.49, 0.50]",2024-06-11 01:30 IST,2024-06-11 01:30 IST,2024-06-11 06:30 IST,0.4959,0.4939,0.4988,0.3933,89.0,35.0,53.4,FILLED_SL,-1.0,CONSOLIDATION_REVERSAL,7.186,-2.5151,4.6709,5.4767,0.3899,-2.3068,3.1699
5,SOLUSD,LONG,"[157.95, 159.29]",2024-06-11 04:30 IST,2024-06-11 04:30 IST,2024-06-11 06:30 IST,158.9537,157.948,159.9075,0.6327,55.32,35.0,33.19,FILLED_SL,-1.0,CONSOLIDATION_REVERSAL,4.6709,-1.6348,3.0361,3.1699,0.1403,-1.2497,1.9202
6,ETHUSD,SHORT,"[3525.25, 3547.00]",2024-06-12 12:30 IST,2024-06-12 13:30 IST,2024-06-12 15:30 IST,3530.6875,3547.0,3509.5034,0.462,75.75,35.0,45.45,FILLED_SL,-1.0,CONSOLIDATION_REVERSAL,3.0361,-1.0626,1.9735,1.9202,0.1164,-0.7884,1.1317
7,BTCUSD,SHORT,"[69627.00, 70198.00]",2024-06-12 21:30 IST,2024-06-12 21:30 IST,2024-06-12 21:30 IST,69769.75,70198.0,69351.1315,0.6138,57.02,35.0,34.21,FILLED_TP,0.9775,N/A,1.9735,0.6752,2.6486,1.1317,0.0516,0.3356,1.4673
8,SOLUSD,LONG,"[145.65, 148.29]",2024-06-14 00:30 IST,2024-06-14 01:30 IST,2024-06-14 07:30 IST,147.6325,145.645,148.5183,1.3462,26.0,35.0,15.6,FILLED_TP,0.4457,N/A,2.6486,0.4132,3.0618,1.4673,0.0305,0.1984,1.6657
9,XRPUSD,SHORT,"[0.48, 0.48]",2024-06-15 13:30 IST,2024-06-15 13:30 IST,2024-06-15 15:30 IST,0.4794,0.4807,0.4765,0.2659,100.0,26.59,60.0,FILLED_SL,-1.0,CONSOLIDATION_REVERSAL,3.0618,-0.8143,2.2475,1.6657,0.1333,-0.5762,1.0894
10,BTCUSD,SHORT,"[66233.00, 66503.50]",2024-06-16 10:30 IST,2024-06-16 11:30 IST,2024-06-16 15:30 IST,66300.625,66503.5,65902.8212,0.306,100.0,30.6,60.0,FILLED_SL,-1.0,CONSOLIDATION_REVERSAL,2.2475,-0.6877,1.5598,1.0894,0.0872,-0.4205,0.6689
11,ETHUSD,LONG,"[3578.45, 3613.05]",2024-06-17 06:30 IST,2024-06-17 06:30 IST,2024-06-17 06:30 IST,3604.4,3578.45,3626.0264,0.72,48.61,35.0,29.17,FILLED_TP,0.8334,N/A,1.5598,0.455,2.0148,0.6689,0.026,0.1691,0.838
12,XRPUSD,LONG,"[0.48, 0.49]",2024-06-17 11:30 IST,2024-06-17 11:30 IST,2024-06-17 11:30 IST,0.4864,0.4849,0.4893,0.3084,100.0,30.84,60.0,FILLED_TP,1.9456,N/A,2.0148,1.2089,3.2236,0.838,0.067,0.4358,1.2738
13,BTCUSD,SHORT,"[66563.50, 66993.00]",2024-06-17 22:30 IST,2024-06-17 23:30 IST,2024-06-17 23:30 IST,66670.875,66993.0,66270.8497,0.4832,72.44,35.0,43.46,FILLED_SL,-1.0,INSTANT_BLOWTHROUGH,3.2236,-1.1283,2.0954,1.2738,0.0738,-0.5196,0.7542
14,BTCUSD,SHORT,"[66969.00, 67392.00]",2024-06-17 23:30 IST,2024-06-17 23:30 IST,2024-06-17 23:30 IST,67074.75,67392.0,66672.3015,0.473,74.0,35.0,44.4,FILLED_TP,1.2686,N/A,2.0954,0.9303,3.0257,0.7542,0.0446,0.2902,1.0443
15,BTCUSD,LONG,"[65139.00, 65808.00]",2024-06-18 05:30 IST,2024-06-18 05:30 IST,2024-06-18 05:30 IST,65640.75,65139.0,66034.5945,0.7644,45.79,35.0,27.47,FILLED_TP,0.7849,N/A,3.0257,0.8312,3.8569,1.0443,0.0383,0.2487,1.293
16,ETHUSD,SHORT,"[3548.20, 3579.60]",2024-06-19 08:30 IST,2024-06-19 08:30 IST,2024-06-19 08:30 IST,3556.05,3579.6,3534.7137,0.6623,52.85,35.0,31.71,FILLED_TP,0.906,N/A,3.8569,1.223,5.08,1.293,0.0547,0.3553,1.6483
17,BTCUSD,SHORT,"[65561.00, 65851.00]",2024-06-19 11:30 IST,2024-06-19 12:30 IST,2024-06-19 12:30 IST,65633.5,65851.0,65239.699,0.3314,100.0,33.14,60.0,FILLED_TP,1.8106,N/A,5.08,3.048,8.128,1.6483,0.1319,0.8571,2.5055
18,XRPUSD,SHORT,"[0.50, 0.50]",2024-06-19 22:30 IST,2024-06-19 22:30 IST,2024-06-19 22:30 IST,0.4971,0.5001,0.4941,0.6035,57.99,35.0,34.8,FILLED_TP,0.9942,N/A,8.128,2.8283,10.9563,2.5055,0.1162,0.7556,3.2611
19,XRPUSD,LONG,"[0.49, 0.49]",2024-06-20 19:30 IST,2024-06-20 19:30 IST,2024-06-20 20:30 IST,0.4943,0.4921,0.4972,0.44,79.54,35.0,47.72,FILLED_SL,-1.0,DUAL_TOUCH_AMBIGUITY,10.9563,-3.8347,7.1216,3.2611,0.2075,-1.3489,1.9122
20,SOLUSD,LONG,"[130.42, 132.91]",2024-06-20 21:30 IST,2024-06-20 21:30 IST,2024-06-20 21:30 IST,132.284,130.418,133.0777,1.4106,24.81,35.0,14.89,FILLED_TP,0.4254,N/A,7.1216,1.0602,8.1818,1.9122,0.038,0.2467,2.1589
21,ETHUSD,SHORT,"[3507.95, 3537.00]",2024-06-21 14:30 IST,2024-06-21 14:30 IST,2024-06-21 14:30 IST,3515.2125,3537.0,3494.1212,0.6198,56.47,35.0,33.88,FILLED_TP,0.968,N/A,8.1818,2.7721,10.9539,2.1589,0.0975,0.6339,2.7928
22,XRPUSD,SHORT,"[0.49, 0.49]",2024-06-21 15:30 IST,2024-06-21 15:30 IST,2024-06-21 16:30 IST,0.4904,0.4931,0.4875,0.5506,63.57,35.0,38.14,FILLED_SL,-1.0,CONSOLIDATION_REVERSAL,10.9539,-3.8339,7.12,2.7928,0.142,-1.1195,1.6733
23,SOLUSD,SHORT,"[134.25, 135.78]",2024-06-22 03:30 IST,2024-06-22 03:30 IST,2024-06-22 03:30 IST,134.6337,135.785,133.8259,0.8551,40.93,35.0,24.56,FILLED_TP,0.7017,N/A,7.12,1.7486,8.8686,1.6733,0.0548,0.3562,2.0295
24,SOLUSD,LONG,"[133.21, 134.34]",2024-06-22 13:30 IST,2024-06-22 13:30 IST,2024-06-22 13:30 IST,134.0532,133.208,134.8576,0.6305,55.51,35.0,33.31,FILLED_TP,0.9516,N/A,8.8686,2.9537,11.8223,2.0295,0.0901,0.5858,2.6153
25,ETHUSD,SHORT,"[3505.15, 3513.15]",2024-06-22 20:30 IST,2024-06-22 21:30 IST,2024-06-23 07:30 IST,3507.15,3513.15,3486.1071,0.1711,100.0,17.11,60.0,FILLED_SL,-1.0,CONSOLIDATION_REVERSAL,11.8223,-2.0226,9.7998,2.6153,0.2092,-0.6566,1.9586
26,ETHUSD,LONG,"[3486.60, 3498.35]",2024-06-23 15:30 IST,2024-06-23 15:30 IST,2024-06-23 19:30 IST,3495.4125,3486.6,3516.385,0.2521,100.0,25.21,60.0,FILLED_SL,-1.0,CONSOLIDATION_REVERSAL,9.7998,-2.4707,7.3291,1.9586,0.1567,-0.6505,1.3081
27,SOLUSD,LONG,"[133.11, 134.26]",2024-06-23 15:30 IST,2024-06-23 15:30 IST,2024-06-23 19:30 IST,133.9762,133.11,134.7801,0.6466,54.13,35.0,32.48,FILLED_SL,-1.0,CONSOLIDATION_REVERSAL,7.3291,-2.5652,4.7639,1.3081,0.0566,-0.5145,0.7936
28,BTCUSD,LONG,"[63859.50, 64227.50]",2024-06-23 19:30 IST,2024-06-23 20:30 IST,2024-06-24 01:30 IST,64135.5,63859.5,64520.313,0.4303,81.33,35.0,48.8,FILLED_SL,-1.0,CONSOLIDATION_REVERSAL,4.7639,-1.6674,3.0965,0.7936,0.0516,-0.3294,0.4642
29,ETHUSD,LONG,"[3346.65, 3365.75]",2024-06-26 20:30 IST,2024-06-26 20:30 IST,2024-06-26 22:30 IST,3360.975,3346.65,3381.1408,0.4262,82.12,35.0,49.27,FILLED_SL,-1.0,CONSOLIDATION_REVERSAL,3.0965,-1.0838,2.0127,0.4642,0.0305,-0.193,0.2713
30,BTCUSD,LONG,"[60646.50, 61262.50]",2024-06-26 22:30 IST,2024-06-26 22:30 IST,2024-06-27 11:30 IST,61108.5,60646.5,61475.151,0.756,46.29,35.0,27.78,FILLED_SL,-1.0,CONSOLIDATION_REVERSAL,2.0127,-0.7045,1.3083,0.2713,0.01,-0.105,0.1663
31,ETHUSD,LONG,"[3436.30, 3454.95]",2024-06-28 07:30 IST,2024-06-28 07:30 IST,2024-06-28 07:30 IST,3450.2875,3436.3,3470.9892,0.4054,86.33,35.0,51.8,FILLED_TP,1.48,N/A,1.3083,0.6777,1.986,0.1663,0.0115,0.0746,0.2409
32,XRPUSD,SHORT,"[0.48, 0.48]",2024-06-28 08:30 IST,2024-06-28 08:30 IST,2024-06-28 13:30 IST,0.4764,0.479,0.4735,0.551,63.52,35.0,38.11,FILLED_SL,-1.0,CONSOLIDATION_REVERSAL,1.986,-0.6951,1.2909,0.2409,0.0122,-0.0966,0.1444
33,BTCUSD,SHORT,"[61495.50, 62212.50]",2024-06-28 14:30 IST,2024-06-28 16:30 IST,2024-06-28 18:30 IST,61674.75,62212.5,61304.7015,0.8719,40.14,35.0,24.08,FILLED_TP,0.6881,N/A,1.2909,0.3109,1.6018,0.1444,0.0046,0.0301,0.1745
34,ETHUSD,SHORT,"[3445.65, 3485.00]",2024-06-28 15:30 IST,2024-06-28 16:30 IST,2024-06-28 18:30 IST,3455.4875,3485.0,3434.7546,0.8541,40.98,35.0,24.59,FILLED_TP,0.7025,N/A,1.6018,0.3939,1.9957,0.1745,0.0057,0.0372,0.2117
35,BTCUSD,LONG,"[60723.00, 60995.50]",2024-06-29 13:30 IST,2024-06-29 14:30 IST,2024-06-30 10:30 IST,60927.375,60723.0,61292.9393,0.3354,100.0,33.54,60.0,FILLED_SL,-1.0,CONSOLIDATION_REVERSAL,1.9957,-0.6694,1.3262,0.2117,0.0169,-0.0879,0.1237
36,BTCUSD,SHORT,"[61316.00, 61865.50]",2024-06-30 12:30 IST,2024-06-30 12:30 IST,2024-06-30 12:30 IST,61453.375,61865.5,61084.6548,0.6706,52.19,35.0,31.31,FILLED_TP,0.8947,N/A,1.3262,0.4153,1.7415,0.1237,0.0052,0.0336,0.1573
37,ETHUSD,SHORT,"[3388.05, 3407.70]",2024-06-30 12:30 IST,2024-06-30 12:30 IST,2024-06-30 22:30 IST,3392.9625,3407.7,3372.6047,0.4344,80.58,35.0,48.35,FILLED_SL,-1.0,CONSOLIDATION_REVERSAL,1.7415,-0.6095,1.132,0.1573,0.0101,-0.0652,0.0921
38,XRPUSD,LONG,"[0.48, 0.48]",2024-07-01 16:30 IST,2024-07-01 20:30 IST,2024-07-01 20:30 IST,0.4788,0.4757,0.4816,0.6423,54.49,35.0,32.7,FILLED_TP,0.9342,N/A,1.132,0.3701,1.5021,0.0921,0.004,0.0261,0.1182
39,XRPUSD,SHORT,"[0.48, 0.48]",2024-07-02 10:30 IST,2024-07-02 10:30 IST,2024-07-02 14:30 IST,0.4796,0.4827,0.4767,0.6411,54.59,35.0,32.75,FILLED_SL,-1.0,CONSOLIDATION_REVERSAL,1.5021,-0.5257,0.9764,0.1182,0.0052,-0.0465,0.0717
40,SOLUSD,LONG,"[146.92, 148.37]",2024-07-02 19:30 IST,2024-07-02 19:30 IST,2024-07-02 19:30 IST,148.0057,146.918,148.8937,0.7349,47.63,35.0,28.58,FILLED_TP,0.8165,N/A,0.9764,0.279,1.2554,0.0717,0.0027,0.0178,0.0894
41,ETHUSD,SHORT,"[3305.55, 3325.40]",2024-07-04 05:30 IST,2024-07-04 05:30 IST,2024-07-04 06:30 IST,3310.5125,3325.4,3290.6494,0.4497,77.83,35.0,46.7,FILLED_TP,1.3342,N/A,1.2554,0.5862,1.8416,0.0894,0.0056,0.0362,0.1256
42,SOLUSD,SHORT,"[133.93, 135.90]",2024-07-05 20:30 IST,2024-07-05 20:30 IST,2024-07-05 20:30 IST,134.4188,135.9,133.6122,1.102,31.76,35.0,19.06,FILLED_TP,0.5445,N/A,1.8416,0.351,2.1926,0.1256,0.0032,0.0207,0.1464
43,XRPUSD,LONG,"[0.42, 0.43]",2024-07-06 06:30 IST,2024-07-06 06:30 IST,2024-07-06 11:30 IST,0.4259,0.422,0.4285,0.9157,38.22,35.0,22.93,FILLED_TP,0.6552,N/A,2.1926,0.5028,2.6954,0.1464,0.0045,0.0291,0.1755
44,SOLUSD,SHORT,"[134.06, 135.98]",2024-07-06 08:30 IST,2024-07-06 08:30 IST,2024-07-06 08:30 IST,134.5385,135.977,133.7313,1.0692,32.73,35.0,19.64,FILLED_TP,0.5612,N/A,2.6954,0.5294,3.2248,0.1755,0.0046,0.0299,0.2053
45,BTCUSD,SHORT,"[58149.00, 58666.50]",2024-07-07 04:30 IST,2024-07-07 04:30 IST,2024-07-07 05:30 IST,58278.375,58666.5,57928.7047,0.666,52.55,35.0,31.53,FILLED_TP,0.9009,N/A,3.2248,1.0169,4.2417,0.2053,0.0086,0.0561,0.2614
46,ETHUSD,LONG,"[2984.95, 3005.95]",2024-07-07 12:30 IST,2024-07-07 12:30 IST,2024-07-07 12:30 IST,3000.7,2984.95,3018.7042,0.5249,66.68,35.0,40.01,FILLED_TP,1.1431,N/A,4.2417,1.6971,5.9387,0.2614,0.0139,0.0906,0.3521
47,XRPUSD,LONG,"[0.42, 0.43]",2024-07-07 18:30 IST,2024-07-07 18:30 IST,2024-07-07 18:30 IST,0.4273,0.4238,0.4298,0.8075,43.34,35.0,26.01,FILLED_TP,0.743,N/A,5.9387,1.5445,7.4832,0.3521,0.0122,0.0794,0.4314
48,BTCUSD,LONG,"[56017.50, 56486.50]",2024-07-08 03:30 IST,2024-07-08 04:30 IST,2024-07-08 04:30 IST,56369.25,56017.5,56707.4655,0.624,56.09,35.0,33.65,FILLED_SL,-1.0,INSTANT_BLOWTHROUGH,7.4832,-2.6191,4.8641,0.4314,0.0194,-0.1704,0.2611
49,BTCUSD,SHORT,"[57491.50, 57914.00]",2024-07-08 13:30 IST,2024-07-08 13:30 IST,2024-07-08 13:30 IST,57597.125,57914.0,57251.5422,0.5502,63.62,35.0,38.17,FILLED_TP,1.0906,N/A,4.8641,1.8567,6.7207,0.2611,0.0133,0.0864,0.3474
50,BTCUSD,LONG,"[56901.00, 57500.50]",2024-07-10 05:30 IST,2024-07-10 06:30 IST,2024-07-10 06:30 IST,57350.625,56901.0,57694.7288,0.784,44.64,35.0,26.79,FILLED_TP,0.7653,N/A,6.7207,1.8002,8.5209,0.3474,0.0124,0.0807,0.4281
51,ETHUSD,SHORT,"[3046.75, 3080.05]",2024-07-10 06:30 IST,2024-07-10 06:30 IST,2024-07-10 06:30 IST,3055.075,3080.05,3036.7445,0.8175,42.81,35.0,25.69,FILLED_TP,0.734,N/A,8.5209,2.1889,10.7098,0.4281,0.0147,0.0953,0.5234
52,BTCUSD,LONG,"[57347.50, 58008.50]",2024-07-10 18:30 IST,2024-07-10 18:30 IST,2024-07-10 18:30 IST,57843.25,57347.5,58190.3095,0.8571,40.84,35.0,24.5,FILLED_TP,0.7001,N/A,10.7098,2.6242,13.3339,0.5234,0.0171,0.1111,0.6346
53,XRPUSD,LONG,"[0.43, 0.43]",2024-07-10 19:30 IST,2024-07-10 19:30 IST,2024-07-10 20:30 IST,0.434,0.4322,0.4366,0.4147,84.39,35.0,50.63,FILLED_SL,-1.0,CONSOLIDATION_REVERSAL,13.3339,-4.6669,8.6671,0.6346,0.0428,-0.2649,0.3696
54,SOLUSD,LONG,"[138.60, 140.65]",2024-07-11 08:30 IST,2024-07-11 08:30 IST,2024-07-11 08:30 IST,140.1335,138.596,140.9743,1.0972,31.9,35.0,19.14,FILLED_TP,0.5469,N/A,8.6671,1.6589,10.326,0.3696,0.0094,0.0613,0.4309
55,ETHUSD,SHORT,"[3090.85, 3130.10]",2024-07-11 10:30 IST,2024-07-11 11:30 IST,2024-07-11 13:30 IST,3100.6625,3130.1,3082.0585,0.9494,36.87,35.0,22.12,FILLED_SL,-1.0,CONSOLIDATION_REVERSAL,10.326,-3.6141,6.7119,0.4309,0.0127,-0.1635,0.2674
56,ETHUSD,SHORT,"[3140.60, 3168.30]",2024-07-11 14:30 IST,2024-07-11 15:30 IST,2024-07-11 17:30 IST,3147.525,3168.3,3128.6399,0.66,53.03,35.0,31.82,FILLED_SL,-1.0,DUAL_TOUCH_AMBIGUITY,6.7119,-2.3492,4.3627,0.2674,0.0113,-0.1049,0.1625
57,BTCUSD,LONG,"[57055.00, 57960.00]",2024-07-11 19:30 IST,2024-07-11 19:30 IST,2024-07-11 19:30 IST,57733.75,57055.0,58080.1525,1.1757,29.77,35.0,17.86,FILLED_TP,0.5104,N/A,4.3627,0.7793,5.142,0.1625,0.0039,0.0252,0.1876
58,SOLUSD,LONG,"[139.26, 141.80]",2024-07-11 19:30 IST,2024-07-11 19:30 IST,2024-07-11 19:30 IST,141.164,139.256,142.011,1.3516,25.89,35.0,15.54,FILLED_TP,0.4439,N/A,5.142,0.7989,5.9409,0.1876,0.0039,0.0253,0.2129
59,SOLUSD,LONG,"[135.25, 138.60]",2024-07-11 20:30 IST,2024-07-11 21:30 IST,2024-07-11 21:30 IST,137.7612,135.245,138.5878,1.8265,19.16,35.0,11.5,FILLED_TP,0.3285,N/A,5.9409,0.683,6.6239,0.2129,0.0033,0.0212,0.2341
60,ETHUSD,LONG,"[3055.00, 3107.80]",2024-07-12 03:30 IST,2024-07-12 04:30 IST,2024-07-12 05:30 IST,3094.6,3055.0,3113.1676,1.2796,27.35,35.0,16.41,FILLED_TP,0.4689,N/A,6.6239,1.087,7.711,0.2341,0.0051,0.0333,0.2674
61,ETHUSD,LONG,"[3163.70, 3188.00]",2024-07-14 18:30 IST,2024-07-14 19:30 IST,2024-07-14 19:30 IST,3181.925,3163.7,3201.0166,0.5728,61.11,35.0,36.66,FILLED_TP,1.0475,N/A,7.711,2.8272,10.5382,0.2674,0.0131,0.085,0.3523
62,XRPUSD,SHORT,"[0.53, 0.53]",2024-07-15 09:30 IST,2024-07-15 11:30 IST,2024-07-15 11:30 IST,0.5305,0.5345,0.5273,0.7493,46.71,35.0,28.03,FILLED_TP,0.8008,N/A,10.5382,2.9536,13.4918,0.3523,0.0132,0.0856,0.4379
63,XRPUSD,LONG,"[0.52, 0.53]",2024-07-15 20:30 IST,2024-07-15 20:30 IST,2024-07-15 20:30 IST,0.5245,0.5198,0.5276,0.8866,39.47,35.0,23.68,FILLED_TP,0.6767,N/A,13.4918,3.1955,16.6873,0.4379,0.0138,0.0899,0.5278
64,ETHUSD,SHORT,"[3490.00, 3522.30]",2024-07-17 14:30 IST,2024-07-17 14:30 IST,2024-07-17 16:30 IST,3498.075,3522.3,3477.0865,0.6925,50.54,35.0,30.32,FILLED_TP,0.8664,N/A,16.6873,5.0602,21.7475,0.5278,0.0213,0.1387,0.6665
65,ETHUSD,LONG,"[3414.85, 3439.70]",2024-07-17 20:30 IST,2024-07-17 20:30 IST,2024-07-17 20:30 IST,3433.4875,3414.85,3454.0884,0.5428,64.48,35.0,38.69,FILLED_TP,1.1053,N/A,21.7475,8.4135,30.161,0.6665,0.0344,0.2235,0.89
66,ETHUSD,SHORT,"[3413.15, 3428.90]",2024-07-18 06:30 IST,2024-07-18 06:30 IST,2024-07-18 07:30 IST,3417.0875,3428.9,3396.585,0.3457,100.0,34.57,60.0,FILLED_SL,-1.0,DUAL_TOUCH_AMBIGUITY,30.161,-10.4263,19.7347,0.89,0.0712,-0.3789,0.5112
67,XRPUSD,LONG,"[0.57, 0.58]",2024-07-18 12:30 IST,2024-07-18 12:30 IST,2024-07-18 12:30 IST,0.5779,0.5737,0.5814,0.7268,48.16,35.0,28.89,FILLED_TP,0.8256,N/A,19.7347,5.7023,25.437,0.5112,0.0197,0.128,0.6392
68,SOLUSD,SHORT,"[161.63, 163.60]",2024-07-19 08:30 IST,2024-07-19 09:30 IST,2024-07-19 09:30 IST,162.1202,163.603,161.1475,0.9146,38.27,35.0,22.96,FILLED_TP,0.656,N/A,25.437,5.8406,31.2776,0.6392,0.0196,0.1272,0.7663
69,ETHUSD,LONG,"[3384.25, 3415.40]",2024-07-19 12:30 IST,2024-07-19 12:30 IST,2024-07-19 12:30 IST,3407.6125,3384.25,3428.0582,0.6856,51.05,35.0,30.63,FILLED_TP,0.8751,N/A,31.2776,9.5804,40.8579,0.7663,0.0313,0.2034,0.9698
70,XRPUSD,SHORT,"[0.57, 0.58]",2024-07-19 21:30 IST,2024-07-19 21:30 IST,2024-07-19 21:30 IST,0.5772,0.5838,0.5737,1.1435,30.61,35.0,18.37,FILLED_TP,0.5247,N/A,40.8579,7.5037,48.3617,0.9698,0.0237,0.1544,1.1241
71,SOLUSD,SHORT,"[169.39, 172.75]",2024-07-20 05:30 IST,2024-07-20 06:30 IST,2024-07-20 11:30 IST,170.2344,172.754,169.213,1.4801,23.65,35.0,14.19,FILLED_TP,0.4054,N/A,48.3617,6.8617,55.2234,1.1241,0.0213,0.1382,1.2624
72,SOLUSD,SHORT,"[173.96, 175.63]",2024-07-20 22:30 IST,2024-07-20 22:30 IST,2024-07-20 22:30 IST,174.38,175.634,173.3337,0.7191,48.67,35.0,29.2,FILLED_TP,0.8344,N/A,55.2234,16.1266,71.3499,1.2624,0.0492,0.3195,1.5819
73,ETHUSD,SHORT,"[3518.15, 3548.00]",2024-07-21 04:30 IST,2024-07-21 05:30 IST,2024-07-21 05:30 IST,3525.6125,3548.0,3504.4588,0.635,55.12,35.0,33.07,FILLED_TP,0.9449,N/A,71.3499,23.5962,94.9461,1.5819,0.0698,0.4534,2.0353
74,XRPUSD,LONG,"[0.59, 0.60]",2024-07-21 10:30 IST,2024-07-21 11:30 IST,2024-07-21 13:30 IST,0.5955,0.5884,0.599,1.184,29.56,35.0,17.74,FILLED_SL,-1.0,CONSOLIDATION_REVERSAL,94.9461,-33.2311,61.715,2.0353,0.0481,-0.7605,1.2748
75,ETHUSD,LONG,"[3480.55, 3490.30]",2024-07-21 11:30 IST,2024-07-21 11:30 IST,2024-07-21 12:30 IST,3487.8625,3480.55,3508.7897,0.2097,100.0,20.97,60.0,FILLED_SL,-1.0,CONSOLIDATION_REVERSAL,61.715,-12.9389,48.7761,1.2748,0.102,-0.3692,0.9055
76,BTCUSD,SHORT,"[67026.50, 67425.50]",2024-07-21 19:30 IST,2024-07-21 19:30 IST,2024-07-21 19:30 IST,67126.25,67425.5,66723.4925,0.4458,78.51,35.0,47.11,FILLED_TP,1.3459,N/A,48.7761,22.9765,71.7526,0.9055,0.0569,0.3697,1.2752
77,ETHUSD,SHORT,"[3504.10, 3529.70]",2024-07-21 19:30 IST,2024-07-21 19:30 IST,2024-07-21 19:30 IST,3510.5,3529.7,3489.437,0.5469,63.99,35.0,38.4,FILLED_TP,1.097,N/A,71.7526,27.5502,99.3028,1.2752,0.0653,0.4244,1.6996
78,BTCUSD,LONG,"[66268.00, 66649.50]",2024-07-21 22:30 IST,2024-07-21 22:30 IST,2024-07-21 22:30 IST,66554.125,66268.0,66953.4497,0.4299,81.41,35.0,48.85,FILLED_TP,1.3956,N/A,99.3028,48.5065,147.8094,1.6996,0.1107,0.7195,2.4191
79,ETHUSD,SHORT,"[3487.00, 3520.70]",2024-07-22 00:30 IST,2024-07-22 00:30 IST,2024-07-22 00:30 IST,3495.425,3520.7,3474.4525,0.7231,48.4,35.0,29.04,FILLED_TP,0.8298,N/A,147.8094,42.927,190.7363,2.4191,0.0937,0.6089,3.0279
80,XRPUSD,SHORT,"[0.60, 0.61]",2024-07-22 07:30 IST,2024-07-22 07:30 IST,2024-07-22 07:30 IST,0.5989,0.6082,0.5953,1.5528,22.54,35.0,13.52,FILLED_TP,0.3864,N/A,190.7363,25.7943,216.5306,3.0279,0.0546,0.3549,3.3828
81,ETHUSD,LONG,"[3459.50, 3497.75]",2024-07-22 11:30 IST,2024-07-22 11:30 IST,2024-07-22 19:30 IST,3488.1875,3459.5,3509.1166,0.8224,42.56,35.0,25.53,FILLED_SL,-1.0,CONSOLIDATION_REVERSAL,216.5306,-75.7857,140.7449,3.3828,0.1152,-1.2992,2.0837
82,ETHUSD,SHORT,"[3492.00, 3507.65]",2024-07-23 00:30 IST,2024-07-23 00:30 IST,2024-07-23 00:30 IST,3495.9125,3507.65,3474.937,0.3357,100.0,33.57,60.0,FILLED_TP,1.787,N/A,140.7449,84.4469,225.1918,2.0837,0.1667,1.0835,3.1672
83,XRPUSD,LONG,"[0.61, 0.62]",2024-07-23 00:30 IST,2024-07-23 01:30 IST,2024-07-23 01:30 IST,0.615,0.6051,0.6187,1.6098,21.74,35.0,13.05,FILLED_TP,0.3727,N/A,225.1918,29.3773,254.5691,3.1672,0.0551,0.3581,3.5253
84,ETHUSD,LONG,"[3425.15, 3460.00]",2024-07-23 18:30 IST,2024-07-23 18:30 IST,2024-07-23 18:30 IST,3451.2875,3425.15,3471.9952,0.7573,46.22,35.0,27.73,FILLED_TP,0.7923,N/A,254.5691,70.5898,325.159,3.5253,0.1303,0.8472,4.3724
85,XRPUSD,LONG,"[0.59, 0.59]",2024-07-23 18:30 IST,2024-07-23 18:30 IST,2024-07-23 18:30 IST,0.5922,0.5854,0.5957,1.1399,30.7,35.0,18.42,FILLED_TP,0.5264,N/A,325.159,59.9022,385.0612,4.3724,0.1074,0.6981,5.0706
86,ETHUSD,LONG,"[3367.25, 3420.75]",2024-07-23 21:30 IST,2024-07-23 21:30 IST,2024-07-23 21:30 IST,3407.375,3367.25,3427.8193,1.1776,29.72,35.0,17.83,FILLED_TP,0.5095,N/A,385.0612,68.6679,453.7291,5.0706,0.1206,0.7837,5.8542
87,SOLUSD,SHORT,"[177.26, 178.71]",2024-07-24 16:30 IST,2024-07-24 16:30 IST,2024-07-24 17:30 IST,177.6252,178.706,176.5595,0.6084,57.52,35.0,34.51,FILLED_TP,0.9861,N/A,453.7291,156.6013,610.3305,5.8542,0.2694,1.7511,7.6054
88,BTCUSD,LONG,"[65486.00, 65939.00]",2024-07-24 23:30 IST,2024-07-24 23:30 IST,2024-07-24 23:30 IST,65825.75,65486.0,66220.7045,0.5161,67.81,35.0,40.69,FILLED_TP,1.1625,N/A,610.3305,248.3251,858.6556,7.6054,0.4126,2.6818,10.2872
89,BTCUSD,SHORT,"[67368.50, 68250.00]",2024-07-26 23:30 IST,2024-07-26 23:30 IST,2024-07-27 12:30 IST,67588.875,68250.0,67183.3418,0.9782,35.78,35.0,21.47,FILLED_SL,-1.0,CONSOLIDATION_REVERSAL,858.6556,-300.5295,558.1261,10.2872,0.2945,-3.895,6.3922
90,ETHUSD,LONG,"[3220.45, 3271.40]",2024-07-27 05:30 IST,2024-07-27 05:30 IST,2024-07-27 13:30 IST,3258.6625,3220.45,3278.2145,1.1726,29.85,35.0,17.91,FILLED_TP,0.5117,N/A,558.1261,99.9506,658.0768,6.3922,0.1526,0.9921,7.3843
91,BTCUSD,LONG,"[67427.00, 68223.50]",2024-07-27 15:30 IST,2024-07-27 16:30 IST,2024-07-27 17:30 IST,68024.375,67427.0,68432.5213,0.8782,39.86,35.0,23.91,FILLED_TP,0.6832,N/A,658.0768,157.3669,815.4437,7.3843,0.2354,1.5304,8.9147
92,SOLUSD,LONG,"[179.17, 183.09]",2024-07-27 20:30 IST,2024-07-27 20:30 IST,2024-07-27 20:30 IST,182.109,179.166,183.2017,1.6161,21.66,35.0,12.99,FILLED_TP,0.3713,N/A,815.4437,105.963,921.4067,8.9147,0.1545,1.004,9.9186
93,ETHUSD,LONG,"[3243.15, 3260.60]",2024-07-27 23:30 IST,2024-07-27 23:30 IST,2024-07-28 00:30 IST,3256.2375,3243.15,3275.7749,0.4019,87.08,35.0,52.25,FILLED_SL,-1.0,CONSOLIDATION_REVERSAL,921.4067,-322.4924,598.9144,9.9186,0.691,-4.1625,5.7561
94,XRPUSD,SHORT,"[0.60, 0.61]",2024-07-28 10:30 IST,2024-07-28 10:30 IST,2024-07-28 10:30 IST,0.6036,0.6094,0.6,0.9567,36.58,35.0,21.95,FILLED_TP,0.6271,N/A,598.9144,131.4617,730.3761,5.7561,0.1685,1.095,6.8511
95,BTCUSD,SHORT,"[69573.00, 70024.00]",2024-07-29 15:30 IST,2024-07-29 15:30 IST,2024-07-29 18:30 IST,69685.75,70024.0,69267.6355,0.4854,72.11,35.0,43.26,FILLED_SL,-1.0,DUAL_TOUCH_AMBIGUITY,730.3761,-255.6316,474.7445,6.8511,0.3952,-2.7931,4.058
96,SOLUSD,LONG,"[182.60, 184.25]",2024-07-30 02:30 IST,2024-07-30 02:30 IST,2024-07-30 02:30 IST,183.8345,182.603,184.9375,0.6699,52.25,35.0,31.35,FILLED_TP,0.8957,N/A,474.7445,148.8236,623.5681,4.058,0.1696,1.1025,5.1605
97,BTCUSD,LONG,"[65940.50, 66469.00]",2024-07-30 18:30 IST,2024-07-30 18:30 IST,2024-07-30 18:30 IST,66336.875,65940.5,66734.8963,0.5975,58.58,35.0,35.15,FILLED_TP,1.0042,N/A,623.5681,219.1553,842.7233,5.1605,0.2418,1.5719,6.7324
98,ETHUSD,LONG,"[3284.70, 3315.15]",2024-07-30 19:30 IST,2024-07-30 19:30 IST,2024-07-30 19:30 IST,3307.5375,3284.7,3327.3827,0.6905,50.69,35.0,30.41,FILLED_TP,0.869,N/A,842.7233,256.307,1099.0303,6.7324,0.273,1.7746,8.507
99,SOLUSD,SHORT,"[181.45, 184.84]",2024-07-31 06:30 IST,2024-07-31 11:30 IST,2024-07-31 17:30 IST,182.3015,184.844,181.2077,1.3947,25.1,35.0,15.06,FILLED_TP,0.4302,N/A,1099.0303,165.4849,1264.5152,8.507,0.1708,1.1101,9.6171
100,ETHUSD,SHORT,"[3328.15, 3366.70]",2024-07-31 18:30 IST,2024-07-31 18:30 IST,2024-07-31 18:30 IST,3337.7875,3366.7,3317.7608,0.8662,40.41,35.0,24.24,FILLED_TP,0.6927,N/A,1264.5152,306.5606,1571.0758,9.6171,0.3109,2.0206,11.6377
101,XRPUSD,LONG,"[0.62, 0.63]",2024-08-01 01:30 IST,2024-08-01 01:30 IST,2024-08-01 01:30 IST,0.6266,0.6193,0.6304,1.1729,29.84,35.0,17.9,FILLED_TP,0.5116,N/A,1571.0758,281.2899,1852.3657,11.6377,0.2778,1.8058,13.4436
102,BTCUSD,LONG,"[63760.00, 64368.00]",2024-08-01 06:30 IST,2024-08-01 06:30 IST,2024-08-01 06:30 IST,64216.0,63760.0,64601.296,0.7101,49.29,35.0,29.57,FILLED_TP,0.8449,N/A,1852.3657,547.803,2400.1688,13.4436,0.5301,3.4456,16.8892
103,XRPUSD,LONG,"[0.60, 0.61]",2024-08-01 18:30 IST,2024-08-01 18:30 IST,2024-08-01 18:30 IST,0.6079,0.6017,0.6116,1.024,34.18,35.0,20.51,FILLED_TP,0.586,N/A,2400.1688,492.2341,2892.4029,16.8892,0.4618,3.0019,19.891
104,XRPUSD,LONG,"[0.59, 0.60]",2024-08-01 19:30 IST,2024-08-01 19:30 IST,2024-08-01 19:30 IST,0.5948,0.5913,0.5984,0.5926,59.06,35.0,35.44,FILLED_TP,1.0125,N/A,2892.4029,1024.963,3917.3659,19.891,0.9398,6.1088,25.9999
105,XRPUSD,LONG,"[0.58, 0.59]",2024-08-01 20:30 IST,2024-08-01 20:30 IST,2024-08-01 20:30 IST,0.5878,0.5805,0.5913,1.2377,28.28,35.0,16.97,FILLED_TP,0.4848,N/A,3917.3659,664.6478,4582.0137,25.9999,0.5882,3.8231,29.823
106,BTCUSD,SHORT,"[64462.50, 64953.50]",2024-08-02 01:30 IST,2024-08-02 01:30 IST,2024-08-02 01:30 IST,64585.25,64953.5,64197.7385,0.5702,61.38,35.0,36.83,FILLED_TP,1.0523,N/A,4582.0137,1687.5874,6269.601,29.823,1.4645,9.5195,39.3425
107,XRPUSD,LONG,"[0.54, 0.56]",2024-08-03 20:30 IST,2024-08-03 21:30 IST,2024-08-03 21:30 IST,0.5546,0.5435,0.5579,2.0014,17.49,35.0,10.49,FILLED_TP,0.2998,N/A,6269.601,657.8337,6927.4347,39.3425,0.5504,3.5776,42.9201
108,SOLUSD,SHORT,"[141.27, 143.81]",2024-08-06 10:30 IST,2024-08-06 10:30 IST,2024-08-06 10:30 IST,141.907,143.809,141.0556,1.3403,26.11,35.0,15.67,FILLED_TP,0.4477,N/A,6927.4347,1085.3881,8012.8227,42.9201,0.8966,5.8281,48.7482
109,BTCUSD,LONG,"[56480.50, 57273.50]",2024-08-07 16:30 IST,2024-08-07 16:30 IST,2024-08-07 18:30 IST,57075.25,56480.5,57417.7015,1.042,33.59,35.0,20.15,FILLED_TP,0.5758,N/A,8012.8227,1614.798,9627.6207,48.7482,1.3099,8.5142,57.2624
110,BTCUSD,LONG,"[55553.00, 56365.00]",2024-08-07 19:30 IST,2024-08-07 19:30 IST,2024-08-07 19:30 IST,56162.0,55553.0,56498.972,1.0844,32.28,35.0,19.37,FILLED_TP,0.5533,N/A,9627.6207,1864.505,11492.1257,57.2624,1.4786,9.6109,66.8733
111,ETHUSD,LONG,"[2364.10, 2412.45]",2024-08-07 19:30 IST,2024-08-07 19:30 IST,2024-08-07 19:30 IST,2400.3625,2364.1,2414.7647,1.5107,23.17,35.0,13.9,FILLED_TP,0.3972,N/A,11492.1257,1597.4922,13089.6179,66.8733,1.2395,8.0564,74.9298
112,BTCUSD,LONG,"[54399.50, 55409.50]",2024-08-07 23:30 IST,2024-08-07 23:30 IST,2024-08-07 23:30 IST,55157.0,54399.5,55487.942,1.3734,25.49,35.0,15.29,FILLED_TP,0.4369,N/A,13089.6179,2001.54,15091.1579,74.9298,1.5277,9.9299,84.8596
113,XRPUSD,SHORT,"[0.53, 0.54]",2024-08-08 00:30 IST,2024-08-08 00:30 IST,2024-08-08 00:30 IST,0.5323,0.54,0.5291,1.4513,24.12,35.0,14.47,FILLED_TP,0.4134,N/A,15091.1579,2183.6319,17274.7898,84.8596,1.6372,10.6417,95.5013
114,XRPUSD,LONG,"[0.60, 0.62]",2024-08-09 01:30 IST,2024-08-09 01:30 IST,2024-08-09 01:30 IST,0.6126,0.6001,0.6163,2.0445,17.12,35.0,10.27,FILLED_TP,0.2935,N/A,17274.7898,1774.3899,19049.1797,95.5013,1.3079,8.5015,104.0028
115,SOLUSD,LONG,"[155.13, 157.20]",2024-08-09 09:30 IST,2024-08-09 09:30 IST,2024-08-09 09:30 IST,156.6827,155.131,157.6228,0.9904,35.34,35.0,21.2,FILLED_TP,0.6058,N/A,19049.1797,4039.1967,23088.3764,104.0028,2.9404,19.1124,123.1153
116,SOLUSD,LONG,"[151.60, 154.35]",2024-08-09 19:30 IST,2024-08-09 19:30 IST,2024-08-09 19:30 IST,153.6595,151.597,154.5815,1.3423,26.08,35.0,15.65,FILLED_TP,0.447,N/A,23088.3764,3612.2529,26700.6293,123.1153,2.5682,16.6936,139.8088
117,XRPUSD,LONG,"[0.58, 0.59]",2024-08-10 23:30 IST,2024-08-10 23:30 IST,2024-08-10 23:30 IST,0.5912,0.5824,0.5947,1.4843,23.58,35.0,14.15,FILLED_TP,0.4042,N/A,26700.6293,3777.5457,30478.175,139.8088,2.6373,17.1425,156.9514
118,SOLUSD,LONG,"[153.58, 155.26]",2024-08-11 09:30 IST,2024-08-11 10:30 IST,2024-08-11 13:30 IST,154.843,153.577,155.7721,0.8176,42.81,35.0,25.68,FILLED_TP,0.7339,N/A,30478.175,7828.2759,38306.4509,156.9514,5.375,34.9377,191.8891
119,ETHUSD,SHORT,"[2659.25, 2707.45]",2024-08-11 13:30 IST,2024-08-11 13:30 IST,2024-08-11 14:30 IST,2671.3,2707.45,2655.2722,1.3533,25.86,35.0,15.52,FILLED_SL,-1.0,CONSOLIDATION_REVERSAL,38306.4509,-13407.2578,24899.1931,191.8891,3.9703,-71.1315,120.7576
120,BTCUSD,LONG,"[60722.00, 61199.00]",2024-08-11 14:30 IST,2024-08-11 14:30 IST,2024-08-11 14:30 IST,61079.75,60722.0,61446.2285,0.5857,59.76,35.0,35.85,FILLED_TP,1.0244,N/A,24899.1931,8927.3421,33826.5351,120.7576,5.7728,37.5235,158.2811
121,ETHUSD,LONG,"[2628.10, 2675.90]",2024-08-13 08:30 IST,2024-08-13 08:30 IST,2024-08-13 08:30 IST,2663.95,2628.1,2679.9337,1.3457,26.01,35.0,15.6,FILLED_TP,0.4458,N/A,33826.5351,5278.5388,39105.0739,158.2811,3.2932,21.4061,179.6872
122,XRPUSD,LONG,"[0.57, 0.58]",2024-08-14 00:30 IST,2024-08-14 01:30 IST,2024-08-14 02:30 IST,0.5757,0.5654,0.5792,1.7977,19.47,35.0,11.68,FILLED_TP,0.3338,N/A,39105.0739,4568.2094,43673.2833,179.6872,2.7988,18.1921,197.8793
123,BTCUSD,SHORT,"[61001.50, 61829.50]",2024-08-14 02:30 IST,2024-08-14 08:30 IST,2024-08-14 08:30 IST,61208.5,61829.5,60841.249,1.0146,34.5,35.0,20.7,FILLED_TP,0.5914,N/A,43673.2833,9039.7262,52713.0095,197.8793,5.4611,35.497,233.3763
124,SOLUSD,LONG,"[142.99, 145.74]",2024-08-14 06:30 IST,2024-08-14 06:30 IST,2024-08-14 06:30 IST,145.0505,142.988,145.9208,1.4219,24.61,35.0,14.77,FILLED_TP,0.422,N/A,52713.0095,7785.0674,60498.0769,233.3763,4.5956,29.8712,263.2475
125,SOLUSD,SHORT,"[145.95, 147.87]",2024-08-14 14:30 IST,2024-08-14 14:30 IST,2024-08-14 15:30 IST,146.4297,147.869,145.5512,0.9829,35.61,35.0,21.37,FILLED_SL,-1.0,CONSOLIDATION_REVERSAL,60498.0769,-21174.3269,39323.75,263.2475,7.4992,-99.6358,163.6117
126,XRPUSD,LONG,"[0.56, 0.57]",2024-08-15 10:30 IST,2024-08-15 10:30 IST,2024-08-15 10:30 IST,0.5658,0.5625,0.5692,0.5832,60.01,35.0,36.01,FILLED_TP,1.0287,N/A,39323.75,14158.6949,53482.4449,163.6117,7.8546,51.0546,214.6663
127,XRPUSD,SHORT,"[0.57, 0.57]",2024-08-15 16:30 IST,2024-08-15 16:30 IST,2024-08-15 22:30 IST,0.5693,0.5745,0.5658,0.9223,37.95,35.0,22.77,FILLED_TP,0.6506,N/A,53482.4449,12177.9527,65660.3976,214.6663,6.5173,42.3622,257.0285
128,ETHUSD,SHORT,"[2662.80, 2680.20]",2024-08-15 20:30 IST,2024-08-15 20:30 IST,2024-08-15 20:30 IST,2667.15,2680.2,2651.1471,0.4893,71.53,35.0,42.92,FILLED_TP,1.2263,N/A,65660.3976,28181.2163,93841.6139,257.0285,14.7088,95.607,352.6355
129,SOLUSD,LONG,"[136.21, 140.60]",2024-08-15 23:30 IST,2024-08-15 23:30 IST,2024-08-15 23:30 IST,139.503,136.212,140.34,2.3591,14.84,35.0,8.9,FILLED_TP,0.2543,N/A,93841.6139,8353.5375,102195.1514,352.6355,4.1854,27.2053,379.8408
130,ETHUSD,LONG,"[2508.60, 2578.05]",2024-08-16 04:30 IST,2024-08-16 06:30 IST,2024-08-16 06:30 IST,2560.6875,2508.6,2576.0516,2.0341,17.21,35.0,10.32,FILLED_TP,0.295,N/A,102195.1514,10550.4906,112745.642,379.8408,5.2286,33.9857,413.8265
131,XRPUSD,SHORT,"[0.57, 0.57]",2024-08-16 11:30 IST,2024-08-16 13:30 IST,2024-08-16 16:30 IST,0.5699,0.5734,0.5665,0.6053,57.82,35.0,34.69,FILLED_TP,0.9912,N/A,112745.642,39114.4044,151860.0464,413.8265,19.1423,124.4249,538.2514
132,BTCUSD,SHORT,"[59418.00, 59844.50]",2024-08-17 22:30 IST,2024-08-17 22:30 IST,2024-08-18 02:30 IST,59524.625,59844.5,59167.4772,0.5374,65.13,35.0,39.08,FILLED_TP,1.1165,N/A,151860.0464,59344.3247,211204.3711,538.2514,28.0453,182.2942,720.5456
133,SOLUSD,LONG,"[140.19, 141.72]",2024-08-18 06:30 IST,2024-08-18 06:30 IST,2024-08-18 06:30 IST,141.3367,140.187,142.1848,0.8135,43.02,35.0,25.81,FILLED_TP,0.7376,N/A,211204.3711,54522.2637,265726.6348,720.5456,24.8011,161.2072,881.7528
134,BTCUSD,LONG,"[59146.00, 59431.00]",2024-08-18 08:30 IST,2024-08-18 08:30 IST,2024-08-18 08:30 IST,59359.75,59146.0,59715.9085,0.3601,97.2,35.0,58.32,FILLED_TP,1.6662,N/A,265726.6348,154967.3913,420694.0261,881.7528,68.5632,445.6605,1327.4133
135,ETHUSD,LONG,"[2599.75, 2616.50]",2024-08-18 08:30 IST,2024-08-18 08:30 IST,2024-08-18 08:30 IST,2612.3125,2599.75,2627.9864,0.4809,72.78,35.0,43.67,FILLED_TP,1.2477,N/A,420694.0261,183710.8022,604404.8283,1327.4133,77.2882,502.3734,1829.7867
136,SOLUSD,LONG,"[144.38, 145.64]",2024-08-19 02:30 IST,2024-08-19 02:30 IST,2024-08-19 02:30 IST,145.3227,144.38,146.1947,0.6487,53.95,35.0,32.37,FILLED_TP,0.9249,N/A,604404.8283,195651.9975,800056.8258,1829.7867,78.9761,513.3445,2343.1312
137,SOLUSD,LONG,"[140.65, 141.66]",2024-08-19 14:30 IST,2024-08-19 14:30 IST,2024-08-19 14:30 IST,141.4052,140.647,142.2537,0.5362,65.27,35.0,39.16,FILLED_TP,1.1189,N/A,800056.8258,313323.6986,1113380.5244,2343.1312,122.3511,795.2819,3138.4132
138,SOLUSD,SHORT,"[142.14, 143.59]",2024-08-19 16:30 IST,2024-08-19 16:30 IST,2024-08-19 16:30 IST,142.5008,143.589,141.6457,0.7637,45.83,35.0,27.5,FILLED_TP,0.7857,N/A,1113380.5244,306162.0726,1419542.597,3138.4132,115.0685,747.9455,3886.3587
139,BTCUSD,SHORT,"[60830.50, 61724.00]",2024-08-20 14:30 IST,2024-08-22 00:30 IST,2024-08-22 00:30 IST,61053.875,61724.0,60687.5517,1.0976,31.89,35.0,19.13,FILLED_TP,0.5466,N/A,1419542.597,271597.1053,1691139.7023,3886.3587,99.1421,644.424,4530.7827
140,SOLUSD,LONG,"[140.43, 141.67]",2024-08-21 16:30 IST,2024-08-21 16:30 IST,2024-08-21 16:30 IST,141.3565,140.425,142.2046,0.659,53.11,35.0,31.87,FILLED_TP,0.9105,N/A,1691139.7023,538929.1869,2230068.8892,4530.7827,192.5148,1251.3464,5782.1291
141,SOLUSD,SHORT,"[142.66, 143.81]",2024-08-21 23:30 IST,2024-08-21 23:30 IST,2024-08-21 23:30 IST,142.9452,143.813,142.0876,0.6071,57.66,35.0,34.59,FILLED_TP,0.9884,N/A,2230068.8892,771458.6981,3001527.5873,5782.1291,266.6987,1733.5416,7515.6707
142,XRPUSD,LONG,"[0.59, 0.60]",2024-08-22 07:30 IST,2024-08-22 07:30 IST,2024-08-22 07:30 IST,0.5936,0.5854,0.5971,1.3772,25.41,35.0,15.25,FILLED_TP,0.4357,N/A,3001527.5873,457666.8684,3459194.4557,7515.6707,152.7966,993.1777,8508.8485
143,SOLUSD,LONG,"[140.69, 143.11]",2024-08-22 18:30 IST,2024-08-22 18:30 IST,2024-08-22 18:30 IST,142.5027,140.687,143.3578,1.2742,27.47,35.0,16.48,FILLED_TP,0.4709,N/A,3459194.4557,570113.6818,4029308.1375,8508.8485,186.9804,1215.3724,9724.2209
144,ETHUSD,SHORT,"[2665.00, 2695.60]",2024-08-23 15:30 IST,2024-08-23 19:30 IST,2024-08-23 19:30 IST,2672.65,2695.6,2656.6141,0.8587,40.76,35.0,24.46,FILLED_SL,-1.0,DUAL_TOUCH_AMBIGUITY,4029308.1375,-1410257.8481,2619050.2894,9724.2209,317.0825,-3720.5598,6003.6611
145,SOLUSD,LONG,"[142.12, 143.58]",2024-08-23 16:30 IST,2024-08-23 19:30 IST,2024-08-23 19:30 IST,143.2127,142.117,144.072,0.7651,45.74,35.0,27.45,FILLED_TP,0.7842,N/A,2619050.2894,718841.8235,3337892.1129,6003.6611,219.7073,1428.0972,7431.7583
146,XRPUSD,SHORT,"[0.61, 0.61]",2024-08-24 00:30 IST,2024-08-24 00:30 IST,2024-08-24 00:30 IST,0.6093,0.615,0.6056,0.9355,37.41,35.0,22.45,FILLED_TP,0.6414,N/A,3337892.1129,749286.5079,4087178.6208,7431.7583,222.4364,1445.8368,8877.5951
147,BTCUSD,SHORT,"[63928.50, 64440.00]",2024-08-25 04:30 IST,2024-08-25 04:30 IST,2024-08-25 05:30 IST,64056.375,64440.0,63672.0367,0.5989,58.44,35.0,35.07,FILLED_SL,-1.0,CONSOLIDATION_REVERSAL,4087178.6208,-1430512.5173,2656666.1035,8877.5951,415.058,-3522.2163,5355.3788
148,SOLUSD,SHORT,"[160.46, 163.61]",2024-08-25 04:30 IST,2024-08-26 02:30 IST,2024-08-26 02:30 IST,161.2505,163.61,160.283,1.4633,23.92,35.0,14.35,FILLED_TP,0.41,N/A,2656666.1035,381274.1466,3037940.2501,5355.3788,102.4777,666.105,6021.4837
149,XRPUSD,LONG,"[0.60, 0.61]",2024-08-25 06:30 IST,2024-08-25 06:30 IST,2024-08-25 06:30 IST,0.6078,0.6048,0.6114,0.4936,70.91,35.0,42.55,FILLED_TP,1.2156,N/A,3037940.2501,1292522.0588,4330462.3089,6021.4837,341.5867,2220.3137,8241.7975
150,SOLUSD,LONG,"[158.46, 159.53]",2024-08-26 17:30 IST,2024-08-26 17:30 IST,2024-08-26 17:30 IST,159.2647,158.463,160.2203,0.5034,69.53,35.0,41.72,FILLED_TP,1.1919,N/A,4330462.3089,1806484.5572,6136946.866,8241.7975,458.4169,2979.7102,11221.5077
151,SOLUSD,LONG,"[155.37, 157.79]",2024-08-26 19:30 IST,2024-08-26 19:30 IST,2024-08-26 19:30 IST,157.1881,155.373,158.1312,1.1547,30.31,35.0,18.19,FILLED_TP,0.5196,N/A,6136946.866,1116083.4758,7253030.3419,11221.5077,272.1036,1768.6733,12990.181
152,ETHUSD,LONG,"[2646.95, 2680.00]",2024-08-27 05:30 IST,2024-08-27 07:30 IST,2024-08-27 07:30 IST,2671.7375,2646.95,2687.7679,0.9278,37.72,35.0,22.63,FILLED_TP,0.6467,N/A,7253030.3419,1641722.8692,8894753.2111,12990.181,392.0435,2548.2829,15538.4639
153,SOLUSD,LONG,"[156.46, 159.41]",2024-08-27 11:30 IST,2024-08-27 11:30 IST,2024-08-27 14:30 IST,158.6762,156.46,159.6283,1.3967,25.06,35.0,15.04,FILLED_SL,-1.0,CONSOLIDATION_REVERSAL,8894753.2111,-3113163.6239,5781589.5872,15538.4639,311.5009,-5749.9633,9788.5006
154,ETHUSD,LONG,"[2554.45, 2585.10]",2024-08-28 01:30 IST,2024-08-28 01:30 IST,2024-08-28 02:30 IST,2577.4375,2554.45,2592.9021,0.8919,39.24,35.0,23.55,FILLED_SL,-1.0,CONSOLIDATION_REVERSAL,5781589.5872,-2023556.3555,3758033.2317,9788.5006,307.3057,-3733.2809,6055.2197
155,SOLUSD,SHORT,"[147.25, 149.33]",2024-08-28 14:30 IST,2024-08-28 14:30 IST,2024-08-28 14:30 IST,147.7687,149.331,146.8821,1.0572,33.11,35.0,19.86,FILLED_TP,0.5675,N/A,3758033.2317,746469.3446,4504502.5763,6055.2197,160.3688,1042.3975,7097.6172
156,BTCUSD,LONG,"[58629.00, 59604.00]",2024-08-29 23:30 IST,2024-08-29 23:30 IST,2024-08-29 23:30 IST,59360.25,58629.0,59716.4115,1.2319,28.41,35.0,17.05,FILLED_TP,0.4871,N/A,4504502.5763,767884.6332,5272387.2094,7097.6172,161.3245,1048.6095,8146.2268
157,SOLUSD,LONG,"[138.88, 141.60]",2024-08-29 23:30 IST,2024-08-29 23:30 IST,2024-08-29 23:30 IST,140.9193,138.877,141.7648,1.4492,24.15,35.0,14.49,FILLED_TP,0.414,N/A,5272387.2094,763990.5926,6036377.802,8146.2268,157.3896,1023.0322,9169.259
158,SOLUSD,SHORT,"[139.89, 141.18]",2024-08-30 17:30 IST,2024-08-30 17:30 IST,2024-08-30 17:30 IST,140.2095,141.18,139.3682,0.6922,50.56,35.0,30.34,FILLED_TP,0.8668,N/A,6036377.802,1831376.3814,7867754.1834,9169.259,370.9148,2410.9462,11580.2052
159,ETHUSD,SHORT,"[2510.25, 2551.40]",2024-08-30 23:30 IST,2024-08-30 23:30 IST,2024-08-30 23:30 IST,2520.5375,2551.4,2505.4143,1.2244,28.58,35.0,17.15,FILLED_TP,0.49,N/A,7867754.1834,1349373.3776,9217127.561,11580.2052,264.8112,1721.2728,13301.478
160,XRPUSD,SHORT,"[0.56, 0.57]",2024-08-31 02:30 IST,2024-08-31 02:30 IST,2024-08-31 05:30 IST,0.5646,0.5677,0.5612,0.5446,64.27,35.0,38.56,FILLED_SL,-1.0,CONSOLIDATION_REVERSAL,9217127.561,-3225994.6464,5991132.9147,13301.478,683.869,-5339.3863,7962.0917
161,ETHUSD,SHORT,"[2477.55, 2493.25]",2024-09-01 20:30 IST,2024-09-01 20:30 IST,2024-09-01 20:30 IST,2481.475,2493.25,2466.5862,0.4745,73.76,35.0,44.26,FILLED_TP,1.2644,N/A,5991132.9147,2651412.1235,8642545.0381,7962.0917,469.8229,3053.8489,11015.9406
162,XRPUSD,LONG,"[0.55, 0.56]",2024-09-01 21:30 IST,2024-09-01 22:30 IST,2024-09-01 23:30 IST,0.5542,0.5466,0.5576,1.3802,25.36,35.0,15.21,FILLED_TP,0.4347,N/A,8642545.0381,1314937.8083,9957482.8464,11015.9406,223.4724,1452.5706,12468.5112
163,SOLUSD,LONG,"[126.86, 130.43]",2024-09-02 08:30 IST,2024-09-02 08:30 IST,2024-09-02 08:30 IST,129.5332,126.855,130.3104,2.0676,16.93,35.0,10.16,FILLED_TP,0.2902,N/A,9957482.8464,1011344.2514,10968827.0978,12468.5112,168.8507,1097.5293,13566.0406
164,ETHUSD,SHORT,"[2503.90, 2528.35]",2024-09-02 14:30 IST,2024-09-02 14:30 IST,2024-09-02 14:30 IST,2510.0125,2528.35,2494.9524,0.7306,47.91,35.0,28.74,FILLED_TP,0.8213,N/A,10968827.0978,3152936.6361,14121763.7339,13566.0406,519.9324,3379.5607,16945.6013
165,XRPUSD,SHORT,"[0.56, 0.56]",2024-09-02 22:30 IST,2024-09-02 22:30 IST,2024-09-02 22:30 IST,0.5604,0.5622,0.557,0.3212,100.0,32.12,60.0,FILLED_TP,1.868,N/A,14121763.7339,8473058.2404,22594821.9743,16945.6013,1355.6481,8811.7127,25757.314
166,SOLUSD,SHORT,"[134.57, 136.16]",2024-09-03 01:30 IST,2024-09-03 01:30 IST,2024-09-03 01:30 IST,134.969,136.157,134.1592,0.8802,39.76,35.0,23.86,FILLED_TP,0.6817,N/A,22594821.9743,5390708.0024,27985529.9767,25757.314,819.3627,5325.8576,31083.1716
167,ETHUSD,LONG,"[2492.55, 2527.90]",2024-09-03 08:30 IST,2024-09-03 08:30 IST,2024-09-03 18:30 IST,2519.0625,2492.55,2534.1769,1.0525,33.25,35.0,19.95,FILLED_SL,-1.0,CONSOLIDATION_REVERSAL,27985529.9767,-9794935.4918,18190594.4848,31083.1716,826.9355,-11706.0455,19377.126
168,BTCUSD,LONG,"[58096.50, 58807.50]",2024-09-03 13:30 IST,2024-09-03 18:30 IST,2024-09-03 18:30 IST,58629.75,58096.5,58981.5285,0.9095,38.48,35.0,23.09,FILLED_TP,0.6597,N/A,18190594.4848,4200039.4087,22390633.8936,19377.126,596.5331,3877.4654,23254.5914
169,ETHUSD,LONG,"[2424.10, 2455.10]",2024-09-04 03:30 IST,2024-09-04 04:30 IST,2024-09-04 04:30 IST,2447.35,2424.1,2462.0341,0.95,36.84,35.0,22.11,FILLED_SL,-1.0,INSTANT_BLOWTHROUGH,22390633.8936,-7836721.8627,14553912.0308,23254.5914,685.3933,-8824.5003,14430.0911
170,SOLUSD,SHORT,"[133.48, 134.67]",2024-09-05 09:30 IST,2024-09-05 09:30 IST,2024-09-05 09:30 IST,133.78,134.674,132.9773,0.6683,52.37,35.0,31.42,FILLED_TP,0.8979,N/A,14553912.0308,4573542.4364,19127454.4672,14430.0911,604.6176,3930.0143,18360.1054
171,BTCUSD,SHORT,"[56472.50, 57325.00]",2024-09-05 22:30 IST,2024-09-05 23:30 IST,2024-09-06 00:30 IST,56685.625,57325.0,56345.5113,1.1279,31.03,35.0,18.62,FILLED_TP,0.5319,N/A,19127454.4672,3561178.6407,22688633.1078,18360.1054,455.775,2962.5374,21322.6429
172,ETHUSD,SHORT,"[2398.00, 2417.00]",2024-09-06 17:30 IST,2024-09-06 17:30 IST,2024-09-06 17:30 IST,2402.75,2417.0,2388.3335,0.5931,59.01,35.0,35.41,FILLED_TP,1.0117,N/A,22688633.1078,8033806.1558,30722439.2636,21322.6429,1006.6831,6543.4403,27866.0832
173,SOLUSD,SHORT,"[133.28, 134.92]",2024-09-06 17:30 IST,2024-09-06 17:30 IST,2024-09-06 17:30 IST,133.693,134.923,132.8908,0.92,38.04,35.0,22.83,FILLED_TP,0.6522,N/A,30722439.2636,7012591.5871,37735030.8508,27866.0832,848.0814,5512.5288,33378.612
174,BTCUSD,LONG,"[55633.00, 55931.50]",2024-09-06 18:30 IST,2024-09-06 18:30 IST,2024-09-06 18:30 IST,55856.875,55633.0,56192.0163,0.4008,87.33,35.0,52.4,FILLED_TP,1.497,N/A,37735030.8508,19771291.537,57506322.3877,33378.612,2331.8324,15156.9109,48535.5229
175,SOLUSD,LONG,"[127.51, 130.13]",2024-09-06 19:30 IST,2024-09-06 19:30 IST,2024-09-06 19:30 IST,129.4765,127.51,130.2534,1.5188,23.04,35.0,13.83,FILLED_TP,0.395,N/A,57506322.3877,7951185.5766,65457507.9643,48535.5229,894.7769,5816.0496,54351.5725
176,BTCUSD,LONG,"[52540.00, 53607.50]",2024-09-06 23:30 IST,2024-09-07 00:30 IST,2024-09-07 00:30 IST,53340.625,52540.0,53660.6687,1.501,23.32,35.0,13.99,FILLED_TP,0.3997,N/A,65457507.9643,9158149.2085,74615657.1728,54351.5725,1013.9093,6590.4103,60941.9828
177,ETHUSD,LONG,"[2275.70, 2300.00]",2024-09-07 21:30 IST,2024-09-07 21:30 IST,2024-09-07 22:30 IST,2293.925,2275.7,2307.6886,0.7945,44.05,35.0,26.43,FILLED_SL,-1.0,CONSOLIDATION_REVERSAL,74615657.1728,-26115480.0105,48500177.1623,60941.9828,2147.7627,-23477.4566,37464.5261
178,ETHUSD,SHORT,"[2291.65, 2311.20]",2024-09-08 09:30 IST,2024-09-08 09:30 IST,2024-09-08 17:30 IST,2296.5375,2311.2,2282.7583,0.6385,54.82,35.0,32.89,FILLED_TP,0.9398,N/A,48500177.1623,15952477.3252,64452654.4876,37464.5261,1643.0236,10679.6532,48144.1793
179,SOLUSD,SHORT,"[129.46, 131.10]",2024-09-08 12:30 IST,2024-09-08 12:30 IST,2024-09-08 12:30 IST,129.8715,131.103,129.0923,0.9482,36.91,35.0,22.15,FILLED_TP,0.6327,N/A,64452654.4876,14273797.9101,78726452.3977,48144.1793,1421.6126,9240.4818,57384.6611
180,XRPUSD,SHORT,"[0.53, 0.53]",2024-09-08 15:30 IST,2024-09-09 12:30 IST,2024-09-09 13:30 IST,0.5314,0.533,0.5282,0.2964,100.0,29.64,60.0,FILLED_SL,-1.0,CONSOLIDATION_REVERSAL,78726452.3977,-23332391.6877,55394060.71,57384.6611,4590.7729,-21598.0347,35786.6264
181,SOLUSD,LONG,"[126.47, 127.86]",2024-09-08 19:30 IST,2024-09-08 20:30 IST,2024-09-08 21:30 IST,127.5132,126.47,128.2783,0.8182,42.78,35.0,25.67,FILLED_TP,0.7334,N/A,55394060.71,14218357.1482,69612417.8581,35786.6264,1224.7451,7960.8432,43747.4695
182,BTCUSD,SHORT,"[54441.00, 54722.00]",2024-09-08 22:30 IST,2024-09-08 23:30 IST,2024-09-09 01:30 IST,54511.25,54722.0,54184.1825,0.3866,90.53,35.0,54.32,FILLED_TP,1.5519,N/A,69612417.8581,37811557.8517,107423975.7098,43747.4695,3168.3236,20594.1031,64341.5727
183,XRPUSD,LONG,"[0.53, 0.53]",2024-09-09 14:30 IST,2024-09-09 17:30 IST,2024-09-09 18:30 IST,0.53,0.5259,0.5332,0.7783,44.97,35.0,26.98,FILLED_TP,0.7709,N/A,107423975.7098,28986309.0239,136410284.7337,64341.5727,2314.846,15046.499,79388.0717
184,BTCUSD,LONG,"[54578.50, 54922.00]",2024-09-09 19:30 IST,2024-09-09 19:30 IST,2024-09-09 19:30 IST,54836.125,54578.5,55165.1418,0.4698,74.5,35.0,44.7,FILLED_TP,1.2771,N/A,136410284.7337,60974066.9282,197384351.662,79388.0717,4731.4258,30754.268,110142.3397
185,SOLUSD,SHORT,"[132.98, 134.95]",2024-09-09 23:30 IST,2024-09-09 23:30 IST,2024-09-09 23:30 IST,133.4753,134.952,132.6744,1.1064,31.63,35.0,18.98,FILLED_TP,0.5423,N/A,197384351.662,37465003.5123,234849355.1742,110142.3397,2787.4436,18118.3836,128260.7232
186,ETHUSD,SHORT,"[2355.80, 2401.00]",2024-09-10 02:30 IST,2024-09-10 02:30 IST,2024-09-10 02:30 IST,2367.1,2401.0,2352.8974,1.4321,24.44,35.0,14.66,FILLED_TP,0.419,N/A,234849355.1742,34437020.8888,269286376.063,128260.7232,2507.6598,16299.7889,144560.5121
187,XRPUSD,SHORT,"[0.54, 0.55]",2024-09-10 17:30 IST,2024-09-10 17:30 IST,2024-09-10 19:30 IST,0.5394,0.5452,0.5362,1.0706,32.69,35.0,19.62,FILLED_TP,0.5604,N/A,269286376.063,52821746.6937,322108122.7568,144560.5121,3780.8269,24575.3747,169135.8868
188,BTCUSD,LONG,"[56514.50, 57163.00]",2024-09-11 06:30 IST,2024-09-11 06:30 IST,2024-09-11 06:30 IST,57000.875,56514.5,57342.8803,0.8533,41.02,35.0,24.61,FILLED_TP,0.7032,N/A,322108122.7568,79274087.2118,401382209.9686,169135.8868,5550.1417,36075.9213,205211.8082
189,XRPUSD,LONG,"[0.53, 0.53]",2024-09-11 09:30 IST,2024-09-11 09:30 IST,2024-09-11 10:30 IST,0.5316,0.5281,0.5348,0.6631,52.79,35.0,31.67,FILLED_TP,0.9049,N/A,401382209.9686,127122869.9253,528505079.8939,205211.8082,8665.7599,56327.4395,261539.2476
190,BTCUSD,SHORT,"[57316.00, 58037.00]",2024-09-11 22:30 IST,2024-09-11 22:30 IST,2024-09-12 06:30 IST,57496.25,58037.0,57151.2725,0.9405,37.21,35.0,22.33,FILLED_SL,-1.0,CONSOLIDATION_REVERSAL,528505079.8939,-184976777.9629,343528301.931,261539.2476,7786.4212,-99325.1579,162214.0897
191,ETHUSD,LONG,"[2329.45, 2359.65]",2024-09-12 10:30 IST,2024-09-12 14:30 IST,2024-09-12 19:30 IST,2352.1,2329.45,2366.2126,0.963,36.35,35.0,21.81,FILLED_SL,-1.0,DUAL_TOUCH_AMBIGUITY,343528301.931,-120234905.6759,223293396.2552,162214.0897,4716.6558,-61491.5872,100722.5026
192,BTCUSD,SHORT,"[58110.50, 58523.50]",2024-09-12 13:30 IST,2024-09-12 13:30 IST,2024-09-12 17:30 IST,58213.75,58523.5,57864.4675,0.5321,65.78,35.0,39.47,FILLED_TP,1.1276,N/A,223293396.2552,88127091.161,311420487.4162,100722.5026,5300.2798,34451.819,135174.3216
193,ETHUSD,SHORT,"[2360.15, 2392.00]",2024-09-13 00:30 IST,2024-09-13 03:30 IST,2024-09-13 03:30 IST,2368.1125,2392.0,2353.9038,1.0087,34.7,35.0,20.82,FILLED_TP,0.5948,N/A,311420487.4162,64833296.6159,376253784.0321,135174.3216,3752.1817,24389.181,159563.5026
194,SOLUSD,LONG,"[133.40, 135.46]",2024-09-13 05:30 IST,2024-09-13 06:30 IST,2024-09-13 15:30 IST,134.9472,133.4,135.7569,1.1466,30.53,35.0,18.32,FILLED_SL,-1.0,CONSOLIDATION_REVERSAL,376253784.0321,-131688824.4112,244564959.6209,159563.5026,3896.6836,-59743.9095,99819.5931
195,BTCUSD,LONG,"[57331.00, 57866.50]",2024-09-13 08:30 IST,2024-09-13 11:30 IST,2024-09-13 12:30 IST,57732.625,57331.0,58079.0208,0.6957,50.31,35.0,30.19,FILLED_TP,0.8625,N/A,244564959.6209,73826808.3761,318391767.997,99819.5931,4017.6712,26114.8628,125934.456
196,SOLUSD,LONG,"[131.69, 132.88]",2024-09-13 16:30 IST,2024-09-13 16:30 IST,2024-09-13 16:30 IST,132.5867,131.692,133.3823,0.6748,51.86,35.0,31.12,FILLED_TP,0.8891,N/A,318391767.997,99078527.4831,417470295.4801,125934.456,5225.1772,33963.6515,159898.1075
197,SOLUSD,SHORT,"[136.05, 138.01]",2024-09-13 20:30 IST,2024-09-13 20:30 IST,2024-09-13 20:30 IST,136.5425,138.008,135.7232,1.0733,32.61,35.0,19.57,FILLED_TP,0.559,N/A,417470295.4801,81682101.2782,499152396.7583,159898.1075,4171.4148,27114.1965,187012.304
198,SOLUSD,SHORT,"[137.95, 139.25]",2024-09-14 00:30 IST,2024-09-14 01:30 IST,2024-09-14 02:30 IST,138.2707,139.245,137.4411,0.7046,49.67,35.0,29.8,FILLED_SL,-1.0,CONSOLIDATION_REVERSAL,499152396.7583,-174703338.8654,324449057.8929,187012.304,7431.6991,-72886.0055,114126.2985
199,ETHUSD,SHORT,"[2414.40, 2423.85]",2024-09-15 01:30 IST,2024-09-15 01:30 IST,2024-09-15 06:30 IST,2416.7625,2423.85,2402.2619,0.2933,100.0,29.33,60.0,FILLED_SL,-1.0,CONSOLIDATION_REVERSAL,324449057.8929,-95149303.9889,229299753.9039,114126.2985,9130.1039,-42599.2652,71527.0333
200,XRPUSD,LONG,"[0.58, 0.59]",2024-09-15 08:30 IST,2024-09-15 08:30 IST,2024-09-15 16:30 IST,0.5887,0.5835,0.5923,0.8917,39.25,35.0,23.55,FILLED_SL,-1.0,CONSOLIDATION_REVERSAL,229299753.9039,-80254913.8664,149044840.0376,71527.0333,2245.9488,-27280.4105,44246.6228
201,ETHUSD,LONG,"[2375.75, 2414.50]",2024-09-15 14:30 IST,2024-09-15 15:30 IST,2024-09-15 22:30 IST,2404.8125,2375.75,2419.2414,1.2085,28.96,35.0,17.38,FILLED_SL,-1.0,CONSOLIDATION_REVERSAL,149044840.0376,-52165694.0131,96879146.0244,44246.6228,1025.1476,-16511.4656,27735.1572
202,BTCUSD,LONG,"[59873.50, 60047.50]",2024-09-15 21:30 IST,2024-09-15 21:30 IST,2024-09-15 22:30 IST,60004.0,59873.5,60364.024,0.2175,100.0,21.75,60.0,FILLED_SL,-1.0,CONSOLIDATION_REVERSAL,96879146.0244,-21069809.6063,75809336.4181,27735.1572,2218.8126,-8250.8071,19484.3501
203,BTCUSD,LONG,"[59423.00, 59884.00]",2024-09-15 22:30 IST,2024-09-15 22:30 IST,2024-09-15 23:30 IST,59768.75,59423.0,60127.3625,0.5785,60.5,35.0,36.3,FILLED_TP,1.0372,N/A,75809336.4181,27520351.3512,103329687.7693,19484.3501,943.0961,6130.1245,25614.4746
204,SOLUSD,LONG,"[129.95, 132.39]",2024-09-17 11:30 IST,2024-09-17 14:30 IST,2024-09-17 14:30 IST,131.7792,129.947,132.5699,1.3904,25.17,35.0,15.1,FILLED_TP,0.4315,N/A,103329687.7693,15606542.9879,118936230.7572,25614.4746,515.829,3352.8887,28967.3633
205,BTCUSD,SHORT,"[58844.00, 59178.50]",2024-09-17 14:30 IST,2024-09-17 14:30 IST,2024-09-17 15:30 IST,58927.625,59178.5,58574.0592,0.4257,82.21,35.0,49.33,FILLED_SL,-1.0,CONSOLIDATION_REVERSAL,118936230.7572,-41627680.765,77308549.9922,28967.3633,1905.1473,-12043.7244,16923.6389
206,XRPUSD,LONG,"[0.58, 0.59]",2024-09-18 03:30 IST,2024-09-18 03:30 IST,2024-09-18 05:30 IST,0.5845,0.5807,0.588,0.6544,53.49,35.0,32.09,FILLED_SL,-1.0,CONSOLIDATION_REVERSAL,77308549.9922,-27057992.4973,50250557.4949,16923.6389,724.1415,-6647.4151,10276.2238
207,BTCUSD,LONG,"[59870.50, 60328.50]",2024-09-18 10:30 IST,2024-09-18 10:30 IST,2024-09-18 14:30 IST,60214.0,59870.5,60575.284,0.5705,61.35,35.0,36.81,FILLED_SL,-1.0,CONSOLIDATION_REVERSAL,50250557.4949,-17587695.1232,32662862.3717,10276.2238,504.3852,-4101.0635,6175.1603
208,XRPUSD,LONG,"[0.56, 0.57]",2024-09-18 14:30 IST,2024-09-18 15:30 IST,2024-09-18 16:30 IST,0.5709,0.5649,0.5743,1.051,33.3,35.0,19.98,FILLED_TP,0.5709,N/A,32662862.3717,6526529.8448,39189392.2165,6175.1603,164.5186,1069.371,7244.5313
209,XRPUSD,SHORT,"[0.58, 0.59]",2024-09-19 10:30 IST,2024-09-19 10:30 IST,2024-09-19 12:30 IST,0.5861,0.5907,0.5826,0.7806,44.84,35.0,26.9,FILLED_TP,0.7687,N/A,39189392.2165,10543552.6289,49732944.8454,7244.5313,259.8768,1689.1991,8933.7304
210,XRPUSD,SHORT,"[0.59, 0.59]",2024-09-20 09:30 IST,2024-09-20 09:30 IST,2024-09-20 11:30 IST,0.5903,0.5947,0.5868,0.7369,47.5,35.0,28.5,FILLED_TP,0.8143,N/A,49732944.8454,14173717.788,63906662.6334,8933.7304,339.4776,2206.6047,11140.3351
211,ETHUSD,SHORT,"[2567.75, 2595.35]",2024-09-21 23:30 IST,2024-09-22 00:30 IST,2024-09-22 04:30 IST,2574.65,2595.35,2559.2021,0.804,43.53,35.0,26.12,FILLED_SL,-1.0,CONSOLIDATION_REVERSAL,63906662.6334,-22367331.9217,41539330.7117,11140.3351,387.9754,-4287.0926,6853.2424
212,SOLUSD,LONG,"[147.19, 148.10]",2024-09-22 06:30 IST,2024-09-22 06:30 IST,2024-09-22 06:30 IST,147.873,147.192,148.7602,0.4605,76.0,35.0,45.6,FILLED_TP,1.3028,N/A,41539330.7117,18941770.1112,60481100.8229,6853.2424,416.6735,2708.3779,9561.6203
213,SOLUSD,LONG,"[144.68, 146.19]",2024-09-22 14:30 IST,2024-09-22 14:30 IST,2024-09-22 14:30 IST,145.8137,144.676,146.6886,0.7803,44.86,35.0,26.91,FILLED_TP,0.769,N/A,60481100.8229,16277609.1775,76758710.0004,9561.6203,343.1161,2230.255,11791.8753
214,ETHUSD,LONG,"[2551.00, 2567.30]",2024-09-22 19:30 IST,2024-09-22 19:30 IST,2024-09-22 22:30 IST,2563.225,2551.0,2578.6044,0.4769,73.38,35.0,44.03,FILLED_TP,1.258,N/A,76758710.0004,33797519.2904,110556229.2908,11791.8753,692.2752,4499.7888,16291.664
215,BTCUSD,SHORT,"[62919.50, 63226.50]",2024-09-22 22:30 IST,2024-09-22 22:30 IST,2024-09-23 01:30 IST,62996.25,63226.5,62618.2725,0.3655,95.76,35.0,57.46,FILLED_SL,-1.0,CONSOLIDATION_REVERSAL,110556229.2908,-38694680.2518,71861549.039,16291.664,1248.0688,-6950.1512,9341.5128
216,ETHUSD,SHORT,"[2605.05, 2632.15]",2024-09-23 06:30 IST,2024-09-23 06:30 IST,2024-09-23 06:30 IST,2611.825,2632.15,2596.1541,0.7782,44.98,35.0,26.99,FILLED_TP,0.771,N/A,71861549.039,19392303.0588,91253852.0978,9341.5128,336.1157,2184.7519,11526.2647
217,XRPUSD,LONG,"[0.58, 0.59]",2024-09-23 13:30 IST,2024-09-23 13:30 IST,2024-09-23 14:30 IST,0.586,0.58,0.5895,1.0239,34.18,35.0,20.51,FILLED_TP,0.586,N/A,91253852.0978,18716165.0653,109970017.1631,11526.2647,315.2049,2048.832,13575.0966
218,BTCUSD,SHORT,"[63194.00, 63818.50]",2024-09-24 10:30 IST,2024-09-24 11:30 IST,2024-09-24 13:30 IST,63350.125,63818.5,62970.0243,0.7393,47.34,35.0,28.4,FILLED_SL,-1.0,CONSOLIDATION_REVERSAL,109970017.1631,-38489506.0071,71480511.156,13575.0966,514.1084,-5265.3923,8309.7044
219,XRPUSD,SHORT,"[0.59, 0.59]",2024-09-24 10:30 IST,2024-09-24 10:30 IST,2024-09-24 13:30 IST,0.5873,0.5905,0.5838,0.5491,63.74,35.0,38.24,FILLED_SL,-1.0,CONSOLIDATION_REVERSAL,71480511.156,-25018178.9046,46462332.2514,8309.7044,423.697,-3332.0935,4977.6108
220,BTCUSD,SHORT,"[64193.00, 65062.00]",2024-09-25 08:30 IST,2024-09-25 08:30 IST,2024-09-25 11:30 IST,64410.25,65062.0,64023.7885,1.0119,34.59,35.0,20.75,FILLED_TP,0.593,N/A,46462332.2514,9642602.0949,56104934.3463,4977.6108,137.7377,895.2952,5872.9061
221,XRPUSD,LONG,"[0.58, 0.59]",2024-09-25 10:30 IST,2024-09-25 11:30 IST,2024-09-25 16:30 IST,0.587,0.5816,0.5905,0.9199,38.05,35.0,22.83,FILLED_TP,0.6522,N/A,56104934.3463,12807509.735,68912444.0813,5872.9061,178.7539,1161.9001,7034.8062
222,BTCUSD,LONG,"[62989.00, 63359.50]",2024-09-25 23:30 IST,2024-09-25 23:30 IST,2024-09-26 04:30 IST,63266.875,62989.0,63646.4762,0.4392,79.69,35.0,47.81,FILLED_SL,-1.0,CONSOLIDATION_REVERSAL,68912444.0813,-24119355.4285,44793088.6528,7034.8062,448.4738,-2910.656,4124.1502
223,ETHUSD,LONG,"[2545.00, 2580.05]",2024-09-26 05:30 IST,2024-09-26 05:30 IST,2024-09-26 05:30 IST,2571.2875,2545.0,2586.7152,1.0223,34.23,35.0,20.54,FILLED_TP,0.5869,N/A,44793088.6528,9200928.5315,53994017.1844,4124.1502,112.952,734.1879,4858.3381
224,BTCUSD,SHORT,"[63399.50, 63555.00]",2024-09-26 08:30 IST,2024-09-26 08:30 IST,2024-09-26 10:30 IST,63438.375,63555.0,63057.7447,0.1838,100.0,18.38,60.0,FILLED_SL,-1.0,CONSOLIDATION_REVERSAL,53994017.1844,-9926250.876,44067766.3084,4858.3381,388.667,-1281.8231,3576.515
225,ETHUSD,SHORT,"[2614.10, 2631.00]",2024-09-26 11:30 IST,2024-09-26 11:30 IST,2024-09-26 12:30 IST,2618.325,2631.0,2602.615,0.4841,72.3,35.0,43.38,FILLED_SL,-1.0,CONSOLIDATION_REVERSAL,44067766.3084,-15423718.2079,28644048.1005,3576.515,206.8682,-1458.6484,2117.8666
226,SOLUSD,SHORT,"[150.32, 153.02]",2024-09-26 11:30 IST,2024-09-26 11:30 IST,2024-09-26 11:30 IST,150.9963,153.019,150.0903,1.3396,26.13,35.0,15.68,FILLED_TP,0.4479,N/A,28644048.1005,4490323.6093,33134371.7098,2117.8666,44.267,287.7358,2405.6024
227,XRPUSD,SHORT,"[0.59, 0.59]",2024-09-26 15:30 IST,2024-09-26 15:30 IST,2024-09-26 19:30 IST,0.5903,0.5925,0.5868,0.3684,94.99,35.0,57.0,FILLED_SL,-1.0,CONSOLIDATION_REVERSAL,33134371.7098,-11597030.0984,21537341.6114,2405.6024,182.8158,-1024.7767,1380.8257
228,SOLUSD,LONG,"[153.95, 156.26]",2024-09-27 15:30 IST,2024-09-27 17:30 IST,2024-09-27 17:30 IST,155.681,153.95,156.6151,1.1119,31.48,35.0,18.89,FILLED_TP,0.5396,N/A,21537341.6114,4067709.5591,25605051.1704,1380.8257,34.7725,226.021,1606.8467
229,ETHUSD,LONG,"[2641.20, 2663.40]",2024-09-28 17:30 IST,2024-09-28 17:30 IST,2024-09-28 17:30 IST,2657.85,2641.2,2673.7971,0.6264,55.87,35.0,33.52,FILLED_TP,0.9578,N/A,25605051.1704,8583435.9779,34188487.1483,1606.8467,71.8205,466.8336,2073.6803
230,SOLUSD,LONG,"[155.62, 156.66]",2024-09-29 10:30 IST,2024-09-29 10:30 IST,2024-09-29 10:30 IST,156.4002,155.618,157.3387,0.5002,69.98,35.0,41.99,FILLED_TP,1.1996,N/A,34188487.1483,14354598.4889,48543085.6373,2073.6803,116.0892,754.5796,2828.2599
231,SOLUSD,SHORT,"[157.70, 158.53]",2024-09-29 22:30 IST,2024-09-29 22:30 IST,2024-09-30 00:30 IST,157.9048,158.531,156.9573,0.3966,88.25,35.0,52.95,FILLED_SL,-1.0,CONSOLIDATION_REVERSAL,48543085.6373,-16990079.973,31553005.6642,2828.2599,199.6755,-1189.5665,1638.6934
232,XRPUSD,LONG,"[0.62, 0.63]",2024-09-30 15:30 IST,2024-09-30 15:30 IST,2024-09-30 15:30 IST,0.6278,0.6219,0.6316,0.9437,37.09,35.0,22.25,FILLED_TP,0.6358,N/A,31553005.6642,7021182.8085,38574188.4727,1638.6934,48.619,316.0235,1954.7169
233,ETHUSD,SHORT,"[2623.30, 2639.40]",2024-10-01 08:30 IST,2024-10-01 08:30 IST,2024-10-01 09:30 IST,2627.325,2639.4,2611.5611,0.4596,76.15,35.0,45.69,FILLED_SL,-1.0,CONSOLIDATION_REVERSAL,38574188.4727,-13500965.9655,25073222.5073,1954.7169,119.0882,-803.2391,1151.4778
234,XRPUSD,SHORT,"[0.62, 0.62]",2024-10-01 08:30 IST,2024-10-01 08:30 IST,2024-10-01 08:30 IST,0.6237,0.625,0.62,0.2044,100.0,20.44,60.0,FILLED_SL,-1.0,INSTANT_BLOWTHROUGH,25073222.5073,-5125393.1936,19947829.3137,1151.4778,92.1182,-327.4999,823.978
235,SOLUSD,SHORT,"[155.88, 157.43]",2024-10-01 11:30 IST,2024-10-01 11:30 IST,2024-10-01 18:30 IST,156.264,157.428,155.3264,0.7449,46.99,35.0,28.19,FILLED_TP,0.8055,N/A,19947829.3137,5623683.8142,25571513.1279,823.978,30.9727,201.3228,1025.3007
236,ETHUSD,LONG,"[2555.05, 2581.70]",2024-10-01 18:30 IST,2024-10-01 18:30 IST,2024-10-01 18:30 IST,2575.0375,2555.05,2590.4877,0.7762,45.09,35.0,27.05,FILLED_TP,0.773,N/A,25571513.1279,6918322.5013,32489835.6292,1025.3007,36.9857,240.4074,1265.7081
237,XRPUSD,LONG,"[0.52, 0.52]",2024-10-04 11:30 IST,2024-10-04 11:30 IST,2024-10-04 11:30 IST,0.521,0.5153,0.5241,1.094,31.99,35.0,19.19,FILLED_TP,0.5484,N/A,32489835.6292,6236338.4495,38726174.0787,1265.7081,32.3932,210.5561,1476.2642
238,ETHUSD,SHORT,"[2391.80, 2403.50]",2024-10-04 17:30 IST,2024-10-04 17:30 IST,2024-10-04 17:30 IST,2394.725,2403.5,2380.3567,0.3664,95.52,35.0,57.31,FILLED_TP,1.6374,N/A,38726174.0787,22193837.9673,60920012.046,1476.2642,112.8056,733.2364,2209.5006
239,SOLUSD,SHORT,"[141.68, 142.86]",2024-10-04 17:30 IST,2024-10-04 17:30 IST,2024-10-04 17:30 IST,141.9775,142.861,141.1256,0.6223,56.24,35.0,33.75,FILLED_TP,0.9642,N/A,60920012.046,20558538.9038,81478550.9498,2209.5006,99.418,646.2171,2855.7177
240,XRPUSD,SHORT,"[0.53, 0.54]",2024-10-04 23:30 IST,2024-10-04 23:30 IST,2024-10-04 23:30 IST,0.5356,0.5443,0.5324,1.6243,21.55,35.0,12.93,FILLED_TP,0.3694,N/A,81478550.9498,10533771.8352,92012322.7851,2855.7177,49.226,319.9691,3175.6867
241,ETHUSD,SHORT,"[2424.70, 2436.50]",2024-10-05 14:30 IST,2024-10-05 14:30 IST,2024-10-05 18:30 IST,2427.65,2436.5,2413.0841,0.3646,96.01,35.0,57.61,FILLED_TP,1.6459,N/A,92012322.7851,53003932.47,145016255.255,3175.6867,243.915,1585.4474,4761.1342
242,SOLUSD,LONG,"[141.59, 142.76]",2024-10-05 21:30 IST,2024-10-05 21:30 IST,2024-10-06 01:30 IST,142.468,141.586,143.3228,0.6191,56.53,35.0,33.92,FILLED_SL,-1.0,CONSOLIDATION_REVERSAL,145016255.255,-50755689.3393,94260565.9158,4761.1342,215.3363,-1881.7332,2879.4009
243,ETHUSD,LONG,"[2409.05, 2423.25]",2024-10-07 02:30 IST,2024-10-07 02:30 IST,2024-10-07 02:30 IST,2419.7,2409.05,2434.2182,0.4401,79.52,35.0,47.71,FILLED_TP,1.3632,N/A,94260565.9158,44973972.9415,139234538.8573,2879.4009,183.1775,1190.6536,4070.0546
244,XRPUSD,LONG,"[0.53, 0.53]",2024-10-07 02:30 IST,2024-10-07 02:30 IST,2024-10-07 04:30 IST,0.5302,0.5285,0.5334,0.3253,100.0,32.53,60.0,FILLED_TP,1.8443,N/A,139234538.8573,83540723.3144,222775262.1717,4070.0546,325.6044,2116.4284,6186.483
245,BTCUSD,LONG,"[62646.00, 63184.00]",2024-10-07 23:30 IST,2024-10-07 23:30 IST,2024-10-07 23:30 IST,63049.5,62646.0,63427.797,0.64,54.69,35.0,32.81,FILLED_TP,0.9375,N/A,222775262.1717,73101176.3911,295876438.5628,6186.483,270.6699,1759.3543,7945.8373
246,ETHUSD,LONG,"[2415.25, 2443.00]",2024-10-07 23:30 IST,2024-10-07 23:30 IST,2024-10-07 23:30 IST,2436.0625,2415.25,2450.6789,0.8544,40.97,35.0,24.58,FILLED_TP,0.7023,N/A,295876438.5628,72726695.1541,368603133.7169,7945.8373,260.4125,1692.6814,9638.5188
247,SOLUSD,LONG,"[144.33, 145.96]",2024-10-07 23:30 IST,2024-10-07 23:30 IST,2024-10-07 23:30 IST,145.552,144.328,146.4253,0.8409,41.62,35.0,24.97,FILLED_TP,0.7135,N/A,368603133.7169,92048152.7528,460651286.4697,9638.5188,320.9261,2086.0199,11724.5386
248,XRPUSD,LONG,"[0.53, 0.53]",2024-10-08 03:30 IST,2024-10-08 03:30 IST,2024-10-08 03:30 IST,0.5324,0.5299,0.5356,0.4649,75.29,35.0,45.17,FILLED_TP,1.2906,N/A,460651286.4697,208081769.7503,668733056.22,11724.5386,706.1488,4589.9674,16314.506
249,SOLUSD,LONG,"[142.09, 143.11]",2024-10-08 12:30 IST,2024-10-08 12:30 IST,2024-10-08 12:30 IST,142.854,142.089,143.7111,0.5355,65.36,35.0,39.21,FILLED_TP,1.1204,N/A,668733056.22,262242487.8795,930975544.0995,16314.506,853.0273,5544.6775,21859.1835
250,ETHUSD,LONG,"[2410.30, 2436.05]",2024-10-09 18:30 IST,2024-10-09 18:30 IST,2024-10-09 20:30 IST,2429.6125,2410.3,2444.1902,0.7949,44.03,35.0,26.42,FILLED_TP,0.7548,N/A,930975544.0995,245955242.4694,1176930786.569,21859.1835,769.9996,5004.9972,26864.1807
251,XRPUSD,SHORT,"[0.53, 0.53]",2024-10-09 20:30 IST,2024-10-09 20:30 IST,2024-10-09 20:30 IST,0.5323,0.5342,0.5291,0.3522,99.37,35.0,59.62,FILLED_TP,1.7034,N/A,1176930786.569,701690842.6755,1878621629.2445,26864.1807,2135.5376,13880.9944,40745.1751
252,XRPUSD,LONG,"[0.52, 0.53]",2024-10-10 06:30 IST,2024-10-10 06:30 IST,2024-10-10 17:30 IST,0.5269,0.521,0.5301,1.1244,31.13,35.0,18.68,FILLED_TP,0.5336,N/A,1878621629.2445,350848046.2748,2229469675.5193,40745.1751,1014.5996,6594.8971,47340.0722
253,ETHUSD,SHORT,"[2391.45, 2421.25]",2024-10-11 06:30 IST,2024-10-11 06:30 IST,2024-10-11 06:30 IST,2398.9,2421.25,2384.5066,0.9317,37.57,35.0,22.54,FILLED_TP,0.644,N/A,2229469675.5193,502522464.862,2731992140.3814,47340.0722,1422.727,9247.7253,56587.7975
254,SOLUSD,SHORT,"[139.51, 140.81]",2024-10-11 06:30 IST,2024-10-11 06:30 IST,2024-10-11 06:30 IST,139.8332,140.815,138.9943,0.7021,49.85,35.0,29.91,FILLED_TP,0.8546,N/A,2731992140.3814,817162224.5219,3549154364.9032,56587.7975,2256.7859,14669.1085,71256.906
255,BTCUSD,SHORT,"[60756.00, 61320.00]",2024-10-11 11:30 IST,2024-10-11 11:30 IST,2024-10-11 17:30 IST,60897.0,61320.0,60531.618,0.6946,50.39,35.0,30.23,FILLED_SL,-1.0,CONSOLIDATION_REVERSAL,3549154364.9032,-1242204027.7161,2306950337.1871,71256.906,2872.3709,-27812.2881,43444.618
256,ETHUSD,SHORT,"[2435.00, 2473.25]",2024-10-11 22:30 IST,2024-10-11 22:30 IST,2024-10-12 19:30 IST,2444.5625,2473.25,2429.8951,1.1735,29.82,35.0,17.89,FILLED_SL,-1.0,CONSOLIDATION_REVERSAL,2306950337.1871,-807432618.0155,1499517719.1716,43444.618,1036.5791,-16242.1954,27202.4226
257,XRPUSD,LONG,"[0.53, 0.54]",2024-10-12 07:30 IST,2024-10-12 08:30 IST,2024-10-12 13:30 IST,0.5365,0.5343,0.5398,0.4193,83.46,35.0,50.08,FILLED_TP,1.4308,N/A,1499517719.1716,750928483.4068,2250446202.5784,27202.4226,1816.3239,11806.1053,39008.5279
258,SOLUSD,LONG,"[144.75, 145.23]",2024-10-13 08:30 IST,2024-10-13 20:30 IST,2024-10-13 20:30 IST,145.112,144.746,145.9827,0.2522,100.0,25.22,60.0,FILLED_SL,-1.0,INSTANT_BLOWTHROUGH,2250446202.5784,-567605236.0547,1682840966.5237,39008.5279,3120.6822,-12959.3732,26049.1547
259,XRPUSD,SHORT,"[0.54, 0.54]",2024-10-13 11:30 IST,2024-10-13 11:30 IST,2024-10-13 13:30 IST,0.538,0.5402,0.5348,0.4043,86.58,35.0,51.95,FILLED_TP,1.4842,N/A,1682840966.5237,874189458.91,2557030425.4336,26049.1547,1804.2423,11727.575,37776.7297
260,BTCUSD,LONG,"[62481.50, 62631.50]",2024-10-13 16:30 IST,2024-10-13 16:30 IST,2024-10-13 19:30 IST,62594.0,62481.5,62969.564,0.1797,100.0,17.97,60.0,FILLED_SL,-1.0,CONSOLIDATION_REVERSAL,2557030425.4336,-459574276.8656,2097456148.568,37776.7297,3022.1384,-9811.7382,27964.9915
261,ETHUSD,LONG,"[2439.20, 2451.90]",2024-10-13 19:30 IST,2024-10-13 19:30 IST,2024-10-13 19:30 IST,2448.725,2439.2,2463.4173,0.389,89.98,35.0,53.99,FILLED_TP,1.5425,N/A,2097456148.568,1132367028.4036,3229823176.9716,27964.9915,2013.0184,13084.6199,41049.6114
262,ETHUSD,SHORT,"[2461.00, 2472.15]",2024-10-14 02:30 IST,2024-10-14 02:30 IST,2024-10-14 03:30 IST,2463.7875,2472.15,2449.0048,0.3394,100.0,33.94,60.0,FILLED_SL,-1.0,CONSOLIDATION_REVERSAL,3229823176.9716,-1096255107.9355,2133568069.0361,41049.6114,3283.9689,-17216.8822,23832.7292
263,ETHUSD,LONG,"[2616.30, 2641.10]",2024-10-15 04:30 IST,2024-10-15 04:30 IST,2024-10-15 04:30 IST,2634.9,2616.3,2650.7094,0.7059,49.58,35.0,29.75,FILLED_TP,0.85,N/A,2133568069.0361,634712411.8665,2768280480.9026,23832.7292,945.329,6144.6388,29977.368
264,BTCUSD,LONG,"[65554.00, 65859.50]",2024-10-15 07:30 IST,2024-10-15 07:30 IST,2024-10-15 08:30 IST,65783.125,65554.0,66177.8237,0.3483,100.0,34.83,60.0,FILLED_SL,-1.0,CONSOLIDATION_REVERSAL,2768280480.9026,-964202088.5855,1804078392.3171,29977.368,2398.1894,-12839.415,17137.953
265,XRPUSD,SHORT,"[0.54, 0.55]",2024-10-16 14:30 IST,2024-10-16 14:30 IST,2024-10-16 16:30 IST,0.5431,0.5454,0.5398,0.4281,81.75,35.0,49.05,FILLED_SL,-1.0,CONSOLIDATION_REVERSAL,1804078392.3171,-631427437.311,1172650955.0061,17137.953,1120.8664,-7119.1499,10018.8031
266,XRPUSD,SHORT,"[0.55, 0.56]",2024-10-16 21:30 IST,2024-10-17 00:30 IST,2024-10-17 06:30 IST,0.5506,0.5557,0.5473,0.9263,37.79,35.0,22.67,FILLED_TP,0.6478,N/A,1172650955.0061,265860665.3403,1438511620.3464,10018.8031,302.8586,1968.5809,11987.384
267,ETHUSD,LONG,"[2609.70, 2621.50]",2024-10-17 14:30 IST,2024-10-17 14:30 IST,2024-10-17 15:30 IST,2618.55,2609.7,2634.2613,0.338,100.0,33.8,60.0,FILLED_SL,-1.0,CONSOLIDATION_REVERSAL,1438511620.3464,-486178527.8137,952333092.5327,11987.384,958.9907,-5010.4065,6976.9775
268,BTCUSD,LONG,"[66761.00, 67049.00]",2024-10-17 16:30 IST,2024-10-17 16:30 IST,2024-10-17 18:30 IST,66977.0,66761.0,67378.862,0.3225,100.0,32.25,60.0,FILLED_SL,-1.0,CONSOLIDATION_REVERSAL,952333092.5327,-307126249.2901,645206843.2425,6976.9775,558.1582,-2808.2248,4168.7526
269,ETHUSD,SHORT,"[2627.05, 2649.20]",2024-10-17 20:30 IST,2024-10-17 20:30 IST,2024-10-17 20:30 IST,2632.5875,2649.2,2616.792,0.631,55.46,35.0,33.28,FILLED_TP,0.9508,N/A,645206843.2425,214716826.9624,859923670.2049,4168.7526,184.9745,1202.3346,5371.0872
270,ETHUSD,LONG,"[2564.40, 2596.00]",2024-10-18 00:30 IST,2024-10-18 00:30 IST,2024-10-18 01:30 IST,2588.1,2564.4,2603.6286,0.9157,38.22,35.0,22.93,FILLED_TP,0.6552,N/A,859923670.2049,197202267.7975,1057125938.0024,5371.0872,164.2302,1067.4961,6438.5833
271,SOLUSD,SHORT,"[154.20, 155.70]",2024-10-18 19:30 IST,2024-10-18 19:30 IST,2024-10-18 19:30 IST,154.5752,155.701,153.6478,0.7283,48.06,35.0,28.83,FILLED_TP,0.8239,N/A,1057125938.0024,304820397.8781,1361946335.8805,6438.5833,247.5406,1609.0136,8047.5969
272,XRPUSD,LONG,"[0.54, 0.55]",2024-10-19 09:30 IST,2024-10-19 12:30 IST,2024-10-19 15:30 IST,0.5462,0.5449,0.5495,0.2334,100.0,23.34,60.0,FILLED_SL,-1.0,CONSOLIDATION_REVERSAL,1361946335.8805,-317935016.844,1044011319.0365,8047.5969,643.8078,-2522.4521,5525.1447
273,ETHUSD,SHORT,"[2645.90, 2663.90]",2024-10-19 19:30 IST,2024-10-19 19:30 IST,2024-10-20 19:30 IST,2650.4,2663.9,2634.4976,0.5094,68.71,35.0,41.23,FILLED_SL,-1.0,CONSOLIDATION_REVERSAL,1044011319.0365,-365403961.6628,678607357.3738,5525.1447,303.7242,-2237.5248,3287.6199
274,XRPUSD,LONG,"[0.54, 0.54]",2024-10-20 18:30 IST,2024-10-20 18:30 IST,2024-10-20 19:30 IST,0.5404,0.5362,0.5436,0.7772,45.03,35.0,27.02,FILLED_TP,0.772,N/A,678607357.3738,183359707.9624,861967065.3361,3287.6199,118.442,769.8729,4057.4928
275,XRPUSD,SHORT,"[0.54, 0.55]",2024-10-20 19:30 IST,2024-10-20 19:30 IST,2024-10-20 23:30 IST,0.5441,0.5453,0.5408,0.2205,100.0,22.05,60.0,FILLED_SL,-1.0,CONSOLIDATION_REVERSAL,861967065.3361,-190104848.08,671862217.2561,4057.4928,324.5994,-1219.4701,2838.0227
276,SOLUSD,SHORT,"[159.87, 161.74]",2024-10-21 00:30 IST,2024-10-21 00:30 IST,2024-10-21 01:30 IST,160.3353,161.74,159.3732,0.8761,39.95,35.0,23.97,FILLED_SL,-1.0,CONSOLIDATION_REVERSAL,671862217.2561,-235151776.0396,436710441.2165,2838.0227,90.6993,-1084.0072,1754.0155
277,XRPUSD,SHORT,"[0.55, 0.55]",2024-10-21 09:30 IST,2024-10-21 10:30 IST,2024-10-21 13:30 IST,0.5497,0.5534,0.5464,0.6685,52.35,35.0,31.41,FILLED_SL,-1.0,CONSOLIDATION_REVERSAL,436710441.2165,-152848654.4258,283861786.7907,1754.0155,73.4649,-687.3703,1066.6452
278,BTCUSD,LONG,"[68360.00, 68693.50]",2024-10-21 12:30 IST,2024-10-21 12:30 IST,2024-10-21 13:30 IST,68610.125,68360.0,69021.7857,0.3646,96.01,35.0,57.6,FILLED_SL,-1.0,CONSOLIDATION_REVERSAL,283861786.7907,-99351625.3768,184510161.414,1066.6452,81.9236,-455.2494,611.3958
279,BTCUSD,LONG,"[68203.50, 68497.50]",2024-10-21 13:30 IST,2024-10-21 13:30 IST,2024-10-21 14:30 IST,68424.0,68203.5,68834.544,0.3223,100.0,32.23,60.0,FILLED_SL,-1.0,CONSOLIDATION_REVERSAL,184510161.414,-59459386.4606,125050774.9534,611.3958,48.9117,-245.9372,365.4586
280,ETHUSD,LONG,"[2685.45, 2715.05]",2024-10-21 14:30 IST,2024-10-21 14:30 IST,2024-10-21 18:30 IST,2707.65,2685.45,2723.8959,0.8199,42.69,35.0,25.61,FILLED_SL,-1.0,CONSOLIDATION_REVERSAL,125050774.9534,-43767771.2337,81283003.7197,365.4586,12.4806,-140.3911,225.0675
281,SOLUSD,LONG,"[165.39, 167.32]",2024-10-22 12:30 IST,2024-10-22 13:30 IST,2024-10-22 13:30 IST,166.836,165.39,167.837,0.8667,40.38,35.0,24.23,FILLED_SL,-1.0,INSTANT_BLOWTHROUGH,81283003.7197,-28449051.3019,52833952.4178,225.0675,7.271,-86.0446,139.0229
282,BTCUSD,LONG,"[66930.00, 67293.00]",2024-10-23 05:30 IST,2024-10-23 05:30 IST,2024-10-23 08:30 IST,67202.25,66930.0,67605.4635,0.4051,86.39,35.0,51.84,FILLED_SL,-1.0,CONSOLIDATION_REVERSAL,52833952.4178,-18491883.3462,34342069.0716,139.0229,9.6086,-58.2666,80.7563
283,SOLUSD,LONG,"[170.10, 172.06]",2024-10-24 13:30 IST,2024-10-24 14:30 IST,2024-10-24 14:30 IST,171.5693,170.1,172.5987,0.8564,40.87,35.0,24.52,FILLED_TP,0.7006,N/A,34342069.0716,8421501.0186,42763570.0901,80.7563,2.6405,17.1629,97.9192
284,BTCUSD,LONG,"[67354.00, 67797.00]",2024-10-25 09:30 IST,2024-10-25 10:30 IST,2024-10-25 12:30 IST,67686.25,67354.0,68092.3675,0.4909,71.3,35.0,42.78,FILLED_SL,-1.0,CONSOLIDATION_REVERSAL,42763570.0901,-14967249.5315,27796320.5586,97.9192,5.5855,-39.8572,58.062
285,SOLUSD,LONG,"[171.10, 172.61]",2024-10-25 12:30 IST,2024-10-25 12:30 IST,2024-10-25 12:30 IST,172.2318,171.1,173.2651,0.6571,53.26,35.0,31.96,FILLED_TP,0.9131,N/A,27796320.5586,8883197.4907,36679518.0493,58.062,2.4741,16.0815,74.1435
286,ETHUSD,SHORT,"[2537.85, 2561.20]",2024-10-25 14:30 IST,2024-10-25 14:30 IST,2024-10-25 14:30 IST,2543.6875,2561.2,2528.4254,0.6885,50.84,35.0,30.5,FILLED_TP,0.8715,N/A,36679518.0493,11188156.248,47867674.2972,74.1435,3.0154,19.6002,93.7436
287,BTCUSD,LONG,"[66726.50, 67015.00]",2024-10-25 22:30 IST,2024-10-25 22:30 IST,2024-10-25 22:30 IST,66942.875,66726.5,67344.5323,0.3232,100.0,32.32,60.0,FILLED_TP,1.8563,N/A,47867674.2972,28720604.5783,76588278.8756,93.7436,7.4995,48.7467,142.4903
288,XRPUSD,LONG,"[0.51, 0.51]",2024-10-27 13:30 IST,2024-10-27 13:30 IST,2024-10-27 14:30 IST,0.5135,0.5122,0.5166,0.2483,100.0,24.83,60.0,FILLED_SL,-1.0,CONSOLIDATION_REVERSAL,76588278.8756,-19017489.7641,57570789.1115,142.4903,11.3992,-46.7807,95.7096
289,XRPUSD,SHORT,"[0.51, 0.52]",2024-10-27 18:30 IST,2024-10-27 18:30 IST,2024-10-27 20:30 IST,0.5148,0.5171,0.5117,0.4517,77.49,35.0,46.5,FILLED_SL,-1.0,CONSOLIDATION_REVERSAL,57570789.1115,-20149776.189,37421012.9224,95.7096,5.9335,-39.4318,56.2778
290,XRPUSD,LONG,"[0.51, 0.51]",2024-10-28 20:30 IST,2024-10-28 22:30 IST,2024-10-28 22:30 IST,0.5135,0.5118,0.5166,0.3359,100.0,33.59,60.0,FILLED_SL,-1.0,INSTANT_BLOWTHROUGH,37421012.9224,-12570224.8754,24850788.0471,56.2778,4.5022,-23.4067,32.8711
291,BTCUSD,SHORT,"[70643.50, 72025.00]",2024-10-29 12:30 IST,2024-10-29 12:30 IST,2024-10-29 20:30 IST,70988.875,72025.0,70562.9417,1.4596,23.98,35.0,14.39,FILLED_SL,-1.0,CONSOLIDATION_REVERSAL,24850788.0471,-8697775.8165,16153012.2306,32.8711,0.6306,-12.1355,20.7356
292,ETHUSD,LONG,"[2606.50, 2624.10]",2024-10-30 01:30 IST,2024-10-30 01:30 IST,2024-10-30 03:30 IST,2619.7,2606.5,2635.4182,0.5039,69.46,35.0,41.68,FILLED_TP,1.1908,N/A,16153012.2306,6732098.2496,22885110.4802,20.7356,1.1523,7.4897,28.2253
293,XRPUSD,SHORT,"[0.52, 0.53]",2024-10-30 14:30 IST,2024-10-30 14:30 IST,2024-10-30 16:30 IST,0.5252,0.5268,0.522,0.3142,100.0,31.42,60.0,FILLED_TP,1.9096,N/A,22885110.4802,13731066.2881,36616176.7684,28.2253,2.258,14.6772,42.9025
294,BTCUSD,SHORT,"[72361.50, 72687.00]",2024-10-30 19:30 IST,2024-10-30 19:30 IST,2024-10-30 19:30 IST,72442.875,72687.0,72008.2177,0.337,100.0,33.7,60.0,FILLED_TP,1.7805,N/A,36616176.7684,21969706.061,58585882.8294,42.9025,3.4322,22.3093,65.2118
295,SOLUSD,LONG,"[173.14, 175.15]",2024-10-30 23:30 IST,2024-10-30 23:30 IST,2024-10-30 23:30 IST,174.6475,173.14,175.6954,0.8632,40.55,35.0,24.33,FILLED_TP,0.6951,N/A,58585882.8294,14253362.3483,72839245.1777,65.2118,2.1154,13.75,78.9618
296,XRPUSD,SHORT,"[0.52, 0.53]",2024-10-31 15:30 IST,2024-11-01 14:30 IST,2024-11-01 14:30 IST,0.5221,0.5262,0.5189,0.7901,44.3,35.0,26.58,FILLED_TP,0.7594,N/A,72839245.1777,19359479.4533,92198724.631,78.9618,2.7982,18.1885,97.1504
297,BTCUSD,LONG,"[72173.00, 72369.00]",2024-10-31 16:30 IST,2024-10-31 16:30 IST,2024-10-31 17:30 IST,72320.0,72173.0,72753.92,0.2033,100.0,20.33,60.0,FILLED_SL,-1.0,CONSOLIDATION_REVERSAL,92198724.631,-18740614.6581,73458109.9728,97.1504,7.772,-27.5191,69.6312
298,BTCUSD,LONG,"[71683.00, 72156.50]",2024-10-31 17:30 IST,2024-10-31 17:30 IST,2024-10-31 18:30 IST,72038.125,71683.0,72470.3537,0.493,71.0,35.0,42.6,FILLED_SL,-1.0,CONSOLIDATION_REVERSAL,73458109.9728,-25710338.4905,47747771.4824,69.6312,3.955,-28.3259,41.3053
299,SOLUSD,SHORT,"[166.41, 167.73]",2024-11-03 01:30 IST,2024-11-03 01:30 IST,2024-11-03 01:30 IST,166.74,167.73,165.7396,0.5937,58.95,35.0,35.37,FILLED_TP,1.0105,N/A,47747771.4824,16887952.7027,64635724.185,41.3053,1.9479,12.6614,53.9667
300,ETHUSD,SHORT,"[2443.80, 2462.45]",2024-11-03 22:30 IST,2024-11-03 22:30 IST,2024-11-03 23:30 IST,2448.4625,2462.45,2433.7717,0.5713,61.27,35.0,36.76,FILLED_TP,1.0503,N/A,64635724.185,23759936.2529,88395660.4379,53.9667,2.6451,17.193,71.1597
301,BTCUSD,SHORT,"[68375.50, 68772.50]",2024-11-04 00:30 IST,2024-11-04 00:30 IST,2024-11-04 00:30 IST,68474.75,68772.5,68063.9015,0.4348,80.49,35.0,48.29,FILLED_TP,1.3798,N/A,88395660.4379,42690272.2892,131085932.7271,71.1597,4.5822,29.7841,100.9438
302,SOLUSD,SHORT,"[163.35, 164.76]",2024-11-04 07:30 IST,2024-11-04 07:30 IST,2024-11-04 07:30 IST,163.7032,164.76,162.721,0.6455,54.22,35.0,32.53,FILLED_TP,0.9295,N/A,131085932.7271,42644244.8593,173730177.5864,100.9438,4.3785,28.4601,129.4039
303,XRPUSD,SHORT,"[0.51, 0.51]",2024-11-04 14:30 IST,2024-11-04 14:30 IST,2024-11-04 14:30 IST,0.5104,0.5116,0.5073,0.2351,100.0,23.51,60.0,FILLED_TP,2.552,N/A,173730177.5864,104238106.5518,277968284.1382,129.4039,10.3523,67.29,196.6939
304,BTCUSD,SHORT,"[68644.00, 69258.00]",2024-11-05 17:30 IST,2024-11-05 17:30 IST,2024-11-05 19:30 IST,68797.5,69258.0,68384.715,0.6694,52.29,35.0,31.37,FILLED_SL,-1.0,CONSOLIDATION_REVERSAL,277968284.1382,-97288899.4484,180679384.6898,196.6939,8.228,-77.0708,119.6231
305,SOLUSD,SHORT,"[163.28, 164.91]",2024-11-05 17:30 IST,2024-11-05 17:30 IST,2024-11-05 17:30 IST,163.6903,164.914,162.7082,0.7476,46.82,35.0,28.09,FILLED_TP,0.8026,N/A,180679384.6898,50754655.2552,231434039.945,119.6231,4.4804,29.1229,148.7459
306,SOLUSD,LONG,"[184.36, 187.87]",2024-11-07 04:30 IST,2024-11-07 04:30 IST,2024-11-07 04:30 IST,186.9945,184.359,188.1165,1.4094,24.83,35.0,14.9,FILLED_TP,0.4257,N/A,231434039.945,34483579.747,265917619.692,148.7459,2.9551,19.208,167.9539
307,SOLUSD,LONG,"[194.21, 196.38]",2024-11-08 07:30 IST,2024-11-08 07:30 IST,2024-11-08 07:30 IST,195.8407,194.208,197.0158,0.8337,41.98,35.0,25.19,FILLED_TP,0.7197,N/A,265917619.692,66980715.2138,332898334.9058,167.9539,5.6407,36.6644,204.6184
308,SOLUSD,LONG,"[195.72, 198.60]",2024-11-08 21:30 IST,2024-11-08 21:30 IST,2024-11-08 21:30 IST,197.8792,195.72,199.0665,1.0912,32.07,35.0,19.24,FILLED_TP,0.5499,N/A,332898334.9058,64066093.7634,396964428.6692,204.6184,5.2505,34.1282,238.7466
309,SOLUSD,LONG,"[197.17, 199.15]",2024-11-09 19:30 IST,2024-11-09 19:30 IST,2024-11-09 21:30 IST,198.6548,197.169,199.8467,0.7479,46.8,35.0,28.08,FILLED_SL,-1.0,CONSOLIDATION_REVERSAL,396964428.6692,-138937550.0342,258026878.635,238.7466,8.9382,-92.4995,146.2471
310,BTCUSD,SHORT,"[76430.50, 76743.00]",2024-11-10 02:30 IST,2024-11-10 03:30 IST,2024-11-10 04:30 IST,76508.625,76743.0,76049.5733,0.3063,100.0,30.63,60.0,FILLED_SL,-1.0,CONSOLIDATION_REVERSAL,258026878.635,-79043440.7625,178983437.8725,146.2471,11.6998,-56.5008,89.7463
311,BTCUSD,LONG,"[78707.50, 79358.00]",2024-11-11 01:30 IST,2024-11-11 01:30 IST,2024-11-11 01:30 IST,79195.375,78707.5,79670.5473,0.616,56.81,35.0,34.09,FILLED_TP,0.974,N/A,178983437.8725,61013142.7319,239996580.6043,89.7463,4.0791,26.5142,116.2605
312,XRPUSD,LONG,"[0.58, 0.59]",2024-11-11 01:30 IST,2024-11-11 01:30 IST,2024-11-11 01:30 IST,0.5853,0.5806,0.5888,0.7945,44.05,35.0,26.43,FILLED_SL,-1.0,DUAL_TOUCH_AMBIGUITY,239996580.6043,-83998803.2115,155997777.3928,116.2605,4.0971,-44.7883,71.4722
313,SOLUSD,LONG,"[215.71, 220.01]",2024-11-12 14:30 IST,2024-11-12 14:30 IST,2024-11-12 14:30 IST,218.9373,215.71,220.2509,1.4741,23.74,35.0,14.25,FILLED_TP,0.407,N/A,155997777.3928,22224129.2791,178221906.6719,71.4722,1.3576,8.8246,80.2968
314,BTCUSD,SHORT,"[89076.00, 90026.00]",2024-11-13 01:30 IST,2024-11-13 01:30 IST,2024-11-13 01:30 IST,89313.5,90026.0,88777.619,0.7978,43.87,35.0,26.32,FILLED_TP,0.7521,N/A,178221906.6719,46915097.1919,225137003.8638,80.2968,2.8183,18.319,98.6158
315,XRPUSD,LONG,"[0.63, 0.65]",2024-11-13 10:30 IST,2024-11-13 10:30 IST,2024-11-13 10:30 IST,0.6456,0.6298,0.6494,2.4398,14.35,35.0,8.61,FILLED_TP,0.2459,N/A,225137003.8638,19378292.3792,244515296.243,98.6158,1.1318,7.3564,105.9723
316,SOLUSD,SHORT,"[212.36, 215.64]",2024-11-13 18:30 IST,2024-11-13 18:30 IST,2024-11-13 18:30 IST,213.1817,215.644,211.9027,1.155,30.3,35.0,18.18,FILLED_TP,0.5195,N/A,244515296.243,44457312.3709,288972608.6139,105.9723,2.569,16.6987,122.6709
317,SOLUSD,SHORT,"[220.96, 225.33]",2024-11-14 14:30 IST,2024-11-14 14:30 IST,2024-11-14 14:30 IST,222.0524,225.3328,220.7201,1.4773,23.69,35.0,14.22,FILLED_TP,0.4062,N/A,288972608.6139,41078195.6266,330050804.2405,122.6709,2.3251,15.1129,137.7839
318,SOLUSD,LONG,"[206.48, 211.83]",2024-11-14 19:30 IST,2024-11-14 20:30 IST,2024-11-14 20:30 IST,210.4932,206.48,211.7562,1.9066,18.36,35.0,11.01,FILLED_TP,0.3147,N/A,330050804.2405,36353150.0765,366403954.317,137.7839,2.0235,13.1526,150.9365
319,SOLUSD,SHORT,"[214.54, 217.17]",2024-11-15 18:30 IST,2024-11-15 19:30 IST,2024-11-15 19:30 IST,215.2007,217.171,213.9095,0.9155,38.23,35.0,22.94,FILLED_TP,0.6554,N/A,366403954.317,84043066.6774,450447020.9944,150.9365,4.6161,30.0046,180.9411
320,BTCUSD,SHORT,"[90500.00, 91717.00]",2024-11-16 01:30 IST,2024-11-16 01:30 IST,2024-11-16 02:30 IST,90804.25,91717.0,90259.4245,1.0052,34.82,35.0,20.89,FILLED_SL,-1.0,CONSOLIDATION_REVERSAL,450447020.9944,-157656457.348,292790563.6463,180.9411,5.0402,-68.3696,112.5715
321,ETHUSD,SHORT,"[3124.85, 3172.60]",2024-11-16 08:30 IST,2024-11-16 08:30 IST,2024-11-16 08:30 IST,3136.7875,3172.6,3117.9668,1.1417,30.66,35.0,18.39,FILLED_TP,0.5255,N/A,292790563.6463,53855099.151,346645662.7973,112.5715,2.7608,17.9453,130.5168
322,BTCUSD,SHORT,"[91198.50, 91851.00]",2024-11-16 23:30 IST,2024-11-16 23:30 IST,2024-11-17 01:30 IST,91361.625,91851.0,90813.4552,0.5356,65.34,35.0,39.2,FILLED_TP,1.1201,N/A,346645662.7973,135902392.2554,482548055.0527,130.5168,6.8225,44.3465,174.8633
323,BTCUSD,SHORT,"[90887.50, 91443.50]",2024-11-17 13:30 IST,2024-11-17 13:30 IST,2024-11-17 14:30 IST,91026.5,91443.5,90480.341,0.4581,76.4,35.0,45.84,FILLED_SL,-1.0,CONSOLIDATION_REVERSAL,482548055.0527,-168891819.2684,313656235.7842,174.8633,10.6878,-71.89,102.9733
324,ETHUSD,LONG,"[3016.65, 3063.30]",2024-11-18 16:30 IST,2024-11-20 23:30 IST,2024-11-20 23:30 IST,3051.6375,3016.65,3069.9473,1.1465,30.53,35.0,18.32,FILLED_TP,0.5233,N/A,313656235.7842,57450425.8829,371106661.6672,102.9733,2.5148,16.3462,119.3195
325,BTCUSD,LONG,"[88744.50, 89692.50]",2024-11-18 18:30 IST,2024-11-18 18:30 IST,2024-11-18 18:30 IST,89455.5,88744.5,89992.233,0.7948,44.04,35.0,26.42,FILLED_TP,0.7549,N/A,371106661.6672,98051782.198,469158443.8652,119.3195,4.2035,27.3225,146.642
326,BTCUSD,LONG,"[89419.50, 90639.00]",2024-11-18 23:30 IST,2024-11-18 23:30 IST,2024-11-18 23:30 IST,90334.125,89419.5,90876.1298,1.0125,34.57,35.0,20.74,FILLED_TP,0.5926,N/A,469158443.8652,97307789.2876,566466233.1528,146.642,4.0553,26.3596,173.0016
327,BTCUSD,LONG,"[90280.50, 91297.50]",2024-11-19 18:30 IST,2024-11-19 19:30 IST,2024-11-19 19:30 IST,91043.25,90280.5,91589.5095,0.8378,41.78,35.0,25.07,FILLED_TP,0.7162,N/A,566466233.1528,141990359.1624,708456592.3152,173.0016,5.7819,37.5826,210.5842
328,XRPUSD,LONG,"[1.06, 1.09]",2024-11-20 22:30 IST,2024-11-20 22:30 IST,2024-11-20 22:30 IST,1.0833,1.057,1.0897,2.4233,14.44,35.0,8.67,FILLED_TP,0.2476,N/A,708456592.3152,61394848.29,769851440.6052,210.5842,2.4332,15.816,226.4002
329,ETHUSD,SHORT,"[3092.00, 3161.60]",2024-11-21 09:30 IST,2024-11-21 09:30 IST,2024-11-21 09:30 IST,3109.4,3161.6,3090.7436,1.6788,20.85,35.0,12.51,FILLED_TP,0.3574,N/A,769851440.6052,96301336.126,866152776.7312,226.4002,3.7761,24.5445,250.9447
330,BTCUSD,LONG,"[96726.00, 97895.50]",2024-11-21 17:30 IST,2024-11-21 17:30 IST,2024-11-21 17:30 IST,97603.125,96726.0,98188.7437,0.8987,38.95,35.0,23.37,FILLED_TP,0.6677,N/A,866152776.7312,202402573.4604,1068555350.1916,250.9447,7.8188,50.822,301.7667
331,BTCUSD,SHORT,"[97728.50, 98424.00]",2024-11-21 22:30 IST,2024-11-21 22:30 IST,2024-11-21 22:30 IST,97902.375,98424.0,97314.9607,0.5328,65.69,35.0,39.41,FILLED_TP,1.1261,N/A,1068555350.1916,421163908.6809,1489719258.8725,301.7667,15.8586,103.0807,404.8475
332,ETHUSD,LONG,"[3308.00, 3333.95]",2024-11-22 15:30 IST,2024-11-22 15:30 IST,2024-11-22 15:30 IST,3327.4625,3308.0,3347.4273,0.5849,59.84,35.0,35.9,FILLED_TP,1.0258,N/A,1489719258.8725,534857723.098,2024576981.9705,404.8475,19.3805,125.973,530.8204
333,SOLUSD,LONG,"[252.66, 257.47]",2024-11-22 15:30 IST,2024-11-22 18:30 IST,2024-11-22 18:30 IST,256.2672,252.659,257.8049,1.408,24.86,35.0,14.91,FILLED_TP,0.4261,N/A,2024576981.9705,301960459.7032,2326537441.6737,530.8204,10.5561,68.6144,599.4349
334,BTCUSD,SHORT,"[98910.00, 99530.00]",2024-11-22 21:30 IST,2024-11-22 22:30 IST,2024-11-23 00:30 IST,99065.0,99530.0,98470.61,0.4694,74.57,35.0,44.74,FILLED_SL,-1.0,CONSOLIDATION_REVERSAL,2326537441.6737,-814288104.5858,1512249337.0879,599.4349,35.7575,-245.5597,353.8751
335,SOLUSD,LONG,"[253.46, 256.78]",2024-11-23 16:30 IST,2024-11-23 21:30 IST,2024-11-23 21:30 IST,255.95,253.46,257.4857,0.9728,35.98,35.0,21.59,FILLED_TP,0.6167,N/A,1512249337.0879,326436328.2884,1838685665.3763,353.8751,10.1851,66.2029,420.0781
336,XRPUSD,SHORT,"[1.48, 1.51]",2024-11-25 12:30 IST,2024-11-25 12:30 IST,2024-11-25 12:30 IST,1.4869,1.5135,1.478,1.7907,19.55,35.0,11.73,FILLED_TP,0.3351,N/A,1838685665.3763,215631213.9825,2054316879.3588,420.0781,6.5686,42.6959,462.774
337,SOLUSD,LONG,"[245.87, 251.53]",2024-11-25 17:30 IST,2024-11-25 18:30 IST,2024-11-25 18:30 IST,250.115,245.87,251.6157,1.6972,20.62,35.0,12.37,FILLED_TP,0.3535,N/A,2054316879.3588,254184329.6089,2308501208.9676,462.774,7.6346,49.6252,512.3992
338,BTCUSD,LONG,"[96930.00, 97871.00]",2024-11-25 18:30 IST,2024-11-25 18:30 IST,2024-11-25 19:30 IST,97635.75,96930.0,98221.5645,0.7228,48.42,35.0,29.05,FILLED_SL,-1.0,CONSOLIDATION_REVERSAL,2308501208.9676,-807975423.1387,1500525785.829,512.3992,19.8484,-199.1881,313.2111
339,XRPUSD,LONG,"[1.36, 1.40]",2024-11-25 19:30 IST,2024-11-25 19:30 IST,2024-11-25 19:30 IST,1.3908,1.3567,1.3992,2.4536,14.26,35.0,8.56,FILLED_TP,0.2445,N/A,1500525785.829,128428847.7585,1628954633.5875,313.2111,3.5743,23.2332,336.4443
340,SOLUSD,LONG,"[223.50, 230.35]",2024-11-27 09:30 IST,2024-11-27 10:30 IST,2024-11-27 10:30 IST,228.6375,223.5,230.0093,2.247,15.58,35.0,9.35,FILLED_TP,0.267,N/A,1628954633.5875,152238295.1975,1781192928.785,336.4443,4.1924,27.2509,363.6951
341,BTCUSD,SHORT,"[93496.00, 94120.00]",2024-11-27 12:30 IST,2024-11-27 12:30 IST,2024-11-27 12:30 IST,93652.0,94120.0,93090.088,0.4997,70.04,35.0,42.02,FILLED_TP,1.2007,N/A,1781192928.785,748516641.7731,2529709570.5581,363.6951,20.3782,132.4586,496.1537
342,SOLUSD,SHORT,"[237.79, 239.72]",2024-11-27 18:30 IST,2024-11-27 19:30 IST,2024-11-27 19:30 IST,238.2725,239.72,236.8429,0.6075,57.61,35.0,34.57,FILLED_SL,-1.0,DUAL_TOUCH_AMBIGUITY,2529709570.5581,-885398349.6953,1644311220.8628,496.1537,22.8681,-196.5219,299.6318
343,BTCUSD,SHORT,"[94495.50, 95061.50]",2024-11-27 19:30 IST,2024-11-27 19:30 IST,2024-11-27 20:30 IST,94637.0,95061.5,94069.178,0.4486,78.03,35.0,46.82,FILLED_SL,-1.0,CONSOLIDATION_REVERSAL,1644311220.8628,-575508927.302,1068802293.5608,299.6318,18.7038,-123.5749,176.0569
344,XRPUSD,SHORT,"[1.47, 1.49]",2024-11-28 23:30 IST,2024-11-28 23:30 IST,2024-11-29 01:30 IST,1.4764,1.4937,1.4675,1.1735,29.83,35.0,17.9,FILLED_TP,0.5113,N/A,1068802293.5608,191267028.6249,1260069322.1857,176.0569,4.2008,27.3054,203.3623
345,XRPUSD,SHORT,"[1.55, 1.60]",2024-11-29 06:30 IST,2024-11-29 07:30 IST,2024-11-29 09:30 IST,1.561,1.5951,1.5516,2.1861,16.01,35.0,9.61,FILLED_TP,0.2745,N/A,1260069322.1857,121042259.0892,1381111581.2749,203.3623,2.6047,16.9303,220.2926
346,SOLUSD,LONG,"[237.63, 241.63]",2024-11-29 22:30 IST,2024-11-29 22:30 IST,2024-11-29 22:30 IST,240.6289,237.6255,242.0726,1.2481,28.04,35.0,16.83,FILLED_TP,0.4807,N/A,1381111581.2749,232373308.2644,1613484889.5393,220.2926,4.9419,32.1225,252.4151
347,BTCUSD,LONG,"[95667.50, 96479.00]",2024-11-30 15:30 IST,2024-11-30 15:30 IST,2024-11-30 15:30 IST,96276.125,95667.5,96853.7817,0.6322,55.37,35.0,33.22,FILLED_TP,0.9491,N/A,1613484889.5393,535985464.1411,2149470353.6804,252.4151,11.18,72.6701,325.0852
348,BTCUSD,SHORT,"[96654.50, 97300.00]",2024-11-30 20:30 IST,2024-11-30 21:30 IST,2024-12-01 06:30 IST,96815.875,97300.0,96234.9797,0.5,69.99,35.0,42.0,FILLED_TP,1.1999,N/A,2149470353.6804,902692468.8129,3052162822.4933,325.0852,18.2031,118.3199,443.405
349,BTCUSD,SHORT,"[97240.00, 97666.50]",2024-12-01 21:30 IST,2024-12-01 21:30 IST,2024-12-02 02:30 IST,97346.625,97666.5,96762.5452,0.3286,100.0,32.86,60.0,FILLED_SL,-1.0,CONSOLIDATION_REVERSAL,3052162822.4933,-1002921860.7682,2049240961.7251,443.405,35.4724,-181.1726,262.2325
350,ETHUSD,LONG,"[3677.50, 3703.70]",2024-12-02 01:30 IST,2024-12-02 01:30 IST,2024-12-02 03:30 IST,3697.15,3677.5,3719.3329,0.5315,65.85,35.0,39.51,FILLED_TP,1.1289,N/A,2049240961.7251,809686390.0992,2858927351.8242,262.2325,13.8149,89.7971,352.0296
351,XRPUSD,SHORT,"[2.42, 2.49]",2024-12-02 18:30 IST,2024-12-02 18:30 IST,2024-12-02 18:30 IST,2.4397,2.4875,2.4251,1.9582,17.87,35.0,10.72,FILLED_TP,0.3064,N/A,2858927351.8242,306593254.2167,3165520606.0409,352.0296,5.0336,32.7183,384.7479
352,ETHUSD,SHORT,"[3620.40, 3684.65]",2024-12-02 23:30 IST,2024-12-03 04:30 IST,2024-12-03 07:30 IST,3636.4625,3684.65,3614.6437,1.3251,26.41,35.0,15.85,FILLED_TP,0.4528,N/A,3165520606.0409,501659634.7886,3667180240.8295,384.7479,8.1298,52.8436,437.5915
353,BTCUSD,SHORT,"[95463.50, 96375.00]",2024-12-03 20:30 IST,2024-12-03 20:30 IST,2024-12-03 21:30 IST,95691.375,96375.0,95117.2268,0.7144,48.99,35.0,29.4,FILLED_TP,0.8399,N/A,3667180240.8295,1077969341.6674,4745149582.4969,437.5915,17.1507,111.4795,549.071
354,SOLUSD,SHORT,"[226.57, 231.10]",2024-12-03 23:30 IST,2024-12-03 23:30 IST,2024-12-03 23:30 IST,227.7018,231.1,226.3355,1.4924,23.45,35.0,14.07,FILLED_TP,0.402,N/A,4745149582.4969,667698260.6598,5412847843.1568,549.071,10.3014,66.9593,616.0303
355,XRPUSD,SHORT,"[2.60, 2.69]",2024-12-04 02:30 IST,2024-12-04 02:30 IST,2024-12-04 02:30 IST,2.6257,2.6896,2.6099,2.4336,14.38,35.0,8.63,FILLED_TP,0.2465,N/A,5412847843.1568,467077944.0021,5879925787.1588,616.0303,7.0877,46.0699,662.1003
356,ETHUSD,SHORT,"[3629.20, 3673.85]",2024-12-04 03:30 IST,2024-12-04 05:30 IST,2024-12-04 05:30 IST,3640.3625,3673.85,3618.5203,0.9199,38.05,35.0,22.83,FILLED_SL,-1.0,DUAL_TOUCH_AMBIGUITY,5879925787.1588,-2057974025.5056,3821951761.6532,662.1003,20.1532,-251.8883,410.212
357,BTCUSD,LONG,"[94927.00, 96236.00]",2024-12-04 17:30 IST,2024-12-04 17:30 IST,2024-12-04 19:30 IST,95908.75,94927.0,96484.2025,1.0236,34.19,35.0,20.52,FILLED_TP,0.5861,N/A,3821951761.6532,784082601.1133,4606034362.7665,410.212,11.2208,72.9352,483.1472
358,SOLUSD,LONG,"[231.67, 235.74]",2024-12-06 00:30 IST,2024-12-06 00:30 IST,2024-12-06 00:30 IST,234.7225,231.67,236.1308,1.3005,26.91,35.0,16.15,FILLED_TP,0.4614,N/A,4606034362.7665,743781749.8773,5349816112.6438,483.1472,10.4025,67.6161,550.7632
359,ETHUSD,LONG,"[3769.75, 3830.00]",2024-12-06 01:30 IST,2024-12-06 01:30 IST,2024-12-06 01:30 IST,3814.9375,3769.75,3837.8271,1.1845,29.55,35.0,17.73,FILLED_TP,0.5065,N/A,5349816112.6438,948477999.9575,6298294112.6013,550.7632,13.0194,84.6263,635.3895
360,XRPUSD,LONG,"[2.33, 2.42]",2024-12-07 12:30 IST,2024-12-07 12:30 IST,2024-12-07 12:30 IST,2.3956,2.3315,2.41,2.6768,13.08,35.0,7.85,FILLED_TP,0.2242,N/A,6298294112.6013,494121430.8047,6792415543.406,635.3895,6.6464,43.2019,678.5914
361,ETHUSD,LONG,"[3979.05, 4011.40]",2024-12-08 02:30 IST,2024-12-08 02:30 IST,2024-12-08 10:30 IST,4003.3125,3979.05,4027.3324,0.6061,57.75,35.0,34.65,FILLED_SL,-1.0,CONSOLIDATION_REVERSAL,6792415543.406,-2377345440.1921,4415070103.2139,678.5914,31.3509,-268.8579,409.7335
362,BTCUSD,LONG,"[99101.50, 99862.50]",2024-12-08 03:30 IST,2024-12-08 03:30 IST,2024-12-08 04:30 IST,99672.25,99101.5,100270.2835,0.5726,61.12,35.0,36.67,FILLED_TP,1.0478,N/A,4415070103.2139,1619143126.2368,6034213229.4507,409.7335,20.0349,130.2271,539.9606
363,SOLUSD,SHORT,"[240.80, 243.32]",2024-12-08 07:30 IST,2024-12-08 07:30 IST,2024-12-08 07:30 IST,241.4303,243.321,239.9817,0.7831,44.69,35.0,26.81,FILLED_TP,0.7661,N/A,6034213229.4507,1618070806.7873,7652284036.238,539.9606,19.3053,125.4848,665.4453
364,BTCUSD,SHORT,"[99810.50, 100415.50]",2024-12-08 17:30 IST,2024-12-08 17:30 IST,2024-12-08 18:30 IST,99961.75,100415.5,99361.9795,0.4539,77.11,35.0,46.26,FILLED_SL,-1.0,CONSOLIDATION_REVERSAL,7652284036.238,-2678299412.6833,4973984623.5547,665.4453,41.0476,-273.9535,391.4919
365,ETHUSD,SHORT,"[4012.00, 4027.25]",2024-12-09 03:30 IST,2024-12-09 04:30 IST,2024-12-09 04:30 IST,4015.8125,4027.25,3991.7176,0.2848,100.0,28.48,60.0,FILLED_TP,2.1067,N/A,4973984623.5547,2984390774.1328,7958375397.6875,391.4919,31.3194,203.5758,595.0677
366,BTCUSD,LONG,"[99411.50, 100036.00]",2024-12-09 05:30 IST,2024-12-09 05:30 IST,2024-12-09 05:30 IST,99879.875,99411.5,100479.1543,0.4689,74.64,35.0,44.78,FILLED_TP,1.2795,N/A,7958375397.6875,3563920435.2082,11522295832.8957,595.0677,35.5311,230.9522,826.0198
367,BTCUSD,LONG,"[98711.50, 99362.50]",2024-12-09 07:30 IST,2024-12-09 07:30 IST,2024-12-09 07:30 IST,99199.75,98711.5,99794.9485,0.4922,71.11,35.0,42.67,FILLED_TP,1.219,N/A,11522295832.8957,4916167165.8034,16438462998.6991,826.0198,46.9912,305.443,1131.4628
368,ETHUSD,LONG,"[3835.35, 3886.00]",2024-12-09 13:30 IST,2024-12-09 13:30 IST,2024-12-09 13:30 IST,3873.3375,3835.35,3896.5775,0.9807,35.69,35.0,21.41,FILLED_TP,0.6118,N/A,16438462998.6991,3519857897.1496,19958320895.8486,1131.4628,32.303,209.9695,1341.4324
369,BTCUSD,SHORT,"[97155.00, 98312.50]",2024-12-11 07:30 IST,2024-12-11 07:30 IST,2024-12-11 07:30 IST,97444.375,98312.5,96859.7088,0.8909,39.29,35.0,23.57,FILLED_TP,0.6735,N/A,19958320895.8486,4704546951.2632,24662867847.1118,1341.4324,42.1601,274.0405,1615.4728
370,SOLUSD,SHORT,"[215.58, 218.69]",2024-12-11 07:30 IST,2024-12-11 07:30 IST,2024-12-11 07:30 IST,216.3575,218.69,215.0594,1.0781,32.47,35.0,19.48,FILLED_TP,0.5565,N/A,24662867847.1118,4804112541.6876,29466980388.7994,1615.4728,41.9573,272.7227,1888.1956
371,XRPUSD,SHORT,"[2.39, 2.44]",2024-12-12 07:30 IST,2024-12-12 07:30 IST,2024-12-12 07:30 IST,2.4047,2.4445,2.3903,1.653,21.17,35.0,12.7,FILLED_TP,0.363,N/A,29466980388.7994,3743585265.1302,33210565653.9296,1888.1956,31.9844,207.8984,2096.094
372,ETHUSD,LONG,"[3890.40, 3924.95]",2024-12-12 23:30 IST,2024-12-12 23:30 IST,2024-12-12 23:30 IST,3916.3125,3890.4,3939.8104,0.6617,52.9,35.0,31.74,FILLED_TP,0.9068,N/A,33210565653.9296,10540557728.7165,43751123382.6461,2096.094,88.7027,576.5675,2672.6615
373,SOLUSD,LONG,"[225.69, 227.82]",2024-12-13 00:30 IST,2024-12-13 00:30 IST,2024-12-13 00:30 IST,227.2873,225.689,228.651,0.7032,49.77,35.0,29.86,FILLED_TP,0.8533,N/A,43751123382.6461,13065885992.7482,56817009375.3943,2672.6615,106.4222,691.7445,3364.406
374,ETHUSD,LONG,"[3870.00, 3903.00]",2024-12-13 20:30 IST,2024-12-13 20:30 IST,2024-12-13 20:30 IST,3894.75,3870.0,3918.1185,0.6355,55.08,35.0,33.05,FILLED_TP,0.9442,N/A,56817009375.3943,18775955525.4996,75592964900.894,3364.406,148.2418,963.572,4327.9779
375,SOLUSD,SHORT,"[225.52, 227.17]",2024-12-14 06:30 IST,2024-12-14 06:30 IST,2024-12-14 11:30 IST,225.9332,227.1729,224.5776,0.5487,63.79,35.0,38.27,FILLED_SL,-1.0,CONSOLIDATION_REVERSAL,75592964900.894,-26457537715.3129,49135427185.5811,4327.9779,220.8591,-1735.6514,2592.3265
376,BTCUSD,LONG,"[101028.50, 101362.50]",2024-12-14 17:30 IST,2024-12-14 17:30 IST,2024-12-14 18:30 IST,101279.0,101028.5,101886.674,0.2473,100.0,24.73,60.0,FILLED_SL,-1.0,CONSOLIDATION_REVERSAL,49135427185.5811,-12152987796.0762,36982439389.5048,2592.3265,207.3861,-848.5633,1743.7633
377,XRPUSD,LONG,"[2.40, 2.42]",2024-12-14 17:30 IST,2024-12-14 17:30 IST,2024-12-14 17:30 IST,2.4186,2.3993,2.4331,0.797,43.92,35.0,26.35,FILLED_TP,0.7529,N/A,36982439389.5048,9744959119.4602,46727398508.965,1743.7633,61.2648,398.2209,2141.9842
378,BTCUSD,SHORT,"[101261.00, 102638.00]",2024-12-15 00:30 IST,2024-12-15 06:30 IST,2024-12-15 09:30 IST,101605.25,102638.0,100995.6185,1.0164,34.43,35.0,20.66,FILLED_SL,-1.0,CONSOLIDATION_REVERSAL,46727398508.965,-16354589478.1378,30372809030.8273,2141.9842,59.0059,-808.7003,1333.2839
379,XRPUSD,SHORT,"[2.38, 2.42]",2024-12-15 03:30 IST,2024-12-15 03:30 IST,2024-12-15 06:30 IST,2.3915,2.4178,2.3771,1.1008,31.8,35.0,19.08,FILLED_SL,-1.0,CONSOLIDATION_REVERSAL,30372809030.8273,-10630483160.7895,19742325870.0377,1333.2839,33.9139,-500.5633,832.7206
380,BTCUSD,SHORT,"[102386.00, 103652.00]",2024-12-16 02:30 IST,2024-12-16 02:30 IST,2024-12-16 04:30 IST,102702.5,103652.0,102086.285,0.9245,37.86,35.0,22.71,FILLED_SL,-1.0,CONSOLIDATION_REVERSAL,19742325870.0377,-6909814054.5132,12832511815.5245,832.7206,25.2199,-316.6721,516.0485
381,SOLUSD,LONG,"[215.59, 218.69]",2024-12-16 02:30 IST,2024-12-16 02:30 IST,2024-12-16 02:30 IST,217.9127,215.5873,219.2202,1.0671,32.8,35.0,19.68,FILLED_TP,0.5623,N/A,12832511815.5245,2525343504.1871,15357855319.7116,516.0485,13.5406,88.0139,604.0624
382,XRPUSD,LONG,"[2.37, 2.40]",2024-12-16 09:30 IST,2024-12-16 13:30 IST,2024-12-16 16:30 IST,2.3926,2.3652,2.4069,1.1442,30.59,35.0,18.35,FILLED_SL,-1.0,CONSOLIDATION_REVERSAL,15357855319.7116,-5375249361.8991,9982605957.8126,604.0624,14.7826,-226.2045,377.8579
383,ETHUSD,SHORT,"[3951.50, 3982.80]",2024-12-16 21:30 IST,2024-12-16 21:30 IST,2024-12-16 22:30 IST,3959.325,3982.8,3935.569,0.5929,59.03,35.0,35.42,FILLED_SL,-1.0,CONSOLIDATION_REVERSAL,9982605957.8126,-3493912085.2344,6488693872.5782,377.8579,17.8444,-150.0947,227.7633
384,ETHUSD,LONG,"[3842.75, 3891.00]",2024-12-18 04:30 IST,2024-12-18 04:30 IST,2024-12-18 06:30 IST,3878.9375,3842.75,3902.2111,0.9329,37.52,35.0,22.51,FILLED_SL,-1.0,CONSOLIDATION_REVERSAL,6488693872.5782,-2271042855.4024,4217651017.1758,227.7633,6.8359,-86.553,141.2102
385,XRPUSD,LONG,"[2.44, 2.49]",2024-12-18 19:30 IST,2024-12-18 19:30 IST,2024-12-18 19:30 IST,2.4775,2.44,2.4924,1.5136,23.12,35.0,13.87,FILLED_TP,0.3964,N/A,4217651017.1758,585156902.123,4802807919.2988,141.2102,2.6122,16.9793,158.1895
386,ETHUSD,SHORT,"[3403.70, 3464.10]",2024-12-20 22:30 IST,2024-12-20 22:30 IST,2024-12-20 22:30 IST,3418.8,3464.1,3398.2872,1.325,26.41,35.0,15.85,FILLED_TP,0.4528,N/A,4802807919.2988,761184622.5264,5563992541.8252,158.1895,3.3428,21.7282,179.9178
387,XRPUSD,SHORT,"[2.27, 2.36]",2024-12-21 00:30 IST,2024-12-21 00:30 IST,2024-12-21 00:30 IST,2.2934,2.3551,2.2796,2.6914,13.0,35.0,7.8,FILLED_TP,0.2229,N/A,5563992541.8252,434130011.0292,5998122552.8544,179.9178,1.8717,12.1663,192.0841
388,BTCUSD,SHORT,"[97260.50, 98240.00]",2024-12-21 03:30 IST,2024-12-21 04:30 IST,2024-12-21 11:30 IST,97505.375,98240.0,96920.3427,0.7534,46.45,35.0,27.87,FILLED_SL,-1.0,CONSOLIDATION_REVERSAL,5998122552.8544,-2099342893.499,3898779659.3554,192.0841,7.1386,-74.368,117.7161
389,SOLUSD,SHORT,"[193.87, 199.55]",2024-12-21 04:30 IST,2024-12-21 06:30 IST,2024-12-21 06:30 IST,195.2893,199.55,194.1175,2.1818,16.04,35.0,9.63,FILLED_TP,0.275,N/A,3898779659.3554,375266909.9902,4274046569.3455,117.7161,1.5107,9.8197,127.5358
390,ETHUSD,LONG,"[3392.20, 3448.50]",2024-12-21 16:30 IST,2024-12-21 16:30 IST,2024-12-21 16:30 IST,3434.425,3392.2,3455.0316,1.2295,28.47,35.0,17.08,FILLED_TP,0.488,N/A,4274046569.3455,730033724.4936,5004080293.8391,127.5358,2.9045,18.8794,146.4152
391,XRPUSD,LONG,"[2.21, 2.26]",2024-12-21 17:30 IST,2024-12-21 17:30 IST,2024-12-21 17:30 IST,2.2464,2.2071,2.2599,1.7495,20.01,35.0,12.0,FILLED_TP,0.343,N/A,5004080293.8391,600672990.8745,5604753284.7136,146.4152,2.3434,15.2318,161.647
392,SOLUSD,LONG,"[177.80, 180.74]",2024-12-22 19:30 IST,2024-12-22 19:30 IST,2024-12-22 19:30 IST,180.005,177.8,181.085,1.225,28.57,35.0,17.14,FILLED_TP,0.4898,N/A,5604753284.7136,960841538.1094,6565594822.823,161.647,3.6949,24.0168,185.6638
393,XRPUSD,LONG,"[2.18, 2.22]",2024-12-22 19:30 IST,2024-12-22 19:30 IST,2024-12-22 19:30 IST,2.2063,2.1761,2.2196,1.3699,25.55,35.0,15.33,FILLED_TP,0.438,N/A,6565594822.823,1006460069.3028,7572054892.1258,185.6638,3.7948,24.6662,210.33
394,XRPUSD,SHORT,"[2.20, 2.22]",2024-12-23 21:30 IST,2024-12-23 21:30 IST,2024-12-23 21:30 IST,2.2026,2.224,2.1893,0.9739,35.94,35.0,21.56,FILLED_TP,0.6161,N/A,7572054892.1258,1632794496.7631,9204849388.8889,210.33,6.0472,39.3071,249.6371
395,ETHUSD,LONG,"[3258.50, 3320.35]",2024-12-23 23:30 IST,2024-12-23 23:30 IST,2024-12-23 23:30 IST,3304.8875,3258.5,3324.7168,1.4036,24.94,35.0,14.96,FILLED_TP,0.4275,N/A,9204849388.8889,1377183132.0488,10582032520.9377,249.6371,4.9799,32.3695,282.0066
396,XRPUSD,SHORT,"[2.24, 2.29]",2024-12-24 01:30 IST,2024-12-24 02:30 IST,2024-12-24 02:30 IST,2.2513,2.2928,2.2377,1.8456,18.96,35.0,11.38,FILLED_TP,0.3251,N/A,10582032520.9377,1204040469.237,11786072990.1748,282.0066,4.2783,27.8089,309.8155
397,BTCUSD,SHORT,"[95775.00, 96500.00]",2024-12-24 18:30 IST,2024-12-24 18:30 IST,2024-12-24 18:30 IST,95956.25,96500.0,95380.5125,0.5667,61.76,35.0,37.06,FILLED_TP,1.0588,N/A,11786072990.1748,4367796725.2658,16153869715.4405,309.8155,15.3086,99.5058,409.3213
398,BTCUSD,SHORT,"[98446.00, 99485.00]",2024-12-25 03:30 IST,2024-12-25 03:30 IST,2024-12-25 06:30 IST,98705.75,99485.0,98113.5155,0.7895,44.33,35.0,26.6,FILLED_TP,0.76,N/A,16153869715.4405,4296961994.092,20450831709.5325,409.3213,14.5174,94.3629,503.6842
399,ETHUSD,LONG,"[3456.25, 3490.65]",2024-12-25 16:30 IST,2024-12-25 16:30 IST,2024-12-25 16:30 IST,3482.05,3456.25,3502.9423,0.7409,47.24,35.0,28.34,FILLED_TP,0.8098,N/A,20450831709.5325,5796229417.2005,26247061126.733,503.6842,19.0341,123.7215,627.4057
400,ETHUSD,SHORT,"[3490.30, 3546.60]",2024-12-26 04:30 IST,2024-12-26 05:30 IST,2024-12-26 05:30 IST,3504.375,3546.6,3483.3488,1.2049,29.05,35.0,17.43,FILLED_TP,0.498,N/A,26247061126.733,4574471146.3728,30821532273.1057,627.4057,14.5797,94.7678,722.1734
401,BTCUSD,LONG,"[97589.00, 98624.50]",2024-12-26 09:30 IST,2024-12-26 09:30 IST,2024-12-26 09:30 IST,98365.625,97589.0,98955.8188,0.7895,44.33,35.0,26.6,FILLED_TP,0.7599,N/A,30821532273.1057,8197954610.7241,39019486883.8298,722.1734,25.6113,166.4734,888.6469
402,SOLUSD,LONG,"[193.25, 195.41]",2024-12-26 09:30 IST,2024-12-26 09:30 IST,2024-12-26 09:30 IST,194.8707,193.25,196.04,0.8317,42.08,35.0,25.25,FILLED_TP,0.7214,N/A,39019486883.8298,9852160428.6293,48871647312.4591,888.6469,29.917,194.4604,1083.1073
403,XRPUSD,LONG,"[2.13, 2.19]",2024-12-27 18:30 IST,2024-12-27 19:30 IST,2024-12-27 19:30 IST,2.1713,2.1268,2.1844,2.0517,17.06,35.0,10.24,FILLED_TP,0.2924,N/A,48871647312.4591,5002169425.8812,53873816738.3403,1083.1073,14.7813,96.0782,1179.1855
404,BTCUSD,LONG,"[95076.00, 96378.50]",2024-12-27 19:30 IST,2024-12-27 19:30 IST,2024-12-27 20:30 IST,96052.875,95076.0,96629.1923,1.017,34.41,35.0,20.65,FILLED_SL,-1.0,CONSOLIDATION_REVERSAL,53873816738.3403,-18855835858.4191,35017980879.9212,1179.1855,32.4647,-445.1796,734.0059
405,BTCUSD,LONG,"[93777.00, 94280.50]",2024-12-27 21:30 IST,2024-12-27 21:30 IST,2024-12-27 21:30 IST,94154.625,93777.0,94719.5528,0.4011,87.27,35.0,52.36,FILLED_TP,1.496,N/A,35017980879.9212,18335439130.918,53353420010.8392,734.0059,51.2435,333.0825,1067.0884
406,SOLUSD,LONG,"[180.67, 185.62]",2024-12-28 02:30 IST,2024-12-28 03:30 IST,2024-12-28 03:30 IST,184.3822,180.669,185.4885,2.0139,17.38,35.0,10.43,FILLED_TP,0.2979,N/A,53353420010.8392,5563479328.423,58916899339.2622,1067.0884,14.8362,96.4354,1163.5238
407,SOLUSD,LONG,"[192.35, 194.20]",2024-12-29 19:30 IST,2024-12-29 19:30 IST,2024-12-29 19:30 IST,193.7378,192.348,194.9002,0.7173,48.79,35.0,29.27,FILLED_TP,0.8364,N/A,58916899339.2622,17247920691.7985,76164820031.0607,1163.5238,45.4162,295.2054,1458.7292
408,XRPUSD,LONG,"[2.13, 2.15]",2024-12-29 22:30 IST,2024-12-29 22:30 IST,2024-12-30 01:30 IST,2.1441,2.1329,2.157,0.5247,66.71,35.0,40.02,FILLED_SL,-1.0,CONSOLIDATION_REVERSAL,76164820031.0607,-26657687010.8712,49507133020.1894,1458.7292,77.8458,-588.4011,870.3282
409,SOLUSD,SHORT,"[192.83, 197.60]",2024-12-30 06:30 IST,2024-12-30 06:30 IST,2024-12-30 06:30 IST,194.0225,197.6,192.8584,1.8439,18.98,35.0,11.39,FILLED_TP,0.3254,N/A,49507133020.1894,5638447296.8443,55145580317.0337,870.3282,13.2164,85.9067,956.2348
410,BTCUSD,SHORT,"[93674.50, 94252.00]",2024-12-30 22:30 IST,2024-12-30 22:30 IST,2024-12-30 22:30 IST,93818.875,94252.0,93255.9618,0.4617,75.81,35.0,45.49,FILLED_TP,1.2997,N/A,55145580317.0337,25084588153.0485,80230168470.0822,956.2348,57.9962,376.9753,1333.2101
411,XRPUSD,SHORT,"[2.07, 2.10]",2024-12-30 22:30 IST,2024-12-30 22:30 IST,2024-12-30 22:30 IST,2.0771,2.095,2.0646,0.863,40.56,35.0,24.33,FILLED_TP,0.6953,N/A,80230168470.0822,19523155484.9363,99753323955.0185,1333.2101,43.2563,281.1661,1614.3763
412,SOLUSD,SHORT,"[192.79, 194.76]",2024-12-30 23:30 IST,2024-12-30 23:30 IST,2024-12-30 23:30 IST,193.2825,194.76,192.1228,0.7644,45.79,35.0,27.47,FILLED_SL,-1.0,DUAL_TOUCH_AMBIGUITY,99753323955.0185,-34913663384.2565,64839660570.762,1614.3763,59.1327,-624.1644,990.2119
413,XRPUSD,SHORT,"[2.10, 2.15]",2024-12-31 00:30 IST,2024-12-31 01:30 IST,2024-12-31 02:30 IST,2.1106,2.1514,2.0979,1.9331,18.11,35.0,10.86,FILLED_TP,0.3104,N/A,64839660570.762,7043780244.1511,71883440814.9131,990.2119,14.3427,93.2278,1083.4396
414,BTCUSD,LONG,"[91509.00, 92444.50]",2024-12-31 02:30 IST,2024-12-31 02:30 IST,2024-12-31 02:30 IST,92210.625,91509.0,92763.8887,0.7609,46.0,35.0,27.6,FILLED_TP,0.7885,N/A,71883440814.9131,19839195738.26,91722636553.173,1083.4396,39.8693,259.1505,1342.5901
415,XRPUSD,LONG,"[2.00, 2.04]",2024-12-31 05:30 IST,2024-12-31 06:30 IST,2024-12-31 06:30 IST,2.0257,1.9967,2.0379,1.4328,24.43,35.0,14.66,FILLED_TP,0.4188,N/A,91722636553.173,13443244088.0799,105165880641.2529,1342.5901,26.2367,170.5388,1513.1289
416,ETHUSD,LONG,"[3314.00, 3343.55]",2025-01-01 03:30 IST,2025-01-01 03:30 IST,2025-01-01 05:30 IST,3336.1625,3314.0,3356.1795,0.6643,52.69,35.0,31.61,FILLED_TP,0.9032,N/A,105165880641.2529,33244714327.2247,138410594968.4777,1513.1289,63.7768,414.5489,1927.6777
417,SOLUSD,LONG,"[187.94, 189.48]",2025-01-01 04:30 IST,2025-01-01 04:30 IST,2025-01-01 04:30 IST,189.0959,187.9436,190.2305,0.6094,57.44,35.0,34.46,FILLED_TP,0.9846,N/A,138410594968.4777,47698550423.2488,186109145391.7265,1927.6777,88.5746,575.7347,2503.4124
418,BTCUSD,SHORT,"[93460.00, 94449.00]",2025-01-01 17:30 IST,2025-01-01 17:30 IST,2025-01-01 20:30 IST,93707.25,94449.0,93145.0065,0.7916,44.22,35.0,26.53,FILLED_SL,-1.0,CONSOLIDATION_REVERSAL,186109145391.7265,-65138200887.1043,120970944504.6223,2503.4124,88.5536,-964.7479,1538.6645
419,ETHUSD,SHORT,"[3345.25, 3368.05]",2025-01-01 17:30 IST,2025-01-01 17:30 IST,2025-01-01 19:30 IST,3350.95,3368.05,3330.8443,0.5103,68.59,35.0,41.15,FILLED_TP,1.1758,N/A,120970944504.6223,49781984305.5138,170752928810.136,1538.6645,84.4255,548.7659,2087.4304
420,XRPUSD,LONG,"[2.43, 2.47]",2025-01-04 09:30 IST,2025-01-04 09:30 IST,2025-01-04 20:30 IST,2.4562,2.4273,2.471,1.1786,29.7,35.0,17.82,FILLED_SL,-1.0,CONSOLIDATION_REVERSAL,170752928810.136,-59763525083.5476,110989403726.5884,2087.4304,49.59,-780.1906,1307.2398
421,SOLUSD,SHORT,"[216.12, 218.03]",2025-01-04 16:30 IST,2025-01-04 16:30 IST,2025-01-04 16:30 IST,216.5975,218.03,215.2979,0.6614,52.92,35.0,31.75,FILLED_TP,0.9072,N/A,110989403726.5884,35241924945.6937,146231328672.2822,1307.2398,55.3442,359.7373,1666.9771
422,BTCUSD,LONG,"[97477.50, 98120.00]",2025-01-05 06:30 IST,2025-01-05 13:30 IST,2025-01-05 19:30 IST,97959.375,97477.5,98547.1313,0.4919,71.15,35.0,42.69,FILLED_SL,-1.0,CONSOLIDATION_REVERSAL,146231328672.2822,-51180965035.2988,95050363636.9834,1666.9771,94.8854,-678.3274,988.6497
423,XRPUSD,SHORT,"[2.42, 2.44]",2025-01-06 06:30 IST,2025-01-06 07:30 IST,2025-01-06 07:30 IST,2.4246,2.4419,2.41,0.7146,48.98,35.0,29.39,FILLED_SL,-1.0,DUAL_TOUCH_AMBIGUITY,95050363636.9834,-33267627272.9442,61782736364.0392,988.6497,38.7403,-384.7677,603.882
424,ETHUSD,LONG,"[3609.05, 3654.95]",2025-01-06 12:30 IST,2025-01-06 12:30 IST,2025-01-06 12:30 IST,3643.475,3609.05,3665.3358,0.9448,37.04,35.0,22.23,FILLED_TP,0.635,N/A,61782736364.0392,13731825600.155,75514561964.1942,603.882,17.8958,116.3229,720.205
425,BTCUSD,SHORT,"[98900.00, 99949.50]",2025-01-06 13:30 IST,2025-01-06 13:30 IST,2025-01-06 19:30 IST,99162.375,99949.5,98567.4008,0.7938,44.09,35.0,26.46,FILLED_SL,-1.0,CONSOLIDATION_REVERSAL,75514561964.1942,-26430096687.468,49084465276.7262,720.205,25.4049,-277.4766,442.7283
426,BTCUSD,SHORT,"[101712.50, 102587.50]",2025-01-07 01:30 IST,2025-01-07 01:30 IST,2025-01-07 05:30 IST,101931.25,102587.5,101319.6625,0.6438,54.36,35.0,32.62,FILLED_SL,-1.0,CONSOLIDATION_REVERSAL,49084465276.7262,-17179562846.8542,31904902429.8721,442.7283,19.2546,-174.2095,268.5189
427,XRPUSD,SHORT,"[2.42, 2.43]",2025-01-07 10:30 IST,2025-01-07 10:30 IST,2025-01-07 10:30 IST,2.4235,2.4338,2.409,0.424,82.55,35.0,49.53,FILLED_TP,1.4152,N/A,31904902429.8721,15803103668.0142,47708006097.8863,268.5189,17.7337,115.2688,383.7877
428,ETHUSD,LONG,"[3622.90, 3652.00]",2025-01-07 16:30 IST,2025-01-07 16:30 IST,2025-01-07 19:30 IST,3644.725,3622.9,3666.5934,0.5988,58.45,35.0,35.07,FILLED_SL,-1.0,CONSOLIDATION_REVERSAL,47708006097.8863,-16697802134.2602,31010203963.6261,383.7877,17.9457,-152.2714,231.5163
429,XRPUSD,LONG,"[2.39, 2.42]",2025-01-07 17:30 IST,2025-01-07 19:30 IST,2025-01-07 19:30 IST,2.4093,2.3921,2.4238,0.716,48.89,35.0,29.33,FILLED_SL,-1.0,DUAL_TOUCH_AMBIGUITY,31010203963.6261,-10853571387.2691,20156632576.357,231.5163,9.0542,-90.0849,141.4314
430,BTCUSD,LONG,"[97029.00, 97933.00]",2025-01-07 20:30 IST,2025-01-07 20:30 IST,2025-01-07 20:30 IST,97707.0,97029.0,98293.242,0.6939,50.44,35.0,30.26,FILLED_TP,0.8647,N/A,20156632576.357,6100048094.6756,26256680671.0325,141.4314,5.7069,37.0948,178.5262
431,BTCUSD,SHORT,"[94854.00, 95845.00]",2025-01-09 03:30 IST,2025-01-09 03:30 IST,2025-01-09 03:30 IST,95101.75,95845.0,94531.1395,0.7815,44.78,35.0,26.87,FILLED_TP,0.7677,N/A,26256680671.0325,7055254880.7445,33311935551.7771,178.5262,6.3961,41.5745,220.1007
432,ETHUSD,SHORT,"[3331.25, 3384.95]",2025-01-09 03:30 IST,2025-01-09 06:30 IST,2025-01-09 07:30 IST,3344.675,3384.95,3324.607,1.2042,29.07,35.0,17.44,FILLED_TP,0.4983,N/A,33311935551.7771,5809483696.7709,39121419248.5479,220.1007,5.118,33.2668,253.3675
433,SOLUSD,SHORT,"[196.19, 199.47]",2025-01-09 03:30 IST,2025-01-09 03:30 IST,2025-01-09 03:30 IST,197.0108,199.473,195.8287,1.2498,28.0,35.0,16.8,FILLED_TP,0.4801,N/A,39121419248.5479,6573424432.5977,45694843681.1456,253.3675,5.6763,36.8961,290.2636
434,XRPUSD,LONG,"[2.27, 2.31]",2025-01-09 12:30 IST,2025-01-09 12:30 IST,2025-01-09 12:30 IST,2.3044,2.2732,2.3182,1.3539,25.85,35.0,15.51,FILLED_TP,0.4432,N/A,45694843681.1456,7087446004.3444,52782289685.4901,290.2636,6.0028,39.0182,329.2818
435,SOLUSD,SHORT,"[190.54, 192.68]",2025-01-10 11:30 IST,2025-01-10 12:30 IST,2025-01-10 12:30 IST,191.0743,192.68,189.9278,0.8404,41.65,35.0,24.99,FILLED_SL,-1.0,INSTANT_BLOWTHROUGH,52782289685.4901,-18473801389.9215,34308488295.5686,329.2818,10.9711,-126.2197,203.0621
436,BTCUSD,SHORT,"[94930.50, 95359.00]",2025-01-10 15:30 IST,2025-01-10 15:30 IST,2025-01-10 18:30 IST,95037.625,95359.0,94467.3993,0.3382,100.0,33.82,60.0,FILLED_TP,1.7743,N/A,34308488295.5686,20585092977.3411,54893581272.9097,203.0621,16.245,105.5923,308.6544
437,BTCUSD,LONG,"[93945.00, 94415.00]",2025-01-12 05:30 IST,2025-01-12 06:30 IST,2025-01-12 14:30 IST,94297.5,93945.0,94863.285,0.3738,93.63,35.0,56.18,FILLED_SL,-1.0,CONSOLIDATION_REVERSAL,54893581272.9097,-19212753445.5184,35680827827.3913,308.6544,23.1191,-131.1482,177.5062
438,XRPUSD,SHORT,"[2.54, 2.56]",2025-01-12 22:30 IST,2025-01-12 22:30 IST,2025-01-12 22:30 IST,2.5418,2.5555,2.5265,0.54,64.82,35.0,38.89,FILLED_TP,1.1112,N/A,35680827827.3913,13876468919.2737,49557296746.665,177.5062,9.2044,59.8287,237.3349
439,BTCUSD,LONG,"[93661.00, 94199.50]",2025-01-13 03:30 IST,2025-01-13 03:30 IST,2025-01-13 05:30 IST,94064.875,93661.0,94629.2643,0.4294,81.52,35.0,48.91,FILLED_TP,1.3974,N/A,49557296746.665,24238593475.7219,73795890222.387,237.3349,15.4775,100.6036,337.9385
440,ETHUSD,LONG,"[3232.85, 3267.30]",2025-01-13 06:30 IST,2025-01-13 06:30 IST,2025-01-13 06:30 IST,3258.6875,3232.85,3278.2396,0.7929,44.14,35.0,26.49,FILLED_TP,0.7567,N/A,73795890222.387,19545360988.487,93341251210.874,337.9385,11.9341,77.5713,415.5099
441,ETHUSD,LONG,"[3101.55, 3217.05]",2025-01-13 11:30 IST,2025-01-13 11:30 IST,2025-01-13 11:30 IST,3188.175,3101.55,3207.3041,2.7171,12.88,35.0,7.73,FILLED_TP,0.2208,N/A,93341251210.874,7214260450.4055,100555511661.2795,415.5099,4.2819,27.8325,443.3423
442,BTCUSD,SHORT,"[94145.50, 94878.00]",2025-01-14 02:30 IST,2025-01-14 02:30 IST,2025-01-14 02:30 IST,94328.625,94878.0,93762.6533,0.5824,60.1,35.0,36.06,FILLED_TP,1.0302,N/A,100555511661.2795,36257661192.2237,136813172853.5033,443.3423,21.3143,138.5432,581.8855
443,XRPUSD,SHORT,"[2.50, 2.56]",2025-01-14 03:30 IST,2025-01-14 03:30 IST,2025-01-14 14:30 IST,2.5138,2.5627,2.4987,1.9453,17.99,35.0,10.8,FILLED_SL,-1.0,CONSOLIDATION_REVERSAL,136813172853.5033,-47884610498.7261,88928562354.7771,581.8855,8.3756,-212.0356,369.85
444,BTCUSD,SHORT,"[94532.50, 95749.00]",2025-01-14 12:30 IST,2025-01-14 12:30 IST,2025-01-14 13:30 IST,94836.625,95749.0,94267.6052,0.962,36.38,35.0,21.83,FILLED_SL,-1.0,CONSOLIDATION_REVERSAL,88928562354.7771,-31124996824.172,57803565530.6051,369.85,10.7643,-140.2118,229.6382
445,ETHUSD,SHORT,"[3235.95, 3270.00]",2025-01-14 14:30 IST,2025-01-14 14:30 IST,2025-01-14 14:30 IST,3244.4625,3270.0,3224.9957,0.7871,44.47,35.0,26.68,FILLED_TP,0.7623,N/A,57803565530.6051,15421914891.1879,73225480421.793,229.6382,8.169,53.0982,282.7364
446,SOLUSD,SHORT,"[188.22, 191.91]",2025-01-15 03:30 IST,2025-01-15 08:30 IST,2025-01-15 08:30 IST,189.1415,191.906,188.0067,1.4616,23.95,35.0,14.37,FILLED_TP,0.4105,N/A,73225480421.793,10520872537.8611,83746352959.6541,282.7364,5.4164,35.2065,317.9429
447,XRPUSD,SHORT,"[2.65, 2.72]",2025-01-15 04:30 IST,2025-01-15 04:30 IST,2025-01-15 06:30 IST,2.6627,2.7156,2.6467,1.9886,17.6,35.0,10.56,FILLED_SL,-1.0,CONSOLIDATION_REVERSAL,83746352959.6541,-29311223535.8789,54435129423.7752,317.9429,4.4767,-115.7567,202.1862
448,SOLUSD,LONG,"[216.35, 221.13]",2025-01-18 08:30 IST,2025-01-18 08:30 IST,2025-01-18 08:30 IST,219.935,216.35,221.2546,1.63,21.47,35.0,12.88,FILLED_TP,0.3681,N/A,54435129423.7752,7012998437.5503,61448127861.3254,202.1862,3.4731,22.575,224.7612
449,XRPUSD,SHORT,"[3.25, 3.32]",2025-01-19 04:30 IST,2025-01-19 04:30 IST,2025-01-19 04:30 IST,3.2685,3.3171,3.2489,1.4869,23.54,35.0,14.12,FILLED_TP,0.4035,N/A,61448127861.3254,8678410132.1185,70126537993.4439,224.7612,4.2324,27.5109,252.2722
450,ETHUSD,LONG,"[3248.35, 3283.60]",2025-01-19 09:30 IST,2025-01-19 10:30 IST,2025-01-19 10:30 IST,3274.7875,3248.35,3294.4362,0.8073,43.35,35.0,26.01,FILLED_TP,0.7432,N/A,70126537993.4439,18241663208.7879,88368201202.2319,252.2722,8.7496,56.8726,309.1448
451,XRPUSD,LONG,"[3.13, 3.19]",2025-01-19 09:30 IST,2025-01-19 10:30 IST,2025-01-19 10:30 IST,3.1719,3.1318,3.191,1.265,27.67,35.0,16.6,FILLED_TP,0.4743,N/A,88368201202.2319,14669765578.9812,103037966781.2131,309.1448,6.8427,44.4776,353.6224
452,BTCUSD,LONG,"[103209.00, 104188.00]",2025-01-20 02:30 IST,2025-01-20 02:30 IST,2025-01-20 02:30 IST,103943.25,103209.0,104566.9095,0.7064,49.55,35.0,29.73,FILLED_TP,0.8494,N/A,103037966781.2131,30631545652.4696,133669512433.6827,353.6224,14.0168,91.1095,444.7318
453,ETHUSD,LONG,"[3129.70, 3188.80]",2025-01-20 05:30 IST,2025-01-20 05:30 IST,2025-01-20 05:30 IST,3174.025,3129.7,3193.0692,1.3965,25.06,35.0,15.04,FILLED_TP,0.4296,N/A,133669512433.6827,20100796070.4989,153770308504.1816,444.7318,8.917,57.9604,502.6922
454,ETHUSD,SHORT,"[3322.50, 3366.00]",2025-01-22 16:30 IST,2025-01-24 04:30 IST,2025-01-24 04:30 IST,3333.375,3366.0,3313.3747,0.9787,35.76,35.0,21.46,FILLED_TP,0.613,N/A,153770308504.1816,32993275538.1231,186763584042.3047,502.6922,14.3812,93.4775,596.1697
455,XRPUSD,LONG,"[3.14, 3.17]",2025-01-22 20:30 IST,2025-01-22 20:30 IST,2025-01-22 20:30 IST,3.1654,3.1411,3.1844,0.7677,45.59,35.0,27.36,FILLED_TP,0.7816,N/A,186763584042.3047,51089754845.587,237853338887.8916,596.1697,21.7445,141.3395,737.5093
456,SOLUSD,LONG,"[252.11, 254.87]",2025-01-22 23:30 IST,2025-01-22 23:30 IST,2025-01-22 23:30 IST,254.1763,252.11,255.7013,0.8129,43.05,35.0,25.83,FILLED_TP,0.7381,N/A,237853338887.8916,61444165241.3103,299297504129.202,737.5093,25.4026,165.1167,902.626
457,SOLUSD,LONG,"[253.22, 260.09]",2025-01-23 03:30 IST,2025-01-23 04:30 IST,2025-01-23 04:30 IST,258.3723,253.219,259.9225,1.9945,17.55,35.0,10.53,FILLED_TP,0.3008,N/A,299297504129.202,31512803779.8703,330810307909.0723,902.626,12.6716,82.3652,984.9912
458,BTCUSD,LONG,"[101112.00, 102181.50]",2025-01-23 13:30 IST,2025-01-23 14:30 IST,2025-01-23 18:30 IST,101914.125,101112.0,102525.6098,0.7871,44.47,35.0,26.68,FILLED_TP,0.7623,N/A,330810307909.0723,88265433006.3528,419075740915.425,984.9912,35.0415,227.7698,1212.7609
459,SOLUSD,LONG,"[242.03, 247.50]",2025-01-24 00:30 IST,2025-01-24 00:30 IST,2025-01-24 00:30 IST,246.1355,242.03,247.6123,1.668,20.98,35.0,12.59,FILLED_TP,0.3597,N/A,419075740915.425,52761850142.2451,471837591057.6702,1212.7609,20.3583,132.3289,1345.0899
460,XRPUSD,LONG,"[3.05, 3.13]",2025-01-25 01:30 IST,2025-01-25 01:30 IST,2025-01-25 01:30 IST,3.1117,3.0525,3.1303,1.9017,18.4,35.0,11.04,FILLED_TP,0.3155,N/A,471837591057.6702,52103607873.6663,523941198931.3364,1345.0899,19.8046,128.7297,1473.8195
461,SOLUSD,LONG,"[243.49, 251.42]",2025-01-25 09:30 IST,2025-01-25 10:30 IST,2025-01-25 19:30 IST,249.437,243.488,250.9336,2.385,14.68,35.0,8.81,FILLED_TP,0.2516,N/A,523941198931.3364,46133749161.1121,570074948092.4485,1473.8195,17.3029,112.4689,1586.2885
462,BTCUSD,LONG,"[102682.50, 104274.00]",2025-01-25 11:30 IST,2025-01-27 04:30 IST,2025-01-27 04:30 IST,103876.125,102682.5,104499.3818,1.1491,30.46,35.0,18.28,FILLED_SL,-1.0,INSTANT_BLOWTHROUGH,570074948092.4485,-199526231832.357,370548716260.0916,1586.2885,38.6534,-593.8544,992.4341
463,ETHUSD,SHORT,"[3335.00, 3361.20]",2025-01-26 22:30 IST,2025-01-26 22:30 IST,2025-01-26 22:30 IST,3341.55,3361.2,3321.5007,0.5881,59.52,35.0,35.71,FILLED_TP,1.0203,N/A,370548716260.0916,132327472362.3286,502876188622.4202,992.4341,47.2547,307.1556,1299.5897
464,SOLUSD,LONG,"[232.62, 237.72]",2025-01-28 17:30 IST,2025-01-28 17:30 IST,2025-01-28 17:30 IST,236.4447,232.619,237.8634,1.618,21.63,35.0,12.98,FILLED_TP,0.3708,N/A,502876188622.4202,65266970625.2474,568143159247.6675,1299.5897,22.4894,146.1809,1445.7706
465,XRPUSD,LONG,"[3.07, 3.11]",2025-01-29 01:30 IST,2025-01-29 01:30 IST,2025-01-29 01:30 IST,3.1003,3.0708,3.1189,0.9507,36.81,35.0,22.09,FILLED_TP,0.6311,N/A,568143159247.6675,125494149936.4485,693637309184.116,1445.7706,42.5798,276.7688,1722.5395
466,BTCUSD,SHORT,"[102450.50, 103797.00]",2025-01-29 11:30 IST,2025-01-29 11:30 IST,2025-01-29 15:30 IST,102787.125,103797.0,102170.4022,0.9825,35.62,35.0,21.37,FILLED_TP,0.6107,N/A,693637309184.116,148259604493.5461,841896913677.6621,1722.5395,49.0906,319.0889,2041.6284
467,SOLUSD,SHORT,"[239.49, 243.76]",2025-01-30 13:30 IST,2025-01-30 14:30 IST,2025-01-30 15:30 IST,240.5605,243.76,239.1171,1.33,26.32,35.0,15.79,FILLED_TP,0.4511,N/A,841896913677.6621,132929207456.0981,974826121133.7603,2041.6284,42.981,279.3768,2321.0051
468,BTCUSD,LONG,"[104760.50, 105308.00]",2025-01-30 22:30 IST,2025-01-30 22:30 IST,2025-01-30 23:30 IST,105171.125,104760.5,105802.1518,0.3904,89.64,35.0,53.79,FILLED_SL,-1.0,CONSOLIDATION_REVERSAL,974826121133.7603,-341189142396.816,633636978736.9442,2321.0051,166.4506,-978.8024,1342.2028
469,SOLUSD,LONG,"[237.09, 239.62]",2025-01-31 01:30 IST,2025-01-31 01:30 IST,2025-01-31 01:30 IST,238.9878,237.088,240.4217,0.7949,44.03,35.0,26.42,FILLED_TP,0.7548,N/A,633636978736.9442,167393656700.5092,801030635437.4534,1342.2028,47.2776,307.3043,1649.5071
470,BTCUSD,LONG,"[103229.00, 104083.00]",2025-01-31 09:30 IST,2025-01-31 23:30 IST,2025-01-31 23:30 IST,103869.5,103229.0,104492.717,0.6166,56.76,35.0,34.06,FILLED_SL,-1.0,DUAL_TOUCH_AMBIGUITY,801030635437.4534,-280360722403.1086,520669913034.3447,1649.5071,74.8999,-652.2274,997.2797
471,ETHUSD,SHORT,"[3245.65, 3278.65]",2025-01-31 11:30 IST,2025-01-31 11:30 IST,2025-01-31 13:30 IST,3253.9,3278.65,3234.3766,0.7606,46.01,35.0,27.61,FILLED_TP,0.7888,N/A,520669913034.3447,143750967395.8446,664420880430.1893,997.2797,36.7117,238.6258,1235.9055
472,ETHUSD,SHORT,"[3313.80, 3343.60]",2025-01-31 16:30 IST,2025-01-31 16:30 IST,2025-01-31 16:30 IST,3321.25,3343.6,3301.3225,0.6729,52.01,35.0,31.21,FILLED_TP,0.8916,N/A,664420880430.1893,207341677099.348,871762557529.5374,1235.9055,51.4242,334.2572,1570.1627
473,SOLUSD,SHORT,"[240.51, 244.55]",2025-01-31 17:30 IST,2025-01-31 18:30 IST,2025-01-31 18:30 IST,241.52,244.55,240.0709,1.2546,27.9,35.0,16.74,FILLED_TP,0.4783,N/A,871762557529.5374,145924420817.9923,1017686978347.5297,1570.1627,35.044,227.7857,1797.9484
474,SOLUSD,LONG,"[226.74, 231.34]",2025-01-31 23:30 IST,2025-01-31 23:30 IST,2025-01-31 23:30 IST,230.19,226.74,231.5711,1.4988,23.35,35.0,14.01,FILLED_TP,0.4003,N/A,1017686978347.5297,142593874680.0635,1160280853027.5933,1797.9484,33.5894,218.3313,2016.2797
475,ETHUSD,LONG,"[3212.40, 3234.60]",2025-02-01 15:30 IST,2025-02-01 15:30 IST,2025-02-01 15:30 IST,3229.05,3212.4,3248.4243,0.5156,67.88,35.0,40.73,FILLED_TP,1.1636,N/A,1160280853027.5933,472544760707.7678,1632825613735.361,2016.2797,109.4887,711.6766,2727.9563
476,BTCUSD,LONG,"[98818.00, 99731.50]",2025-02-02 14:30 IST,2025-02-02 14:30 IST,2025-02-02 16:30 IST,99503.125,98818.0,100100.1438,0.6885,50.83,35.0,30.5,FILLED_SL,-1.0,CONSOLIDATION_REVERSAL,1632825613735.361,-571488964807.3763,1061336648927.9847,2727.9563,110.9334,-1065.7181,1662.2382
477,SOLUSD,LONG,"[189.60, 197.31]",2025-02-03 17:30 IST,2025-02-03 17:30 IST,2025-02-03 17:30 IST,195.3825,189.6,196.5548,2.9596,11.83,35.0,7.1,FILLED_TP,0.2027,N/A,1061336648927.9847,75308236299.0508,1136644885227.0356,1662.2382,15.7261,102.2197,1764.4579
478,SOLUSD,SHORT,"[210.74, 215.63]",2025-02-03 23:30 IST,2025-02-04 00:30 IST,2025-02-04 00:30 IST,211.9607,215.635,210.689,1.7335,20.19,35.0,12.11,FILLED_TP,0.3461,N/A,1136644885227.0356,137699017472.5213,1274343902699.557,1764.4579,28.5007,185.2548,1949.7127
479,ETHUSD,SHORT,"[2774.00, 2844.65]",2025-02-05 10:30 IST,2025-02-05 14:30 IST,2025-02-05 14:30 IST,2791.6625,2844.65,2774.9125,1.8981,18.44,35.0,11.06,FILLED_TP,0.3161,N/A,1274343902699.557,140992309111.9033,1415336211811.4602,1949.7127,28.7619,186.9526,2136.6653
480,BTCUSD,LONG,"[97205.50, 97913.50]",2025-02-05 22:30 IST,2025-02-05 22:30 IST,2025-02-05 23:30 IST,97736.5,97205.5,98322.919,0.5433,64.42,35.0,38.65,FILLED_SL,-1.0,CONSOLIDATION_REVERSAL,1415336211811.4602,-495367674134.011,919968537677.4492,2136.6653,110.1176,-857.9505,1278.7148
481,XRPUSD,LONG,"[2.32, 2.38]",2025-02-06 04:30 IST,2025-02-06 04:30 IST,2025-02-06 04:30 IST,2.367,2.3211,2.3812,1.9392,18.05,35.0,10.83,FILLED_TP,0.3094,N/A,919968537677.4492,99627181050.8342,1019595718728.2834,1278.7148,18.4636,120.0137,1398.7285
482,BTCUSD,SHORT,"[98074.50, 99123.00]",2025-02-06 11:30 IST,2025-02-06 11:30 IST,2025-02-06 11:30 IST,98336.625,99123.0,97746.6052,0.7997,43.77,35.0,26.26,FILLED_TP,0.7503,N/A,1019595718728.2834,267752107929.1639,1287347826657.4473,1398.7285,48.9753,318.3394,1717.0679
483,SOLUSD,SHORT,"[203.12, 207.51]",2025-02-06 11:30 IST,2025-02-09 08:30 IST,2025-02-09 08:30 IST,204.2175,207.51,202.9922,1.6123,21.71,35.0,13.03,FILLED_TP,0.3722,N/A,1287347826657.4473,167680426745.5969,1455028253403.0442,1717.0679,29.8203,193.8322,1910.9001
484,XRPUSD,LONG,"[2.36, 2.41]",2025-02-06 17:30 IST,2025-02-06 17:30 IST,2025-02-06 17:30 IST,2.3995,2.36,2.4139,1.6472,21.25,35.0,12.75,FILLED_TP,0.3643,N/A,1455028253403.0442,185500088715.2062,1640528342118.2505,1910.9001,32.4825,211.1362,2122.0364
485,ETHUSD,LONG,"[2714.00, 2754.00]",2025-02-06 19:30 IST,2025-02-06 19:30 IST,2025-02-06 19:30 IST,2744.0,2714.0,2760.464,1.0933,32.01,35.0,19.21,FILLED_TP,0.5488,N/A,1640528342118.2505,315112683954.0736,1955641026072.3242,2122.0364,54.3468,353.254,2475.2904
486,ETHUSD,LONG,"[2666.70, 2714.60]",2025-02-07 21:30 IST,2025-02-07 21:30 IST,2025-02-07 21:30 IST,2702.625,2666.7,2718.8407,1.3293,26.33,35.0,15.8,FILLED_TP,0.4514,N/A,1955641026072.3242,308956578677.4182,2264597604749.742,2475.2904,52.1403,338.9117,2814.2021
487,BTCUSD,LONG,"[96534.50, 97328.00]",2025-02-08 00:30 IST,2025-02-08 00:30 IST,2025-02-08 00:30 IST,97129.625,96534.5,97712.4027,0.6127,57.12,35.0,34.27,FILLED_TP,0.9793,N/A,2264597604749.742,776164644172.2418,3040762248921.984,2814.2021,128.6047,835.9305,3650.1326
488,BTCUSD,LONG,"[96310.50, 96573.50]",2025-02-09 16:30 IST,2025-02-09 16:30 IST,2025-02-09 18:30 IST,96507.75,96310.5,97086.7965,0.2044,100.0,20.44,60.0,FILLED_SL,-1.0,CONSOLIDATION_REVERSAL,3040762248921.984,-621494495105.1718,2419267753816.812,3650.1326,292.0106,-1038.0529,2612.0797
489,BTCUSD,SHORT,"[95992.50, 96736.00]",2025-02-10 04:30 IST,2025-02-10 04:30 IST,2025-02-10 05:30 IST,96178.375,96736.0,95601.3047,0.5798,60.37,35.0,36.22,FILLED_SL,-1.0,CONSOLIDATION_REVERSAL,2419267753816.812,-846743713835.8842,1572524039980.9277,2612.0797,126.1478,-1040.3757,1571.704
490,SOLUSD,SHORT,"[200.00, 201.99]",2025-02-10 04:30 IST,2025-02-10 04:30 IST,2025-02-10 04:30 IST,200.4975,201.99,199.2945,0.7444,47.02,35.0,28.21,FILLED_TP,0.806,N/A,1572524039980.9277,443620094661.8136,2016144134642.7412,1571.704,59.1185,384.2703,1955.9742
491,SOLUSD,LONG,"[193.36, 199.73]",2025-02-10 06:30 IST,2025-02-10 06:30 IST,2025-02-10 06:30 IST,198.1375,193.36,199.3263,2.4112,14.52,35.0,8.71,FILLED_TP,0.2488,N/A,2016144134642.7412,175592860869.3531,2191736995512.0942,1955.9742,22.7137,147.6388,2103.613
492,XRPUSD,LONG,"[2.26, 2.35]",2025-02-10 07:30 IST,2025-02-10 07:30 IST,2025-02-10 07:30 IST,2.3306,2.2649,2.3446,2.819,12.42,35.0,7.45,FILLED_TP,0.2128,N/A,2191736995512.0942,163271395854.7185,2355008391366.8125,2103.613,20.8942,135.8125,2239.4255
493,SOLUSD,LONG,"[195.74, 199.45]",2025-02-11 20:30 IST,2025-02-11 20:30 IST,2025-02-11 20:30 IST,198.5235,195.744,199.7146,1.4001,25.0,35.0,15.0,FILLED_TP,0.4285,N/A,2355008391366.8125,353229526031.7953,2708237917398.608,2239.4255,44.7858,291.1074,2530.5329
494,XRPUSD,LONG,"[2.40, 2.44]",2025-02-11 22:30 IST,2025-02-11 22:30 IST,2025-02-11 22:30 IST,2.4291,2.4042,2.4437,1.0251,34.14,35.0,20.49,FILLED_TP,0.5853,N/A,2708237917398.608,554820061157.4751,3263057978556.083,2530.5329,69.122,449.2928,2979.8257
495,SOLUSD,SHORT,"[196.10, 199.29]",2025-02-12 14:30 IST,2025-02-12 16:30 IST,2025-02-12 18:30 IST,196.8975,199.29,195.7161,1.2151,28.8,35.0,17.28,FILLED_TP,0.4938,N/A,3263057978556.083,563939273771.6865,3826997252327.7695,2979.8257,68.6653,446.3243,3426.1499
496,ETHUSD,SHORT,"[2762.50, 2796.00]",2025-02-14 22:30 IST,2025-02-14 22:30 IST,2025-02-14 22:30 IST,2770.875,2796.0,2754.2497,0.9068,38.6,35.0,23.16,FILLED_TP,0.6617,N/A,3826997252327.7695,886315427830.5189,4713312680158.288,3426.1499,105.7975,687.6835,4113.8335
497,ETHUSD,SHORT,"[2698.35, 2713.85]",2025-02-15 23:30 IST,2025-02-15 23:30 IST,2025-02-15 23:30 IST,2702.225,2713.85,2686.0116,0.4302,81.36,35.0,48.81,FILLED_TP,1.3947,N/A,4713312680158.288,2300774696773.809,7014087376932.098,4113.8335,267.7523,1740.3902,5854.2237
498,SOLUSD,SHORT,"[193.50, 195.00]",2025-02-16 02:30 IST,2025-02-16 02:30 IST,2025-02-16 05:30 IST,193.8738,194.995,192.7105,0.5783,60.52,35.0,36.31,FILLED_SL,-1.0,CONSOLIDATION_REVERSAL,7014087376932.098,-2454930581926.234,4559156795005.863,5854.2237,283.4287,-2332.407,3521.8167
499,ETHUSD,LONG,"[2677.65, 2695.85]",2025-02-16 12:30 IST,2025-02-16 12:30 IST,2025-02-16 12:30 IST,2691.3,2677.65,2707.4478,0.5072,69.01,35.0,41.4,FILLED_TP,1.183,N/A,4559156795005.863,1887701335753.723,6446858130759.586,3521.8167,194.426,1263.7687,4785.5853
500,SOLUSD,LONG,"[188.80, 191.48]",2025-02-16 18:30 IST,2025-02-16 18:30 IST,2025-02-16 18:30 IST,190.8105,188.802,191.9554,1.0526,33.25,35.0,19.95,FILLED_TP,0.57,N/A,6446858130759.586,1286168418747.5913,7733026549507.178,4785.5853,127.2986,827.4407,5613.0261
501,BTCUSD,SHORT,"[96350.00, 97000.00]",2025-02-18 02:30 IST,2025-02-18 19:30 IST,2025-02-18 19:30 IST,96512.5,97000.0,95933.425,0.5051,69.29,35.0,41.57,FILLED_TP,1.1878,N/A,7733026549507.178,3214976045547.803,10948002595054.98,5613.0261,311.1459,2022.4481,7635.4742
502,XRPUSD,SHORT,"[2.68, 2.73]",2025-02-18 02:30 IST,2025-02-19 22:30 IST,2025-02-19 22:30 IST,2.6894,2.7309,2.6732,1.545,22.65,35.0,13.59,FILLED_TP,0.3884,N/A,10948002595054.98,1488094407603.4504,12436097002658.432,7635.4742,138.379,899.4638,8534.938
503,SOLUSD,LONG,"[174.18, 178.19]",2025-02-18 04:30 IST,2025-02-18 05:30 IST,2025-02-18 06:30 IST,177.1845,174.183,178.2476,1.694,20.66,35.0,12.4,FILLED_TP,0.3542,N/A,12436097002658.432,1541667706703.91,13977764709362.342,8534.938,141.0736,916.9785,9451.9165
504,ETHUSD,SHORT,"[2670.40, 2731.55]",2025-02-19 04:30 IST,2025-02-19 07:30 IST,2025-02-19 07:30 IST,2685.6875,2731.55,2669.5734,1.7077,20.5,35.0,12.3,FILLED_TP,0.3514,N/A,13977764709362.342,1718916472314.819,15696681181677.16,9451.9165,154.98,1007.37,10459.2865
505,SOLUSD,SHORT,"[168.33, 171.44]",2025-02-19 04:30 IST,2025-02-19 04:30 IST,2025-02-19 04:30 IST,169.1068,171.44,168.0921,1.3797,25.37,35.0,15.22,FILLED_TP,0.4349,N/A,15696681181677.16,2389058589898.701,18085739771575.86,10459.2865,212.2559,1379.6633,11838.9498
506,ETHUSD,SHORT,"[2730.55, 2776.40]",2025-02-20 13:30 IST,2025-02-20 15:30 IST,2025-02-20 15:30 IST,2742.0125,2776.4,2725.5604,1.2541,27.91,35.0,16.75,FILLED_TP,0.4784,N/A,18085739771575.86,3028477833612.7275,21114217605188.586,11838.9498,264.3261,1718.1196,13557.0694
507,BTCUSD,LONG,"[96743.00, 96944.50]",2025-02-20 19:30 IST,2025-02-20 19:30 IST,2025-02-20 19:30 IST,96894.125,96743.0,97475.4897,0.156,100.0,15.6,60.0,FILLED_TP,3.8469,N/A,21114217605188.586,12668530563113.15,33782748168301.734,13557.0694,1084.5656,7049.6761,20606.7455
508,ETHUSD,LONG,"[2676.00, 2711.40]",2025-02-20 20:30 IST,2025-02-21 20:30 IST,2025-02-21 20:30 IST,2702.55,2676.0,2718.7653,0.9824,35.63,35.0,21.38,FILLED_SL,-1.0,DUAL_TOUCH_AMBIGUITY,33782748168301.734,-11823961858905.605,21958786309396.13,20606.7455,587.3225,-7799.6834,12807.0621
509,BTCUSD,SHORT,"[98129.50, 98707.50]",2025-02-21 05:30 IST,2025-02-21 05:30 IST,2025-02-21 14:30 IST,98274.0,98707.5,97684.356,0.4411,79.34,35.0,47.61,FILLED_SL,-1.0,CONSOLIDATION_REVERSAL,21958786309396.13,-7685575208288.645,14273211101107.484,12807.0621,812.9373,-5295.4091,7511.653
510,BTCUSD,LONG,"[95012.50, 95308.00]",2025-02-22 00:30 IST,2025-02-22 00:30 IST,2025-02-22 00:30 IST,95234.125,95012.5,95805.5298,0.2327,100.0,23.27,60.0,FILLED_TP,2.5783,N/A,14273211101107.484,8563926660664.49,22837137761771.977,7511.653,600.9322,3906.0596,11417.7126
511,XRPUSD,LONG,"[2.56, 2.57]",2025-02-23 04:30 IST,2025-02-23 05:30 IST,2025-02-23 05:30 IST,2.5705,2.5601,2.5859,0.4027,86.92,35.0,52.15,FILLED_SL,-1.0,INSTANT_BLOWTHROUGH,22837137761771.977,-7992998216620.191,14844139545151.785,11417.7126,793.9734,-4790.1728,6627.5398
512,XRPUSD,SHORT,"[2.59, 2.61]",2025-02-23 12:30 IST,2025-02-23 12:30 IST,2025-02-23 12:30 IST,2.5915,2.6084,2.576,0.6512,53.75,35.0,32.25,FILLED_TP,0.9214,N/A,14844139545151.785,4787248198102.103,19631387743253.887,6627.5398,284.985,1852.4025,8479.9422
513,SOLUSD,LONG,"[169.73, 171.37]",2025-02-23 14:30 IST,2025-02-23 14:30 IST,2025-02-23 14:30 IST,170.9601,169.7306,171.9859,0.7192,48.67,35.0,29.2,FILLED_TP,0.8343,N/A,19631387743253.887,5732169074799.1045,25363556818052.992,8479.9422,330.1411,2145.9173,10625.8595
514,ETHUSD,SHORT,"[2800.80, 2844.90]",2025-02-23 21:30 IST,2025-02-23 21:30 IST,2025-02-23 21:30 IST,2811.825,2844.9,2794.9541,1.1763,29.75,35.0,17.85,FILLED_TP,0.5101,N/A,25363556818052.992,4528119565074.429,29891676383127.42,10625.8595,252.9359,1644.0836,12269.9431
515,XRPUSD,SHORT,"[2.56, 2.60]",2025-02-24 02:30 IST,2025-02-24 04:30 IST,2025-02-24 05:30 IST,2.5724,2.5994,2.557,1.0496,33.35,35.0,20.01,FILLED_SL,-1.0,CONSOLIDATION_REVERSAL,29891676383127.42,-10462086734094.598,19429589649032.824,12269.9431,327.3221,-4621.8022,7648.1409
516,ETHUSD,SHORT,"[2473.10, 2523.45]",2025-02-26 01:30 IST,2025-02-26 01:30 IST,2025-02-26 01:30 IST,2485.6875,2523.45,2470.7734,1.5192,23.04,35.0,13.82,FILLED_TP,0.3949,N/A,19429589649032.824,2685769349315.699,22115358998348.523,7648.1409,140.9612,916.248,8564.389
517,ETHUSD,SHORT,"[2487.00, 2506.45]",2025-02-26 14:30 IST,2025-02-26 14:30 IST,2025-02-26 14:30 IST,2491.8625,2506.45,2476.9113,0.5854,59.79,35.0,35.87,FILLED_TP,1.0249,N/A,22115358998348.523,7933347790933.992,30048706789282.516,8564.389,409.6355,2662.631,11227.0199
518,XRPUSD,LONG,"[2.16, 2.22]",2025-02-27 19:30 IST,2025-02-27 19:30 IST,2025-02-27 19:30 IST,2.201,2.1586,2.2142,1.9253,18.18,35.0,10.91,FILLED_TP,0.3116,N/A,30048706789282.516,3277558704274.5815,33326265493557.098,11227.0199,163.2781,1061.3076,12288.3275
519,SOLUSD,LONG,"[143.65, 147.79]",2025-03-01 05:30 IST,2025-03-01 05:30 IST,2025-03-01 05:30 IST,146.7548,143.649,147.6353,2.1163,16.54,35.0,9.92,FILLED_TP,0.2835,N/A,33326265493557.098,3306980374458.7476,36633245868015.84,12288.3275,162.5835,1056.7928,13345.1203
520,ETHUSD,LONG,"[2192.45, 2254.30]",2025-03-01 11:30 IST,2025-03-01 11:30 IST,2025-03-01 11:30 IST,2238.8375,2192.45,2252.2705,2.0719,16.89,35.0,10.14,FILLED_TP,0.2896,N/A,36633245868015.84,3712926060936.0327,40346171928951.875,13345.1203,180.3442,1172.2372,14517.3575
521,BTCUSD,LONG,"[83555.00, 84744.00]",2025-03-01 12:30 IST,2025-03-01 16:30 IST,2025-03-01 21:30 IST,84446.75,83555.0,84953.4305,1.056,33.14,35.0,19.89,FILLED_TP,0.5682,N/A,40346171928951.875,8023455562788.399,48369627491740.27,14517.3575,384.9332,2502.0661,17019.4236
522,XRPUSD,LONG,"[2.11, 2.16]",2025-03-01 15:30 IST,2025-03-01 16:30 IST,2025-03-01 16:30 IST,2.15,2.1144,2.1628,1.6535,21.17,35.0,12.7,FILLED_TP,0.3629,N/A,48369627491740.27,6143003918827.553,54512631410567.83,17019.4236,288.1984,1873.2899,18892.7135
523,BTCUSD,SHORT,"[86007.00, 87061.00]",2025-03-02 11:30 IST,2025-03-02 11:30 IST,2025-03-02 13:30 IST,86270.5,87061.0,85752.877,0.9163,38.2,35.0,22.92,FILLED_TP,0.6548,N/A,54512631410567.83,12493291755877.701,67005923166445.53,18892.7135,577.315,3752.5472,22645.2608
524,ETHUSD,LONG,"[2190.05, 2218.65]",2025-03-02 18:30 IST,2025-03-02 18:30 IST,2025-03-02 18:30 IST,2211.5,2190.05,2224.769,0.9699,36.09,35.0,21.65,FILLED_TP,0.6186,N/A,67005923166445.53,14507485224869.492,81513408391315.03,22645.2608,653.7249,4249.2116,26894.4724
525,BTCUSD,LONG,"[85013.50, 85871.50]",2025-03-04 00:30 IST,2025-03-04 00:30 IST,2025-03-04 00:30 IST,85657.0,85013.5,86170.942,0.7513,46.59,35.0,27.95,FILLED_TP,0.7987,N/A,81513408391315.03,22785714758985.598,104299123150300.62,26894.4724,1002.3869,6515.5146,33409.987
526,ETHUSD,LONG,"[2154.20, 2192.00]",2025-03-05 19:30 IST,2025-03-05 19:30 IST,2025-03-05 19:30 IST,2182.55,2154.2,2195.6453,1.2989,26.95,35.0,16.17,FILLED_TP,0.4619,N/A,104299123150300.62,16862077869013.756,121161201019314.38,33409.987,720.1873,4681.2176,38091.2047
527,SOLUSD,LONG,"[140.76, 142.48]",2025-03-05 19:30 IST,2025-03-05 19:30 IST,2025-03-05 19:30 IST,142.0505,140.762,142.9028,0.9071,38.59,35.0,23.15,FILLED_TP,0.6615,N/A,121161201019314.38,28050538835333.85,149211739854648.22,38091.2047,1175.8206,7642.8342,45734.0389
528,XRPUSD,LONG,"[2.47, 2.51]",2025-03-06 11:30 IST,2025-03-07 05:30 IST,2025-03-07 05:30 IST,2.4986,2.4687,2.5135,1.1947,29.3,35.0,17.58,FILLED_SL,-1.0,DUAL_TOUCH_AMBIGUITY,149211739854648.22,-52224108949126.875,96987630905521.34,45734.0389,1071.868,-17078.7816,28655.2573
529,BTCUSD,LONG,"[87558.00, 89228.50]",2025-03-06 22:30 IST,2025-03-06 22:30 IST,2025-03-07 00:30 IST,88810.875,87558.0,89343.7403,1.4107,24.81,35.0,14.89,FILLED_TP,0.4253,N/A,96987630905521.34,14437568285968.21,111425199191489.56,28655.2573,568.7491,3696.8694,32352.1267
530,ETHUSD,LONG,"[2160.45, 2197.50]",2025-03-06 22:30 IST,2025-03-06 22:30 IST,2025-03-06 22:30 IST,2188.2375,2160.45,2201.3669,1.2699,27.56,35.0,16.54,FILLED_TP,0.4725,N/A,111425199191489.56,18426705481354.797,129851904672844.36,32352.1267,713.3552,4636.809,36988.9356
531,ETHUSD,SHORT,"[2194.05, 2228.50]",2025-03-07 15:30 IST,2025-03-07 16:30 IST,2025-03-07 16:30 IST,2202.6625,2228.5,2189.4465,1.173,29.84,35.0,17.9,FILLED_TP,0.5115,N/A,129851904672844.36,23246902140321.3,153098806813165.66,36988.9356,882.9322,5739.059,42727.9947
532,XRPUSD,LONG,"[2.46, 2.52]",2025-03-07 17:30 IST,2025-03-07 17:30 IST,2025-03-07 17:30 IST,2.506,2.4559,2.521,1.9992,17.51,35.0,10.5,FILLED_TP,0.3001,N/A,153098806813165.66,16081792030638.025,169180598843803.7,42727.9947,598.4307,3889.7997,46617.7944
533,XRPUSD,SHORT,"[2.33, 2.37]",2025-03-08 17:30 IST,2025-03-08 17:30 IST,2025-03-08 17:30 IST,2.3414,2.3742,2.3273,1.403,24.95,35.0,14.97,FILLED_TP,0.4276,N/A,169180598843803.7,25322164070507.7,194502762914311.38,46617.7944,930.3379,6047.1964,52664.9908
534,ETHUSD,SHORT,"[2179.75, 2238.65]",2025-03-08 18:30 IST,2025-03-08 18:30 IST,2025-03-08 18:30 IST,2194.475,2238.65,2181.3081,2.013,17.39,35.0,10.43,FILLED_TP,0.2981,N/A,194502762914311.38,20290799012052.098,214793561926363.47,52664.9908,732.5447,4761.5405,57426.5313
535,SOLUSD,LONG,"[132.59, 136.29]",2025-03-09 15:30 IST,2025-03-09 17:30 IST,2025-03-09 17:30 IST,135.3642,132.587,136.1764,2.0517,17.06,35.0,10.24,FILLED_TP,0.2924,N/A,214793561926363.47,21985156457459.844,236778718383823.3,57426.5313,783.7176,5094.1647,62520.6959
536,SOLUSD,LONG,"[125.53, 129.12]",2025-03-09 21:30 IST,2025-03-09 21:30 IST,2025-03-09 21:30 IST,128.223,125.529,128.9923,2.101,16.66,35.0,10.0,FILLED_TP,0.2856,N/A,236778718383823.3,23666296575868.766,260445014959692.06,62520.6959,833.2018,5415.8114,67936.5073
537,XRPUSD,LONG,"[2.09, 2.17]",2025-03-10 18:30 IST,2025-03-10 18:30 IST,2025-03-10 18:30 IST,2.1519,2.0859,2.1648,3.0671,11.41,35.0,6.85,FILLED_TP,0.1956,N/A,260445014959692.06,17832551790192.33,278277566749884.38,67936.5073,620.2109,4031.3709,71967.8782
538,XRPUSD,LONG,"[1.95, 2.02]",2025-03-10 23:30 IST,2025-03-10 23:30 IST,2025-03-10 23:30 IST,2.0033,1.9505,2.0153,2.6357,13.28,35.0,7.97,FILLED_TP,0.2276,N/A,278277566749884.38,22172239467558.375,300449806217442.75,71967.8782,764.5551,4969.6083,76937.4865
539,SOLUSD,SHORT,"[126.11, 131.48]",2025-03-11 23:30 IST,2025-03-11 23:30 IST,2025-03-11 23:30 IST,127.4527,131.481,126.688,3.1606,11.07,35.0,6.64,FILLED_TP,0.1898,N/A,300449806217442.75,19962917763966.58,320412723981409.3,76937.4865,681.5988,4430.3922,81367.8787
540,BTCUSD,SHORT,"[82021.50, 83753.00]",2025-03-12 04:30 IST,2025-03-12 04:30 IST,2025-03-12 09:30 IST,82454.375,83753.0,81959.6487,1.575,22.22,35.0,13.33,FILLED_TP,0.381,N/A,320412723981409.3,42722729722331.46,363135453703740.75,81367.8787,1446.575,9402.7378,90770.6165
541,XRPUSD,LONG,"[2.16, 2.20]",2025-03-12 07:30 IST,2025-03-12 08:30 IST,2025-03-12 08:30 IST,2.1871,2.159,2.2002,1.2859,27.22,35.0,16.33,FILLED_TP,0.4666,N/A,363135453703740.75,59301956312240.25,422437410015981.0,90770.6165,1976.4434,12846.8823,103617.4989
542,BTCUSD,LONG,"[81250.00, 81950.50]",2025-03-12 19:30 IST,2025-03-12 19:30 IST,2025-03-12 19:30 IST,81775.375,81250.0,82266.0272,0.6425,54.48,35.0,32.69,FILLED_TP,0.9339,N/A,422437410015981.0,138081280985923.88,560518691001904.9,103617.4989,4515.8996,29353.3474,132970.8462
543,SOLUSD,LONG,"[122.96, 124.46]",2025-03-13 18:30 IST,2025-03-13 18:30 IST,2025-03-13 18:30 IST,124.0855,122.962,124.83,0.9054,38.66,35.0,23.19,FILLED_TP,0.6627,N/A,560518691001904.9,130004190714611.78,690522881716516.6,132970.8462,4112.0882,26728.5734,159699.4196
544,XRPUSD,LONG,"[2.21, 2.24]",2025-03-13 22:30 IST,2025-03-13 22:30 IST,2025-03-13 22:30 IST,2.2354,2.2121,2.2488,1.0434,33.54,35.0,20.13,FILLED_TP,0.575,N/A,690522881716516.6,138974723987499.56,829497605704016.2,159699.4196,4285.4834,27855.6423,187555.0619
545,ETHUSD,SHORT,"[1888.75, 1921.00]",2025-03-14 07:30 IST,2025-03-14 10:30 IST,2025-03-14 19:30 IST,1896.8125,1921.0,1885.4316,1.2752,27.45,35.0,16.47,FILLED_SL,-1.0,DUAL_TOUCH_AMBIGUITY,829497605704016.2,-290324161996405.7,539173443707610.56,187555.0619,4118.3214,-69762.5931,117792.4688
546,ETHUSD,LONG,"[1911.50, 1921.45]",2025-03-16 07:30 IST,2025-03-16 07:30 IST,2025-03-16 10:30 IST,1918.9625,1911.5,1930.4763,0.3889,90.0,35.0,54.0,FILLED_TP,1.5429,N/A,539173443707610.56,291158807489257.1,830332251196867.8,117792.4688,8481.2077,55127.8501,172920.3189
547,BTCUSD,SHORT,"[84196.00, 84430.50]",2025-03-16 10:30 IST,2025-03-16 10:30 IST,2025-03-16 14:30 IST,84254.625,84430.5,83749.0973,0.2087,100.0,20.87,60.0,FILLED_TP,2.8744,N/A,830332251196867.8,498199350718120.6,1328531601914988.5,172920.3189,13833.6255,89918.5658,262838.8847
548,XRPUSD,LONG,"[2.33, 2.35]",2025-03-16 14:30 IST,2025-03-16 14:30 IST,2025-03-16 14:30 IST,2.3475,2.3309,2.3616,0.7061,49.57,35.0,29.74,FILLED_TP,0.8498,N/A,1328531601914988.5,395128743084845.3,1723660344999833.8,262838.8847,10423.0564,67749.8663,330588.751
549,BTCUSD,SHORT,"[83435.00, 84082.00]",2025-03-17 08:30 IST,2025-03-17 08:30 IST,2025-03-17 10:30 IST,83596.75,84082.0,83095.1695,0.5805,60.3,35.0,36.18,FILLED_TP,1.0337,N/A,1723660344999833.8,623583814912552.8,2347244159912386.5,330588.751,15946.668,103653.342,434242.093
550,SOLUSD,SHORT,"[128.47, 131.15]",2025-03-17 08:30 IST,2025-03-17 08:30 IST,2025-03-17 08:30 IST,129.14,131.15,128.3652,1.5565,22.49,35.0,13.49,FILLED_TP,0.3855,N/A,2347244159912386.5,316695787414563.94,2663939947326950.5,434242.093,7811.864,50777.1162,485019.2091
551,XRPUSD,LONG,"[2.31, 2.33]",2025-03-18 05:30 IST,2025-03-18 05:30 IST,2025-03-18 06:30 IST,2.3267,2.3052,2.3407,0.9251,37.83,35.0,22.7,FILLED_SL,-1.0,CONSOLIDATION_REVERSAL,2663939947326950.5,-932378981564432.6,1731560965762518.0,485019.2091,14679.757,-184436.4802,300582.7289
552,BTCUSD,LONG,"[82384.00, 83328.00]",2025-03-18 06:30 IST,2025-03-18 06:30 IST,2025-03-18 06:30 IST,83092.0,82384.0,83590.552,0.8521,41.08,35.0,24.65,FILLED_TP,0.7042,N/A,1731560965762518.0,426759341682192.4,2158320307444710.5,300582.7289,9877.5221,64203.8935,364786.6225
553,ETHUSD,LONG,"[1886.40, 1911.50]",2025-03-18 06:30 IST,2025-03-18 06:30 IST,2025-03-18 06:30 IST,1905.225,1886.4,1916.6563,0.9881,35.42,35.0,21.25,FILLED_TP,0.6072,N/A,2158320307444710.5,458718735526051.3,2617039042970762.0,364786.6225,10337.3262,67192.6204,431979.2428
554,XRPUSD,LONG,"[2.21, 2.27]",2025-03-18 16:30 IST,2025-03-18 17:30 IST,2025-03-19 03:30 IST,2.258,2.2143,2.2715,1.9332,18.1,35.0,10.86,FILLED_TP,0.3104,N/A,2617039042970762.0,284288681440074.56,2901327724410836.5,431979.2428,6256.7814,40669.0792,472648.322
555,XRPUSD,SHORT,"[2.28, 2.30]",2025-03-19 04:30 IST,2025-03-19 04:30 IST,2025-03-19 05:30 IST,2.2881,2.3036,2.2744,0.6752,51.84,35.0,31.1,FILLED_SL,-1.0,CONSOLIDATION_REVERSAL,2901327724410836.5,-1015464703543792.8,1885863020867043.8,472648.322,19599.8234,-185026.7362,287621.5859
556,BTCUSD,SHORT,"[82999.50, 83420.50]",2025-03-19 08:30 IST,2025-03-19 10:30 IST,2025-03-19 13:30 IST,83104.75,83420.5,82606.1215,0.3799,92.12,35.0,55.27,FILLED_SL,-1.0,CONSOLIDATION_REVERSAL,1885863020867043.8,-660052057303465.2,1225810963563578.5,287621.5859,21196.3946,-121863.9497,165757.6362
557,ETHUSD,SHORT,"[1983.55, 1995.80]",2025-03-22 08:30 IST,2025-03-22 09:30 IST,2025-03-22 14:30 IST,1986.6125,1995.8,1974.6928,0.4625,75.68,35.0,45.41,FILLED_SL,-1.0,CONSOLIDATION_REVERSAL,1225810963563578.5,-429033837247252.44,796777126316326.0,165757.6362,10035.6935,-68050.8661,97706.7701
558,SOLUSD,LONG,"[127.47, 129.23]",2025-03-22 19:30 IST,2025-03-22 19:30 IST,2025-03-22 19:30 IST,128.79,127.47,129.5627,1.0249,34.15,35.0,20.49,FILLED_TP,0.5854,N/A,796777126316326.0,163254200610900.25,960031326927226.2,97706.7701,2669.2601,17350.1909,115056.9609
559,ETHUSD,SHORT,"[1991.95, 2003.40]",2025-03-23 06:30 IST,2025-03-23 06:30 IST,2025-03-23 08:30 IST,1994.8125,2003.4,1982.8436,0.4305,81.3,35.0,48.78,FILLED_SL,-1.0,CONSOLIDATION_REVERSAL,960031326927226.2,-336010964424529.2,624020362502697.0,115056.9609,7483.5258,-47753.4621,67303.4988
560,BTCUSD,SHORT,"[84175.00, 84510.00]",2025-03-23 07:30 IST,2025-03-23 12:30 IST,2025-03-23 16:30 IST,84258.75,84510.0,83753.1975,0.2982,100.0,29.82,60.0,FILLED_SL,-1.0,CONSOLIDATION_REVERSAL,624020362502697.0,-186075767892121.16,437944594610575.9,67303.4988,5384.2799,-25453.417,41850.0818
561,SOLUSD,SHORT,"[129.55, 130.20]",2025-03-23 07:30 IST,2025-03-23 07:30 IST,2025-03-23 07:30 IST,129.7125,130.2,128.9342,0.3758,93.13,35.0,55.88,FILLED_TP,1.5965,N/A,437944594610575.9,244706595445528.7,682651190056104.5,41850.0818,3117.8955,20266.3206,62116.4024
562,XRPUSD,SHORT,"[2.38, 2.39]",2025-03-23 07:30 IST,2025-03-23 07:30 IST,2025-03-23 11:30 IST,2.3851,2.3914,2.3708,0.2641,100.0,26.41,60.0,FILLED_SL,-1.0,CONSOLIDATION_REVERSAL,682651190056104.5,-180315395469935.8,502335794586168.7,62116.4024,4969.3122,-21376.7305,40739.6718
563,ETHUSD,LONG,"[1973.85, 1984.65]",2025-03-24 06:30 IST,2025-03-24 06:30 IST,2025-03-24 06:30 IST,1981.95,1973.85,1993.8417,0.4087,85.64,35.0,51.38,FILLED_TP,1.4681,N/A,502335794586168.7,258119666539269.7,760455461125438.4,40739.6718,2791.1504,18142.4774,58882.1492
564,ETHUSD,LONG,"[1858.40, 1895.70]",2025-03-28 22:30 IST,2025-03-28 22:30 IST,2025-03-29 03:30 IST,1886.375,1858.4,1897.6933,1.483,23.6,35.0,14.16,FILLED_TP,0.4046,N/A,760455461125438.4,107683959178161.12,868139420303599.5,58882.1492,1111.7308,7226.2499,66108.3991
565,BTCUSD,LONG,"[83122.00, 84058.00]",2025-03-29 02:30 IST,2025-03-29 02:30 IST,2025-03-29 03:30 IST,83824.0,83122.0,84326.944,0.8375,41.79,35.0,25.08,FILLED_TP,0.7164,N/A,868139420303599.5,217690782637907.0,1085830202941506.5,66108.3991,2210.2731,14366.7752,80475.1744
566,XRPUSD,LONG,"[2.06, 2.13]",2025-03-29 19:30 IST,2025-03-29 19:30 IST,2025-03-29 19:30 IST,2.1105,2.0554,2.1232,2.6119,13.4,35.0,8.04,FILLED_TP,0.2297,N/A,1085830202941506.5,87301782440500.12,1173131985382006.5,80475.1744,862.7041,5607.5766,86082.7509
567,SOLUSD,SHORT,"[125.65, 126.76]",2025-03-30 07:30 IST,2025-03-30 07:30 IST,2025-03-30 07:30 IST,125.9278,126.761,125.1722,0.6617,52.89,35.0,31.74,FILLED_TP,0.9068,N/A,1173131985382006.5,372316507508670.44,1545448492890677.0,86082.7509,3642.6739,23677.3801,109760.1311
568,BTCUSD,LONG,"[81113.00, 81935.50]",2025-03-31 12:30 IST,2025-03-31 12:30 IST,2025-03-31 12:30 IST,81729.875,81113.0,82220.2542,0.7548,46.37,35.0,27.82,FILLED_TP,0.7949,N/A,1545448492890677.0,429989147720488.2,1975437640611165.2,109760.1311,4071.7988,26466.6924,136226.8234
569,ETHUSD,SHORT,"[1836.85, 1848.40]",2025-03-31 19:30 IST,2025-03-31 19:30 IST,2025-03-31 19:30 IST,1839.7375,1848.4,1828.6991,0.4709,74.33,35.0,44.6,FILLED_TP,1.2743,N/A,1975437640611165.2,881039201537897.2,2856476842149062.5,136226.8234,8100.9001,52655.8504,188882.6738
570,ETHUSD,LONG,"[1853.70, 1891.65]",2025-04-02 05:30 IST,2025-04-02 07:30 IST,2025-04-02 11:30 IST,1882.1625,1853.7,1893.4555,1.5122,23.14,35.0,13.89,FILLED_SL,-1.0,CONSOLIDATION_REVERSAL,2856476842149062.5,-999766894752171.8,1856709947396890.8,188882.6738,3497.3108,-69606.2466,119276.4272
571,BTCUSD,SHORT,"[84927.00, 85510.00]",2025-04-02 14:30 IST,2025-04-02 14:30 IST,2025-04-02 16:30 IST,85072.75,85510.0,84562.3135,0.514,68.1,35.0,40.86,FILLED_TP,1.1674,N/A,1856709947396890.8,758619518519287.8,2615329465916178.5,119276.4272,6497.9042,42236.3776,161512.8048
572,SOLUSD,SHORT,"[126.16, 127.48]",2025-04-02 17:30 IST,2025-04-02 17:30 IST,2025-04-02 17:30 IST,126.4883,127.476,125.7293,0.7809,44.82,35.0,26.89,FILLED_TP,0.7683,N/A,2615329465916178.5,703313327629529.1,3318642793545707.5,161512.8048,5791.1943,37642.7629,199155.5677
573,XRPUSD,LONG,"[2.07, 2.11]",2025-04-03 02:30 IST,2025-04-03 02:30 IST,2025-04-03 02:30 IST,2.1,2.0659,2.1126,1.625,21.54,35.0,12.92,FILLED_TP,0.3692,N/A,3318642793545707.5,428875866616358.94,3747518660162066.5,199155.5677,3431.6445,22305.6891,221461.2568
574,SOLUSD,LONG,"[113.86, 119.18]",2025-04-03 03:30 IST,2025-04-03 04:30 IST,2025-04-03 04:30 IST,117.8515,113.86,118.5586,3.3869,10.33,35.0,6.2,FILLED_TP,0.1772,N/A,3747518660162066.5,232360380882873.12,3979879041044939.5,221461.2568,1830.8585,11900.58,233361.8368
575,BTCUSD,LONG,"[82221.00, 82538.50]",2025-04-03 04:30 IST,2025-04-03 04:30 IST,2025-04-03 05:30 IST,82459.125,82221.0,82953.8798,0.2888,100.0,28.88,60.0,FILLED_SL,-1.0,DUAL_TOUCH_AMBIGUITY,3979879041044939.5,-1149307243617763.8,2830571797427176.0,233361.8368,18668.9469,-86059.0477,147302.7892
576,SOLUSD,LONG,"[110.57, 116.58]",2025-04-03 22:30 IST,2025-04-03 22:30 IST,2025-04-03 23:30 IST,115.075,110.569,115.7655,3.9157,8.94,35.0,5.36,FILLED_TP,0.1532,N/A,2830571797427176.0,151804017784455.75,2982375815211632.0,147302.7892,1053.3163,6846.5558,154149.345
577,XRPUSD,SHORT,"[2.06, 2.08]",2025-04-04 02:30 IST,2025-04-04 02:30 IST,2025-04-04 02:30 IST,2.0619,2.0807,2.0496,0.9093,38.49,35.0,23.09,FILLED_TP,0.6598,N/A,2982375815211632.0,688745098963660.1,3671120914175292.0,154149.345,4746.5337,30852.4693,185001.8144
578,XRPUSD,LONG,"[2.03, 2.06]",2025-04-04 11:30 IST,2025-04-04 11:30 IST,2025-04-04 11:30 IST,2.0547,2.0341,2.0671,1.0038,34.87,35.0,20.92,FILLED_TP,0.5977,N/A,3671120914175292.0,768029199165848.1,4439150113341140.0,185001.8144,5160.5236,33543.4033,218545.2176
579,ETHUSD,SHORT,"[1822.25, 1845.15]",2025-04-04 13:30 IST,2025-04-04 13:30 IST,2025-04-04 13:30 IST,1827.975,1845.15,1817.0071,0.9396,37.25,35.0,22.35,FILLED_TP,0.6386,N/A,4439150113341140.0,992184943214721.2,5431335056555861.0,218545.2176,6512.8765,42333.6974,260878.9151
580,SOLUSD,LONG,"[114.62, 116.30]",2025-04-04 15:30 IST,2025-04-04 15:30 IST,2025-04-04 15:30 IST,115.8838,114.623,116.5791,1.0879,32.17,35.0,19.3,FILLED_TP,0.5515,N/A,5431335056555861.0,1048381753009180.5,6479716809565042.0,260878.9151,6714.1428,43641.9283,304520.8433
581,BTCUSD,SHORT,"[84091.00, 84680.00]",2025-04-04 22:30 IST,2025-04-04 22:30 IST,2025-04-04 22:30 IST,84238.25,84680.0,83732.8205,0.5244,66.74,35.0,40.05,FILLED_TP,1.1442,N/A,6479716809565042.0,2594825148885158.5,9074541958450200.0,304520.8433,16259.5242,105686.9074,410207.7507
582,XRPUSD,LONG,"[2.11, 2.12]",2025-04-05 20:30 IST,2025-04-05 20:30 IST,2025-04-05 20:30 IST,2.1202,2.113,2.1329,0.3396,100.0,33.96,60.0,FILLED_TP,1.7668,N/A,9074541958450200.0,5444725175070120.0,1.451926713352032e+16,410207.7507,32816.6201,213308.0304,623515.7811
583,SOLUSD,LONG,"[113.25, 115.45]",2025-04-06 18:30 IST,2025-04-06 18:30 IST,2025-04-06 18:30 IST,114.9024,113.2477,115.5918,1.4401,24.3,35.0,14.58,FILLED_TP,0.4166,N/A,1.451926713352032e+16,2117226672719030.2,1.663649380623935e+16,623515.7811,12122.9649,78799.2718,702315.0529
584,XRPUSD,LONG,"[1.85, 1.87]",2025-04-08 21:30 IST,2025-04-08 21:30 IST,2025-04-08 21:30 IST,1.8635,1.8468,1.8747,0.8975,39.0,35.0,23.4,FILLED_TP,0.6685,N/A,1.663649380623935e+16,3892693360392896.5,2.052918716663225e+16,702315.0529,21910.8439,142420.4855,844735.5383
585,SOLUSD,SHORT,"[104.17, 106.52]",2025-04-09 09:30 IST,2025-04-09 09:30 IST,2025-04-09 09:30 IST,104.7618,106.522,104.1332,1.6802,20.83,35.0,12.5,FILLED_TP,0.3571,N/A,2.052918716663225e+16,2565780147520674.5,2.3094967314152924e+16,844735.5383,14076.9053,91499.8843,936235.4227
586,SOLUSD,LONG,"[101.26, 105.00]",2025-04-09 16:30 IST,2025-04-09 16:30 IST,2025-04-09 16:30 IST,104.0648,101.259,104.6891,2.6962,12.98,35.0,7.79,FILLED_TP,0.2225,N/A,2.3094967314152924e+16,1798834963767810.8,2.4893802277920736e+16,936235.4227,9722.9438,63199.1344,999434.5571
587,XRPUSD,SHORT,"[1.99, 2.05]",2025-04-11 06:30 IST,2025-04-11 07:30 IST,2025-04-11 07:30 IST,2.0016,2.0451,1.9896,2.1733,16.1,35.0,9.66,FILLED_TP,0.2761,N/A,2.4893802277920736e+16,2405462361906235.0,2.7299264639826972e+16,999434.5571,12876.577,83697.7504,1083132.3075
588,XRPUSD,LONG,"[1.98, 2.01]",2025-04-12 07:30 IST,2025-04-12 07:30 IST,2025-04-12 07:30 IST,2.0051,1.9834,2.0172,1.0847,32.27,35.0,19.36,FILLED_TP,0.5531,N/A,2.7299264639826972e+16,5285156461349579.0,3.258442110117655e+16,1083132.3075,27959.3549,181735.8068,1264868.1143
589,XRPUSD,LONG,"[2.13, 2.14]",2025-04-13 18:30 IST,2025-04-13 18:30 IST,2025-04-13 18:30 IST,2.1399,2.1261,2.1527,0.6449,54.27,35.0,32.56,FILLED_TP,0.9304,N/A,3.258442110117655e+16,1.061069171741001e+16,4.319511281858656e+16,1264868.1143,54918.3738,356969.4294,1621837.5437
590,SOLUSD,SHORT,"[129.44, 131.55]",2025-04-13 21:30 IST,2025-04-13 21:30 IST,2025-04-13 21:30 IST,129.9638,131.547,129.184,1.2182,28.73,35.0,17.24,FILLED_TP,0.4925,N/A,4.319511281858656e+16,7446061943161771.0,5.064117476174833e+16,1621837.5437,37276.7566,242298.9181,1864136.4618
591,SOLUSD,LONG,"[126.80, 130.12]",2025-04-14 00:30 IST,2025-04-14 00:30 IST,2025-04-14 00:30 IST,129.2877,126.8,130.0635,1.9242,18.19,35.0,10.91,FILLED_TP,0.3118,N/A,5.064117476174833e+16,5526799493050678.0,5.616797425479901e+16,1864136.4618,27126.0386,176319.2508,2040455.7126
592,SOLUSD,SHORT,"[129.44, 132.55]",2025-04-14 05:30 IST,2025-04-14 05:30 IST,2025-04-14 05:30 IST,130.2197,132.547,129.4384,1.7872,19.58,35.0,11.75,FILLED_TP,0.3357,N/A,5.616797425479901e+16,6599752179443525.0,6.2767726434242536e+16,2040455.7126,31967.2131,207786.8854,2248242.598
593,ETHUSD,LONG,"[1611.90, 1636.05]",2025-04-14 20:30 IST,2025-04-14 20:30 IST,2025-04-14 20:30 IST,1630.0125,1611.9,1639.7926,1.1112,31.5,35.0,18.9,FILLED_TP,0.54,N/A,6.2767726434242536e+16,1.1862281586596638e+16,7.463000802083917e+16,2248242.598,56651.8035,368236.7226,2616479.3206
594,BTCUSD,SHORT,"[84023.00, 85243.50]",2025-04-14 21:30 IST,2025-04-14 21:30 IST,2025-04-14 21:30 IST,84328.125,85243.5,83822.1562,1.0855,32.24,35.0,19.35,FILLED_TP,0.5527,N/A,7.463000802083917e+16,1.4437971492315052e+16,8.906797951315422e+16,2616479.3206,67491.4463,438694.401,3055173.7216
595,SOLUSD,SHORT,"[131.08, 134.75]",2025-04-15 10:30 IST,2025-04-15 10:30 IST,2025-04-15 10:30 IST,131.9965,134.746,131.2045,2.083,16.8,35.0,10.08,FILLED_TP,0.288,N/A,8.906797951315422e+16,8979446907218434.0,9.804742642037266e+16,3055173.7216,41067.913,266941.4342,3322115.1558
596,BTCUSD,LONG,"[84304.00, 84915.00]",2025-04-15 20:30 IST,2025-04-15 20:30 IST,2025-04-15 20:30 IST,84762.25,84304.0,85270.8235,0.5406,64.74,35.0,38.84,FILLED_TP,1.1098,N/A,9.804742642037266e+16,3.808513472386358e+16,1.3613256114423624e+17,3322115.1558,172057.1468,1118371.4539,4440486.6098
597,XRPUSD,LONG,"[2.12, 2.14]",2025-04-15 20:30 IST,2025-04-15 20:30 IST,2025-04-15 20:30 IST,2.1347,2.1152,2.1475,0.9135,38.32,35.0,22.99,FILLED_TP,0.6568,N/A,1.3613256114423624e+17,3.1295619198803428e+16,1.6742818034303968e+17,4440486.6098,136110.251,884716.6315,5325203.2413
598,SOLUSD,LONG,"[127.67, 129.44]",2025-04-15 22:30 IST,2025-04-15 22:30 IST,2025-04-15 22:30 IST,128.9955,127.674,129.7695,1.0245,34.16,35.0,20.5,FILLED_TP,0.5857,N/A,1.6742818034303968e+17,3.4320629480609668e+16,2.0174880982364934e+17,5325203.2413,145546.4482,946051.9134,6271255.1547
599,ETHUSD,SHORT,"[1584.80, 1615.25]",2025-04-17 00:30 IST,2025-04-17 00:30 IST,2025-04-17 00:30 IST,1592.4125,1615.25,1582.858,1.4341,24.4,35.0,14.64,FILLED_TP,0.4184,N/A,2.0174880982364934e+17,2.9541823137774776e+16,2.3129063296142413e+17,6271255.1547,122438.9284,795853.0347,7067108.1894
600,ETHUSD,LONG,"[1571.05, 1597.85]",2025-04-17 13:30 IST,2025-04-17 14:30 IST,2025-04-17 17:30 IST,1591.15,1571.05,1600.6969,1.2632,27.71,35.0,16.62,FILLED_TP,0.475,N/A,2.3129063296142413e+17,3.844965126053733e+16,2.6974028422196147e+17,7067108.1894,156644.3868,1018188.5142,8085296.7036
601,SOLUSD,LONG,"[129.47, 131.73]",2025-04-17 19:30 IST,2025-04-17 19:30 IST,2025-04-17 19:30 IST,131.1628,129.47,131.9497,1.2906,27.12,35.0,16.27,FILLED_TP,0.4649,N/A,2.6974028422196147e+17,4.389173987600106e+16,3.136320240979625e+17,8085296.7036,175417.002,1140210.5127,9225507.2163
602,BTCUSD,LONG,"[83700.00, 84430.00]",2025-04-18 20:30 IST,2025-04-20 15:30 IST,2025-04-21 01:30 IST,84247.5,83700.0,84752.985,0.6499,53.86,35.0,32.31,FILLED_TP,0.9233,N/A,3.136320240979625e+17,1.0134739597334338e+17,4.1497942007130586e+17,9225507.2163,397485.4016,2583655.1104,11809162.3267
603,ETHUSD,LONG,"[1578.35, 1589.55]",2025-04-19 04:30 IST,2025-04-19 04:30 IST,2025-04-19 08:30 IST,1586.75,1578.35,1596.2705,0.5294,66.11,35.0,39.67,FILLED_TP,1.1334,N/A,4.1497942007130586e+17,1.6461714869953437e+17,5.795965687708402e+17,11809162.3267,624606.2774,4059940.8031,15869103.1298
604,SOLUSD,SHORT,"[134.42, 135.52]",2025-04-19 06:30 IST,2025-04-19 06:30 IST,2025-04-19 07:30 IST,134.6974,135.5234,133.8892,0.6133,57.07,35.0,34.24,FILLED_SL,-1.0,CONSOLIDATION_REVERSAL,5.795965687708402e+17,-2.0285879906979405e+17,3.7673776970104614e+17,15869103.1298,724541.2733,-6278727.3687,9590375.7611
605,ETHUSD,LONG,"[1584.60, 1590.10]",2025-04-20 13:30 IST,2025-04-20 13:30 IST,2025-04-20 15:30 IST,1588.725,1584.6,1598.2573,0.2596,100.0,25.96,60.0,FILLED_SL,-1.0,CONSOLIDATION_REVERSAL,3.7673776970104614e+17,-9.781701049689626e+16,2.789207592041499e+17,9590375.7611,767230.0609,-3257295.9952,6333079.7659
606,SOLUSD,LONG,"[137.61, 139.45]",2025-04-20 13:30 IST,2025-04-20 13:30 IST,2025-04-20 16:30 IST,138.989,137.612,139.8229,0.9907,35.33,35.0,21.2,FILLED_SL,-1.0,CONSOLIDATION_REVERSAL,2.789207592041499e+17,-9.762226572145245e+16,1.8129849348269744e+17,6333079.7659,178986.1718,-2395564.0899,3937515.676
607,ETHUSD,SHORT,"[1620.10, 1660.75]",2025-04-21 15:30 IST,2025-04-21 15:30 IST,2025-04-21 16:30 IST,1630.2625,1660.75,1620.4809,1.8701,18.72,35.0,11.23,FILLED_TP,0.3208,N/A,1.8129849348269744e+17,2.0358661221346516e+16,2.0165715470404397e+17,3937515.676,58954.3768,383203.449,4320719.1251
608,XRPUSD,LONG,"[2.06, 2.09]",2025-04-22 07:30 IST,2025-04-22 07:30 IST,2025-04-22 07:30 IST,2.0807,2.0623,2.0932,0.8831,39.63,35.0,23.78,FILLED_TP,0.6794,N/A,2.0165715470404397e+17,4.7952342898723544e+16,2.4960949760276752e+17,4320719.1251,136990.6631,890439.3101,5211158.4352
609,BTCUSD,LONG,"[92552.00, 93462.00]",2025-04-23 16:30 IST,2025-04-23 18:30 IST,2025-04-23 18:30 IST,93234.5,92552.0,93793.907,0.732,47.81,35.0,28.69,FILLED_TP,0.8196,N/A,2.4960949760276752e+17,7.160682062844686e+16,3.212163182312144e+17,5211158.4352,199327.0774,1295626.003,6506784.4382
610,XRPUSD,LONG,"[2.14, 2.16]",2025-04-24 12:30 IST,2025-04-24 12:30 IST,2025-04-24 12:30 IST,2.1553,2.1395,2.1683,0.7342,47.67,35.0,28.6,FILLED_TP,0.8172,N/A,3.212163182312144e+17,9.187258630600667e+16,4.1308890453722106e+17,6506784.4382,248138.1262,1612897.8204,8119682.2586
611,SOLUSD,LONG,"[150.50, 153.14]",2025-04-25 15:30 IST,2025-04-25 18:30 IST,2025-04-25 18:30 IST,152.4808,150.5,153.3956,1.299,26.94,35.0,16.17,FILLED_TP,0.4619,N/A,4.1308890453722106e+17,6.6780271391684504e+16,4.7986917592890554e+17,8119682.2586,175017.8808,1137616.2251,9257298.4837
612,ETHUSD,LONG,"[1738.15, 1770.30]",2025-04-25 18:30 IST,2025-04-25 18:30 IST,2025-04-25 18:30 IST,1762.2625,1738.15,1772.8361,1.3683,25.58,35.0,15.35,FILLED_TP,0.4385,N/A,4.7986917592890554e+17,7.364961960208898e+16,5.535187955309945e+17,9257298.4837,189439.5517,1231357.0863,10488655.57
613,ETHUSD,SHORT,"[1792.25, 1815.00]",2025-04-26 20:30 IST,2025-04-26 20:30 IST,2025-04-27 01:30 IST,1797.9375,1815.0,1787.1499,0.949,36.88,35.0,22.13,FILLED_SL,-1.0,CONSOLIDATION_REVERSAL,5.535187955309945e+17,-1.9373157843584806e+17,3.5978721709514643e+17,10488655.57,309463.7485,-3980493.198,6508162.372
614,BTCUSD,LONG,"[94000.00, 94325.00]",2025-04-27 06:30 IST,2025-04-27 06:30 IST,2025-04-27 06:30 IST,94243.75,94000.0,94809.2125,0.2586,100.0,25.86,60.0,FILLED_SL,-1.0,DUAL_TOUCH_AMBIGUITY,3.5978721709514643e+17,-9.305458894297174e+16,2.667326281521747e+17,6508162.372,520652.9898,-2203910.0526,4304252.3194
615,ETHUSD,LONG,"[1778.40, 1806.00]",2025-04-27 06:30 IST,2025-04-27 09:30 IST,2025-04-27 09:30 IST,1799.1,1778.4,1809.8946,1.1506,30.42,35.0,18.25,FILLED_TP,0.5215,N/A,2.667326281521747e+17,4.868334346608798e+16,3.1541597161826266e+17,4304252.3194,104746.7873,680854.1175,4985106.4369
616,SOLUSD,LONG,"[145.17, 147.69]",2025-04-27 06:30 IST,2025-04-27 06:30 IST,2025-04-27 06:30 IST,147.0607,145.1729,147.9431,1.2837,27.26,35.0,16.36,FILLED_TP,0.4674,N/A,3.1541597161826266e+17,5.1598603192456264e+16,3.670145748107189e+17,4985106.4369,108734.5187,706774.3714,5691880.8083
617,SOLUSD,SHORT,"[148.96, 150.35]",2025-04-27 18:30 IST,2025-04-27 18:30 IST,2025-04-27 18:30 IST,149.3077,150.351,148.4119,0.6987,50.09,35.0,30.05,FILLED_TP,0.8587,N/A,3.670145748107189e+17,1.1030534656372843e+17,4.7731992137444736e+17,5691880.8083,228090.8092,1482590.2598,7174471.068
618,BTCUSD,LONG,"[93550.00, 94037.00]",2025-04-28 03:30 IST,2025-04-28 03:30 IST,2025-04-28 05:30 IST,93915.25,93550.0,94478.7415,0.3889,89.99,35.0,54.0,FILLED_SL,-1.0,CONSOLIDATION_REVERSAL,4.7731992137444736e+17,-1.6706197248105658e+17,3.102579488933908e+17,7174471.068,516527.9351,-3027592.809,4146878.2591
619,XRPUSD,LONG,"[2.21, 2.24]",2025-04-28 06:30 IST,2025-04-28 06:30 IST,2025-04-28 06:30 IST,2.2315,2.2116,2.2449,0.894,39.15,35.0,23.49,FILLED_TP,0.6711,N/A,3.102579488933908e+17,7.287959219505701e+16,3.831375410884478e+17,4146878.2591,129880.2271,844221.476,4991099.7351
620,BTCUSD,SHORT,"[94118.00, 94515.50]",2025-04-28 10:30 IST,2025-04-28 10:30 IST,2025-04-28 11:30 IST,94217.375,94515.5,93652.0707,0.3164,100.0,31.64,60.0,FILLED_SL,-1.0,CONSOLIDATION_REVERSAL,3.831375410884478e+17,-1.2123334940821002e+17,2.619041916802378e+17,4991099.7351,399287.9788,-1978584.3756,3012515.3595
621,SOLUSD,SHORT,"[148.87, 150.21]",2025-04-28 10:30 IST,2025-04-28 10:30 IST,2025-04-28 11:30 IST,149.203,150.211,148.3078,0.6756,51.81,35.0,31.08,FILLED_SL,-1.0,CONSOLIDATION_REVERSAL,2.619041916802378e+17,-9.166646708808322e+16,1.7023772459215456e+17,3012515.3595,124854.5359,-1179234.9117,1833280.4478
622,BTCUSD,SHORT,"[94524.00, 94943.00]",2025-04-28 11:30 IST,2025-04-28 11:30 IST,2025-04-28 15:30 IST,94628.75,94943.0,94060.9775,0.3321,100.0,33.21,60.0,FILLED_SL,-1.0,CONSOLIDATION_REVERSAL,1.7023772459215456e+17,-5.653377536222826e+16,1.137039492299263e+17,1833280.4478,146662.4358,-755471.4719,1077808.9759
623,ETHUSD,SHORT,"[1796.50, 1808.00]",2025-04-28 11:30 IST,2025-04-28 11:30 IST,2025-04-28 12:30 IST,1799.375,1808.0,1788.5787,0.4793,73.02,35.0,43.81,FILLED_SL,-1.0,CONSOLIDATION_REVERSAL,1.137039492299263e+17,-3.97963822304742e+16,7.39075669994521e+16,1077808.9759,62959.6646,-440192.8062,637616.1697
624,SOLUSD,SHORT,"[150.98, 153.15]",2025-04-28 12:30 IST,2025-04-28 13:30 IST,2025-04-28 15:30 IST,151.521,153.15,150.6119,1.0751,32.56,35.0,19.53,FILLED_SL,-1.0,DUAL_TOUCH_AMBIGUITY,7.39075669994521e+16,-2.586764844980823e+16,4.8039918549643864e+16,637616.1697,16606.1554,-239771.8148,397844.3549
625,SOLUSD,LONG,"[144.56, 147.34]",2025-04-28 19:30 IST,2025-04-28 20:30 IST,2025-04-28 20:30 IST,146.6442,144.557,147.5241,1.4233,24.59,35.0,14.75,FILLED_TP,0.4215,N/A,4.8039918549643864e+16,7087810963767878.0,5.512772951341174e+16,397844.3549,7826.3957,50871.5719,448715.9268
626,ETHUSD,LONG,"[1751.45, 1778.15]",2025-04-28 20:30 IST,2025-04-28 20:30 IST,2025-04-28 20:30 IST,1771.475,1751.45,1782.1039,1.1304,30.96,35.0,18.58,FILLED_TP,0.5308,N/A,5.512772951341174e+16,1.0241224906043362e+16,6.53689544194551e+16,448715.9268,11114.5535,72244.5975,520960.5243
627,SOLUSD,SHORT,"[147.37, 149.16]",2025-04-29 11:30 IST,2025-04-29 11:30 IST,2025-04-29 11:30 IST,147.8155,149.164,146.9286,0.9123,38.37,35.0,23.02,FILLED_TP,0.6577,N/A,6.53689544194551e+16,1.5047344332352418e+16,8.041629875180752e+16,520960.5243,15989.3892,103931.0297,624891.554
628,SOLUSD,LONG,"[145.46, 146.74]",2025-04-30 03:30 IST,2025-04-30 03:30 IST,2025-04-30 04:30 IST,146.42,145.46,147.2985,0.6556,53.38,35.0,32.03,FILLED_SL,-1.0,CONSOLIDATION_REVERSAL,8.041629875180752e+16,-2.814570456313263e+16,5.227059418867489e+16,624891.554,26686.5146,-245398.5584,379492.9955
629,BTCUSD,SHORT,"[94750.00, 95423.00]",2025-04-30 08:30 IST,2025-04-30 08:30 IST,2025-04-30 17:30 IST,94918.25,95423.0,94348.7405,0.5318,65.82,35.0,39.49,FILLED_TP,1.1283,N/A,5.227059418867489e+16,2.0641921716460224e+16,7.29125159051351e+16,379492.9955,19981.8268,129881.8743,509374.8698
630,XRPUSD,LONG,"[2.22, 2.26]",2025-04-30 08:30 IST,2025-04-30 08:30 IST,2025-04-30 12:30 IST,2.25,2.2174,2.2635,1.45,24.14,35.0,14.48,FILLED_SL,-1.0,CONSOLIDATION_REVERSAL,7.29125159051351e+16,-2.5519380566797284e+16,4.739313533833782e+16,509374.8698,9836.3137,-188117.5181,321257.3517
631,ETHUSD,LONG,"[1722.00, 1760.30]",2025-04-30 18:30 IST,2025-04-30 18:30 IST,2025-04-30 18:30 IST,1750.725,1722.0,1761.2293,1.6407,21.33,35.0,12.8,FILLED_TP,0.3657,N/A,4.739313533833782e+16,6065863478396682.0,5.3458998816734504e+16,321257.3517,5482.3783,35635.4592,356892.8109
632,SOLUSD,SHORT,"[146.13, 148.62]",2025-05-01 01:30 IST,2025-05-01 01:30 IST,2025-05-01 01:30 IST,146.7517,148.62,145.8712,1.2731,27.49,35.0,16.5,FILLED_TP,0.4713,N/A,5.3458998816734504e+16,8818371964227300.0,6.227737078096181e+16,356892.8109,7849.5386,51022.0009,407914.8117
633,SOLUSD,SHORT,"[148.38, 150.36]",2025-05-01 11:30 IST,2025-05-01 11:30 IST,2025-05-01 13:30 IST,148.8787,150.363,147.9855,0.997,35.11,35.0,21.06,FILLED_SL,-1.0,CONSOLIDATION_REVERSAL,6.227737078096181e+16,-2.179707977333663e+16,4.0480291007625176e+16,407914.8117,11456.5317,-154226.7159,253688.0959
634,XRPUSD,LONG,"[2.19, 2.20]",2025-05-01 11:30 IST,2025-05-01 12:30 IST,2025-05-01 13:30 IST,2.1939,2.1868,2.2071,0.3248,100.0,32.48,60.0,FILLED_TP,1.8475,N/A,4.0480291007625176e+16,2.4288174604575104e+16,6.476846561220028e+16,253688.0959,20295.0477,131917.8099,385605.9058
635,ETHUSD,SHORT,"[1812.80, 1831.95]",2025-05-01 13:30 IST,2025-05-01 13:30 IST,2025-05-01 15:30 IST,1817.5875,1831.95,1806.682,0.7902,44.29,35.0,26.58,FILLED_SL,-1.0,CONSOLIDATION_REVERSAL,6.476846561220028e+16,-2.2668962964270096e+16,4.2099502647930184e+16,385605.9058,13663.6583,-148625.7253,236980.1804
636,SOLUSD,SHORT,"[150.06, 151.63]",2025-05-02 16:30 IST,2025-05-02 16:30 IST,2025-05-02 17:30 IST,150.4525,151.63,149.5498,0.7826,44.72,35.0,26.83,FILLED_TP,0.7666,N/A,4.2099502647930184e+16,1.12962618993538e+16,5.339576454728398e+16,236980.1804,8478.2955,55108.9208,292089.1012
637,ETHUSD,SHORT,"[1838.35, 1851.00]",2025-05-02 17:30 IST,2025-05-02 17:30 IST,2025-05-02 17:30 IST,1841.5125,1851.0,1830.4634,0.5152,67.93,35.0,40.76,FILLED_TP,1.1646,N/A,5.339576454728398e+16,2.176451462533277e+16,7.516027917261675e+16,292089.1012,15874.3615,103183.3497,395272.451
638,XRPUSD,LONG,"[2.19, 2.21]",2025-05-02 23:30 IST,2025-05-03 00:30 IST,2025-05-03 15:30 IST,2.2073,2.1909,2.2206,0.7441,47.04,35.0,28.22,FILLED_SL,-1.0,CONSOLIDATION_REVERSAL,7.516027917261675e+16,-2.630609771041586e+16,4.88541814622009e+16,395272.451,14873.5789,-153218.9367,242053.5142
639,BTCUSD,LONG,"[96294.00, 96674.00]",2025-05-03 02:30 IST,2025-05-03 02:30 IST,2025-05-03 08:30 IST,96579.0,96294.0,97158.474,0.2951,100.0,29.51,60.0,FILLED_SL,-1.0,CONSOLIDATION_REVERSAL,4.88541814622009e+16,-1.4416634792995636e+16,3.443754666920526e+16,242053.5142,19364.2811,-90793.113,151260.4012
640,ETHUSD,LONG,"[1812.45, 1826.40]",2025-05-03 12:30 IST,2025-05-03 13:30 IST,2025-05-03 18:30 IST,1822.9125,1812.45,1833.85,0.5739,60.98,35.0,36.59,FILLED_TP,1.0454,N/A,3.443754666920526e+16,1.2600328030061348e+16,4.703787469926661e+16,151260.4012,7379.2739,47965.2804,199225.6816
641,SOLUSD,SHORT,"[147.99, 149.02]",2025-05-03 17:30 IST,2025-05-03 18:30 IST,2025-05-03 21:30 IST,148.2468,149.02,147.3573,0.5216,67.1,35.0,40.26,FILLED_TP,1.1503,N/A,4.703787469926661e+16,1.8937918276436524e+16,6.597579297570314e+16,199225.6816,10694.7,69515.5498,268741.2314
642,XRPUSD,SHORT,"[2.20, 2.22]",2025-05-03 18:30 IST,2025-05-03 19:30 IST,2025-05-03 22:30 IST,2.2061,2.2195,2.1928,0.6085,57.51,35.0,34.51,FILLED_TP,0.986,N/A,6.597579297570314e+16,2.276721413233822e+16,8.874300710804136e+16,268741.2314,12365.1194,80373.2758,349114.5072
643,XRPUSD,SHORT,"[2.20, 2.21]",2025-05-04 20:30 IST,2025-05-04 20:30 IST,2025-05-04 21:30 IST,2.1998,2.2122,2.1866,0.566,61.84,35.0,37.1,FILLED_TP,1.0601,N/A,8.874300710804136e+16,3.2927397812082276e+16,1.2167040492012363e+17,349114.5072,17271.4938,112264.71,461379.2172
644,SOLUSD,SHORT,"[146.86, 147.88]",2025-05-04 22:30 IST,2025-05-04 22:30 IST,2025-05-05 00:30 IST,147.1135,147.88,146.2308,0.521,67.18,35.0,40.31,FILLED_TP,1.1516,N/A,1.2167040492012363e+17,4.903934003894911e+16,1.7070974495907274e+17,461379.2172,24794.5613,161164.6483,622543.8655
645,SOLUSD,SHORT,"[146.48, 147.75]",2025-05-05 11:30 IST,2025-05-05 11:30 IST,2025-05-05 15:30 IST,146.7968,147.75,145.916,0.6494,53.9,35.0,32.34,FILLED_TP,0.924,N/A,1.7070974495907274e+17,5.520612125043142e+16,2.2591586620950416e+17,622543.8655,26843.4058,174482.1374,797026.0029
646,ETHUSD,SHORT,"[1827.75, 1842.05]",2025-05-05 13:30 IST,2025-05-06 03:30 IST,2025-05-06 03:30 IST,1831.325,1842.05,1820.3371,0.5856,59.76,35.0,35.86,FILLED_TP,1.0245,N/A,2.2591586620950416e+17,8.100916407840184e+16,3.06925030287906e+17,797026.0029,38106.4635,247692.0124,1044718.0153
647,SOLUSD,LONG,"[140.45, 143.27]",2025-05-06 20:30 IST,2025-05-06 20:30 IST,2025-05-06 20:30 IST,142.5643,140.447,143.4196,1.4851,23.57,35.0,14.14,FILLED_TP,0.404,N/A,3.06925030287906e+17,4.340003644981316e+16,3.503250667377192e+17,1044718.0153,19696.7969,128029.18,1172747.1953
648,XRPUSD,SHORT,"[2.14, 2.16]",2025-05-06 23:30 IST,2025-05-07 00:30 IST,2025-05-07 01:30 IST,2.1444,2.1606,2.1315,0.7555,46.33,35.0,27.8,FILLED_TP,0.7942,N/A,3.503250667377192e+17,9.73825835516029e+16,4.4770765028932205e+17,1172747.1953,43466.3546,282531.3047,1455278.5
649,BTCUSD,SHORT,"[96756.00, 97458.00]",2025-05-08 02:30 IST,2025-05-08 02:30 IST,2025-05-08 05:30 IST,96931.5,97458.0,96349.911,0.5432,64.44,35.0,38.66,FILLED_SL,-1.0,CONSOLIDATION_REVERSAL,4.4770765028932205e+17,-1.5669767760126272e+17,2.910099726880593e+17,1455278.5,75018.9018,-584366.3768,870912.1232
650,BTCUSD,SHORT,"[97004.50, 97849.00]",2025-05-08 05:30 IST,2025-05-08 05:30 IST,2025-05-08 06:30 IST,97215.625,97849.0,96632.3313,0.6515,53.72,35.0,32.23,FILLED_SL,-1.0,CONSOLIDATION_REVERSAL,2.910099726880593e+17,-1.0185349044082075e+17,1.891564822472386e+17,870912.1232,37428.9395,-342248.1826,528663.9405
651,BTCUSD,SHORT,"[98749.50, 99432.00]",2025-05-08 08:30 IST,2025-05-08 08:30 IST,2025-05-08 13:30 IST,98920.125,99432.0,98326.6043,0.5175,67.64,35.0,40.58,FILLED_SL,-1.0,CONSOLIDATION_REVERSAL,1.891564822472386e+17,-6.62047687865335e+16,1.2295171346070509e+17,528663.9405,28606.0872,-213638.4663,315025.4742
652,XRPUSD,LONG,"[2.32, 2.37]",2025-05-10 08:30 IST,2025-05-10 09:30 IST,2025-05-10 10:30 IST,2.3567,2.3242,2.3708,1.378,25.4,35.0,15.24,FILLED_TP,0.4354,N/A,1.2295171346070509e+17,1.8737188039168908e+16,1.41688901499874e+17,315025.4742,6401.0945,41607.1144,356632.5886
653,SOLUSD,SHORT,"[171.14, 173.40]",2025-05-10 18:30 IST,2025-05-10 18:30 IST,2025-05-10 19:30 IST,171.7028,173.4,170.6725,0.9885,35.41,35.0,21.24,FILLED_TP,0.607,N/A,1.41688901499874e+17,3.010139075988559e+16,1.7179029225975958e+17,356632.5886,10102.0727,65663.4727,422296.0613
654,SOLUSD,SHORT,"[174.04, 179.32]",2025-05-11 02:30 IST,2025-05-11 04:30 IST,2025-05-11 05:30 IST,175.3637,179.32,174.3116,2.256,15.51,35.0,9.31,FILLED_SL,-1.0,DUAL_TOUCH_AMBIGUITY,1.7179029225975958e+17,-6.012660229091585e+16,1.1166368996884374e+17,422296.0613,5241.2051,-153044.8266,269251.2347
655,XRPUSD,LONG,"[2.37, 2.41]",2025-05-11 06:30 IST,2025-05-11 06:30 IST,2025-05-11 06:30 IST,2.398,2.3693,2.4123,1.1948,29.29,35.0,17.58,FILLED_TP,0.5022,N/A,1.1166368996884374e+17,1.9626676623303696e+16,1.3129036659214744e+17,269251.2347,6310.0272,41015.1769,310266.4115
656,SOLUSD,LONG,"[168.71, 170.68]",2025-05-11 21:30 IST,2025-05-11 21:30 IST,2025-05-11 21:30 IST,170.1843,168.712,171.2054,0.8651,40.46,35.0,24.27,FILLED_TP,0.6936,N/A,1.3129036659214744e+17,3.187057931634527e+16,1.631609459084927e+17,310266.4115,10042.24,65274.56,375540.9715
657,ETHUSD,LONG,"[2485.30, 2521.60]",2025-05-12 19:30 IST,2025-05-12 19:30 IST,2025-05-12 19:30 IST,2512.525,2485.3,2527.6002,1.0836,32.3,35.0,19.38,FILLED_TP,0.5537,N/A,1.631609459084927e+17,3.1621175640012772e+16,1.9478212154850547e+17,375540.9715,9704.158,63077.0272,438617.9987
658,SOLUSD,SHORT,"[174.06, 177.23]",2025-05-13 04:30 IST,2025-05-13 16:30 IST,2025-05-13 16:30 IST,174.8515,177.226,173.8024,1.358,25.77,35.0,15.46,FILLED_TP,0.4418,N/A,1.9478212154850547e+17,3.0120735676761628e+16,2.249028572252671e+17,438617.9987,9043.6067,58783.4438,497401.4425
659,XRPUSD,SHORT,"[2.56, 2.60]",2025-05-14 09:30 IST,2025-05-14 09:30 IST,2025-05-14 09:30 IST,2.5737,2.6023,2.5583,1.1103,31.52,35.0,18.91,FILLED_TP,0.5404,N/A,2.249028572252671e+17,4.253928339616485e+16,2.6744214062143194e+17,497401.4425,12544.1424,81536.9253,578938.3678
660,XRPUSD,LONG,"[2.54, 2.57]",2025-05-14 13:30 IST,2025-05-14 14:30 IST,2025-05-14 14:30 IST,2.5622,2.541,2.5776,0.8284,42.25,35.0,25.35,FILLED_TP,0.7243,N/A,2.6744214062143194e+17,6.779828369294952e+16,3.3524042431438144e+17,578938.3678,19568.6078,127195.9507,706134.3185
661,XRPUSD,LONG,"[2.50, 2.54]",2025-05-15 07:30 IST,2025-05-15 07:30 IST,2025-05-15 10:30 IST,2.5313,2.5041,2.5465,1.0755,32.54,35.0,19.53,FILLED_SL,-1.0,CONSOLIDATION_REVERSAL,3.3524042431438144e+17,-1.173341485100335e+17,2.1790627580434794e+17,706134.3185,18383.3802,-265530.3917,440603.9268
662,ETHUSD,SHORT,"[2542.80, 2579.50]",2025-05-15 20:30 IST,2025-05-15 20:30 IST,2025-05-15 20:30 IST,2551.975,2579.5,2536.6632,1.0786,32.45,35.0,19.47,FILLED_TP,0.5563,N/A,2.1790627580434794e+17,4.242658939913524e+16,2.6033286520348317e+17,440603.9268,11438.142,74347.9228,514951.8496
663,ETHUSD,SHORT,"[2606.50, 2646.40]",2025-05-16 14:30 IST,2025-05-16 14:30 IST,2025-05-16 14:30 IST,2616.475,2646.4,2600.7761,1.1437,30.6,35.0,18.36,FILLED_TP,0.5246,N/A,2.6033286520348317e+17,4.780031112163364e+16,3.081331763251168e+17,514951.8496,12606.8645,81944.6191,596896.4687
664,SOLUSD,LONG,"[169.31, 172.34]",2025-05-16 19:30 IST,2025-05-16 19:30 IST,2025-05-16 19:30 IST,171.5857,169.3107,172.6152,1.3259,26.4,35.0,15.84,FILLED_TP,0.4525,N/A,3.081331763251168e+17,4.880475697721649e+16,3.569379333023333e+17,596896.4687,12605.5396,81936.0072,678832.4758
665,BTCUSD,LONG,"[102509.50, 103192.00]",2025-05-17 14:30 IST,2025-05-17 14:30 IST,2025-05-18 10:30 IST,103021.375,102509.5,103639.5032,0.4969,70.44,35.0,42.27,FILLED_TP,1.2076,N/A,3.569379333023333e+17,1.508604581680602e+17,5.077983914703935e+17,678832.4758,38254.6352,248655.1291,927487.6049
666,BTCUSD,SHORT,"[103798.50, 104535.00]",2025-05-18 13:30 IST,2025-05-18 13:30 IST,2025-05-18 18:30 IST,103982.625,104535.0,103358.7293,0.5312,65.89,35.0,39.53,FILLED_SL,-1.0,CONSOLIDATION_REVERSAL,5.077983914703935e+17,-1.777294370146377e+17,3.300689544557558e+17,927487.6049,48886.9461,-373507.6078,553979.9971
667,SOLUSD,LONG,"[164.29, 167.00]",2025-05-19 07:30 IST,2025-05-19 07:30 IST,2025-05-19 07:30 IST,166.3257,164.291,167.3237,1.2234,28.61,35.0,17.17,FILLED_TP,0.4905,N/A,3.300689544557558e+17,5.665945666214309e+16,3.867284111178989e+17,553979.9971,12679.4539,82416.4502,636396.4474
668,BTCUSD,LONG,"[103229.50, 104208.50]",2025-05-19 08:30 IST,2025-05-19 08:30 IST,2025-05-19 08:30 IST,103963.75,103229.5,104587.5325,0.7063,49.56,35.0,29.73,FILLED_TP,0.8496,N/A,3.867284111178989e+17,1.1499086862492715e+17,5.0171927974282605e+17,636396.4474,25230.3781,163997.4577,800393.905
669,BTCUSD,LONG,"[101322.50, 102368.50]",2025-05-19 11:30 IST,2025-05-19 11:30 IST,2025-05-19 11:30 IST,102107.0,101322.5,102719.642,0.7683,45.55,35.0,27.33,FILLED_TP,0.7809,N/A,5.0171927974282605e+17,1.3713321356669413e+17,6.388524933095201e+17,800393.905,29169.1902,189599.7364,989993.6415
670,SOLUSD,SHORT,"[166.10, 170.12]",2025-05-20 04:30 IST,2025-05-20 05:30 IST,2025-05-20 06:30 IST,167.1085,170.125,166.1058,1.8051,19.39,35.0,11.63,FILLED_SL,-1.0,CONSOLIDATION_REVERSAL,6.388524933095201e+17,-2.2359837265833203e+17,4.152541206511881e+17,989993.6415,15356.2668,-361854.0413,628139.6002
671,ETHUSD,LONG,"[2475.30, 2519.00]",2025-05-20 15:30 IST,2025-05-20 15:30 IST,2025-05-20 15:30 IST,2508.075,2475.3,2523.1235,1.3068,26.78,35.0,16.07,FILLED_TP,0.4591,N/A,4.152541206511881e+17,6.6731527236299144e+16,4.819856478874872e+17,628139.6002,13458.9762,87483.3451,715622.9453
672,BTCUSD,LONG,"[105889.00, 106857.00]",2025-05-21 12:30 IST,2025-05-21 12:30 IST,2025-05-21 12:30 IST,106615.0,105889.0,107254.69,0.681,51.4,35.0,30.84,FILLED_TP,0.8811,N/A,4.819856478874872e+17,1.486397929531699e+17,6.306254408406572e+17,715622.9453,29425.5087,191265.8063,906888.7516
673,XRPUSD,LONG,"[2.31, 2.36]",2025-05-21 12:30 IST,2025-05-21 12:30 IST,2025-05-21 12:30 IST,2.352,2.3143,2.3661,1.6039,21.82,35.0,13.09,FILLED_TP,0.3741,N/A,6.306254408406572e+17,8.256642240519062e+16,7.131918632458478e+17,906888.7516,15831.5972,102905.3818,1009794.1334
674,SOLUSD,LONG,"[166.28, 168.26]",2025-05-21 13:30 IST,2025-05-21 14:30 IST,2025-05-21 16:30 IST,167.7672,166.28,168.7739,0.8865,39.48,35.0,23.69,FILLED_TP,0.6768,N/A,7.131918632458478e+17,1.6894637687018256e+17,8.821382401160303e+17,1009794.1334,31894.374,207313.4311,1217107.5645
675,ETHUSD,LONG,"[2442.00, 2503.50]",2025-05-21 22:30 IST,2025-05-21 22:30 IST,2025-05-21 22:30 IST,2488.125,2442.0,2503.0538,1.8538,18.88,35.0,11.33,FILLED_TP,0.3237,N/A,8.821382401160303e+17,9.992905015168054e+16,9.820672902677108e+17,1217107.5645,18383.2718,119491.2668,1336598.8313
676,XRPUSD,LONG,"[2.33, 2.35]",2025-05-21 22:30 IST,2025-05-21 22:30 IST,2025-05-21 22:30 IST,2.3422,2.3293,2.3563,0.5508,63.55,35.0,38.13,FILLED_TP,1.0894,N/A,9.820672902677108e+17,3.744508383919781e+17,1.356518128659689e+18,1336598.8313,67950.6123,441678.9802,1778277.8114
677,XRPUSD,SHORT,"[2.39, 2.44]",2025-05-22 00:30 IST,2025-05-22 03:30 IST,2025-05-22 03:30 IST,2.3996,2.4403,2.3853,1.694,20.66,35.0,12.4,FILLED_TP,0.3542,N/A,1.356518128659689e+18,1.681636980964383e+17,1.5246818267561272e+18,1778277.8114,29393.073,191054.9746,1969332.786
678,SOLUSD,SHORT,"[171.32, 174.92]",2025-05-22 03:30 IST,2025-05-22 04:30 IST,2025-05-22 04:30 IST,172.2208,174.92,171.1874,1.5673,22.33,35.0,13.4,FILLED_SL,-1.0,DUAL_TOUCH_AMBIGUITY,1.5246818267561272e+18,-5.336386393646445e+17,9.910431873914828e+17,1969332.786,35181.9177,-724448.3928,1244884.3932
679,ETHUSD,SHORT,"[2554.30, 2615.00]",2025-05-22 05:30 IST,2025-05-22 05:30 IST,2025-05-22 05:30 IST,2569.475,2615.0,2554.0582,1.7718,19.75,35.0,11.85,FILLED_TP,0.3386,N/A,9.910431873914828e+17,1.1746441421719442e+17,1.1085076016086771e+18,1244884.3932,19673.4939,127877.7106,1372762.1038
680,ETHUSD,SHORT,"[2615.80, 2648.65]",2025-05-22 08:30 IST,2025-05-22 08:30 IST,2025-05-22 08:30 IST,2624.0125,2648.65,2608.2684,0.9389,37.28,35.0,22.37,FILLED_TP,0.639,N/A,1.1085076016086771e+18,2.479289451538931e+17,1.3564365467625702e+18,1372762.1038,40937.6186,266094.5207,1638856.6245
681,SOLUSD,SHORT,"[176.54, 178.25]",2025-05-22 08:30 IST,2025-05-22 08:30 IST,2025-05-22 08:30 IST,176.9635,178.246,175.9017,0.7247,48.29,35.0,28.98,FILLED_TP,0.8279,N/A,1.3564365467625702e+18,3.930475583394452e+17,1.7494841051020155e+18,1638856.6245,63317.7272,411565.2271,2050421.8516
682,ETHUSD,LONG,"[2626.00, 2661.15]",2025-05-23 11:30 IST,2025-05-23 11:30 IST,2025-05-23 11:30 IST,2652.3625,2626.0,2668.2767,0.9939,35.21,35.0,21.13,FILLED_TP,0.6037,N/A,1.7494841051020155e+18,3.696371236760203e+17,2.1191212287780357e+18,2050421.8516,57762.7072,375457.5966,2425879.4482
683,XRPUSD,LONG,"[2.40, 2.42]",2025-05-23 11:30 IST,2025-05-23 11:30 IST,2025-05-23 11:30 IST,2.4172,2.4047,2.4317,0.5182,67.55,35.0,40.53,FILLED_TP,1.158,N/A,2.1191212287780357e+18,8.58844303847439e+17,2.9779655326254746e+18,2425879.4482,131089.1023,852079.1647,3277958.6129
684,XRPUSD,LONG,"[2.34, 2.37]",2025-05-23 16:30 IST,2025-05-23 16:30 IST,2025-05-23 16:30 IST,2.3648,2.3403,2.379,1.0371,33.75,35.0,20.25,FILLED_TP,0.5786,N/A,2.9779655326254746e+18,6.030161637288929e+17,3.5809816963543675e+18,3277958.6129,88501.6748,575260.8859,3853219.4988
685,BTCUSD,SHORT,"[108974.00, 109771.00]",2025-05-24 15:30 IST,2025-05-24 15:30 IST,2025-05-24 15:30 IST,109173.25,109771.0,108518.2105,0.5475,63.92,35.0,38.35,FILLED_TP,1.0958,N/A,3.5809816963543675e+18,1.3734664340630546e+18,4.954448130417422e+18,3853219.4988,197050.9055,1280830.886,5134050.3848
686,ETHUSD,LONG,"[2534.85, 2555.20]",2025-05-24 18:30 IST,2025-05-24 18:30 IST,2025-05-24 23:30 IST,2550.1125,2534.85,2565.4132,0.5985,58.48,35.0,35.09,FILLED_TP,1.0025,N/A,4.954448130417422e+18,1.738394118051199e+18,6.692842248468621e+18,5134050.3848,240188.2848,1561223.8514,6695274.2362
687,ETHUSD,SHORT,"[2506.15, 2520.00]",2025-05-25 17:30 IST,2025-05-25 17:30 IST,2025-05-25 17:30 IST,2509.6125,2520.0,2494.5548,0.4139,84.56,35.0,50.74,FILLED_TP,1.4496,N/A,6.692842248468621e+18,3.395670295191242e+18,1.0088512543659864e+19,6695274.2362,452920.558,2943983.6268,9639257.8631
688,BTCUSD,LONG,"[106286.00, 107381.00]",2025-05-25 19:30 IST,2025-05-25 20:30 IST,2025-05-26 00:30 IST,107107.25,106286.0,107749.8935,0.7668,45.65,35.0,27.39,FILLED_TP,0.7825,N/A,1.0088512543659864e+19,2.763057477988453e+18,1.2851570021648316e+19,9639257.8631,352001.9878,2288012.9208,11927270.7839
689,SOLUSD,SHORT,"[170.99, 172.60]",2025-05-25 23:30 IST,2025-05-25 23:30 IST,2025-05-26 00:30 IST,171.3925,172.6,170.3641,0.7045,49.68,35.0,29.81,FILLED_SL,-1.0,CONSOLIDATION_REVERSAL,1.2851570021648316e+19,-4.4980495075769103e+18,8.353520514071407e+18,11927270.7839,474027.7699,-4648572.5443,7278698.2396
690,SOLUSD,SHORT,"[176.87, 177.88]",2025-05-26 05:30 IST,2025-05-26 05:30 IST,2025-05-26 05:30 IST,177.1182,177.878,176.0555,0.429,81.59,35.0,48.96,FILLED_TP,1.3988,N/A,8.353520514071407e+18,4.089605742760133e+18,1.244312625683154e+19,7278698.2396,475121.1352,3088287.3787,10366985.6182
691,XRPUSD,LONG,"[2.26, 2.29]",2025-05-27 11:30 IST,2025-05-28 12:30 IST,2025-05-28 13:30 IST,2.2854,2.2646,2.2992,0.9123,38.36,35.0,23.02,FILLED_TP,0.6577,N/A,1.244312625683154e+19,2.8642733859817446e+18,1.5307399642813284e+19,10366985.6182,318182.4287,2068185.7867,12435171.4049
692,BTCUSD,SHORT,"[109128.50, 109863.00]",2025-05-27 12:30 IST,2025-05-27 12:30 IST,2025-05-27 14:30 IST,109312.125,109863.0,108656.2523,0.5039,69.45,35.0,41.67,FILLED_SL,-1.0,CONSOLIDATION_REVERSAL,1.5307399642813284e+19,-5.357589874984649e+18,9.949809767828636e+18,12435171.4049,690915.7306,-5043225.7223,7391945.6826
693,SOLUSD,SHORT,"[173.93, 175.93]",2025-05-27 12:30 IST,2025-05-27 12:30 IST,2025-05-27 13:30 IST,174.432,175.926,173.3854,0.8565,40.86,35.0,24.52,FILLED_SL,-1.0,CONSOLIDATION_REVERSAL,9.949809767828636e+18,-3.4824334187400223e+18,6.467376349088613e+18,7391945.6826,241653.0946,-2828834.0836,4563111.599
694,BTCUSD,LONG,"[107865.50, 108670.50]",2025-05-28 06:30 IST,2025-05-28 07:30 IST,2025-05-28 19:30 IST,108469.25,107865.5,109120.0655,0.5566,62.88,35.0,37.73,FILLED_SL,-1.0,CONSOLIDATION_REVERSAL,6.467376349088613e+18,-2.2635817221810145e+18,4.203794626907599e+18,4563111.599,229545.4112,-1826634.4708,2736477.1282
695,ETHUSD,LONG,"[2608.00, 2642.45]",2025-05-28 19:30 IST,2025-05-28 19:30 IST,2025-05-28 19:30 IST,2633.8375,2608.0,2649.6405,0.981,35.68,35.0,21.41,FILLED_TP,0.6116,N/A,4.203794626907599e+18,8.999104036520788e+17,5.103705030559677e+18,2736477.1282,78106.7093,507693.6105,3244170.7388
696,BTCUSD,LONG,"[106520.50, 107390.50]",2025-05-29 01:30 IST,2025-05-29 01:30 IST,2025-05-29 04:30 IST,107173.0,106520.5,107816.038,0.6088,57.49,35.0,34.49,FILLED_TP,0.9855,N/A,5.103705030559677e+18,1.7603934044511293e+18,6.864098435010807e+18,3244170.7388,149199.2383,969795.0487,4213965.7874
697,BTCUSD,SHORT,"[108550.00, 109088.00]",2025-05-29 15:30 IST,2025-05-29 15:30 IST,2025-05-29 18:30 IST,108684.5,109088.0,108032.393,0.3713,94.27,35.0,56.56,FILLED_TP,1.6161,N/A,6.864098435010807e+18,3.8826377282673034e+18,1.074673616327811e+19,4213965.7874,317814.0622,2065791.4043,6279757.1917
698,BTCUSD,LONG,"[106897.00, 108068.00]",2025-05-29 18:30 IST,2025-05-29 18:30 IST,2025-05-29 18:30 IST,107775.25,106897.0,108421.9015,0.8149,42.95,35.0,25.77,FILLED_TP,0.7363,N/A,1.074673616327811e+19,2.769470618879376e+18,1.3516206782157486e+19,6279757.1917,215775.3172,1402539.562,7682296.7537
699,BTCUSD,LONG,"[106048.00, 106499.50]",2025-05-29 22:30 IST,2025-05-29 22:30 IST,2025-05-29 23:30 IST,106386.625,106048.0,107024.9447,0.3183,100.0,31.83,60.0,FILLED_SL,-1.0,CONSOLIDATION_REVERSAL,1.3516206782157486e+19,-4.302162533690752e+18,9.214044248466734e+18,7682296.7537,614583.7403,-3059832.6033,4622464.1504
700,XRPUSD,SHORT,"[2.28, 2.31]",2025-05-29 22:30 IST,2025-05-29 22:30 IST,2025-05-29 22:30 IST,2.2891,2.3087,2.2753,0.8584,40.77,35.0,24.46,FILLED_TP,0.6989,N/A,9.214044248466734e+18,2.2540436016590817e+18,1.1468087850125816e+19,4622464.1504,150773.2538,980026.1499,5602490.3003
701,SOLUSD,LONG,"[159.32, 163.30]",2025-05-30 17:30 IST,2025-05-30 17:30 IST,2025-05-30 17:30 IST,162.3067,159.318,163.2806,1.8414,19.01,35.0,11.4,FILLED_TP,0.3258,N/A,1.1468087850125816e+19,1.307848077659115e+18,1.2775935927784931e+19,5602490.3003,85189.5133,553731.8365,6156222.1368
702,BTCUSD,SHORT,"[104454.00, 104970.50]",2025-05-31 19:30 IST,2025-05-31 20:30 IST,2025-06-01 06:30 IST,104583.125,104970.5,103955.6263,0.3704,94.49,35.0,56.7,FILLED_TP,1.6199,N/A,1.2775935927784931e+19,7.243392936218903e+18,2.0019328864003834e+19,6156222.1368,465374.2389,3024932.5528,9181154.6896
703,XRPUSD,SHORT,"[2.18, 2.20]",2025-05-31 21:30 IST,2025-05-31 21:30 IST,2025-05-31 21:30 IST,2.1896,2.2048,2.1764,0.6953,50.34,35.0,30.2,FILLED_TP,0.8629,N/A,2.0019328864003834e+19,6.04604441343463e+18,2.6065373277438464e+19,9181154.6896,369707.1592,2403096.5346,11584251.2242
704,BTCUSD,SHORT,"[104559.00, 104868.00]",2025-06-01 09:30 IST,2025-06-01 19:30 IST,2025-06-01 21:30 IST,104636.25,104868.0,104008.4325,0.2215,100.0,22.15,60.0,FILLED_SL,-1.0,CONSOLIDATION_REVERSAL,2.6065373277438464e+19,-5.77299956472672e+18,2.0292373712711746e+19,11584251.2242,926740.0979,-3492438.1435,8091813.0807
705,ETHUSD,SHORT,"[2538.40, 2550.80]",2025-06-01 22:30 IST,2025-06-01 22:30 IST,2025-06-01 23:30 IST,2541.5,2550.8,2526.251,0.3659,95.65,35.0,57.39,FILLED_TP,1.6397,N/A,2.0292373712711746e+19,1.1645531436644878e+19,3.193790514935662e+19,8091813.0807,619171.6155,4024615.501,12116428.5817
706,SOLUSD,SHORT,"[156.78, 157.95]",2025-06-02 02:30 IST,2025-06-02 02:30 IST,2025-06-02 02:30 IST,157.0722,157.952,156.1298,0.5601,62.49,35.0,37.49,FILLED_TP,1.0713,N/A,3.193790514935662e+19,1.197473498880551e+19,4.391264013816213e+19,12116428.5817,605721.3024,3937188.4657,16053617.0474
707,ETHUSD,LONG,"[2467.60, 2501.40]",2025-06-02 08:30 IST,2025-06-02 08:30 IST,2025-06-02 08:30 IST,2492.95,2467.6,2507.9077,1.0169,34.42,35.0,20.65,FILLED_TP,0.59,N/A,4.391264013816213e+19,9.068687735231025e+18,5.298132787339315e+19,16053617.0474,442045.053,2873292.8444,18926909.8918
708,ETHUSD,LONG,"[2461.25, 2493.95]",2025-06-02 09:30 IST,2025-06-02 10:30 IST,2025-06-02 12:30 IST,2485.775,2461.25,2500.6896,0.9866,35.47,35.0,21.28,FILLED_TP,0.6081,N/A,5.298132787339315e+19,1.1277035132249547e+19,6.4258363005642695e+19,18926909.8918,537143.7734,3491434.527,22418344.4187
709,BTCUSD,SHORT,"[105104.00, 105960.00]",2025-06-02 11:30 IST,2025-06-02 12:30 IST,2025-06-02 14:30 IST,105318.0,105960.0,104686.092,0.6096,57.42,35.0,34.45,FILLED_TP,0.9843,N/A,6.4258363005642695e+19,2.213688594635418e+19,8.639524895199687e+19,22418344.4187,1029743.6998,6693334.049,29111678.4677
710,BTCUSD,LONG,"[103714.00, 104421.50]",2025-06-02 15:30 IST,2025-06-02 15:30 IST,2025-06-02 18:30 IST,104244.625,103714.0,104870.0927,0.509,68.76,35.0,41.26,FILLED_SL,-1.0,CONSOLIDATION_REVERSAL,8.639524895199687e+19,-3.0238337133198914e+19,5.615691181879796e+19,29111678.4677,1601368.3513,-11790455.815,17321222.6527
711,XRPUSD,SHORT,"[2.16, 2.18]",2025-06-02 21:30 IST,2025-06-02 22:30 IST,2025-06-03 01:30 IST,2.1655,2.1789,2.1525,0.62,56.46,35.0,33.87,FILLED_SL,-1.0,CONSOLIDATION_REVERSAL,5.615691181879796e+19,-1.9654919136579285e+19,3.6501992682218672e+19,17321222.6527,782303.8283,-6844731.7567,10476490.896
712,ETHUSD,LONG,"[2594.00, 2610.75]",2025-06-03 21:30 IST,2025-06-03 21:30 IST,2025-06-03 21:30 IST,2606.5625,2594.0,2622.2019,0.482,72.62,35.0,43.57,FILLED_TP,1.2449,N/A,3.6501992682218672e+19,1.590478990102016e+19,5.240678258323884e+19,10476490.896,608647.6358,3956209.6325,14432700.5285
713,ETHUSD,SHORT,"[2612.95, 2655.20]",2025-06-04 08:30 IST,2025-06-04 08:30 IST,2025-06-04 18:30 IST,2623.5125,2655.2,2607.7714,1.2078,28.98,35.0,17.39,FILLED_TP,0.4968,N/A,5.240678258323884e+19,9.111753319227129e+18,6.151853590246597e+19,14432700.5285,334580.6286,2174774.0859,16607474.6143
714,BTCUSD,LONG,"[104832.00, 105217.50]",2025-06-04 16:30 IST,2025-06-04 16:30 IST,2025-06-04 16:30 IST,105121.125,104832.0,105751.8518,0.275,100.0,27.5,60.0,FILLED_TP,2.1815,N/A,6.151853590246597e+19,3.691112154147958e+19,9.842965744394555e+19,16607474.6143,1328597.9691,8635886.7995,25243361.4138
715,SOLUSD,SHORT,"[156.38, 157.85]",2025-06-04 19:30 IST,2025-06-04 19:30 IST,2025-06-04 19:30 IST,156.7475,157.853,155.807,0.7053,49.63,35.0,29.78,FILLED_TP,0.8507,N/A,9.842965744394555e+19,2.930806488775125e+19,1.2773772233169679e+20,25243361.4138,1002183.1407,6514190.4149,31757551.8286
716,BTCUSD,LONG,"[103627.00, 104646.50]",2025-06-05 01:30 IST,2025-06-05 01:30 IST,2025-06-05 06:30 IST,104391.625,103627.0,105017.9747,0.7325,47.78,35.0,28.67,FILLED_TP,0.8192,N/A,1.2773772233169679e+20,3.6623144229929304e+19,1.6436086656162608e+20,31757551.8286,1214009.8527,7891064.0423,39648615.871
717,ETHUSD,LONG,"[2575.75, 2616.50]",2025-06-05 01:30 IST,2025-06-05 01:30 IST,2025-06-05 01:30 IST,2606.3125,2575.75,2621.9504,1.1726,29.85,35.0,17.91,FILLED_TP,0.5117,N/A,1.6436086656162608e+20,2.943440949411324e+19,1.937952760557393e+20,39648615.871,946724.6227,6153710.0478,45802325.9188
718,SOLUSD,LONG,"[151.59, 154.22]",2025-06-05 08:30 IST,2025-06-05 08:30 IST,2025-06-05 15:30 IST,153.562,151.588,154.4834,1.2855,27.23,35.0,16.34,FILLED_SL,-1.0,CONSOLIDATION_REVERSAL,1.937952760557393e+20,-6.782834661950875e+19,1.2596692943623055e+20,45802325.9188,997659.1167,-17028473.1883,28773852.7305
719,XRPUSD,SHORT,"[2.20, 2.21]",2025-06-05 14:30 IST,2025-06-05 14:30 IST,2025-06-05 17:30 IST,2.2031,2.2147,2.1899,0.5277,66.33,35.0,39.8,FILLED_SL,-1.0,CONSOLIDATION_REVERSAL,1.2596692943623055e+20,-4.408842530268069e+19,8.187850413354985e+19,28773852.7305,1526835.9199,-11597684.3756,17176168.3549
720,SOLUSD,SHORT,"[153.28, 154.54]",2025-06-05 17:30 IST,2025-06-05 17:30 IST,2025-06-05 17:30 IST,153.5945,154.541,152.6729,0.6162,56.8,35.0,34.08,FILLED_TP,0.9737,N/A,8.187850413354985e+19,2.7902572209820054e+19,1.0978107634336991e+20,17176168.3549,780439.7225,5072858.196,22249026.5509
721,BTCUSD,SHORT,"[104744.50, 105748.00]",2025-06-06 22:30 IST,2025-06-07 11:30 IST,2025-06-07 18:30 IST,104995.375,105748.0,104365.4027,0.7168,48.83,35.0,29.3,FILLED_SL,-1.0,CONSOLIDATION_REVERSAL,1.0978107634336991e+20,-3.842337672017946e+19,7.135769962319045e+19,22249026.5509,869081.6384,-8656240.9312,13592785.6197
722,XRPUSD,SHORT,"[2.18, 2.19]",2025-06-08 01:30 IST,2025-06-08 02:30 IST,2025-06-08 05:30 IST,2.1833,2.19,2.1702,0.3092,100.0,30.92,60.0,FILLED_TP,1.9407,N/A,7.135769962319045e+19,4.281461977391427e+19,1.1417231939710471e+20,13592785.6197,1087422.8496,7068248.5222,20661034.1419
723,BTCUSD,SHORT,"[105613.50, 105975.00]",2025-06-08 06:30 IST,2025-06-08 06:30 IST,2025-06-08 14:30 IST,105703.875,105975.0,105069.6518,0.2565,100.0,25.65,60.0,FILLED_TP,2.3392,N/A,1.1417231939710471e+20,6.8503391638262825e+19,1.8267571103536756e+20,20661034.1419,1652882.7314,10743737.7538,31404771.8957
724,XRPUSD,SHORT,"[2.19, 2.23]",2025-06-08 11:30 IST,2025-06-08 11:30 IST,2025-06-08 16:30 IST,2.2019,2.2257,2.1887,1.0797,32.42,35.0,19.45,FILLED_SL,-1.0,CONSOLIDATION_REVERSAL,1.8267571103536756e+20,-6.393649886237864e+19,1.187392121729889e+20,31404771.8957,814396.074,-11806066.2375,19598705.6582
725,BTCUSD,LONG,"[104940.00, 105435.50]",2025-06-09 09:30 IST,2025-06-09 10:30 IST,2025-06-09 14:30 IST,105311.625,104940.0,105943.4947,0.3529,99.18,35.0,59.51,FILLED_TP,1.7003,N/A,1.187392121729889e+20,7.0661824981716e+19,1.8940103715470492e+20,19598705.6582,1555094.6019,10108114.912,29706820.5702
726,BTCUSD,SHORT,"[109536.50, 110690.00]",2025-06-10 07:30 IST,2025-06-10 18:30 IST,2025-06-10 18:30 IST,109824.875,110690.0,109165.9257,0.7877,44.43,35.0,26.66,FILLED_TP,0.7617,N/A,1.8940103715470492e+20,5.0492108058153705e+19,2.3989314521285863e+20,29706820.5702,1055932.2637,6863559.7139,36570380.2842
727,ETHUSD,SHORT,"[2800.70, 2858.80]",2025-06-11 17:30 IST,2025-06-11 17:30 IST,2025-06-11 17:30 IST,2815.225,2858.8,2798.3337,1.5478,22.61,35.0,13.57,FILLED_TP,0.3876,N/A,2.3989314521285863e+20,3.254714119189714e+19,2.724402864047558e+20,36570380.2842,661550.8359,4300080.4333,40870460.7174
728,ETHUSD,LONG,"[2727.00, 2753.65]",2025-06-12 12:30 IST,2025-06-12 12:30 IST,2025-06-12 12:30 IST,2746.9875,2727.0,2763.4694,0.7276,48.1,35.0,28.86,FILLED_TP,0.8246,N/A,2.724402864047558e+20,7.863010024393156e+19,3.510703866486873e+20,40870460.7174,1572772.0084,10223018.0549,51093478.7723
729,SOLUSD,LONG,"[156.26, 158.66]",2025-06-12 17:30 IST,2025-06-12 17:30 IST,2025-06-12 17:30 IST,158.0602,156.261,159.0086,1.1383,30.75,35.0,18.45,FILLED_TP,0.5271,N/A,3.510703866486873e+20,6.476563761050722e+19,4.158360242591945e+20,51093478.7723,1256766.6794,8168983.416,59262462.1883
730,SOLUSD,SHORT,"[159.58, 161.23]",2025-06-12 19:30 IST,2025-06-12 19:30 IST,2025-06-12 19:30 IST,159.994,161.233,159.034,0.7744,45.2,35.0,27.12,FILLED_TP,0.7748,N/A,4.158360242591945e+20,1.1276486248360226e+20,5.286008867427968e+20,59262462.1883,2142743.1357,13927830.3819,73190292.5702
731,BTCUSD,SHORT,"[107596.50, 107962.00]",2025-06-12 21:30 IST,2025-06-12 21:30 IST,2025-06-12 21:30 IST,107687.875,107962.0,107041.7477,0.2546,100.0,25.46,60.0,FILLED_TP,2.3571,N/A,5.286008867427968e+20,3.1716053204567805e+20,8.457614187884748e+20,73190292.5702,5855223.4056,38058952.1365,111249244.7067
732,BTCUSD,LONG,"[106550.00, 107160.00]",2025-06-13 00:30 IST,2025-06-13 00:30 IST,2025-06-13 00:30 IST,107007.5,106550.0,107649.545,0.4275,81.86,35.0,49.12,FILLED_TP,1.4034,N/A,8.457614187884748e+20,4.154227574734781e+20,1.261184176261953e+21,111249244.7067,7285816.3821,47357806.4839,158607051.1906
733,BTCUSD,LONG,"[105275.00, 105671.50]",2025-06-13 04:30 IST,2025-06-13 05:30 IST,2025-06-13 05:30 IST,105572.375,105275.0,106205.8093,0.2817,100.0,28.17,60.0,FILLED_SL,-1.0,INSTANT_BLOWTHROUGH,1.261184176261953e+21,-3.552488465054407e+20,9.059353297565123e+20,158607051.1906,12688564.0952,-57364808.0916,101242243.0989
734,BTCUSD,LONG,"[104617.00, 105443.00]",2025-06-14 06:30 IST,2025-06-14 08:30 IST,2025-06-14 20:30 IST,105236.5,104617.0,105867.919,0.5887,59.46,35.0,35.67,FILLED_SL,-1.0,CONSOLIDATION_REVERSAL,9.059353297565123e+20,-3.170773654147793e+20,5.8885796434173297e+20,101242243.0989,4815538.6738,-40250323.7585,60991919.3405
735,SOLUSD,LONG,"[144.26, 146.61]",2025-06-14 07:30 IST,2025-06-14 12:30 IST,2025-06-14 20:30 IST,146.022,144.258,146.8981,1.208,28.97,35.0,17.38,FILLED_SL,-1.0,CONSOLIDATION_REVERSAL,5.8885796434173297e+20,-2.0610028751960654e+20,3.827576768221264e+20,60991919.3405,1413676.5152,-22760848.2844,38231071.0561
736,BTCUSD,LONG,"[104079.50, 104978.50]",2025-06-15 01:30 IST,2025-06-15 01:30 IST,2025-06-15 02:30 IST,104753.75,104079.5,105382.2725,0.6437,54.38,35.0,32.63,FILLED_TP,0.9322,N/A,3.827576768221264e+20,1.2487969473585796e+20,5.0763737155798434e+20,38231071.0561,1663118.2153,10810268.3998,49041339.4558
737,BTCUSD,SHORT,"[105274.00, 105811.50]",2025-06-16 04:30 IST,2025-06-16 04:30 IST,2025-06-16 06:30 IST,105408.375,105811.5,104775.9248,0.3824,91.52,35.0,54.91,FILLED_SL,-1.0,CONSOLIDATION_REVERSAL,5.0763737155798434e+20,-1.7767308004529452e+20,3.299642915126898e+20,49041339.4558,3590506.6963,-20754975.5059,28286363.95
738,ETHUSD,SHORT,"[2544.00, 2559.00]",2025-06-16 04:30 IST,2025-06-16 04:30 IST,2025-06-16 06:30 IST,2547.75,2559.0,2532.4635,0.4416,79.26,35.0,47.56,FILLED_SL,-1.0,DUAL_TOUCH_AMBIGUITY,3.299642915126898e+20,-1.1548750202944143e+20,2.144767894832484e+20,28286363.95,1793657.1956,-11693884.5781,16592479.3718
739,BTCUSD,SHORT,"[105653.50, 106185.00]",2025-06-16 06:30 IST,2025-06-16 06:30 IST,2025-06-16 06:30 IST,105786.375,106185.0,105151.6567,0.3768,92.88,35.0,55.73,FILLED_TP,1.5923,N/A,2.144767894832484e+20,1.1952666383254697e+20,3.340034533157954e+20,16592479.3718,1232918.9303,8013973.0471,24606452.419
740,ETHUSD,SHORT,"[2566.55, 2582.80]",2025-06-16 07:30 IST,2025-06-16 07:30 IST,2025-06-16 07:30 IST,2570.6125,2582.8,2555.1888,0.4741,73.82,35.0,44.29,FILLED_TP,1.2655,N/A,3.340034533157954e+20,1.4794225636817846e+20,4.819457096839738e+20,24606452.419,1453212.1573,9445879.0225,34052331.4415
741,SOLUSD,LONG,"[154.63, 156.71]",2025-06-17 02:30 IST,2025-06-17 03:30 IST,2025-06-17 03:30 IST,156.1916,154.6304,157.1287,0.9995,35.02,35.0,21.01,FILLED_SL,-1.0,DUAL_TOUCH_AMBIGUITY,4.819457096839738e+20,-1.6868099838939084e+20,3.13264711294583e+20,34052331.4415,953902.5601,-12872218.5646,21180112.8769
742,BTCUSD,LONG,"[106458.50, 107148.50]",2025-06-17 04:30 IST,2025-06-17 04:30 IST,2025-06-17 04:30 IST,106976.0,106458.5,107617.856,0.4838,72.35,35.0,43.41,FILLED_TP,1.2403,N/A,3.13264711294583e+20,1.3598993639892473e+20,4.492546476935077e+20,21180112.8769,1225920.4859,7968483.1581,29148596.035
743,SOLUSD,LONG,"[148.12, 150.74]",2025-06-17 04:30 IST,2025-06-17 05:30 IST,2025-06-17 05:30 IST,150.0853,148.118,150.9858,1.3108,26.7,35.0,16.02,FILLED_SL,-1.0,DUAL_TOUCH_AMBIGUITY,4.492546476935077e+20,-1.572391266927277e+20,2.9201552100078e+20,29148596.035,622664.537,-10824673.1493,18323922.8857
744,ETHUSD,LONG,"[2490.90, 2536.55]",2025-06-17 19:30 IST,2025-06-17 20:30 IST,2025-06-17 20:30 IST,2525.1375,2490.9,2540.2883,1.3559,25.81,35.0,15.49,FILLED_SL,-1.0,DUAL_TOUCH_AMBIGUITY,2.9201552100078e+20,-1.02205432350273e+20,1.8981008865050703e+20,18323922.8857,378407.2713,-6791780.2813,11532142.6044
745,XRPUSD,LONG,"[2.14, 2.16]",2025-06-18 02:30 IST,2025-06-18 02:30 IST,2025-06-18 02:30 IST,2.1572,2.1396,2.1702,0.817,42.84,35.0,25.7,FILLED_TP,0.7344,N/A,1.8981008865050703e+20,4.878708901146666e+19,2.385971776619737e+20,11532142.6044,395215.8509,2568903.0309,14101045.6353
746,BTCUSD,LONG,"[104154.50, 104690.50]",2025-06-18 14:30 IST,2025-06-18 14:30 IST,2025-06-18 15:30 IST,104556.5,104154.5,105183.839,0.3845,91.03,35.0,54.62,FILLED_SL,-1.0,CONSOLIDATION_REVERSAL,2.385971776619737e+20,-8.35090121816908e+19,1.550881654802829e+20,14101045.6353,1026914.6115,-5962280.5839,8138765.0514
747,SOLUSD,LONG,"[143.62, 146.00]",2025-06-19 06:30 IST,2025-06-19 06:30 IST,2025-06-19 06:30 IST,145.4062,143.625,146.2787,1.225,28.57,35.0,17.14,FILLED_TP,0.4898,N/A,1.550881654802829e+20,2.6586192830833123e+19,1.8167435831111605e+20,8138765.0514,186026.4677,1209172.0401,9347937.0916
748,SOLUSD,SHORT,"[147.12, 147.87]",2025-06-20 12:30 IST,2025-06-20 12:30 IST,2025-06-20 12:30 IST,147.306,147.87,146.4222,0.3829,91.41,35.0,54.85,FILLED_TP,1.5671,N/A,1.8167435831111605e+20,9.964471339235834e+19,2.8131907170347437e+20,9347937.0916,683620.6063,4443533.9408,13791471.0324
749,SOLUSD,LONG,"[138.62, 140.12]",2025-06-21 21:30 IST,2025-06-21 22:30 IST,2025-06-21 22:30 IST,139.7435,138.617,140.582,0.8061,43.42,35.0,26.05,FILLED_SL,-1.0,DUAL_TOUCH_AMBIGUITY,2.8131907170347437e+20,-9.846167509621603e+19,1.8285739660725833e+20,13791471.0324,479036.9827,-5306051.844,8485419.1883
750,BTCUSD,LONG,"[102928.00, 103304.50]",2025-06-21 22:30 IST,2025-06-21 22:30 IST,2025-06-21 23:30 IST,103210.375,102928.0,103829.6372,0.2736,100.0,27.36,60.0,FILLED_SL,-1.0,CONSOLIDATION_REVERSAL,1.8285739660725833e+20,-5.002826253365959e+19,1.3282913407359874e+20,8485419.1883,678833.5351,-3000373.6354,5485045.553
751,ETHUSD,LONG,"[2347.85, 2397.40]",2025-06-21 23:30 IST,2025-06-21 23:30 IST,2025-06-21 23:30 IST,2385.0125,2347.85,2399.3226,1.5582,22.46,35.0,13.48,FILLED_TP,0.3851,N/A,1.3282913407359874e+20,1.7901868947793883e+19,1.507310030213926e+20,5485045.553,98565.2908,640674.3899,6125719.9429
752,ETHUSD,LONG,"[2221.15, 2259.30]",2025-06-23 14:30 IST,2025-06-23 14:30 IST,2025-06-23 17:30 IST,2249.7625,2221.15,2263.2611,1.2718,27.52,35.0,16.51,FILLED_TP,0.4718,N/A,1.507310030213926e+20,2.488873087595696e+19,1.7561973389734956e+20,6125719.9429,134864.0001,876616.0008,7002335.9437
753,XRPUSD,SHORT,"[2.01, 2.03]",2025-06-23 17:30 IST,2025-06-23 17:30 IST,2025-06-23 17:30 IST,2.0164,2.0347,2.0043,0.9076,38.57,35.0,23.14,FILLED_TP,0.6611,N/A,1.7561973389734956e+20,4.063667901662806e+19,2.1625641291397762e+20,7002335.9437,216036.2216,1404235.4404,8406571.3841
754,BTCUSD,LONG,"[101077.50, 101661.50]",2025-06-23 19:30 IST,2025-06-23 19:30 IST,2025-06-23 19:30 IST,101515.5,101077.5,102124.593,0.4315,81.12,35.0,48.67,FILLED_TP,1.3906,N/A,2.1625641291397762e+20,1.0525592136724813e+20,3.215123342812257e+20,8406571.3841,545550.7837,3546080.094,11952651.4781
755,ETHUSD,LONG,"[2238.00, 2252.40]",2025-06-23 20:30 IST,2025-06-23 20:30 IST,2025-06-23 20:30 IST,2248.8,2238.0,2262.2928,0.4803,72.88,35.0,43.73,FILLED_TP,1.2493,N/A,3.215123342812257e+20,1.4058662670336829e+20,4.6209896098459406e+20,11952651.4781,696866.1426,4529629.927,16482281.4051
756,ETHUSD,SHORT,"[2270.95, 2314.00]",2025-06-23 22:30 IST,2025-06-23 22:30 IST,2025-06-23 22:30 IST,2281.7125,2314.0,2268.0222,1.4151,24.73,35.0,14.84,FILLED_TP,0.424,N/A,4.6209896098459406e+20,6.857736426117389e+19,5.306763252457679e+20,16482281.4051,326138.3416,2119899.2201,18602180.6252
757,BTCUSD,SHORT,"[105738.00, 106497.00]",2025-06-25 02:30 IST,2025-06-25 02:30 IST,2025-06-25 06:30 IST,105927.75,106497.0,105292.1835,0.5374,65.13,35.0,39.08,FILLED_SL,-1.0,CONSOLIDATION_REVERSAL,5.306763252457679e+20,-1.8573671383601876e+20,3.449396114097491e+20,18602180.6252,969233.9022,-7479997.121,11122183.5042
758,XRPUSD,LONG,"[2.16, 2.18]",2025-06-25 07:30 IST,2025-06-25 08:30 IST,2025-06-25 16:30 IST,2.1784,2.1646,2.1915,0.6335,55.25,35.0,33.15,FILLED_TP,0.9471,N/A,3.449396114097491e+20,1.1434598144489246e+20,4.592855928546416e+20,11122183.5042,491594.0632,3195361.4111,14317544.9152
759,ETHUSD,LONG,"[2396.45, 2420.15]",2025-06-25 14:30 IST,2025-06-25 14:30 IST,2025-06-25 14:30 IST,2414.225,2396.45,2428.7103,0.7363,47.54,35.0,28.52,FILLED_TP,0.8149,N/A,4.592855928546416e+20,1.3099968477411711e+20,5.902852776287587e+20,14317544.9152,544496.0318,3539224.2064,17856769.1216
760,SOLUSD,LONG,"[142.77, 143.87]",2025-06-25 20:30 IST,2025-06-25 20:30 IST,2025-06-25 20:30 IST,143.5938,142.768,144.4553,0.5751,60.86,35.0,36.52,FILLED_TP,1.0434,N/A,5.902852776287587e+20,2.1556001311227334e+20,8.05845290741032e+20,17856769.1216,869456.5226,5651467.3966,23508236.5182
761,XRPUSD,LONG,"[2.17, 2.18]",2025-06-25 20:30 IST,2025-06-25 20:30 IST,2025-06-25 20:30 IST,2.1789,2.1691,2.192,0.4509,77.62,35.0,46.57,FILLED_TP,1.3306,N/A,8.05845290741032e+20,3.753018366685521e+20,1.181147127409584e+21,23508236.5182,1459781.3325,9488578.6611,32996815.1793
762,ETHUSD,SHORT,"[2429.45, 2456.95]",2025-06-27 07:30 IST,2025-06-27 07:30 IST,2025-06-27 12:30 IST,2436.325,2456.95,2421.707,0.8466,41.34,35.0,24.81,FILLED_SL,-1.0,CONSOLIDATION_REVERSAL,1.181147127409584e+21,-4.134014945933544e+20,7.677456328162298e+20,32996815.1793,1091368.2622,-12640253.5749,20356561.6043
763,ETHUSD,LONG,"[2379.75, 2431.40]",2025-06-27 17:30 IST,2025-06-27 18:30 IST,2025-06-27 18:30 IST,2418.4875,2379.75,2432.9984,1.6017,21.85,35.0,13.11,FILLED_TP,0.3746,N/A,7.677456328162298e+20,1.0065814143674294e+20,8.684037742529728e+20,20356561.6043,355856.3443,2313066.2383,22669627.8426
764,XRPUSD,SHORT,"[2.19, 2.21]",2025-06-28 11:30 IST,2025-06-28 11:30 IST,2025-06-28 13:30 IST,2.1966,2.2125,2.1834,0.7238,48.35,35.0,29.01,FILLED_TP,0.8289,N/A,8.684037742529728e+20,2.51938681389976e+20,1.1203424556429488e+21,22669627.8426,876912.5324,5699931.4607,28369559.3033
765,SOLUSD,SHORT,"[145.64, 148.00]",2025-06-28 17:30 IST,2025-06-28 17:30 IST,2025-06-28 20:30 IST,146.2278,148.0,145.3504,1.212,28.88,35.0,17.33,FILLED_SL,-1.0,CONSOLIDATION_REVERSAL,1.1203424556429488e+21,-3.9211985947503205e+20,7.282225961679167e+20,28369559.3033,655413.5766,-10584759.3327,17784799.9705
766,BTCUSD,LONG,"[106777.00, 107097.00]",2025-06-28 18:30 IST,2025-06-30 19:30 IST,2025-06-30 19:30 IST,107017.0,106777.0,107659.102,0.2243,100.0,22.43,60.0,FILLED_SL,-1.0,INSTANT_BLOWTHROUGH,7.282225961679167e+20,-1.63313700702038e+20,5.649088954658787e+20,17784799.9705,1422783.9976,-5411264.3259,12373535.6446
767,XRPUSD,LONG,"[2.18, 2.19]",2025-06-28 23:30 IST,2025-06-28 23:30 IST,2025-06-29 01:30 IST,2.1887,2.1797,2.2018,0.4112,85.12,35.0,51.07,FILLED_SL,-1.0,CONSOLIDATION_REVERSAL,5.649088954658787e+20,-1.9771811341305754e+20,3.671907820528212e+20,12373535.6446,842549.7878,-5173287.2634,7200248.3812
768,ETHUSD,LONG,"[2418.80, 2431.70]",2025-06-29 01:30 IST,2025-06-29 01:30 IST,2025-06-29 13:30 IST,2428.475,2418.8,2443.0458,0.3984,87.85,35.0,52.71,FILLED_TP,1.506,N/A,3.671907820528212e+20,1.935502462362868e+20,5.60741028289108e+20,7200248.3812,506043.8752,3289285.1888,10489533.5699
769,SOLUSD,SHORT,"[150.69, 151.34]",2025-06-29 13:30 IST,2025-06-29 13:30 IST,2025-06-29 13:30 IST,150.8512,151.341,149.9461,0.3247,100.0,32.47,60.0,FILLED_TP,1.8481,N/A,5.60741028289108e+20,3.3644461697346476e+20,8.971856452625727e+20,10489533.5699,839162.6856,5454557.4564,15944091.0263
770,ETHUSD,LONG,"[2423.50, 2433.00]",2025-06-30 01:30 IST,2025-06-30 02:30 IST,2025-06-30 02:30 IST,2430.625,2423.5,2445.2088,0.2931,100.0,29.31,60.0,FILLED_SL,-1.0,INSTANT_BLOWTHROUGH,8.971856452625727e+20,-2.629960492669923e+20,6.341895959955804e+20,15944091.0263,1275527.2821,-5949290.144,9994800.8823
771,XRPUSD,LONG,"[2.18, 2.19]",2025-06-30 09:30 IST,2025-06-30 09:30 IST,2025-06-30 11:30 IST,2.1882,2.1779,2.2013,0.4696,74.54,35.0,44.72,FILLED_SL,-1.0,CONSOLIDATION_REVERSAL,6.341895959955804e+20,-2.2196635859845313e+20,4.1222323739712723e+20,9994800.8823,595980.9789,-4094161.2877,5900639.5946
772,SOLUSD,LONG,"[149.67, 150.92]",2025-06-30 11:30 IST,2025-06-30 11:30 IST,2025-06-30 13:30 IST,150.6082,149.67,151.5119,0.623,56.18,35.0,33.71,FILLED_SL,-1.0,CONSOLIDATION_REVERSAL,4.1222323739712723e+20,-1.4427813308899453e+20,2.679451043081327e+20,5900639.5946,265208.4209,-2330432.279,3570207.3156
773,SOLUSD,LONG,"[149.32, 149.95]",2025-06-30 13:30 IST,2025-06-30 13:30 IST,2025-06-30 13:30 IST,149.7922,149.319,150.691,0.3159,100.0,31.59,60.0,FILLED_TP,1.8991,N/A,2.679451043081327e+20,1.607670625848796e+20,4.287121668930123e+20,3570207.3156,285616.5852,1856507.8041,5426715.1197
774,SOLUSD,LONG,"[151.69, 153.13]",2025-07-03 17:30 IST,2025-07-03 17:30 IST,2025-07-03 17:30 IST,152.771,151.694,153.6876,0.705,49.65,35.0,29.79,FILLED_TP,0.8511,N/A,4.287121668930123e+20,1.2770571173785163e+20,5.564178786308639e+20,5426715.1197,215536.2254,1400985.4651,6827700.5848
775,ETHUSD,LONG,"[2555.75, 2580.45]",2025-07-03 20:30 IST,2025-07-03 20:30 IST,2025-07-03 20:30 IST,2574.275,2555.75,2589.7206,0.7196,48.64,35.0,29.18,FILLED_TP,0.8338,N/A,5.564178786308639e+20,1.623742257746958e+20,7.187921044055597e+20,6827700.5848,265661.8677,1726802.1398,8554502.7246
776,XRPUSD,LONG,"[2.22, 2.25]",2025-07-03 20:30 IST,2025-07-03 20:30 IST,2025-07-03 20:30 IST,2.2406,2.2242,2.2541,0.7331,47.75,35.0,28.65,FILLED_TP,0.8185,N/A,7.187921044055597e+20,2.059142449778267e+20,9.247063493833864e+20,8554502.7246,326750.7548,2123879.9059,10678382.6306
777,BTCUSD,LONG,"[108488.50, 108946.50]",2025-07-04 12:30 IST,2025-07-04 12:30 IST,2025-07-04 13:30 IST,108832.0,108488.5,109484.992,0.3156,100.0,31.56,60.0,FILLED_SL,-1.0,CONSOLIDATION_REVERSAL,9.247063493833864e+20,-2.9185959186010843e+20,6.32846757523278e+20,10678382.6306,854270.6104,-4224625.3164,6453757.3141
778,SOLUSD,LONG,"[147.07, 148.58]",2025-07-04 18:30 IST,2025-07-04 19:30 IST,2025-07-04 20:30 IST,148.2043,147.068,149.0935,0.7667,45.65,35.0,27.39,FILLED_SL,-1.0,CONSOLIDATION_REVERSAL,6.32846757523278e+20,-2.2149636513314728e+20,4.113503923901307e+20,6453757.3141,235698.8281,-2494513.8881,3959243.426
779,BTCUSD,LONG,"[107698.50, 108056.50]",2025-07-05 12:30 IST,2025-07-05 12:30 IST,2025-07-06 18:30 IST,107967.0,107698.5,108614.802,0.2487,100.0,24.87,60.0,FILLED_TP,2.4127,N/A,4.113503923901307e+20,2.4681023543407844e+20,6.581606278242092e+20,3959243.426,316739.4741,2058806.5815,6018050.0076
780,XRPUSD,LONG,"[2.21, 2.22]",2025-07-05 13:30 IST,2025-07-05 13:30 IST,2025-07-05 22:30 IST,2.2193,2.209,2.2327,0.4664,75.05,35.0,45.03,FILLED_SL,-1.0,CONSOLIDATION_REVERSAL,6.581606278242092e+20,-2.303562197384732e+20,4.278044080857359e+20,6018050.0076,361326.0483,-2467643.5509,3550406.4567
781,ETHUSD,SHORT,"[2516.85, 2525.30]",2025-07-06 03:30 IST,2025-07-06 03:30 IST,2025-07-06 11:30 IST,2518.9625,2525.3,2503.8487,0.2516,100.0,25.16,60.0,FILLED_SL,-1.0,CONSOLIDATION_REVERSAL,4.278044080857359e+20,-1.0763202851346103e+20,3.201723795722749e+20,3550406.4567,284032.5165,-1177285.2315,2373121.2252
782,SOLUSD,SHORT,"[147.75, 148.64]",2025-07-06 03:30 IST,2025-07-06 04:30 IST,2025-07-06 06:30 IST,147.9758,148.638,147.0879,0.4475,78.21,35.0,46.92,FILLED_TP,1.3407,N/A,3.201723795722749e+20,1.502352144849125e+20,4.7040759405718746e+20,2373121.2252,148472.6766,965072.3979,3338193.6231
783,XRPUSD,SHORT,"[2.22, 2.23]",2025-07-06 05:30 IST,2025-07-06 06:30 IST,2025-07-06 08:30 IST,2.221,2.2296,2.2077,0.385,90.92,35.0,54.55,FILLED_TP,1.5586,N/A,4.7040759405718746e+20,2.5661724587596363e+20,7.270248399331512e+20,3338193.6231,242807.3199,1578247.5793,4916441.2024
784,SOLUSD,SHORT,"[147.83, 148.46]",2025-07-06 16:30 IST,2025-07-06 17:30 IST,2025-07-06 17:30 IST,147.9868,148.46,147.0988,0.3198,100.0,31.98,60.0,FILLED_SL,-1.0,INSTANT_BLOWTHROUGH,7.270248399331512e+20,-2.32496831978788e+20,4.945280079543632e+20,4916441.2024,393315.2962,-1965554.567,2950886.6354
785,SOLUSD,SHORT,"[151.49, 153.87]",2025-07-06 19:30 IST,2025-07-06 21:30 IST,2025-07-06 21:30 IST,152.0853,153.871,151.1727,1.1742,29.81,35.0,17.88,FILLED_TP,0.511,N/A,4.945280079543632e+20,8.84456799751679e+19,5.829736879295311e+20,2950886.6354,70368.2894,457393.8814,3408280.5168
786,BTCUSD,LONG,"[108222.50, 108890.00]",2025-07-07 05:30 IST,2025-07-07 06:30 IST,2025-07-07 07:30 IST,108723.125,108222.5,109375.4637,0.4605,76.01,35.0,45.61,FILLED_TP,1.303,N/A,5.829736879295311e+20,2.658750849506e+20,8.48848772880131e+20,3408280.5168,207253.9214,1347150.4894,4755431.0062
787,ETHUSD,LONG,"[2523.45, 2547.25]",2025-07-07 19:30 IST,2025-07-07 19:30 IST,2025-07-07 19:30 IST,2541.3,2523.45,2556.5478,0.7024,49.83,35.0,29.9,FILLED_TP,0.8542,N/A,8.48848772880131e+20,2.537858101788509e+20,1.102634583058982e+21,4755431.0062,189568.2638,1232193.7146,5987624.7208
788,XRPUSD,LONG,"[2.25, 2.27]",2025-07-08 01:30 IST,2025-07-08 01:30 IST,2025-07-08 01:30 IST,2.2677,2.2543,2.2813,0.5887,59.45,35.0,35.67,FILLED_TP,1.0192,N/A,1.102634583058982e+21,3.9331966709923466e+20,1.4959542501582166e+21,5987624.7208,284778.6079,1851060.9514,7838685.6722
789,SOLUSD,SHORT,"[152.11, 153.57]",2025-07-08 23:30 IST,2025-07-08 23:30 IST,2025-07-09 00:30 IST,152.4745,153.571,151.5597,0.7191,48.67,35.0,29.2,FILLED_TP,0.8343,N/A,1.4959542501582166e+21,4.3684381236942674e+20,1.9327980625276434e+21,7838685.6722,305203.7483,1983824.3638,9822510.036
790,XRPUSD,SHORT,"[2.30, 2.33]",2025-07-09 03:30 IST,2025-07-09 04:30 IST,2025-07-09 05:30 IST,2.3113,2.3315,2.2974,0.8761,39.95,35.0,23.97,FILLED_TP,0.6848,N/A,1.9327980625276434e+21,4.6326306154250817e+20,2.396061124070152e+21,9822510.036,313908.0183,2040402.1187,11862912.1547
791,ETHUSD,SHORT,"[2599.10, 2626.80]",2025-07-09 09:30 IST,2025-07-09 10:30 IST,2025-07-09 10:30 IST,2606.025,2626.8,2590.3889,0.7972,43.9,35.0,26.34,FILLED_SL,-1.0,INSTANT_BLOWTHROUGH,2.396061124070152e+21,-8.386213934245531e+20,1.5574397306455987e+21,11862912.1547,416664.8752,-4568684.1293,7294228.0254
792,BTCUSD,LONG,"[108439.00, 108911.00]",2025-07-09 19:30 IST,2025-07-09 19:30 IST,2025-07-09 23:30 IST,108793.0,108439.0,109445.758,0.3254,100.0,32.54,60.0,FILLED_TP,1.8439,N/A,1.5574397306455987e+21,9.344638383873592e+20,2.491903569032958e+21,7294228.0254,583538.242,3792998.5732,11087226.5986
793,SOLUSD,SHORT,"[157.75, 159.14]",2025-07-10 21:30 IST,2025-07-10 21:30 IST,2025-07-10 21:30 IST,158.0987,159.142,157.1502,0.6599,53.04,35.0,31.82,FILLED_TP,0.9093,N/A,2.491903569032958e+21,7.930317399547216e+20,3.2849353089876796e+21,11087226.5986,470458.1515,3057977.9847,14145204.5832
794,ETHUSD,LONG,"[2914.40, 2958.05]",2025-07-11 20:30 IST,2025-07-11 20:30 IST,2025-07-11 20:30 IST,2947.1375,2914.4,2964.8203,1.1108,31.51,35.0,18.9,FILLED_TP,0.5401,N/A,3.2849353089876796e+21,6.210134454922462e+20,3.905948754479926e+21,14145204.5832,356551.4045,2317584.1291,16462788.7124
795,ETHUSD,SHORT,"[2960.55, 2979.35]",2025-07-13 12:30 IST,2025-07-13 16:30 IST,2025-07-13 17:30 IST,2965.25,2979.35,2947.4585,0.4755,73.61,35.0,44.16,FILLED_SL,-1.0,CONSOLIDATION_REVERSAL,3.905948754479926e+21,-1.367082064067974e+21,2.5388666904119523e+21,16462788.7124,969401.389,-6731377.4383,9731411.2741
796,SOLUSD,SHORT,"[162.70, 163.78]",2025-07-13 18:30 IST,2025-07-13 19:30 IST,2025-07-13 19:30 IST,162.9711,163.7845,161.9933,0.4991,70.13,35.0,42.08,FILLED_SL,-1.0,INSTANT_BLOWTHROUGH,2.5388666904119523e+21,-8.886033416441832e+20,1.650263348767769e+21,9731411.2741,545951.0461,-3951944.992,5779466.2821
797,XRPUSD,SHORT,"[2.85, 2.88]",2025-07-14 06:30 IST,2025-07-14 06:30 IST,2025-07-14 06:30 IST,2.8577,2.8826,2.8406,0.8713,40.17,35.0,24.1,FILLED_TP,0.6886,N/A,1.650263348767769e+21,3.977313614748913e+20,2.0479947102426602e+21,5779466.2821,185721.8724,1207192.1705,6986658.4526
798,BTCUSD,LONG,"[115207.50, 116063.00]",2025-07-15 19:30 IST,2025-07-15 19:30 IST,2025-07-15 19:30 IST,115849.125,115207.5,116544.2198,0.5538,63.19,35.0,37.92,FILLED_TP,1.0833,N/A,2.0479947102426602e+21,7.76532444794242e+20,2.8245271550369024e+21,6986658.4526,353214.9077,2295896.9001,9282555.3527
799,SOLUSD,SHORT,"[159.68, 162.00]",2025-07-15 20:30 IST,2025-07-15 20:30 IST,2025-07-15 20:30 IST,160.2608,162.0,159.2992,1.0853,32.25,35.0,19.35,FILLED_TP,0.5529,N/A,2.8245271550369024e+21,5.465503892765958e+20,3.3710775443134984e+21,9282555.3527,239491.8495,1556697.0215,10839252.3741
800,SOLUSD,SHORT,"[166.17, 168.53]",2025-07-16 16:30 IST,2025-07-16 16:30 IST,2025-07-16 20:30 IST,166.7635,168.535,165.7629,1.0623,32.95,35.0,19.77,FILLED_SL,-1.0,DUAL_TOUCH_AMBIGUITY,3.3710775443134984e+21,-1.1798771405097244e+21,2.1912004038037739e+21,10839252.3741,285704.5813,-4079442.9122,6759809.4619
801,BTCUSD,LONG,"[117917.50, 118251.50]",2025-07-19 17:30 IST,2025-07-19 17:30 IST,2025-07-19 19:30 IST,118168.0,117917.5,118877.008,0.212,100.0,21.2,60.0,FILLED_SL,-1.0,CONSOLIDATION_REVERSAL,2.1912004038037739e+21,-4.645045199655113e+20,1.7266958838382626e+21,6759809.4619,540784.757,-1973771.9195,4786037.5424
802,SOLUSD,SHORT,"[176.95, 177.89]",2025-07-19 20:30 IST,2025-07-19 20:30 IST,2025-07-19 20:30 IST,177.1848,177.886,176.1216,0.3958,88.43,35.0,53.06,FILLED_TP,1.516,N/A,1.7266958838382626e+21,9.16196470386062e+20,2.6428923542243246e+21,4786037.5424,338600.5024,2200903.2658,6986940.8082
803,SOLUSD,LONG,"[174.81, 177.91]",2025-07-20 07:30 IST,2025-07-20 07:30 IST,2025-07-20 08:30 IST,177.1333,174.815,178.196,1.3088,26.74,35.0,16.05,FILLED_TP,0.4584,N/A,2.6428923542243246e+21,4.2407101711126915e+20,3.0669633713355935e+21,6986940.8082,149480.6294,971624.0914,7958564.8996
804,BTCUSD,SHORT,"[118131.50, 118469.00]",2025-07-20 13:30 IST,2025-07-20 13:30 IST,2025-07-20 19:30 IST,118215.875,118469.0,117506.5798,0.2141,100.0,21.41,60.0,FILLED_SL,-1.0,CONSOLIDATION_REVERSAL,3.0669633713355935e+21,-6.567012284681072e+20,2.410262142867486e+21,7958564.8996,636685.192,-2340780.9745,5617783.9251
805,XRPUSD,SHORT,"[3.47, 3.55]",2025-07-20 13:30 IST,2025-07-20 13:30 IST,2025-07-20 13:30 IST,3.4869,3.5453,3.466,1.6756,20.89,35.0,12.53,FILLED_TP,0.3581,N/A,2.410262142867486e+21,3.0207948480553157e+20,2.7123416276730176e+21,5617783.9251,93877.328,610202.6322,6227986.5573
806,BTCUSD,SHORT,"[119138.50, 119532.00]",2025-07-21 11:30 IST,2025-07-21 11:30 IST,2025-07-21 11:30 IST,119236.875,119532.0,118521.4538,0.2475,100.0,24.75,60.0,FILLED_TP,2.4241,N/A,2.7123416276730176e+21,1.6274049766038105e+21,4.3397466042768283e+21,6227986.5573,498238.9246,3238553.0098,9466539.5671
807,ETHUSD,LONG,"[3701.00, 3754.00]",2025-07-21 23:30 IST,2025-07-21 23:30 IST,2025-07-21 23:30 IST,3740.75,3701.0,3763.1945,1.0626,32.94,35.0,19.76,FILLED_TP,0.5646,N/A,4.3397466042768283e+21,8.576403756199231e+20,5.197386979896752e+21,9466539.5671,249442.7222,1621377.6944,11087917.2615
808,XRPUSD,LONG,"[3.50, 3.55]",2025-07-22 00:30 IST,2025-07-22 00:30 IST,2025-07-22 00:30 IST,3.5376,3.5005,3.5589,1.0494,33.35,35.0,20.01,FILLED_TP,0.5717,N/A,5.197386979896752e+21,1.0400391337640563e+21,6.237426113660808e+21,11087917.2615,295837.5791,1922944.2642,13010861.5257
809,BTCUSD,LONG,"[116472.00, 117345.00]",2025-07-22 04:30 IST,2025-07-22 04:30 IST,2025-07-22 06:30 IST,117126.75,116472.0,117829.5105,0.559,62.61,35.0,37.57,FILLED_SL,-1.0,DUAL_TOUCH_AMBIGUITY,6.237426113660808e+21,-2.1830991397812828e+21,4.054326973879526e+21,13010861.5257,651695.4243,-5205496.9583,7805364.5674
810,SOLUSD,LONG,"[193.08, 195.62]",2025-07-22 09:30 IST,2025-07-22 09:30 IST,2025-07-22 09:30 IST,194.9855,193.082,196.1554,0.9762,35.85,35.0,21.51,FILLED_TP,0.6146,N/A,4.054326973879526e+21,8.721426012856864e+20,4.926469575165213e+21,7805364.5674,223872.4537,1455170.949,9260535.5164
811,XRPUSD,LONG,"[3.39, 3.42]",2025-07-22 09:30 IST,2025-07-23 17:30 IST,2025-07-23 17:30 IST,3.4151,3.3855,3.4356,0.8675,40.35,35.0,24.21,FILLED_SL,-1.0,DUAL_TOUCH_AMBIGUITY,4.926469575165213e+21,-1.7242643513078244e+21,3.202205223857388e+21,9260535.5164,298911.331,-3540098.7617,5720436.7547
812,SOLUSD,SHORT,"[202.51, 205.28]",2025-07-22 22:30 IST,2025-07-22 22:30 IST,2025-07-22 22:30 IST,203.203,205.282,201.9838,1.0231,34.21,35.0,20.53,FILLED_TP,0.5864,N/A,3.202205223857388e+21,6.572704122257477e+20,3.859475636083136e+21,5720436.7547,156553.5232,1017597.9009,6738034.6556
813,SOLUSD,LONG,"[198.45, 201.44]",2025-07-23 11:30 IST,2025-07-23 11:30 IST,2025-07-23 11:30 IST,200.6918,198.447,201.8959,1.1185,31.29,35.0,18.78,FILLED_TP,0.5364,N/A,3.859475636083136e+21,7.246180336004261e+20,4.584093669683562e+21,6738034.6556,168675.8127,1096392.7828,7834427.4384
814,BTCUSD,LONG,"[117286.50, 118097.00]",2025-07-24 09:30 IST,2025-07-24 09:30 IST,2025-07-24 12:30 IST,117894.375,117286.5,118601.7413,0.5156,67.88,35.0,40.73,FILLED_SL,-1.0,CONSOLIDATION_REVERSAL,4.584093669683562e+21,-1.6044327843892466e+21,2.9796608852943155e+21,7834427.4384,425445.658,-3167495.2615,4666932.1769
815,XRPUSD,LONG,"[3.06, 3.11]",2025-07-25 05:30 IST,2025-07-25 05:30 IST,2025-07-25 05:30 IST,3.0964,3.0558,3.115,1.3104,26.71,35.0,16.03,FILLED_TP,0.4579,N/A,2.9796608852943155e+21,4.775085568644899e+20,3.4571694421588055e+21,4666932.1769,99720.5223,648183.3951,5315115.5721
816,ETHUSD,SHORT,"[3719.55, 3754.45]",2025-07-25 14:30 IST,2025-07-25 14:30 IST,2025-07-25 14:30 IST,3728.275,3754.45,3705.9053,0.7021,49.85,35.0,29.91,FILLED_TP,0.8546,N/A,3.4571694421588055e+21,1.0340968345415848e+21,4.4912662767003904e+21,5315115.5721,211978.5865,1377860.8125,6692976.3846
817,XRPUSD,SHORT,"[3.13, 3.15]",2025-07-26 02:30 IST,2025-07-26 02:30 IST,2025-07-26 06:30 IST,3.1324,3.1526,3.1136,0.6441,54.34,35.0,32.61,FILLED_TP,0.9316,N/A,4.4912662767003904e+21,1.4643848827888814e+21,5.955651159489272e+21,6692976.3846,290967.4862,1891288.6604,8584265.045
818,ETHUSD,SHORT,"[3751.90, 3783.20]",2025-07-27 02:30 IST,2025-07-27 02:30 IST,2025-07-27 02:30 IST,3759.725,3783.2,3737.1666,0.6244,56.06,35.0,33.63,FILLED_TP,0.961,N/A,5.955651159489272e+21,2.0030833723869165e+21,7.958734531876188e+21,8584265.045,384956.475,2502217.0876,11086482.1326
819,BTCUSD,LONG,"[117812.50, 117955.00]",2025-07-27 13:30 IST,2025-07-27 14:30 IST,2025-07-27 21:30 IST,117919.375,117812.5,118626.8913,0.0906,100.0,9.06,60.0,FILLED_TP,6.62,N/A,7.958734531876188e+21,4.775240719125713e+21,1.2733975251001901e+22,11086482.1326,886918.5706,5764970.7089,16851452.8415
820,XRPUSD,LONG,"[3.16, 3.18]",2025-07-27 14:30 IST,2025-07-27 14:30 IST,2025-07-27 15:30 IST,3.1746,3.1553,3.1936,0.6072,57.64,35.0,34.59,FILLED_TP,0.9882,N/A,1.2733975251001901e+22,4.404275741278545e+21,1.7138250992280446e+22,16851452.8415,777117.3153,5051262.5497,21902715.3912
821,ETHUSD,LONG,"[3791.80, 3823.05]",2025-07-28 01:30 IST,2025-07-28 02:30 IST,2025-07-28 02:30 IST,3815.2375,3791.8,3838.1289,0.6143,56.97,35.0,34.18,FILLED_TP,0.9767,N/A,1.7138250992280446e+22,5.858630209166388e+21,2.2996881201446835e+22,21902715.3912,998311.9834,6489027.8923,28391743.2835
822,XRPUSD,LONG,"[3.16, 3.20]",2025-07-28 18:30 IST,2025-07-28 18:30 IST,2025-07-28 18:30 IST,3.1877,3.1608,3.2069,0.8446,41.44,35.0,24.86,FILLED_TP,0.7104,N/A,2.2996881201446835e+22,5.717594784347381e+21,2.8714475985794215e+22,28391743.2835,941185.499,6117705.7434,34509449.0269
823,BTCUSD,LONG,"[117836.50, 117991.00]",2025-07-28 19:30 IST,2025-07-28 19:30 IST,2025-07-28 19:30 IST,117952.375,117836.5,118660.0893,0.0982,100.0,9.82,60.0,FILLED_TP,6.1076,N/A,2.8714475985794215e+22,1.722868559147653e+22,4.5943161577270745e+22,34509449.0269,2760755.9222,17944913.494,52454362.5209
824,SOLUSD,LONG,"[185.90, 188.32]",2025-07-28 21:30 IST,2025-07-28 21:30 IST,2025-07-28 22:30 IST,187.7138,185.904,188.84,0.9641,36.3,35.0,21.78,FILLED_SL,-1.0,CONSOLIDATION_REVERSAL,4.5943161577270745e+22,-1.608010655204476e+22,2.9863055025225985e+22,52454362.5209,1523411.2037,-19882438.0861,32571924.4349
825,ETHUSD,LONG,"[3728.85, 3772.75]",2025-07-29 20:30 IST,2025-07-29 20:30 IST,2025-07-29 21:30 IST,3761.775,3728.85,3784.3457,0.8753,39.99,35.0,23.99,FILLED_SL,-1.0,CONSOLIDATION_REVERSAL,2.9863055025225985e+22,-1.0452069258829094e+22,1.941098576639689e+22,32571924.4349,1042001.8312,-12442175.3834,20129749.0515
826,ETHUSD,LONG,"[3706.55, 3755.80]",2025-07-29 21:30 IST,2025-07-29 21:30 IST,2025-07-29 21:30 IST,3743.4875,3706.55,3765.9484,0.9867,35.47,35.0,21.28,FILLED_TP,0.6081,N/A,1.941098576639689e+22,4.131195760847048e+21,2.354218152724394e+22,20129749.0515,571222.4679,3712946.0411,23842695.0926
827,BTCUSD,LONG,"[117055.50, 117853.00]",2025-07-30 16:30 IST,2025-07-30 16:30 IST,2025-07-30 19:30 IST,117653.625,117055.5,118359.5467,0.5084,68.85,35.0,41.31,FILLED_TP,1.1802,N/A,2.354218152724394e+22,9.724770397300562e+21,3.32669519245445e+22,23842695.0926,1313187.481,8535718.6265,32378413.7191
828,XRPUSD,SHORT,"[3.13, 3.15]",2025-07-30 19:30 IST,2025-07-30 19:30 IST,2025-07-30 19:30 IST,3.1337,3.149,3.1149,0.4882,71.69,35.0,43.01,FILLED_TP,1.2289,N/A,3.32669519245445e+22,1.4308637857286705e+22,4.757558978183121e+22,32378413.7191,1856861.8183,12069601.819,44448015.5381
829,BTCUSD,LONG,"[117305.00, 118163.50]",2025-07-30 20:30 IST,2025-07-30 20:30 IST,2025-07-30 20:30 IST,117948.875,117305.0,118656.5682,0.5459,64.12,35.0,38.47,FILLED_TP,1.0991,N/A,4.757558978183121e+22,1.8301880510471473e+22,6.587747029230268e+22,44448015.5381,2279830.961,14818901.2467,59266916.7848
830,ETHUSD,SHORT,"[3762.85, 3832.00]",2025-07-31 01:30 IST,2025-07-31 01:30 IST,2025-07-31 01:30 IST,3780.1375,3832.0,3757.4567,1.372,25.51,35.0,15.31,FILLED_TP,0.4373,N/A,6.587747029230268e+22,1.008347806796517e+22,7.596094836026785e+22,59266916.7848,1209551.921,7862087.4863,67129004.2712
831,SOLUSD,SHORT,"[177.66, 180.54]",2025-07-31 04:30 IST,2025-07-31 05:30 IST,2025-07-31 09:30 IST,178.376,180.539,177.3057,1.2126,28.86,35.0,17.32,FILLED_SL,-1.0,CONSOLIDATION_REVERSAL,7.596094836026785e+22,-2.6586331926093745e+22,4.93746164341741e+22,67129004.2712,1550058.6752,-25045210.1701,42083794.1011
832,BTCUSD,SHORT,"[117793.00, 118778.00]",2025-07-31 05:30 IST,2025-07-31 05:30 IST,2025-07-31 12:30 IST,118039.25,118778.0,117331.0145,0.6259,55.92,35.0,33.55,FILLED_SL,-1.0,CONSOLIDATION_REVERSAL,4.93746164341741e+22,-1.7281115751960935e+22,3.2093500682213167e+22,42083794.1011,1882789.9262,-16612117.8616,25471676.2395
833,SOLUSD,SHORT,"[180.32, 182.52]",2025-07-31 09:30 IST,2025-07-31 10:30 IST,2025-07-31 14:30 IST,180.8665,182.518,179.7813,0.9131,38.33,35.0,23.0,FILLED_SL,-1.0,CONSOLIDATION_REVERSAL,3.2093500682213167e+22,-1.1232725238774608e+22,2.0860775443438556e+22,25471676.2395,781079.2737,-9696165.9575,15775510.2819
834,SOLUSD,LONG,"[174.71, 176.60]",2025-07-31 19:30 IST,2025-07-31 19:30 IST,2025-07-31 19:30 IST,176.1275,174.713,177.1843,0.8031,43.58,35.0,26.15,FILLED_TP,0.7471,N/A,2.0860775443438556e+22,5.454738831049735e+21,2.6315514274488292e+22,15775510.2819,550003.7698,3575024.5038,19350534.7858
835,XRPUSD,LONG,"[3.06, 3.10]",2025-07-31 19:30 IST,2025-07-31 19:30 IST,2025-07-31 19:30 IST,3.0893,3.0616,3.1079,0.8982,38.96,35.0,23.38,FILLED_TP,0.668,N/A,2.6315514274488292e+22,6.152268520726904e+21,3.2467782795215195e+22,19350534.7858,603191.3838,3920743.9944,23271278.7802
836,ETHUSD,LONG,"[3741.30, 3774.40]",2025-07-31 23:30 IST,2025-07-31 23:30 IST,2025-08-01 00:30 IST,3766.125,3741.3,3788.7218,0.6592,53.1,35.0,31.86,FILLED_SL,-1.0,CONSOLIDATION_REVERSAL,3.2467782795215195e+22,-1.1363723978325317e+22,2.110405881688988e+22,23271278.7802,988516.1145,-9133463.6876,14137815.0926
837,BTCUSD,SHORT,"[113777.00, 114011.50]",2025-08-03 15:30 IST,2025-08-03 15:30 IST,2025-08-03 16:30 IST,113835.625,114011.5,113152.6113,0.1545,100.0,15.45,60.0,FILLED_SL,-1.0,CONSOLIDATION_REVERSAL,2.110405881688988e+22,-3.2605577949965205e+21,1.7843501021893359e+22,14137815.0926,1131025.2074,-3315304.7152,10822510.3774
838,ETHUSD,SHORT,"[3486.65, 3523.80]",2025-08-03 17:30 IST,2025-08-03 17:30 IST,2025-08-03 17:30 IST,3495.9375,3523.8,3474.9619,0.797,43.91,35.0,26.35,FILLED_TP,0.7528,N/A,1.7843501021893359e+22,4.7015703954355247e+21,2.2545071417328883e+22,10822510.3774,380215.3276,2471399.6292,13293910.0066
839,SOLUSD,SHORT,"[162.17, 165.06]",2025-08-04 07:30 IST,2025-08-04 07:30 IST,2025-08-04 10:30 IST,162.8957,165.064,161.9184,1.3311,26.29,35.0,15.78,FILLED_TP,0.4508,N/A,2.2545071417328883e+22,3.5568971596410174e+21,2.61019685769699e+22,13293910.0066,279647.6437,1817709.6841,15111619.6907
840,BTCUSD,LONG,"[114177.00, 114489.00]",2025-08-05 08:30 IST,2025-08-05 08:30 IST,2025-08-05 09:30 IST,114411.0,114177.0,115097.466,0.2045,100.0,20.45,60.0,FILLED_SL,-1.0,CONSOLIDATION_REVERSAL,2.61019685769699e+22,-5.338525707327929e+21,2.076344286964197e+22,15111619.6907,1208929.5753,-4299645.5096,10811974.1811
841,BTCUSD,LONG,"[113543.50, 114029.50]",2025-08-05 12:30 IST,2025-08-05 12:30 IST,2025-08-05 14:30 IST,113908.0,113543.5,114591.448,0.32,100.0,32.0,60.0,FILLED_TP,1.875,N/A,2.076344286964197e+22,1.245806572178518e+22,3.322150859142715e+22,10811974.1811,864957.9345,5622226.5742,16434200.7553
842,XRPUSD,SHORT,"[3.05, 3.11]",2025-08-05 14:30 IST,2025-08-05 15:30 IST,2025-08-05 17:30 IST,3.0666,3.1064,3.0482,1.2987,26.95,35.0,16.17,FILLED_TP,0.462,N/A,3.322150859142715e+22,5.372005528898666e+21,3.859351412032582e+22,16434200.7553,354327.1455,2303126.4459,18737327.2013
843,SOLUSD,LONG,"[165.59, 167.19]",2025-08-05 17:30 IST,2025-08-05 17:30 IST,2025-08-05 17:30 IST,166.7937,165.593,167.7945,0.7199,48.62,35.0,29.17,FILLED_TP,0.8334,N/A,3.859351412032582e+22,1.1257988412404669e+22,4.985150253273048e+22,18737327.2013,728773.9657,4737030.7769,23474357.9782
844,SOLUSD,LONG,"[161.20, 162.40]",2025-08-06 02:30 IST,2025-08-06 02:30 IST,2025-08-06 02:30 IST,162.1005,161.202,163.0731,0.5543,63.14,35.0,37.89,FILLED_TP,1.0825,N/A,4.985150253273048e+22,1.8887036528930666e+22,6.873853906166115e+22,23474357.9782,1185817.9703,7707816.807,31182174.7852
845,ETHUSD,LONG,"[3563.05, 3593.80]",2025-08-06 17:30 IST,2025-08-06 17:30 IST,2025-08-06 17:30 IST,3586.1125,3563.05,3607.6292,0.6431,54.42,35.0,32.65,FILLED_TP,0.933,N/A,6.873853906166115e+22,2.2445904899191274e+22,9.118444396085243e+22,31182174.7852,1357631.666,8824605.8289,40006780.6141
846,BTCUSD,LONG,"[115980.50, 116559.00]",2025-08-08 10:30 IST,2025-08-08 11:30 IST,2025-08-08 19:30 IST,116414.375,115980.5,117112.8613,0.3727,93.91,35.0,56.35,FILLED_TP,1.6099,N/A,9.118444396085243e+22,5.137857242798695e+22,1.4256301638883938e+23,40006780.6141,3005616.8737,19536509.6789,59543290.2929
847,XRPUSD,SHORT,"[3.27, 3.30]",2025-08-10 09:30 IST,2025-08-10 09:30 IST,2025-08-10 09:30 IST,3.2739,3.2972,3.2542,0.7125,49.13,35.0,29.48,FILLED_TP,0.8422,N/A,1.4256301638883938e+23,4.2021022083087375e+22,1.8458403847192677e+23,59543290.2929,2340083.2181,15210540.9177,74753831.2106
848,SOLUSD,LONG,"[178.84, 181.16]",2025-08-10 11:30 IST,2025-08-10 11:30 IST,2025-08-10 11:30 IST,180.5788,178.835,181.6622,0.9656,36.25,35.0,21.75,FILLED_TP,0.6213,N/A,1.8458403847192677e+23,4.014170917169658e+22,2.2472574764362334e+23,74753831.2106,2167573.8789,14089230.213,88843061.4236
849,ETHUSD,LONG,"[4153.65, 4198.05]",2025-08-10 12:30 IST,2025-08-10 12:30 IST,2025-08-10 12:30 IST,4186.95,4153.65,4212.0717,0.7953,44.01,35.0,26.4,FILLED_TP,0.7544,N/A,2.2472574764362334e+23,5.933701156464184e+22,2.8406275920826517e+23,88843061.4236,3127772.0026,20330518.0171,109173579.4407
850,XRPUSD,SHORT,"[3.25, 3.28]",2025-08-11 07:30 IST,2025-08-11 07:30 IST,2025-08-11 07:30 IST,3.2565,3.2779,3.237,0.6564,53.32,35.0,31.99,FILLED_TP,0.9141,N/A,2.8406275920826517e+23,9.088283983880551e+22,3.7494559904707065e+23,109173579.4407,4657189.1191,30271729.2741,139445308.7148
851,BTCUSD,LONG,"[118040.00, 118748.50]",2025-08-12 02:30 IST,2025-08-12 02:30 IST,2025-08-12 18:30 IST,118571.375,118040.0,119282.8032,0.4481,78.1,35.0,46.86,FILLED_TP,1.3388,N/A,3.7494559904707065e+23,1.7569778777951672e+23,5.506433868265874e+23,139445308.7148,8712457.6008,56630974.4055,196076283.1203
852,XRPUSD,SHORT,"[3.27, 3.32]",2025-08-13 15:30 IST,2025-08-13 15:30 IST,2025-08-13 18:30 IST,3.2828,3.3204,3.2631,1.1446,30.58,35.0,18.35,FILLED_SL,-1.0,DUAL_TOUCH_AMBIGUITY,5.506433868265874e+23,-1.9272518538930557e+23,3.579182014372818e+23,196076283.1203,4796581.6303,-73423280.7224,122653002.3979
853,XRPUSD,LONG,"[3.23, 3.27]",2025-08-14 11:30 IST,2025-08-14 11:30 IST,2025-08-14 13:30 IST,3.2581,3.226,3.2776,0.9852,35.52,35.0,21.31,FILLED_SL,-1.0,CONSOLIDATION_REVERSAL,3.579182014372818e+23,-1.2527137050304862e+23,2.326468309342332e+23,122653002.3979,3485744.8346,-46414295.6739,76238706.724
854,ETHUSD,LONG,"[4382.95, 4427.60]",2025-08-17 02:30 IST,2025-08-17 02:30 IST,2025-08-17 08:30 IST,4416.4375,4382.95,4442.9361,0.7582,46.16,35.0,27.7,FILLED_TP,0.7913,N/A,2.326468309342332e+23,6.44326209967186e+22,2.970794519309518e+23,76238706.724,2815288.5504,18299375.5776,94538082.3017
855,BTCUSD,LONG,"[117133.00, 117462.00]",2025-08-18 04:30 IST,2025-08-18 04:30 IST,2025-08-18 05:30 IST,117379.75,117133.0,118084.0285,0.2102,100.0,21.02,60.0,FILLED_SL,-1.0,CONSOLIDATION_REVERSAL,2.970794519309518e+23,-6.245059711233185e+22,2.3462885481861993e+23,94538082.3017,7563046.5841,-27436382.3238,67101699.9778
856,XRPUSD,LONG,"[2.90, 2.97]",2025-08-18 18:30 IST,2025-08-19 19:30 IST,2025-08-19 19:30 IST,2.9516,2.905,2.9694,1.5805,22.15,35.0,13.29,FILLED_TP,0.3796,N/A,2.3462885481861993e+23,3.1175535789566876e+22,2.658043906081868e+23,67101699.9778,1188788.9639,7727128.2655,74828828.2433
857,SOLUSD,SHORT,"[182.57, 185.82]",2025-08-19 16:30 IST,2025-08-19 18:30 IST,2025-08-19 18:30 IST,183.3795,185.82,182.2792,1.3308,26.3,35.0,15.78,FILLED_TP,0.4508,N/A,2.658043906081868e+23,4.194241348896618e+22,3.07746804097153e+23,74828828.2433,1574341.5163,10233219.8558,85062048.0991
858,BTCUSD,LONG,"[112640.00, 113203.50]",2025-08-20 05:30 IST,2025-08-20 05:30 IST,2025-08-20 06:30 IST,113062.625,112640.0,113741.0008,0.3738,93.63,35.0,56.18,FILLED_SL,-1.0,CONSOLIDATION_REVERSAL,3.07746804097153e+23,-1.0771138143400354e+23,2.0003542266314945e+23,85062048.0991,6371735.6164,-36143452.4511,48918595.6481
859,SOLUSD,SHORT,"[180.61, 183.41]",2025-08-20 07:30 IST,2025-08-20 08:30 IST,2025-08-20 08:30 IST,181.3073,183.411,180.2194,1.1603,30.16,35.0,18.1,FILLED_TP,0.5171,N/A,2.0003542266314945e+23,3.620322377176531e+22,2.3623864643491474e+23,48918595.6481,1180464.8339,7673021.4201,56591617.0681
860,XRPUSD,SHORT,"[2.86, 2.91]",2025-08-20 19:30 IST,2025-08-20 19:30 IST,2025-08-20 19:30 IST,2.875,2.913,2.8577,1.3226,26.46,35.0,15.88,FILLED_TP,0.4536,N/A,2.3623864643491474e+23,3.750896582043049e+22,2.7374761225534524e+23,56591617.0681,1198050.1144,7787325.7433,64378942.8115
861,ETHUSD,SHORT,"[4263.50, 4340.00]",2025-08-20 21:30 IST,2025-08-20 21:30 IST,2025-08-20 21:30 IST,4282.625,4340.0,4256.9293,1.3397,26.12,35.0,15.67,FILLED_TP,0.4479,N/A,2.7374761225534524e+23,4.290984876102136e+22,3.166574610163666e+23,64378942.8115,1345517.0996,8745861.1473,73124803.9587
862,ETHUSD,SHORT,"[4338.45, 4386.95]",2025-08-20 22:30 IST,2025-08-20 22:30 IST,2025-08-20 22:30 IST,4350.575,4386.95,4324.4716,0.8361,41.86,35.0,25.12,FILLED_TP,0.7176,N/A,3.166574610163666e+23,7.95339730658058e+22,3.961914340821724e+23,73124803.9587,2448873.7956,15917679.6714,89042483.6302
863,BTCUSD,LONG,"[112547.00, 113623.00]",2025-08-20 23:30 IST,2025-08-20 23:30 IST,2025-08-20 23:30 IST,113354.0,112547.0,114034.124,0.7119,49.16,35.0,29.5,FILLED_TP,0.8428,N/A,3.961914340821724e+23,1.1686586867384906e+23,5.1305730275602145e+23,89042483.6302,3502019.917,22763129.4606,111805613.0908
864,XRPUSD,SHORT,"[2.98, 3.04]",2025-08-21 00:30 IST,2025-08-22 19:30 IST,2025-08-22 19:30 IST,2.9972,3.037,2.9792,1.3288,26.34,35.0,15.8,FILLED_SL,-1.0,DUAL_TOUCH_AMBIGUITY,5.1305730275602145e+23,-1.795700559646075e+23,3.3348724679141396e+23,111805613.0908,2356014.4823,-41487979.064,70317634.0267
865,BTCUSD,SHORT,"[114833.00, 115852.50]",2025-08-22 19:30 IST,2025-08-22 19:30 IST,2025-08-22 19:30 IST,115087.875,115852.5,114397.3478,0.6644,52.68,35.0,31.61,FILLED_TP,0.9031,N/A,3.3348724679141396e+23,1.0540946346631516e+23,4.3889671025772914e+23,70317634.0267,2963489.2673,19262680.2378,89580314.2645
866,SOLUSD,SHORT,"[192.84, 195.79]",2025-08-22 20:30 IST,2025-08-22 20:30 IST,2025-08-22 20:30 IST,193.5793,195.791,192.4178,1.1426,30.63,35.0,18.38,FILLED_TP,0.5251,N/A,4.3889671025772914e+23,8.066857538068646e+22,5.195652856384156e+23,89580314.2645,2195297.4857,14269433.6571,103849747.9216
867,XRPUSD,SHORT,"[3.07, 3.10]",2025-08-22 23:30 IST,2025-08-22 23:30 IST,2025-08-22 23:30 IST,3.0749,3.0951,3.0565,0.6561,53.34,35.0,32.01,FILLED_TP,0.9145,N/A,5.195652856384156e+23,1.6629546470768633e+23,6.85860750346102e+23,103849747.9216,4431843.971,28806985.8118,132656733.7334
868,ETHUSD,LONG,"[4720.40, 4768.70]",2025-08-24 11:30 IST,2025-08-24 11:30 IST,2025-08-24 11:30 IST,4756.625,4720.4,4785.1647,0.7616,45.96,35.0,27.57,FILLED_TP,0.7878,N/A,6.85860750346102e+23,1.8912361690521706e+23,8.74984367251319e+23,132656733.7334,4877281.8249,31702331.8618,164359065.5952
869,XRPUSD,SHORT,"[3.05, 3.09]",2025-08-24 22:30 IST,2025-08-24 22:30 IST,2025-08-24 22:30 IST,3.0572,3.0889,3.0389,1.0352,33.81,35.0,20.29,FILLED_TP,0.5796,N/A,8.74984367251319e+23,1.7749120092372914e+23,1.0524755681750481e+24,164359065.5952,4445380.4399,28894972.8591,193254038.4543
870,XRPUSD,SHORT,"[3.03, 3.06]",2025-08-25 07:30 IST,2025-08-25 07:30 IST,2025-08-25 07:30 IST,3.0376,3.0649,3.0194,0.8987,38.94,35.0,23.37,FILLED_TP,0.6676,N/A,1.0524755681750481e+24,2.4592306045296465e+23,1.298398628628013e+24,193254038.4543,6020804.7919,39135231.1472,232389269.6015
871,SOLUSD,LONG,"[201.19, 205.50]",2025-08-25 10:30 IST,2025-08-25 10:30 IST,2025-08-25 10:30 IST,204.4253,201.189,205.6518,1.5831,22.11,35.0,13.27,FILLED_TP,0.379,N/A,1.298398628628013e+24,1.7223436846336627e+23,1.4706329970913791e+24,232389269.6015,4110234.2742,26716522.7825,259105792.384
872,SOLUSD,LONG,"[200.69, 202.59]",2025-08-25 11:30 IST,2025-08-25 11:30 IST,2025-08-25 11:30 IST,202.1172,200.69,203.33,0.7061,49.56,35.0,29.74,FILLED_TP,0.8497,N/A,1.4706329970913791e+24,4.37347783482836e+23,1.9079807805742152e+24,259105792.384,10273974.4687,66780834.0463,325886626.4303
873,XRPUSD,SHORT,"[2.95, 2.97]",2025-08-26 21:30 IST,2025-08-26 21:30 IST,2025-08-26 21:30 IST,2.9533,2.9735,2.9356,0.6831,51.23,35.0,30.74,FILLED_TP,0.8783,N/A,1.9079807805742152e+24,5.865310241119004e+23,2.494511804686116e+24,325886626.4303,13357410.3534,86823167.2974,412709793.7277
874,SOLUSD,SHORT,"[196.84, 199.45]",2025-08-27 00:30 IST,2025-08-27 00:30 IST,2025-08-27 00:30 IST,197.4905,199.451,196.3056,0.9927,35.26,35.0,21.15,FILLED_TP,0.6044,N/A,2.494511804686116e+24,5.2769650879013767e+23,3.0222083134762534e+24,412709793.7277,11640782.3438,75665085.2349,488374878.9626
875,ETHUSD,SHORT,"[4618.15, 4683.80]",2025-08-27 09:30 IST,2025-08-27 09:30 IST,2025-08-27 09:30 IST,4634.5625,4683.8,4606.7551,1.0624,32.94,35.0,19.77,FILLED_TP,0.5648,N/A,3.0222083134762534e+24,5.973879251654328e+23,3.619596238641686e+24,488374878.9626,12871349.9263,83663774.5208,572038653.4834
876,BTCUSD,SHORT,"[111986.00, 112909.50]",2025-08-27 21:30 IST,2025-08-27 22:30 IST,2025-08-28 00:30 IST,112216.875,112909.5,111543.5737,0.6172,56.71,35.0,34.02,FILLED_TP,0.9721,N/A,3.619596238641686e+24,1.2315142179252277e+24,4.851110456566914e+24,572038653.4834,25950361.6249,168677350.5621,740716004.0455
877,ETHUSD,LONG,"[4554.10, 4596.35]",2025-08-27 23:30 IST,2025-08-28 00:30 IST,2025-08-28 00:30 IST,4585.7875,4554.1,4613.3022,0.691,50.65,35.0,30.39,FILLED_SL,-1.0,INSTANT_BLOWTHROUGH,4.851110456566914e+24,-1.69788865979842e+24,3.153221796768494e+24,740716004.0455,30014817.637,-289265419.0529,451450584.9926
878,ETHUSD,SHORT,"[4581.85, 4663.45]",2025-08-28 11:30 IST,2025-08-28 13:30 IST,2025-08-28 17:30 IST,4602.25,4663.45,4574.6365,1.3298,26.32,35.0,15.79,FILLED_TP,0.4512,N/A,3.153221796768494e+24,4.9795786813355344e+23,3.6511796649020475e+24,451450584.9926,9505764.1722,61787467.1193,513238052.1119
879,BTCUSD,SHORT,"[112866.50, 113633.00]",2025-08-28 16:30 IST,2025-08-28 16:30 IST,2025-08-28 20:30 IST,113058.125,113633.0,112379.7762,0.5085,68.83,35.0,41.3,FILLED_TP,1.18,N/A,3.6511796649020475e+24,1.5079288655779135e+24,5.159108530479961e+24,513238052.1119,28262152.4994,183703991.2464,696942043.3583
880,BTCUSD,LONG,"[110822.00, 111504.50]",2025-08-29 07:30 IST,2025-08-29 07:30 IST,2025-08-29 12:30 IST,111333.875,110822.0,112001.8782,0.4598,76.13,35.0,45.68,FILLED_SL,-1.0,CONSOLIDATION_REVERSAL,5.159108530479961e+24,-1.8056879856679863e+24,3.353420544811975e+24,696942043.3583,42444175.5009,-286373890.6763,410568152.682
881,SOLUSD,LONG,"[207.27, 210.59]",2025-08-29 12:30 IST,2025-08-29 12:30 IST,2025-08-29 12:30 IST,209.7627,207.272,211.0213,1.1874,29.48,35.0,17.69,FILLED_TP,0.5053,N/A,3.353420544811975e+24,5.9306943784448336e+23,3.9464899826564584e+24,410568152.682,9681474.7909,62929586.1406,473497738.8226
882,BTCUSD,LONG,"[108165.50, 108575.00]",2025-08-31 02:30 IST,2025-08-31 02:30 IST,2025-08-31 05:30 IST,108472.625,108165.5,109123.4607,0.2831,100.0,28.31,60.0,FILLED_TP,2.1191,N/A,3.9464899826564584e+24,2.367893989593875e+24,6.314383972250334e+24,473497738.8226,37879819.1058,246218824.1878,719716563.0104
883,ETHUSD,SHORT,"[4465.80, 4503.90]",2025-08-31 05:30 IST,2025-08-31 08:30 IST,2025-08-31 08:30 IST,4475.325,4503.9,4448.473,0.6385,54.82,35.0,32.89,FILLED_TP,0.9397,N/A,6.314383972250334e+24,2.076771056737846e+24,8.39115502898818e+24,719716563.0104,31561516.9785,205149860.3599,924866423.3703
884,SOLUSD,SHORT,"[204.34, 206.99]",2025-08-31 05:30 IST,2025-08-31 05:30 IST,2025-08-31 05:30 IST,205.0012,206.985,203.7712,0.9677,36.17,35.0,21.7,FILLED_TP,0.62,N/A,8.39115502898818e+24,1.8210027809760986e+24,1.0212157809964278e+25,924866423.3703,26761263.468,173948212.5422,1098814635.9125
885,BTCUSD,SHORT,"[109096.00, 109451.50]",2025-08-31 23:30 IST,2025-08-31 23:30 IST,2025-09-01 04:30 IST,109184.875,109451.5,108529.7658,0.2442,100.0,24.42,60.0,FILLED_TP,2.457,N/A,1.0212157809964278e+25,6.127294685978567e+24,1.6339452495942844e+25,1098814635.9125,87905170.873,571383610.6745,1670198246.587
886,ETHUSD,SHORT,"[4456.10, 4489.90]",2025-09-01 12:30 IST,2025-09-01 13:30 IST,2025-09-01 13:30 IST,4464.55,4489.9,4437.7627,0.5678,61.64,35.0,36.98,FILLED_SL,-1.0,INSTANT_BLOWTHROUGH,1.6339452495942844e+25,-5.718808373579995e+24,1.062064412236285e+25,1670198246.587,82361791.0416,-666931177.347,1003267069.24
887,BTCUSD,SHORT,"[108898.50, 109491.00]",2025-09-02 04:30 IST,2025-09-02 04:30 IST,2025-09-02 04:30 IST,109046.625,109491.0,108392.3452,0.4075,85.89,35.0,51.53,FILLED_TP,1.4724,N/A,1.062064412236285e+25,5.473092170861292e+24,1.6093736293224142e+25,1003267069.24,68934590.3905,448074837.5385,1451341906.7784
888,SOLUSD,SHORT,"[202.36, 204.49]",2025-09-02 09:30 IST,2025-09-02 09:30 IST,2025-09-02 09:30 IST,202.8928,204.491,201.6754,0.7877,44.43,35.0,26.66,FILLED_TP,0.7617,N/A,1.6093736293224142e+25,4.290402046015817e+24,2.038413833923996e+25,1451341906.7784,51588105.8557,335322688.0619,1786664594.8403
889,XRPUSD,LONG,"[2.76, 2.80]",2025-09-02 20:30 IST,2025-09-02 20:30 IST,2025-09-02 20:30 IST,2.7915,2.7611,2.8082,1.0881,32.17,35.0,19.3,FILLED_TP,0.5514,N/A,2.038413833923996e+25,3.9339524740119075e+24,2.4318090813251866e+25,1786664594.8403,45974659.2252,298835284.9641,2085499879.8044
890,XRPUSD,SHORT,"[2.84, 2.87]",2025-09-03 08:30 IST,2025-09-03 08:30 IST,2025-09-03 10:30 IST,2.8434,2.8675,2.8263,0.8494,41.21,35.0,24.72,FILLED_TP,0.7064,N/A,2.4318090813251866e+25,6.012595088161683e+24,3.033068590141355e+25,2085499879.8044,68751374.8782,446883936.7081,2532383816.5124
891,ETHUSD,SHORT,"[4461.85, 4490.90]",2025-09-04 01:30 IST,2025-09-04 01:30 IST,2025-09-04 02:30 IST,4469.1125,4490.9,4442.2978,0.4875,71.79,35.0,43.08,FILLED_TP,1.2307,N/A,3.033068590141355e+25,1.3065180481502116e+25,4.339586638291567e+25,2532383816.5124,145445888.1179,945398272.7663,3477782089.2787
892,SOLUSD,LONG,"[207.92, 209.37]",2025-09-04 02:30 IST,2025-09-04 02:30 IST,2025-09-04 04:30 IST,209.01,207.921,210.2641,0.521,67.17,35.0,40.3,FILLED_TP,1.1516,N/A,4.339586638291567e+25,1.7490686013457989e+25,6.088655239637365e+25,3477782089.2787,186895817.8645,1214822816.1193,4692604905.398
893,BTCUSD,LONG,"[110499.00, 111077.00]",2025-09-04 09:30 IST,2025-09-04 09:30 IST,2025-09-04 11:30 IST,110932.5,110499.0,111598.095,0.3908,89.56,35.0,53.74,FILLED_SL,-1.0,CONSOLIDATION_REVERSAL,6.088655239637365e+25,-2.1310293338730776e+25,3.957625905764288e+25,4692604905.398,336234072.0347,-1978645788.924,2713959116.474
894,XRPUSD,LONG,"[2.81, 2.82]",2025-09-04 11:30 IST,2025-09-04 11:30 IST,2025-09-04 13:30 IST,2.8175,2.8093,2.8345,0.2928,100.0,29.28,60.0,FILLED_TP,2.0491,N/A,3.957625905764288e+25,2.374575543458573e+25,6.332201449222861e+25,2713959116.474,217116729.3179,1411258740.5665,4125217857.0404
895,XRPUSD,LONG,"[2.78, 2.80]",2025-09-04 23:30 IST,2025-09-04 23:30 IST,2025-09-04 23:30 IST,2.7984,2.7806,2.8152,0.6379,54.87,35.0,32.92,FILLED_TP,0.9407,N/A,6.332201449222861e+25,2.084746958303296e+25,8.416948407526157e+25,4125217857.0404,181085739.7966,1177057308.6781,5302275165.7185
896,SOLUSD,SHORT,"[207.46, 208.73]",2025-09-05 12:30 IST,2025-09-05 12:30 IST,2025-09-05 12:30 IST,207.778,208.732,206.5313,0.4591,76.23,35.0,45.74,FILLED_TP,1.3068,N/A,8.416948407526157e+25,3.8496845734380675e+25,1.2266632980964223e+26,5302275165.7185,323348968.7916,2101768297.1452,7404043462.8637
897,XRPUSD,SHORT,"[2.82, 2.85]",2025-09-05 16:30 IST,2025-09-05 16:30 IST,2025-09-05 17:30 IST,2.8308,2.8548,2.8138,0.8478,41.28,35.0,24.77,FILLED_SL,-1.0,CONSOLIDATION_REVERSAL,1.2266632980964223e+26,-4.293321543337477e+25,7.973311437626747e+25,7404043462.8637,244525939.4045,-2835941151.4068,4568102311.4568
898,SOLUSD,SHORT,"[209.02, 212.99]",2025-09-05 18:30 IST,2025-09-08 14:30 IST,2025-09-08 14:30 IST,210.014,212.993,208.7539,1.4185,24.67,35.0,14.8,FILLED_TP,0.423,N/A,7.973311437626747e+25,1.1804178446960876e+25,9.153729282322834e+25,4568102311.4568,90171978.1385,586117857.9005,5154220169.3574
899,BTCUSD,LONG,"[110405.00, 110905.00]",2025-09-05 19:30 IST,2025-09-05 19:30 IST,2025-09-05 19:30 IST,110780.0,110405.0,111444.68,0.3385,100.0,33.85,60.0,FILLED_TP,1.7725,N/A,9.153729282322834e+25,5.492237569393701e+25,1.4645966851716534e+26,5154220169.3574,412337613.5486,2680194488.0658,7834414657.4232
900,ETHUSD,LONG,"[4206.85, 4277.00]",2025-09-05 19:30 IST,2025-09-05 20:30 IST,2025-09-05 20:30 IST,4259.4625,4206.85,4285.0193,1.2352,28.34,35.0,17.0,FILLED_TP,0.4858,N/A,1.4645966851716534e+26,2.490022101598936e+25,1.713598895331547e+26,7834414657.4232,177594881.9001,1154366732.3506,8988781389.7738
901,ETHUSD,SHORT,"[4301.50, 4327.90]",2025-09-06 11:30 IST,2025-09-06 12:30 IST,2025-09-06 20:30 IST,4308.1,4327.9,4282.2514,0.4596,76.15,35.0,45.69,FILLED_TP,1.3055,N/A,1.713598895331547e+26,7.829770879825269e+25,2.496575983314074e+26,8988781389.7738,547620169.1657,3559531099.5768,12548312489.3506
902,XRPUSD,SHORT,"[2.82, 2.83]",2025-09-07 11:30 IST,2025-09-07 11:30 IST,2025-09-07 12:30 IST,2.8209,2.8279,2.804,0.2473,100.0,24.73,60.0,FILLED_SL,-1.0,CONSOLIDATION_REVERSAL,2.496575983314074e+26,-6.173016823778054e+25,1.8792743009362685e+26,12548312489.3506,1003864999.148,-4106552224.5519,8441760264.7987
903,BTCUSD,SHORT,"[111021.00, 111571.00]",2025-09-08 07:30 IST,2025-09-08 07:30 IST,2025-09-08 12:30 IST,111158.5,111571.0,110491.549,0.3711,94.32,35.0,56.59,FILLED_SL,-1.0,CONSOLIDATION_REVERSAL,1.8792743009362685e+26,-6.577460053276939e+25,1.2215282956085745e+26,8441760264.7987,636956495.3951,-3591572588.0747,4850187676.724
904,ETHUSD,LONG,"[4285.70, 4311.05]",2025-09-08 22:30 IST,2025-09-08 22:30 IST,2025-09-08 22:30 IST,4304.7125,4285.7,4330.5408,0.4417,79.25,35.0,47.55,FILLED_TP,1.3585,N/A,1.2215282956085745e+26,5.808015284018907e+25,1.802329824010465e+26,4850187676.724,307483276.0245,1998641294.1591,6848828970.8831
905,BTCUSD,LONG,"[110577.50, 111356.50]",2025-09-09 06:30 IST,2025-09-09 07:30 IST,2025-09-09 09:30 IST,111161.75,110577.5,111828.7205,0.5256,66.59,35.0,39.96,FILLED_TP,1.1416,N/A,1.802329824010465e+26,7.201288632602656e+25,2.5224586872707307e+26,6848828970.8831,364863992.9467,2371615954.1539,9220444925.037
906,BTCUSD,SHORT,"[112537.50, 113440.50]",2025-09-09 17:30 IST,2025-09-09 17:30 IST,2025-09-09 19:30 IST,112763.25,113440.5,112086.6705,0.6006,58.28,35.0,34.97,FILLED_TP,0.999,N/A,2.5224586872707307e+26,8.819864792787014e+25,3.404445166549432e+26,9220444925.037,429861430.9843,2794099301.3977,12014544226.4346
907,XRPUSD,SHORT,"[3.01, 3.04]",2025-09-09 18:30 IST,2025-09-09 18:30 IST,2025-09-09 18:30 IST,3.0165,3.0443,2.9985,0.9199,38.05,35.0,22.83,FILLED_TP,0.6522,N/A,3.404445166549432e+26,7.771649023792692e+25,4.181610068928701e+26,12014544226.4346,365689821.555,2376983840.1073,14391528066.5419
908,SOLUSD,LONG,"[210.86, 213.49]",2025-09-09 20:30 IST,2025-09-09 20:30 IST,2025-09-09 20:30 IST,212.8353,210.862,214.1123,0.9271,37.75,35.0,22.65,FILLED_TP,0.6472,N/A,4.181610068928701e+26,9.471620176299016e+25,5.1287720865586024e+26,14391528066.5419,434636692.1063,2825138498.6912,17216666565.2332
909,XRPUSD,LONG,"[2.93, 2.95]",2025-09-09 20:30 IST,2025-09-09 20:30 IST,2025-09-09 20:30 IST,2.9473,2.9329,2.965,0.4886,71.64,35.0,42.98,FILLED_TP,1.228,N/A,5.1287720865586024e+26,2.204421037395787e+26,7.333193123954389e+26,17216666565.2332,986663248.8166,6413311117.3079,23629977682.5411
910,SOLUSD,LONG,"[236.63, 238.30]",2025-09-13 21:30 IST,2025-09-13 21:30 IST,2025-09-13 21:30 IST,237.8818,236.633,239.309,0.5249,66.67,35.0,40.0,FILLED_TP,1.143,N/A,7.333193123954389e+26,2.9335807072431594e+26,1.0266773831197548e+27,23629977682.5411,1260395855.218,8192573058.917,31822550741.4581
911,XRPUSD,LONG,"[3.08, 3.13]",2025-09-13 21:30 IST,2025-09-13 21:30 IST,2025-09-13 21:30 IST,3.1156,3.085,3.1343,0.9822,35.64,35.0,21.38,FILLED_TP,0.6109,N/A,1.0266773831197548e+27,2.1951972925427008e+26,1.2461971123740248e+27,31822550741.4581,907221403.4387,5896939122.3516,37719489863.8097
912,BTCUSD,SHORT,"[115861.00, 116138.00]",2025-09-14 04:30 IST,2025-09-14 04:30 IST,2025-09-14 18:30 IST,115930.25,116138.0,115234.6685,0.1792,100.0,17.92,60.0,FILLED_TP,3.3482,N/A,1.2461971123740248e+27,7.477182674244148e+26,1.9939153797984396e+27,37719489863.8097,3017559189.1048,19614134729.181,57333624592.9907
913,ETHUSD,SHORT,"[4658.90, 4680.65]",2025-09-15 10:30 IST,2025-09-15 11:30 IST,2025-09-15 11:30 IST,4664.3375,4680.65,4636.3515,0.3497,100.0,34.97,60.0,FILLED_TP,1.7156,N/A,1.9939153797984396e+27,1.1963492278790637e+27,3.1902646076775036e+27,57333624592.9907,4586689967.4393,29813484788.3552,87147109381.3459
914,XRPUSD,LONG,"[3.01, 3.05]",2025-09-15 11:30 IST,2025-09-15 11:30 IST,2025-09-15 11:30 IST,3.0382,3.0108,3.0564,0.901,38.84,35.0,23.31,FILLED_TP,0.6659,N/A,3.1902646076775036e+27,7.435405503672867e+26,3.9338051580447904e+27,87147109381.3459,2708131044.1099,17602851786.7143,104749961168.0602
915,ETHUSD,LONG,"[4578.90, 4622.80]",2025-09-15 12:30 IST,2025-09-15 12:30 IST,2025-09-15 12:30 IST,4611.825,4578.9,4639.4959,0.7139,49.02,35.0,29.41,FILLED_TP,0.8404,N/A,3.9338051580447904e+27,1.1571220666150222e+27,5.090927224659813e+27,104749961168.0602,4108269615.9723,26703752503.82,131453713671.8802
916,ETHUSD,LONG,"[4502.75, 4530.35]",2025-09-15 13:30 IST,2025-09-15 13:30 IST,2025-09-15 13:30 IST,4523.45,4502.75,4550.5907,0.4576,76.48,35.0,45.89,FILLED_TP,1.3111,N/A,5.090927224659813e+27,2.3362301924740054e+27,7.427157417133818e+27,131453713671.8802,8043227261.3784,52280977198.9596,183734690870.8398
917,BTCUSD,LONG,"[113937.00, 114658.50]",2025-09-15 18:30 IST,2025-09-15 18:30 IST,2025-09-15 23:30 IST,114478.125,113937.0,115164.9937,0.4727,74.04,35.0,44.43,FILLED_TP,1.2693,N/A,7.427157417133818e+27,3.2996420714363167e+27,1.0726799488570135e+28,183734690870.8398,10883638372.5341,70743649421.4719,254478340292.3117
918,SOLUSD,SHORT,"[234.34, 238.09]",2025-09-16 02:30 IST,2025-09-16 02:30 IST,2025-09-16 02:30 IST,235.274,238.088,233.8624,1.1961,29.26,35.0,17.56,FILLED_TP,0.5017,N/A,1.0726799488570135e+28,1.8833858379655646e+27,1.26101853265357e+28,254478340292.3117,5957426570.5406,38723272708.5142,293201613000.8259
919,BTCUSD,LONG,"[114878.00, 115524.00]",2025-09-16 14:30 IST,2025-09-16 15:30 IST,2025-09-16 18:30 IST,115362.5,114878.0,116054.675,0.42,83.34,35.0,50.0,FILLED_SL,-1.0,CONSOLIDATION_REVERSAL,1.26101853265357e+28,-4.4135648642874947e+27,8.196620462248205e+27,293201613000.8259,19547681944.987,-122168246495.276,171033366505.5499
920,XRPUSD,SHORT,"[3.05, 3.07]",2025-09-17 00:30 IST,2025-09-17 00:30 IST,2025-09-17 05:30 IST,3.0523,3.0659,3.034,0.4447,78.7,35.0,47.22,FILLED_TP,1.3491,N/A,8.196620462248205e+27,3.870303798166269e+27,1.2066924260414473e+28,171033366505.5499,10767870181.7559,69991156181.4131,241024522686.9631
921,ETHUSD,SHORT,"[4491.70, 4535.95]",2025-09-17 01:30 IST,2025-09-17 02:30 IST,2025-09-17 07:30 IST,4502.7625,4535.95,4475.7459,0.737,47.49,35.0,28.49,FILLED_SL,-1.0,CONSOLIDATION_REVERSAL,1.2066924260414473e+28,-4.223423491145065e+27,7.843500769269409e+27,241024522686.9631,9156379090.1355,-93514962030.5726,147509560656.3905
922,SOLUSD,LONG,"[231.23, 234.31]",2025-09-17 15:30 IST,2025-09-17 19:30 IST,2025-09-17 19:30 IST,233.5372,231.226,234.9384,0.9896,35.37,35.0,21.22,FILLED_TP,0.6063,N/A,7.843500769269409e+27,1.6643619489837865e+27,9.507862718253195e+27,147509560656.3905,4173464665.6709,27127520326.8608,174637080983.2513
923,BTCUSD,LONG,"[114678.00, 115523.00]",2025-09-17 22:30 IST,2025-09-17 23:30 IST,2025-09-17 23:30 IST,115311.75,114678.0,116003.6205,0.5496,63.68,35.0,38.21,FILLED_SL,-1.0,DUAL_TOUCH_AMBIGUITY,9.507862718253195e+27,-3.327751951388618e+27,6.180110766864577e+27,174637080983.2513,8897133062.6583,-70020111406.7963,104616969576.455
924,SOLUSD,SHORT,"[244.47, 248.40]",2025-09-18 03:30 IST,2025-09-18 03:30 IST,2025-09-18 03:30 IST,245.451,248.4,243.9783,1.2015,29.13,35.0,17.48,FILLED_TP,0.4994,N/A,6.180110766864577e+27,1.080203517280132e+27,7.260314284144709e+27,104616969576.455,2438092622.5374,15847602046.4933,120464571622.9483
925,ETHUSD,LONG,"[4557.05, 4603.65]",2025-09-19 00:30 IST,2025-09-19 00:30 IST,2025-09-19 06:30 IST,4592.0,4557.05,4619.552,0.7611,45.99,35.0,27.59,FILLED_TP,0.7883,N/A,7.260314284144709e+27,2.0032235394811052e+27,9.263537823625814e+27,120464571622.9483,4431717528.1809,28806163933.1759,149270735556.1242
926,XRPUSD,LONG,"[3.06, 3.08]",2025-09-19 03:30 IST,2025-09-19 03:30 IST,2025-09-19 08:30 IST,3.0751,3.0551,3.0935,0.6488,53.95,35.0,32.37,FILLED_SL,-1.0,CONSOLIDATION_REVERSAL,9.263537823625814e+27,-3.242238238269035e+27,6.021299585356779e+27,149270735556.1242,6442315443.8155,-58687072888.459,90583662667.6652
927,SOLUSD,LONG,"[242.56, 245.03]",2025-09-19 08:30 IST,2025-09-19 09:30 IST,2025-09-19 14:30 IST,244.4112,242.558,245.8777,0.7583,46.16,35.0,27.7,FILLED_SL,-1.0,CONSOLIDATION_REVERSAL,6.021299585356779e+27,-2.1074548548748726e+27,3.913844730481906e+27,90583662667.6652,3344992063.7858,-35049273997.4686,55534388670.1966
928,BTCUSD,LONG,"[115268.50, 116090.00]",2025-09-19 21:30 IST,2025-09-19 21:30 IST,2025-09-20 00:30 IST,115884.625,115268.5,116579.9328,0.5317,65.83,35.0,39.5,FILLED_SL,-1.0,CONSOLIDATION_REVERSAL,3.913844730481906e+27,-1.369845655668667e+27,2.543999074813239e+27,55534388670.1966,2924670976.8018,-22361707011.3706,33172681658.826
929,ETHUSD,LONG,"[4444.80, 4468.25]",2025-09-20 13:30 IST,2025-09-20 14:30 IST,2025-09-20 19:30 IST,4462.3875,4444.8,4489.1618,0.3941,88.8,35.0,53.28,FILLED_TP,1.5223,N/A,2.543999074813239e+27,1.3554996622636887e+27,3.8994987370769275e+27,33172681658.826,2356686327.9734,15318461131.8269,48491142790.6529
930,BTCUSD,LONG,"[115616.50, 115756.00]",2025-09-20 23:30 IST,2025-09-20 23:30 IST,2025-09-21 04:30 IST,115721.125,115616.5,116415.4518,0.0904,100.0,9.04,60.0,FILLED_SL,-1.0,CONSOLIDATION_REVERSAL,3.8994987370769275e+27,-3.525588395089259e+26,3.5469398975680013e+27,48491142790.6529,3879291423.2522,-8263439792.4217,40227702998.2312
931,BTCUSD,LONG,"[115354.50, 115539.50]",2025-09-21 06:30 IST,2025-09-21 06:30 IST,2025-09-21 14:30 IST,115493.25,115354.5,116186.2095,0.1201,100.0,12.01,60.0,FILLED_SL,-1.0,CONSOLIDATION_REVERSAL,3.5469398975680013e+27,-4.261183322727174e+26,3.120821565295284e+27,40227702998.2312,3218216239.8585,-8051047414.8446,32176655583.3867
932,XRPUSD,SHORT,"[3.00, 3.01]",2025-09-21 09:30 IST,2025-09-21 09:30 IST,2025-09-21 10:30 IST,3.0,3.0079,2.982,0.2625,100.0,26.25,60.0,FILLED_SL,-1.0,CONSOLIDATION_REVERSAL,3.120821565295284e+27,-8.192088341497124e+26,2.3016127311455716e+27,32176655583.3867,2574132446.6709,-11020434151.4622,21156221431.9244
933,SOLUSD,LONG,"[237.89, 238.99]",2025-09-21 13:30 IST,2025-09-21 13:30 IST,2025-09-21 14:30 IST,238.7132,237.8856,240.1454,0.3467,100.0,34.67,60.0,FILLED_SL,-1.0,CONSOLIDATION_REVERSAL,2.3016127311455716e+27,-7.979030965238082e+26,1.5037096346217633e+27,21156221431.9244,1692497714.554,-9026752675.3674,12129468756.557
934,BTCUSD,SHORT,"[115573.00, 115716.00]",2025-09-21 22:30 IST,2025-09-21 23:30 IST,2025-09-22 05:30 IST,115608.75,115716.0,114915.0975,0.0928,100.0,9.28,60.0,FILLED_TP,6.4676,N/A,1.5037096346217633e+27,9.022257807730579e+26,2.405935415394821e+27,12129468756.557,970357500.5246,6307323753.4096,18436792509.9666
935,ETHUSD,LONG,"[4441.00, 4473.00]",2025-09-22 02:30 IST,2025-09-22 03:30 IST,2025-09-22 04:30 IST,4465.0,4441.0,4491.79,0.5375,65.11,35.0,39.07,FILLED_SL,-1.0,CONSOLIDATION_REVERSAL,2.405935415394821e+27,-8.420773953881873e+26,1.5638580200066339e+27,18436792509.9666,960403249.8317,-7413280628.32,11023511881.6466
936,ETHUSD,LONG,"[4235.10, 4303.95]",2025-09-22 07:30 IST,2025-09-22 07:30 IST,2025-09-22 07:30 IST,4286.7375,4235.1,4312.4579,1.2046,29.06,35.0,17.43,FILLED_TP,0.4981,N/A,1.5638580200066339e+27,2.726329221976324e+26,1.836490942204266e+27,11023511881.6466,256235729.7338,1665532243.2698,12689044124.9165
937,BTCUSD,SHORT,"[112719.00, 113412.00]",2025-09-23 01:30 IST,2025-09-23 01:30 IST,2025-09-23 01:30 IST,112892.25,113412.0,112214.8965,0.4604,76.02,35.0,45.61,FILLED_TP,1.3032,N/A,1.836490942204266e+27,8.376791699800386e+26,2.6741701121843044e+27,12689044124.9165,771714338.9151,5016143202.948,17705187327.8644
938,ETHUSD,SHORT,"[4181.50, 4218.30]",2025-09-23 02:30 IST,2025-09-23 02:30 IST,2025-09-23 06:30 IST,4190.7,4218.3,4165.5558,0.6586,53.14,35.0,31.89,FILLED_TP,0.911,N/A,2.6741701121843044e+27,8.526794872164598e+26,3.526849599400764e+27,17705187327.8644,752724492.3828,4892709200.4885,22597896528.3529
939,BTCUSD,SHORT,"[112554.00, 112934.50]",2025-09-23 10:30 IST,2025-09-23 10:30 IST,2025-09-23 11:30 IST,112649.125,112934.5,111973.2302,0.2533,100.0,25.33,60.0,FILLED_SL,-1.0,CONSOLIDATION_REVERSAL,3.526849599400764e+27,-8.934598510454413e+26,2.633389748355323e+27,22597896528.3529,1807831722.2682,-7532576341.2599,15065320187.093
940,SOLUSD,SHORT,"[219.36, 221.32]",2025-09-23 13:30 IST,2025-09-23 13:30 IST,2025-09-23 13:30 IST,219.8535,221.325,218.5344,0.6693,52.29,35.0,31.38,FILLED_TP,0.8964,N/A,2.633389748355323e+27,8.262425425647872e+26,3.45963229092011e+27,15065320187.093,630245153.9863,4096593500.911,19161913688.004
941,BTCUSD,LONG,"[111815.50, 112438.50]",2025-09-23 22:30 IST,2025-09-23 22:30 IST,2025-09-23 23:30 IST,112282.75,111815.5,112956.4465,0.4161,84.11,35.0,50.46,FILLED_SL,-1.0,CONSOLIDATION_REVERSAL,3.45963229092011e+27,-1.2108713018220385e+27,2.2487609890980716e+27,19161913688.004,1289319768.7801,-7995989559.5815,11165924128.4226
942,ETHUSD,SHORT,"[4011.80, 4052.50]",2025-09-25 19:30 IST,2025-09-25 19:30 IST,2025-09-25 19:30 IST,4021.975,4052.5,3997.8432,0.759,46.12,35.0,27.67,FILLED_TP,0.7906,N/A,2.2487609890980716e+27,6.222233253454031e+26,2.870984314443475e+27,11165924128.4226,411942308.108,2677625002.7018,13843549131.1243
943,ETHUSD,LONG,"[3848.75, 3905.00]",2025-09-26 15:30 IST,2025-09-26 15:30 IST,2025-09-26 15:30 IST,3890.9375,3848.75,3914.2831,1.0843,32.28,35.0,19.37,FILLED_TP,0.5534,N/A,2.870984314443475e+27,5.5605862198655545e+26,3.42704293643003e+27,13843549131.1243,357499914.5545,2323749444.6042,16167298575.7285
944,XRPUSD,SHORT,"[2.75, 2.78]",2025-09-26 17:30 IST,2025-09-26 17:30 IST,2025-09-26 17:30 IST,2.7557,2.7778,2.7391,0.8029,43.59,35.0,26.16,FILLED_TP,0.7473,N/A,3.42704293643003e+27,8.963622482295311e+26,4.3234051846595614e+27,16167298575.7285,563819649.2993,3664827720.4457,19832126296.1742
945,SOLUSD,SHORT,"[197.33, 200.85]",2025-09-26 21:30 IST,2025-09-26 21:30 IST,2025-09-26 21:30 IST,198.2105,200.8519,197.0212,1.3326,26.26,35.0,15.76,FILLED_TP,0.4502,N/A,4.3234051846595614e+27,6.812924122640443e+26,5.004697596923605e+27,19832126296.1742,416692447.6595,2708500909.7865,22540627205.9607
946,BTCUSD,LONG,"[108576.50, 109169.00]",2025-09-27 00:30 IST,2025-09-27 00:30 IST,2025-09-27 00:30 IST,109020.875,108576.5,109675.0002,0.4076,85.87,35.0,51.52,FILLED_TP,1.472,N/A,5.004697596923605e+27,2.5784408964651887e+27,7.583138493388794e+27,22540627205.9607,1548403245.664,10064621096.816,32605248302.7767
947,SOLUSD,LONG,"[200.80, 202.90]",2025-09-28 05:30 IST,2025-09-28 06:30 IST,2025-09-28 08:30 IST,202.3758,200.8,203.59,0.7786,44.95,35.0,26.97,FILLED_SL,-1.0,CONSOLIDATION_REVERSAL,7.583138493388794e+27,-2.6540984726860776e+27,4.929040020702717e+27,32605248302.7767,1172510386.9135,-12584347292.8854,20020901009.8914
948,BTCUSD,LONG,"[109155.50, 109396.00]",2025-09-28 06:30 IST,2025-09-28 06:30 IST,2025-09-28 17:30 IST,109335.875,109155.5,109991.8902,0.165,100.0,16.5,60.0,FILLED_SL,-1.0,CONSOLIDATION_REVERSAL,4.929040020702717e+27,-8.131599932174619e+26,4.115880027485255e+27,20020901009.8914,1601672080.7913,-4904586169.7481,15116314840.1433
949,XRPUSD,LONG,"[2.76, 2.78]",2025-09-28 08:30 IST,2025-09-28 08:30 IST,2025-09-28 19:30 IST,2.7782,2.7614,2.7949,0.6047,57.88,35.0,34.73,FILLED_TP,0.9922,N/A,4.115880027485255e+27,1.429342236544948e+27,5.545222264030203e+27,15116314840.1433,699935764.8148,4549582471.296,19665897311.4393
950,SOLUSD,SHORT,"[203.35, 204.87]",2025-09-28 20:30 IST,2025-09-28 21:30 IST,2025-09-28 22:30 IST,203.7303,204.871,202.5079,0.5599,62.51,35.0,37.5,FILLED_SL,-1.0,CONSOLIDATION_REVERSAL,5.545222264030203e+27,-1.9408277924105708e+27,3.6043944716196315e+27,19665897311.4393,983415024.5062,-7866479083.51,11799418227.9293
951,XRPUSD,LONG,"[2.84, 2.89]",2025-09-29 21:30 IST,2025-09-29 22:30 IST,2025-09-30 00:30 IST,2.8751,2.8445,2.8924,1.0643,32.89,35.0,19.73,FILLED_TP,0.5637,N/A,3.6043944716196315e+27,7.111859001713316e+26,4.3155803717909634e+27,11799418227.9293,310420328.6665,2017732136.332,13817150364.2613
952,ETHUSD,SHORT,"[4148.60, 4205.85]",2025-09-29 23:30 IST,2025-09-30 00:30 IST,2025-09-30 01:30 IST,4162.9125,4205.85,4137.935,1.0314,33.93,35.0,20.36,FILLED_SL,-1.0,CONSOLIDATION_REVERSAL,4.3155803717909634e+27,-1.5104531301268372e+27,2.805127241664126e+27,13817150364.2613,375091345.1042,-5211093972.5957,8606056391.6656
953,SOLUSD,LONG,"[205.12, 207.94]",2025-09-30 13:30 IST,2025-09-30 14:30 IST,2025-09-30 18:30 IST,207.2368,205.121,208.4802,1.0209,34.28,35.0,20.57,FILLED_TP,0.5877,N/A,2.805127241664126e+27,5.769979681379062e+26,3.382125209802032e+27,8606056391.6656,236028606.3756,1534185941.4413,10140242333.1069
954,ETHUSD,LONG,"[4126.30, 4157.75]",2025-09-30 14:30 IST,2025-09-30 14:30 IST,2025-09-30 14:30 IST,4149.8875,4126.3,4174.7868,0.5684,61.58,35.0,36.95,FILLED_TP,1.0556,N/A,3.382125209802032e+27,1.2495780466918645e+27,4.6317032564938966e+27,10140242333.1069,499529079.9549,3246939019.707,13387181352.8139
955,ETHUSD,LONG,"[4087.05, 4112.15]",2025-09-30 21:30 IST,2025-09-30 21:30 IST,2025-10-01 00:30 IST,4105.875,4087.05,4130.5103,0.4585,76.34,35.0,45.8,FILLED_TP,1.3086,N/A,4.6317032564938966e+27,2.1214400359808675e+27,6.753143292474764e+27,13387181352.8139,817556765.2779,5314118974.3062,18701300327.1201
956,ETHUSD,SHORT,"[4192.95, 4244.10]",2025-10-01 01:30 IST,2025-10-01 13:30 IST,2025-10-01 13:30 IST,4205.7375,4244.1,4180.5031,0.9121,38.37,35.0,23.02,FILLED_SL,-1.0,DUAL_TOUCH_AMBIGUITY,6.753143292474764e+27,-2.3636001523661672e+27,4.3895431401085966e+27,18701300327.1201,574070324.501,-7119525438.993,11581774888.1271
957,SOLUSD,SHORT,"[217.75, 221.68]",2025-10-01 23:30 IST,2025-10-01 23:30 IST,2025-10-01 23:30 IST,218.7357,221.684,217.4233,1.3479,25.97,35.0,15.58,FILLED_TP,0.4452,N/A,4.3895431401085966e+27,6.839023227029314e+26,5.073445462811527e+27,11581774888.1271,240596116.5491,1563874757.5694,13145649645.6964
958,ETHUSD,LONG,"[4278.00, 4311.80]",2025-10-02 02:30 IST,2025-10-02 02:30 IST,2025-10-02 02:30 IST,4303.35,4278.0,4329.1701,0.5891,59.42,35.0,35.65,FILLED_TP,1.0185,N/A,5.073445462811527e+27,1.8086352748725173e+27,6.882080737684044e+27,13145649645.6964,624839952.3781,4061459690.4579,17207109336.1544
959,SOLUSD,LONG,"[222.36, 225.13]",2025-10-02 19:30 IST,2025-10-02 19:30 IST,2025-10-02 19:30 IST,224.4403,222.3561,225.7869,0.9286,37.69,35.0,22.61,FILLED_TP,0.6461,N/A,6.882080737684044e+27,1.5563442590040853e+27,8.43842499668813e+27,17207109336.1544,518838935.4931,3372453080.7049,20579562416.8592
960,SOLUSD,LONG,"[227.11, 230.97]",2025-10-03 22:30 IST,2025-10-03 22:30 IST,2025-10-03 22:30 IST,230.0066,227.106,231.3866,1.2611,27.75,35.0,16.65,FILLED_TP,0.4758,N/A,8.43842499668813e+27,1.405207751611309e+27,9.843632748299439e+27,20579562416.8592,456934568.4657,2970074695.0271,23549637111.8863
961,XRPUSD,LONG,"[3.01, 3.05]",2025-10-03 22:30 IST,2025-10-03 22:30 IST,2025-10-03 22:30 IST,3.0369,3.0066,3.0551,0.9977,35.08,35.0,21.05,FILLED_TP,0.6014,N/A,9.843632748299439e+27,2.0718702777541982e+27,1.1915503026053636e+28,23549637111.8863,660891419.9546,4295794229.7049,27845431341.5913
962,ETHUSD,SHORT,"[4534.65, 4555.95]",2025-10-06 07:30 IST,2025-10-06 07:30 IST,2025-10-06 07:30 IST,4539.975,4555.95,4512.7351,0.3519,99.47,35.0,59.68,FILLED_TP,1.7052,N/A,1.1915503026053636e+28,7.111222553144531e+27,1.902672557919817e+28,27845431341.5913,2215769477.5218,14402501603.8916,42247932945.4829
963,ETHUSD,LONG,"[4487.00, 4552.70]",2025-10-06 12:30 IST,2025-10-06 12:30 IST,2025-10-06 12:30 IST,4536.275,4487.0,4563.4926,1.0862,32.22,35.0,19.33,FILLED_TP,0.5524,N/A,1.902672557919817e+28,3.678375750608491e+27,2.270510132980666e+28,42247932945.4829,1089020959.2336,7078636235.0185,49326569180.5014
964,SOLUSD,LONG,"[230.55, 234.20]",2025-10-07 01:30 IST,2025-10-07 01:30 IST,2025-10-07 01:30 IST,233.2855,230.551,234.6852,1.1722,29.86,35.0,17.92,FILLED_TP,0.5119,N/A,2.270510132980666e+28,4.0677341101395427e+27,2.6772835439946203e+28,49326569180.5014,1178280687.2467,7658824467.1037,56985393647.6051
965,BTCUSD,LONG,"[123229.50, 123998.00]",2025-10-07 18:30 IST,2025-10-07 18:30 IST,2025-10-07 18:30 IST,123805.875,123229.5,124548.7103,0.4655,75.18,35.0,45.11,FILLED_TP,1.2888,N/A,2.6772835439946203e+28,1.2076741821790422e+28,3.8849577261736627e+28,56985393647.6051,3427344049.2269,22277736319.9746,79263129967.5797
966,ETHUSD,LONG,"[4439.05, 4467.00]",2025-10-07 23:30 IST,2025-10-07 23:30 IST,2025-10-08 00:30 IST,4460.0125,4439.05,4486.7726,0.47,74.47,35.0,44.68,FILLED_TP,1.2766,N/A,3.8849577261736627e+28,1.7357956371369574e+28,5.62075336331062e+28,79263129967.5797,4721959409.6348,30692736162.6264,109955866130.2061
967,XRPUSD,SHORT,"[2.85, 2.88]",2025-10-08 09:30 IST,2025-10-08 09:30 IST,2025-10-08 09:30 IST,2.8601,2.8802,2.8429,0.7028,49.8,35.0,29.88,FILLED_TP,0.8538,N/A,5.62075336331062e+28,1.6795733859825993e+28,7.300326749293219e+28,109955866130.2061,4380882406.0359,28475735639.2334,138431601769.4394
968,XRPUSD,LONG,"[2.83, 2.86]",2025-10-09 06:30 IST,2025-10-09 06:30 IST,2025-10-09 07:30 IST,2.8549,2.8291,2.872,0.9037,38.73,35.0,23.24,FILLED_SL,-1.0,CONSOLIDATION_REVERSAL,7.300326749293219e+28,-2.5551143622526266e+28,4.745212387040593e+28,138431601769.4394,4289083192.6217,-52740143811.9255,85691457957.5139
969,XRPUSD,LONG,"[2.81, 2.84]",2025-10-09 07:30 IST,2025-10-09 07:30 IST,2025-10-09 07:30 IST,2.8342,2.8128,2.8512,0.7542,46.41,35.0,27.84,FILLED_TP,0.7956,N/A,4.745212387040593e+28,1.3212819118496248e+28,6.066494298890218e+28,85691457957.5139,3181384074.8485,20678996486.5152,106370454444.0292
970,XRPUSD,SHORT,"[2.82, 2.84]",2025-10-10 10:30 IST,2025-10-10 10:30 IST,2025-10-10 10:30 IST,2.8261,2.8394,2.8092,0.4697,74.51,35.0,44.71,FILLED_TP,1.2773,N/A,6.066494298890218e+28,2.712151376342519e+28,8.778645675232736e+28,106370454444.0292,6340680689.8965,41214424484.3272,147584878928.3564
971,SOLUSD,LONG,"[217.28, 220.00]",2025-10-10 19:30 IST,2025-10-10 20:30 IST,2025-10-10 20:30 IST,219.3181,217.283,220.634,0.9279,37.72,35.0,22.63,FILLED_SL,-1.0,INSTANT_BLOWTHROUGH,8.778645675232736e+28,-3.072525986331457e+28,5.706119688901279e+28,147584878928.3564,4453314120.2517,-56108021745.1764,91476857183.1799
972,SOLUSD,LONG,"[206.31, 209.47]",2025-10-10 23:30 IST,2025-10-10 23:30 IST,2025-10-10 23:30 IST,208.6807,206.31,209.9328,1.1361,30.81,35.0,18.48,FILLED_TP,0.5281,N/A,5.706119688901279e+28,1.0547676499699895e+28,6.760887338871268e+28,91476857183.1799,2254581278.5389,14654778310.5029,106131635493.6828
973,BTCUSD,SHORT,"[111651.50, 112943.50]",2025-10-11 15:30 IST,2025-10-11 15:30 IST,2025-10-12 00:30 IST,111974.5,112943.5,111302.653,0.8654,40.44,35.0,24.27,FILLED_TP,0.6933,N/A,6.760887338871268e+28,1.6406590883235557e+28,8.401546427194823e+28,106131635493.6828,3433983807.2286,22320894746.9856,128452530240.6685
974,XRPUSD,LONG,"[2.39, 2.45]",2025-10-11 17:30 IST,2025-10-11 17:30 IST,2025-10-11 17:30 IST,2.4319,2.3873,2.4465,1.835,19.07,35.0,11.44,FILLED_TP,0.327,N/A,8.401546427194823e+28,9.615026256449793e+27,9.363049052839802e+28,128452530240.6685,1960074789.6818,12740486132.9318,141193016373.6002
975,ETHUSD,SHORT,"[3812.60, 3854.25]",2025-10-12 11:30 IST,2025-10-12 11:30 IST,2025-10-12 15:30 IST,3823.0125,3854.25,3800.0744,0.8171,42.83,35.0,25.7,FILLED_SL,-1.0,CONSOLIDATION_REVERSAL,9.363049052839802e+28,-3.2770671684939304e+28,6.085981884345871e+28,141193016373.6002,4838388047.1393,-54255943777.8993,86937072595.7009
976,SOLUSD,SHORT,"[182.33, 184.89]",2025-10-12 11:30 IST,2025-10-12 17:30 IST,2025-10-12 17:30 IST,182.9675,184.889,181.8697,1.0502,33.33,35.0,20.0,FILLED_TP,0.5713,N/A,6.085981884345871e+28,1.216980208113714e+28,7.302962092459585e+28,86937072595.7009,2317910212.0443,15066416378.2878,102003488973.9886
977,BTCUSD,SHORT,"[114981.50, 115512.00]",2025-10-13 18:30 IST,2025-10-13 18:30 IST,2025-10-13 18:30 IST,115114.125,115512.0,114423.4402,0.3456,100.0,34.56,60.0,FILLED_TP,1.7359,N/A,7.302962092459585e+28,4.381777255475751e+28,1.1684739347935336e+29,102003488973.9886,8160279117.9191,53041814266.4741,155045303240.4627
978,ETHUSD,SHORT,"[4158.00, 4197.45]",2025-10-13 18:30 IST,2025-10-13 18:30 IST,2025-10-13 18:30 IST,4167.8625,4197.45,4142.8553,0.7099,49.3,35.0,29.58,FILLED_TP,0.8452,N/A,1.1684739347935336e+29,3.4565547138529095e+28,1.5141294061788245e+29,155045303240.4627,6115356196.0144,39749815274.0938,194795118514.5566
979,BTCUSD,LONG,"[113929.00, 114695.00]",2025-10-14 06:30 IST,2025-10-14 06:30 IST,2025-10-14 07:30 IST,114503.5,113929.0,115190.521,0.5017,69.76,35.0,41.86,FILLED_SL,-1.0,CONSOLIDATION_REVERSAL,1.5141294061788245e+29,-5.2994529216258855e+28,9.841841140162359e+28,194795118514.5566,10870883200.6838,-79049174680.7786,115745943833.778
980,XRPUSD,LONG,"[2.54, 2.60]",2025-10-14 06:30 IST,2025-10-14 06:30 IST,2025-10-14 06:30 IST,2.5856,2.5352,2.6011,1.9493,17.96,35.0,10.77,FILLED_TP,0.3078,N/A,9.841841140162359e+28,1.0602943521668293e+28,1.0902135492329189e+29,115745943833.778,1662626179.8701,10807070169.1556,126553014002.9337
981,ETHUSD,LONG,"[4055.00, 4133.10]",2025-10-14 09:30 IST,2025-10-14 09:30 IST,2025-10-14 09:30 IST,4113.575,4055.0,4138.2565,1.4239,24.58,35.0,14.75,FILLED_TP,0.4214,N/A,1.0902135492329189e+29,1.607822095032023e+28,1.2509957587361211e+29,126553014002.9337,2488500009.929,16175250064.5385,142728264067.4722
982,XRPUSD,LONG,"[2.51, 2.53]",2025-10-14 09:30 IST,2025-10-14 09:30 IST,2025-10-14 09:30 IST,2.5276,2.5076,2.5428,0.7922,44.18,35.0,26.51,FILLED_TP,0.7573,N/A,1.2509957587361211e+29,3.3160055554648335e+28,1.5825963142826045e+29,142728264067.4722,5044383918.5914,32788495470.844,175516759538.3162
983,SOLUSD,LONG,"[190.04, 195.46]",2025-10-14 11:30 IST,2025-10-14 11:30 IST,2025-10-14 11:30 IST,194.105,190.04,195.2696,2.0942,16.71,35.0,10.03,FILLED_TP,0.2865,N/A,1.5825963142826045e+29,1.586958673864768e+28,1.7412921816690814e+29,175516759538.3162,2346674187.1714,15253382216.614,190770141754.9303
984,BTCUSD,LONG,"[111087.50, 111865.50]",2025-10-14 12:30 IST,2025-10-14 12:30 IST,2025-10-14 14:30 IST,111671.0,111087.5,112341.026,0.5225,66.98,35.0,40.19,FILLED_SL,-1.0,CONSOLIDATION_REVERSAL,1.7412921816690814e+29,-6.094522635841785e+28,1.131839918084903e+29,190770141754.9303,10222755612.6412,-76992305226.8668,113777836528.0635
985,ETHUSD,LONG,"[4060.00, 4122.00]",2025-10-15 15:30 IST,2025-10-15 16:30 IST,2025-10-15 18:30 IST,4106.5,4060.0,4131.139,1.1324,30.91,35.0,18.55,FILLED_SL,-1.0,CONSOLIDATION_REVERSAL,1.131839918084903e+29,-3.96143971329716e+28,7.356959467551869e+28,113777836528.0635,2813420042.9397,-42635662827.762,71142173700.3015
986,SOLUSD,LONG,"[200.47, 203.57]",2025-10-15 16:30 IST,2025-10-15 16:30 IST,2025-10-15 16:30 IST,202.7965,200.47,204.0133,1.1472,30.51,35.0,18.31,FILLED_TP,0.523,N/A,7.356959467551869e+28,1.3467130128471478e+28,8.703672480399018e+28,71142173700.3015,1736371146.3863,11286412451.5108,82428586151.8123
987,BTCUSD,LONG,"[110311.00, 110811.00]",2025-10-16 12:30 IST,2025-10-16 12:30 IST,2025-10-16 12:30 IST,110686.0,110311.0,111350.116,0.3388,100.0,33.88,60.0,FILLED_TP,1.771,N/A,8.703672480399018e+28,5.22220348823941e+28,1.3925875968638428e+29,82428586151.8123,6594286892.145,42862864798.9424,125291450950.7547
988,SOLUSD,LONG,"[191.37, 194.42]",2025-10-16 19:30 IST,2025-10-16 19:30 IST,2025-10-16 19:30 IST,193.6548,191.365,194.8167,1.1824,29.6,35.0,17.76,FILLED_TP,0.5074,N/A,1.3925875968638428e+29,2.4733290802048863e+28,1.6399205048843313e+29,125291450950.7547,2967013731.229,19285589252.9885,144577040203.7432
989,XRPUSD,LONG,"[2.38, 2.41]",2025-10-16 19:30 IST,2025-10-16 19:30 IST,2025-10-16 19:30 IST,2.4058,2.3847,2.4202,0.876,39.95,35.0,23.97,FILLED_TP,0.6849,N/A,1.6399205048843313e+29,3.9312396111696887e+28,2.0330444660013e+29,144577040203.7432,4621093812.1436,30037109778.9333,174614149982.6765
990,XRPUSD,LONG,"[2.31, 2.35]",2025-10-16 23:30 IST,2025-10-16 23:30 IST,2025-10-16 23:30 IST,2.3403,2.3105,2.3544,1.2755,27.44,35.0,16.46,FILLED_TP,0.4704,N/A,2.0330444660013e+29,3.3473617399038515e+28,2.3677806399916854e+29,174614149982.6765,3833309991.804,24916514946.7259,199530664929.4024
991,SOLUSD,SHORT,"[184.75, 187.51]",2025-10-18 02:30 IST,2025-10-18 02:30 IST,2025-10-18 02:30 IST,185.4427,187.515,184.3301,1.1175,31.32,35.0,18.79,FILLED_TP,0.5369,N/A,2.3677806399916854e+29,4.449676833786075e+28,2.8127483233702927e+29,199530664929.4024,4999601524.8519,32497409911.5374,232028074840.9398
992,XRPUSD,SHORT,"[2.34, 2.40]",2025-10-18 08:30 IST,2025-10-18 12:30 IST,2025-10-18 21:30 IST,2.3519,2.4003,2.3377,2.0601,16.99,35.0,10.19,FILLED_TP,0.2913,N/A,2.8127483233702927e+29,2.8672529418098497e+28,3.0994736175512776e+29,232028074840.9398,3153656631.3335,20498768103.6675,252526842944.6073
993,ETHUSD,SHORT,"[3904.75, 3948.90]",2025-10-19 08:30 IST,2025-10-19 10:30 IST,2025-10-19 11:30 IST,3915.7875,3948.9,3892.2928,0.8456,41.39,35.0,24.83,FILLED_TP,0.7095,N/A,3.0994736175512776e+29,7.697228569631623e+28,3.86919647451444e+29,252526842944.6073,8361664247.784,54350817610.5957,306877660555.2031
994,XRPUSD,LONG,"[2.32, 2.38]",2025-10-19 16:30 IST,2025-10-19 17:30 IST,2025-10-19 18:30 IST,2.3662,2.3166,2.3804,2.0983,16.68,35.0,10.01,FILLED_TP,0.286,N/A,3.86919647451444e+29,3.872411063730446e+28,4.2564375808874846e+29,306877660555.2031,4095101591.1551,26618160342.5082,333495820897.7112
995,SOLUSD,LONG,"[183.16, 188.75]",2025-10-20 04:30 IST,2025-10-20 04:30 IST,2025-10-20 04:30 IST,187.3493,183.162,188.4733,2.235,15.66,35.0,9.4,FILLED_TP,0.2685,N/A,4.2564375808874846e+29,3.999342804340022e+28,4.656371861321487e+29,333495820897.7112,4178029431.8538,27157191307.0495,360653012204.7608
996,ETHUSD,SHORT,"[4038.70, 4084.15]",2025-10-20 14:30 IST,2025-10-20 14:30 IST,2025-10-20 15:30 IST,4050.0625,4084.15,4025.7621,0.8417,41.58,35.0,24.95,FILLED_TP,0.7129,N/A,4.656371861321487e+29,1.1618057595701045e+29,5.818177620891591e+29,360653012204.7608,11998146747.8668,77987953861.1345,438640966065.8953
997,SOLUSD,LONG,"[183.78, 187.87]",2025-10-20 21:30 IST,2025-10-20 21:30 IST,2025-10-20 21:30 IST,186.851,183.7822,187.9722,1.6424,21.31,35.0,12.79,FILLED_TP,0.3653,N/A,5.818177620891591e+29,7.439198575541986e+28,6.562097478445789e+29,438640966065.8953,7478028259.1458,48607183684.4476,487248149750.343
998,BTCUSD,LONG,"[107387.50, 108597.00]",2025-10-21 09:30 IST,2025-10-21 09:30 IST,2025-10-21 09:30 IST,108294.625,107387.5,108944.3927,0.8376,41.78,35.0,25.07,FILLED_TP,0.7163,N/A,6.562097478445789e+29,1.6451357418742045e+29,8.207233220319993e+29,487248149750.343,16287258740.0458,105867181810.2975,593115331560.6405
999,ETHUSD,LONG,"[3839.00, 3873.00]",2025-10-22 04:30 IST,2025-10-22 04:30 IST,2025-10-22 04:30 IST,3864.5,3839.0,3887.687,0.6599,53.04,35.0,31.83,FILLED_TP,0.9093,N/A,8.207233220319993e+29,2.6119761112880744e+29,1.0819209331608067e+30,593115331560.6405,25168093163.4709,163592605562.5605,756707937123.201
1000,BTCUSD,LONG,"[107425.00, 107948.50]",2025-10-22 05:30 IST,2025-10-22 05:30 IST,2025-10-22 05:30 IST,107817.625,107425.0,108464.5308,0.3642,96.11,35.0,57.67,FILLED_TP,1.6476,N/A,1.0819209331608067e+30,6.2391672829667505e+29,1.705837661457482e+30,756707937123.201,58183270876.2723,378191260695.7698,1134899197818.9707
1001,ETHUSD,LONG,"[3818.25, 3843.00]",2025-10-22 05:30 IST,2025-10-22 05:30 IST,2025-10-22 05:30 IST,3836.8125,3818.25,3859.8334,0.4838,72.34,35.0,43.41,FILLED_TP,1.2402,N/A,1.705837661457482e+30,7.404420983782763e+29,2.446279759835758e+30,1134899197818.9707,65682463028.1968,426936009683.2795,1561835207502.2502
1002,BTCUSD,LONG,"[106730.00, 108187.50]",2025-10-22 22:30 IST,2025-10-22 22:30 IST,2025-10-23 02:30 IST,107823.125,106730.0,108470.0638,1.0138,34.52,35.0,20.71,FILLED_SL,-1.0,CONSOLIDATION_REVERSAL,2.446279759835758e+30,-8.561979159425153e+29,1.5900818438932427e+30,1561835207502.2502,43135548803.8573,-589777871429.6448,972057336072.6055
1003,BTCUSD,LONG,"[106239.00, 107184.00]",2025-10-23 02:30 IST,2025-10-23 02:30 IST,2025-10-23 02:30 IST,106947.75,106239.0,107589.4365,0.6627,52.81,35.0,31.69,FILLED_TP,0.9054,N/A,1.5900818438932427e+30,5.038686682080993e+29,2.093950512101342e+30,972057336072.6055,41070358504.2801,266957330277.8206,1239014666350.426
1004,ETHUSD,SHORT,"[3823.15, 3876.35]",2025-10-23 07:30 IST,2025-10-23 09:30 IST,2025-10-23 11:30 IST,3836.45,3876.35,3813.4313,1.04,33.65,35.0,20.19,FILLED_SL,-1.0,CONSOLIDATION_REVERSAL,2.093950512101342e+30,-7.328826792354697e+29,1.3610678328658724e+30,1239014666350.426,33357318012.0707,-467012451234.7198,772002215115.7062
1005,XRPUSD,SHORT,"[2.38, 2.42]",2025-10-23 09:30 IST,2025-10-23 09:30 IST,2025-10-23 11:30 IST,2.3883,2.4161,2.374,1.1619,30.12,35.0,18.07,FILLED_SL,-1.0,CONSOLIDATION_REVERSAL,1.3610678328658724e+30,-4.763737415030553e+29,8.846940913628171e+29,772002215115.7062,18604224048.0016,-288804999338.4987,483197215777.2075
1006,SOLUSD,SHORT,"[191.91, 197.18]",2025-10-23 21:30 IST,2025-10-23 22:30 IST,2025-10-23 22:30 IST,193.2293,197.181,192.0699,2.0451,17.11,35.0,10.27,FILLED_TP,0.2934,N/A,8.846940913628171e+29,9.08439119585712e+28,9.755380033213884e+29,483197215777.2075,6615548546.8162,43001065554.3054,526198281331.5129
1007,ETHUSD,LONG,"[3807.80, 3853.65]",2025-10-24 01:30 IST,2025-10-24 01:30 IST,2025-10-24 05:30 IST,3842.1875,3807.8,3865.2406,0.895,39.11,35.0,23.46,FILLED_TP,0.6704,N/A,9.755380033213884e+29,2.2889770516863614e+29,1.2044357084900246e+30,526198281331.5129,16462106536.8218,107003692489.342,633201973820.8549
1008,XRPUSD,LONG,"[2.37, 2.39]",2025-10-24 01:30 IST,2025-10-24 01:30 IST,2025-10-24 01:30 IST,2.3861,2.3737,2.4004,0.5186,67.48,35.0,40.49,FILLED_TP,1.1569,N/A,1.2044357084900246e+30,4.876876977441771e+29,1.6921234062342016e+30,633201973820.8549,34185282578.7221,222204336761.6937,855406310582.5486
1009,SOLUSD,LONG,"[188.36, 191.31]",2025-10-24 19:30 IST,2025-10-24 19:30 IST,2025-10-24 19:30 IST,190.5705,188.364,191.7139,1.1578,30.23,35.0,18.14,FILLED_TP,0.5182,N/A,1.6921234062342016e+30,3.0690436779256e+29,1.9990277740267617e+30,855406310582.5486,20686271618.8733,134460765522.6764,989867076105.225
1010,BTCUSD,LONG,"[109311.00, 110154.00]",2025-10-24 20:30 IST,2025-10-24 20:30 IST,2025-10-24 23:30 IST,109943.25,109311.0,110602.9095,0.5751,60.86,35.0,36.52,FILLED_TP,1.0434,N/A,1.9990277740267617e+30,7.29991588240747e+29,2.729019362267509e+30,989867076105.225,48196404833.8499,313276631420.0245,1303143707525.2495
1011,XRPUSD,SHORT,"[2.47, 2.53]",2025-10-24 23:30 IST,2025-10-24 23:30 IST,2025-10-24 23:30 IST,2.4882,2.5318,2.4732,1.7543,19.95,35.0,11.97,FILLED_TP,0.342,N/A,2.729019362267509e+30,3.2667674696619485e+29,3.0556961092337035e+30,1303143707525.2495,20799009494.7562,135193561715.9151,1438337269241.1646
1012,ETHUSD,LONG,"[3914.50, 3938.65]",2025-10-25 19:30 IST,2025-10-25 19:30 IST,2025-10-25 23:30 IST,3932.6125,3914.5,3956.2082,0.4606,75.99,35.0,45.6,FILLED_TP,1.3027,N/A,3.0556961092337035e+30,1.3932601409128934e+30,4.448956250146597e+30,1438337269241.1646,87442289843.2249,568374883980.9619,2006712153222.1265
1013,BTCUSD,SHORT,"[111492.00, 111874.50]",2025-10-26 10:30 IST,2025-10-26 10:30 IST,2025-10-26 14:30 IST,111587.625,111874.5,110918.0992,0.2571,100.0,25.71,60.0,FILLED_SL,-1.0,CONSOLIDATION_REVERSAL,4.448956250146597e+30,-1.14375973524018e+30,3.305196514906417e+30,2006712153222.1265,160536972257.7701,-676432483929.0667,1330279669293.0598
1014,ETHUSD,SHORT,"[4018.40, 4109.25]",2025-10-26 22:30 IST,2025-10-26 22:30 IST,2025-10-27 03:30 IST,4041.1125,4109.25,4016.8658,1.6861,20.76,35.0,12.45,FILLED_SL,-1.0,CONSOLIDATION_REVERSAL,3.305196514906417e+30,-1.156818780217246e+30,2.1483777346891712e+30,1330279669293.0598,22091018074.0605,-487688902326.6314,842590766966.4285
1015,XRPUSD,LONG,"[2.59, 2.61]",2025-10-27 01:30 IST,2025-10-27 01:30 IST,2025-10-27 02:30 IST,2.6081,2.5935,2.6238,0.5607,62.42,35.0,37.45,FILLED_TP,1.07,N/A,2.1483777346891712e+30,8.045674616410885e+29,2.9529451963302596e+30,842590766966.4285,42073365630.5234,273476876598.4017,1116067643564.83
1016,BTCUSD,LONG,"[114311.00, 115140.50]",2025-10-27 13:30 IST,2025-10-27 13:30 IST,2025-10-27 22:30 IST,114933.125,114311.0,115622.7238,0.5413,64.66,35.0,38.8,FILLED_TP,1.1085,N/A,2.9529451963302596e+30,1.1456243691745999e+30,4.0985695655048595e+30,1116067643564.83,57731934508.5984,375257574305.8895,1491325217870.7197
1017,XRPUSD,LONG,"[2.60, 2.62]",2025-10-27 14:30 IST,2025-10-27 14:30 IST,2025-10-27 15:30 IST,2.611,2.597,2.6267,0.5371,65.16,35.0,39.1,FILLED_TP,1.117,N/A,4.0985695655048595e+30,1.602358784992678e+30,5.700928350497537e+30,1491325217870.7197,77738929023.7056,505303038654.0866,1996628256524.8064
1018,XRPUSD,LONG,"[2.60, 2.63]",2025-10-28 01:30 IST,2025-10-28 07:30 IST,2025-10-28 07:30 IST,2.6204,2.6001,2.6361,0.7756,45.12,35.0,27.07,FILLED_TP,0.7736,N/A,5.700928350497537e+30,1.543497951438624e+30,7.244426301936161e+30,1996628256524.8064,72076953886.7953,468500200264.1691,2465128456788.9756
1019,SOLUSD,LONG,"[196.90, 198.52]",2025-10-28 03:30 IST,2025-10-28 03:30 IST,2025-10-28 03:30 IST,198.115,196.9,199.3037,0.6133,57.07,35.0,34.24,FILLED_TP,0.9783,N/A,7.244426301936161e+30,2.4806436092979133e+30,9.725069911234075e+30,2465128456788.9756,112548229449.1268,731563491419.324,3196691948208.3
1020,ETHUSD,LONG,"[4045.00, 4075.05]",2025-10-28 10:30 IST,2025-10-28 10:30 IST,2025-10-28 10:30 IST,4067.5375,4045.0,4091.9427,0.5541,63.17,35.0,37.9,FILLED_TP,1.0829,N/A,9.725069911234075e+30,3.6858516589478783e+30,1.3410921570181954e+31,3196691948208.3,161541698284.1855,1050021038847.2054,4246712987055.5054
1021,SOLUSD,LONG,"[192.70, 195.00]",2025-10-29 13:30 IST,2025-10-29 13:30 IST,2025-10-29 13:30 IST,194.4243,192.697,195.5908,0.8884,39.4,35.0,23.64,FILLED_TP,0.6754,N/A,1.3410921570181954e+31,3.170101359381704e+30,1.6581022929563657e+31,4246712987055.5054,133846239104.1179,870000554176.7662,5116713541232.271
1022,XRPUSD,SHORT,"[2.65, 2.67]",2025-10-29 22:30 IST,2025-10-29 23:30 IST,2025-10-29 23:30 IST,2.6597,2.6739,2.6437,0.5358,65.32,35.0,39.19,FILLED_TP,1.1199,N/A,1.6581022929563657e+31,6.498905756679911e+30,2.307992868624357e+31,5116713541232.271,267398372461.946,1738089421002.6484,6854802962234.92
1023,ETHUSD,LONG,"[3817.20, 3853.75]",2025-10-31 17:30 IST,2025-10-31 17:30 IST,2025-10-31 17:30 IST,3844.6125,3817.2,3867.6802,0.713,49.09,35.0,29.45,FILLED_TP,0.8415,N/A,2.307992868624357e+31,6.797632572187973e+30,2.987756125843154e+31,6854802962234.92,269188768737.6422,1749726996794.6738,8604529959029.594
1024,SOLUSD,LONG,"[184.54, 186.56]",2025-10-31 17:30 IST,2025-10-31 18:30 IST,2025-10-31 18:30 IST,186.0568,184.541,187.1731,0.8147,42.96,35.0,25.78,FILLED_TP,0.7365,N/A,2.987756125843154e+31,7.70162367534629e+30,3.7579184933777834e+31,8604529959029.594,295735211114.8295,1922278872246.3916,10526808831275.984
1025,BTCUSD,SHORT,"[110612.00, 111570.50]",2025-10-31 19:30 IST,2025-10-31 19:30 IST,2025-10-31 19:30 IST,110851.625,111570.5,110186.5152,0.6485,53.97,35.0,32.38,FILLED_TP,0.9252,N/A,3.7579184933777834e+31,1.216901242048765e+31,4.974819735426549e+31,10526808831275.984,454510008281.2203,2954315053827.9316,13481123885103.916
1026,BTCUSD,LONG,"[109087.00, 110240.50]",2025-11-01 10:30 IST,2025-11-01 11:30 IST,2025-11-02 09:30 IST,109952.125,109087.0,110611.8378,0.7868,44.48,35.0,26.69,FILLED_TP,0.7626,N/A,4.974819735426549e+31,1.3277655864116539e+31,6.302585321838203e+31,13481123885103.916,479743275475.2443,3118331290589.088,16599455175693.004
1027,XRPUSD,SHORT,"[2.50, 2.51]",2025-11-01 20:30 IST,2025-11-01 20:30 IST,2025-11-01 20:30 IST,2.503,2.5142,2.488,0.4465,78.39,35.0,47.04,FILLED_TP,1.3439,N/A,6.302585321838203e+31,2.964528869163944e+31,9.267114191002147e+31,16599455175693.004,1041045043536.3536,6766792782986.299,23366247958679.305
1028,ETHUSD,LONG,"[3857.25, 3874.80]",2025-11-01 22:30 IST,2025-11-01 22:30 IST,2025-11-02 09:30 IST,3870.4125,3857.25,3893.635,0.3401,100.0,34.01,60.0,FILLED_TP,1.7643,N/A,9.267114191002147e+31,5.560268514601288e+31,1.4827382705603434e+32,23366247958679.305,1869299836694.3445,12150448938513.238,35516696897192.55
1029,SOLUSD,SHORT,"[185.93, 187.09]",2025-11-02 00:30 IST,2025-11-02 00:30 IST,2025-11-02 03:30 IST,186.2198,187.095,185.1024,0.47,74.47,35.0,44.68,FILLED_TP,1.2766,N/A,1.4827382705603434e+32,6.624870781197155e+31,2.145225348680059e+32,35516696897192.55,2115846805787.929,13753004237621.537,49269701134814.086
1030,ETHUSD,LONG,"[3860.75, 3876.50]",2025-11-02 14:30 IST,2025-11-02 14:30 IST,2025-11-02 14:30 IST,3872.5625,3860.75,3895.7979,0.305,100.0,30.5,60.0,FILLED_TP,1.967,N/A,2.145225348680059e+32,1.2871352092080353e+32,3.432360557888094e+32,49269701134814.086,3941576090785.1274,25620244590103.32,74889945724917.4
1031,BTCUSD,LONG,"[109818.00, 110401.50]",2025-11-02 19:30 IST,2025-11-02 19:30 IST,2025-11-02 21:30 IST,110255.625,109818.0,110917.1588,0.3969,88.18,35.0,52.91,FILLED_SL,-1.0,CONSOLIDATION_REVERSAL,3.432360557888094e+32,-1.2013261952608328e+32,2.2310343626272613e+32,74889945724917.4,5282994747084.186,-31494475750805.273,43395469974112.13
1032,ETHUSD,SHORT,"[3891.05, 3917.55]",2025-11-03 04:30 IST,2025-11-03 04:30 IST,2025-11-03 04:30 IST,3897.675,3917.55,3874.289,0.5099,68.64,35.0,41.18,FILLED_TP,1.1767,N/A,2.2310343626272613e+32,9.188064606109054e+31,3.1498408232381666e+32,43395469974112.13,2382873094881.8774,15488675116732.201,58884145090844.336
1033,SOLUSD,SHORT,"[186.69, 188.35]",2025-11-03 04:30 IST,2025-11-03 04:30 IST,2025-11-03 04:30 IST,187.1085,188.355,185.9858,0.6662,52.54,35.0,31.52,FILLED_TP,0.9006,N/A,3.1498408232381666e+32,9.929082892235902e+31,4.142749112461757e+32,58884145090844.336,2474899909574.3887,16086849412233.525,74970994503077.86
1034,XRPUSD,SHORT,"[2.51, 2.55]",2025-11-03 04:30 IST,2025-11-03 04:30 IST,2025-11-03 04:30 IST,2.5219,2.5546,2.5068,1.2966,26.99,35.0,16.2,FILLED_TP,0.4627,N/A,4.142749112461757e+32,6.709467239176215e+31,4.813695836379378e+32,74970994503077.86,1618942455365.355,10523125959874.805,85494120462952.66
1035,SOLUSD,LONG,"[172.37, 177.28]",2025-11-03 18:30 IST,2025-11-03 18:30 IST,2025-11-03 20:30 IST,176.0498,172.374,177.106,2.0879,16.76,35.0,10.06,FILLED_SL,-1.0,CONSOLIDATION_REVERSAL,4.813695836379378e+32,-1.6847935427327822e+32,3.128902293646596e+32,85494120462952.66,1146525522549.7742,-31069467684583.203,54424652778369.45
1036,XRPUSD,SHORT,"[2.27, 2.32]",2025-11-05 20:30 IST,2025-11-05 21:30 IST,2025-11-05 21:30 IST,2.2857,2.32,2.272,1.4995,23.34,35.0,14.0,FILLED_TP,0.4001,N/A,3.128902293646596e+32,4.381853073612091e+31,3.567087601007805e+32,54424652778369.45,1016249191892.4927,6605619747301.203,61030272525670.66
1037,SOLUSD,SHORT,"[161.29, 165.06]",2025-11-05 21:30 IST,2025-11-05 22:30 IST,2025-11-05 22:30 IST,162.2334,165.0637,161.26,1.7446,20.06,35.0,12.04,FILLED_TP,0.3439,N/A,3.567087601007805e+32,4.293829262003559e+31,3.996470527208161e+32,61030272525670.66,979523911756.4286,6366905426416.786,67397177952087.445
1038,XRPUSD,LONG,"[2.31, 2.34]",2025-11-06 10:30 IST,2025-11-06 10:30 IST,2025-11-06 10:30 IST,2.3354,2.3095,2.3494,1.108,31.59,35.0,18.95,FILLED_TP,0.5415,N/A,3.996470527208161e+32,7.574817565489981e+31,4.753952283757159e+32,67397177952087.445,1703240643430.3223,11071064182297.094,78468242134384.53
1039,SOLUSD,LONG,"[153.69, 156.48]",2025-11-07 03:30 IST,2025-11-07 03:30 IST,2025-11-07 03:30 IST,155.78,153.686,156.7147,1.3442,26.04,35.0,15.62,FILLED_TP,0.4464,N/A,4.753952283757159e+32,7.426926658088605e+31,5.496644949566019e+32,78468242134384.53,1634507723359.3352,10624300201835.678,89092542336220.2
1040,ETHUSD,LONG,"[3273.65, 3330.10]",2025-11-07 14:30 IST,2025-11-07 14:30 IST,2025-11-07 14:30 IST,3315.9875,3273.65,3335.8834,1.2768,27.41,35.0,16.45,FILLED_TP,0.4699,N/A,5.496644949566019e+32,9.040754055829447e+31,6.400720355148964e+32,89092542336220.2,1953831281592.805,12699903330353.23,101792445666573.44
1041,SOLUSD,SHORT,"[156.80, 158.60]",2025-11-07 21:30 IST,2025-11-07 21:30 IST,2025-11-07 21:30 IST,157.2485,158.6,156.305,0.8595,40.72,35.0,24.43,FILLED_TP,0.6981,N/A,6.400720355148964e+32,1.5639346777728213e+32,7.964655032921785e+32,101792445666573.44,3316225401311.203,21555465108522.82,123347910775096.25
1042,ETHUSD,SHORT,"[3428.20, 3455.50]",2025-11-08 00:30 IST,2025-11-08 00:30 IST,2025-11-08 01:30 IST,3435.025,3455.5,3414.4148,0.5961,58.72,35.0,35.23,FILLED_SL,-1.0,CONSOLIDATION_REVERSAL,7.964655032921785e+32,-2.7876292615226248e+32,5.17702577139916e+32,123347910775096.25,5794231209712.375,-48965999980996.06,74381910794100.19
1043,BTCUSD,SHORT,"[103544.00, 104187.50]",2025-11-08 01:30 IST,2025-11-08 01:30 IST,2025-11-08 01:30 IST,103704.875,104187.5,103082.6457,0.4654,75.21,35.0,45.12,FILLED_TP,1.2893,N/A,5.17702577139916e+32,2.336086821111484e+32,7.513112592510644e+32,74381910794100.19,4475223399379.906,29088952095969.39,103470862890069.58
1044,XRPUSD,SHORT,"[2.35, 2.39]",2025-11-08 01:30 IST,2025-11-08 01:30 IST,2025-11-08 01:30 IST,2.3623,2.3891,2.3482,1.1334,30.88,35.0,18.53,FILLED_TP,0.5294,N/A,7.513112592510644e+32,1.3920324474590478e+32,8.905145039969692e+32,103470862890069.58,2556149607077.4976,16614972446003.736,120085835336073.31
1045,BTCUSD,SHORT,"[105800.50, 106580.00]",2025-11-10 22:30 IST,2025-11-10 23:30 IST,2025-11-11 02:30 IST,105995.375,106580.0,105359.4027,0.5516,63.46,35.0,38.07,FILLED_TP,1.0878,N/A,8.905145039969692e+32,3.390547435836738e+32,1.2295692475806431e+33,120085835336073.31,6096201978392.81,39625312859553.25,159711148195626.56
1046,SOLUSD,LONG,"[164.79, 167.81]",2025-11-11 09:30 IST,2025-11-11 09:30 IST,2025-11-11 09:30 IST,167.0577,164.789,168.0601,1.3581,25.77,35.0,15.46,FILLED_TP,0.4418,N/A,1.2295692475806431e+33,1.9013071124497175e+32,1.4196999588256148e+33,159711148195626.56,3292859865077.1504,21403589123001.477,181114737318628.03
1047,BTCUSD,LONG,"[104627.00, 105596.00]",2025-11-11 10:30 IST,2025-11-11 10:30 IST,2025-11-11 17:30 IST,105353.75,104627.0,105985.8725,0.6898,50.74,35.0,30.44,FILLED_SL,-1.0,CONSOLIDATION_REVERSAL,1.4196999588256148e+33,-4.968949855889652e+32,9.228049732366498e+32,181114737318628.03,7351513851942.31,-70741671913462.11,110373065405165.92
1048,ETHUSD,SHORT,"[3538.70, 3592.60]",2025-11-12 16:30 IST,2025-11-12 16:30 IST,2025-11-12 19:30 IST,3552.175,3592.6,3530.8619,1.138,30.75,35.0,18.45,FILLED_TP,0.5272,N/A,9.228049732366498e+32,1.702838834185393e+32,1.0930888566551891e+33,110373065405165.92,2715597877787.6606,17651386205619.793,128024451610785.72
1049,SOLUSD,LONG,"[150.97, 154.19]",2025-11-13 02:30 IST,2025-11-13 02:30 IST,2025-11-13 05:30 IST,153.3822,150.965,154.3025,1.576,22.21,35.0,13.33,FILLED_TP,0.3807,N/A,1.0930888566551891e+33,1.4565597244628045e+32,1.2387448291014696e+33,128024451610785.72,2274597151333.9424,14784881483670.625,142809333094456.34
1050,SOLUSD,LONG,"[152.26, 154.45]",2025-11-13 18:30 IST,2025-11-13 18:30 IST,2025-11-13 18:30 IST,153.9,152.256,154.8234,1.0682,32.76,35.0,19.66,FILLED_TP,0.5617,N/A,1.2387448291014696e+33,2.4352186211514756e+32,1.4822666912166173e+33,142809333094456.34,3743272373300.664,24331270426454.316,167140603520910.66
1051,XRPUSD,LONG,"[2.25, 2.30]",2025-11-14 23:30 IST,2025-11-14 23:30 IST,2025-11-14 23:30 IST,2.2883,2.2537,2.3021,1.5142,23.11,35.0,13.87,FILLED_TP,0.3963,N/A,1.4822666912166173e+33,2.0557242320275997e+32,1.6878391144193773e+33,167140603520910.66,3090716768218.789,20089658993422.125,187230262514332.78
1052,BTCUSD,SHORT,"[96230.00, 97388.00]",2025-11-15 07:30 IST,2025-11-15 08:30 IST,2025-11-15 09:30 IST,96519.5,97388.0,95940.383,0.8998,38.9,35.0,23.34,FILLED_TP,0.6668,N/A,1.6878391144193773e+33,3.939087087493636e+32,2.081747823168741e+33,187230262514332.78,5826118561163.615,37869770647563.5,225100033161896.28
1053,ETHUSD,LONG,"[3133.75, 3177.25]",2025-11-16 01:30 IST,2025-11-16 01:30 IST,2025-11-16 01:30 IST,3166.375,3133.75,3185.3733,1.0304,33.97,35.0,20.38,FILLED_TP,0.5823,N/A,2.081747823168741e+33,4.2428652731127776e+32,2.5060343504800186e+33,225100033161896.28,6117097713435.703,39761135137332.07,264861168299228.34
1054,BTCUSD,SHORT,"[95971.50, 96450.00]",2025-11-16 12:30 IST,2025-11-16 13:30 IST,2025-11-16 14:30 IST,96091.125,96450.0,95514.5783,0.3735,93.71,35.0,56.23,FILLED_SL,-1.0,CONSOLIDATION_REVERSAL,2.5060343504800186e+33,-8.771120226680065e+32,1.6289223278120123e+33,264861168299228.34,19857126120773.008,-112558535025502.94,152302633273725.4
1055,BTCUSD,LONG,"[94815.00, 95472.50]",2025-11-16 18:30 IST,2025-11-16 18:30 IST,2025-11-16 20:30 IST,95308.125,94815.0,95879.9738,0.5174,67.65,35.0,40.59,FILLED_SL,-1.0,CONSOLIDATION_REVERSAL,1.6289223278120123e+33,-5.7012281473420425e+32,1.058799513077808e+33,152302633273725.4,8242108907004.89,-61548030552808.78,90754602720916.62
1056,ETHUSD,LONG,"[3130.60, 3157.40]",2025-11-16 18:30 IST,2025-11-16 18:30 IST,2025-11-16 18:30 IST,3150.7,3130.6,3169.6042,0.638,54.86,35.0,32.92,FILLED_TP,0.9405,N/A,1.058799513077808e+33,3.4853309523850525e+32,1.4073326083163134e+33,90754602720916.62,3983251119501.5977,25891132276760.383,116645734997677.0
1057,XRPUSD,LONG,"[2.15, 2.20]",2025-11-17 02:30 IST,2025-11-17 02:30 IST,2025-11-17 02:30 IST,2.186,2.1531,2.1991,1.5062,23.24,35.0,13.94,FILLED_TP,0.3984,N/A,1.4073326083163134e+33,1.9622095540467082e+32,1.603553563720984e+33,116645734997677.0,2168484069780.499,14095146453573.242,130740881451250.25
1058,ETHUSD,SHORT,"[3181.95, 3256.60]",2025-11-17 09:30 IST,2025-11-17 12:30 IST,2025-11-17 14:30 IST,3200.6125,3256.6,3181.4088,1.7493,20.01,35.0,12.0,FILLED_TP,0.343,N/A,1.603553563720984e+33,1.9250622940792703e+32,1.7960597931289113e+33,130740881451250.25,2092721622531.614,13602690546455.49,144343571997705.75
1059,SOLUSD,LONG,"[139.26, 141.57]",2025-11-19 08:30 IST,2025-11-19 08:30 IST,2025-11-19 08:30 IST,140.9922,139.259,141.8382,1.2293,28.47,35.0,17.08,FILLED_TP,0.4881,N/A,1.7960597931289113e+33,3.0681325479436777e+32,2.102873047923279e+33,144343571997705.75,3287679790519.6562,21369918638377.76,165713490636083.5
1060,SOLUSD,SHORT,"[140.02, 142.82]",2025-11-19 12:30 IST,2025-11-19 12:30 IST,2025-11-19 12:30 IST,140.7198,142.822,139.8754,1.4939,23.43,35.0,14.06,FILLED_TP,0.4016,N/A,2.102873047923279e+33,2.9559905631088328e+32,2.3984721042341624e+33,165713490636083.5,3105893719920.261,20188309179481.695,185901799815565.2
1061,BTCUSD,SHORT,"[90912.00, 91998.00]",2025-11-20 04:30 IST,2025-11-20 04:30 IST,2025-11-20 04:30 IST,91183.5,91998.0,90636.399,0.8933,39.18,35.0,23.51,FILLED_TP,0.6717,N/A,2.3984721042341624e+33,5.6387019072377535e+32,2.962342294957938e+33,185901799815565.2,5827292196163.443,37877399275062.375,223779199090627.56
1062,BTCUSD,SHORT,"[84048.00, 84773.00]",2025-11-22 16:30 IST,2025-11-22 16:30 IST,2025-11-22 16:30 IST,84229.25,84773.0,83723.8745,0.6456,54.22,35.0,32.53,FILLED_TP,0.9294,N/A,2.962342294957938e+33,9.636474969561937e+32,3.9259897919141316e+33,223779199090627.56,9706025102347.014,63089163165255.56,286868362255883.1
1063,XRPUSD,SHORT,"[1.94, 1.96]",2025-11-22 21:30 IST,2025-11-22 21:30 IST,2025-11-22 21:30 IST,1.9433,1.9627,1.9316,0.9996,35.01,35.0,21.01,FILLED_TP,0.6002,N/A,3.9259897919141316e+33,8.247867905818391e+32,4.750776582495971e+33,286868362255883.1,8035518798743.164,52230872191830.56,339099234447713.7
1064,BTCUSD,LONG,"[84183.00, 84876.00]",2025-11-23 04:30 IST,2025-11-23 04:30 IST,2025-11-23 05:30 IST,84702.75,84183.0,85210.9665,0.6136,57.04,35.0,34.22,FILLED_TP,0.9778,N/A,4.750776582495971e+33,1.6258741057495375e+33,6.376650688245509e+33,339099234447713.7,15473474844776.34,100577586491046.19,439676820938759.9
1065,BTCUSD,SHORT,"[87170.00, 88223.00]",2025-11-24 07:30 IST,2025-11-24 07:30 IST,2025-11-24 09:30 IST,87433.25,88223.0,86908.6505,0.9033,38.75,35.0,23.25,FILLED_TP,0.6643,N/A,6.376650688245509e+33,1.4825143614496832e+33,7.859165049695192e+33,439676820938759.9,13629458123730.639,88591477804249.14,528268298743009.0
1066,XRPUSD,LONG,"[2.02, 2.07]",2025-11-24 09:30 IST,2025-11-24 09:30 IST,2025-11-24 09:30 IST,2.0553,2.023,2.0676,1.5692,22.31,35.0,13.38,FILLED_TP,0.3824,N/A,7.859165049695192e+33,1.0517938863135133e+33,8.910958936008705e+33,528268298743009.0,9426435903182.648,61271833370687.21,589540132113696.2
1067,ETHUSD,LONG,"[2762.00, 2802.70]",2025-11-24 14:30 IST,2025-11-24 14:30 IST,2025-11-24 14:30 IST,2792.525,2762.0,2809.2801,1.0931,32.02,35.0,19.21,FILLED_TP,0.5489,N/A,8.910958936008705e+33,1.7119265770952924e+33,1.0622885513103998e+34,589540132113696.2,15101246718448.135,98158103669912.84,687698235783609.1
1068,SOLUSD,LONG,"[128.09, 129.43]",2025-11-24 14:30 IST,2025-11-24 14:30 IST,2025-11-24 14:30 IST,129.0923,128.094,129.8668,0.7733,45.26,35.0,27.16,FILLED_TP,0.7759,N/A,1.0622885513103998e+34,2.884846084643989e+33,1.3507731597747988e+34,687698235783609.1,24901000272410.652,161856501770669.22,849554737554278.4
1069,BTCUSD,SHORT,"[86986.00, 88029.00]",2025-11-24 21:30 IST,2025-11-24 21:30 IST,2025-11-24 21:30 IST,87246.75,88029.0,86723.2695,0.8966,39.04,35.0,23.42,FILLED_TP,0.6692,N/A,1.3507731597747988e+34,3.1637736423511923e+33,1.667150524009918e+34,849554737554278.4,26530967265758.832,172451287227432.38,1022006024781710.8
1070,BTCUSD,LONG,"[85234.50, 86632.50]",2025-11-26 17:30 IST,2025-11-26 17:30 IST,2025-11-26 17:30 IST,86283.0,85234.5,86800.698,1.2152,28.8,35.0,17.28,FILLED_TP,0.4938,N/A,1.667150524009918e+34,2.881050760063045e+33,1.9552556000162226e+34,1022006024781710.8,23548773327751.36,153067026630383.8,1175073051412094.5
1071,XRPUSD,SHORT,"[2.23, 2.26]",2025-11-26 22:30 IST,2025-11-26 22:30 IST,2025-11-26 22:30 IST,2.2351,2.2641,2.2217,1.2952,27.02,35.0,16.21,FILLED_TP,0.4632,N/A,1.9552556000162226e+34,3.170158225972413e+33,2.272271422613464e+34,1175073051412094.5,25402765756195.07,165117977415267.97,1340191028827362.5
1072,ETHUSD,LONG,"[3005.00, 3047.30]",2025-11-27 07:30 IST,2025-11-27 07:30 IST,2025-11-27 07:30 IST,3036.725,3005.0,3054.9454,1.0447,33.5,35.0,20.1,FILLED_TP,0.5743,N/A,2.272271422613464e+34,4.5675502648558437e+33,2.7290264490990483e+34,1340191028827362.5,35919358504788.13,233475830281122.78,1573666859108485.2
1073,BTCUSD,SHORT,"[91449.00, 91914.50]",2025-11-27 23:30 IST,2025-11-27 23:30 IST,2025-11-28 06:30 IST,91565.375,91914.5,91015.9827,0.3813,91.79,35.0,55.08,FILLED_TP,1.5736,N/A,2.7290264490990483e+34,1.503063640280738e+34,4.232090089379786e+34,1573666859108485.2,115563625928293.23,751163568533905.9,2324830427642391.0
1074,ETHUSD,SHORT,"[3035.60, 3070.35]",2025-11-27 23:30 IST,2025-11-28 13:30 IST,2025-11-28 13:30 IST,3044.2875,3070.35,3026.0218,0.8561,40.88,35.0,24.53,FILLED_SL,-1.0,DUAL_TOUCH_AMBIGUITY,4.232090089379786e+34,-1.481231531282925e+34,2.750858558096861e+34,2324830427642391.0,76035937417269.56,-889726587092106.2,1435103840550284.8
1075,SOLUSD,SHORT,"[141.48, 143.14]",2025-11-28 14:30 IST,2025-11-28 14:30 IST,2025-11-28 14:30 IST,141.897,143.136,141.0456,0.8732,40.08,35.0,24.05,FILLED_TP,0.6872,N/A,2.750858558096861e+34,6.615908081665575e+33,3.4124493662634184e+34,1435103840550284.8,46019645121483.18,299127693289640.6,1734231533839925.5
1076,BTCUSD,LONG,"[90621.00, 91110.00]",2025-11-28 21:30 IST,2025-11-28 21:30 IST,2025-11-28 21:30 IST,90987.75,90621.0,91533.6765,0.4031,86.83,35.0,52.1,FILLED_TP,1.4886,N/A,3.4124493662634184e+34,1.7778630910238366e+34,5.190312457287255e+34,1734231533839925.5,120469723430348.3,783053202297263.8,2517284736137189.0
1077,ETHUSD,SHORT,"[2987.75, 3014.20]",2025-11-29 23:30 IST,2025-11-29 23:30 IST,2025-11-29 23:30 IST,2994.3625,3014.2,2976.3963,0.6625,52.83,35.0,31.7,FILLED_TP,0.9057,N/A,5.190312457287255e+34,1.6452436884338548e+34,6.83555614572111e+34,2517284736137189.0,106391714903555.64,691546146873111.5,3208830883010300.5
1078,XRPUSD,SHORT,"[2.20, 2.23]",2025-11-30 01:30 IST,2025-11-30 01:30 IST,2025-11-30 01:30 IST,2.2078,2.2317,2.1945,1.0837,32.3,35.0,19.38,FILLED_TP,0.5537,N/A,6.83555614572111e+34,1.3246343547001515e+34,8.160190500421262e+34,3208830883010300.5,82910154598398.3,538916004889588.94,3747746887899889.5
1079,SOLUSD,SHORT,"[137.01, 137.84]",2025-11-30 17:30 IST,2025-11-30 17:30 IST,2025-11-30 17:30 IST,137.2158,137.839,136.3925,0.4542,77.06,35.0,46.23,FILLED_TP,1.321,N/A,8.160190500421262e+34,3.7727781552863763e+34,1.193296865570764e+35,3747746887899889.5,231030841571345.97,1501700470213748.8,5249447358113638.0
1080,ETHUSD,SHORT,"[3036.40, 3060.10]",2025-11-30 21:30 IST,2025-11-30 21:30 IST,2025-12-01 01:30 IST,3042.325,3060.1,3024.0711,0.5843,59.91,35.0,35.94,FILLED_TP,1.0269,N/A,1.193296865570764e+35,4.289076490435931e+34,1.6222045146143571e+35,5249447358113638.0,251575076312598.5,1635237996031890.0,6884685354145528.0
1081,ETHUSD,LONG,"[2783.70, 2848.50]",2025-12-01 12:30 IST,2025-12-01 12:30 IST,2025-12-01 14:30 IST,2832.3,2783.7,2849.2938,1.7159,20.4,35.0,12.24,FILLED_TP,0.3497,N/A,1.6222045146143571e+35,1.9853079584688557e+34,1.8207353104612428e+35,6884685354145528.0,112342765678867.19,730227976912636.8,7614913331058165.0
1082,BTCUSD,SHORT,"[86478.00, 86895.00]",2025-12-02 03:30 IST,2025-12-02 03:30 IST,2025-12-02 06:30 IST,86582.25,86895.0,86062.7565,0.3612,96.89,35.0,58.14,FILLED_SL,-1.0,CONSOLIDATION_REVERSAL,1.8207353104612428e+35,-6.372573586614349e+34,1.1834779517998079e+35,7614913331058165.0,590275211294142.4,-3255494877164500.0,4359418453893665.0
1083,SOLUSD,SHORT,"[126.85, 127.98]",2025-12-02 05:30 IST,2025-12-02 05:30 IST,2025-12-02 06:30 IST,127.1325,127.98,126.3697,0.6666,52.5,35.0,31.5,FILLED_SL,-1.0,CONSOLIDATION_REVERSAL,1.1834779517998079e+35,-4.1421728312993273e+34,7.692606686698751e+34,4359418453893665.0,183106377162355.38,-1708902836025138.0,2650515617868527.0
1084,ETHUSD,SHORT,"[2827.45, 2852.25]",2025-12-02 18:30 IST,2025-12-02 18:30 IST,2025-12-02 19:30 IST,2833.65,2852.25,2816.6481,0.6564,53.32,35.0,31.99,FILLED_SL,-1.0,CONSOLIDATION_REVERSAL,7.692606686698751e+34,-2.6924123403445625e+34,5.0001943463541885e+34,2650515617868527.0,113063301212926.95,-1040743767466911.4,1609771850401615.5
1085,XRPUSD,SHORT,"[2.04, 2.06]",2025-12-02 18:30 IST,2025-12-02 18:30 IST,2025-12-02 18:30 IST,2.0463,2.0594,2.0341,0.6377,54.88,35.0,32.93,FILLED_TP,0.9409,N/A,5.0001943463541885e+34,1.6465525035547588e+34,6.646746849908948e+34,1609771850401615.5,70679222628306.56,459414947083992.7,2069186797485608.2
1086,XRPUSD,LONG,"[2.14, 2.16]",2025-12-04 16:30 IST,2025-12-04 16:30 IST,2025-12-04 17:30 IST,2.1534,2.1409,2.1663,0.5782,60.54,35.0,36.32,FILLED_SL,-1.0,CONSOLIDATION_REVERSAL,6.646746849908948e+34,-2.3263613974681313e+34,4.320385452440816e+34,2069186797485608.2,100208140506212.72,-824423519626175.6,1244763277859432.5
1087,BTCUSD,LONG,"[90675.50, 91893.50]",2025-12-04 19:30 IST,2025-12-05 00:30 IST,2025-12-05 00:30 IST,91589.0,90675.5,92138.534,0.9974,35.09,35.0,21.05,FILLED_TP,0.6016,N/A,4.320385452440816e+34,9.096546740312689e+33,5.230040126472085e+34,1244763277859432.5,34944559036281.25,227139633735828.12,1471902911595260.5
1088,SOLUSD,LONG,"[139.90, 141.79]",2025-12-04 23:30 IST,2025-12-04 23:30 IST,2025-12-04 23:30 IST,141.3175,139.9,142.1654,1.0031,34.89,35.0,20.94,FILLED_TP,0.5982,N/A,5.230040126472085e+34,1.094957326774406e+34,6.324997453246491e+34,1471902911595260.5,41087533769751.055,267068969503381.8,1738971881098642.2
1089,ETHUSD,LONG,"[3055.50, 3109.30]",2025-12-05 18:30 IST,2025-12-05 18:30 IST,2025-12-05 18:30 IST,3095.85,3055.5,3114.4251,1.3034,26.85,35.0,16.11,FILLED_TP,0.4603,N/A,6.324997453246491e+34,1.0190981677281103e+34,7.344095620974601e+34,1738971881098642.2,37358287669585.414,242828869852305.22,1981800750950947.5
1090,XRPUSD,SHORT,"[2.03, 2.05]",2025-12-06 19:30 IST,2025-12-06 19:30 IST,2025-12-06 20:30 IST,2.0378,2.0494,2.0255,0.5705,61.35,35.0,36.81,FILLED_TP,1.0518,N/A,7.344095620974601e+34,2.703465836857307e+34,1.0047561457831907e+35,1981800750950947.5,97270531361319.5,632258453848576.8,2614059204799524.0
1091,BTCUSD,LONG,"[89183.50, 89617.00]",2025-12-07 00:30 IST,2025-12-07 00:30 IST,2025-12-07 04:30 IST,89508.625,89183.5,90045.6767,0.3632,96.36,35.0,57.81,FILLED_SL,-1.0,CONSOLIDATION_REVERSAL,1.0047561457831907e+35,-3.5166465102411675e+34,6.530914947590739e+34,2614059204799524.0,201505995002708.7,-1116426716682542.0,1497632488116982.0
1092,ETHUSD,LONG,"[3012.45, 3035.15]",2025-12-07 00:30 IST,2025-12-07 00:30 IST,2025-12-07 03:30 IST,3029.475,3012.45,3047.6518,0.562,62.28,35.0,37.37,FILLED_TP,1.0677,N/A,6.530914947590739e+34,2.440470571382668e+34,8.971385518973408e+34,1497632488116982.0,74617988307940.53,485016924001613.4,1982649412118595.5
1093,XRPUSD,LONG,"[2.02, 2.03]",2025-12-07 12:30 IST,2025-12-07 12:30 IST,2025-12-07 12:30 IST,2.0293,2.0197,2.0415,0.4731,73.98,35.0,44.39,FILLED_TP,1.2683,N/A,8.971385518973408e+34,3.982482138611423e+34,1.295386765758483e+35,1982649412118595.5,117348888183687.73,762767773193970.2,2745417185312566.0
1094,BTCUSD,SHORT,"[89448.00, 89759.00]",2025-12-07 20:30 IST,2025-12-07 20:30 IST,2025-12-07 20:30 IST,89525.75,89759.0,88988.5955,0.2605,100.0,26.05,60.0,FILLED_TP,2.3029,N/A,1.295386765758483e+35,7.772320594550898e+34,2.0726188252135728e+35,2745417185312566.0,219633374825005.3,1427616936362534.2,4173034121675100.0
1095,XRPUSD,SHORT,"[2.05, 2.07]",2025-12-07 20:30 IST,2025-12-07 21:30 IST,2025-12-07 21:30 IST,2.0564,2.073,2.0441,0.806,43.42,35.0,26.05,FILLED_TP,0.7444,N/A,2.0726188252135728e+35,5.400053606059501e+34,2.6126241858195228e+35,4173034121675100.0,144967051235378.6,942285833029960.8,5115319954705061.0
1096,XRPUSD,SHORT,"[2.09, 2.11]",2025-12-07 23:30 IST,2025-12-07 23:30 IST,2025-12-08 00:30 IST,2.0985,2.1121,2.0859,0.6505,53.81,35.0,32.28,FILLED_TP,0.9224,N/A,2.6126241858195228e+35,8.434555727281677e+34,3.456079758547691e+35,5115319954705061.0,220189603260534.5,1431232421193474.2,6546552375898535.0
1097,ETHUSD,LONG,"[2998.35, 3039.70]",2025-12-08 03:30 IST,2025-12-08 03:30 IST,2025-12-08 03:30 IST,3029.3625,2998.35,3047.5387,1.0237,34.19,35.0,20.51,FILLED_TP,0.5861,N/A,3.456079758547691e+35,7.089531213820985e+34,4.165032879929789e+35,6546552375898535.0,179054461140290.28,1163853997411886.8,7710406373310422.0
1098,XRPUSD,LONG,"[1.99, 2.03]",2025-12-08 03:30 IST,2025-12-08 03:30 IST,2025-12-08 03:30 IST,2.0205,1.9885,2.0326,1.585,22.08,35.0,13.25,FILLED_TP,0.3786,N/A,4.165032879929789e+35,5.518395448996779e+34,4.7168724248294665e+35,7710406373310422.0,136210437922911.03,885367846498921.8,8595774219809344.0
1099,XRPUSD,LONG,"[2.06, 2.08]",2025-12-08 20:30 IST,2025-12-08 20:30 IST,2025-12-08 20:30 IST,2.0721,2.0575,2.0846,0.7058,49.59,35.0,29.75,FILLED_TP,0.8501,N/A,4.7168724248294665e+35,1.4034388700123049e+35,6.1203112948417714e+35,8595774219809344.0,341006852886317.7,2216544543761064.8,1.0812318763570408e+16
1100,SOLUSD,LONG,"[130.58, 132.36]",2025-12-09 14:30 IST,2025-12-09 19:30 IST,2025-12-09 19:30 IST,131.9137,130.584,132.7052,1.008,34.72,35.0,20.83,FILLED_TP,0.5952,N/A,6.1203112948417714e+35,1.2750078958803333e+35,7.395319190722104e+35,1.0812318763570408e+16,300328771576179.75,1952137015245168.2,1.2764455778815576e+16
1101,XRPUSD,SHORT,"[2.08, 2.09]",2025-12-09 17:30 IST,2025-12-09 17:30 IST,2025-12-09 17:30 IST,2.0802,2.0933,2.0677,0.631,55.47,35.0,33.28,FILLED_TP,0.9509,N/A,7.395319190722104e+35,2.461369295609646e+35,9.85668848633175e+35,1.2764455778815576e+16,566449105060215.1,3681919182891397.5,1.6446374961706974e+16
1102,ETHUSD,LONG,"[3287.35, 3314.70]",2025-12-10 15:30 IST,2025-12-10 16:30 IST,2025-12-10 18:30 IST,3307.8625,3287.35,3327.7097,0.6201,56.44,35.0,33.86,FILLED_TP,0.9676,N/A,9.85668848633175e+35,3.337945031471034e+35,1.3194633517802785e+36,1.6446374961706974e+16,742603639687779.5,4826923657970566.0,2.127329861967754e+16
1103,BTCUSD,SHORT,"[92097.00, 93231.50]",2025-12-10 21:30 IST,2025-12-10 21:30 IST,2025-12-11 00:30 IST,92380.625,93231.5,91826.3412,0.9211,38.0,35.0,22.8,FILLED_TP,0.6514,N/A,1.3194633517802785e+36,3.0083735344712175e+35,1.6203007052274004e+36,2.127329861967754e+16,646707652996369.2,4203599744476400.0,2.547689836415394e+16
1104,SOLUSD,SHORT,"[138.04, 140.22]",2025-12-11 00:30 IST,2025-12-11 00:30 IST,2025-12-11 00:30 IST,138.5835,140.22,137.752,1.1809,29.64,35.0,17.78,FILLED_TP,0.5081,N/A,1.6203007052274004e+36,2.881445645243237e+35,1.908445269751724e+36,2.547689836415394e+16,604087851173634.9,3926571032628627.0,2.940346939678257e+16
1105,SOLUSD,SHORT,"[136.39, 139.50]",2025-12-12 02:30 IST,2025-12-12 02:30 IST,2025-12-12 02:30 IST,137.1658,139.499,136.3428,1.701,20.58,35.0,12.35,FILLED_TP,0.3527,N/A,1.908445269751724e+36,2.356044085266652e+35,2.1440496782783893e+36,2.940346939678257e+16,483995157430745.8,3145968523299847.5,3.2549437920082416e+16
1106,ETHUSD,LONG,"[3144.00, 3195.20]",2025-12-12 05:30 IST,2025-12-12 20:30 IST,2025-12-12 20:30 IST,3182.4,3144.0,3201.4944,1.2066,29.01,35.0,17.4,FILLED_SL,-1.0,DUAL_TOUCH_AMBIGUITY,2.1440496782783893e+36,-7.504173873974361e+35,1.393632290880953e+36,3.2549437920082416e+16,755309706935519.5,-1.2147612978964364e+16,2.0401824941118052e+16
1107,BTCUSD,LONG,"[89227.50, 90458.50]",2025-12-13 01:30 IST,2025-12-13 01:30 IST,2025-12-14 16:30 IST,90150.75,89227.5,90691.6545,1.0241,34.18,35.0,20.51,FILLED_SL,-1.0,CONSOLIDATION_REVERSAL,1.393632290880953e+36,-4.877713018083335e+35,9.058609890726196e+35,2.0401824941118052e+16,557798158187857.56,-7698436887579176.0,1.2703388053538876e+16
1108,SOLUSD,LONG,"[132.30, 132.98]",2025-12-13 17:30 IST,2025-12-13 17:30 IST,2025-12-13 17:30 IST,132.808,132.301,133.6048,0.3818,91.68,35.0,55.01,FILLED_TP,1.5717,N/A,9.058609890726196e+35,4.983071619273886e+35,1.4041681510000083e+36,1.2703388053538876e+16,931738139984269.8,6056297909897754.0,1.875968596343663e+16
1109,XRPUSD,LONG,"[1.99, 2.02]",2025-12-13 22:30 IST,2025-12-13 23:30 IST,2025-12-14 06:30 IST,2.0155,1.9886,2.0276,1.3359,26.2,35.0,15.72,FILLED_TP,0.4491,N/A,1.4041681510000083e+36,2.207348422040091e+35,1.6249029932040174e+36,1.875968596343663e+16,393202321055058.6,2555815086857880.5,2.131550105029451e+16
1110,SOLUSD,LONG,"[129.02, 131.50]",2025-12-15 03:30 IST,2025-12-15 03:30 IST,2025-12-15 04:30 IST,130.881,129.024,131.6663,1.4188,24.67,35.0,14.8,FILLED_SL,-1.0,CONSOLIDATION_REVERSAL,1.6249029932040174e+36,-5.687160476214061e+35,1.0561869455826114e+36,2.131550105029451e+16,420647466898119.1,-7881072834501198.0,1.3434428215793314e+16
1111,ETHUSD,SHORT,"[3069.55, 3107.65]",2025-12-15 05:30 IST,2025-12-15 05:30 IST,2025-12-15 05:30 IST,3079.075,3107.65,3060.6006,0.928,37.71,35.0,22.63,FILLED_TP,0.6465,N/A,1.0561869455826114e+36,2.3899791849121893e+35,1.2951848640738303e+36,1.3434428215793314e+16,405332331632277.8,2634660155609806.0,1.606908837140312e+16
1112,SOLUSD,SHORT,"[132.69, 133.65]",2025-12-15 14:30 IST,2025-12-15 14:30 IST,2025-12-15 16:30 IST,132.9263,133.647,132.1287,0.5422,64.55,35.0,38.73,FILLED_TP,1.1066,N/A,1.2951848640738303e+36,5.0162267191121315e+35,1.7968075359850435e+36,1.606908837140312e+16,829803710407490.0,5393724117648685.0,2.1462812489051804e+16
1113,ETHUSD,LONG,"[2982.35, 3047.00]",2025-12-15 20:30 IST,2025-12-15 20:30 IST,2025-12-15 20:30 IST,3030.8375,2982.35,3049.0225,1.5998,21.88,35.0,13.13,FILLED_TP,0.375,N/A,1.7968075359850435e+36,2.358596852122032e+35,2.0326672211972468e+36,2.1462812489051804e+16,375644921788918.06,2441691991627967.5,2.3904504480679772e+16
1114,SOLUSD,LONG,"[123.11, 126.30]",2025-12-16 05:30 IST,2025-12-16 08:30 IST,2025-12-16 08:30 IST,125.5025,123.11,126.2555,1.9063,18.36,35.0,11.02,FILLED_TP,0.3147,N/A,2.0326672211972468e+36,2.239164546079189e+35,2.2565836758051656e+36,2.3904504480679772e+16,351105964724858.56,2282188770711581.0,2.618669325139135e+16
1115,SOLUSD,LONG,"[124.86, 126.79]",2025-12-16 18:30 IST,2025-12-16 19:30 IST,2025-12-16 19:30 IST,126.3102,124.862,127.0681,1.1466,30.53,35.0,18.32,FILLED_TP,0.5233,N/A,2.2565836758051656e+36,4.133003703072157e+35,2.669884046112381e+36,2.618669325139135e+16,639489988573681.5,4156684925728929.5,3.034337817712028e+16
1116,BTCUSD,SHORT,"[87448.00, 87935.50]",2025-12-17 18:30 IST,2025-12-17 18:30 IST,2025-12-17 18:30 IST,87569.875,87935.5,87044.4557,0.4175,83.83,35.0,50.3,FILLED_TP,1.437,N/A,2.669884046112381e+36,1.3428593930485238e+36,4.012743439160905e+36,3.034337817712028e+16,2034889390860806.2,1.322678104059524e+16,4.357015921771552e+16
1117,SOLUSD,SHORT,"[128.77, 129.84]",2025-12-17 18:30 IST,2025-12-17 18:30 IST,2025-12-17 18:30 IST,129.0393,129.835,128.265,0.6167,56.76,35.0,34.05,FILLED_TP,0.973,N/A,4.012743439160905e+36,1.3664881533731253e+36,5.37923159253403e+36,4.357015921771552e+16,1978300957579253.5,1.2858956224265146e+16,5.6429115441980664e+16
1118,XRPUSD,SHORT,"[1.92, 1.94]",2025-12-17 18:30 IST,2025-12-17 18:30 IST,2025-12-17 18:30 IST,1.9247,1.9395,1.9132,0.7676,45.59,35.0,27.36,FILLED_TP,0.7816,N/A,5.37923159253403e+36,1.471569354082853e+36,6.850800946616883e+36,5.6429115441980664e+16,2058270604489921.0,1.3378758929184484e+16,6.980787437116515e+16
1119,SOLUSD,SHORT,"[131.70, 133.30]",2025-12-17 19:30 IST,2025-12-17 19:30 IST,2025-12-17 19:30 IST,132.1015,133.297,131.3089,0.905,38.67,35.0,23.2,FILLED_TP,0.663,N/A,6.850800946616883e+36,1.5897133171258516e+36,8.440514263742734e+36,6.980787437116515e+16,2159835195774045.0,1.4038928772531292e+16,8.384680314369645e+16
1120,SOLUSD,LONG,"[125.98, 127.03]",2025-12-17 20:30 IST,2025-12-17 20:30 IST,2025-12-17 20:30 IST,126.7677,125.98,127.5283,0.6214,56.33,35.0,33.8,FILLED_TP,0.9656,N/A,8.440514263742734e+36,2.852477782467129e+36,1.1292992046209863e+37,8.384680314369645e+16,3778144879563057.0,2.455794171715987e+16,1.0840474486085632e+17
1121,XRPUSD,LONG,"[1.85, 1.88]",2025-12-17 22:30 IST,2025-12-17 23:30 IST,2025-12-17 23:30 IST,1.8689,1.8507,1.8801,0.9752,35.89,35.0,21.53,FILLED_TP,0.6153,N/A,1.1292992046209863e+37,2.4319388661685575e+36,1.372493091237842e+37,1.0840474486085632e+17,3112652651903509.0,2.023224223737281e+16,1.2863698709822912e+17
1122,BTCUSD,LONG,"[85234.50, 85897.00]",2025-12-17 23:30 IST,2025-12-17 23:30 IST,2025-12-17 23:30 IST,85731.375,85234.5,86245.7633,0.5796,60.39,35.0,36.23,FILLED_TP,1.0352,N/A,1.372493091237842e+37,4.973041746286759e+36,1.8697972658665178e+37,1.2863698709822912e+17,6214647986597765.0,4.039521191288546e+16,1.6903219901111456e+17
1123,XRPUSD,SHORT,"[1.86, 1.88]",2025-12-18 14:30 IST,2025-12-18 14:30 IST,2025-12-18 14:30 IST,1.8635,1.8831,1.8523,1.0545,33.19,35.0,19.91,FILLED_TP,0.569,N/A,1.8697972658665178e+37,3.72365129855768e+36,2.242162395722286e+37,1.6903219901111456e+17,4488308109375748.0,2.917400271094236e+16,1.9820620172205693e+17
1124,XRPUSD,SHORT,"[1.90, 1.93]",2025-12-18 18:30 IST,2025-12-18 18:30 IST,2025-12-18 18:30 IST,1.91,1.9279,1.8985,0.9385,37.29,35.0,22.38,FILLED_TP,0.6393,N/A,2.242162395722286e+37,5.017124494123476e+36,2.7438748451346336e+37,1.9820620172205693e+17,5913488939333010.0,3.843767810566456e+16,2.3664387982772147e+17
1125,BTCUSD,SHORT,"[87809.00, 88509.00]",2025-12-19 17:30 IST,2025-12-19 17:30 IST,2025-12-19 19:30 IST,87984.0,88509.0,87456.096,0.5967,58.66,35.0,35.19,FILLED_SL,-1.0,CONSOLIDATION_REVERSAL,2.7438748451346336e+37,-9.603561957971217e+36,1.7835186493375118e+37,2.3664387982772147e+17,1.1104466732139864e+16,-9.392982467184237e+16,1.427140551558791e+17
1126,XRPUSD,SHORT,"[1.89, 1.93]",2025-12-19 23:30 IST,2025-12-20 00:30 IST,2025-12-20 13:30 IST,1.8982,1.9256,1.8868,1.4421,24.27,35.0,14.56,FILLED_SL,-1.0,CONSOLIDATION_REVERSAL,1.7835186493375118e+37,-6.24231527268129e+36,1.1592871220693828e+37,1.427140551558791e+17,2770883961918371.0,-5.272080326647605e+16,8.999325188940306e+16
1127,BTCUSD,SHORT,"[87853.00, 88879.00]",2025-12-20 01:30 IST,2025-12-20 01:30 IST,2025-12-20 01:30 IST,88109.5,88879.0,87580.843,0.8733,40.08,35.0,24.05,FILLED_TP,0.687,N/A,1.1592871220693828e+37,2.7875612505801403e+36,1.438043247127397e+37,8.999325188940306e+16,2885240961218740.5,1.875406624792181e+16,1.0874731813732486e+17
1128,ETHUSD,SHORT,"[2977.90, 2985.20]",2025-12-21 12:30 IST,2025-12-21 12:30 IST,2025-12-21 13:30 IST,2979.725,2985.2,2961.8466,0.1837,100.0,18.37,60.0,FILLED_SL,-1.0,CONSOLIDATION_REVERSAL,1.438043247127397e+37,-2.6422863781128686e+36,1.17381460931611e+37,1.0874731813732486e+17,8699785450985990.0,-2.8681212153176416e+16,8.006610598414845e+16
1129,SOLUSD,SHORT,"[126.11, 126.69]",2025-12-21 14:30 IST,2025-12-21 14:30 IST,2025-12-21 14:30 IST,126.2575,126.694,125.5,0.3457,100.0,34.57,60.0,FILLED_TP,1.7355,N/A,1.17381460931611e+37,7.04288765589666e+36,1.878103374905776e+37,8.006610598414845e+16,6405288478731876.0,4.163437511175718e+16,1.2170048109590563e+17
1130,XRPUSD,LONG,"[1.92, 1.93]",2025-12-21 15:30 IST,2025-12-21 17:30 IST,2025-12-21 18:30 IST,1.9292,1.9163,1.9408,0.6687,52.34,35.0,31.41,FILLED_SL,-1.0,CONSOLIDATION_REVERSAL,1.878103374905776e+37,-6.573361812170215e+36,1.2207671936887545e+37,1.2170048109590563e+17,5096099153214051.0,-4.7691267536781016e+16,7.40092135591246e+16
1131,XRPUSD,LONG,"[1.89, 1.90]",2025-12-21 18:30 IST,2025-12-21 18:30 IST,2025-12-21 18:30 IST,1.8998,1.8928,1.9112,0.3711,94.32,35.0,56.59,FILLED_TP,1.6169,N/A,1.2207671936887545e+37,6.908477391705349e+36,1.9116149328592892e+37,7.40092135591246e+16,5584367833544119.0,3.6298390918036776e+16,1.1030760447716138e+17
1132,ETHUSD,SHORT,"[2984.05, 3012.50]",2025-12-21 21:30 IST,2025-12-22 00:30 IST,2025-12-22 02:30 IST,2991.1625,3012.5,2973.2155,0.7134,49.06,35.0,29.44,FILLED_TP,0.8411,N/A,1.9116149328592892e+37,5.627508795959474e+36,2.4743658124552366e+37,1.1030760447716138e+17,4329721457224999.0,2.8143189471962492e+16,1.3845079394912387e+17
1133,SOLUSD,SHORT,"[125.58, 126.61]",2025-12-22 00:30 IST,2025-12-22 00:30 IST,2025-12-22 00:30 IST,125.84,126.614,125.085,0.6151,56.9,35.0,34.14,FILLED_TP,0.9755,N/A,2.4743658124552366e+37,8.448137042153357e+36,3.319179516670572e+37,1.3845079394912387e+17,6302766685989875.0,4.0967983458934184e+16,1.7941877740805805e+17
1134,BTCUSD,SHORT,"[88472.50, 89058.00]",2025-12-22 04:30 IST,2025-12-22 04:30 IST,2025-12-22 05:30 IST,88618.875,89058.0,88087.1617,0.4955,70.63,35.0,42.38,FILLED_SL,-1.0,CONSOLIDATION_REVERSAL,3.319179516670572e+37,-1.1617128308347003e+37,2.157466685835872e+37,1.7941877740805805e+17,1.0138273289331526e+16,-7.293484538215184e+16,1.064839320259062e+17
1135,XRPUSD,SHORT,"[1.93, 1.95]",2025-12-22 16:30 IST,2025-12-22 16:30 IST,2025-12-22 16:30 IST,1.9352,1.9491,1.9235,0.7209,48.55,35.0,29.13,FILLED_TP,0.8323,N/A,2.157466685835872e+37,6.284978838638111e+36,2.785964569699683e+37,1.064839320259062e+17,4136019118048851.0,2.688412426731753e+16,1.3336805629322374e+17
1136,ETHUSD,LONG,"[2970.30, 3019.10]",2025-12-22 23:30 IST,2025-12-23 00:30 IST,2025-12-23 01:30 IST,3006.9,2970.3,3024.9414,1.2172,28.75,35.0,17.25,FILLED_SL,-1.0,CONSOLIDATION_REVERSAL,2.785964569699683e+37,-9.75087599394889e+36,1.810876970304794e+37,1.3336805629322374e+17,3067946294291441.5,-4.974676599691974e+16,8.3621290296304e+16
1137,BTCUSD,LONG,"[87853.50, 88625.00]",2025-12-23 00:30 IST,2025-12-23 00:30 IST,2025-12-23 00:30 IST,88432.125,87853.5,88962.7177,0.6543,53.49,35.0,32.09,FILLED_TP,0.917,N/A,1.810876970304794e+37,5.811939806523933e+36,2.392070950957187e+37,8.3621290296304e+16,3578390755533086.0,2.3259539910965056e+16,1.0688083020726906e+17
1138,SOLUSD,LONG,"[124.36, 125.46]",2025-12-23 00:30 IST,2025-12-23 00:30 IST,2025-12-23 00:30 IST,125.1877,124.362,125.9389,0.6596,53.06,35.0,31.84,FILLED_TP,0.9096,N/A,2.392070950957187e+37,7.615643456257351e+36,3.1536352965829225e+37,1.0688083020726906e+17,4537024259761934.0,2.949065768845256e+16,1.3637148789572162e+17
1139,SOLUSD,LONG,"[123.38, 125.58]",2025-12-23 01:30 IST,2025-12-23 01:30 IST,2025-12-23 03:30 IST,125.0332,123.384,125.7834,1.319,26.53,35.0,15.92,FILLED_TP,0.4549,N/A,3.1536352965829225e+37,5.0207637892230006e+36,3.6557116755052227e+37,1.3637148789572162e+17,2894813821374916.0,1.8816289838936948e+16,1.5518777773465856e+17
1140,XRPUSD,SHORT,"[1.90, 1.91]",2025-12-23 16:30 IST,2025-12-23 16:30 IST,2025-12-23 18:30 IST,1.9013,1.909,1.8899,0.4063,86.14,35.0,51.69,FILLED_TP,1.4767,N/A,3.6557116755052227e+37,1.8894599033368331e+37,5.545171578842055e+37,1.5518777773465856e+17,1.069453718983687e+16,6.951449173393964e+16,2.247022694685982e+17
1141,BTCUSD,SHORT,"[87526.00, 87942.50]",2025-12-25 17:30 IST,2025-12-25 18:30 IST,2025-12-25 20:30 IST,87630.125,87942.5,87104.3442,0.3565,98.19,35.0,58.91,FILLED_SL,-1.0,CONSOLIDATION_REVERSAL,5.545171578842055e+37,-1.9408100525947191e+37,3.6043615262473364e+37,2.247022694685982e+17,1.7649916379891942e+16,-9.62957106939013e+16,1.2840655877469691e+17
1142,SOLUSD,SHORT,"[123.48, 125.66]",2025-12-25 20:30 IST,2025-12-25 20:30 IST,2025-12-25 20:30 IST,124.0265,125.663,123.2823,1.3195,26.53,35.0,15.92,FILLED_TP,0.4547,N/A,3.6043615262473364e+37,5.736488384685262e+36,4.1780103647158624e+37,1.2840655877469691e+17,2724857010280226.5,1.771157056682147e+16,1.4611812934151837e+17
1143,XRPUSD,LONG,"[1.85, 1.87]",2025-12-25 21:30 IST,2025-12-25 22:30 IST,2025-12-26 03:30 IST,1.8665,1.8525,1.8777,0.7514,46.58,35.0,27.95,FILLED_SL,-1.0,CONSOLIDATION_REVERSAL,4.1780103647158624e+37,-1.4623036276505517e+37,2.715706737065311e+37,1.4611812934151837e+17,5444939720739391.0,-5.658628499027082e+16,8.953184435124755e+16
1144,SOLUSD,LONG,"[121.30, 122.11]",2025-12-26 03:30 IST,2025-12-26 03:30 IST,2025-12-26 03:30 IST,121.9069,121.3017,122.6384,0.4965,70.5,35.0,42.3,FILLED_TP,1.2085,N/A,2.715706737065311e+37,1.1486714636285477e+37,3.8643782006938586e+37,8.953184435124755e+16,5049277390113008.0,3.282030303573455e+16,1.2235214738698211e+17
1145,SOLUSD,LONG,"[117.11, 120.21]",2025-12-26 04:30 IST,2025-12-26 05:30 IST,2025-12-26 05:30 IST,119.4352,117.108,120.1519,1.9485,17.96,35.0,10.78,FILLED_TP,0.3079,N/A,3.8643782006938586e+37,4.1647448732980454e+36,4.2808526880236635e+37,1.2235214738698211e+17,1758162899188445.0,1.1428058844724892e+16,1.33780206231707e+17
1146,SOLUSD,SHORT,"[123.34, 124.48]",2025-12-26 07:30 IST,2025-12-26 07:30 IST,2025-12-26 07:30 IST,123.6265,124.483,122.8847,0.6928,50.52,35.0,30.31,FILLED_TP,0.866,N/A,4.2808526880236635e+37,1.2975789295452377e+37,5.578431617568901e+37,1.33780206231707e+17,5406722739517916.0,3.5143697806866452e+16,1.6892390403857347e+17
1147,XRPUSD,SHORT,"[1.86, 1.89]",2025-12-26 07:30 IST,2025-12-26 07:30 IST,2025-12-26 07:30 IST,1.8707,1.8884,1.8595,0.9462,36.99,35.0,22.19,FILLED_TP,0.6341,N/A,5.578431617568901e+37,1.238118715066149e+37,6.816550332635049e+37,1.6892390403857347e+17,4998964137841151.0,3.249326689596748e+16,2.0141717093454096e+17
1148,ETHUSD,LONG,"[2889.60, 2926.15]",2025-12-27 00:30 IST,2025-12-27 15:30 IST,2025-12-27 15:30 IST,2917.0125,2889.6,2934.5146,0.9397,37.24,35.0,22.35,FILLED_TP,0.6385,N/A,6.816550332635049e+37,1.5232584152145514e+37,8.3398087478496005e+37,2.0141717093454096e+17,6001283848339060.0,3.900834501420389e+16,2.4042551594874483e+17
1149,ETHUSD,SHORT,"[2930.70, 2939.80]",2025-12-28 02:30 IST,2025-12-28 02:30 IST,2025-12-28 03:30 IST,2932.975,2939.8,2915.3771,0.2327,100.0,23.27,60.0,FILLED_SL,-1.0,CONSOLIDATION_REVERSAL,8.3398087478496005e+37,-1.9406641619541867e+37,6.399144585895414e+37,2.4042551594874483e+17,1.9234041275899588e+16,-7.518078975995586e+16,1.65244726188789e+17
1150,SOLUSD,SHORT,"[123.92, 125.17]",2025-12-28 07:30 IST,2025-12-28 07:30 IST,2025-12-28 23:30 IST,124.2323,125.166,123.4869,0.7516,46.57,35.0,27.94,FILLED_TP,0.7983,N/A,6.399144585895414e+37,1.787907119636242e+37,8.187051705531656e+37,1.65244726188789e+17,6155869084678852.0,4.001314905041253e+16,2.0525787523920154e+17
1151,ETHUSD,LONG,"[2930.55, 2943.55]",2025-12-28 21:30 IST,2025-12-28 21:30 IST,2025-12-28 23:30 IST,2940.3,2930.55,2957.9418,0.3316,100.0,33.16,60.0,FILLED_SL,-1.0,CONSOLIDATION_REVERSAL,8.187051705531656e+37,-2.7148166557471564e+37,5.4722350497845e+37,2.0525787523920154e+17,1.6420630019136124e+16,-8.448389851494318e+16,1.2077397672425835e+17
1152,BTCUSD,SHORT,"[87871.00, 88077.50]",2025-12-29 03:30 IST,2025-12-29 03:30 IST,2025-12-29 05:30 IST,87922.625,88077.5,87395.0893,0.1761,100.0,17.61,60.0,FILLED_SL,-1.0,CONSOLIDATION_REVERSAL,5.4722350497845e+37,-9.639298227678876e+36,4.508305227016612e+37,1.2077397672425835e+17,9661918137940668.0,-3.093615744229437e+16,8.983781928196398e+16
1153,XRPUSD,SHORT,"[1.87, 1.88]",2025-12-29 03:30 IST,2025-12-29 03:30 IST,2025-12-29 05:30 IST,1.8687,1.876,1.8575,0.3893,89.9,35.0,53.94,FILLED_SL,-1.0,CONSOLIDATION_REVERSAL,4.508305227016612e+37,-1.5779068294558143e+37,2.930398397560798e+37,8.983781928196398e+16,6461444683787381.0,-3.7904681432474776e+16,5.193313784948921e+16
1154,XRPUSD,SHORT,"[1.87, 1.88]",2025-12-29 05:30 IST,2025-12-29 05:30 IST,2025-12-29 05:30 IST,1.8736,1.879,1.8624,0.2882,100.0,28.82,60.0,FILLED_TP,2.0818,N/A,2.930398397560798e+37,1.7582390385364788e+37,4.6886374360972765e+37,5.193313784948921e+16,4154651027959136.5,2.7005231681734388e+16,7.89383695312236e+16
1155,XRPUSD,SHORT,"[1.88, 1.89]",2025-12-29 06:30 IST,2025-12-29 06:30 IST,2025-12-29 06:30 IST,1.8811,1.8944,1.8698,0.7097,49.32,35.0,29.59,FILLED_TP,0.8454,N/A,4.6886374360972765e+37,1.3873467448133845e+37,6.075984180910661e+37,7.89383695312236e+16,3114334502013361.0,2.024317426308685e+16,9.918154379431045e+16
1156,BTCUSD,SHORT,"[89820.50, 90585.00]",2025-12-29 08:30 IST,2025-12-29 08:30 IST,2025-12-29 08:30 IST,90011.625,90585.0,89471.5553,0.637,54.94,35.0,32.97,FILLED_TP,0.9419,N/A,6.075984180910661e+37,2.0030683935573253e+37,8.079052574467986e+37,9.918154379431045e+16,4359621084877564.5,2.8337537051704172e+16,1.2751908084601462e+17
1157,BTCUSD,LONG,"[87413.50, 87578.50]",2025-12-29 16:30 IST,2025-12-29 16:30 IST,2025-12-29 17:30 IST,87537.25,87413.5,88062.4735,0.1414,100.0,14.14,60.0,FILLED_SL,-1.0,CONSOLIDATION_REVERSAL,8.079052574467986e+37,-1.1421226461768142e+37,6.936929928291172e+37,1.2751908084601462e+17,1.020152646768117e+16,-2.822869347908981e+16,9.929038736692482e+16
1158,BTCUSD,LONG,"[86628.50, 87356.00]",2025-12-29 17:30 IST,2025-12-29 17:30 IST,2025-12-29 19:30 IST,87174.125,86628.5,87697.1698,0.6259,55.92,35.0,33.55,FILLED_TP,0.9586,N/A,6.936929928291172e+37,2.327447739818925e+37,9.264377668110097e+37,9.929038736692482e+16,4441795627206164.0,2.887167157684006e+16,1.2816205894376488e+17
1159,XRPUSD,LONG,"[1.85, 1.87]",2025-12-29 17:30 IST,2025-12-29 17:30 IST,2025-12-29 19:30 IST,1.8642,1.8528,1.8754,0.6115,57.23,35.0,34.34,FILLED_TP,0.9812,N/A,9.264377668110097e+37,3.181436051111449e+37,1.2445813719221545e+38,1.2816205894376488e+17,5868203410458786.0,3.814332216798211e+16,1.66305381111747e+17
1160,XRPUSD,SHORT,"[1.86, 1.88]",2025-12-30 08:30 IST,2025-12-30 11:30 IST,2025-12-30 20:30 IST,1.8636,1.878,1.8524,0.7727,45.3,35.0,27.18,FILLED_SL,-1.0,CONSOLIDATION_REVERSAL,1.2445813719221545e+38,-4.356034801727541e+37,8.089778917494004e+37,1.66305381111747e+17,6026352660219352.0,-6.42332360493308e+16,1.0207214506241621e+17
1161,SOLUSD,LONG,"[123.54, 125.37]",2025-12-30 22:30 IST,2025-12-30 22:30 IST,2025-12-30 22:30 IST,124.9147,123.54,125.6642,1.1006,31.8,35.0,19.08,FILLED_TP,0.5452,N/A,8.089778917494004e+37,1.5436397113449603e+37,9.633418628838964e+37,1.0207214506241621e+17,2596900247377304.0,1.6879851607952476e+16,1.1895199667036869e+17
1162,BTCUSD,LONG,"[87464.00, 88196.50]",2025-12-31 01:30 IST,2025-12-31 01:30 IST,2025-12-31 04:30 IST,88013.375,87464.0,88541.4552,0.6242,56.07,35.0,33.64,FILLED_TP,0.9612,N/A,9.633418628838964e+37,3.241003579076548e+37,1.2874422207915512e+38,1.1895199667036869e+17,5335922954603714.0,3.4683499204924144e+16,1.5363549587529283e+17
1163,XRPUSD,LONG,"[1.86, 1.87]",2025-12-31 01:30 IST,2025-12-31 01:30 IST,2025-12-31 06:30 IST,1.8681,1.8587,1.8794,0.5058,69.19,35.0,41.51,FILLED_TP,1.1861,N/A,1.2874422207915512e+38,5.344744855048327e+37,1.821916706296384e+38,1.5363549587529283e+17,8504123010946062.0,5.527679957114939e+16,2.0891229544644224e+17
1164,SOLUSD,LONG,"[125.16, 126.10]",2025-12-31 19:30 IST,2025-12-31 19:30 IST,2025-12-31 19:30 IST,125.8641,125.162,126.6193,0.5578,62.75,35.0,37.65,FILLED_TP,1.0756,N/A,1.821916706296384e+38,6.859083545584028e+37,2.5078250608547866e+38,2.0891229544644224e+17,1.0486735448916646e+16,6.8163780417958184e+16,2.7707607586440042e+17
1165,XRPUSD,SHORT,"[1.86, 1.88]",2026-01-01 21:30 IST,2026-01-01 22:30 IST,2026-01-02 08:30 IST,1.8679,1.8824,1.8566,0.779,44.93,35.0,26.96,FILLED_SL,-1.0,CONSOLIDATION_REVERSAL,2.5078250608547866e+38,-8.777387712991752e+37,1.6300862895556114e+38,2.7707607586440042e+17,9959466221644608.0,-1.0693609277418475e+17,1.7013998309021568e+17
1166,BTCUSD,SHORT,"[90001.00, 90459.00]",2026-01-03 17:30 IST,2026-01-03 19:30 IST,2026-01-04 02:30 IST,90115.5,90459.0,89574.807,0.3812,91.82,35.0,55.09,FILLED_SL,-1.0,CONSOLIDATION_REVERSAL,1.6300862895556114e+38,-5.70530201344464e+37,1.0595560882111474e+38,1.7013998309021568e+17,1.2497903641707636e+16,-7.204689772328312e+16,9.809308536693256e+16
1167,SOLUSD,LONG,"[133.11, 134.21]",2026-01-05 18:30 IST,2026-01-05 18:30 IST,2026-01-05 18:30 IST,133.9312,133.106,134.7348,0.6162,56.8,35.0,34.08,FILLED_TP,0.9738,N/A,1.0595560882111474e+38,3.611209720811787e+37,1.4206770602923261e+38,9.809308536693256e+16,4457649228298279.5,2.8974719983938812e+16,1.2706780535087138e+17
1168,SOLUSD,SHORT,"[138.38, 139.90]",2026-01-06 02:30 IST,2026-01-06 02:30 IST,2026-01-06 02:30 IST,138.7593,139.9,137.9267,0.8221,42.57,35.0,25.54,FILLED_TP,0.7298,N/A,1.4206770602923261e+38,3.6289929878989596e+37,1.783576359082222e+38,1.2706780535087138e+17,4327778517201161.5,2.813056036180755e+16,1.551983657126789e+17
1169,SOLUSD,SHORT,"[138.75, 140.16]",2026-01-06 03:30 IST,2026-01-06 03:30 IST,2026-01-06 04:30 IST,139.103,140.162,138.2684,0.7613,45.97,35.0,27.58,FILLED_TP,0.7881,N/A,1.783576359082222e+38,4.919846334113044e+37,2.2755609924935262e+38,1.551983657126789e+17,5708022959777745.0,3.710214923855534e+16,1.9230051495123424e+17
1170,SOLUSD,LONG,"[137.34, 139.10]",2026-01-06 21:30 IST,2026-01-06 21:30 IST,2026-01-06 21:30 IST,138.6595,137.338,139.4915,0.9531,36.72,35.0,22.03,FILLED_TP,0.6296,N/A,2.2755609924935262e+38,5.014068209013883e+37,2.7769678133949145e+38,1.9230051495123424e+17,5649642157250596.0,3.672267402212888e+16,2.2902318897336314e+17
1171,ETHUSD,SHORT,"[3260.25, 3301.35]",2026-01-07 02:30 IST,2026-01-07 02:30 IST,2026-01-07 02:30 IST,3270.525,3301.35,3250.9019,0.9425,37.13,35.0,22.28,FILLED_TP,0.6366,N/A,2.7769678133949145e+38,6.187347796138608e+37,3.3957025930087752e+38,2.2902318897336314e+17,6803805295467693.0,4.422473442053999e+16,2.7324792339390314e+17
1172,SOLUSD,LONG,"[134.63, 135.70]",2026-01-07 20:30 IST,2026-01-07 20:30 IST,2026-01-07 20:30 IST,135.4317,134.627,136.2443,0.5942,58.9,35.0,35.34,FILLED_TP,1.0097,N/A,3.3957025930087752e+38,1.2000751584548277e+38,4.595777751463603e+38,2.7324792339390314e+17,1.2875805462253904e+16,8.369273550465035e+16,3.569406588985535e+17
1173,SOLUSD,SHORT,"[136.43, 138.36]",2026-01-08 21:30 IST,2026-01-08 21:30 IST,2026-01-08 22:30 IST,136.9087,138.36,136.0873,1.06,33.02,35.0,19.81,FILLED_SL,-1.0,CONSOLIDATION_REVERSAL,4.595777751463603e+38,-1.608522213012261e+38,2.987255538451342e+38,3.569406588985535e+17,9428509106986050.0,-1.3435773972147976e+17,2.2258291917707373e+17
1174,BTCUSD,SHORT,"[91268.00, 91660.00]",2026-01-08 22:30 IST,2026-01-08 22:30 IST,2026-01-08 22:30 IST,91366.0,91660.0,90817.804,0.3218,100.0,32.18,60.0,FILLED_TP,1.8646,N/A,2.987255538451342e+38,1.7923533230708053e+38,4.779608861522147e+38,2.2258291917707373e+17,1.78066335341659e+16,1.1574311797207832e+17,3.3832603714915206e+17
1175,XRPUSD,LONG,"[2.08, 2.09]",2026-01-10 18:30 IST,2026-01-10 19:30 IST,2026-01-11 17:30 IST,2.0888,2.0795,2.1013,0.4452,78.61,35.0,47.17,FILLED_TP,1.3476,N/A,4.779608861522147e+38,2.254371900955857e+38,7.033980762478003e+38,3.3832603714915206e+17,2.1276851547440844e+16,1.3829953505836546e+17,4.766255722075175e+17
1176,BTCUSD,LONG,"[90369.00, 90619.50]",2026-01-10 19:30 IST,2026-01-10 19:30 IST,2026-01-11 03:30 IST,90556.875,90369.0,91100.2162,0.2075,100.0,20.75,60.0,FILLED_SL,-1.0,CONSOLIDATION_REVERSAL,7.033980762478003e+38,-1.4593139789226987e+38,5.574666783555305e+38,4.766255722075175e+17,3.813004577660141e+16,-1.3701379080257248e+17,3.39611781404945e+17
1177,SOLUSD,LONG,"[135.73, 136.17]",2026-01-10 19:30 IST,2026-01-10 19:30 IST,2026-01-11 02:30 IST,136.0585,135.727,136.8749,0.2436,100.0,24.36,60.0,FILLED_SL,-1.0,CONSOLIDATION_REVERSAL,5.574666783555305e+38,-1.3582407852126946e+38,4.2164259983426106e+38,3.39611781404945e+17,2.7168942512395604e+16,-1.09913721806406e+17,2.29698059598539e+17
1178,ETHUSD,SHORT,"[3091.00, 3098.25]",2026-01-11 05:30 IST,2026-01-11 06:30 IST,2026-01-11 10:30 IST,3092.8125,3098.25,3074.2556,0.1758,100.0,17.58,60.0,FILLED_SL,-1.0,CONSOLIDATION_REVERSAL,4.2164259983426106e+38,-7.41293446207552e+37,3.475132552135059e+38,2.29698059598539e+17,1.837584476788312e+16,-5.875925627656836e+16,1.7093880332197066e+17
1179,SOLUSD,SHORT,"[136.54, 137.06]",2026-01-11 13:30 IST,2026-01-11 13:30 IST,2026-01-11 17:30 IST,136.6683,137.059,135.8482,0.2859,100.0,28.59,60.0,FILLED_SL,-1.0,CONSOLIDATION_REVERSAL,3.475132552135059e+38,-9.935797412689223e+37,2.4815528108661365e+38,1.7093880332197066e+17,1.3675104265757652e+16,-6.254844346345685e+16,1.0839035985851381e+17
1180,XRPUSD,LONG,"[2.08, 2.10]",2026-01-11 21:30 IST,2026-01-11 21:30 IST,2026-01-12 01:30 IST,2.092,2.0824,2.1046,0.4589,76.27,35.0,45.76,FILLED_SL,-1.0,CONSOLIDATION_REVERSAL,2.4815528108661365e+38,-8.685434838031478e+37,1.6130093270629888e+38,1.0839035985851381e+17,6613618457366795.0,-4.455024440784662e+16,6.384011545066718e+16
1181,BTCUSD,LONG,"[90541.50, 90767.00]",2026-01-12 00:30 IST,2026-01-12 00:30 IST,2026-01-12 01:30 IST,90710.625,90541.5,91254.8887,0.1864,100.0,18.64,60.0,FILLED_SL,-1.0,CONSOLIDATION_REVERSAL,1.6130093270629888e+38,-3.0073676864152126e+37,1.3122725584214675e+38,6.384011545066718e+16,5107209236053375.0,-1.7009849666095708e+16,4.683026578457147e+16
1182,BTCUSD,SHORT,"[90844.00, 91257.50]",2026-01-12 04:30 IST,2026-01-12 04:30 IST,2026-01-12 04:30 IST,90947.375,91257.5,90401.6907,0.341,100.0,34.1,60.0,FILLED_TP,1.7596,N/A,1.3122725584214675e+38,7.873635350528804e+37,2.099636093474348e+38,4.683026578457147e+16,3746421262765718.0,2.435173820797717e+16,7.118200399254864e+16
1183,XRPUSD,SHORT,"[2.10, 2.11]",2026-01-12 07:30 IST,2026-01-12 07:30 IST,2026-01-12 07:30 IST,2.0995,2.1093,2.0869,0.468,74.79,35.0,44.87,FILLED_TP,1.2821,N/A,2.099636093474348e+38,9.42196470577978e+37,3.041832564052326e+38,7.118200399254864e+16,4258987744837747.0,2.768342034144535e+16,9.886542433399398e+16
1184,BTCUSD,LONG,"[90195.00, 91009.50]",2026-01-12 13:30 IST,2026-01-12 13:30 IST,2026-01-12 13:30 IST,90805.875,90195.0,91350.7103,0.6727,52.03,35.0,31.22,FILLED_TP,0.8919,N/A,3.041832564052326e+38,9.495464078948333e+37,3.991378971947159e+38,9.886542433399398e+16,4114945253759758.5,2.674714414943842e+16,1.256125684834324e+17
1185,ETHUSD,LONG,"[3091.40, 3125.25]",2026-01-12 13:30 IST,2026-01-12 13:30 IST,2026-01-12 13:30 IST,3116.7875,3091.4,3135.4882,0.8145,42.97,35.0,25.78,FILLED_TP,0.7366,N/A,3.991378971947159e+38,1.0290335079786697e+38,5.020412479925829e+38,1.256125684834324e+17,4317957708390999.0,2.8066725104541492e+16,1.536792935879739e+17
1186,SOLUSD,LONG,"[137.56, 139.79]",2026-01-12 14:30 IST,2026-01-12 14:30 IST,2026-01-12 14:30 IST,139.2312,137.558,140.0666,1.2018,29.12,35.0,17.47,FILLED_TP,0.4993,N/A,5.020412479925829e+38,8.772726375024155e+37,5.897685117428244e+38,1.536792935879739e+17,3580546147141061.0,2.3273549956416892e+16,1.769528435443908e+17
1187,BTCUSD,LONG,"[90095.00, 90614.00]",2026-01-12 15:30 IST,2026-01-12 15:30 IST,2026-01-12 19:30 IST,90484.25,90095.0,91027.1555,0.4302,81.36,35.0,48.82,FILLED_SL,-1.0,DUAL_TOUCH_AMBIGUITY,5.897685117428244e+38,-2.0641897910998853e+38,3.833495326328359e+38,1.769528435443908e+17,1.1517545776171694e+16,-7.345104101670846e+16,1.0350180252768232e+17
1188,XRPUSD,SHORT,"[2.08, 2.11]",2026-01-12 20:30 IST,2026-01-12 20:30 IST,2026-01-12 20:30 IST,2.0856,2.1053,2.0731,0.9458,37.01,35.0,22.2,FILLED_TP,0.6344,N/A,3.833495326328359e+38,8.51183180326259e+37,4.684678506654618e+38,1.0350180252768232e+17,3064183326026292.0,1.9917191619170896e+16,1.2341899414685322e+17
1189,ETHUSD,LONG,"[3060.70, 3098.35]",2026-01-13 03:30 IST,2026-01-13 04:30 IST,2026-01-13 05:30 IST,3088.9375,3060.7,3107.4711,0.9141,38.29,35.0,22.97,FILLED_TP,0.6563,N/A,4.684678506654618e+38,1.0761726831611738e+38,5.760851189815792e+38,1.2341899414685322e+17,3780270795399664.5,2.457176017009782e+16,1.4799075431695104e+17
1190,SOLUSD,SHORT,"[142.12, 144.31]",2026-01-13 15:30 IST,2026-01-13 18:30 IST,2026-01-13 19:30 IST,142.6685,144.3109,141.8125,1.1512,30.4,35.0,18.24,FILLED_TP,0.5212,N/A,5.760851189815792e+38,1.0508686200594863e+38,6.811719809875279e+38,1.4799075431695104e+17,3599441231776020.0,2.3396368006544132e+16,1.7138712232349517e+17
1191,ETHUSD,SHORT,"[3335.65, 3364.00]",2026-01-14 19:30 IST,2026-01-14 19:30 IST,2026-01-14 19:30 IST,3342.7375,3364.0,3322.6811,0.6361,55.02,35.0,33.01,FILLED_TP,0.9433,N/A,6.811719809875279e+38,2.248868271403769e+38,9.060588081279048e+38,1.7138712232349517e+17,7544390595000355.0,4.90385388675023e+16,2.2042566119099747e+17
1192,SOLUSD,LONG,"[142.47, 143.64]",2026-01-15 08:30 IST,2026-01-15 08:30 IST,2026-01-15 08:30 IST,143.3492,142.468,144.2093,0.6148,56.93,35.0,34.16,FILLED_TP,0.976,N/A,9.060588081279048e+38,3.0950806951734786e+38,1.2155668776452527e+39,2.2042566119099747e+17,1.0039601588079958e+16,6.525741032251972e+16,2.856830715135172e+17
1193,ETHUSD,SHORT,"[3361.25, 3392.45]",2026-01-15 14:30 IST,2026-01-15 14:30 IST,2026-01-15 14:30 IST,3369.05,3392.45,3348.8357,0.6946,50.39,35.0,30.24,FILLED_TP,0.8639,N/A,1.2155668776452527e+39,3.675274246655848e+38,1.5830943023108375e+39,2.856830715135172e+17,1.1516861306971642e+16,7.485959849531566e+16,3.6054267000883283e+17
1194,SOLUSD,LONG,"[141.48, 143.64]",2026-01-16 18:30 IST,2026-01-16 18:30 IST,2026-01-16 20:30 IST,143.097,141.48,143.9556,1.13,30.97,35.0,18.58,FILLED_SL,-1.0,CONSOLIDATION_REVERSAL,1.5830943023108375e+39,-5.540830058087931e+38,1.0290112965020444e+39,3.6054267000883283e+17,8933779125585154.0,-1.3512371362867664e+17,2.254189563801562e+17
1195,SOLUSD,SHORT,"[143.12, 143.87]",2026-01-16 22:30 IST,2026-01-16 22:30 IST,2026-01-16 22:30 IST,143.3088,143.872,142.4489,0.393,89.05,35.0,53.43,FILLED_TP,1.5266,N/A,1.0290112965020444e+39,5.498078606993832e+38,1.5788191572014276e+39,2.254189563801562e+17,1.6059054562344158e+16,1.0438385465523702e+17,3.298028110353932e+17
1196,SOLUSD,SHORT,"[144.47, 146.02]",2026-01-17 01:30 IST,2026-01-17 01:30 IST,2026-01-17 01:30 IST,144.8598,146.023,143.9906,0.803,43.59,35.0,26.15,FILLED_TP,0.7472,N/A,1.5788191572014276e+39,4.1288238268263034e+38,1.991701539884058e+39,3.298028110353932e+17,1.1499714396430586e+16,7.474814357679878e+16,4.04550954612192e+17
1197,XRPUSD,SHORT,"[2.07, 2.08]",2026-01-17 01:30 IST,2026-01-17 01:30 IST,2026-01-17 01:30 IST,2.0737,2.0804,2.0613,0.3219,100.0,32.19,60.0,FILLED_TP,1.864,N/A,1.991701539884058e+39,1.1950209239304348e+39,3.1867224638144925e+39,4.04550954612192e+17,3.236407636897536e+16,2.1036649639833984e+17,6.149174510105318e+17
1198,ETHUSD,SHORT,"[3307.85, 3320.00]",2026-01-17 19:30 IST,2026-01-17 19:30 IST,2026-01-17 20:30 IST,3310.8875,3320.0,3291.0222,0.2752,100.0,27.52,60.0,FILLED_SL,-1.0,CONSOLIDATION_REVERSAL,3.1867224638144925e+39,-8.770762658504751e+38,2.3096461979640176e+39,6.149174510105318e+17,4.919339608084254e+16,-2.18436092256221e+17,3.9648135875431085e+17
1199,BTCUSD,SHORT,"[95538.50, 95815.50]",2026-01-17 20:30 IST,2026-01-17 20:30 IST,2026-01-18 03:30 IST,95607.75,95815.5,95034.1035,0.2173,100.0,21.73,60.0,FILLED_TP,2.7612,N/A,2.3096461979640176e+39,1.3857877187784106e+39,3.695433916742428e+39,3.9648135875431085e+17,3.171850870034487e+16,2.0617030655224163e+17,6.026516653065524e+17
1200,XRPUSD,LONG,"[2.05, 2.08]",2026-01-17 21:30 IST,2026-01-17 21:30 IST,2026-01-18 10:30 IST,2.071,2.0469,2.0834,1.1625,30.11,35.0,18.06,FILLED_SL,-1.0,CONSOLIDATION_REVERSAL,3.695433916742428e+39,-1.2934018708598497e+39,2.4020320458825784e+39,6.026516653065524e+17,1.4515531842837064e+16,-2.254436147001304e+17,3.77208050606422e+17
1201,SOLUSD,SHORT,"[142.31, 142.63]",2026-01-18 22:30 IST,2026-01-18 22:30 IST,2026-01-18 23:30 IST,142.3913,142.632,141.5369,0.1691,100.0,16.91,60.0,FILLED_SL,-1.0,CONSOLIDATION_REVERSAL,2.4020320458825784e+39,-4.06126931989297e+38,1.9959051138932814e+39,3.77208050606422e+17,3.0176644048513764e+16,-9.395362345103522e+16,2.832544271553868e+17
1202,BTCUSD,SHORT,"[95387.50, 95626.00]",2026-01-19 03:30 IST,2026-01-19 03:30 IST,2026-01-19 04:30 IST,95447.125,95626.0,94874.4422,0.1874,100.0,18.74,60.0,FILLED_TP,3.2016,N/A,1.9959051138932814e+39,1.1975430683359689e+39,3.19344818222925e+39,2.832544271553868e+17,2.2660354172430948e+16,1.4729230212080115e+17,4.3054672927618797e+17
1203,BTCUSD,LONG,"[87524.00, 87841.00]",2026-01-21 21:30 IST,2026-01-21 21:30 IST,2026-01-21 21:30 IST,87761.75,87524.0,88288.3205,0.2709,100.0,27.09,60.0,FILLED_TP,2.2148,N/A,3.19344818222925e+39,1.91606890933755e+39,5.1095170915668e+39,4.3054672927618797e+17,3.4443738342095036e+16,2.2388429922361773e+17,6.544310284998057e+17
1204,BTCUSD,SHORT,"[89713.50, 90540.00]",2026-01-22 00:30 IST,2026-01-22 00:30 IST,2026-01-22 00:30 IST,89920.125,90540.0,89380.6043,0.6894,50.77,35.0,30.46,FILLED_TP,0.8704,N/A,5.1095170915668e+39,1.5565100587747182e+39,6.666027150341518e+39,6.544310284998057e+17,2.6581206804989244e+16,1.7277784423243005e+17,8.272088727322358e+17
1205,BTCUSD,LONG,"[89108.00, 89544.50]",2026-01-23 11:30 IST,2026-01-23 11:30 IST,2026-01-23 13:30 IST,89435.375,89108.0,89971.9873,0.366,95.62,35.0,57.37,FILLED_SL,-1.0,CONSOLIDATION_REVERSAL,6.666027150341518e+39,-2.333109502619531e+39,4.3329176477219864e+39,8.272088727322358e+17,6.327571135889344e+16,-3.5279881681517594e+17,4.7441005591705984e+17
1206,ETHUSD,LONG,"[2927.30, 2962.50]",2026-01-23 11:30 IST,2026-01-23 11:30 IST,2026-01-23 11:30 IST,2953.7,2927.3,2971.4222,0.8938,39.16,35.0,23.5,FILLED_TP,0.6713,N/A,4.3329176477219864e+39,1.0180337726424571e+39,5.3509514203644437e+39,4.7441005591705984e+17,1.4861901325963136e+16,9.660235861876038e+16,5.710124145358202e+17
1207,XRPUSD,SHORT,"[1.92, 1.93]",2026-01-23 20:30 IST,2026-01-23 20:30 IST,2026-01-23 20:30 IST,1.9212,1.9348,1.9096,0.7105,49.26,35.0,29.56,FILLED_TP,0.8445,N/A,5.3509514203644437e+39,1.5815354340358764e+39,6.93248685440032e+39,5.710124145358202e+17,2.2502574362779404e+16,1.462667333580661e+17,7.172791478938863e+17
1208,ETHUSD,SHORT,"[2962.20, 2984.30]",2026-01-23 21:30 IST,2026-01-23 21:30 IST,2026-01-23 21:30 IST,2967.725,2984.3,2949.9187,0.5585,62.67,35.0,37.6,FILLED_TP,1.0743,N/A,6.93248685440032e+39,2.606624467870117e+39,9.539111322270437e+39,7.172791478938863e+17,3.595972443869308e+16,2.3373820885150496e+17,9.510173567453914e+17
1209,XRPUSD,SHORT,"[1.92, 1.92]",2026-01-24 23:30 IST,2026-01-24 23:30 IST,2026-01-25 06:30 IST,1.9192,1.9236,1.9077,0.2306,100.0,23.06,60.0,FILLED_TP,2.6023,N/A,9.539111322270437e+39,5.723466793362262e+39,1.52625781156327e+40,9.510173567453914e+17,7.608138853963131e+16,4.945290255076035e+17,1.4455463822529948e+18
1210,SOLUSD,SHORT,"[127.59, 128.12]",2026-01-25 03:30 IST,2026-01-25 04:30 IST,2026-01-25 05:30 IST,127.7242,128.115,126.9579,0.3059,100.0,30.59,60.0,FILLED_TP,1.9612,N/A,1.52625781156327e+40,9.15754686937962e+39,2.442012498501232e+40,1.4455463822529948e+18,1.156437105802396e+17,7.516841187715572e+17,2.197230501024552e+18
1211,SOLUSD,LONG,"[121.57, 123.61]",2026-01-26 20:30 IST,2026-01-26 20:30 IST,2026-01-26 20:30 IST,123.1017,121.571,123.8404,1.2435,28.15,35.0,16.89,FILLED_TP,0.4825,N/A,2.442012498501232e+40,4.1240805185921057e+39,2.854420550360443e+40,2.197230501024552e+18,4.947588930410575e+16,3.215932804766874e+17,2.5188237815012393e+18
1212,BTCUSD,LONG,"[86995.00, 87764.50]",2026-01-27 01:30 IST,2026-01-27 01:30 IST,2026-01-27 02:30 IST,87572.125,86995.0,88097.5578,0.659,53.11,35.0,31.87,FILLED_TP,0.9104,N/A,2.854420550360443e+40,9.095639831948718e+39,3.7639845335553145e+40,2.5188237815012393e+18,1.0701676464032538e+17,6.95608970162115e+17,3.2144327516633544e+18
1213,BTCUSD,SHORT,"[88619.00, 88953.00]",2026-01-27 07:30 IST,2026-01-27 07:30 IST,2026-01-27 09:30 IST,88702.5,88953.0,88170.285,0.2824,100.0,28.24,60.0,FILLED_SL,-1.0,CONSOLIDATION_REVERSAL,3.7639845335553145e+40,-1.0629667998710368e+40,2.7010177336842775e+40,3.2144327516633544e+18,2.5715462013306835e+17,-1.1649254318820838e+18,2.0495073197812705e+18
1214,SOLUSD,SHORT,"[124.40, 125.18]",2026-01-27 20:30 IST,2026-01-27 20:30 IST,2026-01-27 20:30 IST,124.5958,125.183,123.8482,0.4713,74.26,35.0,44.56,FILLED_TP,1.273,N/A,2.7010177336842775e+40,1.203446902703377e+40,3.9044646363876544e+40,2.0495073197812705e+18,1.2175525322915072e+17,7.914091459894796e+17,2.84091646577075e+18
1215,XRPUSD,SHORT,"[1.91, 1.92]",2026-01-27 21:30 IST,2026-01-27 21:30 IST,2026-01-27 21:30 IST,1.909,1.9169,1.8975,0.4165,84.04,35.0,50.43,FILLED_TP,1.4407,N/A,3.9044646363876544e+40,1.9688299763557032e+40,5.873294612743358e+40,2.84091646577075e+18,1.910046410633056e+17,1.241530166911486e+18,4.082446632682236e+18
1216,SOLUSD,SHORT,"[127.17, 127.74]",2026-01-28 01:30 IST,2026-01-28 01:30 IST,2026-01-28 01:30 IST,127.3137,127.736,126.5499,0.3317,100.0,33.17,60.0,FILLED_TP,1.8091,N/A,5.873294612743358e+40,3.5239767676460146e+40,9.397271380389372e+40,4.082446632682236e+18,3.265957306145789e+17,2.1228722489947625e+18,6.205318881676999e+18
1217,ETHUSD,SHORT,"[3014.20, 3037.80]",2026-01-28 06:30 IST,2026-01-28 06:30 IST,2026-01-28 08:30 IST,3020.1,3037.8,3001.9794,0.5861,59.72,35.0,35.83,FILLED_TP,1.0238,N/A,9.397271380389372e+40,3.3672016113795674e+40,1.276447299176894e+41,6.205318881676999e+18,2.964627906934845e+17,1.9270081395076488e+18,8.132327021184647e+18
1218,SOLUSD,LONG,"[126.00, 127.62]",2026-01-28 17:30 IST,2026-01-28 17:30 IST,2026-01-28 17:30 IST,127.218,126.0,127.9813,0.9574,36.56,35.0,21.93,FILLED_TP,0.6267,N/A,1.276447299176894e+41,2.7997771121842674e+40,1.5564250103953208e+41,8.132327021184647e+18,2.378341101105925e+17,1.5459217157188513e+18,9.678248736903498e+18
1219,ETHUSD,LONG,"[2985.70, 3017.15]",2026-01-28 19:30 IST,2026-01-28 19:30 IST,2026-01-28 19:30 IST,3009.2875,2985.7,3027.3432,0.7838,44.65,35.0,26.79,FILLED_TP,0.7655,N/A,1.5564250103953208e+41,4.169934791642599e+40,1.9734184895595805e+41,9.678248736903498e+18,3.457296120758547e+17,2.2472424784930555e+18,1.1925491215396553e+19
1220,BTCUSD,LONG,"[87538.50, 88173.50]",2026-01-29 13:30 IST,2026-01-29 13:30 IST,2026-01-29 19:30 IST,88014.75,87538.5,88542.8385,0.5411,64.68,35.0,38.81,FILLED_SL,-1.0,CONSOLIDATION_REVERSAL,1.9734184895595805e+41,-6.906964713458531e+40,1.2827220182137275e+41,1.1925491215396553e+19,6.170989098710564e+17,-4.79102083525985e+18,7.134470380136703e+18
1221,SOLUSD,SHORT,"[104.81, 106.02]",2026-02-01 16:30 IST,2026-02-01 16:30 IST,2026-02-01 16:30 IST,105.1148,106.023,104.4841,0.8641,40.51,35.0,24.3,FILLED_TP,0.6944,N/A,1.2827220182137275e+41,3.1175261101510317e+40,1.5944746292288306e+41,7.134470380136703e+18,2.3119478085255594e+17,1.5027660755416136e+18,8.637236455678317e+18
1222,XRPUSD,SHORT,"[1.60, 1.63]",2026-02-02 14:30 IST,2026-02-02 14:30 IST,2026-02-02 14:30 IST,1.6069,1.6259,1.5973,1.1808,29.64,35.0,17.78,FILLED_TP,0.5081,N/A,1.5944746292288306e+41,2.8356376292513523e+40,1.8780383921539656e+41,8.637236455678317e+18,2.0480788056028742e+17,1.331251223641868e+18,9.968487679320185e+18
1223,BTCUSD,SHORT,"[78107.00, 79202.00]",2026-02-02 18:30 IST,2026-02-02 18:30 IST,2026-02-02 18:30 IST,78380.75,79202.0,77910.4655,1.0478,33.4,35.0,20.04,FILLED_TP,0.5726,N/A,1.8780383921539656e+41,3.764070881975356e+40,2.254445480351501e+41,9.968487679320185e+18,2.6639209910239904e+17,1.7315486441655936e+18,1.1700036323485778e+19
1224,BTCUSD,SHORT,"[78684.50, 79171.00]",2026-02-03 08:30 IST,2026-02-03 08:30 IST,2026-02-03 08:30 IST,78806.125,79171.0,78333.2882,0.463,75.59,35.0,45.36,FILLED_TP,1.2959,N/A,2.254445480351501e+41,1.0225272652101608e+41,3.276972745561662e+41,1.1700036323485778e+19,7.075564700340801e+17,4.599117055221521e+18,1.6299153378707298e+19
1225,ETHUSD,SHORT,"[2336.55, 2359.00]",2026-02-03 08:30 IST,2026-02-03 08:30 IST,2026-02-03 08:30 IST,2342.1625,2359.0,2328.1095,0.7189,48.69,35.0,29.21,FILLED_TP,0.8346,N/A,3.276972745561662e+41,9.572635856968752e+40,4.234236331258537e+41,1.6299153378707298e+19,6.348373826933964e+17,4.126442987507076e+18,2.0425596366214373e+19
1226,SOLUSD,SHORT,"[104.60, 105.17]",2026-02-03 09:30 IST,2026-02-03 09:30 IST,2026-02-03 09:30 IST,104.7452,105.175,104.1168,0.4103,85.31,35.0,51.18,FILLED_TP,1.4624,N/A,4.234236331258537e+41,2.167269111020816e+41,6.4015054422793535e+41,2.0425596366214373e+19,1.3939629444511987e+18,9.060759138932791e+18,2.9486355505147167e+19
1227,XRPUSD,SHORT,"[1.61, 1.62]",2026-02-03 20:30 IST,2026-02-03 20:30 IST,2026-02-03 20:30 IST,1.6147,1.6245,1.6051,0.6038,57.97,35.0,34.78,FILLED_TP,0.9937,N/A,6.4015054422793535e+41,2.2263943504751695e+41,8.627899792754523e+41,2.9486355505147167e+19,1.3673503502094346e+18,8.887777276361324e+18,3.837413278150849e+19
1228,ETHUSD,SHORT,"[2122.40, 2173.45]",2026-02-05 14:30 IST,2026-02-05 14:30 IST,2026-02-05 14:30 IST,2135.1625,2173.45,2122.3515,1.7932,19.52,35.0,11.71,FILLED_TP,0.3346,N/A,8.627899792754523e+41,1.010411570136971e+41,9.638311362891494e+41,3.837413278150849e+19,5.99198239629837e+17,3.894788557593941e+18,4.226892133910244e+19
1229,BTCUSD,SHORT,"[71013.50, 71950.00]",2026-02-07 03:30 IST,2026-02-07 03:30 IST,2026-02-07 03:30 IST,71247.625,71950.0,70820.1392,0.9858,35.5,35.0,21.3,FILLED_TP,0.6086,N/A,9.638311362891494e+41,2.0531543215443566e+41,1.169146568443585e+42,4.226892133910244e+19,1.200550805313975e+18,7.803580234540837e+18,5.007250157364327e+19
1230,SOLUSD,SHORT,"[87.25, 89.00]",2026-02-07 22:30 IST,2026-02-07 22:30 IST,2026-02-07 22:30 IST,87.691,89.005,87.1649,1.4984,23.36,35.0,14.01,FILLED_TP,0.4004,N/A,1.169146568443585e+42,1.6385055299856365e+41,1.3329971214421486e+42,5.007250157364327e+19,9.356576605315263e+17,6.08177479345492e+18,5.615427636709819e+19
1231,XRPUSD,LONG,"[1.39, 1.44]",2026-02-08 00:30 IST,2026-02-08 01:30 IST,2026-02-08 01:30 IST,1.4274,1.3901,1.436,2.6166,13.38,35.0,8.03,FILLED_TP,0.2293,N/A,1.3329971214421486e+42,1.0698399347002543e+41,1.439981114912174e+42,5.615427636709819e+19,6.009123990377513e+17,3.9059305937453834e+18,6.006020696084357e+19
1232,ETHUSD,LONG,"[2066.00, 2088.00]",2026-02-08 21:30 IST,2026-02-08 21:30 IST,2026-02-08 21:30 IST,2082.5,2066.0,2094.995,0.7923,44.17,35.0,26.5,FILLED_TP,0.7573,N/A,1.439981114912174e+42,3.816604491387675e+41,1.8216415640509413e+42,6.006020696084357e+19,2.122491313870781e+18,1.3796193540160076e+19,7.385640050100365e+19
1233,XRPUSD,LONG,"[1.41, 1.42]",2026-02-08 21:30 IST,2026-02-08 21:30 IST,2026-02-08 21:30 IST,1.4193,1.4088,1.4278,0.7398,47.31,35.0,28.39,FILLED_TP,0.811,N/A,1.8216415640509413e+42,5.170911743715024e+41,2.3387327384224438e+42,7.385640050100365e+19,2.795317046161999e+18,1.816956080005299e+19,9.202596130105663e+19
1234,BTCUSD,SHORT,"[70571.00, 71673.50]",2026-02-08 22:30 IST,2026-02-08 22:30 IST,2026-02-08 22:30 IST,70846.625,71673.5,70421.5452,1.1671,29.99,35.0,17.99,FILLED_TP,0.5141,N/A,2.3387327384224438e+42,4.20803355667906e+41,2.7595360940903497e+42,9.202596130105663e+19,2.207738842941112e+18,1.4350302479117228e+19,1.0637626378017386e+20
1235,SOLUSD,SHORT,"[87.73, 88.86]",2026-02-08 23:30 IST,2026-02-08 23:30 IST,2026-02-08 23:30 IST,88.0152,88.865,87.4872,0.9655,36.25,35.0,21.75,FILLED_TP,0.6215,N/A,2.7595360940903497e+42,6.002361216020121e+41,3.3597722156923617e+42,1.0637626378017386e+20,3.0851019313796116e+18,2.005316255396747e+19,1.2642942633414132e+20
1236,XRPUSD,SHORT,"[1.44, 1.45]",2026-02-09 20:30 IST,2026-02-09 20:30 IST,2026-02-09 20:30 IST,1.4439,1.4548,1.4353,0.7532,46.47,35.0,27.88,FILLED_TP,0.7966,N/A,3.3597722156923617e+42,9.367948600221946e+41,4.2965670757145563e+42,1.2642942633414132e+20,4.700256610341711e+18,3.0551667967221113e+19,1.5698109430136242e+20
1237,SOLUSD,SHORT,"[86.04, 89.01]",2026-02-09 21:30 IST,2026-02-09 21:30 IST,2026-02-09 21:30 IST,86.7846,89.0094,86.2639,2.5636,13.65,35.0,8.19,FILLED_TP,0.234,N/A,4.2965670757145563e+42,3.5195941009619966e+41,4.648526485810756e+42,1.5698109430136242e+20,1.7145773163527987e+18,1.114475255629319e+19,1.681258468576556e+20
1238,SOLUSD,SHORT,"[80.65, 81.81]",2026-02-12 12:30 IST,2026-02-12 14:30 IST,2026-02-12 14:30 IST,80.9398,81.8077,80.4542,1.0723,32.64,35.0,19.58,FILLED_SL,-1.0,INSTANT_BLOWTHROUGH,4.648526485810756e+42,-1.6269842700337646e+42,3.0215422157769916e+42,1.681258468576556e+20,4.390206564646815e+18,-6.3234252964826276e+19,1.0489159389282933e+20
1239,BTCUSD,LONG,"[66646.50, 67185.50]",2026-02-12 20:30 IST,2026-02-12 20:30 IST,2026-02-12 20:30 IST,67050.75,66646.5,67453.0545,0.6029,58.05,35.0,34.83,FILLED_TP,0.9952,N/A,3.0215422157769916e+42,1.0524502427247225e+42,4.073992458501714e+42,1.0489159389282933e+20,4.871383576941732e+18,3.1663993250121257e+19,1.3655558714295058e+20
1240,ETHUSD,LONG,"[1931.35, 1956.60]",2026-02-12 20:30 IST,2026-02-12 20:30 IST,2026-02-12 20:30 IST,1950.2875,1931.35,1961.9892,0.971,36.04,35.0,21.63,FILLED_TP,0.6179,N/A,4.073992458501714e+42,8.810803321722157e+41,4.955072790673929e+42,1.3655558714295058e+20,3.937707897284014e+18,2.5595101332346085e+19,1.6215068847529666e+20
1241,ETHUSD,LONG,"[2030.55, 2072.80]",2026-02-14 17:30 IST,2026-02-15 06:30 IST,2026-02-15 06:30 IST,2062.2375,2030.55,2074.6109,1.5366,22.78,35.0,13.67,FILLED_TP,0.3905,N/A,4.955072790673929e+42,6.772048139086531e+41,5.632277604582582e+42,1.6215068847529666e+20,2.954796197834484e+18,1.9206175285924147e+19,1.813568637612208e+20
1242,SOLUSD,SHORT,"[87.06, 88.69]",2026-02-15 02:30 IST,2026-02-15 02:30 IST,2026-02-15 03:30 IST,87.4688,88.695,86.9439,1.4019,24.97,35.0,14.98,FILLED_SL,-1.0,CONSOLIDATION_REVERSAL,5.632277604582582e+42,-1.9712971616039036e+42,3.6609804429786784e+42,1.813568637612208e+20,3.622145801909907e+18,-6.7097048118337176e+19,1.1425981564288362e+20
1243,ETHUSD,SHORT,"[2077.75, 2098.30]",2026-02-15 10:30 IST,2026-02-15 10:30 IST,2026-02-15 12:30 IST,2082.8875,2098.3,2070.3902,0.74,47.3,35.0,28.38,FILLED_SL,-1.0,CONSOLIDATION_REVERSAL,3.6609804429786784e+42,-1.2813431550425373e+42,2.379637287936141e+42,1.1425981564288362e+20,4.323587717201046e+18,-4.431452319221031e+19,6.994529245067331e+19
1244,BTCUSD,LONG,"[69219.00, 69974.50]",2026-02-15 17:30 IST,2026-02-15 17:30 IST,2026-02-15 17:30 IST,69785.625,69219.0,70204.3387,0.812,43.11,35.0,25.86,FILLED_TP,0.739,N/A,2.379637287936141e+42,6.154606633400397e+41,2.9950979512761805e+42,6.994529245067331e+19,2.4120525318400097e+18,1.567834145696006e+19,8.562363390763337e+19
1245,SOLUSD,LONG,"[84.17, 85.06]",2026-02-16 11:30 IST,2026-02-16 11:30 IST,2026-02-16 12:30 IST,84.8402,84.172,85.3493,0.7877,44.44,35.0,26.66,FILLED_TP,0.7618,N/A,2.9950979512761805e+42,7.98533787979938e+41,3.7936317392561186e+42,8.562363390763337e+19,3.0437898119820196e+18,1.9784633777883124e+19,1.054082676855165e+20
1246,SOLUSD,SHORT,"[86.05, 86.67]",2026-02-16 17:30 IST,2026-02-16 17:30 IST,2026-02-16 17:30 IST,86.206,86.665,85.6888,0.5324,65.73,35.0,39.44,FILLED_TP,1.1269,N/A,3.7936317392561186e+42,1.4962331529412906e+42,5.289864892197409e+42,1.054082676855165e+20,5.543161295745796e+18,3.603054842234767e+19,1.4143881610786416e+20
1247,BTCUSD,LONG,"[68121.00, 68445.00]",2026-02-16 18:30 IST,2026-02-16 18:30 IST,2026-02-16 18:30 IST,68364.0,68121.0,68774.184,0.3555,98.47,35.0,59.08,FILLED_TP,1.688,N/A,5.289864892197409e+42,3.1252521783102294e+42,8.415117070507639e+42,1.4143881610786416e+20,1.114160700753682e+19,7.242044554898932e+19,2.1385926165685348e+20
1248,XRPUSD,LONG,"[1.45, 1.48]",2026-02-16 20:30 IST,2026-02-16 20:30 IST,2026-02-16 20:30 IST,1.4681,1.4475,1.4769,1.4049,24.91,35.0,14.95,FILLED_TP,0.4271,N/A,8.415117070507639e+42,1.2579069999123302e+42,9.673024070419969e+42,2.1385926165685348e+20,4.262409502331664e+18,2.7705661765155807e+19,2.415649234220093e+20
1249,SOLUSD,SHORT,"[85.25, 86.39]",2026-02-17 01:30 IST,2026-02-17 02:30 IST,2026-02-17 04:30 IST,85.5377,86.395,85.0245,1.0022,34.92,35.0,20.95,FILLED_SL,-1.0,CONSOLIDATION_REVERSAL,9.673024070419969e+42,-3.385558424646989e+42,6.28746564577298e+42,2.415649234220093e+20,6.749043578843304e+18,-9.129676677654654e+19,1.5026815664546277e+20
1250,BTCUSD,SHORT,"[68775.50, 69831.50]",2026-02-17 02:30 IST,2026-02-17 07:30 IST,2026-02-17 07:30 IST,69039.5,69831.5,68625.263,1.1472,30.51,35.0,18.31,FILLED_TP,0.523,N/A,6.28746564577298e+42,1.1509789360452292e+42,7.43844458181821e+42,1.5026815664546277e+20,3.667730747730858e+18,2.3840249860250575e+19,1.7410840650571334e+20
1251,ETHUSD,LONG,"[1967.60, 1983.35]",2026-02-18 16:30 IST,2026-02-18 16:30 IST,2026-02-18 16:30 IST,1979.4125,1967.6,1991.289,0.5968,58.65,35.0,35.19,FILLED_TP,1.0054,N/A,7.43844458181821e+42,2.6175555885881307e+42,1.005600017040634e+43,1.7410840650571334e+20,8.169063257896065e+18,5.309891117632442e+19,2.2720731768203775e+20
1252,BTCUSD,SHORT,"[67008.00, 67308.50]",2026-02-19 23:30 IST,2026-02-20 00:30 IST,2026-02-20 00:30 IST,67083.125,67308.5,66680.6263,0.336,100.0,33.6,60.0,FILLED_TP,1.7859,N/A,1.005600017040634e+43,6.033600102243804e+42,1.6089600272650144e+43,2.2720731768203775e+20,1.817658541456302e+19,1.1814780519465963e+20,3.453551228766974e+20
1253,ETHUSD,LONG,"[1896.15, 1949.35]",2026-02-19 23:30 IST,2026-02-19 23:30 IST,2026-02-20 01:30 IST,1936.05,1896.15,1947.6663,2.0609,16.98,35.0,10.19,FILLED_TP,0.2911,N/A,1.6089600272650144e+43,1.6394879267297063e+42,1.772908819937985e+43,3.453551228766974e+20,4.692103758915316e+18,3.0498674432949543e+19,3.7585379730964696e+20
1254,SOLUSD,SHORT,"[82.10, 82.67]",2026-02-20 03:30 IST,2026-02-20 03:30 IST,2026-02-20 05:30 IST,82.243,82.672,81.7495,0.5216,67.1,35.0,40.26,FILLED_SL,-1.0,CONSOLIDATION_REVERSAL,1.772908819937985e+43,-6.205180869782947e+42,1.1523907329596905e+43,3.7585379730964696e+20,2.0175236080648954e+19,-1.5172406513902538e+20,2.2412973217062158e+20
1255,XRPUSD,SHORT,"[1.42, 1.44]",2026-02-20 06:30 IST,2026-02-20 07:30 IST,2026-02-20 07:30 IST,1.4253,1.437,1.4167,0.8209,42.64,35.0,25.58,FILLED_TP,0.7309,N/A,1.1523907329596905e+43,2.948081431233868e+42,1.4471988760830774e+43,2.2412973217062158e+20,7.645007695177779e+18,4.969255001865557e+19,2.7382228218927717e+20
1256,BTCUSD,LONG,"[67497.00, 67977.50]",2026-02-22 03:30 IST,2026-02-22 05:30 IST,2026-02-22 19:30 IST,67857.375,67497.0,68264.5192,0.5311,65.9,35.0,39.54,FILLED_SL,-1.0,CONSOLIDATION_REVERSAL,1.4471988760830774e+43,-5.0651960662907706e+42,9.406792694540004e+42,2.7382228218927717e+20,1.4436742726450528e+19,-1.1027454149269753e+20,1.6354774069657964e+20
1257,XRPUSD,LONG,"[1.41, 1.43]",2026-02-22 05:30 IST,2026-02-22 05:30 IST,2026-02-22 17:30 IST,1.4256,1.4142,1.4342,0.7997,43.77,35.0,26.26,FILLED_SL,-1.0,CONSOLIDATION_REVERSAL,9.406792694540004e+42,-3.292377443089001e+42,6.114415251451003e+42,1.6354774069657964e+20,5.726581101611567e+18,-6.2968290345414435e+19,1.0057945035116521e+20
1258,SOLUSD,LONG,"[81.75, 83.71]",2026-02-22 20:30 IST,2026-02-22 20:30 IST,2026-02-22 20:30 IST,83.2215,81.75,83.7208,1.7682,19.79,35.0,11.88,FILLED_TP,0.3393,N/A,6.114415251451003e+42,7.26188718030661e+41,6.840603969481664e+42,1.0057945035116521e+20,1.592731473783112e+18,1.0352754579590226e+19,1.1093220493075543e+20
1259,XRPUSD,LONG,"[1.38, 1.40]",2026-02-22 20:30 IST,2026-02-22 20:30 IST,2026-02-23 05:30 IST,1.3976,1.3767,1.4059,1.4919,23.46,35.0,14.08,FILLED_SL,-1.0,CONSOLIDATION_REVERSAL,6.840603969481664e+42,-2.394211389318582e+42,4.446392580163082e+42,1.1093220493075543e+20,2.0819820067277489e+18,-4.090825373249214e+19,7.002395119826329e+19
1260,SOLUSD,SHORT,"[78.04, 79.28]",2026-02-24 21:30 IST,2026-02-24 22:30 IST,2026-02-24 22:30 IST,78.3492,79.28,77.8792,1.188,29.46,35.0,17.68,FILLED_TP,0.5051,N/A,4.446392580163082e+42,7.860114962222038e+41,5.232404076385286e+42,7.002395119826329e+19,1.6504654701667935e+18,1.0728025556084154e+19,8.075197675434744e+19
1261,BTCUSD,LONG,"[66850.00, 67352.00]",2026-02-27 14:30 IST,2026-02-27 15:30 IST,2026-02-27 15:30 IST,67226.5,66850.0,67629.859,0.56,62.49,35.0,37.5,FILLED_SL,-1.0,INSTANT_BLOWTHROUGH,5.232404076385286e+42,-1.83134142673485e+42,3.401062649650436e+42,8.075197675434744e+19,4.0372599582398904e+18,-3.2300451822261494e+19,4.845152493208595e+19
1262,ETHUSD,LONG,"[2000.45, 2022.15]",2026-02-27 14:30 IST,2026-02-27 14:30 IST,2026-02-27 14:30 IST,2016.725,2000.45,2028.8254,0.807,43.37,35.0,26.02,FILLED_TP,0.7435,N/A,3.401062649650436e+42,8.850332996279016e+41,4.2860959492783376e+42,4.845152493208595e+19,1.6810907805360947e+18,1.0927090073484614e+19,5.937861500557056e+19
1263,XRPUSD,LONG,"[1.35, 1.37]",2026-02-27 19:30 IST,2026-02-27 19:30 IST,2026-02-27 19:30 IST,1.3653,1.3523,1.3735,0.9504,36.83,35.0,22.1,FILLED_TP,0.6313,N/A,4.2860959492783376e+42,9.47095896648717e+41,5.2331918459270544e+42,5.937861500557056e+19,1.7494473070122985e+18,1.1371407495579939e+19,7.075002250115051e+19
1264,BTCUSD,LONG,"[64726.00, 65487.00]",2026-02-27 21:30 IST,2026-02-27 22:30 IST,2026-02-27 22:30 IST,65296.75,64726.0,65688.5305,0.8741,40.04,35.0,24.03,FILLED_TP,0.6864,N/A,5.2331918459270544e+42,1.2572788108587445e+42,6.490470656785798e+42,7.075002250115051e+19,2.26636711150339e+18,1.473138622477203e+19,8.548140872592255e+19
1265,XRPUSD,LONG,"[1.34, 1.35]",2026-02-27 21:30 IST,2026-02-27 21:30 IST,2026-02-27 21:30 IST,1.3486,1.3404,1.3567,0.6117,57.22,35.0,34.33,FILLED_TP,0.9808,N/A,6.490470656785798e+42,2.2281313730516414e+42,8.71860202983744e+42,8.548140872592255e+19,3.9126861243516165e+18,2.5432459808285508e+19,1.1091386853420805e+20
1266,BTCUSD,SHORT,"[67928.50, 68891.50]",2026-03-04 10:30 IST,2026-03-04 10:30 IST,2026-03-04 10:30 IST,68169.25,68891.5,67760.2345,1.0595,33.03,35.0,19.82,FILLED_TP,0.5663,N/A,8.71860202983744e+42,1.7280930134818158e+42,1.0446695043319255e+43,1.1091386853420805e+20,2.931195936477892e+18,1.90527735871063e+19,1.2996664212131435e+20
1267,BTCUSD,SHORT,"[70582.50, 71429.00]",2026-03-04 13:30 IST,2026-03-04 13:30 IST,2026-03-04 13:30 IST,70794.125,71429.0,70369.3602,0.8968,39.03,35.0,23.42,FILLED_TP,0.6691,N/A,1.0446695043319255e+43,2.4462858561773734e+42,1.2892980899496628e+43,1.2996664212131435e+20,4.0578774062400415e+18,2.637620314056027e+19,1.5634284526187463e+20
1268,BTCUSD,SHORT,"[72376.00, 73300.00]",2026-03-05 14:30 IST,2026-03-05 14:30 IST,2026-03-05 15:30 IST,72607.0,73300.0,72171.358,0.9545,36.67,35.0,22.0,FILLED_SL,-1.0,CONSOLIDATION_REVERSAL,1.2892980899496628e+43,-4.512543314823819e+42,8.380437584672809e+42,1.5634284526187463e+20,4.586498976132902e+18,-5.930649481778902e+19,9.703635044408561e+19
1269,XRPUSD,LONG,"[1.38, 1.40]",2026-03-05 22:30 IST,2026-03-06 09:30 IST,2026-03-06 09:30 IST,1.3956,1.3823,1.4039,0.9512,36.79,35.0,22.08,FILLED_TP,0.6308,N/A,8.380437584672809e+42,1.8501402096182765e+42,1.0230577794291085e+43,9.703635044408561e+19,2.8563481232302484e+18,1.8566262800996614e+19,1.1560261324508222e+20
1270,BTCUSD,SHORT,"[70993.00, 71538.00]",2026-03-06 12:30 IST,2026-03-06 12:30 IST,2026-03-06 12:30 IST,71129.25,71538.0,70702.4745,0.5747,60.91,35.0,36.54,FILLED_TP,1.0441,N/A,1.0230577794291085e+43,3.738607911208846e+42,1.396918570549993e+43,1.1560261324508222e+20,5.63269384681486e+18,3.661251000429658e+19,1.5221512324937882e+20
1271,ETHUSD,LONG,"[1944.00, 1979.80]",2026-03-07 01:30 IST,2026-03-07 01:30 IST,2026-03-07 01:30 IST,1970.85,1944.0,1982.6751,1.3624,25.69,35.0,15.41,FILLED_TP,0.4404,N/A,1.396918570549993e+43,2.153275838366396e+42,1.6122461543866326e+43,1.5221512324937882e+20,3.128420453768752e+18,2.033473294949689e+19,1.725498561988757e+20
1272,BTCUSD,LONG,"[67366.50, 68367.50]",2026-03-07 03:30 IST,2026-03-07 04:30 IST,2026-03-07 08:30 IST,68117.25,67366.5,68525.9535,1.1021,31.76,35.0,19.05,FILLED_TP,0.5444,N/A,1.6122461543866326e+43,3.0719377443326676e+42,1.9194399288198994e+43,1.725498561988757e+20,4.383635129944193e+18,2.849362834463725e+19,2.0104348454351297e+20
1273,XRPUSD,LONG,"[1.34, 1.36]",2026-03-08 05:30 IST,2026-03-08 05:30 IST,2026-03-08 07:30 IST,1.3575,1.3444,1.3656,0.9614,36.41,35.0,21.84,FILLED_SL,-1.0,CONSOLIDATION_REVERSAL,1.9194399288198994e+43,-6.718039750869647e+42,1.2476359537329348e+43,2.0104348454351297e+20,5.855464664077061e+18,-7.62206842543066e+19,1.2482280028920637e+20
1274,BTCUSD,SHORT,"[67148.50, 67466.00]",2026-03-08 12:30 IST,2026-03-08 12:30 IST,2026-03-08 13:30 IST,67227.875,67466.0,66824.5078,0.3542,98.81,35.0,59.29,FILLED_SL,-1.0,CONSOLIDATION_REVERSAL,1.2476359537329348e+43,-4.3667258380652713e+42,8.109633699264077e+42,1.2482280028920637e+20,9.867254812379904e+18,-5.355523491360213e+19,7.126756537560424e+19
1275,SOLUSD,SHORT,"[82.90, 83.48]",2026-03-08 12:30 IST,2026-03-08 12:30 IST,2026-03-08 12:30 IST,83.0463,83.482,82.548,0.5247,66.7,35.0,40.02,FILLED_TP,1.1435,N/A,8.109633699264077e+42,3.245661048662705e+42,1.1355294747926781e+43,7.126756537560424e+19,3.8030548119349663e+18,2.4719856277577277e+19,9.598742165318151e+19
1276,XRPUSD,LONG,"[1.34, 1.36]",2026-03-08 12:30 IST,2026-03-08 12:30 IST,2026-03-08 14:30 IST,1.3559,1.3363,1.364,1.4437,24.24,35.0,14.55,FILLED_TP,0.4156,N/A,1.1355294747926781e+43,1.6517168101826195e+42,1.3007011558109402e+43,9.598742165318151e+19,1.8616165871530975e+18,1.210050781649513e+19,1.0808792946967665e+20
1277,BTCUSD,SHORT,"[67816.00, 68210.50]",2026-03-08 15:30 IST,2026-03-08 15:30 IST,2026-03-08 16:30 IST,67914.625,68210.5,67507.1372,0.4357,80.34,35.0,48.2,FILLED_TP,1.3772,N/A,1.3007011558109402e+43,6.269773573006498e+42,1.92767851311159e+43,1.0808792946967665e+20,6.946887486772017e+18,4.51547686640181e+19,1.5324269813369474e+20
1278,XRPUSD,SHORT,"[1.36, 1.37]",2026-03-08 15:30 IST,2026-03-08 15:30 IST,2026-03-08 16:30 IST,1.3666,1.3727,1.3584,0.4445,78.74,35.0,47.24,FILLED_TP,1.3498,N/A,1.92767851311159e+43,9.106615079440851e+42,2.838340021055675e+43,1.5324269813369474e+20,9.652524222938018e+18,6.274140744909711e+19,2.1598410558279185e+20
1279,ETHUSD,LONG,"[1918.40, 1950.60]",2026-03-08 16:30 IST,2026-03-08 17:30 IST,2026-03-08 17:30 IST,1942.55,1918.4,1954.2053,1.2432,28.15,35.0,16.89,FILLED_TP,0.4826,N/A,2.838340021055675e+43,4.794449919914551e+42,3.31778501304713e+43,2.1598410558279185e+20,4.864462890433099e+18,3.1619008787815137e+19,2.47603114370607e+20
1280,BTCUSD,LONG,"[66516.50, 67067.00]",2026-03-08 21:30 IST,2026-03-08 21:30 IST,2026-03-09 00:30 IST,66929.375,66516.5,67330.9512,0.6169,56.74,35.0,34.04,FILLED_TP,0.9726,N/A,3.31778501304713e+43,1.1294466420732272e+43,4.447231655120357e+43,2.47603114370607e+20,1.1238602661836896e+19,7.3050917301939814e+19,3.206540316725468e+20
1281,SOLUSD,SHORT,"[84.25, 84.90]",2026-03-09 10:30 IST,2026-03-09 10:30 IST,2026-03-09 10:30 IST,84.4147,84.903,83.9083,0.5784,60.51,35.0,36.31,FILLED_TP,1.0374,N/A,4.447231655120357e+43,1.6146750467056563e+43,6.061906701826014e+43,3.206540316725468e+20,1.5522827194339604e+19,1.0089837676320742e+20,4.215524084357543e+20
1282,BTCUSD,SHORT,"[67665.50, 68176.00]",2026-03-09 13:30 IST,2026-03-09 13:30 IST,2026-03-09 13:30 IST,67793.125,68176.0,67386.3663,0.5648,61.97,35.0,37.18,FILLED_TP,1.0624,N/A,6.061906701826014e+43,2.2540169962206476e+43,8.315923698046661e+43,4.215524084357543e+20,2.0899613276808675e+19,1.3584748629925639e+20,5.5739989473501066e+20
1283,SOLUSD,LONG,"[83.98, 85.75]",2026-03-10 03:30 IST,2026-03-10 04:30 IST,2026-03-10 04:30 IST,85.31,83.981,85.8219,1.5578,22.47,35.0,13.48,FILLED_TP,0.3851,N/A,8.315923698046661e+43,1.1209977775987577e+43,9.436921475645419e+43,5.5739989473501066e+20,1.0018434767160406e+19,6.511982598654262e+19,6.225197207215533e+20
1284,XRPUSD,LONG,"[1.35, 1.37]",2026-03-10 03:30 IST,2026-03-10 03:30 IST,2026-03-10 07:30 IST,1.3678,1.3536,1.376,1.0364,33.77,35.0,20.26,FILLED_TP,0.579,N/A,9.436921475645419e+43,1.9122348550149433e+43,1.1349156330660361e+44,6.225197207215533e+20,1.6819099476739154e+19,1.0932414659880449e+20,7.318438673203577e+20
1285,BTCUSD,LONG,"[68334.50, 69499.00]",2026-03-10 08:30 IST,2026-03-11 16:30 IST,2026-03-11 16:30 IST,69207.875,68334.5,69623.1223,1.262,27.73,35.0,16.64,FILLED_TP,0.4755,N/A,1.1349156330660361e+44,1.8885897634399677e+43,1.3237746094100328e+44,7.318438673203577e+20,1.6237951039274873e+19,1.0554668175528667e+20,8.373905490756444e+20
1286,XRPUSD,LONG,"[1.36, 1.38]",2026-03-10 08:30 IST,2026-03-10 08:30 IST,2026-03-10 08:30 IST,1.3765,1.3557,1.3848,1.5147,23.11,35.0,13.86,FILLED_TP,0.3961,N/A,1.3237746094100328e+44,1.8353515928177906e+43,1.507309768691812e+44,8.373905490756444e+20,1.5480037836566972e+19,1.0062024593768533e+20,9.380107950133296e+20
1287,XRPUSD,LONG,"[1.37, 1.39]",2026-03-10 16:30 IST,2026-03-10 17:30 IST,2026-03-10 18:30 IST,1.3862,1.3693,1.3945,1.2174,28.75,35.0,17.25,FILLED_TP,0.4929,N/A,1.507309768691812e+44,2.60013614761149e+43,1.7673233834529609e+44,9.380107950133296e+20,2.1574470628606173e+19,1.402340590859401e+20,1.0782448540992698e+21
1288,SOLUSD,LONG,"[84.83, 85.96]",2026-03-11 02:30 IST,2026-03-11 02:30 IST,2026-03-11 02:30 IST,85.6803,84.832,86.1943,0.99,35.35,35.0,21.21,FILLED_TP,0.606,N/A,1.7673233834529609e+44,3.748799169852024e+43,2.1422033004381635e+44,1.0782448540992698e+21,3.0495255909133734e+19,1.9821916340936924e+20,1.276464017508639e+21
1289,BTCUSD,LONG,"[68940.00, 69751.50]",2026-03-12 07:30 IST,2026-03-12 07:30 IST,2026-03-12 13:30 IST,69548.625,68940.0,69965.9168,0.8751,40.0,35.0,24.0,FILLED_TP,0.6856,N/A,2.1422033004381635e+44,5.140658327105622e+43,2.656269133148726e+44,1.276464017508639e+21,4.08418465201339e+19,2.6547200238087032e+20,1.541936019889509e+21
1290,SOLUSD,LONG,"[84.35, 85.69]",2026-03-12 07:30 IST,2026-03-12 07:30 IST,2026-03-12 07:30 IST,85.3518,84.352,85.8639,1.1713,29.88,35.0,17.93,FILLED_TP,0.5122,N/A,2.656269133148726e+44,4.762252161730167e+43,3.1324943493217428e+44,1.541936019889509e+21,3.6859157341304357e+19,2.3958452271847824e+20,1.7815205426079874e+21
1291,ETHUSD,LONG,"[2089.35, 2112.40]",2026-03-13 22:30 IST,2026-03-13 22:30 IST,2026-03-13 22:30 IST,2106.6375,2089.35,2119.2773,0.8206,42.65,35.0,25.59,FILLED_TP,0.7312,N/A,3.1324943493217428e+44,8.016175349888975e+43,3.934111884310641e+44,1.7815205426079874e+21,6.078640838651853e+19,3.9511165451237045e+20,2.1766321971203578e+21
1292,SOLUSD,LONG,"[88.15, 88.93]",2026-03-13 22:30 IST,2026-03-13 22:30 IST,2026-03-13 22:30 IST,88.7396,88.154,89.272,0.6599,53.04,35.0,31.82,FILLED_TP,0.9092,N/A,3.934111884310641e+44,1.2519367852370953e+44,5.186048669547736e+44,2.1766321971203578e+21,9.235480147794217e+19,6.003062096066241e+20,2.776938406726982e+21
1293,ETHUSD,LONG,"[2038.05, 2081.95]",2026-03-14 11:30 IST,2026-03-14 11:30 IST,2026-03-14 11:30 IST,2070.975,2038.05,2083.4008,1.5898,22.01,35.0,13.21,FILLED_TP,0.3774,N/A,5.186048669547736e+44,6.850226879627924e+43,5.871071357510529e+44,2.776938406726982e+21,4.890726210247525e+19,3.178972036660891e+20,3.094835610393071e+21
1294,SOLUSD,LONG,"[85.65, 86.94]",2026-03-14 14:30 IST,2026-03-14 14:30 IST,2026-03-14 14:30 IST,86.6205,85.65,87.1402,1.1204,31.24,35.0,18.74,FILLED_TP,0.5355,N/A,5.871071357510529e+44,1.100428425243487e+44,6.971499782754016e+44,3.094835610393071e+21,7.734295542216871e+19,5.027292102440966e+20,3.5975648206371674e+21
1295,SOLUSD,SHORT,"[88.20, 88.70]",2026-03-15 07:30 IST,2026-03-15 07:30 IST,2026-03-15 07:30 IST,88.328,88.7,87.798,0.4212,83.1,35.0,49.86,FILLED_TP,1.4246,N/A,6.971499782754016e+44,3.476169701352966e+44,1.0447669484106982e+45,3.5975648206371674e+21,2.3917848799362135e+20,1.554660171958539e+21,5.152224992595707e+21
1296,XRPUSD,LONG,"[1.41, 1.42]",2026-03-15 20:30 IST,2026-03-15 21:30 IST,2026-03-15 22:30 IST,1.4129,1.405,1.4214,0.5574,62.79,35.0,37.68,FILLED_TP,1.0765,N/A,1.0447669484106982e+45,3.936333605962002e+44,1.4384003090068984e+45,5.152224992595707e+21,2.5882488485026093e+20,1.6823617515266958e+21,6.834586744122402e+21
1297,SOLUSD,SHORT,"[88.41, 88.86]",2026-03-15 22:30 IST,2026-03-15 22:30 IST,2026-03-15 22:30 IST,88.5252,88.865,87.9941,0.3838,91.2,35.0,54.72,FILLED_TP,1.5634,N/A,1.4384003090068984e+45,7.870580385734246e+44,2.225458347580323e+45,6.834586744122402e+21,4.986295218473481e+20,3.2410918920077627e+21,1.0075678636130165e+22
1298,ETHUSD,SHORT,"[2247.95, 2295.30]",2026-03-16 14:30 IST,2026-03-16 14:30 IST,2026-03-16 14:30 IST,2259.7875,2295.3,2246.2288,1.5715,22.27,35.0,13.36,FILLED_TP,0.3818,N/A,2.225458347580323e+45,2.9738915049147553e+44,2.5228474980717984e+45,1.0075678636130165e+22,1.7952241993845182e+20,1.1668957295999367e+21,1.1242574365730101e+22
1299,XRPUSD,SHORT,"[1.46, 1.49]",2026-03-16 14:30 IST,2026-03-16 14:30 IST,2026-03-16 19:30 IST,1.4701,1.4934,1.4613,1.5815,22.13,35.0,13.28,FILLED_SL,-1.0,CONSOLIDATION_REVERSAL,2.5228474980717984e+45,-8.829966243251294e+44,1.639850873746669e+45,1.1242574365730101e+22,1.990501418089388e+20,-4.133951169814474e+21,7.108623195915627e+21
1300,SOLUSD,LONG,"[92.60, 94.04]",2026-03-17 09:30 IST,2026-03-17 09:30 IST,2026-03-17 09:30 IST,93.679,92.596,94.2411,1.1561,30.27,35.0,18.16,FILLED_TP,0.519,N/A,1.639850873746669e+45,2.9787732133296427e+44,1.9377281950796335e+45,7.108623195915627e+21,1.7216993486948355e+20,1.119104576651643e+21,8.227727772567271e+21
1301,BTCUSD,LONG,"[73129.00, 73886.00]",2026-03-17 15:30 IST,2026-03-17 15:30 IST,2026-03-17 16:30 IST,73696.75,73129.0,74138.9305,0.7704,45.43,35.0,27.26,FILLED_TP,0.7788,N/A,1.9377281950796335e+45,5.28206019828346e+44,2.4659342149079795e+45,8.227727772567271e+21,2.990398997488774e+20,1.9437593483677034e+21,1.0171487120934975e+22
1302,SOLUSD,LONG,"[93.17, 94.08]",2026-03-18 10:30 IST,2026-03-18 10:30 IST,2026-03-18 11:30 IST,93.852,93.174,94.4151,0.7224,48.45,35.0,29.07,FILLED_TP,0.8305,N/A,2.4659342149079795e+45,7.168274360897401e+44,3.1827616509977194e+45,1.0171487120934975e+22,3.942360392281978e+20,2.5625342549832856e+21,1.273402137591826e+22
1303,SOLUSD,LONG,"[89.68, 90.17]",2026-03-19 09:30 IST,2026-03-19 09:30 IST,2026-03-19 09:30 IST,90.0455,89.684,90.5858,0.4015,87.18,35.0,52.31,FILLED_TP,1.4945,N/A,3.1827616509977194e+45,1.664857717605286e+45,4.8476193686030054e+45,1.273402137591826e+22,8.881315908864828e+20,5.772855340762138e+21,1.85068767166804e+22
1304,SOLUSD,SHORT,"[89.91, 91.41]",2026-03-19 14:30 IST,2026-03-19 14:30 IST,2026-03-19 14:30 IST,90.2871,91.4063,89.7454,1.2396,28.23,35.0,16.94,FILLED_TP,0.484,N/A,4.8476193686030054e+45,8.212133256132373e+44,5.668832694216243e+45,1.85068767166804e+22,4.1802219796529696e+20,2.7171442867744303e+21,2.122402100345483e+22
1305,SOLUSD,LONG,"[87.35, 88.40]",2026-03-19 17:30 IST,2026-03-19 17:30 IST,2026-03-19 17:30 IST,88.136,87.353,88.6648,0.8884,39.4,35.0,23.64,FILLED_TP,0.6754,N/A,5.668832694216243e+45,1.3399991066521433e+45,7.008831800868386e+45,2.122402100345483e+22,6.689247614877876e+20,4.34801094967062e+21,2.557203195312545e+22
1306,ETHUSD,LONG,"[2120.90, 2152.95]",2026-03-20 14:30 IST,2026-03-20 14:30 IST,2026-03-20 14:30 IST,2144.9375,2120.9,2157.8071,1.1207,31.23,35.0,18.74,FILLED_TP,0.5354,N/A,7.008831800868386e+45,1.3133796333993926e+45,8.322211434267778e+45,2.557203195312545e+22,6.3892313595374e+20,4.15300038369931e+21,2.972503233682476e+22
1307,BTCUSD,LONG,"[69690.00, 70266.50]",2026-03-20 18:30 IST,2026-03-20 18:30 IST,2026-03-20 18:30 IST,70122.375,69690.0,70543.1092,0.6166,56.76,35.0,34.06,FILLED_TP,0.9731,N/A,8.322211434267778e+45,2.834353940788267e+45,1.1156565375056044e+46,2.972503233682476e+22,1.3498217104013567e+21,8.773841117608817e+21,3.8498873454433575e+22
1308,ETHUSD,SHORT,"[2149.65, 2168.00]",2026-03-21 23:30 IST,2026-03-21 23:30 IST,2026-03-22 04:30 IST,2154.2375,2168.0,2141.3121,0.6389,54.79,35.0,32.87,FILLED_TP,0.9392,N/A,1.1156565375056044e+46,3.667296795968028e+45,1.4823862171024074e+46,3.8498873454433575e+22,1.6873388361796918e+21,1.0967702435167994e+22,4.946657588960157e+22
1309,SOLUSD,SHORT,"[89.98, 90.40]",2026-03-22 01:30 IST,2026-03-22 01:30 IST,2026-03-22 04:30 IST,90.088,90.4,89.5475,0.3463,100.0,34.63,60.0,FILLED_TP,1.7325,N/A,1.4823862171024074e+46,8.894317302614444e+45,2.371817947363852e+46,4.946657588960157e+22,3.957326071168126e+21,2.5722619462592814e+22,7.518919535219438e+22
1310,XRPUSD,LONG,"[1.38, 1.39]",2026-03-22 20:30 IST,2026-03-22 20:30 IST,2026-03-22 20:30 IST,1.3917,1.3839,1.4001,0.5605,62.45,35.0,37.47,FILLED_TP,1.0705,N/A,2.371817947363852e+46,8.886928177470449e+45,3.260510765110897e+46,7.518919535219438e+22,3.7563365241103534e+21,2.4416187406717293e+22,9.960538275891167e+22
1311,BTCUSD,SHORT,"[68679.50, 68990.00]",2026-03-23 10:30 IST,2026-03-23 10:30 IST,2026-03-23 11:30 IST,68757.125,68990.0,68344.5823,0.3387,100.0,33.87,60.0,FILLED_TP,1.7715,N/A,3.260510765110897e+46,1.9563064590665382e+46,5.216817224177435e+46,9.960538275891167e+22,7.968430620712934e+21,5.179479903463406e+22,1.5140018179354572e+23
1312,XRPUSD,SHORT,"[1.45, 1.47]",2026-03-23 19:30 IST,2026-03-23 20:30 IST,2026-03-23 20:30 IST,1.4563,1.466,1.4475,0.6695,52.28,35.0,31.37,FILLED_TP,0.8962,N/A,5.216817224177435e+46,1.6362747870448965e+46,6.853092011222331e+46,1.5140018179354572e+23,6.331633243724999e+21,4.115561608421249e+22,1.925557978777582e+23
1313,BTCUSD,SHORT,"[70450.00, 71385.00]",2026-03-25 04:30 IST,2026-03-25 04:30 IST,2026-03-25 04:30 IST,70683.75,71385.0,70259.6475,0.9921,35.28,35.0,21.17,FILLED_TP,0.6048,N/A,6.853092011222331e+46,1.4506163410214568e+46,8.303708352243788e+46,1.925557978777582e+23,5.434521847996802e+21,3.5324392011979215e+22,2.2788018988973744e+23
1314,ETHUSD,SHORT,"[2151.10, 2174.85]",2026-03-25 04:30 IST,2026-03-25 04:30 IST,2026-03-25 04:30 IST,2157.0375,2174.85,2144.0953,0.8258,42.38,35.0,25.43,FILLED_TP,0.7266,N/A,8.303708352243788e+46,2.111661004361624e+46,1.0415369356605412e+47,2.2788018988973744e+23,7.726759984718577e+21,5.022393990067075e+22,2.781041297904082e+23
1315,XRPUSD,SHORT,"[1.41, 1.43]",2026-03-25 04:30 IST,2026-03-25 05:30 IST,2026-03-25 07:30 IST,1.4189,1.4328,1.4104,0.9779,35.79,35.0,21.48,FILLED_TP,0.6136,N/A,1.0415369356605412e+47,2.2367653135188907e+46,1.2652134670124302e+47,2.781041297904082e+23,7.963278750385492e+21,5.1761311877505695e+22,3.298654416679139e+23
1316,SOLUSD,LONG,"[91.77, 92.51]",2026-03-25 19:30 IST,2026-03-25 19:30 IST,2026-03-25 19:30 IST,92.3208,91.765,92.8747,0.602,58.14,35.0,34.89,FILLED_TP,0.9967,N/A,1.2652134670124302e+47,4.413701448274277e+46,1.7065836118398578e+47,3.298654416679139e+23,1.5343156082198123e+22,9.973051453428778e+22,4.295959562022017e+23
1317,XRPUSD,LONG,"[1.41, 1.41]",2026-03-25 19:30 IST,2026-03-25 20:30 IST,2026-03-25 20:30 IST,1.4125,1.4065,1.421,0.4248,82.4,35.0,49.44,FILLED_SL,-1.0,INSTANT_BLOWTHROUGH,1.7065836118398578e+47,-5.973042641439502e+46,1.1092793476959076e+47,4.295959562022017e+23,2.8317533446328436e+22,-1.78676118117099e+23,2.5091983808510266e+23
1318,BTCUSD,LONG,"[65326.50, 66115.00]",2026-03-28 02:30 IST,2026-03-28 03:30 IST,2026-03-28 04:30 IST,65917.875,65326.5,66313.3822,0.8971,39.01,35.0,23.41,FILLED_TP,0.6688,N/A,1.1092793476959076e+47,2.5965725385948135e+46,1.368936601555389e+47,2.5091983808510266e+23,7.83128929382529e+21,5.090338040986437e+22,3.0182321849496704e+23
1319,BTCUSD,LONG,"[65900.00, 66221.00]",2026-03-28 15:30 IST,2026-03-28 15:30 IST,2026-03-28 18:30 IST,66140.75,65900.0,66537.5945,0.364,96.15,35.0,57.69,FILLED_TP,1.6484,N/A,1.368936601555389e+47,7.897787597573484e+46,2.1587153613127372e+47,3.0182321849496704e+23,2.3217395351309976e+22,1.5091306978351485e+23,4.527362882784819e+23
1320,SOLUSD,LONG,"[82.23, 82.85]",2026-03-28 17:30 IST,2026-03-28 17:30 IST,2026-03-28 17:30 IST,82.6968,82.231,83.1929,0.5632,62.14,35.0,37.29,FILLED_TP,1.0653,N/A,2.1587153613127372e+47,8.049154343893308e+46,2.963630795702068e+47,4.527362882784819e+23,2.2508104136025505e+22,1.4630267688416575e+23,5.9903896516264764e+23
1321,BTCUSD,LONG,"[66093.50, 66388.50]",2026-03-29 04:30 IST,2026-03-29 04:30 IST,2026-03-29 04:30 IST,66314.75,66093.5,66712.6385,0.3336,100.0,33.36,60.0,FILLED_TP,1.7984,N/A,2.963630795702068e+47,1.7781784774212408e+47,4.741809273123309e+47,5.9903896516264764e+23,4.792311721301181e+22,3.115002618845768e+23,9.105392270472244e+23
1322,SOLUSD,LONG,"[81.17, 82.45]",2026-03-29 17:30 IST,2026-03-29 18:30 IST,2026-03-29 22:30 IST,82.1312,81.169,82.624,1.1716,29.87,35.0,17.92,FILLED_SL,-1.0,CONSOLIDATION_REVERSAL,4.741809273123309e+47,-1.6596332455931579e+47,3.0821760275301508e+47,9.105392270472244e+23,2.1760917609351324e+22,-3.4044964707587985e+23,5.700895799713445e+23
1323,ETHUSD,LONG,"[1981.75, 1993.15]",2026-03-29 20:30 IST,2026-03-29 20:30 IST,2026-03-29 21:30 IST,1990.3,1981.75,2002.2418,0.4296,81.47,35.0,48.88,FILLED_TP,1.3967,N/A,3.0821760275301508e+47,1.5067082327421719e+47,4.5888842602723225e+47,5.700895799713445e+23,3.715810543681217e+22,2.4152768533927905e+23,8.116172653106236e+23
1324,SOLUSD,SHORT,"[82.68, 83.22]",2026-03-30 06:30 IST,2026-03-30 06:30 IST,2026-03-30 06:30 IST,82.8162,83.222,82.3194,0.4899,71.44,35.0,42.86,FILLED_TP,1.2246,N/A,4.5888842602723225e+47,1.9669052146679923e+47,6.555789474940315e+47,8.116172653106236e+23,4.6383801694439355e+22,3.0149471101385583e+23,1.1131119763244794e+24
1325,SOLUSD,SHORT,"[83.17, 84.28]",2026-03-30 07:30 IST,2026-03-30 07:30 IST,2026-03-30 07:30 IST,83.449,84.283,82.9483,0.9994,35.02,35.0,21.01,FILLED_TP,0.6004,N/A,6.555789474940315e+47,1.3775246515324141e+47,7.933314126472728e+47,1.1131119763244794e+24,3.1185446963363027e+22,2.0270540526185965e+23,1.315817381586339e+24
1326,SOLUSD,LONG,"[82.18, 83.48]",2026-04-01 14:30 IST,2026-04-01 14:30 IST,2026-04-01 14:30 IST,83.1568,82.181,83.6557,1.1734,29.83,35.0,17.9,FILLED_TP,0.5113,N/A,7.933314126472728e+47,1.4198187045060425e+47,9.353132830978771e+47,1.315817381586339e+24,3.139876727947137e+22,2.0409198731656386e+23,1.5199093689029027e+24
1327,BTCUSD,SHORT,"[68408.00, 69462.00]",2026-04-01 16:30 IST,2026-04-01 16:30 IST,2026-04-01 17:30 IST,68671.5,69462.0,68259.471,1.1511,30.4,35.0,18.24,FILLED_TP,0.5212,N/A,9.353132830978771e+47,1.7062829709365885e+47,1.105941580191536e+48,1.5199093689029027e+24,3.6970079371856286e+22,2.4030551591706582e+23,1.7602148848199685e+24
1328,BTCUSD,LONG,"[65826.50, 66357.50]",2026-04-02 16:30 IST,2026-04-02 16:30 IST,2026-04-02 18:30 IST,66224.75,65826.5,66622.0985,0.6014,58.2,35.0,34.92,FILLED_SL,-1.0,CONSOLIDATION_REVERSAL,1.105941580191536e+48,-3.870795530670376e+47,7.188620271244984e+47,1.7602148848199685e+24,8.195741718562394e+22,-6.980326268726129e+23,1.0621822579473556e+24
1329,ETHUSD,LONG,"[2011.60, 2043.50]",2026-04-02 16:30 IST,2026-04-02 16:30 IST,2026-04-02 19:30 IST,2035.525,2011.6,2047.7382,1.1754,29.78,35.0,17.87,FILLED_TP,0.5105,N/A,7.188620271244984e+47,1.2843675729577535e+47,8.472987844202737e+47,1.0621822579473556e+24,2.5303556588101024e+22,1.6447311782265664e+23,1.2266553757700122e+24
1330,BTCUSD,SHORT,"[66766.50, 67081.00]",2026-04-03 11:30 IST,2026-04-03 12:30 IST,2026-04-03 12:30 IST,66845.125,67081.0,66444.0543,0.3529,99.19,35.0,59.51,FILLED_SL,-1.0,INSTANT_BLOWTHROUGH,8.472987844202737e+47,-2.965545745470958e+47,5.507442098731779e+47,1.2266553757700122e+24,9.733486354668853e+22,-5.266642450661928e+23,6.999911307038194e+23
1331,SOLUSD,LONG,"[78.84, 79.60]",2026-04-03 17:30 IST,2026-04-03 17:30 IST,2026-04-03 17:30 IST,79.4106,78.8423,79.887,0.7156,48.91,35.0,29.35,FILLED_TP,0.8384,N/A,5.507442098731779e+47,1.6161773825400457e+47,7.1236194812718246e+47,6.999911307038194e+23,2.7388633129286573e+22,1.7802611534036273e+23,8.780172460441821e+23
1332,ETHUSD,LONG,"[2043.00, 2054.95]",2026-04-04 03:30 IST,2026-04-04 03:30 IST,2026-04-05 00:30 IST,2051.9625,2043.0,2064.2743,0.4368,80.13,35.0,48.08,FILLED_TP,1.3737,N/A,7.1236194812718246e+47,3.4249974988746038e+47,1.0548616980146428e+48,8.780172460441821e+23,5.628612214293804e+22,3.658597939290972e+23,1.2438770399732793e+24
1333,XRPUSD,LONG,"[1.31, 1.31]",2026-04-04 13:30 IST,2026-04-04 13:30 IST,2026-04-04 14:30 IST,1.3142,1.3127,1.3221,0.1141,100.0,11.41,60.0,FILLED_SL,-1.0,CONSOLIDATION_REVERSAL,1.0548616980146428e+48,-1.203996763827442e+47,9.344620216318987e+47,1.2438770399732793e+24,9.951016319786236e+22,-2.4148364972654825e+23,1.0023933902467312e+24
1334,SOLUSD,SHORT,"[80.13, 80.54]",2026-04-04 15:30 IST,2026-04-04 15:30 IST,2026-04-04 19:30 IST,80.2327,80.541,79.7514,0.3842,91.1,35.0,54.66,FILLED_TP,1.5617,N/A,9.344620216318987e+47,5.107748947567934e+47,1.445236916388692e+48,1.0023933902467312e+24,7.305413761157853e+22,4.7485189447526036e+23,1.4772452847219915e+24
1335,SOLUSD,LONG,"[79.60, 80.38]",2026-04-05 09:30 IST,2026-04-05 10:30 IST,2026-04-05 11:30 IST,80.187,79.5953,80.6682,0.738,47.43,35.0,28.46,FILLED_SL,-1.0,CONSOLIDATION_REVERSAL,1.445236916388692e+48,-5.0583292073604216e+47,9.394039956526498e+47,1.4772452847219915e+24,5.605012863931454e+22,-5.7308597829201156e+23,9.041593064299799e+23
1336,ETHUSD,LONG,"[2043.50, 2054.10]",2026-04-05 10:30 IST,2026-04-05 10:30 IST,2026-04-05 11:30 IST,2051.45,2043.5,2063.7587,0.3875,90.32,35.0,54.19,FILLED_SL,-1.0,CONSOLIDATION_REVERSAL,9.394039956526498e+47,-3.287913984784274e+47,6.106125971742224e+47,9.041593064299799e+23,6.532761390807935e+22,-3.817833711585723e+23,5.223759352714076e+23
1337,BTCUSD,LONG,"[68746.50, 69393.50]",2026-04-06 17:30 IST,2026-04-06 18:30 IST,2026-04-06 19:30 IST,69231.75,68746.5,69647.1405,0.7009,49.94,35.0,29.96,FILLED_TP,0.856,N/A,6.106125971742224e+47,1.8294680106393524e+47,7.935593982381576e+47,5.223759352714076e+23,2.0868006272814746e+22,1.3564204077329584e+23,6.580179760447035e+23
1338,ETHUSD,LONG,"[2114.00, 2147.70]",2026-04-06 17:30 IST,2026-04-06 18:30 IST,2026-04-06 19:30 IST,2139.275,2114.0,2152.1106,1.1815,29.62,35.0,17.77,FILLED_TP,0.5078,N/A,7.935593982381576e+47,1.4105035574672653e+47,9.34609753984884e+47,6.580179760447035e+23,1.55944923282633e+22,1.0136420013371144e+23,7.593821761784149e+23
1339,XRPUSD,LONG,"[1.33, 1.35]",2026-04-06 17:30 IST,2026-04-06 17:30 IST,2026-04-06 19:30 IST,1.3435,1.3289,1.3516,1.0886,32.15,35.0,19.29,FILLED_TP,0.5512,N/A,9.34609753984884e+47,1.803015587293892e+47,1.1149113127142732e+48,7.593821761784149e+23,1.953297112547195e+22,1.2696431231556767e+23,8.863464884939826e+23
1340,SOLUSD,LONG,"[78.97, 80.33]",2026-04-07 11:30 IST,2026-04-07 11:30 IST,2026-04-07 14:30 IST,79.9898,78.969,80.4697,1.2761,27.43,35.0,16.46,FILLED_TP,0.4702,N/A,1.1149113127142732e+48,1.834740162331526e+47,1.2983853289474258e+48,8.863464884939826e+23,1.9448070073811514e+22,1.2641245547977483e+23,1.0127589439737575e+24
1341,XRPUSD,SHORT,"[1.32, 1.33]",2026-04-07 14:30 IST,2026-04-07 14:30 IST,2026-04-07 15:30 IST,1.3208,1.3253,1.3129,0.3407,100.0,34.07,60.0,FILLED_TP,1.7611,N/A,1.2983853289474258e+48,7.790311973684555e+47,2.0774165263158813e+48,1.0127589439737575e+24,8.10207155179006e+22,5.2663465086635385e+23,1.5393935948401113e+24
1342,BTCUSD,SHORT,"[68906.50, 69226.00]",2026-04-08 00:30 IST,2026-04-08 00:30 IST,2026-04-08 00:30 IST,68986.375,69226.0,68572.4567,0.3474,100.0,34.74,60.0,FILLED_TP,1.7274,N/A,2.0774165263158813e+48,1.2464499157895287e+48,3.3238664421054104e+48,1.5393935948401113e+24,1.2315148758720891e+23,8.004846693168579e+23,2.3398782641569692e+24
1343,ETHUSD,SHORT,"[2113.75, 2133.50]",2026-04-08 01:30 IST,2026-04-08 01:30 IST,2026-04-08 02:30 IST,2118.6875,2133.5,2105.9754,0.6991,50.06,35.0,30.04,FILLED_SL,-1.0,CONSOLIDATION_REVERSAL,3.3238664421054104e+48,-1.1633532547368936e+48,2.160513187368517e+48,2.3398782641569692e+24,9.371084100195776e+22,-9.126682334568968e+23,1.4272100307000723e+24
1344,BTCUSD,SHORT,"[71550.00, 72171.50]",2026-04-08 21:30 IST,2026-04-08 22:30 IST,2026-04-08 23:30 IST,71705.375,72171.5,71275.1427,0.6501,53.84,35.0,32.3,FILLED_TP,0.923,N/A,2.160513187368517e+48,6.9795196012803446e+47,2.8584651474965513e+48,1.4272100307000723e+24,6.14745326413105e+22,3.9958446216851825e+23,1.8267944928685906e+24
1345,SOLUSD,SHORT,"[83.91, 84.99]",2026-04-08 22:30 IST,2026-04-08 22:30 IST,2026-04-08 22:30 IST,84.1813,84.992,83.6762,0.9631,36.34,35.0,21.8,FILLED_TP,0.623,N/A,2.8584651474965513e+48,6.232762939440744e+47,3.481741441440626e+48,1.8267944928685906e+24,5.3109980009599016e+22,3.4521487006239356e+23,2.1720093629309842e+24
1346,ETHUSD,SHORT,"[2212.20, 2239.05]",2026-04-10 01:30 IST,2026-04-10 01:30 IST,2026-04-10 03:30 IST,2218.9125,2239.05,2205.599,0.9075,38.57,35.0,23.14,FILLED_SL,-1.0,DUAL_TOUCH_AMBIGUITY,3.481741441440626e+48,-1.218609504504219e+48,2.2631319369364068e+48,2.1720093629309842e+24,6.701227278196742e+22,-8.272155498078118e+23,1.3447938131231723e+24
1347,BTCUSD,SHORT,"[71629.00, 72358.50]",2026-04-10 14:30 IST,2026-04-10 14:30 IST,2026-04-10 17:30 IST,71811.375,72358.5,71380.5068,0.7619,45.94,35.0,27.56,FILLED_SL,-1.0,CONSOLIDATION_REVERSAL,2.2631319369364068e+48,-7.920961779277423e+47,1.4710357590086645e+48,1.3447938131231723e+24,4.942201140017922e+22,-5.200998459932895e+23,8.246939671298828e+23
1348,ETHUSD,SHORT,"[2245.70, 2262.90]",2026-04-11 07:30 IST,2026-04-11 07:30 IST,2026-04-11 08:30 IST,2250.0,2262.9,2236.5,0.5733,61.05,35.0,36.63,FILLED_TP,1.0465,N/A,1.4710357590086645e+48,5.388096094043327e+47,2.0098453684129973e+48,8.246939671298828e+23,4.027575188308701e+22,2.617923872400656e+23,1.0864863543699484e+24
1349,SOLUSD,LONG,"[81.42, 82.32]",2026-04-12 06:30 IST,2026-04-12 06:30 IST,2026-04-12 06:30 IST,82.0965,81.42,82.5891,0.824,42.47,35.0,25.48,FILLED_TP,0.7281,N/A,2.0098453684129973e+48,5.121990651953065e+47,2.5220444336083037e+48,1.0864863543699484e+24,3.6918083603294805e+22,2.399675434214162e+23,1.3264538977913646e+24
1350,BTCUSD,LONG,"[70495.00, 71226.50]",2026-04-12 23:30 IST,2026-04-12 23:30 IST,2026-04-13 03:30 IST,71043.625,70495.0,71469.8868,0.7722,45.32,35.0,27.19,FILLED_SL,-1.0,CONSOLIDATION_REVERSAL,2.5220444336083037e+48,-8.827155517629062e+47,1.6393288818453977e+48,1.3264538977913646e+24,4.809497584407172e+22,-5.123538400710493e+23,8.141000577203153e+23
1351,XRPUSD,LONG,"[1.36, 1.37]",2026-04-14 21:30 IST,2026-04-14 21:30 IST,2026-04-14 21:30 IST,1.3693,1.3644,1.3775,0.356,98.31,35.0,58.98,FILLED_TP,1.6853,N/A,1.6393288818453977e+48,9.669442697121304e+47,2.6062731515575282e+48,8.141000577203153e+23,6.4025337400984236e+22,4.161646931063975e+23,1.230264750826713e+24
1352,XRPUSD,SHORT,"[1.36, 1.37]",2026-04-15 16:30 IST,2026-04-15 16:30 IST,2026-04-15 17:30 IST,1.3593,1.366,1.3512,0.4911,71.28,35.0,42.77,FILLED_SL,-1.0,CONSOLIDATION_REVERSAL,2.6062731515575282e+48,-9.121956030451348e+47,1.6940775485123934e+48,1.230264750826713e+24,7.015015686545424e+22,-5.007428196548038e+23,7.295219311719092e+23
1353,XRPUSD,SHORT,"[1.37, 1.38]",2026-04-15 18:30 IST,2026-04-15 19:30 IST,2026-04-15 20:30 IST,1.3694,1.3804,1.3612,0.8051,43.47,35.0,26.08,FILLED_SL,-1.0,CONSOLIDATION_REVERSAL,1.6940775485123934e+48,-5.929271419793376e+47,1.1011504065330558e+48,7.295219311719092e+23,2.5371151606311807e+22,-2.8070382751648e+23,4.4881810365542917e+23
1354,BTCUSD,SHORT,"[74563.50, 75240.00]",2026-04-16 17:30 IST,2026-04-16 17:30 IST,2026-04-16 18:30 IST,74732.625,75240.0,74284.2293,0.6789,51.55,35.0,30.93,FILLED_TP,0.8838,N/A,1.1011504065330558e+48,3.406019351368673e+47,1.441752341669923e+48,4.4881810365542917e+23,1.8510134337391175e+22,1.2031587319304264e+23,5.691339768484718e+23
1355,XRPUSD,LONG,"[1.42, 1.43]",2026-04-18 16:30 IST,2026-04-18 16:30 IST,2026-04-18 16:30 IST,1.4287,1.422,1.4373,0.4724,74.08,35.0,44.45,FILLED_TP,1.27,N/A,1.441752341669923e+48,6.408589158722777e+47,2.0826112575422007e+48,5.691339768484718e+23,3.37306736945526e+22,2.192493790145919e+23,7.883833558630637e+23
1356,XRPUSD,SHORT,"[1.43, 1.44]",2026-04-19 16:30 IST,2026-04-19 17:30 IST,2026-04-19 18:30 IST,1.4323,1.4426,1.4237,0.7226,48.43,35.0,29.06,FILLED_SL,-1.0,CONSOLIDATION_REVERSAL,2.0826112575422007e+48,-7.289139401397702e+47,1.3536973174024304e+48,7.883833558630637e+23,3.0547379439783763e+22,-3.064815539918561e+23,4.819018018712076e+23
1357,BTCUSD,LONG,"[74829.50, 75363.50]",2026-04-19 21:30 IST,2026-04-19 22:30 IST,2026-04-19 22:30 IST,75230.0,74829.5,75681.38,0.5324,65.74,35.0,39.45,FILLED_SL,-1.0,INSTANT_BLOWTHROUGH,1.3536973174024304e+48,-4.737940610908506e+47,8.799032563115799e+47,4.819018018712076e+23,2.5345748602586434e+22,-1.940113792575091e+23,2.8789042261369854e+23
1358,BTCUSD,LONG,"[74491.50, 74777.50]",2026-04-19 22:30 IST,2026-04-19 22:30 IST,2026-04-19 22:30 IST,74706.0,74491.5,75154.236,0.2871,100.0,28.71,60.0,FILLED_TP,2.0897,N/A,8.799032563115799e+47,5.279419537869479e+47,1.4078452100985277e+48,2.8789042261369854e+23,2.3031233809095886e+22,1.4970301975912325e+23,4.375934423728218e+23
1359,BTCUSD,LONG,"[73394.50, 74163.50]",2026-04-20 03:30 IST,2026-04-20 03:30 IST,2026-04-20 06:30 IST,73971.25,73394.5,74415.0775,0.7797,44.89,35.0,26.93,FILLED_TP,0.7695,N/A,1.4078452100985277e+48,3.791836098738647e+47,1.7870288199723924e+48,4.375934423728218e+23,1.5714631120509347e+22,1.0214510228331075e+23,5.397385446561326e+23
1360,BTCUSD,SHORT,"[75504.50, 76199.00]",2026-04-20 20:30 IST,2026-04-20 20:30 IST,2026-04-20 20:30 IST,75678.125,76199.0,75224.0562,0.6883,50.85,35.0,30.51,FILLED_TP,0.8717,N/A,1.7870288199723924e+48,5.452399901600071e+47,2.3322688101323995e+48,5.397385446561326e+23,2.1957268622885274e+22,1.4272224604875428e+23,6.824607907048869e+23
1361,XRPUSD,SHORT,"[1.43, 1.45]",2026-04-20 20:30 IST,2026-04-20 23:30 IST,2026-04-21 01:30 IST,1.4344,1.4462,1.4258,0.8209,42.64,35.0,25.58,FILLED_TP,0.7309,N/A,2.3322688101323995e+48,5.966433838425334e+47,2.928912193974933e+48,6.824607907048869e+23,2.3278375330609185e+22,1.5130943964895972e+23,8.337702303538466e+23
1362,SOLUSD,LONG,"[84.44, 85.77]",2026-04-20 21:30 IST,2026-04-20 21:30 IST,2026-04-20 22:30 IST,85.4402,84.442,85.9529,1.1684,29.96,35.0,17.97,FILLED_TP,0.5135,N/A,2.928912193974933e+48,5.264399490815536e+47,3.455352143056487e+48,8.337702303538466e+23,1.9981477925086195e+22,1.2987960651306024e+23,9.636498368669068e+23
1363,ETHUSD,SHORT,"[2328.70, 2348.90]",2026-04-20 23:30 IST,2026-04-20 23:30 IST,2026-04-20 23:30 IST,2333.75,2348.9,2319.7475,0.6492,53.92,35.0,32.35,FILLED_TP,0.9243,N/A,3.455352143056487e+48,1.1177722068714096e+48,4.5731243499278963e+48,9.636498368669068e+23,4.156415748519317e+22,2.7016702365375555e+23,1.2338168605206623e+24
1364,SOLUSD,SHORT,"[85.96, 87.10]",2026-04-20 23:30 IST,2026-04-21 13:30 IST,2026-04-21 13:30 IST,86.2475,87.104,85.73,0.9931,35.24,35.0,21.15,FILLED_TP,0.6042,N/A,4.5731243499278963e+48,9.67055620522891e+47,5.540179970450787e+48,1.2338168605206623e+24,3.478787333306683e+22,2.261211766649344e+23,1.4599380371855968e+24
1365,BTCUSD,LONG,"[75436.00, 75680.00]",2026-04-21 19:30 IST,2026-04-21 19:30 IST,2026-04-21 19:30 IST,75619.0,75436.0,76072.714,0.242,100.0,24.2,60.0,FILLED_TP,2.4793,N/A,5.540179970450787e+48,3.324107982270472e+48,8.86428795272126e+48,1.4599380371855968e+24,1.1679504297484776e+23,7.591677793365103e+23,2.2191058165221071e+24
1366,XRPUSD,LONG,"[1.41, 1.42]",2026-04-22 00:30 IST,2026-04-22 00:30 IST,2026-04-22 00:30 IST,1.4145,1.407,1.423,0.5302,66.01,35.0,39.61,FILLED_TP,1.1316,N/A,8.86428795272126e+48,3.5107898865547534e+48,1.2375077839276012e+49,2.2191058165221071e+24,1.1718653995889848e+23,7.617125097328401e+23,2.9808183262549474e+24
1367,ETHUSD,SHORT,"[2312.60, 2337.90]",2026-04-22 01:30 IST,2026-04-22 01:30 IST,2026-04-22 01:30 IST,2318.925,2337.9,2305.0114,0.8183,42.77,35.0,25.66,FILLED_TP,0.7333,N/A,1.2375077839276012e+49,3.175938998404788e+48,1.55510168376808e+49,2.9808183262549474e+24,1.0199959728163483e+23,6.629973823306263e+23,3.6438157085855735e+24
1368,BTCUSD,SHORT,"[76025.00, 76859.50]",2026-04-22 04:30 IST,2026-04-22 04:30 IST,2026-04-22 04:30 IST,76233.625,76859.5,75776.2232,0.821,42.63,35.0,25.58,FILLED_TP,0.7308,N/A,1.55510168376808e+49,3.9777460523940606e+48,1.952876289007486e+49,3.6438157085855735e+24,1.2427203272742662e+23,8.07768212728273e+23,4.451583921313846e+24
1369,XRPUSD,SHORT,"[1.44, 1.45]",2026-04-22 07:30 IST,2026-04-22 07:30 IST,2026-04-22 07:30 IST,1.4399,1.4489,1.4313,0.625,56.0,35.0,33.6,FILLED_SL,-1.0,DUAL_TOUCH_AMBIGUITY,1.952876289007486e+49,-6.8350670115262e+48,1.269369587854866e+49,4.451583921313846e+24,1.99417110302663e+23,-1.757471482762509e+24,2.694112438551337e+24
1370,ETHUSD,LONG,"[2381.90, 2393.00]",2026-04-22 21:30 IST,2026-04-22 21:30 IST,2026-04-22 21:30 IST,2390.225,2381.9,2404.5664,0.3483,100.0,34.83,60.0,FILLED_TP,1.7227,N/A,1.269369587854866e+49,7.616217527129196e+48,2.0309913405677856e+49,2.694112438551337e+24,2.15528995084107e+23,1.4009384680466952e+24,4.0950509065980324e+24
1371,XRPUSD,LONG,"[1.41, 1.43]",2026-04-23 05:30 IST,2026-04-23 05:30 IST,2026-04-23 08:30 IST,1.4259,1.4107,1.4345,1.0677,32.78,35.0,19.67,FILLED_SL,-1.0,CONSOLIDATION_REVERSAL,2.0309913405677856e+49,-7.10846969198725e+48,1.3201443713690607e+49,4.0950509065980324e+24,1.0738823841822132e+23,-1.5406560557275325e+24,2.5543948508704996e+24
1372,SOLUSD,LONG,"[84.31, 85.72]",2026-04-23 13:30 IST,2026-04-23 14:30 IST,2026-04-23 16:30 IST,85.369,84.31,85.8812,1.2405,28.21,35.0,16.93,FILLED_TP,0.4837,N/A,1.3201443713690607e+49,2.234832390583114e+48,1.543627610427372e+49,2.5543948508704996e+24,5.765676820274785e+22,3.74768993317861e+23,2.929163844188361e+24
1373,SOLUSD,SHORT,"[85.84, 86.21]",2026-04-23 17:30 IST,2026-04-23 17:30 IST,2026-04-23 20:30 IST,85.935,86.214,85.4194,0.3247,100.0,32.47,60.0,FILLED_SL,-1.0,CONSOLIDATION_REVERSAL,1.543627610427372e+49,-5.011602994230886e+48,1.0424673110042835e+49,2.929163844188361e+24,2.3433310753506887e+23,-1.1853271292125483e+24,1.7438367149758124e+24
1374,BTCUSD,SHORT,"[77993.00, 78300.00]",2026-04-23 19:30 IST,2026-04-23 19:30 IST,2026-04-23 19:30 IST,78069.75,78300.0,77601.3315,0.2949,100.0,29.49,60.0,FILLED_TP,2.0344,N/A,1.0424673110042835e+49,6.2548038660257e+48,1.6679476976068535e+49,1.7438367149758124e+24,1.39506937198065e+23,9.067950917874224e+23,2.650631806763235e+24
1375,BTCUSD,LONG,"[76805.00, 77678.50]",2026-04-23 23:30 IST,2026-04-24 09:30 IST,2026-04-24 10:30 IST,77460.125,76805.0,77924.8858,0.8458,41.38,35.0,24.83,FILLED_TP,0.7094,N/A,1.6679476976068535e+49,4.141481671668568e+48,2.0820958647737102e+49,2.650631806763235e+24,8.775289586359808e+22,5.703938231133875e+23,3.2210256298766226e+24
1376,XRPUSD,LONG,"[1.43, 1.43]",2026-04-24 08:30 IST,2026-04-24 08:30 IST,2026-04-24 09:30 IST,1.4315,1.4263,1.4401,0.3615,96.81,35.0,58.09,FILLED_SL,-1.0,CONSOLIDATION_REVERSAL,2.0820958647737102e+49,-7.287335526707985e+48,1.353362312102912e+49,3.2210256298766226e+24,2.4947419242274414e+23,-1.3768331628795618e+24,1.8441924669970607e+24
1377,XRPUSD,SHORT,"[1.44, 1.45]",2026-04-24 16:30 IST,2026-04-24 16:30 IST,2026-04-24 19:30 IST,1.4383,1.445,1.4296,0.4693,74.58,35.0,44.75,FILLED_TP,1.2784,N/A,1.353362312102912e+49,6.055694852299565e+48,1.9589317973328683e+49,1.8441924669970607e+24,1.1002588864953815e+23,7.15168276221998e+23,2.559360743219059e+24
1378,SOLUSD,LONG,"[85.51, 86.56]",2026-04-25 02:30 IST,2026-04-25 03:30 IST,2026-04-26 23:30 IST,86.3005,85.51,86.8183,0.916,38.21,35.0,22.93,FILLED_TP,0.655,N/A,1.9589317973328683e+49,4.491072315104686e+48,2.408039028843337e+49,2.559360743219059e+24,7.82349795188486e+22,5.0852736687251596e+23,3.067888110091575e+24
1379,XRPUSD,LONG,"[1.42, 1.43]",2026-04-25 03:30 IST,2026-04-25 03:30 IST,2026-04-25 21:30 IST,1.4299,1.4232,1.4385,0.472,74.15,35.0,44.49,FILLED_SL,-1.0,CONSOLIDATION_REVERSAL,2.408039028843337e+49,-8.428136600951678e+48,1.565225368748169e+49,3.067888110091575e+24,1.819762146440236e+23,-1.2557370531760748e+24,1.8121510569155e+24
1380,BTCUSD,LONG,"[77400.00, 77536.00]",2026-04-25 17:30 IST,2026-04-25 17:30 IST,2026-04-25 20:30 IST,77502.0,77400.0,77967.012,0.1316,100.0,13.16,60.0,FILLED_SL,-1.0,CONSOLIDATION_REVERSAL,1.565225368748169e+49,-2.059985388923037e+48,1.3592268298558653e+49,1.8121510569155e+24,1.4497208455324001e+23,-3.834683914941976e+23,1.4286826654213023e+24
1381,ETHUSD,SHORT,"[2315.75, 2322.35]",2026-04-26 03:30 IST,2026-04-26 03:30 IST,2026-04-26 10:30 IST,2317.4,2322.35,2303.4956,0.2136,100.0,21.36,60.0,FILLED_SL,-1.0,CONSOLIDATION_REVERSAL,1.3592268298558653e+49,-2.9033282160120327e+48,1.068894008254662e+49,1.4286826654213023e+24,1.142946132337042e+23,-4.194633020157524e+23,1.0092193634055499e+24
1382,BTCUSD,SHORT,"[77672.50, 77848.50]",2026-04-26 09:30 IST,2026-04-26 09:30 IST,2026-04-26 10:30 IST,77716.5,77848.5,77250.201,0.1698,100.0,16.98,60.0,FILLED_SL,-1.0,CONSOLIDATION_REVERSAL,1.068894008254662e+49,-1.8154961827876366e+48,8.873443899758983e+48,1.0092193634055499e+24,8.073754907244401e+22,-2.521515422007148e+23,7.57067821204835e+23
1383,BTCUSD,SHORT,"[77870.00, 78433.00]",2026-04-26 18:30 IST,2026-04-26 19:30 IST,2026-04-27 00:30 IST,78010.75,78433.0,77542.6855,0.5413,64.66,35.0,38.8,FILLED_SL,-1.0,CONSOLIDATION_REVERSAL,8.873443899758983e+48,-3.105705364915644e+48,5.767738534843339e+48,7.57067821204835e+23,3.916314976733079e+22,-3.04136887189023e+23,4.5293093401581206e+23
1384,XRPUSD,LONG,"[1.42, 1.42]",2026-04-26 18:30 IST,2026-04-26 22:30 IST,2026-04-27 00:30 IST,1.422,1.4172,1.4305,0.3376,100.0,33.76,60.0,FILLED_TP,1.7775,N/A,5.767738534843339e+48,3.460643120906003e+48,9.228381655749342e+48,4.5293093401581206e+23,3.623447472126497e+22,2.3552408568822225e+23,6.884550197040343e+23
1385,XRPUSD,LONG,"[1.41, 1.42]",2026-04-27 12:30 IST,2026-04-27 12:30 IST,2026-04-27 18:30 IST,1.4137,1.4081,1.4222,0.3979,87.97,35.0,52.78,FILLED_SL,-1.0,CONSOLIDATION_REVERSAL,9.228381655749342e+48,-3.22993357951227e+48,5.998448076237071e+48,6.884550197040343e+23,4.844801784261413e+22,-2.8940727473902615e+23,3.9904774496500816e+23
1386,SOLUSD,SHORT,"[84.58, 84.93]",2026-04-29 08:30 IST,2026-04-29 08:30 IST,2026-04-29 08:30 IST,84.6697,84.933,84.1617,0.3109,100.0,31.09,60.0,FILLED_TP,1.9298,N/A,5.998448076237071e+48,3.599068845742243e+48,9.597516921979314e+48,3.9904774496500816e+23,3.1923819597200653e+22,2.0750482738180425e+23,6.065525723468124e+23
1387,BTCUSD,SHORT,"[77171.00, 77450.00]",2026-04-29 09:30 IST,2026-04-29 09:30 IST,2026-04-29 14:30 IST,77240.75,77450.0,76777.3055,0.2709,100.0,27.09,60.0,FILLED_SL,-1.0,CONSOLIDATION_REVERSAL,9.597516921979314e+48,-2.600027078872449e+48,6.997489843106865e+48,6.065525723468124e+23,4.8524205787745e+22,-2.128430734367133e+23,3.937094989100991e+23
1388,XRPUSD,SHORT,"[1.39, 1.40]",2026-04-29 09:30 IST,2026-04-29 09:30 IST,2026-04-29 14:30 IST,1.3931,1.4032,1.3848,0.7214,48.52,35.0,29.11,FILLED_SL,-1.0,CONSOLIDATION_REVERSAL,6.997489843106865e+48,-2.4491214450874027e+48,4.548368398019463e+48,3.937094989100991e+23,1.5281491418293287e+22,-1.5307981603682797e+23,2.4062968287327115e+23
1389,XRPUSD,LONG,"[1.38, 1.38]",2026-04-29 17:30 IST,2026-04-29 17:30 IST,2026-04-29 17:30 IST,1.3816,1.3763,1.3899,0.3854,90.81,35.0,54.49,FILLED_TP,1.5568,N/A,4.548368398019463e+48,2.478252192416636e+48,7.026620590436099e+48,2.4062968287327115e+23,1.7481464031537822e+22,1.1362951620499583e+23,3.5425919907826696e+23
1390,BTCUSD,LONG,"[75637.50, 76177.50]",2026-04-29 20:30 IST,2026-04-29 20:30 IST,2026-04-29 20:30 IST,76042.5,75637.5,76498.755,0.5326,65.72,35.0,39.43,FILLED_TP,1.1266,N/A,7.026620590436099e+48,2.770557462027896e+48,9.797178052463995e+48,3.5425919907826696e+23,1.8624324545319885e+22,1.2105810954457924e+23,4.753173086228462e+23
1391,SOLUSD,LONG,"[82.96, 83.53]",2026-04-29 20:30 IST,2026-04-29 20:30 IST,2026-04-29 20:30 IST,83.3882,82.96,83.8886,0.5136,68.15,35.0,40.89,FILLED_TP,1.1683,N/A,9.797178052463995e+48,4.006155326888679e+48,1.3803333379352673e+49,4.753173086228462e+23,2.59148768173151e+22,1.684466993125481e+23,6.437640079353943e+23
1392,SOLUSD,LONG,"[82.65, 83.21]",2026-04-29 21:30 IST,2026-04-29 21:30 IST,2026-04-29 21:30 IST,83.0715,82.65,83.5699,0.5074,68.98,35.0,41.39,FILLED_TP,1.1825,N/A,1.3803333379352673e+49,5.7129147770536446e+48,1.9516248156406318e+49,6.437640079353943e+23,3.5525418030504434e+22,2.3091521719827884e+23,8.746792251336732e+23
1393,ETHUSD,LONG,"[2256.85, 2284.90]",2026-04-29 22:30 IST,2026-04-29 22:30 IST,2026-04-29 23:30 IST,2277.8875,2256.85,2291.5548,0.9236,37.9,35.0,22.74,FILLED_SL,-1.0,CONSOLIDATION_REVERSAL,1.9516248156406318e+49,-6.830686854742211e+48,1.2685561301664107e+49,8.746792251336732e+23,2.651825761443483e+22,-3.326559864112204e+23,5.4202323872245274e+23
1394,SOLUSD,LONG,"[83.56, 84.41]",2026-05-01 19:30 IST,2026-05-01 19:30 IST,2026-05-01 19:30 IST,84.2,83.561,84.7052,0.7589,46.12,35.0,27.67,FILLED_TP,0.7906,N/A,1.2685561301664107e+49,3.5102675263853866e+48,1.6195828828049492e+49,5.4202323872245274e+23,1.9998027975149656e+22,1.2998718183847275e+23,6.720104205609255e+23
1395,XRPUSD,SHORT,"[1.39, 1.41]",2026-05-01 23:30 IST,2026-05-01 23:30 IST,2026-05-02 01:30 IST,1.3938,1.4058,1.3854,0.861,40.65,35.0,24.39,FILLED_TP,0.6969,N/A,1.6195828828049492e+49,3.950405588593688e+48,2.0146234416643182e+49,6.720104205609255e+23,2.18551228974824e+22,1.420582988336356e+23,8.14068719394561e+23
1396,ETHUSD,LONG,"[2264.75, 2294.65]",2026-05-02 01:30 IST,2026-05-02 01:30 IST,2026-05-02 01:30 IST,2287.175,2264.75,2300.8981,0.9805,35.7,35.0,21.42,FILLED_TP,0.612,N/A,2.0146234416643182e+49,4.314993256363859e+48,2.446122767300704e+49,8.14068719394561e+23,2.324802383584157e+22,1.511121549329702e+23,9.651808743275312e+23
1397,ETHUSD,LONG,"[2293.95, 2307.20]",2026-05-02 22:30 IST,2026-05-02 23:30 IST,2026-05-03 02:30 IST,2303.8875,2293.95,2317.7108,0.4313,81.14,35.0,48.69,FILLED_TP,1.391,N/A,2.446122767300704e+49,1.1909174843576302e+49,3.6370402516583343e+49,9.651808743275312e+23,6.265429760489416e+22,4.0725293443181193e+23,1.3724338087593432e+24
1398,BTCUSD,LONG,"[77991.00, 78200.50]",2026-05-03 06:30 IST,2026-05-03 06:30 IST,2026-05-03 16:30 IST,78148.125,77991.0,78617.0137,0.2011,100.0,20.11,60.0,FILLED_TP,2.9842,N/A,3.6370402516583343e+49,2.1822241509950004e+49,5.819264402653335e+49,1.3724338087593432e+24,1.0979470470074745e+23,7.136655805548585e+23,2.0860993893142017e+24
1399,SOLUSD,LONG,"[83.51, 83.94]",2026-05-03 06:30 IST,2026-05-03 06:30 IST,2026-05-03 19:30 IST,83.8329,83.511,84.3359,0.384,91.15,35.0,54.69,FILLED_TP,1.5626,N/A,5.819264402653335e+49,3.182591495981718e+49,9.001855898635053e+49,2.0860993893142017e+24,1.5212007834247555e+23,9.88780509226091e+23,3.074879898540293e+24
1400,XRPUSD,LONG,"[1.38, 1.38]",2026-05-03 06:30 IST,2026-05-03 06:30 IST,2026-05-03 07:30 IST,1.3839,1.382,1.3922,0.1355,100.0,13.55,60.0,FILLED_SL,-1.0,CONSOLIDATION_REVERSAL,9.001855898635053e+49,-1.2196534954342963e+49,7.782202403200756e+49,3.074879898540293e+24,2.4599039188322347e+23,-6.626031502438606e+23,2.4122767482964323e+24
1401,BTCUSD,SHORT,"[78683.50, 79453.50]",2026-05-03 22:30 IST,2026-05-04 01:30 IST,2026-05-04 05:30 IST,78876.0,79453.5,78402.744,0.7322,47.8,35.0,28.68,FILLED_TP,0.8195,N/A,7.782202403200756e+49,2.2321054427449557e+49,1.0014307845945712e+50,2.4122767482964323e+24,9.225248038721425e+22,5.9964112251689266e+23,3.011917870813325e+24
1402,ETHUSD,SHORT,"[2321.75, 2346.15]",2026-05-04 02:30 IST,2026-05-04 02:30 IST,2026-05-04 02:30 IST,2327.85,2346.15,2313.8829,0.7861,44.52,35.0,26.71,FILLED_TP,0.7632,N/A,1.0014307845945712e+50,2.6751253382670733e+49,1.2689433184212784e+50,3.011917870813325e+24,1.0727661444592154e+23,6.972979938984901e+23,3.709215864711815e+24
1403,ETHUSD,SHORT,"[2376.15, 2403.40]",2026-05-05 15:30 IST,2026-05-05 17:30 IST,2026-05-05 19:30 IST,2382.9625,2403.4,2368.6647,0.8577,40.81,35.0,24.49,FILLED_TP,0.6996,N/A,1.2689433184212784e+50,3.107069416068148e+49,1.579650260028093e+50,3.709215864711815e+24,1.2109593868152818e+23,7.87123601429933e+23,4.496339466141748e+24
1404,BTCUSD,SHORT,"[81266.00, 81745.00]",2026-05-06 06:30 IST,2026-05-06 06:30 IST,2026-05-06 13:30 IST,81385.75,81745.0,80897.4355,0.4414,79.29,35.0,47.57,FILLED_SL,-1.0,CONSOLIDATION_REVERSAL,1.579650260028093e+50,-5.528775910098326e+49,1.0267726690182604e+50,4.496339466141748e+24,2.8521260603432936e+23,-1.858931419183941e+24,2.6374080469578073e+24
1405,ETHUSD,LONG,"[2352.45, 2380.75]",2026-05-06 18:30 IST,2026-05-06 18:30 IST,2026-05-06 18:30 IST,2373.675,2352.45,2387.9171,0.8942,39.14,35.0,23.49,FILLED_TP,0.671,N/A,1.0267726690182604e+50,2.411388311791257e+49,1.2679115001973862e+50,2.6374080469578073e+24,8.258647221868037e+22,5.368120694214223e+23,3.1742201163792296e+24
1406,ETHUSD,LONG,"[2343.50, 2352.85]",2026-05-06 22:30 IST,2026-05-06 22:30 IST,2026-05-06 23:30 IST,2350.5125,2343.5,2364.6156,0.2983,100.0,29.83,60.0,FILLED_SL,-1.0,CONSOLIDATION_REVERSAL,1.2679115001973862e+50,-3.782676924770211e+49,8.896438077203652e+49,3.1742201163792296e+24,2.5393760931033838e+23,-1.2009318740125585e+24,1.973288242366671e+24
1407,BTCUSD,LONG,"[80686.00, 81225.50]",2026-05-07 05:30 IST,2026-05-07 05:30 IST,2026-05-07 09:30 IST,81090.625,80686.0,81577.1687,0.499,70.14,35.0,42.09,FILLED_SL,-1.0,CONSOLIDATION_REVERSAL,8.896438077203652e+49,-3.1137533270212777e+49,5.782684750182374e+49,1.973288242366671e+24,1.1073030466734917e+23,-8.01381189495684e+23,1.171907052870987e+24
1408,XRPUSD,LONG,"[1.41, 1.41]",2026-05-07 07:30 IST,2026-05-07 07:30 IST,2026-05-07 08:30 IST,1.4122,1.4066,1.4207,0.3983,87.87,35.0,52.72,FILLED_SL,-1.0,CONSOLIDATION_REVERSAL,5.782684750182374e+49,-2.0239396625638308e+49,3.758745087618543e+49,1.171907052870987e+24,8.238204490087525e+22,-4.9254951340572075e+23,6.793575394652663e+23
1409,SOLUSD,SHORT,"[89.64, 90.76]",2026-05-07 17:30 IST,2026-05-07 17:30 IST,2026-05-07 18:30 IST,89.9219,90.756,89.3824,0.9276,37.73,35.0,22.64,FILLED_TP,0.6469,N/A,3.758745087618543e+49,8.50986478568717e+48,4.60973156618726e+49,6.793575394652663e+23,2.0507698419631915e+22,1.3330003972760745e+23,8.126575791928737e+23
1410,SOLUSD,LONG,"[87.62, 88.16]",2026-05-07 19:30 IST,2026-05-07 19:30 IST,2026-05-07 19:30 IST,88.022,87.623,88.5501,0.4533,77.21,35.0,46.33,FILLED_TP,1.3236,N/A,4.60973156618726e+49,2.135567325889127e+49,6.745298892076387e+49,8.126575791928737e+23,5.019771609523858e+22,3.262851546190508e+23,1.1389427338119245e+24
1411,BTCUSD,SHORT,"[79809.50, 80335.00]",2026-05-08 13:30 IST,2026-05-08 13:30 IST,2026-05-08 17:30 IST,79940.875,80335.0,79461.2297,0.493,70.99,35.0,42.59,FILLED_SL,-1.0,CONSOLIDATION_REVERSAL,6.745298892076387e+49,-2.3608546122267355e+49,4.3844442798496517e+49,1.1389427338119245e+24,6.468369689928031e+22,-4.6331365373345386e+23,6.756290800784706e+23
1412,ETHUSD,SHORT,"[2290.00, 2303.50]",2026-05-08 16:30 IST,2026-05-08 16:30 IST,2026-05-08 18:30 IST,2293.375,2303.5,2279.6148,0.4415,79.28,35.0,47.57,FILLED_TP,1.359,N/A,4.3844442798496517e+49,2.0855177570992996e+49,6.469962036948951e+49,6.756290800784706e+23,4.284956401254217e+22,2.7852216608152408e+23,9.541512461599946e+23
1413,SOLUSD,SHORT,"[92.46, 93.49]",2026-05-09 05:30 IST,2026-05-09 06:30 IST,2026-05-09 06:30 IST,92.7145,93.49,92.1582,0.8364,41.84,35.0,25.11,FILLED_SL,-1.0,INSTANT_BLOWTHROUGH,6.469962036948951e+49,-2.2644867129321325e+49,4.2054753240168185e+49,9.541512461599946e+23,3.194045596310564e+22,-3.658933921191038e+23,5.882578540408908e+23
1414,XRPUSD,LONG,"[1.41, 1.42]",2026-05-09 19:30 IST,2026-05-09 19:30 IST,2026-05-09 21:30 IST,1.4166,1.4107,1.4251,0.4182,83.68,35.0,50.21,FILLED_SL,-1.0,CONSOLIDATION_REVERSAL,4.2054753240168185e+49,-1.4719163634058863e+49,2.733558960610932e+49,5.882578540408908e+23,3.938150533242046e+22,-2.452717542467322e+23,3.429860997941586e+23
1415,SOLUSD,SHORT,"[93.20, 94.10]",2026-05-09 22:30 IST,2026-05-09 22:30 IST,2026-05-09 22:30 IST,93.422,94.1,92.8615,0.7257,48.23,35.0,28.94,FILLED_TP,0.8267,N/A,2.733558960610932e+49,7.909831046581278e+48,3.52454206526906e+49,3.429860997941586e+23,1.3232869138925672e+22,8.601364940301686e+22,4.2899974919717545e+23
1416,ETHUSD,SHORT,"[2325.80, 2332.90]",2026-05-10 18:30 IST,2026-05-10 18:30 IST,2026-05-10 19:30 IST,2327.575,2332.9,2313.6096,0.2288,100.0,22.88,60.0,FILLED_SL,-1.0,CONSOLIDATION_REVERSAL,3.52454206526906e+49,-8.063407837580787e+48,2.718201281510981e+49,4.2899974919717545e+23,3.4319979935774036e+22,-1.3246606177953336e+23,2.9653368741764207e+23
1417,ETHUSD,SHORT,"[2343.60, 2356.05]",2026-05-10 20:30 IST,2026-05-10 20:30 IST,2026-05-10 20:30 IST,2346.7125,2356.05,2332.6322,0.3979,87.96,35.0,52.78,FILLED_TP,1.5079,N/A,2.718201281510981e+49,1.4345978626141184e+49,4.1527991441251e+49,2.9653368741764207e+23,2.086706367459584e+22,1.3563591388487296e+23,4.32169601302515e+23
1418,ETHUSD,SHORT,"[2328.90, 2342.00]",2026-05-11 20:30 IST,2026-05-11 20:30 IST,2026-05-11 20:30 IST,2332.175,2342.0,2318.182,0.4213,83.08,35.0,49.85,FILLED_TP,1.4242,N/A,4.1527991441251e+49,2.0700879513786547e+49,6.222887095503755e+49,4.32169601302515e+23,2.8723729178316465e+22,1.8670423965905702e+23,6.188738409615721e+23
1419,SOLUSD,SHORT,"[96.69, 98.73]",2026-05-12 03:30 IST,2026-05-12 03:30 IST,2026-05-12 06:30 IST,97.1977,98.73,96.6146,1.5764,22.2,35.0,13.32,FILLED_TP,0.3806,N/A,6.222887095503755e+49,8.289680605597625e+48,7.051855156063517e+49,6.188738409615721e+23,1.099225359118309e+22,7.144964834269007e+22,6.903234893042621e+23
1420,SOLUSD,LONG,"[94.54, 95.50]",2026-05-12 15:30 IST,2026-05-12 15:30 IST,2026-05-12 15:30 IST,95.2585,94.537,95.8301,0.7574,46.21,35.0,27.73,FILLED_TP,0.7922,N/A,7.051855156063517e+49,1.9551950148387481e+49,9.007050170902266e+49,6.903234893042621e+23,2.551984813534224e+22,1.6587901287972455e+23,8.562025021839866e+23
1421,XRPUSD,LONG,"[1.44, 1.45]",2026-05-12 15:30 IST,2026-05-12 15:30 IST,2026-05-12 15:30 IST,1.4482,1.441,1.4569,0.4972,70.4,35.0,42.24,FILLED_TP,1.2068,N/A,9.007050170902266e+49,3.80450293343776e+49,1.2811553104340025e+50,8.562025021839866e+23,4.8220373586889436e+22,3.1343242831478134e+23,1.1696349304987679e+24
1422,SOLUSD,LONG,"[92.90, 94.01]",2026-05-12 20:30 IST,2026-05-12 20:30 IST,2026-05-12 20:30 IST,93.7303,92.9,94.2926,0.8858,39.51,35.0,23.71,FILLED_TP,0.6774,N/A,1.2811553104340025e+50,3.0373299105714185e+49,1.5848883014911444e+50,1.1696349304987679e+24,3.6972537000212897e+22,2.403214905013838e+23,1.4099564210001516e+24
1423,BTCUSD,LONG,"[78876.00, 79428.50]",2026-05-14 16:30 IST,2026-05-14 16:30 IST,2026-05-14 18:30 IST,79290.375,78876.0,79766.1172,0.5226,66.97,35.0,40.18,FILLED_TP,1.1481,N/A,1.5848883014911444e+50,6.368613316260064e+49,2.221749633117151e+50,1.4099564210001516e+24,7.554237716882721e+22,4.910254515973768e+23,1.9009818725975284e+24
1424,SOLUSD,LONG,"[89.82, 90.79]",2026-05-14 16:30 IST,2026-05-14 17:30 IST,2026-05-14 17:30 IST,90.5436,89.8165,91.0869,0.8031,43.58,35.0,26.15,FILLED_TP,0.7471,N/A,2.221749633117151e+50,5.809827166060551e+49,2.802732349723206e+50,1.9009818725975284e+24,6.628035227119833e+22,4.308222897627891e+23,2.3318041623603176e+24
1425,XRPUSD,LONG,"[1.43, 1.44]",2026-05-15 20:30 IST,2026-05-15 20:30 IST,2026-05-15 21:30 IST,1.4332,1.4265,1.4418,0.4657,75.15,35.0,45.09,FILLED_TP,1.2882,N/A,2.802732349723206e+50,1.2637142268405367e+50,4.066446576563743e+50,2.3318041623603176e+24,1.4018387423361967e+23,9.111951825185277e+23,3.2429993448788455e+24
1426,ETHUSD,LONG,"[2156.50, 2182.20]",2026-05-16 19:30 IST,2026-05-16 19:30 IST,2026-05-17 09:30 IST,2175.775,2156.5,2188.8296,0.8859,39.51,35.0,23.7,FILLED_TP,0.6773,N/A,4.066446576563743e+50,9.639487875620546e+49,5.030395364125798e+50,3.2429993448788455e+24,1.025001469203161e+23,6.662509549820545e+23,3.9092502998609e+24
1427,BTCUSD,LONG,"[77682.50, 78084.00]",2026-05-17 19:30 IST,2026-05-17 19:30 IST,2026-05-18 02:30 IST,77983.625,77682.5,78451.5268,0.3861,90.64,35.0,54.38,FILLED_TP,1.5538,N/A,5.030395364125798e+50,2.7357601591472698e+50,7.766155523273067e+50,3.9092502998609e+24,2.834706604776661e+23,1.8425592931048288e+24,5.751809592965729e+24
1428,SOLUSD,SHORT,"[84.51, 85.46]",2026-05-18 16:30 IST,2026-05-18 16:30 IST,2026-05-18 16:30 IST,84.7498,85.463,84.2413,0.8416,41.59,35.0,24.95,FILLED_TP,0.7129,N/A,7.766155523273067e+50,1.937858327406797e+50,9.704013850679865e+50,5.751809592965729e+24,1.9136353174119533e+23,1.2438629563177694e+24,6.995672549283499e+24
1429,SOLUSD,LONG,"[84.08, 85.32]",2026-05-18 18:30 IST,2026-05-18 18:30 IST,2026-05-18 18:30 IST,85.0099,84.082,85.52,1.0915,32.07,35.0,19.24,FILLED_TP,0.5497,N/A,9.704013850679865e+50,1.8669772807353405e+50,1.1570991131415206e+51,6.995672549283499e+24,1.7945511227207132e+23,1.1664582297684631e+24,8.162130779051961e+24
1430,ETHUSD,SHORT,"[2133.10, 2156.50]",2026-05-19 02:30 IST,2026-05-19 02:30 IST,2026-05-19 02:30 IST,2138.95,2156.5,2126.1163,0.8205,42.66,35.0,25.59,FILLED_TP,0.7313,N/A,1.1570991131415206e+51,2.9615111173296077e+50,1.4532502248744814e+51,8.162130779051961e+24,2.785384100489369e+23,1.8104996653180897e+24,9.972630444370052e+24
1431,BTCUSD,SHORT,"[76932.00, 77295.00]",2026-05-20 01:30 IST,2026-05-20 10:30 IST,2026-05-20 10:30 IST,77022.75,77295.0,76560.6135,0.3535,99.02,35.0,59.41,FILLED_SL,-1.0,INSTANT_BLOWTHROUGH,1.4532502248744814e+51,-5.086375787060685e+50,9.44612646168413e+50,9.972630444370052e+24,7.899850800240552e+23,-4.2804057355535733e+24,5.692224708816478e+24
1432,BTCUSD,SHORT,"[77243.50, 77758.50]",2026-05-20 16:30 IST,2026-05-20 16:30 IST,2026-05-20 19:30 IST,77372.25,77758.5,76908.0165,0.4992,70.11,35.0,42.07,FILLED_TP,1.2019,N/A,9.44612646168413e+50,3.973651578155556e+50,1.3419778039839685e+51,5.692224708816478e+24,3.192690363844226e+23,2.0752487364987464e+24,7.767473445315224e+24
1433,XRPUSD,SHORT,"[1.38, 1.39]",2026-05-21 08:30 IST,2026-05-21 08:30 IST,2026-05-21 10:30 IST,1.385,1.3898,1.3767,0.3466,100.0,34.66,60.0,FILLED_TP,1.7313,N/A,1.3419778039839685e+51,8.051866823903811e+50,2.1471644863743498e+51,7.767473445315224e+24,6.213978756252181e+23,4.0390861915639164e+24,1.180655963687914e+25
1434,BTCUSD,LONG,"[76975.00, 77530.50]",2026-05-21 15:30 IST,2026-05-21 15:30 IST,2026-05-21 18:30 IST,77391.625,76975.0,77855.9747,0.5383,65.02,35.0,39.01,FILLED_SL,-1.0,CONSOLIDATION_REVERSAL,2.1471644863743498e+51,-7.515075702310225e+50,1.3956569161433273e+51,1.180655963687914e+25,6.140871864820792e+23,-4.7463830593897783e+24,7.060176577489362e+24
1435,XRPUSD,LONG,"[1.36, 1.37]",2026-05-21 15:30 IST,2026-05-21 15:30 IST,2026-05-21 15:30 IST,1.3663,1.3602,1.3745,0.4446,78.72,35.0,47.23,FILLED_TP,1.3494,N/A,1.3956569161433273e+51,6.591584232951089e+50,2.0548153394384362e+51,7.060176577489362e+24,4.445958799925226e+23,2.8898732199513964e+24,9.950049797440759e+24
1436,ETHUSD,LONG,"[2101.35, 2115.55]",2026-05-21 16:30 IST,2026-05-21 16:30 IST,2026-05-21 19:30 IST,2112.0,2101.35,2124.672,0.5043,69.41,35.0,41.65,FILLED_TP,1.1899,N/A,2.0548153394384362e+51,8.557292951621853e+50,2.9105446346006215e+51,9.950049797440759e+24,5.5249403269619875e+23,3.5912112125252916e+24,1.354126100996605e+25
1437,ETHUSD,SHORT,"[2138.10, 2156.65]",2026-05-21 22:30 IST,2026-05-21 22:30 IST,2026-05-21 22:30 IST,2142.7375,2156.65,2129.8811,0.6493,53.91,35.0,32.34,FILLED_TP,0.9241,N/A,2.9105446346006215e+51,9.413634919219003e+50,3.851908126522522e+51,1.354126100996605e+25,5.839570870609775e+23,3.7957210658963537e+24,1.7336982075862403e+25
1438,SOLUSD,SHORT,"[87.50, 87.94]",2026-05-22 17:30 IST,2026-05-22 17:30 IST,2026-05-22 19:30 IST,87.6118,87.944,87.0861,0.3792,92.29,35.0,55.38,FILLED_TP,1.5822,N/A,3.851908126522522e+51,2.1330084718979713e+51,5.9849165984204936e+51,1.7336982075862403e+25,1.280055786389105e+24,8.320362611529182e+24,2.5657344687391584e+25
1439,SOLUSD,LONG,"[83.84, 84.51]",2026-05-23 09:30 IST,2026-05-23 09:30 IST,2026-05-23 12:30 IST,84.345,83.841,84.8511,0.5975,58.57,35.0,35.14,FILLED_SL,-1.0,CONSOLIDATION_REVERSAL,5.9849165984204936e+51,-2.0947208094471725e+51,3.890195788973321e+51,2.5657344687391584e+25,1.2022604098100126e+24,-1.0182331050397067e+25,1.5475013636994517e+25
1440,XRPUSD,SHORT,"[1.34, 1.34]",2026-05-23 19:30 IST,2026-05-23 19:30 IST,2026-05-23 19:30 IST,1.3403,1.3423,1.3323,0.1455,100.0,14.55,60.0,FILLED_TP,4.1242,N/A,3.890195788973321e+51,2.3341174733839925e+51,6.224313262357314e+51,1.5475013636994517e+25,1.2380010909595615e+24,8.047007091237149e+24,2.3522020728231666e+25
1441,ETHUSD,SHORT,"[2124.80, 2152.85]",2026-05-24 11:30 IST,2026-05-25 20:30 IST,2026-05-26 00:30 IST,2131.8125,2152.85,2119.0216,0.9868,35.47,35.0,21.28,FILLED_TP,0.608,N/A,6.224313262357314e+51,1.3245416287524293e+51,7.548854891109744e+51,2.3522020728231666e+25,6.674020481443614e+23,4.338113312938349e+24,2.7860134041170013e+25
1442,BTCUSD,SHORT,"[76888.50, 77522.50]",2026-05-25 04:30 IST,2026-05-25 04:30 IST,2026-05-25 11:30 IST,77047.0,77522.5,76584.718,0.6172,56.71,35.0,34.03,FILLED_SL,-1.0,CONSOLIDATION_REVERSAL,7.548854891109744e+51,-2.64209921188841e+51,4.906755679221334e+51,2.7860134041170013e+25,1.2639981688572181e+24,-1.101504508326672e+25,1.6845088957903292e+25
1443,ETHUSD,LONG,"[2090.45, 2106.00]",2026-05-26 03:30 IST,2026-05-26 03:30 IST,2026-05-26 05:30 IST,2102.1125,2090.45,2114.7252,0.5548,63.09,35.0,37.85,FILLED_SL,-1.0,CONSOLIDATION_REVERSAL,4.906755679221334e+51,-1.7173644877274667e+51,3.189391191493868e+51,1.6845088957903292e+25,8.501501545436593e+23,-6.745931289809811e+24,1.009915766809348e+25
1444,BTCUSD,LONG,"[76060.00, 76721.00]",2026-05-26 06:30 IST,2026-05-26 06:30 IST,2026-05-26 11:30 IST,76555.75,76060.0,77015.0845,0.6476,54.05,35.0,32.43,FILLED_TP,0.9265,N/A,3.189391191493868e+51,1.0342896477806031e+51,4.223680839274471e+51,1.009915766809348e+25,4.3667494725519165e+23,2.838387157158746e+24,1.2937544825252226e+25
1445,XRPUSD,LONG,"[1.32, 1.33]",2026-05-27 14:30 IST,2026-05-27 14:30 IST,2026-05-27 14:30 IST,1.3294,1.3217,1.3373,0.5755,60.82,35.0,36.49,FILLED_TP,1.0426,N/A,4.223680839274471e+51,1.541303955522626e+51,5.764984794797097e+51,1.2937544825252226e+25,6.294885045445457e+23,4.091675279539546e+24,1.7029220104791772e+25
1446,SOLUSD,LONG,"[82.82, 83.67]",2026-05-27 18:30 IST,2026-05-27 18:30 IST,2026-05-27 18:30 IST,83.4587,82.819,83.9595,0.7665,45.66,35.0,27.4,FILLED_TP,0.7827,N/A,5.764984794797097e+51,1.5793523907148634e+51,7.344337185511961e+51,1.7029220104791772e+25,6.220343549164926e+23,4.0432233069572014e+24,2.1072443411748973e+25
1447,XRPUSD,SHORT,"[1.33, 1.34]",2026-05-28 00:30 IST,2026-05-28 00:30 IST,2026-05-28 02:30 IST,1.3337,1.3438,1.3257,0.7535,46.45,35.0,27.87,FILLED_TP,0.7963,N/A,7.344337185511961e+51,2.0468229268129933e+51,9.391160112324954e+51,2.1072443411748973e+25,7.830352230962752e+23,5.089728950125789e+24,2.6162172361874764e+25
1448,SOLUSD,SHORT,"[82.23, 82.68]",2026-05-29 11:30 IST,2026-05-29 11:30 IST,2026-05-29 16:30 IST,82.344,82.683,81.8499,0.4117,85.02,35.0,51.01,FILLED_TP,1.4574,N/A,9.391160112324954e+51,4.790389219490971e+51,1.4181549331815925e+52,2.6162172361874764e+25,1.7793611146622936e+24,1.156584724530491e+25,3.7728019607179674e+25
1449,BTCUSD,LONG,"[73758.00, 73979.00]",2026-05-31 12:30 IST,2026-05-31 12:30 IST,2026-05-31 15:30 IST,73923.75,73758.0,74367.2925,0.2242,100.0,22.42,60.0,FILLED_SL,-1.0,CONSOLIDATION_REVERSAL,1.4181549331815925e+52,-3.1797518412533045e+51,1.1001797490562621e+52,3.7728019607179674e+25,3.018241568574374e+24,-1.147752461345512e+25,2.6250494993724553e+25
1450,ETHUSD,LONG,"[2018.20, 2028.50]",2026-05-31 12:30 IST,2026-05-31 12:30 IST,2026-05-31 14:30 IST,2025.925,2018.2,2038.0805,0.3813,91.79,35.0,55.07,FILLED_SL,-1.0,CONSOLIDATION_REVERSAL,1.1001797490562621e+52,-3.850629121696917e+51,7.151168368865704e+51,2.6250494993724553e+25,1.9276154743877507e+24,-1.1115288722191343e+25,1.513520627153321e+25
1451,SOLUSD,LONG,"[81.84, 82.81]",2026-05-31 12:30 IST,2026-05-31 12:30 IST,2026-05-31 18:30 IST,82.5668,81.8448,83.0622,0.8745,40.02,35.0,24.01,FILLED_TP,0.6861,N/A,7.151168368865704e+51,1.7173137512428286e+51,8.868482120108533e+51,1.513520627153321e+25,4.846182053487937e+23,3.150018334767159e+24,1.828522460630037e+25
1452,ETHUSD,LONG,"[2000.95, 2017.60]",2026-05-31 19:30 IST,2026-05-31 19:30 IST,2026-05-31 21:30 IST,2013.4375,2000.95,2025.5181,0.6202,56.43,35.0,33.86,FILLED_SL,-1.0,CONSOLIDATION_REVERSAL,8.868482120108533e+51,-3.103968742037986e+51,5.764513378070547e+51,1.828522460630037e+25,8.255074223911473e+23,-7.225336034596277e+24,1.1059888571704094e+25
1453,ETHUSD,LONG,"[1975.45, 2003.60]",2026-05-31 21:30 IST,2026-05-31 22:30 IST,2026-06-01 02:30 IST,1996.5625,1975.45,2008.5419,1.0574,33.1,35.0,19.86,FILLED_TP,0.5674,N/A,5.764513378070547e+51,1.1447883295179822e+51,6.909301707588529e+51,1.1059888571704094e+25,2.9285458649634296e+23,1.903554812226229e+24,1.2963443383930323e+25
1454,SOLUSD,LONG,"[80.35, 81.59]",2026-05-31 21:30 IST,2026-06-01 11:30 IST,2026-06-01 11:30 IST,81.2815,80.35,81.7692,1.146,30.54,35.0,18.32,FILLED_TP,0.5236,N/A,6.909301707588529e+51,1.266083364643317e+51,8.175385072231846e+51,1.2963443383930323e+25,3.167285824530984e+23,2.0587357859451395e+24,1.5022179169875463e+25
1455,BTCUSD,SHORT,"[73627.00, 74078.00]",2026-06-01 07:30 IST,2026-06-01 07:30 IST,2026-06-01 07:30 IST,73739.75,74078.0,73297.3115,0.4587,76.3,35.0,45.78,FILLED_TP,1.308,N/A,8.175385072231846e+51,3.742754731406436e+51,1.1918139803638282e+52,1.5022179169875463e+25,9.169693605431212e+23,5.960300843530287e+24,2.098248001340575e+25
1456,ETHUSD,SHORT,"[1999.05, 2022.45]",2026-06-02 00:30 IST,2026-06-02 00:30 IST,2026-06-02 00:30 IST,2004.9,2022.45,1992.8706,0.8754,39.98,35.0,23.99,FILLED_TP,0.6854,N/A,1.1918139803638282e+52,2.8591922982256608e+51,1.4777332101863941e+52,2.098248001340575e+25,6.711667675262475e+23,4.362583988920609e+24,2.5345064002326362e+25
1457,BTCUSD,SHORT,"[63514.50, 64154.00]",2026-06-05 09:30 IST,2026-06-08 03:30 IST,2026-06-08 03:30 IST,63674.375,64154.0,63292.3288,0.7532,46.47,35.0,27.88,FILLED_SL,-1.0,DUAL_TOUCH_AMBIGUITY,1.4777332101863941e+52,-5.172066235652379e+51,9.605265866211562e+51,2.5345064002326362e+25,9.421375255903598e+23,-9.812909926404587e+24,1.5532154075921775e+25
1458,ETHUSD,SHORT,"[1601.70, 1618.70]",2026-06-07 10:30 IST,2026-06-07 10:30 IST,2026-06-07 10:30 IST,1605.95,1618.7,1596.3143,0.7939,44.08,35.0,26.45,FILLED_TP,0.7557,N/A,9.605265866211562e+51,2.5406832241152286e+51,1.214594909032679e+52,1.5532154075921775e+25,5.477867917414464e+23,3.560614146319401e+24,1.9092768222241175e+25
1459,SOLUSD,SHORT,"[64.53, 65.40]",2026-06-07 11:30 IST,2026-06-07 11:30 IST,2026-06-07 11:30 IST,64.7495,65.402,64.361,1.0077,34.73,35.0,20.84,FILLED_TP,0.5954,N/A,1.214594909032679e+52,2.5310845583304697e+51,1.467703364865726e+52,1.9092768222241175e+25,5.304968810447196e+23,3.448229726790677e+24,2.254099794903185e+25
1460,ETHUSD,SHORT,"[1685.95, 1714.00]",2026-06-09 10:30 IST,2026-06-09 10:30 IST,2026-06-09 10:30 IST,1692.9625,1714.0,1682.8047,1.2426,28.17,35.0,16.9,FILLED_TP,0.4828,N/A,1.467703364865726e+52,2.4803375835851002e+51,1.7157371232242358e+52,2.254099794903185e+25,5.079072127049622e+23,3.301396882582253e+24,2.5842394831614105e+25
1461,SOLUSD,LONG,"[63.61, 64.95]",2026-06-09 20:30 IST,2026-06-09 20:30 IST,2026-06-09 20:30 IST,64.6172,63.61,65.005,1.5588,22.45,35.0,13.47,FILLED_TP,0.3849,N/A,1.7157371232242358e+52,2.3114326206392535e+51,1.946880385288161e+52,2.5842394831614105e+25,4.641966309071959e+23,3.0172781008967733e+24,2.885967293251088e+25
1462,ETHUSD,LONG,"[1602.25, 1629.55]",2026-06-10 15:30 IST,2026-06-10 15:30 IST,2026-06-10 17:30 IST,1622.725,1602.25,1632.4613,1.2618,27.74,35.0,16.64,FILLED_TP,0.4755,N/A,1.946880385288161e+52,3.240257921247943e+51,2.2709061774129553e+52,2.885967293251088e+25,6.404282086756775e+23,4.1627833563919033e+24,3.3022456288902783e+25
1463,XRPUSD,SHORT,"[1.13, 1.15]",2026-06-10 18:30 IST,2026-06-10 18:30 IST,2026-06-10 18:30 IST,1.1331,1.1472,1.1263,1.2444,28.13,35.0,16.88,FILLED_TP,0.4822,N/A,2.2709061774129553e+52,3.832371601571561e+51,2.6541433375701113e+52,3.3022456288902783e+25,7.4304742282749e+23,4.8298082483786845e+24,3.785226453728147e+25
1464,BTCUSD,LONG,"[60706.00, 61403.00]",2026-06-11 02:30 IST,2026-06-11 02:30 IST,2026-06-11 02:30 IST,61228.75,60706.0,61596.1225,0.8538,40.99,35.0,24.6,FILLED_TP,0.7028,N/A,2.6541433375701113e+52,6.528373900497686e+51,3.30698072761988e+52,3.785226453728147e+25,1.2413985955817896e+24,8.06909087128163e+24,4.59213554085631e+25
1465,SOLUSD,SHORT,"[64.54, 65.77]",2026-06-11 06:30 IST,2026-06-11 06:30 IST,2026-06-11 06:30 IST,64.85,65.774,64.4609,1.4248,24.56,35.0,14.74,FILLED_TP,0.4211,N/A,3.30698072761988e+52,4.874038640594264e+51,3.7943845916793065e+52,4.59213554085631e+25,9.024242115894835e+23,5.865757375331641e+24,5.178711278389474e+25
1466,XRPUSD,SHORT,"[1.12, 1.14]",2026-06-11 06:30 IST,2026-06-11 08:30 IST,2026-06-11 08:30 IST,1.1212,1.1375,1.1145,1.4515,24.11,35.0,14.47,FILLED_TP,0.4134,N/A,3.7943845916793065e+52,5.489495308136284e+51,4.343334122492935e+52,5.178711278389474e+25,9.98967837094576e+23,6.493290941114743e+24,5.828040372500948e+25
1467,ETHUSD,SHORT,"[1663.35, 1696.00]",2026-06-11 16:30 IST,2026-06-11 16:30 IST,2026-06-11 16:30 IST,1671.5125,1696.0,1661.4834,1.465,23.89,35.0,14.33,FILLED_TP,0.4096,N/A,4.343334122492935e+52,6.225979901006299e+51,4.965932112593565e+52,5.828040372500948e+25,1.1138988681078824e+24,7.240342642701234e+24,6.552074636771071e+25
1468,BTCUSD,LONG,"[62495.00, 63180.50]",2026-06-12 11:30 IST,2026-06-12 11:30 IST,2026-06-12 11:30 IST,63009.125,62495.0,63387.1798,0.816,42.89,35.0,25.74,FILLED_TP,0.7353,N/A,4.965932112593565e+52,1.2780704656848746e+52,6.24400257827844e+52,6.552074636771071e+25,2.2483897329120084e+24,1.4614533263928052e+25,8.013527963163877e+25
1469,BTCUSD,SHORT,"[63399.00, 63850.00]",2026-06-12 13:30 IST,2026-06-12 13:30 IST,2026-06-12 13:30 IST,63511.75,63850.0,63130.6795,0.5326,65.72,35.0,39.43,FILLED_TP,1.1266,N/A,6.24400257827844e+52,2.4620600578774544e+52,8.706062636155893e+52,8.013527963163877e+25,4.2130640559365133e+24,2.738491636358733e+25,1.075201959952261e+26
1470,SOLUSD,SHORT,"[66.67, 67.29]",2026-06-12 13:30 IST,2026-06-12 13:30 IST,2026-06-12 13:30 IST,66.8269,67.2886,66.4259,0.6909,50.66,35.0,30.4,FILLED_TP,0.8684,N/A,8.706062636155893e+52,2.64626006514673e+52,1.1352322701302624e+53,1.075201959952261e+26,4.357521308232428e+24,2.8323888503510784e+25,1.3584408449873687e+26
1471,XRPUSD,SHORT,"[1.14, 1.15]",2026-06-12 13:30 IST,2026-06-12 13:30 IST,2026-06-12 13:30 IST,1.1444,1.1509,1.1376,0.5636,62.1,35.0,37.26,FILLED_TP,1.0646,N/A,1.1352322701302624e+53,4.230007442257654e+52,1.5582330143560277e+53,1.3584408449873687e+26,6.748944728880897e+24,4.386814073772582e+25,1.797122252364627e+26
1472,SOLUSD,LONG,"[65.93, 66.81]",2026-06-13 00:30 IST,2026-06-13 01:30 IST,2026-06-13 05:30 IST,66.5935,65.932,66.9931,0.9933,35.23,35.0,21.14,FILLED_TP,0.604,N/A,1.5582330143560277e+53,3.294228261635548e+52,1.8876558405195824e+53,1.797122252364627e+26,5.065678760332092e+24,3.2926911942158594e+25,2.1263913717862128e+26
1473,SOLUSD,LONG,"[67.80, 68.63]",2026-06-14 09:30 IST,2026-06-14 09:30 IST,2026-06-14 09:30 IST,68.4203,67.803,68.8308,0.9021,38.8,35.0,23.28,FILLED_TP,0.6651,N/A,1.8876558405195824e+53,4.394056824574246e+52,2.327061522977007e+53,2.1263913717862128e+26,6.599709063025798e+24,4.289810890966768e+25,2.5553724608828897e+26
1474,BTCUSD,LONG,"[63883.50, 64283.00]",2026-06-14 11:30 IST,2026-06-14 19:30 IST,2026-06-14 19:30 IST,64183.125,63883.5,64568.2237,0.4668,74.97,35.0,44.98,FILLED_SL,-1.0,INSTANT_BLOWTHROUGH,2.327061522977007e+53,-8.144715330419524e+52,1.5125899899350547e+53,2.5553724608828897e+26,1.5326925731148321e+25,-1.0476496186204946e+26,1.5077228422623951e+26
1475,SOLUSD,SHORT,"[69.56, 70.64]",2026-06-15 02:30 IST,2026-06-15 02:30 IST,2026-06-15 02:30 IST,69.8298,70.636,69.4108,1.1546,30.31,35.0,18.19,FILLED_TP,0.5197,N/A,1.5125899899350547e+53,2.7511310360843886e+52,1.7877030935434935e+53,1.5077228422623951e+26,3.6563714183507115e+24,2.3766414219279623e+25,1.7453869844551912e+26
1476,BTCUSD,LONG,"[65400.00, 65995.00]",2026-06-16 07:30 IST,2026-06-16 07:30 IST,2026-06-16 07:30 IST,65846.25,65400.0,66241.3275,0.6777,51.64,35.0,30.99,FILLED_TP,0.8853,N/A,1.7877030935434935e+53,5.539460932858271e+52,2.3416491868293205e+53,1.7453869844551912e+26,7.211117661187931e+24,4.687226479772155e+25,2.2141096324324066e+26
1477,SOLUSD,SHORT,"[73.68, 74.47]",2026-06-17 20:30 IST,2026-06-17 21:30 IST,2026-06-17 21:30 IST,73.874,74.468,73.4308,0.8041,43.53,35.0,26.12,FILLED_SL,-1.0,INSTANT_BLOWTHROUGH,2.3416491868293205e+53,-8.195772153902621e+52,1.5220719714390584e+53,2.2141096324324066e+26,7.710141043125691e+24,-8.520397817825992e+25,1.3620698506498073e+26
1478,ETHUSD,SHORT,"[1787.70, 1809.75]",2026-06-17 22:30 IST,2026-06-17 22:30 IST,2026-06-17 22:30 IST,1793.2125,1809.75,1782.4532,0.9222,37.95,35.0,22.77,FILLED_TP,0.6506,N/A,1.5220719714390584e+53,3.46590283820213e+52,1.8686622552592714e+53,1.3620698506498073e+26,4.135417027823715e+24,2.688021068085414e+25,1.6308719574583486e+26
1479,XRPUSD,SHORT,"[1.22, 1.23]",2026-06-17 22:30 IST,2026-06-17 22:30 IST,2026-06-17 22:30 IST,1.219,1.2282,1.2117,0.7506,46.63,35.0,27.98,FILLED_TP,0.7994,N/A,1.8686622552592714e+53,5.22818001833335e+52,2.3914802570926063e+53,1.6308719574583486e+26,6.083847527072005e+24,3.954500892596803e+25,2.0263220467180288e+26
1480,BTCUSD,SHORT,"[64435.00, 64786.50]",2026-06-18 12:30 IST,2026-06-18 13:30 IST,2026-06-18 15:30 IST,64522.875,64786.5,64135.7378,0.4086,85.66,35.0,51.4,FILLED_TP,1.4685,N/A,2.3914802570926063e+53,1.229173566831839e+53,3.6206538239244456e+53,2.0263220467180288e+26,1.3886526223399461e+25,9.026242045209649e+25,2.9289462512389937e+26
1481,SOLUSD,SHORT,"[69.41, 70.10]",2026-06-20 04:30 IST,2026-06-20 04:30 IST,2026-06-20 05:30 IST,69.5845,70.096,69.167,0.7351,47.61,35.0,28.57,FILLED_SL,-1.0,CONSOLIDATION_REVERSAL,3.6206538239244456e+53,-1.2672288383735558e+53,2.3534249855508897e+53,2.9289462512389937e+26,1.1156714157852465e+25,-1.1366983295121724e+26,1.792247921726821e+26
1482,BTCUSD,LONG,"[62636.00, 63401.00]",2026-06-20 07:30 IST,2026-06-20 19:30 IST,2026-06-20 19:30 IST,63209.75,62636.0,63589.0085,0.9077,38.56,35.0,23.14,FILLED_TP,0.661,N/A,2.3534249855508897e+53,5.444788679022104e+52,2.8979038534531003e+53,1.792247921726821e+26,5.528629552889611e+24,3.593609209378247e+25,2.151608842664646e+26
1483,XRPUSD,SHORT,"[1.14, 1.16]",2026-06-20 10:30 IST,2026-06-20 10:30 IST,2026-06-20 18:30 IST,1.1469,1.155,1.14,0.7063,49.56,35.0,29.73,FILLED_TP,0.8496,N/A,2.8979038534531003e+53,8.616756113584271e+52,3.7595794648115274e+53,2.151608842664646e+26,8.530252479784979e+24,5.544664111860236e+25,2.7060752538506697e+26
1484,ETHUSD,SHORT,"[1731.85, 1752.75]",2026-06-20 19:30 IST,2026-06-20 19:30 IST,2026-06-20 19:30 IST,1737.075,1752.75,1726.6525,0.9024,38.79,35.0,23.27,FILLED_TP,0.6649,N/A,3.7595794648115274e+53,8.749224974519015e+52,4.634501962263429e+53,2.7060752538506697e+26,8.396705505857271e+24,5.457858578807226e+25,3.2518611117313924e+26
1485,ETHUSD,LONG,"[1711.50, 1732.80]",2026-06-20 22:30 IST,2026-06-20 22:30 IST,2026-06-21 03:30 IST,1727.475,1711.5,1737.8398,0.9248,37.85,35.0,22.71,FILLED_TP,0.6488,N/A,4.634501962263429e+53,1.0524301209545057e+53,5.6869320832179345e+53,3.2518611117313924e+26,9.846024768179663e+24,6.39991609931678e+25,3.89185272166307e+26
1486,BTCUSD,LONG,"[63694.00, 64021.00]",2026-06-21 13:30 IST,2026-06-21 13:30 IST,2026-06-21 15:30 IST,63939.25,63694.0,64322.8855,0.3836,91.25,35.0,54.75,FILLED_TP,1.5643,N/A,5.6869320832179345e+53,3.113550098364827e+53,8.800482181582761e+53,3.89185272166307e+26,2.8410112276210694e+25,1.846657297953695e+26,5.738510019616765e+26
1487,SOLUSD,LONG,"[72.75, 73.27]",2026-06-21 16:30 IST,2026-06-21 16:30 IST,2026-06-21 16:30 IST,73.1365,72.745,73.5753,0.5353,65.38,35.0,39.23,FILLED_TP,1.1209,N/A,8.800482181582761e+53,3.452456134493001e+53,1.2252938316075762e+54,5.738510019616765e+26,3.001646759997915e+25,1.951070393998644e+26,7.689580413615409e+26
1488,SOLUSD,LONG,"[72.90, 73.69]",2026-06-22 01:30 IST,2026-06-22 01:30 IST,2026-06-22 01:30 IST,73.4903,72.9,73.9312,0.8032,43.58,35.0,26.15,FILLED_TP,0.747,N/A,1.2252938316075762e+54,3.203710546673918e+53,1.545664886274968e+54,7.689580413615409e+26,2.6807382017395443e+25,1.742479831130704e+26,9.432060244746112e+26
1489,ETHUSD,LONG,"[1725.50, 1740.75]",2026-06-22 21:30 IST,2026-06-22 21:30 IST,2026-06-23 03:30 IST,1736.9375,1725.5,1747.3591,0.6585,53.15,35.0,31.89,FILLED_SL,-1.0,CONSOLIDATION_REVERSAL,1.545664886274968e+54,-5.409827101962388e+53,1.0046821760787293e+54,9.432060244746112e+26,4.010676948267049e+25,-3.702288780487844e+26,5.729771464258268e+26
1490,XRPUSD,LONG,"[1.13, 1.14]",2026-06-22 21:30 IST,2026-06-22 21:30 IST,2026-06-22 21:30 IST,1.1362,1.1283,1.143,0.6931,50.5,35.0,30.3,FILLED_TP,0.8657,N/A,1.0046821760787293e+54,3.043986057083305e+53,1.3090807817870597e+54,5.729771464258268e+26,2.3146748776546045e+25,1.5045386704754926e+26,7.23431013473376e+26
1491,BTCUSD,LONG,"[62081.00, 62427.50]",2026-06-24 15:30 IST,2026-06-24 16:30 IST,2026-06-24 16:30 IST,62340.875,62081.0,62714.9203,0.4169,83.96,35.0,50.38,FILLED_TP,1.4393,N/A,1.3090807817870597e+54,6.5946861723062105e+53,1.9685493990176807e+54,7.23431013473376e+26,4.859186249919683e+25,3.1584710624477924e+26,1.0392781197181553e+27
1492,BTCUSD,LONG,"[57611.50, 58343.50]",2026-06-25 18:30 IST,2026-06-25 18:30 IST,2026-06-25 18:30 IST,58160.5,57611.5,58509.463,0.9439,37.08,35.0,22.25,FILLED_TP,0.6356,N/A,1.9685493990176807e+54,4.379468422136474e+53,2.4064962412313283e+54,1.0392781197181553e+27,3.082801789239158e+25,2.003821163005452e+26,1.2396602360187004e+27
1493,SOLUSD,LONG,"[65.68, 66.22]",2026-06-26 07:30 IST,2026-06-26 07:30 IST,2026-06-26 07:30 IST,66.0888,65.683,66.4853,0.6139,57.01,35.0,34.2,FILLED_TP,0.9773,N/A,2.4064962412313283e+54,8.231395927828061e+53,3.229635834014134e+54,1.2396602360187004e+27,5.65366031262866e+25,3.674879203208628e+26,1.6071481563395632e+27
1494,BTCUSD,SHORT,"[59434.00, 60234.00]",2026-06-26 08:30 IST,2026-06-26 08:30 IST,2026-06-26 08:30 IST,59634.0,60234.0,59276.196,1.0061,34.79,35.0,20.87,FILLED_TP,0.5963,N/A,3.229635834014134e+54,6.74086361639596e+53,3.90372219565373e+54,1.6071481563395632e+27,4.4725647472404985e+25,2.9071670857063232e+26,1.8978648649101955e+27
1495,ETHUSD,SHORT,"[1565.60, 1583.00]",2026-06-26 11:30 IST,2026-06-26 11:30 IST,2026-06-26 11:30 IST,1569.95,1583.0,1560.5303,0.8312,42.11,35.0,25.26,FILLED_TP,0.7218,N/A,3.90372219565373e+54,9.862193247693197e+53,4.88994152042305e+54,1.8978648649101955e+27,6.392910532616103e+25,4.1553918462004675e+26,2.3134040495302423e+27
1496,XRPUSD,SHORT,"[1.04, 1.05]",2026-06-26 11:30 IST,2026-06-26 11:30 IST,2026-06-26 11:30 IST,1.0403,1.0489,1.034,0.8291,42.21,35.0,25.33,FILLED_TP,0.7237,N/A,4.88994152042305e+54,1.238545648908073e+54,6.1284871693311227e+54,2.3134040495302423e+27,7.812653812580054e+25,5.0782249781770344e+26,2.821226547347946e+27
1497,BTCUSD,LONG,"[59206.50, 59767.50]",2026-06-26 14:30 IST,2026-06-26 14:30 IST,2026-06-26 14:30 IST,59627.25,59206.5,59985.0135,0.7056,49.6,35.0,29.76,FILLED_TP,0.8503,N/A,6.1284871693311227e+54,1.8238672769857355e+54,7.952354446316858e+54,2.821226547347946e+27,1.1194807981152415e+26,7.276625187749069e+26,3.548889066122853e+27
1498,XRPUSD,LONG,"[1.01, 1.03]",2026-06-26 14:30 IST,2026-06-26 15:30 IST,2026-06-26 15:30 IST,1.0269,1.0114,1.0331,1.5118,23.15,35.0,13.89,FILLED_TP,0.3969,N/A,7.952354446316858e+54,1.1046435000673921e+54,9.05699794638425e+54,3.548889066122853e+27,6.572908297480827e+25,4.272390393362537e+26,3.976128105459107e+27
1499,SOLUSD,LONG,"[71.53, 72.09]",2026-06-27 22:30 IST,2026-06-27 22:30 IST,2026-06-27 22:30 IST,71.9465,71.525,72.3782,0.5859,59.74,35.0,35.85,FILLED_TP,1.0241,N/A,9.05699794638425e+54,3.246501864232597e+54,1.2303499810616846e+55,3.976128105459107e+27,1.9003364224682524e+26,1.2352186746043639e+27,5.211346780063471e+27
1500,XRPUSD,LONG,"[1.04, 1.05]",2026-06-28 04:30 IST,2026-06-28 07:30 IST,2026-06-28 07:30 IST,1.0458,1.0382,1.052,0.7243,48.32,35.0,28.99,FILLED_TP,0.8283,N/A,1.2303499810616846e+55,3.567003865391531e+54,1.5870503676008377e+55,5.211346780063471e+27,2.0144830760367894e+26,1.309413999423913e+27,6.520760779487384e+27
1501,XRPUSD,SHORT,"[1.05, 1.06]",2026-06-28 12:30 IST,2026-06-28 12:30 IST,2026-06-28 13:30 IST,1.0494,1.0556,1.0431,0.5932,59.0,35.0,35.4,FILLED_SL,-1.0,CONSOLIDATION_REVERSAL,1.5870503676008377e+55,-5.554676286602932e+54,1.0315827389405445e+55,6.520760779487384e+27,3.0778514635065623e+26,-2.59005141917124e+27,3.9307093603161435e+27
1502,BTCUSD,LONG,"[59721.50, 60119.00]",2026-06-28 18:30 IST,2026-06-28 18:30 IST,2026-06-28 21:30 IST,60019.625,59721.5,60379.7427,0.4967,70.46,35.0,42.28,FILLED_SL,-1.0,CONSOLIDATION_REVERSAL,1.0315827389405445e+55,-3.610539586291905e+54,6.705287803113539e+54,3.9307093603161435e+27,2.215765752662345e+26,-1.5973248513768848e+27,2.3333845089392588e+27
1503,ETHUSD,LONG,"[1561.70, 1569.80]",2026-06-28 23:30 IST,2026-06-29 00:30 IST,2026-06-29 00:30 IST,1567.775,1561.7,1577.1816,0.3875,90.32,35.0,54.19,FILLED_SL,-1.0,INSTANT_BLOWTHROUGH,6.705287803113539e+54,-2.3468507310897387e+54,4.3584370720238004e+54,2.3333845089392588e+27,1.686094043754109e+26,-9.852939825041515e+26,1.3480905264351073e+27
1504,XRPUSD,SHORT,"[1.05, 1.06]",2026-06-29 08:30 IST,2026-06-29 08:30 IST,2026-06-29 09:30 IST,1.052,1.0578,1.0456,0.5561,62.94,35.0,37.76,FILLED_TP,1.0789,N/A,4.3584370720238004e+54,1.6458464177132586e+54,6.004283489737059e+54,1.3480905264351073e+27,6.787601234177114e+25,4.411940802215124e+26,1.7892846066566197e+27
1505,XRPUSD,LONG,"[1.04, 1.05]",2026-06-30 05:30 IST,2026-06-30 08:30 IST,2026-06-30 08:30 IST,1.0455,1.0359,1.0518,0.9182,38.12,35.0,22.87,FILLED_TP,0.6534,N/A,6.004283489737059e+54,1.3731983974887634e+54,7.377481887225822e+54,1.7892846066566197e+27,5.456199747423501e+25,3.546529835825275e+26,2.143937590239147e+27
1506,BTCUSD,LONG,"[58993.50, 59688.00]",2026-06-30 08:30 IST,2026-06-30 09:30 IST,2026-06-30 17:30 IST,59514.375,58993.5,59871.4613,0.8752,39.99,35.0,23.99,FILLED_SL,-1.0,CONSOLIDATION_REVERSAL,7.377481887225822e+54,-2.5821186605290376e+54,4.795363226696784e+54,2.143937590239147e+27,6.858964166486182e+25,-8.189677982485632e+26,1.324969791990584e+27
1507,SOLUSD,LONG,"[71.01, 72.35]",2026-06-30 17:30 IST,2026-06-30 18:30 IST,2026-06-30 18:30 IST,72.0134,71.0125,72.4455,1.3898,25.18,35.0,15.11,FILLED_TP,0.4317,N/A,4.795363226696784e+54,7.245596199737113e+53,5.5199228466704954e+54,1.324969791990584e+27,2.669299664633581e+25,1.7350447820118273e+26,1.4984742701917668e+27
1508,XRPUSD,LONG,"[1.04, 1.04]",2026-07-01 15:30 IST,2026-07-01 15:30 IST,2026-07-01 15:30 IST,1.04,1.0354,1.0462,0.4399,79.56,35.0,47.74,FILLED_TP,1.3639,N/A,5.5199228466704954e+54,2.6350211368697102e+54,8.154943983540206e+54,1.4984742701917668e+27,9.537600396938834e+25,6.199440258010242e+26,2.118418295992791e+27
1509,BTCUSD,SHORT,"[59876.00, 60673.50]",2026-07-02 00:30 IST,2026-07-02 00:30 IST,2026-07-02 02:30 IST,60075.375,60673.5,59714.9227,0.9956,35.15,35.0,21.09,FILLED_SL,-1.0,CONSOLIDATION_REVERSAL,8.154943983540206e+54,-2.854230394239072e+54,5.300713589301134e+54,2.118418295992791e+27,5.957640391358966e+25,-8.010228075110665e+26,1.3173954884817243e+27
1510,XRPUSD,SHORT,"[1.06, 1.08]",2026-07-02 02:30 IST,2026-07-02 02:30 IST,2026-07-02 02:30 IST,1.0671,1.077,1.0607,0.9277,37.73,35.0,22.64,FILLED_TP,0.6467,N/A,5.300713589301134e+54,1.199840615090988e+54,6.500554204392122e+54,1.3173954884817243e+27,3.975979426388654e+25,2.584386627152624e+26,1.5758341511969868e+27
1511,ETHUSD,LONG,"[1606.05, 1624.40]",2026-07-02 03:30 IST,2026-07-02 03:30 IST,2026-07-02 03:30 IST,1619.8125,1606.05,1629.5314,0.8496,41.19,35.0,24.72,FILLED_TP,0.7062,N/A,6.500554204392122e+54,1.6067085057310767e+54,8.1072627101232e+54,1.5758341511969868e+27,5.19321082426894e+25,3.375587035774811e+26,1.913392854774468e+27
1512,BTCUSD,LONG,"[59768.00, 60225.00]",2026-07-02 04:30 IST,2026-07-02 04:30 IST,2026-07-02 05:30 IST,60110.75,59768.0,60471.4145,0.5702,61.38,35.0,36.83,FILLED_SL,-1.0,CONSOLIDATION_REVERSAL,8.1072627101232e+54,-2.8375419485431197e+54,5.26972076158008e+54,1.913392854774468e+27,9.395867037968671e+25,-7.636461695507504e+26,1.1497466852237175e+27
1513,BTCUSD,SHORT,"[60098.50, 60835.00]",2026-07-02 06:30 IST,2026-07-02 06:30 IST,2026-07-02 06:30 IST,60282.625,60835.0,59920.9293,0.9163,38.2,35.0,22.92,FILLED_TP,0.6548,N/A,5.26972076158008e+54,1.207716607562973e+54,6.477437369143053e+54,1.1497466852237175e+27,3.513325099016725e+25,2.2836613143608707e+26,1.3781128166598045e+27
1514,ETHUSD,SHORT,"[1619.75, 1645.95]",2026-07-02 06:30 IST,2026-07-02 08:30 IST,2026-07-02 11:30 IST,1626.3,1645.95,1616.5422,1.2083,28.97,35.0,17.38,FILLED_TP,0.4966,N/A,6.477437369143053e+54,1.1257983931917723e+54,7.603235762334826e+54,1.3781128166598045e+27,3.1936028735138543e+25,2.0758418677840053e+26,1.585697003438205e+27
1515,ETHUSD,SHORT,"[1643.45, 1660.00]",2026-07-02 15:30 IST,2026-07-02 15:30 IST,2026-07-02 17:30 IST,1647.5875,1660.0,1637.702,0.7534,46.46,35.0,27.87,FILLED_SL,-1.0,CONSOLIDATION_REVERSAL,7.603235762334826e+54,-2.661132516817189e+54,4.9421032455176366e+54,1.585697003438205e+27,5.893420964855055e+25,-6.139281608519222e+26,9.717688425862829e+26
1516,SOLUSD,LONG,"[80.41, 80.89]",2026-07-03 07:30 IST,2026-07-03 07:30 IST,2026-07-03 07:30 IST,80.7705,80.409,81.2551,0.4476,78.2,35.0,46.92,FILLED_TP,1.3406,N/A,4.9421032455176366e+54,2.3188656027756307e+54,7.260968848293268e+54,9.717688425862829e+26,6.079466523937141e+25,3.9516532405591415e+26,1.366934166642197e+27
1517,XRPUSD,LONG,"[1.13, 1.14]",2026-07-04 10:30 IST,2026-07-04 10:30 IST,2026-07-04 10:30 IST,1.1381,1.1274,1.1449,0.9358,37.4,35.0,22.44,FILLED_TP,0.6412,N/A,7.260968848293268e+54,1.629392089707065e+54,8.890360938000333e+54,1.366934166642197e+27,4.0899440369690205e+25,2.658463624029863e+26,1.6327805290451833e+27
1518,SOLUSD,LONG,"[81.80, 82.36]",2026-07-04 13:30 IST,2026-07-04 14:30 IST,2026-07-04 14:30 IST,82.2215,81.8,82.7148,0.5126,68.27,35.0,40.96,FILLED_SL,-1.0,INSTANT_BLOWTHROUGH,8.890360938000333e+54,-3.111626328300116e+54,5.778734609700217e+54,1.6327805290451833e+27,8.918127163769695e+25,-6.606544568035111e+26,9.721260722416722e+26
1519,XRPUSD,LONG,"[1.13, 1.14]",2026-07-05 07:30 IST,2026-07-05 07:30 IST,2026-07-05 14:30 IST,1.1407,1.1332,1.1475,0.6575,53.23,35.0,31.94,FILLED_SL,-1.0,CONSOLIDATION_REVERSAL,5.778734609700217e+54,-2.0225571133950758e+54,3.7561774963051415e+54,9.721260722416722e+26,4.139909052929315e+25,-3.816432158138784e+26,5.904828564277938e+26
1520,SOLUSD,SHORT,"[81.88, 82.82]",2026-07-06 05:30 IST,2026-07-06 05:30 IST,2026-07-06 05:30 IST,82.1155,82.822,81.6228,0.8604,40.68,35.0,24.41,FILLED_TP,0.6974,N/A,3.7561774963051415e+54,9.168079627961348e+53,4.6729854591012764e+54,5.904828564277938e+26,1.9216677422730243e+25,1.2490840324774658e+26,7.153912596755403e+26
1521,SOLUSD,LONG,"[80.82, 81.13]",2026-07-06 07:30 IST,2026-07-06 07:30 IST,2026-07-06 07:30 IST,81.053,80.819,81.5393,0.2887,100.0,28.87,60.0,FILLED_TP,2.0783,N/A,4.6729854591012764e+54,2.8037912754607658e+54,7.476776734562042e+54,7.153912596755403e+26,5.723130077404323e+25,3.72003455031281e+26,1.0873947147068212e+27
1522,XRPUSD,LONG,"[1.13, 1.14]",2026-07-06 11:30 IST,2026-07-06 11:30 IST,2026-07-06 12:30 IST,1.1376,1.1323,1.1445,0.4681,74.77,35.0,44.86,FILLED_TP,1.2818,N/A,7.476776734562042e+54,3.354387432596914e+54,1.0831164167158956e+55,1.0873947147068212e+27,6.5046624497492994e+25,4.228030592337044e+26,1.5101977739405257e+27
1523,ETHUSD,LONG,"[1748.40, 1767.05]",2026-07-06 13:30 IST,2026-07-06 13:30 IST,2026-07-06 13:30 IST,1762.3875,1748.4,1772.9618,0.7937,44.1,35.0,26.46,FILLED_TP,0.756,N/A,1.0831164167158956e+55,2.8658650588856286e+54,1.3697029226044584e+55,1.5101977739405257e+27,5.327864380409458e+25,3.4631118472661474e+26,1.8565089586671405e+27
1524,BTCUSD,LONG,"[62575.00, 62803.00]",2026-07-06 14:30 IST,2026-07-06 14:30 IST,2026-07-06 16:30 IST,62746.0,62575.0,63122.476,0.2725,100.0,27.25,60.0,FILLED_SL,-1.0,CONSOLIDATION_REVERSAL,1.3697029226044584e+55,-3.7328148370471805e+54,9.964214388997403e+54,1.8565089586671405e+27,1.4852071669337125e+26,-6.5447015081201e+26,1.2020388078551305e+27
1525,BTCUSD,LONG,"[62314.00, 62545.50]",2026-07-06 16:30 IST,2026-07-06 16:30 IST,2026-07-06 16:30 IST,62487.625,62314.0,62862.5508,0.2779,100.0,27.79,60.0,FILLED_TP,2.1594,N/A,9.964214388997403e+54,5.978528633398441e+54,1.5942743022395844e+55,1.2020388078551305e+27,9.616310462841046e+25,6.250601800846678e+26,1.8270989879397985e+27
1526,ETHUSD,SHORT,"[1783.35, 1807.70]",2026-07-06 20:30 IST,2026-07-06 21:30 IST,2026-07-07 02:30 IST,1789.4375,1807.7,1778.7009,1.0206,34.29,35.0,20.58,FILLED_SL,-1.0,CONSOLIDATION_REVERSAL,1.5942743022395844e+55,-5.579960057838545e+54,1.0362782964557299e+55,1.8270989879397985e+27,5.012754248678025e+25,-6.896121882657097e+26,1.1374867996740887e+27
1527,BTCUSD,SHORT,"[63548.50, 63991.50]",2026-07-06 21:30 IST,2026-07-06 21:30 IST,2026-07-07 02:30 IST,63659.25,63991.5,63277.2945,0.5219,67.06,35.0,40.24,FILLED_SL,-1.0,CONSOLIDATION_REVERSAL,1.0362782964557299e+55,-3.6269740375950545e+54,6.735808926962245e+54,1.1374867996740887e+27,6.1024035619571916e+25,-4.59144415505503e+26,6.783423841685857e+26
1528,SOLUSD,SHORT,"[81.65, 82.44]",2026-07-06 22:30 IST,2026-07-06 22:30 IST,2026-07-06 23:30 IST,81.8473,82.442,81.3562,0.7267,48.17,35.0,28.9,FILLED_TP,0.8257,N/A,6.735808926962245e+54,1.9466088576954527e+54,8.682417784657697e+54,6.783423841685857e+26,2.61382571445819e+25,1.698986714397823e+26,8.48241055608368e+26
1529,XRPUSD,SHORT,"[1.13, 1.14]",2026-07-07 20:30 IST,2026-07-07 20:30 IST,2026-07-07 20:30 IST,1.1289,1.1354,1.1221,0.578,60.55,35.0,36.33,FILLED_TP,1.038,N/A,8.682417784657697e+54,3.154462098233992e+54,1.183687988289169e+55,8.48241055608368e+26,4.1090616714478994e+25,2.6708900864411343e+26,1.1153300642524814e+27
1530,BTCUSD,LONG,"[61303.50, 62029.50]",2026-07-08 19:30 IST,2026-07-08 19:30 IST,2026-07-08 22:30 IST,61848.0,61303.5,62219.088,0.8804,39.76,35.0,23.85,FILLED_TP,0.6815,N/A,1.183687988289169e+55,2.8234773713386204e+54,1.466035725423031e+55,1.1153300642524814e+27,3.5472289197224046e+25,2.305698797819563e+26,1.3458999440344377e+27
1531,SOLUSD,LONG,"[76.81, 77.35]",2026-07-09 06:30 IST,2026-07-09 07:30 IST,2026-07-09 07:30 IST,77.2145,76.808,77.6778,0.5265,66.48,35.0,39.89,FILLED_TP,1.1397,N/A,1.466035725423031e+55,5.847929953097771e+54,2.050828720732808e+55,1.3458999440344377e+27,7.158287218701504e+25,4.652886692155976e+26,1.8111886132500355e+27
1532,ETHUSD,SHORT,"[1729.30, 1755.25]",2026-07-09 08:30 IST,2026-07-09 09:30 IST,2026-07-09 12:30 IST,1735.7875,1755.25,1725.3728,1.1212,31.22,35.0,18.73,FILLED_SL,-1.0,CONSOLIDATION_REVERSAL,2.050828720732808e+55,-7.177900522564828e+54,1.3330386684763254e+55,1.8111886132500355e+27,4.5229276578347326e+25,-6.791452912158596e+26,1.1320433220341759e+27
1533,XRPUSD,LONG,"[1.08, 1.09]",2026-07-09 20:30 IST,2026-07-09 21:30 IST,2026-07-09 22:30 IST,1.0885,1.0824,1.095,0.5581,62.71,35.0,37.63,FILLED_TP,1.075,N/A,1.3330386684763254e+55,5.015730791451007e+54,1.8346117476214262e+55,1.1320433220341759e+27,5.6792796606801465e+25,3.691531779442095e+26,1.5011964999783853e+27
1534,ETHUSD,SHORT,"[1791.75, 1812.25]",2026-07-10 21:30 IST,2026-07-10 21:30 IST,2026-07-10 21:30 IST,1796.875,1812.25,1786.0938,0.8557,40.9,35.0,24.54,FILLED_TP,0.7012,N/A,1.8346117476214262e+55,4.502629441570878e+54,2.284874691778514e+55,1.5011964999783853e+27,4.912451961311383e+25,3.193093774852399e+26,1.8205058774636254e+27
1535,XRPUSD,LONG,"[1.10, 1.11]",2026-07-11 09:30 IST,2026-07-11 09:30 IST,2026-07-11 18:30 IST,1.105,1.0986,1.1116,0.5769,60.67,35.0,36.4,FILLED_TP,1.04,N/A,2.284874691778514e+55,8.316755711922677e+54,3.1165502629707815e+55,1.8205058774636254e+27,8.835321959938853e+25,5.742959273960253e+26,2.3948018048596506e+27
1536,SOLUSD,LONG,"[77.46, 78.06]",2026-07-11 21:30 IST,2026-07-11 21:30 IST,2026-07-11 21:30 IST,77.9098,77.456,78.3772,0.5824,60.1,35.0,36.06,FILLED_TP,1.0302,N/A,3.1165502629707815e+55,1.1237471490601104e+55,4.240297412030892e+55,2.3948018048596506e+27,1.1513378463146232e+26,7.483696001045052e+26,3.143171404964156e+27
1537,ETHUSD,LONG,"[1780.80, 1793.10]",2026-07-12 04:30 IST,2026-07-12 04:30 IST,2026-07-12 04:30 IST,1790.025,1780.8,1800.7651,0.5154,67.91,35.0,40.75,FILLED_TP,1.1642,N/A,4.240297412030892e+55,1.727859142269746e+55,5.968156554300638e+55,3.143171404964156e+27,1.707728466523453e+26,1.1100235032402443e+27,4.2531949082044004e+27
1538,BTCUSD,LONG,"[62434.50, 62939.00]",2026-07-13 15:30 IST,2026-07-13 17:30 IST,2026-07-13 18:30 IST,62812.875,62434.5,63189.7522,0.6024,58.1,35.0,34.86,FILLED_SL,-1.0,CONSOLIDATION_REVERSAL,5.968156554300638e+55,-2.0888547940052232e+55,3.8793017602954147e+55,4.2531949082044004e+27,1.9769676123821672e+26,-1.6863149791097568e+27,2.5668799290946435e+27
1539,BTCUSD,LONG,"[61672.50, 62105.50]",2026-07-14 03:30 IST,2026-07-14 03:30 IST,2026-07-14 05:30 IST,61997.25,61672.5,62369.2335,0.5238,66.82,35.0,40.09,FILLED_TP,1.1454,N/A,3.8793017602954147e+55,1.5552353694312462e+55,5.434537129726661e+55,2.5668799290946435e+27,1.3721034356131671e+26,8.918672331485585e+26,3.458747162243202e+27
1540,SOLUSD,LONG,"[73.95, 75.29]",2026-07-14 04:30 IST,2026-07-14 04:30 IST,2026-07-14 05:30 IST,74.9543,73.95,75.404,1.3398,26.12,35.0,15.67,FILLED_TP,0.4478,N/A,5.434537129726661e+55,8.517973360987916e+54,6.286334465825453e+55,3.458747162243202e+27,7.228218457152999e+25,4.698341997149449e+26,3.928581361958147e+27
1541,ETHUSD,SHORT,"[1782.80, 1792.60]",2026-07-14 05:30 IST,2026-07-14 05:30 IST,2026-07-14 05:30 IST,1785.25,1792.6,1774.5385,0.4117,85.01,35.0,51.01,FILLED_TP,1.4573,N/A,6.286334465825453e+55,3.2064796014614366e+55,9.492814067286889e+55,3.928581361958147e+27,2.6718094767374738e+26,1.7366761598793578e+27,5.665257521837505e+27
1542,ETHUSD,SHORT,"[1874.15, 1892.35]",2026-07-15 00:30 IST,2026-07-15 00:30 IST,2026-07-15 03:30 IST,1878.7,1892.35,1867.4278,0.7266,48.17,35.0,28.9,FILLED_SL,-1.0,CONSOLIDATION_REVERSAL,9.492814067286889e+55,-3.322484923550411e+55,6.170329143736478e+55,5.665257521837505e+27,2.1832449859028156e+26,-2.2011646312334083e+27,3.464092890604097e+27
1543,BTCUSD,LONG,"[64284.00, 64710.50]",2026-07-15 06:30 IST,2026-07-15 07:30 IST,2026-07-15 11:30 IST,64603.875,64284.0,64991.4982,0.4951,70.69,35.0,42.41,FILLED_TP,1.2118,N/A,6.170329143736478e+55,2.617013091653607e+55,8.787342235390084e+55,3.464092890604097e+27,1.9589611800244846e+26,1.2733247670159148e+27,4.737417657620012e+27
1544,ETHUSD,LONG,"[1860.10, 1873.10]",2026-07-15 06:30 IST,2026-07-15 06:30 IST,2026-07-15 06:30 IST,1869.85,1860.1,1881.0691,0.5214,67.12,35.0,40.27,FILLED_TP,1.1507,N/A,8.787342235390084e+55,3.538987173904894e+55,1.2326329409294978e+56,4.737417657620012e+27,2.543910681013557e+26,1.653541942658812e+27,6.390959600278824e+27
1545,SOLUSD,LONG,"[77.02, 77.59]",2026-07-15 12:30 IST,2026-07-15 12:30 IST,2026-07-15 12:30 IST,77.4462,77.018,77.9109,0.553,63.3,35.0,37.98,FILLED_TP,1.0851,N/A,1.2326329409294978e+56,4.681188037199588e+55,1.7007517446494566e+56,6.390959600278824e+27,3.236138689645513e+26,2.103490148269583e+27,8.494449748548407e+27
1546,BTCUSD,SHORT,"[64810.00, 65603.00]",2026-07-15 22:30 IST,2026-07-15 22:30 IST,2026-07-16 05:30 IST,65008.25,65603.0,64618.2005,0.9149,38.26,35.0,22.95,FILLED_TP,0.6558,N/A,1.7007517446494566e+56,3.903860086904192e+55,2.0911377533398756e+56,8.494449748548407e+27,2.5997243817150088e+26,1.6898208481147553e+27,1.0184270596663162e+28
1547,XRPUSD,LONG,"[1.10, 1.11]",2026-07-16 12:30 IST,2026-07-16 12:30 IST,2026-07-16 12:30 IST,1.1067,1.1018,1.1133,0.4405,79.45,35.0,47.67,FILLED_TP,1.3621,N/A,2.0911377533398756e+56,9.968904069071527e+55,3.0880281602470283e+56,1.0184270596663162e+28,6.473414862599586e+26,4.20771966068973e+27,1.439199025735289e+28
1548,ETHUSD,LONG,"[1863.35, 1876.35]",2026-07-16 17:30 IST,2026-07-16 17:30 IST,2026-07-16 18:30 IST,1873.1,1863.35,1884.3386,0.5205,67.24,35.0,40.34,FILLED_TP,1.1527,N/A,3.0880281602470283e+56,1.2458245793449525e+56,4.333852739591981e+56,1.439199025735289e+28,7.741680355172672e+26,5.032092230862237e+27,1.9424082488215128e+28
1549,BTCUSD,SHORT,"[64580.50, 64981.00]",2026-07-16 20:30 IST,2026-07-16 20:30 IST,2026-07-16 20:30 IST,64680.625,64981.0,64292.5413,0.4644,75.37,35.0,45.22,FILLED_TP,1.292,N/A,4.333852739591981e+56,1.9597644214565804e+56,6.2936171610485614e+56,1.9424082488215128e+28,1.1711404168423029e+27,7.612412709474968e+27,2.7036495197690096e+28
1550,XRPUSD,SHORT,"[1.11, 1.12]",2026-07-16 20:30 IST,2026-07-16 20:30 IST,2026-07-16 20:30 IST,1.1137,1.1187,1.107,0.4512,77.57,35.0,46.54,FILLED_TP,1.3298,N/A,6.2936171610485614e+56,2.9291527547950397e+56,9.222769915843602e+56,2.7036495197690096e+28,1.6777638330349818e+27,1.0905464914727381e+28,3.7941960112417477e+28
1551,XRPUSD,SHORT,"[1.09, 1.09]",2026-07-18 16:30 IST,2026-07-18 16:30 IST,2026-07-18 22:30 IST,1.0887,1.0919,1.0821,0.2962,100.0,29.62,60.0,FILLED_SL,-1.0,CONSOLIDATION_REVERSAL,9.222769915843602e+56,-2.732076421209082e+56,6.490693494634519e+56,3.7941960112417477e+28,3.0353568089933984e+27,-1.4274966551345899e+28,2.366699356107158e+28
1552,SOLUSD,SHORT,"[75.14, 75.44]",2026-07-18 21:30 IST,2026-07-18 21:30 IST,2026-07-18 23:30 IST,75.2122,75.438,74.761,0.3002,100.0,30.02,60.0,FILLED_SL,-1.0,CONSOLIDATION_REVERSAL,6.490693494634519e+56,-1.9481853772673668e+56,4.542508117367153e+56,2.366699356107158e+28,1.8933594848857264e+27,-8.997021184159484e+27,1.4669972376912094e+28
1553,BTCUSD,SHORT,"[64292.00, 64881.50]",2026-07-18 22:30 IST,2026-07-18 22:30 IST,2026-07-19 05:30 IST,64439.375,64881.5,64052.7387,0.6861,51.01,35.0,30.61,FILLED_SL,-1.0,CONSOLIDATION_REVERSAL,4.542508117367153e+56,-1.5898778410785034e+56,2.9526302762886495e+56,1.4669972376912094e+28,5.986783790691192e+26,-5.733168710988352e+27,8.936803665923741e+27
1554,ETHUSD,LONG,"[1848.95, 1866.90]",2026-07-19 08:30 IST,2026-07-19 22:30 IST,2026-07-20 03:30 IST,1862.4125,1848.95,1873.587,0.7229,48.42,35.0,29.05,FILLED_TP,0.83,N/A,2.9526302762886495e+56,8.577851530043183e+55,3.810415429292968e+56,8.936803665923741e+27,3.4617078255074354e+26,2.2501100865798328e+27,1.1186913752503574e+28
1555,SOLUSD,SHORT,"[75.99, 76.88]",2026-07-19 12:30 IST,2026-07-19 12:30 IST,2026-07-19 17:30 IST,76.21,76.882,75.7527,0.8818,39.69,35.0,23.82,FILLED_TP,0.6804,N/A,3.810415429292968e+56,9.074742495825575e+55,4.717889678875525e+56,1.1186913752503574e+28,3.5523112378262556e+26,2.3090023045870656e+27,1.349591605709064e+28
1556,XRPUSD,SHORT,"[1.09, 1.10]",2026-07-20 00:30 IST,2026-07-20 00:30 IST,2026-07-20 05:30 IST,1.095,1.1023,1.0884,0.6713,52.14,35.0,31.28,FILLED_SL,-1.0,CONSOLIDATION_REVERSAL,4.717889678875525e+56,-1.6512613876064337e+56,3.0666282912690914e+56,1.349591605709064e+28,5.6294679187472236e+26,-5.286517411856446e+27,8.209398645234195e+27
1557,SOLUSD,LONG,"[75.36, 75.98]",2026-07-20 10:30 IST,2026-07-20 10:30 IST,2026-07-20 10:30 IST,75.8222,75.355,76.2772,0.6162,56.8,35.0,34.08,FILLED_TP,0.9736,N/A,3.0666282912690914e+56,1.0450276717199166e+56,4.111655962989008e+56,8.209398645234195e+27,3.7300678737295464e+26,2.4245441179242048e+27,1.0633942763158398e+28
1558,ETHUSD,SHORT,"[1864.75, 1889.50]",2026-07-20 15:30 IST,2026-07-20 15:30 IST,2026-07-20 16:30 IST,1870.9375,1889.5,1859.7119,0.9921,35.28,35.0,21.17,FILLED_SL,-1.0,CONSOLIDATION_REVERSAL,4.111655962989008e+56,-1.4390795870461527e+56,2.6725763759428553e+56,1.0633942763158398e+28,3.0010633485603054e+26,-4.02198630196147e+27,6.611956461196928e+27
1559,XRPUSD,SHORT,"[1.09, 1.11]",2026-07-20 16:30 IST,2026-07-20 16:30 IST,2026-07-20 18:30 IST,1.0982,1.1088,1.0916,0.9629,36.35,35.0,21.81,FILLED_TP,0.6231,N/A,2.6725763759428553e+56,5.828547895968481e+55,3.2554311655397034e+56,6.611956461196928e+27,1.922644394976302e+26,1.2497188567345958e+27,7.861675317931524e+27
1560,SOLUSD,LONG,"[77.30, 77.73]",2026-07-21 22:30 IST,2026-07-21 22:30 IST,2026-07-21 22:30 IST,77.6217,77.3,78.0875,0.4145,84.44,35.0,50.66,FILLED_TP,1.4475,N/A,3.2554311655397034e+56,1.649273518429977e+56,4.90470468396968e+56,7.861675317931524e+27,5.310531745476466e+26,3.451845634559702e+27,1.1313520952491225e+28
1561,XRPUSD,LONG,"[1.13, 1.14]",2026-07-22 10:30 IST,2026-07-22 10:30 IST,2026-07-22 10:30 IST,1.1355,1.1261,1.1423,0.8256,42.39,35.0,25.43,FILLED_TP,0.7267,N/A,4.90470468396968e+56,1.2474939794308377e+56,6.152198663400517e+56,1.1313520952491225e+28,3.836737767454322e+26,2.4938795488453094e+27,1.3807400501336535e+28
1562,ETHUSD,SHORT,"[1928.10, 1943.95]",2026-07-22 15:30 IST,2026-07-22 15:30 IST,2026-07-22 17:30 IST,1932.0625,1943.95,1920.4701,0.6153,56.89,35.0,34.13,FILLED_TP,0.9752,N/A,6.152198663400517e+56,2.0998113895455776e+56,8.252010052946095e+56,1.3807400501336535e+28,6.283485177465202e+26,4.08426536535238e+27,1.7891665866688915e+28
1563,ETHUSD,LONG,"[1842.00, 1859.15]",2026-07-25 02:30 IST,2026-07-25 08:30 IST,2026-07-25 18:30 IST,1854.8625,1842.0,1865.9917,0.6934,50.47,35.0,30.28,FILLED_TP,0.8652,N/A,8.252010052946095e+56,2.4989949382583693e+56,1.0751004991204464e+57,1.7891665866688915e+28,7.224289540930786e+26,4.6957882016050105e+27,2.2587454068293923e+28
1564,XRPUSD,LONG,"[1.08, 1.09]",2026-07-25 02:30 IST,2026-07-25 02:30 IST,2026-07-25 20:30 IST,1.089,1.083,1.0955,0.551,63.52,35.0,38.11,FILLED_TP,1.089,N/A,1.0751004991204464e+57,4.097745552397577e+56,1.4848750543602042e+57,2.2587454068293923e+28,1.1478944157506959e+27,7.461313702379524e+27,3.0048767770673447e+28
1565,SOLUSD,LONG,"[73.43, 73.82]",2026-07-25 12:30 IST,2026-07-25 13:30 IST,2026-07-25 18:30 IST,73.7202,73.43,74.1626,0.3937,88.9,35.0,53.34,FILLED_TP,1.5239,N/A,1.4848750543602042e+57,7.919974383291178e+56,2.2768724926893217e+57,3.0048767770673447e+28,2.13697415410476e+27,1.3890332001680938e+28,4.393909977235439e+28
1566,BTCUSD,SHORT,"[64120.00, 64273.50]",2026-07-25 18:30 IST,2026-07-25 18:30 IST,2026-07-25 22:30 IST,64158.375,64273.5,63773.4247,0.1794,100.0,17.94,60.0,FILLED_SL,-1.0,CONSOLIDATION_REVERSAL,2.2768724926893217e+57,-4.085592032542255e+56,1.8683132894350962e+57,4.393909977235439e+28,3.515127981788351e+27,-1.1399506071620426e+28,3.253959370073396e+28
1567,BTCUSD,LONG,"[64239.00, 64407.00]",2026-07-26 10:30 IST,2026-07-26 11:30 IST,2026-07-26 19:30 IST,64365.0,64239.0,64751.19,0.1958,100.0,19.58,60.0,FILLED_TP,3.065,N/A,1.8683132894350962e+57,1.1209879736610577e+57,2.989301263096154e+57,3.253959370073396e+28,2.603167496058717e+27,1.6920588724381658e+28,4.946018242511561e+28
1568,XRPUSD,LONG,"[1.10, 1.11]",2026-07-27 16:30 IST,2026-07-27 17:30 IST,2026-07-27 17:30 IST,1.1043,1.1002,1.111,0.3735,93.7,35.0,56.22,FILLED_SL,-1.0,INSTANT_BLOWTHROUGH,2.989301263096154e+57,-1.0462554420836538e+57,1.9430458210125e+57,4.946018242511561e+28,3.70754726493398e+27,-2.1018611113724444e+28,2.844157131139117e+28
1569,XRPUSD,LONG,"[1.05, 1.06]",2026-07-28 11:30 IST,2026-07-28 11:30 IST,2026-07-28 16:30 IST,1.0602,1.0532,1.0666,0.6649,52.64,35.0,31.58,FILLED_SL,-1.0,CONSOLIDATION_REVERSAL,1.9430458210125e+57,-6.80066037354375e+56,1.2629797836581251e+57,2.844157131139117e+28,1.1976523794627938e+27,-1.1152202338449704e+28,1.7289368972941467e+28
1570,SOLUSD,SHORT,"[73.18, 73.53]",2026-07-28 19:30 IST,2026-07-28 19:30 IST,2026-07-28 19:30 IST,73.2662,73.528,72.8267,0.3573,97.97,35.0,58.78,FILLED_TP,1.6795,N/A,1.2629797836581251e+57,7.423914590499473e+56,2.0053712427080723e+57,1.7289368972941467e+28,1.355047275124538e+27,8.807807288309496e+27,2.6097176261250964e+28
1571,SOLUSD,LONG,"[72.53, 73.49]",2026-07-29 03:30 IST,2026-07-29 04:30 IST,2026-07-29 04:30 IST,73.249,72.535,73.6885,0.9748,35.91,35.0,21.54,FILLED_TP,0.6155,N/A,2.0053712427080723e+57,4.320336416385996e+56,2.437404884346672e+57,2.6097176261250964e+28,7.496439466511278e+26,4.8726856532323295e+27,3.0969861914483294e+28
1572,BTCUSD,LONG,"[63576.00, 63956.50]",2026-07-29 20:30 IST,2026-07-29 20:30 IST,2026-07-29 22:30 IST,63861.375,63576.0,64244.5433,0.4469,78.32,35.0,46.99,FILLED_TP,1.3427,N/A,2.437404884346672e+57,1.1454320014955702e+57,3.582836885842242e+57,3.0969861914483294e+28,1.9405267816638805e+27,1.2613424080815224e+28,4.358328599529852e+28
1573,ETHUSD,SHORT,"[1913.05, 1925.00]",2026-07-30 06:30 IST,2026-07-30 06:30 IST,2026-07-30 06:30 IST,1916.0375,1925.0,1904.5413,0.4678,74.82,35.0,44.89,FILLED_TP,1.2827,N/A,3.582836885842242e+57,1.608500378497011e+57,5.1913372643392536e+57,4.358328599529852e+28,2.608872401144822e+27,1.695767060744134e+28,6.054095660273985e+28
1574,SOLUSD,SHORT,"[73.70, 74.33]",2026-07-30 06:30 IST,2026-07-30 06:30 IST,2026-07-30 06:30 IST,73.8587,74.3349,73.4156,0.6447,54.29,35.0,32.57,FILLED_TP,0.9307,N/A,5.1913372643392536e+57,1.6909616378791045e+57,6.882298902218358e+57,6.054095660273985e+28,2.629314437314939e+27,1.7090543842547098e+28,7.763150044528695e+28
1575,ETHUSD,LONG,"[1896.65, 1920.80]",2026-07-30 19:30 IST,2026-07-30 19:30 IST,2026-07-30 19:30 IST,1914.7625,1896.65,1926.2511,0.9459,37.0,35.0,22.2,FILLED_TP,0.6343,N/A,6.882298902218358e+57,1.5278803306387144e+57,8.410179232857073e+57,7.763150044528695e+28,2.2979074144366243e+27,1.4936398193838057e+28,9.2567898639125e+28
1576,XRPUSD,LONG,"[1.07, 1.08]",2026-07-31 06:30 IST,2026-07-31 08:30 IST,2026-07-31 18:30 IST,1.0788,1.0704,1.0853,0.7786,44.95,35.0,26.97,FILLED_SL,-1.0,CONSOLIDATION_REVERSAL,8.410179232857073e+57,-2.9435627314999753e+57,5.466616501357097e+57,9.2567898639125e+28,3.32874163506295e+27,-3.5727506158756702e+28,5.684039248036831e+28
1577,SOLUSD,LONG,"[73.27, 74.21]",2026-07-31 07:30 IST,2026-07-31 08:30 IST,2026-07-31 11:30 IST,73.9718,73.266,74.4156,0.9541,36.68,35.0,22.01,FILLED_TP,0.6289,N/A,5.466616501357097e+57,1.2032417956598741e+57,6.669858297016971e+57,5.684039248036831e+28,1.668130817837365e+27,1.084285031594287e+28,6.768324279631118e+28
1578,XRPUSD,LONG,"[1.06, 1.06]",2026-08-01 01:30 IST,2026-08-01 01:30 IST,2026-08-01 23:30 IST,1.062,1.0555,1.0684,0.6144,56.97,35.0,34.18,FILLED_SL,-1.0,CONSOLIDATION_REVERSAL,6.669858297016971e+57,-2.3344504039559397e+57,4.3354078930610315e+57,6.768324279631118e+28,3.084561357948046e+27,-2.6773696336656957e+28,4.090954645965422e+28
1579,SOLUSD,SHORT,"[72.94, 73.50]",2026-08-01 05:30 IST,2026-08-01 05:30 IST,2026-08-01 21:30 IST,73.0763,73.497,72.6378,0.5758,60.79,35.0,36.47,FILLED_TP,1.0421,N/A,4.3354078930610315e+57,1.5812530889961625e+57,5.9166609820571944e+57,4.090954645965422e+28,1.989458225673796e+27,1.2931478466879671e+28,5.384102492653389e+28
1580,ETHUSD,LONG,"[1862.00, 1868.05]",2026-08-01 21:30 IST,2026-08-01 21:30 IST,2026-08-01 22:30 IST,1866.5375,1862.0,1877.7367,0.2431,100.0,24.31,60.0,FILLED_SL,-1.0,CONSOLIDATION_REVERSAL,5.9166609820571944e+57,-1.4383235914673015e+57,4.478337390589893e+57,5.384102492653389e+28,4.3072819941227114e+27,-1.7395883246663453e+28,3.6445141679870437e+28
1581,ETHUSD,LONG,"[1847.00, 1862.40]",2026-08-01 22:30 IST,2026-08-01 22:30 IST,2026-08-01 23:30 IST,1858.55,1847.0,1869.7013,0.6215,56.32,35.0,33.79,FILLED_SL,-1.0,CONSOLIDATION_REVERSAL,4.478337390589893e+57,-1.5674180867064624e+57,2.9109193038834303e+57,3.6445141679870437e+28,1.642063468342355e+27,-1.4397863056297008e+28,2.204727862357343e+28
1582,XRPUSD,LONG,"[1.08, 1.08]",2026-08-03 05:30 IST,2026-08-03 05:30 IST,2026-08-03 06:30 IST,1.0825,1.0769,1.0889,0.5127,68.26,35.0,40.96,FILLED_SL,-1.0,CONSOLIDATION_REVERSAL,2.9109193038834303e+57,-1.0188217563592005e+57,1.89209754752423e+57,2.204727862357343e+28,1.204003871874627e+27,-8.920551390125327e+27,1.31267272334481e+28
1583,ETHUSD,LONG,"[1848.15, 1868.85]",2026-08-03 06:30 IST,2026-08-03 07:30 IST,2026-08-03 11:30 IST,1863.675,1848.15,1874.8571,0.833,42.02,35.0,25.21,FILLED_SL,-1.0,CONSOLIDATION_REVERSAL,1.89209754752423e+57,-6.622341416334805e+56,1.2298634058907496e+57,1.31267272334481e+28,4.412178386797455e+26,-5.035572370386581e+27,8.09115486306152e+27
1584,SOLUSD,LONG,"[72.69, 73.01]",2026-08-03 06:30 IST,2026-08-03 07:30 IST,2026-08-03 08:30 IST,72.9272,72.6878,73.3648,0.3283,100.0,32.83,60.0,FILLED_SL,-1.0,CONSOLIDATION_REVERSAL,1.2298634058907496e+57,-4.03730431677412e+56,8.261329742133376e+56,8.09115486306152e+27,6.472923890449216e+26,-3.3033966604511393e+27,4.7877582026103806e+27
1585,BTCUSD,LONG,"[62245.00, 62717.50]",2026-08-03 17:30 IST,2026-08-03 17:30 IST,2026-08-03 18:30 IST,62599.375,62245.0,62974.9713,0.5661,61.83,35.0,37.1,FILLED_TP,1.0599,N/A,8.261329742133376e+56,3.0646167616382847e+56,1.132594650377166e+57,4.7877582026103806e+27,2.3680843151370524e+26,1.5392548048390842e+27,6.327013007449465e+27
1586,SOLUSD,SHORT,"[73.68, 74.35]",2026-08-03 19:30 IST,2026-08-03 22:30 IST,2026-08-03 22:30 IST,73.844,74.348,73.4009,0.6825,51.28,35.0,30.77,FILLED_TP,0.8791,N/A,1.132594650377166e+57,3.484804973435443e+56,1.4810751477207104e+57,6.327013007449465e+27,2.595621936233854e+26,1.687154258552005e+27,8.01416726600147e+27
1587,ETHUSD,LONG,"[1852.50, 1864.35]",2026-08-04 18:30 IST,2026-08-04 18:30 IST,2026-08-04 18:30 IST,1861.3875,1852.5,1872.5558,0.4775,73.3,35.0,43.98,FILLED_TP,1.2566,N/A,1.4810751477207104e+57,6.514087212049376e+56,2.132483868925648e+57,8.01416726600147e+27,4.699737627135294e+26,3.05482945763794e+27,1.1068996723639411e+28
1588,SOLUSD,LONG,"[73.11, 73.71]",2026-08-05 05:30 IST,2026-08-05 05:30 IST,2026-08-05 06:30 IST,73.5577,73.107,73.9991,0.6128,57.12,35.0,34.27,FILLED_TP,0.9791,N/A,2.132483868925648e+57,7.307986736547491e+56,2.8632825425803972e+57,1.1068996723639411e+28,5.057769012745882e+26,3.2875498582848235e+27,1.4356546581924235e+28
1589,SOLUSD,LONG,"[73.26, 74.12]",2026-08-06 03:30 IST,2026-08-06 04:30 IST,2026-08-06 10:30 IST,73.9025,73.256,74.3459,0.8748,40.01,35.0,24.01,FILLED_TP,0.6859,N/A,2.8632825425803972e+57,6.8734392887300575e+56,3.550626471453403e+57,1.4356546581924235e+28,4.5951386149386264e+26,2.986840099710107e+27,1.734338668163434e+28
1590,BTCUSD,SHORT,"[64701.50, 64978.00]",2026-08-06 19:30 IST,2026-08-06 19:30 IST,2026-08-06 19:30 IST,64770.625,64978.0,64382.0013,0.3202,100.0,32.02,60.0,FILLED_TP,1.874,N/A,3.550626471453403e+57,2.1303758828720416e+57,5.681002354325445e+57,1.734338668163434e+28,1.3874709345307472e+27,9.018561074449857e+27,2.6361947756084198e+28
1591,BTCUSD,LONG,"[63852.50, 64393.50]",2026-08-07 03:30 IST,2026-08-07 04:30 IST,2026-08-07 13:30 IST,64258.25,63852.5,64643.7995,0.6314,55.43,35.0,33.26,FILLED_TP,0.9502,N/A,5.681002354325445e+57,1.889359620512999e+57,7.570361974838444e+57,2.6361947756084198e+28,1.1689767990912417e+27,7.59834919409307e+27,3.396029695017727e+28
1592,SOLUSD,SHORT,"[74.30, 75.32]",2026-08-08 13:30 IST,2026-08-08 13:30 IST,2026-08-08 16:30 IST,74.5523,75.318,74.1049,1.0271,34.08,35.0,20.45,FILLED_SL,-1.0,CONSOLIDATION_REVERSAL,7.570361974838444e+57,-2.6496266911934555e+57,4.920735283644989e+57,3.396029695017727e+28,9.257703343455197e+26,-1.2811874266907563e+28,2.1148422683269706e+28
1593,BTCUSD,LONG,"[64889.50, 65053.50]",2026-08-08 23:30 IST,2026-08-08 23:30 IST,2026-08-09 06:30 IST,65012.5,64889.5,65402.575,0.1892,100.0,18.92,60.0,FILLED_SL,-1.0,CONSOLIDATION_REVERSAL,4.920735283644989e+57,-9.309754891572138e+56,3.989759794487775e+57,2.1148422683269706e+28,1.6918738146615765e+27,-5.693036652642232e+27,1.5455386030627474e+28
1594,SOLUSD,SHORT,"[76.25, 77.08]",2026-08-09 01:30 IST,2026-08-09 11:30 IST,2026-08-09 11:30 IST,76.4578,77.081,75.999,0.8152,42.94,35.0,25.76,FILLED_TP,0.7361,N/A,3.989759794487775e+57,1.0278394216553497e+57,5.017599216143125e+57,1.5455386030627474e+28,5.308809170626537e+26,3.4507259609072494e+27,1.8906111991534724e+28
1595,ETHUSD,LONG,"[1911.20, 1914.00]",2026-08-09 07:30 IST,2026-08-09 07:30 IST,2026-08-09 18:30 IST,1913.3,1911.2,1924.7798,0.1098,100.0,10.98,60.0,FILLED_TP,5.4666,N/A,5.017599216143125e+57,3.0105595296858747e+57,8.028158745829e+57,1.8906111991534724e+28,1.512488959322778e+27,9.831178235598057e+27,2.8737290227132783e+28
1596,SOLUSD,LONG,"[75.76, 76.11]",2026-08-10 20:30 IST,2026-08-10 20:30 IST,2026-08-10 21:30 IST,76.0219,75.756,76.478,0.3497,100.0,34.97,60.0,FILLED_SL,-1.0,CONSOLIDATION_REVERSAL,8.028158745829e+57,-2.8077269950882403e+57,5.22043175074076e+57,2.8737290227132783e+28,2.298983218170623e+27,-1.234941546433498e+28,1.6387874762797804e+28
1597,BTCUSD,LONG,"[63434.50, 63825.50]",2026-08-11 19:30 IST,2026-08-11 19:30 IST,2026-08-11 19:30 IST,63727.75,63434.5,64110.1165,0.4602,76.06,35.0,45.64,FILLED_TP,1.3039,N/A,5.22043175074076e+57,2.382408784166635e+57,7.602840534907395e+57,1.6387874762797804e+28,9.971746566280257e+26,6.481635268082167e+27,2.286951003087997e+28
1598,SOLUSD,SHORT,"[75.94, 76.37]",2026-08-12 01:30 IST,2026-08-12 01:30 IST,2026-08-12 02:30 IST,76.045,76.369,75.5887,0.4261,82.15,35.0,49.29,FILLED_SL,-1.0,CONSOLIDATION_REVERSAL,7.602840534907395e+57,-2.660994187217588e+57,4.9418463476898063e+57,2.286951003087997e+28,1.5029362014923388e+27,-9.507264712300327e+27,1.3362245318579642e+28
1599,ETHUSD,SHORT,"[1886.45, 1897.25]",2026-08-12 09:30 IST,2026-08-12 09:30 IST,2026-08-12 14:30 IST,1889.15,1897.25,1877.8151,0.4288,81.63,35.0,48.98,FILLED_SL,-1.0,CONSOLIDATION_REVERSAL,4.9418463476898063e+57,-1.729646221691432e+57,3.212200125998374e+57,1.3362245318579642e+28,8.726074084205685e+26,-5.549393269923443e+27,7.812852048656199e+27
1600,SOLUSD,SHORT,"[76.67, 77.15]",2026-08-12 14:30 IST,2026-08-12 14:30 IST,2026-08-12 14:30 IST,76.7885,77.15,76.3278,0.4708,74.35,35.0,44.61,FILLED_TP,1.2745,N/A,3.212200125998374e+57,1.4328798386942335e+57,4.6450799646926076e+57,7.812852048656199e+27,4.646816405828579e+26,3.020430663788576e+27,1.0833282712444775e+28
1601,BTCUSD,LONG,"[63584.50, 63818.00]",2026-08-12 18:30 IST,2026-08-12 19:30 IST,2026-08-12 19:30 IST,63759.625,63584.5,64142.1827,0.2747,100.0,27.47,60.0,FILLED_SL,-1.0,INSTANT_BLOWTHROUGH,4.6450799646926076e+57,-1.2758381637545594e+57,3.369241800938048e+57,1.0833282712444775e+28,8.66662616995582e+26,-3.8421798585365905e+27,6.991102853908185e+27
1602,SOLUSD,LONG,"[75.95, 76.29]",2026-08-12 18:30 IST,2026-08-12 18:30 IST,2026-08-12 18:30 IST,76.2032,75.946,76.6605,0.3376,100.0,33.76,60.0,FILLED_TP,1.7773,N/A,3.369241800938048e+57,2.0215450805628288e+57,5.390786881500877e+57,6.991102853908185e+27,5.592882283126549e+26,3.6353734840322557e+27,1.062647633794044e+28
1603,SOLUSD,SHORT,"[76.13, 76.91]",2026-08-13 13:30 IST,2026-08-13 13:30 IST,2026-08-13 15:30 IST,76.3233,76.909,75.8653,0.7675,45.61,35.0,27.36,FILLED_TP,0.7818,N/A,5.390786881500877e+57,1.4750814975541927e+57,6.86586837905507e+57,1.062647633794044e+28,3.8769648970502406e+26,2.520027183082657e+27,1.3146503521023099e+28
1604,SOLUSD,LONG,"[75.32, 75.67]",2026-08-13 16:30 IST,2026-08-13 16:30 IST,2026-08-13 17:30 IST,75.581,75.32,76.0345,0.3453,100.0,34.53,60.0,FILLED_TP,1.7375,N/A,6.86586837905507e+57,4.119521027433042e+57,1.0985389406488113e+58,1.3146503521023099e+28,1.051720281681848e+27,6.836181830932011e+27,1.9982685351955107e+28
1605,SOLUSD,LONG,"[74.62, 75.42]",2026-08-15 04:30 IST,2026-08-15 04:30 IST,2026-08-15 07:30 IST,75.2193,74.62,75.6706,0.7967,43.93,35.0,26.36,FILLED_TP,0.7531,N/A,1.0985389406488113e+58,2.8957142752429977e+57,1.3881103681731112e+58,1.9982685351955107e+28,7.023164446304804e+26,4.5650568900981223e+27,2.454774224205323e+28
1606,BTCUSD,LONG,"[63003.50, 63103.50]",2026-08-16 04:30 IST,2026-08-16 04:30 IST,2026-08-16 06:30 IST,63078.5,63003.5,63456.971,0.1189,100.0,11.89,60.0,FILLED_SL,-1.0,CONSOLIDATION_REVERSAL,1.3881103681731112e+58,-1.6504558227127047e+57,1.2230647859018407e+58,2.454774224205323e+28,1.9638193793642584e+27,-4.88253283665001e+27,1.966520940540322e+28
1607,XRPUSD,LONG,"[1.00, 1.00]",2026-08-16 04:30 IST,2026-08-16 04:30 IST,2026-08-16 10:30 IST,1.0024,1.0001,1.0084,0.2319,100.0,23.19,60.0,FILLED_SL,-1.0,CONSOLIDATION_REVERSAL,1.2230647859018407e+58,-2.8367465169184144e+57,9.393901342099993e+57,1.966520940540322e+28,1.5732167524322578e+27,-6.134317270432617e+27,1.3530892134970604e+28
1608,BTCUSD,SHORT,"[62994.50, 63139.00]",2026-08-16 18:30 IST,2026-08-16 18:30 IST,2026-08-16 21:30 IST,63030.625,63139.0,62652.4412,0.1719,100.0,17.19,60.0,FILLED_SL,-1.0,CONSOLIDATION_REVERSAL,9.393901342099993e+57,-1.615189533580044e+57,7.778711808519948e+57,1.3530892134970604e+28,1.0824713707976483e+27,-3.408976042340155e+27,1.012191609263045e+28
1609,SOLUSD,SHORT,"[75.50, 75.72]",2026-08-17 08:30 IST,2026-08-17 08:30 IST,2026-08-17 11:30 IST,75.556,75.7241,75.1027,0.2225,100.0,22.25,60.0,FILLED_SL,-1.0,CONSOLIDATION_REVERSAL,7.778711808519948e+57,-1.7303808494650212e+57,6.0483309590549275e+57,1.012191609263045e+28,8.09753287410436e+26,-3.0613818600740726e+27,7.060534232556377e+27
1610,BTCUSD,SHORT,"[63451.50, 63620.00]",2026-08-17 09:30 IST,2026-08-17 09:30 IST,2026-08-17 11:30 IST,63493.625,63620.0,63112.6632,0.199,100.0,19.9,60.0,FILLED_SL,-1.0,CONSOLIDATION_REVERSAL,6.0483309590549275e+57,-1.2038339675055038e+57,4.844496991549424e+57,7.060534232556377e+27,5.648427386045103e+26,-1.970141323524354e+27,5.090392909032023e+27
1611,SOLUSD,LONG,"[75.18, 75.81]",2026-08-18 00:30 IST,2026-08-18 01:30 IST,2026-08-18 01:30 IST,75.6488,75.176,76.1027,0.625,56.0,35.0,33.6,FILLED_TP,0.96,N/A,4.844496991549424e+57,1.627768203109334e+57,6.472265194658758e+57,5.090392909032023e+27,2.280520140167103e+26,1.482338091108617e+27,6.572731000140639e+27
1612,ETHUSD,LONG,"[1890.55, 1901.00]",2026-08-18 06:30 IST,2026-08-18 07:30 IST,2026-08-18 07:30 IST,1898.3875,1890.55,1909.7778,0.4129,84.78,35.0,50.87,FILLED_SL,-1.0,INSTANT_BLOWTHROUGH,6.472265194658758e+57,-2.2652928181305654e+57,4.206972376528193e+57,6.572731000140639e+27,4.457703737197085e+26,-2.7462262237689323e+27,3.826504776371707e+27
1613,BTCUSD,LONG,"[64008.00, 64268.50]",2026-08-19 10:30 IST,2026-08-19 11:30 IST,2026-08-19 17:30 IST,64203.375,64008.0,64588.5952,0.3043,100.0,30.43,60.0,FILLED_TP,1.9717,N/A,4.206972376528193e+57,2.5241834259169158e+57,6.731155802445108e+57,3.826504776371707e+27,3.0612038210973656e+26,1.9897824837132874e+27,5.816287260084995e+27
1614,ETHUSD,SHORT,"[1912.10, 1919.50]",2026-08-19 11:30 IST,2026-08-19 11:30 IST,2026-08-19 12:30 IST,1913.95,1919.5,1902.4663,0.29,100.0,29.0,60.0,FILLED_SL,-1.0,CONSOLIDATION_REVERSAL,6.731155802445108e+57,-1.9518751641146096e+57,4.779280638330499e+57,5.816287260084995e+27,4.653029808067996e+26,-2.1518880166474837e+27,3.664399243437511e+27
1615,BTCUSD,SHORT,"[77177.00, 77432.00]",2026-08-23 16:30 IST,2026-08-23 16:30 IST,2026-08-23 16:30 IST,77240.75,77432.0,76777.3055,0.2476,100.0,24.76,60.0,FILLED_TP,2.4232,N/A,4.779280638330499e+57,2.8675683829982992e+57,7.646849021328798e+57,3.664399243437511e+27,2.9315193947500092e+26,1.9054876065875056e+27,5.569886850025016e+27
1616,BTCUSD,SHORT,"[77402.50, 78030.00]",2026-08-24 07:30 IST,2026-08-24 12:30 IST,2026-08-24 13:30 IST,77559.375,78030.0,77094.0188,0.6068,57.68,35.0,34.61,FILLED_TP,0.9888,N/A,7.646849021328798e+57,2.6464343048257295e+57,1.0293283326154528e+58,5.569886850025016e+27,2.5701810149147307e+26,1.6706176596945752e+27,7.240504509719592e+27
1617,XRPUSD,SHORT,"[1.48, 1.50]",2026-08-24 14:30 IST,2026-08-24 14:30 IST,2026-08-24 14:30 IST,1.4824,1.5046,1.4735,1.4976,23.37,35.0,14.02,FILLED_TP,0.4006,N/A,1.0293283326154528e+58,1.4433965191735323e+57,1.173667984532806e+58,7.240504509719592e+27,1.3537525620983609e+26,8.799391653639344e+26,8.120443675083526e+27
1618,XRPUSD,SHORT,"[1.51, 1.53]",2026-08-24 17:30 IST,2026-08-24 17:30 IST,2026-08-24 17:30 IST,1.5167,1.5323,1.5076,1.0285,34.03,35.0,20.42,FILLED_TP,0.5833,N/A,1.173667984532806e+58,2.3962914663435536e+57,1.4132971311671614e+58,8.120443675083526e+27,2.2106138065126974e+26,1.4368989742332533e+27,9.557342649316779e+27
1619,BTCUSD,LONG,"[78432.50, 79169.00]",2026-08-25 14:30 IST,2026-08-25 14:30 IST,2026-08-25 14:30 IST,78984.875,78432.5,79458.7842,0.6993,50.05,35.0,30.03,FILLED_TP,0.8579,N/A,1.4132971311671614e+58,4.2438760662684476e+57,1.837684737794006e+58,9.557342649316779e+27,3.826529876565147e+26,2.487244419767345e+27,1.2044587069084125e+28
1620,SOLUSD,LONG,"[94.81, 96.22]",2026-08-26 14:30 IST,2026-08-26 14:30 IST,2026-08-26 14:30 IST,95.866,94.807,96.4412,1.1047,31.68,35.0,19.01,FILLED_TP,0.5432,N/A,1.837684737794006e+58,3.493485539698368e+57,2.187033291763843e+58,1.2044587069084125e+28,3.0529422805491028e+26,1.9844124823569168e+27,1.4028999551441041e+28
