trade_number,timestamp,exit_timestamp,asset,direction,ob_id,ob_high,ob_low,ob_width,ob_width_percent,tp_regime,entry_price,sl_price,tp_price,risk_distance,reward_distance,planned_rr,outcome,realized_R,starting_capital_10pct,risk_amount_10pct,pnl_dollar_10pct,ending_capital_10pct,starting_capital_1pct,risk_amount_1pct,pnl_dollar_1pct,ending_capital_1pct,holding_time_hours,exit_reason,ambiguity_status
1,2024-06-10T14:00:00+00:00,2024-06-10T15:00:00+00:00,BTCUSD,SHORT,BTCUSD_230_BEARISH_218_223,69813.0,69612.0,201.0,0.2884,REGIME_A_LE_06,69612.0,69813.0,69267.4286,201.0,344.5714,1.7143,SL_HIT,-1.0,10.0,1.0,-1.0,9.0,10.0,0.1,-0.1,9.9,1,SL_HIT,UNAMBIGUOUS
2,2024-06-10T15:00:00+00:00,2024-06-10T19:00:00+00:00,ETHUSD,SHORT,ETHUSD_231_BEARISH_213_222,3727.65,3699.6,28.05,0.7578,REGIME_B_GT_06,3706.6125,3727.65,3685.575,21.0375,21.0375,1.0,TP_HIT,1.0,9.0,0.9,0.9,9.9,9.9,0.099,0.099,9.999,4,TP_HIT,UNAMBIGUOUS
3,2024-06-10T19:00:00+00:00,2024-06-11T01:00:00+00:00,BTCUSD,LONG,BTCUSD_235_BULLISH_225_231,69492.0,69186.0,306.0,0.4404,REGIME_A_LE_06,69492.0,69186.0,70016.5714,306.0,524.5714,1.7143,SL_HIT,-1.0,9.9,0.99,-0.99,8.91,9.999,0.1,-0.1,9.899,6,SL_HIT,UNAMBIGUOUS
4,2024-06-12T07:00:00+00:00,2024-06-12T10:00:00+00:00,ETHUSD,SHORT,ETHUSD_271_BEARISH_252_255,3547.0,3525.25,21.75,0.6165,REGIME_B_GT_06,3530.6875,3547.0,3514.375,16.3125,16.3125,1.0,SL_HIT,-1.0,8.91,0.891,-0.891,8.019,9.899,0.099,-0.099,9.8,3,SL_HIT,UNAMBIGUOUS
5,2024-06-12T16:00:00+00:00,2024-06-12T18:00:00+00:00,BTCUSD,SHORT,BTCUSD_280_BEARISH_231_241,70198.0,69627.0,571.0,0.8199,REGIME_B_GT_06,69769.75,70198.0,69341.5,428.25,428.25,1.0,TP_HIT,1.0,8.019,0.8019,0.8019,8.8209,9.8,0.098,0.098,9.898,2,TP_HIT,UNAMBIGUOUS
6,2024-06-13T19:00:00+00:00,2024-06-14T14:00:00+00:00,SOLUSD,LONG,SOLUSD_307_BULLISH_265_268,148.295,145.645,2.65,1.7928,REGIME_B_GT_06,147.6325,145.645,149.62,1.9875,1.9875,1.0,SL_HIT,-1.0,8.8209,0.8821,-0.8821,7.9388,9.898,0.099,-0.099,9.799,19,SL_HIT,UNAMBIGUOUS
7,2024-06-15T08:00:00+00:00,2024-06-15T09:00:00+00:00,XRPUSD,SHORT,XRPUSD_344_BEARISH_325_327,0.4807,0.479,0.0017,0.3546,REGIME_A_LE_06,0.479,0.4807,0.4761,0.0017,0.0029,1.7143,TIMEOUT_EXIT,-0.1471,7.9388,0.7939,-0.1167,7.8221,9.799,0.098,-0.0144,9.7846,1,TIMEOUT_EXIT,UNAMBIGUOUS
8,2024-06-16T05:00:00+00:00,2024-06-16T10:00:00+00:00,BTCUSD,SHORT,BTCUSD_365_BEARISH_351_356,66503.5,66233.0,270.5,0.4081,REGIME_A_LE_06,66233.0,66503.5,65769.2857,270.5,463.7143,1.7143,SL_HIT,-1.0,7.8221,0.7822,-0.7822,7.0399,9.7846,0.0978,-0.0978,9.6868,5,SL_HIT,UNAMBIGUOUS
9,2024-06-17T01:00:00+00:00,2024-06-17T03:00:00+00:00,ETHUSD,LONG,ETHUSD_385_BULLISH_374_382,3613.05,3578.45,34.6,0.9579,REGIME_B_GT_06,3604.4,3578.45,3630.35,25.95,25.95,1.0,SL_HIT,-1.0,7.0399,0.704,-0.704,6.3359,9.6868,0.0969,-0.0969,9.5899,2,SL_HIT,UNAMBIGUOUS
10,2024-06-17T06:00:00+00:00,2024-06-17T07:00:00+00:00,XRPUSD,LONG,XRPUSD_390_BULLISH_386_389,0.4869,0.4849,0.002,0.4114,REGIME_A_LE_06,0.4869,0.4849,0.4903,0.002,0.0034,1.7143,SL_HIT,-1.0,6.3359,0.6336,-0.6336,5.7023,9.5899,0.0959,-0.0959,9.494,1,SL_HIT,AMBIGUOUS_RESOLVED_CONSERVATIVE
11,2024-06-17T17:00:00+00:00,2024-06-17T18:00:00+00:00,BTCUSD,SHORT,BTCUSD_401_BEARISH_382_393,66993.0,66563.5,429.5,0.6447,REGIME_B_GT_06,66670.875,66993.0,66348.75,322.125,322.125,1.0,SL_HIT,-1.0,5.7023,0.5702,-0.5702,5.1321,9.494,0.0949,-0.0949,9.3991,1,SL_HIT,UNAMBIGUOUS
12,2024-06-17T18:00:00+00:00,2024-06-17T20:00:00+00:00,BTCUSD,SHORT,BTCUSD_402_BEARISH_325_327,67392.0,66969.0,423.0,0.6304,REGIME_B_GT_06,67074.75,67392.0,66757.5,317.25,317.25,1.0,TP_HIT,1.0,5.1321,0.5132,0.5132,5.6453,9.3991,0.094,0.094,9.4931,2,TP_HIT,UNAMBIGUOUS
13,2024-06-18T00:00:00+00:00,2024-06-18T01:00:00+00:00,BTCUSD,LONG,BTCUSD_408_BULLISH_398_402,65808.0,65139.0,669.0,1.0175,REGIME_B_GT_06,65640.75,65139.0,66142.5,501.75,501.75,1.0,SL_HIT,-1.0,5.6453,0.5645,-0.5645,5.0807,9.4931,0.0949,-0.0949,9.3981,1,SL_HIT,UNAMBIGUOUS
14,2024-06-19T03:00:00+00:00,2024-06-19T04:00:00+00:00,ETHUSD,SHORT,ETHUSD_435_BEARISH_402_409,3579.6,3548.2,31.4,0.8807,REGIME_B_GT_06,3556.05,3579.6,3532.5,23.55,23.55,1.0,SL_HIT,-1.0,5.0807,0.5081,-0.5081,4.5727,9.3981,0.094,-0.094,9.3042,1,SL_HIT,UNAMBIGUOUS
15,2024-06-19T06:00:00+00:00,2024-06-19T11:00:00+00:00,BTCUSD,SHORT,BTCUSD_438_BEARISH_413_427,65851.0,65561.0,290.0,0.4421,REGIME_A_LE_06,65561.0,65851.0,65063.8571,290.0,497.1429,1.7143,TP_HIT,1.7143,4.5727,0.4573,0.7839,5.3565,9.3042,0.093,0.1595,9.4637,5,TP_HIT,UNAMBIGUOUS
16,2024-06-19T17:00:00+00:00,2024-06-20T07:00:00+00:00,XRPUSD,SHORT,XRPUSD_449_BEARISH_418_424,0.5001,0.4961,0.004,0.8043,REGIME_B_GT_06,0.4971,0.5001,0.4941,0.003,0.003,1.0,SL_HIT,-1.0,5.3565,0.5357,-0.5357,4.8209,9.4637,0.0946,-0.0946,9.369,14,SL_HIT,UNAMBIGUOUS
17,2024-06-20T14:00:00+00:00,2024-06-20T15:00:00+00:00,XRPUSD,LONG,XRPUSD_470_BULLISH_460_463,0.495,0.4921,0.0029,0.5865,REGIME_A_LE_06,0.495,0.4921,0.5,0.0029,0.005,1.7143,SL_HIT,-1.0,4.8209,0.4821,-0.4821,4.3388,9.369,0.0937,-0.0937,9.2753,1,SL_HIT,UNAMBIGUOUS
18,2024-06-20T16:00:00+00:00,2024-06-20T18:00:00+00:00,SOLUSD,LONG,SOLUSD_472_BULLISH_427_434,132.906,130.418,2.488,1.8742,REGIME_B_GT_06,132.284,130.418,134.15,1.866,1.866,1.0,TP_HIT,1.0,4.3388,0.4339,0.4339,4.7727,9.2753,0.0928,0.0928,9.3681,2,TP_HIT,UNAMBIGUOUS
19,2024-06-21T09:00:00+00:00,2024-06-21T12:00:00+00:00,ETHUSD,SHORT,ETHUSD_489_BEARISH_482_487,3537.0,3507.95,29.05,0.8265,REGIME_B_GT_06,3515.2125,3537.0,3493.425,21.7875,21.7875,1.0,TP_HIT,1.0,4.7727,0.4773,0.4773,5.25,9.3681,0.0937,0.0937,9.4618,3,TP_HIT,UNAMBIGUOUS
20,2024-06-21T22:00:00+00:00,2024-06-22T05:00:00+00:00,SOLUSD,SHORT,SOLUSD_502_BEARISH_474_487,135.785,134.25,1.535,1.1384,REGIME_B_GT_06,134.6337,135.785,133.4825,1.1513,1.1513,1.0,SL_HIT,-1.0,5.25,0.525,-0.525,4.725,9.4618,0.0946,-0.0946,9.3671,7,SL_HIT,UNAMBIGUOUS
21,2024-06-22T08:00:00+00:00,2024-06-22T23:00:00+00:00,SOLUSD,LONG,SOLUSD_512_BULLISH_504_509,134.335,133.208,1.127,0.8417,REGIME_B_GT_06,134.0532,133.208,134.8985,0.8452,0.8452,1.0,SL_HIT,-1.0,4.725,0.4725,-0.4725,4.2525,9.3671,0.0937,-0.0937,9.2735,15,SL_HIT,UNAMBIGUOUS
22,2024-06-22T23:00:00+00:00,2024-06-23T20:00:00+00:00,ETHUSD,LONG,ETHUSD_527_BULLISH_493_499,3498.3,3455.65,42.65,1.2195,REGIME_B_GT_06,3487.6375,3455.65,3519.625,31.9875,31.9875,1.0,SL_HIT,-1.0,4.2525,0.4252,-0.4252,3.8272,9.2735,0.0927,-0.0927,9.1807,21,SL_HIT,UNAMBIGUOUS
23,2024-06-26T15:00:00+00:00,2024-06-26T17:00:00+00:00,ETHUSD,LONG,ETHUSD_615_BULLISH_584_590,3365.75,3346.65,19.1,0.5682,REGIME_A_LE_06,3365.75,3346.65,3398.4929,19.1,32.7429,1.7143,SL_HIT,-1.0,3.8272,0.3827,-0.3827,3.4445,9.1807,0.0918,-0.0918,9.0889,2,SL_HIT,UNAMBIGUOUS
24,2024-06-26T17:00:00+00:00,2024-06-27T06:00:00+00:00,BTCUSD,LONG,BTCUSD_617_BULLISH_583_590,61262.5,60646.5,616.0,1.0059,REGIME_B_GT_06,61108.5,60646.5,61570.5,462.0,462.0,1.0,SL_HIT,-1.0,3.4445,0.3444,-0.3444,3.1,9.0889,0.0909,-0.0909,8.998,13,SL_HIT,UNAMBIGUOUS
25,2024-06-28T02:00:00+00:00,2024-06-28T07:00:00+00:00,ETHUSD,LONG,ETHUSD_650_BULLISH_648_649,3454.95,3436.3,18.65,0.5405,REGIME_A_LE_06,3454.95,3436.3,3486.9214,18.65,31.9714,1.7143,SL_HIT,-1.0,3.1,0.31,-0.31,2.79,8.998,0.09,-0.09,8.9081,5,SL_HIT,UNAMBIGUOUS
26,2024-06-28T07:00:00+00:00,2024-06-28T10:00:00+00:00,XRPUSD,LONG,XRPUSD_655_BULLISH_638_654,0.4768,0.4721,0.0047,0.9901,REGIME_B_GT_06,0.4756,0.4721,0.4792,0.0035,0.0035,1.0,TP_HIT,1.0,2.79,0.279,0.279,3.069,8.9081,0.0891,0.0891,8.9971,3,TP_HIT,UNAMBIGUOUS
27,2024-06-28T10:00:00+00:00,2024-06-28T14:00:00+00:00,ETHUSD,SHORT,ETHUSD_658_BEARISH_650_655,3485.0,3445.65,39.35,1.1414,REGIME_B_GT_06,3455.4875,3485.0,3425.975,29.5125,29.5125,1.0,TP_HIT,1.0,3.069,0.3069,0.3069,3.3759,8.9971,0.09,0.09,9.0871,4,TP_HIT,UNAMBIGUOUS
28,2024-06-29T08:00:00+00:00,2024-06-30T05:00:00+00:00,BTCUSD,LONG,BTCUSD_680_BULLISH_674_679,60995.5,60723.0,272.5,0.4468,REGIME_A_LE_06,60995.5,60723.0,61462.6429,272.5,467.1429,1.7143,SL_HIT,-1.0,3.3759,0.3376,-0.3376,3.0384,9.0871,0.0909,-0.0909,8.9962,21,SL_HIT,UNAMBIGUOUS
29,2024-06-30T07:00:00+00:00,2024-06-30T14:00:00+00:00,BTCUSD,SHORT,BTCUSD_703_BEARISH_660_662,61865.5,61316.0,549.5,0.8928,REGIME_B_GT_06,61453.375,61865.5,61041.25,412.125,412.125,1.0,SL_HIT,-1.0,3.0384,0.3038,-0.3038,2.7345,8.9962,0.09,-0.09,8.9063,7,SL_HIT,UNAMBIGUOUS
30,2024-07-01T11:00:00+00:00,2024-07-01T12:00:00+00:00,XRPUSD,LONG,XRPUSD_731_BULLISH_721_728,0.4798,0.4757,0.0041,0.8551,REGIME_B_GT_06,0.4788,0.4757,0.4819,0.0031,0.0031,1.0,TP_HIT,1.0,2.7345,0.2735,0.2735,3.008,8.9063,0.0891,0.0891,8.9953,1,TP_HIT,UNAMBIGUOUS
31,2024-07-02T05:00:00+00:00,2024-07-02T09:00:00+00:00,XRPUSD,SHORT,XRPUSD_749_BEARISH_735_742,0.4827,0.4786,0.0041,0.8536,REGIME_B_GT_06,0.4796,0.4827,0.4766,0.0031,0.0031,1.0,SL_HIT,-1.0,3.008,0.3008,-0.3008,2.7072,8.9953,0.09,-0.09,8.9054,4,SL_HIT,UNAMBIGUOUS
32,2024-07-02T14:00:00+00:00,2024-07-02T17:00:00+00:00,SOLUSD,LONG,SOLUSD_758_BULLISH_752_756,148.3682,146.918,1.4502,0.9784,REGIME_B_GT_06,148.0057,146.918,149.0933,1.0876,1.0876,1.0,TP_HIT,1.0,2.7072,0.2707,0.2707,2.9779,8.9054,0.0891,0.0891,8.9944,3,TP_HIT,UNAMBIGUOUS
33,2024-07-04T00:00:00+00:00,2024-07-04T01:00:00+00:00,ETHUSD,SHORT,ETHUSD_792_BEARISH_782_787,3325.4,3305.55,19.85,0.6001,REGIME_B_GT_06,3310.5125,3325.4,3295.625,14.8875,14.8875,1.0,TP_HIT,1.0,2.9779,0.2978,0.2978,3.2757,8.9944,0.0899,0.0899,9.0844,1,TP_HIT,UNAMBIGUOUS
34,2024-07-05T15:00:00+00:00,2024-07-05T16:00:00+00:00,SOLUSD,SHORT,SOLUSD_831_BEARISH_811_815,135.9,133.925,1.975,1.4646,REGIME_B_GT_06,134.4188,135.9,132.9375,1.4812,1.4812,1.0,SL_HIT,-1.0,3.2757,0.3276,-0.3276,2.9481,9.0844,0.0908,-0.0908,8.9935,1,SL_HIT,UNAMBIGUOUS
35,2024-07-06T01:00:00+00:00,2024-07-06T06:00:00+00:00,XRPUSD,LONG,XRPUSD_841_BULLISH_834_840,0.4272,0.422,0.0052,1.2201,REGIME_B_GT_06,0.4259,0.422,0.4298,0.0039,0.0039,1.0,TP_HIT,1.0,2.9481,0.2948,0.2948,3.2429,8.9935,0.0899,0.0899,9.0835,5,TP_HIT,UNAMBIGUOUS
36,2024-07-06T23:00:00+00:00,2024-07-07T04:00:00+00:00,BTCUSD,SHORT,BTCUSD_863_BEARISH_811_818,58666.5,58149.0,517.5,0.8885,REGIME_B_GT_06,58278.375,58666.5,57890.25,388.125,388.125,1.0,TP_HIT,1.0,3.2429,0.3243,0.3243,3.5672,9.0835,0.0908,0.0908,9.1743,5,TP_HIT,UNAMBIGUOUS
37,2024-07-07T07:00:00+00:00,2024-07-07T10:00:00+00:00,ETHUSD,LONG,ETHUSD_871_BULLISH_849_855,3005.95,2984.95,21.0,0.6992,REGIME_B_GT_06,3000.7,2984.95,3016.45,15.75,15.75,1.0,TP_HIT,1.0,3.5672,0.3567,0.3567,3.9239,9.1743,0.0917,0.0917,9.2661,3,TP_HIT,UNAMBIGUOUS
38,2024-07-07T13:00:00+00:00,2024-07-07T14:00:00+00:00,XRPUSD,LONG,XRPUSD_877_BULLISH_842_846,0.4284,0.4238,0.0046,1.0763,REGIME_B_GT_06,0.4273,0.4238,0.4307,0.0035,0.0035,1.0,SL_HIT,-1.0,3.9239,0.3924,-0.3924,3.5315,9.2661,0.0927,-0.0927,9.1734,1,SL_HIT,UNAMBIGUOUS
39,2024-07-07T22:00:00+00:00,2024-07-07T23:00:00+00:00,BTCUSD,LONG,BTCUSD_886_BULLISH_845_854,56486.5,56017.5,469.0,0.8318,REGIME_B_GT_06,56369.25,56017.5,56721.0,351.75,351.75,1.0,SL_HIT,-1.0,3.5315,0.3532,-0.3532,3.1784,9.1734,0.0917,-0.0917,9.0817,1,SL_HIT,UNAMBIGUOUS
40,2024-07-08T08:00:00+00:00,2024-07-08T09:00:00+00:00,BTCUSD,SHORT,BTCUSD_896_BEARISH_874_877,57914.0,57491.5,422.5,0.7313,REGIME_B_GT_06,57597.125,57914.0,57280.25,316.875,316.875,1.0,SL_HIT,-1.0,3.1784,0.3178,-0.3178,2.8605,9.0817,0.0908,-0.0908,8.9908,1,SL_HIT,UNAMBIGUOUS
41,2024-07-10T00:00:00+00:00,2024-07-10T03:00:00+00:00,BTCUSD,LONG,BTCUSD_936_BULLISH_927_934,57500.5,56901.0,599.5,1.0429,REGIME_B_GT_06,57350.625,56901.0,57800.25,449.625,449.625,1.0,TP_HIT,1.0,2.8605,0.2861,0.2861,3.1466,8.9908,0.0899,0.0899,9.0808,3,TP_HIT,UNAMBIGUOUS
42,2024-07-10T13:00:00+00:00,2024-07-10T20:00:00+00:00,BTCUSD,LONG,BTCUSD_949_BULLISH_937_940,58008.5,57347.5,661.0,1.1444,REGIME_B_GT_06,57843.25,57347.5,58339.0,495.75,495.75,1.0,SL_HIT,-1.0,3.1466,0.3147,-0.3147,2.8319,9.0808,0.0908,-0.0908,8.9899,7,SL_HIT,UNAMBIGUOUS
43,2024-07-11T03:00:00+00:00,2024-07-11T08:00:00+00:00,SOLUSD,LONG,SOLUSD_963_BULLISH_937_940,140.646,138.596,2.05,1.461,REGIME_B_GT_06,140.1335,138.596,141.671,1.5375,1.5375,1.0,TP_HIT,1.0,2.8319,0.2832,0.2832,3.1151,8.9899,0.0899,0.0899,9.0798,5,TP_HIT,UNAMBIGUOUS
44,2024-07-11T09:00:00+00:00,2024-07-11T12:00:00+00:00,ETHUSD,SHORT,ETHUSD_969_BEARISH_813_815,3168.3,3140.6,27.7,0.8811,REGIME_B_GT_06,3147.525,3168.3,3126.75,20.775,20.775,1.0,SL_HIT,-1.0,3.1151,0.3115,-0.3115,2.8036,9.0798,0.0908,-0.0908,8.989,3,SL_HIT,UNAMBIGUOUS
45,2024-07-11T14:00:00+00:00,2024-07-12T01:00:00+00:00,BTCUSD,LONG,BTCUSD_974_BULLISH_963_970,57960.0,57055.0,905.0,1.5663,REGIME_B_GT_06,57733.75,57055.0,58412.5,678.75,678.75,1.0,SL_HIT,-1.0,2.8036,0.2804,-0.2804,2.5233,8.989,0.0899,-0.0899,8.8992,11,SL_HIT,UNAMBIGUOUS
46,2024-07-14T13:00:00+00:00,2024-07-14T21:00:00+00:00,ETHUSD,LONG,ETHUSD_1045_BULLISH_1034_1040,3188.0,3163.7,24.3,0.7632,REGIME_B_GT_06,3181.925,3163.7,3200.15,18.225,18.225,1.0,TP_HIT,1.0,2.5233,0.2523,0.2523,2.7756,8.8992,0.089,0.089,8.9881,8,TP_HIT,UNAMBIGUOUS
47,2024-07-15T04:00:00+00:00,2024-07-15T10:00:00+00:00,XRPUSD,SHORT,XRPUSD_1060_BEARISH_1050_1055,0.5345,0.5292,0.0053,1.0013,REGIME_B_GT_06,0.5305,0.5345,0.5266,0.004,0.004,1.0,SL_HIT,-1.0,2.7756,0.2776,-0.2776,2.498,8.9881,0.0899,-0.0899,8.8983,6,SL_HIT,UNAMBIGUOUS
48,2024-07-15T15:00:00+00:00,2024-07-15T16:00:00+00:00,XRPUSD,LONG,XRPUSD_1071_BULLISH_1055_1066,0.526,0.5198,0.0062,1.1837,REGIME_B_GT_06,0.5245,0.5198,0.5291,0.0047,0.0047,1.0,TP_HIT,1.0,2.498,0.2498,0.2498,2.7478,8.8983,0.089,0.089,8.9872,1,TP_HIT,UNAMBIGUOUS
49,2024-07-17T09:00:00+00:00,2024-07-17T11:00:00+00:00,ETHUSD,SHORT,ETHUSD_1113_BEARISH_722_776,3522.3,3490.0,32.3,0.9248,REGIME_B_GT_06,3498.075,3522.3,3473.85,24.225,24.225,1.0,TP_HIT,1.0,2.7478,0.2748,0.2748,3.0226,8.9872,0.0899,0.0899,9.0771,2,TP_HIT,UNAMBIGUOUS
50,2024-07-17T15:00:00+00:00,2024-07-17T16:00:00+00:00,ETHUSD,LONG,ETHUSD_1119_BULLISH_1102_1108,3439.7,3414.85,24.85,0.7227,REGIME_B_GT_06,3433.4875,3414.85,3452.125,18.6375,18.6375,1.0,SL_HIT,-1.0,3.0226,0.3023,-0.3023,2.7204,9.0771,0.0908,-0.0908,8.9864,1,SL_HIT,UNAMBIGUOUS
51,2024-07-18T01:00:00+00:00,2024-07-18T02:00:00+00:00,ETHUSD,SHORT,ETHUSD_1129_BEARISH_1124_1127,3428.9,3413.15,15.75,0.4601,REGIME_A_LE_06,3413.15,3428.9,3386.15,15.75,27.0,1.7143,SL_HIT,-1.0,2.7204,0.272,-0.272,2.4483,8.9864,0.0899,-0.0899,8.8965,1,SL_HIT,UNAMBIGUOUS
52,2024-07-18T07:00:00+00:00,2024-07-18T08:00:00+00:00,XRPUSD,LONG,XRPUSD_1135_BULLISH_1103_1108,0.5793,0.5737,0.0056,0.9669,REGIME_B_GT_06,0.5779,0.5737,0.5821,0.0042,0.0042,1.0,SL_HIT,-1.0,2.4483,0.2448,-0.2448,2.2035,8.8965,0.089,-0.089,8.8075,1,SL_HIT,UNAMBIGUOUS
53,2024-07-19T03:00:00+00:00,2024-07-19T06:00:00+00:00,SOLUSD,SHORT,SOLUSD_1155_BEARISH_1113_1119,163.603,161.626,1.977,1.2229,REGIME_B_GT_06,162.1202,163.603,160.6375,1.4828,1.4828,1.0,SL_HIT,-1.0,2.2035,0.2203,-0.2203,1.9831,8.8075,0.0881,-0.0881,8.7194,3,SL_HIT,UNAMBIGUOUS
54,2024-07-19T07:00:00+00:00,2024-07-19T08:00:00+00:00,ETHUSD,LONG,ETHUSD_1159_BULLISH_1153_1158,3415.4,3384.25,31.15,0.9183,REGIME_B_GT_06,3407.6125,3384.25,3430.975,23.3625,23.3625,1.0,SL_HIT,-1.0,1.9831,0.1983,-0.1983,1.7848,8.7194,0.0872,-0.0872,8.6323,1,SL_HIT,UNAMBIGUOUS
55,2024-07-19T16:00:00+00:00,2024-07-19T17:00:00+00:00,XRPUSD,SHORT,XRPUSD_1168_BEARISH_1139_1143,0.5838,0.575,0.0088,1.5209,REGIME_B_GT_06,0.5772,0.5838,0.5706,0.0066,0.0066,1.0,SL_HIT,-1.0,1.7848,0.1785,-0.1785,1.6063,8.6323,0.0863,-0.0863,8.5459,1,SL_HIT,UNAMBIGUOUS
56,2024-07-20T00:00:00+00:00,2024-07-20T17:00:00+00:00,SOLUSD,SHORT,SOLUSD_1176_BEARISH_156_160,172.754,169.3945,3.3595,1.9832,REGIME_B_GT_06,170.2344,172.754,167.7148,2.5196,2.5196,1.0,SL_HIT,-1.0,1.6063,0.1606,-0.1606,1.4457,8.5459,0.0855,-0.0855,8.4605,17,SL_HIT,UNAMBIGUOUS
57,2024-07-20T17:00:00+00:00,2024-07-20T19:00:00+00:00,SOLUSD,SHORT,SOLUSD_1193_BEARISH_112_162,175.634,173.962,1.672,0.9605,REGIME_B_GT_06,174.38,175.634,173.126,1.254,1.254,1.0,TP_HIT,1.0,1.4457,0.1446,0.1446,1.5903,8.4605,0.0846,0.0846,8.5451,2,TP_HIT,UNAMBIGUOUS
58,2024-07-20T23:00:00+00:00,2024-07-21T06:00:00+00:00,ETHUSD,SHORT,ETHUSD_1199_BEARISH_500_548,3548.0,3518.15,29.85,0.8484,REGIME_B_GT_06,3525.6125,3548.0,3503.225,22.3875,22.3875,1.0,TP_HIT,1.0,1.5903,0.159,0.159,1.7493,8.5451,0.0855,0.0855,8.6305,7,TP_HIT,UNAMBIGUOUS
59,2024-07-21T06:00:00+00:00,2024-07-21T07:00:00+00:00,ETHUSD,LONG,ETHUSD_1206_BULLISH_1186_1193,3490.3,3480.55,9.75,0.2796,REGIME_A_LE_06,3490.3,3480.55,3507.0143,9.75,16.7143,1.7143,SL_HIT,-1.0,1.7493,0.1749,-0.1749,1.5744,8.6305,0.0863,-0.0863,8.5442,1,SL_HIT,UNAMBIGUOUS
60,2024-07-21T14:00:00+00:00,2024-07-21T15:00:00+00:00,BTCUSD,SHORT,BTCUSD_1214_BEARISH_1201_1206,67425.5,67026.5,399.0,0.5931,REGIME_A_LE_06,67026.5,67425.5,66342.5,399.0,684.0,1.7143,SL_HIT,-1.0,1.5744,0.1574,-0.1574,1.4169,8.5442,0.0854,-0.0854,8.4588,1,SL_HIT,UNAMBIGUOUS
61,2024-07-21T17:00:00+00:00,2024-07-21T18:00:00+00:00,BTCUSD,LONG,BTCUSD_1217_BULLISH_1189_1191,66649.5,66268.0,381.5,0.5724,REGIME_A_LE_06,66649.5,66268.0,67303.5,381.5,654.0,1.7143,SL_HIT,-1.0,1.4169,0.1417,-0.1417,1.2752,8.4588,0.0846,-0.0846,8.3742,1,SL_HIT,AMBIGUOUS_RESOLVED_CONSERVATIVE
62,2024-07-21T19:00:00+00:00,2024-07-21T20:00:00+00:00,ETHUSD,SHORT,ETHUSD_1219_BEARISH_1216_1217,3520.7,3487.0,33.7,0.9654,REGIME_B_GT_06,3495.425,3520.7,3470.15,25.275,25.275,1.0,SL_HIT,-1.0,1.2752,0.1275,-0.1275,1.1477,8.3742,0.0837,-0.0837,8.2904,1,SL_HIT,UNAMBIGUOUS
63,2024-07-22T02:00:00+00:00,2024-07-22T11:00:00+00:00,XRPUSD,SHORT,XRPUSD_1226_BEARISH_1205_1208,0.6082,0.5958,0.0124,2.0743,REGIME_B_GT_06,0.5989,0.6082,0.5896,0.0093,0.0093,1.0,SL_HIT,-1.0,1.1477,0.1148,-0.1148,1.0329,8.2904,0.0829,-0.0829,8.2075,9,SL_HIT,UNAMBIGUOUS
64,2024-07-22T19:00:00+00:00,2024-07-22T21:00:00+00:00,ETHUSD,SHORT,ETHUSD_1243_BEARISH_1236_1238,3507.65,3492.0,15.65,0.4475,REGIME_A_LE_06,3492.0,3507.65,3465.1714,15.65,26.8286,1.7143,TP_HIT,1.7143,1.0329,0.1033,0.1771,1.21,8.2075,0.0821,0.1407,8.3482,2,TP_HIT,UNAMBIGUOUS
65,2024-07-23T13:00:00+00:00,2024-07-23T14:00:00+00:00,ETHUSD,LONG,ETHUSD_1261_BULLISH_1253_1256,3460.0,3425.15,34.85,1.0131,REGIME_B_GT_06,3451.2875,3425.15,3477.425,26.1375,26.1375,1.0,TP_HIT,1.0,1.21,0.121,0.121,1.331,8.3482,0.0835,0.0835,8.4317,1,TP_HIT,UNAMBIGUOUS
66,2024-07-23T16:00:00+00:00,2024-07-23T19:00:00+00:00,ETHUSD,LONG,ETHUSD_1264_BULLISH_1144_1171,3420.75,3367.25,53.5,1.5719,REGIME_B_GT_06,3407.375,3367.25,3447.5,40.125,40.125,1.0,TP_HIT,1.0,1.331,0.1331,0.1331,1.4641,8.4317,0.0843,0.0843,8.516,3,TP_HIT,UNAMBIGUOUS
67,2024-07-24T11:00:00+00:00,2024-07-24T13:00:00+00:00,SOLUSD,SHORT,SOLUSD_1283_BEARISH_1258_1264,178.706,177.265,1.441,0.8098,REGIME_B_GT_06,177.6252,178.706,176.5445,1.0807,1.0807,1.0,SL_HIT,-1.0,1.4641,0.1464,-0.1464,1.3177,8.516,0.0852,-0.0852,8.4309,2,SL_HIT,UNAMBIGUOUS
68,2024-07-24T18:00:00+00:00,2024-07-24T21:00:00+00:00,BTCUSD,LONG,BTCUSD_1290_BULLISH_1274_1280,65939.0,65486.0,453.0,0.6888,REGIME_B_GT_06,65825.75,65486.0,66165.5,339.75,339.75,1.0,SL_HIT,-1.0,1.3177,0.1318,-0.1318,1.1859,8.4309,0.0843,-0.0843,8.3466,3,SL_HIT,UNAMBIGUOUS
69,2024-07-26T18:00:00+00:00,2024-07-27T07:00:00+00:00,BTCUSD,SHORT,BTCUSD_1338_BEARISH_1243_1253,68250.0,67368.5,881.5,1.3046,REGIME_B_GT_06,67588.875,68250.0,66927.75,661.125,661.125,1.0,SL_HIT,-1.0,1.1859,0.1186,-0.1186,1.0674,8.3466,0.0835,-0.0835,8.2631,13,SL_HIT,UNAMBIGUOUS
70,2024-07-27T10:00:00+00:00,2024-07-27T13:00:00+00:00,BTCUSD,LONG,BTCUSD_1354_BULLISH_1341_1353,68223.5,67427.0,796.5,1.1687,REGIME_B_GT_06,68024.375,67427.0,68621.75,597.375,597.375,1.0,TP_HIT,1.0,1.0674,0.1067,0.1067,1.1741,8.2631,0.0826,0.0826,8.3457,3,TP_HIT,UNAMBIGUOUS
71,2024-07-27T15:00:00+00:00,2024-07-27T20:00:00+00:00,SOLUSD,LONG,SOLUSD_1359_BULLISH_1334_1350,183.09,179.166,3.924,2.1501,REGIME_B_GT_06,182.109,179.166,185.052,2.943,2.943,1.0,SL_HIT,-1.0,1.1741,0.1174,-0.1174,1.0567,8.3457,0.0835,-0.0835,8.2623,5,SL_HIT,UNAMBIGUOUS
72,2024-07-28T05:00:00+00:00,2024-07-28T08:00:00+00:00,XRPUSD,SHORT,XRPUSD_1373_BEARISH_1357_1362,0.6094,0.6017,0.0077,1.2757,REGIME_B_GT_06,0.6036,0.6094,0.5979,0.0058,0.0058,1.0,SL_HIT,-1.0,1.0567,0.1057,-0.1057,0.951,8.2623,0.0826,-0.0826,8.1797,3,SL_HIT,UNAMBIGUOUS
73,2024-07-29T10:00:00+00:00,2024-07-29T13:00:00+00:00,BTCUSD,SHORT,BTCUSD_1402_BEARISH_279_328,70024.0,69573.0,451.0,0.6478,REGIME_B_GT_06,69685.75,70024.0,69347.5,338.25,338.25,1.0,SL_HIT,-1.0,0.951,0.0951,-0.0951,0.8559,8.1797,0.0818,-0.0818,8.0979,3,SL_HIT,UNAMBIGUOUS
74,2024-07-29T21:00:00+00:00,2024-07-29T23:00:00+00:00,SOLUSD,LONG,SOLUSD_1413_BULLISH_1390_1392,184.245,182.603,1.642,0.8934,REGIME_B_GT_06,183.8345,182.603,185.066,1.2315,1.2315,1.0,SL_HIT,-1.0,0.8559,0.0856,-0.0856,0.7703,8.0979,0.081,-0.081,8.0169,2,SL_HIT,UNAMBIGUOUS
75,2024-07-30T13:00:00+00:00,2024-07-30T14:00:00+00:00,BTCUSD,LONG,BTCUSD_1429_BULLISH_1418_1423,66469.0,65940.5,528.5,0.7961,REGIME_B_GT_06,66336.875,65940.5,66733.25,396.375,396.375,1.0,SL_HIT,-1.0,0.7703,0.077,-0.077,0.6933,8.0169,0.0802,-0.0802,7.9367,1,SL_HIT,UNAMBIGUOUS
76,2024-07-30T14:00:00+00:00,2024-07-30T18:00:00+00:00,ETHUSD,LONG,ETHUSD_1430_BULLISH_1418_1423,3315.15,3284.7,30.45,0.9223,REGIME_B_GT_06,3307.5375,3284.7,3330.375,22.8375,22.8375,1.0,SL_HIT,-1.0,0.6933,0.0693,-0.0693,0.624,7.9367,0.0794,-0.0794,7.8573,4,SL_HIT,UNAMBIGUOUS
77,2024-07-31T01:00:00+00:00,2024-07-31T19:00:00+00:00,SOLUSD,SHORT,SOLUSD_1441_BEARISH_1421_1433,184.844,181.454,3.39,1.8679,REGIME_B_GT_06,182.3015,184.844,179.759,2.5425,2.5425,1.0,TP_HIT,1.0,0.624,0.0624,0.0624,0.6864,7.8573,0.0786,0.0786,7.9359,18,TP_HIT,UNAMBIGUOUS
78,2024-07-31T20:00:00+00:00,2024-08-01T02:00:00+00:00,XRPUSD,LONG,XRPUSD_1460_BULLISH_1436_1441,0.6291,0.6193,0.0098,1.57,REGIME_B_GT_06,0.6266,0.6193,0.634,0.0073,0.0073,1.0,SL_HIT,-1.0,0.6864,0.0686,-0.0686,0.6177,7.9359,0.0794,-0.0794,7.8566,6,SL_HIT,UNAMBIGUOUS
79,2024-08-01T13:00:00+00:00,2024-08-01T14:00:00+00:00,XRPUSD,LONG,XRPUSD_1477_BULLISH_1474_1476,0.61,0.6017,0.0083,1.3667,REGIME_B_GT_06,0.6079,0.6017,0.6142,0.0062,0.0062,1.0,SL_HIT,-1.0,0.6177,0.0618,-0.0618,0.5559,7.8566,0.0786,-0.0786,7.778,1,SL_HIT,UNAMBIGUOUS
80,2024-08-01T14:00:00+00:00,2024-08-01T15:00:00+00:00,XRPUSD,LONG,XRPUSD_1478_BULLISH_1368_1373,0.596,0.5913,0.0047,0.7911,REGIME_B_GT_06,0.5948,0.5913,0.5983,0.0035,0.0035,1.0,SL_HIT,-1.0,0.5559,0.0556,-0.0556,0.5004,7.778,0.0778,-0.0778,7.7002,1,SL_HIT,UNAMBIGUOUS
81,2024-08-01T15:00:00+00:00,2024-08-01T16:00:00+00:00,XRPUSD,LONG,XRPUSD_1479_BULLISH_1265_1281,0.5902,0.5805,0.0097,1.6547,REGIME_B_GT_06,0.5878,0.5805,0.595,0.0073,0.0073,1.0,SL_HIT,-1.0,0.5004,0.05,-0.05,0.4503,7.7002,0.077,-0.077,7.6232,1,SL_HIT,UNAMBIGUOUS
82,2024-08-01T20:00:00+00:00,2024-08-01T21:00:00+00:00,BTCUSD,SHORT,BTCUSD_1484_BEARISH_1477_1479,64953.5,64462.5,491.0,0.7581,REGIME_B_GT_06,64585.25,64953.5,64217.0,368.25,368.25,1.0,SL_HIT,-1.0,0.4503,0.045,-0.045,0.4053,7.6232,0.0762,-0.0762,7.547,1,SL_HIT,UNAMBIGUOUS
83,2024-08-03T15:00:00+00:00,2024-08-03T19:00:00+00:00,XRPUSD,LONG,XRPUSD_1527_BULLISH_1513_1517,0.5583,0.5435,0.0148,2.6566,REGIME_B_GT_06,0.5546,0.5435,0.5657,0.0111,0.0111,1.0,SL_HIT,-1.0,0.4053,0.0405,-0.0405,0.3648,7.547,0.0755,-0.0755,7.4715,4,SL_HIT,UNAMBIGUOUS
84,2024-08-06T05:00:00+00:00,2024-08-06T06:00:00+00:00,SOLUSD,SHORT,SOLUSD_1589_BEARISH_1556_1561,143.809,141.273,2.536,1.7728,REGIME_B_GT_06,141.907,143.809,140.005,1.902,1.902,1.0,SL_HIT,-1.0,0.3648,0.0365,-0.0365,0.3283,7.4715,0.0747,-0.0747,7.3968,1,SL_HIT,UNAMBIGUOUS
85,2024-08-07T11:00:00+00:00,2024-08-07T14:00:00+00:00,BTCUSD,LONG,BTCUSD_1619_BULLISH_1610_1616,57273.5,56480.5,793.0,1.3922,REGIME_B_GT_06,57075.25,56480.5,57670.0,594.75,594.75,1.0,SL_HIT,-1.0,0.3283,0.0328,-0.0328,0.2955,7.3968,0.074,-0.074,7.3228,3,SL_HIT,UNAMBIGUOUS
86,2024-08-07T14:00:00+00:00,2024-08-07T17:00:00+00:00,BTCUSD,LONG,BTCUSD_1622_BULLISH_1608_1612,56365.0,55553.0,812.0,1.4478,REGIME_B_GT_06,56162.0,55553.0,56771.0,609.0,609.0,1.0,SL_HIT,-1.0,0.2955,0.0295,-0.0295,0.2659,7.3228,0.0732,-0.0732,7.2496,3,SL_HIT,UNAMBIGUOUS
87,2024-08-07T18:00:00+00:00,2024-08-08T01:00:00+00:00,BTCUSD,LONG,BTCUSD_1626_BULLISH_1597_1599,55409.5,54399.5,1010.0,1.8429,REGIME_B_GT_06,55157.0,54399.5,55914.5,757.5,757.5,1.0,TP_HIT,1.0,0.2659,0.0266,0.0266,0.2925,7.2496,0.0725,0.0725,7.3221,7,TP_HIT,UNAMBIGUOUS
88,2024-08-08T20:00:00+00:00,2024-08-09T05:00:00+00:00,XRPUSD,LONG,XRPUSD_1652_BULLISH_1645_1650,0.6168,0.6001,0.0167,2.727,REGIME_B_GT_06,0.6126,0.6001,0.6251,0.0125,0.0125,1.0,SL_HIT,-1.0,0.2925,0.0292,-0.0292,0.2632,7.3221,0.0732,-0.0732,7.2489,9,SL_HIT,UNAMBIGUOUS
89,2024-08-09T14:00:00+00:00,2024-08-09T15:00:00+00:00,SOLUSD,LONG,SOLUSD_1670_BULLISH_1636_1646,154.347,151.597,2.75,1.7895,REGIME_B_GT_06,153.6595,151.597,155.722,2.0625,2.0625,1.0,SL_HIT,-1.0,0.2632,0.0263,-0.0263,0.2369,7.2489,0.0725,-0.0725,7.1764,1,SL_HIT,UNAMBIGUOUS
90,2024-08-10T18:00:00+00:00,2024-08-10T23:00:00+00:00,XRPUSD,LONG,XRPUSD_1698_BULLISH_1683_1692,0.5941,0.5824,0.0117,1.9707,REGIME_B_GT_06,0.5912,0.5824,0.5999,0.0088,0.0088,1.0,SL_HIT,-1.0,0.2369,0.0237,-0.0237,0.2132,7.1764,0.0718,-0.0718,7.1046,5,SL_HIT,UNAMBIGUOUS
91,2024-08-11T04:00:00+00:00,2024-08-11T08:00:00+00:00,SOLUSD,LONG,SOLUSD_1708_BULLISH_1699_1707,155.265,153.577,1.688,1.0897,REGIME_B_GT_06,154.843,153.577,156.109,1.266,1.266,1.0,TP_HIT,1.0,0.2132,0.0213,0.0213,0.2346,7.1046,0.071,0.071,7.1757,4,TP_HIT,UNAMBIGUOUS
92,2024-08-11T08:00:00+00:00,2024-08-11T09:00:00+00:00,ETHUSD,SHORT,ETHUSD_1712_BEARISH_1660_1666,2707.45,2659.25,48.2,1.7948,REGIME_B_GT_06,2671.3,2707.45,2635.15,36.15,36.15,1.0,SL_HIT,-1.0,0.2346,0.0235,-0.0235,0.2111,7.1757,0.0718,-0.0718,7.1039,1,SL_HIT,UNAMBIGUOUS
93,2024-08-11T09:00:00+00:00,2024-08-11T11:00:00+00:00,BTCUSD,LONG,BTCUSD_1713_BULLISH_1698_1712,61199.0,60722.0,477.0,0.7806,REGIME_B_GT_06,61079.75,60722.0,61437.5,357.75,357.75,1.0,SL_HIT,-1.0,0.2111,0.0211,-0.0211,0.19,7.1039,0.071,-0.071,7.0329,2,SL_HIT,UNAMBIGUOUS
94,2024-08-13T03:00:00+00:00,2024-08-13T09:00:00+00:00,ETHUSD,LONG,ETHUSD_1755_BULLISH_1746_1753,2675.9,2628.1,47.8,1.7995,REGIME_B_GT_06,2663.95,2628.1,2699.8,35.85,35.85,1.0,SL_HIT,-1.0,0.19,0.019,-0.019,0.171,7.0329,0.0703,-0.0703,6.9625,6,SL_HIT,UNAMBIGUOUS
95,2024-08-13T19:00:00+00:00,2024-08-14T14:00:00+00:00,XRPUSD,LONG,XRPUSD_1771_BULLISH_1762_1768,0.5792,0.5654,0.0138,2.3863,REGIME_B_GT_06,0.5757,0.5654,0.5861,0.0103,0.0103,1.0,SL_HIT,-1.0,0.171,0.0171,-0.0171,0.1539,6.9625,0.0696,-0.0696,6.8929,19,SL_HIT,UNAMBIGUOUS
96,2024-08-15T05:00:00+00:00,2024-08-15T06:00:00+00:00,XRPUSD,LONG,XRPUSD_1805_BULLISH_1756_1759,0.5669,0.5625,0.0044,0.7775,REGIME_B_GT_06,0.5658,0.5625,0.5691,0.0033,0.0033,1.0,SL_HIT,-1.0,0.1539,0.0154,-0.0154,0.1385,6.8929,0.0689,-0.0689,6.824,1,SL_HIT,UNAMBIGUOUS
97,2024-08-15T11:00:00+00:00,2024-08-15T18:00:00+00:00,XRPUSD,SHORT,XRPUSD_1811_BEARISH_1802_1806,0.5745,0.5675,0.007,1.2283,REGIME_B_GT_06,0.5693,0.5745,0.564,0.0052,0.0052,1.0,TP_HIT,1.0,0.1385,0.0139,0.0139,0.1524,6.824,0.0682,0.0682,6.8922,7,TP_HIT,UNAMBIGUOUS
98,2024-08-15T18:00:00+00:00,2024-08-18T10:00:00+00:00,SOLUSD,LONG,SOLUSD_1818_BULLISH_1597_1598,140.6,136.212,4.388,3.1617,REGIME_B_GT_06,139.503,136.212,142.794,3.291,3.291,1.0,TP_HIT,1.0,0.1524,0.0152,0.0152,0.1676,6.8922,0.0689,0.0689,6.9612,64,TP_HIT,UNAMBIGUOUS
99,2024-08-18T21:00:00+00:00,2024-08-18T23:00:00+00:00,SOLUSD,LONG,SOLUSD_1893_BULLISH_1890_1892,145.637,144.38,1.257,0.8667,REGIME_B_GT_06,145.3227,144.38,146.2655,0.9427,0.9427,1.0,SL_HIT,-1.0,0.1676,0.0168,-0.0168,0.1508,6.9612,0.0696,-0.0696,6.8915,2,SL_HIT,UNAMBIGUOUS
100,2024-08-19T09:00:00+00:00,2024-08-19T10:00:00+00:00,SOLUSD,LONG,SOLUSD_1905_BULLISH_1876_1882,141.658,140.647,1.011,0.7162,REGIME_B_GT_06,141.4052,140.647,142.1635,0.7583,0.7583,1.0,SL_HIT,-1.0,0.1508,0.0151,-0.0151,0.1357,6.8915,0.0689,-0.0689,6.8226,1,SL_HIT,UNAMBIGUOUS
101,2024-08-19T11:00:00+00:00,2024-08-19T13:00:00+00:00,SOLUSD,SHORT,SOLUSD_1907_BEARISH_1902_1905,143.589,142.138,1.451,1.0193,REGIME_B_GT_06,142.5008,143.589,141.4125,1.0882,1.0882,1.0,SL_HIT,-1.0,0.1357,0.0136,-0.0136,0.1222,6.8226,0.0682,-0.0682,6.7544,2,SL_HIT,UNAMBIGUOUS
102,2024-08-20T09:00:00+00:00,2024-08-20T14:00:00+00:00,BTCUSD,SHORT,BTCUSD_1929_BEARISH_1788_1789,61724.0,60830.5,893.5,1.4684,REGIME_B_GT_06,61053.875,61724.0,60383.75,670.125,670.125,1.0,TP_HIT,1.0,0.1222,0.0122,0.0122,0.1344,6.7544,0.0675,0.0675,6.8219,5,TP_HIT,UNAMBIGUOUS
103,2024-08-21T11:00:00+00:00,2024-08-21T13:00:00+00:00,SOLUSD,LONG,SOLUSD_1955_BULLISH_1906_1910,141.667,140.425,1.242,0.8781,REGIME_B_GT_06,141.3565,140.425,142.288,0.9315,0.9315,1.0,SL_HIT,-1.0,0.1344,0.0134,-0.0134,0.1209,6.8219,0.0682,-0.0682,6.7537,2,SL_HIT,UNAMBIGUOUS
104,2024-08-21T18:00:00+00:00,2024-08-21T20:00:00+00:00,SOLUSD,SHORT,SOLUSD_1962_BEARISH_1951_1953,143.813,142.656,1.157,0.8098,REGIME_B_GT_06,142.9452,143.813,142.0775,0.8678,0.8678,1.0,SL_HIT,-1.0,0.1209,0.0121,-0.0121,0.1089,6.7537,0.0675,-0.0675,6.6862,2,SL_HIT,UNAMBIGUOUS
105,2024-08-22T02:00:00+00:00,2024-08-23T21:00:00+00:00,XRPUSD,LONG,XRPUSD_1970_BULLISH_1957_1962,0.5963,0.5854,0.0109,1.8307,REGIME_B_GT_06,0.5936,0.5854,0.6018,0.0082,0.0082,1.0,TP_HIT,1.0,0.1089,0.0109,0.0109,0.1197,6.6862,0.0669,0.0669,6.7531,43,TP_HIT,UNAMBIGUOUS
106,2024-08-24T23:00:00+00:00,2024-08-25T00:00:00+00:00,BTCUSD,SHORT,BTCUSD_2039_BEARISH_2034_2037,64440.0,63928.5,511.5,0.7974,REGIME_B_GT_06,64056.375,64440.0,63672.75,383.625,383.625,1.0,SL_HIT,-1.0,0.1197,0.012,-0.012,0.1078,6.7531,0.0675,-0.0675,6.6855,1,SL_HIT,UNAMBIGUOUS
107,2024-08-25T01:00:00+00:00,2024-08-25T02:00:00+00:00,XRPUSD,LONG,XRPUSD_2041_BULLISH_2017_2029,0.6088,0.6048,0.004,0.6584,REGIME_B_GT_06,0.6078,0.6048,0.6108,0.003,0.003,1.0,TIMEOUT_EXIT,0.9,0.1078,0.0108,0.0097,0.1175,6.6855,0.0669,0.0602,6.7457,1,TIMEOUT_EXIT,UNAMBIGUOUS
108,2024-08-25T14:00:00+00:00,2024-08-25T21:00:00+00:00,SOLUSD,SHORT,SOLUSD_2054_BEARISH_2039_2047,160.724,159.084,1.64,1.0303,REGIME_B_GT_06,159.494,160.724,158.264,1.23,1.23,1.0,SL_HIT,-1.0,0.1175,0.0117,-0.0117,0.1057,6.7457,0.0675,-0.0675,6.6782,7,SL_HIT,UNAMBIGUOUS
109,2024-08-26T12:00:00+00:00,2024-08-26T14:00:00+00:00,SOLUSD,LONG,SOLUSD_2076_BULLISH_2071_2074,159.532,158.463,1.069,0.6704,REGIME_B_GT_06,159.2647,158.463,160.0665,0.8017,0.8017,1.0,SL_HIT,-1.0,0.1057,0.0106,-0.0106,0.0951,6.6782,0.0668,-0.0668,6.6115,2,SL_HIT,UNAMBIGUOUS
110,2024-08-26T14:00:00+00:00,2024-08-27T10:00:00+00:00,SOLUSD,LONG,SOLUSD_2078_BULLISH_2047_2061,157.7931,155.373,2.4201,1.5377,REGIME_B_GT_06,157.1881,155.373,159.0032,1.8151,1.8151,1.0,SL_HIT,-1.0,0.0951,0.0095,-0.0095,0.0856,6.6115,0.0661,-0.0661,6.5453,20,SL_HIT,UNAMBIGUOUS
111,2024-08-27T20:00:00+00:00,2024-08-27T21:00:00+00:00,ETHUSD,LONG,ETHUSD_2108_BULLISH_1935_2009,2585.1,2554.45,30.65,1.1878,REGIME_B_GT_06,2577.4375,2554.45,2600.425,22.9875,22.9875,1.0,SL_HIT,-1.0,0.0856,0.0086,-0.0086,0.0771,6.5453,0.0655,-0.0655,6.4799,1,SL_HIT,UNAMBIGUOUS
112,2024-08-28T09:00:00+00:00,2024-08-28T14:00:00+00:00,SOLUSD,SHORT,SOLUSD_2121_BEARISH_2117_2119,149.331,147.248,2.083,1.4073,REGIME_B_GT_06,147.7687,149.331,146.2065,1.5623,1.5623,1.0,TP_HIT,1.0,0.0771,0.0077,0.0077,0.0848,6.4799,0.0648,0.0648,6.5447,5,TP_HIT,UNAMBIGUOUS
113,2024-08-29T18:00:00+00:00,2024-08-30T14:00:00+00:00,BTCUSD,LONG,BTCUSD_2154_BULLISH_2132_2147,59604.0,58629.0,975.0,1.6482,REGIME_B_GT_06,59360.25,58629.0,60091.5,731.25,731.25,1.0,SL_HIT,-1.0,0.0848,0.0085,-0.0085,0.0763,6.5447,0.0654,-0.0654,6.4792,20,SL_HIT,UNAMBIGUOUS
114,2024-08-30T18:00:00+00:00,2024-08-30T19:00:00+00:00,BTCUSD,SHORT,BTCUSD_2178_BEARISH_2172_2174,59939.5,59364.0,575.5,0.9694,REGIME_B_GT_06,59507.875,59939.5,59076.25,431.625,431.625,1.0,TP_HIT,1.0,0.0763,0.0076,0.0076,0.0839,6.4792,0.0648,0.0648,6.544,1,TP_HIT,UNAMBIGUOUS
115,2024-08-30T21:00:00+00:00,2024-08-31T00:00:00+00:00,XRPUSD,SHORT,XRPUSD_2181_BEARISH_2172_2174,0.5677,0.5636,0.0041,0.7255,REGIME_B_GT_06,0.5646,0.5677,0.5615,0.0031,0.0031,1.0,SL_HIT,-1.0,0.0839,0.0084,-0.0084,0.0755,6.544,0.0654,-0.0654,6.4786,3,SL_HIT,UNAMBIGUOUS
116,2024-08-31T04:00:00+00:00,2024-08-31T08:00:00+00:00,SOLUSD,SHORT,SOLUSD_2188_BEARISH_2172_2174,140.787,138.566,2.221,1.6009,REGIME_B_GT_06,139.1213,140.787,137.4555,1.6658,1.6658,1.0,TP_HIT,1.0,0.0755,0.0076,0.0076,0.0831,6.4786,0.0648,0.0648,6.5434,4,TP_HIT,UNAMBIGUOUS
117,2024-09-01T15:00:00+00:00,2024-09-01T17:00:00+00:00,ETHUSD,SHORT,ETHUSD_2223_BEARISH_2217_2222,2493.25,2477.55,15.7,0.633,REGIME_B_GT_06,2481.475,2493.25,2469.7,11.775,11.775,1.0,TP_HIT,1.0,0.0831,0.0083,0.0083,0.0914,6.5434,0.0654,0.0654,6.6088,2,TP_HIT,UNAMBIGUOUS
118,2024-09-02T03:00:00+00:00,2024-09-02T20:00:00+00:00,SOLUSD,LONG,SOLUSD_2235_BULLISH_1579_1584,130.426,126.855,3.571,2.7483,REGIME_B_GT_06,129.5332,126.855,132.2115,2.6782,2.6782,1.0,TP_HIT,1.0,0.0914,0.0091,0.0091,0.1005,6.6088,0.0661,0.0661,6.6749,17,TP_HIT,UNAMBIGUOUS
119,2024-09-02T20:00:00+00:00,2024-09-03T02:00:00+00:00,SOLUSD,SHORT,SOLUSD_2252_BEARISH_2228_2230,136.157,134.573,1.584,1.176,REGIME_B_GT_06,134.969,136.157,133.781,1.188,1.188,1.0,SL_HIT,-1.0,0.1005,0.0101,-0.0101,0.0905,6.6749,0.0667,-0.0667,6.6081,6,SL_HIT,UNAMBIGUOUS
120,2024-09-03T03:00:00+00:00,2024-09-03T13:00:00+00:00,ETHUSD,LONG,ETHUSD_2259_BULLISH_2246_2252,2527.9,2492.55,35.35,1.4048,REGIME_B_GT_06,2519.0625,2492.55,2545.575,26.5125,26.5125,1.0,SL_HIT,-1.0,0.0905,0.009,-0.009,0.0814,6.6081,0.0661,-0.0661,6.5421,10,SL_HIT,UNAMBIGUOUS
121,2024-09-03T22:00:00+00:00,2024-09-03T23:00:00+00:00,ETHUSD,LONG,ETHUSD_2278_BULLISH_2232_2240,2455.1,2424.1,31.0,1.2633,REGIME_B_GT_06,2447.35,2424.1,2470.6,23.25,23.25,1.0,SL_HIT,-1.0,0.0814,0.0081,-0.0081,0.0733,6.5421,0.0654,-0.0654,6.4766,1,SL_HIT,UNAMBIGUOUS
122,2024-09-05T04:00:00+00:00,2024-09-05T06:00:00+00:00,SOLUSD,SHORT,SOLUSD_2308_BEARISH_2302_2307,134.674,133.482,1.192,0.8929,REGIME_B_GT_06,133.78,134.674,132.886,0.894,0.894,1.0,TP_HIT,1.0,0.0733,0.0073,0.0073,0.0806,6.4766,0.0648,0.0648,6.5414,2,TP_HIT,UNAMBIGUOUS
123,2024-09-05T17:00:00+00:00,2024-09-06T07:00:00+00:00,BTCUSD,SHORT,BTCUSD_2321_BEARISH_2318_2319,57325.0,56472.5,852.5,1.5062,REGIME_B_GT_06,56685.625,57325.0,56046.25,639.375,639.375,1.0,TP_HIT,1.0,0.0806,0.0081,0.0081,0.0887,6.5414,0.0654,0.0654,6.6068,14,TP_HIT,UNAMBIGUOUS
124,2024-09-06T12:00:00+00:00,2024-09-06T13:00:00+00:00,ETHUSD,SHORT,ETHUSD_2340_BEARISH_2311_2319,2417.0,2398.0,19.0,0.7917,REGIME_B_GT_06,2402.75,2417.0,2388.5,14.25,14.25,1.0,TP_HIT,1.0,0.0887,0.0089,0.0089,0.0976,6.6068,0.0661,0.0661,6.6729,1,TP_HIT,UNAMBIGUOUS
125,2024-09-06T13:00:00+00:00,2024-09-06T14:00:00+00:00,BTCUSD,LONG,BTCUSD_2341_BULLISH_2336_2340,55931.5,55633.0,298.5,0.534,REGIME_A_LE_06,55931.5,55633.0,56443.2143,298.5,511.7143,1.7143,SL_HIT,-1.0,0.0976,0.0098,-0.0098,0.0878,6.6729,0.0667,-0.0667,6.6062,1,SL_HIT,UNAMBIGUOUS
126,2024-09-06T14:00:00+00:00,2024-09-06T15:00:00+00:00,SOLUSD,LONG,SOLUSD_2342_BULLISH_2335_2340,130.132,127.51,2.622,2.0302,REGIME_B_GT_06,129.4765,127.51,131.443,1.9665,1.9665,1.0,SL_HIT,-1.0,0.0878,0.0088,-0.0088,0.079,6.6062,0.0661,-0.0661,6.5401,1,SL_HIT,UNAMBIGUOUS
127,2024-09-06T18:00:00+00:00,2024-09-07T15:00:00+00:00,BTCUSD,LONG,BTCUSD_2346_BULLISH_1579_1584,53607.5,52540.0,1067.5,2.0008,REGIME_B_GT_06,53340.625,52540.0,54141.25,800.625,800.625,1.0,TP_HIT,1.0,0.079,0.0079,0.0079,0.0869,6.5401,0.0654,0.0654,6.6055,21,TP_HIT,UNAMBIGUOUS
128,2024-09-07T16:00:00+00:00,2024-09-07T17:00:00+00:00,ETHUSD,LONG,ETHUSD_2368_BULLISH_2360_2367,2300.0,2275.7,24.3,1.0613,REGIME_B_GT_06,2293.925,2275.7,2312.15,18.225,18.225,1.0,SL_HIT,-1.0,0.0869,0.0087,-0.0087,0.0782,6.6055,0.0661,-0.0661,6.5394,1,SL_HIT,UNAMBIGUOUS
129,2024-09-08T04:00:00+00:00,2024-09-08T13:00:00+00:00,ETHUSD,SHORT,ETHUSD_2380_BEARISH_2367_2369,2311.2,2291.65,19.55,0.8508,REGIME_B_GT_06,2296.5375,2311.2,2281.875,14.6625,14.6625,1.0,TP_HIT,1.0,0.0782,0.0078,0.0078,0.086,6.5394,0.0654,0.0654,6.6048,9,TP_HIT,UNAMBIGUOUS
130,2024-09-08T14:00:00+00:00,2024-09-08T17:00:00+00:00,SOLUSD,LONG,SOLUSD_2390_BULLISH_2375_2383,127.861,126.47,1.391,1.0893,REGIME_B_GT_06,127.5132,126.47,128.5565,1.0433,1.0433,1.0,TP_HIT,1.0,0.086,0.0086,0.0086,0.0947,6.6048,0.066,0.066,6.6709,3,TP_HIT,UNAMBIGUOUS
131,2024-09-08T17:00:00+00:00,2024-09-08T22:00:00+00:00,BTCUSD,SHORT,BTCUSD_2393_BEARISH_2385_2391,54722.0,54441.0,281.0,0.5157,REGIME_A_LE_06,54441.0,54722.0,53959.2857,281.0,481.7143,1.7143,SL_HIT,-1.0,0.0947,0.0095,-0.0095,0.0852,6.6709,0.0667,-0.0667,6.6042,5,SL_HIT,UNAMBIGUOUS
132,2024-09-08T23:00:00+00:00,2024-09-09T00:00:00+00:00,XRPUSD,SHORT,XRPUSD_2399_BEARISH_2385_2391,0.5319,0.5295,0.0024,0.4527,REGIME_A_LE_06,0.5295,0.5319,0.5254,0.0024,0.0041,1.7143,TIMEOUT_EXIT,0.7083,0.0852,0.0085,0.006,0.0912,6.6042,0.066,0.0468,6.651,1,TIMEOUT_EXIT,UNAMBIGUOUS
133,2024-09-09T09:00:00+00:00,2024-09-09T21:00:00+00:00,XRPUSD,LONG,XRPUSD_2409_BULLISH_2398_2408,0.5314,0.5259,0.0055,1.0371,REGIME_B_GT_06,0.53,0.5259,0.5341,0.0041,0.0041,1.0,TP_HIT,1.0,0.0912,0.0091,0.0091,0.1003,6.651,0.0665,0.0665,6.7175,12,TP_HIT,UNAMBIGUOUS
134,2024-09-09T21:00:00+00:00,2024-09-11T10:00:00+00:00,ETHUSD,SHORT,ETHUSD_2421_BEARISH_2341_2343,2401.0,2355.8,45.2,1.9082,REGIME_B_GT_06,2367.1,2401.0,2333.2,33.9,33.9,1.0,TP_HIT,1.0,0.1003,0.01,0.01,0.1104,6.7175,0.0672,0.0672,6.7846,37,TP_HIT,UNAMBIGUOUS
135,2024-09-11T17:00:00+00:00,2024-09-12T01:00:00+00:00,BTCUSD,SHORT,BTCUSD_2465_BEARISH_2443_2453,58037.0,57316.0,721.0,1.2499,REGIME_B_GT_06,57496.25,58037.0,56955.5,540.75,540.75,1.0,SL_HIT,-1.0,0.1104,0.011,-0.011,0.0993,6.7846,0.0678,-0.0678,6.7168,8,SL_HIT,UNAMBIGUOUS
136,2024-09-12T05:00:00+00:00,2024-09-12T14:00:00+00:00,ETHUSD,LONG,ETHUSD_2477_BULLISH_2466_2473,2359.65,2329.45,30.2,1.2815,REGIME_B_GT_06,2352.1,2329.45,2374.75,22.65,22.65,1.0,SL_HIT,-1.0,0.0993,0.0099,-0.0099,0.0894,6.7168,0.0672,-0.0672,6.6496,9,SL_HIT,UNAMBIGUOUS
137,2024-09-12T19:00:00+00:00,2024-09-13T15:00:00+00:00,ETHUSD,SHORT,ETHUSD_2491_BEARISH_2474_2486,2392.0,2360.15,31.85,1.3493,REGIME_B_GT_06,2368.1125,2392.0,2344.225,23.8875,23.8875,1.0,SL_HIT,-1.0,0.0894,0.0089,-0.0089,0.0805,6.6496,0.0665,-0.0665,6.5831,20,SL_HIT,UNAMBIGUOUS
138,2024-09-13T15:00:00+00:00,2024-09-13T18:00:00+00:00,SOLUSD,SHORT,SOLUSD_2511_BEARISH_2442_2452,138.008,136.054,1.954,1.4309,REGIME_B_GT_06,136.5425,138.008,135.077,1.4655,1.4655,1.0,SL_HIT,-1.0,0.0805,0.008,-0.008,0.0724,6.5831,0.0658,-0.0658,6.5173,3,SL_HIT,UNAMBIGUOUS
139,2024-09-13T19:00:00+00:00,2024-09-13T21:00:00+00:00,SOLUSD,SHORT,SOLUSD_2515_BEARISH_2184_2213,139.245,137.946,1.299,0.9415,REGIME_B_GT_06,138.2707,139.245,137.2965,0.9743,0.9743,1.0,SL_HIT,-1.0,0.0724,0.0072,-0.0072,0.0652,6.5173,0.0652,-0.0652,6.4521,2,SL_HIT,UNAMBIGUOUS
140,2024-09-14T20:00:00+00:00,2024-09-15T01:00:00+00:00,ETHUSD,SHORT,ETHUSD_2540_BEARISH_2532_2538,2423.85,2414.4,9.45,0.391,REGIME_A_LE_06,2414.4,2423.85,2398.2,9.45,16.2,1.7143,SL_HIT,-1.0,0.0652,0.0065,-0.0065,0.0587,6.4521,0.0645,-0.0645,6.3876,5,SL_HIT,UNAMBIGUOUS
141,2024-09-15T03:00:00+00:00,2024-09-15T11:00:00+00:00,XRPUSD,LONG,XRPUSD_2547_BULLISH_2532_2541,0.5905,0.5835,0.007,1.1897,REGIME_B_GT_06,0.5887,0.5835,0.594,0.0052,0.0052,1.0,SL_HIT,-1.0,0.0587,0.0059,-0.0059,0.0528,6.3876,0.0639,-0.0639,6.3237,8,SL_HIT,UNAMBIGUOUS
142,2024-09-15T16:00:00+00:00,2024-09-15T17:00:00+00:00,BTCUSD,LONG,BTCUSD_2560_BULLISH_2554_2558,60047.5,59873.5,174.0,0.2903,REGIME_A_LE_06,60047.5,59873.5,60345.7857,174.0,298.2857,1.7143,SL_HIT,-1.0,0.0528,0.0053,-0.0053,0.0475,6.3237,0.0632,-0.0632,6.2605,1,SL_HIT,UNAMBIGUOUS
143,2024-09-15T17:00:00+00:00,2024-09-15T22:00:00+00:00,BTCUSD,LONG,BTCUSD_2561_BULLISH_2538_2540,59884.0,59423.0,461.0,0.7707,REGIME_B_GT_06,59768.75,59423.0,60114.5,345.75,345.75,1.0,SL_HIT,-1.0,0.0475,0.0048,-0.0048,0.0428,6.2605,0.0626,-0.0626,6.1979,5,SL_HIT,UNAMBIGUOUS
144,2024-09-17T06:00:00+00:00,2024-09-17T15:00:00+00:00,SOLUSD,LONG,SOLUSD_2598_BULLISH_2582_2597,132.39,129.947,2.443,1.8507,REGIME_B_GT_06,131.7792,129.947,133.6115,1.8322,1.8322,1.0,TP_HIT,1.0,0.0428,0.0043,0.0043,0.047,6.1979,0.062,0.062,6.2599,9,TP_HIT,UNAMBIGUOUS
145,2024-09-17T22:00:00+00:00,2024-09-18T00:00:00+00:00,XRPUSD,LONG,XRPUSD_2614_BULLISH_2605_2607,0.5858,0.5807,0.0051,0.8736,REGIME_B_GT_06,0.5845,0.5807,0.5883,0.0038,0.0038,1.0,SL_HIT,-1.0,0.047,0.0047,-0.0047,0.0423,6.2599,0.0626,-0.0626,6.1973,2,SL_HIT,UNAMBIGUOUS
146,2024-09-18T05:00:00+00:00,2024-09-18T09:00:00+00:00,BTCUSD,LONG,BTCUSD_2621_BULLISH_2616_2619,60328.5,59870.5,458.0,0.7603,REGIME_B_GT_06,60214.0,59870.5,60557.5,343.5,343.5,1.0,SL_HIT,-1.0,0.0423,0.0042,-0.0042,0.0381,6.1973,0.062,-0.062,6.1353,4,SL_HIT,UNAMBIGUOUS
147,2024-09-18T09:00:00+00:00,2024-09-18T15:00:00+00:00,XRPUSD,LONG,XRPUSD_2625_BULLISH_2582_2584,0.5729,0.5649,0.008,1.3964,REGIME_B_GT_06,0.5709,0.5649,0.5769,0.006,0.006,1.0,SL_HIT,-1.0,0.0381,0.0038,-0.0038,0.0343,6.1353,0.0614,-0.0614,6.0739,6,SL_HIT,UNAMBIGUOUS
148,2024-09-19T05:00:00+00:00,2024-09-19T14:00:00+00:00,XRPUSD,SHORT,XRPUSD_2645_BEARISH_2608_2614,0.5907,0.5846,0.0061,1.0411,REGIME_B_GT_06,0.5861,0.5907,0.5816,0.0046,0.0046,1.0,SL_HIT,-1.0,0.0343,0.0034,-0.0034,0.0309,6.0739,0.0607,-0.0607,6.0132,9,SL_HIT,UNAMBIGUOUS
149,2024-09-20T04:00:00+00:00,2024-09-20T13:00:00+00:00,XRPUSD,SHORT,XRPUSD_2668_BEARISH_2657_2665,0.5947,0.5889,0.0058,0.9826,REGIME_B_GT_06,0.5903,0.5947,0.586,0.0044,0.0044,1.0,TP_HIT,1.0,0.0309,0.0031,0.0031,0.0339,6.0132,0.0601,0.0601,6.0733,9,TP_HIT,UNAMBIGUOUS
150,2024-09-21T18:00:00+00:00,2024-09-21T23:00:00+00:00,ETHUSD,SHORT,ETHUSD_2706_BEARISH_2151_2165,2595.35,2567.75,27.6,1.074,REGIME_B_GT_06,2574.65,2595.35,2553.95,20.7,20.7,1.0,SL_HIT,-1.0,0.0339,0.0034,-0.0034,0.0306,6.0733,0.0607,-0.0607,6.0126,5,SL_HIT,UNAMBIGUOUS
151,2024-09-22T01:00:00+00:00,2024-09-22T02:00:00+00:00,SOLUSD,LONG,SOLUSD_2713_BULLISH_2704_2711,148.1,147.192,0.908,0.6143,REGIME_B_GT_06,147.873,147.192,148.554,0.681,0.681,1.0,SL_HIT,-1.0,0.0306,0.0031,-0.0031,0.0275,6.0126,0.0601,-0.0601,5.9525,1,SL_HIT,UNAMBIGUOUS
152,2024-09-22T09:00:00+00:00,2024-09-22T10:00:00+00:00,SOLUSD,LONG,SOLUSD_2721_BULLISH_2692_2701,146.193,144.676,1.517,1.0465,REGIME_B_GT_06,145.8137,144.676,146.9515,1.1378,1.1378,1.0,SL_HIT,-1.0,0.0275,0.0027,-0.0027,0.0247,5.9525,0.0595,-0.0595,5.893,1,SL_HIT,UNAMBIGUOUS
153,2024-09-22T14:00:00+00:00,2024-09-22T17:00:00+00:00,ETHUSD,LONG,ETHUSD_2726_BULLISH_2703_2711,2567.3,2551.0,16.3,0.6356,REGIME_B_GT_06,2563.225,2551.0,2575.45,12.225,12.225,1.0,TP_HIT,1.0,0.0247,0.0025,0.0025,0.0272,5.893,0.0589,0.0589,5.9519,3,TP_HIT,UNAMBIGUOUS
154,2024-09-22T17:00:00+00:00,2024-09-22T20:00:00+00:00,BTCUSD,SHORT,BTCUSD_2729_BEARISH_2715_2721,63226.5,62919.5,307.0,0.4868,REGIME_A_LE_06,62919.5,63226.5,62393.2143,307.0,526.2857,1.7143,SL_HIT,-1.0,0.0272,0.0027,-0.0027,0.0245,5.9519,0.0595,-0.0595,5.8924,3,SL_HIT,UNAMBIGUOUS
155,2024-09-23T01:00:00+00:00,2024-09-23T02:00:00+00:00,ETHUSD,SHORT,ETHUSD_2737_BEARISH_2712_2733,2632.15,2605.05,27.1,1.0369,REGIME_B_GT_06,2611.825,2632.15,2591.5,20.325,20.325,1.0,SL_HIT,-1.0,0.0245,0.0025,-0.0025,0.0221,5.8924,0.0589,-0.0589,5.8334,1,SL_HIT,UNAMBIGUOUS
156,2024-09-23T08:00:00+00:00,2024-09-26T00:00:00+00:00,XRPUSD,LONG,XRPUSD_2744_BULLISH_2736_2739,0.588,0.58,0.008,1.3633,REGIME_B_GT_06,0.586,0.58,0.592,0.006,0.006,1.0,SL_HIT,-1.0,0.0221,0.0022,-0.0022,0.0198,5.8334,0.0583,-0.0583,5.7751,64,SL_HIT,UNAMBIGUOUS
157,2024-09-26T00:00:00+00:00,2024-09-26T05:00:00+00:00,ETHUSD,LONG,ETHUSD_2808_BULLISH_2733_2738,2580.05,2545.0,35.05,1.3629,REGIME_B_GT_06,2571.2875,2545.0,2597.575,26.2875,26.2875,1.0,TP_HIT,1.0,0.0198,0.002,0.002,0.0218,5.7751,0.0578,0.0578,5.8329,5,TP_HIT,UNAMBIGUOUS
158,2024-09-26T06:00:00+00:00,2024-09-26T07:00:00+00:00,ETHUSD,SHORT,ETHUSD_2814_BEARISH_2794_2799,2631.0,2614.1,16.9,0.646,REGIME_B_GT_06,2618.325,2631.0,2605.65,12.675,12.675,1.0,SL_HIT,-1.0,0.0218,0.0022,-0.0022,0.0196,5.8329,0.0583,-0.0583,5.7745,1,SL_HIT,UNAMBIGUOUS
159,2024-09-26T10:00:00+00:00,2024-09-26T14:00:00+00:00,XRPUSD,SHORT,XRPUSD_2818_BEARISH_2796_2801,0.5925,0.5896,0.0029,0.4905,REGIME_A_LE_06,0.5896,0.5925,0.5846,0.0029,0.005,1.7143,SL_HIT,-1.0,0.0196,0.002,-0.002,0.0177,5.7745,0.0577,-0.0577,5.7168,4,SL_HIT,UNAMBIGUOUS
160,2024-09-27T10:00:00+00:00,2024-09-27T14:00:00+00:00,SOLUSD,LONG,SOLUSD_2842_BULLISH_2831_2840,156.258,153.95,2.308,1.4795,REGIME_B_GT_06,155.681,153.95,157.412,1.731,1.731,1.0,TP_HIT,1.0,0.0177,0.0018,0.0018,0.0195,5.7168,0.0572,0.0572,5.774,4,TP_HIT,UNAMBIGUOUS
161,2024-09-28T12:00:00+00:00,2024-09-29T07:00:00+00:00,ETHUSD,LONG,ETHUSD_2868_BULLISH_2842_2846,2663.4,2641.2,22.2,0.8349,REGIME_B_GT_06,2657.85,2641.2,2674.5,16.65,16.65,1.0,SL_HIT,-1.0,0.0195,0.0019,-0.0019,0.0175,5.774,0.0577,-0.0577,5.7162,19,SL_HIT,UNAMBIGUOUS
162,2024-09-29T17:00:00+00:00,2024-09-29T19:00:00+00:00,SOLUSD,SHORT,SOLUSD_2897_BEARISH_2882_2886,158.531,157.696,0.835,0.5294,REGIME_A_LE_06,157.696,158.531,156.2646,0.835,1.4314,1.7143,SL_HIT,-1.0,0.0175,0.0018,-0.0018,0.0158,5.7162,0.0572,-0.0572,5.659,2,SL_HIT,UNAMBIGUOUS
163,2024-09-30T10:00:00+00:00,2024-09-30T15:00:00+00:00,XRPUSD,LONG,XRPUSD_2914_BULLISH_2888_2894,0.6298,0.6219,0.0079,1.2558,REGIME_B_GT_06,0.6278,0.6219,0.6338,0.0059,0.0059,1.0,SL_HIT,-1.0,0.0158,0.0016,-0.0016,0.0142,5.659,0.0566,-0.0566,5.6025,5,SL_HIT,UNAMBIGUOUS
164,2024-10-01T03:00:00+00:00,2024-10-01T04:00:00+00:00,ETHUSD,SHORT,ETHUSD_2931_BEARISH_2917_2922,2639.4,2623.3,16.1,0.6121,REGIME_B_GT_06,2627.325,2639.4,2615.25,12.075,12.075,1.0,SL_HIT,-1.0,0.0142,0.0014,-0.0014,0.0128,5.6025,0.056,-0.056,5.5464,1,SL_HIT,UNAMBIGUOUS
165,2024-10-01T06:00:00+00:00,2024-10-01T13:00:00+00:00,SOLUSD,SHORT,SOLUSD_2934_BEARISH_2918_2927,157.428,155.876,1.552,0.9876,REGIME_B_GT_06,156.264,157.428,155.1,1.164,1.164,1.0,TP_HIT,1.0,0.0128,0.0013,0.0013,0.014,5.5464,0.0555,0.0555,5.6019,7,TP_HIT,UNAMBIGUOUS
166,2024-10-01T13:00:00+00:00,2024-10-01T14:00:00+00:00,ETHUSD,LONG,ETHUSD_2941_BULLISH_2806_2823,2581.7,2555.05,26.65,1.0325,REGIME_B_GT_06,2575.0375,2555.05,2595.025,19.9875,19.9875,1.0,SL_HIT,-1.0,0.014,0.0014,-0.0014,0.0126,5.6019,0.056,-0.056,5.5459,1,SL_HIT,UNAMBIGUOUS
167,2024-10-04T06:00:00+00:00,2024-10-04T16:00:00+00:00,XRPUSD,LONG,XRPUSD_3006_BULLISH_3000_3005,0.5229,0.5153,0.0076,1.4582,REGIME_B_GT_06,0.521,0.5153,0.5267,0.0057,0.0057,1.0,TP_HIT,1.0,0.0126,0.0013,0.0013,0.0139,5.5459,0.0555,0.0555,5.6013,10,TP_HIT,UNAMBIGUOUS
168,2024-10-04T18:00:00+00:00,2024-10-07T02:00:00+00:00,XRPUSD,SHORT,XRPUSD_3018_BEARISH_2978_2983,0.5443,0.5327,0.0116,2.1541,REGIME_B_GT_06,0.5356,0.5443,0.5269,0.0087,0.0087,1.0,SL_HIT,-1.0,0.0139,0.0014,-0.0014,0.0125,5.6013,0.056,-0.056,5.5453,56,SL_HIT,UNAMBIGUOUS
169,2024-10-07T18:00:00+00:00,2024-10-07T22:00:00+00:00,BTCUSD,LONG,BTCUSD_3090_BULLISH_3083_3086,63184.0,62646.0,538.0,0.8561,REGIME_B_GT_06,63049.5,62646.0,63453.0,403.5,403.5,1.0,SL_HIT,-1.0,0.0125,0.0013,-0.0013,0.0113,5.5453,0.0555,-0.0555,5.4899,4,SL_HIT,UNAMBIGUOUS
170,2024-10-07T22:00:00+00:00,2024-10-07T23:00:00+00:00,XRPUSD,LONG,XRPUSD_3094_BULLISH_3069_3072,0.5332,0.5299,0.0033,0.6203,REGIME_B_GT_06,0.5324,0.5299,0.5349,0.0025,0.0025,1.0,SL_HIT,-1.0,0.0113,0.0011,-0.0011,0.0101,5.4899,0.0549,-0.0549,5.435,1,SL_HIT,UNAMBIGUOUS
171,2024-10-08T07:00:00+00:00,2024-10-08T10:00:00+00:00,SOLUSD,LONG,SOLUSD_3103_BULLISH_3052_3057,143.109,142.089,1.02,0.713,REGIME_B_GT_06,142.854,142.089,143.619,0.765,0.765,1.0,TP_HIT,1.0,0.0101,0.001,0.001,0.0111,5.435,0.0543,0.0543,5.4893,3,TP_HIT,UNAMBIGUOUS
172,2024-10-09T13:00:00+00:00,2024-10-09T15:00:00+00:00,ETHUSD,LONG,ETHUSD_3133_BULLISH_3103_3117,2436.05,2410.3,25.75,1.0591,REGIME_B_GT_06,2429.6125,2410.3,2448.925,19.3125,19.3125,1.0,TP_HIT,1.0,0.0111,0.0011,0.0011,0.0123,5.4893,0.0549,0.0549,5.5442,2,TP_HIT,UNAMBIGUOUS
173,2024-10-09T15:00:00+00:00,2024-10-09T18:00:00+00:00,XRPUSD,SHORT,XRPUSD_3135_BEARISH_3130_3134,0.5342,0.5317,0.0025,0.47,REGIME_A_LE_06,0.5317,0.5342,0.5274,0.0025,0.0043,1.7143,TIMEOUT_EXIT,0.68,0.0123,0.0012,0.0008,0.0131,5.5442,0.0554,0.0377,5.5819,3,TIMEOUT_EXIT,UNAMBIGUOUS
174,2024-10-10T01:00:00+00:00,2024-10-10T13:00:00+00:00,XRPUSD,LONG,XRPUSD_3145_BULLISH_3111_3117,0.5289,0.521,0.0079,1.5005,REGIME_B_GT_06,0.5269,0.521,0.5329,0.0059,0.0059,1.0,TP_HIT,1.0,0.0131,0.0013,0.0013,0.0144,5.5819,0.0558,0.0558,5.6377,12,TP_HIT,UNAMBIGUOUS
175,2024-10-11T01:00:00+00:00,2024-10-11T10:00:00+00:00,ETHUSD,SHORT,ETHUSD_3169_BEARISH_3160_3162,2421.25,2391.45,29.8,1.238,REGIME_B_GT_06,2398.9,2421.25,2376.55,22.35,22.35,1.0,SL_HIT,-1.0,0.0144,0.0014,-0.0014,0.013,5.6377,0.0564,-0.0564,5.5814,9,SL_HIT,UNAMBIGUOUS
176,2024-10-11T17:00:00+00:00,2024-10-12T14:00:00+00:00,ETHUSD,SHORT,ETHUSD_3185_BEARISH_3121_3140,2473.25,2435.0,38.25,1.5614,REGIME_B_GT_06,2444.5625,2473.25,2415.875,28.6875,28.6875,1.0,SL_HIT,-1.0,0.013,0.0013,-0.0013,0.0117,5.5814,0.0558,-0.0558,5.5255,21,SL_HIT,UNAMBIGUOUS
177,2024-10-13T03:00:00+00:00,2024-10-13T05:00:00+00:00,SOLUSD,LONG,SOLUSD_3219_BULLISH_3195_3202,145.234,144.746,0.488,0.336,REGIME_A_LE_06,145.234,144.746,146.0706,0.488,0.8366,1.7143,TP_HIT,1.7143,0.0117,0.0012,0.002,0.0137,5.5255,0.0553,0.0947,5.6203,2,TP_HIT,UNAMBIGUOUS
178,2024-10-13T05:00:00+00:00,2024-10-13T09:00:00+00:00,SOLUSD,SHORT,SOLUSD_3221_BEARISH_3210_3219,147.1859,146.254,0.9319,0.636,REGIME_B_GT_06,146.487,147.1859,145.788,0.6989,0.6989,1.0,SL_HIT,-1.0,0.0137,0.0014,-0.0014,0.0123,5.6203,0.0562,-0.0562,5.5641,4,SL_HIT,UNAMBIGUOUS
179,2024-10-13T11:00:00+00:00,2024-10-13T14:00:00+00:00,BTCUSD,LONG,BTCUSD_3227_BULLISH_3195_3206,62631.5,62481.5,150.0,0.2398,REGIME_A_LE_06,62631.5,62481.5,62888.6429,150.0,257.1429,1.7143,SL_HIT,-1.0,0.0123,0.0012,-0.0012,0.0111,5.5641,0.0556,-0.0556,5.5084,3,SL_HIT,UNAMBIGUOUS
180,2024-10-13T14:00:00+00:00,2024-10-13T15:00:00+00:00,ETHUSD,LONG,ETHUSD_3230_BULLISH_3196_3202,2451.9,2439.2,12.7,0.519,REGIME_A_LE_06,2451.9,2439.2,2473.6714,12.7,21.7714,1.7143,SL_HIT,-1.0,0.0111,0.0011,-0.0011,0.01,5.5084,0.0551,-0.0551,5.4533,1,SL_HIT,UNAMBIGUOUS
181,2024-10-13T21:00:00+00:00,2024-10-13T22:00:00+00:00,ETHUSD,SHORT,ETHUSD_3237_BEARISH_3224_3230,2472.15,2461.0,11.15,0.452,REGIME_A_LE_06,2461.0,2472.15,2441.8857,11.15,19.1143,1.7143,SL_HIT,-1.0,0.01,0.001,-0.001,0.009,5.4533,0.0545,-0.0545,5.3988,1,SL_HIT,UNAMBIGUOUS
182,2024-10-14T23:00:00+00:00,2024-10-15T03:00:00+00:00,ETHUSD,LONG,ETHUSD_3263_BULLISH_3256_3262,2641.1,2616.3,24.8,0.9426,REGIME_B_GT_06,2634.9,2616.3,2653.5,18.6,18.6,1.0,SL_HIT,-1.0,0.009,0.0009,-0.0009,0.0081,5.3988,0.054,-0.054,5.3448,4,SL_HIT,UNAMBIGUOUS
183,2024-10-16T09:00:00+00:00,2024-10-16T11:00:00+00:00,XRPUSD,SHORT,XRPUSD_3297_BEARISH_3290_3295,0.5454,0.5423,0.0031,0.5701,REGIME_A_LE_06,0.5423,0.5454,0.537,0.0031,0.0053,1.7143,SL_HIT,-1.0,0.0081,0.0008,-0.0008,0.0073,5.3448,0.0534,-0.0534,5.2914,2,SL_HIT,UNAMBIGUOUS
184,2024-10-16T16:00:00+00:00,2024-10-17T04:00:00+00:00,XRPUSD,SHORT,XRPUSD_3304_BEARISH_3265_3269,0.5557,0.5489,0.0068,1.2366,REGIME_B_GT_06,0.5506,0.5557,0.5455,0.0051,0.0051,1.0,SL_HIT,-1.0,0.0073,0.0007,-0.0007,0.0065,5.2914,0.0529,-0.0529,5.2385,12,SL_HIT,UNAMBIGUOUS
185,2024-10-17T09:00:00+00:00,2024-10-17T10:00:00+00:00,ETHUSD,LONG,ETHUSD_3321_BULLISH_3309_3313,2621.5,2609.7,11.8,0.4508,REGIME_A_LE_06,2621.5,2609.7,2641.7286,11.8,20.2286,1.7143,SL_HIT,-1.0,0.0065,0.0007,-0.0007,0.0059,5.2385,0.0524,-0.0524,5.1861,1,SL_HIT,UNAMBIGUOUS
186,2024-10-17T11:00:00+00:00,2024-10-17T13:00:00+00:00,BTCUSD,LONG,BTCUSD_3323_BULLISH_3295_3298,67049.0,66761.0,288.0,0.4306,REGIME_A_LE_06,67049.0,66761.0,67542.7143,288.0,493.7143,1.7143,SL_HIT,-1.0,0.0059,0.0006,-0.0006,0.0053,5.1861,0.0519,-0.0519,5.1342,2,SL_HIT,UNAMBIGUOUS
187,2024-10-17T15:00:00+00:00,2024-10-17T17:00:00+00:00,ETHUSD,SHORT,ETHUSD_3327_BEARISH_3316_3323,2649.2,2627.05,22.15,0.8419,REGIME_B_GT_06,2632.5875,2649.2,2615.975,16.6125,16.6125,1.0,TP_HIT,1.0,0.0053,0.0005,0.0005,0.0058,5.1342,0.0513,0.0513,5.1856,2,TP_HIT,UNAMBIGUOUS
188,2024-10-17T19:00:00+00:00,2024-10-18T01:00:00+00:00,ETHUSD,LONG,ETHUSD_3331_BULLISH_3284_3289,2596.0,2564.4,31.6,1.2176,REGIME_B_GT_06,2588.1,2564.4,2611.8,23.7,23.7,1.0,TP_HIT,1.0,0.0058,0.0006,0.0006,0.0064,5.1856,0.0519,0.0519,5.2374,6,TP_HIT,UNAMBIGUOUS
189,2024-10-18T14:00:00+00:00,2024-10-18T16:00:00+00:00,SOLUSD,SHORT,SOLUSD_3350_BEARISH_3313_3316,155.701,154.2,1.501,0.9721,REGIME_B_GT_06,154.5752,155.701,153.4495,1.1258,1.1258,1.0,SL_HIT,-1.0,0.0064,0.0006,-0.0006,0.0058,5.2374,0.0524,-0.0524,5.185,2,SL_HIT,UNAMBIGUOUS
190,2024-10-19T04:00:00+00:00,2024-10-19T10:00:00+00:00,XRPUSD,LONG,XRPUSD_3364_BULLISH_3357_3362,0.5466,0.5449,0.0017,0.3111,REGIME_A_LE_06,0.5466,0.5449,0.5495,0.0017,0.0029,1.7143,SL_HIT,-1.0,0.0058,0.0006,-0.0006,0.0052,5.185,0.0519,-0.0519,5.1332,6,SL_HIT,UNAMBIGUOUS
191,2024-10-19T14:00:00+00:00,2024-10-20T14:00:00+00:00,ETHUSD,SHORT,ETHUSD_3374_BEARISH_3363_3371,2663.9,2645.9,18.0,0.679,REGIME_B_GT_06,2650.4,2663.9,2636.9,13.5,13.5,1.0,SL_HIT,-1.0,0.0052,0.0005,-0.0005,0.0047,5.1332,0.0513,-0.0513,5.0819,24,SL_HIT,UNAMBIGUOUS
192,2024-10-20T14:00:00+00:00,2024-10-20T18:00:00+00:00,XRPUSD,SHORT,XRPUSD_3398_BEARISH_3383_3391,0.5453,0.5437,0.0016,0.294,REGIME_A_LE_06,0.5437,0.5453,0.541,0.0016,0.0027,1.7143,SL_HIT,-1.0,0.0047,0.0005,-0.0005,0.0042,5.0819,0.0508,-0.0508,5.031,4,SL_HIT,UNAMBIGUOUS
193,2024-10-20T19:00:00+00:00,2024-10-20T20:00:00+00:00,SOLUSD,SHORT,SOLUSD_3403_BEARISH_2901_2913,161.74,159.867,1.873,1.1676,REGIME_B_GT_06,160.3353,161.74,158.9305,1.4048,1.4048,1.0,SL_HIT,-1.0,0.0042,0.0004,-0.0004,0.0038,5.031,0.0503,-0.0503,4.9807,1,SL_HIT,UNAMBIGUOUS
194,2024-10-21T04:00:00+00:00,2024-10-21T08:00:00+00:00,XRPUSD,SHORT,XRPUSD_3412_BEARISH_3345_3392,0.5534,0.5485,0.0049,0.8925,REGIME_B_GT_06,0.5497,0.5534,0.5461,0.0037,0.0037,1.0,SL_HIT,-1.0,0.0038,0.0004,-0.0004,0.0034,4.9807,0.0498,-0.0498,4.9309,4,SL_HIT,UNAMBIGUOUS
195,2024-10-21T08:00:00+00:00,2024-10-21T09:00:00+00:00,BTCUSD,LONG,BTCUSD_3416_BULLISH_3397_3398,68497.5,68203.5,294.0,0.4303,REGIME_A_LE_06,68497.5,68203.5,69001.5,294.0,504.0,1.7143,SL_HIT,-1.0,0.0034,0.0003,-0.0003,0.0031,4.9309,0.0493,-0.0493,4.8816,1,SL_HIT,UNAMBIGUOUS
196,2024-10-21T09:00:00+00:00,2024-10-21T13:00:00+00:00,ETHUSD,LONG,ETHUSD_3417_BULLISH_3399_3406,2715.05,2685.45,29.6,1.0902,REGIME_B_GT_06,2707.65,2685.45,2729.85,22.2,22.2,1.0,SL_HIT,-1.0,0.0031,0.0003,-0.0003,0.0028,4.8816,0.0488,-0.0488,4.8328,4,SL_HIT,UNAMBIGUOUS
197,2024-10-22T07:00:00+00:00,2024-10-22T08:00:00+00:00,SOLUSD,LONG,SOLUSD_3439_BULLISH_3433_3437,167.318,165.39,1.928,1.1535,REGIME_B_GT_06,166.836,165.39,168.282,1.446,1.446,1.0,SL_HIT,-1.0,0.0028,0.0003,-0.0003,0.0025,4.8328,0.0483,-0.0483,4.7845,1,SL_HIT,UNAMBIGUOUS
198,2024-10-23T00:00:00+00:00,2024-10-23T03:00:00+00:00,BTCUSD,LONG,BTCUSD_3456_BULLISH_3448_3454,67293.0,66930.0,363.0,0.5403,REGIME_A_LE_06,67293.0,66930.0,67915.2857,363.0,622.2857,1.7143,SL_HIT,-1.0,0.0025,0.0002,-0.0002,0.0022,4.7845,0.0478,-0.0478,4.7366,3,SL_HIT,UNAMBIGUOUS
199,2024-10-24T08:00:00+00:00,2024-10-24T12:00:00+00:00,SOLUSD,LONG,SOLUSD_3488_BULLISH_3478_3482,172.059,170.1,1.959,1.139,REGIME_B_GT_06,171.5693,170.1,173.0385,1.4693,1.4693,1.0,TP_HIT,1.0,0.0022,0.0002,0.0002,0.0025,4.7366,0.0474,0.0474,4.784,4,TP_HIT,UNAMBIGUOUS
200,2024-10-25T04:00:00+00:00,2024-10-25T07:00:00+00:00,BTCUSD,LONG,BTCUSD_3508_BULLISH_3496_3499,67797.0,67354.0,443.0,0.6539,REGIME_B_GT_06,67686.25,67354.0,68018.5,332.25,332.25,1.0,SL_HIT,-1.0,0.0025,0.0002,-0.0002,0.0022,4.784,0.0478,-0.0478,4.7361,3,SL_HIT,UNAMBIGUOUS
201,2024-10-25T07:00:00+00:00,2024-10-25T08:00:00+00:00,SOLUSD,LONG,SOLUSD_3511_BULLISH_3489_3493,172.609,171.1,1.509,0.8777,REGIME_B_GT_06,172.2318,171.1,173.3635,1.1318,1.1318,1.0,SL_HIT,-1.0,0.0022,0.0002,-0.0002,0.002,4.7361,0.0474,-0.0474,4.6888,1,SL_HIT,UNAMBIGUOUS
202,2024-10-25T09:00:00+00:00,2024-10-25T14:00:00+00:00,ETHUSD,SHORT,ETHUSD_3513_BEARISH_3501_3508,2561.2,2537.85,23.35,0.9192,REGIME_B_GT_06,2543.6875,2561.2,2526.175,17.5125,17.5125,1.0,SL_HIT,-1.0,0.002,0.0002,-0.0002,0.0018,4.6888,0.0469,-0.0469,4.6419,5,SL_HIT,UNAMBIGUOUS
203,2024-10-25T17:00:00+00:00,2024-10-25T18:00:00+00:00,BTCUSD,LONG,BTCUSD_3521_BULLISH_3489_3493,67015.0,66726.5,288.5,0.4317,REGIME_A_LE_06,67015.0,66726.5,67509.5714,288.5,494.5714,1.7143,SL_HIT,-1.0,0.0018,0.0002,-0.0002,0.0016,4.6419,0.0464,-0.0464,4.5955,1,SL_HIT,AMBIGUOUS_RESOLVED_CONSERVATIVE
204,2024-10-27T08:00:00+00:00,2024-10-27T09:00:00+00:00,XRPUSD,LONG,XRPUSD_3560_BULLISH_3550_3555,0.5139,0.5122,0.0017,0.3311,REGIME_A_LE_06,0.5139,0.5122,0.5168,0.0017,0.0029,1.7143,SL_HIT,-1.0,0.0016,0.0002,-0.0002,0.0015,4.5955,0.046,-0.046,4.5495,1,SL_HIT,UNAMBIGUOUS
205,2024-10-27T13:00:00+00:00,2024-10-27T15:00:00+00:00,XRPUSD,SHORT,XRPUSD_3565_BEARISH_3555_3562,0.5171,0.514,0.0031,0.6028,REGIME_B_GT_06,0.5148,0.5171,0.5124,0.0023,0.0023,1.0,SL_HIT,-1.0,0.0015,0.0001,-0.0001,0.0013,4.5495,0.0455,-0.0455,4.504,2,SL_HIT,UNAMBIGUOUS
206,2024-10-28T15:00:00+00:00,2024-10-28T17:00:00+00:00,XRPUSD,LONG,XRPUSD_3591_BULLISH_3581_3585,0.5141,0.5118,0.0023,0.4475,REGIME_A_LE_06,0.5141,0.5118,0.518,0.0023,0.0039,1.7143,SL_HIT,-1.0,0.0013,0.0001,-0.0001,0.0012,4.504,0.045,-0.045,4.459,2,SL_HIT,UNAMBIGUOUS
207,2024-10-29T07:00:00+00:00,2024-10-29T15:00:00+00:00,BTCUSD,SHORT,BTCUSD_3607_BEARISH_156_161,72025.0,70643.5,1381.5,1.9449,REGIME_B_GT_06,70988.875,72025.0,69952.75,1036.125,1036.125,1.0,SL_HIT,-1.0,0.0012,0.0001,-0.0001,0.0011,4.459,0.0446,-0.0446,4.4144,8,SL_HIT,UNAMBIGUOUS
208,2024-10-29T20:00:00+00:00,2024-10-29T22:00:00+00:00,ETHUSD,LONG,ETHUSD_3620_BULLISH_3603_3613,2624.1,2606.5,17.6,0.6712,REGIME_B_GT_06,2619.7,2606.5,2632.9,13.2,13.2,1.0,TP_HIT,1.0,0.0011,0.0001,0.0001,0.0012,4.4144,0.0441,0.0441,4.4585,2,TP_HIT,UNAMBIGUOUS
209,2024-10-30T09:00:00+00:00,2024-10-30T12:00:00+00:00,XRPUSD,SHORT,XRPUSD_3633_BEARISH_3630_3632,0.5268,0.5246,0.0022,0.419,REGIME_A_LE_06,0.5246,0.5268,0.5208,0.0022,0.0038,1.7143,TP_HIT,1.7143,0.0012,0.0001,0.0002,0.0014,4.4585,0.0446,0.0764,4.535,3,TP_HIT,UNAMBIGUOUS
210,2024-10-30T14:00:00+00:00,2024-10-30T15:00:00+00:00,BTCUSD,SHORT,BTCUSD_3638_BEARISH_3626_3635,72687.0,72361.5,325.5,0.4494,REGIME_A_LE_06,72361.5,72687.0,71803.5,325.5,558.0,1.7143,TP_HIT,1.7143,0.0014,0.0001,0.0002,0.0016,4.535,0.0453,0.0777,4.6127,1,TP_HIT,UNAMBIGUOUS
211,2024-10-30T18:00:00+00:00,2024-10-31T13:00:00+00:00,SOLUSD,LONG,SOLUSD_3642_BULLISH_3592_3600,175.15,173.14,2.01,1.1548,REGIME_B_GT_06,174.6475,173.14,176.155,1.5075,1.5075,1.0,SL_HIT,-1.0,0.0016,0.0002,-0.0002,0.0014,4.6127,0.0461,-0.0461,4.5666,19,SL_HIT,UNAMBIGUOUS
212,2024-11-02T20:00:00+00:00,2024-11-03T01:00:00+00:00,SOLUSD,SHORT,SOLUSD_3716_BEARISH_3704_3708,167.73,166.41,1.32,0.7928,REGIME_B_GT_06,166.74,167.73,165.75,0.99,0.99,1.0,TP_HIT,1.0,0.0014,0.0001,0.0001,0.0016,4.5666,0.0457,0.0457,4.6123,5,TP_HIT,UNAMBIGUOUS
213,2024-11-03T17:00:00+00:00,2024-11-03T18:00:00+00:00,ETHUSD,SHORT,ETHUSD_3737_BEARISH_3728_3733,2462.45,2443.8,18.65,0.7623,REGIME_B_GT_06,2448.4625,2462.45,2434.475,13.9875,13.9875,1.0,TP_HIT,1.0,0.0016,0.0002,0.0002,0.0017,4.6123,0.0461,0.0461,4.6584,1,TP_HIT,UNAMBIGUOUS
214,2024-11-03T19:00:00+00:00,2024-11-03T20:00:00+00:00,BTCUSD,SHORT,BTCUSD_3739_BEARISH_3726_3734,68772.5,68375.5,397.0,0.5781,REGIME_A_LE_06,68375.5,68772.5,67694.9286,397.0,680.5714,1.7143,SL_HIT,-1.0,0.0017,0.0002,-0.0002,0.0016,4.6584,0.0466,-0.0466,4.6118,1,SL_HIT,UNAMBIGUOUS
215,2024-11-04T02:00:00+00:00,2024-11-04T03:00:00+00:00,SOLUSD,SHORT,SOLUSD_3746_BEARISH_3731_3734,164.76,163.351,1.409,0.8574,REGIME_B_GT_06,163.7032,164.76,162.6465,1.0567,1.0567,1.0,SL_HIT,-1.0,0.0016,0.0002,-0.0002,0.0014,4.6118,0.0461,-0.0461,4.5657,1,SL_HIT,UNAMBIGUOUS
216,2024-11-04T09:00:00+00:00,2024-11-04T10:00:00+00:00,XRPUSD,SHORT,XRPUSD_3753_BEARISH_3712_3722,0.5116,0.51,0.0016,0.3132,REGIME_A_LE_06,0.51,0.5116,0.5073,0.0016,0.0027,1.7143,SL_HIT,-1.0,0.0014,0.0001,-0.0001,0.0013,4.5657,0.0457,-0.0457,4.52,1,SL_HIT,UNAMBIGUOUS
217,2024-11-05T12:00:00+00:00,2024-11-05T14:00:00+00:00,BTCUSD,SHORT,BTCUSD_3780_BEARISH_3757_3758,69258.0,68644.0,614.0,0.8917,REGIME_B_GT_06,68797.5,69258.0,68337.0,460.5,460.5,1.0,SL_HIT,-1.0,0.0013,0.0001,-0.0001,0.0011,4.52,0.0452,-0.0452,4.4748,2,SL_HIT,UNAMBIGUOUS
218,2024-11-06T23:00:00+00:00,2024-11-07T01:00:00+00:00,SOLUSD,LONG,SOLUSD_3815_BULLISH_3807_3813,187.873,184.359,3.514,1.8825,REGIME_B_GT_06,186.9945,184.359,189.63,2.6355,2.6355,1.0,TP_HIT,1.0,0.0011,0.0001,0.0001,0.0013,4.4748,0.0447,0.0447,4.5196,2,TP_HIT,UNAMBIGUOUS
219,2024-11-08T02:00:00+00:00,2024-11-08T04:00:00+00:00,SOLUSD,LONG,SOLUSD_3842_BULLISH_3839_3840,196.385,194.208,2.177,1.1111,REGIME_B_GT_06,195.8407,194.208,197.4735,1.6327,1.6327,1.0,TP_HIT,1.0,0.0013,0.0001,0.0001,0.0014,4.5196,0.0452,0.0452,4.5648,2,TP_HIT,UNAMBIGUOUS
220,2024-11-08T16:00:00+00:00,2024-11-08T18:00:00+00:00,SOLUSD,LONG,SOLUSD_3856_BULLISH_3842_3849,198.599,195.72,2.879,1.46,REGIME_B_GT_06,197.8792,195.72,200.0385,2.1592,2.1592,1.0,TP_HIT,1.0,0.0014,0.0001,0.0001,0.0015,4.5648,0.0456,0.0456,4.6104,2,TP_HIT,UNAMBIGUOUS
221,2024-11-09T14:00:00+00:00,2024-11-09T16:00:00+00:00,SOLUSD,LONG,SOLUSD_3878_BULLISH_3861_3874,199.15,197.169,1.981,0.9992,REGIME_B_GT_06,198.6548,197.169,200.1405,1.4857,1.4857,1.0,SL_HIT,-1.0,0.0015,0.0002,-0.0002,0.0014,4.6104,0.0461,-0.0461,4.5643,2,SL_HIT,UNAMBIGUOUS
222,2024-11-09T21:00:00+00:00,2024-11-09T23:00:00+00:00,BTCUSD,SHORT,BTCUSD_3885_BEARISH_3872_3880,76743.0,76430.5,312.5,0.4088,REGIME_A_LE_06,76430.5,76743.0,75894.7857,312.5,535.7143,1.7143,SL_HIT,-1.0,0.0014,0.0001,-0.0001,0.0012,4.5643,0.0456,-0.0456,4.5187,2,SL_HIT,UNAMBIGUOUS
223,2024-11-10T20:00:00+00:00,2024-11-10T21:00:00+00:00,BTCUSD,LONG,BTCUSD_3908_BULLISH_3894_3899,79358.0,78707.5,650.5,0.8232,REGIME_B_GT_06,79195.375,78707.5,79683.25,487.875,487.875,1.0,SL_HIT,-1.0,0.0012,0.0001,-0.0001,0.0011,4.5187,0.0452,-0.0452,4.4735,1,SL_HIT,AMBIGUOUS_RESOLVED_CONSERVATIVE
224,2024-11-12T09:00:00+00:00,2024-11-12T10:00:00+00:00,SOLUSD,LONG,SOLUSD_3945_BULLISH_3938_3944,220.013,215.71,4.303,1.9932,REGIME_B_GT_06,218.9373,215.71,222.1645,3.2272,3.2272,1.0,SL_HIT,-1.0,0.0011,0.0001,-0.0001,0.001,4.4735,0.0447,-0.0447,4.4287,1,SL_HIT,UNAMBIGUOUS
225,2024-11-12T20:00:00+00:00,2024-11-12T22:00:00+00:00,BTCUSD,SHORT,BTCUSD_3956_BEARISH_3943_3948,90026.0,89076.0,950.0,1.0613,REGIME_B_GT_06,89313.5,90026.0,88601.0,712.5,712.5,1.0,TP_HIT,1.0,0.001,0.0001,0.0001,0.0011,4.4287,0.0443,0.0443,4.473,2,TP_HIT,UNAMBIGUOUS
226,2024-11-13T05:00:00+00:00,2024-11-13T08:00:00+00:00,XRPUSD,LONG,XRPUSD_3965_BULLISH_3947_3956,0.6508,0.6298,0.021,3.2488,REGIME_B_GT_06,0.6456,0.6298,0.6613,0.0158,0.0158,1.0,TP_HIT,1.0,0.0011,0.0001,0.0001,0.0012,4.473,0.0447,0.0447,4.5178,3,TP_HIT,UNAMBIGUOUS
227,2024-11-13T13:00:00+00:00,2024-11-13T14:00:00+00:00,SOLUSD,SHORT,SOLUSD_3973_BEARISH_3958_3963,215.644,212.361,3.283,1.544,REGIME_B_GT_06,213.1817,215.644,210.7195,2.4623,2.4623,1.0,SL_HIT,-1.0,0.0012,0.0001,-0.0001,0.0011,4.5178,0.0452,-0.0452,4.4726,1,SL_HIT,AMBIGUOUS_RESOLVED_CONSERVATIVE
228,2024-11-14T09:00:00+00:00,2024-11-14T11:00:00+00:00,SOLUSD,SHORT,SOLUSD_3993_BEARISH_3944_3946,225.3328,220.959,4.3738,1.9714,REGIME_B_GT_06,222.0524,225.3328,218.7721,3.2803,3.2803,1.0,TP_HIT,1.0,0.0011,0.0001,0.0001,0.0012,4.4726,0.0447,0.0447,4.5173,2,TP_HIT,UNAMBIGUOUS
229,2024-11-14T14:00:00+00:00,2024-11-15T04:00:00+00:00,SOLUSD,LONG,SOLUSD_3998_BULLISH_3981_3993,211.831,206.48,5.351,2.5414,REGIME_B_GT_06,210.4932,206.48,214.5065,4.0132,4.0132,1.0,SL_HIT,-1.0,0.0012,0.0001,-0.0001,0.0011,4.5173,0.0452,-0.0452,4.4721,14,SL_HIT,UNAMBIGUOUS
230,2024-11-15T13:00:00+00:00,2024-11-15T14:00:00+00:00,SOLUSD,SHORT,SOLUSD_4021_BEARISH_4001_4011,217.171,214.544,2.627,1.223,REGIME_B_GT_06,215.2007,217.171,213.2305,1.9702,1.9702,1.0,TP_HIT,1.0,0.0011,0.0001,0.0001,0.0012,4.4721,0.0447,0.0447,4.5169,1,TP_HIT,UNAMBIGUOUS
231,2024-11-15T20:00:00+00:00,2024-11-15T21:00:00+00:00,BTCUSD,SHORT,BTCUSD_4028_BEARISH_3995_4004,91717.0,90500.0,1217.0,1.3305,REGIME_B_GT_06,90804.25,91717.0,89891.5,912.75,912.75,1.0,SL_HIT,-1.0,0.0012,0.0001,-0.0001,0.0011,4.5169,0.0452,-0.0452,4.4717,1,SL_HIT,UNAMBIGUOUS
232,2024-11-16T01:00:00+00:00,2024-11-16T03:00:00+00:00,XRPUSD,LONG,XRPUSD_4033_BULLISH_4024_4029,0.8846,0.8614,0.0232,2.6238,REGIME_B_GT_06,0.8788,0.8614,0.8962,0.0174,0.0174,1.0,TP_HIT,1.0,0.0011,0.0001,0.0001,0.0012,4.4717,0.0447,0.0447,4.5164,2,TP_HIT,UNAMBIGUOUS
233,2024-11-16T03:00:00+00:00,2024-11-16T11:00:00+00:00,ETHUSD,SHORT,ETHUSD_4035_BEARISH_4001_4012,3172.6,3124.85,47.75,1.5125,REGIME_B_GT_06,3136.7875,3172.6,3100.975,35.8125,35.8125,1.0,SL_HIT,-1.0,0.0012,0.0001,-0.0001,0.0011,4.5164,0.0452,-0.0452,4.4712,8,SL_HIT,UNAMBIGUOUS
234,2024-11-16T18:00:00+00:00,2024-11-16T22:00:00+00:00,BTCUSD,SHORT,BTCUSD_4050_BEARISH_4037_4045,91851.0,91198.5,652.5,0.7143,REGIME_B_GT_06,91361.625,91851.0,90872.25,489.375,489.375,1.0,TP_HIT,1.0,0.0011,0.0001,0.0001,0.0012,4.4712,0.0447,0.0447,4.516,4,TP_HIT,UNAMBIGUOUS
235,2024-11-17T08:00:00+00:00,2024-11-17T09:00:00+00:00,BTCUSD,SHORT,BTCUSD_4064_BEARISH_4050_4058,91443.5,90887.5,556.0,0.6107,REGIME_B_GT_06,91026.5,91443.5,90609.5,417.0,417.0,1.0,SL_HIT,-1.0,0.0012,0.0001,-0.0001,0.001,4.516,0.0452,-0.0452,4.4708,1,SL_HIT,UNAMBIGUOUS
236,2024-11-18T11:00:00+00:00,2024-11-18T15:00:00+00:00,ETHUSD,LONG,ETHUSD_4091_BULLISH_4023_4035,3063.3,3016.65,46.65,1.5254,REGIME_B_GT_06,3051.6375,3016.65,3086.625,34.9875,34.9875,1.0,TP_HIT,1.0,0.001,0.0001,0.0001,0.0011,4.4708,0.0447,0.0447,4.5155,4,TP_HIT,UNAMBIGUOUS
237,2024-11-18T18:00:00+00:00,2024-11-18T20:00:00+00:00,BTCUSD,LONG,BTCUSD_4098_BULLISH_4093_4095,90639.0,89419.5,1219.5,1.3488,REGIME_B_GT_06,90334.125,89419.5,91248.75,914.625,914.625,1.0,TP_HIT,1.0,0.0011,0.0001,0.0001,0.0013,4.5155,0.0452,0.0452,4.5607,2,TP_HIT,UNAMBIGUOUS
238,2024-11-19T13:00:00+00:00,2024-11-19T14:00:00+00:00,BTCUSD,LONG,BTCUSD_4117_BULLISH_4103_4116,91297.5,90280.5,1017.0,1.1154,REGIME_B_GT_06,91043.25,90280.5,91806.0,762.75,762.75,1.0,TP_HIT,1.0,0.0013,0.0001,0.0001,0.0014,4.5607,0.0456,0.0456,4.6063,1,TP_HIT,UNAMBIGUOUS
239,2024-11-19T15:00:00+00:00,2024-11-20T18:00:00+00:00,ETHUSD,LONG,ETHUSD_4119_BULLISH_4091_4096,3119.8,3052.4,67.4,2.1696,REGIME_B_GT_06,3102.95,3052.4,3153.5,50.55,50.55,1.0,SL_HIT,-1.0,0.0014,0.0001,-0.0001,0.0012,4.6063,0.0461,-0.0461,4.5602,27,SL_HIT,UNAMBIGUOUS
240,2024-11-21T04:00:00+00:00,2024-11-21T12:00:00+00:00,ETHUSD,SHORT,ETHUSD_4156_BEARISH_4142_4145,3161.6,3092.0,69.6,2.2221,REGIME_B_GT_06,3109.4,3161.6,3057.2,52.2,52.2,1.0,SL_HIT,-1.0,0.0012,0.0001,-0.0001,0.0011,4.5602,0.0456,-0.0456,4.5146,8,SL_HIT,UNAMBIGUOUS
241,2024-11-21T12:00:00+00:00,2024-11-21T14:00:00+00:00,BTCUSD,LONG,BTCUSD_4164_BULLISH_4157_4163,97895.5,96726.0,1169.5,1.2017,REGIME_B_GT_06,97603.125,96726.0,98480.25,877.125,877.125,1.0,SL_HIT,-1.0,0.0011,0.0001,-0.0001,0.001,4.5146,0.0451,-0.0451,4.4695,2,SL_HIT,UNAMBIGUOUS
242,2024-11-21T17:00:00+00:00,2024-11-21T18:00:00+00:00,BTCUSD,SHORT,BTCUSD_4169_BEARISH_4163_4167,98424.0,97728.5,695.5,0.7091,REGIME_B_GT_06,97902.375,98424.0,97380.75,521.625,521.625,1.0,SL_HIT,-1.0,0.001,0.0001,-0.0001,0.0009,4.4695,0.0447,-0.0447,4.4248,1,SL_HIT,UNAMBIGUOUS
243,2024-11-22T10:00:00+00:00,2024-11-22T13:00:00+00:00,ETHUSD,LONG,ETHUSD_4186_BULLISH_4177_4180,3333.95,3308.0,25.95,0.7801,REGIME_B_GT_06,3327.4625,3308.0,3346.925,19.4625,19.4625,1.0,SL_HIT,-1.0,0.0009,0.0001,-0.0001,0.0008,4.4248,0.0442,-0.0442,4.3805,3,SL_HIT,UNAMBIGUOUS
244,2024-11-22T16:00:00+00:00,2024-11-22T19:00:00+00:00,BTCUSD,SHORT,BTCUSD_4192_BEARISH_4183_4190,99530.0,98910.0,620.0,0.6268,REGIME_B_GT_06,99065.0,99530.0,98600.0,465.0,465.0,1.0,SL_HIT,-1.0,0.0008,0.0001,-0.0001,0.0007,4.3805,0.0438,-0.0438,4.3367,3,SL_HIT,UNAMBIGUOUS
245,2024-11-23T11:00:00+00:00,2024-11-23T13:00:00+00:00,SOLUSD,LONG,SOLUSD_4211_BULLISH_4202_4204,256.78,253.46,3.32,1.2959,REGIME_B_GT_06,255.95,253.46,258.44,2.49,2.49,1.0,TP_HIT,1.0,0.0007,0.0001,0.0001,0.0008,4.3367,0.0434,0.0434,4.3801,2,TP_HIT,UNAMBIGUOUS
246,2024-11-25T07:00:00+00:00,2024-11-25T08:00:00+00:00,XRPUSD,SHORT,XRPUSD_4255_BEARISH_4226_4235,1.5135,1.478,0.0355,2.399,REGIME_B_GT_06,1.4869,1.5135,1.4602,0.0266,0.0266,1.0,SL_HIT,-1.0,0.0008,0.0001,-0.0001,0.0007,4.3801,0.0438,-0.0438,4.3363,1,SL_HIT,UNAMBIGUOUS
247,2024-11-25T12:00:00+00:00,2024-11-25T14:00:00+00:00,SOLUSD,LONG,SOLUSD_4260_BULLISH_4249_4256,251.53,245.87,5.66,2.2523,REGIME_B_GT_06,250.115,245.87,254.36,4.245,4.245,1.0,SL_HIT,-1.0,0.0007,0.0001,-0.0001,0.0007,4.3363,0.0434,-0.0434,4.2929,2,SL_HIT,UNAMBIGUOUS
248,2024-11-25T14:00:00+00:00,2024-11-25T16:00:00+00:00,XRPUSD,LONG,XRPUSD_4262_BULLISH_4249_4253,1.4022,1.3567,0.0455,3.279,REGIME_B_GT_06,1.3908,1.3567,1.4249,0.0341,0.0341,1.0,TP_HIT,1.0,0.0007,0.0001,0.0001,0.0007,4.2929,0.0429,0.0429,4.3358,2,TP_HIT,UNAMBIGUOUS
249,2024-11-27T04:00:00+00:00,2024-11-27T13:00:00+00:00,SOLUSD,LONG,SOLUSD_4300_BULLISH_4290_4298,230.35,223.5,6.85,2.9783,REGIME_B_GT_06,228.6375,223.5,233.775,5.1375,5.1375,1.0,TP_HIT,1.0,0.0007,0.0001,0.0001,0.0008,4.3358,0.0434,0.0434,4.3792,9,TP_HIT,UNAMBIGUOUS
250,2024-11-27T13:00:00+00:00,2024-11-27T14:00:00+00:00,SOLUSD,SHORT,SOLUSD_4309_BEARISH_4278_4282,239.72,237.79,1.93,0.8115,REGIME_B_GT_06,238.2725,239.72,236.825,1.4475,1.4475,1.0,SL_HIT,-1.0,0.0008,0.0001,-0.0001,0.0007,4.3792,0.0438,-0.0438,4.3354,1,SL_HIT,AMBIGUOUS_RESOLVED_CONSERVATIVE
251,2024-11-27T14:00:00+00:00,2024-11-27T15:00:00+00:00,BTCUSD,SHORT,BTCUSD_4310_BEARISH_4278_4282,95061.5,94495.5,566.0,0.5964,REGIME_A_LE_06,94495.5,95061.5,93525.2143,566.0,970.2857,1.7143,SL_HIT,-1.0,0.0007,0.0001,-0.0001,0.0006,4.3354,0.0434,-0.0434,4.292,1,SL_HIT,UNAMBIGUOUS
252,2024-11-28T18:00:00+00:00,2024-11-28T22:00:00+00:00,XRPUSD,SHORT,XRPUSD_4338_BEARISH_4326_4335,1.4937,1.4706,0.0231,1.563,REGIME_B_GT_06,1.4764,1.4937,1.459,0.0173,0.0173,1.0,SL_HIT,-1.0,0.0006,0.0001,-0.0001,0.0006,4.292,0.0429,-0.0429,4.2491,4,SL_HIT,UNAMBIGUOUS
253,2024-11-29T01:00:00+00:00,2024-11-29T06:00:00+00:00,XRPUSD,SHORT,XRPUSD_4345_BEARISH_4215_4216,1.5951,1.5496,0.0455,2.9208,REGIME_B_GT_06,1.561,1.5951,1.5269,0.0341,0.0341,1.0,SL_HIT,-1.0,0.0006,0.0001,-0.0001,0.0005,4.2491,0.0425,-0.0425,4.2066,5,SL_HIT,UNAMBIGUOUS
254,2024-11-29T17:00:00+00:00,2024-11-30T23:00:00+00:00,SOLUSD,LONG,SOLUSD_4361_BULLISH_4351_4355,241.63,237.6255,4.0045,1.6659,REGIME_B_GT_06,240.6289,237.6255,243.6322,3.0034,3.0034,1.0,SL_HIT,-1.0,0.0005,0.0001,-0.0001,0.0005,4.2066,0.0421,-0.0421,4.1646,30,SL_HIT,UNAMBIGUOUS
255,2024-12-01T16:00:00+00:00,2024-12-01T21:00:00+00:00,BTCUSD,SHORT,BTCUSD_4408_BEARISH_4364_4369,97666.5,97240.0,426.5,0.4385,REGIME_A_LE_06,97240.0,97666.5,96508.8571,426.5,731.1429,1.7143,SL_HIT,-1.0,0.0005,0.0,-0.0,0.0004,4.1646,0.0416,-0.0416,4.1229,5,SL_HIT,UNAMBIGUOUS
256,2024-12-02T13:00:00+00:00,2024-12-02T14:00:00+00:00,XRPUSD,SHORT,XRPUSD_4429_BEARISH_4421_4424,2.4875,2.4238,0.0637,2.6242,REGIME_B_GT_06,2.4397,2.4875,2.392,0.0478,0.0478,1.0,SL_HIT,-1.0,0.0004,0.0,-0.0,0.0004,4.1229,0.0412,-0.0412,4.0817,1,SL_HIT,UNAMBIGUOUS
257,2024-12-02T18:00:00+00:00,2024-12-03T13:00:00+00:00,ETHUSD,SHORT,ETHUSD_4434_BEARISH_4432_4433,3684.65,3620.4,64.25,1.7713,REGIME_B_GT_06,3636.4625,3684.65,3588.275,48.1875,48.1875,1.0,TP_HIT,1.0,0.0004,0.0,0.0,0.0004,4.0817,0.0408,0.0408,4.1225,19,TP_HIT,UNAMBIGUOUS
258,2024-12-03T15:00:00+00:00,2024-12-04T01:00:00+00:00,BTCUSD,SHORT,BTCUSD_4455_BEARISH_4442_4450,96375.0,95463.5,911.5,0.952,REGIME_B_GT_06,95691.375,96375.0,95007.75,683.625,683.625,1.0,SL_HIT,-1.0,0.0004,0.0,-0.0,0.0004,4.1225,0.0412,-0.0412,4.0813,10,SL_HIT,UNAMBIGUOUS
259,2024-12-04T12:00:00+00:00,2024-12-04T16:00:00+00:00,BTCUSD,LONG,BTCUSD_4476_BULLISH_4456_4469,96236.0,94927.0,1309.0,1.3631,REGIME_B_GT_06,95908.75,94927.0,96890.5,981.75,981.75,1.0,SL_HIT,-1.0,0.0004,0.0,-0.0,0.0003,4.0813,0.0408,-0.0408,4.0405,4,SL_HIT,UNAMBIGUOUS
260,2024-12-05T19:00:00+00:00,2024-12-05T20:00:00+00:00,SOLUSD,LONG,SOLUSD_4507_BULLISH_4494_4499,235.74,231.67,4.07,1.7416,REGIME_B_GT_06,234.7225,231.67,237.775,3.0525,3.0525,1.0,SL_HIT,-1.0,0.0003,0.0,-0.0,0.0003,4.0405,0.0404,-0.0404,4.0001,1,SL_HIT,UNAMBIGUOUS
261,2024-12-05T20:00:00+00:00,2024-12-05T22:00:00+00:00,ETHUSD,LONG,ETHUSD_4508_BULLISH_4489_4496,3830.0,3769.75,60.25,1.5741,REGIME_B_GT_06,3814.9375,3769.75,3860.125,45.1875,45.1875,1.0,SL_HIT,-1.0,0.0003,0.0,-0.0,0.0003,4.0001,0.04,-0.04,3.9601,2,SL_HIT,UNAMBIGUOUS
262,2024-12-07T07:00:00+00:00,2024-12-07T15:00:00+00:00,XRPUSD,LONG,XRPUSD_4543_BULLISH_4528_4534,2.417,2.3315,0.0855,3.5485,REGIME_B_GT_06,2.3956,2.3315,2.4597,0.0641,0.0641,1.0,TP_HIT,1.0,0.0003,0.0,0.0,0.0003,3.9601,0.0396,0.0396,3.9997,8,TP_HIT,UNAMBIGUOUS
263,2024-12-07T21:00:00+00:00,2024-12-08T05:00:00+00:00,ETHUSD,LONG,ETHUSD_4557_BULLISH_4550_4554,4011.4,3979.05,32.35,0.8073,REGIME_B_GT_06,4003.3125,3979.05,4027.575,24.2625,24.2625,1.0,SL_HIT,-1.0,0.0003,0.0,-0.0,0.0003,3.9997,0.04,-0.04,3.9597,8,SL_HIT,UNAMBIGUOUS
264,2024-12-08T12:00:00+00:00,2024-12-08T13:00:00+00:00,BTCUSD,SHORT,BTCUSD_4572_BEARISH_4562_4565,100415.5,99810.5,605.0,0.6051,REGIME_B_GT_06,99961.75,100415.5,99508.0,453.75,453.75,1.0,SL_HIT,-1.0,0.0003,0.0,-0.0,0.0002,3.9597,0.0396,-0.0396,3.9201,1,SL_HIT,UNAMBIGUOUS
265,2024-12-08T22:00:00+00:00,2024-12-09T00:00:00+00:00,ETHUSD,SHORT,ETHUSD_4582_BEARISH_4556_4565,4027.25,4012.0,15.25,0.38,REGIME_A_LE_06,4012.0,4027.25,3985.8571,15.25,26.1429,1.7143,TP_HIT,1.7143,0.0002,0.0,0.0,0.0003,3.9201,0.0392,0.0672,3.9873,2,TP_HIT,UNAMBIGUOUS
266,2024-12-09T00:00:00+00:00,2024-12-09T02:00:00+00:00,BTCUSD,LONG,BTCUSD_4584_BULLISH_4575_4583,100036.0,99411.5,624.5,0.6261,REGIME_B_GT_06,99879.875,99411.5,100348.25,468.375,468.375,1.0,SL_HIT,-1.0,0.0003,0.0,-0.0,0.0003,3.9873,0.0399,-0.0399,3.9474,2,SL_HIT,UNAMBIGUOUS
267,2024-12-09T02:00:00+00:00,2024-12-09T03:00:00+00:00,BTCUSD,LONG,BTCUSD_4586_BULLISH_4569_4573,99362.5,98711.5,651.0,0.6557,REGIME_B_GT_06,99199.75,98711.5,99688.0,488.25,488.25,1.0,SL_HIT,-1.0,0.0003,0.0,-0.0,0.0002,3.9474,0.0395,-0.0395,3.9079,1,SL_HIT,UNAMBIGUOUS
268,2024-12-09T08:00:00+00:00,2024-12-09T14:00:00+00:00,ETHUSD,LONG,ETHUSD_4592_BULLISH_4524_4526,3886.0,3835.35,50.65,1.3089,REGIME_B_GT_06,3873.3375,3835.35,3911.325,37.9875,37.9875,1.0,TP_HIT,1.0,0.0002,0.0,0.0,0.0003,3.9079,0.0391,0.0391,3.947,6,TP_HIT,UNAMBIGUOUS
269,2024-12-11T02:00:00+00:00,2024-12-11T08:00:00+00:00,BTCUSD,SHORT,BTCUSD_4634_BEARISH_4622_4625,98312.5,97155.0,1157.5,1.1905,REGIME_B_GT_06,97444.375,98312.5,96576.25,868.125,868.125,1.0,SL_HIT,-1.0,0.0003,0.0,-0.0,0.0002,3.947,0.0395,-0.0395,3.9075,6,SL_HIT,UNAMBIGUOUS
270,2024-12-12T02:00:00+00:00,2024-12-12T04:00:00+00:00,XRPUSD,SHORT,XRPUSD_4658_BEARISH_4655_4656,2.4445,2.3915,0.053,2.2087,REGIME_B_GT_06,2.4047,2.4445,2.365,0.0398,0.0398,1.0,SL_HIT,-1.0,0.0002,0.0,-0.0,0.0002,3.9075,0.0391,-0.0391,3.8685,2,SL_HIT,UNAMBIGUOUS
271,2024-12-12T18:00:00+00:00,2024-12-12T19:00:00+00:00,ETHUSD,LONG,ETHUSD_4674_BULLISH_4666_4668,3924.95,3890.4,34.55,0.8814,REGIME_B_GT_06,3916.3125,3890.4,3942.225,25.9125,25.9125,1.0,SL_HIT,-1.0,0.0002,0.0,-0.0,0.0002,3.8685,0.0387,-0.0387,3.8298,1,SL_HIT,UNAMBIGUOUS
272,2024-12-12T19:00:00+00:00,2024-12-12T22:00:00+00:00,SOLUSD,LONG,SOLUSD_4675_BULLISH_4657_4661,227.82,225.689,2.131,0.9372,REGIME_B_GT_06,227.2873,225.689,228.8855,1.5983,1.5983,1.0,SL_HIT,-1.0,0.0002,0.0,-0.0,0.0002,3.8298,0.0383,-0.0383,3.7915,3,SL_HIT,UNAMBIGUOUS
273,2024-12-13T15:00:00+00:00,2024-12-13T17:00:00+00:00,ETHUSD,LONG,ETHUSD_4695_BULLISH_4687_4694,3903.0,3870.0,33.0,0.8495,REGIME_B_GT_06,3894.75,3870.0,3919.5,24.75,24.75,1.0,TP_HIT,1.0,0.0002,0.0,0.0,0.0002,3.7915,0.0379,0.0379,3.8294,2,TP_HIT,UNAMBIGUOUS
274,2024-12-14T01:00:00+00:00,2024-12-14T06:00:00+00:00,SOLUSD,SHORT,SOLUSD_4705_BEARISH_4691_4695,227.1729,225.52,1.6529,0.7328,REGIME_B_GT_06,225.9332,227.1729,224.6935,1.2397,1.2397,1.0,SL_HIT,-1.0,0.0002,0.0,-0.0,0.0002,3.8294,0.0383,-0.0383,3.7911,5,SL_HIT,UNAMBIGUOUS
275,2024-12-14T12:00:00+00:00,2024-12-14T13:00:00+00:00,BTCUSD,LONG,BTCUSD_4716_BULLISH_4702_4705,101362.5,101028.5,334.0,0.3298,REGIME_A_LE_06,101362.5,101028.5,101935.0714,334.0,572.5714,1.7143,SL_HIT,-1.0,0.0002,0.0,-0.0,0.0001,3.7911,0.0379,-0.0379,3.7532,1,SL_HIT,UNAMBIGUOUS
276,2024-12-14T19:00:00+00:00,2024-12-15T04:00:00+00:00,BTCUSD,SHORT,BTCUSD_4723_BEARISH_4705_4721,102638.0,101261.0,1377.0,1.3594,REGIME_B_GT_06,101605.25,102638.0,100572.5,1032.75,1032.75,1.0,SL_HIT,-1.0,0.0001,0.0,-0.0,0.0001,3.7532,0.0375,-0.0375,3.7157,9,SL_HIT,UNAMBIGUOUS
277,2024-12-15T21:00:00+00:00,2024-12-15T23:00:00+00:00,BTCUSD,SHORT,BTCUSD_4749_BEARISH_4502_4503,103652.0,102386.0,1266.0,1.2311,REGIME_B_GT_06,102702.5,103652.0,101753.0,949.5,949.5,1.0,SL_HIT,-1.0,0.0001,0.0,-0.0,0.0001,3.7157,0.0372,-0.0372,3.6785,2,SL_HIT,UNAMBIGUOUS
278,2024-12-16T04:00:00+00:00,2024-12-16T11:00:00+00:00,XRPUSD,LONG,XRPUSD_4756_BULLISH_4750_4751,2.4017,2.3652,0.0365,1.5213,REGIME_B_GT_06,2.3926,2.3652,2.4199,0.0274,0.0274,1.0,SL_HIT,-1.0,0.0001,0.0,-0.0,0.0001,3.6785,0.0368,-0.0368,3.6417,7,SL_HIT,UNAMBIGUOUS
279,2024-12-16T16:00:00+00:00,2024-12-16T17:00:00+00:00,ETHUSD,SHORT,ETHUSD_4768_BEARISH_4759_4763,3982.8,3951.5,31.3,0.7902,REGIME_B_GT_06,3959.325,3982.8,3935.85,23.475,23.475,1.0,SL_HIT,-1.0,0.0001,0.0,-0.0,0.0001,3.6417,0.0364,-0.0364,3.6053,1,SL_HIT,UNAMBIGUOUS
280,2024-12-17T23:00:00+00:00,2024-12-18T01:00:00+00:00,ETHUSD,LONG,ETHUSD_4799_BULLISH_4749_4751,3891.0,3842.75,48.25,1.24,REGIME_B_GT_06,3878.9375,3842.75,3915.125,36.1875,36.1875,1.0,SL_HIT,-1.0,0.0001,0.0,-0.0,0.0001,3.6053,0.0361,-0.0361,3.5692,2,SL_HIT,UNAMBIGUOUS
281,2024-12-18T14:00:00+00:00,2024-12-18T16:00:00+00:00,XRPUSD,LONG,XRPUSD_4814_BULLISH_4776_4783,2.49,2.44,0.05,2.0225,REGIME_B_GT_06,2.4775,2.44,2.515,0.0375,0.0375,1.0,SL_HIT,-1.0,0.0001,0.0,-0.0,0.0001,3.5692,0.0357,-0.0357,3.5336,2,SL_HIT,UNAMBIGUOUS
282,2024-12-20T17:00:00+00:00,2024-12-20T19:00:00+00:00,ETHUSD,SHORT,ETHUSD_4865_BEARISH_4846_4856,3464.1,3403.7,60.4,1.7578,REGIME_B_GT_06,3418.8,3464.1,3373.5,45.3,45.3,1.0,SL_HIT,-1.0,0.0001,0.0,-0.0,0.0001,3.5336,0.0353,-0.0353,3.4982,2,SL_HIT,UNAMBIGUOUS
283,2024-12-20T19:00:00+00:00,2024-12-21T06:00:00+00:00,XRPUSD,SHORT,XRPUSD_4867_BEARISH_4850_4857,2.3551,2.2728,0.0823,3.6154,REGIME_B_GT_06,2.2934,2.3551,2.2317,0.0617,0.0617,1.0,SL_HIT,-1.0,0.0001,0.0,-0.0,0.0001,3.4982,0.035,-0.035,3.4632,11,SL_HIT,UNAMBIGUOUS
284,2024-12-21T11:00:00+00:00,2024-12-21T13:00:00+00:00,ETHUSD,LONG,ETHUSD_4883_BULLISH_4869_4878,3448.5,3392.2,56.3,1.6364,REGIME_B_GT_06,3434.425,3392.2,3476.65,42.225,42.225,1.0,SL_HIT,-1.0,0.0001,0.0,-0.0,0.0001,3.4632,0.0346,-0.0346,3.4286,2,SL_HIT,UNAMBIGUOUS
285,2024-12-22T14:00:00+00:00,2024-12-22T18:00:00+00:00,SOLUSD,LONG,SOLUSD_4910_BULLISH_4901_4903,180.74,177.8,2.94,1.6415,REGIME_B_GT_06,180.005,177.8,182.21,2.205,2.205,1.0,TP_HIT,1.0,0.0001,0.0,0.0,0.0001,3.4286,0.0343,0.0343,3.4629,4,TP_HIT,UNAMBIGUOUS
286,2024-12-23T16:00:00+00:00,2024-12-23T17:00:00+00:00,XRPUSD,SHORT,XRPUSD_4936_BEARISH_4929_4935,2.224,2.1954,0.0286,1.3025,REGIME_B_GT_06,2.2026,2.224,2.1811,0.0215,0.0215,1.0,TP_HIT,1.0,0.0001,0.0,0.0,0.0001,3.4629,0.0346,0.0346,3.4975,1,TP_HIT,UNAMBIGUOUS
287,2024-12-23T18:00:00+00:00,2024-12-23T20:00:00+00:00,ETHUSD,LONG,ETHUSD_4938_BULLISH_4926_4936,3320.35,3258.5,61.85,1.8712,REGIME_B_GT_06,3304.8875,3258.5,3351.275,46.3875,46.3875,1.0,TP_HIT,1.0,0.0001,0.0,0.0,0.0001,3.4975,0.035,0.035,3.5325,2,TP_HIT,UNAMBIGUOUS
288,2024-12-23T20:00:00+00:00,2024-12-24T13:00:00+00:00,XRPUSD,SHORT,XRPUSD_4940_BEARISH_4905_4921,2.2928,2.2374,0.0554,2.4741,REGIME_B_GT_06,2.2513,2.2928,2.2097,0.0415,0.0415,1.0,SL_HIT,-1.0,0.0001,0.0,-0.0,0.0001,3.5325,0.0353,-0.0353,3.4972,17,SL_HIT,UNAMBIGUOUS
289,2024-12-24T13:00:00+00:00,2024-12-24T14:00:00+00:00,BTCUSD,SHORT,BTCUSD_4957_BEARISH_4931_4934,96500.0,95775.0,725.0,0.7547,REGIME_B_GT_06,95956.25,96500.0,95412.5,543.75,543.75,1.0,SL_HIT,-1.0,0.0001,0.0,-0.0,0.0001,3.4972,0.035,-0.035,3.4622,1,SL_HIT,UNAMBIGUOUS
290,2024-12-24T22:00:00+00:00,2024-12-25T21:00:00+00:00,BTCUSD,SHORT,BTCUSD_4966_BEARISH_4879_4884,99485.0,98446.0,1039.0,1.0524,REGIME_B_GT_06,98705.75,99485.0,97926.5,779.25,779.25,1.0,SL_HIT,-1.0,0.0001,0.0,-0.0,0.0001,3.4622,0.0346,-0.0346,3.4276,23,SL_HIT,UNAMBIGUOUS
291,2024-12-25T23:00:00+00:00,2024-12-26T04:00:00+00:00,ETHUSD,SHORT,ETHUSD_4991_BEARISH_4978_4984,3546.6,3490.3,56.3,1.6108,REGIME_B_GT_06,3504.375,3546.6,3462.15,42.225,42.225,1.0,TP_HIT,1.0,0.0001,0.0,0.0,0.0001,3.4276,0.0343,0.0343,3.4619,5,TP_HIT,UNAMBIGUOUS
292,2024-12-26T04:00:00+00:00,2024-12-26T08:00:00+00:00,BTCUSD,LONG,BTCUSD_4996_BULLISH_4980_4991,98624.5,97589.0,1035.5,1.0539,REGIME_B_GT_06,98365.625,97589.0,99142.25,776.625,776.625,1.0,SL_HIT,-1.0,0.0001,0.0,-0.0,0.0001,3.4619,0.0346,-0.0346,3.4272,4,SL_HIT,UNAMBIGUOUS
293,2024-12-27T13:00:00+00:00,2024-12-27T16:00:00+00:00,XRPUSD,LONG,XRPUSD_5029_BULLISH_5023_5025,2.1862,2.1268,0.0594,2.7172,REGIME_B_GT_06,2.1713,2.1268,2.2159,0.0446,0.0446,1.0,SL_HIT,-1.0,0.0001,0.0,-0.0,0.0,3.4272,0.0343,-0.0343,3.393,3,SL_HIT,UNAMBIGUOUS
294,2024-12-27T16:00:00+00:00,2024-12-27T17:00:00+00:00,BTCUSD,LONG,BTCUSD_5032_BULLISH_4951_4957,94280.5,93777.0,503.5,0.5348,REGIME_A_LE_06,94280.5,93777.0,95143.6429,503.5,863.1429,1.7143,SL_HIT,-1.0,0.0,0.0,-0.0,0.0,3.393,0.0339,-0.0339,3.359,1,SL_HIT,UNAMBIGUOUS
295,2024-12-27T21:00:00+00:00,2024-12-28T15:00:00+00:00,SOLUSD,LONG,SOLUSD_5037_BULLISH_4935_4939,185.62,180.669,4.951,2.6814,REGIME_B_GT_06,184.3822,180.669,188.0955,3.7132,3.7132,1.0,TP_HIT,1.0,0.0,0.0,0.0,0.0,3.359,0.0336,0.0336,3.3926,18,TP_HIT,UNAMBIGUOUS
296,2024-12-29T14:00:00+00:00,2024-12-29T17:00:00+00:00,SOLUSD,LONG,SOLUSD_5078_BULLISH_5066_5070,194.201,192.348,1.853,0.9563,REGIME_B_GT_06,193.7378,192.348,195.1275,1.3897,1.3897,1.0,SL_HIT,-1.0,0.0,0.0,-0.0,0.0,3.3926,0.0339,-0.0339,3.3587,3,SL_HIT,UNAMBIGUOUS
297,2024-12-29T17:00:00+00:00,2024-12-29T20:00:00+00:00,XRPUSD,LONG,XRPUSD_5081_BULLISH_5039_5056,2.1479,2.1329,0.015,0.6989,REGIME_B_GT_06,2.1441,2.1329,2.1554,0.0112,0.0112,1.0,SL_HIT,-1.0,0.0,0.0,-0.0,0.0,3.3587,0.0336,-0.0336,3.3251,3,SL_HIT,UNAMBIGUOUS
298,2024-12-30T01:00:00+00:00,2024-12-30T14:00:00+00:00,SOLUSD,SHORT,SOLUSD_5089_BEARISH_5078_5084,197.6,192.83,4.77,2.4715,REGIME_B_GT_06,194.0225,197.6,190.445,3.5775,3.5775,1.0,TP_HIT,1.0,0.0,0.0,0.0,0.0,3.3251,0.0333,0.0333,3.3584,13,TP_HIT,UNAMBIGUOUS
299,2024-12-30T17:00:00+00:00,2024-12-30T18:00:00+00:00,BTCUSD,SHORT,BTCUSD_5105_BEARISH_5100_5101,94252.0,93674.5,577.5,0.6157,REGIME_B_GT_06,93818.875,94252.0,93385.75,433.125,433.125,1.0,SL_HIT,-1.0,0.0,0.0,-0.0,0.0,3.3584,0.0336,-0.0336,3.3248,1,SL_HIT,UNAMBIGUOUS
300,2024-12-30T18:00:00+00:00,2024-12-30T19:00:00+00:00,SOLUSD,SHORT,SOLUSD_5106_BEARISH_5100_5101,194.76,192.79,1.97,1.013,REGIME_B_GT_06,193.2825,194.76,191.805,1.4775,1.4775,1.0,SL_HIT,-1.0,0.0,0.0,-0.0,0.0,3.3248,0.0332,-0.0332,3.2915,1,SL_HIT,UNAMBIGUOUS
301,2024-12-30T19:00:00+00:00,2024-12-31T00:00:00+00:00,XRPUSD,SHORT,XRPUSD_5107_BEARISH_5089_5093,2.1514,2.097,0.0544,2.5868,REGIME_B_GT_06,2.1106,2.1514,2.0698,0.0408,0.0408,1.0,TP_HIT,1.0,0.0,0.0,0.0,0.0,3.2915,0.0329,0.0329,3.3244,5,TP_HIT,UNAMBIGUOUS
302,2024-12-31T00:00:00+00:00,2024-12-31T08:00:00+00:00,XRPUSD,LONG,XRPUSD_5112_BULLISH_5103_5107,2.0354,1.9967,0.0387,1.9065,REGIME_B_GT_06,2.0257,1.9967,2.0548,0.029,0.029,1.0,TP_HIT,1.0,0.0,0.0,0.0,0.0,3.3244,0.0332,0.0332,3.3577,8,TP_HIT,UNAMBIGUOUS
303,2024-12-31T22:00:00+00:00,2025-01-01T09:00:00+00:00,ETHUSD,LONG,ETHUSD_5134_BULLISH_5113_5125,3343.55,3314.0,29.55,0.8851,REGIME_B_GT_06,3336.1625,3314.0,3358.325,22.1625,22.1625,1.0,SL_HIT,-1.0,0.0,0.0,-0.0,0.0,3.3577,0.0336,-0.0336,3.3241,11,SL_HIT,UNAMBIGUOUS
304,2025-01-01T12:00:00+00:00,2025-01-01T15:00:00+00:00,BTCUSD,SHORT,BTCUSD_5148_BEARISH_5136_5146,94449.0,93460.0,989.0,1.0545,REGIME_B_GT_06,93707.25,94449.0,92965.5,741.75,741.75,1.0,SL_HIT,-1.0,0.0,0.0,-0.0,0.0,3.3241,0.0332,-0.0332,3.2909,3,SL_HIT,UNAMBIGUOUS
305,2025-01-04T04:00:00+00:00,2025-01-04T15:00:00+00:00,XRPUSD,LONG,XRPUSD_5212_BULLISH_5208_5210,2.4659,2.4273,0.0386,1.5752,REGIME_B_GT_06,2.4562,2.4273,2.4852,0.029,0.029,1.0,SL_HIT,-1.0,0.0,0.0,-0.0,0.0,3.2909,0.0329,-0.0329,3.258,11,SL_HIT,UNAMBIGUOUS
306,2025-01-05T01:00:00+00:00,2025-01-05T14:00:00+00:00,BTCUSD,LONG,BTCUSD_5233_BULLISH_5223_5228,98120.0,97477.5,642.5,0.655,REGIME_B_GT_06,97959.375,97477.5,98441.25,481.875,481.875,1.0,SL_HIT,-1.0,0.0,0.0,-0.0,0.0,3.258,0.0326,-0.0326,3.2254,13,SL_HIT,UNAMBIGUOUS
307,2025-01-06T01:00:00+00:00,2025-01-06T02:00:00+00:00,XRPUSD,SHORT,XRPUSD_5257_BEARISH_5229_5232,2.4419,2.4188,0.0231,0.955,REGIME_B_GT_06,2.4246,2.4419,2.4072,0.0173,0.0173,1.0,SL_HIT,-1.0,0.0,0.0,-0.0,0.0,3.2254,0.0323,-0.0323,3.1931,1,SL_HIT,AMBIGUOUS_RESOLVED_CONSERVATIVE
308,2025-01-06T07:00:00+00:00,2025-01-06T14:00:00+00:00,ETHUSD,LONG,ETHUSD_5263_BULLISH_5257_5258,3654.95,3609.05,45.9,1.2578,REGIME_B_GT_06,3643.475,3609.05,3677.9,34.425,34.425,1.0,TP_HIT,1.0,0.0,0.0,0.0,0.0,3.1931,0.0319,0.0319,3.2251,7,TP_HIT,UNAMBIGUOUS
309,2025-01-06T20:00:00+00:00,2025-01-07T00:00:00+00:00,BTCUSD,SHORT,BTCUSD_5276_BEARISH_4834_4843,102587.5,101712.5,875.0,0.8572,REGIME_B_GT_06,101931.25,102587.5,101275.0,656.25,656.25,1.0,SL_HIT,-1.0,0.0,0.0,-0.0,0.0,3.2251,0.0323,-0.0323,3.1928,4,SL_HIT,UNAMBIGUOUS
310,2025-01-07T05:00:00+00:00,2025-01-07T06:00:00+00:00,XRPUSD,SHORT,XRPUSD_5285_BEARISH_5275_5280,2.4338,2.4201,0.0137,0.5636,REGIME_A_LE_06,2.4201,2.4338,2.3966,0.0137,0.0235,1.7143,SL_HIT,-1.0,0.0,0.0,-0.0,0.0,3.1928,0.0319,-0.0319,3.1609,1,SL_HIT,UNAMBIGUOUS
311,2025-01-07T11:00:00+00:00,2025-01-07T14:00:00+00:00,ETHUSD,LONG,ETHUSD_5291_BULLISH_5269_5271,3652.0,3622.9,29.1,0.7998,REGIME_B_GT_06,3644.725,3622.9,3666.55,21.825,21.825,1.0,SL_HIT,-1.0,0.0,0.0,-0.0,0.0,3.1609,0.0316,-0.0316,3.1293,3,SL_HIT,UNAMBIGUOUS
312,2025-01-07T15:00:00+00:00,2025-01-07T17:00:00+00:00,BTCUSD,LONG,BTCUSD_5295_BULLISH_5246_5254,97933.0,97029.0,904.0,0.9233,REGIME_B_GT_06,97707.0,97029.0,98385.0,678.0,678.0,1.0,SL_HIT,-1.0,0.0,0.0,-0.0,0.0,3.1293,0.0313,-0.0313,3.098,2,SL_HIT,UNAMBIGUOUS
313,2025-01-08T22:00:00+00:00,2025-01-09T02:00:00+00:00,BTCUSD,SHORT,BTCUSD_5326_BEARISH_5318_5321,95845.0,94854.0,991.0,1.0404,REGIME_B_GT_06,95101.75,95845.0,94358.5,743.25,743.25,1.0,TP_HIT,1.0,0.0,0.0,0.0,0.0,3.098,0.031,0.031,3.129,4,TP_HIT,UNAMBIGUOUS
314,2025-01-09T07:00:00+00:00,2025-01-09T13:00:00+00:00,XRPUSD,LONG,XRPUSD_5335_BULLISH_5320_5326,2.3148,2.2732,0.0416,1.8004,REGIME_B_GT_06,2.3044,2.2732,2.3356,0.0312,0.0312,1.0,SL_HIT,-1.0,0.0,0.0,-0.0,0.0,3.129,0.0313,-0.0313,3.0977,6,SL_HIT,UNAMBIGUOUS
315,2025-01-10T06:00:00+00:00,2025-01-10T07:00:00+00:00,SOLUSD,SHORT,SOLUSD_5358_BEARISH_5344_5348,192.68,190.539,2.141,1.1212,REGIME_B_GT_06,191.0743,192.68,189.4685,1.6058,1.6058,1.0,SL_HIT,-1.0,0.0,0.0,-0.0,0.0,3.0977,0.031,-0.031,3.0667,1,SL_HIT,UNAMBIGUOUS
316,2025-01-10T10:00:00+00:00,2025-01-10T13:00:00+00:00,BTCUSD,SHORT,BTCUSD_5362_BEARISH_5329_5341,95359.0,94930.5,428.5,0.4503,REGIME_A_LE_06,94930.5,95359.0,94195.9286,428.5,734.5714,1.7143,TP_HIT,1.7143,0.0,0.0,0.0,0.0,3.0667,0.0307,0.0526,3.1193,3,TP_HIT,UNAMBIGUOUS
317,2025-01-12T00:00:00+00:00,2025-01-12T09:00:00+00:00,BTCUSD,LONG,BTCUSD_5400_BULLISH_5393_5397,94415.0,93945.0,470.0,0.4978,REGIME_A_LE_06,94415.0,93945.0,95220.7143,470.0,805.7143,1.7143,SL_HIT,-1.0,0.0,0.0,-0.0,0.0,3.1193,0.0312,-0.0312,3.0881,9,SL_HIT,UNAMBIGUOUS
318,2025-01-12T17:00:00+00:00,2025-01-12T21:00:00+00:00,XRPUSD,SHORT,XRPUSD_5417_BEARISH_5405_5409,2.5555,2.5372,0.0183,0.7203,REGIME_B_GT_06,2.5418,2.5555,2.528,0.0137,0.0137,1.0,TP_HIT,1.0,0.0,0.0,0.0,0.0,3.0881,0.0309,0.0309,3.119,4,TP_HIT,UNAMBIGUOUS
319,2025-01-12T22:00:00+00:00,2025-01-13T00:00:00+00:00,BTCUSD,LONG,BTCUSD_5422_BULLISH_5409_5414,94199.5,93661.0,538.5,0.5734,REGIME_A_LE_06,94199.5,93661.0,95122.6429,538.5,923.1429,1.7143,TP_HIT,1.7143,0.0,0.0,0.0,0.0,3.119,0.0312,0.0535,3.1724,2,TP_HIT,UNAMBIGUOUS
320,2025-01-13T01:00:00+00:00,2025-01-13T05:00:00+00:00,ETHUSD,LONG,ETHUSD_5425_BULLISH_5422_5424,3267.3,3232.85,34.45,1.0567,REGIME_B_GT_06,3258.6875,3232.85,3284.525,25.8375,25.8375,1.0,SL_HIT,-1.0,0.0,0.0,-0.0,0.0,3.1724,0.0317,-0.0317,3.1407,4,SL_HIT,UNAMBIGUOUS
321,2025-01-13T06:00:00+00:00,2025-01-13T11:00:00+00:00,ETHUSD,LONG,ETHUSD_5430_BULLISH_4859_4867,3217.05,3101.55,115.5,3.6207,REGIME_B_GT_06,3188.175,3101.55,3274.8,86.625,86.625,1.0,SL_HIT,-1.0,0.0,0.0,-0.0,0.0,3.1407,0.0314,-0.0314,3.1093,5,SL_HIT,UNAMBIGUOUS
322,2025-01-13T21:00:00+00:00,2025-01-14T01:00:00+00:00,BTCUSD,SHORT,BTCUSD_5445_BEARISH_5428_5430,94878.0,94145.5,732.5,0.778,REGIME_B_GT_06,94328.625,94878.0,93779.25,549.375,549.375,1.0,SL_HIT,-1.0,0.0,0.0,-0.0,0.0,3.1093,0.0311,-0.0311,3.0782,4,SL_HIT,UNAMBIGUOUS
323,2025-01-14T07:00:00+00:00,2025-01-14T08:00:00+00:00,BTCUSD,SHORT,BTCUSD_5455_BEARISH_5370_5435,95749.0,94532.5,1216.5,1.2829,REGIME_B_GT_06,94836.625,95749.0,93924.25,912.375,912.375,1.0,SL_HIT,-1.0,0.0,0.0,-0.0,0.0,3.0782,0.0308,-0.0308,3.0474,1,SL_HIT,UNAMBIGUOUS
324,2025-01-14T09:00:00+00:00,2025-01-14T12:00:00+00:00,ETHUSD,SHORT,ETHUSD_5457_BEARISH_5426_5429,3270.0,3235.95,34.05,1.0501,REGIME_B_GT_06,3244.4625,3270.0,3218.925,25.5375,25.5375,1.0,TP_HIT,1.0,0.0,0.0,0.0,0.0,3.0474,0.0305,0.0305,3.0779,3,TP_HIT,UNAMBIGUOUS
325,2025-01-14T22:00:00+00:00,2025-01-15T13:00:00+00:00,SOLUSD,SHORT,SOLUSD_5470_BEARISH_5424_5427,191.906,188.22,3.686,1.9529,REGIME_B_GT_06,189.1415,191.906,186.377,2.7645,2.7645,1.0,SL_HIT,-1.0,0.0,0.0,-0.0,0.0,3.0779,0.0308,-0.0308,3.0471,15,SL_HIT,UNAMBIGUOUS
326,2025-01-18T03:00:00+00:00,2025-01-18T04:00:00+00:00,SOLUSD,LONG,SOLUSD_5547_BULLISH_5540_5546,221.13,216.35,4.78,2.1676,REGIME_B_GT_06,219.935,216.35,223.52,3.585,3.585,1.0,TP_HIT,1.0,0.0,0.0,0.0,0.0,3.0471,0.0305,0.0305,3.0776,1,TP_HIT,UNAMBIGUOUS
327,2025-01-18T23:00:00+00:00,2025-01-19T04:00:00+00:00,XRPUSD,SHORT,XRPUSD_5567_BEARISH_5543_5549,3.3171,3.2523,0.0648,1.9827,REGIME_B_GT_06,3.2685,3.3171,3.2199,0.0486,0.0486,1.0,TP_HIT,1.0,0.0,0.0,0.0,0.0,3.0776,0.0308,0.0308,3.1084,5,TP_HIT,UNAMBIGUOUS
328,2025-01-19T04:00:00+00:00,2025-01-19T08:00:00+00:00,ETHUSD,LONG,ETHUSD_5572_BULLISH_5562_5569,3283.6,3248.35,35.25,1.0736,REGIME_B_GT_06,3274.7875,3248.35,3301.225,26.4375,26.4375,1.0,SL_HIT,-1.0,0.0,0.0,-0.0,0.0,3.1084,0.0311,-0.0311,3.0773,4,SL_HIT,UNAMBIGUOUS
329,2025-01-19T21:00:00+00:00,2025-01-19T22:00:00+00:00,BTCUSD,LONG,BTCUSD_5589_BULLISH_5561_5572,104188.0,103209.0,979.0,0.9442,REGIME_B_GT_06,103943.25,103209.0,104677.5,734.25,734.25,1.0,SL_HIT,-1.0,0.0,0.0,-0.0,0.0,3.0773,0.0308,-0.0308,3.0465,1,SL_HIT,UNAMBIGUOUS
330,2025-01-20T00:00:00+00:00,2025-01-20T02:00:00+00:00,BTCUSD,LONG,BTCUSD_5592_BULLISH_5504_5521,99788.5,98573.0,1215.5,1.2184,REGIME_B_GT_06,99484.625,98573.0,100396.25,911.625,911.625,1.0,TP_HIT,1.0,0.0,0.0,0.0,0.0,3.0465,0.0305,0.0305,3.077,2,TP_HIT,UNAMBIGUOUS
331,2025-01-22T11:00:00+00:00,2025-01-22T14:00:00+00:00,ETHUSD,SHORT,ETHUSD_5651_BEARISH_5640_5647,3366.0,3322.5,43.5,1.3081,REGIME_B_GT_06,3333.375,3366.0,3300.75,32.625,32.625,1.0,TP_HIT,1.0,0.0,0.0,0.0,0.0,3.077,0.0308,0.0308,3.1077,3,TP_HIT,UNAMBIGUOUS
332,2025-01-22T15:00:00+00:00,2025-01-22T18:00:00+00:00,XRPUSD,LONG,XRPUSD_5655_BULLISH_5648_5651,3.1735,3.1411,0.0324,1.025,REGIME_B_GT_06,3.1654,3.1411,3.1897,0.0243,0.0243,1.0,SL_HIT,-1.0,0.0,0.0,-0.0,0.0,3.1077,0.0311,-0.0311,3.0767,3,SL_HIT,UNAMBIGUOUS
333,2025-01-22T18:00:00+00:00,2025-01-22T19:00:00+00:00,SOLUSD,LONG,SOLUSD_5658_BULLISH_5650_5653,254.865,252.11,2.755,1.0856,REGIME_B_GT_06,254.1763,252.11,256.2425,2.0662,2.0662,1.0,TP_HIT,1.0,0.0,0.0,0.0,0.0,3.0767,0.0308,0.0308,3.1074,1,TP_HIT,UNAMBIGUOUS
334,2025-01-22T22:00:00+00:00,2025-01-23T01:00:00+00:00,SOLUSD,LONG,SOLUSD_5662_BULLISH_5658_5659,260.09,253.219,6.871,2.6423,REGIME_B_GT_06,258.3723,253.219,263.5255,5.1533,5.1533,1.0,SL_HIT,-1.0,0.0,0.0,-0.0,0.0,3.1074,0.0311,-0.0311,3.0764,3,SL_HIT,UNAMBIGUOUS
335,2025-01-23T08:00:00+00:00,2025-01-23T14:00:00+00:00,BTCUSD,LONG,BTCUSD_5672_BULLISH_5622_5627,102181.5,101112.0,1069.5,1.0467,REGIME_B_GT_06,101914.125,101112.0,102716.25,802.125,802.125,1.0,TP_HIT,1.0,0.0,0.0,0.0,0.0,3.0764,0.0308,0.0308,3.1071,6,TP_HIT,UNAMBIGUOUS
336,2025-01-23T19:00:00+00:00,2025-01-23T20:00:00+00:00,SOLUSD,LONG,SOLUSD_5683_BULLISH_5677_5678,247.504,242.03,5.474,2.2184,REGIME_B_GT_06,246.1355,242.03,250.241,4.1055,4.1055,1.0,TP_HIT,1.0,0.0,0.0,0.0,0.0,3.1071,0.0311,0.0311,3.1382,1,TP_HIT,UNAMBIGUOUS
337,2025-01-24T17:00:00+00:00,2025-01-24T21:00:00+00:00,SOLUSD,SHORT,SOLUSD_5705_BEARISH_5660_5665,272.0,264.278,7.722,2.9202,REGIME_B_GT_06,266.2085,272.0,260.417,5.7915,5.7915,1.0,TP_HIT,1.0,0.0,0.0,0.0,0.0,3.1382,0.0314,0.0314,3.1696,4,TP_HIT,UNAMBIGUOUS
338,2025-01-25T04:00:00+00:00,2025-01-25T18:00:00+00:00,SOLUSD,LONG,SOLUSD_5716_BULLISH_5685_5693,251.42,243.488,7.932,3.1696,REGIME_B_GT_06,249.437,243.488,255.386,5.949,5.949,1.0,TP_HIT,1.0,0.0,0.0,0.0,0.0,3.1696,0.0317,0.0317,3.2013,14,TP_HIT,UNAMBIGUOUS
339,2025-01-26T17:00:00+00:00,2025-01-26T21:00:00+00:00,ETHUSD,SHORT,ETHUSD_5753_BEARISH_5740_5745,3361.2,3335.0,26.2,0.7853,REGIME_B_GT_06,3341.55,3361.2,3321.9,19.65,19.65,1.0,TP_HIT,1.0,0.0,0.0,0.0,0.0,3.2013,0.032,0.032,3.2333,4,TP_HIT,UNAMBIGUOUS
340,2025-01-28T12:00:00+00:00,2025-01-28T16:00:00+00:00,SOLUSD,LONG,SOLUSD_5796_BULLISH_5781_5788,237.72,232.619,5.101,2.1603,REGIME_B_GT_06,236.4447,232.619,240.2705,3.8257,3.8257,1.0,SL_HIT,-1.0,0.0,0.0,-0.0,0.0,3.2333,0.0323,-0.0323,3.2009,4,SL_HIT,UNAMBIGUOUS
341,2025-01-28T20:00:00+00:00,2025-01-28T21:00:00+00:00,XRPUSD,LONG,XRPUSD_5804_BULLISH_5793_5796,3.1101,3.0708,0.0393,1.2771,REGIME_B_GT_06,3.1003,3.0708,3.1297,0.0295,0.0295,1.0,SL_HIT,-1.0,0.0,0.0,-0.0,0.0,3.2009,0.032,-0.032,3.1689,1,SL_HIT,UNAMBIGUOUS
342,2025-01-29T06:00:00+00:00,2025-01-29T19:00:00+00:00,BTCUSD,SHORT,BTCUSD_5814_BEARISH_5799_5804,103797.0,102450.5,1346.5,1.3103,REGIME_B_GT_06,102787.125,103797.0,101777.25,1009.875,1009.875,1.0,SL_HIT,-1.0,0.0,0.0,-0.0,0.0,3.1689,0.0317,-0.0317,3.1372,13,SL_HIT,UNAMBIGUOUS
343,2025-01-30T08:00:00+00:00,2025-01-30T15:00:00+00:00,SOLUSD,SHORT,SOLUSD_5840_BEARISH_5789_5802,243.76,239.494,4.266,1.7811,REGIME_B_GT_06,240.5605,243.76,237.361,3.1995,3.1995,1.0,SL_HIT,-1.0,0.0,0.0,-0.0,0.0,3.1372,0.0314,-0.0314,3.1059,7,SL_HIT,UNAMBIGUOUS
344,2025-01-30T17:00:00+00:00,2025-01-30T18:00:00+00:00,BTCUSD,LONG,BTCUSD_5849_BULLISH_5839_5846,105308.0,104760.5,547.5,0.5202,REGIME_A_LE_06,105308.0,104760.5,106246.5714,547.5,938.5714,1.7143,SL_HIT,-1.0,0.0,0.0,-0.0,0.0,3.1059,0.0311,-0.0311,3.0748,1,SL_HIT,UNAMBIGUOUS
345,2025-01-30T20:00:00+00:00,2025-01-31T00:00:00+00:00,SOLUSD,LONG,SOLUSD_5852_BULLISH_5839_5846,239.621,237.088,2.533,1.062,REGIME_B_GT_06,238.9878,237.088,240.8875,1.8998,1.8998,1.0,SL_HIT,-1.0,0.0,0.0,-0.0,0.0,3.0748,0.0307,-0.0307,3.0441,4,SL_HIT,UNAMBIGUOUS
346,2025-01-31T04:00:00+00:00,2025-01-31T13:00:00+00:00,BTCUSD,LONG,BTCUSD_5860_BULLISH_5832_5835,104083.0,103229.0,854.0,0.8213,REGIME_B_GT_06,103869.5,103229.0,104510.0,640.5,640.5,1.0,TP_HIT,1.0,0.0,0.0,0.0,0.0,3.0441,0.0304,0.0304,3.0745,9,TP_HIT,UNAMBIGUOUS
347,2025-01-31T18:00:00+00:00,2025-02-01T10:00:00+00:00,SOLUSD,LONG,SOLUSD_5874_BULLISH_5832_5835,231.34,226.74,4.6,1.998,REGIME_B_GT_06,230.19,226.74,233.64,3.45,3.45,1.0,SL_HIT,-1.0,0.0,0.0,-0.0,0.0,3.0745,0.0307,-0.0307,3.0438,16,SL_HIT,UNAMBIGUOUS
348,2025-02-01T10:00:00+00:00,2025-02-01T12:00:00+00:00,ETHUSD,LONG,ETHUSD_5890_BULLISH_5860_5867,3234.6,3212.4,22.2,0.6866,REGIME_B_GT_06,3229.05,3212.4,3245.7,16.65,16.65,1.0,TP_HIT,1.0,0.0,0.0,0.0,0.0,3.0438,0.0304,0.0304,3.0742,2,TP_HIT,UNAMBIGUOUS
349,2025-02-02T09:00:00+00:00,2025-02-02T11:00:00+00:00,BTCUSD,LONG,BTCUSD_5913_BULLISH_5778_5786,99731.5,98818.0,913.5,0.9168,REGIME_B_GT_06,99503.125,98818.0,100188.25,685.125,685.125,1.0,SL_HIT,-1.0,0.0,0.0,-0.0,0.0,3.0742,0.0307,-0.0307,3.0435,2,SL_HIT,UNAMBIGUOUS
350,2025-02-03T12:00:00+00:00,2025-02-03T15:00:00+00:00,SOLUSD,LONG,SOLUSD_5940_BULLISH_5933_5938,197.31,189.6,7.71,3.9535,REGIME_B_GT_06,195.3825,189.6,201.165,5.7825,5.7825,1.0,TP_HIT,1.0,0.0,0.0,0.0,0.0,3.0435,0.0304,0.0304,3.0739,3,TP_HIT,UNAMBIGUOUS
351,2025-02-03T18:00:00+00:00,2025-02-03T21:00:00+00:00,SOLUSD,SHORT,SOLUSD_5946_BEARISH_5912_5920,215.635,210.736,4.899,2.3175,REGIME_B_GT_06,211.9607,215.635,208.2865,3.6743,3.6743,1.0,SL_HIT,-1.0,0.0,0.0,-0.0,0.0,3.0739,0.0307,-0.0307,3.0432,3,SL_HIT,UNAMBIGUOUS
352,2025-02-05T05:00:00+00:00,2025-02-06T05:00:00+00:00,ETHUSD,SHORT,ETHUSD_5981_BEARISH_5966_5973,2844.65,2774.0,70.65,2.5384,REGIME_B_GT_06,2791.6625,2844.65,2738.675,52.9875,52.9875,1.0,SL_HIT,-1.0,0.0,0.0,-0.0,0.0,3.0432,0.0304,-0.0304,3.0127,24,SL_HIT,UNAMBIGUOUS
353,2025-02-06T06:00:00+00:00,2025-02-06T15:00:00+00:00,BTCUSD,SHORT,BTCUSD_6006_BEARISH_5990_5994,99123.0,98074.5,1048.5,1.0663,REGIME_B_GT_06,98336.625,99123.0,97550.25,786.375,786.375,1.0,TP_HIT,1.0,0.0,0.0,0.0,0.0,3.0127,0.0301,0.0301,3.0428,9,TP_HIT,UNAMBIGUOUS
354,2025-02-07T14:00:00+00:00,2025-02-07T15:00:00+00:00,SOLUSD,SHORT,SOLUSD_6038_BEARISH_6006_6015,203.83,201.3,2.53,1.2452,REGIME_B_GT_06,201.9325,203.83,200.035,1.8975,1.8975,1.0,TP_HIT,1.0,0.0,0.0,0.0,0.0,3.0428,0.0304,0.0304,3.0733,1,TP_HIT,UNAMBIGUOUS
355,2025-02-07T16:00:00+00:00,2025-02-07T17:00:00+00:00,ETHUSD,LONG,ETHUSD_6040_BULLISH_6030_6034,2714.6,2666.7,47.9,1.7791,REGIME_B_GT_06,2702.625,2666.7,2738.55,35.925,35.925,1.0,SL_HIT,-1.0,0.0,0.0,-0.0,0.0,3.0733,0.0307,-0.0307,3.0425,1,SL_HIT,UNAMBIGUOUS
356,2025-02-07T19:00:00+00:00,2025-02-07T20:00:00+00:00,BTCUSD,LONG,BTCUSD_6043_BULLISH_6030_6036,97328.0,96534.5,793.5,0.8194,REGIME_B_GT_06,97129.625,96534.5,97724.75,595.125,595.125,1.0,SL_HIT,-1.0,0.0,0.0,-0.0,0.0,3.0425,0.0304,-0.0304,3.0121,1,SL_HIT,UNAMBIGUOUS
357,2025-02-09T11:00:00+00:00,2025-02-09T13:00:00+00:00,BTCUSD,LONG,BTCUSD_6083_BULLISH_6069_6073,96573.5,96310.5,263.0,0.2725,REGIME_A_LE_06,96573.5,96310.5,97024.3571,263.0,450.8571,1.7143,SL_HIT,-1.0,0.0,0.0,-0.0,0.0,3.0121,0.0301,-0.0301,2.982,2,SL_HIT,UNAMBIGUOUS
358,2025-02-09T23:00:00+00:00,2025-02-10T00:00:00+00:00,BTCUSD,SHORT,BTCUSD_6095_BEARISH_6092_6093,96736.0,95992.5,743.5,0.7711,REGIME_B_GT_06,96178.375,96736.0,95620.75,557.625,557.625,1.0,SL_HIT,-1.0,0.0,0.0,-0.0,0.0,2.982,0.0298,-0.0298,2.9522,1,SL_HIT,UNAMBIGUOUS
359,2025-02-10T01:00:00+00:00,2025-02-10T13:00:00+00:00,SOLUSD,LONG,SOLUSD_6097_BULLISH_6093_6096,199.73,193.36,6.37,3.2126,REGIME_B_GT_06,198.1375,193.36,202.915,4.7775,4.7775,1.0,TP_HIT,1.0,0.0,0.0,0.0,0.0,2.9522,0.0295,0.0295,2.9817,12,TP_HIT,UNAMBIGUOUS
360,2025-02-11T15:00:00+00:00,2025-02-11T19:00:00+00:00,SOLUSD,LONG,SOLUSD_6135_BULLISH_6098_6104,199.45,195.744,3.706,1.8596,REGIME_B_GT_06,198.5235,195.744,201.303,2.7795,2.7795,1.0,SL_HIT,-1.0,0.0,0.0,-0.0,0.0,2.9817,0.0298,-0.0298,2.9519,4,SL_HIT,UNAMBIGUOUS
361,2025-02-12T09:00:00+00:00,2025-02-12T13:00:00+00:00,SOLUSD,SHORT,SOLUSD_6153_BEARISH_6142_6147,199.29,196.1,3.19,1.6231,REGIME_B_GT_06,196.8975,199.29,194.505,2.3925,2.3925,1.0,TP_HIT,1.0,0.0,0.0,0.0,0.0,2.9519,0.0295,0.0295,2.9814,4,TP_HIT,UNAMBIGUOUS
362,2025-02-14T17:00:00+00:00,2025-02-14T19:00:00+00:00,ETHUSD,SHORT,ETHUSD_6209_BEARISH_6038_6043,2796.0,2762.5,33.5,1.2082,REGIME_B_GT_06,2770.875,2796.0,2745.75,25.125,25.125,1.0,TP_HIT,1.0,0.0,0.0,0.0,0.0,2.9814,0.0298,0.0298,3.0112,2,TP_HIT,UNAMBIGUOUS
363,2025-02-15T18:00:00+00:00,2025-02-16T05:00:00+00:00,ETHUSD,SHORT,ETHUSD_6234_BEARISH_6227_6230,2713.85,2698.35,15.5,0.5738,REGIME_A_LE_06,2698.35,2713.85,2671.7786,15.5,26.5714,1.7143,SL_HIT,-1.0,0.0,0.0,-0.0,0.0,3.0112,0.0301,-0.0301,2.9811,11,SL_HIT,UNAMBIGUOUS
364,2025-02-16T07:00:00+00:00,2025-02-16T14:00:00+00:00,ETHUSD,LONG,ETHUSD_6247_BULLISH_6236_6245,2695.85,2677.65,18.2,0.6755,REGIME_B_GT_06,2691.3,2677.65,2704.95,13.65,13.65,1.0,SL_HIT,-1.0,0.0,0.0,-0.0,0.0,2.9811,0.0298,-0.0298,2.9513,7,SL_HIT,UNAMBIGUOUS
365,2025-02-17T21:00:00+00:00,2025-02-17T23:00:00+00:00,BTCUSD,SHORT,BTCUSD_6285_BEARISH_6278_6279,97000.0,96350.0,650.0,0.6744,REGIME_B_GT_06,96512.5,97000.0,96025.0,487.5,487.5,1.0,TP_HIT,1.0,0.0,0.0,0.0,0.0,2.9513,0.0295,0.0295,2.9808,2,TP_HIT,UNAMBIGUOUS
366,2025-02-17T23:00:00+00:00,2025-02-18T05:00:00+00:00,SOLUSD,LONG,SOLUSD_6287_BULLISH_5437_5485,178.185,174.183,4.002,2.2558,REGIME_B_GT_06,177.1845,174.183,180.186,3.0015,3.0015,1.0,SL_HIT,-1.0,0.0,0.0,-0.0,0.0,2.9808,0.0298,-0.0298,2.951,6,SL_HIT,UNAMBIGUOUS
367,2025-02-18T12:00:00+00:00,2025-02-18T13:00:00+00:00,BTCUSD,SHORT,BTCUSD_6300_BEARISH_6290_6294,96296.5,95972.0,324.5,0.3375,REGIME_A_LE_06,95972.0,96296.5,95415.7143,324.5,556.2857,1.7143,SL_HIT,-1.0,0.0,0.0,-0.0,0.0,2.951,0.0295,-0.0295,2.9215,1,SL_HIT,UNAMBIGUOUS
368,2025-02-18T23:00:00+00:00,2025-02-19T10:00:00+00:00,ETHUSD,SHORT,ETHUSD_6311_BEARISH_6302_6304,2731.55,2670.4,61.15,2.2898,REGIME_B_GT_06,2685.6875,2731.55,2639.825,45.8625,45.8625,1.0,SL_HIT,-1.0,0.0,0.0,-0.0,0.0,2.9215,0.0292,-0.0292,2.8923,11,SL_HIT,UNAMBIGUOUS
369,2025-02-19T20:00:00+00:00,2025-02-20T02:00:00+00:00,SOLUSD,LONG,SOLUSD_6332_BULLISH_6317_6322,167.102,163.648,3.454,2.0694,REGIME_B_GT_06,166.2385,163.648,168.829,2.5905,2.5905,1.0,TP_HIT,1.0,0.0,0.0,0.0,0.0,2.8923,0.0289,0.0289,2.9212,6,TP_HIT,UNAMBIGUOUS
370,2025-02-20T08:00:00+00:00,2025-02-21T09:00:00+00:00,ETHUSD,SHORT,ETHUSD_6344_BEARISH_6285_6293,2776.4,2730.55,45.85,1.6783,REGIME_B_GT_06,2742.0125,2776.4,2707.625,34.3875,34.3875,1.0,SL_HIT,-1.0,0.0,0.0,-0.0,0.0,2.9212,0.0292,-0.0292,2.892,25,SL_HIT,UNAMBIGUOUS
371,2025-02-21T19:00:00+00:00,2025-02-21T20:00:00+00:00,BTCUSD,LONG,BTCUSD_6379_BULLISH_6317_6322,95308.0,95012.5,295.5,0.3103,REGIME_A_LE_06,95308.0,95012.5,95814.5714,295.5,506.5714,1.7143,SL_HIT,-1.0,0.0,0.0,-0.0,0.0,2.892,0.0289,-0.0289,2.8631,1,SL_HIT,UNAMBIGUOUS
372,2025-02-22T23:00:00+00:00,2025-02-23T00:00:00+00:00,XRPUSD,LONG,XRPUSD_6407_BULLISH_6387_6401,2.5739,2.5601,0.0138,0.5364,REGIME_A_LE_06,2.5739,2.5601,2.5976,0.0138,0.0237,1.7143,SL_HIT,-1.0,0.0,0.0,-0.0,0.0,2.8631,0.0286,-0.0286,2.8344,1,SL_HIT,UNAMBIGUOUS
373,2025-02-23T07:00:00+00:00,2025-02-23T12:00:00+00:00,XRPUSD,SHORT,XRPUSD_6415_BEARISH_6402_6409,2.6084,2.5859,0.0225,0.8692,REGIME_B_GT_06,2.5915,2.6084,2.5746,0.0169,0.0169,1.0,TP_HIT,1.0,0.0,0.0,0.0,0.0,2.8344,0.0283,0.0283,2.8628,5,TP_HIT,UNAMBIGUOUS
374,2025-02-23T16:00:00+00:00,2025-02-23T23:00:00+00:00,ETHUSD,SHORT,ETHUSD_6424_BEARISH_6373_6375,2844.9,2800.8,44.1,1.5722,REGIME_B_GT_06,2811.825,2844.9,2778.75,33.075,33.075,1.0,SL_HIT,-1.0,0.0,0.0,-0.0,0.0,2.8628,0.0286,-0.0286,2.8341,7,SL_HIT,UNAMBIGUOUS
375,2025-02-25T20:00:00+00:00,2025-02-25T22:00:00+00:00,ETHUSD,SHORT,ETHUSD_6476_BEARISH_6458_6463,2523.45,2473.1,50.35,2.0197,REGIME_B_GT_06,2485.6875,2523.45,2447.925,37.7625,37.7625,1.0,SL_HIT,-1.0,0.0,0.0,-0.0,0.0,2.8341,0.0283,-0.0283,2.8058,2,SL_HIT,UNAMBIGUOUS
376,2025-02-26T09:00:00+00:00,2025-02-26T11:00:00+00:00,ETHUSD,SHORT,ETHUSD_6489_BEARISH_6483_6488,2506.45,2487.0,19.45,0.7814,REGIME_B_GT_06,2491.8625,2506.45,2477.275,14.5875,14.5875,1.0,TP_HIT,1.0,0.0,0.0,0.0,0.0,2.8058,0.0281,0.0281,2.8339,2,TP_HIT,UNAMBIGUOUS
377,2025-02-27T14:00:00+00:00,2025-02-27T20:00:00+00:00,XRPUSD,LONG,XRPUSD_6518_BULLISH_6505_6514,2.2151,2.1586,0.0565,2.5878,REGIME_B_GT_06,2.201,2.1586,2.2434,0.0424,0.0424,1.0,SL_HIT,-1.0,0.0,0.0,-0.0,0.0,2.8339,0.0283,-0.0283,2.8055,6,SL_HIT,UNAMBIGUOUS
378,2025-03-01T00:00:00+00:00,2025-03-01T06:00:00+00:00,SOLUSD,LONG,SOLUSD_6552_BULLISH_6543_6551,147.79,143.649,4.141,2.8377,REGIME_B_GT_06,146.7548,143.649,149.8605,3.1058,3.1058,1.0,SL_HIT,-1.0,0.0,0.0,-0.0,0.0,2.8055,0.0281,-0.0281,2.7775,6,SL_HIT,UNAMBIGUOUS
379,2025-03-01T06:00:00+00:00,2025-03-01T11:00:00+00:00,ETHUSD,LONG,ETHUSD_6558_BULLISH_6546_6554,2254.3,2192.45,61.85,2.7667,REGIME_B_GT_06,2238.8375,2192.45,2285.225,46.3875,46.3875,1.0,SL_HIT,-1.0,0.0,0.0,-0.0,0.0,2.7775,0.0278,-0.0278,2.7497,5,SL_HIT,UNAMBIGUOUS
380,2025-03-02T06:00:00+00:00,2025-03-02T15:00:00+00:00,BTCUSD,SHORT,BTCUSD_6582_BEARISH_6514_6529,87061.0,86007.0,1054.0,1.2223,REGIME_B_GT_06,86270.5,87061.0,85480.0,790.5,790.5,1.0,SL_HIT,-1.0,0.0,0.0,-0.0,0.0,2.7497,0.0275,-0.0275,2.7222,9,SL_HIT,UNAMBIGUOUS
381,2025-03-03T19:00:00+00:00,2025-03-03T22:00:00+00:00,BTCUSD,LONG,BTCUSD_6619_BULLISH_6590_6591,85871.5,85013.5,858.0,1.0029,REGIME_B_GT_06,85657.0,85013.5,86300.5,643.5,643.5,1.0,TP_HIT,1.0,0.0,0.0,0.0,0.0,2.7222,0.0272,0.0272,2.7494,3,TP_HIT,UNAMBIGUOUS
382,2025-03-05T14:00:00+00:00,2025-03-05T20:00:00+00:00,ETHUSD,LONG,ETHUSD_6662_BULLISH_6649_6657,2192.0,2154.2,37.8,1.7416,REGIME_B_GT_06,2182.55,2154.2,2210.9,28.35,28.35,1.0,TP_HIT,1.0,0.0,0.0,0.0,0.0,2.7494,0.0275,0.0275,2.7769,6,TP_HIT,UNAMBIGUOUS
383,2025-03-06T06:00:00+00:00,2025-03-06T08:00:00+00:00,XRPUSD,LONG,XRPUSD_6678_BULLISH_6672_6674,2.5085,2.4687,0.0398,1.5914,REGIME_B_GT_06,2.4986,2.4687,2.5284,0.0299,0.0299,1.0,TP_HIT,1.0,0.0,0.0,0.0,0.0,2.7769,0.0278,0.0278,2.8047,2,TP_HIT,UNAMBIGUOUS
384,2025-03-06T17:00:00+00:00,2025-03-07T00:00:00+00:00,BTCUSD,LONG,BTCUSD_6689_BULLISH_6664_6673,89228.5,87558.0,1670.5,1.8858,REGIME_B_GT_06,88810.875,87558.0,90063.75,1252.875,1252.875,1.0,SL_HIT,-1.0,0.0,0.0,-0.0,0.0,2.8047,0.028,-0.028,2.7766,7,SL_HIT,UNAMBIGUOUS
385,2025-03-07T10:00:00+00:00,2025-03-07T14:00:00+00:00,ETHUSD,SHORT,ETHUSD_6706_BEARISH_6694_6696,2228.5,2194.05,34.45,1.5689,REGIME_B_GT_06,2202.6625,2228.5,2176.825,25.8375,25.8375,1.0,SL_HIT,-1.0,0.0,0.0,-0.0,0.0,2.7766,0.0278,-0.0278,2.7489,4,SL_HIT,UNAMBIGUOUS
386,2025-03-08T12:00:00+00:00,2025-03-09T10:00:00+00:00,XRPUSD,SHORT,XRPUSD_6732_BEARISH_6724_6731,2.3742,2.3304,0.0438,1.8773,REGIME_B_GT_06,2.3414,2.3742,2.3085,0.0328,0.0328,1.0,TP_HIT,1.0,0.0,0.0,0.0,0.0,2.7489,0.0275,0.0275,2.7764,22,TP_HIT,UNAMBIGUOUS
387,2025-03-09T10:00:00+00:00,2025-03-09T14:00:00+00:00,SOLUSD,LONG,SOLUSD_6754_BULLISH_6637_6641,136.29,132.587,3.703,2.7244,REGIME_B_GT_06,135.3642,132.587,138.1415,2.7773,2.7773,1.0,SL_HIT,-1.0,0.0,0.0,-0.0,0.0,2.7764,0.0278,-0.0278,2.7486,4,SL_HIT,UNAMBIGUOUS
388,2025-03-09T16:00:00+00:00,2025-03-09T23:00:00+00:00,SOLUSD,LONG,SOLUSD_6760_BULLISH_6532_6542,129.121,125.529,3.592,2.8082,REGIME_B_GT_06,128.223,125.529,130.917,2.694,2.694,1.0,SL_HIT,-1.0,0.0,0.0,-0.0,0.0,2.7486,0.0275,-0.0275,2.7211,7,SL_HIT,UNAMBIGUOUS
389,2025-03-10T13:00:00+00:00,2025-03-10T14:00:00+00:00,XRPUSD,LONG,XRPUSD_6781_BULLISH_6768_6779,2.1739,2.0859,0.088,4.0947,REGIME_B_GT_06,2.1519,2.0859,2.2179,0.066,0.066,1.0,SL_HIT,-1.0,0.0,0.0,-0.0,0.0,2.7211,0.0272,-0.0272,2.6939,1,SL_HIT,UNAMBIGUOUS
390,2025-03-10T18:00:00+00:00,2025-03-10T19:00:00+00:00,XRPUSD,LONG,XRPUSD_6786_BULLISH_6536_6591,2.0209,1.9505,0.0704,3.5235,REGIME_B_GT_06,2.0033,1.9505,2.0561,0.0528,0.0528,1.0,TP_HIT,1.0,0.0,0.0,0.0,0.0,2.6939,0.0269,0.0269,2.7208,1,TP_HIT,UNAMBIGUOUS
391,2025-03-11T18:00:00+00:00,2025-03-14T14:00:00+00:00,SOLUSD,SHORT,SOLUSD_6810_BEARISH_6777_6782,131.481,126.11,5.371,4.2122,REGIME_B_GT_06,127.4527,131.481,123.4245,4.0282,4.0282,1.0,SL_HIT,-1.0,0.0,0.0,-0.0,0.0,2.7208,0.0272,-0.0272,2.6936,68,SL_HIT,UNAMBIGUOUS
392,2025-03-16T02:00:00+00:00,2025-03-16T09:00:00+00:00,ETHUSD,LONG,ETHUSD_6914_BULLISH_6896_6903,1921.45,1911.5,9.95,0.518,REGIME_A_LE_06,1921.45,1911.5,1938.5071,9.95,17.0571,1.7143,SL_HIT,-1.0,0.0,0.0,-0.0,0.0,2.6936,0.0269,-0.0269,2.6667,7,SL_HIT,UNAMBIGUOUS
393,2025-03-16T09:00:00+00:00,2025-03-16T11:00:00+00:00,XRPUSD,LONG,XRPUSD_6921_BULLISH_6885_6889,2.353,2.3309,0.0221,0.9403,REGIME_B_GT_06,2.3475,2.3309,2.3641,0.0166,0.0166,1.0,SL_HIT,-1.0,0.0,0.0,-0.0,0.0,2.6667,0.0267,-0.0267,2.64,2,SL_HIT,UNAMBIGUOUS
394,2025-03-17T03:00:00+00:00,2025-03-17T06:00:00+00:00,BTCUSD,SHORT,BTCUSD_6939_BEARISH_6929_6934,84082.0,83435.0,647.0,0.7735,REGIME_B_GT_06,83596.75,84082.0,83111.5,485.25,485.25,1.0,TP_HIT,1.0,0.0,0.0,0.0,0.0,2.64,0.0264,0.0264,2.6664,3,TP_HIT,UNAMBIGUOUS
395,2025-03-18T00:00:00+00:00,2025-03-18T01:00:00+00:00,XRPUSD,LONG,XRPUSD_6960_BULLISH_6950_6954,2.3339,2.3052,0.0287,1.2361,REGIME_B_GT_06,2.3267,2.3052,2.3482,0.0215,0.0215,1.0,SL_HIT,-1.0,0.0,0.0,-0.0,0.0,2.6664,0.0267,-0.0267,2.6398,1,SL_HIT,UNAMBIGUOUS
396,2025-03-18T01:00:00+00:00,2025-03-18T06:00:00+00:00,BTCUSD,LONG,BTCUSD_6961_BULLISH_6950_6953,83328.0,82384.0,944.0,1.1356,REGIME_B_GT_06,83092.0,82384.0,83800.0,708.0,708.0,1.0,SL_HIT,-1.0,0.0,0.0,-0.0,0.0,2.6398,0.0264,-0.0264,2.6134,5,SL_HIT,UNAMBIGUOUS
397,2025-03-18T11:00:00+00:00,2025-03-19T10:00:00+00:00,XRPUSD,LONG,XRPUSD_6971_BULLISH_6857_6879,2.2725,2.2143,0.0582,2.574,REGIME_B_GT_06,2.258,2.2143,2.3016,0.0436,0.0436,1.0,TP_HIT,1.0,0.0,0.0,0.0,0.0,2.6134,0.0261,0.0261,2.6395,23,TP_HIT,UNAMBIGUOUS
398,2025-03-20T08:00:00+00:00,2025-03-20T15:00:00+00:00,XRPUSD,SHORT,XRPUSD_7016_BEARISH_7006_7013,2.5656,2.5051,0.0605,2.4114,REGIME_B_GT_06,2.5202,2.5656,2.4748,0.0454,0.0454,1.0,TP_HIT,1.0,0.0,0.0,0.0,0.0,2.6395,0.0264,0.0264,2.6659,7,TP_HIT,UNAMBIGUOUS
399,2025-03-22T03:00:00+00:00,2025-03-22T09:00:00+00:00,ETHUSD,SHORT,ETHUSD_7059_BEARISH_7033_7044,1995.8,1983.55,12.25,0.6172,REGIME_B_GT_06,1986.6125,1995.8,1977.425,9.1875,9.1875,1.0,SL_HIT,-1.0,0.0,0.0,-0.0,0.0,2.6659,0.0267,-0.0267,2.6392,6,SL_HIT,UNAMBIGUOUS
400,2025-03-22T14:00:00+00:00,2025-03-23T07:00:00+00:00,SOLUSD,LONG,SOLUSD_7070_BULLISH_7054_7065,129.23,127.47,1.76,1.3665,REGIME_B_GT_06,128.79,127.47,130.11,1.32,1.32,1.0,TP_HIT,1.0,0.0,0.0,0.0,0.0,2.6392,0.0264,0.0264,2.6656,17,TP_HIT,UNAMBIGUOUS
401,2025-03-24T01:00:00+00:00,2025-03-24T03:00:00+00:00,ETHUSD,LONG,ETHUSD_7105_BULLISH_7079_7083,1984.65,1973.85,10.8,0.5456,REGIME_A_LE_06,1984.65,1973.85,2003.1643,10.8,18.5143,1.7143,TP_HIT,1.7143,0.0,0.0,0.0,0.0,2.6656,0.0267,0.0457,2.7113,2,TP_HIT,UNAMBIGUOUS
402,2025-03-28T17:00:00+00:00,2025-03-29T09:00:00+00:00,ETHUSD,LONG,ETHUSD_7217_BULLISH_6931_6994,1895.7,1858.4,37.3,1.9803,REGIME_B_GT_06,1886.375,1858.4,1914.35,27.975,27.975,1.0,SL_HIT,-1.0,0.0,0.0,-0.0,0.0,2.7113,0.0271,-0.0271,2.6842,16,SL_HIT,UNAMBIGUOUS
403,2025-03-29T14:00:00+00:00,2025-03-30T03:00:00+00:00,XRPUSD,LONG,XRPUSD_7238_BULLISH_6806_6810,2.1289,2.0554,0.0735,3.4729,REGIME_B_GT_06,2.1105,2.0554,2.1656,0.0551,0.0551,1.0,TP_HIT,1.0,0.0,0.0,0.0,0.0,2.6842,0.0268,0.0268,2.7111,13,TP_HIT,UNAMBIGUOUS
404,2025-03-31T07:00:00+00:00,2025-03-31T12:00:00+00:00,BTCUSD,LONG,BTCUSD_7279_BULLISH_6974_6993,81935.5,81113.0,822.5,1.0043,REGIME_B_GT_06,81729.875,81113.0,82346.75,616.875,616.875,1.0,TP_HIT,1.0,0.0,0.0,0.0,0.0,2.7111,0.0271,0.0271,2.7382,5,TP_HIT,UNAMBIGUOUS
405,2025-03-31T14:00:00+00:00,2025-03-31T15:00:00+00:00,ETHUSD,SHORT,ETHUSD_7286_BEARISH_7256_7261,1848.4,1836.85,11.55,0.6279,REGIME_B_GT_06,1839.7375,1848.4,1831.075,8.6625,8.6625,1.0,SL_HIT,-1.0,0.0,0.0,-0.0,0.0,2.7382,0.0274,-0.0274,2.7108,1,SL_HIT,UNAMBIGUOUS
406,2025-04-02T00:00:00+00:00,2025-04-02T06:00:00+00:00,ETHUSD,LONG,ETHUSD_7320_BULLISH_7304_7311,1891.65,1853.7,37.95,2.0089,REGIME_B_GT_06,1882.1625,1853.7,1910.625,28.4625,28.4625,1.0,SL_HIT,-1.0,0.0,0.0,-0.0,0.0,2.7108,0.0271,-0.0271,2.6837,6,SL_HIT,UNAMBIGUOUS
407,2025-04-02T09:00:00+00:00,2025-04-02T13:00:00+00:00,BTCUSD,SHORT,BTCUSD_7329_BEARISH_7319_7323,85510.0,84927.0,583.0,0.686,REGIME_B_GT_06,85072.75,85510.0,84635.5,437.25,437.25,1.0,SL_HIT,-1.0,0.0,0.0,-0.0,0.0,2.6837,0.0268,-0.0268,2.6568,4,SL_HIT,UNAMBIGUOUS
408,2025-04-02T21:00:00+00:00,2025-04-02T22:00:00+00:00,XRPUSD,LONG,XRPUSD_7341_BULLISH_7327_7335,2.1114,2.0659,0.0455,2.1633,REGIME_B_GT_06,2.1,2.0659,2.1341,0.0341,0.0341,1.0,SL_HIT,-1.0,0.0,0.0,-0.0,0.0,2.6568,0.0266,-0.0266,2.6303,1,SL_HIT,UNAMBIGUOUS
409,2025-04-02T22:00:00+00:00,2025-04-03T12:00:00+00:00,SOLUSD,LONG,SOLUSD_7342_BULLISH_6793_6796,119.182,113.86,5.322,4.4866,REGIME_B_GT_06,117.8515,113.86,121.843,3.9915,3.9915,1.0,SL_HIT,-1.0,0.0,0.0,-0.0,0.0,2.6303,0.0263,-0.0263,2.604,14,SL_HIT,UNAMBIGUOUS
410,2025-04-03T17:00:00+00:00,2025-04-04T16:00:00+00:00,SOLUSD,LONG,SOLUSD_7361_BULLISH_1571_1574,116.577,110.569,6.008,5.2627,REGIME_B_GT_06,115.075,110.569,119.581,4.506,4.506,1.0,TP_HIT,1.0,0.0,0.0,0.0,0.0,2.604,0.026,0.026,2.63,23,TP_HIT,UNAMBIGUOUS
411,2025-04-04T17:00:00+00:00,2025-04-04T20:00:00+00:00,BTCUSD,SHORT,BTCUSD_7385_BEARISH_7377_7378,84680.0,84091.0,589.0,0.6976,REGIME_B_GT_06,84238.25,84680.0,83796.5,441.75,441.75,1.0,TP_HIT,1.0,0.0,0.0,0.0,0.0,2.63,0.0263,0.0263,2.6563,3,TP_HIT,UNAMBIGUOUS
412,2025-04-05T15:00:00+00:00,2025-04-05T23:00:00+00:00,XRPUSD,LONG,XRPUSD_7407_BULLISH_7395_7402,2.1226,2.113,0.0096,0.4525,REGIME_A_LE_06,2.1226,2.113,2.1391,0.0096,0.0165,1.7143,TP_HIT,1.7143,0.0,0.0,0.0,0.0,2.6563,0.0266,0.0455,2.7018,8,TP_HIT,UNAMBIGUOUS
413,2025-04-06T13:00:00+00:00,2025-04-06T17:00:00+00:00,SOLUSD,LONG,SOLUSD_7429_BULLISH_7379_7384,115.454,113.2477,2.2063,1.9242,REGIME_B_GT_06,114.9024,113.2477,116.5571,1.6547,1.6547,1.0,SL_HIT,-1.0,0.0,0.0,-0.0,0.0,2.7018,0.027,-0.027,2.6748,4,SL_HIT,UNAMBIGUOUS
414,2025-04-08T16:00:00+00:00,2025-04-08T17:00:00+00:00,XRPUSD,LONG,XRPUSD_7480_BULLISH_7471_7475,1.8691,1.8468,0.0223,1.1971,REGIME_B_GT_06,1.8635,1.8468,1.8803,0.0167,0.0167,1.0,SL_HIT,-1.0,0.0,0.0,-0.0,0.0,2.6748,0.0267,-0.0267,2.6481,1,SL_HIT,UNAMBIGUOUS
415,2025-04-09T04:00:00+00:00,2025-04-09T06:00:00+00:00,SOLUSD,SHORT,SOLUSD_7492_BEARISH_7488_7491,106.522,104.175,2.347,2.2324,REGIME_B_GT_06,104.7618,106.522,103.0015,1.7602,1.7602,1.0,SL_HIT,-1.0,0.0,0.0,-0.0,0.0,2.6481,0.0265,-0.0265,2.6216,2,SL_HIT,UNAMBIGUOUS
416,2025-04-09T11:00:00+00:00,2025-04-09T17:00:00+00:00,SOLUSD,LONG,SOLUSD_7499_BULLISH_7489_7495,105.0,101.259,3.741,3.6183,REGIME_B_GT_06,104.0648,101.259,106.8705,2.8058,2.8058,1.0,TP_HIT,1.0,0.0,0.0,0.0,0.0,2.6216,0.0262,0.0262,2.6478,6,TP_HIT,UNAMBIGUOUS
417,2025-04-11T01:00:00+00:00,2025-04-11T18:00:00+00:00,XRPUSD,SHORT,XRPUSD_7537_BEARISH_7524_7527,2.0451,1.9871,0.058,2.9095,REGIME_B_GT_06,2.0016,2.0451,1.9581,0.0435,0.0435,1.0,SL_HIT,-1.0,0.0,0.0,-0.0,0.0,2.6478,0.0265,-0.0265,2.6213,17,SL_HIT,UNAMBIGUOUS
418,2025-04-12T02:00:00+00:00,2025-04-12T06:00:00+00:00,XRPUSD,LONG,XRPUSD_7562_BULLISH_7550_7553,2.0124,1.9834,0.029,1.4477,REGIME_B_GT_06,2.0051,1.9834,2.0269,0.0217,0.0217,1.0,TP_HIT,1.0,0.0,0.0,0.0,0.0,2.6213,0.0262,0.0262,2.6475,4,TP_HIT,UNAMBIGUOUS
419,2025-04-13T13:00:00+00:00,2025-04-13T16:00:00+00:00,XRPUSD,LONG,XRPUSD_7597_BULLISH_7589_7592,2.1445,2.1261,0.0184,0.8587,REGIME_B_GT_06,2.1399,2.1261,2.1537,0.0138,0.0138,1.0,TP_HIT,1.0,0.0,0.0,0.0,0.0,2.6475,0.0265,0.0265,2.674,3,TP_HIT,UNAMBIGUOUS
420,2025-04-13T16:00:00+00:00,2025-04-13T17:00:00+00:00,SOLUSD,SHORT,SOLUSD_7600_BEARISH_7593_7597,131.547,129.436,2.111,1.6289,REGIME_B_GT_06,129.9638,131.547,128.3805,1.5832,1.5832,1.0,SL_HIT,-1.0,0.0,0.0,-0.0,0.0,2.674,0.0267,-0.0267,2.6473,1,SL_HIT,UNAMBIGUOUS
421,2025-04-13T19:00:00+00:00,2025-04-13T20:00:00+00:00,SOLUSD,LONG,SOLUSD_7603_BULLISH_7597_7601,130.117,126.8,3.317,2.5876,REGIME_B_GT_06,129.2877,126.8,131.7755,2.4877,2.4877,1.0,SL_HIT,-1.0,0.0,0.0,-0.0,0.0,2.6473,0.0265,-0.0265,2.6208,1,SL_HIT,UNAMBIGUOUS
422,2025-04-14T00:00:00+00:00,2025-04-14T02:00:00+00:00,SOLUSD,SHORT,SOLUSD_7608_BEARISH_7601_7604,132.547,129.4439,3.1031,2.3819,REGIME_B_GT_06,130.2197,132.547,127.8923,2.3273,2.3273,1.0,SL_HIT,-1.0,0.0,0.0,-0.0,0.0,2.6208,0.0262,-0.0262,2.5946,2,SL_HIT,UNAMBIGUOUS
423,2025-04-14T15:00:00+00:00,2025-04-14T21:00:00+00:00,ETHUSD,LONG,ETHUSD_7623_BULLISH_7615_7618,1636.05,1611.9,24.15,1.4837,REGIME_B_GT_06,1630.0125,1611.9,1648.125,18.1125,18.1125,1.0,SL_HIT,-1.0,0.0,0.0,-0.0,0.0,2.5946,0.0259,-0.0259,2.5687,6,SL_HIT,UNAMBIGUOUS
424,2025-04-15T05:00:00+00:00,2025-04-15T18:00:00+00:00,SOLUSD,SHORT,SOLUSD_7637_BEARISH_7622_7623,134.746,131.08,3.666,2.7934,REGIME_B_GT_06,131.9965,134.746,129.247,2.7495,2.7495,1.0,TP_HIT,1.0,0.0,0.0,0.0,0.0,2.5687,0.0257,0.0257,2.5943,13,TP_HIT,UNAMBIGUOUS
425,2025-04-16T19:00:00+00:00,2025-04-17T16:00:00+00:00,ETHUSD,SHORT,ETHUSD_7675_BEARISH_7671_7673,1615.25,1584.8,30.45,1.9164,REGIME_B_GT_06,1592.4125,1615.25,1569.575,22.8375,22.8375,1.0,SL_HIT,-1.0,0.0,0.0,-0.0,0.0,2.5943,0.0259,-0.0259,2.5684,21,SL_HIT,UNAMBIGUOUS
426,2025-04-18T15:00:00+00:00,2025-04-19T04:00:00+00:00,BTCUSD,LONG,BTCUSD_7719_BULLISH_7694_7697,84430.0,83700.0,730.0,0.8656,REGIME_B_GT_06,84247.5,83700.0,84795.0,547.5,547.5,1.0,TP_HIT,1.0,0.0,0.0,0.0,0.0,2.5684,0.0257,0.0257,2.5941,13,TP_HIT,UNAMBIGUOUS
427,2025-04-20T08:00:00+00:00,2025-04-20T10:00:00+00:00,ETHUSD,LONG,ETHUSD_7760_BULLISH_7728_7732,1590.1,1584.6,5.5,0.346,REGIME_A_LE_06,1590.1,1584.6,1599.5286,5.5,9.4286,1.7143,SL_HIT,-1.0,0.0,0.0,-0.0,0.0,2.5941,0.0259,-0.0259,2.5681,2,SL_HIT,UNAMBIGUOUS
428,2025-04-21T10:00:00+00:00,2025-04-21T17:00:00+00:00,ETHUSD,SHORT,ETHUSD_7786_BEARISH_7645_7652,1660.75,1620.1,40.65,2.4854,REGIME_B_GT_06,1630.2625,1660.75,1599.775,30.4875,30.4875,1.0,TP_HIT,1.0,0.0,0.0,0.0,0.0,2.5681,0.0257,0.0257,2.5938,7,TP_HIT,UNAMBIGUOUS
429,2025-04-22T02:00:00+00:00,2025-04-22T13:00:00+00:00,XRPUSD,LONG,XRPUSD_7802_BULLISH_7800_7801,2.0868,2.0623,0.0245,1.1762,REGIME_B_GT_06,2.0807,2.0623,2.0991,0.0184,0.0184,1.0,TP_HIT,1.0,0.0,0.0,0.0,0.0,2.5938,0.0259,0.0259,2.6198,11,TP_HIT,UNAMBIGUOUS
430,2025-04-23T11:00:00+00:00,2025-04-23T13:00:00+00:00,BTCUSD,LONG,BTCUSD_7835_BULLISH_7825_7831,93462.0,92552.0,910.0,0.974,REGIME_B_GT_06,93234.5,92552.0,93917.0,682.5,682.5,1.0,TP_HIT,1.0,0.0,0.0,0.0,0.0,2.6198,0.0262,0.0262,2.646,2,TP_HIT,UNAMBIGUOUS
431,2025-04-24T07:00:00+00:00,2025-04-24T08:00:00+00:00,XRPUSD,LONG,XRPUSD_7855_BULLISH_7816_7821,2.1606,2.1395,0.0211,0.9819,REGIME_B_GT_06,2.1553,2.1395,2.1711,0.0158,0.0158,1.0,SL_HIT,-1.0,0.0,0.0,-0.0,0.0,2.646,0.0265,-0.0265,2.6195,1,SL_HIT,UNAMBIGUOUS
432,2025-04-25T10:00:00+00:00,2025-04-25T12:00:00+00:00,SOLUSD,LONG,SOLUSD_7882_BULLISH_7874_7879,153.141,150.5,2.641,1.7268,REGIME_B_GT_06,152.4808,150.5,154.4615,1.9808,1.9808,1.0,TP_HIT,1.0,0.0,0.0,0.0,0.0,2.6195,0.0262,0.0262,2.6457,2,TP_HIT,UNAMBIGUOUS
433,2025-04-25T13:00:00+00:00,2025-04-25T14:00:00+00:00,ETHUSD,LONG,ETHUSD_7885_BULLISH_7874_7881,1770.3,1738.15,32.15,1.818,REGIME_B_GT_06,1762.2625,1738.15,1786.375,24.1125,24.1125,1.0,TP_HIT,1.0,0.0,0.0,0.0,0.0,2.6457,0.0265,0.0265,2.6722,1,TP_HIT,UNAMBIGUOUS
434,2025-04-26T15:00:00+00:00,2025-04-26T20:00:00+00:00,ETHUSD,SHORT,ETHUSD_7911_BEARISH_7905_7907,1815.0,1792.25,22.75,1.2642,REGIME_B_GT_06,1797.9375,1815.0,1780.875,17.0625,17.0625,1.0,SL_HIT,-1.0,0.0,0.0,-0.0,0.0,2.6722,0.0267,-0.0267,2.6454,5,SL_HIT,UNAMBIGUOUS
435,2025-04-27T01:00:00+00:00,2025-04-27T04:00:00+00:00,BTCUSD,LONG,BTCUSD_7921_BULLISH_7912_7918,94325.0,94000.0,325.0,0.3455,REGIME_A_LE_06,94325.0,94000.0,94882.1429,325.0,557.1429,1.7143,SL_HIT,-1.0,0.0,0.0,-0.0,0.0,2.6454,0.0265,-0.0265,2.619,3,SL_HIT,UNAMBIGUOUS
436,2025-04-27T13:00:00+00:00,2025-04-28T00:00:00+00:00,SOLUSD,SHORT,SOLUSD_7933_BEARISH_7920_7921,150.351,148.96,1.391,0.9332,REGIME_B_GT_06,149.3077,150.351,148.2645,1.0433,1.0433,1.0,TP_HIT,1.0,0.0,0.0,0.0,0.0,2.619,0.0262,0.0262,2.6452,11,TP_HIT,UNAMBIGUOUS
437,2025-04-28T01:00:00+00:00,2025-04-28T04:00:00+00:00,XRPUSD,LONG,XRPUSD_7945_BULLISH_7934_7939,2.2382,2.2116,0.0266,1.1916,REGIME_B_GT_06,2.2315,2.2116,2.2515,0.02,0.02,1.0,TP_HIT,1.0,0.0,0.0,0.0,0.0,2.6452,0.0265,0.0265,2.6716,3,TP_HIT,UNAMBIGUOUS
438,2025-04-28T05:00:00+00:00,2025-04-28T06:00:00+00:00,BTCUSD,SHORT,BTCUSD_7949_BEARISH_7941_7944,94515.5,94118.0,397.5,0.4221,REGIME_A_LE_06,94118.0,94515.5,93436.5714,397.5,681.4286,1.7143,SL_HIT,-1.0,0.0,0.0,-0.0,0.0,2.6716,0.0267,-0.0267,2.6449,1,SL_HIT,UNAMBIGUOUS
439,2025-04-28T06:00:00+00:00,2025-04-28T10:00:00+00:00,BTCUSD,SHORT,BTCUSD_7950_BEARISH_7920_7924,94943.0,94524.0,419.0,0.4432,REGIME_A_LE_06,94524.0,94943.0,93805.7143,419.0,718.2857,1.7143,SL_HIT,-1.0,0.0,0.0,-0.0,0.0,2.6449,0.0264,-0.0264,2.6185,4,SL_HIT,UNAMBIGUOUS
440,2025-04-28T14:00:00+00:00,2025-04-29T18:00:00+00:00,SOLUSD,LONG,SOLUSD_7958_BULLISH_7945_7950,147.34,144.557,2.783,1.8901,REGIME_B_GT_06,146.6442,144.557,148.7315,2.0873,2.0873,1.0,TP_HIT,1.0,0.0,0.0,0.0,0.0,2.6185,0.0262,0.0262,2.6446,28,TP_HIT,UNAMBIGUOUS
441,2025-04-29T22:00:00+00:00,2025-04-29T23:00:00+00:00,SOLUSD,LONG,SOLUSD_7990_BULLISH_7973_7976,146.74,145.46,1.28,0.877,REGIME_B_GT_06,146.42,145.46,147.38,0.96,0.96,1.0,SL_HIT,-1.0,0.0,0.0,-0.0,0.0,2.6446,0.0264,-0.0264,2.6182,1,SL_HIT,UNAMBIGUOUS
442,2025-04-30T03:00:00+00:00,2025-04-30T13:00:00+00:00,BTCUSD,SHORT,BTCUSD_7995_BEARISH_7984_7990,95423.0,94750.0,673.0,0.7085,REGIME_B_GT_06,94918.25,95423.0,94413.5,504.75,504.75,1.0,TP_HIT,1.0,0.0,0.0,0.0,0.0,2.6182,0.0262,0.0262,2.6444,10,TP_HIT,UNAMBIGUOUS
443,2025-04-30T13:00:00+00:00,2025-04-30T20:00:00+00:00,ETHUSD,LONG,ETHUSD_8005_BULLISH_7856_7920,1760.3,1722.0,38.3,2.2009,REGIME_B_GT_06,1750.725,1722.0,1779.45,28.725,28.725,1.0,TP_HIT,1.0,0.0,0.0,0.0,0.0,2.6444,0.0264,0.0264,2.6708,7,TP_HIT,UNAMBIGUOUS
444,2025-04-30T20:00:00+00:00,2025-05-01T01:00:00+00:00,SOLUSD,SHORT,SOLUSD_8012_BEARISH_7995_8004,148.62,146.129,2.491,1.695,REGIME_B_GT_06,146.7517,148.62,144.8835,1.8683,1.8683,1.0,SL_HIT,-1.0,0.0,0.0,-0.0,0.0,2.6708,0.0267,-0.0267,2.6441,5,SL_HIT,UNAMBIGUOUS
445,2025-05-01T06:00:00+00:00,2025-05-01T08:00:00+00:00,SOLUSD,SHORT,SOLUSD_8022_BEARISH_7986_7990,150.363,148.384,1.979,1.3308,REGIME_B_GT_06,148.8787,150.363,147.3945,1.4843,1.4843,1.0,SL_HIT,-1.0,0.0,0.0,-0.0,0.0,2.6441,0.0264,-0.0264,2.6177,2,SL_HIT,UNAMBIGUOUS
446,2025-05-01T08:00:00+00:00,2025-05-01T10:00:00+00:00,ETHUSD,SHORT,ETHUSD_8024_BEARISH_7984_7989,1831.95,1812.8,19.15,1.0537,REGIME_B_GT_06,1817.5875,1831.95,1803.225,14.3625,14.3625,1.0,SL_HIT,-1.0,0.0,0.0,-0.0,0.0,2.6177,0.0262,-0.0262,2.5915,2,SL_HIT,UNAMBIGUOUS
447,2025-05-02T11:00:00+00:00,2025-05-02T14:00:00+00:00,SOLUSD,SHORT,SOLUSD_8051_BEARISH_8041_8045,151.63,150.06,1.57,1.0422,REGIME_B_GT_06,150.4525,151.63,149.275,1.1775,1.1775,1.0,SL_HIT,-1.0,0.0,0.0,-0.0,0.0,2.5915,0.0259,-0.0259,2.5656,3,SL_HIT,UNAMBIGUOUS
448,2025-05-02T18:00:00+00:00,2025-05-03T10:00:00+00:00,XRPUSD,LONG,XRPUSD_8058_BULLISH_8047_8054,2.2128,2.1909,0.0219,0.9903,REGIME_B_GT_06,2.2073,2.1909,2.2237,0.0164,0.0164,1.0,SL_HIT,-1.0,0.0,0.0,-0.0,0.0,2.5656,0.0257,-0.0257,2.5399,16,SL_HIT,UNAMBIGUOUS
449,2025-05-03T12:00:00+00:00,2025-05-03T17:00:00+00:00,SOLUSD,SHORT,SOLUSD_8076_BEARISH_8067_8073,149.02,147.989,1.031,0.6965,REGIME_B_GT_06,148.2468,149.02,147.4735,0.7732,0.7732,1.0,TP_HIT,1.0,0.0,0.0,0.0,0.0,2.5399,0.0254,0.0254,2.5653,5,TP_HIT,UNAMBIGUOUS
450,2025-05-04T15:00:00+00:00,2025-05-04T16:00:00+00:00,XRPUSD,SHORT,XRPUSD_8103_BEARISH_8093_8097,2.2122,2.1956,0.0166,0.756,REGIME_B_GT_06,2.1998,2.2122,2.1873,0.0124,0.0124,1.0,TP_HIT,1.0,0.0,0.0,0.0,0.0,2.5653,0.0257,0.0257,2.591,1,TP_HIT,UNAMBIGUOUS
451,2025-05-04T17:00:00+00:00,2025-05-04T22:00:00+00:00,SOLUSD,SHORT,SOLUSD_8105_BEARISH_8085_8091,147.88,146.858,1.022,0.6948,REGIME_B_GT_06,147.1135,147.88,146.347,0.7665,0.7665,1.0,TP_HIT,1.0,0.0,0.0,0.0,0.0,2.591,0.0259,0.0259,2.6169,5,TP_HIT,UNAMBIGUOUS
452,2025-05-05T06:00:00+00:00,2025-05-05T10:00:00+00:00,SOLUSD,SHORT,SOLUSD_8118_BEARISH_8106_8111,147.75,146.479,1.271,0.8662,REGIME_B_GT_06,146.7968,147.75,145.8435,0.9532,0.9532,1.0,TP_HIT,1.0,0.0,0.0,0.0,0.0,2.6169,0.0262,0.0262,2.643,4,TP_HIT,UNAMBIGUOUS
453,2025-05-06T15:00:00+00:00,2025-05-06T22:00:00+00:00,SOLUSD,LONG,SOLUSD_8151_BULLISH_8006_8017,143.27,140.447,2.823,1.9722,REGIME_B_GT_06,142.5643,140.447,144.6815,2.1173,2.1173,1.0,TP_HIT,1.0,0.0,0.0,0.0,0.0,2.643,0.0264,0.0264,2.6695,7,TP_HIT,UNAMBIGUOUS
454,2025-05-07T21:00:00+00:00,2025-05-08T00:00:00+00:00,BTCUSD,SHORT,BTCUSD_8181_BEARISH_8174_8179,97458.0,96756.0,702.0,0.7231,REGIME_B_GT_06,96931.5,97458.0,96405.0,526.5,526.5,1.0,SL_HIT,-1.0,0.0,0.0,-0.0,0.0,2.6695,0.0267,-0.0267,2.6428,3,SL_HIT,UNAMBIGUOUS
455,2025-05-08T00:00:00+00:00,2025-05-08T01:00:00+00:00,BTCUSD,SHORT,BTCUSD_8184_BEARISH_8055_8067,97849.0,97004.5,844.5,0.864,REGIME_B_GT_06,97215.625,97849.0,96582.25,633.375,633.375,1.0,SL_HIT,-1.0,0.0,0.0,-0.0,0.0,2.6428,0.0264,-0.0264,2.6164,1,SL_HIT,UNAMBIGUOUS
456,2025-05-08T03:00:00+00:00,2025-05-08T08:00:00+00:00,BTCUSD,SHORT,BTCUSD_8187_BEARISH_6373_6377,99432.0,98749.5,682.5,0.6887,REGIME_B_GT_06,98920.125,99432.0,98408.25,511.875,511.875,1.0,SL_HIT,-1.0,0.0,0.0,-0.0,0.0,2.6164,0.0262,-0.0262,2.5902,5,SL_HIT,UNAMBIGUOUS
457,2025-05-10T03:00:00+00:00,2025-05-10T10:00:00+00:00,XRPUSD,LONG,XRPUSD_8235_BULLISH_8225_8234,2.3675,2.3242,0.0433,1.8293,REGIME_B_GT_06,2.3567,2.3242,2.3892,0.0325,0.0325,1.0,TP_HIT,1.0,0.0,0.0,0.0,0.0,2.5902,0.0259,0.0259,2.6161,7,TP_HIT,UNAMBIGUOUS
458,2025-05-10T13:00:00+00:00,2025-05-10T17:00:00+00:00,SOLUSD,SHORT,SOLUSD_8245_BEARISH_8240_8243,173.4,171.137,2.263,1.3182,REGIME_B_GT_06,171.7028,173.4,170.0055,1.6972,1.6972,1.0,SL_HIT,-1.0,0.0,0.0,-0.0,0.0,2.6161,0.0262,-0.0262,2.5899,4,SL_HIT,UNAMBIGUOUS
459,2025-05-10T21:00:00+00:00,2025-05-11T00:00:00+00:00,SOLUSD,SHORT,SOLUSD_8253_BEARISH_6600_6606,179.32,174.045,5.275,3.0282,REGIME_B_GT_06,175.3637,179.32,171.4075,3.9563,3.9563,1.0,SL_HIT,-1.0,0.0,0.0,-0.0,0.0,2.5899,0.0259,-0.0259,2.564,3,SL_HIT,UNAMBIGUOUS
460,2025-05-11T01:00:00+00:00,2025-05-11T07:00:00+00:00,XRPUSD,LONG,XRPUSD_8257_BULLISH_8243_8253,2.4075,2.3693,0.0382,1.5873,REGIME_B_GT_06,2.398,2.3693,2.4266,0.0287,0.0287,1.0,SL_HIT,-1.0,0.0,0.0,-0.0,0.0,2.564,0.0256,-0.0256,2.5384,6,SL_HIT,UNAMBIGUOUS
461,2025-05-11T16:00:00+00:00,2025-05-11T18:00:00+00:00,SOLUSD,LONG,SOLUSD_8272_BULLISH_8243_8253,170.675,168.712,1.963,1.1513,REGIME_B_GT_06,170.1843,168.712,171.6565,1.4723,1.4723,1.0,TP_HIT,1.0,0.0,0.0,0.0,0.0,2.5384,0.0254,0.0254,2.5638,2,TP_HIT,UNAMBIGUOUS
462,2025-05-12T14:00:00+00:00,2025-05-12T15:00:00+00:00,ETHUSD,LONG,ETHUSD_8294_BULLISH_8286_8287,2521.6,2485.3,36.3,1.4489,REGIME_B_GT_06,2512.525,2485.3,2539.75,27.225,27.225,1.0,SL_HIT,-1.0,0.0,0.0,-0.0,0.0,2.5638,0.0256,-0.0256,2.5381,1,SL_HIT,UNAMBIGUOUS
463,2025-05-12T23:00:00+00:00,2025-05-13T01:00:00+00:00,SOLUSD,SHORT,SOLUSD_8303_BEARISH_8295_8297,177.226,174.06,3.166,1.8179,REGIME_B_GT_06,174.8515,177.226,172.477,2.3745,2.3745,1.0,TP_HIT,1.0,0.0,0.0,0.0,0.0,2.5381,0.0254,0.0254,2.5635,2,TP_HIT,UNAMBIGUOUS
464,2025-05-13T09:00:00+00:00,2025-05-13T11:00:00+00:00,SOLUSD,SHORT,SOLUSD_8313_BEARISH_8303_8307,174.75,173.595,1.155,0.665,REGIME_B_GT_06,173.8837,174.75,173.0175,0.8663,0.8663,1.0,SL_HIT,-1.0,0.0,0.0,-0.0,0.0,2.5635,0.0256,-0.0256,2.5379,2,SL_HIT,UNAMBIGUOUS
465,2025-05-14T04:00:00+00:00,2025-05-14T07:00:00+00:00,XRPUSD,SHORT,XRPUSD_8332_BEARISH_8327_8330,2.6023,2.5642,0.0381,1.4791,REGIME_B_GT_06,2.5737,2.6023,2.5452,0.0286,0.0286,1.0,SL_HIT,-1.0,0.0,0.0,-0.0,0.0,2.5379,0.0254,-0.0254,2.5125,3,SL_HIT,UNAMBIGUOUS
466,2025-05-14T08:00:00+00:00,2025-05-14T09:00:00+00:00,XRPUSD,LONG,XRPUSD_8336_BULLISH_8330_8335,2.5693,2.541,0.0283,1.1016,REGIME_B_GT_06,2.5622,2.541,2.5835,0.0212,0.0212,1.0,TP_HIT,1.0,0.0,0.0,0.0,0.0,2.5125,0.0251,0.0251,2.5376,1,TP_HIT,UNAMBIGUOUS
467,2025-05-15T02:00:00+00:00,2025-05-15T05:00:00+00:00,XRPUSD,LONG,XRPUSD_8354_BULLISH_8318_8322,2.5404,2.5041,0.0363,1.4307,REGIME_B_GT_06,2.5313,2.5041,2.5585,0.0272,0.0272,1.0,SL_HIT,-1.0,0.0,0.0,-0.0,0.0,2.5376,0.0254,-0.0254,2.5123,3,SL_HIT,UNAMBIGUOUS
468,2025-05-15T15:00:00+00:00,2025-05-15T16:00:00+00:00,ETHUSD,SHORT,ETHUSD_8367_BEARISH_8364_8366,2579.5,2542.8,36.7,1.4316,REGIME_B_GT_06,2551.975,2579.5,2524.45,27.525,27.525,1.0,SL_HIT,-1.0,0.0,0.0,-0.0,0.0,2.5123,0.0251,-0.0251,2.4871,1,SL_HIT,UNAMBIGUOUS
469,2025-05-16T09:00:00+00:00,2025-05-16T11:00:00+00:00,ETHUSD,SHORT,ETHUSD_8385_BEARISH_8352_8359,2646.4,2606.5,39.9,1.5284,REGIME_B_GT_06,2616.475,2646.4,2586.55,29.925,29.925,1.0,SL_HIT,-1.0,0.0,0.0,-0.0,0.0,2.4871,0.0249,-0.0249,2.4623,2,SL_HIT,UNAMBIGUOUS
470,2025-05-16T14:00:00+00:00,2025-05-16T20:00:00+00:00,SOLUSD,LONG,SOLUSD_8390_BULLISH_8384_8389,172.344,169.3107,3.0333,1.7692,REGIME_B_GT_06,171.5857,169.3107,173.8606,2.275,2.275,1.0,SL_HIT,-1.0,0.0,0.0,-0.0,0.0,2.4623,0.0246,-0.0246,2.4376,6,SL_HIT,UNAMBIGUOUS
471,2025-05-17T09:00:00+00:00,2025-05-18T07:00:00+00:00,BTCUSD,LONG,BTCUSD_8409_BULLISH_8371_8378,103192.0,102509.5,682.5,0.6635,REGIME_B_GT_06,103021.375,102509.5,103533.25,511.875,511.875,1.0,TP_HIT,1.0,0.0,0.0,0.0,0.0,2.4376,0.0244,0.0244,2.462,22,TP_HIT,UNAMBIGUOUS
472,2025-05-18T08:00:00+00:00,2025-05-18T13:00:00+00:00,BTCUSD,SHORT,BTCUSD_8432_BEARISH_8392_8401,104535.0,103798.5,736.5,0.709,REGIME_B_GT_06,103982.625,104535.0,103430.25,552.375,552.375,1.0,SL_HIT,-1.0,0.0,0.0,-0.0,0.0,2.462,0.0246,-0.0246,2.4374,5,SL_HIT,UNAMBIGUOUS
473,2025-05-19T02:00:00+00:00,2025-05-19T04:00:00+00:00,SOLUSD,LONG,SOLUSD_8450_BULLISH_8422_8428,167.004,164.291,2.713,1.6268,REGIME_B_GT_06,166.3257,164.291,168.3605,2.0348,2.0348,1.0,SL_HIT,-1.0,0.0,0.0,-0.0,0.0,2.4374,0.0244,-0.0244,2.413,2,SL_HIT,UNAMBIGUOUS
474,2025-05-19T06:00:00+00:00,2025-05-19T13:00:00+00:00,BTCUSD,LONG,BTCUSD_8454_BULLISH_8366_8369,102368.5,101322.5,1046.0,1.0237,REGIME_B_GT_06,102107.0,101322.5,102891.5,784.5,784.5,1.0,TP_HIT,1.0,0.0,0.0,0.0,0.0,2.413,0.0241,0.0241,2.4372,7,TP_HIT,UNAMBIGUOUS
475,2025-05-19T23:00:00+00:00,2025-05-20T01:00:00+00:00,SOLUSD,SHORT,SOLUSD_8471_BEARISH_8446_8452,170.125,166.103,4.022,2.4115,REGIME_B_GT_06,167.1085,170.125,164.092,3.0165,3.0165,1.0,SL_HIT,-1.0,0.0,0.0,-0.0,0.0,2.4372,0.0244,-0.0244,2.4128,2,SL_HIT,UNAMBIGUOUS
476,2025-05-20T10:00:00+00:00,2025-05-20T13:00:00+00:00,ETHUSD,LONG,ETHUSD_8482_BULLISH_8466_8474,2519.0,2475.3,43.7,1.7373,REGIME_B_GT_06,2508.075,2475.3,2540.85,32.775,32.775,1.0,SL_HIT,-1.0,0.0,0.0,-0.0,0.0,2.4128,0.0241,-0.0241,2.3887,3,SL_HIT,UNAMBIGUOUS
477,2025-05-21T07:00:00+00:00,2025-05-21T14:00:00+00:00,BTCUSD,LONG,BTCUSD_8503_BULLISH_8494_8501,106857.0,105889.0,968.0,0.9091,REGIME_B_GT_06,106615.0,105889.0,107341.0,726.0,726.0,1.0,TP_HIT,1.0,0.0,0.0,0.0,0.0,2.3887,0.0239,0.0239,2.4125,7,TP_HIT,UNAMBIGUOUS
478,2025-05-21T17:00:00+00:00,2025-05-21T23:00:00+00:00,ETHUSD,LONG,ETHUSD_8513_BULLISH_8490_8501,2503.5,2442.0,61.5,2.4882,REGIME_B_GT_06,2488.125,2442.0,2534.25,46.125,46.125,1.0,TP_HIT,1.0,0.0,0.0,0.0,0.0,2.4125,0.0241,0.0241,2.4367,6,TP_HIT,UNAMBIGUOUS
479,2025-05-22T00:00:00+00:00,2025-05-22T03:00:00+00:00,ETHUSD,SHORT,ETHUSD_8520_BEARISH_8512_8513,2615.0,2554.3,60.7,2.3474,REGIME_B_GT_06,2569.475,2615.0,2523.95,45.525,45.525,1.0,SL_HIT,-1.0,0.0,0.0,-0.0,0.0,2.4367,0.0244,-0.0244,2.4123,3,SL_HIT,UNAMBIGUOUS
480,2025-05-22T03:00:00+00:00,2025-05-22T08:00:00+00:00,ETHUSD,SHORT,ETHUSD_8523_BEARISH_8387_8400,2648.65,2615.8,32.85,1.2495,REGIME_B_GT_06,2624.0125,2648.65,2599.375,24.6375,24.6375,1.0,SL_HIT,-1.0,0.0,0.0,-0.0,0.0,2.4123,0.0241,-0.0241,2.3882,5,SL_HIT,UNAMBIGUOUS
481,2025-05-23T06:00:00+00:00,2025-05-23T11:00:00+00:00,ETHUSD,LONG,ETHUSD_8550_BULLISH_8539_8546,2661.15,2626.0,35.15,1.323,REGIME_B_GT_06,2652.3625,2626.0,2678.725,26.3625,26.3625,1.0,SL_HIT,-1.0,0.0,0.0,-0.0,0.0,2.3882,0.0239,-0.0239,2.3643,5,SL_HIT,UNAMBIGUOUS
482,2025-05-23T11:00:00+00:00,2025-05-23T12:00:00+00:00,XRPUSD,LONG,XRPUSD_8555_BULLISH_8514_8528,2.373,2.3403,0.0327,1.384,REGIME_B_GT_06,2.3648,2.3403,2.3894,0.0245,0.0245,1.0,SL_HIT,-1.0,0.0,0.0,-0.0,0.0,2.3643,0.0236,-0.0236,2.3407,1,SL_HIT,UNAMBIGUOUS
483,2025-05-24T10:00:00+00:00,2025-05-24T22:00:00+00:00,BTCUSD,SHORT,BTCUSD_8578_BEARISH_8561_8566,109771.0,108974.0,797.0,0.7308,REGIME_B_GT_06,109173.25,109771.0,108575.5,597.75,597.75,1.0,TP_HIT,1.0,0.0,0.0,0.0,0.0,2.3407,0.0234,0.0234,2.3641,12,TP_HIT,UNAMBIGUOUS
484,2025-05-25T12:00:00+00:00,2025-05-25T13:00:00+00:00,ETHUSD,SHORT,ETHUSD_8604_BEARISH_8595_8600,2520.0,2506.15,13.85,0.5504,REGIME_A_LE_06,2506.15,2520.0,2482.4071,13.85,23.7429,1.7143,SL_HIT,-1.0,0.0,0.0,-0.0,0.0,2.3641,0.0236,-0.0236,2.3404,1,SL_HIT,UNAMBIGUOUS
485,2025-05-25T14:00:00+00:00,2025-05-25T22:00:00+00:00,BTCUSD,LONG,BTCUSD_8606_BULLISH_8514_8520,107381.0,106286.0,1095.0,1.0203,REGIME_B_GT_06,107107.25,106286.0,107928.5,821.25,821.25,1.0,TP_HIT,1.0,0.0,0.0,0.0,0.0,2.3404,0.0234,0.0234,2.3638,8,TP_HIT,UNAMBIGUOUS
486,2025-05-26T00:00:00+00:00,2025-05-26T05:00:00+00:00,SOLUSD,SHORT,SOLUSD_8616_BEARISH_8588_8592,177.878,176.865,1.013,0.5708,REGIME_A_LE_06,176.865,177.878,175.1284,1.013,1.7366,1.7143,SL_HIT,-1.0,0.0,0.0,-0.0,0.0,2.3638,0.0236,-0.0236,2.3402,5,SL_HIT,UNAMBIGUOUS
487,2025-05-27T06:00:00+00:00,2025-05-27T11:00:00+00:00,XRPUSD,LONG,XRPUSD_8646_BULLISH_8607_8614,2.2924,2.2646,0.0278,1.2151,REGIME_B_GT_06,2.2854,2.2646,2.3063,0.0208,0.0208,1.0,TP_HIT,1.0,0.0,0.0,0.0,0.0,2.3402,0.0234,0.0234,2.3636,5,TP_HIT,UNAMBIGUOUS
488,2025-05-28T01:00:00+00:00,2025-05-28T14:00:00+00:00,BTCUSD,LONG,BTCUSD_8665_BULLISH_8642_8655,108670.5,107865.5,805.0,0.741,REGIME_B_GT_06,108469.25,107865.5,109073.0,603.75,603.75,1.0,SL_HIT,-1.0,0.0,0.0,-0.0,0.0,2.3636,0.0236,-0.0236,2.3399,13,SL_HIT,UNAMBIGUOUS
489,2025-05-28T14:00:00+00:00,2025-05-28T23:00:00+00:00,ETHUSD,LONG,ETHUSD_8678_BULLISH_8674_8675,2642.45,2608.0,34.45,1.3104,REGIME_B_GT_06,2633.8375,2608.0,2659.675,25.8375,25.8375,1.0,TP_HIT,1.0,0.0,0.0,0.0,0.0,2.3399,0.0234,0.0234,2.3633,9,TP_HIT,UNAMBIGUOUS
490,2025-05-29T10:00:00+00:00,2025-05-29T13:00:00+00:00,BTCUSD,SHORT,BTCUSD_8698_BEARISH_8672_8677,109088.0,108550.0,538.0,0.4948,REGIME_A_LE_06,108550.0,109088.0,107627.7143,538.0,922.2857,1.7143,TP_HIT,1.7143,0.0,0.0,0.0,0.0,2.3633,0.0236,0.0405,2.4039,3,TP_HIT,UNAMBIGUOUS
491,2025-05-29T13:00:00+00:00,2025-05-29T14:00:00+00:00,BTCUSD,LONG,BTCUSD_8701_BULLISH_8692_8697,108068.0,106897.0,1171.0,1.0885,REGIME_B_GT_06,107775.25,106897.0,108653.5,878.25,878.25,1.0,SL_HIT,-1.0,0.0,0.0,-0.0,0.0,2.4039,0.024,-0.024,2.3798,1,SL_HIT,UNAMBIGUOUS
492,2025-05-29T17:00:00+00:00,2025-05-29T18:00:00+00:00,BTCUSD,LONG,BTCUSD_8705_BULLISH_8505_8510,106499.5,106048.0,451.5,0.4249,REGIME_A_LE_06,106499.5,106048.0,107273.5,451.5,774.0,1.7143,SL_HIT,-1.0,0.0,0.0,-0.0,0.0,2.3798,0.0238,-0.0238,2.356,1,SL_HIT,UNAMBIGUOUS
493,2025-05-30T12:00:00+00:00,2025-05-30T16:00:00+00:00,SOLUSD,LONG,SOLUSD_8724_BULLISH_8454_8523,163.303,159.318,3.985,2.4455,REGIME_B_GT_06,162.3067,159.318,165.2955,2.9887,2.9887,1.0,SL_HIT,-1.0,0.0,0.0,-0.0,0.0,2.356,0.0236,-0.0236,2.3325,4,SL_HIT,UNAMBIGUOUS
494,2025-05-31T14:00:00+00:00,2025-06-01T16:00:00+00:00,BTCUSD,SHORT,BTCUSD_8750_BEARISH_8731_8737,104970.5,104454.0,516.5,0.4941,REGIME_A_LE_06,104454.0,104970.5,103568.5714,516.5,885.4286,1.7143,SL_HIT,-1.0,0.0,0.0,-0.0,0.0,2.3325,0.0233,-0.0233,2.3091,26,SL_HIT,UNAMBIGUOUS
495,2025-06-01T17:00:00+00:00,2025-06-01T18:00:00+00:00,ETHUSD,SHORT,ETHUSD_8777_BEARISH_8757_8761,2550.8,2538.4,12.4,0.4885,REGIME_A_LE_06,2538.4,2550.8,2517.1429,12.4,21.2571,1.7143,TP_HIT,1.7143,0.0,0.0,0.0,0.0,2.3091,0.0231,0.0396,2.3487,1,TP_HIT,UNAMBIGUOUS
496,2025-06-01T21:00:00+00:00,2025-06-02T00:00:00+00:00,SOLUSD,SHORT,SOLUSD_8781_BEARISH_8758_8769,157.952,156.779,1.173,0.7476,REGIME_B_GT_06,157.0722,157.952,156.1925,0.8798,0.8798,1.0,SL_HIT,-1.0,0.0,0.0,-0.0,0.0,2.3487,0.0235,-0.0235,2.3252,3,SL_HIT,UNAMBIGUOUS
497,2025-06-02T03:00:00+00:00,2025-06-02T14:00:00+00:00,ETHUSD,LONG,ETHUSD_8787_BULLISH_8772_8775,2501.4,2467.6,33.8,1.3544,REGIME_B_GT_06,2492.95,2467.6,2518.3,25.35,25.35,1.0,TP_HIT,1.0,0.0,0.0,0.0,0.0,2.3252,0.0233,0.0233,2.3485,11,TP_HIT,UNAMBIGUOUS
498,2025-06-02T16:00:00+00:00,2025-06-02T20:00:00+00:00,XRPUSD,SHORT,XRPUSD_8800_BEARISH_8791_8794,2.1789,2.161,0.0179,0.8278,REGIME_B_GT_06,2.1655,2.1789,2.152,0.0134,0.0134,1.0,SL_HIT,-1.0,0.0,0.0,-0.0,0.0,2.3485,0.0235,-0.0235,2.325,4,SL_HIT,UNAMBIGUOUS
499,2025-06-03T16:00:00+00:00,2025-06-03T20:00:00+00:00,ETHUSD,LONG,ETHUSD_8824_BULLISH_8816_8821,2610.75,2594.0,16.75,0.643,REGIME_B_GT_06,2606.5625,2594.0,2619.125,12.5625,12.5625,1.0,SL_HIT,-1.0,0.0,0.0,-0.0,0.0,2.325,0.0233,-0.0233,2.3018,4,SL_HIT,UNAMBIGUOUS
500,2025-06-04T03:00:00+00:00,2025-06-04T15:00:00+00:00,ETHUSD,SHORT,ETHUSD_8835_BEARISH_8822_8829,2655.2,2612.95,42.25,1.6081,REGIME_B_GT_06,2623.5125,2655.2,2591.825,31.6875,31.6875,1.0,SL_HIT,-1.0,0.0,0.0,-0.0,0.0,2.3018,0.023,-0.023,2.2787,12,SL_HIT,UNAMBIGUOUS
501,2025-06-04T20:00:00+00:00,2025-06-05T12:00:00+00:00,BTCUSD,LONG,BTCUSD_8852_BULLISH_8798_8808,104646.5,103627.0,1019.5,0.9749,REGIME_B_GT_06,104391.625,103627.0,105156.25,764.625,764.625,1.0,TP_HIT,1.0,0.0,0.0,0.0,0.0,2.2787,0.0228,0.0228,2.3015,16,TP_HIT,UNAMBIGUOUS
502,2025-06-05T12:00:00+00:00,2025-06-05T13:00:00+00:00,SOLUSD,SHORT,SOLUSD_8868_BEARISH_8858_8861,154.541,153.279,1.262,0.8201,REGIME_B_GT_06,153.5945,154.541,152.648,0.9465,0.9465,1.0,TP_HIT,1.0,0.0,0.0,0.0,0.0,2.3015,0.023,0.023,2.3245,1,TP_HIT,UNAMBIGUOUS
503,2025-06-06T17:00:00+00:00,2025-06-07T13:00:00+00:00,BTCUSD,SHORT,BTCUSD_8897_BEARISH_8868_8872,105748.0,104744.5,1003.5,0.9568,REGIME_B_GT_06,104995.375,105748.0,104242.75,752.625,752.625,1.0,SL_HIT,-1.0,0.0,0.0,-0.0,0.0,2.3245,0.0232,-0.0232,2.3013,20,SL_HIT,UNAMBIGUOUS
504,2025-06-07T20:00:00+00:00,2025-06-08T00:00:00+00:00,XRPUSD,SHORT,XRPUSD_8924_BEARISH_8917_8921,2.19,2.181,0.009,0.4126,REGIME_A_LE_06,2.181,2.19,2.1656,0.009,0.0154,1.7143,TIMEOUT_EXIT,0.9778,0.0,0.0,0.0,0.0,2.3013,0.023,0.0225,2.3238,4,TIMEOUT_EXIT,UNAMBIGUOUS
505,2025-06-08T01:00:00+00:00,2025-06-08T10:00:00+00:00,BTCUSD,SHORT,BTCUSD_8929_BEARISH_8842_8843,105975.0,105613.5,361.5,0.3422,REGIME_A_LE_06,105613.5,105975.0,104993.7857,361.5,619.7143,1.7143,TP_HIT,1.7143,0.0,0.0,0.0,0.0,2.3238,0.0232,0.0398,2.3636,9,TP_HIT,UNAMBIGUOUS
506,2025-06-09T04:00:00+00:00,2025-06-09T09:00:00+00:00,BTCUSD,LONG,BTCUSD_8956_BULLISH_8938_8943,105435.5,104940.0,495.5,0.4701,REGIME_A_LE_06,105435.5,104940.0,106284.9286,495.5,849.4286,1.7143,TP_HIT,1.7143,0.0,0.0,0.0,0.0,2.3636,0.0236,0.0405,2.4042,5,TP_HIT,UNAMBIGUOUS
507,2025-06-10T02:00:00+00:00,2025-06-10T15:00:00+00:00,BTCUSD,SHORT,BTCUSD_8978_BEARISH_8653_8705,110690.0,109536.5,1153.5,1.0523,REGIME_B_GT_06,109824.875,110690.0,108959.75,865.125,865.125,1.0,TP_HIT,1.0,0.0,0.0,0.0,0.0,2.4042,0.024,0.024,2.4282,13,TP_HIT,UNAMBIGUOUS
508,2025-06-11T12:00:00+00:00,2025-06-11T15:00:00+00:00,ETHUSD,SHORT,ETHUSD_9012_BEARISH_6431_6435,2858.8,2800.7,58.1,2.0714,REGIME_B_GT_06,2815.225,2858.8,2771.65,43.575,43.575,1.0,SL_HIT,-1.0,0.0,0.0,-0.0,0.0,2.4282,0.0243,-0.0243,2.4039,3,SL_HIT,UNAMBIGUOUS
509,2025-06-12T07:00:00+00:00,2025-06-12T11:00:00+00:00,ETHUSD,LONG,ETHUSD_9031_BULLISH_8990_8998,2753.65,2727.0,26.65,0.9726,REGIME_B_GT_06,2746.9875,2727.0,2766.975,19.9875,19.9875,1.0,SL_HIT,-1.0,0.0,0.0,-0.0,0.0,2.4039,0.024,-0.024,2.3799,4,SL_HIT,UNAMBIGUOUS
510,2025-06-12T12:00:00+00:00,2025-06-12T19:00:00+00:00,SOLUSD,LONG,SOLUSD_9036_BULLISH_8991_8994,158.66,156.261,2.399,1.5126,REGIME_B_GT_06,158.0602,156.261,159.8595,1.7993,1.7993,1.0,SL_HIT,-1.0,0.0,0.0,-0.0,0.0,2.3799,0.0238,-0.0238,2.3561,7,SL_HIT,UNAMBIGUOUS
511,2025-06-12T19:00:00+00:00,2025-06-12T20:00:00+00:00,BTCUSD,LONG,BTCUSD_9043_BULLISH_9037_9041,107160.0,106550.0,610.0,0.5714,REGIME_A_LE_06,107160.0,106550.0,108205.7143,610.0,1045.7143,1.7143,SL_HIT,-1.0,0.0,0.0,-0.0,0.0,2.3561,0.0236,-0.0236,2.3325,1,SL_HIT,UNAMBIGUOUS
512,2025-06-12T23:00:00+00:00,2025-06-13T00:00:00+00:00,BTCUSD,LONG,BTCUSD_9047_BULLISH_8955_8961,105671.5,105275.0,396.5,0.3754,REGIME_A_LE_06,105671.5,105275.0,106351.2143,396.5,679.7143,1.7143,SL_HIT,-1.0,0.0,0.0,-0.0,0.0,2.3325,0.0233,-0.0233,2.3092,1,SL_HIT,UNAMBIGUOUS
513,2025-06-14T01:00:00+00:00,2025-06-14T15:00:00+00:00,BTCUSD,LONG,BTCUSD_9073_BULLISH_9066_9071,105443.0,104617.0,826.0,0.7834,REGIME_B_GT_06,105236.5,104617.0,105856.0,619.5,619.5,1.0,SL_HIT,-1.0,0.0,0.0,-0.0,0.0,2.3092,0.0231,-0.0231,2.2861,14,SL_HIT,UNAMBIGUOUS
514,2025-06-14T20:00:00+00:00,2025-06-15T05:00:00+00:00,BTCUSD,LONG,BTCUSD_9092_BULLISH_9062_9064,104978.5,104079.5,899.0,0.8575,REGIME_B_GT_06,104753.75,104079.5,105428.0,674.25,674.25,1.0,TP_HIT,1.0,0.0,0.0,0.0,0.0,2.2861,0.0229,0.0229,2.309,9,TP_HIT,UNAMBIGUOUS
515,2025-06-15T23:00:00+00:00,2025-06-16T01:00:00+00:00,BTCUSD,SHORT,BTCUSD_9119_BEARISH_9110_9116,105811.5,105274.0,537.5,0.5093,REGIME_A_LE_06,105274.0,105811.5,104352.5714,537.5,921.4286,1.7143,SL_HIT,-1.0,0.0,0.0,-0.0,0.0,2.309,0.0231,-0.0231,2.2859,2,SL_HIT,UNAMBIGUOUS
516,2025-06-16T01:00:00+00:00,2025-06-16T04:00:00+00:00,BTCUSD,SHORT,BTCUSD_9121_BEARISH_9072_9088,106185.0,105653.5,531.5,0.5024,REGIME_A_LE_06,105653.5,106185.0,104742.3571,531.5,911.1429,1.7143,SL_HIT,-1.0,0.0,0.0,-0.0,0.0,2.2859,0.0229,-0.0229,2.263,3,SL_HIT,UNAMBIGUOUS
517,2025-06-16T21:00:00+00:00,2025-06-16T22:00:00+00:00,SOLUSD,LONG,SOLUSD_9141_BULLISH_9133_9138,156.712,154.6304,2.0816,1.3297,REGIME_B_GT_06,156.1916,154.6304,157.7528,1.5612,1.5612,1.0,SL_HIT,-1.0,0.0,0.0,-0.0,0.0,2.263,0.0226,-0.0226,2.2404,1,SL_HIT,UNAMBIGUOUS
518,2025-06-16T23:00:00+00:00,2025-06-17T00:00:00+00:00,BTCUSD,LONG,BTCUSD_9143_BULLISH_9133_9134,107148.5,106458.5,690.0,0.6463,REGIME_B_GT_06,106976.0,106458.5,107493.5,517.5,517.5,1.0,SL_HIT,-1.0,0.0,0.0,-0.0,0.0,2.2404,0.0224,-0.0224,2.218,1,SL_HIT,UNAMBIGUOUS
519,2025-06-17T14:00:00+00:00,2025-06-17T15:00:00+00:00,ETHUSD,LONG,ETHUSD_9158_BULLISH_9116_9122,2536.55,2490.9,45.65,1.8024,REGIME_B_GT_06,2525.1375,2490.9,2559.375,34.2375,34.2375,1.0,SL_HIT,-1.0,0.0,0.0,-0.0,0.0,2.218,0.0222,-0.0222,2.1958,1,SL_HIT,UNAMBIGUOUS
520,2025-06-17T21:00:00+00:00,2025-06-18T10:00:00+00:00,XRPUSD,LONG,XRPUSD_9165_BULLISH_9116_9124,2.1631,2.1396,0.0235,1.0897,REGIME_B_GT_06,2.1572,2.1396,2.1748,0.0176,0.0176,1.0,SL_HIT,-1.0,0.0,0.0,-0.0,0.0,2.1958,0.022,-0.022,2.1738,13,SL_HIT,UNAMBIGUOUS
521,2025-06-19T01:00:00+00:00,2025-06-19T14:00:00+00:00,SOLUSD,LONG,SOLUSD_9193_BULLISH_9187_9188,146.0,143.625,2.375,1.6306,REGIME_B_GT_06,145.4062,143.625,147.1875,1.7812,1.7812,1.0,SL_HIT,-1.0,0.0,0.0,-0.0,0.0,2.1738,0.0217,-0.0217,2.1521,13,SL_HIT,UNAMBIGUOUS
522,2025-06-20T07:00:00+00:00,2025-06-20T08:00:00+00:00,SOLUSD,SHORT,SOLUSD_9223_BEARISH_9190_9206,147.87,147.118,0.752,0.5101,REGIME_A_LE_06,147.118,147.87,145.8289,0.752,1.2891,1.7143,SL_HIT,-1.0,0.0,0.0,-0.0,0.0,2.1521,0.0215,-0.0215,2.1306,1,SL_HIT,UNAMBIGUOUS
523,2025-06-21T16:00:00+00:00,2025-06-21T17:00:00+00:00,SOLUSD,LONG,SOLUSD_9256_BULLISH_9238_9249,140.119,138.617,1.502,1.0722,REGIME_B_GT_06,139.7435,138.617,140.87,1.1265,1.1265,1.0,SL_HIT,-1.0,0.0,0.0,-0.0,0.0,2.1306,0.0213,-0.0213,2.1093,1,SL_HIT,UNAMBIGUOUS
524,2025-06-21T17:00:00+00:00,2025-06-21T18:00:00+00:00,BTCUSD,LONG,BTCUSD_9257_BULLISH_9239_9249,103304.5,102928.0,376.5,0.365,REGIME_A_LE_06,103304.5,102928.0,103949.9286,376.5,645.4286,1.7143,SL_HIT,-1.0,0.0,0.0,-0.0,0.0,2.1093,0.0211,-0.0211,2.0882,1,SL_HIT,UNAMBIGUOUS
525,2025-06-21T18:00:00+00:00,2025-06-21T21:00:00+00:00,ETHUSD,LONG,ETHUSD_9258_BULLISH_8454_8467,2397.4,2347.85,49.55,2.0758,REGIME_B_GT_06,2385.0125,2347.85,2422.175,37.1625,37.1625,1.0,SL_HIT,-1.0,0.0,0.0,-0.0,0.0,2.0882,0.0209,-0.0209,2.0673,3,SL_HIT,UNAMBIGUOUS
526,2025-06-23T09:00:00+00:00,2025-06-23T13:00:00+00:00,ETHUSD,LONG,ETHUSD_9297_BULLISH_9288_9296,2259.3,2221.15,38.15,1.6946,REGIME_B_GT_06,2249.7625,2221.15,2278.375,28.6125,28.6125,1.0,TP_HIT,1.0,0.0,0.0,0.0,0.0,2.0673,0.0207,0.0207,2.088,4,TP_HIT,UNAMBIGUOUS
527,2025-06-23T14:00:00+00:00,2025-06-23T16:00:00+00:00,BTCUSD,LONG,BTCUSD_9302_BULLISH_9300_9301,101661.5,101077.5,584.0,0.5748,REGIME_A_LE_06,101661.5,101077.5,102662.6429,584.0,1001.1429,1.7143,SL_HIT,-1.0,0.0,0.0,-0.0,0.0,2.088,0.0209,-0.0209,2.0671,2,SL_HIT,UNAMBIGUOUS
528,2025-06-23T17:00:00+00:00,2025-06-23T19:00:00+00:00,ETHUSD,SHORT,ETHUSD_9305_BEARISH_9302_9304,2314.0,2270.95,43.05,1.8931,REGIME_B_GT_06,2281.7125,2314.0,2249.425,32.2875,32.2875,1.0,SL_HIT,-1.0,0.0,0.0,-0.0,0.0,2.0671,0.0207,-0.0207,2.0464,2,SL_HIT,UNAMBIGUOUS
529,2025-06-24T21:00:00+00:00,2025-06-25T01:00:00+00:00,BTCUSD,SHORT,BTCUSD_9333_BEARISH_9224_9230,106497.0,105738.0,759.0,0.7164,REGIME_B_GT_06,105927.75,106497.0,105358.5,569.25,569.25,1.0,SL_HIT,-1.0,0.0,0.0,-0.0,0.0,2.0464,0.0205,-0.0205,2.026,4,SL_HIT,UNAMBIGUOUS
530,2025-06-25T02:00:00+00:00,2025-06-25T13:00:00+00:00,XRPUSD,LONG,XRPUSD_9338_BULLISH_9325_9328,2.183,2.1646,0.0184,0.8433,REGIME_B_GT_06,2.1784,2.1646,2.1922,0.0138,0.0138,1.0,TP_HIT,1.0,0.0,0.0,0.0,0.0,2.026,0.0203,0.0203,2.0462,11,TP_HIT,UNAMBIGUOUS
531,2025-06-25T15:00:00+00:00,2025-06-25T16:00:00+00:00,SOLUSD,LONG,SOLUSD_9351_BULLISH_9331_9343,143.869,142.768,1.101,0.7665,REGIME_B_GT_06,143.5938,142.768,144.4195,0.8257,0.8257,1.0,SL_HIT,-1.0,0.0,0.0,-0.0,0.0,2.0462,0.0205,-0.0205,2.0258,1,SL_HIT,UNAMBIGUOUS
532,2025-06-27T02:00:00+00:00,2025-06-27T07:00:00+00:00,ETHUSD,SHORT,ETHUSD_9386_BEARISH_9380_9384,2456.95,2429.45,27.5,1.1283,REGIME_B_GT_06,2436.325,2456.95,2415.7,20.625,20.625,1.0,SL_HIT,-1.0,0.0,0.0,-0.0,0.0,2.0258,0.0203,-0.0203,2.0055,5,SL_HIT,UNAMBIGUOUS
533,2025-06-27T12:00:00+00:00,2025-06-29T22:00:00+00:00,ETHUSD,LONG,ETHUSD_9396_BULLISH_9385_9393,2431.4,2379.75,51.65,2.1261,REGIME_B_GT_06,2418.4875,2379.75,2457.225,38.7375,38.7375,1.0,TP_HIT,1.0,0.0,0.0,0.0,0.0,2.0055,0.0201,0.0201,2.0256,58,TP_HIT,UNAMBIGUOUS
534,2025-06-30T04:00:00+00:00,2025-06-30T14:00:00+00:00,BTCUSD,SHORT,BTCUSD_9460_BEARISH_9139_9159,108865.0,108217.5,647.5,0.598,REGIME_A_LE_06,108217.5,108865.0,107107.5,647.5,1110.0,1.7143,TP_HIT,1.7143,0.0,0.0,0.0,0.0,2.0256,0.0203,0.0347,2.0603,10,TP_HIT,UNAMBIGUOUS
535,2025-07-03T12:00:00+00:00,2025-07-03T13:00:00+00:00,SOLUSD,LONG,SOLUSD_9540_BULLISH_9530_9533,153.13,151.694,1.436,0.9379,REGIME_B_GT_06,152.771,151.694,153.848,1.077,1.077,1.0,TP_HIT,1.0,0.0,0.0,0.0,0.0,2.0603,0.0206,0.0206,2.0809,1,TP_HIT,UNAMBIGUOUS
536,2025-07-03T15:00:00+00:00,2025-07-04T06:00:00+00:00,ETHUSD,LONG,ETHUSD_9543_BULLISH_9530_9541,2580.45,2555.75,24.7,0.9612,REGIME_B_GT_06,2574.275,2555.75,2592.8,18.525,18.525,1.0,SL_HIT,-1.0,0.0,0.0,-0.0,0.0,2.0809,0.0208,-0.0208,2.0601,15,SL_HIT,UNAMBIGUOUS
537,2025-07-04T07:00:00+00:00,2025-07-04T08:00:00+00:00,BTCUSD,LONG,BTCUSD_9559_BULLISH_9530_9537,108946.5,108488.5,458.0,0.4215,REGIME_A_LE_06,108946.5,108488.5,109731.6429,458.0,785.1429,1.7143,SL_HIT,-1.0,0.0,0.0,-0.0,0.0,2.0601,0.0206,-0.0206,2.0395,1,SL_HIT,UNAMBIGUOUS
538,2025-07-04T13:00:00+00:00,2025-07-04T15:00:00+00:00,SOLUSD,LONG,SOLUSD_9565_BULLISH_9516_9518,148.583,147.068,1.515,1.0204,REGIME_B_GT_06,148.2043,147.068,149.3405,1.1362,1.1362,1.0,SL_HIT,-1.0,0.0,0.0,-0.0,0.0,2.0395,0.0204,-0.0204,2.0191,2,SL_HIT,UNAMBIGUOUS
539,2025-07-05T07:00:00+00:00,2025-07-06T13:00:00+00:00,BTCUSD,LONG,BTCUSD_9583_BULLISH_9578_9582,108056.5,107698.5,358.0,0.3314,REGIME_A_LE_06,108056.5,107698.5,108670.2143,358.0,613.7143,1.7143,TP_HIT,1.7143,0.0,0.0,0.0,0.0,2.0191,0.0202,0.0346,2.0537,30,TP_HIT,UNAMBIGUOUS
540,2025-07-06T14:00:00+00:00,2025-07-06T21:00:00+00:00,SOLUSD,SHORT,SOLUSD_9614_BEARISH_9557_9565,153.871,151.49,2.381,1.571,REGIME_B_GT_06,152.0853,153.871,150.2995,1.7858,1.7858,1.0,SL_HIT,-1.0,0.0,0.0,-0.0,0.0,2.0537,0.0205,-0.0205,2.0332,7,SL_HIT,UNAMBIGUOUS
541,2025-07-07T00:00:00+00:00,2025-07-07T03:00:00+00:00,BTCUSD,LONG,BTCUSD_9624_BULLISH_9618_9621,108890.0,108222.5,667.5,0.6136,REGIME_B_GT_06,108723.125,108222.5,109223.75,500.625,500.625,1.0,TP_HIT,1.0,0.0,0.0,0.0,0.0,2.0332,0.0203,0.0203,2.0535,3,TP_HIT,UNAMBIGUOUS
542,2025-07-07T14:00:00+00:00,2025-07-07T16:00:00+00:00,ETHUSD,LONG,ETHUSD_9638_BULLISH_9618_9621,2547.25,2523.45,23.8,0.9406,REGIME_B_GT_06,2541.3,2523.45,2559.15,17.85,17.85,1.0,SL_HIT,-1.0,0.0,0.0,-0.0,0.0,2.0535,0.0205,-0.0205,2.0329,2,SL_HIT,UNAMBIGUOUS
543,2025-07-07T20:00:00+00:00,2025-07-08T01:00:00+00:00,XRPUSD,LONG,XRPUSD_9644_BULLISH_9631_9633,2.2721,2.2543,0.0178,0.7858,REGIME_B_GT_06,2.2677,2.2543,2.281,0.0133,0.0133,1.0,SL_HIT,-1.0,0.0,0.0,-0.0,0.0,2.0329,0.0203,-0.0203,2.0126,5,SL_HIT,UNAMBIGUOUS
544,2025-07-08T18:00:00+00:00,2025-07-08T20:00:00+00:00,SOLUSD,SHORT,SOLUSD_9666_BEARISH_9635_9641,153.571,152.109,1.462,0.957,REGIME_B_GT_06,152.4745,153.571,151.378,1.0965,1.0965,1.0,TP_HIT,1.0,0.0,0.0,0.0,0.0,2.0126,0.0201,0.0201,2.0327,2,TP_HIT,UNAMBIGUOUS
545,2025-07-08T22:00:00+00:00,2025-07-09T05:00:00+00:00,XRPUSD,SHORT,XRPUSD_9670_BEARISH_9641_9650,2.3315,2.3045,0.027,1.1709,REGIME_B_GT_06,2.3113,2.3315,2.291,0.0202,0.0202,1.0,SL_HIT,-1.0,0.0,0.0,-0.0,0.0,2.0327,0.0203,-0.0203,2.0124,7,SL_HIT,UNAMBIGUOUS
546,2025-07-09T14:00:00+00:00,2025-07-09T19:00:00+00:00,BTCUSD,LONG,BTCUSD_9686_BULLISH_9677_9683,108911.0,108439.0,472.0,0.4336,REGIME_A_LE_06,108911.0,108439.0,109720.1429,472.0,809.1429,1.7143,TP_HIT,1.7143,0.0,0.0,0.0,0.0,2.0124,0.0201,0.0345,2.0469,5,TP_HIT,UNAMBIGUOUS
547,2025-07-10T16:00:00+00:00,2025-07-10T17:00:00+00:00,SOLUSD,SHORT,SOLUSD_9712_BEARISH_9704_9711,159.142,157.751,1.391,0.8783,REGIME_B_GT_06,158.0987,159.142,157.0555,1.0433,1.0433,1.0,SL_HIT,-1.0,0.0,0.0,-0.0,0.0,2.0469,0.0205,-0.0205,2.0264,1,SL_HIT,UNAMBIGUOUS
548,2025-07-11T15:00:00+00:00,2025-07-11T19:00:00+00:00,ETHUSD,LONG,ETHUSD_9735_BULLISH_9720_9729,2958.05,2914.4,43.65,1.4791,REGIME_B_GT_06,2947.1375,2914.4,2979.875,32.7375,32.7375,1.0,TP_HIT,1.0,0.0,0.0,0.0,0.0,2.0264,0.0203,0.0203,2.0467,4,TP_HIT,UNAMBIGUOUS
549,2025-07-13T07:00:00+00:00,2025-07-13T12:00:00+00:00,ETHUSD,SHORT,ETHUSD_9775_BEARISH_9755_9758,2979.35,2960.55,18.8,0.6347,REGIME_B_GT_06,2965.25,2979.35,2951.15,14.1,14.1,1.0,SL_HIT,-1.0,0.0,0.0,-0.0,0.0,2.0467,0.0205,-0.0205,2.0262,5,SL_HIT,UNAMBIGUOUS
550,2025-07-13T13:00:00+00:00,2025-07-13T14:00:00+00:00,SOLUSD,SHORT,SOLUSD_9781_BEARISH_9751_9755,163.7845,162.7,1.0845,0.6659,REGIME_B_GT_06,162.9711,163.7845,162.1577,0.8134,0.8134,1.0,SL_HIT,-1.0,0.0,0.0,-0.0,0.0,2.0262,0.0203,-0.0203,2.006,1,SL_HIT,UNAMBIGUOUS
551,2025-07-14T01:00:00+00:00,2025-07-14T02:00:00+00:00,XRPUSD,SHORT,XRPUSD_9793_BEARISH_9786_9789,2.8826,2.8494,0.0332,1.1626,REGIME_B_GT_06,2.8577,2.8826,2.8328,0.0249,0.0249,1.0,SL_HIT,-1.0,0.0,0.0,-0.0,0.0,2.006,0.0201,-0.0201,1.9859,1,SL_HIT,UNAMBIGUOUS
552,2025-07-15T14:00:00+00:00,2025-07-15T16:00:00+00:00,BTCUSD,LONG,BTCUSD_9830_BULLISH_9720_9725,116063.0,115207.5,855.5,0.7376,REGIME_B_GT_06,115849.125,115207.5,116490.75,641.625,641.625,1.0,TP_HIT,1.0,0.0,0.0,0.0,0.0,1.9859,0.0199,0.0199,2.0058,2,TP_HIT,UNAMBIGUOUS
553,2025-07-16T11:00:00+00:00,2025-07-16T15:00:00+00:00,SOLUSD,SHORT,SOLUSD_9851_BEARISH_9805_9807,168.535,166.173,2.362,1.4168,REGIME_B_GT_06,166.7635,168.535,164.992,1.7715,1.7715,1.0,SL_HIT,-1.0,0.0,0.0,-0.0,0.0,2.0058,0.0201,-0.0201,1.9857,4,SL_HIT,UNAMBIGUOUS
554,2025-07-19T12:00:00+00:00,2025-07-19T14:00:00+00:00,BTCUSD,LONG,BTCUSD_9924_BULLISH_9920_9922,118251.5,117917.5,334.0,0.2825,REGIME_A_LE_06,118251.5,117917.5,118824.0714,334.0,572.5714,1.7143,SL_HIT,-1.0,0.0,0.0,-0.0,0.0,1.9857,0.0199,-0.0199,1.9659,2,SL_HIT,UNAMBIGUOUS
555,2025-07-19T15:00:00+00:00,2025-07-19T16:00:00+00:00,SOLUSD,SHORT,SOLUSD_9927_BEARISH_9925_9926,177.886,176.951,0.935,0.5271,REGIME_A_LE_06,176.951,177.886,175.3481,0.935,1.6029,1.7143,SL_HIT,-1.0,0.0,0.0,-0.0,0.0,1.9659,0.0197,-0.0197,1.9462,1,SL_HIT,UNAMBIGUOUS
556,2025-07-20T02:00:00+00:00,2025-07-20T09:00:00+00:00,SOLUSD,LONG,SOLUSD_9938_BULLISH_9926_9937,177.906,174.815,3.091,1.7409,REGIME_B_GT_06,177.1333,174.815,179.4515,2.3183,2.3183,1.0,TP_HIT,1.0,0.0,0.0,0.0,0.0,1.9462,0.0195,0.0195,1.9657,7,TP_HIT,UNAMBIGUOUS
557,2025-07-21T06:00:00+00:00,2025-07-21T07:00:00+00:00,BTCUSD,SHORT,BTCUSD_9966_BEARISH_9900_9902,119532.0,119138.5,393.5,0.3302,REGIME_A_LE_06,119138.5,119532.0,118463.9286,393.5,674.5714,1.7143,SL_HIT,-1.0,0.0,0.0,-0.0,0.0,1.9657,0.0197,-0.0197,1.946,1,SL_HIT,UNAMBIGUOUS
558,2025-07-21T18:00:00+00:00,2025-07-22T01:00:00+00:00,ETHUSD,LONG,ETHUSD_9978_BULLISH_9961_9974,3754.0,3701.0,53.0,1.4184,REGIME_B_GT_06,3740.75,3701.0,3780.5,39.75,39.75,1.0,SL_HIT,-1.0,0.0,0.0,-0.0,0.0,1.946,0.0195,-0.0195,1.9266,7,SL_HIT,UNAMBIGUOUS
559,2025-07-22T04:00:00+00:00,2025-07-22T05:00:00+00:00,SOLUSD,LONG,SOLUSD_9988_BULLISH_9979_9985,195.62,193.082,2.538,1.3056,REGIME_B_GT_06,194.9855,193.082,196.889,1.9035,1.9035,1.0,TP_HIT,1.0,0.0,0.0,0.0,0.0,1.9266,0.0193,0.0193,1.9458,1,TP_HIT,UNAMBIGUOUS
560,2025-07-22T17:00:00+00:00,2025-07-22T19:00:00+00:00,SOLUSD,SHORT,SOLUSD_10001_BEARISH_6210_6260,205.282,202.51,2.772,1.3657,REGIME_B_GT_06,203.203,205.282,201.124,2.079,2.079,1.0,TP_HIT,1.0,0.0,0.0,0.0,0.0,1.9458,0.0195,0.0195,1.9653,2,TP_HIT,UNAMBIGUOUS
561,2025-07-23T06:00:00+00:00,2025-07-23T09:00:00+00:00,SOLUSD,LONG,SOLUSD_10014_BULLISH_10004_10007,201.44,198.447,2.993,1.4911,REGIME_B_GT_06,200.6918,198.447,202.9365,2.2448,2.2448,1.0,SL_HIT,-1.0,0.0,0.0,-0.0,0.0,1.9653,0.0197,-0.0197,1.9456,3,SL_HIT,UNAMBIGUOUS
562,2025-07-24T04:00:00+00:00,2025-07-24T07:00:00+00:00,BTCUSD,LONG,BTCUSD_10036_BULLISH_10025_10031,118097.0,117286.5,810.5,0.6873,REGIME_B_GT_06,117894.375,117286.5,118502.25,607.875,607.875,1.0,SL_HIT,-1.0,0.0,0.0,-0.0,0.0,1.9456,0.0195,-0.0195,1.9262,3,SL_HIT,UNAMBIGUOUS
563,2025-07-25T00:00:00+00:00,2025-07-25T03:00:00+00:00,XRPUSD,LONG,XRPUSD_10056_BULLISH_10040_10046,3.1099,3.0558,0.0541,1.7411,REGIME_B_GT_06,3.0964,3.0558,3.137,0.0406,0.0406,1.0,SL_HIT,-1.0,0.0,0.0,-0.0,0.0,1.9262,0.0193,-0.0193,1.9069,3,SL_HIT,UNAMBIGUOUS
564,2025-07-25T09:00:00+00:00,2025-07-25T13:00:00+00:00,ETHUSD,SHORT,ETHUSD_10065_BEARISH_10051_10056,3754.45,3719.55,34.9,0.9365,REGIME_B_GT_06,3728.275,3754.45,3702.1,26.175,26.175,1.0,TP_HIT,1.0,0.0,0.0,0.0,0.0,1.9069,0.0191,0.0191,1.926,4,TP_HIT,UNAMBIGUOUS
565,2025-07-25T21:00:00+00:00,2025-07-26T02:00:00+00:00,XRPUSD,SHORT,XRPUSD_10077_BEARISH_10067_10070,3.1526,3.1257,0.0269,0.857,REGIME_B_GT_06,3.1324,3.1526,3.1122,0.0202,0.0202,1.0,SL_HIT,-1.0,0.0,0.0,-0.0,0.0,1.926,0.0193,-0.0193,1.9067,5,SL_HIT,UNAMBIGUOUS
566,2025-07-26T21:00:00+00:00,2025-07-26T22:00:00+00:00,ETHUSD,SHORT,ETHUSD_10101_BEARISH_10090_10094,3783.2,3751.9,31.3,0.8329,REGIME_B_GT_06,3759.725,3783.2,3736.25,23.475,23.475,1.0,SL_HIT,-1.0,0.0,0.0,-0.0,0.0,1.9067,0.0191,-0.0191,1.8876,1,SL_HIT,UNAMBIGUOUS
567,2025-07-27T08:00:00+00:00,2025-07-27T10:00:00+00:00,BTCUSD,LONG,BTCUSD_10112_BULLISH_10104_10106,117955.0,117812.5,142.5,0.1208,REGIME_A_LE_06,117955.0,117812.5,118199.2857,142.5,244.2857,1.7143,TP_HIT,1.7143,0.0,0.0,0.0,0.0,1.8876,0.0189,0.0324,1.92,2,TP_HIT,UNAMBIGUOUS
568,2025-07-27T20:00:00+00:00,2025-07-27T22:00:00+00:00,ETHUSD,LONG,ETHUSD_10124_BULLISH_10118_10122,3823.05,3791.8,31.25,0.8176,REGIME_B_GT_06,3815.2375,3791.8,3838.675,23.4375,23.4375,1.0,TP_HIT,1.0,0.0,0.0,0.0,0.0,1.92,0.0192,0.0192,1.9392,2,TP_HIT,UNAMBIGUOUS
569,2025-07-28T13:00:00+00:00,2025-07-28T14:00:00+00:00,XRPUSD,LONG,XRPUSD_10141_BULLISH_10116_10126,3.1967,3.1608,0.0359,1.1253,REGIME_B_GT_06,3.1877,3.1608,3.2146,0.0269,0.0269,1.0,SL_HIT,-1.0,0.0,0.0,-0.0,0.0,1.9392,0.0194,-0.0194,1.9198,1,SL_HIT,UNAMBIGUOUS
570,2025-07-28T14:00:00+00:00,2025-07-28T15:00:00+00:00,BTCUSD,LONG,BTCUSD_10142_BULLISH_10113_10119,117991.0,117836.5,154.5,0.131,REGIME_A_LE_06,117991.0,117836.5,118255.8571,154.5,264.8571,1.7143,TP_HIT,1.7143,0.0,0.0,0.0,0.0,1.9198,0.0192,0.0329,1.9527,1,TP_HIT,UNAMBIGUOUS
571,2025-07-28T16:00:00+00:00,2025-07-28T17:00:00+00:00,SOLUSD,LONG,SOLUSD_10144_BULLISH_10121_10130,188.317,185.904,2.413,1.2928,REGIME_B_GT_06,187.7138,185.904,189.5235,1.8098,1.8098,1.0,SL_HIT,-1.0,0.0,0.0,-0.0,0.0,1.9527,0.0195,-0.0195,1.9332,1,SL_HIT,UNAMBIGUOUS
572,2025-07-29T15:00:00+00:00,2025-07-29T16:00:00+00:00,ETHUSD,LONG,ETHUSD_10167_BULLISH_10154_10158,3772.75,3728.85,43.9,1.1676,REGIME_B_GT_06,3761.775,3728.85,3794.7,32.925,32.925,1.0,SL_HIT,-1.0,0.0,0.0,-0.0,0.0,1.9332,0.0193,-0.0193,1.9139,1,SL_HIT,UNAMBIGUOUS
573,2025-07-29T16:00:00+00:00,2025-07-30T01:00:00+00:00,ETHUSD,LONG,ETHUSD_10168_BULLISH_10098_10106,3755.8,3706.55,49.25,1.3133,REGIME_B_GT_06,3743.4875,3706.55,3780.425,36.9375,36.9375,1.0,TP_HIT,1.0,0.0,0.0,0.0,0.0,1.9139,0.0191,0.0191,1.933,9,TP_HIT,UNAMBIGUOUS
574,2025-07-30T11:00:00+00:00,2025-07-30T14:00:00+00:00,BTCUSD,LONG,BTCUSD_10187_BULLISH_10172_10179,117853.0,117055.5,797.5,0.6785,REGIME_B_GT_06,117653.625,117055.5,118251.75,598.125,598.125,1.0,TP_HIT,1.0,0.0,0.0,0.0,0.0,1.933,0.0193,0.0193,1.9523,3,TP_HIT,UNAMBIGUOUS
575,2025-07-30T14:00:00+00:00,2025-07-30T15:00:00+00:00,XRPUSD,SHORT,XRPUSD_10190_BEARISH_10179_10186,3.149,3.1286,0.0204,0.6481,REGIME_B_GT_06,3.1337,3.149,3.1184,0.0153,0.0153,1.0,SL_HIT,-1.0,0.0,0.0,-0.0,0.0,1.9523,0.0195,-0.0195,1.9328,1,SL_HIT,UNAMBIGUOUS
576,2025-07-30T15:00:00+00:00,2025-07-30T18:00:00+00:00,BTCUSD,LONG,BTCUSD_10191_BULLISH_10187_10190,118163.5,117305.0,858.5,0.7278,REGIME_B_GT_06,117948.875,117305.0,118592.75,643.875,643.875,1.0,SL_HIT,-1.0,0.0,0.0,-0.0,0.0,1.9328,0.0193,-0.0193,1.9135,3,SL_HIT,UNAMBIGUOUS
577,2025-07-30T20:00:00+00:00,2025-07-31T00:00:00+00:00,ETHUSD,SHORT,ETHUSD_10196_BEARISH_10190_10194,3832.0,3762.85,69.15,1.8344,REGIME_B_GT_06,3780.1375,3832.0,3728.275,51.8625,51.8625,1.0,SL_HIT,-1.0,0.0,0.0,-0.0,0.0,1.9135,0.0191,-0.0191,1.8943,4,SL_HIT,UNAMBIGUOUS
578,2025-07-31T00:00:00+00:00,2025-07-31T07:00:00+00:00,BTCUSD,SHORT,BTCUSD_10200_BEARISH_10191_10194,118778.0,117793.0,985.0,0.8321,REGIME_B_GT_06,118039.25,118778.0,117300.5,738.75,738.75,1.0,SL_HIT,-1.0,0.0,0.0,-0.0,0.0,1.8943,0.0189,-0.0189,1.8754,7,SL_HIT,UNAMBIGUOUS
579,2025-07-31T14:00:00+00:00,2025-07-31T16:00:00+00:00,SOLUSD,LONG,SOLUSD_10214_BULLISH_10197_10204,176.599,174.713,1.886,1.074,REGIME_B_GT_06,176.1275,174.713,177.542,1.4145,1.4145,1.0,TP_HIT,1.0,0.0,0.0,0.0,0.0,1.8754,0.0188,0.0188,1.8942,2,TP_HIT,UNAMBIGUOUS
580,2025-07-31T18:00:00+00:00,2025-07-31T19:00:00+00:00,ETHUSD,LONG,ETHUSD_10218_BULLISH_10197_10200,3774.4,3741.3,33.1,0.877,REGIME_B_GT_06,3766.125,3741.3,3790.95,24.825,24.825,1.0,SL_HIT,-1.0,0.0,0.0,-0.0,0.0,1.8942,0.0189,-0.0189,1.8752,1,SL_HIT,UNAMBIGUOUS
581,2025-08-03T10:00:00+00:00,2025-08-03T11:00:00+00:00,BTCUSD,SHORT,BTCUSD_10282_BEARISH_10252_10263,114011.5,113777.0,234.5,0.206,REGIME_A_LE_06,113777.0,114011.5,113375.0,234.5,402.0,1.7143,SL_HIT,-1.0,0.0,0.0,-0.0,0.0,1.8752,0.0188,-0.0188,1.8565,1,SL_HIT,UNAMBIGUOUS
582,2025-08-03T12:00:00+00:00,2025-08-04T00:00:00+00:00,ETHUSD,SHORT,ETHUSD_10284_BEARISH_10256_10265,3523.8,3486.65,37.15,1.0649,REGIME_B_GT_06,3495.9375,3523.8,3468.075,27.8625,27.8625,1.0,SL_HIT,-1.0,0.0,0.0,-0.0,0.0,1.8565,0.0186,-0.0186,1.8379,12,SL_HIT,UNAMBIGUOUS
583,2025-08-04T02:00:00+00:00,2025-08-04T13:00:00+00:00,SOLUSD,SHORT,SOLUSD_10298_BEARISH_10259_10263,165.064,162.173,2.891,1.7606,REGIME_B_GT_06,162.8957,165.064,160.7275,2.1683,2.1683,1.0,SL_HIT,-1.0,0.0,0.0,-0.0,0.0,1.8379,0.0184,-0.0184,1.8195,11,SL_HIT,UNAMBIGUOUS
584,2025-08-05T03:00:00+00:00,2025-08-05T04:00:00+00:00,BTCUSD,LONG,BTCUSD_10323_BULLISH_10307_10309,114489.0,114177.0,312.0,0.2731,REGIME_A_LE_06,114489.0,114177.0,115023.8571,312.0,534.8571,1.7143,SL_HIT,-1.0,0.0,0.0,-0.0,0.0,1.8195,0.0182,-0.0182,1.8013,1,SL_HIT,UNAMBIGUOUS
585,2025-08-05T07:00:00+00:00,2025-08-05T10:00:00+00:00,BTCUSD,LONG,BTCUSD_10327_BULLISH_10286_10290,114029.5,113543.5,486.0,0.4266,REGIME_A_LE_06,114029.5,113543.5,114862.6429,486.0,833.1429,1.7143,TP_HIT,1.7143,0.0,0.0,0.0,0.0,1.8013,0.018,0.0309,1.8322,3,TP_HIT,UNAMBIGUOUS
586,2025-08-05T12:00:00+00:00,2025-08-05T14:00:00+00:00,SOLUSD,LONG,SOLUSD_10332_BULLISH_10328_10330,167.194,165.593,1.601,0.9578,REGIME_B_GT_06,166.7937,165.593,167.9945,1.2007,1.2007,1.0,SL_HIT,-1.0,0.0,0.0,-0.0,0.0,1.8322,0.0183,-0.0183,1.8139,2,SL_HIT,UNAMBIGUOUS
587,2025-08-05T21:00:00+00:00,2025-08-05T22:00:00+00:00,SOLUSD,LONG,SOLUSD_10341_BULLISH_10302_10309,162.4,161.202,1.198,0.738,REGIME_B_GT_06,162.1005,161.202,162.999,0.8985,0.8985,1.0,TP_HIT,1.0,0.0,0.0,0.0,0.0,1.8139,0.0181,0.0181,1.832,1,TP_HIT,UNAMBIGUOUS
588,2025-08-06T12:00:00+00:00,2025-08-06T14:00:00+00:00,ETHUSD,LONG,ETHUSD_10356_BULLISH_10345_10349,3593.8,3563.05,30.75,0.8581,REGIME_B_GT_06,3586.1125,3563.05,3609.175,23.0625,23.0625,1.0,TP_HIT,1.0,0.0,0.0,0.0,0.0,1.832,0.0183,0.0183,1.8503,2,TP_HIT,UNAMBIGUOUS
589,2025-08-08T05:00:00+00:00,2025-08-08T15:00:00+00:00,BTCUSD,LONG,BTCUSD_10397_BULLISH_10380_10387,116559.0,115980.5,578.5,0.4966,REGIME_A_LE_06,116559.0,115980.5,117550.7143,578.5,991.7143,1.7143,SL_HIT,-1.0,0.0,0.0,-0.0,0.0,1.8503,0.0185,-0.0185,1.8318,10,SL_HIT,UNAMBIGUOUS
590,2025-08-10T04:00:00+00:00,2025-08-10T07:00:00+00:00,XRPUSD,SHORT,XRPUSD_10444_BEARISH_10433_10438,3.2972,3.2661,0.0311,0.9503,REGIME_B_GT_06,3.2739,3.2972,3.2505,0.0233,0.0233,1.0,TP_HIT,1.0,0.0,0.0,0.0,0.0,1.8318,0.0183,0.0183,1.8502,3,TP_HIT,UNAMBIGUOUS
591,2025-08-10T07:00:00+00:00,2025-08-10T17:00:00+00:00,ETHUSD,LONG,ETHUSD_10447_BULLISH_10430_10435,4198.05,4153.65,44.4,1.0609,REGIME_B_GT_06,4186.95,4153.65,4220.25,33.3,33.3,1.0,TP_HIT,1.0,0.0,0.0,0.0,0.0,1.8502,0.0185,0.0185,1.8687,10,TP_HIT,UNAMBIGUOUS
592,2025-08-11T02:00:00+00:00,2025-08-11T05:00:00+00:00,XRPUSD,SHORT,XRPUSD_10466_BEARISH_10444_10447,3.2779,3.2494,0.0285,0.8734,REGIME_B_GT_06,3.2565,3.2779,3.2351,0.0214,0.0214,1.0,SL_HIT,-1.0,0.0,0.0,-0.0,0.0,1.8687,0.0187,-0.0187,1.85,3,SL_HIT,UNAMBIGUOUS
593,2025-08-11T21:00:00+00:00,2025-08-12T13:00:00+00:00,BTCUSD,LONG,BTCUSD_10485_BULLISH_10460_10463,118748.5,118040.0,708.5,0.597,REGIME_A_LE_06,118748.5,118040.0,119963.0714,708.5,1214.5714,1.7143,TP_HIT,1.7143,0.0,0.0,0.0,0.0,1.85,0.0185,0.0317,1.8817,16,TP_HIT,UNAMBIGUOUS
594,2025-08-13T10:00:00+00:00,2025-08-13T13:00:00+00:00,XRPUSD,SHORT,XRPUSD_10522_BEARISH_10473_10483,3.3204,3.2703,0.0501,1.522,REGIME_B_GT_06,3.2828,3.3204,3.2452,0.0376,0.0376,1.0,SL_HIT,-1.0,0.0,0.0,-0.0,0.0,1.8817,0.0188,-0.0188,1.8629,3,SL_HIT,UNAMBIGUOUS
595,2025-08-14T06:00:00+00:00,2025-08-14T08:00:00+00:00,XRPUSD,LONG,XRPUSD_10542_BULLISH_10527_10538,3.2688,3.226,0.0428,1.3102,REGIME_B_GT_06,3.2581,3.226,3.2902,0.0321,0.0321,1.0,SL_HIT,-1.0,0.0,0.0,-0.0,0.0,1.8629,0.0186,-0.0186,1.8442,2,SL_HIT,UNAMBIGUOUS
596,2025-08-16T21:00:00+00:00,2025-08-17T04:00:00+00:00,ETHUSD,LONG,ETHUSD_10605_BULLISH_10597_10604,4427.6,4382.95,44.65,1.0131,REGIME_B_GT_06,4416.4375,4382.95,4449.925,33.4875,33.4875,1.0,TP_HIT,1.0,0.0,0.0,0.0,0.0,1.8442,0.0184,0.0184,1.8627,7,TP_HIT,UNAMBIGUOUS
597,2025-08-17T23:00:00+00:00,2025-08-18T00:00:00+00:00,BTCUSD,LONG,BTCUSD_10631_BULLISH_10609_10612,117462.0,117133.0,329.0,0.2803,REGIME_A_LE_06,117462.0,117133.0,118026.0,329.0,564.0,1.7143,SL_HIT,-1.0,0.0,0.0,-0.0,0.0,1.8627,0.0186,-0.0186,1.8441,1,SL_HIT,UNAMBIGUOUS
598,2025-08-18T13:00:00+00:00,2025-08-18T17:00:00+00:00,XRPUSD,LONG,XRPUSD_10645_BULLISH_10349_10358,2.9672,2.905,0.0622,2.0974,REGIME_B_GT_06,2.9516,2.905,2.9983,0.0467,0.0467,1.0,TP_HIT,1.0,0.0,0.0,0.0,0.0,1.8441,0.0184,0.0184,1.8625,4,TP_HIT,UNAMBIGUOUS
599,2025-08-19T11:00:00+00:00,2025-08-19T14:00:00+00:00,SOLUSD,SHORT,SOLUSD_10667_BEARISH_10657_10659,185.82,182.566,3.254,1.7819,REGIME_B_GT_06,183.3795,185.82,180.939,2.4405,2.4405,1.0,TP_HIT,1.0,0.0,0.0,0.0,0.0,1.8625,0.0186,0.0186,1.8811,3,TP_HIT,UNAMBIGUOUS
600,2025-08-20T00:00:00+00:00,2025-08-20T01:00:00+00:00,BTCUSD,LONG,BTCUSD_10680_BULLISH_10335_10378,113203.5,112640.0,563.5,0.4979,REGIME_A_LE_06,113203.5,112640.0,114169.5,563.5,966.0,1.7143,SL_HIT,-1.0,0.0,0.0,-0.0,0.0,1.8811,0.0188,-0.0188,1.8623,1,SL_HIT,UNAMBIGUOUS
601,2025-08-20T02:00:00+00:00,2025-08-20T14:00:00+00:00,SOLUSD,SHORT,SOLUSD_10682_BEARISH_10669_10672,183.411,180.606,2.805,1.5519,REGIME_B_GT_06,181.3073,183.411,179.2035,2.1037,2.1037,1.0,TP_HIT,1.0,0.0,0.0,0.0,0.0,1.8623,0.0186,0.0186,1.8809,12,TP_HIT,UNAMBIGUOUS
602,2025-08-20T14:00:00+00:00,2025-08-20T15:00:00+00:00,XRPUSD,SHORT,XRPUSD_10694_BEARISH_10688_10693,2.913,2.8623,0.0507,1.7558,REGIME_B_GT_06,2.875,2.913,2.837,0.038,0.038,1.0,SL_HIT,-1.0,0.0,0.0,-0.0,0.0,1.8809,0.0188,-0.0188,1.8621,1,SL_HIT,UNAMBIGUOUS
603,2025-08-20T16:00:00+00:00,2025-08-20T17:00:00+00:00,ETHUSD,SHORT,ETHUSD_10696_BEARISH_10669_10670,4340.0,4263.5,76.5,1.7788,REGIME_B_GT_06,4282.625,4340.0,4225.25,57.375,57.375,1.0,SL_HIT,-1.0,0.0,0.0,-0.0,0.0,1.8621,0.0186,-0.0186,1.8435,1,SL_HIT,UNAMBIGUOUS
604,2025-08-20T17:00:00+00:00,2025-08-20T18:00:00+00:00,ETHUSD,SHORT,ETHUSD_10697_BEARISH_10654_10659,4386.95,4338.45,48.5,1.1168,REGIME_B_GT_06,4350.575,4386.95,4314.2,36.375,36.375,1.0,TP_HIT,1.0,0.0,0.0,0.0,0.0,1.8435,0.0184,0.0184,1.8619,1,TP_HIT,UNAMBIGUOUS
605,2025-08-20T18:00:00+00:00,2025-08-21T02:00:00+00:00,BTCUSD,LONG,BTCUSD_10698_BULLISH_10693_10697,113623.0,112547.0,1076.0,0.9485,REGIME_B_GT_06,113354.0,112547.0,114161.0,807.0,807.0,1.0,TP_HIT,1.0,0.0,0.0,0.0,0.0,1.8619,0.0186,0.0186,1.8806,8,TP_HIT,UNAMBIGUOUS
606,2025-08-21T21:00:00+00:00,2025-08-22T03:00:00+00:00,XRPUSD,LONG,XRPUSD_10725_BULLISH_10693_10697,2.8916,2.8358,0.0558,1.9353,REGIME_B_GT_06,2.8777,2.8358,2.9195,0.0419,0.0419,1.0,SL_HIT,-1.0,0.0,0.0,-0.0,0.0,1.8806,0.0188,-0.0188,1.8618,6,SL_HIT,UNAMBIGUOUS
607,2025-08-22T14:00:00+00:00,2025-08-22T15:00:00+00:00,BTCUSD,SHORT,BTCUSD_10742_BEARISH_10669_10670,115852.5,114833.0,1019.5,0.8819,REGIME_B_GT_06,115087.875,115852.5,114323.25,764.625,764.625,1.0,SL_HIT,-1.0,0.0,0.0,-0.0,0.0,1.8618,0.0186,-0.0186,1.8431,1,SL_HIT,UNAMBIGUOUS
608,2025-08-22T15:00:00+00:00,2025-08-22T16:00:00+00:00,SOLUSD,SHORT,SOLUSD_10743_BEARISH_10624_10633,195.791,192.842,2.949,1.524,REGIME_B_GT_06,193.5793,195.791,191.3675,2.2117,2.2117,1.0,SL_HIT,-1.0,0.0,0.0,-0.0,0.0,1.8431,0.0184,-0.0184,1.8247,1,SL_HIT,UNAMBIGUOUS
609,2025-08-22T18:00:00+00:00,2025-08-22T19:00:00+00:00,XRPUSD,SHORT,XRPUSD_10746_BEARISH_10653_10658,3.0951,3.0682,0.0269,0.8737,REGIME_B_GT_06,3.0749,3.0951,3.0547,0.0202,0.0202,1.0,SL_HIT,-1.0,0.0,0.0,-0.0,0.0,1.8247,0.0182,-0.0182,1.8065,1,SL_HIT,UNAMBIGUOUS
610,2025-08-24T06:00:00+00:00,2025-08-24T11:00:00+00:00,ETHUSD,LONG,ETHUSD_10782_BULLISH_10767_10774,4768.7,4720.4,48.3,1.0146,REGIME_B_GT_06,4756.625,4720.4,4792.85,36.225,36.225,1.0,SL_HIT,-1.0,0.0,0.0,-0.0,0.0,1.8065,0.0181,-0.0181,1.7884,5,SL_HIT,UNAMBIGUOUS
611,2025-08-24T17:00:00+00:00,2025-08-24T18:00:00+00:00,XRPUSD,SHORT,XRPUSD_10793_BEARISH_10777_10787,3.0889,3.0467,0.0422,1.3832,REGIME_B_GT_06,3.0572,3.0889,3.0256,0.0317,0.0317,1.0,SL_HIT,-1.0,0.0,0.0,-0.0,0.0,1.7884,0.0179,-0.0179,1.7705,1,SL_HIT,UNAMBIGUOUS
612,2025-08-25T02:00:00+00:00,2025-08-25T06:00:00+00:00,XRPUSD,SHORT,XRPUSD_10802_BEARISH_10793_10800,3.0649,3.0285,0.0364,1.1956,REGIME_B_GT_06,3.0376,3.0649,3.0103,0.0273,0.0273,1.0,TP_HIT,1.0,0.0,0.0,0.0,0.0,1.7705,0.0177,0.0177,1.7882,4,TP_HIT,UNAMBIGUOUS
613,2025-08-25T06:00:00+00:00,2025-08-25T07:00:00+00:00,SOLUSD,LONG,SOLUSD_10806_BULLISH_10765_10778,202.593,200.69,1.903,0.942,REGIME_B_GT_06,202.1172,200.69,203.5445,1.4272,1.4272,1.0,SL_HIT,-1.0,0.0,0.0,-0.0,0.0,1.7882,0.0179,-0.0179,1.7703,1,SL_HIT,AMBIGUOUS_RESOLVED_CONSERVATIVE
614,2025-08-26T16:00:00+00:00,2025-08-26T18:00:00+00:00,XRPUSD,SHORT,XRPUSD_10840_BEARISH_10815_10819,2.9735,2.9466,0.0269,0.9105,REGIME_B_GT_06,2.9533,2.9735,2.9331,0.0202,0.0202,1.0,SL_HIT,-1.0,0.0,0.0,-0.0,0.0,1.7703,0.0177,-0.0177,1.7526,2,SL_HIT,UNAMBIGUOUS
615,2025-08-26T19:00:00+00:00,2025-08-27T01:00:00+00:00,SOLUSD,SHORT,SOLUSD_10843_BEARISH_10814_10819,199.451,196.837,2.614,1.3241,REGIME_B_GT_06,197.4905,199.451,195.53,1.9605,1.9605,1.0,TP_HIT,1.0,0.0,0.0,0.0,0.0,1.7526,0.0175,0.0175,1.7702,6,TP_HIT,UNAMBIGUOUS
616,2025-08-27T04:00:00+00:00,2025-08-27T19:00:00+00:00,ETHUSD,SHORT,ETHUSD_10852_BEARISH_10814_10819,4683.8,4618.15,65.65,1.4186,REGIME_B_GT_06,4634.5625,4683.8,4585.325,49.2375,49.2375,1.0,TP_HIT,1.0,0.0,0.0,0.0,0.0,1.7702,0.0177,0.0177,1.7879,15,TP_HIT,UNAMBIGUOUS
617,2025-08-28T06:00:00+00:00,2025-08-28T15:00:00+00:00,ETHUSD,SHORT,ETHUSD_10878_BEARISH_10862_10869,4663.45,4581.85,81.6,1.7807,REGIME_B_GT_06,4602.25,4663.45,4541.05,61.2,61.2,1.0,TP_HIT,1.0,0.0,0.0,0.0,0.0,1.7879,0.0179,0.0179,1.8057,9,TP_HIT,UNAMBIGUOUS
618,2025-08-29T02:00:00+00:00,2025-08-29T07:00:00+00:00,BTCUSD,LONG,BTCUSD_10898_BULLISH_10872_10876,111504.5,110822.0,682.5,0.6128,REGIME_B_GT_06,111333.875,110822.0,111845.75,511.875,511.875,1.0,SL_HIT,-1.0,0.0,0.0,-0.0,0.0,1.8057,0.0181,-0.0181,1.7877,5,SL_HIT,UNAMBIGUOUS
619,2025-08-29T07:00:00+00:00,2025-08-29T08:00:00+00:00,SOLUSD,LONG,SOLUSD_10903_BULLISH_10889_10900,210.593,207.272,3.321,1.5907,REGIME_B_GT_06,209.7627,207.272,212.2535,2.4907,2.4907,1.0,SL_HIT,-1.0,0.0,0.0,-0.0,0.0,1.7877,0.0179,-0.0179,1.7698,1,SL_HIT,UNAMBIGUOUS
620,2025-08-30T21:00:00+00:00,2025-08-31T00:00:00+00:00,BTCUSD,LONG,BTCUSD_10941_BULLISH_10933_10935,108575.0,108165.5,409.5,0.3773,REGIME_A_LE_06,108575.0,108165.5,109277.0,409.5,702.0,1.7143,TP_HIT,1.7143,0.0,0.0,0.0,0.0,1.7698,0.0177,0.0303,1.8001,3,TP_HIT,UNAMBIGUOUS
621,2025-08-31T00:00:00+00:00,2025-08-31T23:00:00+00:00,ETHUSD,SHORT,ETHUSD_10944_BEARISH_10899_10903,4503.9,4465.8,38.1,0.853,REGIME_B_GT_06,4475.325,4503.9,4446.75,28.575,28.575,1.0,TP_HIT,1.0,0.0,0.0,0.0,0.0,1.8001,0.018,0.018,1.8181,23,TP_HIT,UNAMBIGUOUS
622,2025-09-01T07:00:00+00:00,2025-09-01T08:00:00+00:00,ETHUSD,SHORT,ETHUSD_10975_BEARISH_10959_10966,4489.9,4456.1,33.8,0.7574,REGIME_B_GT_06,4464.55,4489.9,4439.2,25.35,25.35,1.0,SL_HIT,-1.0,0.0,0.0,-0.0,0.0,1.8181,0.0182,-0.0182,1.8,1,SL_HIT,UNAMBIGUOUS
623,2025-09-01T23:00:00+00:00,2025-09-02T01:00:00+00:00,BTCUSD,SHORT,BTCUSD_10991_BEARISH_10981_10989,109491.0,108898.5,592.5,0.5426,REGIME_A_LE_06,108898.5,109491.0,107882.7857,592.5,1015.7143,1.7143,SL_HIT,-1.0,0.0,0.0,-0.0,0.0,1.8,0.018,-0.018,1.782,2,SL_HIT,UNAMBIGUOUS
624,2025-09-02T04:00:00+00:00,2025-09-02T12:00:00+00:00,SOLUSD,SHORT,SOLUSD_10996_BEARISH_10976_10989,204.491,202.36,2.131,1.0499,REGIME_B_GT_06,202.8928,204.491,201.2945,1.5983,1.5983,1.0,TP_HIT,1.0,0.0,0.0,0.0,0.0,1.782,0.0178,0.0178,1.7998,8,TP_HIT,UNAMBIGUOUS
625,2025-09-02T15:00:00+00:00,2025-09-02T20:00:00+00:00,XRPUSD,LONG,XRPUSD_11007_BULLISH_11004_11006,2.8016,2.7611,0.0405,1.4517,REGIME_B_GT_06,2.7915,2.7611,2.8219,0.0304,0.0304,1.0,TP_HIT,1.0,0.0,0.0,0.0,0.0,1.7998,0.018,0.018,1.8178,5,TP_HIT,UNAMBIGUOUS
626,2025-09-03T03:00:00+00:00,2025-09-03T12:00:00+00:00,XRPUSD,SHORT,XRPUSD_11019_BEARISH_10945_10967,2.8675,2.8353,0.0322,1.1337,REGIME_B_GT_06,2.8434,2.8675,2.8192,0.0242,0.0242,1.0,SL_HIT,-1.0,0.0,0.0,-0.0,0.0,1.8178,0.0182,-0.0182,1.7996,9,SL_HIT,UNAMBIGUOUS
627,2025-09-03T20:00:00+00:00,2025-09-04T02:00:00+00:00,ETHUSD,SHORT,ETHUSD_11036_BEARISH_10976_10984,4490.9,4461.85,29.05,0.6509,REGIME_B_GT_06,4469.1125,4490.9,4447.325,21.7875,21.7875,1.0,TP_HIT,1.0,0.0,0.0,0.0,0.0,1.7996,0.018,0.018,1.8176,6,TP_HIT,UNAMBIGUOUS
628,2025-09-04T04:00:00+00:00,2025-09-04T06:00:00+00:00,BTCUSD,LONG,BTCUSD_11044_BULLISH_11023_11030,111077.0,110499.0,578.0,0.5213,REGIME_A_LE_06,111077.0,110499.0,112067.8571,578.0,990.8571,1.7143,SL_HIT,-1.0,0.0,0.0,-0.0,0.0,1.8176,0.0182,-0.0182,1.7994,2,SL_HIT,UNAMBIGUOUS
629,2025-09-04T06:00:00+00:00,2025-09-04T08:00:00+00:00,XRPUSD,LONG,XRPUSD_11046_BULLISH_11023_11030,2.8203,2.8093,0.011,0.391,REGIME_A_LE_06,2.8203,2.8093,2.8392,0.011,0.0189,1.7143,TP_HIT,1.7143,0.0,0.0,0.0,0.0,1.7994,0.018,0.0308,1.8303,2,TP_HIT,UNAMBIGUOUS
630,2025-09-04T18:00:00+00:00,2025-09-05T00:00:00+00:00,XRPUSD,LONG,XRPUSD_11058_BULLISH_11008_11013,2.8044,2.7806,0.0238,0.8506,REGIME_B_GT_06,2.7984,2.7806,2.8163,0.0178,0.0178,1.0,SL_HIT,-1.0,0.0,0.0,-0.0,0.0,1.8303,0.0183,-0.0183,1.812,6,SL_HIT,UNAMBIGUOUS
631,2025-09-05T07:00:00+00:00,2025-09-05T09:00:00+00:00,SOLUSD,SHORT,SOLUSD_11071_BEARISH_11050_11054,208.732,207.46,1.272,0.6121,REGIME_B_GT_06,207.778,208.732,206.824,0.954,0.954,1.0,TP_HIT,1.0,0.0,0.0,0.0,0.0,1.812,0.0181,0.0181,1.8301,2,TP_HIT,UNAMBIGUOUS
632,2025-09-05T11:00:00+00:00,2025-09-05T12:00:00+00:00,XRPUSD,SHORT,XRPUSD_11075_BEARISH_11048_11055,2.8548,2.8228,0.032,1.1255,REGIME_B_GT_06,2.8308,2.8548,2.8068,0.024,0.024,1.0,SL_HIT,-1.0,0.0,0.0,-0.0,0.0,1.8301,0.0183,-0.0183,1.8118,1,SL_HIT,UNAMBIGUOUS
633,2025-09-05T13:00:00+00:00,2025-09-05T14:00:00+00:00,SOLUSD,SHORT,SOLUSD_11077_BEARISH_11029_11044,212.993,209.021,3.972,1.8948,REGIME_B_GT_06,210.014,212.993,207.035,2.979,2.979,1.0,TP_HIT,1.0,0.0,0.0,0.0,0.0,1.8118,0.0181,0.0181,1.8299,1,TP_HIT,UNAMBIGUOUS
634,2025-09-05T14:00:00+00:00,2025-09-05T15:00:00+00:00,BTCUSD,LONG,BTCUSD_11078_BULLISH_11064_11070,110905.0,110405.0,500.0,0.4524,REGIME_A_LE_06,110905.0,110405.0,111762.1429,500.0,857.1429,1.7143,SL_HIT,-1.0,0.0,0.0,-0.0,0.0,1.8299,0.0183,-0.0183,1.8116,1,SL_HIT,UNAMBIGUOUS
635,2025-09-06T06:00:00+00:00,2025-09-06T15:00:00+00:00,ETHUSD,SHORT,ETHUSD_11094_BEARISH_11088_11093,4327.9,4301.5,26.4,0.6137,REGIME_B_GT_06,4308.1,4327.9,4288.3,19.8,19.8,1.0,TP_HIT,1.0,0.0,0.0,0.0,0.0,1.8116,0.0181,0.0181,1.8297,9,TP_HIT,UNAMBIGUOUS
636,2025-09-07T06:00:00+00:00,2025-09-07T07:00:00+00:00,XRPUSD,SHORT,XRPUSD_11118_BEARISH_11091_11097,2.8279,2.8186,0.0093,0.3299,REGIME_A_LE_06,2.8186,2.8279,2.8027,0.0093,0.0159,1.7143,SL_HIT,-1.0,0.0,0.0,-0.0,0.0,1.8297,0.0183,-0.0183,1.8114,1,SL_HIT,UNAMBIGUOUS
637,2025-09-08T02:00:00+00:00,2025-09-08T07:00:00+00:00,BTCUSD,SHORT,BTCUSD_11138_BEARISH_11135_11136,111571.0,111021.0,550.0,0.4946,REGIME_A_LE_06,111021.0,111571.0,110078.1429,550.0,942.8571,1.7143,SL_HIT,-1.0,0.0,0.0,-0.0,0.0,1.8114,0.0181,-0.0181,1.7933,5,SL_HIT,UNAMBIGUOUS
638,2025-09-08T17:00:00+00:00,2025-09-08T19:00:00+00:00,ETHUSD,LONG,ETHUSD_11153_BULLISH_11143_11150,4311.05,4285.7,25.35,0.5882,REGIME_A_LE_06,4311.05,4285.7,4354.5071,25.35,43.4571,1.7143,SL_HIT,-1.0,0.0,0.0,-0.0,0.0,1.7933,0.0179,-0.0179,1.7754,2,SL_HIT,UNAMBIGUOUS
639,2025-09-09T01:00:00+00:00,2025-09-09T05:00:00+00:00,BTCUSD,LONG,BTCUSD_11161_BULLISH_11138_11144,111356.5,110577.5,779.0,0.6998,REGIME_B_GT_06,111161.75,110577.5,111746.0,584.25,584.25,1.0,TP_HIT,1.0,0.0,0.0,0.0,0.0,1.7754,0.0178,0.0178,1.7931,4,TP_HIT,UNAMBIGUOUS
640,2025-09-09T12:00:00+00:00,2025-09-09T14:00:00+00:00,BTCUSD,SHORT,BTCUSD_11172_BEARISH_10885_10903,113440.5,112537.5,903.0,0.8017,REGIME_B_GT_06,112763.25,113440.5,112086.0,677.25,677.25,1.0,TP_HIT,1.0,0.0,0.0,0.0,0.0,1.7931,0.0179,0.0179,1.8111,2,TP_HIT,UNAMBIGUOUS
641,2025-09-09T15:00:00+00:00,2025-09-09T18:00:00+00:00,SOLUSD,LONG,SOLUSD_11175_BULLISH_11162_11166,213.493,210.862,2.631,1.2351,REGIME_B_GT_06,212.8353,210.862,214.8085,1.9733,1.9733,1.0,TP_HIT,1.0,0.0,0.0,0.0,0.0,1.8111,0.0181,0.0181,1.8292,3,TP_HIT,UNAMBIGUOUS
642,2025-09-13T16:00:00+00:00,2025-09-13T17:00:00+00:00,SOLUSD,LONG,SOLUSD_11272_BULLISH_11240_11246,238.298,236.633,1.665,0.701,REGIME_B_GT_06,237.8818,236.633,239.1305,1.2488,1.2488,1.0,SL_HIT,-1.0,0.0,0.0,-0.0,0.0,1.8292,0.0183,-0.0183,1.8109,1,SL_HIT,UNAMBIGUOUS
643,2025-09-13T23:00:00+00:00,2025-09-14T13:00:00+00:00,BTCUSD,SHORT,BTCUSD_11279_BEARISH_11266_11272,116138.0,115861.0,277.0,0.2391,REGIME_A_LE_06,115861.0,116138.0,115386.1429,277.0,474.8571,1.7143,TP_HIT,1.7143,0.0,0.0,0.0,0.0,1.8109,0.0181,0.031,1.8419,14,TP_HIT,UNAMBIGUOUS
644,2025-09-15T05:00:00+00:00,2025-09-15T06:00:00+00:00,ETHUSD,SHORT,ETHUSD_11309_BEARISH_11286_11293,4680.65,4658.9,21.75,0.4666,REGIME_A_LE_06,4658.9,4680.65,4621.6143,21.75,37.2857,1.7143,TP_HIT,1.7143,0.0,0.0,0.0,0.0,1.8419,0.0184,0.0316,1.8735,1,TP_HIT,UNAMBIGUOUS
645,2025-09-15T06:00:00+00:00,2025-09-15T08:00:00+00:00,XRPUSD,LONG,XRPUSD_11310_BULLISH_11305_11309,3.0473,3.0108,0.0365,1.203,REGIME_B_GT_06,3.0382,3.0108,3.0655,0.0274,0.0274,1.0,SL_HIT,-1.0,0.0,0.0,-0.0,0.0,1.8735,0.0187,-0.0187,1.8548,2,SL_HIT,UNAMBIGUOUS
646,2025-09-15T08:00:00+00:00,2025-09-15T09:00:00+00:00,ETHUSD,LONG,ETHUSD_11312_BULLISH_11244_11248,4530.35,4502.75,27.6,0.6121,REGIME_B_GT_06,4523.45,4502.75,4544.15,20.7,20.7,1.0,SL_HIT,-1.0,0.0,0.0,-0.0,0.0,1.8548,0.0185,-0.0185,1.8362,1,SL_HIT,UNAMBIGUOUS
647,2025-09-15T13:00:00+00:00,2025-09-15T19:00:00+00:00,BTCUSD,LONG,BTCUSD_11317_BULLISH_11223_11230,114658.5,113937.0,721.5,0.6295,REGIME_B_GT_06,114478.125,113937.0,115019.25,541.125,541.125,1.0,TP_HIT,1.0,0.0,0.0,0.0,0.0,1.8362,0.0184,0.0184,1.8546,6,TP_HIT,UNAMBIGUOUS
648,2025-09-15T21:00:00+00:00,2025-09-16T16:00:00+00:00,SOLUSD,SHORT,SOLUSD_11325_BEARISH_11316_11320,238.088,234.336,3.752,1.5957,REGIME_B_GT_06,235.274,238.088,232.46,2.814,2.814,1.0,SL_HIT,-1.0,0.0,0.0,-0.0,0.0,1.8546,0.0185,-0.0185,1.836,19,SL_HIT,UNAMBIGUOUS
649,2025-09-16T19:00:00+00:00,2025-09-17T03:00:00+00:00,XRPUSD,SHORT,XRPUSD_11347_BEARISH_11309_11312,3.0659,3.0478,0.0181,0.5932,REGIME_A_LE_06,3.0478,3.0659,3.0168,0.0181,0.031,1.7143,TP_HIT,1.7143,0.0,0.0,0.0,0.0,1.836,0.0184,0.0315,1.8675,8,TP_HIT,UNAMBIGUOUS
650,2025-09-17T10:00:00+00:00,2025-09-17T18:00:00+00:00,SOLUSD,LONG,SOLUSD_11362_BULLISH_11342_11343,234.3076,231.226,3.0816,1.3163,REGIME_B_GT_06,233.5372,231.226,235.8484,2.3112,2.3112,1.0,TP_HIT,1.0,0.0,0.0,0.0,0.0,1.8675,0.0187,0.0187,1.8862,8,TP_HIT,UNAMBIGUOUS
651,2025-09-17T22:00:00+00:00,2025-09-18T15:00:00+00:00,SOLUSD,SHORT,SOLUSD_11374_BEARISH_11297_11303,248.4,244.468,3.932,1.6061,REGIME_B_GT_06,245.451,248.4,242.502,2.949,2.949,1.0,SL_HIT,-1.0,0.0,0.0,-0.0,0.0,1.8862,0.0189,-0.0189,1.8673,17,SL_HIT,UNAMBIGUOUS
652,2025-09-18T19:00:00+00:00,2025-09-19T03:00:00+00:00,ETHUSD,LONG,ETHUSD_11395_BULLISH_11389_11392,4603.65,4557.05,46.6,1.0159,REGIME_B_GT_06,4592.0,4557.05,4626.95,34.95,34.95,1.0,SL_HIT,-1.0,0.0,0.0,-0.0,0.0,1.8673,0.0187,-0.0187,1.8486,8,SL_HIT,UNAMBIGUOUS
653,2025-09-19T03:00:00+00:00,2025-09-19T09:00:00+00:00,SOLUSD,LONG,SOLUSD_11403_BULLISH_11382_11391,245.029,242.558,2.471,1.0086,REGIME_B_GT_06,244.4112,242.558,246.2645,1.8533,1.8533,1.0,SL_HIT,-1.0,0.0,0.0,-0.0,0.0,1.8486,0.0185,-0.0185,1.8302,6,SL_HIT,UNAMBIGUOUS
654,2025-09-19T16:00:00+00:00,2025-09-19T19:00:00+00:00,BTCUSD,LONG,BTCUSD_11416_BULLISH_11373_11379,116090.0,115268.5,821.5,0.7079,REGIME_B_GT_06,115884.625,115268.5,116500.75,616.125,616.125,1.0,SL_HIT,-1.0,0.0,0.0,-0.0,0.0,1.8302,0.0183,-0.0183,1.8119,3,SL_HIT,UNAMBIGUOUS
655,2025-09-20T08:00:00+00:00,2025-09-21T09:00:00+00:00,ETHUSD,LONG,ETHUSD_11432_BULLISH_11423_11431,4468.25,4444.8,23.45,0.5253,REGIME_A_LE_06,4468.25,4444.8,4508.45,23.45,40.2,1.7143,SL_HIT,-1.0,0.0,0.0,-0.0,0.0,1.8119,0.0181,-0.0181,1.7937,25,SL_HIT,UNAMBIGUOUS
656,2025-09-21T17:00:00+00:00,2025-09-21T19:00:00+00:00,BTCUSD,SHORT,BTCUSD_11465_BEARISH_11460_11464,115716.0,115573.0,143.0,0.1237,REGIME_A_LE_06,115573.0,115716.0,115327.8571,143.0,245.1429,1.7143,TP_HIT,1.7143,0.0,0.0,0.0,0.0,1.7937,0.0179,0.0307,1.8245,2,TP_HIT,UNAMBIGUOUS
657,2025-09-21T21:00:00+00:00,2025-09-21T23:00:00+00:00,ETHUSD,LONG,ETHUSD_11469_BULLISH_11457_11466,4473.0,4441.0,32.0,0.7159,REGIME_B_GT_06,4465.0,4441.0,4489.0,24.0,24.0,1.0,SL_HIT,-1.0,0.0,0.0,-0.0,0.0,1.8245,0.0182,-0.0182,1.8062,2,SL_HIT,UNAMBIGUOUS
658,2025-09-22T02:00:00+00:00,2025-09-22T05:00:00+00:00,ETHUSD,LONG,ETHUSD_11474_BULLISH_11104_11232,4303.95,4235.1,68.85,1.606,REGIME_B_GT_06,4286.7375,4235.1,4338.375,51.6375,51.6375,1.0,SL_HIT,-1.0,0.0,0.0,-0.0,0.0,1.8062,0.0181,-0.0181,1.7882,3,SL_HIT,UNAMBIGUOUS
659,2025-09-22T20:00:00+00:00,2025-09-23T02:00:00+00:00,BTCUSD,SHORT,BTCUSD_11492_BEARISH_11486_11491,113412.0,112719.0,693.0,0.6147,REGIME_B_GT_06,112892.25,113412.0,112372.5,519.75,519.75,1.0,TP_HIT,1.0,0.0,0.0,0.0,0.0,1.7882,0.0179,0.0179,1.8061,6,TP_HIT,UNAMBIGUOUS
660,2025-09-23T05:00:00+00:00,2025-09-23T06:00:00+00:00,BTCUSD,SHORT,BTCUSD_11501_BEARISH_11493_11498,112934.5,112554.0,380.5,0.3378,REGIME_A_LE_06,112554.0,112934.5,111901.7143,380.5,652.2857,1.7143,SL_HIT,-1.0,0.0,0.0,-0.0,0.0,1.8061,0.0181,-0.0181,1.788,1,SL_HIT,UNAMBIGUOUS
661,2025-09-23T08:00:00+00:00,2025-09-23T15:00:00+00:00,SOLUSD,SHORT,SOLUSD_11504_BEARISH_11496_11498,221.325,219.363,1.962,0.892,REGIME_B_GT_06,219.8535,221.325,218.382,1.4715,1.4715,1.0,TP_HIT,1.0,0.0,0.0,0.0,0.0,1.788,0.0179,0.0179,1.8059,7,TP_HIT,UNAMBIGUOUS
662,2025-09-23T17:00:00+00:00,2025-09-23T18:00:00+00:00,BTCUSD,LONG,BTCUSD_11513_BULLISH_11500_11503,112438.5,111815.5,623.0,0.5566,REGIME_A_LE_06,112438.5,111815.5,113506.5,623.0,1068.0,1.7143,SL_HIT,-1.0,0.0,0.0,-0.0,0.0,1.8059,0.0181,-0.0181,1.7878,1,SL_HIT,UNAMBIGUOUS
663,2025-09-25T14:00:00+00:00,2025-09-25T16:00:00+00:00,ETHUSD,SHORT,ETHUSD_11558_BEARISH_11553_11557,4052.5,4011.8,40.7,1.0141,REGIME_B_GT_06,4021.975,4052.5,3991.45,30.525,30.525,1.0,TP_HIT,1.0,0.0,0.0,0.0,0.0,1.7878,0.0179,0.0179,1.8057,2,TP_HIT,UNAMBIGUOUS
664,2025-09-26T10:00:00+00:00,2025-09-26T13:00:00+00:00,ETHUSD,LONG,ETHUSD_11578_BULLISH_11567_11569,3905.0,3848.75,56.25,1.447,REGIME_B_GT_06,3890.9375,3848.75,3933.125,42.1875,42.1875,1.0,TP_HIT,1.0,0.0,0.0,0.0,0.0,1.8057,0.0181,0.0181,1.8238,3,TP_HIT,UNAMBIGUOUS
665,2025-09-26T16:00:00+00:00,2025-09-26T17:00:00+00:00,SOLUSD,SHORT,SOLUSD_11584_BEARISH_11563_11567,200.8519,197.33,3.5219,1.7655,REGIME_B_GT_06,198.2105,200.8519,195.5691,2.6414,2.6414,1.0,SL_HIT,-1.0,0.0,0.0,-0.0,0.0,1.8238,0.0182,-0.0182,1.8055,1,SL_HIT,UNAMBIGUOUS
666,2025-09-26T19:00:00+00:00,2025-09-28T16:00:00+00:00,BTCUSD,LONG,BTCUSD_11587_BULLISH_11579_11585,109169.0,108576.5,592.5,0.5429,REGIME_A_LE_06,109169.0,108576.5,110184.7143,592.5,1015.7143,1.7143,TP_HIT,1.7143,0.0,0.0,0.0,0.0,1.8055,0.0181,0.031,1.8365,45,TP_HIT,UNAMBIGUOUS
667,2025-09-29T16:00:00+00:00,2025-09-30T09:00:00+00:00,XRPUSD,LONG,XRPUSD_11656_BULLISH_11653_11654,2.8853,2.8445,0.0408,1.4173,REGIME_B_GT_06,2.8751,2.8445,2.9057,0.0306,0.0306,1.0,SL_HIT,-1.0,0.0,0.0,-0.0,0.0,1.8365,0.0184,-0.0184,1.8181,17,SL_HIT,UNAMBIGUOUS
668,2025-09-30T09:00:00+00:00,2025-09-30T14:00:00+00:00,ETHUSD,LONG,ETHUSD_11673_BULLISH_11657_11660,4157.75,4126.3,31.45,0.7596,REGIME_B_GT_06,4149.8875,4126.3,4173.475,23.5875,23.5875,1.0,SL_HIT,-1.0,0.0,0.0,-0.0,0.0,1.8181,0.0182,-0.0182,1.7999,5,SL_HIT,UNAMBIGUOUS
669,2025-09-30T16:00:00+00:00,2025-09-30T19:00:00+00:00,ETHUSD,LONG,ETHUSD_11680_BULLISH_11647_11653,4112.15,4087.05,25.1,0.6124,REGIME_B_GT_06,4105.875,4087.05,4124.7,18.825,18.825,1.0,TP_HIT,1.0,0.0,0.0,0.0,0.0,1.7999,0.018,0.018,1.8179,3,TP_HIT,UNAMBIGUOUS
670,2025-09-30T20:00:00+00:00,2025-09-30T22:00:00+00:00,ETHUSD,SHORT,ETHUSD_11684_BEARISH_11664_11679,4244.1,4192.95,51.15,1.2193,REGIME_B_GT_06,4205.7375,4244.1,4167.375,38.3625,38.3625,1.0,TP_HIT,1.0,0.0,0.0,0.0,0.0,1.8179,0.0182,0.0182,1.8361,2,TP_HIT,UNAMBIGUOUS
671,2025-10-01T18:00:00+00:00,2025-10-01T23:00:00+00:00,SOLUSD,SHORT,SOLUSD_11706_BEARISH_11512_11523,221.684,217.753,3.931,1.7945,REGIME_B_GT_06,218.7357,221.684,215.7875,2.9483,2.9483,1.0,SL_HIT,-1.0,0.0,0.0,-0.0,0.0,1.8361,0.0184,-0.0184,1.8177,5,SL_HIT,UNAMBIGUOUS
672,2025-10-02T00:00:00+00:00,2025-10-02T01:00:00+00:00,ETHUSD,LONG,ETHUSD_11712_BULLISH_11709_11711,4334.25,4285.9,48.35,1.1156,REGIME_B_GT_06,4322.1625,4285.9,4358.425,36.2625,36.2625,1.0,TP_HIT,1.0,0.0,0.0,0.0,0.0,1.8177,0.0182,0.0182,1.8359,1,TP_HIT,UNAMBIGUOUS
673,2025-10-02T14:00:00+00:00,2025-10-02T16:00:00+00:00,SOLUSD,LONG,SOLUSD_11726_BULLISH_11719_11724,225.135,222.3561,2.7789,1.2431,REGIME_B_GT_06,224.4403,222.3561,226.5244,2.0842,2.0842,1.0,TP_HIT,1.0,0.0,0.0,0.0,0.0,1.8359,0.0184,0.0184,1.8543,2,TP_HIT,UNAMBIGUOUS
674,2025-10-03T17:00:00+00:00,2025-10-03T19:00:00+00:00,SOLUSD,LONG,SOLUSD_11753_BULLISH_11750_11751,230.9734,227.106,3.8674,1.6817,REGIME_B_GT_06,230.0066,227.106,232.9071,2.9006,2.9006,1.0,TP_HIT,1.0,0.0,0.0,0.0,0.0,1.8543,0.0185,0.0185,1.8728,2,TP_HIT,UNAMBIGUOUS
675,2025-10-06T02:00:00+00:00,2025-10-06T06:00:00+00:00,ETHUSD,SHORT,ETHUSD_11810_BEARISH_11795_11801,4555.95,4534.65,21.3,0.4694,REGIME_A_LE_06,4534.65,4555.95,4498.1357,21.3,36.5143,1.7143,SL_HIT,-1.0,0.0,0.0,-0.0,0.0,1.8728,0.0187,-0.0187,1.8541,4,SL_HIT,UNAMBIGUOUS
676,2025-10-06T07:00:00+00:00,2025-10-06T13:00:00+00:00,ETHUSD,LONG,ETHUSD_11815_BULLISH_11808_11814,4552.7,4487.0,65.7,1.4497,REGIME_B_GT_06,4536.275,4487.0,4585.55,49.275,49.275,1.0,TP_HIT,1.0,0.0,0.0,0.0,0.0,1.8541,0.0185,0.0185,1.8726,6,TP_HIT,UNAMBIGUOUS
677,2025-10-06T20:00:00+00:00,2025-10-07T06:00:00+00:00,SOLUSD,LONG,SOLUSD_11828_BULLISH_11815_11823,234.197,230.551,3.646,1.5613,REGIME_B_GT_06,233.2855,230.551,236.02,2.7345,2.7345,1.0,SL_HIT,-1.0,0.0,0.0,-0.0,0.0,1.8726,0.0187,-0.0187,1.8539,10,SL_HIT,UNAMBIGUOUS
678,2025-10-07T13:00:00+00:00,2025-10-07T14:00:00+00:00,BTCUSD,LONG,BTCUSD_11845_BULLISH_11815_11820,123998.0,123229.5,768.5,0.6206,REGIME_B_GT_06,123805.875,123229.5,124382.25,576.375,576.375,1.0,SL_HIT,-1.0,0.0,0.0,-0.0,0.0,1.8539,0.0185,-0.0185,1.8354,1,SL_HIT,UNAMBIGUOUS
679,2025-10-07T18:00:00+00:00,2025-10-07T20:00:00+00:00,ETHUSD,LONG,ETHUSD_11850_BULLISH_11776_11786,4467.0,4439.05,27.95,0.6262,REGIME_B_GT_06,4460.0125,4439.05,4480.975,20.9625,20.9625,1.0,TP_HIT,1.0,0.0,0.0,0.0,0.0,1.8354,0.0184,0.0184,1.8537,2,TP_HIT,UNAMBIGUOUS
680,2025-10-08T04:00:00+00:00,2025-10-08T12:00:00+00:00,XRPUSD,SHORT,XRPUSD_11860_BEARISH_11852_11859,2.8802,2.8534,0.0268,0.9363,REGIME_B_GT_06,2.8601,2.8802,2.84,0.0201,0.0201,1.0,SL_HIT,-1.0,0.0,0.0,-0.0,0.0,1.8537,0.0185,-0.0185,1.8352,8,SL_HIT,UNAMBIGUOUS
681,2025-10-09T01:00:00+00:00,2025-10-09T02:00:00+00:00,XRPUSD,LONG,XRPUSD_11881_BULLISH_11860_11872,2.8635,2.8291,0.0344,1.2041,REGIME_B_GT_06,2.8549,2.8291,2.8807,0.0258,0.0258,1.0,SL_HIT,-1.0,0.0,0.0,-0.0,0.0,1.8352,0.0184,-0.0184,1.8168,1,SL_HIT,UNAMBIGUOUS
682,2025-10-09T02:00:00+00:00,2025-10-09T07:00:00+00:00,XRPUSD,LONG,XRPUSD_11882_BULLISH_11691_11696,2.8413,2.8128,0.0285,1.0074,REGIME_B_GT_06,2.8342,2.8128,2.8556,0.0214,0.0214,1.0,SL_HIT,-1.0,0.0,0.0,-0.0,0.0,1.8168,0.0182,-0.0182,1.7987,5,SL_HIT,UNAMBIGUOUS
683,2025-10-10T05:00:00+00:00,2025-10-10T07:00:00+00:00,XRPUSD,SHORT,XRPUSD_11909_BEARISH_11892_11896,2.8394,2.8217,0.0177,0.6264,REGIME_B_GT_06,2.8261,2.8394,2.8128,0.0133,0.0133,1.0,TP_HIT,1.0,0.0,0.0,0.0,0.0,1.7987,0.018,0.018,1.8167,2,TP_HIT,UNAMBIGUOUS
684,2025-10-10T14:00:00+00:00,2025-10-10T15:00:00+00:00,SOLUSD,LONG,SOLUSD_11918_BULLISH_11912_11917,219.9965,217.283,2.7135,1.235,REGIME_B_GT_06,219.3181,217.283,221.3533,2.0351,2.0351,1.0,SL_HIT,-1.0,0.0,0.0,-0.0,0.0,1.8167,0.0182,-0.0182,1.7985,1,SL_HIT,UNAMBIGUOUS
685,2025-10-10T18:00:00+00:00,2025-10-10T19:00:00+00:00,SOLUSD,LONG,SOLUSD_11922_BULLISH_11692_11696,209.471,206.31,3.161,1.5241,REGIME_B_GT_06,208.6807,206.31,211.0515,2.3707,2.3707,1.0,SL_HIT,-1.0,0.0,0.0,-0.0,0.0,1.7985,0.018,-0.018,1.7805,1,SL_HIT,UNAMBIGUOUS
686,2025-10-11T10:00:00+00:00,2025-10-11T20:00:00+00:00,BTCUSD,SHORT,BTCUSD_11938_BEARISH_11932_11935,112943.5,111651.5,1292.0,1.1528,REGIME_B_GT_06,111974.5,112943.5,111005.5,969.0,969.0,1.0,TP_HIT,1.0,0.0,0.0,0.0,0.0,1.7805,0.0178,0.0178,1.7983,10,TP_HIT,UNAMBIGUOUS
687,2025-10-12T06:00:00+00:00,2025-10-12T10:00:00+00:00,ETHUSD,SHORT,ETHUSD_11958_BEARISH_11943_11947,3854.25,3812.6,41.65,1.0871,REGIME_B_GT_06,3823.0125,3854.25,3791.775,31.2375,31.2375,1.0,SL_HIT,-1.0,0.0,0.0,-0.0,0.0,1.7983,0.018,-0.018,1.7803,4,SL_HIT,UNAMBIGUOUS
688,2025-10-13T13:00:00+00:00,2025-10-13T14:00:00+00:00,BTCUSD,SHORT,BTCUSD_11989_BEARISH_11983_11987,115512.0,114981.5,530.5,0.4601,REGIME_A_LE_06,114981.5,115512.0,114072.0714,530.5,909.4286,1.7143,TP_HIT,1.7143,0.0,0.0,0.0,0.0,1.7803,0.0178,0.0305,1.8108,1,TP_HIT,UNAMBIGUOUS
689,2025-10-14T01:00:00+00:00,2025-10-14T02:00:00+00:00,BTCUSD,LONG,BTCUSD_12001_BULLISH_11991_11995,114695.0,113929.0,766.0,0.6706,REGIME_B_GT_06,114503.5,113929.0,115078.0,574.5,574.5,1.0,SL_HIT,-1.0,0.0,0.0,-0.0,0.0,1.8108,0.0181,-0.0181,1.7927,1,SL_HIT,UNAMBIGUOUS
690,2025-10-14T04:00:00+00:00,2025-10-14T05:00:00+00:00,ETHUSD,LONG,ETHUSD_12004_BULLISH_11988_11993,4133.1,4055.0,78.1,1.9054,REGIME_B_GT_06,4113.575,4055.0,4172.15,58.575,58.575,1.0,SL_HIT,-1.0,0.0,0.0,-0.0,0.0,1.7927,0.0179,-0.0179,1.7748,1,SL_HIT,UNAMBIGUOUS
691,2025-10-14T06:00:00+00:00,2025-10-14T15:00:00+00:00,SOLUSD,LONG,SOLUSD_12006_BULLISH_11987_11992,195.46,190.04,5.42,2.7748,REGIME_B_GT_06,194.105,190.04,198.17,4.065,4.065,1.0,TP_HIT,1.0,0.0,0.0,0.0,0.0,1.7748,0.0177,0.0177,1.7926,9,TP_HIT,UNAMBIGUOUS
692,2025-10-15T10:00:00+00:00,2025-10-15T13:00:00+00:00,ETHUSD,LONG,ETHUSD_12034_BULLISH_12027_12032,4122.0,4060.0,62.0,1.5057,REGIME_B_GT_06,4106.5,4060.0,4153.0,46.5,46.5,1.0,SL_HIT,-1.0,0.0,0.0,-0.0,0.0,1.7926,0.0179,-0.0179,1.7746,3,SL_HIT,UNAMBIGUOUS
693,2025-10-16T07:00:00+00:00,2025-10-16T09:00:00+00:00,BTCUSD,LONG,BTCUSD_12055_BULLISH_12048_12054,110811.0,110311.0,500.0,0.4524,REGIME_A_LE_06,110811.0,110311.0,111668.1429,500.0,857.1429,1.7143,SL_HIT,-1.0,0.0,0.0,-0.0,0.0,1.7746,0.0177,-0.0177,1.7569,2,SL_HIT,UNAMBIGUOUS
694,2025-10-16T14:00:00+00:00,2025-10-16T15:00:00+00:00,SOLUSD,LONG,SOLUSD_12062_BULLISH_12053_12059,194.418,191.365,3.053,1.5737,REGIME_B_GT_06,193.6548,191.365,195.9445,2.2897,2.2897,1.0,SL_HIT,-1.0,0.0,0.0,-0.0,0.0,1.7569,0.0176,-0.0176,1.7393,1,SL_HIT,UNAMBIGUOUS
695,2025-10-16T18:00:00+00:00,2025-10-16T19:00:00+00:00,XRPUSD,LONG,XRPUSD_12066_BULLISH_11954_11968,2.3503,2.3105,0.0398,1.6934,REGIME_B_GT_06,2.3403,2.3105,2.3702,0.0298,0.0298,1.0,SL_HIT,-1.0,0.0,0.0,-0.0,0.0,1.7393,0.0174,-0.0174,1.7219,1,SL_HIT,UNAMBIGUOUS
696,2025-10-17T21:00:00+00:00,2025-10-17T23:00:00+00:00,SOLUSD,SHORT,SOLUSD_12093_BEARISH_12073_12078,187.515,184.752,2.763,1.4903,REGIME_B_GT_06,185.4427,187.515,183.3705,2.0722,2.0722,1.0,TP_HIT,1.0,0.0,0.0,0.0,0.0,1.7219,0.0172,0.0172,1.7391,2,TP_HIT,UNAMBIGUOUS
697,2025-10-18T03:00:00+00:00,2025-10-19T13:00:00+00:00,XRPUSD,SHORT,XRPUSD_12099_BEARISH_12073_12079,2.4003,2.3357,0.0646,2.7634,REGIME_B_GT_06,2.3519,2.4003,2.3034,0.0484,0.0484,1.0,SL_HIT,-1.0,0.0,0.0,-0.0,0.0,1.7391,0.0174,-0.0174,1.7218,34,SL_HIT,UNAMBIGUOUS
698,2025-10-19T23:00:00+00:00,2025-10-21T04:00:00+00:00,SOLUSD,LONG,SOLUSD_12143_BULLISH_12129_12130,188.745,183.162,5.583,2.9718,REGIME_B_GT_06,187.3493,183.162,191.5365,4.1873,4.1873,1.0,SL_HIT,-1.0,0.0,0.0,-0.0,0.0,1.7218,0.0172,-0.0172,1.7045,29,SL_HIT,UNAMBIGUOUS
699,2025-10-21T04:00:00+00:00,2025-10-21T14:00:00+00:00,BTCUSD,LONG,BTCUSD_12172_BULLISH_12144_12147,108597.0,107387.5,1209.5,1.1225,REGIME_B_GT_06,108294.625,107387.5,109201.75,907.125,907.125,1.0,TP_HIT,1.0,0.0,0.0,0.0,0.0,1.7045,0.017,0.017,1.7216,10,TP_HIT,UNAMBIGUOUS
700,2025-10-21T23:00:00+00:00,2025-10-22T00:00:00+00:00,ETHUSD,LONG,ETHUSD_12191_BULLISH_12173_12182,3873.0,3839.0,34.0,0.8781,REGIME_B_GT_06,3864.5,3839.0,3890.0,25.5,25.5,1.0,SL_HIT,-1.0,0.0,0.0,-0.0,0.0,1.7216,0.0172,-0.0172,1.7044,1,SL_HIT,UNAMBIGUOUS
701,2025-10-22T00:00:00+00:00,2025-10-22T11:00:00+00:00,BTCUSD,LONG,BTCUSD_12192_BULLISH_12173_12182,107948.5,107425.0,523.5,0.485,REGIME_A_LE_06,107948.5,107425.0,108845.9286,523.5,897.4286,1.7143,SL_HIT,-1.0,0.0,0.0,-0.0,0.0,1.7044,0.017,-0.017,1.6873,11,SL_HIT,UNAMBIGUOUS
702,2025-10-22T17:00:00+00:00,2025-10-22T21:00:00+00:00,BTCUSD,LONG,BTCUSD_12209_BULLISH_12203_12205,108187.5,106730.0,1457.5,1.3526,REGIME_B_GT_06,107823.125,106730.0,108916.25,1093.125,1093.125,1.0,SL_HIT,-1.0,0.0,0.0,-0.0,0.0,1.6873,0.0169,-0.0169,1.6704,4,SL_HIT,UNAMBIGUOUS
703,2025-10-22T21:00:00+00:00,2025-10-23T01:00:00+00:00,BTCUSD,LONG,BTCUSD_12213_BULLISH_12128_12129,107184.0,106239.0,945.0,0.8818,REGIME_B_GT_06,106947.75,106239.0,107656.5,708.75,708.75,1.0,TP_HIT,1.0,0.0,0.0,0.0,0.0,1.6704,0.0167,0.0167,1.6872,4,TP_HIT,UNAMBIGUOUS
704,2025-10-23T02:00:00+00:00,2025-10-23T06:00:00+00:00,ETHUSD,SHORT,ETHUSD_12218_BEARISH_12205_12213,3876.35,3823.15,53.2,1.3909,REGIME_B_GT_06,3836.45,3876.35,3796.55,39.9,39.9,1.0,SL_HIT,-1.0,0.0,0.0,-0.0,0.0,1.6872,0.0169,-0.0169,1.6703,4,SL_HIT,UNAMBIGUOUS
705,2025-10-23T16:00:00+00:00,2025-10-26T11:00:00+00:00,SOLUSD,SHORT,SOLUSD_12232_BEARISH_12183_12209,197.181,191.912,5.269,2.7448,REGIME_B_GT_06,193.2293,197.181,189.2775,3.9518,3.9518,1.0,SL_HIT,-1.0,0.0,0.0,-0.0,0.0,1.6703,0.0167,-0.0167,1.6536,67,SL_HIT,UNAMBIGUOUS
706,2025-10-26T17:00:00+00:00,2025-10-26T22:00:00+00:00,ETHUSD,SHORT,ETHUSD_12305_BEARISH_12184_12201,4109.25,4018.4,90.85,2.2381,REGIME_B_GT_06,4041.1125,4109.25,3972.975,68.1375,68.1375,1.0,SL_HIT,-1.0,0.0,0.0,-0.0,0.0,1.6536,0.0165,-0.0165,1.637,5,SL_HIT,UNAMBIGUOUS
707,2025-10-27T08:00:00+00:00,2025-10-27T21:00:00+00:00,BTCUSD,LONG,BTCUSD_12320_BULLISH_12312_12318,115140.5,114311.0,829.5,0.7213,REGIME_B_GT_06,114933.125,114311.0,115555.25,622.125,622.125,1.0,SL_HIT,-1.0,0.0,0.0,-0.0,0.0,1.637,0.0164,-0.0164,1.6207,13,SL_HIT,UNAMBIGUOUS
708,2025-10-27T22:00:00+00:00,2025-10-28T00:00:00+00:00,SOLUSD,LONG,SOLUSD_12334_BULLISH_12309_12310,198.52,196.9,1.62,0.8169,REGIME_B_GT_06,198.115,196.9,199.33,1.215,1.215,1.0,TP_HIT,1.0,0.0,0.0,0.0,0.0,1.6207,0.0162,0.0162,1.6369,2,TP_HIT,UNAMBIGUOUS
709,2025-10-28T05:00:00+00:00,2025-10-28T06:00:00+00:00,ETHUSD,LONG,ETHUSD_12341_BULLISH_12304_12310,4075.05,4045.0,30.05,0.7387,REGIME_B_GT_06,4067.5375,4045.0,4090.075,22.5375,22.5375,1.0,TP_HIT,1.0,0.0,0.0,0.0,0.0,1.6369,0.0164,0.0164,1.6532,1,TP_HIT,UNAMBIGUOUS
710,2025-10-29T08:00:00+00:00,2025-10-29T11:00:00+00:00,SOLUSD,LONG,SOLUSD_12368_BULLISH_12361_12365,195.0,192.697,2.303,1.184,REGIME_B_GT_06,194.4243,192.697,196.1515,1.7272,1.7272,1.0,TP_HIT,1.0,0.0,0.0,0.0,0.0,1.6532,0.0165,0.0165,1.6698,3,TP_HIT,UNAMBIGUOUS
711,2025-10-29T17:00:00+00:00,2025-10-29T18:00:00+00:00,XRPUSD,SHORT,XRPUSD_12377_BEARISH_12354_12356,2.6739,2.6549,0.019,0.7149,REGIME_B_GT_06,2.6597,2.6739,2.6454,0.0143,0.0143,1.0,TP_HIT,1.0,0.0,0.0,0.0,0.0,1.6698,0.0167,0.0167,1.6865,1,TP_HIT,UNAMBIGUOUS
712,2025-10-31T12:00:00+00:00,2025-10-31T16:00:00+00:00,ETHUSD,LONG,ETHUSD_12420_BULLISH_12416_12419,3853.75,3817.2,36.55,0.9529,REGIME_B_GT_06,3844.6125,3817.2,3872.025,27.4125,27.4125,1.0,SL_HIT,-1.0,0.0,0.0,-0.0,0.0,1.6865,0.0169,-0.0169,1.6696,4,SL_HIT,UNAMBIGUOUS
713,2025-11-01T05:00:00+00:00,2025-11-03T02:00:00+00:00,BTCUSD,LONG,BTCUSD_12437_BULLISH_12427_12436,110240.5,109087.0,1153.5,1.0477,REGIME_B_GT_06,109952.125,109087.0,110817.25,865.125,865.125,1.0,SL_HIT,-1.0,0.0,0.0,-0.0,0.0,1.6696,0.0167,-0.0167,1.6529,45,SL_HIT,UNAMBIGUOUS
714,2025-11-03T13:00:00+00:00,2025-11-03T15:00:00+00:00,SOLUSD,LONG,SOLUSD_12493_BULLISH_11949_11966,177.275,172.374,4.901,2.788,REGIME_B_GT_06,176.0498,172.374,179.7255,3.6758,3.6758,1.0,SL_HIT,-1.0,0.0,0.0,-0.0,0.0,1.6529,0.0165,-0.0165,1.6364,2,SL_HIT,UNAMBIGUOUS
715,2025-11-05T15:00:00+00:00,2025-11-05T19:00:00+00:00,XRPUSD,SHORT,XRPUSD_12543_BEARISH_12519_12522,2.32,2.2743,0.0457,2.0087,REGIME_B_GT_06,2.2857,2.32,2.2515,0.0343,0.0343,1.0,SL_HIT,-1.0,0.0,0.0,-0.0,0.0,1.6364,0.0164,-0.0164,1.62,4,SL_HIT,UNAMBIGUOUS
716,2025-11-06T05:00:00+00:00,2025-11-06T09:00:00+00:00,XRPUSD,LONG,XRPUSD_12557_BULLISH_12553_12554,2.344,2.3095,0.0345,1.4814,REGIME_B_GT_06,2.3354,2.3095,2.3613,0.0259,0.0259,1.0,SL_HIT,-1.0,0.0,0.0,-0.0,0.0,1.62,0.0162,-0.0162,1.6038,4,SL_HIT,UNAMBIGUOUS
717,2025-11-06T22:00:00+00:00,2025-11-06T23:00:00+00:00,SOLUSD,LONG,SOLUSD_12574_BULLISH_12536_12541,156.478,153.686,2.792,1.7946,REGIME_B_GT_06,155.78,153.686,157.874,2.094,2.094,1.0,SL_HIT,-1.0,0.0,0.0,-0.0,0.0,1.6038,0.016,-0.016,1.5878,1,SL_HIT,UNAMBIGUOUS
718,2025-11-07T09:00:00+00:00,2025-11-07T10:00:00+00:00,ETHUSD,LONG,ETHUSD_12585_BULLISH_12577_12581,3330.1,3273.65,56.45,1.7104,REGIME_B_GT_06,3315.9875,3273.65,3358.325,42.3375,42.3375,1.0,SL_HIT,-1.0,0.0,0.0,-0.0,0.0,1.5878,0.0159,-0.0159,1.5719,1,SL_HIT,UNAMBIGUOUS
719,2025-11-07T16:00:00+00:00,2025-11-07T17:00:00+00:00,SOLUSD,SHORT,SOLUSD_12592_BEARISH_12579_12588,158.6,156.798,1.802,1.1457,REGIME_B_GT_06,157.2485,158.6,155.897,1.3515,1.3515,1.0,SL_HIT,-1.0,0.0,0.0,-0.0,0.0,1.5719,0.0157,-0.0157,1.5562,1,SL_HIT,UNAMBIGUOUS
720,2025-11-07T19:00:00+00:00,2025-11-07T20:00:00+00:00,ETHUSD,SHORT,ETHUSD_12595_BEARISH_12556_12564,3455.5,3428.2,27.3,0.793,REGIME_B_GT_06,3435.025,3455.5,3414.55,20.475,20.475,1.0,SL_HIT,-1.0,0.0,0.0,-0.0,0.0,1.5562,0.0156,-0.0156,1.5406,1,SL_HIT,UNAMBIGUOUS
721,2025-11-07T20:00:00+00:00,2025-11-08T00:00:00+00:00,BTCUSD,SHORT,BTCUSD_12596_BEARISH_12556_12564,104187.5,103544.0,643.5,0.6203,REGIME_B_GT_06,103704.875,104187.5,103222.25,482.625,482.625,1.0,TP_HIT,1.0,0.0,0.0,0.0,0.0,1.5406,0.0154,0.0154,1.556,4,TP_HIT,UNAMBIGUOUS
722,2025-11-10T17:00:00+00:00,2025-11-11T01:00:00+00:00,BTCUSD,SHORT,BTCUSD_12665_BEARISH_12657_12662,106580.0,105800.5,779.5,0.7359,REGIME_B_GT_06,105995.375,106580.0,105410.75,584.625,584.625,1.0,SL_HIT,-1.0,0.0,0.0,-0.0,0.0,1.556,0.0156,-0.0156,1.5405,8,SL_HIT,UNAMBIGUOUS
723,2025-11-11T04:00:00+00:00,2025-11-11T06:00:00+00:00,SOLUSD,LONG,SOLUSD_12676_BULLISH_12669_12674,167.814,164.789,3.025,1.8126,REGIME_B_GT_06,167.0577,164.789,169.3265,2.2688,2.2688,1.0,SL_HIT,-1.0,0.0,0.0,-0.0,0.0,1.5405,0.0154,-0.0154,1.5251,2,SL_HIT,UNAMBIGUOUS
724,2025-11-12T11:00:00+00:00,2025-11-12T14:00:00+00:00,ETHUSD,SHORT,ETHUSD_12707_BEARISH_12684_12686,3592.6,3538.7,53.9,1.5187,REGIME_B_GT_06,3552.175,3592.6,3511.75,40.425,40.425,1.0,TP_HIT,1.0,0.0,0.0,0.0,0.0,1.5251,0.0153,0.0153,1.5403,3,TP_HIT,UNAMBIGUOUS
725,2025-11-12T21:00:00+00:00,2025-11-13T03:00:00+00:00,SOLUSD,LONG,SOLUSD_12717_BULLISH_12588_12593,154.188,150.965,3.223,2.0918,REGIME_B_GT_06,153.3822,150.965,155.7995,2.4172,2.4172,1.0,SL_HIT,-1.0,0.0,0.0,-0.0,0.0,1.5403,0.0154,-0.0154,1.5249,6,SL_HIT,UNAMBIGUOUS
726,2025-11-13T13:00:00+00:00,2025-11-13T16:00:00+00:00,SOLUSD,LONG,SOLUSD_12733_BULLISH_12721_12725,154.448,152.256,2.192,1.425,REGIME_B_GT_06,153.9,152.256,155.544,1.644,1.644,1.0,SL_HIT,-1.0,0.0,0.0,-0.0,0.0,1.5249,0.0152,-0.0152,1.5097,3,SL_HIT,UNAMBIGUOUS
727,2025-11-14T18:00:00+00:00,2025-11-14T20:00:00+00:00,XRPUSD,LONG,XRPUSD_12762_BULLISH_12757_12760,2.2999,2.2537,0.0462,2.0163,REGIME_B_GT_06,2.2883,2.2537,2.323,0.0347,0.0347,1.0,SL_HIT,-1.0,0.0,0.0,-0.0,0.0,1.5097,0.0151,-0.0151,1.4946,2,SL_HIT,UNAMBIGUOUS
728,2025-11-15T02:00:00+00:00,2025-11-16T01:00:00+00:00,BTCUSD,SHORT,BTCUSD_12770_BEARISH_12760_12764,97388.0,96230.0,1158.0,1.2005,REGIME_B_GT_06,96519.5,97388.0,95651.0,868.5,868.5,1.0,TP_HIT,1.0,0.0,0.0,0.0,0.0,1.4946,0.0149,0.0149,1.5095,23,TP_HIT,UNAMBIGUOUS
729,2025-11-16T07:00:00+00:00,2025-11-16T09:00:00+00:00,BTCUSD,SHORT,BTCUSD_12799_BEARISH_12782_12788,96450.0,95971.5,478.5,0.498,REGIME_A_LE_06,95971.5,96450.0,95151.2143,478.5,820.2857,1.7143,SL_HIT,-1.0,0.0,0.0,-0.0,0.0,1.5095,0.0151,-0.0151,1.4944,2,SL_HIT,UNAMBIGUOUS
730,2025-11-16T13:00:00+00:00,2025-11-16T15:00:00+00:00,BTCUSD,LONG,BTCUSD_12805_BULLISH_12793_12801,95472.5,94815.0,657.5,0.6893,REGIME_B_GT_06,95308.125,94815.0,95801.25,493.125,493.125,1.0,SL_HIT,-1.0,0.0,0.0,-0.0,0.0,1.4944,0.0149,-0.0149,1.4795,2,SL_HIT,UNAMBIGUOUS
731,2025-11-16T21:00:00+00:00,2025-11-17T00:00:00+00:00,XRPUSD,LONG,XRPUSD_12813_BULLISH_12588_12592,2.197,2.1531,0.0439,1.999,REGIME_B_GT_06,2.186,2.1531,2.2189,0.0329,0.0329,1.0,TP_HIT,1.0,0.0,0.0,0.0,0.0,1.4795,0.0148,0.0148,1.4943,3,TP_HIT,UNAMBIGUOUS
732,2025-11-17T04:00:00+00:00,2025-11-17T13:00:00+00:00,ETHUSD,SHORT,ETHUSD_12820_BEARISH_12760_12808,3256.6,3181.95,74.65,2.3437,REGIME_B_GT_06,3200.6125,3256.6,3144.625,55.9875,55.9875,1.0,TP_HIT,1.0,0.0,0.0,0.0,0.0,1.4943,0.0149,0.0149,1.5092,9,TP_HIT,UNAMBIGUOUS
733,2025-11-19T03:00:00+00:00,2025-11-19T04:00:00+00:00,SOLUSD,LONG,SOLUSD_12867_BULLISH_12864_12866,141.57,139.259,2.311,1.6529,REGIME_B_GT_06,140.9922,139.259,142.7255,1.7332,1.7332,1.0,SL_HIT,-1.0,0.0,0.0,-0.0,0.0,1.5092,0.0151,-0.0151,1.4941,1,SL_HIT,UNAMBIGUOUS
734,2025-11-19T07:00:00+00:00,2025-11-19T13:00:00+00:00,SOLUSD,SHORT,SOLUSD_12871_BEARISH_12866_12868,142.822,140.019,2.803,1.994,REGIME_B_GT_06,140.7198,142.822,138.6175,2.1022,2.1022,1.0,TP_HIT,1.0,0.0,0.0,0.0,0.0,1.4941,0.0149,0.0149,1.5091,6,TP_HIT,UNAMBIGUOUS
735,2025-11-19T23:00:00+00:00,2025-11-20T00:00:00+00:00,BTCUSD,SHORT,BTCUSD_12887_BEARISH_12871_12879,91998.0,90912.0,1086.0,1.1867,REGIME_B_GT_06,91183.5,91998.0,90369.0,814.5,814.5,1.0,SL_HIT,-1.0,0.0,0.0,-0.0,0.0,1.5091,0.0151,-0.0151,1.494,1,SL_HIT,UNAMBIGUOUS
736,2025-11-22T11:00:00+00:00,2025-11-22T16:00:00+00:00,BTCUSD,SHORT,BTCUSD_12947_BEARISH_12942_12946,84773.0,84048.0,725.0,0.8623,REGIME_B_GT_06,84229.25,84773.0,83685.5,543.75,543.75,1.0,SL_HIT,-1.0,0.0,0.0,-0.0,0.0,1.494,0.0149,-0.0149,1.479,5,SL_HIT,UNAMBIGUOUS
737,2025-11-22T16:00:00+00:00,2025-11-22T22:00:00+00:00,XRPUSD,SHORT,XRPUSD_12952_BEARISH_12938_12949,1.9627,1.9368,0.0259,1.3329,REGIME_B_GT_06,1.9433,1.9627,1.9239,0.0194,0.0194,1.0,SL_HIT,-1.0,0.0,0.0,-0.0,0.0,1.479,0.0148,-0.0148,1.4642,6,SL_HIT,UNAMBIGUOUS
738,2025-11-22T23:00:00+00:00,2025-11-23T01:00:00+00:00,BTCUSD,LONG,BTCUSD_12959_BULLISH_12952_12958,84876.0,84183.0,693.0,0.8182,REGIME_B_GT_06,84702.75,84183.0,85222.5,519.75,519.75,1.0,TP_HIT,1.0,0.0,0.0,0.0,0.0,1.4642,0.0146,0.0146,1.4789,2,TP_HIT,UNAMBIGUOUS
739,2025-11-24T02:00:00+00:00,2025-11-24T09:00:00+00:00,BTCUSD,SHORT,BTCUSD_12986_BEARISH_12910_12914,88223.0,87170.0,1053.0,1.2035,REGIME_B_GT_06,87433.25,88223.0,86643.5,789.75,789.75,1.0,TP_HIT,1.0,0.0,0.0,0.0,0.0,1.4789,0.0148,0.0148,1.4937,7,TP_HIT,UNAMBIGUOUS
740,2025-11-24T09:00:00+00:00,2025-11-24T14:00:00+00:00,ETHUSD,LONG,ETHUSD_12993_BULLISH_12984_12989,2802.7,2762.0,40.7,1.4551,REGIME_B_GT_06,2792.525,2762.0,2823.05,30.525,30.525,1.0,TP_HIT,1.0,0.0,0.0,0.0,0.0,1.4937,0.0149,0.0149,1.5086,5,TP_HIT,UNAMBIGUOUS
741,2025-11-24T16:00:00+00:00,2025-11-24T17:00:00+00:00,BTCUSD,SHORT,BTCUSD_13000_BEARISH_12986_12993,88029.0,86986.0,1043.0,1.197,REGIME_B_GT_06,87246.75,88029.0,86464.5,782.25,782.25,1.0,SL_HIT,-1.0,0.0,0.0,-0.0,0.0,1.5086,0.0151,-0.0151,1.4935,1,SL_HIT,UNAMBIGUOUS
742,2025-11-26T12:00:00+00:00,2025-11-26T17:00:00+00:00,BTCUSD,LONG,BTCUSD_13044_BULLISH_12998_13001,86632.5,85234.5,1398.0,1.6141,REGIME_B_GT_06,86283.0,85234.5,87331.5,1048.5,1048.5,1.0,TP_HIT,1.0,0.0,0.0,0.0,0.0,1.4935,0.0149,0.0149,1.5085,5,TP_HIT,UNAMBIGUOUS
743,2025-11-26T17:00:00+00:00,2025-11-27T08:00:00+00:00,XRPUSD,SHORT,XRPUSD_13049_BEARISH_13008_13015,2.2641,2.2255,0.0386,1.7284,REGIME_B_GT_06,2.2351,2.2641,2.2062,0.029,0.029,1.0,TP_HIT,1.0,0.0,0.0,0.0,0.0,1.5085,0.0151,0.0151,1.5235,15,TP_HIT,UNAMBIGUOUS
744,2025-11-27T18:00:00+00:00,2025-11-28T02:00:00+00:00,BTCUSD,SHORT,BTCUSD_13074_BEARISH_13065_13069,91914.5,91449.0,465.5,0.5074,REGIME_A_LE_06,91449.0,91914.5,90651.0,465.5,798.0,1.7143,TP_HIT,1.7143,0.0,0.0,0.0,0.0,1.5235,0.0152,0.0261,1.5497,8,TP_HIT,UNAMBIGUOUS
745,2025-11-28T09:00:00+00:00,2025-11-28T13:00:00+00:00,SOLUSD,SHORT,SOLUSD_13089_BEARISH_13074_13081,143.136,141.484,1.652,1.1663,REGIME_B_GT_06,141.897,143.136,140.658,1.239,1.239,1.0,SL_HIT,-1.0,0.0,0.0,-0.0,0.0,1.5497,0.0155,-0.0155,1.5342,4,SL_HIT,UNAMBIGUOUS
746,2025-11-28T16:00:00+00:00,2025-11-28T17:00:00+00:00,BTCUSD,LONG,BTCUSD_13096_BULLISH_13082_13090,91110.0,90621.0,489.0,0.538,REGIME_A_LE_06,91110.0,90621.0,91948.2857,489.0,838.2857,1.7143,SL_HIT,-1.0,0.0,0.0,-0.0,0.0,1.5342,0.0153,-0.0153,1.5188,1,SL_HIT,UNAMBIGUOUS
747,2025-11-29T18:00:00+00:00,2025-11-30T08:00:00+00:00,ETHUSD,SHORT,ETHUSD_13122_BEARISH_13119_13121,3014.2,2987.75,26.45,0.8834,REGIME_B_GT_06,2994.3625,3014.2,2974.525,19.8375,19.8375,1.0,SL_HIT,-1.0,0.0,0.0,-0.0,0.0,1.5188,0.0152,-0.0152,1.5036,14,SL_HIT,UNAMBIGUOUS
748,2025-11-30T12:00:00+00:00,2025-11-30T13:00:00+00:00,SOLUSD,SHORT,SOLUSD_13140_BEARISH_13120_13121,137.839,137.008,0.831,0.6041,REGIME_B_GT_06,137.2158,137.839,136.5925,0.6232,0.6232,1.0,SL_HIT,-1.0,0.0,0.0,-0.0,0.0,1.5036,0.015,-0.015,1.4886,1,SL_HIT,UNAMBIGUOUS
749,2025-11-30T16:00:00+00:00,2025-11-30T23:00:00+00:00,ETHUSD,SHORT,ETHUSD_13144_BEARISH_13099_13110,3060.1,3036.4,23.7,0.7787,REGIME_B_GT_06,3042.325,3060.1,3024.55,17.775,17.775,1.0,TP_HIT,1.0,0.0,0.0,0.0,0.0,1.4886,0.0149,0.0149,1.5035,7,TP_HIT,UNAMBIGUOUS
750,2025-12-01T07:00:00+00:00,2025-12-01T15:00:00+00:00,ETHUSD,LONG,ETHUSD_13159_BULLISH_12998_13001,2848.5,2783.7,64.8,2.2825,REGIME_B_GT_06,2832.3,2783.7,2880.9,48.6,48.6,1.0,SL_HIT,-1.0,0.0,0.0,-0.0,0.0,1.5035,0.015,-0.015,1.4884,8,SL_HIT,UNAMBIGUOUS
751,2025-12-01T22:00:00+00:00,2025-12-02T01:00:00+00:00,BTCUSD,SHORT,BTCUSD_13174_BEARISH_13161_13164,86895.0,86478.0,417.0,0.4819,REGIME_A_LE_06,86478.0,86895.0,85763.1429,417.0,714.8571,1.7143,SL_HIT,-1.0,0.0,0.0,-0.0,0.0,1.4884,0.0149,-0.0149,1.4736,3,SL_HIT,UNAMBIGUOUS
752,2025-12-02T13:00:00+00:00,2025-12-02T14:00:00+00:00,ETHUSD,SHORT,ETHUSD_13189_BEARISH_13161_13167,2852.25,2827.45,24.8,0.8722,REGIME_B_GT_06,2833.65,2852.25,2815.05,18.6,18.6,1.0,SL_HIT,-1.0,0.0,0.0,-0.0,0.0,1.4736,0.0147,-0.0147,1.4588,1,SL_HIT,UNAMBIGUOUS
753,2025-12-04T11:00:00+00:00,2025-12-04T12:00:00+00:00,XRPUSD,LONG,XRPUSD_13235_BULLISH_13200_13204,2.1575,2.1409,0.0166,0.7721,REGIME_B_GT_06,2.1534,2.1409,2.1658,0.0125,0.0125,1.0,SL_HIT,-1.0,0.0,0.0,-0.0,0.0,1.4588,0.0146,-0.0146,1.4442,1,SL_HIT,UNAMBIGUOUS
754,2025-12-04T14:00:00+00:00,2025-12-04T15:00:00+00:00,BTCUSD,LONG,BTCUSD_13238_BULLISH_13196_13202,91893.5,90675.5,1218.0,1.3258,REGIME_B_GT_06,91589.0,90675.5,92502.5,913.5,913.5,1.0,TP_HIT,1.0,0.0,0.0,0.0,0.0,1.4442,0.0144,0.0144,1.4587,1,TP_HIT,UNAMBIGUOUS
755,2025-12-04T18:00:00+00:00,2025-12-04T19:00:00+00:00,SOLUSD,LONG,SOLUSD_13242_BULLISH_13216_13221,141.79,139.9,1.89,1.3429,REGIME_B_GT_06,141.3175,139.9,142.735,1.4175,1.4175,1.0,SL_HIT,-1.0,0.0,0.0,-0.0,0.0,1.4587,0.0146,-0.0146,1.4441,1,SL_HIT,UNAMBIGUOUS
756,2025-12-05T13:00:00+00:00,2025-12-05T16:00:00+00:00,ETHUSD,LONG,ETHUSD_13261_BULLISH_13215_13221,3109.3,3055.5,53.8,1.7363,REGIME_B_GT_06,3095.85,3055.5,3136.2,40.35,40.35,1.0,SL_HIT,-1.0,0.0,0.0,-0.0,0.0,1.4441,0.0144,-0.0144,1.4297,3,SL_HIT,UNAMBIGUOUS
757,2025-12-06T14:00:00+00:00,2025-12-06T19:00:00+00:00,XRPUSD,SHORT,XRPUSD_13286_BEARISH_13278_13280,2.0494,2.0339,0.0155,0.7603,REGIME_B_GT_06,2.0378,2.0494,2.0261,0.0116,0.0116,1.0,TP_HIT,1.0,0.0,0.0,0.0,0.0,1.4297,0.0143,0.0143,1.444,5,TP_HIT,UNAMBIGUOUS
758,2025-12-06T19:00:00+00:00,2025-12-06T23:00:00+00:00,BTCUSD,LONG,BTCUSD_13291_BULLISH_13280_13286,89617.0,89183.5,433.5,0.485,REGIME_A_LE_06,89617.0,89183.5,90360.1429,433.5,743.1429,1.7143,SL_HIT,-1.0,0.0,0.0,-0.0,0.0,1.444,0.0144,-0.0144,1.4295,4,SL_HIT,UNAMBIGUOUS
759,2025-12-07T07:00:00+00:00,2025-12-07T14:00:00+00:00,XRPUSD,LONG,XRPUSD_13303_BULLISH_13291_13298,2.0325,2.0197,0.0128,0.6305,REGIME_B_GT_06,2.0293,2.0197,2.0389,0.0096,0.0096,1.0,SL_HIT,-1.0,0.0,0.0,-0.0,0.0,1.4295,0.0143,-0.0143,1.4152,7,SL_HIT,UNAMBIGUOUS
760,2025-12-07T15:00:00+00:00,2025-12-07T16:00:00+00:00,BTCUSD,SHORT,BTCUSD_13311_BEARISH_13300_13310,89759.0,89448.0,311.0,0.3474,REGIME_A_LE_06,89448.0,89759.0,88914.8571,311.0,533.1429,1.7143,SL_HIT,-1.0,0.0,0.0,-0.0,0.0,1.4152,0.0142,-0.0142,1.4011,1,SL_HIT,UNAMBIGUOUS
761,2025-12-07T18:00:00+00:00,2025-12-07T20:00:00+00:00,XRPUSD,SHORT,XRPUSD_13314_BEARISH_13248_13257,2.1121,2.0939,0.0182,0.8653,REGIME_B_GT_06,2.0985,2.1121,2.0848,0.0136,0.0136,1.0,TP_HIT,1.0,0.0,0.0,0.0,0.0,1.4011,0.014,0.014,1.4151,2,TP_HIT,UNAMBIGUOUS
762,2025-12-07T22:00:00+00:00,2025-12-08T01:00:00+00:00,ETHUSD,LONG,ETHUSD_13318_BULLISH_13312_13313,3039.7,2998.35,41.35,1.3633,REGIME_B_GT_06,3029.3625,2998.35,3060.375,31.0125,31.0125,1.0,TP_HIT,1.0,0.0,0.0,0.0,0.0,1.4151,0.0142,0.0142,1.4292,3,TP_HIT,UNAMBIGUOUS
763,2025-12-08T15:00:00+00:00,2025-12-09T03:00:00+00:00,XRPUSD,LONG,XRPUSD_13335_BULLISH_13322_13328,2.077,2.0575,0.0195,0.9396,REGIME_B_GT_06,2.0721,2.0575,2.0867,0.0146,0.0146,1.0,SL_HIT,-1.0,0.0,0.0,-0.0,0.0,1.4292,0.0143,-0.0143,1.4149,12,SL_HIT,UNAMBIGUOUS
764,2025-12-09T09:00:00+00:00,2025-12-09T15:00:00+00:00,SOLUSD,LONG,SOLUSD_13353_BULLISH_13319_13328,132.357,130.584,1.773,1.3399,REGIME_B_GT_06,131.9137,130.584,133.2435,1.3297,1.3297,1.0,TP_HIT,1.0,0.0,0.0,0.0,0.0,1.4149,0.0141,0.0141,1.4291,6,TP_HIT,UNAMBIGUOUS
765,2025-12-10T10:00:00+00:00,2025-12-10T16:00:00+00:00,ETHUSD,LONG,ETHUSD_13378_BULLISH_13369_13377,3314.7,3287.35,27.35,0.8259,REGIME_B_GT_06,3307.8625,3287.35,3328.375,20.5125,20.5125,1.0,TP_HIT,1.0,0.0,0.0,0.0,0.0,1.4291,0.0143,0.0143,1.4434,6,TP_HIT,UNAMBIGUOUS
766,2025-12-10T16:00:00+00:00,2025-12-10T20:00:00+00:00,BTCUSD,SHORT,BTCUSD_13384_BEARISH_13378_13382,93231.5,92097.0,1134.5,1.2313,REGIME_B_GT_06,92380.625,93231.5,91529.75,850.875,850.875,1.0,SL_HIT,-1.0,0.0,0.0,-0.0,0.0,1.4434,0.0144,-0.0144,1.4289,4,SL_HIT,UNAMBIGUOUS
767,2025-12-11T21:00:00+00:00,2025-12-12T06:00:00+00:00,SOLUSD,SHORT,SOLUSD_13413_BEARISH_13386_13392,139.499,136.388,3.111,2.2705,REGIME_B_GT_06,137.1658,139.499,134.8325,2.3332,2.3332,1.0,SL_HIT,-1.0,0.0,0.0,-0.0,0.0,1.4289,0.0143,-0.0143,1.4147,9,SL_HIT,UNAMBIGUOUS
768,2025-12-12T20:00:00+00:00,2025-12-14T11:00:00+00:00,BTCUSD,LONG,BTCUSD_13436_BULLISH_13406_13410,90458.5,89227.5,1231.0,1.3655,REGIME_B_GT_06,90150.75,89227.5,91074.0,923.25,923.25,1.0,SL_HIT,-1.0,0.0,0.0,-0.0,0.0,1.4147,0.0141,-0.0141,1.4005,39,SL_HIT,UNAMBIGUOUS
769,2025-12-14T22:00:00+00:00,2025-12-14T23:00:00+00:00,SOLUSD,LONG,SOLUSD_13486_BULLISH_13396_13409,131.5,129.024,2.476,1.9021,REGIME_B_GT_06,130.881,129.024,132.738,1.857,1.857,1.0,SL_HIT,-1.0,0.0,0.0,-0.0,0.0,1.4005,0.014,-0.014,1.3865,1,SL_HIT,UNAMBIGUOUS
770,2025-12-15T00:00:00+00:00,2025-12-15T01:00:00+00:00,ETHUSD,SHORT,ETHUSD_13488_BEARISH_13476_13487,3107.65,3069.55,38.1,1.2394,REGIME_B_GT_06,3079.075,3107.65,3050.5,28.575,28.575,1.0,SL_HIT,-1.0,0.0,0.0,-0.0,0.0,1.3865,0.0139,-0.0139,1.3726,1,SL_HIT,UNAMBIGUOUS
771,2025-12-15T09:00:00+00:00,2025-12-15T14:00:00+00:00,SOLUSD,SHORT,SOLUSD_13497_BEARISH_13464_13475,133.647,132.686,0.961,0.7239,REGIME_B_GT_06,132.9263,133.647,132.2055,0.7207,0.7207,1.0,SL_HIT,-1.0,0.0,0.0,-0.0,0.0,1.3726,0.0137,-0.0137,1.3589,5,SL_HIT,UNAMBIGUOUS
772,2025-12-15T15:00:00+00:00,2025-12-15T16:00:00+00:00,ETHUSD,LONG,ETHUSD_13503_BULLISH_13267_13359,3047.0,2982.35,64.65,2.148,REGIME_B_GT_06,3030.8375,2982.35,3079.325,48.4875,48.4875,1.0,SL_HIT,-1.0,0.0,0.0,-0.0,0.0,1.3589,0.0136,-0.0136,1.3453,1,SL_HIT,UNAMBIGUOUS
773,2025-12-16T00:00:00+00:00,2025-12-16T13:00:00+00:00,SOLUSD,LONG,SOLUSD_13512_BULLISH_13167_13221,126.3,123.11,3.19,2.5285,REGIME_B_GT_06,125.5025,123.11,127.895,2.3925,2.3925,1.0,TP_HIT,1.0,0.0,0.0,0.0,0.0,1.3453,0.0135,0.0135,1.3588,13,TP_HIT,UNAMBIGUOUS
774,2025-12-16T13:00:00+00:00,2025-12-16T14:00:00+00:00,SOLUSD,LONG,SOLUSD_13525_BULLISH_13516_13522,126.793,124.862,1.931,1.5234,REGIME_B_GT_06,126.3102,124.862,127.7585,1.4483,1.4483,1.0,TP_HIT,1.0,0.0,0.0,0.0,0.0,1.3588,0.0136,0.0136,1.3724,1,TP_HIT,UNAMBIGUOUS
775,2025-12-17T13:00:00+00:00,2025-12-17T14:00:00+00:00,BTCUSD,SHORT,BTCUSD_13549_BEARISH_13537_13539,87935.5,87448.0,487.5,0.5566,REGIME_A_LE_06,87448.0,87935.5,86612.2857,487.5,835.7143,1.7143,SL_HIT,-1.0,0.0,0.0,-0.0,0.0,1.3724,0.0137,-0.0137,1.3586,1,SL_HIT,UNAMBIGUOUS
776,2025-12-17T14:00:00+00:00,2025-12-17T15:00:00+00:00,SOLUSD,SHORT,SOLUSD_13550_BEARISH_13501_13502,133.297,131.703,1.594,1.2016,REGIME_B_GT_06,132.1015,133.297,130.906,1.1955,1.1955,1.0,SL_HIT,-1.0,0.0,0.0,-0.0,0.0,1.3586,0.0136,-0.0136,1.345,1,SL_HIT,AMBIGUOUS_RESOLVED_CONSERVATIVE
777,2025-12-17T15:00:00+00:00,2025-12-17T16:00:00+00:00,SOLUSD,LONG,SOLUSD_13551_BULLISH_13545_13550,127.0303,125.98,1.0503,0.8284,REGIME_B_GT_06,126.7677,125.98,127.5554,0.7877,0.7877,1.0,SL_HIT,-1.0,0.0,0.0,-0.0,0.0,1.345,0.0135,-0.0135,1.3316,1,SL_HIT,AMBIGUOUS_RESOLVED_CONSERVATIVE
778,2025-12-17T17:00:00+00:00,2025-12-17T19:00:00+00:00,XRPUSD,LONG,XRPUSD_13553_BULLISH_13516_13523,1.875,1.8507,0.0243,1.2984,REGIME_B_GT_06,1.8689,1.8507,1.8871,0.0182,0.0182,1.0,SL_HIT,-1.0,0.0,0.0,-0.0,0.0,1.3316,0.0133,-0.0133,1.3183,2,SL_HIT,UNAMBIGUOUS
779,2025-12-18T09:00:00+00:00,2025-12-18T12:00:00+00:00,XRPUSD,SHORT,XRPUSD_13569_BEARISH_13556_13565,1.8831,1.8569,0.0262,1.402,REGIME_B_GT_06,1.8635,1.8831,1.8438,0.0196,0.0196,1.0,SL_HIT,-1.0,0.0,0.0,-0.0,0.0,1.3183,0.0132,-0.0132,1.3051,3,SL_HIT,UNAMBIGUOUS
780,2025-12-18T13:00:00+00:00,2025-12-18T15:00:00+00:00,XRPUSD,SHORT,XRPUSD_13573_BEARISH_13549_13553,1.9279,1.904,0.0239,1.2495,REGIME_B_GT_06,1.91,1.9279,1.8921,0.0179,0.0179,1.0,SL_HIT,-1.0,0.0,0.0,-0.0,0.0,1.3051,0.0131,-0.0131,1.292,2,SL_HIT,UNAMBIGUOUS
781,2025-12-19T12:00:00+00:00,2025-12-19T14:00:00+00:00,BTCUSD,SHORT,BTCUSD_13596_BEARISH_13576_13579,88509.0,87809.0,700.0,0.7968,REGIME_B_GT_06,87984.0,88509.0,87459.0,525.0,525.0,1.0,SL_HIT,-1.0,0.0,0.0,-0.0,0.0,1.292,0.0129,-0.0129,1.2791,2,SL_HIT,UNAMBIGUOUS
782,2025-12-19T18:00:00+00:00,2025-12-20T08:00:00+00:00,XRPUSD,SHORT,XRPUSD_13602_BEARISH_13574_13579,1.9256,1.8891,0.0365,1.9281,REGIME_B_GT_06,1.8982,1.9256,1.8709,0.0274,0.0274,1.0,SL_HIT,-1.0,0.0,0.0,-0.0,0.0,1.2791,0.0128,-0.0128,1.2663,14,SL_HIT,UNAMBIGUOUS
783,2025-12-21T07:00:00+00:00,2025-12-21T08:00:00+00:00,ETHUSD,SHORT,ETHUSD_13639_BEARISH_13629_13633,2985.2,2977.9,7.3,0.2449,REGIME_A_LE_06,2977.9,2985.2,2965.3857,7.3,12.5143,1.7143,SL_HIT,-1.0,0.0,0.0,-0.0,0.0,1.2663,0.0127,-0.0127,1.2537,1,SL_HIT,UNAMBIGUOUS
784,2025-12-21T09:00:00+00:00,2025-12-21T12:00:00+00:00,SOLUSD,SHORT,SOLUSD_13641_BEARISH_13624_13633,126.694,126.112,0.582,0.4609,REGIME_A_LE_06,126.112,126.694,125.1143,0.582,0.9977,1.7143,TP_HIT,1.7143,0.0,0.0,0.0,0.0,1.2537,0.0125,0.0215,1.2752,3,TP_HIT,UNAMBIGUOUS
785,2025-12-21T13:00:00+00:00,2025-12-21T23:00:00+00:00,XRPUSD,LONG,XRPUSD_13645_BULLISH_13610_13616,1.9022,1.8928,0.0094,0.4952,REGIME_A_LE_06,1.9022,1.8928,1.9183,0.0094,0.0161,1.7143,TP_HIT,1.7143,0.0,0.0,0.0,0.0,1.2752,0.0128,0.0219,1.297,10,TP_HIT,UNAMBIGUOUS
786,2025-12-21T23:00:00+00:00,2025-12-22T00:00:00+00:00,BTCUSD,SHORT,BTCUSD_13655_BEARISH_13641_13645,89058.0,88472.5,585.5,0.6606,REGIME_B_GT_06,88618.875,89058.0,88179.75,439.125,439.125,1.0,SL_HIT,-1.0,0.0,0.0,-0.0,0.0,1.297,0.013,-0.013,1.2841,1,SL_HIT,UNAMBIGUOUS
787,2025-12-22T11:00:00+00:00,2025-12-22T19:00:00+00:00,XRPUSD,SHORT,XRPUSD_13667_BEARISH_13642_13645,1.9491,1.9305,0.0186,0.9616,REGIME_B_GT_06,1.9352,1.9491,1.9212,0.0139,0.0139,1.0,TP_HIT,1.0,0.0,0.0,0.0,0.0,1.2841,0.0128,0.0128,1.2969,8,TP_HIT,UNAMBIGUOUS
788,2025-12-22T19:00:00+00:00,2025-12-23T03:00:00+00:00,BTCUSD,LONG,BTCUSD_13675_BULLISH_13658_13665,88625.0,87853.5,771.5,0.8765,REGIME_B_GT_06,88432.125,87853.5,89010.75,578.625,578.625,1.0,SL_HIT,-1.0,0.0,0.0,-0.0,0.0,1.2969,0.013,-0.013,1.2839,8,SL_HIT,UNAMBIGUOUS
789,2025-12-23T11:00:00+00:00,2025-12-23T13:00:00+00:00,XRPUSD,SHORT,XRPUSD_13691_BEARISH_13680_13684,1.909,1.8987,0.0103,0.5409,REGIME_A_LE_06,1.8987,1.909,1.881,0.0103,0.0177,1.7143,TP_HIT,1.7143,0.0,0.0,0.0,0.0,1.2839,0.0128,0.022,1.3059,2,TP_HIT,UNAMBIGUOUS
790,2025-12-25T12:00:00+00:00,2025-12-25T15:00:00+00:00,BTCUSD,SHORT,BTCUSD_13740_BEARISH_13730_13738,87942.5,87526.0,416.5,0.4758,REGIME_A_LE_06,87526.0,87942.5,86812.0,416.5,714.0,1.7143,SL_HIT,-1.0,0.0,0.0,-0.0,0.0,1.3059,0.0131,-0.0131,1.2929,3,SL_HIT,UNAMBIGUOUS
791,2025-12-25T15:00:00+00:00,2025-12-25T23:00:00+00:00,SOLUSD,SHORT,SOLUSD_13743_BEARISH_13700_13708,125.663,123.481,2.182,1.7646,REGIME_B_GT_06,124.0265,125.663,122.39,1.6365,1.6365,1.0,TP_HIT,1.0,0.0,0.0,0.0,0.0,1.2929,0.0129,0.0129,1.3058,8,TP_HIT,UNAMBIGUOUS
792,2025-12-25T23:00:00+00:00,2025-12-26T02:00:00+00:00,SOLUSD,LONG,SOLUSD_13751_BULLISH_13581_13587,120.211,117.108,3.103,2.5854,REGIME_B_GT_06,119.4352,117.108,121.7625,2.3272,2.3272,1.0,TP_HIT,1.0,0.0,0.0,0.0,0.0,1.3058,0.0131,0.0131,1.3189,3,TP_HIT,UNAMBIGUOUS
793,2025-12-26T02:00:00+00:00,2025-12-26T04:00:00+00:00,SOLUSD,SHORT,SOLUSD_13754_BEARISH_13744_13751,124.483,123.341,1.142,0.9251,REGIME_B_GT_06,123.6265,124.483,122.77,0.8565,0.8565,1.0,TP_HIT,1.0,0.0,0.0,0.0,0.0,1.3189,0.0132,0.0132,1.3321,2,TP_HIT,UNAMBIGUOUS
794,2025-12-26T19:00:00+00:00,2025-12-29T00:00:00+00:00,ETHUSD,LONG,ETHUSD_13771_BULLISH_13751_13754,2926.15,2889.6,36.55,1.2496,REGIME_B_GT_06,2917.0125,2889.6,2944.425,27.4125,27.4125,1.0,TP_HIT,1.0,0.0,0.0,0.0,0.0,1.3321,0.0133,0.0133,1.3454,53,TP_HIT,UNAMBIGUOUS
795,2025-12-29T00:00:00+00:00,2025-12-29T01:00:00+00:00,XRPUSD,SHORT,XRPUSD_13824_BEARISH_13806_13809,1.879,1.8718,0.0072,0.3845,REGIME_A_LE_06,1.8718,1.879,1.8595,0.0072,0.0123,1.7143,SL_HIT,-1.0,0.0,0.0,-0.0,0.0,1.3454,0.0135,-0.0135,1.3319,1,SL_HIT,UNAMBIGUOUS
796,2025-12-29T01:00:00+00:00,2025-12-29T02:00:00+00:00,XRPUSD,SHORT,XRPUSD_13825_BEARISH_13700_13706,1.8944,1.8766,0.0178,0.9461,REGIME_B_GT_06,1.8811,1.8944,1.8677,0.0133,0.0133,1.0,SL_HIT,-1.0,0.0,0.0,-0.0,0.0,1.3319,0.0133,-0.0133,1.3186,1,SL_HIT,UNAMBIGUOUS
797,2025-12-29T03:00:00+00:00,2025-12-29T09:00:00+00:00,BTCUSD,SHORT,BTCUSD_13827_BEARISH_13668_13712,90585.0,89820.5,764.5,0.8485,REGIME_B_GT_06,90011.625,90585.0,89438.25,573.375,573.375,1.0,TP_HIT,1.0,0.0,0.0,0.0,0.0,1.3186,0.0132,0.0132,1.3318,6,TP_HIT,UNAMBIGUOUS
798,2025-12-29T11:00:00+00:00,2025-12-29T12:00:00+00:00,BTCUSD,LONG,BTCUSD_13835_BULLISH_13821_13824,87578.5,87413.5,165.0,0.1885,REGIME_A_LE_06,87578.5,87413.5,87861.3571,165.0,282.8571,1.7143,SL_HIT,-1.0,0.0,0.0,-0.0,0.0,1.3318,0.0133,-0.0133,1.3185,1,SL_HIT,UNAMBIGUOUS
799,2025-12-29T12:00:00+00:00,2025-12-29T14:00:00+00:00,BTCUSD,LONG,BTCUSD_13836_BULLISH_13767_13827,87356.0,86628.5,727.5,0.8328,REGIME_B_GT_06,87174.125,86628.5,87719.75,545.625,545.625,1.0,TP_HIT,1.0,0.0,0.0,0.0,0.0,1.3185,0.0132,0.0132,1.3317,2,TP_HIT,UNAMBIGUOUS
800,2025-12-30T03:00:00+00:00,2025-12-30T15:00:00+00:00,XRPUSD,SHORT,XRPUSD_13851_BEARISH_13838_13842,1.878,1.8588,0.0192,1.0322,REGIME_B_GT_06,1.8636,1.878,1.8492,0.0144,0.0144,1.0,SL_HIT,-1.0,0.0,0.0,-0.0,0.0,1.3317,0.0133,-0.0133,1.3183,12,SL_HIT,UNAMBIGUOUS
801,2025-12-30T17:00:00+00:00,2025-12-30T21:00:00+00:00,SOLUSD,LONG,SOLUSD_13865_BULLISH_13862_13864,125.373,123.54,1.833,1.4698,REGIME_B_GT_06,124.9147,123.54,126.2895,1.3747,1.3747,1.0,SL_HIT,-1.0,0.0,0.0,-0.0,0.0,1.3183,0.0132,-0.0132,1.3052,4,SL_HIT,UNAMBIGUOUS
802,2025-12-31T14:00:00+00:00,2025-12-31T15:00:00+00:00,SOLUSD,LONG,SOLUSD_13886_BULLISH_13875_13881,126.0981,125.162,0.9361,0.7441,REGIME_B_GT_06,125.8641,125.162,126.5661,0.7021,0.7021,1.0,SL_HIT,-1.0,0.0,0.0,-0.0,0.0,1.3052,0.0131,-0.0131,1.2921,1,SL_HIT,UNAMBIGUOUS
803,2026-01-01T16:00:00+00:00,2026-01-02T03:00:00+00:00,XRPUSD,SHORT,XRPUSD_13912_BEARISH_13886_13887,1.8824,1.863,0.0194,1.0408,REGIME_B_GT_06,1.8679,1.8824,1.8533,0.0146,0.0146,1.0,SL_HIT,-1.0,0.0,0.0,-0.0,0.0,1.2921,0.0129,-0.0129,1.2792,11,SL_HIT,UNAMBIGUOUS
804,2026-01-03T12:00:00+00:00,2026-01-03T21:00:00+00:00,BTCUSD,SHORT,BTCUSD_13956_BEARISH_13948_13951,90459.0,90001.0,458.0,0.5088,REGIME_A_LE_06,90001.0,90459.0,89215.8571,458.0,785.1429,1.7143,SL_HIT,-1.0,0.0,0.0,-0.0,0.0,1.2792,0.0128,-0.0128,1.2664,9,SL_HIT,UNAMBIGUOUS
805,2026-01-05T13:00:00+00:00,2026-01-05T14:00:00+00:00,SOLUSD,LONG,SOLUSD_14005_BULLISH_13987_13993,134.2063,133.106,1.1003,0.8224,REGIME_B_GT_06,133.9312,133.106,134.7564,0.8252,0.8252,1.0,TP_HIT,1.0,0.0,0.0,0.0,0.0,1.2664,0.0127,0.0127,1.2791,1,TP_HIT,UNAMBIGUOUS
806,2026-01-05T21:00:00+00:00,2026-01-06T05:00:00+00:00,SOLUSD,SHORT,SOLUSD_14013_BEARISH_13428_13431,139.9,138.379,1.521,1.0988,REGIME_B_GT_06,138.7593,139.9,137.6185,1.1407,1.1407,1.0,SL_HIT,-1.0,0.0,0.0,-0.0,0.0,1.2791,0.0128,-0.0128,1.2663,8,SL_HIT,UNAMBIGUOUS
807,2026-01-06T16:00:00+00:00,2026-01-06T17:00:00+00:00,SOLUSD,LONG,SOLUSD_14032_BULLISH_14023_14030,139.1,137.338,1.762,1.2684,REGIME_B_GT_06,138.6595,137.338,139.981,1.3215,1.3215,1.0,SL_HIT,-1.0,0.0,0.0,-0.0,0.0,1.2663,0.0127,-0.0127,1.2536,1,SL_HIT,UNAMBIGUOUS
808,2026-01-06T21:00:00+00:00,2026-01-07T09:00:00+00:00,ETHUSD,SHORT,ETHUSD_14037_BEARISH_14031_14033,3301.35,3260.25,41.1,1.2547,REGIME_B_GT_06,3270.525,3301.35,3239.7,30.825,30.825,1.0,TP_HIT,1.0,0.0,0.0,0.0,0.0,1.2536,0.0125,0.0125,1.2661,12,TP_HIT,UNAMBIGUOUS
809,2026-01-07T15:00:00+00:00,2026-01-07T19:00:00+00:00,SOLUSD,LONG,SOLUSD_14055_BULLISH_13998_14011,135.7,134.627,1.073,0.7908,REGIME_B_GT_06,135.4317,134.627,136.2365,0.8047,0.8047,1.0,SL_HIT,-1.0,0.0,0.0,-0.0,0.0,1.2661,0.0127,-0.0127,1.2535,4,SL_HIT,UNAMBIGUOUS
810,2026-01-08T16:00:00+00:00,2026-01-08T17:00:00+00:00,SOLUSD,SHORT,SOLUSD_14080_BEARISH_14068_14076,138.36,136.425,1.935,1.4001,REGIME_B_GT_06,136.9087,138.36,135.4575,1.4513,1.4513,1.0,SL_HIT,-1.0,0.0,0.0,-0.0,0.0,1.2535,0.0125,-0.0125,1.2409,1,SL_HIT,UNAMBIGUOUS
811,2026-01-08T17:00:00+00:00,2026-01-08T20:00:00+00:00,BTCUSD,SHORT,BTCUSD_14081_BEARISH_14065_14070,91660.0,91268.0,392.0,0.4292,REGIME_A_LE_06,91268.0,91660.0,90596.0,392.0,672.0,1.7143,TP_HIT,1.7143,0.0,0.0,0.0,0.0,1.2409,0.0124,0.0213,1.2622,3,TP_HIT,UNAMBIGUOUS
812,2026-01-10T13:00:00+00:00,2026-01-11T20:00:00+00:00,XRPUSD,LONG,XRPUSD_14125_BULLISH_14117_14122,2.0919,2.0795,0.0124,0.593,REGIME_A_LE_06,2.0919,2.0795,2.1132,0.0124,0.0213,1.7143,SL_HIT,-1.0,0.0,0.0,-0.0,0.0,1.2622,0.0126,-0.0126,1.2496,31,SL_HIT,UNAMBIGUOUS
813,2026-01-11T23:00:00+00:00,2026-01-12T01:00:00+00:00,BTCUSD,SHORT,BTCUSD_14159_BEARISH_14152_14158,91257.5,90844.0,413.5,0.4545,REGIME_A_LE_06,90844.0,91257.5,90135.1429,413.5,708.8571,1.7143,SL_HIT,-1.0,0.0,0.0,-0.0,0.0,1.2496,0.0125,-0.0125,1.2371,2,SL_HIT,UNAMBIGUOUS
814,2026-01-12T02:00:00+00:00,2026-01-12T03:00:00+00:00,XRPUSD,SHORT,XRPUSD_14162_BEARISH_14150_14156,2.1093,2.0962,0.0131,0.624,REGIME_B_GT_06,2.0995,2.1093,2.0896,0.0098,0.0098,1.0,TP_HIT,1.0,0.0,0.0,0.0,0.0,1.2371,0.0124,0.0124,1.2495,1,TP_HIT,UNAMBIGUOUS
815,2026-01-12T08:00:00+00:00,2026-01-12T14:00:00+00:00,BTCUSD,LONG,BTCUSD_14168_BULLISH_14159_14161,91009.5,90195.0,814.5,0.8978,REGIME_B_GT_06,90805.875,90195.0,91416.75,610.875,610.875,1.0,SL_HIT,-1.0,0.0,0.0,-0.0,0.0,1.2495,0.0125,-0.0125,1.237,6,SL_HIT,UNAMBIGUOUS
816,2026-01-12T15:00:00+00:00,2026-01-12T16:00:00+00:00,XRPUSD,SHORT,XRPUSD_14175_BEARISH_14163_14170,2.1053,2.079,0.0263,1.2565,REGIME_B_GT_06,2.0856,2.1053,2.0659,0.0197,0.0197,1.0,SL_HIT,-1.0,0.0,0.0,-0.0,0.0,1.237,0.0124,-0.0124,1.2246,1,SL_HIT,UNAMBIGUOUS
817,2026-01-12T22:00:00+00:00,2026-01-13T05:00:00+00:00,ETHUSD,LONG,ETHUSD_14182_BULLISH_14102_14162,3098.35,3060.7,37.65,1.2166,REGIME_B_GT_06,3088.9375,3060.7,3117.175,28.2375,28.2375,1.0,TP_HIT,1.0,0.0,0.0,0.0,0.0,1.2246,0.0122,0.0122,1.2368,7,TP_HIT,UNAMBIGUOUS
818,2026-01-13T10:00:00+00:00,2026-01-13T16:00:00+00:00,SOLUSD,SHORT,SOLUSD_14194_BEARISH_14176_14186,144.3109,142.121,2.1899,1.5409,REGIME_B_GT_06,142.6685,144.3109,141.026,1.6424,1.6424,1.0,SL_HIT,-1.0,0.0,0.0,-0.0,0.0,1.2368,0.0124,-0.0124,1.2245,6,SL_HIT,UNAMBIGUOUS
819,2026-01-14T14:00:00+00:00,2026-01-14T16:00:00+00:00,ETHUSD,SHORT,ETHUSD_14222_BEARISH_14212_14218,3364.0,3335.65,28.35,0.8467,REGIME_B_GT_06,3342.7375,3364.0,3321.475,21.2625,21.2625,1.0,SL_HIT,-1.0,0.0,0.0,-0.0,0.0,1.2245,0.0122,-0.0122,1.2122,2,SL_HIT,UNAMBIGUOUS
820,2026-01-15T03:00:00+00:00,2026-01-15T06:00:00+00:00,SOLUSD,LONG,SOLUSD_14235_BULLISH_14201_14206,143.643,142.468,1.175,0.8189,REGIME_B_GT_06,143.3492,142.468,144.2305,0.8812,0.8812,1.0,TP_HIT,1.0,0.0,0.0,0.0,0.0,1.2122,0.0121,0.0121,1.2244,3,TP_HIT,UNAMBIGUOUS
821,2026-01-15T09:00:00+00:00,2026-01-15T14:00:00+00:00,ETHUSD,SHORT,ETHUSD_14241_BEARISH_14228_14234,3392.45,3361.25,31.2,0.927,REGIME_B_GT_06,3369.05,3392.45,3345.65,23.4,23.4,1.0,TP_HIT,1.0,0.0,0.0,0.0,0.0,1.2244,0.0122,0.0122,1.2366,5,TP_HIT,UNAMBIGUOUS
822,2026-01-16T13:00:00+00:00,2026-01-16T15:00:00+00:00,SOLUSD,LONG,SOLUSD_14269_BULLISH_14261_14268,143.636,141.48,2.156,1.507,REGIME_B_GT_06,143.097,141.48,144.714,1.617,1.617,1.0,SL_HIT,-1.0,0.0,0.0,-0.0,0.0,1.2366,0.0124,-0.0124,1.2242,2,SL_HIT,UNAMBIGUOUS
823,2026-01-16T17:00:00+00:00,2026-01-16T18:00:00+00:00,SOLUSD,SHORT,SOLUSD_14273_BEARISH_14268_14271,143.872,143.121,0.751,0.524,REGIME_A_LE_06,143.121,143.872,141.8336,0.751,1.2874,1.7143,SL_HIT,-1.0,0.0,0.0,-0.0,0.0,1.2242,0.0122,-0.0122,1.212,1,SL_HIT,UNAMBIGUOUS
824,2026-01-16T20:00:00+00:00,2026-01-18T01:00:00+00:00,SOLUSD,SHORT,SOLUSD_14276_BEARISH_14241_14249,146.023,144.472,1.551,1.0699,REGIME_B_GT_06,144.8598,146.023,143.6965,1.1632,1.1632,1.0,TP_HIT,1.0,0.0,0.0,0.0,0.0,1.212,0.0121,0.0121,1.2241,29,TP_HIT,UNAMBIGUOUS
825,2026-01-18T17:00:00+00:00,2026-01-18T18:00:00+00:00,SOLUSD,SHORT,SOLUSD_14321_BEARISH_14313_14318,142.632,142.311,0.321,0.2255,REGIME_A_LE_06,142.311,142.632,141.7607,0.321,0.5503,1.7143,SL_HIT,-1.0,0.0,0.0,-0.0,0.0,1.2241,0.0122,-0.0122,1.2119,1,SL_HIT,UNAMBIGUOUS
826,2026-01-18T22:00:00+00:00,2026-01-18T23:00:00+00:00,BTCUSD,SHORT,BTCUSD_14326_BEARISH_14295_14305,95626.0,95387.5,238.5,0.2499,REGIME_A_LE_06,95387.5,95626.0,94978.6429,238.5,408.8571,1.7143,TP_HIT,1.7143,0.0,0.0,0.0,0.0,1.2119,0.0121,0.0208,1.2326,1,TP_HIT,UNAMBIGUOUS
827,2026-01-21T16:00:00+00:00,2026-01-21T17:00:00+00:00,BTCUSD,LONG,BTCUSD_14392_BULLISH_13900_13913,87841.0,87524.0,317.0,0.362,REGIME_A_LE_06,87841.0,87524.0,88384.4286,317.0,543.4286,1.7143,SL_HIT,-1.0,0.0,0.0,-0.0,0.0,1.2326,0.0123,-0.0123,1.2203,1,SL_HIT,UNAMBIGUOUS
828,2026-01-21T19:00:00+00:00,2026-01-22T15:00:00+00:00,BTCUSD,SHORT,BTCUSD_14395_BEARISH_14391_14392,90540.0,89713.5,826.5,0.915,REGIME_B_GT_06,89920.125,90540.0,89300.25,619.875,619.875,1.0,TP_HIT,1.0,0.0,0.0,0.0,0.0,1.2203,0.0122,0.0122,1.2325,20,TP_HIT,UNAMBIGUOUS
829,2026-01-23T06:00:00+00:00,2026-01-23T08:00:00+00:00,BTCUSD,LONG,BTCUSD_14430_BULLISH_14422_14428,89544.5,89108.0,436.5,0.4878,REGIME_A_LE_06,89544.5,89108.0,90292.7857,436.5,748.2857,1.7143,SL_HIT,-1.0,0.0,0.0,-0.0,0.0,1.2325,0.0123,-0.0123,1.2202,2,SL_HIT,UNAMBIGUOUS
830,2026-01-23T15:00:00+00:00,2026-01-23T16:00:00+00:00,XRPUSD,SHORT,XRPUSD_14439_BEARISH_14419_14438,1.9348,1.9166,0.0182,0.9476,REGIME_B_GT_06,1.9212,1.9348,1.9075,0.0136,0.0136,1.0,SL_HIT,-1.0,0.0,0.0,-0.0,0.0,1.2202,0.0122,-0.0122,1.208,1,SL_HIT,UNAMBIGUOUS
831,2026-01-23T16:00:00+00:00,2026-01-23T17:00:00+00:00,ETHUSD,SHORT,ETHUSD_14440_BEARISH_14428_14432,2984.3,2962.2,22.1,0.7449,REGIME_B_GT_06,2967.725,2984.3,2951.15,16.575,16.575,1.0,SL_HIT,-1.0,0.0,0.0,-0.0,0.0,1.208,0.0121,-0.0121,1.1959,1,SL_HIT,UNAMBIGUOUS
832,2026-01-24T18:00:00+00:00,2026-01-25T01:00:00+00:00,XRPUSD,SHORT,XRPUSD_14466_BEARISH_14461_14463,1.9236,1.9177,0.0059,0.3073,REGIME_A_LE_06,1.9177,1.9236,1.9076,0.0059,0.0101,1.7143,TP_HIT,1.7143,0.0,0.0,0.0,0.0,1.1959,0.012,0.0205,1.2164,7,TP_HIT,UNAMBIGUOUS
833,2026-01-26T15:00:00+00:00,2026-01-27T16:00:00+00:00,SOLUSD,LONG,SOLUSD_14511_BULLISH_14500_14510,123.612,121.571,2.041,1.6525,REGIME_B_GT_06,123.1017,121.571,124.6325,1.5307,1.5307,1.0,TP_HIT,1.0,0.0,0.0,0.0,0.0,1.2164,0.0122,0.0122,1.2286,25,TP_HIT,UNAMBIGUOUS
834,2026-01-27T16:00:00+00:00,2026-01-27T17:00:00+00:00,XRPUSD,SHORT,XRPUSD_14536_BEARISH_14524_14529,1.9169,1.9063,0.0106,0.5541,REGIME_A_LE_06,1.9063,1.9169,1.8881,0.0106,0.0182,1.7143,TP_HIT,1.7143,0.0,0.0,0.0,0.0,1.2286,0.0123,0.0211,1.2496,1,TP_HIT,UNAMBIGUOUS
835,2026-01-27T20:00:00+00:00,2026-01-27T21:00:00+00:00,SOLUSD,SHORT,SOLUSD_14540_BEARISH_14471_14479,127.736,127.173,0.563,0.4419,REGIME_A_LE_06,127.173,127.736,126.2079,0.563,0.9651,1.7143,SL_HIT,-1.0,0.0,0.0,-0.0,0.0,1.2496,0.0125,-0.0125,1.2371,1,SL_HIT,UNAMBIGUOUS
836,2026-01-28T01:00:00+00:00,2026-01-28T08:00:00+00:00,ETHUSD,SHORT,ETHUSD_14545_BEARISH_14402_14414,3037.8,3014.2,23.6,0.7821,REGIME_B_GT_06,3020.1,3037.8,3002.4,17.7,17.7,1.0,TP_HIT,1.0,0.0,0.0,0.0,0.0,1.2371,0.0124,0.0124,1.2495,7,TP_HIT,UNAMBIGUOUS
837,2026-01-28T12:00:00+00:00,2026-01-28T15:00:00+00:00,SOLUSD,LONG,SOLUSD_14556_BULLISH_14553_14555,127.624,126.0,1.624,1.2765,REGIME_B_GT_06,127.218,126.0,128.436,1.218,1.218,1.0,SL_HIT,-1.0,0.0,0.0,-0.0,0.0,1.2495,0.0125,-0.0125,1.237,3,SL_HIT,UNAMBIGUOUS
838,2026-01-29T08:00:00+00:00,2026-01-29T14:00:00+00:00,BTCUSD,LONG,BTCUSD_14576_BULLISH_14535_14540,88173.5,87538.5,635.0,0.7213,REGIME_B_GT_06,88014.75,87538.5,88491.0,476.25,476.25,1.0,SL_HIT,-1.0,0.0,0.0,-0.0,0.0,1.237,0.0124,-0.0124,1.2247,6,SL_HIT,UNAMBIGUOUS
839,2026-02-01T11:00:00+00:00,2026-02-01T13:00:00+00:00,SOLUSD,SHORT,SOLUSD_14651_BEARISH_14648_14650,106.023,104.812,1.211,1.153,REGIME_B_GT_06,105.1148,106.023,104.2065,0.9082,0.9082,1.0,SL_HIT,-1.0,0.0,0.0,-0.0,0.0,1.2247,0.0122,-0.0122,1.2124,2,SL_HIT,UNAMBIGUOUS
840,2026-02-02T09:00:00+00:00,2026-02-02T11:00:00+00:00,XRPUSD,SHORT,XRPUSD_14673_BEARISH_14658_14669,1.6259,1.6006,0.0253,1.5733,REGIME_B_GT_06,1.6069,1.6259,1.5879,0.019,0.019,1.0,SL_HIT,-1.0,0.0,0.0,-0.0,0.0,1.2124,0.0121,-0.0121,1.2003,2,SL_HIT,UNAMBIGUOUS
841,2026-02-02T13:00:00+00:00,2026-02-02T15:00:00+00:00,BTCUSD,SHORT,BTCUSD_14677_BEARISH_14650_14655,79202.0,78107.0,1095.0,1.4006,REGIME_B_GT_06,78380.75,79202.0,77559.5,821.25,821.25,1.0,SL_HIT,-1.0,0.0,0.0,-0.0,0.0,1.2003,0.012,-0.012,1.1883,2,SL_HIT,UNAMBIGUOUS
842,2026-02-03T03:00:00+00:00,2026-02-03T06:00:00+00:00,BTCUSD,SHORT,BTCUSD_14691_BEARISH_14689_14690,79171.0,78684.5,486.5,0.618,REGIME_B_GT_06,78806.125,79171.0,78441.25,364.875,364.875,1.0,TP_HIT,1.0,0.0,0.0,0.0,0.0,1.1883,0.0119,0.0119,1.2002,3,TP_HIT,UNAMBIGUOUS
843,2026-02-03T15:00:00+00:00,2026-02-03T16:00:00+00:00,XRPUSD,SHORT,XRPUSD_14703_BEARISH_14696_14702,1.6245,1.6115,0.013,0.8037,REGIME_B_GT_06,1.6147,1.6245,1.605,0.0098,0.0098,1.0,TP_HIT,1.0,0.0,0.0,0.0,0.0,1.2002,0.012,0.012,1.2122,1,TP_HIT,UNAMBIGUOUS
844,2026-02-05T09:00:00+00:00,2026-02-05T11:00:00+00:00,ETHUSD,SHORT,ETHUSD_14745_BEARISH_14737_14742,2173.45,2122.4,51.05,2.3931,REGIME_B_GT_06,2135.1625,2173.45,2096.875,38.2875,38.2875,1.0,TP_HIT,1.0,0.0,0.0,0.0,0.0,1.2122,0.0121,0.0121,1.2243,2,TP_HIT,UNAMBIGUOUS
845,2026-02-06T22:00:00+00:00,2026-02-07T00:00:00+00:00,BTCUSD,SHORT,BTCUSD_14782_BEARISH_14745_14748,71950.0,71013.5,936.5,1.3129,REGIME_B_GT_06,71247.625,71950.0,70545.25,702.375,702.375,1.0,TP_HIT,1.0,0.0,0.0,0.0,0.0,1.2243,0.0122,0.0122,1.2365,2,TP_HIT,UNAMBIGUOUS
846,2026-02-07T17:00:00+00:00,2026-02-07T18:00:00+00:00,SOLUSD,SHORT,SOLUSD_14801_BEARISH_14788_14791,89.005,87.253,1.752,1.9995,REGIME_B_GT_06,87.691,89.005,86.377,1.314,1.314,1.0,SL_HIT,-1.0,0.0,0.0,-0.0,0.0,1.2365,0.0124,-0.0124,1.2242,1,SL_HIT,UNAMBIGUOUS
847,2026-02-07T19:00:00+00:00,2026-02-09T10:00:00+00:00,XRPUSD,LONG,XRPUSD_14803_BULLISH_14796_14802,1.4399,1.3901,0.0498,3.482,REGIME_B_GT_06,1.4274,1.3901,1.4648,0.0373,0.0373,1.0,SL_HIT,-1.0,0.0,0.0,-0.0,0.0,1.2242,0.0122,-0.0122,1.2119,39,SL_HIT,UNAMBIGUOUS
848,2026-02-09T15:00:00+00:00,2026-02-09T16:00:00+00:00,XRPUSD,SHORT,XRPUSD_14847_BEARISH_14837_14840,1.4548,1.4403,0.0145,1.003,REGIME_B_GT_06,1.4439,1.4548,1.433,0.0109,0.0109,1.0,SL_HIT,-1.0,0.0,0.0,-0.0,0.0,1.2119,0.0121,-0.0121,1.1998,1,SL_HIT,UNAMBIGUOUS
849,2026-02-09T16:00:00+00:00,2026-02-10T18:00:00+00:00,SOLUSD,SHORT,SOLUSD_14848_BEARISH_14831_14839,89.0094,86.043,2.9664,3.4455,REGIME_B_GT_06,86.7846,89.0094,84.5598,2.2248,2.2248,1.0,TP_HIT,1.0,0.0,0.0,0.0,0.0,1.1998,0.012,0.012,1.2118,26,TP_HIT,UNAMBIGUOUS
850,2026-02-12T07:00:00+00:00,2026-02-12T09:00:00+00:00,SOLUSD,SHORT,SOLUSD_14911_BEARISH_14893_14894,81.8077,80.6505,1.1572,1.4329,REGIME_B_GT_06,80.9398,81.8077,80.0719,0.8679,0.8679,1.0,SL_HIT,-1.0,0.0,0.0,-0.0,0.0,1.2118,0.0121,-0.0121,1.1997,2,SL_HIT,UNAMBIGUOUS
851,2026-02-12T15:00:00+00:00,2026-02-12T16:00:00+00:00,BTCUSD,LONG,BTCUSD_14919_BULLISH_14909_14915,67185.5,66646.5,539.0,0.8032,REGIME_B_GT_06,67050.75,66646.5,67455.0,404.25,404.25,1.0,SL_HIT,-1.0,0.0,0.0,-0.0,0.0,1.1997,0.012,-0.012,1.1877,1,SL_HIT,UNAMBIGUOUS
852,2026-02-14T12:00:00+00:00,2026-02-15T12:00:00+00:00,ETHUSD,LONG,ETHUSD_14964_BULLISH_14944_14960,2072.8,2030.55,42.25,2.0407,REGIME_B_GT_06,2062.2375,2030.55,2093.925,31.6875,31.6875,1.0,SL_HIT,-1.0,0.0,0.0,-0.0,0.0,1.1877,0.0119,-0.0119,1.1758,24,SL_HIT,UNAMBIGUOUS
853,2026-02-15T12:00:00+00:00,2026-02-15T13:00:00+00:00,BTCUSD,LONG,BTCUSD_14988_BULLISH_14979_14981,69974.5,69219.0,755.5,1.0903,REGIME_B_GT_06,69785.625,69219.0,70352.25,566.625,566.625,1.0,SL_HIT,-1.0,0.0,0.0,-0.0,0.0,1.1758,0.0118,-0.0118,1.164,1,SL_HIT,UNAMBIGUOUS
854,2026-02-16T06:00:00+00:00,2026-02-16T09:00:00+00:00,SOLUSD,LONG,SOLUSD_15006_BULLISH_14948_14960,85.063,84.172,0.891,1.0477,REGIME_B_GT_06,84.8402,84.172,85.5085,0.6683,0.6683,1.0,TP_HIT,1.0,0.0,0.0,0.0,0.0,1.164,0.0116,0.0116,1.1757,3,TP_HIT,UNAMBIGUOUS
855,2026-02-16T12:00:00+00:00,2026-02-16T13:00:00+00:00,SOLUSD,SHORT,SOLUSD_15012_BEARISH_14998_15005,86.665,86.053,0.612,0.7101,REGIME_B_GT_06,86.206,86.665,85.747,0.459,0.459,1.0,SL_HIT,-1.0,0.0,0.0,-0.0,0.0,1.1757,0.0118,-0.0118,1.1639,1,SL_HIT,AMBIGUOUS_RESOLVED_CONSERVATIVE
856,2026-02-16T13:00:00+00:00,2026-02-16T15:00:00+00:00,BTCUSD,LONG,BTCUSD_15013_BULLISH_15003_15012,68445.0,68121.0,324.0,0.4739,REGIME_A_LE_06,68445.0,68121.0,69000.4286,324.0,555.4286,1.7143,SL_HIT,-1.0,0.0,0.0,-0.0,0.0,1.1639,0.0116,-0.0116,1.1523,2,SL_HIT,UNAMBIGUOUS
857,2026-02-16T15:00:00+00:00,2026-02-17T14:00:00+00:00,XRPUSD,LONG,XRPUSD_15015_BULLISH_15005_15009,1.475,1.4475,0.0275,1.8662,REGIME_B_GT_06,1.4681,1.4475,1.4888,0.0206,0.0206,1.0,SL_HIT,-1.0,0.0,0.0,-0.0,0.0,1.1523,0.0115,-0.0115,1.1408,23,SL_HIT,UNAMBIGUOUS
858,2026-02-18T11:00:00+00:00,2026-02-18T13:00:00+00:00,ETHUSD,LONG,ETHUSD_15059_BULLISH_15049_15055,1983.35,1967.6,15.75,0.7953,REGIME_B_GT_06,1979.4125,1967.6,1991.225,11.8125,11.8125,1.0,SL_HIT,-1.0,0.0,0.0,-0.0,0.0,1.1408,0.0114,-0.0114,1.1294,2,SL_HIT,UNAMBIGUOUS
859,2026-02-19T18:00:00+00:00,2026-02-20T00:00:00+00:00,BTCUSD,SHORT,BTCUSD_15090_BEARISH_15079_15085,67308.5,67008.0,300.5,0.4484,REGIME_A_LE_06,67008.0,67308.5,66492.8571,300.5,515.1429,1.7143,SL_HIT,-1.0,0.0,0.0,-0.0,0.0,1.1294,0.0113,-0.0113,1.1181,6,SL_HIT,UNAMBIGUOUS
860,2026-02-20T01:00:00+00:00,2026-02-20T04:00:00+00:00,XRPUSD,SHORT,XRPUSD_15097_BEARISH_15079_15083,1.437,1.4214,0.0156,1.0952,REGIME_B_GT_06,1.4253,1.437,1.4136,0.0117,0.0117,1.0,TP_HIT,1.0,0.0,0.0,0.0,0.0,1.1181,0.0112,0.0112,1.1293,3,TP_HIT,UNAMBIGUOUS
861,2026-02-21T20:00:00+00:00,2026-02-22T14:00:00+00:00,BTCUSD,SHORT,BTCUSD_15140_BEARISH_15026_15038,69226.0,68356.5,869.5,1.2692,REGIME_B_GT_06,68573.875,69226.0,67921.75,652.125,652.125,1.0,TP_HIT,1.0,0.0,0.0,0.0,0.0,1.1293,0.0113,0.0113,1.1405,18,TP_HIT,UNAMBIGUOUS
862,2026-02-22T15:00:00+00:00,2026-02-23T00:00:00+00:00,SOLUSD,LONG,SOLUSD_15159_BULLISH_15109_15114,83.712,81.75,1.962,2.3499,REGIME_B_GT_06,83.2215,81.75,84.693,1.4715,1.4715,1.0,SL_HIT,-1.0,0.0,0.0,-0.0,0.0,1.1405,0.0114,-0.0114,1.1291,9,SL_HIT,UNAMBIGUOUS
863,2026-02-24T16:00:00+00:00,2026-02-24T22:00:00+00:00,SOLUSD,SHORT,SOLUSD_15208_BEARISH_15186_15195,79.28,78.039,1.241,1.5886,REGIME_B_GT_06,78.3492,79.28,77.4185,0.9308,0.9308,1.0,SL_HIT,-1.0,0.0,0.0,-0.0,0.0,1.1291,0.0113,-0.0113,1.1178,6,SL_HIT,UNAMBIGUOUS
864,2026-02-27T09:00:00+00:00,2026-02-27T10:00:00+00:00,BTCUSD,LONG,BTCUSD_15273_BULLISH_15265_15272,67352.0,66850.0,502.0,0.7456,REGIME_B_GT_06,67226.5,66850.0,67603.0,376.5,376.5,1.0,SL_HIT,-1.0,0.0,0.0,-0.0,0.0,1.1178,0.0112,-0.0112,1.1067,1,SL_HIT,UNAMBIGUOUS
865,2026-02-27T14:00:00+00:00,2026-02-27T15:00:00+00:00,XRPUSD,LONG,XRPUSD_15278_BULLISH_15221_15228,1.3696,1.3523,0.0173,1.2733,REGIME_B_GT_06,1.3653,1.3523,1.3782,0.013,0.013,1.0,SL_HIT,-1.0,0.0,0.0,-0.0,0.0,1.1067,0.0111,-0.0111,1.0956,1,SL_HIT,UNAMBIGUOUS
866,2026-02-27T16:00:00+00:00,2026-02-28T06:00:00+00:00,BTCUSD,LONG,BTCUSD_15280_BULLISH_15221_15230,65487.0,64726.0,761.0,1.1626,REGIME_B_GT_06,65296.75,64726.0,65867.5,570.75,570.75,1.0,SL_HIT,-1.0,0.0,0.0,-0.0,0.0,1.0956,0.011,-0.011,1.0846,14,SL_HIT,UNAMBIGUOUS
867,2026-03-04T05:00:00+00:00,2026-03-04T07:00:00+00:00,BTCUSD,SHORT,BTCUSD_15389_BEARISH_15385_15387,68891.5,67928.5,963.0,1.4124,REGIME_B_GT_06,68169.25,68891.5,67447.0,722.25,722.25,1.0,SL_HIT,-1.0,0.0,0.0,-0.0,0.0,1.0846,0.0108,-0.0108,1.0738,2,SL_HIT,UNAMBIGUOUS
868,2026-03-04T08:00:00+00:00,2026-03-04T09:00:00+00:00,BTCUSD,SHORT,BTCUSD_15392_BEARISH_14835_14840,71429.0,70582.5,846.5,1.1922,REGIME_B_GT_06,70794.125,71429.0,70159.25,634.875,634.875,1.0,SL_HIT,-1.0,0.0,0.0,-0.0,0.0,1.0738,0.0107,-0.0107,1.0631,1,SL_HIT,UNAMBIGUOUS
869,2026-03-05T09:00:00+00:00,2026-03-05T10:00:00+00:00,BTCUSD,SHORT,BTCUSD_15417_BEARISH_15409_15415,73300.0,72376.0,924.0,1.2733,REGIME_B_GT_06,72607.0,73300.0,71914.0,693.0,693.0,1.0,SL_HIT,-1.0,0.0,0.0,-0.0,0.0,1.0631,0.0106,-0.0106,1.0524,1,SL_HIT,UNAMBIGUOUS
870,2026-03-05T17:00:00+00:00,2026-03-05T19:00:00+00:00,XRPUSD,LONG,XRPUSD_15425_BULLISH_15396_15399,1.4,1.3823,0.0177,1.2647,REGIME_B_GT_06,1.3956,1.3823,1.4088,0.0133,0.0133,1.0,TP_HIT,1.0,0.0,0.0,0.0,0.0,1.0524,0.0105,0.0105,1.063,2,TP_HIT,UNAMBIGUOUS
871,2026-03-06T07:00:00+00:00,2026-03-06T09:00:00+00:00,BTCUSD,SHORT,BTCUSD_15439_BEARISH_15429_15436,71538.0,70993.0,545.0,0.7672,REGIME_B_GT_06,71129.25,71538.0,70720.5,408.75,408.75,1.0,TP_HIT,1.0,0.0,0.0,0.0,0.0,1.063,0.0106,0.0106,1.0736,2,TP_HIT,UNAMBIGUOUS
872,2026-03-06T20:00:00+00:00,2026-03-08T02:00:00+00:00,ETHUSD,LONG,ETHUSD_15452_BULLISH_15387_15391,1979.8,1944.0,35.8,1.8101,REGIME_B_GT_06,1970.85,1944.0,1997.7,26.85,26.85,1.0,SL_HIT,-1.0,0.0,0.0,-0.0,0.0,1.0736,0.0107,-0.0107,1.0628,30,SL_HIT,UNAMBIGUOUS
873,2026-03-08T07:00:00+00:00,2026-03-08T08:00:00+00:00,BTCUSD,SHORT,BTCUSD_15487_BEARISH_15480_15482,67466.0,67148.5,317.5,0.4719,REGIME_A_LE_06,67148.5,67466.0,66604.2143,317.5,544.2857,1.7143,SL_HIT,-1.0,0.0,0.0,-0.0,0.0,1.0628,0.0106,-0.0106,1.0522,1,SL_HIT,UNAMBIGUOUS
874,2026-03-08T10:00:00+00:00,2026-03-08T12:00:00+00:00,BTCUSD,SHORT,BTCUSD_15490_BEARISH_15467_15475,68210.5,67816.0,394.5,0.5811,REGIME_A_LE_06,67816.0,68210.5,67139.7143,394.5,676.2857,1.7143,TP_HIT,1.7143,0.0,0.0,0.0,0.0,1.0522,0.0105,0.018,1.0703,2,TP_HIT,UNAMBIGUOUS
875,2026-03-08T16:00:00+00:00,2026-03-08T22:00:00+00:00,BTCUSD,LONG,BTCUSD_15496_BULLISH_15484_15488,67067.0,66516.5,550.5,0.8236,REGIME_B_GT_06,66929.375,66516.5,67342.25,412.875,412.875,1.0,SL_HIT,-1.0,0.0,0.0,-0.0,0.0,1.0703,0.0107,-0.0107,1.0596,6,SL_HIT,UNAMBIGUOUS
876,2026-03-09T05:00:00+00:00,2026-03-09T06:00:00+00:00,SOLUSD,SHORT,SOLUSD_15509_BEARISH_15467_15471,84.903,84.252,0.651,0.7724,REGIME_B_GT_06,84.4147,84.903,83.9265,0.4883,0.4883,1.0,TP_HIT,1.0,0.0,0.0,0.0,0.0,1.0596,0.0106,0.0106,1.0702,1,TP_HIT,UNAMBIGUOUS
877,2026-03-09T08:00:00+00:00,2026-03-09T09:00:00+00:00,BTCUSD,SHORT,BTCUSD_15512_BEARISH_15490_15502,68176.0,67665.5,510.5,0.7532,REGIME_B_GT_06,67793.125,68176.0,67410.25,382.875,382.875,1.0,SL_HIT,-1.0,0.0,0.0,-0.0,0.0,1.0702,0.0107,-0.0107,1.0594,1,SL_HIT,UNAMBIGUOUS
878,2026-03-09T22:00:00+00:00,2026-03-10T10:00:00+00:00,SOLUSD,LONG,SOLUSD_15526_BULLISH_15517_15523,85.753,83.981,1.772,2.0671,REGIME_B_GT_06,85.31,83.981,86.639,1.329,1.329,1.0,TP_HIT,1.0,0.0,0.0,0.0,0.0,1.0594,0.0106,0.0106,1.07,12,TP_HIT,UNAMBIGUOUS
879,2026-03-10T11:00:00+00:00,2026-03-10T14:00:00+00:00,XRPUSD,LONG,XRPUSD_15539_BULLISH_15530_15536,1.3918,1.3693,0.0225,1.6185,REGIME_B_GT_06,1.3862,1.3693,1.403,0.0169,0.0169,1.0,TP_HIT,1.0,0.0,0.0,0.0,0.0,1.07,0.0107,0.0107,1.0807,3,TP_HIT,UNAMBIGUOUS
880,2026-03-10T21:00:00+00:00,2026-03-11T09:00:00+00:00,SOLUSD,LONG,SOLUSD_15549_BULLISH_15528_15537,85.963,84.832,1.131,1.32,REGIME_B_GT_06,85.6803,84.832,86.5285,0.8483,0.8483,1.0,SL_HIT,-1.0,0.0,0.0,-0.0,0.0,1.0807,0.0108,-0.0108,1.0699,12,SL_HIT,UNAMBIGUOUS
881,2026-03-12T02:00:00+00:00,2026-03-12T11:00:00+00:00,BTCUSD,LONG,BTCUSD_15578_BULLISH_15564_15566,69751.5,68940.0,811.5,1.1718,REGIME_B_GT_06,69548.625,68940.0,70157.25,608.625,608.625,1.0,TP_HIT,1.0,0.0,0.0,0.0,0.0,1.0699,0.0107,0.0107,1.0806,9,TP_HIT,UNAMBIGUOUS
882,2026-03-13T17:00:00+00:00,2026-03-13T22:00:00+00:00,ETHUSD,LONG,ETHUSD_15617_BULLISH_15606_15613,2112.4,2089.35,23.05,1.0963,REGIME_B_GT_06,2106.6375,2089.35,2123.925,17.2875,17.2875,1.0,SL_HIT,-1.0,0.0,0.0,-0.0,0.0,1.0806,0.0108,-0.0108,1.0698,5,SL_HIT,UNAMBIGUOUS
883,2026-03-14T06:00:00+00:00,2026-03-15T20:00:00+00:00,ETHUSD,LONG,ETHUSD_15630_BULLISH_15591_15600,2081.95,2038.05,43.9,2.1132,REGIME_B_GT_06,2070.975,2038.05,2103.9,32.925,32.925,1.0,TP_HIT,1.0,0.0,0.0,0.0,0.0,1.0698,0.0107,0.0107,1.0805,38,TP_HIT,UNAMBIGUOUS
884,2026-03-16T09:00:00+00:00,2026-03-16T12:00:00+00:00,ETHUSD,SHORT,ETHUSD_15681_BEARISH_14715_14725,2295.3,2247.95,47.35,2.0951,REGIME_B_GT_06,2259.7875,2295.3,2224.275,35.5125,35.5125,1.0,SL_HIT,-1.0,0.0,0.0,-0.0,0.0,1.0805,0.0108,-0.0108,1.0697,3,SL_HIT,UNAMBIGUOUS
885,2026-03-17T04:00:00+00:00,2026-03-17T18:00:00+00:00,SOLUSD,LONG,SOLUSD_15700_BULLISH_15680_15690,94.04,92.596,1.444,1.54,REGIME_B_GT_06,93.679,92.596,94.762,1.083,1.083,1.0,TP_HIT,1.0,0.0,0.0,0.0,0.0,1.0697,0.0107,0.0107,1.0804,14,TP_HIT,UNAMBIGUOUS
886,2026-03-18T05:00:00+00:00,2026-03-18T11:00:00+00:00,SOLUSD,LONG,SOLUSD_15725_BULLISH_15708_15714,94.078,93.174,0.904,0.9626,REGIME_B_GT_06,93.852,93.174,94.53,0.678,0.678,1.0,SL_HIT,-1.0,0.0,0.0,-0.0,0.0,1.0804,0.0108,-0.0108,1.0696,6,SL_HIT,UNAMBIGUOUS
887,2026-03-19T04:00:00+00:00,2026-03-19T05:00:00+00:00,SOLUSD,LONG,SOLUSD_15748_BULLISH_15743_15747,90.166,89.684,0.482,0.5361,REGIME_A_LE_06,90.166,89.684,90.9923,0.482,0.8263,1.7143,SL_HIT,-1.0,0.0,0.0,-0.0,0.0,1.0696,0.0107,-0.0107,1.0589,1,SL_HIT,UNAMBIGUOUS
888,2026-03-19T09:00:00+00:00,2026-03-19T12:00:00+00:00,SOLUSD,SHORT,SOLUSD_15753_BEARISH_15747_15751,91.4063,89.914,1.4923,1.6543,REGIME_B_GT_06,90.2871,91.4063,89.1679,1.1192,1.1192,1.0,TP_HIT,1.0,0.0,0.0,0.0,0.0,1.0589,0.0106,0.0106,1.0695,3,TP_HIT,UNAMBIGUOUS
889,2026-03-19T12:00:00+00:00,2026-03-19T15:00:00+00:00,SOLUSD,LONG,SOLUSD_15756_BULLISH_15661_15669,88.397,87.353,1.044,1.1848,REGIME_B_GT_06,88.136,87.353,88.919,0.783,0.783,1.0,SL_HIT,-1.0,0.0,0.0,-0.0,0.0,1.0695,0.0107,-0.0107,1.0588,3,SL_HIT,UNAMBIGUOUS
890,2026-03-20T09:00:00+00:00,2026-03-20T14:00:00+00:00,ETHUSD,LONG,ETHUSD_15777_BULLISH_15775_15776,2152.95,2120.9,32.05,1.4973,REGIME_B_GT_06,2144.9375,2120.9,2168.975,24.0375,24.0375,1.0,SL_HIT,-1.0,0.0,0.0,-0.0,0.0,1.0588,0.0106,-0.0106,1.0482,5,SL_HIT,UNAMBIGUOUS
891,2026-03-21T18:00:00+00:00,2026-03-21T23:00:00+00:00,ETHUSD,SHORT,ETHUSD_15810_BEARISH_15806_15808,2168.0,2149.65,18.35,0.8533,REGIME_B_GT_06,2154.2375,2168.0,2140.475,13.7625,13.7625,1.0,TP_HIT,1.0,0.0,0.0,0.0,0.0,1.0482,0.0105,0.0105,1.0587,5,TP_HIT,UNAMBIGUOUS
892,2026-03-22T15:00:00+00:00,2026-03-22T18:00:00+00:00,XRPUSD,LONG,XRPUSD_15831_BULLISH_15630_15670,1.3943,1.3839,0.0104,0.7471,REGIME_B_GT_06,1.3917,1.3839,1.3995,0.0078,0.0078,1.0,SL_HIT,-1.0,0.0,0.0,-0.0,0.0,1.0587,0.0106,-0.0106,1.0481,3,SL_HIT,UNAMBIGUOUS
893,2026-03-23T05:00:00+00:00,2026-03-23T06:00:00+00:00,BTCUSD,SHORT,BTCUSD_15845_BEARISH_15831_15837,68990.0,68679.5,310.5,0.4508,REGIME_A_LE_06,68679.5,68990.0,68147.2143,310.5,532.2857,1.7143,TP_HIT,1.7143,0.0,0.0,0.0,0.0,1.0481,0.0105,0.018,1.0661,1,TP_HIT,UNAMBIGUOUS
894,2026-03-23T14:00:00+00:00,2026-03-23T15:00:00+00:00,XRPUSD,SHORT,XRPUSD_15854_BEARISH_15776_15815,1.466,1.453,0.013,0.8932,REGIME_B_GT_06,1.4563,1.466,1.4465,0.0097,0.0097,1.0,TP_HIT,1.0,0.0,0.0,0.0,0.0,1.0661,0.0107,0.0107,1.0767,1,TP_HIT,UNAMBIGUOUS
895,2026-03-24T23:00:00+00:00,2026-03-25T08:00:00+00:00,BTCUSD,SHORT,BTCUSD_15887_BEARISH_15871_15877,71385.0,70450.0,935.0,1.3257,REGIME_B_GT_06,70683.75,71385.0,69982.5,701.25,701.25,1.0,SL_HIT,-1.0,0.0,0.0,-0.0,0.0,1.0767,0.0108,-0.0108,1.066,9,SL_HIT,UNAMBIGUOUS
896,2026-03-25T14:00:00+00:00,2026-03-25T15:00:00+00:00,SOLUSD,LONG,SOLUSD_15902_BULLISH_15895_15899,92.506,91.765,0.741,0.8059,REGIME_B_GT_06,92.3208,91.765,92.8765,0.5558,0.5558,1.0,SL_HIT,-1.0,0.0,0.0,-0.0,0.0,1.066,0.0107,-0.0107,1.0553,1,SL_HIT,UNAMBIGUOUS
897,2026-03-27T21:00:00+00:00,2026-03-28T13:00:00+00:00,BTCUSD,LONG,BTCUSD_15957_BULLISH_15349_15350,66115.0,65326.5,788.5,1.1939,REGIME_B_GT_06,65917.875,65326.5,66509.25,591.375,591.375,1.0,TP_HIT,1.0,0.0,0.0,0.0,0.0,1.0553,0.0106,0.0106,1.0659,16,TP_HIT,UNAMBIGUOUS
898,2026-03-28T23:00:00+00:00,2026-03-29T03:00:00+00:00,BTCUSD,LONG,BTCUSD_15983_BULLISH_15970_15973,66388.5,66093.5,295.0,0.4446,REGIME_A_LE_06,66388.5,66093.5,66894.2143,295.0,505.7143,1.7143,TP_HIT,1.7143,0.0,0.0,0.0,0.0,1.0659,0.0107,0.0183,1.0841,4,TP_HIT,UNAMBIGUOUS
899,2026-03-29T12:00:00+00:00,2026-03-29T17:00:00+00:00,SOLUSD,LONG,SOLUSD_15996_BULLISH_15493_15509,82.452,81.169,1.283,1.5564,REGIME_B_GT_06,82.1312,81.169,83.0935,0.9622,0.9622,1.0,SL_HIT,-1.0,0.0,0.0,-0.0,0.0,1.0841,0.0108,-0.0108,1.0733,5,SL_HIT,UNAMBIGUOUS
900,2026-03-30T01:00:00+00:00,2026-03-30T02:00:00+00:00,SOLUSD,SHORT,SOLUSD_16009_BEARISH_15987_16000,83.222,82.681,0.541,0.6542,REGIME_B_GT_06,82.8162,83.222,82.4105,0.4057,0.4057,1.0,SL_HIT,-1.0,0.0,0.0,-0.0,0.0,1.0733,0.0107,-0.0107,1.0626,1,SL_HIT,UNAMBIGUOUS
901,2026-03-30T02:00:00+00:00,2026-03-30T07:00:00+00:00,SOLUSD,SHORT,SOLUSD_16010_BEARISH_15975_15983,84.283,83.171,1.112,1.3344,REGIME_B_GT_06,83.449,84.283,82.615,0.834,0.834,1.0,SL_HIT,-1.0,0.0,0.0,-0.0,0.0,1.0626,0.0106,-0.0106,1.0519,5,SL_HIT,UNAMBIGUOUS
902,2026-04-01T09:00:00+00:00,2026-04-01T16:00:00+00:00,SOLUSD,LONG,SOLUSD_16065_BULLISH_16049_16060,83.482,82.181,1.301,1.5603,REGIME_B_GT_06,83.1568,82.181,84.1325,0.9758,0.9758,1.0,TP_HIT,1.0,0.0,0.0,0.0,0.0,1.0519,0.0105,0.0105,1.0625,7,TP_HIT,UNAMBIGUOUS
903,2026-04-02T11:00:00+00:00,2026-04-02T13:00:00+00:00,BTCUSD,LONG,BTCUSD_16091_BULLISH_16007_16011,66357.5,65826.5,531.0,0.8023,REGIME_B_GT_06,66224.75,65826.5,66623.0,398.25,398.25,1.0,SL_HIT,-1.0,0.0,0.0,-0.0,0.0,1.0625,0.0106,-0.0106,1.0518,2,SL_HIT,UNAMBIGUOUS
904,2026-04-03T06:00:00+00:00,2026-04-03T07:00:00+00:00,BTCUSD,SHORT,BTCUSD_16110_BEARISH_16100_16106,67081.0,66766.5,314.5,0.471,REGIME_A_LE_06,66766.5,67081.0,66227.3571,314.5,539.1429,1.7143,SL_HIT,-1.0,0.0,0.0,-0.0,0.0,1.0518,0.0105,-0.0105,1.0413,1,SL_HIT,UNAMBIGUOUS
905,2026-04-03T12:00:00+00:00,2026-04-03T15:00:00+00:00,SOLUSD,LONG,SOLUSD_16116_BULLISH_16106_16111,79.6,78.8423,0.7577,0.9551,REGIME_B_GT_06,79.4106,78.8423,79.9788,0.5683,0.5683,1.0,TP_HIT,1.0,0.0,0.0,0.0,0.0,1.0413,0.0104,0.0104,1.0517,3,TP_HIT,UNAMBIGUOUS
906,2026-04-03T22:00:00+00:00,2026-04-04T19:00:00+00:00,ETHUSD,LONG,ETHUSD_16126_BULLISH_16121_16125,2054.95,2043.0,11.95,0.5825,REGIME_A_LE_06,2054.95,2043.0,2075.4357,11.95,20.4857,1.7143,TP_HIT,1.7143,0.0,0.0,0.0,0.0,1.0517,0.0105,0.018,1.0698,21,TP_HIT,UNAMBIGUOUS
907,2026-04-05T04:00:00+00:00,2026-04-05T06:00:00+00:00,SOLUSD,LONG,SOLUSD_16156_BULLISH_16142_16143,80.3843,79.5953,0.789,0.9823,REGIME_B_GT_06,80.187,79.5953,80.7788,0.5918,0.5918,1.0,SL_HIT,-1.0,0.0,0.0,-0.0,0.0,1.0698,0.0107,-0.0107,1.0591,2,SL_HIT,UNAMBIGUOUS
908,2026-04-06T12:00:00+00:00,2026-04-06T16:00:00+00:00,BTCUSD,LONG,BTCUSD_16188_BULLISH_16178_16185,69393.5,68746.5,647.0,0.933,REGIME_B_GT_06,69231.75,68746.5,69717.0,485.25,485.25,1.0,TP_HIT,1.0,0.0,0.0,0.0,0.0,1.0591,0.0106,0.0106,1.0697,4,TP_HIT,UNAMBIGUOUS
909,2026-04-07T06:00:00+00:00,2026-04-07T11:00:00+00:00,SOLUSD,LONG,SOLUSD_16206_BULLISH_16167_16174,80.33,78.969,1.361,1.7115,REGIME_B_GT_06,79.9898,78.969,81.0105,1.0208,1.0208,1.0,SL_HIT,-1.0,0.0,0.0,-0.0,0.0,1.0697,0.0107,-0.0107,1.059,5,SL_HIT,UNAMBIGUOUS
910,2026-04-07T19:00:00+00:00,2026-04-07T20:00:00+00:00,BTCUSD,SHORT,BTCUSD_16219_BEARISH_16209_16210,69226.0,68906.5,319.5,0.4632,REGIME_A_LE_06,68906.5,69226.0,68358.7857,319.5,547.7143,1.7143,SL_HIT,-1.0,0.0,0.0,-0.0,0.0,1.059,0.0106,-0.0106,1.0484,1,SL_HIT,UNAMBIGUOUS
911,2026-04-07T20:00:00+00:00,2026-04-07T21:00:00+00:00,ETHUSD,SHORT,ETHUSD_16220_BEARISH_16209_16210,2133.5,2113.75,19.75,0.9338,REGIME_B_GT_06,2118.6875,2133.5,2103.875,14.8125,14.8125,1.0,SL_HIT,-1.0,0.0,0.0,-0.0,0.0,1.0484,0.0105,-0.0105,1.0379,1,SL_HIT,UNAMBIGUOUS
912,2026-04-08T16:00:00+00:00,2026-04-08T23:00:00+00:00,BTCUSD,SHORT,BTCUSD_16240_BEARISH_16236_16238,72171.5,71550.0,621.5,0.8684,REGIME_B_GT_06,71705.375,72171.5,71239.25,466.125,466.125,1.0,TP_HIT,1.0,0.0,0.0,0.0,0.0,1.0379,0.0104,0.0104,1.0483,7,TP_HIT,UNAMBIGUOUS
913,2026-04-09T20:00:00+00:00,2026-04-09T22:00:00+00:00,ETHUSD,SHORT,ETHUSD_16268_BEARISH_16241_16246,2239.05,2212.2,26.85,1.2135,REGIME_B_GT_06,2218.9125,2239.05,2198.775,20.1375,20.1375,1.0,SL_HIT,-1.0,0.0,0.0,-0.0,0.0,1.0483,0.0105,-0.0105,1.0378,2,SL_HIT,UNAMBIGUOUS
914,2026-04-10T09:00:00+00:00,2026-04-10T12:00:00+00:00,BTCUSD,SHORT,BTCUSD_16281_BEARISH_16273_16279,72358.5,71629.0,729.5,1.0167,REGIME_B_GT_06,71811.375,72358.5,71264.25,547.125,547.125,1.0,SL_HIT,-1.0,0.0,0.0,-0.0,0.0,1.0378,0.0104,-0.0104,1.0274,3,SL_HIT,UNAMBIGUOUS
915,2026-04-11T02:00:00+00:00,2026-04-11T05:00:00+00:00,ETHUSD,SHORT,ETHUSD_16298_BEARISH_16233_16238,2262.9,2245.7,17.2,0.7653,REGIME_B_GT_06,2250.0,2262.9,2237.1,12.9,12.9,1.0,TP_HIT,1.0,0.0,0.0,0.0,0.0,1.0274,0.0103,0.0103,1.0377,3,TP_HIT,UNAMBIGUOUS
916,2026-04-12T01:00:00+00:00,2026-04-12T14:00:00+00:00,SOLUSD,LONG,SOLUSD_16321_BULLISH_16262_16265,82.322,81.42,0.902,1.0961,REGIME_B_GT_06,82.0965,81.42,82.773,0.6765,0.6765,1.0,SL_HIT,-1.0,0.0,0.0,-0.0,0.0,1.0377,0.0104,-0.0104,1.0273,13,SL_HIT,UNAMBIGUOUS
917,2026-04-12T18:00:00+00:00,2026-04-12T22:00:00+00:00,BTCUSD,LONG,BTCUSD_16338_BULLISH_16262_16263,71226.5,70495.0,731.5,1.0316,REGIME_B_GT_06,71043.625,70495.0,71592.25,548.625,548.625,1.0,SL_HIT,-1.0,0.0,0.0,-0.0,0.0,1.0273,0.0103,-0.0103,1.017,4,SL_HIT,UNAMBIGUOUS
918,2026-04-14T16:00:00+00:00,2026-04-14T18:00:00+00:00,XRPUSD,LONG,XRPUSD_16384_BULLISH_16380_16381,1.3709,1.3644,0.0065,0.4752,REGIME_A_LE_06,1.3709,1.3644,1.382,0.0065,0.0111,1.7143,SL_HIT,-1.0,0.0,0.0,-0.0,0.0,1.017,0.0102,-0.0102,1.0069,2,SL_HIT,UNAMBIGUOUS
919,2026-04-15T11:00:00+00:00,2026-04-15T12:00:00+00:00,XRPUSD,SHORT,XRPUSD_16403_BEARISH_16392_16399,1.366,1.3571,0.0089,0.653,REGIME_B_GT_06,1.3593,1.366,1.3527,0.0067,0.0067,1.0,SL_HIT,-1.0,0.0,0.0,-0.0,0.0,1.0069,0.0101,-0.0101,0.9968,1,SL_HIT,UNAMBIGUOUS
920,2026-04-15T13:00:00+00:00,2026-04-15T15:00:00+00:00,XRPUSD,SHORT,XRPUSD_16405_BEARISH_16384_16386,1.3804,1.3657,0.0147,1.0756,REGIME_B_GT_06,1.3694,1.3804,1.3583,0.011,0.011,1.0,SL_HIT,-1.0,0.0,0.0,-0.0,0.0,0.9968,0.01,-0.01,0.9868,2,SL_HIT,UNAMBIGUOUS
921,2026-04-16T12:00:00+00:00,2026-04-16T13:00:00+00:00,BTCUSD,SHORT,BTCUSD_16428_BEARISH_16418_16426,75240.0,74563.5,676.5,0.907,REGIME_B_GT_06,74732.625,75240.0,74225.25,507.375,507.375,1.0,TP_HIT,1.0,0.0,0.0,0.0,0.0,0.9868,0.0099,0.0099,0.9967,1,TP_HIT,UNAMBIGUOUS
922,2026-04-18T11:00:00+00:00,2026-04-19T05:00:00+00:00,XRPUSD,LONG,XRPUSD_16475_BULLISH_16442_16453,1.431,1.422,0.009,0.629,REGIME_B_GT_06,1.4287,1.422,1.4355,0.0068,0.0068,1.0,TP_HIT,1.0,0.0,0.0,0.0,0.0,0.9967,0.01,0.01,1.0067,18,TP_HIT,UNAMBIGUOUS
923,2026-04-19T11:00:00+00:00,2026-04-19T13:00:00+00:00,XRPUSD,SHORT,XRPUSD_16499_BEARISH_16493_16495,1.4426,1.4288,0.0138,0.9658,REGIME_B_GT_06,1.4323,1.4426,1.4219,0.0104,0.0104,1.0,SL_HIT,-1.0,0.0,0.0,-0.0,0.0,1.0067,0.0101,-0.0101,0.9966,2,SL_HIT,UNAMBIGUOUS
924,2026-04-19T16:00:00+00:00,2026-04-19T17:00:00+00:00,BTCUSD,LONG,BTCUSD_16504_BULLISH_16495_16501,75363.5,74829.5,534.0,0.7087,REGIME_B_GT_06,75230.0,74829.5,75630.5,400.5,400.5,1.0,SL_HIT,-1.0,0.0,0.0,-0.0,0.0,0.9966,0.01,-0.01,0.9866,1,SL_HIT,UNAMBIGUOUS
925,2026-04-19T17:00:00+00:00,2026-04-19T20:00:00+00:00,BTCUSD,LONG,BTCUSD_16505_BULLISH_16442_16448,74777.5,74491.5,286.0,0.3826,REGIME_A_LE_06,74777.5,74491.5,75267.7857,286.0,490.2857,1.7143,SL_HIT,-1.0,0.0,0.0,-0.0,0.0,0.9866,0.0099,-0.0099,0.9768,3,SL_HIT,UNAMBIGUOUS
926,2026-04-19T22:00:00+00:00,2026-04-20T07:00:00+00:00,BTCUSD,LONG,BTCUSD_16510_BULLISH_16430_16435,74163.5,73394.5,769.0,1.0391,REGIME_B_GT_06,73971.25,73394.5,74548.0,576.75,576.75,1.0,TP_HIT,1.0,0.0,0.0,0.0,0.0,0.9768,0.0098,0.0098,0.9865,9,TP_HIT,UNAMBIGUOUS
927,2026-04-20T15:00:00+00:00,2026-04-20T18:00:00+00:00,BTCUSD,SHORT,BTCUSD_16527_BEARISH_16501_16505,76199.0,75504.5,694.5,0.9178,REGIME_B_GT_06,75678.125,76199.0,75157.25,520.875,520.875,1.0,SL_HIT,-1.0,0.0,0.0,-0.0,0.0,0.9865,0.0099,-0.0099,0.9767,3,SL_HIT,UNAMBIGUOUS
928,2026-04-20T18:00:00+00:00,2026-04-20T23:00:00+00:00,ETHUSD,SHORT,ETHUSD_16530_BEARISH_16501_16506,2348.9,2328.7,20.2,0.8659,REGIME_B_GT_06,2333.75,2348.9,2318.6,15.15,15.15,1.0,TP_HIT,1.0,0.0,0.0,0.0,0.0,0.9767,0.0098,0.0098,0.9864,5,TP_HIT,UNAMBIGUOUS
929,2026-04-21T14:00:00+00:00,2026-04-21T15:00:00+00:00,BTCUSD,LONG,BTCUSD_16550_BULLISH_16539_16546,75680.0,75436.0,244.0,0.3226,REGIME_A_LE_06,75680.0,75436.0,76098.2857,244.0,418.2857,1.7143,SL_HIT,-1.0,0.0,0.0,-0.0,0.0,0.9864,0.0099,-0.0099,0.9766,1,SL_HIT,UNAMBIGUOUS
930,2026-04-21T19:00:00+00:00,2026-04-21T23:00:00+00:00,XRPUSD,LONG,XRPUSD_16555_BULLISH_16520_16527,1.417,1.407,0.01,0.7079,REGIME_B_GT_06,1.4145,1.407,1.422,0.0075,0.0075,1.0,TP_HIT,1.0,0.0,0.0,0.0,0.0,0.9766,0.0098,0.0098,0.9863,4,TP_HIT,UNAMBIGUOUS
931,2026-04-21T23:00:00+00:00,2026-04-22T02:00:00+00:00,BTCUSD,SHORT,BTCUSD_16559_BEARISH_16544_16555,76859.5,76025.0,834.5,1.0939,REGIME_B_GT_06,76233.625,76859.5,75607.75,625.875,625.875,1.0,SL_HIT,-1.0,0.0,0.0,-0.0,0.0,0.9863,0.0099,-0.0099,0.9765,3,SL_HIT,UNAMBIGUOUS
932,2026-04-22T02:00:00+00:00,2026-04-22T03:00:00+00:00,XRPUSD,SHORT,XRPUSD_16562_BEARISH_16544_16555,1.4489,1.4369,0.012,0.8287,REGIME_B_GT_06,1.4399,1.4489,1.4309,0.009,0.009,1.0,SL_HIT,-1.0,0.0,0.0,-0.0,0.0,0.9765,0.0098,-0.0098,0.9667,1,SL_HIT,UNAMBIGUOUS
933,2026-04-22T16:00:00+00:00,2026-04-22T23:00:00+00:00,ETHUSD,LONG,ETHUSD_16576_BULLISH_16568_16573,2393.0,2381.9,11.1,0.4653,REGIME_A_LE_06,2393.0,2381.9,2412.0286,11.1,19.0286,1.7143,SL_HIT,-1.0,0.0,0.0,-0.0,0.0,0.9667,0.0097,-0.0097,0.957,7,SL_HIT,UNAMBIGUOUS
934,2026-04-23T00:00:00+00:00,2026-04-23T03:00:00+00:00,XRPUSD,LONG,XRPUSD_16584_BULLISH_16555_16565,1.431,1.4107,0.0203,1.4218,REGIME_B_GT_06,1.4259,1.4107,1.4412,0.0152,0.0152,1.0,SL_HIT,-1.0,0.0,0.0,-0.0,0.0,0.957,0.0096,-0.0096,0.9475,3,SL_HIT,UNAMBIGUOUS
935,2026-04-23T08:00:00+00:00,2026-04-26T08:00:00+00:00,SOLUSD,LONG,SOLUSD_16592_BULLISH_16555_16560,85.722,84.31,1.412,1.6476,REGIME_B_GT_06,85.369,84.31,86.428,1.059,1.059,1.0,TP_HIT,1.0,0.0,0.0,0.0,0.0,0.9475,0.0095,0.0095,0.9569,72,TP_HIT,UNAMBIGUOUS
936,2026-04-26T11:00:00+00:00,2026-04-26T18:00:00+00:00,SOLUSD,SHORT,SOLUSD_16667_BEARISH_16640_16648,86.814,86.302,0.512,0.5919,REGIME_A_LE_06,86.302,86.814,85.4243,0.512,0.8777,1.7143,SL_HIT,-1.0,0.0,0.0,-0.0,0.0,0.9569,0.0096,-0.0096,0.9474,7,SL_HIT,UNAMBIGUOUS
937,2026-04-27T07:00:00+00:00,2026-04-27T13:00:00+00:00,XRPUSD,LONG,XRPUSD_16687_BULLISH_16594_16598,1.4156,1.4081,0.0075,0.5306,REGIME_A_LE_06,1.4156,1.4081,1.4285,0.0075,0.0129,1.7143,SL_HIT,-1.0,0.0,0.0,-0.0,0.0,0.9474,0.0095,-0.0095,0.9379,6,SL_HIT,UNAMBIGUOUS
938,2026-04-29T03:00:00+00:00,2026-04-29T04:00:00+00:00,SOLUSD,SHORT,SOLUSD_16731_BEARISH_16704_16713,84.933,84.582,0.351,0.4149,REGIME_A_LE_06,84.582,84.933,83.9803,0.351,0.6017,1.7143,SL_HIT,-1.0,0.0,0.0,-0.0,0.0,0.9379,0.0094,-0.0094,0.9285,1,SL_HIT,UNAMBIGUOUS
939,2026-04-29T04:00:00+00:00,2026-04-29T09:00:00+00:00,BTCUSD,SHORT,BTCUSD_16732_BEARISH_16704_16715,77450.0,77171.0,279.0,0.3613,REGIME_A_LE_06,77171.0,77450.0,76692.7143,279.0,478.2857,1.7143,SL_HIT,-1.0,0.0,0.0,-0.0,0.0,0.9285,0.0093,-0.0093,0.9192,5,SL_HIT,UNAMBIGUOUS
940,2026-04-29T12:00:00+00:00,2026-04-29T13:00:00+00:00,XRPUSD,LONG,XRPUSD_16740_BULLISH_16729_16731,1.3834,1.3763,0.0071,0.5136,REGIME_A_LE_06,1.3834,1.3763,1.3956,0.0071,0.0122,1.7143,SL_HIT,-1.0,0.0,0.0,-0.0,0.0,0.9192,0.0092,-0.0092,0.91,1,SL_HIT,UNAMBIGUOUS
941,2026-04-29T15:00:00+00:00,2026-04-29T18:00:00+00:00,BTCUSD,LONG,BTCUSD_16743_BULLISH_16718_16737,76177.5,75637.5,540.0,0.7115,REGIME_B_GT_06,76042.5,75637.5,76447.5,405.0,405.0,1.0,SL_HIT,-1.0,0.0,0.0,-0.0,0.0,0.91,0.0091,-0.0091,0.9009,3,SL_HIT,UNAMBIGUOUS
942,2026-05-01T14:00:00+00:00,2026-05-01T20:00:00+00:00,SOLUSD,LONG,SOLUSD_16790_BULLISH_16779_16789,84.413,83.561,0.852,1.0116,REGIME_B_GT_06,84.2,83.561,84.839,0.639,0.639,1.0,SL_HIT,-1.0,0.0,0.0,-0.0,0.0,0.9009,0.009,-0.009,0.8919,6,SL_HIT,UNAMBIGUOUS
943,2026-05-01T20:00:00+00:00,2026-05-02T21:00:00+00:00,ETHUSD,LONG,ETHUSD_16796_BULLISH_16779_16788,2294.65,2264.75,29.9,1.3092,REGIME_B_GT_06,2287.175,2264.75,2309.6,22.425,22.425,1.0,TP_HIT,1.0,0.0,0.0,0.0,0.0,0.8919,0.0089,0.0089,0.9009,25,TP_HIT,UNAMBIGUOUS
944,2026-05-03T01:00:00+00:00,2026-05-03T09:00:00+00:00,BTCUSD,LONG,BTCUSD_16825_BULLISH_16805_16821,78200.5,77991.0,209.5,0.2679,REGIME_A_LE_06,78200.5,77991.0,78559.6429,209.5,359.1429,1.7143,TP_HIT,1.7143,0.0,0.0,0.0,0.0,0.9009,0.009,0.0154,0.9163,8,TP_HIT,UNAMBIGUOUS
945,2026-05-03T17:00:00+00:00,2026-05-04T01:00:00+00:00,BTCUSD,SHORT,BTCUSD_16841_BEARISH_16681_16686,79453.5,78683.5,770.0,0.9785,REGIME_B_GT_06,78876.0,79453.5,78298.5,577.5,577.5,1.0,SL_HIT,-1.0,0.0,0.0,-0.0,0.0,0.9163,0.0092,-0.0092,0.9071,8,SL_HIT,UNAMBIGUOUS
946,2026-05-05T10:00:00+00:00,2026-05-06T09:00:00+00:00,ETHUSD,SHORT,ETHUSD_16882_BEARISH_16681_16685,2403.4,2376.15,27.25,1.1463,REGIME_B_GT_06,2382.9625,2403.4,2362.525,20.4375,20.4375,1.0,SL_HIT,-1.0,0.0,0.0,-0.0,0.0,0.9071,0.0091,-0.0091,0.8981,23,SL_HIT,UNAMBIGUOUS
947,2026-05-06T13:00:00+00:00,2026-05-06T14:00:00+00:00,ETHUSD,LONG,ETHUSD_16909_BULLISH_16894_16905,2380.75,2352.45,28.3,1.1954,REGIME_B_GT_06,2373.675,2352.45,2394.9,21.225,21.225,1.0,SL_HIT,-1.0,0.0,0.0,-0.0,0.0,0.8981,0.009,-0.009,0.8891,1,SL_HIT,UNAMBIGUOUS
948,2026-05-06T17:00:00+00:00,2026-05-06T18:00:00+00:00,ETHUSD,LONG,ETHUSD_16913_BULLISH_16871_16875,2352.85,2343.5,9.35,0.3982,REGIME_A_LE_06,2352.85,2343.5,2368.8786,9.35,16.0286,1.7143,SL_HIT,-1.0,0.0,0.0,-0.0,0.0,0.8891,0.0089,-0.0089,0.8802,1,SL_HIT,UNAMBIGUOUS
949,2026-05-07T00:00:00+00:00,2026-05-07T04:00:00+00:00,BTCUSD,LONG,BTCUSD_16920_BULLISH_16896_16904,81225.5,80686.0,539.5,0.6663,REGIME_B_GT_06,81090.625,80686.0,81495.25,404.625,404.625,1.0,SL_HIT,-1.0,0.0,0.0,-0.0,0.0,0.8802,0.0088,-0.0088,0.8714,4,SL_HIT,UNAMBIGUOUS
950,2026-05-07T12:00:00+00:00,2026-05-07T13:00:00+00:00,SOLUSD,SHORT,SOLUSD_16932_BEARISH_16454_16474,90.756,89.6439,1.1121,1.2391,REGIME_B_GT_06,89.9219,90.756,89.0879,0.8341,0.8341,1.0,TP_HIT,1.0,0.0,0.0,0.0,0.0,0.8714,0.0087,0.0087,0.8801,1,TP_HIT,UNAMBIGUOUS
951,2026-05-07T14:00:00+00:00,2026-05-07T16:00:00+00:00,SOLUSD,LONG,SOLUSD_16934_BULLISH_16923_16927,88.155,87.623,0.532,0.6035,REGIME_B_GT_06,88.022,87.623,88.421,0.399,0.399,1.0,TP_HIT,1.0,0.0,0.0,0.0,0.0,0.8801,0.0088,0.0088,0.8889,2,TP_HIT,UNAMBIGUOUS
952,2026-05-08T08:00:00+00:00,2026-05-08T12:00:00+00:00,BTCUSD,SHORT,BTCUSD_16952_BEARISH_16940_16946,80335.0,79809.5,525.5,0.6581,REGIME_B_GT_06,79940.875,80335.0,79546.75,394.125,394.125,1.0,SL_HIT,-1.0,0.0,0.0,-0.0,0.0,0.8889,0.0089,-0.0089,0.88,4,SL_HIT,UNAMBIGUOUS
953,2026-05-09T00:00:00+00:00,2026-05-09T01:00:00+00:00,SOLUSD,SHORT,SOLUSD_16968_BEARISH_15899_15905,93.49,92.456,1.034,1.1182,REGIME_B_GT_06,92.7145,93.49,91.939,0.7755,0.7755,1.0,SL_HIT,-1.0,0.0,0.0,-0.0,0.0,0.88,0.0088,-0.0088,0.8712,1,SL_HIT,UNAMBIGUOUS
954,2026-05-09T14:00:00+00:00,2026-05-09T16:00:00+00:00,XRPUSD,LONG,XRPUSD_16982_BULLISH_16964_16969,1.4186,1.4107,0.0079,0.5583,REGIME_A_LE_06,1.4186,1.4107,1.4321,0.0079,0.0135,1.7143,SL_HIT,-1.0,0.0,0.0,-0.0,0.0,0.8712,0.0087,-0.0087,0.8625,2,SL_HIT,UNAMBIGUOUS
955,2026-05-09T17:00:00+00:00,2026-05-10T08:00:00+00:00,SOLUSD,SHORT,SOLUSD_16985_BEARISH_16974_16984,94.1,93.196,0.904,0.97,REGIME_B_GT_06,93.422,94.1,92.744,0.678,0.678,1.0,SL_HIT,-1.0,0.0,0.0,-0.0,0.0,0.8625,0.0086,-0.0086,0.8539,15,SL_HIT,UNAMBIGUOUS
956,2026-05-10T13:00:00+00:00,2026-05-10T14:00:00+00:00,ETHUSD,SHORT,ETHUSD_17005_BEARISH_17001_17002,2332.9,2325.8,7.1,0.3049,REGIME_A_LE_06,2325.8,2332.9,2313.6286,7.1,12.1714,1.7143,SL_HIT,-1.0,0.0,0.0,-0.0,0.0,0.8539,0.0085,-0.0085,0.8453,1,SL_HIT,UNAMBIGUOUS
957,2026-05-10T15:00:00+00:00,2026-05-10T17:00:00+00:00,ETHUSD,SHORT,ETHUSD_17007_BEARISH_16916_16920,2356.05,2343.6,12.45,0.5305,REGIME_A_LE_06,2343.6,2356.05,2322.2571,12.45,21.3429,1.7143,SL_HIT,-1.0,0.0,0.0,-0.0,0.0,0.8453,0.0085,-0.0085,0.8369,2,SL_HIT,UNAMBIGUOUS
958,2026-05-11T15:00:00+00:00,2026-05-11T17:00:00+00:00,ETHUSD,SHORT,ETHUSD_17031_BEARISH_17022_17029,2342.0,2328.9,13.1,0.5616,REGIME_A_LE_06,2328.9,2342.0,2306.4429,13.1,22.4571,1.7143,SL_HIT,-1.0,0.0,0.0,-0.0,0.0,0.8369,0.0084,-0.0084,0.8285,2,SL_HIT,UNAMBIGUOUS
959,2026-05-11T22:00:00+00:00,2026-05-12T12:00:00+00:00,SOLUSD,SHORT,SOLUSD_17038_BEARISH_14718_14723,98.73,96.687,2.043,2.0922,REGIME_B_GT_06,97.1977,98.73,95.6655,1.5323,1.5323,1.0,TP_HIT,1.0,0.0,0.0,0.0,0.0,0.8285,0.0083,0.0083,0.8368,14,TP_HIT,UNAMBIGUOUS
960,2026-05-12T15:00:00+00:00,2026-05-13T01:00:00+00:00,SOLUSD,LONG,SOLUSD_17055_BULLISH_17003_17009,94.007,92.9,1.107,1.1795,REGIME_B_GT_06,93.7303,92.9,94.5605,0.8303,0.8303,1.0,TP_HIT,1.0,0.0,0.0,0.0,0.0,0.8368,0.0084,0.0084,0.8452,10,TP_HIT,UNAMBIGUOUS
961,2026-05-14T11:00:00+00:00,2026-05-14T13:00:00+00:00,BTCUSD,LONG,BTCUSD_17099_BULLISH_17091_17093,79428.5,78876.0,552.5,0.6975,REGIME_B_GT_06,79290.375,78876.0,79704.75,414.375,414.375,1.0,TP_HIT,1.0,0.0,0.0,0.0,0.0,0.8452,0.0085,0.0085,0.8536,2,TP_HIT,UNAMBIGUOUS
962,2026-05-15T15:00:00+00:00,2026-05-15T16:00:00+00:00,XRPUSD,LONG,XRPUSD_17127_BULLISH_17097_17100,1.4354,1.4265,0.0089,0.6203,REGIME_B_GT_06,1.4332,1.4265,1.4399,0.0067,0.0067,1.0,TP_HIT,1.0,0.0,0.0,0.0,0.0,0.8536,0.0085,0.0085,0.8622,1,TP_HIT,UNAMBIGUOUS
963,2026-05-16T14:00:00+00:00,2026-05-17T23:00:00+00:00,ETHUSD,LONG,ETHUSD_17150_BULLISH_16262_16263,2182.2,2156.5,25.7,1.1794,REGIME_B_GT_06,2175.775,2156.5,2195.05,19.275,19.275,1.0,SL_HIT,-1.0,0.0,0.0,-0.0,0.0,0.8622,0.0086,-0.0086,0.8535,33,SL_HIT,UNAMBIGUOUS
964,2026-05-18T11:00:00+00:00,2026-05-18T12:00:00+00:00,SOLUSD,SHORT,SOLUSD_17195_BEARISH_17185_17194,85.463,84.512,0.951,1.1192,REGIME_B_GT_06,84.7498,85.463,84.0365,0.7132,0.7132,1.0,SL_HIT,-1.0,0.0,0.0,-0.0,0.0,0.8535,0.0085,-0.0085,0.845,1,SL_HIT,UNAMBIGUOUS
965,2026-05-18T13:00:00+00:00,2026-05-18T14:00:00+00:00,SOLUSD,LONG,SOLUSD_17197_BULLISH_17195_17196,85.3192,84.082,1.2372,1.461,REGIME_B_GT_06,85.0099,84.082,85.9378,0.9279,0.9279,1.0,SL_HIT,-1.0,0.0,0.0,-0.0,0.0,0.845,0.0084,-0.0084,0.8365,1,SL_HIT,UNAMBIGUOUS
966,2026-05-18T18:00:00+00:00,2026-05-18T19:00:00+00:00,ETHUSD,LONG,ETHUSD_17202_BULLISH_16214_16221,2080.45,2060.0,20.45,0.983,REGIME_B_GT_06,2075.3375,2060.0,2090.675,15.3375,15.3375,1.0,TP_HIT,1.0,0.0,0.0,0.0,0.0,0.8365,0.0084,0.0084,0.8449,1,TP_HIT,UNAMBIGUOUS
967,2026-05-18T21:00:00+00:00,2026-05-19T10:00:00+00:00,ETHUSD,SHORT,ETHUSD_17205_BEARISH_17196_17199,2156.5,2133.1,23.4,1.0953,REGIME_B_GT_06,2138.95,2156.5,2121.4,17.55,17.55,1.0,TP_HIT,1.0,0.0,0.0,0.0,0.0,0.8449,0.0084,0.0084,0.8534,13,TP_HIT,UNAMBIGUOUS
968,2026-05-19T20:00:00+00:00,2026-05-20T05:00:00+00:00,BTCUSD,SHORT,BTCUSD_17228_BEARISH_17216_17222,77295.0,76932.0,363.0,0.4716,REGIME_A_LE_06,76932.0,77295.0,76309.7143,363.0,622.2857,1.7143,SL_HIT,-1.0,0.0,0.0,-0.0,0.0,0.8534,0.0085,-0.0085,0.8448,9,SL_HIT,UNAMBIGUOUS
969,2026-05-20T11:00:00+00:00,2026-05-20T15:00:00+00:00,BTCUSD,SHORT,BTCUSD_17243_BEARISH_17196_17198,77758.5,77243.5,515.0,0.6658,REGIME_B_GT_06,77372.25,77758.5,76986.0,386.25,386.25,1.0,SL_HIT,-1.0,0.0,0.0,-0.0,0.0,0.8448,0.0084,-0.0084,0.8364,4,SL_HIT,UNAMBIGUOUS
970,2026-05-21T03:00:00+00:00,2026-05-21T06:00:00+00:00,XRPUSD,SHORT,XRPUSD_17259_BEARISH_17215_17217,1.3898,1.3834,0.0064,0.4623,REGIME_A_LE_06,1.3834,1.3898,1.3724,0.0064,0.011,1.7143,TP_HIT,1.7143,0.0,0.0,0.0,0.0,0.8364,0.0084,0.0143,0.8507,3,TP_HIT,UNAMBIGUOUS
971,2026-05-21T10:00:00+00:00,2026-05-21T13:00:00+00:00,BTCUSD,LONG,BTCUSD_17266_BULLISH_17248_17256,77530.5,76975.0,555.5,0.7198,REGIME_B_GT_06,77391.625,76975.0,77808.25,416.625,416.625,1.0,SL_HIT,-1.0,0.0,0.0,-0.0,0.0,0.8507,0.0085,-0.0085,0.8422,3,SL_HIT,UNAMBIGUOUS
972,2026-05-21T17:00:00+00:00,2026-05-22T08:00:00+00:00,ETHUSD,SHORT,ETHUSD_17273_BEARISH_17257_17266,2156.65,2138.1,18.55,0.8645,REGIME_B_GT_06,2142.7375,2156.65,2128.825,13.9125,13.9125,1.0,TP_HIT,1.0,0.0,0.0,0.0,0.0,0.8422,0.0084,0.0084,0.8506,15,TP_HIT,UNAMBIGUOUS
973,2026-05-22T12:00:00+00:00,2026-05-22T14:00:00+00:00,SOLUSD,SHORT,SOLUSD_17292_BEARISH_17276_17286,87.944,87.501,0.443,0.5047,REGIME_A_LE_06,87.501,87.944,86.7416,0.443,0.7594,1.7143,TP_HIT,1.7143,0.0,0.0,0.0,0.0,0.8506,0.0085,0.0146,0.8652,2,TP_HIT,UNAMBIGUOUS
974,2026-05-23T04:00:00+00:00,2026-05-23T07:00:00+00:00,SOLUSD,LONG,SOLUSD_17308_BULLISH_17233_17244,84.513,83.841,0.672,0.7963,REGIME_B_GT_06,84.345,83.841,84.849,0.504,0.504,1.0,SL_HIT,-1.0,0.0,0.0,-0.0,0.0,0.8652,0.0087,-0.0087,0.8566,3,SL_HIT,UNAMBIGUOUS
975,2026-05-23T14:00:00+00:00,2026-05-23T15:00:00+00:00,XRPUSD,SHORT,XRPUSD_17318_BEARISH_17307_17311,1.3423,1.3397,0.0026,0.194,REGIME_A_LE_06,1.3397,1.3423,1.3352,0.0026,0.0045,1.7143,SL_HIT,-1.0,0.0,0.0,-0.0,0.0,0.8566,0.0086,-0.0086,0.848,1,SL_HIT,UNAMBIGUOUS
976,2026-05-24T06:00:00+00:00,2026-05-24T14:00:00+00:00,ETHUSD,SHORT,ETHUSD_17334_BEARISH_17273_17298,2152.85,2124.8,28.05,1.3186,REGIME_B_GT_06,2131.8125,2152.85,2110.775,21.0375,21.0375,1.0,TP_HIT,1.0,0.0,0.0,0.0,0.0,0.848,0.0085,0.0085,0.8565,8,TP_HIT,UNAMBIGUOUS
977,2026-05-24T23:00:00+00:00,2026-05-25T06:00:00+00:00,BTCUSD,SHORT,BTCUSD_17351_BEARISH_17338_17343,77522.5,76888.5,634.0,0.8231,REGIME_B_GT_06,77047.0,77522.5,76571.5,475.5,475.5,1.0,SL_HIT,-1.0,0.0,0.0,-0.0,0.0,0.8565,0.0086,-0.0086,0.8479,7,SL_HIT,UNAMBIGUOUS
978,2026-05-25T22:00:00+00:00,2026-05-26T00:00:00+00:00,ETHUSD,LONG,ETHUSD_17374_BULLISH_17351_17368,2106.0,2090.45,15.55,0.7395,REGIME_B_GT_06,2102.1125,2090.45,2113.775,11.6625,11.6625,1.0,SL_HIT,-1.0,0.0,0.0,-0.0,0.0,0.8479,0.0085,-0.0085,0.8394,2,SL_HIT,UNAMBIGUOUS
979,2026-05-26T01:00:00+00:00,2026-05-26T10:00:00+00:00,BTCUSD,LONG,BTCUSD_17377_BULLISH_17349_17361,76721.0,76060.0,661.0,0.8616,REGIME_B_GT_06,76555.75,76060.0,77051.5,495.75,495.75,1.0,TP_HIT,1.0,0.0,0.0,0.0,0.0,0.8394,0.0084,0.0084,0.8478,9,TP_HIT,UNAMBIGUOUS
980,2026-05-27T09:00:00+00:00,2026-05-27T12:00:00+00:00,XRPUSD,LONG,XRPUSD_17409_BULLISH_17404_17406,1.3319,1.3217,0.0102,0.7666,REGIME_B_GT_06,1.3294,1.3217,1.337,0.0076,0.0076,1.0,TP_HIT,1.0,0.0,0.0,0.0,0.0,0.8478,0.0085,0.0085,0.8563,3,TP_HIT,UNAMBIGUOUS
981,2026-05-27T13:00:00+00:00,2026-05-27T15:00:00+00:00,SOLUSD,LONG,SOLUSD_17413_BULLISH_17404_17407,83.672,82.819,0.853,1.0201,REGIME_B_GT_06,83.4587,82.819,84.0985,0.6397,0.6397,1.0,TP_HIT,1.0,0.0,0.0,0.0,0.0,0.8563,0.0086,0.0086,0.8649,2,TP_HIT,UNAMBIGUOUS
982,2026-05-27T19:00:00+00:00,2026-05-27T21:00:00+00:00,XRPUSD,SHORT,XRPUSD_17419_BEARISH_17415_17417,1.3438,1.3304,0.0134,1.0068,REGIME_B_GT_06,1.3337,1.3438,1.3237,0.0101,0.0101,1.0,TP_HIT,1.0,0.0,0.0,0.0,0.0,0.8649,0.0086,0.0086,0.8735,2,TP_HIT,UNAMBIGUOUS
983,2026-05-29T06:00:00+00:00,2026-05-29T12:00:00+00:00,SOLUSD,SHORT,SOLUSD_17454_BEARISH_17445_17450,82.683,82.231,0.452,0.5493,REGIME_A_LE_06,82.231,82.683,81.4561,0.452,0.7749,1.7143,TP_HIT,1.7143,0.0,0.0,0.0,0.0,0.8735,0.0087,0.015,0.8885,6,TP_HIT,UNAMBIGUOUS
984,2026-05-31T07:00:00+00:00,2026-05-31T10:00:00+00:00,BTCUSD,LONG,BTCUSD_17503_BULLISH_17495_17500,73979.0,73758.0,221.0,0.2993,REGIME_A_LE_06,73979.0,73758.0,74357.8571,221.0,378.8571,1.7143,SL_HIT,-1.0,0.0,0.0,-0.0,0.0,0.8885,0.0089,-0.0089,0.8796,3,SL_HIT,UNAMBIGUOUS
985,2026-05-31T14:00:00+00:00,2026-05-31T16:00:00+00:00,ETHUSD,LONG,ETHUSD_17510_BULLISH_17476_17486,2017.6,2000.95,16.65,0.8296,REGIME_B_GT_06,2013.4375,2000.95,2025.925,12.4875,12.4875,1.0,SL_HIT,-1.0,0.0,0.0,-0.0,0.0,0.8796,0.0088,-0.0088,0.8708,2,SL_HIT,UNAMBIGUOUS
986,2026-05-31T16:00:00+00:00,2026-06-01T07:00:00+00:00,ETHUSD,LONG,ETHUSD_17512_BULLISH_17462_17463,2003.6,1975.45,28.15,1.4067,REGIME_B_GT_06,1996.5625,1975.45,2017.675,21.1125,21.1125,1.0,SL_HIT,-1.0,0.0,0.0,-0.0,0.0,0.8708,0.0087,-0.0087,0.8621,15,SL_HIT,UNAMBIGUOUS
987,2026-06-01T19:00:00+00:00,2026-06-02T02:00:00+00:00,ETHUSD,SHORT,ETHUSD_17539_BEARISH_17519_17526,2022.45,1999.05,23.4,1.1677,REGIME_B_GT_06,2004.9,2022.45,1987.35,17.55,17.55,1.0,TP_HIT,1.0,0.0,0.0,0.0,0.0,0.8621,0.0086,0.0086,0.8707,7,TP_HIT,UNAMBIGUOUS
988,2026-06-05T04:00:00+00:00,2026-06-05T05:00:00+00:00,BTCUSD,SHORT,BTCUSD_17620_BEARISH_17611_17618,64154.0,63514.5,639.5,1.0056,REGIME_B_GT_06,63674.375,64154.0,63194.75,479.625,479.625,1.0,TP_HIT,1.0,0.0,0.0,0.0,0.0,0.8707,0.0087,0.0087,0.8794,1,TP_HIT,UNAMBIGUOUS
989,2026-06-07T00:00:00+00:00,2026-06-07T01:00:00+00:00,ETHUSD,LONG,ETHUSD_17664_BULLISH_17657_17663,1565.75,1545.85,19.9,1.2723,REGIME_B_GT_06,1560.775,1545.85,1575.7,14.925,14.925,1.0,TP_HIT,1.0,0.0,0.0,0.0,0.0,0.8794,0.0088,0.0088,0.8882,1,TP_HIT,UNAMBIGUOUS
990,2026-06-07T05:00:00+00:00,2026-06-07T06:00:00+00:00,ETHUSD,SHORT,ETHUSD_17669_BEARISH_17637_17644,1618.7,1601.7,17.0,1.0605,REGIME_B_GT_06,1605.95,1618.7,1593.2,12.75,12.75,1.0,SL_HIT,-1.0,0.0,0.0,-0.0,0.0,0.8882,0.0089,-0.0089,0.8793,1,SL_HIT,UNAMBIGUOUS
991,2026-06-07T06:00:00+00:00,2026-06-07T08:00:00+00:00,SOLUSD,SHORT,SOLUSD_17670_BEARISH_17637_17644,65.402,64.532,0.87,1.3421,REGIME_B_GT_06,64.7495,65.402,64.097,0.6525,0.6525,1.0,SL_HIT,-1.0,0.0,0.0,-0.0,0.0,0.8793,0.0088,-0.0088,0.8706,2,SL_HIT,UNAMBIGUOUS
992,2026-06-07T09:00:00+00:00,2026-06-07T12:00:00+00:00,BTCUSD,SHORT,BTCUSD_17673_BEARISH_17625_17629,63231.5,62411.0,820.5,1.3125,REGIME_B_GT_06,62616.125,63231.5,62000.75,615.375,615.375,1.0,TP_HIT,1.0,0.0,0.0,0.0,0.0,0.8706,0.0087,0.0087,0.8793,3,TP_HIT,UNAMBIGUOUS
993,2026-06-09T05:00:00+00:00,2026-06-09T14:00:00+00:00,ETHUSD,SHORT,ETHUSD_17717_BEARISH_17711_17712,1714.0,1685.95,28.05,1.662,REGIME_B_GT_06,1692.9625,1714.0,1671.925,21.0375,21.0375,1.0,TP_HIT,1.0,0.0,0.0,0.0,0.0,0.8793,0.0088,0.0088,0.888,9,TP_HIT,UNAMBIGUOUS
994,2026-06-09T15:00:00+00:00,2026-06-09T16:00:00+00:00,SOLUSD,LONG,SOLUSD_17727_BULLISH_17683_17687,64.953,63.61,1.343,2.0876,REGIME_B_GT_06,64.6172,63.61,65.6245,1.0072,1.0072,1.0,SL_HIT,-1.0,0.0,0.0,-0.0,0.0,0.888,0.0089,-0.0089,0.8792,1,SL_HIT,UNAMBIGUOUS
995,2026-06-10T10:00:00+00:00,2026-06-10T13:00:00+00:00,ETHUSD,LONG,ETHUSD_17746_BULLISH_17683_17686,1629.55,1602.25,27.3,1.6775,REGIME_B_GT_06,1622.725,1602.25,1643.2,20.475,20.475,1.0,TP_HIT,1.0,0.0,0.0,0.0,0.0,0.8792,0.0088,0.0088,0.888,3,TP_HIT,UNAMBIGUOUS
996,2026-06-10T13:00:00+00:00,2026-06-10T16:00:00+00:00,XRPUSD,SHORT,XRPUSD_17749_BEARISH_17729_17738,1.1472,1.1284,0.0188,1.6636,REGIME_B_GT_06,1.1331,1.1472,1.119,0.0141,0.0141,1.0,TP_HIT,1.0,0.0,0.0,0.0,0.0,0.888,0.0089,0.0089,0.8968,3,TP_HIT,UNAMBIGUOUS
997,2026-06-10T21:00:00+00:00,2026-06-11T01:00:00+00:00,BTCUSD,LONG,BTCUSD_17757_BULLISH_17745_17751,61403.0,60706.0,697.0,1.1365,REGIME_B_GT_06,61228.75,60706.0,61751.5,522.75,522.75,1.0,TP_HIT,1.0,0.0,0.0,0.0,0.0,0.8968,0.009,0.009,0.9058,4,TP_HIT,UNAMBIGUOUS
998,2026-06-11T01:00:00+00:00,2026-06-11T11:00:00+00:00,SOLUSD,SHORT,SOLUSD_17761_BEARISH_17751_17757,65.774,64.542,1.232,1.898,REGIME_B_GT_06,64.85,65.774,63.926,0.924,0.924,1.0,SL_HIT,-1.0,0.0,0.0,-0.0,0.0,0.9058,0.0091,-0.0091,0.8968,10,SL_HIT,UNAMBIGUOUS
999,2026-06-11T11:00:00+00:00,2026-06-14T11:00:00+00:00,ETHUSD,SHORT,ETHUSD_17771_BEARISH_17716_17726,1696.0,1663.35,32.65,1.96,REGIME_B_GT_06,1671.5125,1696.0,1647.025,24.4875,24.4875,1.0,TP_HIT,1.0,0.0,0.0,0.0,0.0,0.8968,0.009,0.009,0.9057,72,TP_HIT,UNAMBIGUOUS
1000,2026-06-14T21:00:00+00:00,2026-06-14T22:00:00+00:00,SOLUSD,SHORT,SOLUSD_17853_BEARISH_17606_17618,70.636,69.561,1.075,1.5328,REGIME_B_GT_06,69.8298,70.636,69.0235,0.8062,0.8062,1.0,SL_HIT,-1.0,0.0,0.0,-0.0,0.0,0.9057,0.0091,-0.0091,0.8967,1,SL_HIT,UNAMBIGUOUS
1001,2026-06-16T02:00:00+00:00,2026-06-16T08:00:00+00:00,BTCUSD,LONG,BTCUSD_17882_BULLISH_17859_17867,65995.0,65400.0,595.0,0.9053,REGIME_B_GT_06,65846.25,65400.0,66292.5,446.25,446.25,1.0,TP_HIT,1.0,0.0,0.0,0.0,0.0,0.8967,0.009,0.009,0.9056,6,TP_HIT,UNAMBIGUOUS
1002,2026-06-17T15:00:00+00:00,2026-06-17T16:00:00+00:00,SOLUSD,SHORT,SOLUSD_17919_BEARISH_17906_17912,74.468,73.676,0.792,1.0732,REGIME_B_GT_06,73.874,74.468,73.28,0.594,0.594,1.0,SL_HIT,-1.0,0.0,0.0,-0.0,0.0,0.9056,0.0091,-0.0091,0.8966,1,SL_HIT,UNAMBIGUOUS
1003,2026-06-17T17:00:00+00:00,2026-06-17T18:00:00+00:00,ETHUSD,SHORT,ETHUSD_17921_BEARISH_17906_17912,1809.75,1787.7,22.05,1.2329,REGIME_B_GT_06,1793.2125,1809.75,1776.675,16.5375,16.5375,1.0,TP_HIT,1.0,0.0,0.0,0.0,0.0,0.8966,0.009,0.009,0.9055,1,TP_HIT,UNAMBIGUOUS
1004,2026-06-18T07:00:00+00:00,2026-06-18T13:00:00+00:00,BTCUSD,SHORT,BTCUSD_17935_BEARISH_17929_17932,64786.5,64435.0,351.5,0.5452,REGIME_A_LE_06,64435.0,64786.5,63832.4286,351.5,602.5714,1.7143,TP_HIT,1.7143,0.0,0.0,0.0,0.0,0.9055,0.0091,0.0155,0.9211,6,TP_HIT,UNAMBIGUOUS
1005,2026-06-19T23:00:00+00:00,2026-06-20T00:00:00+00:00,SOLUSD,SHORT,SOLUSD_17975_BEARISH_17954_17963,70.096,69.414,0.682,0.9776,REGIME_B_GT_06,69.5845,70.096,69.073,0.5115,0.5115,1.0,SL_HIT,-1.0,0.0,0.0,-0.0,0.0,0.9211,0.0092,-0.0092,0.9118,1,SL_HIT,UNAMBIGUOUS
1006,2026-06-20T02:00:00+00:00,2026-06-20T15:00:00+00:00,BTCUSD,LONG,BTCUSD_17978_BULLISH_17965_17975,63401.0,62636.0,765.0,1.2083,REGIME_B_GT_06,63209.75,62636.0,63783.5,573.75,573.75,1.0,TP_HIT,1.0,0.0,0.0,0.0,0.0,0.9118,0.0091,0.0091,0.921,13,TP_HIT,UNAMBIGUOUS
1007,2026-06-20T17:00:00+00:00,2026-06-21T21:00:00+00:00,ETHUSD,LONG,ETHUSD_17993_BULLISH_17981_17990,1732.8,1711.5,21.3,1.234,REGIME_B_GT_06,1727.475,1711.5,1743.45,15.975,15.975,1.0,SL_HIT,-1.0,0.0,0.0,-0.0,0.0,0.921,0.0092,-0.0092,0.9118,28,SL_HIT,UNAMBIGUOUS
1008,2026-06-22T16:00:00+00:00,2026-06-22T22:00:00+00:00,ETHUSD,LONG,ETHUSD_18040_BULLISH_18027_18035,1740.75,1725.5,15.25,0.8768,REGIME_B_GT_06,1736.9375,1725.5,1748.375,11.4375,11.4375,1.0,SL_HIT,-1.0,0.0,0.0,-0.0,0.0,0.9118,0.0091,-0.0091,0.9026,6,SL_HIT,UNAMBIGUOUS
1009,2026-06-24T10:00:00+00:00,2026-06-24T11:00:00+00:00,BTCUSD,LONG,BTCUSD_18082_BULLISH_18066_18072,62427.5,62081.0,346.5,0.5551,REGIME_A_LE_06,62427.5,62081.0,63021.5,346.5,594.0,1.7143,TP_HIT,1.7143,0.0,0.0,0.0,0.0,0.9026,0.009,0.0155,0.9181,1,TP_HIT,UNAMBIGUOUS
1010,2026-06-25T13:00:00+00:00,2026-06-25T14:00:00+00:00,BTCUSD,LONG,BTCUSD_18109_BULLISH_2592_2597,58343.5,57611.5,732.0,1.2563,REGIME_B_GT_06,58160.5,57611.5,58709.5,549.0,549.0,1.0,TP_HIT,1.0,0.0,0.0,0.0,0.0,0.9181,0.0092,0.0092,0.9273,1,TP_HIT,UNAMBIGUOUS
1011,2026-06-26T02:00:00+00:00,2026-06-26T03:00:00+00:00,SOLUSD,LONG,SOLUSD_18122_BULLISH_18115_18119,66.224,65.683,0.541,0.8172,REGIME_B_GT_06,66.0888,65.683,66.4945,0.4057,0.4057,1.0,TP_HIT,1.0,0.0,0.0,0.0,0.0,0.9273,0.0093,0.0093,0.9366,1,TP_HIT,UNAMBIGUOUS
1012,2026-06-26T03:00:00+00:00,2026-06-26T04:00:00+00:00,BTCUSD,SHORT,BTCUSD_18123_BEARISH_18117_18122,60234.0,59434.0,800.0,1.3329,REGIME_B_GT_06,59634.0,60234.0,59034.0,600.0,600.0,1.0,SL_HIT,-1.0,0.0,0.0,-0.0,0.0,0.9366,0.0094,-0.0094,0.9272,1,SL_HIT,UNAMBIGUOUS
1013,2026-06-26T06:00:00+00:00,2026-06-26T07:00:00+00:00,ETHUSD,SHORT,ETHUSD_18126_BEARISH_18118_18122,1583.0,1565.6,17.4,1.1082,REGIME_B_GT_06,1569.95,1583.0,1556.9,13.05,13.05,1.0,SL_HIT,-1.0,0.0,0.0,-0.0,0.0,0.9272,0.0093,-0.0093,0.9179,1,SL_HIT,UNAMBIGUOUS
1014,2026-06-26T09:00:00+00:00,2026-06-26T12:00:00+00:00,BTCUSD,LONG,BTCUSD_18129_BULLISH_18121_18126,59767.5,59206.5,561.0,0.9395,REGIME_B_GT_06,59627.25,59206.5,60048.0,420.75,420.75,1.0,SL_HIT,-1.0,0.0,0.0,-0.0,0.0,0.9179,0.0092,-0.0092,0.9088,3,SL_HIT,UNAMBIGUOUS
1015,2026-06-27T17:00:00+00:00,2026-06-27T19:00:00+00:00,SOLUSD,LONG,SOLUSD_18161_BULLISH_18155_18158,72.087,71.525,0.562,0.7802,REGIME_B_GT_06,71.9465,71.525,72.368,0.4215,0.4215,1.0,SL_HIT,-1.0,0.0,0.0,-0.0,0.0,0.9088,0.0091,-0.0091,0.8997,2,SL_HIT,UNAMBIGUOUS
1016,2026-06-27T23:00:00+00:00,2026-06-28T21:00:00+00:00,XRPUSD,LONG,XRPUSD_18167_BULLISH_18142_18146,1.0483,1.0382,0.0101,0.9639,REGIME_B_GT_06,1.0458,1.0382,1.0533,0.0076,0.0076,1.0,SL_HIT,-1.0,0.0,0.0,-0.0,0.0,0.8997,0.009,-0.009,0.8907,22,SL_HIT,UNAMBIGUOUS
1017,2026-06-29T03:00:00+00:00,2026-06-29T05:00:00+00:00,XRPUSD,SHORT,XRPUSD_18195_BEARISH_18183_18186,1.0578,1.05,0.0078,0.7425,REGIME_B_GT_06,1.052,1.0578,1.0461,0.0058,0.0058,1.0,TP_HIT,1.0,0.0,0.0,0.0,0.0,0.8907,0.0089,0.0089,0.8996,2,TP_HIT,UNAMBIGUOUS
1018,2026-06-30T00:00:00+00:00,2026-06-30T12:00:00+00:00,XRPUSD,LONG,XRPUSD_18216_BULLISH_18197_18209,1.0487,1.0359,0.0128,1.2207,REGIME_B_GT_06,1.0455,1.0359,1.0551,0.0096,0.0096,1.0,SL_HIT,-1.0,0.0,0.0,-0.0,0.0,0.8996,0.009,-0.009,0.8906,12,SL_HIT,UNAMBIGUOUS
1019,2026-06-30T12:00:00+00:00,2026-06-30T14:00:00+00:00,SOLUSD,LONG,SOLUSD_18228_BULLISH_18197_18204,72.347,71.0125,1.3345,1.851,REGIME_B_GT_06,72.0134,71.0125,73.0142,1.0009,1.0009,1.0,TP_HIT,1.0,0.0,0.0,0.0,0.0,0.8906,0.0089,0.0089,0.8995,2,TP_HIT,UNAMBIGUOUS
1020,2026-07-01T10:00:00+00:00,2026-07-01T12:00:00+00:00,XRPUSD,LONG,XRPUSD_18250_BULLISH_18240_18243,1.0415,1.0354,0.0061,0.5862,REGIME_A_LE_06,1.0415,1.0354,1.052,0.0061,0.0105,1.7143,SL_HIT,-1.0,0.0,0.0,-0.0,0.0,0.8995,0.009,-0.009,0.8905,2,SL_HIT,UNAMBIGUOUS
1021,2026-07-01T19:00:00+00:00,2026-07-01T21:00:00+00:00,BTCUSD,SHORT,BTCUSD_18259_BEARISH_18209_18228,60673.5,59876.0,797.5,1.3291,REGIME_B_GT_06,60075.375,60673.5,59477.25,598.125,598.125,1.0,SL_HIT,-1.0,0.0,0.0,-0.0,0.0,0.8905,0.0089,-0.0089,0.8816,2,SL_HIT,UNAMBIGUOUS
1022,2026-07-01T21:00:00+00:00,2026-07-02T00:00:00+00:00,XRPUSD,SHORT,XRPUSD_18261_BEARISH_18211_18228,1.077,1.0638,0.0132,1.2376,REGIME_B_GT_06,1.0671,1.077,1.0572,0.0099,0.0099,1.0,TP_HIT,1.0,0.0,0.0,0.0,0.0,0.8816,0.0088,0.0088,0.8904,3,TP_HIT,UNAMBIGUOUS
1023,2026-07-02T01:00:00+00:00,2026-07-02T03:00:00+00:00,BTCUSD,SHORT,BTCUSD_18265_BEARISH_18261_18264,60835.0,60098.5,736.5,1.2243,REGIME_B_GT_06,60282.625,60835.0,59730.25,552.375,552.375,1.0,SL_HIT,-1.0,0.0,0.0,-0.0,0.0,0.8904,0.0089,-0.0089,0.8815,2,SL_HIT,UNAMBIGUOUS
1024,2026-07-02T10:00:00+00:00,2026-07-02T12:00:00+00:00,ETHUSD,SHORT,ETHUSD_18274_BEARISH_18102_18109,1660.0,1643.45,16.55,1.0058,REGIME_B_GT_06,1647.5875,1660.0,1635.175,12.4125,12.4125,1.0,SL_HIT,-1.0,0.0,0.0,-0.0,0.0,0.8815,0.0088,-0.0088,0.8727,2,SL_HIT,UNAMBIGUOUS
1025,2026-07-03T02:00:00+00:00,2026-07-03T03:00:00+00:00,SOLUSD,LONG,SOLUSD_18290_BULLISH_18286_18289,80.891,80.409,0.482,0.5965,REGIME_A_LE_06,80.891,80.409,81.7173,0.482,0.8263,1.7143,SL_HIT,-1.0,0.0,0.0,-0.0,0.0,0.8727,0.0087,-0.0087,0.864,1,SL_HIT,UNAMBIGUOUS
1026,2026-07-04T05:00:00+00:00,2026-07-04T13:00:00+00:00,XRPUSD,LONG,XRPUSD_18317_BULLISH_18309_18316,1.1416,1.1274,0.0142,1.2466,REGIME_B_GT_06,1.1381,1.1274,1.1487,0.0107,0.0107,1.0,TP_HIT,1.0,0.0,0.0,0.0,0.0,0.864,0.0086,0.0086,0.8726,8,TP_HIT,UNAMBIGUOUS
1027,2026-07-05T02:00:00+00:00,2026-07-05T09:00:00+00:00,XRPUSD,LONG,XRPUSD_18338_BULLISH_18319_18325,1.1432,1.1332,0.01,0.8789,REGIME_B_GT_06,1.1407,1.1332,1.1482,0.0075,0.0075,1.0,SL_HIT,-1.0,0.0,0.0,-0.0,0.0,0.8726,0.0087,-0.0087,0.8639,7,SL_HIT,UNAMBIGUOUS
1028,2026-07-06T00:00:00+00:00,2026-07-06T02:00:00+00:00,SOLUSD,SHORT,SOLUSD_18360_BEARISH_18329_18336,82.822,81.88,0.942,1.1458,REGIME_B_GT_06,82.1155,82.822,81.409,0.7065,0.7065,1.0,TP_HIT,1.0,0.0,0.0,0.0,0.0,0.8639,0.0086,0.0086,0.8725,2,TP_HIT,UNAMBIGUOUS
1029,2026-07-06T02:00:00+00:00,2026-07-06T03:00:00+00:00,SOLUSD,LONG,SOLUSD_18362_BULLISH_18355_18357,81.131,80.819,0.312,0.385,REGIME_A_LE_06,81.131,80.819,81.6659,0.312,0.5349,1.7143,SL_HIT,-1.0,0.0,0.0,-0.0,0.0,0.8725,0.0087,-0.0087,0.8638,1,SL_HIT,UNAMBIGUOUS
1030,2026-07-06T06:00:00+00:00,2026-07-06T08:00:00+00:00,XRPUSD,LONG,XRPUSD_18366_BULLISH_18353_18357,1.1394,1.1323,0.0071,0.6237,REGIME_B_GT_06,1.1376,1.1323,1.1429,0.0053,0.0053,1.0,TP_HIT,1.0,0.0,0.0,0.0,0.0,0.8638,0.0086,0.0086,0.8724,2,TP_HIT,UNAMBIGUOUS
1031,2026-07-06T08:00:00+00:00,2026-07-06T12:00:00+00:00,ETHUSD,LONG,ETHUSD_18368_BULLISH_18345_18351,1767.05,1748.4,18.65,1.0566,REGIME_B_GT_06,1762.3875,1748.4,1776.375,13.9875,13.9875,1.0,SL_HIT,-1.0,0.0,0.0,-0.0,0.0,0.8724,0.0087,-0.0087,0.8637,4,SL_HIT,UNAMBIGUOUS
1032,2026-07-06T15:00:00+00:00,2026-07-06T21:00:00+00:00,ETHUSD,SHORT,ETHUSD_18375_BEARISH_18358_18372,1807.7,1783.35,24.35,1.3623,REGIME_B_GT_06,1789.4375,1807.7,1771.175,18.2625,18.2625,1.0,SL_HIT,-1.0,0.0,0.0,-0.0,0.0,0.8637,0.0086,-0.0086,0.8551,6,SL_HIT,UNAMBIGUOUS
1033,2026-07-07T15:00:00+00:00,2026-07-07T16:00:00+00:00,XRPUSD,SHORT,XRPUSD_18399_BEARISH_18391_18397,1.1354,1.1267,0.0087,0.7697,REGIME_B_GT_06,1.1289,1.1354,1.1224,0.0065,0.0065,1.0,SL_HIT,-1.0,0.0,0.0,-0.0,0.0,0.8551,0.0086,-0.0086,0.8465,1,SL_HIT,UNAMBIGUOUS
1034,2026-07-08T14:00:00+00:00,2026-07-09T06:00:00+00:00,BTCUSD,LONG,BTCUSD_18422_BULLISH_18373_18381,62029.5,61303.5,726.0,1.1734,REGIME_B_GT_06,61848.0,61303.5,62392.5,544.5,544.5,1.0,TP_HIT,1.0,0.0,0.0,0.0,0.0,0.8465,0.0085,0.0085,0.855,16,TP_HIT,UNAMBIGUOUS
1035,2026-07-09T15:00:00+00:00,2026-07-09T18:00:00+00:00,XRPUSD,LONG,XRPUSD_18447_BULLISH_18434_18437,1.0905,1.0824,0.0081,0.7431,REGIME_B_GT_06,1.0885,1.0824,1.0946,0.0061,0.0061,1.0,TP_HIT,1.0,0.0,0.0,0.0,0.0,0.855,0.0085,0.0085,0.8635,3,TP_HIT,UNAMBIGUOUS
1036,2026-07-10T16:00:00+00:00,2026-07-11T14:00:00+00:00,ETHUSD,SHORT,ETHUSD_18472_BEARISH_18400_18409,1812.25,1791.75,20.5,1.141,REGIME_B_GT_06,1796.875,1812.25,1781.5,15.375,15.375,1.0,SL_HIT,-1.0,0.0,0.0,-0.0,0.0,0.8635,0.0086,-0.0086,0.8549,22,SL_HIT,UNAMBIGUOUS
1037,2026-07-11T16:00:00+00:00,2026-07-11T23:00:00+00:00,SOLUSD,LONG,SOLUSD_18496_BULLISH_18481_18494,78.061,77.456,0.605,0.7763,REGIME_B_GT_06,77.9098,77.456,78.3635,0.4537,0.4537,1.0,SL_HIT,-1.0,0.0,0.0,-0.0,0.0,0.8549,0.0085,-0.0085,0.8463,7,SL_HIT,UNAMBIGUOUS
1038,2026-07-11T23:00:00+00:00,2026-07-12T00:00:00+00:00,ETHUSD,LONG,ETHUSD_18503_BULLISH_18474_18495,1793.1,1780.8,12.3,0.6884,REGIME_B_GT_06,1790.025,1780.8,1799.25,9.225,9.225,1.0,SL_HIT,-1.0,0.0,0.0,-0.0,0.0,0.8463,0.0085,-0.0085,0.8379,1,SL_HIT,UNAMBIGUOUS
1039,2026-07-13T10:00:00+00:00,2026-07-13T13:00:00+00:00,BTCUSD,LONG,BTCUSD_18538_BULLISH_18444_18452,62939.0,62434.5,504.5,0.8027,REGIME_B_GT_06,62812.875,62434.5,63191.25,378.375,378.375,1.0,SL_HIT,-1.0,0.0,0.0,-0.0,0.0,0.8379,0.0084,-0.0084,0.8295,3,SL_HIT,UNAMBIGUOUS
1040,2026-07-13T22:00:00+00:00,2026-07-14T00:00:00+00:00,BTCUSD,LONG,BTCUSD_18550_BULLISH_18434_18436,62105.5,61672.5,433.0,0.6995,REGIME_B_GT_06,61997.25,61672.5,62322.0,324.75,324.75,1.0,TP_HIT,1.0,0.0,0.0,0.0,0.0,0.8295,0.0083,0.0083,0.8378,2,TP_HIT,UNAMBIGUOUS
1041,2026-07-14T00:00:00+00:00,2026-07-14T01:00:00+00:00,ETHUSD,SHORT,ETHUSD_18552_BEARISH_18536_18540,1792.6,1782.8,9.8,0.549,REGIME_A_LE_06,1782.8,1792.6,1766.0,9.8,16.8,1.7143,SL_HIT,-1.0,0.0,0.0,-0.0,0.0,0.8378,0.0084,-0.0084,0.8294,1,SL_HIT,UNAMBIGUOUS
1042,2026-07-14T19:00:00+00:00,2026-07-14T22:00:00+00:00,ETHUSD,SHORT,ETHUSD_18571_BEARISH_17578_17587,1892.35,1874.15,18.2,0.9702,REGIME_B_GT_06,1878.7,1892.35,1865.05,13.65,13.65,1.0,SL_HIT,-1.0,0.0,0.0,-0.0,0.0,0.8294,0.0083,-0.0083,0.8211,3,SL_HIT,UNAMBIGUOUS
1043,2026-07-15T01:00:00+00:00,2026-07-15T06:00:00+00:00,BTCUSD,LONG,BTCUSD_18577_BULLISH_18569_18575,64710.5,64284.0,426.5,0.6597,REGIME_B_GT_06,64603.875,64284.0,64923.75,319.875,319.875,1.0,TP_HIT,1.0,0.0,0.0,0.0,0.0,0.8211,0.0082,0.0082,0.8293,5,TP_HIT,UNAMBIGUOUS
1044,2026-07-15T07:00:00+00:00,2026-07-15T12:00:00+00:00,SOLUSD,LONG,SOLUSD_18583_BULLISH_18578_18580,77.589,77.018,0.571,0.7376,REGIME_B_GT_06,77.4462,77.018,77.8745,0.4282,0.4282,1.0,TP_HIT,1.0,0.0,0.0,0.0,0.0,0.8293,0.0083,0.0083,0.8376,5,TP_HIT,UNAMBIGUOUS
1045,2026-07-15T17:00:00+00:00,2026-07-16T08:00:00+00:00,BTCUSD,SHORT,BTCUSD_18593_BEARISH_18038_18052,65603.0,64810.0,793.0,1.2194,REGIME_B_GT_06,65008.25,65603.0,64413.5,594.75,594.75,1.0,TP_HIT,1.0,0.0,0.0,0.0,0.0,0.8376,0.0084,0.0084,0.846,15,TP_HIT,UNAMBIGUOUS
1046,2026-07-16T12:00:00+00:00,2026-07-16T14:00:00+00:00,ETHUSD,LONG,ETHUSD_18612_BULLISH_18583_18588,1876.35,1863.35,13.0,0.6946,REGIME_B_GT_06,1873.1,1863.35,1882.85,9.75,9.75,1.0,TP_HIT,1.0,0.0,0.0,0.0,0.0,0.846,0.0085,0.0085,0.8545,2,TP_HIT,UNAMBIGUOUS
1047,2026-07-16T15:00:00+00:00,2026-07-16T17:00:00+00:00,BTCUSD,SHORT,BTCUSD_18615_BEARISH_18605_18607,64981.0,64580.5,400.5,0.6192,REGIME_B_GT_06,64680.625,64981.0,64380.25,300.375,300.375,1.0,TP_HIT,1.0,0.0,0.0,0.0,0.0,0.8545,0.0085,0.0085,0.863,2,TP_HIT,UNAMBIGUOUS
1048,2026-07-18T11:00:00+00:00,2026-07-18T17:00:00+00:00,XRPUSD,SHORT,XRPUSD_18659_BEARISH_18656_18657,1.0919,1.0876,0.0043,0.395,REGIME_A_LE_06,1.0876,1.0919,1.0802,0.0043,0.0074,1.7143,SL_HIT,-1.0,0.0,0.0,-0.0,0.0,0.863,0.0086,-0.0086,0.8544,6,SL_HIT,UNAMBIGUOUS
1049,2026-07-18T17:00:00+00:00,2026-07-19T00:00:00+00:00,BTCUSD,SHORT,BTCUSD_18665_BEARISH_18615_18623,64881.5,64292.0,589.5,0.9146,REGIME_B_GT_06,64439.375,64881.5,63997.25,442.125,442.125,1.0,SL_HIT,-1.0,0.0,0.0,-0.0,0.0,0.8544,0.0085,-0.0085,0.8458,7,SL_HIT,UNAMBIGUOUS
1050,2026-07-19T03:00:00+00:00,2026-07-20T00:00:00+00:00,ETHUSD,LONG,ETHUSD_18675_BULLISH_18666_18674,1866.9,1848.95,17.95,0.9617,REGIME_B_GT_06,1862.4125,1848.95,1875.875,13.4625,13.4625,1.0,TP_HIT,1.0,0.0,0.0,0.0,0.0,0.8458,0.0085,0.0085,0.8543,21,TP_HIT,UNAMBIGUOUS
1051,2026-07-20T05:00:00+00:00,2026-07-20T09:00:00+00:00,SOLUSD,LONG,SOLUSD_18701_BULLISH_18690_18698,75.978,75.355,0.623,0.8208,REGIME_B_GT_06,75.8222,75.355,76.2895,0.4672,0.4672,1.0,TP_HIT,1.0,0.0,0.0,0.0,0.0,0.8543,0.0085,0.0085,0.8628,4,TP_HIT,UNAMBIGUOUS
1052,2026-07-20T10:00:00+00:00,2026-07-20T11:00:00+00:00,ETHUSD,SHORT,ETHUSD_18706_BEARISH_18697_18702,1889.5,1864.75,24.75,1.3249,REGIME_B_GT_06,1870.9375,1889.5,1852.375,18.5625,18.5625,1.0,SL_HIT,-1.0,0.0,0.0,-0.0,0.0,0.8628,0.0086,-0.0086,0.8542,1,SL_HIT,UNAMBIGUOUS
1053,2026-07-20T11:00:00+00:00,2026-07-20T15:00:00+00:00,XRPUSD,SHORT,XRPUSD_18707_BEARISH_18697_18701,1.1088,1.0947,0.0141,1.2749,REGIME_B_GT_06,1.0982,1.1088,1.0877,0.0106,0.0106,1.0,SL_HIT,-1.0,0.0,0.0,-0.0,0.0,0.8542,0.0085,-0.0085,0.8457,4,SL_HIT,UNAMBIGUOUS
1054,2026-07-21T17:00:00+00:00,2026-07-22T00:00:00+00:00,SOLUSD,LONG,SOLUSD_18737_BULLISH_18715_18725,77.729,77.3,0.429,0.5519,REGIME_A_LE_06,77.729,77.3,78.4644,0.429,0.7354,1.7143,TP_HIT,1.7143,0.0,0.0,0.0,0.0,0.8457,0.0085,0.0145,0.8602,7,TP_HIT,UNAMBIGUOUS
1055,2026-07-22T05:00:00+00:00,2026-07-22T14:00:00+00:00,XRPUSD,LONG,XRPUSD_18749_BULLISH_18725_18732,1.1386,1.1261,0.0125,1.1027,REGIME_B_GT_06,1.1355,1.1261,1.1448,0.0094,0.0094,1.0,TP_HIT,1.0,0.0,0.0,0.0,0.0,0.8602,0.0086,0.0086,0.8688,9,TP_HIT,UNAMBIGUOUS
1056,2026-07-24T21:00:00+00:00,2026-07-26T00:00:00+00:00,ETHUSD,LONG,ETHUSD_18813_BULLISH_18702_18707,1859.15,1842.0,17.15,0.9237,REGIME_B_GT_06,1854.8625,1842.0,1867.725,12.8625,12.8625,1.0,TP_HIT,1.0,0.0,0.0,0.0,0.0,0.8688,0.0087,0.0087,0.8774,27,TP_HIT,UNAMBIGUOUS
1057,2026-07-26T05:00:00+00:00,2026-07-26T14:00:00+00:00,BTCUSD,LONG,BTCUSD_18845_BULLISH_18837_18840,64407.0,64239.0,168.0,0.2609,REGIME_A_LE_06,64407.0,64239.0,64695.0,168.0,288.0,1.7143,TP_HIT,1.7143,0.0,0.0,0.0,0.0,0.8774,0.0088,0.015,0.8925,9,TP_HIT,UNAMBIGUOUS
1058,2026-07-27T11:00:00+00:00,2026-07-27T12:00:00+00:00,XRPUSD,LONG,XRPUSD_18875_BULLISH_18861_18862,1.1057,1.1002,0.0055,0.4976,REGIME_A_LE_06,1.1057,1.1002,1.1151,0.0055,0.0094,1.7143,SL_HIT,-1.0,0.0,0.0,-0.0,0.0,0.8925,0.0089,-0.0089,0.8836,1,SL_HIT,UNAMBIGUOUS
1059,2026-07-28T06:00:00+00:00,2026-07-28T11:00:00+00:00,XRPUSD,LONG,XRPUSD_18894_BULLISH_18549_18588,1.0626,1.0532,0.0094,0.8867,REGIME_B_GT_06,1.0602,1.0532,1.0673,0.0071,0.0071,1.0,SL_HIT,-1.0,0.0,0.0,-0.0,0.0,0.8836,0.0088,-0.0088,0.8747,5,SL_HIT,UNAMBIGUOUS
1060,2026-07-28T14:00:00+00:00,2026-07-28T15:00:00+00:00,SOLUSD,SHORT,SOLUSD_18902_BEARISH_18893_18901,73.528,73.179,0.349,0.4754,REGIME_A_LE_06,73.179,73.528,72.5807,0.349,0.5983,1.7143,SL_HIT,-1.0,0.0,0.0,-0.0,0.0,0.8747,0.0087,-0.0087,0.866,1,SL_HIT,UNAMBIGUOUS
1061,2026-07-28T22:00:00+00:00,2026-07-29T18:00:00+00:00,SOLUSD,LONG,SOLUSD_18910_BULLISH_18902_18903,73.487,72.535,0.952,1.2964,REGIME_B_GT_06,73.249,72.535,73.963,0.714,0.714,1.0,TP_HIT,1.0,0.0,0.0,0.0,0.0,0.866,0.0087,0.0087,0.8746,20,TP_HIT,UNAMBIGUOUS
1062,2026-07-30T01:00:00+00:00,2026-07-30T05:00:00+00:00,ETHUSD,SHORT,ETHUSD_18937_BEARISH_18919_18932,1925.0,1913.05,11.95,0.6236,REGIME_B_GT_06,1916.0375,1925.0,1907.075,8.9625,8.9625,1.0,TP_HIT,1.0,0.0,0.0,0.0,0.0,0.8746,0.0087,0.0087,0.8834,4,TP_HIT,UNAMBIGUOUS
1063,2026-07-30T14:00:00+00:00,2026-07-31T07:00:00+00:00,ETHUSD,LONG,ETHUSD_18950_BULLISH_18937_18947,1920.8,1896.65,24.15,1.2601,REGIME_B_GT_06,1914.7625,1896.65,1932.875,18.1125,18.1125,1.0,SL_HIT,-1.0,0.0,0.0,-0.0,0.0,0.8834,0.0088,-0.0088,0.8746,17,SL_HIT,UNAMBIGUOUS
1064,2026-07-31T20:00:00+00:00,2026-08-01T18:00:00+00:00,XRPUSD,LONG,XRPUSD_18980_BULLISH_18905_18909,1.0642,1.0555,0.0087,0.8193,REGIME_B_GT_06,1.062,1.0555,1.0685,0.0065,0.0065,1.0,SL_HIT,-1.0,0.0,0.0,-0.0,0.0,0.8746,0.0087,-0.0087,0.8658,22,SL_HIT,UNAMBIGUOUS
1065,2026-08-03T00:00:00+00:00,2026-08-03T01:00:00+00:00,XRPUSD,LONG,XRPUSD_19032_BULLISH_19017_19029,1.0843,1.0769,0.0074,0.6844,REGIME_B_GT_06,1.0825,1.0769,1.088,0.0056,0.0056,1.0,SL_HIT,-1.0,0.0,0.0,-0.0,0.0,0.8658,0.0087,-0.0087,0.8572,1,SL_HIT,UNAMBIGUOUS
1066,2026-08-03T01:00:00+00:00,2026-08-03T06:00:00+00:00,ETHUSD,LONG,ETHUSD_19033_BULLISH_19019_19029,1868.85,1848.15,20.7,1.1091,REGIME_B_GT_06,1863.675,1848.15,1879.2,15.525,15.525,1.0,SL_HIT,-1.0,0.0,0.0,-0.0,0.0,0.8572,0.0086,-0.0086,0.8486,5,SL_HIT,UNAMBIGUOUS
1067,2026-08-03T12:00:00+00:00,2026-08-03T13:00:00+00:00,BTCUSD,LONG,BTCUSD_19044_BULLISH_19002_19010,62717.5,62245.0,472.5,0.7539,REGIME_B_GT_06,62599.375,62245.0,62953.75,354.375,354.375,1.0,TP_HIT,1.0,0.0,0.0,0.0,0.0,0.8486,0.0085,0.0085,0.8571,1,TP_HIT,UNAMBIGUOUS
1068,2026-08-03T14:00:00+00:00,2026-08-04T18:00:00+00:00,SOLUSD,SHORT,SOLUSD_19046_BEARISH_19029_19038,74.348,73.676,0.672,0.9106,REGIME_B_GT_06,73.844,74.348,73.34,0.504,0.504,1.0,SL_HIT,-1.0,0.0,0.0,-0.0,0.0,0.8571,0.0086,-0.0086,0.8485,28,SL_HIT,UNAMBIGUOUS
1069,2026-08-05T00:00:00+00:00,2026-08-05T02:00:00+00:00,SOLUSD,LONG,SOLUSD_19080_BULLISH_19066_19074,73.708,73.107,0.601,0.8176,REGIME_B_GT_06,73.5577,73.107,74.0085,0.4507,0.4507,1.0,TP_HIT,1.0,0.0,0.0,0.0,0.0,0.8485,0.0085,0.0085,0.857,2,TP_HIT,UNAMBIGUOUS
1070,2026-08-05T22:00:00+00:00,2026-08-06T09:00:00+00:00,SOLUSD,LONG,SOLUSD_19102_BULLISH_19093_19097,74.118,73.256,0.862,1.1646,REGIME_B_GT_06,73.9025,73.256,74.549,0.6465,0.6465,1.0,SL_HIT,-1.0,0.0,0.0,-0.0,0.0,0.857,0.0086,-0.0086,0.8484,11,SL_HIT,UNAMBIGUOUS
1071,2026-08-06T14:00:00+00:00,2026-08-06T23:00:00+00:00,BTCUSD,SHORT,BTCUSD_19118_BEARISH_19109_19116,64978.0,64701.5,276.5,0.427,REGIME_A_LE_06,64701.5,64978.0,64227.5,276.5,474.0,1.7143,TP_HIT,1.7143,0.0,0.0,0.0,0.0,0.8484,0.0085,0.0145,0.863,9,TP_HIT,UNAMBIGUOUS
1072,2026-08-08T08:00:00+00:00,2026-08-08T11:00:00+00:00,SOLUSD,SHORT,SOLUSD_19160_BEARISH_18961_18973,75.318,74.297,1.021,1.3648,REGIME_B_GT_06,74.5523,75.318,73.7865,0.7657,0.7657,1.0,SL_HIT,-1.0,0.0,0.0,-0.0,0.0,0.863,0.0086,-0.0086,0.8543,3,SL_HIT,UNAMBIGUOUS
1073,2026-08-08T18:00:00+00:00,2026-08-09T01:00:00+00:00,BTCUSD,LONG,BTCUSD_19170_BULLISH_19155_19166,65053.5,64889.5,164.0,0.2522,REGIME_A_LE_06,65053.5,64889.5,65334.6429,164.0,281.1429,1.7143,SL_HIT,-1.0,0.0,0.0,-0.0,0.0,0.8543,0.0085,-0.0085,0.8458,7,SL_HIT,UNAMBIGUOUS
1074,2026-08-09T02:00:00+00:00,2026-08-09T06:00:00+00:00,ETHUSD,LONG,ETHUSD_19178_BULLISH_19152_19166,1914.0,1911.2,2.8,0.1463,REGIME_A_LE_06,1914.0,1911.2,1918.8,2.8,4.8,1.7143,TP_HIT,1.7143,0.0,0.0,0.0,0.0,0.8458,0.0085,0.0145,0.8603,4,TP_HIT,UNAMBIGUOUS
1075,2026-08-10T15:00:00+00:00,2026-08-10T16:00:00+00:00,SOLUSD,LONG,SOLUSD_19215_BULLISH_19177_19190,76.1105,75.756,0.3545,0.4667,REGIME_A_LE_06,76.1105,75.756,76.7182,0.3545,0.6077,1.7143,SL_HIT,-1.0,0.0,0.0,-0.0,0.0,0.8603,0.0086,-0.0086,0.8517,1,SL_HIT,UNAMBIGUOUS
1076,2026-08-11T14:00:00+00:00,2026-08-11T15:00:00+00:00,BTCUSD,LONG,BTCUSD_19238_BULLISH_19066_19074,63825.5,63434.5,391.0,0.6133,REGIME_B_GT_06,63727.75,63434.5,64021.0,293.25,293.25,1.0,SL_HIT,-1.0,0.0,0.0,-0.0,0.0,0.8517,0.0085,-0.0085,0.8432,1,SL_HIT,UNAMBIGUOUS
1077,2026-08-11T20:00:00+00:00,2026-08-11T21:00:00+00:00,SOLUSD,SHORT,SOLUSD_19244_BEARISH_19235_19238,76.369,75.937,0.432,0.5681,REGIME_A_LE_06,75.937,76.369,75.1964,0.432,0.7406,1.7143,SL_HIT,-1.0,0.0,0.0,-0.0,0.0,0.8432,0.0084,-0.0084,0.8347,1,SL_HIT,UNAMBIGUOUS
1078,2026-08-12T04:00:00+00:00,2026-08-12T09:00:00+00:00,ETHUSD,SHORT,ETHUSD_19252_BEARISH_19236_19239,1897.25,1886.45,10.8,0.5718,REGIME_A_LE_06,1886.45,1897.25,1867.9357,10.8,18.5143,1.7143,SL_HIT,-1.0,0.0,0.0,-0.0,0.0,0.8347,0.0083,-0.0083,0.8264,5,SL_HIT,UNAMBIGUOUS
1079,2026-08-12T09:00:00+00:00,2026-08-12T12:00:00+00:00,SOLUSD,SHORT,SOLUSD_19257_BEARISH_19208_19213,77.15,76.668,0.482,0.628,REGIME_B_GT_06,76.7885,77.15,76.427,0.3615,0.3615,1.0,SL_HIT,-1.0,0.0,0.0,-0.0,0.0,0.8264,0.0083,-0.0083,0.8181,3,SL_HIT,UNAMBIGUOUS
1080,2026-08-12T13:00:00+00:00,2026-08-12T14:00:00+00:00,BTCUSD,LONG,BTCUSD_19261_BULLISH_19254_19257,63818.0,63584.5,233.5,0.3659,REGIME_A_LE_06,63818.0,63584.5,64218.2857,233.5,400.2857,1.7143,SL_HIT,-1.0,0.0,0.0,-0.0,0.0,0.8181,0.0082,-0.0082,0.8099,1,SL_HIT,UNAMBIGUOUS
1081,2026-08-13T08:00:00+00:00,2026-08-13T16:00:00+00:00,SOLUSD,SHORT,SOLUSD_19280_BEARISH_19257_19262,76.909,76.128,0.781,1.0247,REGIME_B_GT_06,76.3233,76.909,75.7375,0.5858,0.5858,1.0,TP_HIT,1.0,0.0,0.0,0.0,0.0,0.8099,0.0081,0.0081,0.818,8,TP_HIT,UNAMBIGUOUS
1082,2026-08-14T23:00:00+00:00,2026-08-16T21:00:00+00:00,SOLUSD,LONG,SOLUSD_19319_BULLISH_19239_19245,75.419,74.62,0.799,1.0598,REGIME_B_GT_06,75.2193,74.62,75.8185,0.5992,0.5992,1.0,SL_HIT,-1.0,0.0,0.0,-0.0,0.0,0.818,0.0082,-0.0082,0.8099,46,SL_HIT,UNAMBIGUOUS
1083,2026-08-17T03:00:00+00:00,2026-08-17T06:00:00+00:00,SOLUSD,SHORT,SOLUSD_19371_BEARISH_19360_19364,75.7241,75.5,0.2241,0.2968,REGIME_A_LE_06,75.5,75.7241,75.1158,0.2241,0.3842,1.7143,SL_HIT,-1.0,0.0,0.0,-0.0,0.0,0.8099,0.0081,-0.0081,0.8018,3,SL_HIT,UNAMBIGUOUS
1084,2026-08-17T19:00:00+00:00,2026-08-18T11:00:00+00:00,SOLUSD,LONG,SOLUSD_19387_BULLISH_19376_19383,75.8064,75.176,0.6304,0.8317,REGIME_B_GT_06,75.6488,75.176,76.1216,0.4728,0.4728,1.0,TP_HIT,1.0,0.0,0.0,0.0,0.0,0.8018,0.008,0.008,0.8098,16,TP_HIT,UNAMBIGUOUS
1085,2026-08-19T05:00:00+00:00,2026-08-19T12:00:00+00:00,BTCUSD,LONG,BTCUSD_19421_BULLISH_19405_19406,64268.5,64008.0,260.5,0.4057,REGIME_A_LE_06,64268.5,64008.0,64715.0714,260.5,446.5714,1.7143,TP_HIT,1.7143,0.0,0.0,0.0,0.0,0.8098,0.0081,0.0139,0.8237,7,TP_HIT,UNAMBIGUOUS
