ob_id,asset,direction,decision_timestamp,window_id,test_month,realized_r,mfe_r,mae_r,holding_bars,exit_reason,prediction,ai_decision
BTCUSD_5148_BEARISH_5136_5146,BTCUSD,SHORT,2025-01-01T12:00:00+00:00,WF_2025_01,2025-01,-1.0,0.186384,1.051904,3,SL_HIT,0.187064,REJECT
ETHUSD_5148_BEARISH_5138_5146,ETHUSD,SHORT,2025-01-01T12:00:00+00:00,WF_2025_01,2025-01,-1.0,1.69883,1.160819,9,SL_HIT,0.160971,REJECT
XRPUSD_5212_BULLISH_5208_5210,XRPUSD,LONG,2025-01-04T04:00:00+00:00,WF_2025_01,2025-01,-1.0,0.229706,1.915371,11,SL_HIT,-0.46165,REJECT
SOLUSD_5219_BEARISH_5210_5216,SOLUSD,SHORT,2025-01-04T11:00:00+00:00,WF_2025_01,2025-01,1.715532,2.197208,0.685096,4,TP_HIT,0.516736,ACCEPT
BTCUSD_5233_BULLISH_5223_5228,BTCUSD,LONG,2025-01-05T01:00:00+00:00,WF_2025_01,2025-01,-1.0,1.114656,1.930739,13,SL_HIT,-0.303009,REJECT
XRPUSD_5257_BEARISH_5229_5232,XRPUSD,SHORT,2025-01-06T01:00:00+00:00,WF_2025_01,2025-01,-1.0,1.18759,1.023088,1,SL_HIT,0.315346,ACCEPT
ETHUSD_5263_BULLISH_5257_5258,ETHUSD,LONG,2025-01-06T07:00:00+00:00,WF_2025_01,2025-01,1.714306,1.716049,0.658678,7,TP_HIT,-0.245924,REJECT
BTCUSD_5264_BEARISH_4992_5000,BTCUSD,SHORT,2025-01-06T08:00:00+00:00,WF_2025_01,2025-01,-1.0,0.634429,2.655391,6,SL_HIT,0.116583,REJECT
BTCUSD_5276_BEARISH_4834_4843,BTCUSD,SHORT,2025-01-06T20:00:00+00:00,WF_2025_01,2025-01,-1.0,0.579429,1.119619,4,SL_HIT,-0.005105,REJECT
XRPUSD_5285_BEARISH_5275_5280,XRPUSD,SHORT,2025-01-07T05:00:00+00:00,WF_2025_01,2025-01,-1.0,0.0,2.021898,1,SL_HIT,-0.717572,REJECT
ETHUSD_5291_BULLISH_5269_5271,ETHUSD,LONG,2025-01-07T11:00:00+00:00,WF_2025_01,2025-01,-1.0,0.010309,5.973654,3,SL_HIT,-0.603876,REJECT
XRPUSD_5292_BULLISH_5282_5286,XRPUSD,LONG,2025-01-07T12:00:00+00:00,WF_2025_01,2025-01,-1.0,1.927536,1.707246,2,SL_HIT,-0.225593,REJECT
BTCUSD_5295_BULLISH_5246_5254,BTCUSD,LONG,2025-01-07T15:00:00+00:00,WF_2025_01,2025-01,-1.0,0.890855,1.710914,2,SL_HIT,0.168391,REJECT
BTCUSD_5326_BEARISH_5318_5321,BTCUSD,SHORT,2025-01-08T22:00:00+00:00,WF_2025_01,2025-01,1.714282,2.276825,0.346115,4,TP_HIT,-0.193414,REJECT
ETHUSD_5326_BEARISH_5319_5321,ETHUSD,SHORT,2025-01-08T22:00:00+00:00,WF_2025_01,2025-01,1.714339,1.978274,0.274984,10,TP_HIT,0.065113,REJECT
SOLUSD_5326_BEARISH_5319_5321,SOLUSD,SHORT,2025-01-08T22:00:00+00:00,WF_2025_01,2025-01,1.714184,2.95695,0.795715,9,TP_HIT,-0.256328,REJECT
XRPUSD_5335_BULLISH_5320_5326,XRPUSD,LONG,2025-01-09T07:00:00+00:00,WF_2025_01,2025-01,-1.0,0.852564,2.272436,6,SL_HIT,0.365482,ACCEPT
SOLUSD_5358_BEARISH_5344_5348,SOLUSD,SHORT,2025-01-10T06:00:00+00:00,WF_2025_01,2025-01,-1.0,0.357621,1.130967,1,SL_HIT,0.050008,REJECT
BTCUSD_5362_BEARISH_5329_5341,BTCUSD,SHORT,2025-01-10T10:00:00+00:00,WF_2025_01,2025-01,1.714282,5.199533,0.638273,3,TP_HIT,-0.613394,REJECT
BTCUSD_5400_BULLISH_5393_5397,BTCUSD,LONG,2025-01-12T00:00:00+00:00,WF_2025_01,2025-01,-1.0,0.531915,1.604255,9,SL_HIT,0.154736,REJECT
XRPUSD_5417_BEARISH_5405_5409,XRPUSD,SHORT,2025-01-12T17:00:00+00:00,WF_2025_01,2025-01,1.586521,2.089253,0.868852,4,TP_HIT,-0.178937,REJECT
BTCUSD_5422_BULLISH_5409_5414,BTCUSD,LONG,2025-01-12T22:00:00+00:00,WF_2025_01,2025-01,1.71428,3.18663,0.544104,2,TP_HIT,-0.722194,REJECT
ETHUSD_5425_BULLISH_5422_5424,ETHUSD,LONG,2025-01-13T01:00:00+00:00,WF_2025_01,2025-01,-1.0,0.437833,1.837929,4,SL_HIT,0.079903,REJECT
ETHUSD_5430_BULLISH_4859_4867,ETHUSD,LONG,2025-01-13T06:00:00+00:00,WF_2025_01,2025-01,-1.0,0.23925,1.537374,5,SL_HIT,0.54576,ACCEPT
BTCUSD_5445_BEARISH_5428_5430,BTCUSD,SHORT,2025-01-13T21:00:00+00:00,WF_2025_01,2025-01,-1.0,0.413424,1.243003,4,SL_HIT,-0.390232,REJECT
XRPUSD_5446_BEARISH_5424_5430,XRPUSD,SHORT,2025-01-13T22:00:00+00:00,WF_2025_01,2025-01,-1.0,0.026585,1.476483,11,SL_HIT,-0.534657,REJECT
BTCUSD_5455_BEARISH_5370_5435,BTCUSD,SHORT,2025-01-14T07:00:00+00:00,WF_2025_01,2025-01,-1.0,0.014934,1.039457,1,SL_HIT,0.613748,ACCEPT
ETHUSD_5457_BEARISH_5426_5429,ETHUSD,SHORT,2025-01-14T09:00:00+00:00,WF_2025_01,2025-01,1.71444,2.547724,0.0,3,TP_HIT,-0.13854,REJECT
SOLUSD_5470_BEARISH_5424_5427,SOLUSD,SHORT,2025-01-14T22:00:00+00:00,WF_2025_01,2025-01,-1.0,1.223549,2.336951,15,SL_HIT,0.106721,REJECT
XRPUSD_5471_BEARISH_4788_4820,XRPUSD,SHORT,2025-01-14T23:00:00+00:00,WF_2025_01,2025-01,-1.0,0.255902,2.799811,2,SL_HIT,0.509017,ACCEPT
SOLUSD_5547_BULLISH_5540_5546,SOLUSD,LONG,2025-01-18T03:00:00+00:00,WF_2025_01,2025-01,1.714086,2.858856,0.065551,1,TP_HIT,0.321639,ACCEPT
XRPUSD_5567_BEARISH_5543_5549,XRPUSD,SHORT,2025-01-18T23:00:00+00:00,WF_2025_01,2025-01,1.615226,1.796296,0.495885,5,TP_HIT,-0.1844,REJECT
ETHUSD_5572_BULLISH_5562_5569,ETHUSD,LONG,2025-01-19T04:00:00+00:00,WF_2025_01,2025-01,-1.0,0.953664,2.270922,4,SL_HIT,0.194367,REJECT
XRPUSD_5572_BULLISH_5560_5567,XRPUSD,LONG,2025-01-19T04:00:00+00:00,WF_2025_01,2025-01,-1.0,1.247975,1.510903,4,SL_HIT,0.390239,ACCEPT
BTCUSD_5589_BULLISH_5561_5572,BTCUSD,LONG,2025-01-19T21:00:00+00:00,WF_2025_01,2025-01,-1.0,0.751447,3.996255,1,SL_HIT,-0.122642,REJECT
BTCUSD_5592_BULLISH_5504_5521,BTCUSD,LONG,2025-01-20T00:00:00+00:00,WF_2025_01,2025-01,1.714285,3.088304,0.0,2,TP_HIT,0.839527,ACCEPT
ETHUSD_5592_BULLISH_5579_5582,ETHUSD,LONG,2025-01-20T00:00:00+00:00,WF_2025_01,2025-01,1.71427,2.248731,0.181049,2,TP_HIT,0.826675,ACCEPT
ETHUSD_5651_BEARISH_5640_5647,ETHUSD,SHORT,2025-01-22T11:00:00+00:00,WF_2025_01,2025-01,1.714176,2.034483,0.0,3,TP_HIT,0.027586,REJECT
XRPUSD_5655_BULLISH_5648_5651,XRPUSD,LONG,2025-01-22T15:00:00+00:00,WF_2025_01,2025-01,-1.0,1.123457,1.432099,3,SL_HIT,-0.560118,REJECT
SOLUSD_5658_BULLISH_5650_5653,SOLUSD,LONG,2025-01-22T18:00:00+00:00,WF_2025_01,2025-01,1.715064,5.833636,0.219359,1,TP_HIT,-0.134427,REJECT
SOLUSD_5662_BULLISH_5658_5659,SOLUSD,LONG,2025-01-22T22:00:00+00:00,WF_2025_01,2025-01,-1.0,0.379906,1.141464,3,SL_HIT,0.396596,ACCEPT
BTCUSD_5672_BULLISH_5622_5627,BTCUSD,LONG,2025-01-23T08:00:00+00:00,WF_2025_01,2025-01,1.71429,5.093813,0.876578,6,TP_HIT,-0.185147,REJECT
SOLUSD_5683_BULLISH_5677_5678,SOLUSD,LONG,2025-01-23T19:00:00+00:00,WF_2025_01,2025-01,1.713433,2.945926,0.081963,1,TP_HIT,0.235107,ACCEPT
SOLUSD_5705_BEARISH_5660_5665,SOLUSD,SHORT,2025-01-24T17:00:00+00:00,WF_2025_01,2025-01,1.714323,1.728136,0.0,4,TP_HIT,0.698277,ACCEPT
XRPUSD_5708_BULLISH_5691_5698,XRPUSD,LONG,2025-01-24T20:00:00+00:00,WF_2025_01,2025-01,-1.0,0.546261,1.741867,51,SL_HIT,0.342955,ACCEPT
SOLUSD_5716_BULLISH_5685_5693,SOLUSD,LONG,2025-01-25T04:00:00+00:00,WF_2025_01,2025-01,1.715078,1.891578,0.549336,14,TP_HIT,0.302358,ACCEPT
BTCUSD_5718_BULLISH_5691_5693,BTCUSD,LONG,2025-01-25T06:00:00+00:00,WF_2025_01,2025-01,-1.0,1.345795,1.189339,41,SL_HIT,-0.14869,REJECT
ETHUSD_5753_BEARISH_5740_5745,ETHUSD,SHORT,2025-01-26T17:00:00+00:00,WF_2025_01,2025-01,1.714504,2.590331,0.022901,4,TP_HIT,-0.100553,REJECT
SOLUSD_5796_BULLISH_5781_5788,SOLUSD,LONG,2025-01-28T12:00:00+00:00,WF_2025_01,2025-01,-1.0,0.924067,1.16964,4,SL_HIT,0.238205,ACCEPT
XRPUSD_5804_BULLISH_5793_5796,XRPUSD,LONG,2025-01-28T20:00:00+00:00,WF_2025_01,2025-01,-1.0,0.082273,2.89313,1,SL_HIT,-0.623323,REJECT
BTCUSD_5814_BEARISH_5799_5804,BTCUSD,SHORT,2025-01-29T06:00:00+00:00,WF_2025_01,2025-01,-1.0,1.408219,1.197549,13,SL_HIT,0.203651,ACCEPT
SOLUSD_5840_BEARISH_5789_5802,SOLUSD,SHORT,2025-01-30T08:00:00+00:00,WF_2025_01,2025-01,-1.0,0.477106,1.246914,7,SL_HIT,0.502544,ACCEPT
BTCUSD_5849_BULLISH_5839_5846,BTCUSD,LONG,2025-01-30T17:00:00+00:00,WF_2025_01,2025-01,-1.0,0.420091,1.103196,1,SL_HIT,-0.379423,REJECT
SOLUSD_5852_BULLISH_5839_5846,SOLUSD,LONG,2025-01-30T20:00:00+00:00,WF_2025_01,2025-01,-1.0,1.594289,1.293723,4,SL_HIT,-0.392675,REJECT
BTCUSD_5860_BULLISH_5832_5835,BTCUSD,LONG,2025-01-31T04:00:00+00:00,WF_2025_01,2025-01,1.714286,1.749415,0.0,9,TP_HIT,-0.145529,REJECT
ETHUSD_5862_BEARISH_5858_5860,ETHUSD,SHORT,2025-01-31T06:00:00+00:00,WF_2025_01,2025-01,-1.0,0.882828,3.375758,5,SL_HIT,0.113791,REJECT
ETHUSD_5867_BEARISH_5753_5758,ETHUSD,SHORT,2025-01-31T11:00:00+00:00,WF_2025_01,2025-01,-1.0,0.0,1.66443,1,SL_HIT,-0.540483,REJECT
SOLUSD_5868_BEARISH_5847_5859,SOLUSD,SHORT,2025-01-31T12:00:00+00:00,WF_2025_01,2025-01,1.712871,1.835314,0.085281,2,TP_HIT,0.113489,REJECT
SOLUSD_5874_BULLISH_5832_5835,SOLUSD,LONG,2025-01-31T18:00:00+00:00,WF_2025_01,2025-01,-1.0,1.110145,1.128319,16,SL_HIT,0.366835,ACCEPT
ETHUSD_5890_BULLISH_5860_5867,ETHUSD,LONG,2025-02-01T10:00:00+00:00,WF_2025_02,2025-02,1.714114,2.525526,0.018018,2,TP_HIT,-0.18909,REJECT
BTCUSD_5913_BULLISH_5778_5786,BTCUSD,LONG,2025-02-02T09:00:00+00:00,WF_2025_02,2025-02,-1.0,0.201241,1.367086,2,SL_HIT,0.056748,REJECT
SOLUSD_5940_BULLISH_5933_5938,SOLUSD,LONG,2025-02-03T12:00:00+00:00,WF_2025_02,2025-02,1.715089,2.503848,0.978383,3,TP_HIT,0.803894,ACCEPT
SOLUSD_5946_BEARISH_5912_5920,SOLUSD,SHORT,2025-02-03T18:00:00+00:00,WF_2025_02,2025-02,-1.0,0.586991,1.540246,3,SL_HIT,-0.287547,REJECT
ETHUSD_5981_BEARISH_5966_5973,ETHUSD,SHORT,2025-02-05T05:00:00+00:00,WF_2025_02,2025-02,-1.0,1.465676,1.071715,24,SL_HIT,0.684575,ACCEPT
BTCUSD_5993_BULLISH_5985_5989,BTCUSD,LONG,2025-02-05T17:00:00+00:00,WF_2025_02,2025-02,-1.0,0.0,2.407721,1,SL_HIT,-0.63086,REJECT
XRPUSD_5999_BULLISH_5941_5943,XRPUSD,LONG,2025-02-05T23:00:00+00:00,WF_2025_02,2025-02,1.808279,2.172113,0.0,7,TP_HIT,0.249328,ACCEPT
BTCUSD_6006_BEARISH_5990_5994,BTCUSD,SHORT,2025-02-06T06:00:00+00:00,WF_2025_02,2025-02,1.71429,1.865045,0.96185,9,TP_HIT,-0.047458,REJECT
SOLUSD_6006_BEARISH_5990_5991,SOLUSD,SHORT,2025-02-06T06:00:00+00:00,WF_2025_02,2025-02,1.715262,1.731967,0.0,5,TP_HIT,0.075615,REJECT
XRPUSD_6012_BULLISH_5998_6006,XRPUSD,LONG,2025-02-06T12:00:00+00:00,WF_2025_02,2025-02,-1.0,0.958254,2.895003,3,SL_HIT,0.136993,REJECT
ETHUSD_6014_BULLISH_5994_6005,ETHUSD,LONG,2025-02-06T14:00:00+00:00,WF_2025_02,2025-02,-1.0,0.526667,2.071667,1,SL_HIT,0.271707,ACCEPT
SOLUSD_6038_BEARISH_6006_6015,SOLUSD,SHORT,2025-02-07T14:00:00+00:00,WF_2025_02,2025-02,1.714097,3.213439,0.578393,1,TP_HIT,-0.919437,REJECT
ETHUSD_6040_BULLISH_6030_6034,ETHUSD,LONG,2025-02-07T16:00:00+00:00,WF_2025_02,2025-02,-1.0,0.0,1.179541,1,SL_HIT,-0.05473,REJECT
BTCUSD_6043_BULLISH_6030_6036,BTCUSD,LONG,2025-02-07T19:00:00+00:00,WF_2025_02,2025-02,-1.0,0.0,2.622348,1,SL_HIT,-0.279823,REJECT
BTCUSD_6083_BULLISH_6069_6073,BTCUSD,LONG,2025-02-09T11:00:00+00:00,WF_2025_02,2025-02,-1.0,0.344106,3.068441,2,SL_HIT,-0.056901,REJECT
BTCUSD_6095_BEARISH_6092_6093,BTCUSD,SHORT,2025-02-09T23:00:00+00:00,WF_2025_02,2025-02,-1.0,0.0,1.638422,1,SL_HIT,-0.109637,REJECT
SOLUSD_6095_BEARISH_6088_6093,SOLUSD,SHORT,2025-02-09T23:00:00+00:00,WF_2025_02,2025-02,-1.0,0.125628,3.01206,1,SL_HIT,0.142617,REJECT
SOLUSD_6097_BULLISH_6093_6096,SOLUSD,LONG,2025-02-10T01:00:00+00:00,WF_2025_02,2025-02,1.714809,2.252747,0.500994,12,TP_HIT,0.232039,ACCEPT
XRPUSD_6098_BULLISH_6030_6033,XRPUSD,LONG,2025-02-10T02:00:00+00:00,WF_2025_02,2025-02,1.665145,1.710807,0.0,6,TP_HIT,0.72168,ACCEPT
SOLUSD_6135_BULLISH_6098_6104,SOLUSD,LONG,2025-02-11T15:00:00+00:00,WF_2025_02,2025-02,-1.0,0.509624,1.285663,4,SL_HIT,0.023159,REJECT
XRPUSD_6137_BULLISH_6111_6124,XRPUSD,LONG,2025-02-11T17:00:00+00:00,WF_2025_02,2025-02,-1.0,0.0,1.626506,1,SL_HIT,-0.192598,REJECT
SOLUSD_6153_BEARISH_6142_6147,SOLUSD,SHORT,2025-02-12T09:00:00+00:00,WF_2025_02,2025-02,1.712644,3.165517,0.661442,4,TP_HIT,0.23383,ACCEPT
ETHUSD_6209_BEARISH_6038_6043,ETHUSD,SHORT,2025-02-14T17:00:00+00:00,WF_2025_02,2025-02,1.714428,1.760199,0.783085,2,TP_HIT,-0.490729,REJECT
ETHUSD_6234_BEARISH_6227_6230,ETHUSD,SHORT,2025-02-15T18:00:00+00:00,WF_2025_02,2025-02,-1.0,1.335484,1.758065,11,SL_HIT,0.413892,ACCEPT
SOLUSD_6237_BEARISH_6234_6236,SOLUSD,SHORT,2025-02-15T21:00:00+00:00,WF_2025_02,2025-02,-1.0,0.360981,1.328205,3,SL_HIT,0.103942,REJECT
ETHUSD_6247_BULLISH_6236_6245,ETHUSD,LONG,2025-02-16T07:00:00+00:00,WF_2025_02,2025-02,-1.0,1.505495,1.216117,7,SL_HIT,0.096209,REJECT
SOLUSD_6253_BULLISH_6182_6201,SOLUSD,LONG,2025-02-16T13:00:00+00:00,WF_2025_02,2025-02,-1.0,1.214588,1.704506,5,SL_HIT,0.038538,REJECT
BTCUSD_6285_BEARISH_6278_6279,BTCUSD,SHORT,2025-02-17T21:00:00+00:00,WF_2025_02,2025-02,1.714277,1.758974,0.0,2,TP_HIT,0.148302,REJECT
XRPUSD_6285_BEARISH_6278_6280,XRPUSD,SHORT,2025-02-17T21:00:00+00:00,WF_2025_02,2025-02,1.669073,2.102286,0.0,8,TP_HIT,0.155334,REJECT
SOLUSD_6287_BULLISH_5437_5485,SOLUSD,LONG,2025-02-17T23:00:00+00:00,WF_2025_02,2025-02,-1.0,0.598201,1.905547,6,SL_HIT,-0.053552,REJECT
BTCUSD_6288_BULLISH_6158_6160,BTCUSD,LONG,2025-02-18T00:00:00+00:00,WF_2025_02,2025-02,-1.0,1.528281,1.392641,17,SL_HIT,0.069872,REJECT
BTCUSD_6300_BEARISH_6290_6294,BTCUSD,SHORT,2025-02-18T12:00:00+00:00,WF_2025_02,2025-02,-1.0,0.0,1.477658,1,SL_HIT,-0.448565,REJECT
ETHUSD_6311_BEARISH_6302_6304,ETHUSD,SHORT,2025-02-18T23:00:00+00:00,WF_2025_02,2025-02,-1.0,0.66912,1.086127,11,SL_HIT,0.413662,ACCEPT
SOLUSD_6311_BEARISH_6300_6304,SOLUSD,SHORT,2025-02-18T23:00:00+00:00,WF_2025_02,2025-02,1.712954,2.265831,0.699989,5,TP_HIT,0.03293,REJECT
XRPUSD_6314_BEARISH_6302_6303,XRPUSD,SHORT,2025-02-19T02:00:00+00:00,WF_2025_02,2025-02,-1.0,1.329389,1.021696,9,SL_HIT,0.512082,ACCEPT
SOLUSD_6332_BULLISH_6317_6322,SOLUSD,LONG,2025-02-19T20:00:00+00:00,WF_2025_02,2025-02,1.714534,2.378498,0.0,6,TP_HIT,0.489598,ACCEPT
ETHUSD_6344_BEARISH_6285_6293,ETHUSD,SHORT,2025-02-20T08:00:00+00:00,WF_2025_02,2025-02,-1.0,1.050164,2.583424,25,SL_HIT,0.484427,ACCEPT
BTCUSD_6350_BULLISH_6342_6348,BTCUSD,LONG,2025-02-20T14:00:00+00:00,WF_2025_02,2025-02,1.714293,4.965261,0.923077,2,TP_HIT,-0.26086,REJECT
ETHUSD_6351_BULLISH_6327_6338,ETHUSD,LONG,2025-02-20T15:00:00+00:00,WF_2025_02,2025-02,1.714124,1.787194,0.0,3,TP_HIT,-0.085758,REJECT
ETHUSD_6353_BEARISH_6350_6351,ETHUSD,SHORT,2025-02-20T17:00:00+00:00,WF_2025_02,2025-02,-1.0,0.449467,2.789048,16,SL_HIT,0.585973,ACCEPT
BTCUSD_6360_BEARISH_6210_6306,BTCUSD,SHORT,2025-02-21T00:00:00+00:00,WF_2025_02,2025-02,-1.0,0.160035,1.312284,9,SL_HIT,-0.02351,REJECT
BTCUSD_6379_BULLISH_6317_6322,BTCUSD,LONG,2025-02-21T19:00:00+00:00,WF_2025_02,2025-02,-1.0,1.115059,1.597293,1,SL_HIT,0.233914,ACCEPT
XRPUSD_6407_BULLISH_6387_6401,XRPUSD,LONG,2025-02-22T23:00:00+00:00,WF_2025_02,2025-02,-1.0,0.0,2.369565,1,SL_HIT,-0.084225,REJECT
XRPUSD_6415_BEARISH_6402_6409,XRPUSD,SHORT,2025-02-23T07:00:00+00:00,WF_2025_02,2025-02,1.868148,2.762963,0.0,5,TP_HIT,-0.119043,REJECT
SOLUSD_6417_BULLISH_6387_6393,SOLUSD,LONG,2025-02-23T09:00:00+00:00,WF_2025_02,2025-02,-1.0,0.373999,1.309544,2,SL_HIT,-0.035139,REJECT
ETHUSD_6424_BEARISH_6373_6375,ETHUSD,SHORT,2025-02-23T16:00:00+00:00,WF_2025_02,2025-02,-1.0,0.847317,1.420257,7,SL_HIT,-0.260172,REJECT
XRPUSD_6429_BEARISH_6415_6423,XRPUSD,SHORT,2025-02-23T21:00:00+00:00,WF_2025_02,2025-02,-1.0,0.562963,1.3,3,SL_HIT,0.416345,ACCEPT
ETHUSD_6476_BEARISH_6458_6463,ETHUSD,SHORT,2025-02-25T20:00:00+00:00,WF_2025_02,2025-02,-1.0,0.143992,1.243628,2,SL_HIT,-0.251771,REJECT
ETHUSD_6489_BEARISH_6483_6488,ETHUSD,SHORT,2025-02-26T09:00:00+00:00,WF_2025_02,2025-02,1.713967,2.043702,0.194516,2,TP_HIT,0.20251,ACCEPT
XRPUSD_6518_BULLISH_6505_6514,XRPUSD,LONG,2025-02-27T14:00:00+00:00,WF_2025_02,2025-02,-1.0,0.833628,1.332743,6,SL_HIT,0.003904,REJECT
SOLUSD_6552_BULLISH_6543_6551,SOLUSD,LONG,2025-03-01T00:00:00+00:00,WF_2025_03,2025-03,-1.0,1.389439,1.142639,6,SL_HIT,-0.006948,REJECT
ETHUSD_6558_BULLISH_6546_6554,ETHUSD,LONG,2025-03-01T06:00:00+00:00,WF_2025_03,2025-03,-1.0,0.0,1.477499,5,SL_HIT,0.302484,ACCEPT
BTCUSD_6559_BULLISH_6548_6554,BTCUSD,LONG,2025-03-01T07:00:00+00:00,WF_2025_03,2025-03,1.714281,1.887581,0.179142,14,TP_HIT,0.017258,REJECT
XRPUSD_6562_BULLISH_6546_6553,XRPUSD,LONG,2025-03-01T10:00:00+00:00,WF_2025_03,2025-03,1.68917,1.798875,0.825598,15,TP_HIT,0.273494,ACCEPT
BTCUSD_6582_BEARISH_6514_6529,BTCUSD,SHORT,2025-03-02T06:00:00+00:00,WF_2025_03,2025-03,-1.0,1.590133,2.998735,9,SL_HIT,0.150314,REJECT
ETHUSD_6589_BULLISH_6575_6585,ETHUSD,LONG,2025-03-02T13:00:00+00:00,WF_2025_03,2025-03,-1.0,0.095571,1.88345,1,SL_HIT,-0.351863,REJECT
BTCUSD_6619_BULLISH_6590_6591,BTCUSD,LONG,2025-03-03T19:00:00+00:00,WF_2025_03,2025-03,1.714281,2.087024,0.940171,3,TP_HIT,0.037386,REJECT
ETHUSD_6662_BULLISH_6649_6657,ETHUSD,LONG,2025-03-05T14:00:00+00:00,WF_2025_03,2025-03,1.714286,1.816578,0.779541,6,TP_HIT,-0.07048,REJECT
SOLUSD_6662_BULLISH_6652_6658,SOLUSD,LONG,2025-03-05T14:00:00+00:00,WF_2025_03,2025-03,-1.0,1.793946,1.428405,1,SL_HIT,0.138802,REJECT
XRPUSD_6678_BULLISH_6672_6674,XRPUSD,LONG,2025-03-06T06:00:00+00:00,WF_2025_03,2025-03,1.723618,3.087102,0.0,2,TP_HIT,-0.136989,REJECT
BTCUSD_6689_BULLISH_6664_6673,BTCUSD,LONG,2025-03-06T17:00:00+00:00,WF_2025_03,2025-03,-1.0,1.950414,3.360172,7,SL_HIT,-0.33292,REJECT
ETHUSD_6689_BULLISH_6664_6674,ETHUSD,LONG,2025-03-06T17:00:00+00:00,WF_2025_03,2025-03,-1.0,1.448943,3.139451,7,SL_HIT,0.118382,REJECT
ETHUSD_6706_BEARISH_6694_6696,ETHUSD,SHORT,2025-03-07T10:00:00+00:00,WF_2025_03,2025-03,-1.0,1.48089,2.141751,4,SL_HIT,0.064763,REJECT
XRPUSD_6708_BULLISH_6698_6705,XRPUSD,LONG,2025-03-07T12:00:00+00:00,WF_2025_03,2025-03,-1.0,0.986028,2.469062,4,SL_HIT,0.387692,ACCEPT
XRPUSD_6732_BEARISH_6724_6731,XRPUSD,SHORT,2025-03-08T12:00:00+00:00,WF_2025_03,2025-03,1.563166,3.085236,0.710807,22,TP_HIT,0.86643,ACCEPT
ETHUSD_6733_BEARISH_6711_6717,ETHUSD,SHORT,2025-03-08T13:00:00+00:00,WF_2025_03,2025-03,1.714205,2.108093,0.900396,24,TP_HIT,0.402026,ACCEPT
SOLUSD_6754_BULLISH_6637_6641,SOLUSD,LONG,2025-03-09T10:00:00+00:00,WF_2025_03,2025-03,-1.0,0.488163,1.140787,4,SL_HIT,0.429705,ACCEPT
SOLUSD_6760_BULLISH_6532_6542,SOLUSD,LONG,2025-03-09T16:00:00+00:00,WF_2025_03,2025-03,-1.0,0.837788,1.036748,7,SL_HIT,0.669965,ACCEPT
XRPUSD_6781_BULLISH_6768_6779,XRPUSD,LONG,2025-03-10T13:00:00+00:00,WF_2025_03,2025-03,-1.0,0.0,1.301515,1,SL_HIT,0.912084,ACCEPT
XRPUSD_6786_BULLISH_6536_6591,XRPUSD,LONG,2025-03-10T18:00:00+00:00,WF_2025_03,2025-03,1.642045,1.732955,0.238636,1,TP_HIT,0.719619,ACCEPT
SOLUSD_6810_BEARISH_6777_6782,SOLUSD,SHORT,2025-03-11T18:00:00+00:00,WF_2025_03,2025-03,-1.0,1.654999,1.134053,68,SL_HIT,0.706686,ACCEPT
BTCUSD_6815_BEARISH_6779_6782,BTCUSD,SHORT,2025-03-11T23:00:00+00:00,WF_2025_03,2025-03,-1.0,0.927423,1.554048,13,SL_HIT,0.05014,REJECT
XRPUSD_6818_BULLISH_6816_6817,XRPUSD,LONG,2025-03-12T02:00:00+00:00,WF_2025_03,2025-03,-1.0,0.742222,1.600889,2,SL_HIT,0.233273,ACCEPT
BTCUSD_6830_BULLISH_6822_6828,BTCUSD,LONG,2025-03-12T14:00:00+00:00,WF_2025_03,2025-03,-1.0,0.371401,2.278135,1,SL_HIT,-0.481447,REJECT
SOLUSD_6853_BULLISH_6845_6849,SOLUSD,LONG,2025-03-13T13:00:00+00:00,WF_2025_03,2025-03,-1.0,1.517134,1.518024,3,SL_HIT,-0.113228,REJECT
XRPUSD_6857_BULLISH_6848_6849,XRPUSD,LONG,2025-03-13T17:00:00+00:00,WF_2025_03,2025-03,1.91104,2.734191,0.802787,9,TP_HIT,-0.768009,REJECT
ETHUSD_6866_BEARISH_6852_6857,ETHUSD,SHORT,2025-03-14T02:00:00+00:00,WF_2025_03,2025-03,-1.0,0.94522,1.113695,12,SL_HIT,0.144158,REJECT
ETHUSD_6914_BULLISH_6896_6903,ETHUSD,LONG,2025-03-16T02:00:00+00:00,WF_2025_03,2025-03,-1.0,1.19598,1.708543,7,SL_HIT,-0.238913,REJECT
BTCUSD_6917_BEARISH_6909_6913,BTCUSD,SHORT,2025-03-16T05:00:00+00:00,WF_2025_03,2025-03,1.714286,1.91258,0.712154,4,TP_HIT,-0.587906,REJECT
XRPUSD_6921_BULLISH_6885_6889,XRPUSD,LONG,2025-03-16T09:00:00+00:00,WF_2025_03,2025-03,-1.0,0.653092,3.660633,2,SL_HIT,-0.234068,REJECT
BTCUSD_6939_BEARISH_6929_6934,BTCUSD,SHORT,2025-03-17T03:00:00+00:00,WF_2025_03,2025-03,1.714292,1.985059,0.50747,3,TP_HIT,-0.05984,REJECT
SOLUSD_6939_BEARISH_6928_6931,SOLUSD,SHORT,2025-03-17T03:00:00+00:00,WF_2025_03,2025-03,1.716418,1.836816,0.442786,12,TP_HIT,0.258576,ACCEPT
XRPUSD_6960_BULLISH_6950_6954,XRPUSD,LONG,2025-03-18T00:00:00+00:00,WF_2025_03,2025-03,-1.0,0.059233,2.240418,1,SL_HIT,-0.178412,REJECT
BTCUSD_6961_BULLISH_6950_6953,BTCUSD,LONG,2025-03-18T01:00:00+00:00,WF_2025_03,2025-03,-1.0,0.574153,1.249294,5,SL_HIT,-0.039244,REJECT
ETHUSD_6961_BULLISH_6950_6954,ETHUSD,LONG,2025-03-18T01:00:00+00:00,WF_2025_03,2025-03,-1.0,0.625498,1.108898,9,SL_HIT,0.011764,REJECT
XRPUSD_6971_BULLISH_6857_6879,XRPUSD,LONG,2025-03-18T11:00:00+00:00,WF_2025_03,2025-03,1.65063,1.806415,0.844215,23,TP_HIT,0.354368,ACCEPT
XRPUSD_6983_BEARISH_6968_6973,XRPUSD,SHORT,2025-03-18T23:00:00+00:00,WF_2025_03,2025-03,-1.0,0.624595,1.226537,1,SL_HIT,0.122839,REJECT
BTCUSD_6987_BEARISH_6968_6973,BTCUSD,SHORT,2025-03-19T03:00:00+00:00,WF_2025_03,2025-03,-1.0,0.591449,1.124703,5,SL_HIT,0.031894,REJECT
XRPUSD_7016_BEARISH_7006_7013,XRPUSD,SHORT,2025-03-20T08:00:00+00:00,WF_2025_03,2025-03,1.768044,1.849587,0.0,7,TP_HIT,0.407912,ACCEPT
ETHUSD_7059_BEARISH_7033_7044,ETHUSD,SHORT,2025-03-22T03:00:00+00:00,WF_2025_03,2025-03,-1.0,0.67619,2.077551,6,SL_HIT,0.040025,REJECT
SOLUSD_7070_BULLISH_7054_7065,SOLUSD,LONG,2025-03-22T14:00:00+00:00,WF_2025_03,2025-03,1.712121,1.992424,0.577273,17,TP_HIT,0.106066,REJECT
ETHUSD_7081_BEARISH_7076_7079,ETHUSD,SHORT,2025-03-23T01:00:00+00:00,WF_2025_03,2025-03,-1.0,0.0,1.379913,2,SL_HIT,-0.219115,REJECT
BTCUSD_7082_BEARISH_7065_7076,BTCUSD,SHORT,2025-03-23T02:00:00+00:00,WF_2025_03,2025-03,-1.0,0.450746,2.489552,9,SL_HIT,0.241214,ACCEPT
SOLUSD_7082_BEARISH_7075_7077,SOLUSD,SHORT,2025-03-23T02:00:00+00:00,WF_2025_03,2025-03,-1.0,0.049231,1.916923,1,SL_HIT,-0.432756,REJECT
XRPUSD_7082_BEARISH_7074_7078,XRPUSD,SHORT,2025-03-23T02:00:00+00:00,WF_2025_03,2025-03,-1.0,0.833333,1.142857,4,SL_HIT,-0.104415,REJECT
ETHUSD_7105_BULLISH_7079_7083,ETHUSD,LONG,2025-03-24T01:00:00+00:00,WF_2025_03,2025-03,1.713889,2.939815,0.657407,2,TP_HIT,-0.693062,REJECT
ETHUSD_7217_BULLISH_6931_6994,ETHUSD,LONG,2025-03-28T17:00:00+00:00,WF_2025_03,2025-03,-1.0,0.962466,1.035746,16,SL_HIT,-0.326926,REJECT
BTCUSD_7221_BULLISH_7045_7114,BTCUSD,LONG,2025-03-28T21:00:00+00:00,WF_2025_03,2025-03,-1.0,1.091168,1.507123,13,SL_HIT,-0.216539,REJECT
XRPUSD_7238_BULLISH_6806_6810,XRPUSD,LONG,2025-03-29T14:00:00+00:00,WF_2025_03,2025-03,1.804535,1.839002,0.722449,13,TP_HIT,0.242063,ACCEPT
SOLUSD_7250_BEARISH_7238_7244,SOLUSD,SHORT,2025-03-30T02:00:00+00:00,WF_2025_03,2025-03,1.713471,3.484848,0.705971,11,TP_HIT,-0.022534,REJECT
BTCUSD_7279_BULLISH_6974_6993,BTCUSD,LONG,2025-03-31T07:00:00+00:00,WF_2025_03,2025-03,1.714294,2.279433,0.777913,5,TP_HIT,-0.220432,REJECT
ETHUSD_7286_BEARISH_7256_7261,ETHUSD,SHORT,2025-03-31T14:00:00+00:00,WF_2025_03,2025-03,-1.0,0.269841,1.606061,1,SL_HIT,-0.126353,REJECT
ETHUSD_7320_BULLISH_7304_7311,ETHUSD,LONG,2025-04-02T00:00:00+00:00,WF_2025_04,2025-04,-1.0,0.487923,1.091348,6,SL_HIT,0.084056,REJECT
BTCUSD_7329_BEARISH_7319_7323,BTCUSD,SHORT,2025-04-02T09:00:00+00:00,WF_2025_04,2025-04,-1.0,1.483705,2.33562,4,SL_HIT,0.012728,REJECT
SOLUSD_7332_BEARISH_7319_7322,SOLUSD,SHORT,2025-04-02T12:00:00+00:00,WF_2025_04,2025-04,-1.0,1.418628,1.429258,1,SL_HIT,-0.078527,REJECT
XRPUSD_7341_BULLISH_7327_7335,XRPUSD,LONG,2025-04-02T21:00:00+00:00,WF_2025_04,2025-04,-1.0,0.069597,3.417582,1,SL_HIT,0.225188,ACCEPT
SOLUSD_7342_BULLISH_6793_6796,SOLUSD,LONG,2025-04-02T22:00:00+00:00,WF_2025_04,2025-04,-1.0,0.760316,1.326694,14,SL_HIT,1.445943,ACCEPT
BTCUSD_7343_BULLISH_7294_7304,BTCUSD,LONG,2025-04-02T23:00:00+00:00,WF_2025_04,2025-04,-1.0,2.604724,1.264567,1,SL_HIT,0.074411,REJECT
SOLUSD_7361_BULLISH_1571_1574,SOLUSD,LONG,2025-04-03T17:00:00+00:00,WF_2025_04,2025-04,1.714381,1.726365,0.405526,23,TP_HIT,0.288848,ACCEPT
XRPUSD_7365_BEARISH_7349_7356,XRPUSD,SHORT,2025-04-03T21:00:00+00:00,WF_2025_04,2025-04,-1.0,1.416,1.698667,10,SL_HIT,-0.055861,REJECT
XRPUSD_7374_BULLISH_7364_7373,XRPUSD,LONG,2025-04-04T06:00:00+00:00,WF_2025_04,2025-04,1.710303,1.894545,0.054545,1,TP_HIT,0.019123,REJECT
ETHUSD_7376_BEARISH_7348_7356,ETHUSD,SHORT,2025-04-04T08:00:00+00:00,WF_2025_04,2025-04,1.71441,2.787482,0.280932,2,TP_HIT,0.013046,REJECT
SOLUSD_7378_BULLISH_7369_7375,SOLUSD,LONG,2025-04-04T10:00:00+00:00,WF_2025_04,2025-04,-1.0,0.0,2.090859,1,SL_HIT,-0.381468,REJECT
BTCUSD_7385_BEARISH_7377_7378,BTCUSD,SHORT,2025-04-04T17:00:00+00:00,WF_2025_04,2025-04,1.714295,1.773062,0.712507,3,TP_HIT,-0.449124,REJECT
XRPUSD_7407_BULLISH_7395_7402,XRPUSD,LONG,2025-04-05T15:00:00+00:00,WF_2025_04,2025-04,1.8125,2.614583,0.770833,8,TP_HIT,-0.356998,REJECT
SOLUSD_7429_BULLISH_7379_7384,SOLUSD,LONG,2025-04-06T13:00:00+00:00,WF_2025_04,2025-04,-1.0,0.55754,2.660518,4,SL_HIT,0.039539,REJECT
XRPUSD_7480_BULLISH_7471_7475,XRPUSD,LONG,2025-04-08T16:00:00+00:00,WF_2025_04,2025-04,-1.0,0.255605,3.475336,1,SL_HIT,0.282563,ACCEPT
SOLUSD_7492_BEARISH_7488_7491,SOLUSD,SHORT,2025-04-09T04:00:00+00:00,WF_2025_04,2025-04,-1.0,0.0,1.112484,2,SL_HIT,0.307059,ACCEPT
SOLUSD_7499_BULLISH_7489_7495,SOLUSD,LONG,2025-04-09T11:00:00+00:00,WF_2025_04,2025-04,1.712644,5.531231,0.645728,6,TP_HIT,0.228339,ACCEPT
XRPUSD_7537_BEARISH_7524_7527,XRPUSD,SHORT,2025-04-11T01:00:00+00:00,WF_2025_04,2025-04,-1.0,0.473563,1.42069,17,SL_HIT,0.374204,ACCEPT
XRPUSD_7562_BULLISH_7550_7553,XRPUSD,LONG,2025-04-12T02:00:00+00:00,WF_2025_04,2025-04,1.602299,1.97931,0.144828,4,TP_HIT,-0.104323,REJECT
XRPUSD_7597_BULLISH_7589_7592,XRPUSD,LONG,2025-04-13T13:00:00+00:00,WF_2025_04,2025-04,1.456522,2.521739,0.724638,3,TP_HIT,-0.259971,REJECT
SOLUSD_7600_BEARISH_7593_7597,SOLUSD,SHORT,2025-04-13T16:00:00+00:00,WF_2025_04,2025-04,-1.0,0.328344,1.631612,1,SL_HIT,0.524381,ACCEPT
SOLUSD_7603_BULLISH_7597_7601,SOLUSD,LONG,2025-04-13T19:00:00+00:00,WF_2025_04,2025-04,-1.0,0.205909,1.307909,1,SL_HIT,-0.390947,REJECT
SOLUSD_7608_BEARISH_7601_7604,SOLUSD,SHORT,2025-04-14T00:00:00+00:00,WF_2025_04,2025-04,-1.0,0.17388,2.512896,2,SL_HIT,0.267585,ACCEPT
ETHUSD_7623_BULLISH_7615_7618,ETHUSD,LONG,2025-04-14T15:00:00+00:00,WF_2025_04,2025-04,-1.0,1.167012,1.361629,6,SL_HIT,0.097417,REJECT
BTCUSD_7624_BEARISH_7621_7623,BTCUSD,SHORT,2025-04-14T16:00:00+00:00,WF_2025_04,2025-04,-1.0,0.170559,1.039874,10,SL_HIT,0.357901,ACCEPT
SOLUSD_7637_BEARISH_7622_7623,SOLUSD,SHORT,2025-04-15T05:00:00+00:00,WF_2025_04,2025-04,1.715403,1.734315,0.887616,13,TP_HIT,0.353627,ACCEPT
BTCUSD_7647_BULLISH_7632_7634,BTCUSD,LONG,2025-04-15T15:00:00+00:00,WF_2025_04,2025-04,-1.0,0.756683,1.459356,3,SL_HIT,-0.155509,REJECT
XRPUSD_7647_BULLISH_7633_7641,XRPUSD,LONG,2025-04-15T15:00:00+00:00,WF_2025_04,2025-04,-1.0,0.353846,1.2,2,SL_HIT,-0.30226,REJECT
SOLUSD_7649_BULLISH_7632_7641,SOLUSD,LONG,2025-04-15T17:00:00+00:00,WF_2025_04,2025-04,-1.0,0.0,1.337495,1,SL_HIT,-0.55343,REJECT
ETHUSD_7675_BEARISH_7671_7673,ETHUSD,SHORT,2025-04-16T19:00:00+00:00,WF_2025_04,2025-04,-1.0,1.309797,1.07006,21,SL_HIT,0.483847,ACCEPT
ETHUSD_7688_BULLISH_7677_7685,ETHUSD,LONG,2025-04-17T08:00:00+00:00,WF_2025_04,2025-04,-1.0,0.584577,1.425373,6,SL_HIT,0.290698,ACCEPT
SOLUSD_7694_BULLISH_7683_7686,SOLUSD,LONG,2025-04-17T14:00:00+00:00,WF_2025_04,2025-04,1.711564,2.348398,0.0,2,TP_HIT,0.227955,ACCEPT
BTCUSD_7719_BULLISH_7694_7697,BTCUSD,LONG,2025-04-18T15:00:00+00:00,WF_2025_04,2025-04,1.714283,1.812785,0.0,13,TP_HIT,-0.129085,REJECT
BTCUSD_7722_BEARISH_7712_7719,BTCUSD,SHORT,2025-04-18T18:00:00+00:00,WF_2025_04,2025-04,-1.0,1.547278,1.269341,8,SL_HIT,0.069055,REJECT
ETHUSD_7727_BULLISH_7719_7725,ETHUSD,LONG,2025-04-18T23:00:00+00:00,WF_2025_04,2025-04,1.714286,3.160714,0.255952,5,TP_HIT,-0.061366,REJECT
SOLUSD_7729_BEARISH_7712_7719,SOLUSD,SHORT,2025-04-19T01:00:00+00:00,WF_2025_04,2025-04,-1.0,0.0,4.361298,1,SL_HIT,-0.250122,REJECT
ETHUSD_7760_BULLISH_7728_7732,ETHUSD,LONG,2025-04-20T08:00:00+00:00,WF_2025_04,2025-04,-1.0,0.518182,3.954545,2,SL_HIT,-0.287242,REJECT
SOLUSD_7760_BULLISH_7745_7753,SOLUSD,LONG,2025-04-20T08:00:00+00:00,WF_2025_04,2025-04,-1.0,0.376906,2.318809,3,SL_HIT,-0.161061,REJECT
ETHUSD_7786_BEARISH_7645_7652,ETHUSD,SHORT,2025-04-21T10:00:00+00:00,WF_2025_04,2025-04,1.714227,1.943829,0.376794,7,TP_HIT,-0.118698,REJECT
XRPUSD_7802_BULLISH_7800_7801,XRPUSD,LONG,2025-04-22T02:00:00+00:00,WF_2025_04,2025-04,1.595918,2.804082,0.744218,11,TP_HIT,0.152404,REJECT
BTCUSD_7835_BULLISH_7825_7831,BTCUSD,LONG,2025-04-23T11:00:00+00:00,WF_2025_04,2025-04,1.714286,2.147253,0.574359,2,TP_HIT,-0.288042,REJECT
XRPUSD_7855_BULLISH_7816_7821,XRPUSD,LONG,2025-04-24T07:00:00+00:00,WF_2025_04,2025-04,-1.0,0.080569,2.402844,1,SL_HIT,-0.460827,REJECT
SOLUSD_7882_BULLISH_7874_7879,SOLUSD,LONG,2025-04-25T10:00:00+00:00,WF_2025_04,2025-04,1.716143,2.353275,0.0,2,TP_HIT,0.158727,REJECT
ETHUSD_7885_BULLISH_7874_7881,ETHUSD,LONG,2025-04-25T13:00:00+00:00,WF_2025_04,2025-04,1.71436,2.13323,0.0,1,TP_HIT,0.013304,REJECT
ETHUSD_7911_BEARISH_7905_7907,ETHUSD,SHORT,2025-04-26T15:00:00+00:00,WF_2025_04,2025-04,-1.0,0.151648,1.196337,5,SL_HIT,0.133449,REJECT
BTCUSD_7921_BULLISH_7912_7918,BTCUSD,LONG,2025-04-27T01:00:00+00:00,WF_2025_04,2025-04,-1.0,0.287692,1.143077,3,SL_HIT,-0.821937,REJECT
ETHUSD_7921_BULLISH_7907_7920,ETHUSD,LONG,2025-04-27T01:00:00+00:00,WF_2025_04,2025-04,-1.0,0.886473,1.507246,23,SL_HIT,0.06383,REJECT
SOLUSD_7921_BULLISH_7856_7866,SOLUSD,LONG,2025-04-27T01:00:00+00:00,WF_2025_04,2025-04,-1.0,1.668733,1.326248,24,SL_HIT,-0.212261,REJECT
SOLUSD_7933_BEARISH_7920_7921,SOLUSD,SHORT,2025-04-27T13:00:00+00:00,WF_2025_04,2025-04,1.713635,2.464174,0.865804,11,TP_HIT,0.219039,ACCEPT
BTCUSD_7942_BULLISH_7933_7939,BTCUSD,LONG,2025-04-27T22:00:00+00:00,WF_2025_04,2025-04,-1.0,0.0,1.660164,2,SL_HIT,-0.513413,REJECT
XRPUSD_7945_BULLISH_7934_7939,XRPUSD,LONG,2025-04-28T01:00:00+00:00,WF_2025_04,2025-04,1.927318,2.338346,0.172932,3,TP_HIT,-0.031332,REJECT
BTCUSD_7949_BEARISH_7941_7944,BTCUSD,SHORT,2025-04-28T05:00:00+00:00,WF_2025_04,2025-04,-1.0,0.0,1.28805,1,SL_HIT,-0.192457,REJECT
SOLUSD_7949_BEARISH_7938_7945,SOLUSD,SHORT,2025-04-28T05:00:00+00:00,WF_2025_04,2025-04,-1.0,0.0,2.140873,1,SL_HIT,-0.517119,REJECT
BTCUSD_7950_BEARISH_7920_7924,BTCUSD,SHORT,2025-04-28T06:00:00+00:00,WF_2025_04,2025-04,-1.0,0.600239,1.565632,4,SL_HIT,0.063853,REJECT
ETHUSD_7950_BEARISH_7938_7944,ETHUSD,SHORT,2025-04-28T06:00:00+00:00,WF_2025_04,2025-04,-1.0,0.0,1.423188,1,SL_HIT,-0.534038,REJECT
SOLUSD_7951_BEARISH_7897_7905,SOLUSD,SHORT,2025-04-28T07:00:00+00:00,WF_2025_04,2025-04,-1.0,1.560835,1.128913,3,SL_HIT,0.061235,REJECT
SOLUSD_7958_BULLISH_7945_7950,SOLUSD,LONG,2025-04-28T14:00:00+00:00,WF_2025_04,2025-04,1.713139,1.78165,0.644029,28,TP_HIT,0.387252,ACCEPT
ETHUSD_7959_BULLISH_7945_7952,ETHUSD,LONG,2025-04-28T15:00:00+00:00,WF_2025_04,2025-04,-1.0,0.0,1.379526,1,SL_HIT,-0.359068,REJECT
SOLUSD_7974_BEARISH_7969_7972,SOLUSD,SHORT,2025-04-29T06:00:00+00:00,WF_2025_04,2025-04,-1.0,0.0,1.212088,2,SL_HIT,0.31739,ACCEPT
SOLUSD_7990_BULLISH_7973_7976,SOLUSD,LONG,2025-04-29T22:00:00+00:00,WF_2025_04,2025-04,-1.0,0.165625,1.60625,1,SL_HIT,-0.403462,REJECT
BTCUSD_7995_BEARISH_7984_7990,BTCUSD,SHORT,2025-04-30T03:00:00+00:00,WF_2025_04,2025-04,1.714294,3.883606,0.531451,10,TP_HIT,-0.164533,REJECT
XRPUSD_7995_BULLISH_7945_7951,XRPUSD,LONG,2025-04-30T03:00:00+00:00,WF_2025_04,2025-04,-1.0,0.222989,1.343295,4,SL_HIT,-0.331947,REJECT
ETHUSD_8005_BULLISH_7856_7920,ETHUSD,LONG,2025-04-30T13:00:00+00:00,WF_2025_04,2025-04,1.71436,2.044386,0.690165,7,TP_HIT,-0.365471,REJECT
SOLUSD_8012_BEARISH_7995_8004,SOLUSD,SHORT,2025-04-30T20:00:00+00:00,WF_2025_04,2025-04,-1.0,0.290513,1.198046,5,SL_HIT,-0.100446,REJECT
SOLUSD_8022_BEARISH_7986_7990,SOLUSD,SHORT,2025-05-01T06:00:00+00:00,WF_2025_05,2025-05,-1.0,0.336702,1.421762,2,SL_HIT,0.244616,ACCEPT
XRPUSD_8022_BULLISH_8016_8021,XRPUSD,LONG,2025-05-01T06:00:00+00:00,WF_2025_05,2025-05,1.442105,1.494737,0.442105,2,TP_HIT,0.182854,REJECT
ETHUSD_8024_BEARISH_7984_7989,ETHUSD,SHORT,2025-05-01T08:00:00+00:00,WF_2025_05,2025-05,-1.0,0.232376,2.326371,2,SL_HIT,-0.05548,REJECT
SOLUSD_8051_BEARISH_8041_8045,SOLUSD,SHORT,2025-05-02T11:00:00+00:00,WF_2025_05,2025-05,-1.0,0.98896,1.196178,3,SL_HIT,-0.134093,REJECT
ETHUSD_8052_BEARISH_8041_8045,ETHUSD,SHORT,2025-05-02T12:00:00+00:00,WF_2025_05,2025-05,-1.0,1.366271,1.052701,2,SL_HIT,0.026454,REJECT
XRPUSD_8058_BULLISH_8047_8054,XRPUSD,LONG,2025-05-02T18:00:00+00:00,WF_2025_05,2025-05,-1.0,0.741248,1.52968,16,SL_HIT,-0.040782,REJECT
BTCUSD_8061_BULLISH_8047_8054,BTCUSD,LONG,2025-05-02T21:00:00+00:00,WF_2025_05,2025-05,-1.0,0.501316,1.089474,6,SL_HIT,-0.089507,REJECT
ETHUSD_8071_BULLISH_8048_8056,ETHUSD,LONG,2025-05-03T07:00:00+00:00,WF_2025_05,2025-05,-1.0,1.580645,1.37276,10,SL_HIT,0.023867,REJECT
SOLUSD_8076_BEARISH_8067_8073,SOLUSD,SHORT,2025-05-03T12:00:00+00:00,WF_2025_05,2025-05,1.71581,3.1914,0.932363,5,TP_HIT,0.470185,ACCEPT
XRPUSD_8077_BEARISH_8066_8074,XRPUSD,SHORT,2025-05-03T13:00:00+00:00,WF_2025_05,2025-05,1.942272,2.329609,0.642458,4,TP_HIT,0.432601,ACCEPT
XRPUSD_8103_BEARISH_8093_8097,XRPUSD,SHORT,2025-05-04T15:00:00+00:00,WF_2025_05,2025-05,1.586345,1.634538,0.0,1,TP_HIT,0.175229,REJECT
SOLUSD_8105_BEARISH_8085_8091,SOLUSD,SHORT,2025-05-04T17:00:00+00:00,WF_2025_05,2025-05,1.713633,2.795695,0.830398,5,TP_HIT,-0.060963,REJECT
SOLUSD_8118_BEARISH_8106_8111,SOLUSD,SHORT,2025-05-05T06:00:00+00:00,WF_2025_05,2025-05,1.717021,3.315762,0.412536,4,TP_HIT,-0.084847,REJECT
ETHUSD_8120_BEARISH_8108_8110,ETHUSD,SHORT,2025-05-05T08:00:00+00:00,WF_2025_05,2025-05,1.714219,3.153846,0.0,2,TP_HIT,0.158988,REJECT
SOLUSD_8151_BULLISH_8006_8017,SOLUSD,LONG,2025-05-06T15:00:00+00:00,WF_2025_05,2025-05,1.712481,1.97603,0.094108,7,TP_HIT,-0.017037,REJECT
XRPUSD_8154_BEARISH_8130_8143,XRPUSD,SHORT,2025-05-06T18:00:00+00:00,WF_2025_05,2025-05,1.506173,2.104938,0.104938,3,TP_HIT,0.153189,REJECT
BTCUSD_8181_BEARISH_8174_8179,BTCUSD,SHORT,2025-05-07T21:00:00+00:00,WF_2025_05,2025-05,-1.0,0.17284,1.637227,3,SL_HIT,-0.455062,REJECT
BTCUSD_8184_BEARISH_8055_8067,BTCUSD,SHORT,2025-05-08T00:00:00+00:00,WF_2025_05,2025-05,-1.0,0.0,1.800474,1,SL_HIT,-1.042736,REJECT
BTCUSD_8187_BEARISH_6373_6377,BTCUSD,SHORT,2025-05-08T03:00:00+00:00,WF_2025_05,2025-05,-1.0,0.449573,1.664225,5,SL_HIT,-0.20449,REJECT
BTCUSD_8189_BEARISH_6038_6044,BTCUSD,SHORT,2025-05-08T05:00:00+00:00,WF_2025_05,2025-05,-1.0,0.287216,2.257375,10,SL_HIT,-0.061465,REJECT
XRPUSD_8235_BULLISH_8225_8234,XRPUSD,LONG,2025-05-10T03:00:00+00:00,WF_2025_05,2025-05,1.642032,2.510393,0.165512,7,TP_HIT,0.079241,REJECT
SOLUSD_8245_BEARISH_8240_8243,SOLUSD,SHORT,2025-05-10T13:00:00+00:00,WF_2025_05,2025-05,-1.0,0.86596,1.245102,4,SL_HIT,-0.012961,REJECT
SOLUSD_8253_BEARISH_6600_6606,SOLUSD,SHORT,2025-05-10T21:00:00+00:00,WF_2025_05,2025-05,-1.0,0.634882,1.078863,3,SL_HIT,0.235806,ACCEPT
XRPUSD_8257_BULLISH_8243_8253,XRPUSD,LONG,2025-05-11T01:00:00+00:00,WF_2025_05,2025-05,-1.0,0.755672,1.991274,6,SL_HIT,0.113522,REJECT
SOLUSD_8272_BULLISH_8243_8253,SOLUSD,LONG,2025-05-11T16:00:00+00:00,WF_2025_05,2025-05,1.715571,2.078961,0.021905,2,TP_HIT,0.052245,REJECT
ETHUSD_8294_BULLISH_8286_8287,ETHUSD,LONG,2025-05-12T14:00:00+00:00,WF_2025_05,2025-05,-1.0,0.087236,1.247934,1,SL_HIT,-0.268301,REJECT
SOLUSD_8303_BEARISH_8295_8297,SOLUSD,SHORT,2025-05-12T23:00:00+00:00,WF_2025_05,2025-05,1.714677,2.23605,0.0,2,TP_HIT,0.194679,REJECT
SOLUSD_8313_BEARISH_8303_8307,SOLUSD,SHORT,2025-05-13T09:00:00+00:00,WF_2025_05,2025-05,-1.0,1.029437,1.434055,2,SL_HIT,0.247554,ACCEPT
XRPUSD_8332_BEARISH_8327_8330,XRPUSD,SHORT,2025-05-14T04:00:00+00:00,WF_2025_05,2025-05,-1.0,0.427822,2.165354,3,SL_HIT,0.139177,REJECT
XRPUSD_8336_BULLISH_8330_8335,XRPUSD,LONG,2025-05-14T08:00:00+00:00,WF_2025_05,2025-05,1.779741,4.248528,0.048292,1,TP_HIT,0.156027,REJECT
XRPUSD_8354_BULLISH_8318_8322,XRPUSD,LONG,2025-05-15T02:00:00+00:00,WF_2025_05,2025-05,-1.0,0.539027,1.433425,3,SL_HIT,-0.053927,REJECT
ETHUSD_8367_BEARISH_8364_8366,ETHUSD,SHORT,2025-05-15T15:00:00+00:00,WF_2025_05,2025-05,-1.0,0.0,1.722979,1,SL_HIT,-0.237975,REJECT
ETHUSD_8385_BEARISH_8352_8359,ETHUSD,SHORT,2025-05-16T09:00:00+00:00,WF_2025_05,2025-05,-1.0,0.365079,1.075188,2,SL_HIT,0.314692,ACCEPT
SOLUSD_8390_BULLISH_8384_8389,SOLUSD,LONG,2025-05-16T14:00:00+00:00,WF_2025_05,2025-05,-1.0,0.707403,1.246464,6,SL_HIT,0.148636,REJECT
BTCUSD_8409_BULLISH_8371_8378,BTCUSD,LONG,2025-05-17T09:00:00+00:00,WF_2025_05,2025-05,1.714295,1.8337,0.823199,22,TP_HIT,-0.480783,REJECT
BTCUSD_8432_BEARISH_8392_8401,BTCUSD,SHORT,2025-05-18T08:00:00+00:00,WF_2025_05,2025-05,-1.0,0.565965,1.463453,5,SL_HIT,-0.102545,REJECT
SOLUSD_8450_BULLISH_8422_8428,SOLUSD,LONG,2025-05-19T02:00:00+00:00,WF_2025_05,2025-05,-1.0,0.30876,1.893967,2,SL_HIT,-0.036813,REJECT
BTCUSD_8451_BULLISH_8444_8447,BTCUSD,LONG,2025-05-19T03:00:00+00:00,WF_2025_05,2025-05,-1.0,0.0,1.646919,1,SL_HIT,-0.63763,REJECT
BTCUSD_8454_BULLISH_8366_8369,BTCUSD,LONG,2025-05-19T06:00:00+00:00,WF_2025_05,2025-05,1.714289,1.768005,0.008923,7,TP_HIT,0.075987,REJECT
SOLUSD_8471_BEARISH_8446_8452,SOLUSD,SHORT,2025-05-19T23:00:00+00:00,WF_2025_05,2025-05,-1.0,0.131444,1.188961,2,SL_HIT,0.2621,ACCEPT
ETHUSD_8482_BULLISH_8466_8474,ETHUSD,LONG,2025-05-20T10:00:00+00:00,WF_2025_05,2025-05,-1.0,0.333333,1.358505,3,SL_HIT,0.321684,ACCEPT
BTCUSD_8503_BULLISH_8494_8501,BTCUSD,LONG,2025-05-21T07:00:00+00:00,WF_2025_05,2025-05,1.714284,3.283747,0.780992,7,TP_HIT,-0.312789,REJECT
XRPUSD_8503_BULLISH_8491_8500,XRPUSD,LONG,2025-05-21T07:00:00+00:00,WF_2025_05,2025-05,1.801856,2.02717,0.602386,9,TP_HIT,-0.106881,REJECT
SOLUSD_8504_BULLISH_8494_8499,SOLUSD,LONG,2025-05-21T08:00:00+00:00,WF_2025_05,2025-05,1.716423,1.736594,0.305429,5,TP_HIT,0.055916,REJECT
ETHUSD_8513_BULLISH_8490_8501,ETHUSD,LONG,2025-05-21T17:00:00+00:00,WF_2025_05,2025-05,1.714363,2.403794,0.64878,6,TP_HIT,-0.13373,REJECT
XRPUSD_8513_BULLISH_8506_8510,XRPUSD,LONG,2025-05-21T17:00:00+00:00,WF_2025_05,2025-05,1.379845,2.387597,0.147287,1,TP_HIT,-0.025014,REJECT
XRPUSD_8515_BEARISH_8448_8454,XRPUSD,SHORT,2025-05-21T19:00:00+00:00,WF_2025_05,2025-05,-1.0,0.724477,1.02706,13,SL_HIT,0.181558,REJECT
SOLUSD_8518_BEARISH_8512_8513,SOLUSD,SHORT,2025-05-21T22:00:00+00:00,WF_2025_05,2025-05,-1.0,0.402612,1.372326,1,SL_HIT,0.181697,REJECT
ETHUSD_8520_BEARISH_8512_8513,ETHUSD,SHORT,2025-05-22T00:00:00+00:00,WF_2025_05,2025-05,-1.0,0.210324,1.718287,3,SL_HIT,-0.310342,REJECT
ETHUSD_8523_BEARISH_8387_8400,ETHUSD,SHORT,2025-05-22T03:00:00+00:00,WF_2025_05,2025-05,-1.0,0.881279,2.333333,5,SL_HIT,-0.362487,REJECT
SOLUSD_8523_BEARISH_8352_8357,SOLUSD,SHORT,2025-05-22T03:00:00+00:00,WF_2025_05,2025-05,-1.0,1.355556,1.397661,4,SL_HIT,0.153559,REJECT
ETHUSD_8550_BULLISH_8539_8546,ETHUSD,LONG,2025-05-23T06:00:00+00:00,WF_2025_05,2025-05,-1.0,1.361309,3.865813,5,SL_HIT,0.125376,REJECT
XRPUSD_8550_BULLISH_8541_8545,XRPUSD,LONG,2025-05-23T06:00:00+00:00,WF_2025_05,2025-05,1.818363,2.105788,0.041916,2,TP_HIT,-0.015096,REJECT
XRPUSD_8555_BULLISH_8514_8528,XRPUSD,LONG,2025-05-23T11:00:00+00:00,WF_2025_05,2025-05,-1.0,0.0,2.598369,1,SL_HIT,-0.063628,REJECT
BTCUSD_8578_BEARISH_8561_8566,BTCUSD,SHORT,2025-05-24T10:00:00+00:00,WF_2025_05,2025-05,1.714279,2.071518,0.464659,12,TP_HIT,0.007924,REJECT
ETHUSD_8581_BULLISH_8574_8578,ETHUSD,LONG,2025-05-24T13:00:00+00:00,WF_2025_05,2025-05,-1.0,1.096642,1.910729,8,SL_HIT,-0.277002,REJECT
ETHUSD_8604_BEARISH_8595_8600,ETHUSD,SHORT,2025-05-25T12:00:00+00:00,WF_2025_05,2025-05,-1.0,0.0,1.310469,1,SL_HIT,-0.666018,REJECT
BTCUSD_8606_BULLISH_8514_8520,BTCUSD,LONG,2025-05-25T14:00:00+00:00,WF_2025_05,2025-05,1.714289,2.523896,0.71446,8,TP_HIT,-0.06634,REJECT
SOLUSD_8610_BEARISH_8605_8608,SOLUSD,SHORT,2025-05-25T18:00:00+00:00,WF_2025_05,2025-05,-1.0,0.0,1.120911,1,SL_HIT,0.158342,REJECT
ETHUSD_8613_BULLISH_8607_8611,ETHUSD,LONG,2025-05-25T21:00:00+00:00,WF_2025_05,2025-05,1.714206,1.772516,0.0,1,TP_HIT,0.2249,ACCEPT
SOLUSD_8616_BEARISH_8588_8592,SOLUSD,SHORT,2025-05-26T00:00:00+00:00,WF_2025_05,2025-05,-1.0,1.175716,1.037512,5,SL_HIT,-0.573606,REJECT
XRPUSD_8646_BULLISH_8607_8614,XRPUSD,LONG,2025-05-27T06:00:00+00:00,WF_2025_05,2025-05,1.657074,1.781775,0.0,5,TP_HIT,-0.206521,REJECT
BTCUSD_8647_BEARISH_8638_8641,BTCUSD,SHORT,2025-05-27T07:00:00+00:00,WF_2025_05,2025-05,-1.0,0.0,1.014522,2,SL_HIT,-0.386195,REJECT
SOLUSD_8647_BEARISH_8638_8641,SOLUSD,SHORT,2025-05-27T07:00:00+00:00,WF_2025_05,2025-05,-1.0,0.0,1.42905,1,SL_HIT,-0.701557,REJECT
XRPUSD_8648_BEARISH_8638_8641,XRPUSD,SHORT,2025-05-27T08:00:00+00:00,WF_2025_05,2025-05,-1.0,0.035659,1.167442,4,SL_HIT,-0.407246,REJECT
BTCUSD_8665_BULLISH_8642_8655,BTCUSD,LONG,2025-05-28T01:00:00+00:00,WF_2025_05,2025-05,-1.0,1.024845,1.72381,13,SL_HIT,0.053361,REJECT
ETHUSD_8678_BULLISH_8674_8675,ETHUSD,LONG,2025-05-28T14:00:00+00:00,WF_2025_05,2025-05,1.714272,2.032414,0.862603,9,TP_HIT,-0.253398,REJECT
BTCUSD_8684_BULLISH_8607_8614,BTCUSD,LONG,2025-05-28T20:00:00+00:00,WF_2025_05,2025-05,1.714284,1.72567,0.097318,5,TP_HIT,-0.153983,REJECT
BTCUSD_8698_BEARISH_8672_8677,BTCUSD,SHORT,2025-05-29T10:00:00+00:00,WF_2025_05,2025-05,1.714294,2.157993,0.596654,3,TP_HIT,-0.41671,REJECT
BTCUSD_8701_BULLISH_8692_8697,BTCUSD,LONG,2025-05-29T13:00:00+00:00,WF_2025_05,2025-05,-1.0,0.027042,1.553942,1,SL_HIT,-0.371934,REJECT
BTCUSD_8705_BULLISH_8505_8510,BTCUSD,LONG,2025-05-29T17:00:00+00:00,WF_2025_05,2025-05,-1.0,0.182724,1.615725,1,SL_HIT,-0.619716,REJECT
XRPUSD_8705_BEARISH_8701_8704,XRPUSD,SHORT,2025-05-29T17:00:00+00:00,WF_2025_05,2025-05,1.478372,1.860051,0.043257,2,TP_HIT,0.355036,ACCEPT
SOLUSD_8724_BULLISH_8454_8523,SOLUSD,LONG,2025-05-30T12:00:00+00:00,WF_2025_05,2025-05,-1.0,0.350698,2.086407,4,SL_HIT,0.013711,REJECT
BTCUSD_8750_BEARISH_8731_8737,BTCUSD,SHORT,2025-05-31T14:00:00+00:00,WF_2025_05,2025-05,-1.0,1.43272,1.630203,26,SL_HIT,-0.011222,REJECT
XRPUSD_8752_BEARISH_8731_8736,XRPUSD,SHORT,2025-05-31T16:00:00+00:00,WF_2025_05,2025-05,-1.0,0.550082,1.052545,3,SL_HIT,0.158212,REJECT
BTCUSD_8764_BEARISH_8758_8761,BTCUSD,SHORT,2025-06-01T04:00:00+00:00,WF_2025_06,2025-06,1.714272,2.734628,0.124595,5,TP_HIT,0.354439,ACCEPT
ETHUSD_8777_BEARISH_8757_8761,ETHUSD,SHORT,2025-06-01T17:00:00+00:00,WF_2025_06,2025-06,1.714516,3.741935,0.004032,1,TP_HIT,-0.081012,REJECT
SOLUSD_8781_BEARISH_8758_8769,SOLUSD,SHORT,2025-06-01T21:00:00+00:00,WF_2025_06,2025-06,-1.0,0.859619,1.263711,3,SL_HIT,0.228739,ACCEPT
ETHUSD_8787_BULLISH_8772_8775,ETHUSD,LONG,2025-06-02T03:00:00+00:00,WF_2025_06,2025-06,1.714398,1.873767,0.753452,11,TP_HIT,0.090166,REJECT
ETHUSD_8788_BULLISH_8600_8690,ETHUSD,LONG,2025-06-02T04:00:00+00:00,WF_2025_06,2025-06,1.714373,2.229358,0.486239,10,TP_HIT,-0.325339,REJECT
BTCUSD_8790_BEARISH_8724_8728,BTCUSD,SHORT,2025-06-02T06:00:00+00:00,WF_2025_06,2025-06,1.714283,1.741433,0.917445,4,TP_HIT,0.082559,REJECT
BTCUSD_8794_BULLISH_8769_8775,BTCUSD,LONG,2025-06-02T10:00:00+00:00,WF_2025_06,2025-06,-1.0,0.533098,1.117786,3,SL_HIT,0.062765,REJECT
XRPUSD_8800_BEARISH_8791_8794,XRPUSD,SHORT,2025-06-02T16:00:00+00:00,WF_2025_06,2025-06,-1.0,0.728119,1.402235,4,SL_HIT,0.246645,ACCEPT
ETHUSD_8824_BULLISH_8816_8821,ETHUSD,LONG,2025-06-03T16:00:00+00:00,WF_2025_06,2025-06,-1.0,1.706468,1.031841,4,SL_HIT,-0.047196,REJECT
ETHUSD_8835_BEARISH_8822_8829,ETHUSD,SHORT,2025-06-04T03:00:00+00:00,WF_2025_06,2025-06,-1.0,0.940828,1.757396,12,SL_HIT,-0.306708,REJECT
BTCUSD_8843_BULLISH_8816_8822,BTCUSD,LONG,2025-06-04T11:00:00+00:00,WF_2025_06,2025-06,-1.0,0.0,1.215305,1,SL_HIT,-0.492782,REJECT
SOLUSD_8846_BEARISH_8842_8844,SOLUSD,SHORT,2025-06-04T14:00:00+00:00,WF_2025_06,2025-06,-1.0,0.204885,1.082497,1,SL_HIT,0.418945,ACCEPT
BTCUSD_8852_BULLISH_8798_8808,BTCUSD,LONG,2025-06-04T20:00:00+00:00,WF_2025_06,2025-06,1.714285,1.773909,0.079287,16,TP_HIT,-0.128041,REJECT
ETHUSD_8852_BULLISH_8829_8847,ETHUSD,LONG,2025-06-04T20:00:00+00:00,WF_2025_06,2025-06,-1.0,1.115337,1.449898,18,SL_HIT,-0.140335,REJECT
SOLUSD_8859_BULLISH_8798_8809,SOLUSD,LONG,2025-06-05T03:00:00+00:00,WF_2025_06,2025-06,-1.0,0.272543,1.095238,7,SL_HIT,0.210341,ACCEPT
XRPUSD_8865_BEARISH_8858_8862,XRPUSD,SHORT,2025-06-05T09:00:00+00:00,WF_2025_06,2025-06,-1.0,1.107527,1.860215,3,SL_HIT,0.148215,REJECT
SOLUSD_8868_BEARISH_8858_8861,SOLUSD,SHORT,2025-06-05T12:00:00+00:00,WF_2025_06,2025-06,1.716323,4.118859,0.833069,1,TP_HIT,-0.232855,REJECT
BTCUSD_8897_BEARISH_8868_8872,BTCUSD,SHORT,2025-06-06T17:00:00+00:00,WF_2025_06,2025-06,-1.0,1.553064,1.025909,20,SL_HIT,-0.21724,REJECT
XRPUSD_8924_BEARISH_8917_8921,XRPUSD,SHORT,2025-06-07T20:00:00+00:00,WF_2025_06,2025-06,1.222222,1.277778,0.6,4,TP_HIT,0.43648,ACCEPT
BTCUSD_8929_BEARISH_8842_8843,BTCUSD,SHORT,2025-06-08T01:00:00+00:00,WF_2025_06,2025-06,1.714274,1.863071,0.117566,9,TP_HIT,-0.145575,REJECT
XRPUSD_8934_BEARISH_8869_8872,XRPUSD,SHORT,2025-06-08T06:00:00+00:00,WF_2025_06,2025-06,-1.0,0.18612,1.975815,5,SL_HIT,-0.363718,REJECT
BTCUSD_8956_BULLISH_8938_8943,BTCUSD,LONG,2025-06-09T04:00:00+00:00,WF_2025_06,2025-06,1.714289,2.895055,0.322906,5,TP_HIT,-0.247454,REJECT
BTCUSD_8978_BEARISH_8653_8705,BTCUSD,SHORT,2025-06-10T02:00:00+00:00,WF_2025_06,2025-06,1.71429,1.762607,0.042335,13,TP_HIT,-0.396018,REJECT
ETHUSD_9012_BEARISH_6431_6435,ETHUSD,SHORT,2025-06-11T12:00:00+00:00,WF_2025_06,2025-06,-1.0,0.701664,1.465863,3,SL_HIT,-0.007288,REJECT
ETHUSD_9031_BULLISH_8990_8998,ETHUSD,LONG,2025-06-12T07:00:00+00:00,WF_2025_06,2025-06,-1.0,0.731082,1.315197,4,SL_HIT,-0.468054,REJECT
SOLUSD_9036_BULLISH_8991_8994,SOLUSD,LONG,2025-06-12T12:00:00+00:00,WF_2025_06,2025-06,-1.0,1.402112,2.024871,7,SL_HIT,-0.060085,REJECT
SOLUSD_9038_BEARISH_9024_9031,SOLUSD,SHORT,2025-06-12T14:00:00+00:00,WF_2025_06,2025-06,1.714286,2.926554,0.225182,1,TP_HIT,0.048383,REJECT
BTCUSD_9040_BEARISH_9030_9034,BTCUSD,SHORT,2025-06-12T16:00:00+00:00,WF_2025_06,2025-06,-1.0,0.0,2.207934,1,SL_HIT,-0.135865,REJECT
BTCUSD_9043_BULLISH_9037_9041,BTCUSD,LONG,2025-06-12T19:00:00+00:00,WF_2025_06,2025-06,-1.0,0.0,2.369672,1,SL_HIT,-0.980124,REJECT
BTCUSD_9047_BULLISH_8955_8961,BTCUSD,LONG,2025-06-12T23:00:00+00:00,WF_2025_06,2025-06,-1.0,0.0,6.336696,1,SL_HIT,0.16095,REJECT
BTCUSD_9073_BULLISH_9066_9071,BTCUSD,LONG,2025-06-14T01:00:00+00:00,WF_2025_06,2025-06,-1.0,0.559322,1.054883,14,SL_HIT,0.453699,ACCEPT
SOLUSD_9074_BULLISH_9066_9071,SOLUSD,LONG,2025-06-14T02:00:00+00:00,WF_2025_06,2025-06,-1.0,0.650794,1.27551,13,SL_HIT,0.441295,ACCEPT
BTCUSD_9092_BULLISH_9062_9064,BTCUSD,LONG,2025-06-14T20:00:00+00:00,WF_2025_06,2025-06,1.71429,1.964034,0.0,9,TP_HIT,-0.105276,REJECT
BTCUSD_9119_BEARISH_9110_9116,BTCUSD,SHORT,2025-06-15T23:00:00+00:00,WF_2025_06,2025-06,-1.0,0.64,1.096744,2,SL_HIT,-0.649493,REJECT
ETHUSD_9119_BEARISH_9113_9116,ETHUSD,SHORT,2025-06-15T23:00:00+00:00,WF_2025_06,2025-06,-1.0,1.993333,1.006667,2,SL_HIT,0.081498,REJECT
BTCUSD_9121_BEARISH_9072_9088,BTCUSD,SHORT,2025-06-16T01:00:00+00:00,WF_2025_06,2025-06,-1.0,0.039511,1.356538,3,SL_HIT,-0.538068,REJECT
ETHUSD_9122_BEARISH_9071_9088,ETHUSD,SHORT,2025-06-16T02:00:00+00:00,WF_2025_06,2025-06,-1.0,0.481026,4.101538,3,SL_HIT,-0.323253,REJECT
SOLUSD_9141_BULLISH_9133_9138,SOLUSD,LONG,2025-06-16T21:00:00+00:00,WF_2025_06,2025-06,-1.0,0.633743,2.841148,1,SL_HIT,0.042003,REJECT
BTCUSD_9143_BULLISH_9133_9134,BTCUSD,LONG,2025-06-16T23:00:00+00:00,WF_2025_06,2025-06,-1.0,0.50628,1.735266,1,SL_HIT,-0.338886,REJECT
SOLUSD_9143_BULLISH_9117_9121,SOLUSD,LONG,2025-06-16T23:00:00+00:00,WF_2025_06,2025-06,-1.0,0.943322,1.350235,1,SL_HIT,0.461809,ACCEPT
ETHUSD_9158_BULLISH_9116_9122,ETHUSD,LONG,2025-06-17T14:00:00+00:00,WF_2025_06,2025-06,-1.0,0.450164,1.293538,1,SL_HIT,0.272826,ACCEPT
XRPUSD_9165_BULLISH_9116_9124,XRPUSD,LONG,2025-06-17T21:00:00+00:00,WF_2025_06,2025-06,-1.0,1.087943,1.907801,13,SL_HIT,0.124272,REJECT
BTCUSD_9177_BULLISH_9166_9172,BTCUSD,LONG,2025-06-18T09:00:00+00:00,WF_2025_06,2025-06,-1.0,0.151119,1.01959,1,SL_HIT,-0.084479,REJECT
SOLUSD_9193_BULLISH_9187_9188,SOLUSD,LONG,2025-06-19T01:00:00+00:00,WF_2025_06,2025-06,-1.0,0.962105,1.401965,13,SL_HIT,0.188407,REJECT
SOLUSD_9223_BEARISH_9190_9206,SOLUSD,SHORT,2025-06-20T07:00:00+00:00,WF_2025_06,2025-06,-1.0,0.293883,1.492021,1,SL_HIT,-0.501404,REJECT
SOLUSD_9256_BULLISH_9238_9249,SOLUSD,LONG,2025-06-21T16:00:00+00:00,WF_2025_06,2025-06,-1.0,0.999112,1.346205,1,SL_HIT,0.132057,REJECT
BTCUSD_9257_BULLISH_9239_9249,BTCUSD,LONG,2025-06-21T17:00:00+00:00,WF_2025_06,2025-06,-1.0,0.239044,1.843293,1,SL_HIT,-0.388976,REJECT
ETHUSD_9258_BULLISH_8454_8467,ETHUSD,LONG,2025-06-21T18:00:00+00:00,WF_2025_06,2025-06,-1.0,0.640094,4.094517,3,SL_HIT,-0.002194,REJECT
ETHUSD_9297_BULLISH_9288_9296,ETHUSD,LONG,2025-06-23T09:00:00+00:00,WF_2025_06,2025-06,1.714198,1.782001,0.634775,4,TP_HIT,0.304504,ACCEPT
XRPUSD_9300_BEARISH_9294_9298,XRPUSD,SHORT,2025-06-23T12:00:00+00:00,WF_2025_06,2025-06,1.442623,1.715847,0.961749,1,TP_HIT,0.414197,ACCEPT
BTCUSD_9302_BULLISH_9300_9301,BTCUSD,LONG,2025-06-23T14:00:00+00:00,WF_2025_06,2025-06,-1.0,0.623288,3.601027,2,SL_HIT,0.075881,REJECT
ETHUSD_9303_BULLISH_9298_9301,ETHUSD,LONG,2025-06-23T15:00:00+00:00,WF_2025_06,2025-06,-1.0,0.226852,5.671296,1,SL_HIT,0.26608,ACCEPT
ETHUSD_9305_BEARISH_9302_9304,ETHUSD,SHORT,2025-06-23T17:00:00+00:00,WF_2025_06,2025-06,-1.0,0.289973,1.343786,2,SL_HIT,0.447585,ACCEPT
BTCUSD_9333_BEARISH_9224_9230,BTCUSD,SHORT,2025-06-24T21:00:00+00:00,WF_2025_06,2025-06,-1.0,0.422925,1.140536,4,SL_HIT,-0.262967,REJECT
XRPUSD_9338_BULLISH_9325_9328,XRPUSD,LONG,2025-06-25T02:00:00+00:00,WF_2025_06,2025-06,1.565217,3.644928,0.673913,11,TP_HIT,-0.039323,REJECT
ETHUSD_9345_BULLISH_9323_9328,ETHUSD,LONG,2025-06-25T09:00:00+00:00,WF_2025_06,2025-06,1.714487,1.773558,0.136428,4,TP_HIT,-0.139741,REJECT
SOLUSD_9351_BULLISH_9331_9343,SOLUSD,LONG,2025-06-25T15:00:00+00:00,WF_2025_06,2025-06,-1.0,0.762035,1.021798,1,SL_HIT,-0.211658,REJECT
XRPUSD_9351_BULLISH_9341_9349,XRPUSD,LONG,2025-06-25T15:00:00+00:00,WF_2025_06,2025-06,2.145038,2.888041,0.826972,4,TP_HIT,-0.177114,REJECT
ETHUSD_9386_BEARISH_9380_9384,ETHUSD,SHORT,2025-06-27T02:00:00+00:00,WF_2025_06,2025-06,-1.0,0.214545,1.106667,5,SL_HIT,-0.061739,REJECT
ETHUSD_9396_BULLISH_9385_9393,ETHUSD,LONG,2025-06-27T12:00:00+00:00,WF_2025_06,2025-06,1.714166,2.372701,0.802517,58,TP_HIT,0.169016,REJECT
XRPUSD_9414_BEARISH_9363_9371,XRPUSD,SHORT,2025-06-28T06:00:00+00:00,WF_2025_06,2025-06,-1.0,1.408805,1.389937,40,SL_HIT,0.120067,REJECT
SOLUSD_9420_BEARISH_9363_9373,SOLUSD,SHORT,2025-06-28T12:00:00+00:00,WF_2025_06,2025-06,-1.0,0.217097,1.366765,3,SL_HIT,-0.069829,REJECT
BTCUSD_9421_BULLISH_9409_9411,BTCUSD,LONG,2025-06-28T13:00:00+00:00,WF_2025_06,2025-06,1.714281,1.898438,0.085938,19,TP_HIT,0.018068,REJECT
XRPUSD_9426_BULLISH_9416_9423,XRPUSD,LONG,2025-06-28T18:00:00+00:00,WF_2025_06,2025-06,-1.0,0.0,1.133333,2,SL_HIT,-0.231381,REJECT
ETHUSD_9428_BULLISH_9416_9423,ETHUSD,LONG,2025-06-28T20:00:00+00:00,WF_2025_06,2025-06,1.713953,1.996124,0.635659,13,TP_HIT,-0.207899,REJECT
SOLUSD_9440_BEARISH_9430_9434,SOLUSD,SHORT,2025-06-29T08:00:00+00:00,WF_2025_06,2025-06,-1.0,0.333844,2.3951,1,SL_HIT,-0.158795,REJECT
BTCUSD_9452_BULLISH_9434_9440,BTCUSD,LONG,2025-06-29T20:00:00+00:00,WF_2025_06,2025-06,1.714309,2.037234,0.547872,1,TP_HIT,0.065384,REJECT
ETHUSD_9452_BULLISH_9434_9440,ETHUSD,LONG,2025-06-29T20:00:00+00:00,WF_2025_06,2025-06,-1.0,0.531579,2.405263,1,SL_HIT,-0.195775,REJECT
BTCUSD_9460_BEARISH_9139_9159,BTCUSD,SHORT,2025-06-30T04:00:00+00:00,WF_2025_06,2025-06,1.714286,2.328185,0.209266,10,TP_HIT,-0.448667,REJECT
XRPUSD_9460_BULLISH_9453_9454,XRPUSD,LONG,2025-06-30T04:00:00+00:00,WF_2025_06,2025-06,-1.0,0.450122,1.467153,2,SL_HIT,-0.069998,REJECT
BTCUSD_9462_BULLISH_9453_9456,BTCUSD,LONG,2025-06-30T06:00:00+00:00,WF_2025_06,2025-06,-1.0,0.469136,2.037037,8,SL_HIT,-0.451377,REJECT
SOLUSD_9462_BULLISH_9448_9454,SOLUSD,LONG,2025-06-30T06:00:00+00:00,WF_2025_06,2025-06,-1.0,0.206501,1.288836,2,SL_HIT,-0.424471,REJECT
SOLUSD_9464_BULLISH_9436_9442,SOLUSD,LONG,2025-06-30T08:00:00+00:00,WF_2025_06,2025-06,1.711569,2.852615,0.573693,5,TP_HIT,-0.431508,REJECT
SOLUSD_9540_BULLISH_9530_9533,SOLUSD,LONG,2025-07-03T12:00:00+00:00,WF_2025_07,2025-07,1.716806,2.053853,0.26091,1,TP_HIT,0.164649,REJECT
ETHUSD_9543_BULLISH_9530_9541,ETHUSD,LONG,2025-07-03T15:00:00+00:00,WF_2025_07,2025-07,-1.0,1.558704,1.423752,15,SL_HIT,-0.38848,REJECT
XRPUSD_9543_BULLISH_9528_9537,XRPUSD,LONG,2025-07-03T15:00:00+00:00,WF_2025_07,2025-07,1.788432,2.439878,0.0,3,TP_HIT,0.193633,REJECT
BTCUSD_9559_BULLISH_9530_9537,BTCUSD,LONG,2025-07-04T07:00:00+00:00,WF_2025_07,2025-07,-1.0,0.0,1.004367,1,SL_HIT,-0.792378,REJECT
SOLUSD_9565_BULLISH_9516_9518,SOLUSD,LONG,2025-07-04T13:00:00+00:00,WF_2025_07,2025-07,-1.0,0.532233,1.744554,2,SL_HIT,0.207739,ACCEPT
BTCUSD_9583_BULLISH_9578_9582,BTCUSD,LONG,2025-07-05T07:00:00+00:00,WF_2025_07,2025-07,1.714274,2.888268,0.846369,30,TP_HIT,-0.180712,REJECT
XRPUSD_9584_BULLISH_9578_9582,XRPUSD,LONG,2025-07-05T08:00:00+00:00,WF_2025_07,2025-07,-1.0,0.990338,1.463768,9,SL_HIT,-0.094177,REJECT
ETHUSD_9598_BEARISH_9587_9591,ETHUSD,SHORT,2025-07-05T22:00:00+00:00,WF_2025_07,2025-07,-1.0,0.976331,1.153846,8,SL_HIT,0.019475,REJECT
SOLUSD_9598_BEARISH_9589_9592,SOLUSD,SHORT,2025-07-05T22:00:00+00:00,WF_2025_07,2025-07,-1.0,1.207248,1.375991,14,SL_HIT,0.185393,REJECT
XRPUSD_9600_BEARISH_9590_9594,XRPUSD,SHORT,2025-07-06T00:00:00+00:00,WF_2025_07,2025-07,-1.0,0.95614,1.447368,6,SL_HIT,0.059079,REJECT
BTCUSD_9611_BEARISH_9602_9609,BTCUSD,SHORT,2025-07-06T11:00:00+00:00,WF_2025_07,2025-07,-1.0,0.065728,5.077465,2,SL_HIT,0.351847,ACCEPT
SOLUSD_9611_BEARISH_9607_9609,SOLUSD,SHORT,2025-07-06T11:00:00+00:00,WF_2025_07,2025-07,-1.0,0.083994,1.808241,1,SL_HIT,0.303804,ACCEPT
SOLUSD_9614_BEARISH_9557_9565,SOLUSD,SHORT,2025-07-06T14:00:00+00:00,WF_2025_07,2025-07,-1.0,0.803724,1.01624,7,SL_HIT,-0.077048,REJECT
BTCUSD_9624_BULLISH_9618_9621,BTCUSD,LONG,2025-07-07T00:00:00+00:00,WF_2025_07,2025-07,1.714287,1.907366,0.180025,3,TP_HIT,0.114468,REJECT
ETHUSD_9638_BULLISH_9618_9621,ETHUSD,LONG,2025-07-07T14:00:00+00:00,WF_2025_07,2025-07,-1.0,0.109244,1.669468,2,SL_HIT,-0.590967,REJECT
XRPUSD_9644_BULLISH_9631_9633,XRPUSD,LONG,2025-07-07T20:00:00+00:00,WF_2025_07,2025-07,-1.0,1.074906,1.0,5,SL_HIT,-0.02119,REJECT
SOLUSD_9666_BEARISH_9635_9641,SOLUSD,SHORT,2025-07-08T18:00:00+00:00,WF_2025_07,2025-07,1.71865,2.332421,0.270406,2,TP_HIT,-0.230542,REJECT
XRPUSD_9670_BEARISH_9641_9650,XRPUSD,SHORT,2025-07-08T22:00:00+00:00,WF_2025_07,2025-07,-1.0,0.71358,1.133333,7,SL_HIT,0.244355,ACCEPT
ETHUSD_9676_BEARISH_9673_9675,ETHUSD,SHORT,2025-07-09T04:00:00+00:00,WF_2025_07,2025-07,-1.0,0.239471,1.962696,1,SL_HIT,0.312892,ACCEPT
BTCUSD_9686_BULLISH_9677_9683,BTCUSD,LONG,2025-07-09T14:00:00+00:00,WF_2025_07,2025-07,1.71428,6.616525,0.322034,5,TP_HIT,-0.161975,REJECT
SOLUSD_9712_BEARISH_9704_9711,SOLUSD,SHORT,2025-07-10T16:00:00+00:00,WF_2025_07,2025-07,-1.0,0.202971,2.972682,1,SL_HIT,-0.374311,REJECT
ETHUSD_9735_BULLISH_9720_9729,ETHUSD,LONG,2025-07-11T15:00:00+00:00,WF_2025_07,2025-07,1.714318,1.920199,0.331042,4,TP_HIT,-0.032428,REJECT
ETHUSD_9775_BEARISH_9755_9758,ETHUSD,SHORT,2025-07-13T07:00:00+00:00,WF_2025_07,2025-07,-1.0,1.542553,1.989362,5,SL_HIT,0.150839,REJECT
SOLUSD_9781_BEARISH_9751_9755,SOLUSD,SHORT,2025-07-13T13:00:00+00:00,WF_2025_07,2025-07,-1.0,0.804211,1.414938,1,SL_HIT,0.150437,REJECT
XRPUSD_9793_BEARISH_9786_9789,XRPUSD,SHORT,2025-07-14T01:00:00+00:00,WF_2025_07,2025-07,-1.0,0.313253,1.594378,1,SL_HIT,-0.221102,REJECT
BTCUSD_9830_BULLISH_9720_9725,BTCUSD,LONG,2025-07-15T14:00:00+00:00,WF_2025_07,2025-07,1.71428,2.937658,0.136567,2,TP_HIT,0.118486,REJECT
SOLUSD_9831_BEARISH_9829_9830,SOLUSD,SHORT,2025-07-15T15:00:00+00:00,WF_2025_07,2025-07,-1.0,0.02228,1.496191,2,SL_HIT,-0.131893,REJECT
SOLUSD_9851_BEARISH_9805_9807,SOLUSD,SHORT,2025-07-16T11:00:00+00:00,WF_2025_07,2025-07,-1.0,0.769687,1.174428,4,SL_HIT,-0.213323,REJECT
BTCUSD_9924_BULLISH_9920_9922,BTCUSD,LONG,2025-07-19T12:00:00+00:00,WF_2025_07,2025-07,-1.0,0.178144,1.871257,2,SL_HIT,0.093759,REJECT
SOLUSD_9927_BEARISH_9925_9926,SOLUSD,SHORT,2025-07-19T15:00:00+00:00,WF_2025_07,2025-07,-1.0,0.51123,1.010695,1,SL_HIT,-0.352648,REJECT
SOLUSD_9938_BULLISH_9926_9937,SOLUSD,LONG,2025-07-20T02:00:00+00:00,WF_2025_07,2025-07,1.71541,1.916424,0.079047,7,TP_HIT,0.167556,REJECT
BTCUSD_9944_BEARISH_9923_9926,BTCUSD,SHORT,2025-07-20T08:00:00+00:00,WF_2025_07,2025-07,-1.0,1.248889,1.997037,6,SL_HIT,0.137989,REJECT
XRPUSD_9944_BEARISH_9901_9903,XRPUSD,SHORT,2025-07-20T08:00:00+00:00,WF_2025_07,2025-07,-1.0,0.158751,1.054771,6,SL_HIT,-0.286842,REJECT
BTCUSD_9966_BEARISH_9900_9902,BTCUSD,SHORT,2025-07-21T06:00:00+00:00,WF_2025_07,2025-07,-1.0,0.0,1.376112,1,SL_HIT,-0.049002,REJECT
ETHUSD_9978_BULLISH_9961_9974,ETHUSD,LONG,2025-07-21T18:00:00+00:00,WF_2025_07,2025-07,-1.0,1.465409,1.14717,7,SL_HIT,-0.15223,REJECT
XRPUSD_9979_BULLISH_9972_9974,XRPUSD,LONG,2025-07-21T19:00:00+00:00,WF_2025_07,2025-07,-1.0,1.001347,2.028956,6,SL_HIT,0.118936,REJECT
BTCUSD_9983_BULLISH_9960_9966,BTCUSD,LONG,2025-07-21T23:00:00+00:00,WF_2025_07,2025-07,-1.0,1.214586,1.711722,2,SL_HIT,0.0992,REJECT
SOLUSD_9988_BULLISH_9979_9985,SOLUSD,LONG,2025-07-22T04:00:00+00:00,WF_2025_07,2025-07,1.714999,2.193065,0.307591,1,TP_HIT,-0.42606,REJECT
XRPUSD_9988_BULLISH_9938_9944,XRPUSD,LONG,2025-07-22T04:00:00+00:00,WF_2025_07,2025-07,1.852321,2.38903,0.0,1,TP_HIT,0.28963,ACCEPT
SOLUSD_10001_BEARISH_6210_6260,SOLUSD,SHORT,2025-07-22T17:00:00+00:00,WF_2025_07,2025-07,1.713805,2.291486,0.401732,2,TP_HIT,0.256198,ACCEPT
SOLUSD_10014_BULLISH_10004_10007,SOLUSD,LONG,2025-07-23T06:00:00+00:00,WF_2025_07,2025-07,-1.0,0.230872,1.392026,3,SL_HIT,-0.153253,REJECT
BTCUSD_10036_BULLISH_10025_10031,BTCUSD,LONG,2025-07-24T04:00:00+00:00,WF_2025_07,2025-07,-1.0,0.933786,1.370142,3,SL_HIT,-0.085887,REJECT
XRPUSD_10056_BULLISH_10040_10046,XRPUSD,LONG,2025-07-25T00:00:00+00:00,WF_2025_07,2025-07,-1.0,1.577942,1.28589,3,SL_HIT,0.448434,ACCEPT
ETHUSD_10065_BEARISH_10051_10056,ETHUSD,SHORT,2025-07-25T09:00:00+00:00,WF_2025_07,2025-07,1.714422,1.964661,0.719198,4,TP_HIT,-0.073822,REJECT
XRPUSD_10077_BEARISH_10067_10070,XRPUSD,SHORT,2025-07-25T21:00:00+00:00,WF_2025_07,2025-07,-1.0,1.19083,1.525403,5,SL_HIT,-0.504658,REJECT
ETHUSD_10101_BEARISH_10090_10094,ETHUSD,SHORT,2025-07-26T21:00:00+00:00,WF_2025_07,2025-07,-1.0,0.789137,1.502662,1,SL_HIT,-0.082127,REJECT
BTCUSD_10112_BULLISH_10104_10106,BTCUSD,LONG,2025-07-27T08:00:00+00:00,WF_2025_07,2025-07,1.714316,2.322807,0.831579,2,TP_HIT,0.093359,REJECT
XRPUSD_10113_BULLISH_10104_10109,XRPUSD,LONG,2025-07-27T09:00:00+00:00,WF_2025_07,2025-07,1.837873,1.993515,0.294423,2,TP_HIT,-0.335047,REJECT
ETHUSD_10124_BULLISH_10118_10122,ETHUSD,LONG,2025-07-27T20:00:00+00:00,WF_2025_07,2025-07,1.714453,2.720533,0.0016,2,TP_HIT,0.296702,ACCEPT
XRPUSD_10141_BULLISH_10116_10126,XRPUSD,LONG,2025-07-28T13:00:00+00:00,WF_2025_07,2025-07,-1.0,0.463324,1.761374,1,SL_HIT,0.070606,REJECT
BTCUSD_10142_BULLISH_10113_10119,BTCUSD,LONG,2025-07-28T14:00:00+00:00,WF_2025_07,2025-07,1.714304,3.291262,0.517799,1,TP_HIT,0.183225,REJECT
SOLUSD_10144_BULLISH_10121_10130,SOLUSD,LONG,2025-07-28T16:00:00+00:00,WF_2025_07,2025-07,-1.0,0.0,1.292471,1,SL_HIT,-0.574079,REJECT
ETHUSD_10167_BULLISH_10154_10158,ETHUSD,LONG,2025-07-29T15:00:00+00:00,WF_2025_07,2025-07,-1.0,0.199696,1.422172,1,SL_HIT,-0.14827,REJECT
ETHUSD_10168_BULLISH_10098_10106,ETHUSD,LONG,2025-07-29T16:00:00+00:00,WF_2025_07,2025-07,1.714315,1.838579,0.075465,9,TP_HIT,0.034809,REJECT
BTCUSD_10187_BULLISH_10172_10179,BTCUSD,LONG,2025-07-30T11:00:00+00:00,WF_2025_07,2025-07,1.714282,1.756949,0.57116,3,TP_HIT,-0.369123,REJECT
XRPUSD_10190_BEARISH_10179_10186,XRPUSD,SHORT,2025-07-30T14:00:00+00:00,WF_2025_07,2025-07,-1.0,0.601307,1.267974,1,SL_HIT,-0.784427,REJECT
BTCUSD_10191_BULLISH_10187_10190,BTCUSD,LONG,2025-07-30T15:00:00+00:00,WF_2025_07,2025-07,-1.0,0.09105,2.319355,3,SL_HIT,-0.254627,REJECT
ETHUSD_10196_BEARISH_10190_10194,ETHUSD,SHORT,2025-07-30T20:00:00+00:00,WF_2025_07,2025-07,-1.0,0.748855,1.344179,4,SL_HIT,0.344194,ACCEPT
SOLUSD_10199_BEARISH_10190_10194,SOLUSD,SHORT,2025-07-30T23:00:00+00:00,WF_2025_07,2025-07,-1.0,0.382339,1.128525,5,SL_HIT,0.35792,ACCEPT
BTCUSD_10200_BEARISH_10191_10194,BTCUSD,SHORT,2025-07-31T00:00:00+00:00,WF_2025_07,2025-07,-1.0,0.121489,1.183418,7,SL_HIT,-0.784334,REJECT
SOLUSD_10204_BEARISH_10183_10186,SOLUSD,SHORT,2025-07-31T04:00:00+00:00,WF_2025_07,2025-07,-1.0,0.328792,1.078716,5,SL_HIT,0.120266,REJECT
SOLUSD_10214_BULLISH_10197_10204,SOLUSD,LONG,2025-07-31T14:00:00+00:00,WF_2025_07,2025-07,1.712619,2.553199,0.663485,2,TP_HIT,-0.196467,REJECT
XRPUSD_10214_BULLISH_10197_10209,XRPUSD,LONG,2025-07-31T14:00:00+00:00,WF_2025_07,2025-07,-1.0,1.648649,1.381982,5,SL_HIT,-0.247252,REJECT
ETHUSD_10218_BULLISH_10197_10200,ETHUSD,LONG,2025-07-31T18:00:00+00:00,WF_2025_07,2025-07,-1.0,0.58711,1.312185,1,SL_HIT,0.098274,REJECT
BTCUSD_10282_BEARISH_10252_10263,BTCUSD,SHORT,2025-08-03T10:00:00+00:00,WF_2025_08,2025-08,-1.0,0.0,1.857143,1,SL_HIT,-0.164561,REJECT
ETHUSD_10284_BEARISH_10256_10265,ETHUSD,SHORT,2025-08-03T12:00:00+00:00,WF_2025_08,2025-08,-1.0,1.50157,1.969044,12,SL_HIT,0.09108,REJECT
SOLUSD_10298_BEARISH_10259_10263,SOLUSD,SHORT,2025-08-04T02:00:00+00:00,WF_2025_08,2025-08,-1.0,0.78116,1.290557,11,SL_HIT,-0.570093,REJECT
BTCUSD_10323_BULLISH_10307_10309,BTCUSD,LONG,2025-08-05T03:00:00+00:00,WF_2025_08,2025-08,-1.0,0.0,1.166667,1,SL_HIT,-0.86397,REJECT
BTCUSD_10327_BULLISH_10286_10290,BTCUSD,LONG,2025-08-05T07:00:00+00:00,WF_2025_08,2025-08,1.71428,2.138889,0.306584,3,TP_HIT,-0.299314,REJECT
XRPUSD_10329_BEARISH_10321_10324,XRPUSD,SHORT,2025-08-05T09:00:00+00:00,WF_2025_08,2025-08,1.671689,2.728814,0.329567,5,TP_HIT,-0.010768,REJECT
SOLUSD_10332_BULLISH_10328_10330,SOLUSD,LONG,2025-08-05T12:00:00+00:00,WF_2025_08,2025-08,-1.0,1.060379,2.701437,2,SL_HIT,0.502089,ACCEPT
SOLUSD_10341_BULLISH_10302_10309,SOLUSD,LONG,2025-08-05T21:00:00+00:00,WF_2025_08,2025-08,1.713411,1.909293,0.989983,1,TP_HIT,0.2026,ACCEPT
ETHUSD_10356_BULLISH_10345_10349,ETHUSD,LONG,2025-08-06T12:00:00+00:00,WF_2025_08,2025-08,1.714363,2.154472,0.544715,2,TP_HIT,-0.225147,REJECT
BTCUSD_10397_BULLISH_10380_10387,BTCUSD,LONG,2025-08-08T05:00:00+00:00,WF_2025_08,2025-08,-1.0,1.182368,1.201383,10,SL_HIT,-0.305301,REJECT
XRPUSD_10444_BEARISH_10433_10438,XRPUSD,SHORT,2025-08-10T04:00:00+00:00,WF_2025_08,2025-08,1.881029,4.817792,0.0,3,TP_HIT,0.012263,REJECT
SOLUSD_10446_BULLISH_10430_10441,SOLUSD,LONG,2025-08-10T06:00:00+00:00,WF_2025_08,2025-08,-1.0,0.526022,1.599857,1,SL_HIT,0.21555,ACCEPT
ETHUSD_10447_BULLISH_10430_10435,ETHUSD,LONG,2025-08-10T07:00:00+00:00,WF_2025_08,2025-08,1.714414,1.839339,0.783784,10,TP_HIT,-0.10409,REJECT
XRPUSD_10466_BEARISH_10444_10447,XRPUSD,SHORT,2025-08-11T02:00:00+00:00,WF_2025_08,2025-08,-1.0,0.39883,1.182456,3,SL_HIT,-0.411107,REJECT
BTCUSD_10485_BULLISH_10460_10463,BTCUSD,LONG,2025-08-11T21:00:00+00:00,WF_2025_08,2025-08,1.714279,2.059986,0.764761,16,TP_HIT,0.153227,REJECT
XRPUSD_10522_BEARISH_10473_10483,XRPUSD,SHORT,2025-08-13T10:00:00+00:00,WF_2025_08,2025-08,-1.0,0.753826,1.407186,3,SL_HIT,-0.513438,REJECT
XRPUSD_10542_BULLISH_10527_10538,XRPUSD,LONG,2025-08-14T06:00:00+00:00,WF_2025_08,2025-08,-1.0,0.445483,1.093458,2,SL_HIT,0.178379,REJECT
ETHUSD_10605_BULLISH_10597_10604,ETHUSD,LONG,2025-08-16T21:00:00+00:00,WF_2025_08,2025-08,1.714147,2.134005,0.689436,7,TP_HIT,-0.172235,REJECT
BTCUSD_10631_BULLISH_10609_10612,BTCUSD,LONG,2025-08-17T23:00:00+00:00,WF_2025_08,2025-08,-1.0,0.150456,1.525836,1,SL_HIT,-0.291034,REJECT
XRPUSD_10645_BULLISH_10349_10358,XRPUSD,LONG,2025-08-18T13:00:00+00:00,WF_2025_08,2025-08,1.679528,3.087889,0.0,4,TP_HIT,0.409583,ACCEPT
SOLUSD_10667_BEARISH_10657_10659,SOLUSD,SHORT,2025-08-19T11:00:00+00:00,WF_2025_08,2025-08,1.712559,2.181725,0.012907,3,TP_HIT,0.241695,ACCEPT
BTCUSD_10680_BULLISH_10335_10378,BTCUSD,LONG,2025-08-20T00:00:00+00:00,WF_2025_08,2025-08,-1.0,0.286602,1.232476,1,SL_HIT,-0.120247,REJECT
SOLUSD_10682_BEARISH_10669_10672,SOLUSD,SHORT,2025-08-20T02:00:00+00:00,WF_2025_08,2025-08,1.714676,1.821628,0.560784,12,TP_HIT,0.344093,ACCEPT
XRPUSD_10694_BEARISH_10688_10693,XRPUSD,SHORT,2025-08-20T14:00:00+00:00,WF_2025_08,2025-08,-1.0,0.0,1.541749,1,SL_HIT,-0.17443,REJECT
ETHUSD_10696_BEARISH_10669_10670,ETHUSD,SHORT,2025-08-20T16:00:00+00:00,WF_2025_08,2025-08,-1.0,0.0,1.416558,1,SL_HIT,-0.523353,REJECT
ETHUSD_10697_BEARISH_10654_10659,ETHUSD,SHORT,2025-08-20T17:00:00+00:00,WF_2025_08,2025-08,1.714227,2.435052,0.0,1,TP_HIT,0.002684,REJECT
BTCUSD_10698_BULLISH_10693_10697,BTCUSD,LONG,2025-08-20T18:00:00+00:00,WF_2025_08,2025-08,1.714287,1.777571,0.0,8,TP_HIT,0.043262,REJECT
XRPUSD_10699_BEARISH_10669_10670,XRPUSD,SHORT,2025-08-20T19:00:00+00:00,WF_2025_08,2025-08,1.686755,1.769617,0.0,6,TP_HIT,0.231028,ACCEPT
XRPUSD_10725_BULLISH_10693_10697,XRPUSD,LONG,2025-08-21T21:00:00+00:00,WF_2025_08,2025-08,-1.0,0.178017,1.360812,6,SL_HIT,-0.053041,REJECT
BTCUSD_10742_BEARISH_10669_10670,BTCUSD,SHORT,2025-08-22T14:00:00+00:00,WF_2025_08,2025-08,-1.0,0.0,2.852542,1,SL_HIT,-0.701393,REJECT
SOLUSD_10743_BEARISH_10624_10633,SOLUSD,SHORT,2025-08-22T15:00:00+00:00,WF_2025_08,2025-08,-1.0,0.041257,1.958969,1,SL_HIT,-0.464909,REJECT
XRPUSD_10746_BEARISH_10653_10658,XRPUSD,SHORT,2025-08-22T18:00:00+00:00,WF_2025_08,2025-08,-1.0,0.29368,1.242875,1,SL_HIT,-0.565459,REJECT
ETHUSD_10782_BULLISH_10767_10774,ETHUSD,LONG,2025-08-24T06:00:00+00:00,WF_2025_08,2025-08,-1.0,0.820566,1.038647,5,SL_HIT,-0.147308,REJECT
XRPUSD_10793_BEARISH_10777_10787,XRPUSD,SHORT,2025-08-24T17:00:00+00:00,WF_2025_08,2025-08,-1.0,0.380727,1.881517,1,SL_HIT,0.006784,REJECT
XRPUSD_10802_BEARISH_10793_10800,XRPUSD,SHORT,2025-08-25T02:00:00+00:00,WF_2025_08,2025-08,1.74359,3.062271,0.571429,4,TP_HIT,-0.37572,REJECT
SOLUSD_10805_BULLISH_10796_10802,SOLUSD,LONG,2025-08-25T05:00:00+00:00,WF_2025_08,2025-08,-1.0,0.113635,1.741908,2,SL_HIT,0.002223,REJECT
SOLUSD_10806_BULLISH_10765_10778,SOLUSD,LONG,2025-08-25T06:00:00+00:00,WF_2025_08,2025-08,-1.0,1.669469,2.332633,1,SL_HIT,0.077681,REJECT
XRPUSD_10840_BEARISH_10815_10819,XRPUSD,SHORT,2025-08-26T16:00:00+00:00,WF_2025_08,2025-08,-1.0,0.407683,1.713755,2,SL_HIT,-0.258221,REJECT
SOLUSD_10843_BEARISH_10814_10819,SOLUSD,SHORT,2025-08-26T19:00:00+00:00,WF_2025_08,2025-08,1.714104,1.915073,0.280286,6,TP_HIT,-0.086828,REJECT
ETHUSD_10852_BEARISH_10814_10819,ETHUSD,SHORT,2025-08-27T04:00:00+00:00,WF_2025_08,2025-08,1.714191,2.057629,0.586697,15,TP_HIT,-0.089406,REJECT
BTCUSD_10864_BEARISH_10816_10820,BTCUSD,SHORT,2025-08-27T16:00:00+00:00,WF_2025_08,2025-08,1.714283,1.943873,0.497564,4,TP_HIT,-0.149919,REJECT
ETHUSD_10866_BULLISH_10856_10863,ETHUSD,LONG,2025-08-27T18:00:00+00:00,WF_2025_08,2025-08,-1.0,0.415385,1.657988,1,SL_HIT,-0.062651,REJECT
ETHUSD_10878_BEARISH_10862_10869,ETHUSD,SHORT,2025-08-28T06:00:00+00:00,WF_2025_08,2025-08,1.714216,1.944444,0.515523,9,TP_HIT,-0.027439,REJECT
BTCUSD_10883_BEARISH_10803_10806,BTCUSD,SHORT,2025-08-28T11:00:00+00:00,WF_2025_08,2025-08,1.714294,2.065884,0.665145,8,TP_HIT,0.261961,ACCEPT
BTCUSD_10898_BULLISH_10872_10876,BTCUSD,LONG,2025-08-29T02:00:00+00:00,WF_2025_08,2025-08,-1.0,0.928205,2.878388,5,SL_HIT,-0.086196,REJECT
SOLUSD_10903_BULLISH_10889_10900,SOLUSD,LONG,2025-08-29T07:00:00+00:00,WF_2025_08,2025-08,-1.0,0.095252,1.471344,1,SL_HIT,-0.187151,REJECT
BTCUSD_10941_BULLISH_10933_10935,BTCUSD,LONG,2025-08-30T21:00:00+00:00,WF_2025_08,2025-08,1.714286,1.930403,0.371184,3,TP_HIT,-0.0988,REJECT
ETHUSD_10944_BEARISH_10899_10903,ETHUSD,SHORT,2025-08-31T00:00:00+00:00,WF_2025_08,2025-08,1.714261,3.442695,0.772528,23,TP_HIT,0.279684,ACCEPT
SOLUSD_10944_BEARISH_10925_10933,SOLUSD,SHORT,2025-08-31T00:00:00+00:00,WF_2025_08,2025-08,1.714556,1.782357,0.806931,14,TP_HIT,-0.183029,REJECT
BTCUSD_10962_BEARISH_10945_10955,BTCUSD,SHORT,2025-08-31T18:00:00+00:00,WF_2025_08,2025-08,1.71429,2.994374,0.302391,5,TP_HIT,-0.007547,REJECT
ETHUSD_10975_BEARISH_10959_10966,ETHUSD,SHORT,2025-09-01T07:00:00+00:00,WF_2025_09,2025-09,-1.0,0.106509,1.039448,1,SL_HIT,0.056071,REJECT
BTCUSD_10991_BEARISH_10981_10989,BTCUSD,SHORT,2025-09-01T23:00:00+00:00,WF_2025_09,2025-09,-1.0,0.090295,1.14346,2,SL_HIT,-0.555846,REJECT
SOLUSD_10996_BEARISH_10976_10989,SOLUSD,SHORT,2025-09-02T04:00:00+00:00,WF_2025_09,2025-09,1.716096,3.499296,0.944314,8,TP_HIT,-0.095688,REJECT
XRPUSD_11007_BULLISH_11004_11006,XRPUSD,LONG,2025-09-02T15:00:00+00:00,WF_2025_09,2025-09,1.597531,2.058436,0.358025,5,TP_HIT,0.001869,REJECT
XRPUSD_11019_BEARISH_10945_10967,XRPUSD,SHORT,2025-09-03T03:00:00+00:00,WF_2025_09,2025-09,-1.0,1.409938,1.277433,9,SL_HIT,0.078258,REJECT
ETHUSD_11036_BEARISH_10976_10984,ETHUSD,SHORT,2025-09-03T20:00:00+00:00,WF_2025_09,2025-09,1.7144,2.300057,0.586919,6,TP_HIT,0.308113,ACCEPT
SOLUSD_11037_BULLISH_11022_11030,SOLUSD,LONG,2025-09-03T21:00:00+00:00,WF_2025_09,2025-09,1.717172,1.738292,0.485767,2,TP_HIT,-0.269977,REJECT
BTCUSD_11044_BULLISH_11023_11030,BTCUSD,LONG,2025-09-04T04:00:00+00:00,WF_2025_09,2025-09,-1.0,0.0,1.432526,2,SL_HIT,-0.52963,REJECT
XRPUSD_11046_BULLISH_11023_11030,XRPUSD,LONG,2025-09-04T06:00:00+00:00,WF_2025_09,2025-09,1.790909,3.136364,0.636364,2,TP_HIT,-0.614388,REJECT
XRPUSD_11058_BULLISH_11008_11013,XRPUSD,LONG,2025-09-04T18:00:00+00:00,WF_2025_09,2025-09,-1.0,1.464986,1.201681,6,SL_HIT,0.076154,REJECT
SOLUSD_11071_BEARISH_11050_11054,SOLUSD,SHORT,2025-09-05T07:00:00+00:00,WF_2025_09,2025-09,1.716981,3.468553,0.118449,2,TP_HIT,-0.03261,REJECT
XRPUSD_11075_BEARISH_11048_11055,XRPUSD,SHORT,2025-09-05T11:00:00+00:00,WF_2025_09,2025-09,-1.0,0.0,1.945833,1,SL_HIT,-0.795196,REJECT
SOLUSD_11077_BEARISH_11029_11044,SOLUSD,SHORT,2025-09-05T13:00:00+00:00,WF_2025_09,2025-09,1.713327,2.824438,0.0,1,TP_HIT,-0.00025,REJECT
BTCUSD_11078_BULLISH_11064_11070,BTCUSD,LONG,2025-09-05T14:00:00+00:00,WF_2025_09,2025-09,-1.0,0.163,1.308,1,SL_HIT,-0.546759,REJECT
ETHUSD_11078_BULLISH_10740_10742,ETHUSD,LONG,2025-09-05T14:00:00+00:00,WF_2025_09,2025-09,1.714374,1.95272,0.463055,71,TP_HIT,0.014041,REJECT
SOLUSD_11078_BULLISH_11065_11076,SOLUSD,LONG,2025-09-05T14:00:00+00:00,WF_2025_09,2025-09,-1.0,1.268565,1.100119,26,SL_HIT,-0.204136,REJECT
ETHUSD_11094_BEARISH_11088_11093,ETHUSD,SHORT,2025-09-06T06:00:00+00:00,WF_2025_09,2025-09,1.714141,2.376263,0.325758,9,TP_HIT,0.703861,ACCEPT
SOLUSD_11096_BEARISH_11090_11093,SOLUSD,SHORT,2025-09-06T08:00:00+00:00,WF_2025_09,2025-09,1.714193,1.852452,0.0,5,TP_HIT,0.310056,ACCEPT
XRPUSD_11118_BEARISH_11091_11097,XRPUSD,SHORT,2025-09-07T06:00:00+00:00,WF_2025_09,2025-09,-1.0,0.0,1.580645,1,SL_HIT,0.209876,ACCEPT
BTCUSD_11138_BEARISH_11135_11136,BTCUSD,SHORT,2025-09-08T02:00:00+00:00,WF_2025_09,2025-09,-1.0,0.287273,1.008182,5,SL_HIT,-0.489246,REJECT
ETHUSD_11153_BULLISH_11143_11150,ETHUSD,LONG,2025-09-08T17:00:00+00:00,WF_2025_09,2025-09,-1.0,0.946746,1.112426,2,SL_HIT,-0.098539,REJECT
BTCUSD_11161_BULLISH_11138_11144,BTCUSD,LONG,2025-09-09T01:00:00+00:00,WF_2025_09,2025-09,1.714283,1.813008,0.168164,4,TP_HIT,0.106727,REJECT
BTCUSD_11172_BEARISH_10885_10903,BTCUSD,SHORT,2025-09-09T12:00:00+00:00,WF_2025_09,2025-09,1.714286,1.921373,0.2189,2,TP_HIT,-0.104448,REJECT
XRPUSD_11173_BEARISH_10866_10870,XRPUSD,SHORT,2025-09-09T13:00:00+00:00,WF_2025_09,2025-09,1.677477,2.347748,0.034234,1,TP_HIT,0.138348,REJECT
SOLUSD_11175_BULLISH_11162_11166,SOLUSD,LONG,2025-09-09T15:00:00+00:00,WF_2025_09,2025-09,1.715317,2.031547,0.0,3,TP_HIT,0.017265,REJECT
XRPUSD_11175_BULLISH_11163_11167,XRPUSD,LONG,2025-09-09T15:00:00+00:00,WF_2025_09,2025-09,1.576389,1.6875,0.298611,4,TP_HIT,-0.16573,REJECT
SOLUSD_11272_BULLISH_11240_11246,SOLUSD,LONG,2025-09-13T16:00:00+00:00,WF_2025_09,2025-09,-1.0,0.381381,1.686286,1,SL_HIT,-0.294905,REJECT
XRPUSD_11272_BULLISH_11253_11264,XRPUSD,LONG,2025-09-13T16:00:00+00:00,WF_2025_09,2025-09,-1.0,0.382353,1.013072,9,SL_HIT,-0.264885,REJECT
BTCUSD_11279_BEARISH_11266_11272,BTCUSD,SHORT,2025-09-13T23:00:00+00:00,WF_2025_09,2025-09,1.714296,2.521661,0.974729,14,TP_HIT,-0.065166,REJECT
ETHUSD_11309_BEARISH_11286_11293,ETHUSD,SHORT,2025-09-15T05:00:00+00:00,WF_2025_09,2025-09,1.714483,1.993103,0.457471,1,TP_HIT,0.006698,REJECT
XRPUSD_11310_BULLISH_11305_11309,XRPUSD,LONG,2025-09-15T06:00:00+00:00,WF_2025_09,2025-09,-1.0,0.336986,3.100457,2,SL_HIT,-0.181809,REJECT
ETHUSD_11311_BULLISH_11305_11308,ETHUSD,LONG,2025-09-15T07:00:00+00:00,WF_2025_09,2025-09,-1.0,0.0,3.194381,1,SL_HIT,-0.525962,REJECT
ETHUSD_11312_BULLISH_11244_11248,ETHUSD,LONG,2025-09-15T08:00:00+00:00,WF_2025_09,2025-09,-1.0,0.521739,1.304348,1,SL_HIT,-0.384978,REJECT
BTCUSD_11317_BULLISH_11223_11230,BTCUSD,LONG,2025-09-15T13:00:00+00:00,WF_2025_09,2025-09,1.71429,1.953107,0.234927,6,TP_HIT,0.124401,REJECT
SOLUSD_11325_BEARISH_11316_11320,SOLUSD,SHORT,2025-09-15T21:00:00+00:00,WF_2025_09,2025-09,-1.0,1.438522,1.409382,19,SL_HIT,0.107345,REJECT
BTCUSD_11337_BULLISH_11332_11333,BTCUSD,LONG,2025-09-16T09:00:00+00:00,WF_2025_09,2025-09,-1.0,0.063467,1.309598,4,SL_HIT,-0.499373,REJECT
XRPUSD_11347_BEARISH_11309_11312,XRPUSD,SHORT,2025-09-16T19:00:00+00:00,WF_2025_09,2025-09,1.535912,1.839779,0.508287,8,TP_HIT,-0.507514,REJECT
ETHUSD_11348_BEARISH_11334_11341,ETHUSD,SHORT,2025-09-16T20:00:00+00:00,WF_2025_09,2025-09,-1.0,0.426742,1.497175,6,SL_HIT,0.145111,REJECT
XRPUSD_11348_BULLISH_11336_11347,XRPUSD,LONG,2025-09-16T20:00:00+00:00,WF_2025_09,2025-09,-1.0,0.583697,1.032023,14,SL_HIT,0.20304,ACCEPT
SOLUSD_11362_BULLISH_11342_11343,SOLUSD,LONG,2025-09-17T10:00:00+00:00,WF_2025_09,2025-09,1.714607,2.032191,0.643129,8,TP_HIT,0.078664,REJECT
BTCUSD_11369_BULLISH_11341_11344,BTCUSD,LONG,2025-09-17T17:00:00+00:00,WF_2025_09,2025-09,-1.0,1.60355,1.009467,1,SL_HIT,0.190664,REJECT
SOLUSD_11374_BEARISH_11297_11303,SOLUSD,SHORT,2025-09-17T22:00:00+00:00,WF_2025_09,2025-09,-1.0,0.981011,1.186504,17,SL_HIT,-0.003766,REJECT
ETHUSD_11395_BULLISH_11389_11392,ETHUSD,LONG,2025-09-18T19:00:00+00:00,WF_2025_09,2025-09,-1.0,0.81402,1.463519,8,SL_HIT,-0.209058,REJECT
XRPUSD_11398_BULLISH_11382_11385,XRPUSD,LONG,2025-09-18T22:00:00+00:00,WF_2025_09,2025-09,-1.0,0.909774,1.536341,5,SL_HIT,-0.160617,REJECT
SOLUSD_11403_BULLISH_11382_11391,SOLUSD,LONG,2025-09-19T03:00:00+00:00,WF_2025_09,2025-09,-1.0,0.663024,1.230784,6,SL_HIT,0.357738,ACCEPT
BTCUSD_11416_BULLISH_11373_11379,BTCUSD,LONG,2025-09-19T16:00:00+00:00,WF_2025_09,2025-09,-1.0,0.265977,1.324609,3,SL_HIT,-0.150497,REJECT
ETHUSD_11432_BULLISH_11423_11431,ETHUSD,LONG,2025-09-20T08:00:00+00:00,WF_2025_09,2025-09,-1.0,1.682303,1.162047,25,SL_HIT,-0.131558,REJECT
BTCUSD_11442_BULLISH_11433_11440,BTCUSD,LONG,2025-09-20T18:00:00+00:00,WF_2025_09,2025-09,-1.0,1.021505,1.397849,5,SL_HIT,-0.511674,REJECT
BTCUSD_11449_BULLISH_11428_11431,BTCUSD,LONG,2025-09-21T01:00:00+00:00,WF_2025_09,2025-09,-1.0,1.354054,1.348649,8,SL_HIT,-0.482646,REJECT
XRPUSD_11452_BEARISH_11431_11442,XRPUSD,SHORT,2025-09-21T04:00:00+00:00,WF_2025_09,2025-09,-1.0,0.0,1.457143,1,SL_HIT,-0.758016,REJECT
SOLUSD_11456_BULLISH_11443_11451,SOLUSD,LONG,2025-09-21T08:00:00+00:00,WF_2025_09,2025-09,-1.0,0.0,1.760015,1,SL_HIT,-0.048287,REJECT
BTCUSD_11465_BEARISH_11460_11464,BTCUSD,SHORT,2025-09-21T17:00:00+00:00,WF_2025_09,2025-09,1.714266,2.059441,0.412587,2,TP_HIT,0.497906,ACCEPT
ETHUSD_11469_BULLISH_11457_11466,ETHUSD,LONG,2025-09-21T21:00:00+00:00,WF_2025_09,2025-09,-1.0,0.472917,1.004167,2,SL_HIT,0.215817,ACCEPT
ETHUSD_11474_BULLISH_11104_11232,ETHUSD,LONG,2025-09-22T02:00:00+00:00,WF_2025_09,2025-09,-1.0,0.444687,1.389252,3,SL_HIT,0.031561,REJECT
BTCUSD_11492_BEARISH_11486_11491,BTCUSD,SHORT,2025-09-22T20:00:00+00:00,WF_2025_09,2025-09,1.714286,2.468013,0.081289,6,TP_HIT,0.662277,ACCEPT
ETHUSD_11493_BEARISH_11486_11491,ETHUSD,SHORT,2025-09-22T21:00:00+00:00,WF_2025_09,2025-09,1.71413,1.862319,0.730072,5,TP_HIT,-0.064012,REJECT
BTCUSD_11501_BEARISH_11493_11498,BTCUSD,SHORT,2025-09-23T05:00:00+00:00,WF_2025_09,2025-09,-1.0,0.0,1.382392,1,SL_HIT,-0.120248,REJECT
SOLUSD_11504_BEARISH_11496_11498,SOLUSD,SHORT,2025-09-23T08:00:00+00:00,WF_2025_09,2025-09,1.714917,1.957526,0.626232,7,TP_HIT,0.08051,REJECT
BTCUSD_11513_BULLISH_11500_11503,BTCUSD,LONG,2025-09-23T17:00:00+00:00,WF_2025_09,2025-09,-1.0,0.0,1.287319,1,SL_HIT,-1.19028,REJECT
ETHUSD_11558_BEARISH_11553_11557,ETHUSD,SHORT,2025-09-25T14:00:00+00:00,WF_2025_09,2025-09,1.714169,3.124488,0.0,2,TP_HIT,0.745257,ACCEPT
ETHUSD_11578_BULLISH_11567_11569,ETHUSD,LONG,2025-09-26T10:00:00+00:00,WF_2025_09,2025-09,1.714311,2.222519,0.454815,3,TP_HIT,-0.012169,REJECT
XRPUSD_11580_BEARISH_11570_11578,XRPUSD,SHORT,2025-09-26T12:00:00+00:00,WF_2025_09,2025-09,1.612429,2.561582,0.507345,2,TP_HIT,0.536941,ACCEPT
SOLUSD_11584_BEARISH_11563_11567,SOLUSD,SHORT,2025-09-26T16:00:00+00:00,WF_2025_09,2025-09,-1.0,0.0,1.416101,1,SL_HIT,-0.344176,REJECT
BTCUSD_11587_BULLISH_11579_11585,BTCUSD,LONG,2025-09-26T19:00:00+00:00,WF_2025_09,2025-09,1.714278,2.014346,0.231224,45,TP_HIT,0.005056,REJECT
SOLUSD_11616_BULLISH_11609_11613,SOLUSD,LONG,2025-09-28T00:00:00+00:00,WF_2025_09,2025-09,-1.0,0.479296,1.069173,3,SL_HIT,0.396337,ACCEPT
BTCUSD_11617_BULLISH_11607_11614,BTCUSD,LONG,2025-09-28T01:00:00+00:00,WF_2025_09,2025-09,-1.0,0.665281,1.035343,11,SL_HIT,-0.151884,REJECT
XRPUSD_11619_BULLISH_11609_11612,XRPUSD,LONG,2025-09-28T03:00:00+00:00,WF_2025_09,2025-09,1.892857,2.071429,0.779762,12,TP_HIT,0.252055,ACCEPT
SOLUSD_11631_BEARISH_11614_11625,SOLUSD,SHORT,2025-09-28T15:00:00+00:00,WF_2025_09,2025-09,-1.0,0.473592,1.807364,2,SL_HIT,0.158612,REJECT
XRPUSD_11656_BULLISH_11653_11654,XRPUSD,LONG,2025-09-29T16:00:00+00:00,WF_2025_09,2025-09,-1.0,1.271242,1.277778,17,SL_HIT,0.04493,REJECT
ETHUSD_11658_BEARISH_11534_11547,ETHUSD,SHORT,2025-09-29T18:00:00+00:00,WF_2025_09,2025-09,-1.0,0.102766,1.645124,2,SL_HIT,-0.082011,REJECT
SOLUSD_11672_BULLISH_11652_11654,SOLUSD,LONG,2025-09-30T08:00:00+00:00,WF_2025_09,2025-09,-1.0,1.089566,1.307692,7,SL_HIT,0.106851,REJECT
ETHUSD_11673_BULLISH_11657_11660,ETHUSD,LONG,2025-09-30T09:00:00+00:00,WF_2025_09,2025-09,-1.0,1.058294,1.390037,5,SL_HIT,-0.510546,REJECT
ETHUSD_11680_BULLISH_11647_11653,ETHUSD,LONG,2025-09-30T16:00:00+00:00,WF_2025_09,2025-09,1.714475,3.430279,0.721116,3,TP_HIT,-0.567384,REJECT
ETHUSD_11684_BEARISH_11664_11679,ETHUSD,SHORT,2025-09-30T20:00:00+00:00,WF_2025_09,2025-09,1.71437,1.999022,0.0,2,TP_HIT,0.067123,REJECT
SOLUSD_11706_BEARISH_11512_11523,SOLUSD,SHORT,2025-10-01T18:00:00+00:00,WF_2025_10,2025-10,-1.0,0.119986,1.339523,5,SL_HIT,-0.063516,REJECT
ETHUSD_11709_BULLISH_11698_11707,ETHUSD,LONG,2025-10-01T21:00:00+00:00,WF_2025_10,2025-10,1.714398,2.035503,0.0,2,TP_HIT,-0.050169,REJECT
ETHUSD_11712_BULLISH_11709_11711,ETHUSD,LONG,2025-10-02T00:00:00+00:00,WF_2025_10,2025-10,1.714374,2.099621,0.0,1,TP_HIT,0.491023,ACCEPT
SOLUSD_11726_BULLISH_11719_11724,SOLUSD,LONG,2025-10-02T14:00:00+00:00,WF_2025_10,2025-10,1.712776,2.305816,0.890172,2,TP_HIT,-0.629216,REJECT
SOLUSD_11753_BULLISH_11750_11751,SOLUSD,LONG,2025-10-03T17:00:00+00:00,WF_2025_10,2025-10,1.714658,1.886349,0.33978,2,TP_HIT,-0.125173,REJECT
XRPUSD_11753_BULLISH_11750_11751,XRPUSD,LONG,2025-10-03T17:00:00+00:00,WF_2025_10,2025-10,-1.0,0.613861,1.455446,15,SL_HIT,-0.301154,REJECT
ETHUSD_11810_BEARISH_11795_11801,ETHUSD,SHORT,2025-10-06T02:00:00+00:00,WF_2025_10,2025-10,-1.0,1.2277,1.976526,4,SL_HIT,-0.135013,REJECT
ETHUSD_11815_BULLISH_11808_11814,ETHUSD,LONG,2025-10-06T07:00:00+00:00,WF_2025_10,2025-10,1.714358,2.06342,0.083714,6,TP_HIT,-0.290806,REJECT
SOLUSD_11828_BULLISH_11815_11823,SOLUSD,LONG,2025-10-06T20:00:00+00:00,WF_2025_10,2025-10,-1.0,0.678186,1.444688,10,SL_HIT,-0.019749,REJECT
BTCUSD_11845_BULLISH_11815_11820,BTCUSD,LONG,2025-10-07T13:00:00+00:00,WF_2025_10,2025-10,-1.0,0.260464,2.21362,1,SL_HIT,0.358366,ACCEPT
ETHUSD_11850_BULLISH_11776_11786,ETHUSD,LONG,2025-10-07T18:00:00+00:00,WF_2025_10,2025-10,1.714371,2.654144,0.100775,2,TP_HIT,0.10737,REJECT
XRPUSD_11860_BEARISH_11852_11859,XRPUSD,SHORT,2025-10-08T04:00:00+00:00,WF_2025_10,2025-10,-1.0,0.950249,1.064677,8,SL_HIT,0.15639,REJECT
XRPUSD_11881_BULLISH_11860_11872,XRPUSD,LONG,2025-10-09T01:00:00+00:00,WF_2025_10,2025-10,-1.0,0.151163,1.217054,1,SL_HIT,0.039658,REJECT
XRPUSD_11882_BULLISH_11691_11696,XRPUSD,LONG,2025-10-09T02:00:00+00:00,WF_2025_10,2025-10,-1.0,0.632749,1.014035,5,SL_HIT,-0.189419,REJECT
XRPUSD_11909_BEARISH_11892_11896,XRPUSD,SHORT,2025-10-10T05:00:00+00:00,WF_2025_10,2025-10,1.967985,2.148776,0.269303,2,TP_HIT,0.278056,ACCEPT
SOLUSD_11918_BULLISH_11912_11917,SOLUSD,LONG,2025-10-10T14:00:00+00:00,WF_2025_10,2025-10,-1.0,0.356673,5.138812,1,SL_HIT,0.397756,ACCEPT
SOLUSD_11922_BULLISH_11692_11696,SOLUSD,LONG,2025-10-10T18:00:00+00:00,WF_2025_10,2025-10,-1.0,0.0,2.26964,1,SL_HIT,-0.316577,REJECT
BTCUSD_11938_BEARISH_11932_11935,BTCUSD,SHORT,2025-10-11T10:00:00+00:00,WF_2025_10,2025-10,1.714283,2.44066,0.519608,10,TP_HIT,0.155526,REJECT
XRPUSD_11940_BULLISH_11933_11936,XRPUSD,LONG,2025-10-11T12:00:00+00:00,WF_2025_10,2025-10,-1.0,1.346218,2.14958,8,SL_HIT,0.670739,ACCEPT
ETHUSD_11958_BEARISH_11943_11947,ETHUSD,SHORT,2025-10-12T06:00:00+00:00,WF_2025_10,2025-10,-1.0,0.613445,1.361745,4,SL_HIT,-0.143038,REJECT
SOLUSD_11958_BEARISH_11943_11947,SOLUSD,SHORT,2025-10-12T06:00:00+00:00,WF_2025_10,2025-10,1.716107,2.556596,0.031486,7,TP_HIT,0.389675,ACCEPT
BTCUSD_11989_BEARISH_11983_11987,BTCUSD,SHORT,2025-10-13T13:00:00+00:00,WF_2025_10,2025-10,1.714288,2.35344,0.850141,1,TP_HIT,-0.850021,REJECT
ETHUSD_11989_BEARISH_11983_11987,ETHUSD,SHORT,2025-10-13T13:00:00+00:00,WF_2025_10,2025-10,1.714322,2.969582,0.264892,1,TP_HIT,0.167678,REJECT
BTCUSD_12001_BULLISH_11991_11995,BTCUSD,LONG,2025-10-14T01:00:00+00:00,WF_2025_10,2025-10,-1.0,0.0,1.613577,1,SL_HIT,-0.629594,REJECT
XRPUSD_12001_BULLISH_11987_11996,XRPUSD,LONG,2025-10-14T01:00:00+00:00,WF_2025_10,2025-10,-1.0,0.025794,1.367063,3,SL_HIT,9.5e-05,REJECT
ETHUSD_12004_BULLISH_11988_11993,ETHUSD,LONG,2025-10-14T04:00:00+00:00,WF_2025_10,2025-10,-1.0,0.201878,1.013658,1,SL_HIT,-0.410053,REJECT
XRPUSD_12004_BULLISH_11975_11982,XRPUSD,LONG,2025-10-14T04:00:00+00:00,WF_2025_10,2025-10,-1.0,0.617978,1.589263,1,SL_HIT,-0.226261,REJECT
SOLUSD_12006_BULLISH_11987_11992,SOLUSD,LONG,2025-10-14T06:00:00+00:00,WF_2025_10,2025-10,1.713407,2.087823,0.750308,9,TP_HIT,0.573104,ACCEPT
BTCUSD_12007_BULLISH_11961_11966,BTCUSD,LONG,2025-10-14T07:00:00+00:00,WF_2025_10,2025-10,-1.0,0.755784,1.126821,2,SL_HIT,-0.147212,REJECT
ETHUSD_12034_BULLISH_12027_12032,ETHUSD,LONG,2025-10-15T10:00:00+00:00,WF_2025_10,2025-10,-1.0,0.5,1.932258,3,SL_HIT,0.231051,ACCEPT
SOLUSD_12035_BULLISH_12028_12032,SOLUSD,LONG,2025-10-15T11:00:00+00:00,WF_2025_10,2025-10,-1.0,0.664732,2.023856,2,SL_HIT,-0.18695,REJECT
BTCUSD_12055_BULLISH_12048_12054,BTCUSD,LONG,2025-10-16T07:00:00+00:00,WF_2025_10,2025-10,-1.0,1.646,2.72,2,SL_HIT,-0.658716,REJECT
SOLUSD_12062_BULLISH_12053_12059,SOLUSD,LONG,2025-10-16T14:00:00+00:00,WF_2025_10,2025-10,-1.0,0.259963,3.09608,1,SL_HIT,0.18878,REJECT
XRPUSD_12062_BULLISH_12056_12058,XRPUSD,LONG,2025-10-16T14:00:00+00:00,WF_2025_10,2025-10,-1.0,0.537367,3.158956,1,SL_HIT,-0.219229,REJECT
XRPUSD_12066_BULLISH_11954_11968,XRPUSD,LONG,2025-10-16T18:00:00+00:00,WF_2025_10,2025-10,-1.0,0.551089,1.123953,1,SL_HIT,0.395949,ACCEPT
SOLUSD_12093_BEARISH_12073_12078,SOLUSD,SHORT,2025-10-17T21:00:00+00:00,WF_2025_10,2025-10,1.714441,1.757872,0.21245,2,TP_HIT,0.091937,REJECT
XRPUSD_12099_BEARISH_12073_12079,XRPUSD,SHORT,2025-10-18T03:00:00+00:00,WF_2025_10,2025-10,-1.0,0.775026,1.070175,34,SL_HIT,0.452086,ACCEPT
ETHUSD_12123_BEARISH_12073_12078,ETHUSD,SHORT,2025-10-19T03:00:00+00:00,WF_2025_10,2025-10,-1.0,2.667799,1.298981,5,SL_HIT,0.27906,ACCEPT
XRPUSD_12131_BULLISH_12129_12130,XRPUSD,LONG,2025-10-19T11:00:00+00:00,WF_2025_10,2025-10,1.686808,1.803625,0.252769,18,TP_HIT,0.096284,REJECT
SOLUSD_12143_BULLISH_12129_12130,SOLUSD,LONG,2025-10-19T23:00:00+00:00,WF_2025_10,2025-10,-1.0,1.707744,1.002627,29,SL_HIT,0.220403,ACCEPT
ETHUSD_12153_BEARISH_12060_12063,ETHUSD,SHORT,2025-10-20T09:00:00+00:00,WF_2025_10,2025-10,1.714191,3.668867,0.075908,7,TP_HIT,0.12454,REJECT
SOLUSD_12160_BULLISH_12144_12149,SOLUSD,LONG,2025-10-20T16:00:00+00:00,WF_2025_10,2025-10,-1.0,1.406048,1.20568,12,SL_HIT,0.379935,ACCEPT
BTCUSD_12172_BULLISH_12144_12147,BTCUSD,LONG,2025-10-21T04:00:00+00:00,WF_2025_10,2025-10,1.71429,4.402784,0.958661,10,TP_HIT,-0.645759,REJECT
ETHUSD_12191_BULLISH_12173_12182,ETHUSD,LONG,2025-10-21T23:00:00+00:00,WF_2025_10,2025-10,-1.0,0.92549,1.776471,1,SL_HIT,0.288689,ACCEPT
BTCUSD_12192_BULLISH_12173_12182,BTCUSD,LONG,2025-10-22T00:00:00+00:00,WF_2025_10,2025-10,-1.0,1.318052,2.327603,11,SL_HIT,-0.022578,REJECT
ETHUSD_12192_BULLISH_12096_12103,ETHUSD,LONG,2025-10-22T00:00:00+00:00,WF_2025_10,2025-10,1.714074,1.992593,0.0,1,TP_HIT,0.517079,ACCEPT
BTCUSD_12209_BULLISH_12203_12205,BTCUSD,LONG,2025-10-22T17:00:00+00:00,WF_2025_10,2025-10,-1.0,0.514008,1.108862,4,SL_HIT,-0.232994,REJECT
BTCUSD_12213_BULLISH_12128_12129,BTCUSD,LONG,2025-10-22T21:00:00+00:00,WF_2025_10,2025-10,1.714286,2.153439,0.098413,4,TP_HIT,0.237733,ACCEPT
ETHUSD_12218_BEARISH_12205_12213,ETHUSD,SHORT,2025-10-23T02:00:00+00:00,WF_2025_10,2025-10,-1.0,0.380952,1.510025,4,SL_HIT,0.330013,ACCEPT
XRPUSD_12220_BEARISH_12207_12212,XRPUSD,SHORT,2025-10-23T04:00:00+00:00,WF_2025_10,2025-10,-1.0,0.145946,1.082883,2,SL_HIT,0.27249,ACCEPT
SOLUSD_12232_BEARISH_12183_12209,SOLUSD,SHORT,2025-10-23T16:00:00+00:00,WF_2025_10,2025-10,-1.0,1.231163,1.186753,67,SL_HIT,0.078382,REJECT
ETHUSD_12236_BULLISH_12230_12232,ETHUSD,LONG,2025-10-23T20:00:00+00:00,WF_2025_10,2025-10,1.714358,3.996001,0.632134,8,TP_HIT,-0.355818,REJECT
XRPUSD_12236_BULLISH_12228_12233,XRPUSD,LONG,2025-10-23T20:00:00+00:00,WF_2025_10,2025-10,1.933333,3.8,0.49899,8,TP_HIT,-0.190869,REJECT
SOLUSD_12254_BULLISH_12236_12244,SOLUSD,LONG,2025-10-24T14:00:00+00:00,WF_2025_10,2025-10,1.712894,1.793564,0.82189,11,TP_HIT,-0.333445,REJECT
BTCUSD_12255_BULLISH_12236_12246,BTCUSD,LONG,2025-10-24T15:00:00+00:00,WF_2025_10,2025-10,1.71429,1.785291,0.285093,6,TP_HIT,0.025155,REJECT
XRPUSD_12258_BEARISH_12183_12200,XRPUSD,SHORT,2025-10-24T18:00:00+00:00,WF_2025_10,2025-10,-1.0,0.0,1.130584,6,SL_HIT,0.042698,REJECT
ETHUSD_12278_BULLISH_12265_12272,ETHUSD,LONG,2025-10-25T14:00:00+00:00,WF_2025_10,2025-10,1.714148,2.022774,0.492063,4,TP_HIT,0.192288,REJECT
BTCUSD_12293_BEARISH_12288_12291,BTCUSD,SHORT,2025-10-26T05:00:00+00:00,WF_2025_10,2025-10,-1.0,0.0,3.346405,4,SL_HIT,0.078618,REJECT
ETHUSD_12305_BEARISH_12184_12201,ETHUSD,SHORT,2025-10-26T17:00:00+00:00,WF_2025_10,2025-10,-1.0,0.0,2.031003,5,SL_HIT,-0.446992,REJECT
XRPUSD_12308_BULLISH_12291_12296,XRPUSD,LONG,2025-10-26T20:00:00+00:00,WF_2025_10,2025-10,1.495726,3.683761,0.0,2,TP_HIT,0.043643,REJECT
BTCUSD_12320_BULLISH_12312_12318,BTCUSD,LONG,2025-10-27T08:00:00+00:00,WF_2025_10,2025-10,-1.0,1.325899,1.342375,13,SL_HIT,0.225626,ACCEPT
XRPUSD_12321_BULLISH_12308_12313,XRPUSD,LONG,2025-10-27T09:00:00+00:00,WF_2025_10,2025-10,2.065954,2.258467,0.358289,4,TP_HIT,-0.050165,REJECT
XRPUSD_12332_BULLISH_12326_12328,XRPUSD,LONG,2025-10-27T20:00:00+00:00,WF_2025_10,2025-10,1.947109,2.01599,0.650677,11,TP_HIT,0.360433,ACCEPT
SOLUSD_12334_BULLISH_12309_12310,SOLUSD,LONG,2025-10-27T22:00:00+00:00,WF_2025_10,2025-10,1.716049,1.840329,0.638025,2,TP_HIT,0.199552,REJECT
ETHUSD_12341_BULLISH_12304_12310,ETHUSD,LONG,2025-10-28T05:00:00+00:00,WF_2025_10,2025-10,1.714143,2.077094,0.012757,1,TP_HIT,0.002565,REJECT
SOLUSD_12368_BULLISH_12361_12365,SOLUSD,LONG,2025-10-29T08:00:00+00:00,WF_2025_10,2025-10,1.717036,2.874367,0.370097,3,TP_HIT,0.331737,ACCEPT
XRPUSD_12377_BEARISH_12354_12356,XRPUSD,SHORT,2025-10-29T17:00:00+00:00,WF_2025_10,2025-10,1.378947,7.8,0.010526,1,TP_HIT,0.096957,REJECT
ETHUSD_12420_BULLISH_12416_12419,ETHUSD,LONG,2025-10-31T12:00:00+00:00,WF_2025_10,2025-10,-1.0,1.345645,1.122207,4,SL_HIT,-0.147774,REJECT
SOLUSD_12420_BULLISH_12416_12419,SOLUSD,LONG,2025-10-31T12:00:00+00:00,WF_2025_10,2025-10,1.717467,2.271648,0.055913,2,TP_HIT,0.482046,ACCEPT
BTCUSD_12422_BEARISH_12391_12397,BTCUSD,SHORT,2025-10-31T14:00:00+00:00,WF_2025_10,2025-10,1.714283,3.079986,0.439402,2,TP_HIT,0.239914,ACCEPT
BTCUSD_12437_BULLISH_12427_12436,BTCUSD,LONG,2025-11-01T05:00:00+00:00,WF_2025_11,2025-11,-1.0,1.458604,1.527091,45,SL_HIT,0.115536,REJECT
XRPUSD_12447_BEARISH_12441_12444,XRPUSD,SHORT,2025-11-01T15:00:00+00:00,WF_2025_11,2025-11,-1.0,0.66443,1.832215,13,SL_HIT,0.251781,ACCEPT
ETHUSD_12449_BULLISH_12446_12447,ETHUSD,LONG,2025-11-01T17:00:00+00:00,WF_2025_11,2025-11,1.71453,2.188034,0.80057,11,TP_HIT,-0.57751,REJECT
SOLUSD_12451_BEARISH_12448_12449,SOLUSD,SHORT,2025-11-01T19:00:00+00:00,WF_2025_11,2025-11,1.71351,1.802628,0.850328,6,TP_HIT,-0.117549,REJECT
ETHUSD_12465_BULLISH_12457_12460,ETHUSD,LONG,2025-11-02T09:00:00+00:00,WF_2025_11,2025-11,-1.0,0.0,1.526984,1,SL_HIT,-0.177731,REJECT
BTCUSD_12470_BULLISH_12453_12460,BTCUSD,LONG,2025-11-02T14:00:00+00:00,WF_2025_11,2025-11,-1.0,0.205656,1.220223,2,SL_HIT,-0.083585,REJECT
ETHUSD_12479_BEARISH_12463_12470,ETHUSD,SHORT,2025-11-02T23:00:00+00:00,WF_2025_11,2025-11,1.714465,1.794969,0.823899,1,TP_HIT,-0.342149,REJECT
SOLUSD_12479_BEARISH_12463_12470,SOLUSD,SHORT,2025-11-02T23:00:00+00:00,WF_2025_11,2025-11,-1.0,0.42158,1.633775,1,SL_HIT,-0.493217,REJECT
XRPUSD_12479_BEARISH_12467_12475,XRPUSD,SHORT,2025-11-02T23:00:00+00:00,WF_2025_11,2025-11,1.587156,2.076453,0.29052,3,TP_HIT,-0.180677,REJECT
SOLUSD_12493_BULLISH_11949_11966,SOLUSD,LONG,2025-11-03T13:00:00+00:00,WF_2025_11,2025-11,-1.0,0.230497,3.190573,2,SL_HIT,0.105822,REJECT
XRPUSD_12543_BEARISH_12519_12522,XRPUSD,SHORT,2025-11-05T15:00:00+00:00,WF_2025_11,2025-11,-1.0,0.96353,1.154632,4,SL_HIT,0.289453,ACCEPT
SOLUSD_12544_BEARISH_12519_12523,SOLUSD,SHORT,2025-11-05T16:00:00+00:00,WF_2025_11,2025-11,1.714825,1.807395,0.610745,20,TP_HIT,0.267718,ACCEPT
XRPUSD_12557_BULLISH_12553_12554,XRPUSD,LONG,2025-11-06T05:00:00+00:00,WF_2025_11,2025-11,-1.0,0.055072,1.340097,4,SL_HIT,-0.311499,REJECT
SOLUSD_12574_BULLISH_12536_12541,SOLUSD,LONG,2025-11-06T22:00:00+00:00,WF_2025_11,2025-11,-1.0,0.0,1.114613,1,SL_HIT,-0.091808,REJECT
ETHUSD_12585_BULLISH_12577_12581,ETHUSD,LONG,2025-11-07T09:00:00+00:00,WF_2025_11,2025-11,-1.0,0.0,1.061411,1,SL_HIT,-0.446473,REJECT
SOLUSD_12592_BEARISH_12579_12588,SOLUSD,SHORT,2025-11-07T16:00:00+00:00,WF_2025_11,2025-11,-1.0,0.562708,3.153903,1,SL_HIT,-0.167755,REJECT
ETHUSD_12595_BEARISH_12556_12564,ETHUSD,SHORT,2025-11-07T19:00:00+00:00,WF_2025_11,2025-11,-1.0,0.294261,1.735043,1,SL_HIT,-0.79652,REJECT
BTCUSD_12596_BEARISH_12556_12564,BTCUSD,SHORT,2025-11-07T20:00:00+00:00,WF_2025_11,2025-11,1.714281,2.496503,0.755504,4,TP_HIT,-0.203964,REJECT
XRPUSD_12596_BEARISH_12555_12561,XRPUSD,SHORT,2025-11-07T20:00:00+00:00,WF_2025_11,2025-11,1.580766,1.860878,0.077498,3,TP_HIT,-0.469807,REJECT
BTCUSD_12665_BEARISH_12657_12662,BTCUSD,SHORT,2025-11-10T17:00:00+00:00,WF_2025_11,2025-11,-1.0,1.326278,2.548001,8,SL_HIT,-0.112506,REJECT
SOLUSD_12676_BULLISH_12669_12674,SOLUSD,LONG,2025-11-11T04:00:00+00:00,WF_2025_11,2025-11,-1.0,0.0,1.55405,2,SL_HIT,-0.08239,REJECT
BTCUSD_12677_BULLISH_12663_12674,BTCUSD,LONG,2025-11-11T05:00:00+00:00,WF_2025_11,2025-11,-1.0,0.165463,1.363261,7,SL_HIT,-0.378583,REJECT
ETHUSD_12707_BEARISH_12684_12686,ETHUSD,SHORT,2025-11-12T11:00:00+00:00,WF_2025_11,2025-11,1.714162,1.790353,0.886209,3,TP_HIT,-0.039346,REJECT
SOLUSD_12717_BULLISH_12588_12593,SOLUSD,LONG,2025-11-12T21:00:00+00:00,WF_2025_11,2025-11,-1.0,1.008481,1.244079,6,SL_HIT,0.380882,ACCEPT
SOLUSD_12733_BULLISH_12721_12725,SOLUSD,LONG,2025-11-13T13:00:00+00:00,WF_2025_11,2025-11,-1.0,1.690389,1.931265,3,SL_HIT,0.111401,REJECT
XRPUSD_12762_BULLISH_12757_12760,XRPUSD,LONG,2025-11-14T18:00:00+00:00,WF_2025_11,2025-11,-1.0,0.861472,1.069264,2,SL_HIT,0.170914,REJECT
BTCUSD_12770_BEARISH_12760_12764,BTCUSD,SHORT,2025-11-15T02:00:00+00:00,WF_2025_11,2025-11,1.714289,1.962579,0.327001,23,TP_HIT,0.194002,REJECT
ETHUSD_12788_BULLISH_12776_12785,ETHUSD,LONG,2025-11-15T20:00:00+00:00,WF_2025_11,2025-11,-1.0,0.682759,1.096552,5,SL_HIT,0.012055,REJECT
BTCUSD_12799_BEARISH_12782_12788,BTCUSD,SHORT,2025-11-16T07:00:00+00:00,WF_2025_11,2025-11,-1.0,0.299896,1.336468,2,SL_HIT,-0.091361,REJECT
BTCUSD_12805_BULLISH_12793_12801,BTCUSD,LONG,2025-11-16T13:00:00+00:00,WF_2025_11,2025-11,-1.0,0.685171,2.00076,2,SL_HIT,0.046594,REJECT
ETHUSD_12805_BULLISH_12793_12801,ETHUSD,LONG,2025-11-16T13:00:00+00:00,WF_2025_11,2025-11,-1.0,1.475124,2.666667,2,SL_HIT,0.161,REJECT
XRPUSD_12813_BULLISH_12588_12592,XRPUSD,LONG,2025-11-16T21:00:00+00:00,WF_2025_11,2025-11,1.639332,1.936978,0.678056,3,TP_HIT,0.272647,ACCEPT
ETHUSD_12820_BEARISH_12760_12808,ETHUSD,SHORT,2025-11-17T04:00:00+00:00,WF_2025_11,2025-11,1.714356,1.90422,0.388256,9,TP_HIT,-0.023841,REJECT
SOLUSD_12867_BULLISH_12864_12866,SOLUSD,LONG,2025-11-19T03:00:00+00:00,WF_2025_11,2025-11,-1.0,0.0,1.478869,1,SL_HIT,-0.718259,REJECT
SOLUSD_12871_BEARISH_12866_12868,SOLUSD,SHORT,2025-11-19T07:00:00+00:00,WF_2025_11,2025-11,1.712332,1.932097,0.148056,6,TP_HIT,0.356516,ACCEPT
BTCUSD_12887_BEARISH_12871_12879,BTCUSD,SHORT,2025-11-19T23:00:00+00:00,WF_2025_11,2025-11,-1.0,0.042357,1.349294,1,SL_HIT,-0.563173,REJECT
BTCUSD_12947_BEARISH_12942_12946,BTCUSD,SHORT,2025-11-22T11:00:00+00:00,WF_2025_11,2025-11,-1.0,1.182069,1.189425,5,SL_HIT,0.763437,ACCEPT
XRPUSD_12952_BEARISH_12938_12949,XRPUSD,SHORT,2025-11-22T16:00:00+00:00,WF_2025_11,2025-11,-1.0,1.27027,1.216216,6,SL_HIT,0.149617,REJECT
BTCUSD_12959_BULLISH_12952_12958,BTCUSD,LONG,2025-11-22T23:00:00+00:00,WF_2025_11,2025-11,1.714286,2.7595,0.139971,2,TP_HIT,0.033363,REJECT
BTCUSD_12986_BEARISH_12910_12914,BTCUSD,SHORT,2025-11-24T02:00:00+00:00,WF_2025_11,2025-11,1.714289,2.093384,0.470719,7,TP_HIT,0.085413,REJECT
XRPUSD_12988_BULLISH_12984_12986,XRPUSD,LONG,2025-11-24T04:00:00+00:00,WF_2025_11,2025-11,1.697674,2.026357,0.550388,12,TP_HIT,0.171592,REJECT
ETHUSD_12993_BULLISH_12984_12989,ETHUSD,LONG,2025-11-24T09:00:00+00:00,WF_2025_11,2025-11,1.714169,1.833743,0.289107,5,TP_HIT,0.230004,ACCEPT
SOLUSD_12993_BULLISH_12967_12975,SOLUSD,LONG,2025-11-24T09:00:00+00:00,WF_2025_11,2025-11,1.710744,2.498122,0.588279,5,TP_HIT,-0.102254,REJECT
BTCUSD_13000_BEARISH_12986_12993,BTCUSD,SHORT,2025-11-24T16:00:00+00:00,WF_2025_11,2025-11,-1.0,0.427293,1.485778,1,SL_HIT,-0.12948,REJECT
BTCUSD_13044_BULLISH_12998_13001,BTCUSD,LONG,2025-11-26T12:00:00+00:00,WF_2025_11,2025-11,1.714287,3.483071,0.0,5,TP_HIT,0.194737,REJECT
SOLUSD_13044_BULLISH_13022_13033,SOLUSD,LONG,2025-11-26T12:00:00+00:00,WF_2025_11,2025-11,1.71367,2.435791,0.0,5,TP_HIT,0.168687,REJECT
XRPUSD_13049_BEARISH_13008_13015,XRPUSD,SHORT,2025-11-26T17:00:00+00:00,WF_2025_11,2025-11,1.559585,1.62867,0.64076,15,TP_HIT,-0.216224,REJECT
ETHUSD_13058_BULLISH_13056_13057,ETHUSD,LONG,2025-11-27T02:00:00+00:00,WF_2025_11,2025-11,-1.0,0.524035,1.55792,10,SL_HIT,0.231984,ACCEPT
BTCUSD_13074_BEARISH_13065_13069,BTCUSD,SHORT,2025-11-27T18:00:00+00:00,WF_2025_11,2025-11,1.714286,1.778733,0.646617,8,TP_HIT,-0.942033,REJECT
ETHUSD_13074_BEARISH_13058_13068,ETHUSD,SHORT,2025-11-27T18:00:00+00:00,WF_2025_11,2025-11,1.714245,1.977458,0.0,7,TP_HIT,0.018976,REJECT
SOLUSD_13089_BEARISH_13074_13081,SOLUSD,SHORT,2025-11-28T09:00:00+00:00,WF_2025_11,2025-11,-1.0,1.596449,1.230831,4,SL_HIT,0.074276,REJECT
BTCUSD_13096_BULLISH_13082_13090,BTCUSD,LONG,2025-11-28T16:00:00+00:00,WF_2025_11,2025-11,-1.0,0.127812,1.93456,1,SL_HIT,-0.526535,REJECT
ETHUSD_13122_BEARISH_13119_13121,ETHUSD,SHORT,2025-11-29T18:00:00+00:00,WF_2025_11,2025-11,-1.0,0.99874,1.204159,14,SL_HIT,0.363974,ACCEPT
XRPUSD_13124_BEARISH_13094_13097,XRPUSD,SHORT,2025-11-29T20:00:00+00:00,WF_2025_11,2025-11,1.578892,2.360502,0.276907,27,TP_HIT,0.299281,ACCEPT
SOLUSD_13140_BEARISH_13120_13121,SOLUSD,SHORT,2025-11-30T12:00:00+00:00,WF_2025_11,2025-11,-1.0,0.0,4.805856,1,SL_HIT,-0.380844,REJECT
ETHUSD_13144_BEARISH_13099_13110,ETHUSD,SHORT,2025-11-30T16:00:00+00:00,WF_2025_11,2025-11,1.714487,3.011252,0.088608,7,TP_HIT,-0.175053,REJECT
ETHUSD_13159_BULLISH_12998_13001,ETHUSD,LONG,2025-12-01T07:00:00+00:00,WF_2025_12,2025-12,-1.0,0.410494,2.340535,8,SL_HIT,0.359087,ACCEPT
BTCUSD_13174_BEARISH_13161_13164,BTCUSD,SHORT,2025-12-01T22:00:00+00:00,WF_2025_12,2025-12,-1.0,0.786571,2.11271,3,SL_HIT,0.074677,REJECT
SOLUSD_13176_BEARISH_13161_13167,SOLUSD,SHORT,2025-12-02T00:00:00+00:00,WF_2025_12,2025-12,-1.0,0.412389,1.656047,1,SL_HIT,-0.064381,REJECT
ETHUSD_13189_BEARISH_13161_13167,ETHUSD,SHORT,2025-12-02T13:00:00+00:00,WF_2025_12,2025-12,-1.0,0.0,4.099462,1,SL_HIT,-0.413195,REJECT
XRPUSD_13189_BEARISH_13161_13167,XRPUSD,SHORT,2025-12-02T13:00:00+00:00,WF_2025_12,2025-12,-1.0,0.517241,3.498084,1,SL_HIT,0.338931,ACCEPT
XRPUSD_13235_BULLISH_13200_13204,XRPUSD,LONG,2025-12-04T11:00:00+00:00,WF_2025_12,2025-12,-1.0,0.036145,1.248996,1,SL_HIT,-0.268284,REJECT
BTCUSD_13238_BULLISH_13196_13202,BTCUSD,LONG,2025-12-04T14:00:00+00:00,WF_2025_12,2025-12,1.714286,1.811166,0.0,1,TP_HIT,0.200027,ACCEPT
SOLUSD_13242_BULLISH_13216_13221,SOLUSD,LONG,2025-12-04T18:00:00+00:00,WF_2025_12,2025-12,-1.0,0.0,2.489947,1,SL_HIT,-0.407278,REJECT
ETHUSD_13261_BULLISH_13215_13221,ETHUSD,LONG,2025-12-05T13:00:00+00:00,WF_2025_12,2025-12,-1.0,1.531599,2.418835,3,SL_HIT,0.155774,REJECT
XRPUSD_13286_BEARISH_13278_13280,XRPUSD,SHORT,2025-12-06T14:00:00+00:00,WF_2025_12,2025-12,1.529032,1.554839,0.156989,5,TP_HIT,0.140729,REJECT
BTCUSD_13291_BULLISH_13280_13286,BTCUSD,LONG,2025-12-06T19:00:00+00:00,WF_2025_12,2025-12,-1.0,0.0,1.703576,4,SL_HIT,-0.715379,REJECT
ETHUSD_13291_BULLISH_13280_13286,ETHUSD,LONG,2025-12-06T19:00:00+00:00,WF_2025_12,2025-12,-1.0,1.643172,6.885463,19,SL_HIT,0.02424,REJECT
XRPUSD_13303_BULLISH_13291_13298,XRPUSD,LONG,2025-12-07T07:00:00+00:00,WF_2025_12,2025-12,-1.0,2.114583,4.25,7,SL_HIT,0.065217,REJECT
BTCUSD_13311_BEARISH_13300_13310,BTCUSD,SHORT,2025-12-07T15:00:00+00:00,WF_2025_12,2025-12,-1.0,1.20418,1.381029,1,SL_HIT,0.075633,REJECT
XRPUSD_13311_BEARISH_13300_13310,XRPUSD,SHORT,2025-12-07T15:00:00+00:00,WF_2025_12,2025-12,-1.0,1.171946,2.3273,2,SL_HIT,0.478382,ACCEPT
XRPUSD_13314_BEARISH_13248_13257,XRPUSD,SHORT,2025-12-07T18:00:00+00:00,WF_2025_12,2025-12,1.351648,1.454212,0.611722,2,TP_HIT,-0.478493,REJECT
ETHUSD_13318_BULLISH_13312_13313,ETHUSD,LONG,2025-12-07T22:00:00+00:00,WF_2025_12,2025-12,1.714389,3.385328,0.164853,3,TP_HIT,0.309564,ACCEPT
XRPUSD_13318_BULLISH_13310_13313,XRPUSD,LONG,2025-12-07T22:00:00+00:00,WF_2025_12,2025-12,1.857143,2.175644,0.0,3,TP_HIT,0.300628,ACCEPT
XRPUSD_13335_BULLISH_13322_13328,XRPUSD,LONG,2025-12-08T15:00:00+00:00,WF_2025_12,2025-12,-1.0,1.447863,1.082051,12,SL_HIT,0.293422,ACCEPT
SOLUSD_13353_BULLISH_13319_13328,SOLUSD,LONG,2025-12-09T09:00:00+00:00,WF_2025_12,2025-12,1.711788,4.975559,0.228652,6,TP_HIT,0.30689,ACCEPT
XRPUSD_13356_BEARISH_13340_13346,XRPUSD,SHORT,2025-12-09T12:00:00+00:00,WF_2025_12,2025-12,1.537143,2.466667,0.375238,2,TP_HIT,-0.190269,REJECT
ETHUSD_13378_BULLISH_13369_13377,ETHUSD,LONG,2025-12-10T10:00:00+00:00,WF_2025_12,2025-12,1.714442,3.004875,0.556368,6,TP_HIT,0.416311,ACCEPT
BTCUSD_13384_BEARISH_13378_13382,BTCUSD,SHORT,2025-12-10T16:00:00+00:00,WF_2025_12,2025-12,-1.0,0.887469,2.43323,4,SL_HIT,0.112945,REJECT
SOLUSD_13387_BEARISH_13372_13378,SOLUSD,SHORT,2025-12-10T19:00:00+00:00,WF_2025_12,2025-12,-1.0,0.693859,2.455545,1,SL_HIT,-0.033187,REJECT
SOLUSD_13413_BEARISH_13386_13392,SOLUSD,SHORT,2025-12-11T21:00:00+00:00,WF_2025_12,2025-12,-1.0,0.762349,1.284153,9,SL_HIT,-0.019377,REJECT
ETHUSD_13416_BULLISH_13406_13412,ETHUSD,LONG,2025-12-12T00:00:00+00:00,WF_2025_12,2025-12,1.714323,2.157552,0.0,2,TP_HIT,0.122498,REJECT
BTCUSD_13436_BULLISH_13406_13410,BTCUSD,LONG,2025-12-12T20:00:00+00:00,WF_2025_12,2025-12,-1.0,0.496886,1.670999,39,SL_HIT,-0.086347,REJECT
SOLUSD_13452_BULLISH_13445_13448,SOLUSD,LONG,2025-12-13T12:00:00+00:00,WF_2025_12,2025-12,-1.0,1.227811,1.258876,5,SL_HIT,0.174491,REJECT
XRPUSD_13457_BULLISH_13434_13444,XRPUSD,LONG,2025-12-13T17:00:00+00:00,WF_2025_12,2025-12,-1.0,0.522748,1.0,18,SL_HIT,-0.016366,REJECT
SOLUSD_13486_BULLISH_13396_13409,SOLUSD,LONG,2025-12-14T22:00:00+00:00,WF_2025_12,2025-12,-1.0,0.0,1.608508,1,SL_HIT,-0.288061,REJECT
ETHUSD_13488_BEARISH_13476_13487,ETHUSD,SHORT,2025-12-15T00:00:00+00:00,WF_2025_12,2025-12,-1.0,0.464567,1.433946,1,SL_HIT,0.460582,ACCEPT
SOLUSD_13497_BEARISH_13464_13475,SOLUSD,SHORT,2025-12-15T09:00:00+00:00,WF_2025_12,2025-12,-1.0,4.651058,3.51266,5,SL_HIT,0.373541,ACCEPT
ETHUSD_13503_BULLISH_13267_13359,ETHUSD,LONG,2025-12-15T15:00:00+00:00,WF_2025_12,2025-12,-1.0,0.0,1.31967,1,SL_HIT,-0.743455,REJECT
SOLUSD_13512_BULLISH_13167_13221,SOLUSD,LONG,2025-12-16T00:00:00+00:00,WF_2025_12,2025-12,1.712644,1.852497,0.267712,13,TP_HIT,0.179109,REJECT
SOLUSD_13525_BULLISH_13516_13522,SOLUSD,LONG,2025-12-16T13:00:00+00:00,WF_2025_12,2025-12,1.712239,2.41999,0.124461,1,TP_HIT,0.537958,ACCEPT
BTCUSD_13549_BEARISH_13537_13539,BTCUSD,SHORT,2025-12-17T13:00:00+00:00,WF_2025_12,2025-12,-1.0,0.673846,4.545641,1,SL_HIT,-0.189923,REJECT
SOLUSD_13549_BEARISH_13537_13546,SOLUSD,SHORT,2025-12-17T13:00:00+00:00,WF_2025_12,2025-12,-1.0,2.58404,4.58404,1,SL_HIT,-0.080175,REJECT
XRPUSD_13549_BEARISH_13537_13544,XRPUSD,SHORT,2025-12-17T13:00:00+00:00,WF_2025_12,2025-12,-1.0,1.436548,2.820643,1,SL_HIT,0.432056,ACCEPT
SOLUSD_13550_BEARISH_13501_13502,SOLUSD,SHORT,2025-12-17T14:00:00+00:00,WF_2025_12,2025-12,-1.0,4.617733,1.610623,1,SL_HIT,-0.111736,REJECT
SOLUSD_13551_BULLISH_13545_13550,SOLUSD,LONG,2025-12-17T15:00:00+00:00,WF_2025_12,2025-12,-1.0,1.518645,3.804278,1,SL_HIT,0.689828,ACCEPT
XRPUSD_13553_BULLISH_13516_13523,XRPUSD,LONG,2025-12-17T17:00:00+00:00,WF_2025_12,2025-12,-1.0,0.673525,1.241427,2,SL_HIT,0.205245,ACCEPT
BTCUSD_13554_BULLISH_13516_13522,BTCUSD,LONG,2025-12-17T18:00:00+00:00,WF_2025_12,2025-12,1.714284,2.242264,0.911447,8,TP_HIT,0.202569,ACCEPT
XRPUSD_13569_BEARISH_13556_13565,XRPUSD,SHORT,2025-12-18T09:00:00+00:00,WF_2025_12,2025-12,-1.0,0.0,1.239186,3,SL_HIT,-0.173595,REJECT
XRPUSD_13573_BEARISH_13549_13553,XRPUSD,SHORT,2025-12-18T13:00:00+00:00,WF_2025_12,2025-12,-1.0,1.164575,1.306834,2,SL_HIT,-0.11984,REJECT
BTCUSD_13596_BEARISH_13576_13579,BTCUSD,SHORT,2025-12-19T12:00:00+00:00,WF_2025_12,2025-12,-1.0,0.928571,1.047619,2,SL_HIT,0.241739,ACCEPT
XRPUSD_13602_BEARISH_13574_13579,XRPUSD,SHORT,2025-12-19T18:00:00+00:00,WF_2025_12,2025-12,-1.0,0.198174,1.482192,14,SL_HIT,0.019342,REJECT
BTCUSD_13604_BEARISH_13600_13601,BTCUSD,SHORT,2025-12-19T20:00:00+00:00,WF_2025_12,2025-12,-1.0,0.445744,1.232619,37,SL_HIT,-0.002007,REJECT
ETHUSD_13639_BEARISH_13629_13633,ETHUSD,SHORT,2025-12-21T07:00:00+00:00,WF_2025_12,2025-12,-1.0,0.157534,2.89726,1,SL_HIT,-0.226636,REJECT
SOLUSD_13641_BEARISH_13624_13633,SOLUSD,SHORT,2025-12-21T09:00:00+00:00,WF_2025_12,2025-12,1.721649,1.735395,0.862543,3,TP_HIT,-0.328817,REJECT
XRPUSD_13642_BULLISH_13634_13641,XRPUSD,LONG,2025-12-21T10:00:00+00:00,WF_2025_12,2025-12,-1.0,0.651163,2.736434,3,SL_HIT,0.44899,ACCEPT
XRPUSD_13645_BULLISH_13610_13616,XRPUSD,LONG,2025-12-21T13:00:00+00:00,WF_2025_12,2025-12,1.893617,2.553191,0.670213,10,TP_HIT,-0.341517,REJECT
ETHUSD_13648_BEARISH_13641_13645,ETHUSD,SHORT,2025-12-21T16:00:00+00:00,WF_2025_12,2025-12,-1.0,1.153486,3.265964,8,SL_HIT,0.295695,ACCEPT
SOLUSD_13651_BEARISH_13642_13645,SOLUSD,SHORT,2025-12-21T19:00:00+00:00,WF_2025_12,2025-12,-1.0,1.483204,3.5323,5,SL_HIT,0.071055,REJECT
BTCUSD_13655_BEARISH_13641_13645,BTCUSD,SHORT,2025-12-21T23:00:00+00:00,WF_2025_12,2025-12,-1.0,0.083974,2.254768,1,SL_HIT,-0.045822,REJECT
XRPUSD_13667_BEARISH_13642_13645,XRPUSD,SHORT,2025-12-22T11:00:00+00:00,WF_2025_12,2025-12,1.802867,2.448029,0.827957,8,TP_HIT,-0.023216,REJECT
ETHUSD_13674_BULLISH_13658_13670,ETHUSD,LONG,2025-12-22T18:00:00+00:00,WF_2025_12,2025-12,-1.0,0.217213,1.203552,2,SL_HIT,0.200452,ACCEPT
BTCUSD_13675_BULLISH_13658_13665,BTCUSD,LONG,2025-12-22T19:00:00+00:00,WF_2025_12,2025-12,-1.0,0.826744,1.173688,8,SL_HIT,-0.710412,REJECT
ETHUSD_13675_BULLISH_13645_13656,ETHUSD,LONG,2025-12-22T19:00:00+00:00,WF_2025_12,2025-12,-1.0,1.550243,1.393624,18,SL_HIT,0.04329,REJECT
SOLUSD_13675_BULLISH_13650_13660,SOLUSD,LONG,2025-12-22T19:00:00+00:00,WF_2025_12,2025-12,-1.0,0.103239,1.217984,1,SL_HIT,-0.574311,REJECT
SOLUSD_13676_BULLISH_13645_13671,SOLUSD,LONG,2025-12-22T20:00:00+00:00,WF_2025_12,2025-12,-1.0,1.14643,1.347431,17,SL_HIT,-0.506509,REJECT
SOLUSD_13680_BEARISH_13671_13676,SOLUSD,SHORT,2025-12-23T00:00:00+00:00,WF_2025_12,2025-12,1.713687,1.825214,0.0,7,TP_HIT,0.164605,REJECT
XRPUSD_13691_BEARISH_13680_13684,XRPUSD,SHORT,2025-12-23T11:00:00+00:00,WF_2025_12,2025-12,1.815534,2.242718,0.553398,2,TP_HIT,-0.458155,REJECT
BTCUSD_13740_BEARISH_13730_13738,BTCUSD,SHORT,2025-12-25T12:00:00+00:00,WF_2025_12,2025-12,-1.0,0.37455,2.52461,3,SL_HIT,0.317233,ACCEPT
SOLUSD_13743_BEARISH_13700_13708,SOLUSD,SHORT,2025-12-25T15:00:00+00:00,WF_2025_12,2025-12,1.71494,2.668805,0.278949,8,TP_HIT,0.277114,ACCEPT
XRPUSD_13744_BULLISH_13738_13743,XRPUSD,LONG,2025-12-25T16:00:00+00:00,WF_2025_12,2025-12,-1.0,0.597148,1.969697,6,SL_HIT,0.270007,ACCEPT
SOLUSD_13750_BULLISH_13738_13743,SOLUSD,LONG,2025-12-25T22:00:00+00:00,WF_2025_12,2025-12,-1.0,0.355308,3.714085,1,SL_HIT,-0.07096,REJECT
SOLUSD_13751_BULLISH_13581_13587,SOLUSD,LONG,2025-12-25T23:00:00+00:00,WF_2025_12,2025-12,1.712214,2.126437,0.187023,3,TP_HIT,0.235218,ACCEPT
SOLUSD_13754_BEARISH_13744_13751,SOLUSD,SHORT,2025-12-26T02:00:00+00:00,WF_2025_12,2025-12,1.712201,2.132516,0.1115,2,TP_HIT,0.738023,ACCEPT
XRPUSD_13754_BEARISH_13743_13750,XRPUSD,SHORT,2025-12-26T02:00:00+00:00,WF_2025_12,2025-12,1.734463,2.559322,0.672316,13,TP_HIT,0.173153,REJECT
ETHUSD_13771_BULLISH_13751_13754,ETHUSD,LONG,2025-12-26T19:00:00+00:00,WF_2025_12,2025-12,1.714455,2.19015,0.009576,53,TP_HIT,0.224193,ACCEPT
ETHUSD_13797_BEARISH_13785_13792,ETHUSD,SHORT,2025-12-27T21:00:00+00:00,WF_2025_12,2025-12,-1.0,0.186813,2.489011,1,SL_HIT,-0.192219,REJECT
SOLUSD_13802_BEARISH_13765_13767,SOLUSD,SHORT,2025-12-28T02:00:00+00:00,WF_2025_12,2025-12,-1.0,1.243641,1.532262,21,SL_HIT,0.070326,REJECT
SOLUSD_13805_BULLISH_13779_13797,SOLUSD,LONG,2025-12-28T05:00:00+00:00,WF_2025_12,2025-12,1.715089,1.907912,0.333333,18,TP_HIT,0.124856,REJECT
ETHUSD_13816_BULLISH_13809_13815,ETHUSD,LONG,2025-12-28T16:00:00+00:00,WF_2025_12,2025-12,-1.0,0.542308,1.469231,2,SL_HIT,0.049068,REJECT
BTCUSD_13822_BEARISH_13814_13819,BTCUSD,SHORT,2025-12-28T22:00:00+00:00,WF_2025_12,2025-12,-1.0,1.256659,2.661017,2,SL_HIT,0.291561,ACCEPT
XRPUSD_13822_BEARISH_13814_13818,XRPUSD,SHORT,2025-12-28T22:00:00+00:00,WF_2025_12,2025-12,-1.0,0.783505,1.113402,2,SL_HIT,-0.052635,REJECT
XRPUSD_13824_BEARISH_13806_13809,XRPUSD,SHORT,2025-12-29T00:00:00+00:00,WF_2025_12,2025-12,-1.0,1.041667,1.930556,1,SL_HIT,0.038342,REJECT
XRPUSD_13825_BEARISH_13700_13706,XRPUSD,SHORT,2025-12-29T01:00:00+00:00,WF_2025_12,2025-12,-1.0,0.0,1.134831,1,SL_HIT,0.222952,ACCEPT
BTCUSD_13827_BEARISH_13668_13712,BTCUSD,SHORT,2025-12-29T03:00:00+00:00,WF_2025_12,2025-12,1.714279,3.989754,0.6477,6,TP_HIT,-0.320084,REJECT
BTCUSD_13835_BULLISH_13821_13824,BTCUSD,LONG,2025-12-29T11:00:00+00:00,WF_2025_12,2025-12,-1.0,0.184848,4.909091,1,SL_HIT,-0.061496,REJECT
BTCUSD_13836_BULLISH_13767_13827,BTCUSD,LONG,2025-12-29T12:00:00+00:00,WF_2025_12,2025-12,1.714282,1.805956,0.074456,2,TP_HIT,-0.089341,REJECT
XRPUSD_13836_BULLISH_13818_13825,XRPUSD,LONG,2025-12-29T12:00:00+00:00,WF_2025_12,2025-12,-1.0,1.210526,1.307018,7,SL_HIT,0.142757,REJECT
XRPUSD_13851_BEARISH_13838_13842,XRPUSD,SHORT,2025-12-30T03:00:00+00:00,WF_2025_12,2025-12,-1.0,0.729167,1.055556,12,SL_HIT,0.344711,ACCEPT
SOLUSD_13865_BULLISH_13862_13864,SOLUSD,LONG,2025-12-30T17:00:00+00:00,WF_2025_12,2025-12,-1.0,0.0,1.006547,4,SL_HIT,0.046752,REJECT
BTCUSD_13868_BULLISH_13856_13862,BTCUSD,LONG,2025-12-30T20:00:00+00:00,WF_2025_12,2025-12,1.714284,1.812287,0.289192,15,TP_HIT,-0.361742,REJECT
XRPUSD_13868_BULLISH_13856_13862,XRPUSD,LONG,2025-12-30T20:00:00+00:00,WF_2025_12,2025-12,1.253968,1.624339,0.015873,5,TP_HIT,-0.061114,REJECT
SOLUSD_13886_BULLISH_13875_13881,SOLUSD,LONG,2025-12-31T14:00:00+00:00,WF_2025_12,2025-12,-1.0,0.0,1.217925,1,SL_HIT,0.134724,REJECT
XRPUSD_13912_BEARISH_13886_13887,XRPUSD,SHORT,2026-01-01T16:00:00+00:00,WF_2026_01,2026-01,-1.0,0.298969,1.67354,11,SL_HIT,0.228646,ACCEPT
BTCUSD_13956_BEARISH_13948_13951,BTCUSD,SHORT,2026-01-03T12:00:00+00:00,WF_2026_01,2026-01,-1.0,0.279476,1.582969,9,SL_HIT,-0.092921,REJECT
SOLUSD_14005_BULLISH_13987_13993,SOLUSD,LONG,2026-01-05T13:00:00+00:00,WF_2026_01,2026-01,1.719258,2.068254,0.93214,1,TP_HIT,-0.050921,REJECT
SOLUSD_14013_BEARISH_13428_13431,SOLUSD,SHORT,2026-01-05T21:00:00+00:00,WF_2026_01,2026-01,-1.0,1.629849,1.175323,8,SL_HIT,-0.277733,REJECT
SOLUSD_14014_BEARISH_13422_13503,SOLUSD,SHORT,2026-01-05T22:00:00+00:00,WF_2026_01,2026-01,1.711992,2.080264,0.0,2,TP_HIT,-0.190697,REJECT
SOLUSD_14032_BULLISH_14023_14030,SOLUSD,LONG,2026-01-06T16:00:00+00:00,WF_2026_01,2026-01,-1.0,0.409005,1.709799,1,SL_HIT,0.183625,REJECT
ETHUSD_14037_BEARISH_14031_14033,ETHUSD,SHORT,2026-01-06T21:00:00+00:00,WF_2026_01,2026-01,1.714355,2.357664,0.996756,12,TP_HIT,-0.282053,REJECT
SOLUSD_14055_BULLISH_13998_14011,SOLUSD,LONG,2026-01-07T15:00:00+00:00,WF_2026_01,2026-01,-1.0,1.525008,1.282075,4,SL_HIT,0.424119,ACCEPT
SOLUSD_14080_BEARISH_14068_14076,SOLUSD,SHORT,2026-01-08T16:00:00+00:00,WF_2026_01,2026-01,-1.0,0.0,1.354177,1,SL_HIT,-0.964927,REJECT
BTCUSD_14081_BEARISH_14065_14070,BTCUSD,SHORT,2026-01-08T17:00:00+00:00,WF_2026_01,2026-01,1.714286,1.882653,0.42602,3,TP_HIT,-0.300731,REJECT
XRPUSD_14125_BULLISH_14117_14122,XRPUSD,LONG,2026-01-10T13:00:00+00:00,WF_2026_01,2026-01,-1.0,1.403226,3.879032,31,SL_HIT,-0.198921,REJECT
BTCUSD_14126_BULLISH_14116_14122,BTCUSD,LONG,2026-01-10T14:00:00+00:00,WF_2026_01,2026-01,-1.0,0.39521,1.005988,8,SL_HIT,-0.195173,REJECT
SOLUSD_14126_BULLISH_14116_14122,SOLUSD,LONG,2026-01-10T14:00:00+00:00,WF_2026_01,2026-01,-1.0,1.244344,1.004525,7,SL_HIT,0.051148,REJECT
XRPUSD_14135_BEARISH_14130_14134,XRPUSD,SHORT,2026-01-10T23:00:00+00:00,WF_2026_01,2026-01,-1.0,0.512438,1.527363,13,SL_HIT,0.193962,REJECT
ETHUSD_14136_BEARISH_14129_14133,ETHUSD,SHORT,2026-01-11T00:00:00+00:00,WF_2026_01,2026-01,-1.0,0.282759,1.468966,5,SL_HIT,0.317138,ACCEPT
SOLUSD_14144_BEARISH_14124_14134,SOLUSD,SHORT,2026-01-11T08:00:00+00:00,WF_2026_01,2026-01,-1.0,0.518234,1.443378,4,SL_HIT,-0.407918,REJECT
XRPUSD_14152_BULLISH_14134_14148,XRPUSD,LONG,2026-01-11T16:00:00+00:00,WF_2026_01,2026-01,-1.0,0.5625,5.020833,4,SL_HIT,-0.049865,REJECT
BTCUSD_14155_BULLISH_14142_14148,BTCUSD,LONG,2026-01-11T19:00:00+00:00,WF_2026_01,2026-01,-1.0,0.0,1.81153,1,SL_HIT,-0.575503,REJECT
BTCUSD_14159_BEARISH_14152_14158,BTCUSD,SHORT,2026-01-11T23:00:00+00:00,WF_2026_01,2026-01,-1.0,0.466747,2.262394,2,SL_HIT,-0.37682,REJECT
XRPUSD_14162_BEARISH_14150_14156,XRPUSD,SHORT,2026-01-12T02:00:00+00:00,WF_2026_01,2026-01,1.982188,2.083969,0.592875,1,TP_HIT,0.03807,REJECT
BTCUSD_14168_BULLISH_14159_14161,BTCUSD,LONG,2026-01-12T08:00:00+00:00,WF_2026_01,2026-01,-1.0,0.479844,1.175977,6,SL_HIT,-0.062414,REJECT
ETHUSD_14168_BULLISH_14159_14162,ETHUSD,LONG,2026-01-12T08:00:00+00:00,WF_2026_01,2026-01,-1.0,0.284097,2.057607,6,SL_HIT,-0.050141,REJECT
SOLUSD_14169_BULLISH_14159_14162,SOLUSD,LONG,2026-01-12T09:00:00+00:00,WF_2026_01,2026-01,1.714478,2.110115,0.317496,6,TP_HIT,0.071138,REJECT
BTCUSD_14170_BULLISH_14109_14162,BTCUSD,LONG,2026-01-12T10:00:00+00:00,WF_2026_01,2026-01,-1.0,0.934489,1.014451,4,SL_HIT,-0.861505,REJECT
XRPUSD_14175_BEARISH_14163_14170,XRPUSD,SHORT,2026-01-12T15:00:00+00:00,WF_2026_01,2026-01,-1.0,0.003802,1.147022,1,SL_HIT,-0.452413,REJECT
ETHUSD_14182_BULLISH_14102_14162,ETHUSD,LONG,2026-01-12T22:00:00+00:00,WF_2026_01,2026-01,1.714121,2.034971,0.043825,7,TP_HIT,-0.044962,REJECT
SOLUSD_14194_BEARISH_14176_14186,SOLUSD,SHORT,2026-01-13T10:00:00+00:00,WF_2026_01,2026-01,-1.0,0.902005,1.173585,6,SL_HIT,0.01881,REJECT
ETHUSD_14222_BEARISH_14212_14218,ETHUSD,SHORT,2026-01-14T14:00:00+00:00,WF_2026_01,2026-01,-1.0,0.768372,2.869489,2,SL_HIT,-0.225113,REJECT
SOLUSD_14235_BULLISH_14201_14206,SOLUSD,LONG,2026-01-15T03:00:00+00:00,WF_2026_01,2026-01,1.714326,1.729078,0.088794,3,TP_HIT,-0.001421,REJECT
ETHUSD_14241_BEARISH_14228_14234,ETHUSD,SHORT,2026-01-15T09:00:00+00:00,WF_2026_01,2026-01,1.714103,2.038462,0.630342,5,TP_HIT,0.023713,REJECT
SOLUSD_14269_BULLISH_14261_14268,SOLUSD,LONG,2026-01-16T13:00:00+00:00,WF_2026_01,2026-01,-1.0,0.405071,1.766852,2,SL_HIT,-0.190539,REJECT
SOLUSD_14273_BEARISH_14268_14271,SOLUSD,SHORT,2026-01-16T17:00:00+00:00,WF_2026_01,2026-01,-1.0,0.173103,1.468708,1,SL_HIT,-0.099803,REJECT
SOLUSD_14276_BEARISH_14241_14249,SOLUSD,SHORT,2026-01-16T20:00:00+00:00,WF_2026_01,2026-01,1.710509,2.432624,0.613153,29,TP_HIT,-0.137768,REJECT
XRPUSD_14276_BEARISH_14264_14270,XRPUSD,SHORT,2026-01-16T20:00:00+00:00,WF_2026_01,2026-01,1.292135,1.539326,0.831461,6,TP_HIT,-0.567798,REJECT
ETHUSD_14294_BEARISH_14264_14271,ETHUSD,SHORT,2026-01-17T14:00:00+00:00,WF_2026_01,2026-01,-1.0,0.045267,1.728395,1,SL_HIT,-0.037092,REJECT
BTCUSD_14295_BEARISH_14264_14271,BTCUSD,SHORT,2026-01-17T15:00:00+00:00,WF_2026_01,2026-01,1.714296,1.907942,0.001805,7,TP_HIT,0.161354,REJECT
XRPUSD_14296_BULLISH_14276_14295,XRPUSD,LONG,2026-01-17T16:00:00+00:00,WF_2026_01,2026-01,-1.0,0.499481,1.033229,13,SL_HIT,-0.003501,REJECT
SOLUSD_14321_BEARISH_14313_14318,SOLUSD,SHORT,2026-01-18T17:00:00+00:00,WF_2026_01,2026-01,-1.0,0.781931,1.993769,1,SL_HIT,0.055961,REJECT
BTCUSD_14326_BEARISH_14295_14305,BTCUSD,SHORT,2026-01-18T22:00:00+00:00,WF_2026_01,2026-01,1.714298,7.666667,0.274633,1,TP_HIT,-0.123815,REJECT
BTCUSD_14392_BULLISH_13900_13913,BTCUSD,LONG,2026-01-21T16:00:00+00:00,WF_2026_01,2026-01,-1.0,0.943218,1.936909,1,SL_HIT,-0.482162,REJECT
BTCUSD_14395_BEARISH_14391_14392,BTCUSD,SHORT,2026-01-21T19:00:00+00:00,WF_2026_01,2026-01,1.714289,2.319218,0.707199,20,TP_HIT,-0.649236,REJECT
BTCUSD_14430_BULLISH_14422_14428,BTCUSD,LONG,2026-01-23T06:00:00+00:00,WF_2026_01,2026-01,-1.0,0.263459,1.001145,2,SL_HIT,-0.193329,REJECT
ETHUSD_14430_BULLISH_14419_14428,ETHUSD,LONG,2026-01-23T06:00:00+00:00,WF_2026_01,2026-01,-1.0,0.0,1.217803,2,SL_HIT,-0.607059,REJECT
XRPUSD_14439_BEARISH_14419_14438,XRPUSD,SHORT,2026-01-23T15:00:00+00:00,WF_2026_01,2026-01,-1.0,0.113553,2.113553,1,SL_HIT,0.117952,REJECT
ETHUSD_14440_BEARISH_14428_14432,ETHUSD,SHORT,2026-01-23T16:00:00+00:00,WF_2026_01,2026-01,-1.0,0.553544,3.093514,1,SL_HIT,-0.012567,REJECT
XRPUSD_14466_BEARISH_14461_14463,XRPUSD,SHORT,2026-01-24T18:00:00+00:00,WF_2026_01,2026-01,1.305085,2.491525,0.830508,7,TP_HIT,-0.311121,REJECT
SOLUSD_14470_BEARISH_14451_14463,SOLUSD,SHORT,2026-01-24T22:00:00+00:00,WF_2026_01,2026-01,1.715931,2.420345,0.272553,5,TP_HIT,0.221048,ACCEPT
SOLUSD_14511_BULLISH_14500_14510,SOLUSD,LONG,2026-01-26T15:00:00+00:00,WF_2026_01,2026-01,1.716969,2.418586,0.046219,25,TP_HIT,0.342887,ACCEPT
BTCUSD_14516_BULLISH_14513_14514,BTCUSD,LONG,2026-01-26T20:00:00+00:00,WF_2026_01,2026-01,1.714282,1.848603,0.046134,3,TP_HIT,-0.139415,REJECT
BTCUSD_14522_BEARISH_14485_14488,BTCUSD,SHORT,2026-01-27T02:00:00+00:00,WF_2026_01,2026-01,-1.0,0.441617,1.101796,2,SL_HIT,-0.537302,REJECT
SOLUSD_14535_BEARISH_14523_14533,SOLUSD,SHORT,2026-01-27T15:00:00+00:00,WF_2026_01,2026-01,-1.0,0.0,3.760324,1,SL_HIT,-0.579851,REJECT
XRPUSD_14536_BEARISH_14524_14529,XRPUSD,SHORT,2026-01-27T16:00:00+00:00,WF_2026_01,2026-01,1.537736,2.886792,0.735849,1,TP_HIT,-0.810882,REJECT
SOLUSD_14540_BEARISH_14471_14479,SOLUSD,SHORT,2026-01-27T20:00:00+00:00,WF_2026_01,2026-01,-1.0,0.390764,1.190053,1,SL_HIT,-0.453097,REJECT
ETHUSD_14545_BEARISH_14402_14414,ETHUSD,SHORT,2026-01-28T01:00:00+00:00,WF_2026_01,2026-01,1.714124,1.836158,0.0,7,TP_HIT,0.179252,REJECT
ETHUSD_14546_BEARISH_14398_14490,ETHUSD,SHORT,2026-01-28T02:00:00+00:00,WF_2026_01,2026-01,-1.0,1.138776,1.012698,9,SL_HIT,0.101231,REJECT
SOLUSD_14556_BULLISH_14553_14555,SOLUSD,LONG,2026-01-28T12:00:00+00:00,WF_2026_01,2026-01,-1.0,0.522167,1.408867,3,SL_HIT,0.15241,REJECT
ETHUSD_14558_BULLISH_14553_14555,ETHUSD,LONG,2026-01-28T14:00:00+00:00,WF_2026_01,2026-01,-1.0,0.466879,1.120827,1,SL_HIT,0.031719,REJECT
BTCUSD_14576_BULLISH_14535_14540,BTCUSD,LONG,2026-01-29T08:00:00+00:00,WF_2026_01,2026-01,-1.0,0.266142,2.191601,6,SL_HIT,0.029522,REJECT
SOLUSD_14651_BEARISH_14648_14650,SOLUSD,SHORT,2026-02-01T11:00:00+00:00,WF_2026_02,2026-02,-1.0,1.148087,1.737682,2,SL_HIT,0.362781,ACCEPT
XRPUSD_14673_BEARISH_14658_14669,XRPUSD,SHORT,2026-02-02T09:00:00+00:00,WF_2026_02,2026-02,-1.0,0.15415,1.02635,2,SL_HIT,-0.026355,REJECT
BTCUSD_14677_BEARISH_14650_14655,BTCUSD,SHORT,2026-02-02T13:00:00+00:00,WF_2026_02,2026-02,-1.0,1.043836,1.140639,2,SL_HIT,0.177691,REJECT
BTCUSD_14691_BEARISH_14689_14690,BTCUSD,SHORT,2026-02-03T03:00:00+00:00,WF_2026_02,2026-02,1.714299,2.460089,0.46557,3,TP_HIT,0.45332,ACCEPT
ETHUSD_14691_BEARISH_14689_14690,ETHUSD,SHORT,2026-02-03T03:00:00+00:00,WF_2026_02,2026-02,1.71418,2.682257,0.756496,3,TP_HIT,0.287057,ACCEPT
SOLUSD_14692_BEARISH_14686_14690,SOLUSD,SHORT,2026-02-03T04:00:00+00:00,WF_2026_02,2026-02,1.713787,2.897033,0.193717,2,TP_HIT,-0.074275,REJECT
XRPUSD_14703_BEARISH_14696_14702,XRPUSD,SHORT,2026-02-03T15:00:00+00:00,WF_2026_02,2026-02,1.512821,3.430769,0.292308,1,TP_HIT,-0.167474,REJECT
ETHUSD_14745_BEARISH_14737_14742,ETHUSD,SHORT,2026-02-05T09:00:00+00:00,WF_2026_02,2026-02,1.714202,1.952661,0.127653,2,TP_HIT,0.223651,ACCEPT
BTCUSD_14782_BEARISH_14745_14748,BTCUSD,SHORT,2026-02-06T22:00:00+00:00,WF_2026_02,2026-02,1.714291,2.228332,0.674675,2,TP_HIT,-0.006063,REJECT
SOLUSD_14801_BEARISH_14788_14791,SOLUSD,SHORT,2026-02-07T17:00:00+00:00,WF_2026_02,2026-02,-1.0,0.203957,1.144597,1,SL_HIT,-0.152674,REJECT
XRPUSD_14803_BULLISH_14796_14802,XRPUSD,LONG,2026-02-07T19:00:00+00:00,WF_2026_02,2026-02,-1.0,1.093708,1.47925,39,SL_HIT,-0.184361,REJECT
ETHUSD_14824_BULLISH_14812_14816,ETHUSD,LONG,2026-02-08T16:00:00+00:00,WF_2026_02,2026-02,1.714545,2.369697,0.184848,2,TP_HIT,-0.299623,REJECT
XRPUSD_14824_BULLISH_14812_14816,XRPUSD,LONG,2026-02-08T16:00:00+00:00,WF_2026_02,2026-02,1.971429,3.142857,0.228571,2,TP_HIT,-0.217327,REJECT
BTCUSD_14825_BEARISH_14788_14790,BTCUSD,SHORT,2026-02-08T17:00:00+00:00,WF_2026_02,2026-02,-1.0,1.095843,1.736508,6,SL_HIT,-0.026612,REJECT
SOLUSD_14826_BEARISH_14821_14824,SOLUSD,SHORT,2026-02-08T18:00:00+00:00,WF_2026_02,2026-02,1.712563,2.120918,0.658723,3,TP_HIT,0.166802,REJECT
XRPUSD_14847_BEARISH_14837_14840,XRPUSD,SHORT,2026-02-09T15:00:00+00:00,WF_2026_02,2026-02,-1.0,0.793103,1.809195,1,SL_HIT,-0.467674,REJECT
SOLUSD_14848_BEARISH_14831_14839,SOLUSD,SHORT,2026-02-09T16:00:00+00:00,WF_2026_02,2026-02,1.714581,1.830996,0.858684,26,TP_HIT,0.26503,ACCEPT
SOLUSD_14911_BEARISH_14893_14894,SOLUSD,SHORT,2026-02-12T07:00:00+00:00,WF_2026_02,2026-02,-1.0,0.72566,1.107501,2,SL_HIT,0.254737,ACCEPT
BTCUSD_14919_BULLISH_14909_14915,BTCUSD,LONG,2026-02-12T15:00:00+00:00,WF_2026_02,2026-02,-1.0,0.412492,3.777984,1,SL_HIT,0.147702,REJECT
ETHUSD_14919_BULLISH_14903_14914,ETHUSD,LONG,2026-02-12T15:00:00+00:00,WF_2026_02,2026-02,-1.0,0.0,2.858746,1,SL_HIT,-0.097459,REJECT
ETHUSD_14964_BULLISH_14944_14960,ETHUSD,LONG,2026-02-14T12:00:00+00:00,WF_2026_02,2026-02,-1.0,1.292702,1.648521,24,SL_HIT,0.26057,ACCEPT
SOLUSD_14973_BEARISH_14850_14876,SOLUSD,SHORT,2026-02-14T21:00:00+00:00,WF_2026_02,2026-02,-1.0,0.0,1.150866,1,SL_HIT,-0.435184,REJECT
ETHUSD_14981_BEARISH_14973_14977,ETHUSD,SHORT,2026-02-15T05:00:00+00:00,WF_2026_02,2026-02,-1.0,0.073804,1.317924,2,SL_HIT,-0.448693,REJECT
BTCUSD_14988_BULLISH_14979_14981,BTCUSD,LONG,2026-02-15T12:00:00+00:00,WF_2026_02,2026-02,-1.0,0.0,1.83212,1,SL_HIT,-0.71243,REJECT
SOLUSD_15006_BULLISH_14948_14960,SOLUSD,LONG,2026-02-16T06:00:00+00:00,WF_2026_02,2026-02,1.720539,2.085672,0.057239,3,TP_HIT,0.332953,ACCEPT
SOLUSD_15012_BEARISH_14998_15005,SOLUSD,SHORT,2026-02-16T12:00:00+00:00,WF_2026_02,2026-02,-1.0,5.12854,1.542484,1,SL_HIT,-0.0031,REJECT
BTCUSD_15013_BULLISH_15003_15012,BTCUSD,LONG,2026-02-16T13:00:00+00:00,WF_2026_02,2026-02,-1.0,0.768519,3.66358,2,SL_HIT,-0.020515,REJECT
XRPUSD_15015_BULLISH_15005_15009,XRPUSD,LONG,2026-02-16T15:00:00+00:00,WF_2026_02,2026-02,-1.0,1.254545,2.032727,23,SL_HIT,0.272599,ACCEPT
SOLUSD_15020_BEARISH_15012_15013,SOLUSD,SHORT,2026-02-16T20:00:00+00:00,WF_2026_02,2026-02,-1.0,0.484981,1.302129,3,SL_HIT,0.211248,ACCEPT
BTCUSD_15021_BEARISH_15012_15015,BTCUSD,SHORT,2026-02-16T21:00:00+00:00,WF_2026_02,2026-02,1.71428,1.722854,0.23548,13,TP_HIT,0.212651,ACCEPT
ETHUSD_15059_BULLISH_15049_15055,ETHUSD,LONG,2026-02-18T11:00:00+00:00,WF_2026_02,2026-02,-1.0,1.035979,1.626455,2,SL_HIT,0.062235,REJECT
BTCUSD_15090_BEARISH_15079_15085,BTCUSD,SHORT,2026-02-19T18:00:00+00:00,WF_2026_02,2026-02,-1.0,1.271215,1.512479,6,SL_HIT,0.200415,ACCEPT
ETHUSD_15090_BULLISH_14920_14943,ETHUSD,LONG,2026-02-19T18:00:00+00:00,WF_2026_02,2026-02,0.160401,1.496241,0.353383,72,TIMEOUT_EXIT,0.004961,REJECT
SOLUSD_15094_BEARISH_15079_15085,SOLUSD,SHORT,2026-02-19T22:00:00+00:00,WF_2026_02,2026-02,-1.0,0.307692,2.990676,2,SL_HIT,-0.082422,REJECT
XRPUSD_15097_BEARISH_15079_15083,XRPUSD,SHORT,2026-02-20T01:00:00+00:00,WF_2026_02,2026-02,1.307692,2.213675,0.247863,3,TP_HIT,0.242441,ACCEPT
BTCUSD_15140_BEARISH_15026_15038,BTCUSD,SHORT,2026-02-21T20:00:00+00:00,WF_2026_02,2026-02,1.71428,1.912018,0.0,18,TP_HIT,0.066148,REJECT
BTCUSD_15142_BULLISH_15123_15133,BTCUSD,LONG,2026-02-21T22:00:00+00:00,WF_2026_02,2026-02,-1.0,1.025668,1.471731,16,SL_HIT,0.306876,ACCEPT
XRPUSD_15144_BULLISH_15116_15129,XRPUSD,LONG,2026-02-22T00:00:00+00:00,WF_2026_02,2026-02,-1.0,0.614035,1.684211,12,SL_HIT,0.161598,REJECT
SOLUSD_15159_BULLISH_15109_15114,SOLUSD,LONG,2026-02-22T15:00:00+00:00,WF_2026_02,2026-02,-1.0,0.319742,1.295549,9,SL_HIT,0.075359,REJECT
XRPUSD_15159_BULLISH_15109_15111,XRPUSD,LONG,2026-02-22T15:00:00+00:00,WF_2026_02,2026-02,-1.0,0.17506,1.657074,9,SL_HIT,-0.398065,REJECT
SOLUSD_15208_BEARISH_15186_15195,SOLUSD,SHORT,2026-02-24T16:00:00+00:00,WF_2026_02,2026-02,-1.0,0.856352,1.096696,6,SL_HIT,0.341053,ACCEPT
BTCUSD_15273_BULLISH_15265_15272,BTCUSD,LONG,2026-02-27T09:00:00+00:00,WF_2026_02,2026-02,-1.0,0.428951,1.806109,1,SL_HIT,0.291784,ACCEPT
ETHUSD_15273_BULLISH_15265_15267,ETHUSD,LONG,2026-02-27T09:00:00+00:00,WF_2026_02,2026-02,-1.0,0.0,2.394777,1,SL_HIT,-0.418351,REJECT
XRPUSD_15278_BULLISH_15221_15228,XRPUSD,LONG,2026-02-27T14:00:00+00:00,WF_2026_02,2026-02,-1.0,0.025048,1.077071,1,SL_HIT,-0.475428,REJECT
BTCUSD_15280_BULLISH_15221_15230,BTCUSD,LONG,2026-02-27T16:00:00+00:00,WF_2026_02,2026-02,-1.0,1.235655,4.041612,14,SL_HIT,0.130328,REJECT
XRPUSD_15280_BULLISH_15216_15217,XRPUSD,LONG,2026-02-27T16:00:00+00:00,WF_2026_02,2026-02,-1.0,1.218182,1.363636,1,SL_HIT,0.088202,REJECT
BTCUSD_15389_BEARISH_15385_15387,BTCUSD,SHORT,2026-03-04T05:00:00+00:00,WF_2026_03,2026-03,-1.0,0.216338,2.066805,2,SL_HIT,-0.008814,REJECT
BTCUSD_15392_BEARISH_14835_14840,BTCUSD,SHORT,2026-03-04T08:00:00+00:00,WF_2026_03,2026-03,-1.0,0.137232,1.714314,1,SL_HIT,-0.331062,REJECT
BTCUSD_15417_BEARISH_15409_15415,BTCUSD,SHORT,2026-03-05T09:00:00+00:00,WF_2026_03,2026-03,-1.0,0.173882,1.335498,1,SL_HIT,0.068121,REJECT
XRPUSD_15425_BULLISH_15396_15399,XRPUSD,LONG,2026-03-05T17:00:00+00:00,WF_2026_03,2026-03,1.839925,2.065913,0.0,2,TP_HIT,0.221632,ACCEPT
BTCUSD_15439_BEARISH_15429_15436,BTCUSD,SHORT,2026-03-06T07:00:00+00:00,WF_2026_03,2026-03,1.714275,2.115596,0.0,2,TP_HIT,0.319493,ACCEPT
ETHUSD_15452_BULLISH_15387_15391,ETHUSD,LONG,2026-03-06T20:00:00+00:00,WF_2026_03,2026-03,-1.0,0.932961,1.348231,30,SL_HIT,0.185106,REJECT
BTCUSD_15454_BULLISH_15387_15391,BTCUSD,LONG,2026-03-06T22:00:00+00:00,WF_2026_03,2026-03,-1.0,0.549784,1.666001,21,SL_HIT,0.065294,REJECT
XRPUSD_15480_BULLISH_15387_15391,XRPUSD,LONG,2026-03-08T00:00:00+00:00,WF_2026_03,2026-03,-1.0,0.0,1.022989,2,SL_HIT,-0.225184,REJECT
BTCUSD_15487_BEARISH_15480_15482,BTCUSD,SHORT,2026-03-08T07:00:00+00:00,WF_2026_03,2026-03,-1.0,0.067717,1.267717,1,SL_HIT,-0.362359,REJECT
SOLUSD_15487_BEARISH_15480_15484,SOLUSD,SHORT,2026-03-08T07:00:00+00:00,WF_2026_03,2026-03,-1.0,1.230637,2.448078,3,SL_HIT,0.278359,ACCEPT
XRPUSD_15487_BULLISH_15374_15399,XRPUSD,LONG,2026-03-08T07:00:00+00:00,WF_2026_03,2026-03,-1.0,0.747126,1.791826,15,SL_HIT,-0.010689,REJECT
BTCUSD_15490_BEARISH_15467_15475,BTCUSD,SHORT,2026-03-08T10:00:00+00:00,WF_2026_03,2026-03,1.714297,2.42839,0.153359,2,TP_HIT,-0.110771,REJECT
XRPUSD_15490_BEARISH_15467_15471,XRPUSD,SHORT,2026-03-08T10:00:00+00:00,WF_2026_03,2026-03,1.802469,2.592593,0.333333,2,TP_HIT,-0.357175,REJECT
ETHUSD_15491_BULLISH_15344_15351,ETHUSD,LONG,2026-03-08T11:00:00+00:00,WF_2026_03,2026-03,-1.0,1.161491,1.409938,11,SL_HIT,0.313434,ACCEPT
BTCUSD_15496_BULLISH_15484_15488,BTCUSD,LONG,2026-03-08T16:00:00+00:00,WF_2026_03,2026-03,-1.0,1.377233,3.268241,6,SL_HIT,-0.395444,REJECT
SOLUSD_15509_BEARISH_15467_15471,SOLUSD,SHORT,2026-03-09T05:00:00+00:00,WF_2026_03,2026-03,1.709677,2.730466,0.0,1,TP_HIT,0.328451,ACCEPT
BTCUSD_15512_BEARISH_15490_15502,BTCUSD,SHORT,2026-03-09T08:00:00+00:00,WF_2026_03,2026-03,-1.0,0.668952,1.673849,1,SL_HIT,-0.050097,REJECT
SOLUSD_15526_BULLISH_15517_15523,SOLUSD,LONG,2026-03-09T22:00:00+00:00,WF_2026_03,2026-03,1.715576,1.786305,0.359669,12,TP_HIT,0.233824,ACCEPT
XRPUSD_15526_BULLISH_15517_15523,XRPUSD,LONG,2026-03-09T22:00:00+00:00,WF_2026_03,2026-03,1.567901,1.694885,0.590829,4,TP_HIT,-0.212466,REJECT
BTCUSD_15531_BULLISH_15523_15530,BTCUSD,LONG,2026-03-10T03:00:00+00:00,WF_2026_03,2026-03,1.714287,2.116645,0.0,5,TP_HIT,0.261417,ACCEPT
XRPUSD_15531_BULLISH_15523_15530,XRPUSD,LONG,2026-03-10T03:00:00+00:00,WF_2026_03,2026-03,1.604317,1.666667,0.194245,5,TP_HIT,0.007421,REJECT
XRPUSD_15539_BULLISH_15530_15536,XRPUSD,LONG,2026-03-10T11:00:00+00:00,WF_2026_03,2026-03,2.004444,3.041481,0.342222,3,TP_HIT,0.21713,ACCEPT
BTCUSD_15541_BULLISH_15531_15536,BTCUSD,LONG,2026-03-10T13:00:00+00:00,WF_2026_03,2026-03,-1.0,1.874917,1.153693,1,SL_HIT,-0.226055,REJECT
SOLUSD_15549_BULLISH_15528_15537,SOLUSD,LONG,2026-03-10T21:00:00+00:00,WF_2026_03,2026-03,-1.0,1.407309,1.153257,12,SL_HIT,0.130741,REJECT
BTCUSD_15578_BULLISH_15564_15566,BTCUSD,LONG,2026-03-12T02:00:00+00:00,WF_2026_03,2026-03,1.714282,1.995276,0.617991,9,TP_HIT,-0.353528,REJECT
SOLUSD_15578_BULLISH_15564_15569,SOLUSD,LONG,2026-03-12T02:00:00+00:00,WF_2026_03,2026-03,1.71868,1.768692,0.665616,9,TP_HIT,-0.061401,REJECT
ETHUSD_15617_BULLISH_15606_15613,ETHUSD,LONG,2026-03-13T17:00:00+00:00,WF_2026_03,2026-03,-1.0,0.564714,1.671005,5,SL_HIT,-0.204087,REJECT
SOLUSD_15617_BULLISH_15607_15613,SOLUSD,LONG,2026-03-13T17:00:00+00:00,WF_2026_03,2026-03,-1.0,0.675205,1.735997,5,SL_HIT,0.23348,ACCEPT
ETHUSD_15630_BULLISH_15591_15600,ETHUSD,LONG,2026-03-14T06:00:00+00:00,WF_2026_03,2026-03,1.714351,2.059985,0.31511,38,TP_HIT,0.136283,REJECT
BTCUSD_15633_BULLISH_15591_15600,BTCUSD,LONG,2026-03-14T09:00:00+00:00,WF_2026_03,2026-03,1.714282,1.805681,0.0,20,TP_HIT,0.071855,REJECT
SOLUSD_15633_BULLISH_15595_15600,SOLUSD,LONG,2026-03-14T09:00:00+00:00,WF_2026_03,2026-03,1.709943,2.086038,0.134055,17,TP_HIT,0.074827,REJECT
XRPUSD_15633_BULLISH_15590_15613,XRPUSD,LONG,2026-03-14T09:00:00+00:00,WF_2026_03,2026-03,1.745098,1.769608,0.0,20,TP_HIT,0.133666,REJECT
SOLUSD_15650_BEARISH_15628_15630,SOLUSD,SHORT,2026-03-15T02:00:00+00:00,WF_2026_03,2026-03,-1.0,1.050403,1.332661,7,SL_HIT,0.006038,REJECT
XRPUSD_15663_BULLISH_15654_15660,XRPUSD,LONG,2026-03-15T15:00:00+00:00,WF_2026_03,2026-03,2.174603,6.593651,0.580952,7,TP_HIT,0.082903,REJECT
SOLUSD_15665_BEARISH_15657_15664,SOLUSD,SHORT,2026-03-15T17:00:00+00:00,WF_2026_03,2026-03,-1.0,1.350993,1.331126,3,SL_HIT,0.204945,ACCEPT
ETHUSD_15681_BEARISH_14715_14725,ETHUSD,SHORT,2026-03-16T09:00:00+00:00,WF_2026_03,2026-03,-1.0,0.1151,1.219641,3,SL_HIT,0.075711,REJECT
XRPUSD_15681_BEARISH_15237_15294,XRPUSD,SHORT,2026-03-16T09:00:00+00:00,WF_2026_03,2026-03,-1.0,0.182796,1.696774,5,SL_HIT,-0.24888,REJECT
SOLUSD_15700_BULLISH_15680_15690,SOLUSD,LONG,2026-03-17T04:00:00+00:00,WF_2026_03,2026-03,1.718375,1.767313,0.466297,14,TP_HIT,0.088259,REJECT
BTCUSD_15706_BULLISH_15688_15694,BTCUSD,LONG,2026-03-17T10:00:00+00:00,WF_2026_03,2026-03,1.714293,2.055923,0.607221,5,TP_HIT,-0.064976,REJECT
SOLUSD_15725_BULLISH_15708_15714,SOLUSD,LONG,2026-03-18T05:00:00+00:00,WF_2026_03,2026-03,-1.0,1.174041,3.026549,6,SL_HIT,0.120222,REJECT
SOLUSD_15748_BULLISH_15743_15747,SOLUSD,LONG,2026-03-19T04:00:00+00:00,WF_2026_03,2026-03,-1.0,0.0,1.06639,1,SL_HIT,-0.489318,REJECT
SOLUSD_15753_BEARISH_15747_15751,SOLUSD,SHORT,2026-03-19T09:00:00+00:00,WF_2026_03,2026-03,1.712859,2.004132,0.177735,3,TP_HIT,0.230229,ACCEPT
SOLUSD_15756_BULLISH_15661_15669,SOLUSD,LONG,2026-03-19T12:00:00+00:00,WF_2026_03,2026-03,-1.0,0.962963,1.259259,3,SL_HIT,0.116888,REJECT
ETHUSD_15777_BULLISH_15775_15776,ETHUSD,LONG,2026-03-20T09:00:00+00:00,WF_2026_03,2026-03,-1.0,0.549662,1.208008,5,SL_HIT,-0.219893,REJECT
BTCUSD_15781_BULLISH_15767_15771,BTCUSD,LONG,2026-03-20T13:00:00+00:00,WF_2026_03,2026-03,-1.0,0.280139,1.27985,1,SL_HIT,-0.643031,REJECT
ETHUSD_15810_BEARISH_15806_15808,ETHUSD,SHORT,2026-03-21T18:00:00+00:00,WF_2026_03,2026-03,1.714623,6.168029,0.171662,5,TP_HIT,0.211005,ACCEPT
SOLUSD_15812_BEARISH_15801_15806,SOLUSD,SHORT,2026-03-21T20:00:00+00:00,WF_2026_03,2026-03,1.716346,6.908173,0.533654,3,TP_HIT,-0.404222,REJECT
XRPUSD_15831_BULLISH_15630_15670,XRPUSD,LONG,2026-03-22T15:00:00+00:00,WF_2026_03,2026-03,-1.0,0.435897,1.423077,3,SL_HIT,0.053797,REJECT
BTCUSD_15845_BEARISH_15831_15837,BTCUSD,SHORT,2026-03-23T05:00:00+00:00,WF_2026_03,2026-03,1.7143,3.283414,0.621578,1,TP_HIT,-0.613581,REJECT
XRPUSD_15854_BEARISH_15776_15815,XRPUSD,SHORT,2026-03-23T14:00:00+00:00,WF_2026_03,2026-03,1.666667,2.671795,0.979487,1,TP_HIT,-0.350148,REJECT
BTCUSD_15887_BEARISH_15871_15877,BTCUSD,SHORT,2026-03-24T23:00:00+00:00,WF_2026_03,2026-03,-1.0,0.428877,1.143316,9,SL_HIT,-0.001307,REJECT
ETHUSD_15887_BEARISH_15875_15881,ETHUSD,SHORT,2026-03-24T23:00:00+00:00,WF_2026_03,2026-03,-1.0,0.636491,1.244211,6,SL_HIT,0.014645,REJECT
XRPUSD_15887_BEARISH_15872_15877,XRPUSD,SHORT,2026-03-24T23:00:00+00:00,WF_2026_03,2026-03,-1.0,0.895495,1.317117,12,SL_HIT,0.001733,REJECT
SOLUSD_15902_BULLISH_15895_15899,SOLUSD,LONG,2026-03-25T14:00:00+00:00,WF_2026_03,2026-03,-1.0,0.0,2.349528,1,SL_HIT,-0.681,REJECT
XRPUSD_15902_BULLISH_15891_15899,XRPUSD,LONG,2026-03-25T14:00:00+00:00,WF_2026_03,2026-03,-1.0,0.2125,1.6625,1,SL_HIT,-0.108873,REJECT
BTCUSD_15957_BULLISH_15349_15350,BTCUSD,LONG,2026-03-27T21:00:00+00:00,WF_2026_03,2026-03,1.714285,2.050518,0.0632,16,TP_HIT,0.092186,REJECT
BTCUSD_15970_BULLISH_15962_15967,BTCUSD,LONG,2026-03-28T10:00:00+00:00,WF_2026_03,2026-03,1.714299,2.833333,0.163551,3,TP_HIT,-0.086681,REJECT
SOLUSD_15972_BULLISH_15961_15966,SOLUSD,LONG,2026-03-28T12:00:00+00:00,WF_2026_03,2026-03,1.724638,3.083736,0.055287,1,TP_HIT,-0.052176,REJECT
BTCUSD_15983_BULLISH_15970_15973,BTCUSD,LONG,2026-03-28T23:00:00+00:00,WF_2026_03,2026-03,1.714271,2.444068,0.483051,4,TP_HIT,0.001167,REJECT
SOLUSD_15996_BULLISH_15493_15509,SOLUSD,LONG,2026-03-29T12:00:00+00:00,WF_2026_03,2026-03,-1.0,0.339569,1.050922,5,SL_HIT,0.219849,ACCEPT
ETHUSD_15999_BULLISH_15962_15966,ETHUSD,LONG,2026-03-29T15:00:00+00:00,WF_2026_03,2026-03,-1.0,1.438596,4.916667,7,SL_HIT,-0.148454,REJECT
SOLUSD_16009_BEARISH_15987_16000,SOLUSD,SHORT,2026-03-30T01:00:00+00:00,WF_2026_03,2026-03,-1.0,0.875539,2.772027,1,SL_HIT,0.335605,ACCEPT
SOLUSD_16010_BEARISH_15975_15983,SOLUSD,SHORT,2026-03-30T02:00:00+00:00,WF_2026_03,2026-03,-1.0,0.597122,1.009233,5,SL_HIT,0.062691,REJECT
SOLUSD_16065_BULLISH_16049_16060,SOLUSD,LONG,2026-04-01T09:00:00+00:00,WF_2026_04,2026-04,1.714835,2.200615,0.77566,7,TP_HIT,0.155285,REJECT
BTCUSD_16067_BEARISH_15932_15944,BTCUSD,SHORT,2026-04-01T11:00:00+00:00,WF_2026_04,2026-04,1.714282,2.106262,0.605313,14,TP_HIT,0.012845,REJECT
BTCUSD_16091_BULLISH_16007_16011,BTCUSD,LONG,2026-04-02T11:00:00+00:00,WF_2026_04,2026-04,-1.0,0.068424,1.316384,2,SL_HIT,-0.169454,REJECT
ETHUSD_16091_BULLISH_16041_16049,ETHUSD,LONG,2026-04-02T11:00:00+00:00,WF_2026_04,2026-04,1.714316,1.787879,0.820272,25,TP_HIT,-0.142326,REJECT
BTCUSD_16110_BEARISH_16100_16106,BTCUSD,SHORT,2026-04-03T06:00:00+00:00,WF_2026_04,2026-04,-1.0,0.139905,1.494436,1,SL_HIT,0.176599,REJECT
SOLUSD_16116_BULLISH_16106_16111,SOLUSD,LONG,2026-04-03T12:00:00+00:00,WF_2026_04,2026-04,1.705908,2.203907,0.425102,3,TP_HIT,-0.055214,REJECT
ETHUSD_16126_BULLISH_16121_16125,ETHUSD,LONG,2026-04-03T22:00:00+00:00,WF_2026_04,2026-04,1.714644,2.39749,0.958159,21,TP_HIT,-0.151659,REJECT
XRPUSD_16136_BULLISH_16130_16134,XRPUSD,LONG,2026-04-04T08:00:00+00:00,WF_2026_04,2026-04,-1.0,0.0,1.45,1,SL_HIT,-0.403859,REJECT
SOLUSD_16138_BEARISH_16134_16136,SOLUSD,SHORT,2026-04-04T10:00:00+00:00,WF_2026_04,2026-04,-1.0,1.300973,3.70073,5,SL_HIT,-0.291615,REJECT
SOLUSD_16156_BULLISH_16142_16143,SOLUSD,LONG,2026-04-05T04:00:00+00:00,WF_2026_04,2026-04,-1.0,0.378454,1.368906,2,SL_HIT,0.146365,REJECT
ETHUSD_16157_BULLISH_16142_16147,ETHUSD,LONG,2026-04-05T05:00:00+00:00,WF_2026_04,2026-04,-1.0,0.0,2.584906,1,SL_HIT,-0.627077,REJECT
BTCUSD_16188_BULLISH_16178_16185,BTCUSD,LONG,2026-04-06T12:00:00+00:00,WF_2026_04,2026-04,1.714292,2.24575,0.178774,4,TP_HIT,0.237805,ACCEPT
ETHUSD_16188_BULLISH_16178_16185,ETHUSD,LONG,2026-04-06T12:00:00+00:00,WF_2026_04,2026-04,-1.0,1.18002,1.387735,10,SL_HIT,0.185342,REJECT
XRPUSD_16188_BULLISH_16178_16185,XRPUSD,LONG,2026-04-06T12:00:00+00:00,WF_2026_04,2026-04,-1.0,0.647863,1.752137,10,SL_HIT,-0.090074,REJECT
SOLUSD_16206_BULLISH_16167_16174,SOLUSD,LONG,2026-04-07T06:00:00+00:00,WF_2026_04,2026-04,-1.0,0.589028,1.039187,5,SL_HIT,-0.49373,REJECT
XRPUSD_16209_BEARISH_16200_16205,XRPUSD,SHORT,2026-04-07T09:00:00+00:00,WF_2026_04,2026-04,1.55,2.333333,0.3,1,TP_HIT,0.130949,REJECT
BTCUSD_16219_BEARISH_16209_16210,BTCUSD,SHORT,2026-04-07T19:00:00+00:00,WF_2026_04,2026-04,-1.0,0.0,1.881064,1,SL_HIT,-0.273978,REJECT
ETHUSD_16220_BEARISH_16209_16210,ETHUSD,SHORT,2026-04-07T20:00:00+00:00,WF_2026_04,2026-04,-1.0,0.259072,2.299578,1,SL_HIT,-0.039133,REJECT
BTCUSD_16240_BEARISH_16236_16238,BTCUSD,SHORT,2026-04-08T16:00:00+00:00,WF_2026_04,2026-04,1.714293,1.788951,0.491553,7,TP_HIT,0.183008,REJECT
SOLUSD_16241_BEARISH_16237_16238,SOLUSD,SHORT,2026-04-08T17:00:00+00:00,WF_2026_04,2026-04,1.716004,1.727105,0.0,2,TP_HIT,0.300946,ACCEPT
ETHUSD_16268_BEARISH_16241_16246,ETHUSD,SHORT,2026-04-09T20:00:00+00:00,WF_2026_04,2026-04,-1.0,1.103042,1.340161,2,SL_HIT,0.131327,REJECT
BTCUSD_16281_BEARISH_16273_16279,BTCUSD,SHORT,2026-04-10T09:00:00+00:00,WF_2026_04,2026-04,-1.0,0.258396,1.155358,3,SL_HIT,0.138747,REJECT
ETHUSD_16298_BEARISH_16233_16238,ETHUSD,SHORT,2026-04-11T02:00:00+00:00,WF_2026_04,2026-04,1.713953,1.736434,0.0,3,TP_HIT,0.094022,REJECT
SOLUSD_16321_BULLISH_16262_16265,SOLUSD,LONG,2026-04-12T01:00:00+00:00,WF_2026_04,2026-04,-1.0,1.264597,1.221729,13,SL_HIT,0.734068,ACCEPT
BTCUSD_16338_BULLISH_16262_16263,BTCUSD,LONG,2026-04-12T18:00:00+00:00,WF_2026_04,2026-04,-1.0,0.695147,1.030075,4,SL_HIT,-0.351258,REJECT
XRPUSD_16384_BULLISH_16380_16381,XRPUSD,LONG,2026-04-14T16:00:00+00:00,WF_2026_04,2026-04,-1.0,0.476923,2.938462,2,SL_HIT,-0.543883,REJECT
XRPUSD_16403_BEARISH_16392_16399,XRPUSD,SHORT,2026-04-15T11:00:00+00:00,WF_2026_04,2026-04,-1.0,0.0,1.374532,1,SL_HIT,-0.40279,REJECT
XRPUSD_16405_BEARISH_16384_16386,XRPUSD,SHORT,2026-04-15T13:00:00+00:00,WF_2026_04,2026-04,-1.0,0.514739,1.253968,2,SL_HIT,0.074559,REJECT
BTCUSD_16428_BEARISH_16418_16426,BTCUSD,SHORT,2026-04-16T12:00:00+00:00,WF_2026_04,2026-04,1.714284,2.89357,0.505297,1,TP_HIT,0.266217,ACCEPT
XRPUSD_16475_BULLISH_16442_16453,XRPUSD,LONG,2026-04-18T11:00:00+00:00,WF_2026_04,2026-04,1.666667,2.051852,0.837037,18,TP_HIT,0.302937,ACCEPT
XRPUSD_16499_BEARISH_16493_16495,XRPUSD,SHORT,2026-04-19T11:00:00+00:00,WF_2026_04,2026-04,-1.0,0.623188,1.347826,2,SL_HIT,0.221151,ACCEPT
BTCUSD_16504_BULLISH_16495_16501,BTCUSD,LONG,2026-04-19T16:00:00+00:00,WF_2026_04,2026-04,-1.0,0.29588,1.598002,1,SL_HIT,0.060496,REJECT
BTCUSD_16505_BULLISH_16442_16448,BTCUSD,LONG,2026-04-19T17:00:00+00:00,WF_2026_04,2026-04,-1.0,0.914336,1.409091,3,SL_HIT,-0.076368,REJECT
BTCUSD_16510_BULLISH_16430_16435,BTCUSD,LONG,2026-04-19T22:00:00+00:00,WF_2026_04,2026-04,1.714278,2.719116,0.513654,9,TP_HIT,0.024869,REJECT
BTCUSD_16527_BEARISH_16501_16505,BTCUSD,SHORT,2026-04-20T15:00:00+00:00,WF_2026_04,2026-04,-1.0,0.837293,1.444444,3,SL_HIT,-0.019832,REJECT
XRPUSD_16527_BEARISH_16501_16508,XRPUSD,SHORT,2026-04-20T15:00:00+00:00,WF_2026_04,2026-04,-1.0,1.335456,1.229299,17,SL_HIT,0.269118,ACCEPT
SOLUSD_16528_BULLISH_16519_16527,SOLUSD,LONG,2026-04-20T16:00:00+00:00,WF_2026_04,2026-04,-1.0,1.466316,1.132231,27,SL_HIT,-0.22516,REJECT
ETHUSD_16530_BEARISH_16501_16506,ETHUSD,SHORT,2026-04-20T18:00:00+00:00,WF_2026_04,2026-04,1.714191,1.825083,0.80198,5,TP_HIT,0.063151,REJECT
SOLUSD_16530_BEARISH_16502_16510,SOLUSD,SHORT,2026-04-20T18:00:00+00:00,WF_2026_04,2026-04,1.713368,1.757735,0.766492,23,TP_HIT,0.154834,REJECT
BTCUSD_16550_BULLISH_16539_16546,BTCUSD,LONG,2026-04-21T14:00:00+00:00,WF_2026_04,2026-04,-1.0,1.108607,1.211066,1,SL_HIT,-0.123801,REJECT
XRPUSD_16555_BULLISH_16520_16527,XRPUSD,LONG,2026-04-21T19:00:00+00:00,WF_2026_04,2026-04,2.066667,2.533333,0.36,4,TP_HIT,-0.203682,REJECT
ETHUSD_16556_BEARISH_16544_16550,ETHUSD,SHORT,2026-04-21T20:00:00+00:00,WF_2026_04,2026-04,-1.0,0.957839,2.952569,6,SL_HIT,-0.003493,REJECT
BTCUSD_16559_BEARISH_16544_16555,BTCUSD,SHORT,2026-04-21T23:00:00+00:00,WF_2026_04,2026-04,-1.0,0.222289,2.203915,3,SL_HIT,-0.205999,REJECT
XRPUSD_16562_BEARISH_16544_16555,XRPUSD,SHORT,2026-04-22T02:00:00+00:00,WF_2026_04,2026-04,-1.0,0.0,1.133333,1,SL_HIT,-0.814485,REJECT
ETHUSD_16576_BULLISH_16568_16573,ETHUSD,LONG,2026-04-22T16:00:00+00:00,WF_2026_04,2026-04,-1.0,1.225225,1.837838,7,SL_HIT,-0.779774,REJECT
XRPUSD_16584_BULLISH_16555_16565,XRPUSD,LONG,2026-04-23T00:00:00+00:00,WF_2026_04,2026-04,-1.0,0.182266,1.0,3,SL_HIT,0.095134,REJECT
SOLUSD_16592_BULLISH_16555_16560,SOLUSD,LONG,2026-04-23T08:00:00+00:00,WF_2026_04,2026-04,1.127479,1.496695,0.847025,72,TIMEOUT_EXIT,0.160084,REJECT
SOLUSD_16596_BEARISH_16590_16594,SOLUSD,SHORT,2026-04-23T12:00:00+00:00,WF_2026_04,2026-04,-1.0,0.784946,2.182796,3,SL_HIT,-0.290633,REJECT
BTCUSD_16598_BEARISH_16590_16594,BTCUSD,SHORT,2026-04-23T14:00:00+00:00,WF_2026_04,2026-04,-1.0,0.205212,2.065147,1,SL_HIT,-0.548029,REJECT
BTCUSD_16602_BULLISH_16594_16599,BTCUSD,LONG,2026-04-23T18:00:00+00:00,WF_2026_04,2026-04,1.188132,1.626216,0.542072,72,TIMEOUT_EXIT,-0.001345,REJECT
XRPUSD_16611_BULLISH_16603_16609,XRPUSD,LONG,2026-04-24T03:00:00+00:00,WF_2026_04,2026-04,-1.0,0.0,1.115942,1,SL_HIT,-0.341739,REJECT
XRPUSD_16619_BEARISH_16610_16617,XRPUSD,SHORT,2026-04-24T11:00:00+00:00,WF_2026_04,2026-04,1.222222,1.622222,0.851852,3,TP_HIT,0.081638,REJECT
SOLUSD_16629_BULLISH_16623_16628,SOLUSD,LONG,2026-04-24T21:00:00+00:00,WF_2026_04,2026-04,1.719798,2.003163,0.98482,52,TP_HIT,0.331713,ACCEPT
XRPUSD_16630_BULLISH_16618_16623,XRPUSD,LONG,2026-04-24T22:00:00+00:00,WF_2026_04,2026-04,-1.0,1.088889,1.548148,18,SL_HIT,0.085715,REJECT
BTCUSD_16644_BULLISH_16639_16642,BTCUSD,LONG,2026-04-25T12:00:00+00:00,WF_2026_04,2026-04,-1.0,1.319853,1.981618,3,SL_HIT,0.224815,ACCEPT
ETHUSD_16654_BEARISH_16641_16647,ETHUSD,SHORT,2026-04-25T22:00:00+00:00,WF_2026_04,2026-04,-1.0,1.636364,2.924242,7,SL_HIT,0.184328,REJECT
BTCUSD_16660_BEARISH_16642_16647,BTCUSD,SHORT,2026-04-26T04:00:00+00:00,WF_2026_04,2026-04,-1.0,0.014205,2.789773,1,SL_HIT,-0.052405,REJECT
SOLUSD_16667_BEARISH_16640_16648,SOLUSD,SHORT,2026-04-26T11:00:00+00:00,WF_2026_04,2026-04,-1.0,0.815234,1.33418,7,SL_HIT,-0.532244,REJECT
BTCUSD_16669_BEARISH_16621_16630,BTCUSD,SHORT,2026-04-26T13:00:00+00:00,WF_2026_04,2026-04,-1.0,0.463588,1.101835,6,SL_HIT,0.207251,ACCEPT
XRPUSD_16669_BULLISH_16659_16662,XRPUSD,LONG,2026-04-26T13:00:00+00:00,WF_2026_04,2026-04,1.0,1.875,0.28125,6,TP_HIT,-0.129662,REJECT
XRPUSD_16687_BULLISH_16594_16598,XRPUSD,LONG,2026-04-27T07:00:00+00:00,WF_2026_04,2026-04,-1.0,0.373333,2.386667,6,SL_HIT,-0.513729,REJECT
SOLUSD_16731_BEARISH_16704_16713,SOLUSD,SHORT,2026-04-29T03:00:00+00:00,WF_2026_04,2026-04,-1.0,0.42735,1.401709,1,SL_HIT,0.365521,ACCEPT
BTCUSD_16732_BEARISH_16704_16715,BTCUSD,SHORT,2026-04-29T04:00:00+00:00,WF_2026_04,2026-04,-1.0,1.007168,2.155914,5,SL_HIT,0.107993,REJECT
XRPUSD_16732_BEARISH_16708_16715,XRPUSD,SHORT,2026-04-29T04:00:00+00:00,WF_2026_04,2026-04,-1.0,0.492537,1.258706,5,SL_HIT,0.101973,REJECT
XRPUSD_16740_BULLISH_16729_16731,XRPUSD,LONG,2026-04-29T12:00:00+00:00,WF_2026_04,2026-04,-1.0,0.0,1.957746,1,SL_HIT,-0.100116,REJECT
BTCUSD_16743_BULLISH_16718_16737,BTCUSD,LONG,2026-04-29T15:00:00+00:00,WF_2026_04,2026-04,-1.0,0.435802,2.896296,3,SL_HIT,-0.326121,REJECT
SOLUSD_16743_BULLISH_16718_16737,SOLUSD,LONG,2026-04-29T15:00:00+00:00,WF_2026_04,2026-04,-1.0,0.569177,1.049037,1,SL_HIT,-0.32689,REJECT
SOLUSD_16744_BULLISH_16399_16434,SOLUSD,LONG,2026-04-29T16:00:00+00:00,WF_2026_04,2026-04,-1.0,0.879004,4.013049,2,SL_HIT,-0.003775,REJECT
ETHUSD_16745_BULLISH_16717_16722,ETHUSD,LONG,2026-04-29T17:00:00+00:00,WF_2026_04,2026-04,-1.0,0.338087,2.808675,1,SL_HIT,0.00259,REJECT
SOLUSD_16790_BULLISH_16779_16789,SOLUSD,LONG,2026-05-01T14:00:00+00:00,WF_2026_05,2026-05,-1.0,0.677621,1.375587,6,SL_HIT,0.142746,REJECT
XRPUSD_16794_BEARISH_16737_16741,XRPUSD,SHORT,2026-05-01T18:00:00+00:00,WF_2026_05,2026-05,-1.0,1.108333,1.108333,55,SL_HIT,-0.067897,REJECT
ETHUSD_16796_BULLISH_16779_16788,ETHUSD,LONG,2026-05-01T20:00:00+00:00,WF_2026_05,2026-05,1.714381,2.444816,0.212932,25,TP_HIT,-0.04896,REJECT
ETHUSD_16817_BULLISH_16802_16815,ETHUSD,LONG,2026-05-02T17:00:00+00:00,WF_2026_05,2026-05,1.713962,2.626415,0.354717,4,TP_HIT,-0.082642,REJECT
BTCUSD_16825_BULLISH_16805_16821,BTCUSD,LONG,2026-05-03T01:00:00+00:00,WF_2026_05,2026-05,1.714272,1.794749,0.828162,8,TP_HIT,0.227819,ACCEPT
SOLUSD_16825_BULLISH_16811_16816,SOLUSD,LONG,2026-05-03T01:00:00+00:00,WF_2026_05,2026-05,1.723672,1.851817,0.860205,19,TP_HIT,-0.694939,REJECT
XRPUSD_16825_BULLISH_16805_16813,XRPUSD,LONG,2026-05-03T01:00:00+00:00,WF_2026_05,2026-05,-1.0,0.0,1.4,1,SL_HIT,-0.317914,REJECT
BTCUSD_16841_BEARISH_16681_16686,BTCUSD,SHORT,2026-05-03T17:00:00+00:00,WF_2026_05,2026-05,-1.0,1.092641,1.664935,8,SL_HIT,0.221918,ACCEPT
ETHUSD_16845_BEARISH_16737_16743,ETHUSD,SHORT,2026-05-03T21:00:00+00:00,WF_2026_05,2026-05,-1.0,0.254098,1.551913,1,SL_HIT,0.12314,REJECT
ETHUSD_16882_BEARISH_16681_16685,ETHUSD,SHORT,2026-05-05T10:00:00+00:00,WF_2026_05,2026-05,-1.0,1.492966,1.680122,23,SL_HIT,0.084807,REJECT
BTCUSD_16897_BEARISH_16893_16895,BTCUSD,SHORT,2026-05-06T01:00:00+00:00,WF_2026_05,2026-05,-1.0,0.555324,1.416493,7,SL_HIT,-0.280798,REJECT
ETHUSD_16909_BULLISH_16894_16905,ETHUSD,LONG,2026-05-06T13:00:00+00:00,WF_2026_05,2026-05,-1.0,0.0,1.386337,1,SL_HIT,-0.30374,REJECT
ETHUSD_16913_BULLISH_16871_16875,ETHUSD,LONG,2026-05-06T17:00:00+00:00,WF_2026_05,2026-05,-1.0,0.0,1.839572,1,SL_HIT,-0.685458,REJECT
BTCUSD_16920_BULLISH_16896_16904,BTCUSD,LONG,2026-05-07T00:00:00+00:00,WF_2026_05,2026-05,-1.0,0.377819,1.014829,4,SL_HIT,-0.357225,REJECT
XRPUSD_16922_BULLISH_16896_16902,XRPUSD,LONG,2026-05-07T02:00:00+00:00,WF_2026_05,2026-05,-1.0,0.0,1.506667,1,SL_HIT,-0.479951,REJECT
SOLUSD_16932_BEARISH_16454_16474,SOLUSD,SHORT,2026-05-07T12:00:00+00:00,WF_2026_05,2026-05,1.716782,1.879837,0.0,1,TP_HIT,0.191999,REJECT
SOLUSD_16934_BULLISH_16923_16927,SOLUSD,LONG,2026-05-07T14:00:00+00:00,WF_2026_05,2026-05,1.724311,1.937343,0.556391,2,TP_HIT,0.3546,ACCEPT
BTCUSD_16952_BEARISH_16940_16946,BTCUSD,SHORT,2026-05-08T08:00:00+00:00,WF_2026_05,2026-05,-1.0,0.527434,1.29686,4,SL_HIT,0.280546,ACCEPT
ETHUSD_16955_BEARISH_16938_16946,ETHUSD,SHORT,2026-05-08T11:00:00+00:00,WF_2026_05,2026-05,-1.0,1.611111,1.844444,6,SL_HIT,-0.304365,REJECT
SOLUSD_16968_BEARISH_15899_15905,SOLUSD,SHORT,2026-05-09T00:00:00+00:00,WF_2026_05,2026-05,-1.0,0.359123,1.468085,1,SL_HIT,0.426349,ACCEPT
XRPUSD_16982_BULLISH_16964_16969,XRPUSD,LONG,2026-05-09T14:00:00+00:00,WF_2026_05,2026-05,-1.0,0.075949,1.037975,2,SL_HIT,-0.679963,REJECT
SOLUSD_16985_BEARISH_16974_16984,SOLUSD,SHORT,2026-05-09T17:00:00+00:00,WF_2026_05,2026-05,-1.0,1.233038,1.0,15,SL_HIT,0.308027,ACCEPT
ETHUSD_17005_BEARISH_17001_17002,ETHUSD,SHORT,2026-05-10T13:00:00+00:00,WF_2026_05,2026-05,-1.0,0.0,1.302817,1,SL_HIT,-0.318581,REJECT
ETHUSD_17007_BEARISH_16916_16920,ETHUSD,SHORT,2026-05-10T15:00:00+00:00,WF_2026_05,2026-05,-1.0,0.365462,1.927711,2,SL_HIT,-0.377277,REJECT
ETHUSD_17031_BEARISH_17022_17029,ETHUSD,SHORT,2026-05-11T15:00:00+00:00,WF_2026_05,2026-05,-1.0,0.492366,1.125954,2,SL_HIT,-0.318976,REJECT
SOLUSD_17038_BEARISH_14718_14723,SOLUSD,SHORT,2026-05-11T22:00:00+00:00,WF_2026_05,2026-05,1.714962,1.84092,0.314081,14,TP_HIT,-0.241452,REJECT
SOLUSD_17050_BULLISH_17029_17031,SOLUSD,LONG,2026-05-12T10:00:00+00:00,WF_2026_05,2026-05,-1.0,0.431739,1.22176,2,SL_HIT,-0.296463,REJECT
XRPUSD_17050_BULLISH_17024_17029,XRPUSD,LONG,2026-05-12T10:00:00+00:00,WF_2026_05,2026-05,-1.0,0.958333,2.222222,3,SL_HIT,0.083125,REJECT
SOLUSD_17055_BULLISH_17003_17009,SOLUSD,LONG,2026-05-12T15:00:00+00:00,WF_2026_05,2026-05,1.710027,2.056911,0.149654,10,TP_HIT,0.088907,REJECT
BTCUSD_17099_BULLISH_17091_17093,BTCUSD,LONG,2026-05-14T11:00:00+00:00,WF_2026_05,2026-05,1.714281,1.79819,0.226546,2,TP_HIT,-0.304033,REJECT
SOLUSD_17099_BULLISH_17091_17094,SOLUSD,LONG,2026-05-14T11:00:00+00:00,WF_2026_05,2026-05,1.714114,2.438886,0.043493,3,TP_HIT,-0.092278,REJECT
XRPUSD_17127_BULLISH_17097_17100,XRPUSD,LONG,2026-05-15T15:00:00+00:00,WF_2026_05,2026-05,1.022472,2.05618,0.0,1,TP_HIT,0.180858,REJECT
ETHUSD_17150_BULLISH_16262_16263,ETHUSD,LONG,2026-05-16T14:00:00+00:00,WF_2026_05,2026-05,-1.0,1.127108,4.501946,33,SL_HIT,-0.119675,REJECT
ETHUSD_17162_BEARISH_17160_17161,ETHUSD,SHORT,2026-05-17T02:00:00+00:00,WF_2026_05,2026-05,-1.0,0.0,1.327935,2,SL_HIT,0.326741,ACCEPT
BTCUSD_17174_BULLISH_17161_17170,BTCUSD,LONG,2026-05-17T14:00:00+00:00,WF_2026_05,2026-05,-1.0,0.917808,3.491905,9,SL_HIT,-0.506733,REJECT
SOLUSD_17195_BEARISH_17185_17194,SOLUSD,SHORT,2026-05-18T11:00:00+00:00,WF_2026_05,2026-05,-1.0,0.0,1.465475,1,SL_HIT,-0.126191,REJECT
SOLUSD_17197_BULLISH_17195_17196,SOLUSD,LONG,2026-05-18T13:00:00+00:00,WF_2026_05,2026-05,-1.0,0.0,1.410605,1,SL_HIT,-0.530659,REJECT
ETHUSD_17202_BULLISH_16214_16221,ETHUSD,LONG,2026-05-18T18:00:00+00:00,WF_2026_05,2026-05,1.714262,3.430318,0.0,1,TP_HIT,0.395385,ACCEPT
ETHUSD_17205_BEARISH_17196_17199,ETHUSD,SHORT,2026-05-18T21:00:00+00:00,WF_2026_05,2026-05,1.71453,1.894587,0.424501,13,TP_HIT,0.113553,REJECT
BTCUSD_17228_BEARISH_17216_17222,BTCUSD,SHORT,2026-05-19T20:00:00+00:00,WF_2026_05,2026-05,-1.0,1.231405,1.016529,9,SL_HIT,-0.184419,REJECT
BTCUSD_17243_BEARISH_17196_17198,BTCUSD,SHORT,2026-05-20T11:00:00+00:00,WF_2026_05,2026-05,-1.0,1.337864,1.174757,4,SL_HIT,0.029072,REJECT
XRPUSD_17259_BEARISH_17215_17217,XRPUSD,SHORT,2026-05-21T03:00:00+00:00,WF_2026_05,2026-05,2.09375,2.171875,0.40625,3,TP_HIT,-0.118162,REJECT
BTCUSD_17266_BULLISH_17248_17256,BTCUSD,LONG,2026-05-21T10:00:00+00:00,WF_2026_05,2026-05,-1.0,0.0,1.662466,3,SL_HIT,-0.47248,REJECT
XRPUSD_17266_BULLISH_17254_17258,XRPUSD,LONG,2026-05-21T10:00:00+00:00,WF_2026_05,2026-05,-1.0,0.160494,1.691358,3,SL_HIT,-0.362382,REJECT
ETHUSD_17267_BULLISH_17230_17237,ETHUSD,LONG,2026-05-21T11:00:00+00:00,WF_2026_05,2026-05,1.714554,2.375587,0.737089,4,TP_HIT,-0.028528,REJECT
ETHUSD_17273_BEARISH_17257_17266,ETHUSD,SHORT,2026-05-21T17:00:00+00:00,WF_2026_05,2026-05,1.714106,1.731357,0.33513,15,TP_HIT,-0.302892,REJECT
SOLUSD_17292_BEARISH_17276_17286,SOLUSD,SHORT,2026-05-22T12:00:00+00:00,WF_2026_05,2026-05,1.717833,2.59842,0.819413,2,TP_HIT,-0.753244,REJECT
SOLUSD_17308_BULLISH_17233_17244,SOLUSD,LONG,2026-05-23T04:00:00+00:00,WF_2026_05,2026-05,-1.0,0.27381,5.843254,3,SL_HIT,0.178968,REJECT
XRPUSD_17318_BEARISH_17307_17311,XRPUSD,SHORT,2026-05-23T14:00:00+00:00,WF_2026_05,2026-05,-1.0,1.692308,1.038462,1,SL_HIT,0.059021,REJECT
ETHUSD_17334_BEARISH_17273_17298,ETHUSD,SHORT,2026-05-24T06:00:00+00:00,WF_2026_05,2026-05,1.714201,2.555556,0.0,8,TP_HIT,0.24486,ACCEPT
BTCUSD_17351_BEARISH_17338_17343,BTCUSD,SHORT,2026-05-24T23:00:00+00:00,WF_2026_05,2026-05,-1.0,0.370137,1.216614,7,SL_HIT,0.011756,REJECT
ETHUSD_17374_BULLISH_17351_17368,ETHUSD,LONG,2026-05-25T22:00:00+00:00,WF_2026_05,2026-05,-1.0,0.933548,1.600214,2,SL_HIT,0.064738,REJECT
BTCUSD_17377_BULLISH_17349_17361,BTCUSD,LONG,2026-05-26T01:00:00+00:00,WF_2026_05,2026-05,1.714291,2.108422,0.244579,9,TP_HIT,0.224572,ACCEPT
XRPUSD_17409_BULLISH_17404_17406,XRPUSD,LONG,2026-05-27T09:00:00+00:00,WF_2026_05,2026-05,1.392157,1.588235,0.542484,3,TP_HIT,0.123175,REJECT
SOLUSD_17413_BULLISH_17404_17407,SOLUSD,LONG,2026-05-27T13:00:00+00:00,WF_2026_05,2026-05,1.721376,2.174678,0.34662,2,TP_HIT,0.175969,REJECT
XRPUSD_17419_BEARISH_17415_17417,XRPUSD,SHORT,2026-05-27T19:00:00+00:00,WF_2026_05,2026-05,1.368159,2.21393,0.154229,2,TP_HIT,0.392902,ACCEPT
SOLUSD_17454_BEARISH_17445_17450,SOLUSD,SHORT,2026-05-29T06:00:00+00:00,WF_2026_05,2026-05,1.705752,2.05531,0.911504,6,TP_HIT,0.005531,REJECT
BTCUSD_17503_BULLISH_17495_17500,BTCUSD,LONG,2026-05-31T07:00:00+00:00,WF_2026_05,2026-05,-1.0,0.131222,1.226244,3,SL_HIT,-0.598677,REJECT
ETHUSD_17503_BULLISH_17489_17498,ETHUSD,LONG,2026-05-31T07:00:00+00:00,WF_2026_05,2026-05,-1.0,0.0,1.058252,2,SL_HIT,-0.572394,REJECT
SOLUSD_17503_BULLISH_17476_17498,SOLUSD,LONG,2026-05-31T07:00:00+00:00,WF_2026_05,2026-05,-1.0,0.782764,1.092656,7,SL_HIT,0.163631,REJECT
ETHUSD_17510_BULLISH_17476_17486,ETHUSD,LONG,2026-05-31T14:00:00+00:00,WF_2026_05,2026-05,-1.0,0.073073,1.316316,2,SL_HIT,-0.517764,REJECT
ETHUSD_17512_BULLISH_17462_17463,ETHUSD,LONG,2026-05-31T16:00:00+00:00,WF_2026_05,2026-05,-1.0,1.226169,1.2463,15,SL_HIT,0.013142,REJECT
SOLUSD_17512_BULLISH_17462_17464,SOLUSD,LONG,2026-05-31T16:00:00+00:00,WF_2026_05,2026-05,1.716049,1.771873,0.0,7,TP_HIT,0.168593,REJECT
BTCUSD_17522_BEARISH_17520_17521,BTCUSD,SHORT,2026-06-01T02:00:00+00:00,WF_2026_06,2026-06,1.714294,2.404287,0.788618,4,TP_HIT,0.132507,REJECT
ETHUSD_17539_BEARISH_17519_17526,ETHUSD,SHORT,2026-06-01T19:00:00+00:00,WF_2026_06,2026-06,1.71453,2.475783,0.219373,7,TP_HIT,0.116829,REJECT
BTCUSD_17620_BEARISH_17611_17618,BTCUSD,SHORT,2026-06-05T04:00:00+00:00,WF_2026_06,2026-06,1.714287,2.998958,0.0,1,TP_HIT,0.575366,ACCEPT
ETHUSD_17664_BULLISH_17657_17663,ETHUSD,LONG,2026-06-07T00:00:00+00:00,WF_2026_06,2026-06,1.714238,2.343384,0.0,1,TP_HIT,0.385537,ACCEPT
ETHUSD_17669_BEARISH_17637_17644,ETHUSD,SHORT,2026-06-07T05:00:00+00:00,WF_2026_06,2026-06,-1.0,0.670588,1.333333,1,SL_HIT,0.21124,ACCEPT
SOLUSD_17670_BEARISH_17637_17644,SOLUSD,SHORT,2026-06-07T06:00:00+00:00,WF_2026_06,2026-06,-1.0,0.425287,1.85977,2,SL_HIT,-0.211181,REJECT
BTCUSD_17673_BEARISH_17625_17629,BTCUSD,SHORT,2026-06-07T09:00:00+00:00,WF_2026_06,2026-06,1.71428,1.746293,0.195612,3,TP_HIT,0.018011,REJECT
ETHUSD_17717_BEARISH_17711_17712,ETHUSD,SHORT,2026-06-09T05:00:00+00:00,WF_2026_06,2026-06,1.714201,2.859774,0.092097,9,TP_HIT,-0.021521,REJECT
SOLUSD_17727_BULLISH_17683_17687,SOLUSD,LONG,2026-06-09T15:00:00+00:00,WF_2026_06,2026-06,-1.0,0.0,1.078431,1,SL_HIT,-0.306581,REJECT
ETHUSD_17746_BULLISH_17683_17686,ETHUSD,LONG,2026-06-10T10:00:00+00:00,WF_2026_06,2026-06,1.714042,2.167277,0.57265,3,TP_HIT,0.055944,REJECT
XRPUSD_17749_BEARISH_17729_17738,XRPUSD,SHORT,2026-06-10T13:00:00+00:00,WF_2026_06,2026-06,1.638298,1.77305,0.042553,3,TP_HIT,0.263864,ACCEPT
BTCUSD_17757_BULLISH_17745_17751,BTCUSD,LONG,2026-06-10T21:00:00+00:00,WF_2026_06,2026-06,1.71428,2.147776,0.293161,4,TP_HIT,0.184521,REJECT
SOLUSD_17761_BEARISH_17751_17757,SOLUSD,SHORT,2026-06-11T01:00:00+00:00,WF_2026_06,2026-06,-1.0,0.565693,1.412338,10,SL_HIT,0.181865,REJECT
XRPUSD_17761_BEARISH_17749_17755,XRPUSD,SHORT,2026-06-11T01:00:00+00:00,WF_2026_06,2026-06,-1.0,1.039939,1.35023,16,SL_HIT,0.549486,ACCEPT
ETHUSD_17771_BEARISH_17716_17726,ETHUSD,SHORT,2026-06-11T11:00:00+00:00,WF_2026_06,2026-06,-0.048494,1.629913,0.989791,72,TIMEOUT_EXIT,0.297723,ACCEPT
BTCUSD_17790_BULLISH_17772_17777,BTCUSD,LONG,2026-06-12T06:00:00+00:00,WF_2026_06,2026-06,1.714282,1.80671,0.162655,3,TP_HIT,-0.007554,REJECT
BTCUSD_17792_BEARISH_17788_17790,BTCUSD,SHORT,2026-06-12T08:00:00+00:00,WF_2026_06,2026-06,-1.0,0.309682,1.260163,1,SL_HIT,0.274872,ACCEPT
SOLUSD_17792_BEARISH_17786_17790,SOLUSD,SHORT,2026-06-12T08:00:00+00:00,WF_2026_06,2026-06,-1.0,0.008447,1.457873,1,SL_HIT,-0.06253,REJECT
XRPUSD_17792_BEARISH_17788_17790,XRPUSD,SHORT,2026-06-12T08:00:00+00:00,WF_2026_06,2026-06,-1.0,0.782946,1.155039,1,SL_HIT,0.368784,ACCEPT
SOLUSD_17803_BULLISH_17790_17798,SOLUSD,LONG,2026-06-12T19:00:00+00:00,WF_2026_06,2026-06,1.718065,2.079365,0.212396,16,TP_HIT,0.099402,REJECT
SOLUSD_17836_BULLISH_17824_17829,SOLUSD,LONG,2026-06-14T04:00:00+00:00,WF_2026_06,2026-06,-1.0,0.250709,1.166059,8,SL_HIT,0.159135,REJECT
BTCUSD_17838_BULLISH_17824_17829,BTCUSD,LONG,2026-06-14T06:00:00+00:00,WF_2026_06,2026-06,-1.0,1.549854,1.158531,8,SL_HIT,0.304369,ACCEPT
SOLUSD_17853_BEARISH_17606_17618,SOLUSD,SHORT,2026-06-14T21:00:00+00:00,WF_2026_06,2026-06,-1.0,0.168372,1.093271,1,SL_HIT,-0.250109,REJECT
BTCUSD_17882_BULLISH_17859_17867,BTCUSD,LONG,2026-06-16T02:00:00+00:00,WF_2026_06,2026-06,1.714286,2.504762,0.512605,6,TP_HIT,-0.036091,REJECT
SOLUSD_17919_BEARISH_17906_17912,SOLUSD,SHORT,2026-06-17T15:00:00+00:00,WF_2026_06,2026-06,-1.0,0.299663,1.395623,1,SL_HIT,0.023126,REJECT
ETHUSD_17921_BEARISH_17906_17912,ETHUSD,SHORT,2026-06-17T17:00:00+00:00,WF_2026_06,2026-06,1.714437,2.90325,0.0,1,TP_HIT,0.318502,ACCEPT
XRPUSD_17921_BEARISH_17906_17912,XRPUSD,SHORT,2026-06-17T17:00:00+00:00,WF_2026_06,2026-06,2.081967,2.79235,0.038251,1,TP_HIT,0.134797,REJECT
BTCUSD_17935_BEARISH_17929_17932,BTCUSD,SHORT,2026-06-18T07:00:00+00:00,WF_2026_06,2026-06,1.714282,1.889047,0.561878,6,TP_HIT,0.245476,ACCEPT
SOLUSD_17975_BEARISH_17954_17963,SOLUSD,SHORT,2026-06-19T23:00:00+00:00,WF_2026_06,2026-06,-1.0,0.0,1.039101,1,SL_HIT,-0.222979,REJECT
BTCUSD_17978_BULLISH_17965_17975,BTCUSD,LONG,2026-06-20T02:00:00+00:00,WF_2026_06,2026-06,1.714283,2.028322,0.104139,13,TP_HIT,0.194845,REJECT
XRPUSD_17981_BEARISH_17948_17956,XRPUSD,SHORT,2026-06-20T05:00:00+00:00,WF_2026_06,2026-06,-1.0,1.567901,1.074074,10,SL_HIT,-0.062203,REJECT
ETHUSD_17990_BEARISH_17935_17943,ETHUSD,SHORT,2026-06-20T14:00:00+00:00,WF_2026_06,2026-06,1.714514,2.272727,0.773525,31,TP_HIT,0.358823,ACCEPT
ETHUSD_17993_BULLISH_17981_17990,ETHUSD,LONG,2026-06-20T17:00:00+00:00,WF_2026_06,2026-06,-1.0,1.140845,1.629108,28,SL_HIT,-0.237877,REJECT
BTCUSD_18008_BULLISH_17993_18003,BTCUSD,LONG,2026-06-21T08:00:00+00:00,WF_2026_06,2026-06,-1.0,1.347095,1.056575,12,SL_HIT,-0.029304,REJECT
SOLUSD_18011_BULLISH_18008_18009,SOLUSD,LONG,2026-06-21T11:00:00+00:00,WF_2026_06,2026-06,1.720307,2.0447,0.604087,2,TP_HIT,0.106272,REJECT
SOLUSD_18020_BULLISH_18012_18019,SOLUSD,LONG,2026-06-21T20:00:00+00:00,WF_2026_06,2026-06,-1.0,0.0,1.80305,1,SL_HIT,-0.028195,REJECT
ETHUSD_18040_BULLISH_18027_18035,ETHUSD,LONG,2026-06-22T16:00:00+00:00,WF_2026_06,2026-06,-1.0,0.901639,1.821858,6,SL_HIT,0.209475,ACCEPT
XRPUSD_18040_BULLISH_18027_18036,XRPUSD,LONG,2026-06-22T16:00:00+00:00,WF_2026_06,2026-06,-1.0,1.031746,1.279365,5,SL_HIT,0.092023,REJECT
BTCUSD_18082_BULLISH_18066_18072,BTCUSD,LONG,2026-06-24T10:00:00+00:00,WF_2026_06,2026-06,1.714286,2.204906,0.396825,1,TP_HIT,-0.038225,REJECT
BTCUSD_18109_BULLISH_2592_2597,BTCUSD,LONG,2026-06-25T13:00:00+00:00,WF_2026_06,2026-06,1.714281,4.208561,0.0,1,TP_HIT,3.376472,ACCEPT
SOLUSD_18122_BULLISH_18115_18119,SOLUSD,LONG,2026-06-26T02:00:00+00:00,WF_2026_06,2026-06,1.703635,5.979667,0.361676,1,TP_HIT,0.512461,ACCEPT
BTCUSD_18123_BEARISH_18117_18122,BTCUSD,SHORT,2026-06-26T03:00:00+00:00,WF_2026_06,2026-06,-1.0,0.0,1.005,1,SL_HIT,-0.113277,REJECT
ETHUSD_18126_BEARISH_18118_18122,ETHUSD,SHORT,2026-06-26T06:00:00+00:00,WF_2026_06,2026-06,-1.0,0.007663,1.191571,1,SL_HIT,0.23846,ACCEPT
XRPUSD_18126_BEARISH_18119_18122,XRPUSD,SHORT,2026-06-26T06:00:00+00:00,WF_2026_06,2026-06,-1.0,0.0,1.463768,1,SL_HIT,-0.212456,REJECT
BTCUSD_18129_BULLISH_18121_18126,BTCUSD,LONG,2026-06-26T09:00:00+00:00,WF_2026_06,2026-06,-1.0,0.881165,1.620321,3,SL_HIT,0.178405,REJECT
XRPUSD_18129_BULLISH_18122_18127,XRPUSD,LONG,2026-06-26T09:00:00+00:00,WF_2026_06,2026-06,-1.0,0.797101,1.012882,4,SL_HIT,0.389742,ACCEPT
SOLUSD_18161_BULLISH_18155_18158,SOLUSD,LONG,2026-06-27T17:00:00+00:00,WF_2026_06,2026-06,-1.0,0.523132,2.376038,2,SL_HIT,0.057357,REJECT
XRPUSD_18167_BULLISH_18142_18146,XRPUSD,LONG,2026-06-27T23:00:00+00:00,WF_2026_06,2026-06,-1.0,1.745875,1.013201,22,SL_HIT,0.303434,ACCEPT
XRPUSD_18175_BEARISH_18167_18174,XRPUSD,SHORT,2026-06-28T07:00:00+00:00,WF_2026_06,2026-06,-1.0,0.0,1.546185,1,SL_HIT,-0.320892,REJECT
BTCUSD_18181_BULLISH_18173_18176,BTCUSD,LONG,2026-06-28T13:00:00+00:00,WF_2026_06,2026-06,-1.0,0.722432,1.556813,3,SL_HIT,-0.052847,REJECT
ETHUSD_18186_BULLISH_18174_18179,ETHUSD,LONG,2026-06-28T18:00:00+00:00,WF_2026_06,2026-06,-1.0,0.506173,1.740741,1,SL_HIT,-0.190341,REJECT
XRPUSD_18195_BEARISH_18183_18186,XRPUSD,SHORT,2026-06-29T03:00:00+00:00,WF_2026_06,2026-06,2.042735,2.74359,0.0,2,TP_HIT,0.33117,ACCEPT
XRPUSD_18216_BULLISH_18197_18209,XRPUSD,LONG,2026-06-30T00:00:00+00:00,WF_2026_06,2026-06,-1.0,0.791667,1.864583,12,SL_HIT,0.362657,ACCEPT
BTCUSD_18219_BULLISH_18206_18209,BTCUSD,LONG,2026-06-30T03:00:00+00:00,WF_2026_06,2026-06,-1.0,0.359251,2.214303,9,SL_HIT,0.115284,REJECT
SOLUSD_18228_BULLISH_18197_18204,SOLUSD,LONG,2026-06-30T12:00:00+00:00,WF_2026_06,2026-06,1.715124,1.904958,0.098289,2,TP_HIT,0.236291,ACCEPT
XRPUSD_18250_BULLISH_18240_18243,XRPUSD,LONG,2026-07-01T10:00:00+00:00,WF_2026_07,2026-07,-1.0,0.229508,1.114754,2,SL_HIT,-0.259894,REJECT
BTCUSD_18259_BEARISH_18209_18228,BTCUSD,SHORT,2026-07-01T19:00:00+00:00,WF_2026_07,2026-07,-1.0,0.380146,1.27001,2,SL_HIT,-0.007973,REJECT
XRPUSD_18261_BEARISH_18211_18228,XRPUSD,SHORT,2026-07-01T21:00:00+00:00,WF_2026_07,2026-07,1.727273,2.242424,0.707071,3,TP_HIT,0.094096,REJECT
ETHUSD_18262_BULLISH_18257_18261,ETHUSD,LONG,2026-07-01T22:00:00+00:00,WF_2026_07,2026-07,-1.0,0.039055,1.719346,2,SL_HIT,0.271122,ACCEPT
BTCUSD_18263_BULLISH_18257_18261,BTCUSD,LONG,2026-07-01T23:00:00+00:00,WF_2026_07,2026-07,-1.0,0.0,1.605398,1,SL_HIT,-0.321627,REJECT
BTCUSD_18265_BEARISH_18261_18264,BTCUSD,SHORT,2026-07-02T01:00:00+00:00,WF_2026_07,2026-07,-1.0,0.520706,1.494229,2,SL_HIT,0.275947,ACCEPT
ETHUSD_18265_BEARISH_18262_18264,ETHUSD,SHORT,2026-07-02T01:00:00+00:00,WF_2026_07,2026-07,-1.0,0.631043,1.264631,8,SL_HIT,0.398945,ACCEPT
ETHUSD_18274_BEARISH_18102_18109,ETHUSD,SHORT,2026-07-02T10:00:00+00:00,WF_2026_07,2026-07,-1.0,0.333333,1.73716,2,SL_HIT,-0.130475,REJECT
SOLUSD_18290_BULLISH_18286_18289,SOLUSD,LONG,2026-07-03T02:00:00+00:00,WF_2026_07,2026-07,-1.0,0.172199,1.1639,1,SL_HIT,0.027239,REJECT
XRPUSD_18317_BULLISH_18309_18316,XRPUSD,LONG,2026-07-04T05:00:00+00:00,WF_2026_07,2026-07,2.061033,2.15493,0.455399,8,TP_HIT,0.125227,REJECT
SOLUSD_18320_BULLISH_18313_18316,SOLUSD,LONG,2026-07-04T08:00:00+00:00,WF_2026_07,2026-07,-1.0,0.262159,1.481613,1,SL_HIT,-0.011887,REJECT
XRPUSD_18338_BULLISH_18319_18325,XRPUSD,LONG,2026-07-05T02:00:00+00:00,WF_2026_07,2026-07,-1.0,0.24,1.866667,7,SL_HIT,-0.192931,REJECT
SOLUSD_18360_BEARISH_18329_18336,SOLUSD,SHORT,2026-07-06T00:00:00+00:00,WF_2026_07,2026-07,1.720453,1.806794,0.320594,2,TP_HIT,0.043814,REJECT
SOLUSD_18362_BULLISH_18355_18357,SOLUSD,LONG,2026-07-06T02:00:00+00:00,WF_2026_07,2026-07,-1.0,0.0,2.161859,1,SL_HIT,-0.212431,REJECT
XRPUSD_18366_BULLISH_18353_18357,XRPUSD,LONG,2026-07-06T06:00:00+00:00,WF_2026_07,2026-07,2.323944,2.661972,0.230047,2,TP_HIT,0.082525,REJECT
ETHUSD_18368_BULLISH_18345_18351,ETHUSD,LONG,2026-07-06T08:00:00+00:00,WF_2026_07,2026-07,-1.0,0.890974,2.004468,4,SL_HIT,0.280065,ACCEPT
BTCUSD_18369_BULLISH_18353_18357,BTCUSD,LONG,2026-07-06T09:00:00+00:00,WF_2026_07,2026-07,-1.0,0.953947,1.45614,2,SL_HIT,-0.589123,REJECT
BTCUSD_18371_BULLISH_18318_18329,BTCUSD,LONG,2026-07-06T11:00:00+00:00,WF_2026_07,2026-07,-1.0,0.0,3.829374,1,SL_HIT,-0.187869,REJECT
ETHUSD_18375_BEARISH_18358_18372,ETHUSD,SHORT,2026-07-06T15:00:00+00:00,WF_2026_07,2026-07,-1.0,0.418207,2.38809,6,SL_HIT,0.077742,REJECT
BTCUSD_18376_BEARISH_18359_18371,BTCUSD,SHORT,2026-07-06T16:00:00+00:00,WF_2026_07,2026-07,-1.0,0.367946,3.124906,5,SL_HIT,-0.422325,REJECT
SOLUSD_18377_BEARISH_18358_18365,SOLUSD,SHORT,2026-07-06T17:00:00+00:00,WF_2026_07,2026-07,-1.0,0.914586,3.236234,4,SL_HIT,0.258095,ACCEPT
XRPUSD_18399_BEARISH_18391_18397,XRPUSD,SHORT,2026-07-07T15:00:00+00:00,WF_2026_07,2026-07,-1.0,0.578544,1.030651,1,SL_HIT,-0.173052,REJECT
BTCUSD_18422_BULLISH_18373_18381,BTCUSD,LONG,2026-07-08T14:00:00+00:00,WF_2026_07,2026-07,1.714288,2.048669,0.589532,16,TP_HIT,-0.082187,REJECT
SOLUSD_18433_BULLISH_18426_18431,SOLUSD,LONG,2026-07-09T01:00:00+00:00,WF_2026_07,2026-07,-1.0,1.536285,1.265683,2,SL_HIT,0.588799,ACCEPT
ETHUSD_18435_BEARISH_18433_18434,ETHUSD,SHORT,2026-07-09T03:00:00+00:00,WF_2026_07,2026-07,-1.0,0.328195,1.331407,4,SL_HIT,0.63676,ACCEPT
ETHUSD_18437_BEARISH_18411_18416,ETHUSD,SHORT,2026-07-09T05:00:00+00:00,WF_2026_07,2026-07,1.714414,1.734234,0.882883,9,TP_HIT,0.279471,ACCEPT
XRPUSD_18447_BULLISH_18434_18437,XRPUSD,LONG,2026-07-09T15:00:00+00:00,WF_2026_07,2026-07,1.897119,2.028807,0.308642,3,TP_HIT,0.08918,REJECT
ETHUSD_18472_BEARISH_18400_18409,ETHUSD,SHORT,2026-07-10T16:00:00+00:00,WF_2026_07,2026-07,-1.0,1.045528,1.318699,22,SL_HIT,-0.166087,REJECT
XRPUSD_18484_BULLISH_18475_18483,XRPUSD,LONG,2026-07-11T04:00:00+00:00,WF_2026_07,2026-07,-1.0,2.294118,1.313725,19,SL_HIT,0.011074,REJECT
SOLUSD_18496_BULLISH_18481_18494,SOLUSD,LONG,2026-07-11T16:00:00+00:00,WF_2026_07,2026-07,-1.0,0.906336,2.516253,7,SL_HIT,-0.060745,REJECT
ETHUSD_18503_BULLISH_18474_18495,ETHUSD,LONG,2026-07-11T23:00:00+00:00,WF_2026_07,2026-07,-1.0,0.00813,1.243902,1,SL_HIT,-0.047074,REJECT
BTCUSD_18538_BULLISH_18444_18452,BTCUSD,LONG,2026-07-13T10:00:00+00:00,WF_2026_07,2026-07,-1.0,0.819623,1.759828,3,SL_HIT,0.152013,REJECT
BTCUSD_18550_BULLISH_18434_18436,BTCUSD,LONG,2026-07-13T22:00:00+00:00,WF_2026_07,2026-07,1.714273,1.997691,0.421093,2,TP_HIT,-0.232568,REJECT
SOLUSD_18551_BULLISH_18246_18253,SOLUSD,LONG,2026-07-13T23:00:00+00:00,WF_2026_07,2026-07,1.718447,2.02813,0.405527,13,TP_HIT,0.175447,REJECT
ETHUSD_18552_BEARISH_18536_18540,ETHUSD,SHORT,2026-07-14T00:00:00+00:00,WF_2026_07,2026-07,-1.0,0.056122,1.158163,1,SL_HIT,0.004422,REJECT
ETHUSD_18571_BEARISH_17578_17587,ETHUSD,SHORT,2026-07-14T19:00:00+00:00,WF_2026_07,2026-07,-1.0,0.56044,1.322344,3,SL_HIT,0.273697,ACCEPT
BTCUSD_18577_BULLISH_18569_18575,BTCUSD,LONG,2026-07-15T01:00:00+00:00,WF_2026_07,2026-07,1.714279,2.073075,0.426338,5,TP_HIT,0.403883,ACCEPT
ETHUSD_18577_BULLISH_18569_18575,ETHUSD,LONG,2026-07-15T01:00:00+00:00,WF_2026_07,2026-07,1.713846,2.205128,0.671795,5,TP_HIT,0.120573,REJECT
SOLUSD_18583_BULLISH_18578_18580,SOLUSD,LONG,2026-07-15T07:00:00+00:00,WF_2026_07,2026-07,1.713368,2.04028,0.556334,5,TP_HIT,0.129651,REJECT
BTCUSD_18593_BEARISH_18038_18052,BTCUSD,SHORT,2026-07-15T17:00:00+00:00,WF_2026_07,2026-07,1.714283,1.949138,0.187894,15,TP_HIT,-0.437728,REJECT
BTCUSD_18594_BULLISH_18583_18588,BTCUSD,LONG,2026-07-15T18:00:00+00:00,WF_2026_07,2026-07,-1.0,0.937265,1.306148,7,SL_HIT,0.170545,REJECT
XRPUSD_18607_BULLISH_18583_18588,XRPUSD,LONG,2026-07-16T07:00:00+00:00,WF_2026_07,2026-07,-1.0,0.307692,1.292308,1,SL_HIT,-0.276535,REJECT
ETHUSD_18612_BULLISH_18583_18588,ETHUSD,LONG,2026-07-16T12:00:00+00:00,WF_2026_07,2026-07,1.713846,1.979487,0.307692,2,TP_HIT,-0.161297,REJECT
BTCUSD_18615_BEARISH_18605_18607,BTCUSD,SHORT,2026-07-16T15:00:00+00:00,WF_2026_07,2026-07,1.714274,2.385768,0.046192,2,TP_HIT,-0.135015,REJECT
XRPUSD_18615_BEARISH_18606_18609,XRPUSD,SHORT,2026-07-16T15:00:00+00:00,WF_2026_07,2026-07,0.731343,1.208955,0.343284,1,TP_HIT,-0.296407,REJECT
XRPUSD_18659_BEARISH_18656_18657,XRPUSD,SHORT,2026-07-18T11:00:00+00:00,WF_2026_07,2026-07,-1.0,0.906977,1.627907,6,SL_HIT,0.011617,REJECT
SOLUSD_18664_BEARISH_18650_18661,SOLUSD,SHORT,2026-07-18T16:00:00+00:00,WF_2026_07,2026-07,-1.0,0.265781,1.664452,2,SL_HIT,0.059994,REJECT
BTCUSD_18665_BEARISH_18615_18623,BTCUSD,SHORT,2026-07-18T17:00:00+00:00,WF_2026_07,2026-07,-1.0,0.012157,1.003393,7,SL_HIT,0.064492,REJECT
ETHUSD_18675_BULLISH_18666_18674,ETHUSD,LONG,2026-07-19T03:00:00+00:00,WF_2026_07,2026-07,1.714206,2.142061,0.862581,21,TP_HIT,0.414612,ACCEPT
ETHUSD_18679_BEARISH_18622_18625,ETHUSD,SHORT,2026-07-19T07:00:00+00:00,WF_2026_07,2026-07,1.714706,1.97549,0.754902,11,TP_HIT,0.097763,REJECT
SOLUSD_18679_BEARISH_18615_18617,SOLUSD,SHORT,2026-07-19T07:00:00+00:00,WF_2026_07,2026-07,-1.0,1.272321,1.36756,17,SL_HIT,0.11185,REJECT
XRPUSD_18691_BEARISH_18686_18690,XRPUSD,SHORT,2026-07-19T19:00:00+00:00,WF_2026_07,2026-07,-1.0,0.442177,1.557823,5,SL_HIT,-0.048203,REJECT
ETHUSD_18692_BEARISH_18682_18690,ETHUSD,SHORT,2026-07-19T20:00:00+00:00,WF_2026_07,2026-07,-1.0,0.912673,2.073482,4,SL_HIT,0.013183,REJECT
SOLUSD_18701_BULLISH_18690_18698,SOLUSD,LONG,2026-07-20T05:00:00+00:00,WF_2026_07,2026-07,1.70733,1.962012,0.689674,4,TP_HIT,0.243483,ACCEPT
ETHUSD_18706_BEARISH_18697_18702,ETHUSD,SHORT,2026-07-20T10:00:00+00:00,WF_2026_07,2026-07,-1.0,0.225589,1.342088,1,SL_HIT,-0.012829,REJECT
XRPUSD_18707_BEARISH_18697_18701,XRPUSD,SHORT,2026-07-20T11:00:00+00:00,WF_2026_07,2026-07,-1.0,1.137116,1.529551,4,SL_HIT,-0.648123,REJECT
SOLUSD_18737_BULLISH_18715_18725,SOLUSD,LONG,2026-07-21T17:00:00+00:00,WF_2026_07,2026-07,1.703963,2.006993,0.282051,7,TP_HIT,0.211626,ACCEPT
XRPUSD_18749_BULLISH_18725_18732,XRPUSD,LONG,2026-07-22T05:00:00+00:00,WF_2026_07,2026-07,1.549333,1.549333,0.712,9,TP_HIT,-0.091703,REJECT
ETHUSD_18754_BEARISH_18744_18751,ETHUSD,SHORT,2026-07-22T10:00:00+00:00,WF_2026_07,2026-07,-1.0,1.654048,1.996845,4,SL_HIT,0.04371,REJECT
ETHUSD_18813_BULLISH_18702_18707,ETHUSD,LONG,2026-07-24T21:00:00+00:00,WF_2026_07,2026-07,1.714091,2.008746,0.358601,27,TP_HIT,0.014147,REJECT
XRPUSD_18813_BULLISH_18703_18711,XRPUSD,LONG,2026-07-24T21:00:00+00:00,WF_2026_07,2026-07,1.833333,1.933333,0.55,18,TP_HIT,-0.153028,REJECT
SOLUSD_18823_BULLISH_18813_18820,SOLUSD,LONG,2026-07-25T07:00:00+00:00,WF_2026_07,2026-07,1.713178,2.198966,0.726098,10,TP_HIT,-0.135627,REJECT
BTCUSD_18829_BEARISH_18811_18824,BTCUSD,SHORT,2026-07-25T13:00:00+00:00,WF_2026_07,2026-07,-1.0,0.185668,1.410423,4,SL_HIT,0.124243,REJECT
BTCUSD_18845_BULLISH_18837_18840,BTCUSD,LONG,2026-07-26T05:00:00+00:00,WF_2026_07,2026-07,1.714286,2.0625,0.848214,9,TP_HIT,-0.034748,REJECT
XRPUSD_18875_BULLISH_18861_18862,XRPUSD,LONG,2026-07-27T11:00:00+00:00,WF_2026_07,2026-07,-1.0,0.327273,1.181818,1,SL_HIT,-0.103135,REJECT
XRPUSD_18894_BULLISH_18549_18588,XRPUSD,LONG,2026-07-28T06:00:00+00:00,WF_2026_07,2026-07,-1.0,0.049645,1.652482,5,SL_HIT,-0.012475,REJECT
SOLUSD_18902_BEARISH_18893_18901,SOLUSD,SHORT,2026-07-28T14:00:00+00:00,WF_2026_07,2026-07,-1.0,0.0,4.037249,1,SL_HIT,-0.506717,REJECT
SOLUSD_18910_BULLISH_18902_18903,SOLUSD,LONG,2026-07-28T22:00:00+00:00,WF_2026_07,2026-07,1.710084,1.792997,0.752101,20,TP_HIT,0.244452,ACCEPT
BTCUSD_18927_BULLISH_18916_18918,BTCUSD,LONG,2026-07-29T15:00:00+00:00,WF_2026_07,2026-07,1.714297,1.780552,0.919842,3,TP_HIT,-0.245534,REJECT
ETHUSD_18937_BEARISH_18919_18932,ETHUSD,SHORT,2026-07-30T01:00:00+00:00,WF_2026_07,2026-07,1.714644,1.878661,0.375174,4,TP_HIT,-0.014687,REJECT
SOLUSD_18937_BEARISH_18920_18932,SOLUSD,SHORT,2026-07-30T01:00:00+00:00,WF_2026_07,2026-07,-1.0,1.16412,1.00651,10,SL_HIT,-0.313368,REJECT
ETHUSD_18950_BULLISH_18937_18947,ETHUSD,LONG,2026-07-30T14:00:00+00:00,WF_2026_07,2026-07,-1.0,1.186335,1.731539,17,SL_HIT,-0.058428,REJECT
XRPUSD_18961_BULLISH_18937_18947,XRPUSD,LONG,2026-07-31T01:00:00+00:00,WF_2026_07,2026-07,-1.0,0.690476,1.52381,12,SL_HIT,0.264961,ACCEPT
SOLUSD_18962_BULLISH_18937_18947,SOLUSD,LONG,2026-07-31T02:00:00+00:00,WF_2026_07,2026-07,-1.0,0.816507,1.160113,11,SL_HIT,0.08509,REJECT
XRPUSD_18980_BULLISH_18905_18909,XRPUSD,LONG,2026-07-31T20:00:00+00:00,WF_2026_07,2026-07,-1.0,0.869732,2.241379,22,SL_HIT,-0.241618,REJECT
SOLUSD_18984_BEARISH_18978_18981,SOLUSD,SHORT,2026-08-01T00:00:00+00:00,WF_2026_08,2026-08,1.726084,3.503862,0.344029,17,TP_HIT,0.368527,ACCEPT
ETHUSD_19000_BULLISH_18994_18998,ETHUSD,LONG,2026-08-01T16:00:00+00:00,WF_2026_08,2026-08,-1.0,0.22314,1.950413,1,SL_HIT,0.199662,REJECT
ETHUSD_19001_BULLISH_18806_18869,ETHUSD,LONG,2026-08-01T17:00:00+00:00,WF_2026_08,2026-08,-1.0,0.316017,3.268398,1,SL_HIT,0.023882,REJECT
XRPUSD_19032_BULLISH_19017_19029,XRPUSD,LONG,2026-08-03T00:00:00+00:00,WF_2026_08,2026-08,-1.0,0.0,1.324324,1,SL_HIT,-0.045977,REJECT
ETHUSD_19033_BULLISH_19019_19029,ETHUSD,LONG,2026-08-03T01:00:00+00:00,WF_2026_08,2026-08,-1.0,0.487923,1.173913,5,SL_HIT,0.196569,REJECT
SOLUSD_19033_BULLISH_19021_19027,SOLUSD,LONG,2026-08-03T01:00:00+00:00,WF_2026_08,2026-08,-1.0,0.438596,1.055764,2,SL_HIT,0.192004,REJECT
BTCUSD_19044_BULLISH_19002_19010,BTCUSD,LONG,2026-08-03T12:00:00+00:00,WF_2026_08,2026-08,1.7143,2.188713,0.17037,1,TP_HIT,0.075257,REJECT
SOLUSD_19046_BEARISH_19029_19038,SOLUSD,SHORT,2026-08-03T14:00:00+00:00,WF_2026_08,2026-08,-1.0,1.563492,1.103175,28,SL_HIT,-0.017596,REJECT
ETHUSD_19069_BULLISH_19063_19068,ETHUSD,LONG,2026-08-04T13:00:00+00:00,WF_2026_08,2026-08,1.713924,1.807314,0.42616,2,TP_HIT,0.112145,REJECT
SOLUSD_19080_BULLISH_19066_19074,SOLUSD,LONG,2026-08-05T00:00:00+00:00,WF_2026_08,2026-08,1.713256,2.090405,0.381032,2,TP_HIT,-0.039484,REJECT
SOLUSD_19102_BULLISH_19093_19097,SOLUSD,LONG,2026-08-05T22:00:00+00:00,WF_2026_08,2026-08,-1.0,0.720031,1.12993,11,SL_HIT,0.318894,ACCEPT
BTCUSD_19118_BEARISH_19109_19116,BTCUSD,SHORT,2026-08-06T14:00:00+00:00,WF_2026_08,2026-08,1.714286,1.924051,0.965642,9,TP_HIT,-0.324773,REJECT
BTCUSD_19126_BULLISH_19093_19096,BTCUSD,LONG,2026-08-06T22:00:00+00:00,WF_2026_08,2026-08,1.714282,2.304991,0.306223,13,TP_HIT,0.257056,ACCEPT
SOLUSD_19160_BEARISH_18961_18973,SOLUSD,SHORT,2026-08-08T08:00:00+00:00,WF_2026_08,2026-08,-1.0,0.0,1.535423,3,SL_HIT,-0.523637,REJECT
BTCUSD_19170_BULLISH_19155_19166,BTCUSD,LONG,2026-08-08T18:00:00+00:00,WF_2026_08,2026-08,-1.0,0.082317,1.39939,7,SL_HIT,0.006227,REJECT
SOLUSD_19172_BEARISH_18876_18878,SOLUSD,SHORT,2026-08-08T20:00:00+00:00,WF_2026_08,2026-08,-1.0,1.125953,1.025672,18,SL_HIT,0.214803,ACCEPT
ETHUSD_19178_BULLISH_19152_19166,ETHUSD,LONG,2026-08-09T02:00:00+00:00,WF_2026_08,2026-08,1.714286,1.767857,0.928571,4,TP_HIT,0.224542,ACCEPT
SOLUSD_19215_BULLISH_19177_19190,SOLUSD,LONG,2026-08-10T15:00:00+00:00,WF_2026_08,2026-08,-1.0,0.026798,1.46347,1,SL_HIT,-0.432808,REJECT
BTCUSD_19238_BULLISH_19066_19074,BTCUSD,LONG,2026-08-11T14:00:00+00:00,WF_2026_08,2026-08,-1.0,0.43393,1.028986,1,SL_HIT,0.160443,REJECT
SOLUSD_19244_BEARISH_19235_19238,SOLUSD,SHORT,2026-08-11T20:00:00+00:00,WF_2026_08,2026-08,-1.0,0.0,1.189815,1,SL_HIT,-0.23986,REJECT
ETHUSD_19252_BEARISH_19236_19239,ETHUSD,SHORT,2026-08-12T04:00:00+00:00,WF_2026_08,2026-08,-1.0,0.199074,2.083333,5,SL_HIT,-0.24041,REJECT
SOLUSD_19257_BEARISH_19208_19213,SOLUSD,SHORT,2026-08-12T09:00:00+00:00,WF_2026_08,2026-08,-1.0,1.174274,1.497925,3,SL_HIT,0.256205,ACCEPT
BTCUSD_19261_BULLISH_19254_19257,BTCUSD,LONG,2026-08-12T13:00:00+00:00,WF_2026_08,2026-08,-1.0,0.394004,2.047109,1,SL_HIT,-0.001883,REJECT
SOLUSD_19261_BULLISH_19255_19257,SOLUSD,LONG,2026-08-12T13:00:00+00:00,WF_2026_08,2026-08,-1.0,0.0,2.571429,1,SL_HIT,-0.16141,REJECT
SOLUSD_19280_BEARISH_19257_19262,SOLUSD,SHORT,2026-08-13T08:00:00+00:00,WF_2026_08,2026-08,1.712761,2.110542,0.470764,8,TP_HIT,0.173259,REJECT
SOLUSD_19283_BULLISH_19270_19275,SOLUSD,LONG,2026-08-13T11:00:00+00:00,WF_2026_08,2026-08,1.701149,2.010057,0.117816,2,TP_HIT,-0.009168,REJECT
SOLUSD_19319_BULLISH_19239_19245,SOLUSD,LONG,2026-08-14T23:00:00+00:00,WF_2026_08,2026-08,-1.0,0.850647,1.96287,46,SL_HIT,0.04226,REJECT
BTCUSD_19343_BULLISH_19335_19341,BTCUSD,LONG,2026-08-15T23:00:00+00:00,WF_2026_08,2026-08,-1.0,0.0,1.22,2,SL_HIT,-0.285135,REJECT
XRPUSD_19343_BULLISH_19334_19341,XRPUSD,LONG,2026-08-15T23:00:00+00:00,WF_2026_08,2026-08,-1.0,0.258065,1.193548,6,SL_HIT,0.141596,REJECT
BTCUSD_19357_BEARISH_19346_19353,BTCUSD,SHORT,2026-08-16T13:00:00+00:00,WF_2026_08,2026-08,-1.0,0.0,2.643599,3,SL_HIT,-0.341872,REJECT
SOLUSD_19371_BEARISH_19360_19364,SOLUSD,SHORT,2026-08-17T03:00:00+00:00,WF_2026_08,2026-08,-1.0,0.589023,2.391789,3,SL_HIT,-0.079307,REJECT
BTCUSD_19372_BEARISH_19294_19302,BTCUSD,SHORT,2026-08-17T04:00:00+00:00,WF_2026_08,2026-08,-1.0,0.189911,1.468843,2,SL_HIT,-0.627124,REJECT
SOLUSD_19387_BULLISH_19376_19383,SOLUSD,LONG,2026-08-17T19:00:00+00:00,WF_2026_08,2026-08,1.715736,1.736887,0.949239,16,TP_HIT,0.200075,ACCEPT
ETHUSD_19393_BULLISH_19376_19383,ETHUSD,LONG,2026-08-18T01:00:00+00:00,WF_2026_08,2026-08,-1.0,0.167464,1.22488,1,SL_HIT,0.042703,REJECT
BTCUSD_19421_BULLISH_19405_19406,BTCUSD,LONG,2026-08-19T05:00:00+00:00,WF_2026_08,2026-08,1.71428,2.68714,0.502879,7,TP_HIT,-0.21746,REJECT
ETHUSD_19422_BEARISH_19415_19418,ETHUSD,SHORT,2026-08-19T06:00:00+00:00,WF_2026_08,2026-08,-1.0,0.0,1.189189,1,SL_HIT,-0.859989,REJECT
