ob_id,asset,direction,timeframe,creation_timestamp,confirmation_timestamp,decision_timestamp,top_price,bottom_price,zone_size,zone_size_percent,entry_price,sl_price,tp_price,risk_distance,stop_distance_percent,leverage,break_type,structure_origin,walk_forward_window,training_start,training_end,training_row_count,model_id,model_hash,feature_schema_hash,prediction,threshold,ai_decision,label_available_timestamp,realized_r,first_touch_occurred,first_touch_result,holding_bars,mfe_r,mae_r,trade_executed,exit_reason,feat_ob_width_pct,feat_ob_width_atr,feat_stop_distance_pct,feat_stop_distance_atr,feat_entry_depth_in_zone,feat_mitigation_depth_pct,feat_formation_body_ratio,feat_formation_range_atr,feat_displacement_atr,feat_bars_since_formation,feat_bars_since_break,feat_pre_decision_retests,feat_price_to_entry_atr,feat_is_bos,feat_is_choch,feat_origin_swing,feat_trend_align_internal,feat_trend_align_swing,feat_premium_discount,feat_dist_nearest_pivot_atr,feat_atr_pct,feat_atr_percentile,feat_realized_vol_20,feat_vol_expansion,feat_ret_5,feat_ret_15,feat_ret_50,feat_volume_ratio,feat_direction_long
XRPUSD_13912_BEARISH_13886_13887,XRPUSD,SHORT,1h,2025-12-31T14:00:00+00:00,2025-12-31T15:00:00+00:00,2026-01-01T16:00:00+00:00,1.8824,1.863,0.0194,1.0413,1.86785,1.8824,1.84,0.01455,0.779,44,choch,internal,SEED_JAN_MAR,2026-01-01T00:00:00+00:00,2026-03-31T23:59:59+00:00,167,INITIAL_SEED_DATASET,SEED_POPULATION,86628e48989c4ddf,0.0,0.2,TRAIN_SEED,2026-01-02T03:00:00+00:00,-1.0,True,TOUCH_HIT_SL,11,0.299,1.6735,False,TRAIN_SEED_POPULATION,1.040828,1.54533,0.77897,1.158997,0.953608,0.185567,0.463918,1.54533,0.557593,26.0,25.0,1.0,0.314642,0.0,1.0,0.0,0.0,1.0,0.498586,0.063725,0.673532,0.5,0.277658,0.677077,0.506875,1.2824,-0.459279,0.884819,0.0
BTCUSD_13956_BEARISH_13948_13951,BTCUSD,SHORT,1h,2026-01-03T04:00:00+00:00,2026-01-03T07:00:00+00:00,2026-01-03T12:00:00+00:00,90459.0,90001.0,458.0,0.5089,90001.0,90459.0,89215.86,458.0,0.5089,68,choch,internal,SEED_JAN_MAR,2026-01-01T00:00:00+00:00,2026-03-31T23:59:59+00:00,167,INITIAL_SEED_DATASET,SEED_POPULATION,86628e48989c4ddf,0.0,0.2,TRAIN_SEED,2026-01-03T21:00:00+00:00,-1.0,True,TOUCH_HIT_SL,9,0.2795,1.583,False,TRAIN_SEED_POPULATION,0.508824,1.047691,0.508883,1.047691,0.977074,0.052402,0.344978,1.047691,0.66796,8.0,5.0,0.0,0.024019,0.0,1.0,0.0,0.0,0.0,0.749128,0.033169,0.485662,13.5,0.224682,0.909295,0.52209,-0.013885,2.468609,0.570067,0.0
SOLUSD_14005_BULLISH_13987_13993,SOLUSD,LONG,1h,2026-01-04T19:00:00+00:00,2026-01-05T01:00:00+00:00,2026-01-05T13:00:00+00:00,134.2063,133.106,1.1003,0.8266,133.931225,133.106,135.35,0.825225,0.6162,56,bos,internal,SEED_JAN_MAR,2026-01-01T00:00:00+00:00,2026-03-31T23:59:59+00:00,167,INITIAL_SEED_DATASET,SEED_POPULATION,86628e48989c4ddf,0.0,0.2,TRAIN_SEED,2026-01-05T14:00:00+00:00,1.7193,True,TOUCH_HIT_TP,1,2.0683,0.9321,False,TRAIN_SEED_POPULATION,0.822427,1.087706,0.616156,0.81578,0.618922,0.892757,0.572844,1.087706,1.197139,18.0,12.0,0.0,0.142574,1.0,0.0,0.0,0.0,1.0,0.70566,0.000989,0.756111,29.0,0.48745,2.129346,-1.042923,-0.298091,2.365814,1.119345,1.0
SOLUSD_14013_BEARISH_13428_13431,SOLUSD,SHORT,1h,2025-12-12T12:00:00+00:00,2025-12-12T15:00:00+00:00,2026-01-05T21:00:00+00:00,139.9,138.379,1.521,1.0992,138.75925,139.9,136.8,1.14075,0.8221,42,choch,internal,SEED_JAN_MAR,2026-01-01T00:00:00+00:00,2026-03-31T23:59:59+00:00,167,INITIAL_SEED_DATASET,SEED_POPULATION,86628e48989c4ddf,0.0,0.2,TRAIN_SEED,2026-01-06T05:00:00+00:00,-1.0,True,TOUCH_HIT_SL,8,1.6298,1.1753,False,TRAIN_SEED_POPULATION,1.09883,1.452797,0.822107,1.089598,0.973044,0.988297,0.618014,1.452797,4.816866,585.0,582.0,2.0,0.324038,0.0,1.0,0.0,0.0,0.0,0.901537,0.0,0.756355,57.0,0.537998,0.832899,2.210047,2.073624,5.034716,1.374193,0.0
SOLUSD_14014_BEARISH_13422_13503,SOLUSD,SHORT,1h,2025-12-12T06:00:00+00:00,2025-12-15T15:00:00+00:00,2026-01-05T22:00:00+00:00,140.162,138.75,1.412,1.0177,139.103,140.162,137.29,1.059,0.7613,45,choch,internal,SEED_JAN_MAR,2026-01-01T00:00:00+00:00,2026-03-31T23:59:59+00:00,167,INITIAL_SEED_DATASET,SEED_POPULATION,86628e48989c4ddf,0.0,0.2,TRAIN_SEED,2026-01-06T00:00:00+00:00,1.712,True,TOUCH_HIT_TP,2,2.0803,0.0,False,TRAIN_SEED_POPULATION,1.017235,1.349761,0.761306,1.01232,0.959207,0.801841,0.177762,1.349761,3.470949,592.0,511.0,3.0,0.282379,0.0,1.0,0.0,0.0,0.0,0.926749,0.007265,0.753641,57.0,0.540096,0.841211,1.654803,2.511392,5.161256,1.061255,0.0
SOLUSD_14032_BULLISH_14023_14030,SOLUSD,LONG,1h,2026-01-06T07:00:00+00:00,2026-01-06T14:00:00+00:00,2026-01-06T16:00:00+00:00,139.1,137.338,1.762,1.283,138.6595,137.338,140.92,1.3215,0.9531,36,bos,internal,SEED_JAN_MAR,2026-01-01T00:00:00+00:00,2026-03-31T23:59:59+00:00,167,INITIAL_SEED_DATASET,SEED_POPULATION,86628e48989c4ddf,0.0,0.2,TRAIN_SEED,2026-01-06T17:00:00+00:00,-1.0,True,TOUCH_HIT_SL,1,0.409,1.7098,False,TRAIN_SEED_POPULATION,1.268365,1.620564,0.953054,1.215423,0.897276,0.534052,0.817821,1.620564,2.677334,9.0,2.0,0.0,0.23867,1.0,0.0,0.0,0.0,1.0,0.724355,0.038629,0.782669,83.5,0.79804,3.532683,-0.422912,0.989401,2.93575,1.907345,1.0
ETHUSD_14037_BEARISH_14031_14033,ETHUSD,SHORT,1h,2026-01-06T15:00:00+00:00,2026-01-06T17:00:00+00:00,2026-01-06T21:00:00+00:00,3301.35,3260.25,41.1,1.2606,3270.525,3301.35,3217.68,30.825,0.9425,37,choch,internal,SEED_JAN_MAR,2026-01-01T00:00:00+00:00,2026-03-31T23:59:59+00:00,167,INITIAL_SEED_DATASET,SEED_POPULATION,86628e48989c4ddf,0.0,0.2,TRAIN_SEED,2026-01-07T09:00:00+00:00,1.7144,True,TOUCH_HIT_TP,12,2.3577,0.9968,False,TRAIN_SEED_POPULATION,1.254713,1.926086,0.942509,1.444565,0.625304,0.96837,0.142336,1.926086,2.612635,6.0,4.0,0.0,0.240175,0.0,1.0,0.0,0.0,0.0,0.85754,0.04452,0.651431,70.0,0.629387,2.945366,0.758228,1.092508,4.589866,1.12539,0.0
SOLUSD_14055_BULLISH_13998_14011,SOLUSD,LONG,1h,2026-01-05T06:00:00+00:00,2026-01-05T19:00:00+00:00,2026-01-07T15:00:00+00:00,135.7,134.627,1.073,0.797,135.43175,134.627,136.81,0.80475,0.5942,58,choch,internal,SEED_JAN_MAR,2026-01-01T00:00:00+00:00,2026-03-31T23:59:59+00:00,167,INITIAL_SEED_DATASET,SEED_POPULATION,86628e48989c4ddf,0.0,0.2,TRAIN_SEED,2026-01-07T19:00:00+00:00,-1.0,True,TOUCH_HIT_SL,4,1.525,1.2821,False,TRAIN_SEED_POPULATION,0.790849,0.949589,0.594211,0.712192,0.978565,0.432432,0.521901,0.949589,0.770822,57.0,44.0,0.0,0.217043,0.0,1.0,0.0,0.0,1.0,0.397327,0.00885,0.832833,100.0,0.757779,2.534596,-1.353081,-3.004718,1.412693,1.152088,1.0
SOLUSD_14080_BEARISH_14068_14076,SOLUSD,SHORT,1h,2026-01-08T04:00:00+00:00,2026-01-08T12:00:00+00:00,2026-01-08T16:00:00+00:00,138.36,136.425,1.935,1.4184,136.90875,138.36,134.42,1.45125,1.06,33,bos,internal,SEED_JAN_MAR,2026-01-01T00:00:00+00:00,2026-03-31T23:59:59+00:00,167,INITIAL_SEED_DATASET,SEED_POPULATION,86628e48989c4ddf,0.0,0.2,TRAIN_SEED,2026-01-08T17:00:00+00:00,-1.0,True,TOUCH_HIT_SL,1,0.0,1.3542,False,TRAIN_SEED_POPULATION,1.400145,1.659963,1.060013,1.244973,0.082687,0.922481,0.469767,1.659963,0.583346,12.0,4.0,1.0,1.107715,1.0,0.0,0.0,0.0,1.0,0.507951,0.005147,0.843479,100.0,0.738472,1.708862,2.54736,0.995338,-2.689762,1.599095,0.0
BTCUSD_14081_BEARISH_14065_14070,BTCUSD,SHORT,1h,2026-01-08T01:00:00+00:00,2026-01-08T06:00:00+00:00,2026-01-08T17:00:00+00:00,91660.0,91268.0,392.0,0.4295,91268.0,91660.0,90596.0,392.0,0.4295,81,bos,internal,SEED_JAN_MAR,2026-01-01T00:00:00+00:00,2026-03-31T23:59:59+00:00,167,INITIAL_SEED_DATASET,SEED_POPULATION,86628e48989c4ddf,0.0,0.2,TRAIN_SEED,2026-01-08T20:00:00+00:00,1.7143,True,TOUCH_HIT_TP,3,1.8827,0.426,False,TRAIN_SEED_POPULATION,0.429213,0.8253,0.429504,0.8253,0.841837,0.360969,0.066327,0.8253,1.990614,16.0,11.0,0.0,0.130532,1.0,0.0,0.0,0.0,1.0,0.374375,0.033686,0.520069,100.0,0.417613,1.286373,1.520642,0.433824,-2.442932,1.864174,0.0
XRPUSD_14125_BULLISH_14117_14122,XRPUSD,LONG,1h,2026-01-10T05:00:00+00:00,2026-01-10T10:00:00+00:00,2026-01-10T13:00:00+00:00,2.0919,2.0795,0.0124,0.5963,2.0919,2.0795,2.11,0.0124,0.5928,59,choch,internal,SEED_JAN_MAR,2026-01-01T00:00:00+00:00,2026-03-31T23:59:59+00:00,167,INITIAL_SEED_DATASET,SEED_POPULATION,86628e48989c4ddf,0.0,0.2,TRAIN_SEED,2026-01-11T20:00:00+00:00,-1.0,True,TOUCH_HIT_SL,31,1.4032,3.879,False,TRAIN_SEED_POPULATION,0.593018,0.625754,0.592763,0.625754,0.927419,0.153226,0.467742,0.625754,0.388573,8.0,3.0,0.0,0.045418,0.0,1.0,0.0,0.0,0.0,0.077247,0.040371,0.947685,77.5,0.299565,0.514733,-0.10033,-0.281368,-0.028686,0.58043,1.0
BTCUSD_14126_BULLISH_14116_14122,BTCUSD,LONG,1h,2026-01-10T04:00:00+00:00,2026-01-10T10:00:00+00:00,2026-01-10T14:00:00+00:00,90619.5,90369.0,250.5,0.2772,90619.5,90369.0,91048.93,250.5,0.2764,100,bos,internal,SEED_JAN_MAR,2026-01-01T00:00:00+00:00,2026-03-31T23:59:59+00:00,167,INITIAL_SEED_DATASET,SEED_POPULATION,86628e48989c4ddf,0.0,0.2,TRAIN_SEED,2026-01-10T22:00:00+00:00,-1.0,True,TOUCH_HIT_SL,8,0.3952,1.006,False,TRAIN_SEED_POPULATION,0.276608,0.543911,0.276431,0.543911,0.768463,0.463074,0.680639,0.543911,0.144392,10.0,4.0,1.0,0.125936,1.0,0.0,0.0,0.0,1.0,0.250315,0.051026,0.508553,66.0,0.157814,0.294212,-0.195066,-0.057387,0.666392,0.484951,1.0
SOLUSD_14126_BULLISH_14116_14122,SOLUSD,LONG,1h,2026-01-10T04:00:00+00:00,2026-01-10T10:00:00+00:00,2026-01-10T14:00:00+00:00,136.169,135.727,0.442,0.3257,136.169,135.727,136.93,0.442,0.3246,100,bos,internal,SEED_JAN_MAR,2026-01-01T00:00:00+00:00,2026-03-31T23:59:59+00:00,167,INITIAL_SEED_DATASET,SEED_POPULATION,86628e48989c4ddf,0.0,0.2,TRAIN_SEED,2026-01-10T21:00:00+00:00,-1.0,True,TOUCH_HIT_SL,7,1.2443,1.0045,False,TRAIN_SEED_POPULATION,0.32462,0.376918,0.324597,0.376918,0.977376,0.382353,0.635747,0.376918,0.317225,10.0,4.0,1.0,0.008528,1.0,0.0,0.0,0.0,1.0,0.319249,0.001706,0.861249,79.5,0.251334,0.400795,-0.335973,0.14784,1.514225,0.65709,1.0
XRPUSD_14135_BEARISH_14130_14134,XRPUSD,SHORT,1h,2026-01-10T18:00:00+00:00,2026-01-10T22:00:00+00:00,2026-01-10T23:00:00+00:00,2.1004,2.087,0.0134,0.6421,2.09035,2.1004,2.07,0.01005,0.4808,72,choch,internal,SEED_JAN_MAR,2026-01-01T00:00:00+00:00,2026-03-31T23:59:59+00:00,167,INITIAL_SEED_DATASET,SEED_POPULATION,86628e48989c4ddf,0.0,0.2,TRAIN_SEED,2026-01-11T12:00:00+00:00,-1.0,True,TOUCH_HIT_SL,13,0.5124,1.5274,False,TRAIN_SEED_POPULATION,0.641148,0.697137,0.480781,0.522852,0.776119,0.365672,0.462687,0.697137,0.286138,5.0,1.0,0.0,0.018209,0.0,1.0,0.0,1.0,1.0,0.097168,0.0,0.919688,66.0,0.237764,0.338163,-0.30053,-0.148106,-2.258804,0.361576,0.0
ETHUSD_14136_BEARISH_14129_14133,ETHUSD,SHORT,1h,2026-01-10T17:00:00+00:00,2026-01-10T21:00:00+00:00,2026-01-11T00:00:00+00:00,3098.25,3091.0,7.25,0.2346,3091.0,3098.25,3078.57,7.25,0.2346,100,choch,internal,SEED_JAN_MAR,2026-01-01T00:00:00+00:00,2026-03-31T23:59:59+00:00,167,INITIAL_SEED_DATASET,SEED_POPULATION,86628e48989c4ddf,0.0,0.2,TRAIN_SEED,2026-01-11T05:00:00+00:00,-1.0,True,TOUCH_HIT_SL,5,0.2828,1.469,False,TRAIN_SEED_POPULATION,0.234518,0.342128,0.234552,0.342128,0.937931,0.186207,0.413793,0.342128,0.174603,7.0,3.0,0.0,0.021236,0.0,1.0,0.0,1.0,1.0,0.154203,0.030674,0.685468,50.5,0.140414,0.403475,0.0,-0.125995,-0.870583,0.517115,0.0
SOLUSD_14144_BEARISH_14124_14134,SOLUSD,SHORT,1h,2026-01-10T12:00:00+00:00,2026-01-10T22:00:00+00:00,2026-01-11T08:00:00+00:00,137.059,136.538,0.521,0.3816,136.538,137.059,135.64,0.521,0.3816,91,choch,internal,SEED_JAN_MAR,2026-01-01T00:00:00+00:00,2026-03-31T23:59:59+00:00,167,INITIAL_SEED_DATASET,SEED_POPULATION,86628e48989c4ddf,0.0,0.2,TRAIN_SEED,2026-01-11T12:00:00+00:00,-1.0,True,TOUCH_HIT_SL,4,0.5182,1.4434,False,TRAIN_SEED_POPULATION,0.380906,0.468309,0.381579,0.468309,0.537428,0.75048,0.018618,0.468309,0.19775,20.0,10.0,0.0,0.216627,0.0,1.0,0.0,0.0,1.0,0.479515,0.088988,0.813366,47.0,0.190162,0.738867,0.374996,0.456088,-2.787471,0.817809,0.0
XRPUSD_14152_BULLISH_14134_14148,XRPUSD,LONG,1h,2026-01-10T22:00:00+00:00,2026-01-11T12:00:00+00:00,2026-01-11T16:00:00+00:00,2.0952,2.0824,0.0128,0.6147,2.092,2.0824,2.11,0.0096,0.4589,76,choch,internal,SEED_JAN_MAR,2026-01-01T00:00:00+00:00,2026-03-31T23:59:59+00:00,167,INITIAL_SEED_DATASET,SEED_POPULATION,86628e48989c4ddf,0.0,0.2,TRAIN_SEED,2026-01-11T20:00:00+00:00,-1.0,True,TOUCH_HIT_SL,4,0.5625,5.0208,False,TRAIN_SEED_POPULATION,0.611358,0.69393,0.458891,0.520447,0.882812,0.953125,0.429687,0.69393,0.439127,18.0,4.0,2.0,0.092163,0.0,1.0,0.0,0.0,1.0,0.150026,0.005421,0.881008,45.5,0.287238,0.921626,-0.071592,0.081262,0.186621,2.138298,1.0
BTCUSD_14155_BULLISH_14142_14148,BTCUSD,LONG,1h,2026-01-11T06:00:00+00:00,2026-01-11T12:00:00+00:00,2026-01-11T19:00:00+00:00,90767.0,90541.5,225.5,0.2491,90767.0,90541.5,91153.57,225.5,0.2484,100,bos,internal,SEED_JAN_MAR,2026-01-01T00:00:00+00:00,2026-03-31T23:59:59+00:00,167,INITIAL_SEED_DATASET,SEED_POPULATION,86628e48989c4ddf,0.0,0.2,TRAIN_SEED,2026-01-11T20:00:00+00:00,-1.0,True,TOUCH_HIT_SL,1,0.0,1.8115,False,TRAIN_SEED_POPULATION,0.248747,0.533986,0.248438,0.533986,0.501109,0.585366,0.148559,0.533986,0.42861,13.0,7.0,2.0,0.266401,1.0,0.0,0.0,0.0,0.0,0.50539,0.022496,0.46583,12.0,0.130203,0.632259,-0.472089,-0.11569,-0.795566,1.95864,1.0
BTCUSD_14159_BEARISH_14152_14158,BTCUSD,SHORT,1h,2026-01-11T16:00:00+00:00,2026-01-11T22:00:00+00:00,2026-01-11T23:00:00+00:00,91257.5,90844.0,413.5,0.4552,90844.0,91257.5,90135.14,413.5,0.4552,76,choch,internal,SEED_JAN_MAR,2026-01-01T00:00:00+00:00,2026-03-31T23:59:59+00:00,167,INITIAL_SEED_DATASET,SEED_POPULATION,86628e48989c4ddf,0.0,0.2,TRAIN_SEED,2026-01-12T01:00:00+00:00,-1.0,True,TOUCH_HIT_SL,2,0.4667,2.2624,False,TRAIN_SEED_POPULATION,0.454463,0.978719,0.455176,0.978719,0.655381,0.400242,0.390568,0.978719,0.539657,7.0,1.0,0.0,0.337285,0.0,1.0,0.0,0.0,0.0,0.626713,0.026036,0.464345,14.5,0.183732,1.927852,0.149696,0.246246,0.523685,1.063735,0.0
XRPUSD_14162_BEARISH_14150_14156,XRPUSD,SHORT,1h,2026-01-11T14:00:00+00:00,2026-01-11T20:00:00+00:00,2026-01-12T02:00:00+00:00,2.1093,2.0962,0.0131,0.6249,2.099475,2.1093,2.08,0.009825,0.468,74,choch,internal,SEED_JAN_MAR,2026-01-01T00:00:00+00:00,2026-03-31T23:59:59+00:00,167,INITIAL_SEED_DATASET,SEED_POPULATION,86628e48989c4ddf,0.0,0.2,TRAIN_SEED,2026-01-12T03:00:00+00:00,1.9822,True,TOUCH_HIT_TP,1,2.084,0.5929,False,TRAIN_SEED_POPULATION,0.623988,0.697665,0.467974,0.523249,0.755725,0.770992,0.770992,0.697665,1.155675,12.0,6.0,0.0,0.003994,0.0,1.0,0.0,0.0,0.0,0.40836,0.047931,0.894394,56.0,0.609576,2.385909,1.268632,0.200458,0.39692,1.443853,0.0
BTCUSD_14168_BULLISH_14159_14161,BTCUSD,LONG,1h,2026-01-11T23:00:00+00:00,2026-01-12T01:00:00+00:00,2026-01-12T08:00:00+00:00,91009.5,90195.0,814.5,0.903,90805.875,90195.0,91853.09,610.875,0.6727,52,choch,internal,SEED_JAN_MAR,2026-01-01T00:00:00+00:00,2026-03-31T23:59:59+00:00,167,INITIAL_SEED_DATASET,SEED_POPULATION,86628e48989c4ddf,0.0,0.2,TRAIN_SEED,2026-01-12T14:00:00+00:00,-1.0,True,TOUCH_HIT_SL,6,0.4798,1.176,False,TRAIN_SEED_POPULATION,0.897788,1.877847,0.672726,1.408385,0.64825,0.809699,0.607121,1.877847,0.323926,9.0,7.0,0.0,0.19107,0.0,1.0,0.0,0.0,1.0,0.449938,0.061096,0.478094,43.0,0.364054,2.87268,-1.147359,-0.254523,0.264135,1.577006,1.0
ETHUSD_14168_BULLISH_14159_14162,ETHUSD,LONG,1h,2026-01-11T23:00:00+00:00,2026-01-12T02:00:00+00:00,2026-01-12T08:00:00+00:00,3125.25,3091.4,33.85,1.095,3116.7875,3091.4,3160.31,25.3875,0.8145,42,bos,internal,SEED_JAN_MAR,2026-01-01T00:00:00+00:00,2026-03-31T23:59:59+00:00,167,INITIAL_SEED_DATASET,SEED_POPULATION,86628e48989c4ddf,0.0,0.2,TRAIN_SEED,2026-01-12T14:00:00+00:00,-1.0,True,TOUCH_HIT_SL,6,0.2841,2.0576,False,TRAIN_SEED_POPULATION,1.086677,1.640011,0.814541,1.230008,0.697194,0.72969,0.423929,1.640011,1.569759,9.0,6.0,0.0,0.086603,1.0,0.0,0.0,0.0,1.0,0.521299,0.060562,0.662604,43.5,0.387634,2.24805,-1.166019,-0.372603,0.910298,1.492081,1.0
SOLUSD_14169_BULLISH_14159_14162,SOLUSD,LONG,1h,2026-01-11T23:00:00+00:00,2026-01-12T02:00:00+00:00,2026-01-12T09:00:00+00:00,139.789,137.558,2.231,1.6219,139.23125,137.558,142.1,1.67325,1.2018,29,bos,internal,SEED_JAN_MAR,2026-01-01T00:00:00+00:00,2026-03-31T23:59:59+00:00,167,INITIAL_SEED_DATASET,SEED_POPULATION,86628e48989c4ddf,0.0,0.2,TRAIN_SEED,2026-01-12T15:00:00+00:00,1.7145,True,TOUCH_HIT_TP,6,2.1101,0.3175,False,TRAIN_SEED_POPULATION,1.598367,1.946672,1.201778,1.460004,0.90632,0.334827,0.650381,1.946672,1.134322,10.0,7.0,1.0,0.304304,1.0,0.0,0.0,0.0,1.0,0.585779,0.013088,0.821077,68.0,0.69054,0.970282,-2.22135,-0.327766,2.581062,1.377296,1.0
BTCUSD_14170_BULLISH_14109_14162,BTCUSD,LONG,1h,2026-01-09T21:00:00+00:00,2026-01-12T02:00:00+00:00,2026-01-12T10:00:00+00:00,90614.0,90095.0,519.0,0.5761,90614.0,90095.0,91503.71,519.0,0.5728,61,bos,internal,SEED_JAN_MAR,2026-01-01T00:00:00+00:00,2026-03-31T23:59:59+00:00,167,INITIAL_SEED_DATASET,SEED_POPULATION,86628e48989c4ddf,0.0,0.2,TRAIN_SEED,2026-01-12T14:00:00+00:00,-1.0,True,TOUCH_HIT_SL,4,0.9345,1.0145,False,TRAIN_SEED_POPULATION,0.574058,1.198538,0.572759,1.198538,0.60501,0.55106,0.44027,1.198538,1.843993,61.0,8.0,1.0,0.473411,1.0,0.0,0.0,0.0,0.0,0.352604,0.024248,0.478965,40.0,0.361533,1.011483,-1.809928,-0.270808,-0.252653,1.638561,1.0
XRPUSD_14175_BEARISH_14163_14170,XRPUSD,SHORT,1h,2026-01-12T03:00:00+00:00,2026-01-12T10:00:00+00:00,2026-01-12T15:00:00+00:00,2.1053,2.079,0.0263,1.265,2.085575,2.1053,2.05,0.019725,0.9458,37,bos,internal,SEED_JAN_MAR,2026-01-01T00:00:00+00:00,2026-03-31T23:59:59+00:00,167,INITIAL_SEED_DATASET,SEED_POPULATION,86628e48989c4ddf,0.0,0.2,TRAIN_SEED,2026-01-12T16:00:00+00:00,-1.0,True,TOUCH_HIT_SL,1,0.0038,1.147,False,TRAIN_SEED_POPULATION,1.256509,1.399977,0.945782,1.049983,0.463878,0.558935,0.657795,1.399977,0.415202,12.0,5.0,0.0,0.400564,1.0,0.0,0.0,0.0,0.0,0.442051,0.010646,0.897522,54.5,0.727049,1.378684,2.819669,1.858971,0.10043,1.408006,0.0
ETHUSD_14182_BULLISH_14102_14162,ETHUSD,LONG,1h,2026-01-09T14:00:00+00:00,2026-01-12T02:00:00+00:00,2026-01-12T22:00:00+00:00,3098.35,3060.7,37.65,1.2301,3088.9375,3060.7,3137.34,28.2375,0.9141,38,bos,internal,SEED_JAN_MAR,2026-01-01T00:00:00+00:00,2026-03-31T23:59:59+00:00,167,INITIAL_SEED_DATASET,SEED_POPULATION,86628e48989c4ddf,0.0,0.2,TRAIN_SEED,2026-01-13T05:00:00+00:00,1.7141,True,TOUCH_HIT_TP,7,2.035,0.0438,False,TRAIN_SEED_POPULATION,1.216596,1.794294,0.914149,1.345721,0.903054,0.897742,0.524568,1.794294,1.544094,80.0,20.0,6.0,0.274625,1.0,0.0,0.0,0.0,1.0,0.324419,0.002383,0.678036,46.5,0.386291,0.731538,-0.301219,-1.274464,0.174797,0.68047,1.0
SOLUSD_14194_BEARISH_14176_14186,SOLUSD,SHORT,1h,2026-01-12T16:00:00+00:00,2026-01-13T02:00:00+00:00,2026-01-13T10:00:00+00:00,144.3109,142.121,2.1899,1.5409,142.668475,144.3109,139.85,1.642425,1.1512,30,choch,internal,SEED_JAN_MAR,2026-01-01T00:00:00+00:00,2026-03-31T23:59:59+00:00,167,INITIAL_SEED_DATASET,SEED_POPULATION,86628e48989c4ddf,0.0,0.2,TRAIN_SEED,2026-01-13T16:00:00+00:00,-1.0,True,TOUCH_HIT_SL,6,0.902,1.1736,False,TRAIN_SEED_POPULATION,1.54087,1.863584,1.151218,1.397688,1.0,0.475364,0.191333,1.863584,0.443366,18.0,8.0,1.0,0.465896,0.0,1.0,0.0,0.0,0.0,0.756676,0.003404,0.826831,78.5,0.598111,0.818653,1.551268,0.80147,3.90557,1.128595,0.0
ETHUSD_14222_BEARISH_14212_14218,ETHUSD,SHORT,1h,2026-01-14T04:00:00+00:00,2026-01-14T10:00:00+00:00,2026-01-14T14:00:00+00:00,3364.0,3335.65,28.35,0.8499,3342.7375,3364.0,3306.29,21.2625,0.6361,55,choch,internal,SEED_JAN_MAR,2026-01-01T00:00:00+00:00,2026-03-31T23:59:59+00:00,167,INITIAL_SEED_DATASET,SEED_POPULATION,86628e48989c4ddf,0.0,0.2,TRAIN_SEED,2026-01-14T16:00:00+00:00,-1.0,True,TOUCH_HIT_SL,2,0.7684,2.8695,False,TRAIN_SEED_POPULATION,0.846711,1.286497,0.63608,0.964873,0.555556,0.77425,0.462081,1.286497,0.692031,10.0,4.0,0.0,0.250152,0.0,1.0,0.0,0.0,0.0,0.897359,0.006807,0.658152,72.0,0.937326,2.575263,0.605451,0.687135,7.434503,1.403645,0.0
SOLUSD_14235_BULLISH_14201_14206,SOLUSD,LONG,1h,2026-01-13T17:00:00+00:00,2026-01-13T22:00:00+00:00,2026-01-15T03:00:00+00:00,143.643,142.468,1.175,0.8247,143.34925,142.468,144.86,0.88125,0.6148,56,choch,internal,SEED_JAN_MAR,2026-01-01T00:00:00+00:00,2026-03-31T23:59:59+00:00,167,INITIAL_SEED_DATASET,SEED_POPULATION,86628e48989c4ddf,0.0,0.2,TRAIN_SEED,2026-01-15T06:00:00+00:00,1.7143,True,TOUCH_HIT_TP,3,1.7291,0.0888,False,TRAIN_SEED_POPULATION,0.818918,0.948721,0.614757,0.711541,0.862979,0.368511,0.264681,0.948721,2.835668,34.0,29.0,2.0,0.107185,0.0,1.0,0.0,0.0,1.0,0.589471,0.032297,0.863181,100.0,0.583658,1.213556,-1.861782,-0.747771,3.306214,0.641112,1.0
ETHUSD_14241_BEARISH_14228_14234,ETHUSD,SHORT,1h,2026-01-14T20:00:00+00:00,2026-01-15T02:00:00+00:00,2026-01-15T09:00:00+00:00,3392.45,3361.25,31.2,0.9282,3369.05,3392.45,3328.94,23.4,0.6946,50,choch,internal,SEED_JAN_MAR,2026-01-01T00:00:00+00:00,2026-03-31T23:59:59+00:00,167,INITIAL_SEED_DATASET,SEED_POPULATION,86628e48989c4ddf,0.0,0.2,TRAIN_SEED,2026-01-15T14:00:00+00:00,1.7141,True,TOUCH_HIT_TP,5,2.0385,0.6303,False,TRAIN_SEED_POPULATION,0.92704,1.357649,0.694558,1.018237,0.862179,0.419872,0.512821,1.357649,0.469956,13.0,7.0,0.0,0.1523,0.0,1.0,0.0,0.0,0.0,0.887382,0.010879,0.682827,96.5,0.604193,1.969027,1.855187,0.807225,7.813176,0.844259,0.0
SOLUSD_14269_BULLISH_14261_14268,SOLUSD,LONG,1h,2026-01-16T05:00:00+00:00,2026-01-16T12:00:00+00:00,2026-01-16T13:00:00+00:00,143.636,141.48,2.156,1.5239,143.097,141.48,145.87,1.617,1.13,30,choch,internal,SEED_JAN_MAR,2026-01-01T00:00:00+00:00,2026-03-31T23:59:59+00:00,167,INITIAL_SEED_DATASET,SEED_POPULATION,86628e48989c4ddf,0.0,0.2,TRAIN_SEED,2026-01-16T15:00:00+00:00,-1.0,True,TOUCH_HIT_SL,2,0.4051,1.7669,False,TRAIN_SEED_POPULATION,1.507049,1.792855,1.130003,1.344641,0.733302,0.448516,0.715213,1.792855,0.466508,8.0,1.0,0.0,0.029936,0.0,1.0,0.0,0.0,0.0,0.474562,0.004158,0.840587,61.0,0.358157,0.850691,-0.055889,0.491002,-0.494533,0.571143,1.0
SOLUSD_14273_BEARISH_14268_14271,SOLUSD,SHORT,1h,2026-01-16T12:00:00+00:00,2026-01-16T15:00:00+00:00,2026-01-16T17:00:00+00:00,143.872,143.121,0.751,0.5247,143.121,143.872,141.83,0.751,0.5247,66,choch,internal,SEED_JAN_MAR,2026-01-01T00:00:00+00:00,2026-03-31T23:59:59+00:00,167,INITIAL_SEED_DATASET,SEED_POPULATION,86628e48989c4ddf,0.0,0.2,TRAIN_SEED,2026-01-16T18:00:00+00:00,-1.0,True,TOUCH_HIT_SL,1,0.1731,1.4687,False,TRAIN_SEED_POPULATION,0.524035,0.616897,0.524731,0.616897,0.747004,0.414115,0.747004,0.616897,1.840012,5.0,2.0,0.0,0.156072,0.0,1.0,0.0,1.0,1.0,0.497234,0.009036,0.84947,70.5,0.540923,1.678025,-0.26515,0.780585,-2.571162,1.372134,0.0
SOLUSD_14276_BEARISH_14241_14249,SOLUSD,SHORT,1h,2026-01-15T09:00:00+00:00,2026-01-15T17:00:00+00:00,2026-01-16T20:00:00+00:00,146.023,144.472,1.551,1.0736,144.85975,146.023,142.87,1.16325,0.803,43,bos,internal,SEED_JAN_MAR,2026-01-01T00:00:00+00:00,2026-03-31T23:59:59+00:00,167,INITIAL_SEED_DATASET,SEED_POPULATION,86628e48989c4ddf,0.0,0.2,TRAIN_SEED,2026-01-18T01:00:00+00:00,1.7105,True,TOUCH_HIT_TP,29,2.4326,0.6132,False,TRAIN_SEED_POPULATION,1.069936,1.270846,0.803018,0.953135,0.684075,0.348807,0.483559,1.270846,0.729241,35.0,27.0,1.0,0.083781,1.0,0.0,0.0,0.0,1.0,0.646957,0.000819,0.841908,74.0,0.557108,1.256917,2.985223,1.236103,-0.950442,1.439281,0.0
XRPUSD_14276_BEARISH_14264_14270,XRPUSD,SHORT,1h,2026-01-16T08:00:00+00:00,2026-01-16T14:00:00+00:00,2026-01-16T20:00:00+00:00,2.0804,2.0715,0.0089,0.4296,2.0715,2.0804,2.06,0.0089,0.4296,81,bos,internal,SEED_JAN_MAR,2026-01-01T00:00:00+00:00,2026-03-31T23:59:59+00:00,167,INITIAL_SEED_DATASET,SEED_POPULATION,86628e48989c4ddf,0.0,0.2,TRAIN_SEED,2026-01-17T02:00:00+00:00,1.2921,True,TOUCH_HIT_TP,6,1.5393,0.8315,False,TRAIN_SEED_POPULATION,0.428338,0.474838,0.42964,0.474838,0.292135,0.842697,0.11236,0.474838,0.106705,12.0,6.0,0.0,0.336121,1.0,0.0,0.0,0.0,1.0,0.316137,0.010671,0.902071,22.5,0.453606,1.712618,2.29421,0.318656,-2.874772,1.159197,0.0
ETHUSD_14294_BEARISH_14264_14271,ETHUSD,SHORT,1h,2026-01-16T08:00:00+00:00,2026-01-16T15:00:00+00:00,2026-01-17T14:00:00+00:00,3320.0,3307.85,12.15,0.3673,3307.85,3320.0,3287.02,12.15,0.3673,95,bos,internal,SEED_JAN_MAR,2026-01-01T00:00:00+00:00,2026-03-31T23:59:59+00:00,167,INITIAL_SEED_DATASET,SEED_POPULATION,86628e48989c4ddf,0.0,0.2,TRAIN_SEED,2026-01-17T15:00:00+00:00,-1.0,True,TOUCH_HIT_SL,1,0.0453,1.7284,False,TRAIN_SEED_POPULATION,0.367114,0.553116,0.367308,0.553116,0.855967,0.27572,0.308642,0.553116,1.313365,30.0,23.0,0.0,0.079667,1.0,0.0,0.0,0.0,1.0,0.657325,0.029591,0.66372,47.0,0.130478,0.480277,0.351728,0.430904,-1.748553,0.495576,0.0
BTCUSD_14295_BEARISH_14264_14271,BTCUSD,SHORT,1h,2026-01-16T08:00:00+00:00,2026-01-16T15:00:00+00:00,2026-01-17T15:00:00+00:00,95815.5,95538.5,277.0,0.2899,95538.5,95815.5,95063.64,277.0,0.2899,100,bos,internal,SEED_JAN_MAR,2026-01-01T00:00:00+00:00,2026-03-31T23:59:59+00:00,167,INITIAL_SEED_DATASET,SEED_POPULATION,86628e48989c4ddf,0.0,0.2,TRAIN_SEED,2026-01-17T22:00:00+00:00,1.7143,True,TOUCH_HIT_TP,7,1.9079,0.0018,False,TRAIN_SEED_POPULATION,0.289934,0.595483,0.289935,0.595483,0.998195,0.315884,0.066787,0.595483,1.28878,31.0,24.0,4.0,0.001075,1.0,0.0,0.0,0.0,1.0,0.614818,0.009674,0.486889,41.5,0.162011,0.512718,0.475354,0.117367,-1.3139,0.737804,0.0
XRPUSD_14296_BULLISH_14276_14295,XRPUSD,LONG,1h,2026-01-16T20:00:00+00:00,2026-01-17T15:00:00+00:00,2026-01-17T16:00:00+00:00,2.079,2.0469,0.0321,1.5682,2.070975,2.0469,2.11,0.024075,1.1625,30,choch,internal,SEED_JAN_MAR,2026-01-01T00:00:00+00:00,2026-03-31T23:59:59+00:00,167,INITIAL_SEED_DATASET,SEED_POPULATION,86628e48989c4ddf,0.0,0.2,TRAIN_SEED,2026-01-18T05:00:00+00:00,-1.0,True,TOUCH_HIT_SL,13,0.4995,1.0332,False,TRAIN_SEED_POPULATION,1.549303,1.806083,1.162496,1.354562,0.778816,0.34891,0.732087,1.806083,0.444488,20.0,1.0,0.0,0.052044,0.0,1.0,0.0,1.0,0.0,0.280744,0.005626,0.857825,0.5,0.253751,0.742688,0.538626,0.275869,-1.149809,0.991901,1.0
SOLUSD_14321_BEARISH_14313_14318,SOLUSD,SHORT,1h,2026-01-18T09:00:00+00:00,2026-01-18T14:00:00+00:00,2026-01-18T17:00:00+00:00,142.632,142.311,0.321,0.2256,142.311,142.632,141.76,0.321,0.2256,100,bos,internal,SEED_JAN_MAR,2026-01-01T00:00:00+00:00,2026-03-31T23:59:59+00:00,167,INITIAL_SEED_DATASET,SEED_POPULATION,86628e48989c4ddf,0.0,0.2,TRAIN_SEED,2026-01-18T18:00:00+00:00,-1.0,True,TOUCH_HIT_SL,1,0.7819,1.9938,False,TRAIN_SEED_POPULATION,0.225515,0.295396,0.225562,0.295396,0.906542,0.317757,0.342679,0.295396,0.612417,8.0,3.0,0.0,0.027607,1.0,0.0,0.0,0.0,0.0,0.255752,0.054294,0.763433,0.5,0.209337,0.518093,0.056235,-0.141011,1.123188,1.721159,0.0
BTCUSD_14326_BEARISH_14295_14305,BTCUSD,SHORT,1h,2026-01-17T15:00:00+00:00,2026-01-18T01:00:00+00:00,2026-01-18T22:00:00+00:00,95626.0,95387.5,238.5,0.25,95387.5,95626.0,94978.64,238.5,0.25,100,bos,internal,SEED_JAN_MAR,2026-01-01T00:00:00+00:00,2026-03-31T23:59:59+00:00,167,INITIAL_SEED_DATASET,SEED_POPULATION,86628e48989c4ddf,0.0,0.2,TRAIN_SEED,2026-01-18T23:00:00+00:00,1.7143,True,TOUCH_HIT_TP,1,7.6667,0.2746,False,TRAIN_SEED_POPULATION,0.249864,0.5616,0.250033,0.5616,0.72956,0.471698,0.457023,0.5616,0.346143,31.0,21.0,4.0,0.151879,1.0,0.0,0.0,0.0,1.0,0.328709,0.032966,0.444914,4.5,0.113928,0.317887,0.221017,0.476318,-0.079035,0.902714,0.0
BTCUSD_14392_BULLISH_13900_13913,BTCUSD,LONG,1h,2026-01-01T04:00:00+00:00,2026-01-01T17:00:00+00:00,2026-01-21T16:00:00+00:00,87841.0,87524.0,317.0,0.3622,87841.0,87524.0,88384.43,317.0,0.3609,96,choch,internal,SEED_JAN_MAR,2026-01-01T00:00:00+00:00,2026-03-31T23:59:59+00:00,167,INITIAL_SEED_DATASET,SEED_POPULATION,86628e48989c4ddf,0.0,0.2,TRAIN_SEED,2026-01-21T17:00:00+00:00,-1.0,True,TOUCH_HIT_SL,1,0.9432,1.9369,False,TRAIN_SEED_POPULATION,0.361994,0.669126,0.360879,0.669126,0.146688,0.911672,0.81388,0.669126,0.688124,492.0,479.0,1.0,0.570974,0.0,1.0,0.0,0.0,0.0,0.002291,0.011609,0.540995,67.0,0.812489,5.0,-1.346244,-1.600099,-5.623542,2.248547,1.0
BTCUSD_14395_BEARISH_14391_14392,BTCUSD,SHORT,1h,2026-01-21T15:00:00+00:00,2026-01-21T16:00:00+00:00,2026-01-21T19:00:00+00:00,90540.0,89713.5,826.5,0.9213,89920.125,90540.0,88857.48,619.875,0.6894,50,choch,internal,SEED_JAN_MAR,2026-01-01T00:00:00+00:00,2026-03-31T23:59:59+00:00,167,INITIAL_SEED_DATASET,SEED_POPULATION,86628e48989c4ddf,0.0,0.2,TRAIN_SEED,2026-01-22T15:00:00+00:00,1.7143,True,TOUCH_HIT_TP,20,2.3192,0.7072,False,TRAIN_SEED_POPULATION,0.914978,1.695493,0.689362,1.27162,0.254083,0.867514,0.584392,1.695493,5.490609,4.0,3.0,0.0,0.840823,0.0,1.0,0.0,0.0,1.0,0.373316,0.012308,0.539653,77.0,0.921781,4.473108,0.630542,1.030663,-3.083559,1.99629,0.0
BTCUSD_14430_BULLISH_14422_14428,BTCUSD,LONG,1h,2026-01-22T22:00:00+00:00,2026-01-23T04:00:00+00:00,2026-01-23T06:00:00+00:00,89544.5,89108.0,436.5,0.4899,89544.5,89108.0,90292.79,436.5,0.4875,71,choch,internal,SEED_JAN_MAR,2026-01-01T00:00:00+00:00,2026-03-31T23:59:59+00:00,167,INITIAL_SEED_DATASET,SEED_POPULATION,86628e48989c4ddf,0.0,0.2,TRAIN_SEED,2026-01-23T08:00:00+00:00,-1.0,True,TOUCH_HIT_SL,2,0.2635,1.0011,False,TRAIN_SEED_POPULATION,0.487797,0.902863,0.487467,0.902863,0.861397,0.407789,0.191294,0.902863,0.073429,8.0,2.0,1.0,0.125139,0.0,1.0,0.0,0.0,1.0,0.366188,0.011376,0.540278,58.0,0.317087,0.830469,-0.464951,0.585637,0.084444,0.675656,1.0
ETHUSD_14430_BULLISH_14419_14428,ETHUSD,LONG,1h,2026-01-22T19:00:00+00:00,2026-01-23T04:00:00+00:00,2026-01-23T06:00:00+00:00,2962.5,2927.3,35.2,1.2025,2953.7,2927.3,2998.96,26.4,0.8938,39,choch,internal,SEED_JAN_MAR,2026-01-01T00:00:00+00:00,2026-03-31T23:59:59+00:00,167,INITIAL_SEED_DATASET,SEED_POPULATION,86628e48989c4ddf,0.0,0.2,TRAIN_SEED,2026-01-23T08:00:00+00:00,-1.0,True,TOUCH_HIT_SL,2,0.0,1.2178,False,TRAIN_SEED_POPULATION,1.197564,1.442195,0.893794,1.081646,0.340909,0.723011,0.40483,1.442195,0.540823,11.0,2.0,0.0,0.589989,0.0,1.0,0.0,0.0,0.0,0.200595,0.020486,0.830376,94.0,0.505268,1.544624,-0.971986,-0.066298,-1.314442,0.720962,1.0
XRPUSD_14439_BEARISH_14419_14438,XRPUSD,SHORT,1h,2026-01-22T19:00:00+00:00,2026-01-23T14:00:00+00:00,2026-01-23T15:00:00+00:00,1.9348,1.9166,0.0182,0.9496,1.92115,1.9348,1.9,0.01365,0.7105,49,bos,internal,SEED_JAN_MAR,2026-01-01T00:00:00+00:00,2026-03-31T23:59:59+00:00,167,INITIAL_SEED_DATASET,SEED_POPULATION,86628e48989c4ddf,0.0,0.2,TRAIN_SEED,2026-01-23T16:00:00+00:00,-1.0,True,TOUCH_HIT_SL,1,0.1136,2.1136,False,TRAIN_SEED_POPULATION,0.947571,1.049191,0.710512,0.786893,0.774725,0.313187,0.554945,1.049191,0.501536,20.0,1.0,0.0,0.025942,1.0,0.0,0.0,0.0,0.0,0.323327,0.034589,0.903144,41.0,0.42364,1.965792,0.713125,0.182558,1.308086,1.319214,0.0
ETHUSD_14440_BEARISH_14428_14432,ETHUSD,SHORT,1h,2026-01-23T04:00:00+00:00,2026-01-23T08:00:00+00:00,2026-01-23T16:00:00+00:00,2984.3,2962.2,22.1,0.7461,2967.725,2984.3,2939.31,16.575,0.5585,62,choch,internal,SEED_JAN_MAR,2026-01-01T00:00:00+00:00,2026-03-31T23:59:59+00:00,167,INITIAL_SEED_DATASET,SEED_POPULATION,86628e48989c4ddf,0.0,0.2,TRAIN_SEED,2026-01-23T17:00:00+00:00,-1.0,True,TOUCH_HIT_SL,1,0.5535,3.0935,False,TRAIN_SEED_POPULATION,0.744873,0.896587,0.558509,0.67244,0.785068,0.79638,0.597285,0.896587,0.833704,12.0,8.0,1.0,0.031441,0.0,1.0,0.0,0.0,1.0,0.281548,0.012171,0.830787,98.5,0.500651,1.707978,0.911518,-0.040429,-0.422883,1.628567,0.0
XRPUSD_14466_BEARISH_14461_14463,XRPUSD,SHORT,1h,2026-01-24T13:00:00+00:00,2026-01-24T15:00:00+00:00,2026-01-24T18:00:00+00:00,1.9236,1.9177,0.0059,0.3077,1.9177,1.9236,1.91,0.0059,0.3077,100,choch,internal,SEED_JAN_MAR,2026-01-01T00:00:00+00:00,2026-03-31T23:59:59+00:00,167,INITIAL_SEED_DATASET,SEED_POPULATION,86628e48989c4ddf,0.0,0.2,TRAIN_SEED,2026-01-25T01:00:00+00:00,1.3051,True,TOUCH_HIT_TP,7,2.4915,0.8305,False,TRAIN_SEED_POPULATION,0.30726,0.360506,0.30766,0.360506,0.576271,0.423729,0.186441,0.360506,0.427719,5.0,3.0,1.0,0.152757,0.0,1.0,0.0,0.0,1.0,0.426667,0.018331,0.852301,0.5,0.140556,0.287183,0.125143,-0.11444,-0.088454,0.782079,0.0
SOLUSD_14470_BEARISH_14451_14463,SOLUSD,SHORT,1h,2026-01-24T03:00:00+00:00,2026-01-24T15:00:00+00:00,2026-01-24T22:00:00+00:00,128.115,127.594,0.521,0.4083,127.594,128.115,126.7,0.521,0.4083,85,bos,internal,SEED_JAN_MAR,2026-01-01T00:00:00+00:00,2026-03-31T23:59:59+00:00,167,INITIAL_SEED_DATASET,SEED_POPULATION,86628e48989c4ddf,0.0,0.2,TRAIN_SEED,2026-01-25T03:00:00+00:00,1.7159,True,TOUCH_HIT_TP,5,2.4203,0.2726,False,TRAIN_SEED_POPULATION,0.408266,0.499954,0.408326,0.499954,0.963532,0.230326,0.345489,0.499954,0.326266,19.0,7.0,0.0,0.018232,1.0,0.0,0.0,0.0,1.0,0.398914,0.003838,0.816606,0.5,0.185663,0.547934,0.30576,0.372031,-0.662442,0.561248,0.0
SOLUSD_14511_BULLISH_14500_14510,SOLUSD,LONG,1h,2026-01-26T04:00:00+00:00,2026-01-26T14:00:00+00:00,2026-01-26T15:00:00+00:00,123.612,121.571,2.041,1.6789,123.10175,121.571,125.73,1.53075,1.2435,28,choch,internal,SEED_JAN_MAR,2026-01-01T00:00:00+00:00,2026-03-31T23:59:59+00:00,167,INITIAL_SEED_DATASET,SEED_POPULATION,86628e48989c4ddf,0.0,0.2,TRAIN_SEED,2026-01-27T16:00:00+00:00,1.717,True,TOUCH_HIT_TP,25,2.4186,0.0462,False,TRAIN_SEED_POPULATION,1.652471,1.922522,1.243484,1.441892,0.951004,0.279765,0.490446,1.922522,0.566113,11.0,1.0,0.0,0.386435,0.0,1.0,0.0,1.0,0.0,0.463727,0.00942,0.859533,19.5,0.601434,2.038476,0.866469,3.245005,-2.687456,1.196646,1.0
BTCUSD_14516_BULLISH_14513_14514,BTCUSD,LONG,1h,2026-01-26T17:00:00+00:00,2026-01-26T18:00:00+00:00,2026-01-26T20:00:00+00:00,87764.5,86995.0,769.5,0.8845,87572.125,86995.0,88561.48,577.125,0.659,53,choch,internal,SEED_JAN_MAR,2026-01-01T00:00:00+00:00,2026-03-31T23:59:59+00:00,167,INITIAL_SEED_DATASET,SEED_POPULATION,86628e48989c4ddf,0.0,0.2,TRAIN_SEED,2026-01-26T23:00:00+00:00,1.7143,True,TOUCH_HIT_TP,3,1.8486,0.0461,False,TRAIN_SEED_POPULATION,0.878375,1.634185,0.659028,1.225639,0.792723,0.324237,0.102014,1.634185,1.496145,3.0,2.0,0.0,0.069817,0.0,1.0,0.0,0.0,0.0,0.303704,0.027608,0.5375,65.5,0.391704,1.235992,-0.014267,-0.204478,-1.963966,1.155193,1.0
BTCUSD_14522_BEARISH_14485_14488,BTCUSD,SHORT,1h,2026-01-25T13:00:00+00:00,2026-01-25T16:00:00+00:00,2026-01-27T02:00:00+00:00,88953.0,88619.0,334.0,0.3769,88619.0,88953.0,88046.43,334.0,0.3769,92,bos,internal,SEED_JAN_MAR,2026-01-01T00:00:00+00:00,2026-03-31T23:59:59+00:00,167,INITIAL_SEED_DATASET,SEED_POPULATION,86628e48989c4ddf,0.0,0.2,TRAIN_SEED,2026-01-27T04:00:00+00:00,-1.0,True,TOUCH_HIT_SL,2,0.4416,1.1018,False,TRAIN_SEED_POPULATION,0.376152,0.71015,0.376894,0.71015,0.476048,0.655689,0.368263,0.71015,0.759053,37.0,34.0,3.0,0.372085,1.0,0.0,0.0,0.0,1.0,0.533707,0.018073,0.529679,62.0,0.32328,0.666563,0.861584,1.110814,-0.549924,0.244368,0.0
SOLUSD_14535_BEARISH_14523_14533,SOLUSD,SHORT,1h,2026-01-27T03:00:00+00:00,2026-01-27T13:00:00+00:00,2026-01-27T15:00:00+00:00,125.183,124.4,0.783,0.6294,124.59575,125.183,123.59,0.58725,0.4713,74,choch,internal,SEED_JAN_MAR,2026-01-01T00:00:00+00:00,2026-03-31T23:59:59+00:00,167,INITIAL_SEED_DATASET,SEED_POPULATION,86628e48989c4ddf,0.0,0.2,TRAIN_SEED,2026-01-27T16:00:00+00:00,-1.0,True,TOUCH_HIT_SL,1,0.0,3.7603,False,TRAIN_SEED_POPULATION,0.626395,0.750426,0.471324,0.56282,0.232439,0.808429,0.660281,0.750426,0.698673,12.0,2.0,1.0,0.388391,0.0,1.0,0.0,0.0,1.0,0.604263,0.040253,0.834719,13.5,0.447984,1.535355,1.042753,0.715477,-1.545332,1.421088,0.0
XRPUSD_14536_BEARISH_14524_14529,XRPUSD,SHORT,1h,2026-01-27T04:00:00+00:00,2026-01-27T09:00:00+00:00,2026-01-27T16:00:00+00:00,1.9169,1.9063,0.0106,0.5561,1.9063,1.9169,1.89,0.0106,0.5561,62,choch,internal,SEED_JAN_MAR,2026-01-01T00:00:00+00:00,2026-03-31T23:59:59+00:00,167,INITIAL_SEED_DATASET,SEED_POPULATION,86628e48989c4ddf,0.0,0.2,TRAIN_SEED,2026-01-27T17:00:00+00:00,1.5377,True,TOUCH_HIT_TP,1,2.8868,0.7358,False,TRAIN_SEED_POPULATION,0.554104,0.674284,0.556051,0.674284,0.367925,0.886792,0.09434,0.674284,0.693368,12.0,7.0,0.0,0.426199,0.0,1.0,0.0,0.0,0.0,0.664309,0.038167,0.821765,8.0,0.379547,1.520321,1.318786,0.404136,1.404718,1.673791,0.0
SOLUSD_14540_BEARISH_14471_14479,SOLUSD,SHORT,1h,2026-01-24T23:00:00+00:00,2026-01-25T07:00:00+00:00,2026-01-27T20:00:00+00:00,127.736,127.173,0.563,0.4427,127.173,127.736,126.21,0.563,0.4427,79,bos,internal,SEED_JAN_MAR,2026-01-01T00:00:00+00:00,2026-03-31T23:59:59+00:00,167,INITIAL_SEED_DATASET,SEED_POPULATION,86628e48989c4ddf,0.0,0.2,TRAIN_SEED,2026-01-27T21:00:00+00:00,-1.0,True,TOUCH_HIT_SL,1,0.3908,1.1901,False,TRAIN_SEED_POPULATION,0.441901,0.528172,0.442704,0.528172,0.589698,0.634103,0.888099,0.528172,0.224403,69.0,61.0,1.0,0.21671,1.0,0.0,0.0,0.0,0.0,0.787463,0.014072,0.836661,34.5,0.719716,1.677392,1.922385,2.35555,4.721355,2.000934,0.0
ETHUSD_14545_BEARISH_14402_14414,ETHUSD,SHORT,1h,2026-01-22T02:00:00+00:00,2026-01-22T14:00:00+00:00,2026-01-28T01:00:00+00:00,3037.8,3014.2,23.6,0.783,3020.1,3037.8,2989.76,17.7,0.5861,59,bos,internal,SEED_JAN_MAR,2026-01-01T00:00:00+00:00,2026-03-31T23:59:59+00:00,167,INITIAL_SEED_DATASET,SEED_POPULATION,86628e48989c4ddf,0.0,0.2,TRAIN_SEED,2026-01-28T08:00:00+00:00,1.7141,True,TOUCH_HIT_TP,7,1.8362,0.0,False,TRAIN_SEED_POPULATION,0.78213,0.983219,0.586073,0.737414,0.864407,0.860169,0.442797,0.983219,1.324845,143.0,131.0,6.0,0.112487,1.0,0.0,0.0,1.0,0.0,0.931394,0.02708,0.79548,66.5,0.808132,0.816571,-0.137347,3.938961,7.155794,0.367014,0.0
ETHUSD_14546_BEARISH_14398_14490,ETHUSD,SHORT,1h,2026-01-21T22:00:00+00:00,2026-01-25T18:00:00+00:00,2026-01-28T02:00:00+00:00,3044.65,3007.9,36.75,1.2218,3017.0875,3044.65,2969.84,27.5625,0.9135,38,bos,internal,SEED_JAN_MAR,2026-01-01T00:00:00+00:00,2026-03-31T23:59:59+00:00,167,INITIAL_SEED_DATASET,SEED_POPULATION,86628e48989c4ddf,0.0,0.2,TRAIN_SEED,2026-01-28T11:00:00+00:00,-1.0,True,TOUCH_HIT_SL,9,1.1388,1.0127,False,TRAIN_SEED_POPULATION,1.22089,1.534525,0.913547,1.150893,0.940136,0.72381,0.563265,1.534525,1.544964,148.0,56.0,6.0,0.291768,1.0,0.0,0.0,1.0,0.0,0.902106,0.004176,0.795614,65.0,0.805466,0.551176,-0.160865,3.212865,5.944671,0.334483,0.0
SOLUSD_14556_BULLISH_14553_14555,SOLUSD,LONG,1h,2026-01-28T09:00:00+00:00,2026-01-28T11:00:00+00:00,2026-01-28T12:00:00+00:00,127.624,126.0,1.624,1.2889,127.218,126.0,129.31,1.218,0.9574,36,bos,internal,SEED_JAN_MAR,2026-01-01T00:00:00+00:00,2026-03-31T23:59:59+00:00,167,INITIAL_SEED_DATASET,SEED_POPULATION,86628e48989c4ddf,0.0,0.2,TRAIN_SEED,2026-01-28T15:00:00+00:00,-1.0,True,TOUCH_HIT_SL,3,0.5222,1.4089,False,TRAIN_SEED_POPULATION,1.276499,1.552169,0.957412,1.164127,0.753079,0.364532,0.523399,1.552169,0.845856,3.0,1.0,0.0,0.004779,1.0,0.0,0.0,1.0,1.0,0.898769,0.008602,0.822397,19.0,0.676844,1.157436,0.102287,0.133802,3.897069,0.936922,1.0
ETHUSD_14558_BULLISH_14553_14555,ETHUSD,LONG,1h,2026-01-28T09:00:00+00:00,2026-01-28T11:00:00+00:00,2026-01-28T14:00:00+00:00,3017.15,2985.7,31.45,1.0534,3009.2875,2985.7,3049.72,23.5875,0.7838,44,bos,internal,SEED_JAN_MAR,2026-01-01T00:00:00+00:00,2026-03-31T23:59:59+00:00,167,INITIAL_SEED_DATASET,SEED_POPULATION,86628e48989c4ddf,0.0,0.2,TRAIN_SEED,2026-01-28T15:00:00+00:00,-1.0,True,TOUCH_HIT_SL,1,0.4669,1.1208,False,TRAIN_SEED_POPULATION,1.044087,1.32566,0.783823,0.994245,0.842607,0.338633,0.855326,1.32566,0.588012,5.0,3.0,0.0,0.122766,1.0,0.0,0.0,0.0,1.0,0.873725,0.010538,0.787598,58.0,0.46717,1.163378,-0.155789,-0.442887,3.800958,1.260424,1.0
BTCUSD_14576_BULLISH_14535_14540,BTCUSD,LONG,1h,2026-01-27T15:00:00+00:00,2026-01-27T20:00:00+00:00,2026-01-29T08:00:00+00:00,88173.5,87538.5,635.0,0.7254,88014.75,87538.5,88831.18,476.25,0.5411,64,bos,internal,SEED_JAN_MAR,2026-01-01T00:00:00+00:00,2026-03-31T23:59:59+00:00,167,INITIAL_SEED_DATASET,SEED_POPULATION,86628e48989c4ddf,0.0,0.2,TRAIN_SEED,2026-01-29T14:00:00+00:00,-1.0,True,TOUCH_HIT_SL,6,0.2661,2.1916,False,TRAIN_SEED_POPULATION,0.721284,1.310778,0.541102,0.983084,0.785827,0.809449,0.452756,1.310778,2.0508,41.0,36.0,5.0,0.046961,1.0,0.0,0.0,1.0,0.0,0.438856,0.0,0.550271,73.0,0.37631,1.225113,0.028405,-2.344942,-0.300105,0.594165,1.0
SOLUSD_14651_BEARISH_14648_14650,SOLUSD,SHORT,1h,2026-02-01T08:00:00+00:00,2026-02-01T10:00:00+00:00,2026-02-01T11:00:00+00:00,106.023,104.812,1.211,1.1554,105.11475,106.023,103.56,0.90825,0.8641,40,bos,internal,SEED_JAN_MAR,2026-01-01T00:00:00+00:00,2026-03-31T23:59:59+00:00,167,INITIAL_SEED_DATASET,SEED_POPULATION,86628e48989c4ddf,0.0,0.2,TRAIN_SEED,2026-02-01T13:00:00+00:00,-1.0,True,TOUCH_HIT_SL,2,1.1481,1.7377,False,TRAIN_SEED_POPULATION,1.152982,0.949318,0.864056,0.711989,0.818332,0.479769,0.262593,0.949318,1.592127,3.0,1.0,0.0,0.064869,1.0,0.0,0.0,1.0,1.0,0.277818,0.689843,1.214537,100.0,1.119506,1.295024,-0.047582,3.073602,-8.959157,0.595549,0.0
XRPUSD_14673_BEARISH_14658_14669,XRPUSD,SHORT,1h,2026-02-01T18:00:00+00:00,2026-02-02T05:00:00+00:00,2026-02-02T09:00:00+00:00,1.6259,1.6006,0.0253,1.5807,1.606925,1.6259,1.57,0.018975,1.1808,29,bos,internal,SEED_JAN_MAR,2026-01-01T00:00:00+00:00,2026-03-31T23:59:59+00:00,167,INITIAL_SEED_DATASET,SEED_POPULATION,86628e48989c4ddf,0.0,0.2,TRAIN_SEED,2026-02-02T11:00:00+00:00,-1.0,True,TOUCH_HIT_SL,2,0.1542,1.0264,False,TRAIN_SEED_POPULATION,1.573285,1.226295,1.180827,0.919722,0.703557,0.517787,0.537549,1.226295,1.328083,15.0,4.0,0.0,0.056952,1.0,0.0,0.0,0.0,1.0,0.275586,0.232657,1.282958,100.0,0.893625,1.308695,2.036802,-0.414912,-6.424207,1.003444,0.0
BTCUSD_14677_BEARISH_14650_14655,BTCUSD,SHORT,1h,2026-02-01T10:00:00+00:00,2026-02-01T15:00:00+00:00,2026-02-02T13:00:00+00:00,79202.0,78107.0,1095.0,1.4019,78380.75,79202.0,76972.89,821.25,1.0478,33,bos,internal,SEED_JAN_MAR,2026-01-01T00:00:00+00:00,2026-03-31T23:59:59+00:00,167,INITIAL_SEED_DATASET,SEED_POPULATION,86628e48989c4ddf,0.0,0.2,TRAIN_SEED,2026-02-02T15:00:00+00:00,-1.0,True,TOUCH_HIT_SL,2,1.0438,1.1406,False,TRAIN_SEED_POPULATION,1.400623,1.687815,1.04777,1.265861,0.93379,0.316895,0.690411,1.687815,0.950263,27.0,22.0,3.0,0.310203,1.0,0.0,0.0,0.0,1.0,0.266232,0.059343,0.829844,99.0,0.701098,1.066637,1.745219,1.243209,-5.797617,0.920692,0.0
BTCUSD_14691_BEARISH_14689_14690,BTCUSD,SHORT,1h,2026-02-03T01:00:00+00:00,2026-02-03T02:00:00+00:00,2026-02-03T03:00:00+00:00,79171.0,78684.5,486.5,0.6183,78806.125,79171.0,78180.62,364.875,0.463,75,bos,internal,SEED_JAN_MAR,2026-01-01T00:00:00+00:00,2026-03-31T23:59:59+00:00,167,INITIAL_SEED_DATASET,SEED_POPULATION,86628e48989c4ddf,0.0,0.2,TRAIN_SEED,2026-02-03T06:00:00+00:00,1.7143,True,TOUCH_HIT_TP,3,2.4601,0.4656,False,TRAIN_SEED_POPULATION,0.618013,0.738165,0.463003,0.553624,0.92703,0.408016,0.10483,0.738165,1.829102,2.0,1.0,0.0,0.130677,1.0,0.0,0.0,1.0,0.0,0.409723,0.018966,0.837229,100.0,0.653269,1.90345,-0.058401,0.974211,0.278977,0.480785,0.0
ETHUSD_14691_BEARISH_14689_14690,ETHUSD,SHORT,1h,2026-02-03T01:00:00+00:00,2026-02-03T02:00:00+00:00,2026-02-03T03:00:00+00:00,2359.0,2336.55,22.45,0.9608,2342.1625,2359.0,2313.3,16.8375,0.7189,48,bos,internal,SEED_JAN_MAR,2026-01-01T00:00:00+00:00,2026-03-31T23:59:59+00:00,167,INITIAL_SEED_DATASET,SEED_POPULATION,86628e48989c4ddf,0.0,0.2,TRAIN_SEED,2026-02-03T06:00:00+00:00,1.7142,True,TOUCH_HIT_TP,3,2.6823,0.7565,False,TRAIN_SEED_POPULATION,0.957887,0.690799,0.718887,0.518099,0.681514,0.363029,0.040089,0.690799,1.733922,2.0,1.0,0.0,0.04731,1.0,0.0,0.0,1.0,1.0,0.278767,0.05231,1.386636,98.0,1.019637,1.872389,-0.274451,1.428139,-4.084305,0.533142,0.0
SOLUSD_14692_BEARISH_14686_14690,SOLUSD,SHORT,1h,2026-02-02T22:00:00+00:00,2026-02-03T02:00:00+00:00,2026-02-03T04:00:00+00:00,105.175,104.602,0.573,0.5478,104.602,105.175,103.62,0.573,0.5478,63,bos,internal,SEED_JAN_MAR,2026-01-01T00:00:00+00:00,2026-03-31T23:59:59+00:00,167,INITIAL_SEED_DATASET,SEED_POPULATION,86628e48989c4ddf,0.0,0.2,TRAIN_SEED,2026-02-03T06:00:00+00:00,1.7138,True,TOUCH_HIT_TP,2,2.897,0.1937,False,TRAIN_SEED_POPULATION,0.547419,0.410389,0.547791,0.410389,0.876091,0.86911,0.137871,0.410389,1.418815,6.0,2.0,0.0,0.050851,1.0,0.0,0.0,0.0,1.0,0.377496,0.305822,1.333903,91.5,0.716407,0.895264,0.133929,1.268358,-0.785767,0.606312,0.0
XRPUSD_14703_BEARISH_14696_14702,XRPUSD,SHORT,1h,2026-02-03T08:00:00+00:00,2026-02-03T14:00:00+00:00,2026-02-03T15:00:00+00:00,1.6245,1.6115,0.013,0.8067,1.61475,1.6245,1.6,0.00975,0.6038,57,choch,internal,SEED_JAN_MAR,2026-01-01T00:00:00+00:00,2026-03-31T23:59:59+00:00,167,INITIAL_SEED_DATASET,SEED_POPULATION,86628e48989c4ddf,0.0,0.2,TRAIN_SEED,2026-02-03T16:00:00+00:00,1.5128,True,TOUCH_HIT_TP,1,3.4308,0.2923,False,TRAIN_SEED_POPULATION,0.803709,0.638677,0.603809,0.479008,0.538462,0.723077,0.115385,0.638677,1.43948,7.0,1.0,0.0,0.135105,0.0,1.0,0.0,0.0,1.0,0.411827,0.225993,1.258397,87.0,0.88296,2.092896,1.1633,-0.030902,-0.693762,1.183123,0.0
ETHUSD_14745_BEARISH_14737_14742,ETHUSD,SHORT,1h,2026-02-05T01:00:00+00:00,2026-02-05T06:00:00+00:00,2026-02-05T09:00:00+00:00,2173.45,2122.4,51.05,2.4053,2135.1625,2173.45,2069.53,38.2875,1.7932,19,bos,internal,SEED_JAN_MAR,2026-01-01T00:00:00+00:00,2026-03-31T23:59:59+00:00,167,INITIAL_SEED_DATASET,SEED_POPULATION,86628e48989c4ddf,0.0,0.2,TRAIN_SEED,2026-02-05T11:00:00+00:00,1.7142,True,TOUCH_HIT_TP,2,1.9527,0.1277,False,TRAIN_SEED_POPULATION,2.393118,1.417807,1.793189,1.063355,0.788443,0.537708,0.028404,1.417807,0.402707,8.0,3.0,1.0,0.054504,1.0,0.0,0.0,0.0,1.0,0.181272,0.098594,1.687902,99.5,0.945781,1.087309,1.390242,-0.675141,-8.146745,0.840291,0.0
BTCUSD_14782_BEARISH_14745_14748,BTCUSD,SHORT,1h,2026-02-05T09:00:00+00:00,2026-02-05T12:00:00+00:00,2026-02-06T22:00:00+00:00,71950.0,71013.5,936.5,1.3188,71247.625,71950.0,70043.55,702.375,0.9858,35,bos,internal,SEED_JAN_MAR,2026-01-01T00:00:00+00:00,2026-03-31T23:59:59+00:00,167,INITIAL_SEED_DATASET,SEED_POPULATION,86628e48989c4ddf,0.0,0.2,TRAIN_SEED,2026-02-07T00:00:00+00:00,1.7143,True,TOUCH_HIT_TP,2,2.2283,0.6747,False,TRAIN_SEED_POPULATION,1.31293,1.068742,0.985822,0.801557,0.663107,0.576081,0.537106,1.068742,0.857048,37.0,34.0,1.0,0.092866,1.0,0.0,0.0,0.0,1.0,0.594425,0.033666,1.228482,100.0,1.160411,1.494413,0.8697,10.050143,-2.9478,0.713988,0.0
SOLUSD_14801_BEARISH_14788_14791,SOLUSD,SHORT,1h,2026-02-07T04:00:00+00:00,2026-02-07T07:00:00+00:00,2026-02-07T17:00:00+00:00,89.005,87.253,1.752,2.008,87.691,89.005,85.44,1.314,1.4984,23,bos,internal,SEED_JAN_MAR,2026-01-01T00:00:00+00:00,2026-03-31T23:59:59+00:00,167,INITIAL_SEED_DATASET,SEED_POPULATION,86628e48989c4ddf,0.0,0.2,TRAIN_SEED,2026-02-07T18:00:00+00:00,-1.0,True,TOUCH_HIT_SL,1,0.204,1.1446,False,TRAIN_SEED_POPULATION,1.999452,1.038223,1.498443,0.778668,0.788242,0.481164,0.218037,1.038223,0.570667,13.0,10.0,1.0,0.039704,1.0,0.0,0.0,0.0,0.0,0.558881,0.818371,1.92584,82.0,0.907043,0.743705,1.648435,0.389533,3.595285,0.909201,0.0
XRPUSD_14803_BULLISH_14796_14802,XRPUSD,LONG,1h,2026-02-07T12:00:00+00:00,2026-02-07T18:00:00+00:00,2026-02-07T19:00:00+00:00,1.4399,1.3901,0.0498,3.5825,1.42745,1.3901,1.49,0.03735,2.6166,13,choch,internal,SEED_JAN_MAR,2026-01-01T00:00:00+00:00,2026-03-31T23:59:59+00:00,167,INITIAL_SEED_DATASET,SEED_POPULATION,86628e48989c4ddf,0.0,0.2,TRAIN_SEED,2026-02-09T10:00:00+00:00,-1.0,True,TOUCH_HIT_SL,39,1.0937,1.4793,False,TRAIN_SEED_POPULATION,3.48203,1.879807,2.616554,1.409855,0.805221,0.246988,0.518072,1.879807,0.634152,7.0,1.0,0.0,0.103805,0.0,1.0,0.0,1.0,1.0,0.60507,0.015099,1.852334,94.0,0.919304,0.460515,2.193641,-2.08804,14.434309,0.921553,1.0
ETHUSD_14824_BULLISH_14812_14816,ETHUSD,LONG,1h,2026-02-08T04:00:00+00:00,2026-02-08T08:00:00+00:00,2026-02-08T16:00:00+00:00,2088.0,2066.0,22.0,1.0649,2082.5,2066.0,2110.79,16.5,0.7923,44,choch,internal,SEED_JAN_MAR,2026-01-01T00:00:00+00:00,2026-03-31T23:59:59+00:00,167,INITIAL_SEED_DATASET,SEED_POPULATION,86628e48989c4ddf,0.0,0.2,TRAIN_SEED,2026-02-08T18:00:00+00:00,1.7145,True,TOUCH_HIT_TP,2,2.3697,0.1848,False,TRAIN_SEED_POPULATION,1.057591,0.582304,0.792317,0.436728,0.645455,0.743182,0.390909,0.582304,0.846988,12.0,8.0,1.0,0.060877,0.0,1.0,0.0,0.0,1.0,0.672673,0.083375,1.816216,68.0,0.703401,1.159315,-2.399887,-0.725398,5.145572,1.201064,1.0
XRPUSD_14824_BULLISH_14812_14816,XRPUSD,LONG,1h,2026-02-08T04:00:00+00:00,2026-02-08T08:00:00+00:00,2026-02-08T16:00:00+00:00,1.4228,1.4088,0.014,0.9938,1.4193,1.4088,1.44,0.0105,0.7398,47,bos,internal,SEED_JAN_MAR,2026-01-01T00:00:00+00:00,2026-03-31T23:59:59+00:00,167,INITIAL_SEED_DATASET,SEED_POPULATION,86628e48989c4ddf,0.0,0.2,TRAIN_SEED,2026-02-08T18:00:00+00:00,1.9714,True,TOUCH_HIT_TP,2,3.1429,0.2286,False,TRAIN_SEED_POPULATION,0.987515,0.544501,0.739801,0.408376,0.635714,0.985714,0.435714,0.544501,1.2718,12.0,8.0,0.0,0.062229,1.0,0.0,0.0,0.0,0.0,0.6332,0.182797,1.813613,76.5,0.885496,1.396257,-2.348808,-0.970942,-4.099303,1.197904,1.0
BTCUSD_14825_BEARISH_14788_14790,BTCUSD,SHORT,1h,2026-02-07T04:00:00+00:00,2026-02-07T06:00:00+00:00,2026-02-08T17:00:00+00:00,71673.5,70571.0,1102.5,1.5623,70846.625,71673.5,69429.12,826.875,1.1671,29,choch,internal,SEED_JAN_MAR,2026-01-01T00:00:00+00:00,2026-03-31T23:59:59+00:00,167,INITIAL_SEED_DATASET,SEED_POPULATION,86628e48989c4ddf,0.0,0.2,TRAIN_SEED,2026-02-08T23:00:00+00:00,-1.0,True,TOUCH_HIT_SL,6,1.0958,1.7365,False,TRAIN_SEED_POPULATION,1.558062,1.290599,1.167134,0.96795,0.827664,0.872562,0.141497,1.290599,1.630077,37.0,35.0,8.0,0.100234,0.0,1.0,0.0,1.0,0.0,0.68606,0.06731,1.207239,74.5,0.551324,0.54609,-0.634018,2.044907,3.17421,1.257439,0.0
SOLUSD_14826_BEARISH_14821_14824,SOLUSD,SHORT,1h,2026-02-08T13:00:00+00:00,2026-02-08T16:00:00+00:00,2026-02-08T18:00:00+00:00,88.865,87.732,1.133,1.2914,88.01525,88.865,86.56,0.84975,0.9655,36,bos,internal,SEED_JAN_MAR,2026-01-01T00:00:00+00:00,2026-03-31T23:59:59+00:00,167,INITIAL_SEED_DATASET,SEED_POPULATION,86628e48989c4ddf,0.0,0.2,TRAIN_SEED,2026-02-08T21:00:00+00:00,1.7126,True,TOUCH_HIT_TP,3,2.1209,0.6587,False,TRAIN_SEED_POPULATION,1.290433,0.698821,0.965458,0.524116,0.939982,0.778464,0.370697,0.698821,0.93135,5.0,2.0,0.0,0.132764,1.0,0.0,0.0,1.0,0.0,0.746918,0.656879,1.846586,67.5,0.841963,1.062726,-0.82906,1.171889,1.335365,1.289209,0.0
XRPUSD_14847_BEARISH_14837_14840,XRPUSD,SHORT,1h,2026-02-09T05:00:00+00:00,2026-02-09T08:00:00+00:00,2026-02-09T15:00:00+00:00,1.4548,1.4403,0.0145,1.0067,1.443925,1.4548,1.43,0.010875,0.7532,46,choch,internal,SEED_JAN_MAR,2026-01-01T00:00:00+00:00,2026-03-31T23:59:59+00:00,167,INITIAL_SEED_DATASET,SEED_POPULATION,86628e48989c4ddf,0.0,0.2,TRAIN_SEED,2026-02-09T16:00:00+00:00,-1.0,True,TOUCH_HIT_SL,1,0.7931,1.8092,False,TRAIN_SEED_POPULATION,1.002974,0.573061,0.753155,0.429796,0.627586,0.627586,0.255172,0.573061,0.723242,10.0,7.0,0.0,0.070151,0.0,1.0,0.0,0.0,0.0,0.774422,0.067186,1.750206,66.5,0.980107,1.157978,4.586559,0.914421,2.992092,1.794501,0.0
SOLUSD_14848_BEARISH_14831_14839,SOLUSD,SHORT,1h,2026-02-08T23:00:00+00:00,2026-02-09T07:00:00+00:00,2026-02-09T16:00:00+00:00,89.0094,86.043,2.9664,3.4476,86.7846,89.0094,82.97,2.2248,2.5636,13,bos,internal,SEED_JAN_MAR,2026-01-01T00:00:00+00:00,2026-03-31T23:59:59+00:00,167,INITIAL_SEED_DATASET,SEED_POPULATION,86628e48989c4ddf,0.0,0.2,TRAIN_SEED,2026-02-10T18:00:00+00:00,1.7146,True,TOUCH_HIT_TP,26,1.831,0.8587,False,TRAIN_SEED_POPULATION,3.445536,1.865579,2.563588,1.399185,0.982807,0.276766,0.062702,1.865579,0.589912,17.0,9.0,0.0,0.434321,1.0,0.0,0.0,0.0,0.0,0.777907,0.120749,1.846899,56.0,0.754748,1.296799,3.142409,-0.334557,0.398825,1.670928,0.0
SOLUSD_14911_BEARISH_14893_14894,SOLUSD,SHORT,1h,2026-02-11T13:00:00+00:00,2026-02-11T14:00:00+00:00,2026-02-12T07:00:00+00:00,81.8077,80.6505,1.1572,1.4348,80.9398,81.8077,79.45,0.8679,1.0723,32,bos,internal,SEED_JAN_MAR,2026-01-01T00:00:00+00:00,2026-03-31T23:59:59+00:00,167,INITIAL_SEED_DATASET,SEED_POPULATION,86628e48989c4ddf,0.0,0.2,TRAIN_SEED,2026-02-12T09:00:00+00:00,-1.0,True,TOUCH_HIT_SL,2,0.7257,1.1075,False,TRAIN_SEED_POPULATION,1.43287,0.794933,1.072278,0.5962,0.904511,0.38066,0.415658,0.794933,1.189789,18.0,17.0,7.0,0.122826,1.0,0.0,0.0,0.0,1.0,0.250241,0.226692,1.802504,9.0,0.710741,0.440813,0.547802,2.579703,-6.029578,0.612671,0.0
BTCUSD_14919_BULLISH_14909_14915,BTCUSD,LONG,1h,2026-02-12T05:00:00+00:00,2026-02-12T11:00:00+00:00,2026-02-12T15:00:00+00:00,67185.5,66646.5,539.0,0.8087,67050.75,66646.5,67743.75,404.25,0.6029,58,choch,internal,SEED_JAN_MAR,2026-01-01T00:00:00+00:00,2026-03-31T23:59:59+00:00,167,INITIAL_SEED_DATASET,SEED_POPULATION,86628e48989c4ddf,0.0,0.2,TRAIN_SEED,2026-02-12T16:00:00+00:00,-1.0,True,TOUCH_HIT_SL,1,0.4125,3.778,False,TRAIN_SEED_POPULATION,0.803159,0.667385,0.602902,0.500538,0.859926,0.383117,0.225417,0.667385,0.067481,10.0,4.0,0.0,0.073363,0.0,1.0,0.0,0.0,0.0,0.211209,0.001238,1.203443,22.0,0.515893,1.236952,-1.287775,-0.486373,-2.722213,1.386461,1.0
ETHUSD_14919_BULLISH_14903_14914,ETHUSD,LONG,1h,2026-02-11T23:00:00+00:00,2026-02-12T10:00:00+00:00,2026-02-12T15:00:00+00:00,1956.6,1931.35,25.25,1.3074,1950.2875,1931.35,1982.75,18.9375,0.971,36,choch,internal,SEED_JAN_MAR,2026-01-01T00:00:00+00:00,2026-03-31T23:59:59+00:00,167,INITIAL_SEED_DATASET,SEED_POPULATION,86628e48989c4ddf,0.0,0.2,TRAIN_SEED,2026-02-12T16:00:00+00:00,-1.0,True,TOUCH_HIT_SL,1,0.0,2.8587,False,TRAIN_SEED_POPULATION,1.296268,0.75484,0.971011,0.56613,0.655446,0.487129,0.386139,0.75484,0.354252,16.0,5.0,0.0,0.071373,0.0,1.0,0.0,0.0,0.0,0.184511,0.017937,1.717275,1.0,0.642098,1.20027,-2.284983,-0.515832,-3.636094,1.291219,1.0
ETHUSD_14964_BULLISH_14944_14960,ETHUSD,LONG,1h,2026-02-13T16:00:00+00:00,2026-02-14T08:00:00+00:00,2026-02-14T12:00:00+00:00,2072.8,2030.55,42.25,2.0807,2062.2375,2030.55,2116.56,31.6875,1.5366,22,bos,internal,SEED_JAN_MAR,2026-01-01T00:00:00+00:00,2026-03-31T23:59:59+00:00,167,INITIAL_SEED_DATASET,SEED_POPULATION,86628e48989c4ddf,0.0,0.2,TRAIN_SEED,2026-02-15T12:00:00+00:00,-1.0,True,TOUCH_HIT_SL,24,1.2927,1.6485,False,TRAIN_SEED_POPULATION,2.040718,1.38252,1.536559,1.03689,0.942012,0.126627,0.63432,1.38252,0.816423,20.0,4.0,1.0,0.26546,1.0,0.0,0.0,1.0,1.0,0.825592,0.042539,1.476086,1.5,0.511907,1.047116,0.675922,0.830371,3.857634,1.262707,1.0
SOLUSD_14973_BEARISH_14850_14876,SOLUSD,SHORT,1h,2026-02-09T18:00:00+00:00,2026-02-10T20:00:00+00:00,2026-02-14T21:00:00+00:00,88.695,87.06,1.635,1.878,87.46875,88.695,85.37,1.22625,1.4019,24,bos,internal,SEED_JAN_MAR,2026-01-01T00:00:00+00:00,2026-03-31T23:59:59+00:00,167,INITIAL_SEED_DATASET,SEED_POPULATION,86628e48989c4ddf,0.0,0.2,TRAIN_SEED,2026-02-14T22:00:00+00:00,-1.0,True,TOUCH_HIT_SL,1,0.0,1.1509,False,TRAIN_SEED_POPULATION,1.857026,1.239138,1.401929,0.929354,0.398165,0.829358,0.188991,1.239138,0.340289,123.0,97.0,9.0,0.435972,1.0,0.0,0.0,1.0,0.0,0.968576,0.493382,1.498643,0.5,0.580481,0.853982,-0.034062,3.786307,13.447067,0.77198,0.0
ETHUSD_14981_BEARISH_14973_14977,ETHUSD,SHORT,1h,2026-02-14T21:00:00+00:00,2026-02-15T01:00:00+00:00,2026-02-15T05:00:00+00:00,2098.3,2077.75,20.55,0.9891,2082.8875,2098.3,2056.47,15.4125,0.74,47,choch,internal,SEED_JAN_MAR,2026-01-01T00:00:00+00:00,2026-03-31T23:59:59+00:00,167,INITIAL_SEED_DATASET,SEED_POPULATION,86628e48989c4ddf,0.0,0.2,TRAIN_SEED,2026-02-15T07:00:00+00:00,-1.0,True,TOUCH_HIT_SL,2,0.0738,1.3179,False,TRAIN_SEED_POPULATION,0.984195,0.695557,0.739958,0.521668,0.501217,0.888078,0.182482,0.695557,0.543245,8.0,4.0,1.0,0.173043,0.0,1.0,0.0,0.0,0.0,0.909242,0.020308,1.414974,0.5,0.522533,0.729404,0.403924,0.167906,6.923392,1.27376,0.0
BTCUSD_14988_BULLISH_14979_14981,BTCUSD,LONG,1h,2026-02-15T03:00:00+00:00,2026-02-15T05:00:00+00:00,2026-02-15T12:00:00+00:00,69974.5,69219.0,755.5,1.0915,69785.625,69219.0,70756.98,566.625,0.812,43,bos,internal,SEED_JAN_MAR,2026-01-01T00:00:00+00:00,2026-03-31T23:59:59+00:00,167,INITIAL_SEED_DATASET,SEED_POPULATION,86628e48989c4ddf,0.0,0.2,TRAIN_SEED,2026-02-15T13:00:00+00:00,-1.0,True,TOUCH_HIT_SL,1,0.0,1.8321,False,TRAIN_SEED_POPULATION,1.090329,1.049984,0.811951,0.787488,0.095301,0.929186,0.630046,1.049984,0.109793,9.0,7.0,0.0,0.687424,1.0,0.0,0.0,0.0,1.0,0.71748,0.006949,1.038424,1.0,0.417122,1.562121,-2.118222,-0.877626,3.503596,1.169161,1.0
SOLUSD_15006_BULLISH_14948_14960,SOLUSD,LONG,1h,2026-02-13T20:00:00+00:00,2026-02-14T08:00:00+00:00,2026-02-16T06:00:00+00:00,85.063,84.172,0.891,1.0585,84.84025,84.172,85.99,0.66825,0.7877,44,bos,internal,SEED_JAN_MAR,2026-01-01T00:00:00+00:00,2026-03-31T23:59:59+00:00,167,INITIAL_SEED_DATASET,SEED_POPULATION,86628e48989c4ddf,0.0,0.2,TRAIN_SEED,2026-02-16T09:00:00+00:00,1.7205,True,TOUCH_HIT_TP,3,2.0857,0.0572,False,TRAIN_SEED_POPULATION,1.047718,0.692294,0.787657,0.51922,0.976431,0.685746,0.147026,0.692294,0.801072,58.0,46.0,3.0,0.156757,1.0,0.0,0.0,0.0,1.0,0.577353,0.108778,1.5134,0.5,0.707835,0.514364,-0.863808,-2.713524,0.283012,0.571069,1.0
SOLUSD_15012_BEARISH_14998_15005,SOLUSD,SHORT,1h,2026-02-15T22:00:00+00:00,2026-02-16T05:00:00+00:00,2026-02-16T12:00:00+00:00,86.665,86.053,0.612,0.7112,86.206,86.665,85.42,0.459,0.5324,65,choch,internal,SEED_JAN_MAR,2026-01-01T00:00:00+00:00,2026-03-31T23:59:59+00:00,167,INITIAL_SEED_DATASET,SEED_POPULATION,86628e48989c4ddf,0.0,0.2,TRAIN_SEED,2026-02-16T13:00:00+00:00,-1.0,True,TOUCH_HIT_SL,1,5.1285,1.5425,False,TRAIN_SEED_POPULATION,0.710109,0.480568,0.532446,0.360426,0.785948,0.558824,0.243464,0.480568,0.872403,14.0,7.0,1.0,0.017275,0.0,1.0,0.0,0.0,0.0,0.655252,0.168042,1.477645,0.5,0.625014,0.897531,1.341674,-0.046391,0.420633,0.932054,0.0
BTCUSD_15013_BULLISH_15003_15012,BTCUSD,LONG,1h,2026-02-16T03:00:00+00:00,2026-02-16T12:00:00+00:00,2026-02-16T13:00:00+00:00,68445.0,68121.0,324.0,0.4756,68445.0,68121.0,69000.43,324.0,0.4734,73,choch,internal,SEED_JAN_MAR,2026-01-01T00:00:00+00:00,2026-03-31T23:59:59+00:00,167,INITIAL_SEED_DATASET,SEED_POPULATION,86628e48989c4ddf,0.0,0.2,TRAIN_SEED,2026-02-16T15:00:00+00:00,-1.0,True,TOUCH_HIT_SL,2,0.7685,3.6636,False,TRAIN_SEED_POPULATION,0.473948,0.463413,0.473373,0.463413,0.743827,0.79784,0.296296,0.463413,1.360204,10.0,1.0,0.0,0.118714,0.0,1.0,0.0,0.0,0.0,0.558894,0.002861,1.022732,3.5,0.634919,2.758311,-0.536152,-0.852792,-2.994785,1.74138,1.0
XRPUSD_15015_BULLISH_15005_15009,XRPUSD,LONG,1h,2026-02-16T05:00:00+00:00,2026-02-16T09:00:00+00:00,2026-02-16T15:00:00+00:00,1.475,1.4475,0.0275,1.8998,1.468125,1.4475,1.5,0.020625,1.4049,24,bos,internal,SEED_JAN_MAR,2026-01-01T00:00:00+00:00,2026-03-31T23:59:59+00:00,167,INITIAL_SEED_DATASET,SEED_POPULATION,86628e48989c4ddf,0.0,0.2,TRAIN_SEED,2026-02-17T14:00:00+00:00,-1.0,True,TOUCH_HIT_SL,23,1.2545,2.0327,False,TRAIN_SEED_POPULATION,1.866178,1.254759,1.404853,0.941069,0.949091,0.509091,0.661818,1.254759,1.423581,10.0,6.0,1.0,0.249811,1.0,0.0,0.0,0.0,1.0,0.396052,0.241826,1.48728,39.0,0.919302,1.879857,-1.047542,-0.257209,1.174047,1.495699,1.0
SOLUSD_15020_BEARISH_15012_15013,SOLUSD,SHORT,1h,2026-02-16T12:00:00+00:00,2026-02-16T13:00:00+00:00,2026-02-16T20:00:00+00:00,86.395,85.252,1.143,1.3407,85.53775,86.395,84.07,0.85725,1.0022,34,bos,internal,SEED_JAN_MAR,2026-01-01T00:00:00+00:00,2026-03-31T23:59:59+00:00,167,INITIAL_SEED_DATASET,SEED_POPULATION,86628e48989c4ddf,0.0,0.2,TRAIN_SEED,2026-02-16T23:00:00+00:00,-1.0,True,TOUCH_HIT_SL,3,0.485,1.3021,False,TRAIN_SEED_POPULATION,1.33916,0.895875,1.002189,0.671906,0.912511,0.187052,0.578303,0.895875,1.584828,8.0,7.0,0.0,0.145589,1.0,0.0,0.0,0.0,1.0,0.598499,0.220246,1.494807,2.0,0.800529,0.771095,2.584072,0.779294,-2.991453,1.069641,0.0
BTCUSD_15021_BEARISH_15012_15015,BTCUSD,SHORT,1h,2026-02-16T12:00:00+00:00,2026-02-16T15:00:00+00:00,2026-02-16T21:00:00+00:00,69831.5,68775.5,1056.0,1.5354,69039.5,69831.5,67681.79,792.0,1.1472,30,choch,internal,SEED_JAN_MAR,2026-01-01T00:00:00+00:00,2026-03-31T23:59:59+00:00,167,INITIAL_SEED_DATASET,SEED_POPULATION,86628e48989c4ddf,0.0,0.2,TRAIN_SEED,2026-02-17T10:00:00+00:00,1.7143,True,TOUCH_HIT_TP,13,1.7229,0.2355,False,TRAIN_SEED_POPULATION,1.533958,1.519513,1.147169,1.139635,0.9375,0.141572,0.900568,1.519513,1.2677,9.0,6.0,0.0,0.284909,0.0,1.0,0.0,0.0,1.0,0.640748,0.012231,1.009507,2.5,0.72093,0.74177,1.444118,0.614577,-1.450863,0.881265,0.0
ETHUSD_15059_BULLISH_15049_15055,ETHUSD,LONG,1h,2026-02-18T01:00:00+00:00,2026-02-18T07:00:00+00:00,2026-02-18T11:00:00+00:00,1983.35,1967.6,15.75,0.8005,1979.4125,1967.6,1999.66,11.8125,0.5968,58,bos,internal,SEED_JAN_MAR,2026-01-01T00:00:00+00:00,2026-03-31T23:59:59+00:00,167,INITIAL_SEED_DATASET,SEED_POPULATION,86628e48989c4ddf,0.0,0.2,TRAIN_SEED,2026-02-18T13:00:00+00:00,-1.0,True,TOUCH_HIT_SL,2,1.036,1.6265,False,TRAIN_SEED_POPULATION,0.795314,0.585022,0.596768,0.438767,0.809524,0.492063,0.238095,0.585022,0.596165,10.0,4.0,0.0,0.034823,1.0,0.0,0.0,0.0,0.0,0.291818,0.001857,1.35946,0.5,0.592735,0.819031,-1.056707,-0.669609,-0.339691,1.131127,1.0
BTCUSD_15090_BEARISH_15079_15085,BTCUSD,SHORT,1h,2026-02-19T07:00:00+00:00,2026-02-19T13:00:00+00:00,2026-02-19T18:00:00+00:00,67308.5,67008.0,300.5,0.4485,67008.0,67308.5,66492.86,300.5,0.4485,78,bos,internal,SEED_JAN_MAR,2026-01-01T00:00:00+00:00,2026-03-31T23:59:59+00:00,167,INITIAL_SEED_DATASET,SEED_POPULATION,86628e48989c4ddf,0.0,0.2,TRAIN_SEED,2026-02-20T00:00:00+00:00,-1.0,True,TOUCH_HIT_SL,6,1.2712,1.5125,False,TRAIN_SEED_POPULATION,0.448437,0.467062,0.448454,0.467062,0.991681,0.184692,0.199667,0.467062,0.951221,11.0,5.0,1.0,0.003886,1.0,0.0,0.0,0.0,1.0,0.312098,0.025646,0.960124,5.5,0.423116,1.308706,1.70828,0.079155,-0.723714,1.839949,0.0
ETHUSD_15090_BULLISH_14920_14943,ETHUSD,LONG,1h,2026-02-12T16:00:00+00:00,2026-02-13T15:00:00+00:00,2026-02-19T18:00:00+00:00,1949.35,1896.15,53.2,2.8057,1936.05,1896.15,2004.45,39.9,2.0609,16,choch,internal,SEED_JAN_MAR,2026-01-01T00:00:00+00:00,2026-03-31T23:59:59+00:00,167,INITIAL_SEED_DATASET,SEED_POPULATION,86628e48989c4ddf,0.0,0.2,TRAIN_SEED,2026-02-22T18:00:00+00:00,0.1604,True,TOUCH_TIMEOUT_EXIT,72,1.4962,0.3534,False,TRAIN_SEED_POPULATION,2.743541,2.047825,2.060897,1.535869,0.807331,0.816729,0.74812,2.047825,1.685991,170.0,147.0,21.0,0.117403,0.0,1.0,0.0,1.0,0.0,0.249906,0.057739,1.339734,5.0,0.527734,1.106672,0.957984,-1.648407,-2.058237,1.810917,1.0
SOLUSD_15094_BEARISH_15079_15085,SOLUSD,SHORT,1h,2026-02-19T07:00:00+00:00,2026-02-19T13:00:00+00:00,2026-02-19T22:00:00+00:00,82.672,82.1,0.572,0.6967,82.243,82.672,81.51,0.429,0.5216,67,bos,internal,SEED_JAN_MAR,2026-01-01T00:00:00+00:00,2026-03-31T23:59:59+00:00,167,INITIAL_SEED_DATASET,SEED_POPULATION,86628e48989c4ddf,0.0,0.2,TRAIN_SEED,2026-02-20T00:00:00+00:00,-1.0,True,TOUCH_HIT_SL,2,0.3077,2.9907,False,TRAIN_SEED_POPULATION,0.694841,0.490793,0.521625,0.368095,0.613636,0.763986,0.033217,0.490793,0.687282,15.0,9.0,3.0,0.066926,1.0,0.0,0.0,0.0,1.0,0.33437,0.084945,1.415752,0.5,0.635946,0.537984,2.286254,-0.072832,-3.18935,0.752522,0.0
XRPUSD_15097_BEARISH_15079_15083,XRPUSD,SHORT,1h,2026-02-19T07:00:00+00:00,2026-02-19T11:00:00+00:00,2026-02-20T01:00:00+00:00,1.437,1.4214,0.0156,1.0975,1.4253,1.437,1.41,0.0117,0.8209,42,bos,internal,SEED_JAN_MAR,2026-01-01T00:00:00+00:00,2026-03-31T23:59:59+00:00,167,INITIAL_SEED_DATASET,SEED_POPULATION,86628e48989c4ddf,0.0,0.2,TRAIN_SEED,2026-02-20T04:00:00+00:00,1.3077,True,TOUCH_HIT_TP,3,2.2137,0.2479,False,TRAIN_SEED_POPULATION,1.095198,0.805189,0.82088,0.603892,0.807692,0.205128,0.320513,0.805189,0.072261,18.0,14.0,0.0,0.046453,1.0,0.0,0.0,0.0,1.0,0.320417,0.092906,1.360175,0.5,0.597794,0.510985,1.006949,1.006949,-3.31908,0.418709,0.0
BTCUSD_15140_BEARISH_15026_15038,BTCUSD,SHORT,1h,2026-02-17T02:00:00+00:00,2026-02-17T14:00:00+00:00,2026-02-21T20:00:00+00:00,69226.0,68356.5,869.5,1.272,68573.875,69226.0,67455.95,652.125,0.951,36,bos,internal,SEED_JAN_MAR,2026-01-01T00:00:00+00:00,2026-03-31T23:59:59+00:00,167,INITIAL_SEED_DATASET,SEED_POPULATION,86628e48989c4ddf,0.0,0.2,TRAIN_SEED,2026-02-22T14:00:00+00:00,1.7143,True,TOUCH_HIT_TP,18,1.912,0.0,False,TRAIN_SEED_POPULATION,1.269186,1.489384,0.950982,1.117038,0.825187,0.378378,0.257044,1.489384,2.15571,114.0,102.0,7.0,0.111982,1.0,0.0,0.0,1.0,0.0,0.942598,0.007708,0.852155,0.5,0.205171,0.020555,-0.100616,0.993595,2.235471,0.879052,0.0
BTCUSD_15142_BULLISH_15123_15133,BTCUSD,LONG,1h,2026-02-21T03:00:00+00:00,2026-02-21T13:00:00+00:00,2026-02-21T22:00:00+00:00,67977.5,67497.0,480.5,0.7119,67857.375,67497.0,68475.16,360.375,0.5311,65,bos,internal,SEED_JAN_MAR,2026-01-01T00:00:00+00:00,2026-03-31T23:59:59+00:00,167,INITIAL_SEED_DATASET,SEED_POPULATION,86628e48989c4ddf,0.0,0.2,TRAIN_SEED,2026-02-22T14:00:00+00:00,-1.0,True,TOUCH_HIT_SL,16,1.0257,1.4717,False,TRAIN_SEED_POPULATION,0.7072,0.825406,0.531077,0.619055,0.930281,0.221644,0.694069,0.825406,0.083314,19.0,9.0,0.0,0.148805,1.0,0.0,0.0,0.0,1.0,0.759527,0.004295,0.85679,0.5,0.2527,0.911297,-0.694977,0.171021,1.224636,0.538119,1.0
XRPUSD_15144_BULLISH_15116_15129,XRPUSD,LONG,1h,2026-02-20T20:00:00+00:00,2026-02-21T09:00:00+00:00,2026-02-22T00:00:00+00:00,1.4294,1.4142,0.0152,1.0748,1.4256,1.4142,1.45,0.0114,0.7997,43,bos,internal,SEED_JAN_MAR,2026-01-01T00:00:00+00:00,2026-03-31T23:59:59+00:00,167,INITIAL_SEED_DATASET,SEED_POPULATION,86628e48989c4ddf,0.0,0.2,TRAIN_SEED,2026-02-22T12:00:00+00:00,-1.0,True,TOUCH_HIT_SL,12,0.614,1.6842,False,TRAIN_SEED_POPULATION,1.065172,0.861423,0.799663,0.646067,0.842105,0.381579,0.282895,0.861423,0.306032,28.0,15.0,1.0,0.079342,1.0,0.0,0.0,0.0,1.0,0.43176,0.045338,1.236526,0.5,0.329847,0.544057,-1.088237,-0.820128,1.877633,0.467547,1.0
SOLUSD_15159_BULLISH_15109_15114,SOLUSD,LONG,1h,2026-02-20T13:00:00+00:00,2026-02-20T18:00:00+00:00,2026-02-22T15:00:00+00:00,83.712,81.75,1.962,2.4,83.2215,81.75,85.74,1.4715,1.7682,19,bos,internal,SEED_JAN_MAR,2026-01-01T00:00:00+00:00,2026-03-31T23:59:59+00:00,167,INITIAL_SEED_DATASET,SEED_POPULATION,86628e48989c4ddf,0.0,0.2,TRAIN_SEED,2026-02-23T00:00:00+00:00,-1.0,True,TOUCH_HIT_SL,9,0.3197,1.2955,False,TRAIN_SEED_POPULATION,2.349926,1.911595,1.768173,1.433696,0.88787,0.367992,0.770642,1.911595,0.751193,50.0,45.0,2.0,0.263551,1.0,0.0,0.0,0.0,1.0,0.545375,0.322204,1.229301,0.5,0.312994,0.715143,-1.983987,-1.834172,1.571776,1.483405,1.0
XRPUSD_15159_BULLISH_15109_15111,XRPUSD,LONG,1h,2026-02-20T13:00:00+00:00,2026-02-20T15:00:00+00:00,2026-02-22T15:00:00+00:00,1.4045,1.3767,0.0278,2.0193,1.39755,1.3767,1.43,0.02085,1.4919,23,choch,internal,SEED_JAN_MAR,2026-01-01T00:00:00+00:00,2026-03-31T23:59:59+00:00,167,INITIAL_SEED_DATASET,SEED_POPULATION,86628e48989c4ddf,0.0,0.2,TRAIN_SEED,2026-02-23T00:00:00+00:00,-1.0,True,TOUCH_HIT_SL,9,0.1751,1.6571,False,TRAIN_SEED_POPULATION,1.996266,1.639624,1.491897,1.229718,0.571942,0.68705,0.748201,1.639624,1.686808,50.0,48.0,2.0,0.291948,0.0,1.0,0.0,0.0,1.0,0.142218,0.011796,1.217514,0.5,0.319288,0.666466,-1.964097,-2.410652,0.657752,1.608311,1.0
SOLUSD_15208_BEARISH_15186_15195,SOLUSD,SHORT,1h,2026-02-23T18:00:00+00:00,2026-02-24T03:00:00+00:00,2026-02-24T16:00:00+00:00,79.28,78.039,1.241,1.5902,78.34925,79.28,76.75,0.93075,1.188,29,bos,internal,SEED_JAN_MAR,2026-01-01T00:00:00+00:00,2026-03-31T23:59:59+00:00,167,INITIAL_SEED_DATASET,SEED_POPULATION,86628e48989c4ddf,0.0,0.2,TRAIN_SEED,2026-02-24T22:00:00+00:00,-1.0,True,TOUCH_HIT_SL,6,0.8564,1.0967,False,TRAIN_SEED_POPULATION,1.588602,1.220639,1.18795,0.915479,0.935536,0.153908,0.24021,1.220639,0.74753,22.0,13.0,0.0,0.226472,1.0,0.0,0.0,0.0,1.0,0.223993,0.109179,1.301452,4.5,0.497293,0.994412,1.78504,0.553489,-6.603142,1.456295,0.0
BTCUSD_15273_BULLISH_15265_15272,BTCUSD,LONG,1h,2026-02-27T01:00:00+00:00,2026-02-27T08:00:00+00:00,2026-02-27T09:00:00+00:00,67352.0,66850.0,502.0,0.7509,67226.5,66850.0,67871.93,376.5,0.56,62,choch,internal,SEED_JAN_MAR,2026-01-01T00:00:00+00:00,2026-03-31T23:59:59+00:00,167,INITIAL_SEED_DATASET,SEED_POPULATION,86628e48989c4ddf,0.0,0.2,TRAIN_SEED,2026-02-27T10:00:00+00:00,-1.0,True,TOUCH_HIT_SL,1,0.429,1.8061,False,TRAIN_SEED_POPULATION,0.745642,0.876337,0.560047,0.657253,0.945219,0.13745,0.251992,0.876337,0.439914,8.0,1.0,0.0,0.171078,0.0,1.0,0.0,0.0,1.0,0.643385,0.0,0.850863,46.0,0.430588,1.481219,-0.577416,0.073579,3.562611,0.835107,1.0
ETHUSD_15273_BULLISH_15265_15267,ETHUSD,LONG,1h,2026-02-27T01:00:00+00:00,2026-02-27T03:00:00+00:00,2026-02-27T09:00:00+00:00,2022.15,2000.45,21.7,1.0848,2016.725,2000.45,2044.62,16.275,0.807,43,choch,internal,SEED_JAN_MAR,2026-01-01T00:00:00+00:00,2026-03-31T23:59:59+00:00,167,INITIAL_SEED_DATASET,SEED_POPULATION,86628e48989c4ddf,0.0,0.2,TRAIN_SEED,2026-02-27T10:00:00+00:00,-1.0,True,TOUCH_HIT_SL,1,0.0,2.3948,False,TRAIN_SEED_POPULATION,1.080032,0.970745,0.807001,0.728059,0.403226,0.601382,0.317972,0.970745,0.858908,8.0,6.0,1.0,0.336629,0.0,1.0,0.0,0.0,1.0,0.598793,0.035788,1.11258,54.0,0.788576,1.462828,-1.618313,0.279497,6.155228,0.933823,1.0
XRPUSD_15278_BULLISH_15221_15228,XRPUSD,LONG,1h,2026-02-25T05:00:00+00:00,2026-02-25T12:00:00+00:00,2026-02-27T14:00:00+00:00,1.3696,1.3523,0.0173,1.2793,1.365275,1.3523,1.39,0.012975,0.9504,36,bos,internal,SEED_JAN_MAR,2026-01-01T00:00:00+00:00,2026-03-31T23:59:59+00:00,167,INITIAL_SEED_DATASET,SEED_POPULATION,86628e48989c4ddf,0.0,0.2,TRAIN_SEED,2026-02-27T15:00:00+00:00,-1.0,True,TOUCH_HIT_SL,1,0.025,1.0771,False,TRAIN_SEED_POPULATION,1.273276,1.039186,0.950358,0.779389,0.369942,0.757225,0.578035,1.039186,0.997138,57.0,50.0,1.0,0.394951,1.0,0.0,0.0,0.0,0.0,0.258668,0.012014,1.225263,21.0,0.558941,1.021165,-3.350405,-3.081532,-2.908389,1.647356,1.0
BTCUSD_15280_BULLISH_15221_15230,BTCUSD,LONG,1h,2026-02-25T05:00:00+00:00,2026-02-25T14:00:00+00:00,2026-02-27T16:00:00+00:00,65487.0,64726.0,761.0,1.1757,65296.75,64726.0,66275.18,570.75,0.8741,40,bos,internal,SEED_JAN_MAR,2026-01-01T00:00:00+00:00,2026-03-31T23:59:59+00:00,167,INITIAL_SEED_DATASET,SEED_POPULATION,86628e48989c4ddf,0.0,0.2,TRAIN_SEED,2026-02-28T06:00:00+00:00,-1.0,True,TOUCH_HIT_SL,14,1.2357,4.0416,False,TRAIN_SEED_POPULATION,1.162622,1.321529,0.874086,0.991147,0.958607,0.062418,0.764126,1.321529,1.265091,59.0,50.0,0.0,0.27568,1.0,0.0,0.0,0.0,0.0,0.394732,0.012156,0.879755,52.0,0.469821,1.151345,-0.977285,-2.773941,-2.2235,1.549452,1.0
XRPUSD_15280_BULLISH_15216_15217,XRPUSD,LONG,1h,2026-02-25T00:00:00+00:00,2026-02-25T01:00:00+00:00,2026-02-27T16:00:00+00:00,1.3514,1.3404,0.011,0.8207,1.34865,1.3404,1.36,0.00825,0.6117,57,choch,internal,SEED_JAN_MAR,2026-01-01T00:00:00+00:00,2026-03-31T23:59:59+00:00,167,INITIAL_SEED_DATASET,SEED_POPULATION,86628e48989c4ddf,0.0,0.2,TRAIN_SEED,2026-02-27T17:00:00+00:00,-1.0,True,TOUCH_HIT_SL,1,1.2182,1.3636,False,TRAIN_SEED_POPULATION,0.814754,0.662382,0.611723,0.496787,0.881818,0.4,0.109091,0.662382,2.384576,64.0,63.0,1.0,0.087314,0.0,1.0,0.0,0.0,0.0,0.211337,0.126455,1.230037,16.5,0.470476,0.650339,-2.294109,-3.900633,-5.949147,1.605526,1.0
BTCUSD_15389_BEARISH_15385_15387,BTCUSD,SHORT,1h,2026-03-04T01:00:00+00:00,2026-03-04T03:00:00+00:00,2026-03-04T05:00:00+00:00,68891.5,67928.5,963.0,1.4177,68169.25,68891.5,66931.11,722.25,1.0595,33,bos,internal,SEED_JAN_MAR,2026-01-01T00:00:00+00:00,2026-03-31T23:59:59+00:00,167,INITIAL_SEED_DATASET,SEED_POPULATION,86628e48989c4ddf,0.0,0.2,TRAIN_SEED,2026-03-04T07:00:00+00:00,-1.0,True,TOUCH_HIT_SL,2,0.2163,2.0668,False,TRAIN_SEED_POPULATION,1.412427,1.50104,1.059495,1.12578,0.738318,0.449117,0.330737,1.50104,0.907171,4.0,2.0,1.0,0.017536,1.0,0.0,0.0,0.0,0.0,0.730439,0.010132,0.940966,98.5,0.574389,1.106686,0.15939,2.456196,2.078842,0.644974,0.0
BTCUSD_15392_BEARISH_14835_14840,BTCUSD,SHORT,1h,2026-02-09T03:00:00+00:00,2026-02-09T08:00:00+00:00,2026-03-04T08:00:00+00:00,71429.0,70582.5,846.5,1.1993,70794.125,71429.0,69705.77,634.875,0.8968,39,choch,internal,SEED_JAN_MAR,2026-01-01T00:00:00+00:00,2026-03-31T23:59:59+00:00,167,INITIAL_SEED_DATASET,SEED_POPULATION,86628e48989c4ddf,0.0,0.2,TRAIN_SEED,2026-03-04T09:00:00+00:00,-1.0,True,TOUCH_HIT_SL,1,0.1372,1.7143,False,TRAIN_SEED_POPULATION,1.192228,1.297906,0.896791,0.97343,0.505021,0.712936,0.798582,1.297906,0.860927,557.0,552.0,9.0,0.31796,0.0,1.0,0.0,0.0,0.0,0.977489,0.085096,0.918578,100.0,0.779279,3.178452,4.865044,3.973612,7.280571,0.881379,0.0
BTCUSD_15417_BEARISH_15409_15415,BTCUSD,SHORT,1h,2026-03-05T01:00:00+00:00,2026-03-05T07:00:00+00:00,2026-03-05T09:00:00+00:00,73300.0,72376.0,924.0,1.2767,72607.0,73300.0,71419.0,693.0,0.9545,36,choch,internal,SEED_JAN_MAR,2026-01-01T00:00:00+00:00,2026-03-31T23:59:59+00:00,167,INITIAL_SEED_DATASET,SEED_POPULATION,86628e48989c4ddf,0.0,0.2,TRAIN_SEED,2026-03-05T10:00:00+00:00,-1.0,True,TOUCH_HIT_SL,1,0.1739,1.3355,False,TRAIN_SEED_POPULATION,1.273253,1.390152,0.954453,1.042614,0.790043,0.504329,0.23539,1.390152,0.746229,8.0,2.0,0.0,0.055666,0.0,1.0,0.0,1.0,0.0,0.837493,0.084252,0.915909,93.5,0.682717,0.84703,-0.303609,-1.477097,6.48335,0.768863,0.0
XRPUSD_15425_BULLISH_15396_15399,XRPUSD,LONG,1h,2026-03-04T12:00:00+00:00,2026-03-04T15:00:00+00:00,2026-03-05T17:00:00+00:00,1.4,1.3823,0.0177,1.2805,1.395575,1.3823,1.42,0.013275,0.9512,36,bos,internal,SEED_JAN_MAR,2026-01-01T00:00:00+00:00,2026-03-31T23:59:59+00:00,167,INITIAL_SEED_DATASET,SEED_POPULATION,86628e48989c4ddf,0.0,0.2,TRAIN_SEED,2026-03-05T19:00:00+00:00,1.8399,True,TOUCH_HIT_TP,2,2.0659,0.0,False,TRAIN_SEED_POPULATION,1.264737,1.017182,0.951221,0.762887,0.971751,0.265537,0.299435,1.017182,2.833169,29.0,26.0,1.0,0.225562,1.0,0.0,0.0,0.0,1.0,0.477044,0.005747,1.243373,96.5,0.747347,1.183839,-2.8125,-1.415892,2.610162,1.034246,1.0
BTCUSD_15439_BEARISH_15429_15436,BTCUSD,SHORT,1h,2026-03-05T21:00:00+00:00,2026-03-06T04:00:00+00:00,2026-03-06T07:00:00+00:00,71538.0,70993.0,545.0,0.7677,71129.25,71538.0,70428.54,408.75,0.5747,60,bos,internal,SEED_JAN_MAR,2026-01-01T00:00:00+00:00,2026-03-31T23:59:59+00:00,167,INITIAL_SEED_DATASET,SEED_POPULATION,86628e48989c4ddf,0.0,0.2,TRAIN_SEED,2026-03-06T09:00:00+00:00,1.7143,True,TOUCH_HIT_TP,2,2.1156,0.0,False,TRAIN_SEED_POPULATION,0.767244,0.820063,0.574658,0.615047,0.925688,0.320183,0.184404,0.820063,0.702696,10.0,3.0,0.0,0.144075,1.0,0.0,0.0,1.0,0.0,0.658494,0.085768,0.935591,83.5,0.476966,1.094671,-0.259764,-0.338129,4.184481,0.880949,0.0
ETHUSD_15452_BULLISH_15387_15391,ETHUSD,LONG,1h,2026-03-04T03:00:00+00:00,2026-03-04T07:00:00+00:00,2026-03-06T20:00:00+00:00,1979.8,1944.0,35.8,1.8416,1970.85,1944.0,2016.88,26.85,1.3624,25,choch,internal,SEED_JAN_MAR,2026-01-01T00:00:00+00:00,2026-03-31T23:59:59+00:00,167,INITIAL_SEED_DATASET,SEED_POPULATION,86628e48989c4ddf,0.0,0.2,TRAIN_SEED,2026-03-08T02:00:00+00:00,-1.0,True,TOUCH_HIT_SL,30,0.933,1.3482,False,TRAIN_SEED_POPULATION,1.810092,1.413089,1.362356,1.059817,0.944134,0.691341,0.515363,1.413089,1.044028,65.0,61.0,6.0,0.274329,0.0,1.0,0.0,1.0,0.0,0.188142,0.053287,1.280947,76.0,0.600722,0.759831,0.053117,-4.366327,-8.538926,1.116857,1.0
BTCUSD_15454_BULLISH_15387_15391,BTCUSD,LONG,1h,2026-03-04T03:00:00+00:00,2026-03-04T07:00:00+00:00,2026-03-06T22:00:00+00:00,68367.5,67366.5,1001.0,1.4859,68117.25,67366.5,69404.25,750.75,1.1021,31,choch,internal,SEED_JAN_MAR,2026-01-01T00:00:00+00:00,2026-03-31T23:59:59+00:00,167,INITIAL_SEED_DATASET,SEED_POPULATION,86628e48989c4ddf,0.0,0.2,TRAIN_SEED,2026-03-07T19:00:00+00:00,-1.0,True,TOUCH_HIT_SL,21,0.5498,1.666,False,TRAIN_SEED_POPULATION,1.465732,1.517842,1.102144,1.138381,0.926074,0.648352,0.581419,1.517842,1.503437,67.0,63.0,8.0,0.267252,0.0,1.0,0.0,1.0,0.0,0.272122,0.005307,0.965669,73.0,0.44363,0.326768,0.524751,-3.857335,-6.421622,0.690929,1.0
XRPUSD_15480_BULLISH_15387_15391,XRPUSD,LONG,1h,2026-03-04T03:00:00+00:00,2026-03-04T07:00:00+00:00,2026-03-08T00:00:00+00:00,1.3618,1.3444,0.0174,1.2943,1.35745,1.3444,1.38,0.01305,0.9614,36,bos,internal,SEED_JAN_MAR,2026-01-01T00:00:00+00:00,2026-03-31T23:59:59+00:00,167,INITIAL_SEED_DATASET,SEED_POPULATION,86628e48989c4ddf,0.0,0.2,TRAIN_SEED,2026-03-08T02:00:00+00:00,-1.0,True,TOUCH_HIT_SL,2,0.0,1.023,False,TRAIN_SEED_POPULATION,1.284797,1.12955,0.961361,0.847162,0.568966,0.971264,0.448276,1.12955,1.006208,93.0,89.0,25.0,0.204487,1.0,0.0,0.0,1.0,0.0,0.077344,0.064917,1.137441,0.5,0.261614,0.415467,0.333383,-0.769343,-3.635976,0.507921,1.0
BTCUSD_15487_BEARISH_15480_15482,BTCUSD,SHORT,1h,2026-03-08T00:00:00+00:00,2026-03-08T02:00:00+00:00,2026-03-08T07:00:00+00:00,67466.0,67148.5,317.5,0.4728,67148.5,67466.0,66604.21,317.5,0.4728,74,bos,internal,SEED_JAN_MAR,2026-01-01T00:00:00+00:00,2026-03-31T23:59:59+00:00,167,INITIAL_SEED_DATASET,SEED_POPULATION,86628e48989c4ddf,0.0,0.2,TRAIN_SEED,2026-03-08T08:00:00+00:00,-1.0,True,TOUCH_HIT_SL,1,0.0677,1.2677,False,TRAIN_SEED_POPULATION,0.471884,0.519615,0.472833,0.519615,0.574803,0.88189,0.225197,0.519615,0.603081,7.0,5.0,2.0,0.220939,1.0,0.0,0.0,0.0,1.0,0.102015,0.012274,0.908141,31.5,0.33856,0.48852,0.575499,-0.709079,-4.430919,1.079388,0.0
SOLUSD_15487_BEARISH_15480_15484,SOLUSD,SHORT,1h,2026-03-08T00:00:00+00:00,2026-03-08T04:00:00+00:00,2026-03-08T07:00:00+00:00,83.482,82.901,0.581,0.7008,83.04625,83.482,82.3,0.43575,0.5247,66,bos,internal,SEED_JAN_MAR,2026-01-01T00:00:00+00:00,2026-03-31T23:59:59+00:00,167,INITIAL_SEED_DATASET,SEED_POPULATION,86628e48989c4ddf,0.0,0.2,TRAIN_SEED,2026-03-08T10:00:00+00:00,-1.0,True,TOUCH_HIT_SL,3,1.2306,2.4481,False,TRAIN_SEED_POPULATION,0.700498,0.538299,0.524708,0.403724,0.931153,0.311532,0.277108,0.538299,0.349292,7.0,3.0,0.0,0.097515,1.0,0.0,0.0,0.0,1.0,0.098985,0.017604,1.301317,13.0,0.428768,0.64948,0.690769,-0.765724,-5.635197,1.301505,0.0
XRPUSD_15487_BULLISH_15374_15399,XRPUSD,LONG,1h,2026-03-03T14:00:00+00:00,2026-03-04T15:00:00+00:00,2026-03-08T07:00:00+00:00,1.3624,1.3363,0.0261,1.9532,1.355875,1.3363,1.39,0.019575,1.4437,24,choch,internal,SEED_JAN_MAR,2026-01-01T00:00:00+00:00,2026-03-31T23:59:59+00:00,167,INITIAL_SEED_DATASET,SEED_POPULATION,86628e48989c4ddf,0.0,0.2,TRAIN_SEED,2026-03-08T22:00:00+00:00,-1.0,True,TOUCH_HIT_SL,15,0.7471,1.7918,False,TRAIN_SEED_POPULATION,1.919965,1.717949,1.443717,1.288462,0.885057,0.835249,0.05364,1.717949,3.245016,113.0,88.0,36.0,0.232022,0.0,1.0,0.0,1.0,0.0,0.14264,0.013164,1.117591,0.5,0.35891,0.750369,0.935551,-0.044118,-2.740216,1.39107,1.0
BTCUSD_15490_BEARISH_15467_15475,BTCUSD,SHORT,1h,2026-03-07T11:00:00+00:00,2026-03-07T19:00:00+00:00,2026-03-08T10:00:00+00:00,68210.5,67816.0,394.5,0.5817,67816.0,68210.5,67139.71,394.5,0.5817,60,bos,internal,SEED_JAN_MAR,2026-01-01T00:00:00+00:00,2026-03-31T23:59:59+00:00,167,INITIAL_SEED_DATASET,SEED_POPULATION,86628e48989c4ddf,0.0,0.2,TRAIN_SEED,2026-03-08T12:00:00+00:00,1.7143,True,TOUCH_HIT_TP,2,2.4284,0.1534,False,TRAIN_SEED_POPULATION,0.581143,0.648031,0.581721,0.648031,0.828897,0.912548,0.315589,0.648031,0.799977,23.0,15.0,1.0,0.11088,1.0,0.0,0.0,0.0,1.0,0.181818,0.002464,0.896782,26.5,0.35934,0.83858,1.135255,1.243102,-4.061082,1.262222,0.0
XRPUSD_15490_BEARISH_15467_15471,XRPUSD,SHORT,1h,2026-03-07T11:00:00+00:00,2026-03-07T15:00:00+00:00,2026-03-08T10:00:00+00:00,1.3727,1.3646,0.0081,0.5936,1.3646,1.3727,1.35,0.0081,0.5936,58,bos,internal,SEED_JAN_MAR,2026-01-01T00:00:00+00:00,2026-03-31T23:59:59+00:00,167,INITIAL_SEED_DATASET,SEED_POPULATION,86628e48989c4ddf,0.0,0.2,TRAIN_SEED,2026-03-08T12:00:00+00:00,1.8025,True,TOUCH_HIT_TP,2,2.5926,0.3333,False,TRAIN_SEED_POPULATION,0.592408,0.536223,0.593581,0.536223,0.666667,0.728395,0.493827,0.536223,0.430303,23.0,19.0,1.0,0.178741,1.0,0.0,0.0,0.0,1.0,0.20258,0.00662,1.104779,0.5,0.368033,0.662004,1.06438,1.296488,-2.593147,1.477822,0.0
ETHUSD_15491_BULLISH_15344_15351,ETHUSD,LONG,1h,2026-03-02T08:00:00+00:00,2026-03-02T15:00:00+00:00,2026-03-08T11:00:00+00:00,1950.6,1918.4,32.2,1.6785,1942.55,1918.4,1983.95,24.15,1.2432,28,bos,internal,SEED_JAN_MAR,2026-01-01T00:00:00+00:00,2026-03-31T23:59:59+00:00,167,INITIAL_SEED_DATASET,SEED_POPULATION,86628e48989c4ddf,0.0,0.2,TRAIN_SEED,2026-03-08T22:00:00+00:00,-1.0,True,TOUCH_HIT_SL,11,1.1615,1.4099,False,TRAIN_SEED_POPULATION,1.650774,1.388119,1.243211,1.041089,1.0,0.746894,0.234472,1.388119,2.933586,147.0,140.0,16.0,0.34703,1.0,0.0,0.0,1.0,0.0,0.080355,0.025866,1.189217,13.5,0.529446,1.299745,0.1849,-0.763126,-5.273893,1.433925,1.0
BTCUSD_15496_BULLISH_15484_15488,BTCUSD,LONG,1h,2026-03-08T04:00:00+00:00,2026-03-08T08:00:00+00:00,2026-03-08T16:00:00+00:00,67067.0,66516.5,550.5,0.8276,66929.375,66516.5,67637.16,412.875,0.6169,56,choch,internal,SEED_JAN_MAR,2026-01-01T00:00:00+00:00,2026-03-31T23:59:59+00:00,167,INITIAL_SEED_DATASET,SEED_POPULATION,86628e48989c4ddf,0.0,0.2,TRAIN_SEED,2026-03-08T22:00:00+00:00,-1.0,True,TOUCH_HIT_SL,6,1.3772,3.2682,False,TRAIN_SEED_POPULATION,0.823646,0.908692,0.616882,0.681519,0.582198,0.543143,0.677566,0.908692,0.356544,12.0,8.0,4.0,0.15248,0.0,1.0,0.0,0.0,0.0,0.042628,0.018157,0.906408,20.0,0.347709,0.771687,-0.977088,-0.648844,-2.24793,1.252139,1.0
SOLUSD_15509_BEARISH_15467_15471,SOLUSD,SHORT,1h,2026-03-07T11:00:00+00:00,2026-03-07T15:00:00+00:00,2026-03-09T05:00:00+00:00,84.903,84.252,0.651,0.7727,84.41475,84.903,83.58,0.48825,0.5784,60,bos,internal,SEED_JAN_MAR,2026-01-01T00:00:00+00:00,2026-03-31T23:59:59+00:00,167,INITIAL_SEED_DATASET,SEED_POPULATION,86628e48989c4ddf,0.0,0.2,TRAIN_SEED,2026-03-09T06:00:00+00:00,1.7097,True,TOUCH_HIT_TP,1,2.7305,0.0,False,TRAIN_SEED_POPULATION,0.772398,0.604729,0.578394,0.453547,0.952381,0.569892,0.308756,0.604729,0.447741,42.0,38.0,1.0,0.122386,1.0,0.0,0.0,0.0,1.0,0.318992,0.045517,1.277262,11.0,0.610491,1.394315,2.370917,2.420678,-0.295742,1.072863,0.0
BTCUSD_15512_BEARISH_15490_15502,BTCUSD,SHORT,1h,2026-03-08T10:00:00+00:00,2026-03-08T22:00:00+00:00,2026-03-09T08:00:00+00:00,68176.0,67665.5,510.5,0.7544,67793.125,68176.0,67136.77,382.875,0.5648,61,choch,internal,SEED_JAN_MAR,2026-01-01T00:00:00+00:00,2026-03-31T23:59:59+00:00,167,INITIAL_SEED_DATASET,SEED_POPULATION,86628e48989c4ddf,0.0,0.2,TRAIN_SEED,2026-03-09T09:00:00+00:00,-1.0,True,TOUCH_HIT_SL,1,0.669,1.6738,False,TRAIN_SEED_POPULATION,0.753189,0.831292,0.56477,0.623469,0.778648,0.728697,0.420176,0.831292,1.165926,22.0,10.0,2.0,0.023815,0.0,1.0,0.0,0.0,0.0,0.276454,0.008142,0.906046,31.5,0.591759,0.882586,0.902155,1.124962,0.158117,1.09562,0.0
SOLUSD_15526_BULLISH_15517_15523,SOLUSD,LONG,1h,2026-03-09T13:00:00+00:00,2026-03-09T19:00:00+00:00,2026-03-09T22:00:00+00:00,85.753,83.981,1.772,2.11,85.31,83.981,87.59,1.329,1.5578,22,bos,internal,SEED_JAN_MAR,2026-01-01T00:00:00+00:00,2026-03-31T23:59:59+00:00,167,INITIAL_SEED_DATASET,SEED_POPULATION,86628e48989c4ddf,0.0,0.2,TRAIN_SEED,2026-03-10T10:00:00+00:00,1.7156,True,TOUCH_HIT_TP,12,1.7863,0.3597,False,TRAIN_SEED_POPULATION,2.067123,1.648898,1.557848,1.236673,0.98307,0.260158,0.639391,1.648898,0.697339,9.0,3.0,2.0,0.384309,1.0,0.0,0.0,1.0,1.0,0.571147,0.008375,1.253639,10.5,0.609769,0.690453,0.753391,3.091928,3.253355,0.836413,1.0
XRPUSD_15526_BULLISH_15517_15523,XRPUSD,LONG,1h,2026-03-09T13:00:00+00:00,2026-03-09T19:00:00+00:00,2026-03-09T22:00:00+00:00,1.3725,1.3536,0.0189,1.3963,1.367775,1.3536,1.39,0.014175,1.0364,33,bos,internal,SEED_JAN_MAR,2026-01-01T00:00:00+00:00,2026-03-31T23:59:59+00:00,167,INITIAL_SEED_DATASET,SEED_POPULATION,86628e48989c4ddf,0.0,0.2,TRAIN_SEED,2026-03-10T02:00:00+00:00,1.5679,True,TOUCH_HIT_TP,4,1.6949,0.5908,False,TRAIN_SEED_POPULATION,1.385834,1.276031,1.036355,0.957023,0.539683,0.566138,0.73545,1.276031,0.81693,9.0,3.0,2.0,0.268372,1.0,0.0,0.0,1.0,1.0,0.420744,0.020254,1.08605,1.0,0.520212,0.857439,0.139511,1.79891,0.694034,0.746213,1.0
BTCUSD_15531_BULLISH_15523_15530,BTCUSD,LONG,1h,2026-03-09T19:00:00+00:00,2026-03-10T02:00:00+00:00,2026-03-10T03:00:00+00:00,69499.0,68334.5,1164.5,1.7041,69207.875,68334.5,70705.09,873.375,1.262,27,bos,internal,SEED_JAN_MAR,2026-01-01T00:00:00+00:00,2026-03-31T23:59:59+00:00,167,INITIAL_SEED_DATASET,SEED_POPULATION,86628e48989c4ddf,0.0,0.2,TRAIN_SEED,2026-03-10T08:00:00+00:00,1.7143,True,TOUCH_HIT_TP,5,2.1166,0.0,False,TRAIN_SEED_POPULATION,1.678002,1.866227,1.261959,1.39967,0.913267,0.130528,0.536282,1.866227,1.588176,8.0,1.0,0.0,0.304694,1.0,0.0,0.0,1.0,1.0,0.656578,0.003205,0.899142,39.0,0.649654,1.605804,1.149258,1.858905,3.158004,0.582118,1.0
XRPUSD_15531_BULLISH_15523_15530,XRPUSD,LONG,1h,2026-03-09T19:00:00+00:00,2026-03-10T02:00:00+00:00,2026-03-10T03:00:00+00:00,1.3835,1.3557,0.0278,2.0506,1.37655,1.3557,1.41,0.02085,1.5147,23,bos,internal,SEED_JAN_MAR,2026-01-01T00:00:00+00:00,2026-03-31T23:59:59+00:00,167,INITIAL_SEED_DATASET,SEED_POPULATION,86628e48989c4ddf,0.0,0.2,TRAIN_SEED,2026-03-10T08:00:00+00:00,1.6043,True,TOUCH_HIT_TP,5,1.6667,0.1942,False,TRAIN_SEED_POPULATION,2.022554,1.880384,1.514656,1.410288,0.676259,0.330935,0.435252,1.880384,1.061944,8.0,1.0,0.0,0.138661,1.0,0.0,0.0,1.0,1.0,0.57618,0.020292,1.075607,2.5,0.543571,1.102527,0.784573,1.49904,1.341886,0.766261,1.0
XRPUSD_15539_BULLISH_15530_15536,XRPUSD,LONG,1h,2026-03-10T02:00:00+00:00,2026-03-10T08:00:00+00:00,2026-03-10T11:00:00+00:00,1.3918,1.3693,0.0225,1.6432,1.386175,1.3693,1.42,0.016875,1.2174,28,bos,internal,SEED_JAN_MAR,2026-01-01T00:00:00+00:00,2026-03-31T23:59:59+00:00,167,INITIAL_SEED_DATASET,SEED_POPULATION,86628e48989c4ddf,0.0,0.2,TRAIN_SEED,2026-03-10T14:00:00+00:00,2.0044,True,TOUCH_HIT_TP,3,3.0415,0.3422,False,TRAIN_SEED_POPULATION,1.618472,1.525641,1.217379,1.144231,0.928889,0.16,0.697778,1.525641,0.922166,9.0,3.0,0.0,0.27292,1.0,0.0,0.0,1.0,1.0,0.706721,0.040684,1.060847,4.0,0.634499,1.145926,0.702644,1.282238,2.190532,1.282201,1.0
BTCUSD_15541_BULLISH_15531_15536,BTCUSD,LONG,1h,2026-03-10T03:00:00+00:00,2026-03-10T08:00:00+00:00,2026-03-10T13:00:00+00:00,70349.0,69347.0,1002.0,1.4449,70098.5,69347.0,71386.79,751.5,1.0721,32,bos,internal,SEED_JAN_MAR,2026-01-01T00:00:00+00:00,2026-03-31T23:59:59+00:00,167,INITIAL_SEED_DATASET,SEED_POPULATION,86628e48989c4ddf,0.0,0.2,TRAIN_SEED,2026-03-10T14:00:00+00:00,-1.0,True,TOUCH_HIT_SL,1,1.8749,1.1537,False,TRAIN_SEED_POPULATION,1.433681,1.608817,1.072063,1.206613,0.541916,0.661178,0.845309,1.608817,0.442344,10.0,5.0,1.0,0.334769,1.0,0.0,0.0,0.0,1.0,0.756804,0.027295,0.89114,34.0,0.655572,1.941178,-1.087626,1.86636,3.54611,1.192339,1.0
SOLUSD_15549_BULLISH_15528_15537,SOLUSD,LONG,1h,2026-03-10T00:00:00+00:00,2026-03-10T09:00:00+00:00,2026-03-10T21:00:00+00:00,85.963,84.832,1.131,1.3332,85.68025,84.832,87.13,0.84825,0.99,35,bos,internal,SEED_JAN_MAR,2026-01-01T00:00:00+00:00,2026-03-31T23:59:59+00:00,167,INITIAL_SEED_DATASET,SEED_POPULATION,86628e48989c4ddf,0.0,0.2,TRAIN_SEED,2026-03-11T09:00:00+00:00,-1.0,True,TOUCH_HIT_SL,12,1.4073,1.1533,False,TRAIN_SEED_POPULATION,1.319997,1.048105,0.990018,0.786079,0.751547,0.939876,0.566755,1.048105,0.528223,21.0,12.0,4.0,0.001622,1.0,0.0,0.0,0.0,1.0,0.636894,0.045409,1.259413,29.5,0.879335,1.094441,-3.080143,-0.789681,3.879634,0.884009,1.0
BTCUSD_15578_BULLISH_15564_15566,BTCUSD,LONG,1h,2026-03-11T12:00:00+00:00,2026-03-11T14:00:00+00:00,2026-03-12T02:00:00+00:00,69751.5,68940.0,811.5,1.1771,69548.625,68940.0,70591.98,608.625,0.8751,39,choch,internal,SEED_JAN_MAR,2026-01-01T00:00:00+00:00,2026-03-31T23:59:59+00:00,167,INITIAL_SEED_DATASET,SEED_POPULATION,86628e48989c4ddf,0.0,0.2,TRAIN_SEED,2026-03-12T11:00:00+00:00,1.7143,True,TOUCH_HIT_TP,9,1.9953,0.618,False,TRAIN_SEED_POPULATION,1.171841,1.293843,0.875107,0.970382,0.382009,0.696242,0.21565,1.293843,0.638551,14.0,12.0,2.0,0.476123,0.0,1.0,0.0,0.0,1.0,0.594236,0.012755,0.905706,37.0,0.464251,1.061063,-2.063387,0.143165,0.18518,0.369281,1.0
SOLUSD_15578_BULLISH_15564_15569,SOLUSD,LONG,1h,2026-03-11T12:00:00+00:00,2026-03-11T17:00:00+00:00,2026-03-12T02:00:00+00:00,85.685,84.352,1.333,1.5803,85.35175,84.352,87.07,0.99975,1.1713,29,choch,internal,SEED_JAN_MAR,2026-01-01T00:00:00+00:00,2026-03-31T23:59:59+00:00,167,INITIAL_SEED_DATASET,SEED_POPULATION,86628e48989c4ddf,0.0,0.2,TRAIN_SEED,2026-03-12T11:00:00+00:00,1.7187,True,TOUCH_HIT_TP,9,1.7687,0.6656,False,TRAIN_SEED_POPULATION,1.564885,1.254538,1.171329,0.940903,0.622656,0.40135,0.486872,1.254538,0.771075,14.0,9.0,0.0,0.159758,0.0,1.0,0.0,0.0,0.0,0.578591,0.01694,1.247379,3.0,0.744308,0.935492,-2.74251,0.75702,-0.45692,0.4337,1.0
ETHUSD_15617_BULLISH_15606_15613,ETHUSD,LONG,1h,2026-03-13T06:00:00+00:00,2026-03-13T13:00:00+00:00,2026-03-13T17:00:00+00:00,2112.4,2089.35,23.05,1.1032,2106.6375,2089.35,2136.27,17.2875,0.8206,42,bos,internal,SEED_JAN_MAR,2026-01-01T00:00:00+00:00,2026-03-31T23:59:59+00:00,167,INITIAL_SEED_DATASET,SEED_POPULATION,86628e48989c4ddf,0.0,0.2,TRAIN_SEED,2026-03-13T22:00:00+00:00,-1.0,True,TOUCH_HIT_SL,5,0.5647,1.671,False,TRAIN_SEED_POPULATION,1.096314,0.976988,0.820621,0.732741,0.570499,0.9718,0.644252,0.976988,1.657277,11.0,4.0,1.0,0.17537,1.0,0.0,0.0,0.0,1.0,0.516261,0.012716,1.122136,69.0,0.953086,2.14895,-2.008762,-0.130626,2.596008,1.995693,1.0
SOLUSD_15617_BULLISH_15607_15613,SOLUSD,LONG,1h,2026-03-13T07:00:00+00:00,2026-03-13T13:00:00+00:00,2026-03-13T17:00:00+00:00,88.9348,88.154,0.7808,0.8857,88.7396,88.154,89.74,0.5856,0.6599,53,bos,internal,SEED_JAN_MAR,2026-01-01T00:00:00+00:00,2026-03-31T23:59:59+00:00,167,INITIAL_SEED_DATASET,SEED_POPULATION,86628e48989c4ddf,0.0,0.2,TRAIN_SEED,2026-03-13T22:00:00+00:00,-1.0,True,TOUCH_HIT_SL,5,0.6752,1.736,False,TRAIN_SEED_POPULATION,0.878537,0.723359,0.659908,0.542519,0.923412,0.474898,0.307377,0.723359,0.7921,10.0,4.0,1.0,0.125439,1.0,0.0,0.0,0.0,1.0,0.517875,0.009264,1.214525,64.5,1.073504,1.454685,-2.326578,-0.23461,4.091026,1.853356,1.0
ETHUSD_15630_BULLISH_15591_15600,ETHUSD,LONG,1h,2026-03-12T15:00:00+00:00,2026-03-13T00:00:00+00:00,2026-03-14T06:00:00+00:00,2081.95,2038.05,43.9,2.154,2070.975,2038.05,2127.42,32.925,1.5898,22,bos,internal,SEED_JAN_MAR,2026-01-01T00:00:00+00:00,2026-03-31T23:59:59+00:00,167,INITIAL_SEED_DATASET,SEED_POPULATION,86628e48989c4ddf,0.0,0.2,TRAIN_SEED,2026-03-15T20:00:00+00:00,1.7144,True,TOUCH_HIT_TP,38,2.06,0.3151,False,TRAIN_SEED_POPULATION,2.113218,1.907265,1.589831,1.430449,0.896355,0.330296,0.617312,1.907265,1.996328,39.0,30.0,2.0,0.279138,1.0,0.0,0.0,0.0,1.0,0.350864,0.091236,1.107984,17.5,0.78719,1.051385,-0.70027,-2.354877,2.722081,0.611428,1.0
BTCUSD_15633_BULLISH_15591_15600,BTCUSD,LONG,1h,2026-03-12T15:00:00+00:00,2026-03-13T00:00:00+00:00,2026-03-14T09:00:00+00:00,70539.5,69436.5,1103.0,1.5885,70263.75,69436.5,71681.89,827.25,1.1773,29,bos,internal,SEED_JAN_MAR,2026-01-01T00:00:00+00:00,2026-03-31T23:59:59+00:00,167,INITIAL_SEED_DATASET,SEED_POPULATION,86628e48989c4ddf,0.0,0.2,TRAIN_SEED,2026-03-15T05:00:00+00:00,1.7143,True,TOUCH_HIT_TP,20,1.8057,0.0,False,TRAIN_SEED_POPULATION,1.56495,1.800003,1.17735,1.350002,0.947416,0.241614,0.664551,1.800003,1.596829,42.0,33.0,6.0,0.35535,1.0,0.0,0.0,0.0,1.0,0.312456,0.101995,0.869415,12.0,0.456327,0.550771,-0.735874,-0.768018,0.99083,0.713758,1.0
SOLUSD_15633_BULLISH_15595_15600,SOLUSD,LONG,1h,2026-03-12T19:00:00+00:00,2026-03-13T00:00:00+00:00,2026-03-14T09:00:00+00:00,86.944,85.65,1.294,1.5108,86.6205,85.65,88.28,0.9705,1.1204,31,bos,internal,SEED_JAN_MAR,2026-01-01T00:00:00+00:00,2026-03-31T23:59:59+00:00,167,INITIAL_SEED_DATASET,SEED_POPULATION,86628e48989c4ddf,0.0,0.2,TRAIN_SEED,2026-03-15T02:00:00+00:00,1.7099,True,TOUCH_HIT_TP,17,2.086,0.1341,False,TRAIN_SEED_POPULATION,1.490388,1.241753,1.120405,0.931314,0.906491,0.255796,0.741886,1.241753,2.849122,38.0,33.0,1.0,0.194324,1.0,0.0,0.0,0.0,1.0,0.281724,0.012475,1.20023,0.5,0.469983,0.659261,-1.599157,-2.242864,1.189949,0.706956,1.0
XRPUSD_15633_BULLISH_15590_15613,XRPUSD,LONG,1h,2026-03-12T14:00:00+00:00,2026-03-13T13:00:00+00:00,2026-03-14T09:00:00+00:00,1.3912,1.364,0.0272,1.9941,1.3844,1.364,1.42,0.0204,1.4736,23,bos,internal,SEED_JAN_MAR,2026-01-01T00:00:00+00:00,2026-03-31T23:59:59+00:00,167,INITIAL_SEED_DATASET,SEED_POPULATION,86628e48989c4ddf,0.0,0.2,TRAIN_SEED,2026-03-15T05:00:00+00:00,1.7451,True,TOUCH_HIT_TP,20,1.7696,0.0,False,TRAIN_SEED_POPULATION,1.95782,1.955288,1.473563,1.466466,0.930147,0.268382,0.488971,1.955288,0.754799,43.0,20.0,5.0,0.352239,1.0,0.0,0.0,0.0,1.0,0.286523,0.007189,1.001295,0.5,0.479805,0.611028,-0.565417,-0.52982,0.981247,0.696772,1.0
SOLUSD_15650_BEARISH_15628_15630,SOLUSD,SHORT,1h,2026-03-14T04:00:00+00:00,2026-03-14T06:00:00+00:00,2026-03-15T02:00:00+00:00,88.7,88.204,0.496,0.5623,88.204,88.7,87.35,0.496,0.5623,62,bos,internal,SEED_JAN_MAR,2026-01-01T00:00:00+00:00,2026-03-31T23:59:59+00:00,167,INITIAL_SEED_DATASET,SEED_POPULATION,86628e48989c4ddf,0.0,0.2,TRAIN_SEED,2026-03-15T09:00:00+00:00,-1.0,True,TOUCH_HIT_SL,7,1.0504,1.3327,False,TRAIN_SEED_POPULATION,0.561887,0.499791,0.562333,0.499791,0.858871,0.889113,0.344758,0.499791,0.817198,22.0,20.0,1.0,0.070535,1.0,0.0,0.0,0.0,1.0,0.447155,0.021161,1.124244,0.5,0.327153,0.958269,1.158567,1.530888,-1.704805,1.012973,0.0
XRPUSD_15663_BULLISH_15654_15660,XRPUSD,LONG,1h,2026-03-15T06:00:00+00:00,2026-03-15T12:00:00+00:00,2026-03-15T15:00:00+00:00,1.4155,1.405,0.0105,0.7473,1.412875,1.405,1.43,0.007875,0.5574,62,bos,internal,SEED_JAN_MAR,2026-01-01T00:00:00+00:00,2026-03-31T23:59:59+00:00,167,INITIAL_SEED_DATASET,SEED_POPULATION,86628e48989c4ddf,0.0,0.2,TRAIN_SEED,2026-03-15T22:00:00+00:00,2.1746,True,TOUCH_HIT_TP,7,6.5937,0.581,False,TRAIN_SEED_POPULATION,0.741945,0.81178,0.557374,0.608835,0.971429,0.314286,0.419048,0.81178,0.30925,9.0,3.0,2.0,0.179751,1.0,0.0,0.0,0.0,0.0,0.579841,0.077312,0.913972,0.5,0.293645,0.587574,-0.042379,0.740319,-1.95372,1.734021,1.0
SOLUSD_15665_BEARISH_15657_15664,SOLUSD,SHORT,1h,2026-03-15T09:00:00+00:00,2026-03-15T16:00:00+00:00,2026-03-15T17:00:00+00:00,88.865,88.412,0.453,0.5124,88.412,88.865,87.64,0.453,0.5124,68,choch,internal,SEED_JAN_MAR,2026-01-01T00:00:00+00:00,2026-03-31T23:59:59+00:00,167,INITIAL_SEED_DATASET,SEED_POPULATION,86628e48989c4ddf,0.0,0.2,TRAIN_SEED,2026-03-15T20:00:00+00:00,-1.0,True,TOUCH_HIT_SL,3,1.351,1.3311,False,TRAIN_SEED_POPULATION,0.512299,0.471356,0.512374,0.471356,0.971302,0.86755,0.139073,0.471356,0.381872,8.0,1.0,0.0,0.013527,0.0,1.0,0.0,0.0,1.0,0.451873,0.135268,1.08686,1.0,0.416887,1.365165,0.193759,0.171058,-1.173512,1.413793,0.0
ETHUSD_15681_BEARISH_14715_14725,ETHUSD,SHORT,1h,2026-02-04T03:00:00+00:00,2026-02-04T13:00:00+00:00,2026-03-16T09:00:00+00:00,2295.3,2247.95,47.35,2.1064,2259.7875,2295.3,2198.91,35.5125,1.5715,22,bos,internal,SEED_JAN_MAR,2026-01-01T00:00:00+00:00,2026-03-31T23:59:59+00:00,167,INITIAL_SEED_DATASET,SEED_POPULATION,86628e48989c4ddf,0.0,0.2,TRAIN_SEED,2026-03-16T12:00:00+00:00,-1.0,True,TOUCH_HIT_SL,3,0.1151,1.2196,False,TRAIN_SEED_POPULATION,2.095133,2.169617,1.571497,1.627213,0.745512,0.853221,0.663147,2.169617,2.077975,966.0,956.0,6.0,0.009737,1.0,0.0,0.0,1.0,0.0,0.892796,0.032075,0.965669,17.0,0.862177,1.175305,-0.121534,7.690842,8.821263,1.308989,0.0
XRPUSD_15681_BEARISH_15237_15294,XRPUSD,SHORT,1h,2026-02-25T21:00:00+00:00,2026-02-28T06:00:00+00:00,2026-03-16T09:00:00+00:00,1.4934,1.4624,0.031,2.1198,1.47015,1.4934,1.43,0.02325,1.5815,22,choch,internal,SEED_JAN_MAR,2026-01-01T00:00:00+00:00,2026-03-31T23:59:59+00:00,167,INITIAL_SEED_DATASET,SEED_POPULATION,86628e48989c4ddf,0.0,0.2,TRAIN_SEED,2026-03-16T14:00:00+00:00,-1.0,True,TOUCH_HIT_SL,5,0.1828,1.6968,False,TRAIN_SEED_POPULATION,2.103549,2.346081,1.581471,1.759561,0.635484,0.854839,0.383871,2.346081,4.018609,444.0,387.0,11.0,0.268664,0.0,1.0,0.0,1.0,0.0,0.878303,0.098384,0.896622,14.5,0.698092,0.734096,-0.385291,4.502907,5.755292,0.925599,0.0
SOLUSD_15700_BULLISH_15680_15690,SOLUSD,LONG,1h,2026-03-16T08:00:00+00:00,2026-03-16T18:00:00+00:00,2026-03-17T04:00:00+00:00,94.04,92.596,1.444,1.5595,93.679,92.596,95.54,1.083,1.1561,30,bos,internal,SEED_JAN_MAR,2026-01-01T00:00:00+00:00,2026-03-31T23:59:59+00:00,167,INITIAL_SEED_DATASET,SEED_POPULATION,86628e48989c4ddf,0.0,0.2,TRAIN_SEED,2026-03-17T18:00:00+00:00,1.7184,True,TOUCH_HIT_TP,14,1.7673,0.4663,False,TRAIN_SEED_POPULATION,1.539987,1.438568,1.156076,1.078926,0.810942,0.584488,0.485457,1.438568,0.308834,20.0,10.0,1.0,0.087669,1.0,0.0,0.0,0.0,1.0,0.64914,0.299868,1.0705,28.0,0.507702,1.058005,-2.528093,0.106761,6.22267,0.669069,1.0
BTCUSD_15706_BULLISH_15688_15694,BTCUSD,LONG,1h,2026-03-16T16:00:00+00:00,2026-03-16T22:00:00+00:00,2026-03-17T10:00:00+00:00,73886.0,73129.0,757.0,1.0352,73696.75,73129.0,74670.04,567.75,0.7704,45,bos,internal,SEED_JAN_MAR,2026-01-01T00:00:00+00:00,2026-03-31T23:59:59+00:00,167,INITIAL_SEED_DATASET,SEED_POPULATION,86628e48989c4ddf,0.0,0.2,TRAIN_SEED,2026-03-17T15:00:00+00:00,1.7143,True,TOUCH_HIT_TP,5,2.0559,0.6072,False,TRAIN_SEED_POPULATION,1.027012,1.298783,0.770387,0.974087,0.766182,0.443857,0.640687,1.298783,0.615078,18.0,12.0,3.0,0.021017,1.0,0.0,0.0,0.0,1.0,0.600909,0.046324,0.790749,23.5,0.404791,0.651965,-0.399973,-0.307696,2.82705,0.731866,1.0
SOLUSD_15725_BULLISH_15708_15714,SOLUSD,LONG,1h,2026-03-17T12:00:00+00:00,2026-03-17T18:00:00+00:00,2026-03-18T05:00:00+00:00,94.078,93.174,0.904,0.9702,93.852,93.174,95.01,0.678,0.7224,48,bos,internal,SEED_JAN_MAR,2026-01-01T00:00:00+00:00,2026-03-31T23:59:59+00:00,167,INITIAL_SEED_DATASET,SEED_POPULATION,86628e48989c4ddf,0.0,0.2,TRAIN_SEED,2026-03-18T11:00:00+00:00,-1.0,True,TOUCH_HIT_SL,6,1.174,3.0265,False,TRAIN_SEED_POPULATION,0.962552,0.911176,0.722414,0.683382,0.821903,0.400442,0.232301,0.911176,0.744866,17.0,11.0,1.0,0.065516,1.0,0.0,0.0,0.0,1.0,0.662521,0.152199,1.056384,21.5,0.504461,0.662417,-0.635858,-0.614828,0.783371,0.663713,1.0
SOLUSD_15748_BULLISH_15743_15747,SOLUSD,LONG,1h,2026-03-18T23:00:00+00:00,2026-03-19T03:00:00+00:00,2026-03-19T04:00:00+00:00,90.166,89.684,0.482,0.5374,90.166,89.684,90.99,0.482,0.5346,65,choch,internal,SEED_JAN_MAR,2026-01-01T00:00:00+00:00,2026-03-31T23:59:59+00:00,167,INITIAL_SEED_DATASET,SEED_POPULATION,86628e48989c4ddf,0.0,0.2,TRAIN_SEED,2026-03-19T05:00:00+00:00,-1.0,True,TOUCH_HIT_SL,1,0.0,1.0664,False,TRAIN_SEED_POPULATION,0.536127,0.488782,0.53457,0.488782,0.456432,0.896266,0.23029,0.488782,0.751427,5.0,1.0,0.0,0.265687,0.0,1.0,0.0,0.0,0.0,0.246545,0.04969,1.096863,17.0,0.783433,1.0161,-0.189842,-0.445153,-5.490555,0.561923,1.0
SOLUSD_15753_BEARISH_15747_15751,SOLUSD,SHORT,1h,2026-03-19T03:00:00+00:00,2026-03-19T07:00:00+00:00,2026-03-19T09:00:00+00:00,91.4063,89.914,1.4923,1.6597,90.287075,91.4063,88.37,1.119225,1.2396,28,choch,internal,SEED_JAN_MAR,2026-01-01T00:00:00+00:00,2026-03-31T23:59:59+00:00,167,INITIAL_SEED_DATASET,SEED_POPULATION,86628e48989c4ddf,0.0,0.2,TRAIN_SEED,2026-03-19T12:00:00+00:00,1.7129,True,TOUCH_HIT_TP,3,2.0041,0.1777,False,TRAIN_SEED_POPULATION,1.654325,1.518363,1.239629,1.138772,0.804329,0.329692,0.496549,1.518363,0.448702,6.0,2.0,0.0,0.082491,0.0,1.0,0.0,0.0,1.0,0.275732,0.162794,1.089545,13.5,0.608114,1.242325,0.335914,0.716806,-4.471131,0.747672,0.0
SOLUSD_15756_BULLISH_15661_15669,SOLUSD,LONG,1h,2026-03-15T13:00:00+00:00,2026-03-15T21:00:00+00:00,2026-03-19T12:00:00+00:00,88.397,87.353,1.044,1.1952,88.136,87.353,89.48,0.783,0.8884,39,choch,internal,SEED_JAN_MAR,2026-01-01T00:00:00+00:00,2026-03-31T23:59:59+00:00,167,INITIAL_SEED_DATASET,SEED_POPULATION,86628e48989c4ddf,0.0,0.2,TRAIN_SEED,2026-03-19T15:00:00+00:00,-1.0,True,TOUCH_HIT_SL,3,0.963,1.2593,False,TRAIN_SEED_POPULATION,1.184829,1.062868,0.8884,0.797151,0.728927,0.338123,0.403257,1.062868,1.23085,95.0,87.0,0.0,0.022398,0.0,1.0,0.0,0.0,0.0,0.073548,0.029524,1.114747,14.0,0.624982,1.619754,-1.464931,-2.577257,-5.837973,0.76092,1.0
ETHUSD_15777_BULLISH_15775_15776,ETHUSD,LONG,1h,2026-03-20T07:00:00+00:00,2026-03-20T08:00:00+00:00,2026-03-20T09:00:00+00:00,2152.95,2120.9,32.05,1.5112,2144.9375,2120.9,2186.14,24.0375,1.1207,31,choch,internal,SEED_JAN_MAR,2026-01-01T00:00:00+00:00,2026-03-31T23:59:59+00:00,167,INITIAL_SEED_DATASET,SEED_POPULATION,86628e48989c4ddf,0.0,0.2,TRAIN_SEED,2026-03-20T14:00:00+00:00,-1.0,True,TOUCH_HIT_SL,5,0.5497,1.208,False,TRAIN_SEED_POPULATION,1.497279,1.403642,1.120662,1.052731,0.613105,0.589704,0.422777,1.403642,0.586858,2.0,1.0,0.0,0.192152,0.0,1.0,0.0,0.0,0.0,0.147974,0.043795,1.06671,58.5,0.46344,1.285394,-0.342195,0.757843,-7.617445,1.046984,1.0
BTCUSD_15781_BULLISH_15767_15771,BTCUSD,LONG,1h,2026-03-19T23:00:00+00:00,2026-03-20T03:00:00+00:00,2026-03-20T13:00:00+00:00,70266.5,69690.0,576.5,0.8272,70122.375,69690.0,70863.59,432.375,0.6166,56,choch,internal,SEED_JAN_MAR,2026-01-01T00:00:00+00:00,2026-03-31T23:59:59+00:00,167,INITIAL_SEED_DATASET,SEED_POPULATION,86628e48989c4ddf,0.0,0.2,TRAIN_SEED,2026-03-20T14:00:00+00:00,-1.0,True,TOUCH_HIT_SL,1,0.2801,1.2798,False,TRAIN_SEED_POPULATION,0.825476,0.999188,0.616601,0.749391,0.257589,0.875976,0.473547,0.999188,0.54769,14.0,10.0,3.0,0.492011,0.0,1.0,0.0,0.0,0.0,0.149561,0.028598,0.826147,23.0,0.357775,1.432487,-1.645612,-0.463204,-4.216669,1.312099,1.0
ETHUSD_15810_BEARISH_15806_15808,ETHUSD,SHORT,1h,2026-03-21T14:00:00+00:00,2026-03-21T16:00:00+00:00,2026-03-21T18:00:00+00:00,2168.0,2149.65,18.35,0.8536,2154.2375,2168.0,2130.64,13.7625,0.6389,54,choch,internal,SEED_JAN_MAR,2026-01-01T00:00:00+00:00,2026-03-31T23:59:59+00:00,167,INITIAL_SEED_DATASET,SEED_POPULATION,86628e48989c4ddf,0.0,0.2,TRAIN_SEED,2026-03-21T23:00:00+00:00,1.7146,True,TOUCH_HIT_TP,5,6.168,0.1717,False,TRAIN_SEED_POPULATION,0.85329,0.856988,0.638857,0.642741,0.953678,0.310627,0.215259,0.856988,0.403975,4.0,2.0,1.0,0.17455,0.0,1.0,0.0,1.0,0.0,0.202703,0.035027,0.995685,10.0,0.207282,0.408646,-0.225021,-0.106838,1.700125,1.175697,0.0
SOLUSD_15812_BEARISH_15801_15806,SOLUSD,SHORT,1h,2026-03-21T09:00:00+00:00,2026-03-21T14:00:00+00:00,2026-03-21T20:00:00+00:00,90.4,89.984,0.416,0.4623,89.984,90.4,89.27,0.416,0.4623,75,bos,internal,SEED_JAN_MAR,2026-01-01T00:00:00+00:00,2026-03-31T23:59:59+00:00,167,INITIAL_SEED_DATASET,SEED_POPULATION,86628e48989c4ddf,0.0,0.2,TRAIN_SEED,2026-03-21T23:00:00+00:00,1.7163,True,TOUCH_HIT_TP,3,6.9082,0.5337,False,TRAIN_SEED_POPULATION,0.461479,0.458081,0.462304,0.458081,0.612981,0.759615,0.434135,0.458081,0.407427,11.0,6.0,1.0,0.177286,1.0,0.0,0.0,0.0,0.0,0.36371,0.170679,1.007418,0.5,0.255689,0.579208,0.378598,0.200078,2.281753,0.663571,0.0
XRPUSD_15831_BULLISH_15630_15670,XRPUSD,LONG,1h,2026-03-14T06:00:00+00:00,2026-03-15T22:00:00+00:00,2026-03-22T15:00:00+00:00,1.3943,1.3839,0.0104,0.7515,1.3917,1.3839,1.41,0.0078,0.5605,62,bos,internal,SEED_JAN_MAR,2026-01-01T00:00:00+00:00,2026-03-31T23:59:59+00:00,167,INITIAL_SEED_DATASET,SEED_POPULATION,86628e48989c4ddf,0.0,0.2,TRAIN_SEED,2026-03-22T18:00:00+00:00,-1.0,True,TOUCH_HIT_SL,3,0.4359,1.4231,False,TRAIN_SEED_POPULATION,0.747073,0.801109,0.560466,0.600832,0.788462,0.903846,0.201923,0.801109,2.087505,201.0,161.0,6.0,0.030812,1.0,0.0,0.0,1.0,0.0,0.068376,0.023109,0.932548,6.0,0.539254,0.754891,0.295389,-1.283506,-3.164997,1.292131,1.0
BTCUSD_15845_BEARISH_15831_15837,BTCUSD,SHORT,1h,2026-03-22T15:00:00+00:00,2026-03-22T21:00:00+00:00,2026-03-23T05:00:00+00:00,68990.0,68679.5,310.5,0.4521,68679.5,68990.0,68147.21,310.5,0.4521,77,bos,internal,SEED_JAN_MAR,2026-01-01T00:00:00+00:00,2026-03-31T23:59:59+00:00,167,INITIAL_SEED_DATASET,SEED_POPULATION,86628e48989c4ddf,0.0,0.2,TRAIN_SEED,2026-03-23T06:00:00+00:00,1.7143,True,TOUCH_HIT_TP,1,3.2834,0.6216,False,TRAIN_SEED_POPULATION,0.45084,0.58187,0.4521,0.58187,0.381643,0.644122,0.446055,0.58187,0.506911,14.0,8.0,0.0,0.359804,1.0,0.0,0.0,0.0,1.0,0.362988,0.006559,0.774811,4.5,0.433631,0.691498,1.804865,0.276639,-2.50975,0.982022,0.0
XRPUSD_15854_BEARISH_15776_15815,XRPUSD,SHORT,1h,2026-03-20T08:00:00+00:00,2026-03-21T23:00:00+00:00,2026-03-23T14:00:00+00:00,1.466,1.453,0.013,0.8947,1.45625,1.466,1.44,0.00975,0.6695,52,choch,internal,SEED_JAN_MAR,2026-01-01T00:00:00+00:00,2026-03-31T23:59:59+00:00,167,INITIAL_SEED_DATASET,SEED_POPULATION,86628e48989c4ddf,0.0,0.2,TRAIN_SEED,2026-03-23T15:00:00+00:00,1.6667,True,TOUCH_HIT_TP,1,2.6718,0.9795,False,TRAIN_SEED_POPULATION,0.893225,0.976,0.669528,0.732,0.815385,0.238462,0.407692,0.976,2.237291,78.0,39.0,0.0,0.063815,0.0,1.0,0.0,0.0,0.0,0.899048,0.045046,0.91519,39.5,0.848874,1.156184,6.350018,5.128576,0.782494,2.389426,0.0
BTCUSD_15887_BEARISH_15871_15877,BTCUSD,SHORT,1h,2026-03-24T07:00:00+00:00,2026-03-24T13:00:00+00:00,2026-03-24T23:00:00+00:00,71385.0,70450.0,935.0,1.3272,70683.75,71385.0,69481.61,701.25,0.9921,35,choch,internal,SEED_JAN_MAR,2026-01-01T00:00:00+00:00,2026-03-31T23:59:59+00:00,167,INITIAL_SEED_DATASET,SEED_POPULATION,86628e48989c4ddf,0.0,0.2,TRAIN_SEED,2026-03-25T08:00:00+00:00,-1.0,True,TOUCH_HIT_SL,9,0.4289,1.1433,False,TRAIN_SEED_POPULATION,1.325668,1.675747,0.992095,1.25681,0.913904,0.383957,0.798396,1.675747,1.535952,16.0,10.0,1.0,0.274661,0.0,1.0,0.0,0.0,0.0,0.717573,0.024195,0.791091,36.0,0.515076,1.044878,1.618713,-0.579351,3.917697,0.58965,0.0
ETHUSD_15887_BEARISH_15875_15881,ETHUSD,SHORT,1h,2026-03-24T11:00:00+00:00,2026-03-24T17:00:00+00:00,2026-03-24T23:00:00+00:00,2174.85,2151.1,23.75,1.1041,2157.0375,2174.85,2126.5,17.8125,0.8258,42,choch,internal,SEED_JAN_MAR,2026-01-01T00:00:00+00:00,2026-03-31T23:59:59+00:00,167,INITIAL_SEED_DATASET,SEED_POPULATION,86628e48989c4ddf,0.0,0.2,TRAIN_SEED,2026-03-25T05:00:00+00:00,-1.0,True,TOUCH_HIT_SL,6,0.6365,1.2442,False,TRAIN_SEED_POPULATION,1.101756,1.080766,0.825785,0.810574,0.808421,0.515789,0.193684,1.080766,0.837309,12.0,6.0,3.0,0.063139,0.0,1.0,0.0,0.0,0.0,0.753448,0.002275,1.019422,27.0,0.572039,0.926045,1.756001,0.060343,5.395297,0.60321,0.0
XRPUSD_15887_BEARISH_15872_15877,XRPUSD,SHORT,1h,2026-03-24T08:00:00+00:00,2026-03-24T13:00:00+00:00,2026-03-24T23:00:00+00:00,1.4328,1.4143,0.0185,1.3081,1.418925,1.4328,1.4,0.013875,0.9779,35,choch,internal,SEED_JAN_MAR,2026-01-01T00:00:00+00:00,2026-03-31T23:59:59+00:00,167,INITIAL_SEED_DATASET,SEED_POPULATION,86628e48989c4ddf,0.0,0.2,TRAIN_SEED,2026-03-25T11:00:00+00:00,-1.0,True,TOUCH_HIT_SL,12,0.8955,1.3171,False,TRAIN_SEED_POPULATION,1.307143,1.404959,0.977853,1.053719,0.945946,0.178378,0.756757,1.404959,1.032835,15.0,10.0,0.0,0.275296,0.0,1.0,0.0,0.0,0.0,0.51813,0.083538,0.930378,16.5,0.599806,0.653116,1.959513,-0.084716,2.654675,0.872424,0.0
SOLUSD_15902_BULLISH_15895_15899,SOLUSD,LONG,1h,2026-03-25T07:00:00+00:00,2026-03-25T11:00:00+00:00,2026-03-25T14:00:00+00:00,92.506,91.765,0.741,0.8075,92.32075,91.765,93.27,0.55575,0.602,58,bos,internal,SEED_JAN_MAR,2026-01-01T00:00:00+00:00,2026-03-31T23:59:59+00:00,167,INITIAL_SEED_DATASET,SEED_POPULATION,86628e48989c4ddf,0.0,0.2,TRAIN_SEED,2026-03-25T15:00:00+00:00,-1.0,True,TOUCH_HIT_SL,1,0.0,2.3495,False,TRAIN_SEED_POPULATION,0.805917,0.806856,0.601977,0.605142,0.242915,0.811066,0.758435,0.806856,0.381106,7.0,3.0,1.0,0.409145,1.0,0.0,0.0,0.0,1.0,0.816465,0.099088,0.998835,23.0,0.537657,1.089964,-0.660141,1.26659,1.905216,1.208097,1.0
XRPUSD_15902_BULLISH_15891_15899,XRPUSD,LONG,1h,2026-03-25T03:00:00+00:00,2026-03-25T11:00:00+00:00,2026-03-25T14:00:00+00:00,1.4145,1.4065,0.008,0.5688,1.4145,1.4065,1.43,0.008,0.5656,61,choch,internal,SEED_JAN_MAR,2026-01-01T00:00:00+00:00,2026-03-31T23:59:59+00:00,167,INITIAL_SEED_DATASET,SEED_POPULATION,86628e48989c4ddf,0.0,0.2,TRAIN_SEED,2026-03-25T15:00:00+00:00,-1.0,True,TOUCH_HIT_SL,1,0.2125,1.6625,False,TRAIN_SEED_POPULATION,0.565571,0.619732,0.565571,0.619732,1.0,0.2,0.3375,0.619732,0.472546,11.0,3.0,1.0,0.0,0.0,1.0,0.0,0.0,0.0,0.510496,0.02324,0.912605,8.5,0.428553,0.588746,-0.2046,-0.056525,-0.688057,1.434217,1.0
BTCUSD_15957_BULLISH_15349_15350,BTCUSD,LONG,1h,2026-03-02T13:00:00+00:00,2026-03-02T14:00:00+00:00,2026-03-27T21:00:00+00:00,66115.0,65326.5,788.5,1.207,65917.875,65326.5,66931.66,591.375,0.8971,39,choch,internal,SEED_JAN_MAR,2026-01-01T00:00:00+00:00,2026-03-31T23:59:59+00:00,167,INITIAL_SEED_DATASET,SEED_POPULATION,86628e48989c4ddf,0.0,0.2,TRAIN_SEED,2026-03-28T13:00:00+00:00,1.7143,True,TOUCH_HIT_TP,16,2.0505,0.0632,False,TRAIN_SEED_POPULATION,1.193901,1.46108,0.897139,1.09581,0.909956,0.748256,0.653139,1.46108,3.179725,608.0,607.0,13.0,0.233708,0.0,1.0,0.0,1.0,0.0,0.080105,0.009265,0.817136,20.0,0.465966,0.321493,0.138736,-3.764526,-6.797815,0.874171,1.0
BTCUSD_15970_BULLISH_15962_15967,BTCUSD,LONG,1h,2026-03-28T02:00:00+00:00,2026-03-28T07:00:00+00:00,2026-03-28T10:00:00+00:00,66221.0,65900.0,321.0,0.4871,66221.0,65900.0,66771.29,321.0,0.4847,72,choch,internal,SEED_JAN_MAR,2026-01-01T00:00:00+00:00,2026-03-31T23:59:59+00:00,167,INITIAL_SEED_DATASET,SEED_POPULATION,86628e48989c4ddf,0.0,0.2,TRAIN_SEED,2026-03-28T13:00:00+00:00,1.7143,True,TOUCH_HIT_TP,3,2.8333,0.1636,False,TRAIN_SEED_POPULATION,0.484953,0.616295,0.48474,0.616295,0.909657,0.397196,0.38162,0.616295,0.311028,8.0,3.0,1.0,0.055678,0.0,1.0,0.0,0.0,0.0,0.102948,0.023039,0.786884,0.5,0.25399,0.566377,-0.184726,0.262805,-5.429192,0.691039,1.0
SOLUSD_15972_BULLISH_15961_15966,SOLUSD,LONG,1h,2026-03-28T01:00:00+00:00,2026-03-28T06:00:00+00:00,2026-03-28T12:00:00+00:00,82.852,82.231,0.621,0.7552,82.69675,82.231,83.5,0.46575,0.5632,62,choch,internal,SEED_JAN_MAR,2026-01-01T00:00:00+00:00,2026-03-31T23:59:59+00:00,167,INITIAL_SEED_DATASET,SEED_POPULATION,86628e48989c4ddf,0.0,0.2,TRAIN_SEED,2026-03-28T13:00:00+00:00,1.7246,True,TOUCH_HIT_TP,1,3.0837,0.0553,False,TRAIN_SEED_POPULATION,0.75107,0.721383,0.563202,0.541037,0.726248,0.434783,0.304348,0.721383,0.523903,11.0,6.0,1.0,0.017134,0.0,1.0,0.0,0.0,0.0,0.073944,0.011616,1.041153,0.5,0.35407,0.720221,-1.075603,-0.012093,-5.961967,1.011962,1.0
BTCUSD_15983_BULLISH_15970_15973,BTCUSD,LONG,1h,2026-03-28T10:00:00+00:00,2026-03-28T13:00:00+00:00,2026-03-28T23:00:00+00:00,66388.5,66093.5,295.0,0.4463,66388.5,66093.5,66894.21,295.0,0.4444,78,bos,internal,SEED_JAN_MAR,2026-01-01T00:00:00+00:00,2026-03-31T23:59:59+00:00,167,INITIAL_SEED_DATASET,SEED_POPULATION,86628e48989c4ddf,0.0,0.2,TRAIN_SEED,2026-03-29T03:00:00+00:00,1.7143,True,TOUCH_HIT_TP,4,2.4441,0.4831,False,TRAIN_SEED_POPULATION,0.444615,0.581059,0.444354,0.581059,0.867797,0.454237,0.291525,0.581059,0.780983,13.0,10.0,0.0,0.076818,1.0,0.0,0.0,0.0,0.0,0.127257,0.09553,0.76518,0.5,0.25303,0.929695,-0.789503,-0.048959,-3.690559,0.494664,1.0
SOLUSD_15996_BULLISH_15493_15509,SOLUSD,LONG,1h,2026-03-08T13:00:00+00:00,2026-03-09T05:00:00+00:00,2026-03-29T12:00:00+00:00,82.452,81.169,1.283,1.5807,82.13125,81.169,83.78,0.96225,1.1716,29,choch,internal,SEED_JAN_MAR,2026-01-01T00:00:00+00:00,2026-03-31T23:59:59+00:00,167,INITIAL_SEED_DATASET,SEED_POPULATION,86628e48989c4ddf,0.0,0.2,TRAIN_SEED,2026-03-29T17:00:00+00:00,-1.0,True,TOUCH_HIT_SL,5,0.3396,1.0509,False,TRAIN_SEED_POPULATION,1.556434,1.553028,1.1716,1.164771,0.984412,0.609509,0.206157,1.553028,1.321829,503.0,487.0,23.0,0.364048,0.0,1.0,0.0,1.0,0.0,0.064467,0.045998,1.002194,0.5,0.358588,0.499922,0.013346,-0.302363,-0.662794,0.794806,1.0
ETHUSD_15999_BULLISH_15962_15966,ETHUSD,LONG,1h,2026-03-28T02:00:00+00:00,2026-03-28T06:00:00+00:00,2026-03-29T15:00:00+00:00,1993.15,1981.75,11.4,0.5752,1993.15,1981.75,2012.69,11.4,0.572,61,choch,internal,SEED_JAN_MAR,2026-01-01T00:00:00+00:00,2026-03-31T23:59:59+00:00,167,INITIAL_SEED_DATASET,SEED_POPULATION,86628e48989c4ddf,0.0,0.2,TRAIN_SEED,2026-03-29T22:00:00+00:00,-1.0,True,TOUCH_HIT_SL,7,1.4386,4.9167,False,TRAIN_SEED_POPULATION,0.572232,0.598534,0.571959,0.598534,0.916667,0.912281,0.254386,0.598534,0.364896,37.0,33.0,7.0,0.049878,0.0,1.0,0.0,0.0,1.0,0.10611,0.002625,0.956055,0.5,0.349255,0.682539,-0.150361,-0.307754,0.705169,1.295089,1.0
SOLUSD_16009_BEARISH_15987_16000,SOLUSD,SHORT,1h,2026-03-29T03:00:00+00:00,2026-03-29T16:00:00+00:00,2026-03-30T01:00:00+00:00,83.222,82.681,0.541,0.6543,82.81625,83.222,82.12,0.40575,0.4899,71,bos,internal,SEED_JAN_MAR,2026-01-01T00:00:00+00:00,2026-03-31T23:59:59+00:00,167,INITIAL_SEED_DATASET,SEED_POPULATION,86628e48989c4ddf,0.0,0.2,TRAIN_SEED,2026-03-30T02:00:00+00:00,-1.0,True,TOUCH_HIT_SL,1,0.8755,2.772,False,TRAIN_SEED_POPULATION,0.654156,0.648318,0.48994,0.486239,0.961183,0.537893,0.463956,0.648318,0.16897,22.0,9.0,1.0,0.136914,1.0,0.0,0.0,0.0,1.0,0.293108,0.035951,1.009004,9.0,0.520067,1.173205,0.966915,0.732025,-0.481336,1.325275,0.0
SOLUSD_16010_BEARISH_15975_15983,SOLUSD,SHORT,1h,2026-03-28T15:00:00+00:00,2026-03-28T23:00:00+00:00,2026-03-30T02:00:00+00:00,84.283,83.171,1.112,1.337,83.449,84.283,82.02,0.834,0.9994,35,choch,internal,SEED_JAN_MAR,2026-01-01T00:00:00+00:00,2026-03-31T23:59:59+00:00,167,INITIAL_SEED_DATASET,SEED_POPULATION,86628e48989c4ddf,0.0,0.2,TRAIN_SEED,2026-03-30T07:00:00+00:00,-1.0,True,TOUCH_HIT_SL,5,0.5971,1.0092,False,TRAIN_SEED_POPULATION,1.334437,1.327454,0.999413,0.99559,0.856115,0.692446,0.511691,1.327454,0.82369,35.0,27.0,1.0,0.140863,0.0,1.0,0.0,0.0,0.0,0.341155,0.130119,1.005261,10.0,0.541933,1.766755,1.436379,0.919198,0.615786,1.557687,0.0
SOLUSD_16065_BULLISH_16049_16060,SOLUSD,LONG,1h,2026-03-31T17:00:00+00:00,2026-04-01T04:00:00+00:00,2026-04-01T09:00:00+00:00,83.482,82.181,1.301,1.5831,83.15675,82.181,84.83,0.97575,1.1734,29,choch,internal,WF_WINDOW_1,2026-01-01T00:00:00+00:00,2026-03-31T23:59:59+00:00,167,Ridge_a1.0_WF_WINDOW_1_21569d3a7d2f6bd9,21569d3a7d2f6bd9,86628e48989c4ddf,0.1719,0.2,REJECT,2026-04-01T16:00:00+00:00,1.7148,True,TOUCH_HIT_TP,7,2.2006,0.7757,False,REJECTED_BY_AI,1.560289,1.541784,1.173386,1.156338,0.923136,0.269792,0.007686,1.541784,0.342487,16.0,5.0,2.0,0.266938,0.0,1.0,0.0,0.0,0.0,0.736872,0.118508,1.012002,29.5,0.684643,0.747783,-0.428703,0.628764,-0.761705,0.927924,1.0
BTCUSD_16067_BEARISH_15932_15944,BTCUSD,SHORT,1h,2026-03-26T20:00:00+00:00,2026-03-27T08:00:00+00:00,2026-04-01T11:00:00+00:00,69462.0,68408.0,1054.0,1.5408,68671.5,69462.0,67316.36,790.5,1.1511,30,bos,internal,WF_WINDOW_1,2026-01-01T00:00:00+00:00,2026-03-31T23:59:59+00:00,167,Ridge_a1.0_WF_WINDOW_1_21569d3a7d2f6bd9,21569d3a7d2f6bd9,86628e48989c4ddf,-0.1254,0.2,REJECT,2026-04-02T01:00:00+00:00,1.7143,True,TOUCH_HIT_TP,14,2.1063,0.6053,False,REJECTED_BY_AI,1.534665,2.086191,1.151133,1.564643,0.74241,0.837287,0.462049,2.086191,1.235088,135.0,123.0,8.0,0.015834,1.0,0.0,0.0,1.0,0.0,0.859346,0.011876,0.73563,32.0,0.493232,0.4592,-0.573286,0.658801,1.788877,0.747688,0.0
BTCUSD_16091_BULLISH_16007_16011,BTCUSD,LONG,1h,2026-03-29T23:00:00+00:00,2026-03-30T03:00:00+00:00,2026-04-02T11:00:00+00:00,66357.5,65826.5,531.0,0.8067,66224.75,65826.5,66907.46,398.25,0.6014,58,choch,internal,WF_WINDOW_1,2026-01-01T00:00:00+00:00,2026-03-31T23:59:59+00:00,167,Ridge_a1.0_WF_WINDOW_1_21569d3a7d2f6bd9,21569d3a7d2f6bd9,86628e48989c4ddf,-0.9597,0.2,REJECT,2026-04-02T13:00:00+00:00,-1.0,True,TOUCH_HIT_SL,2,0.0684,1.3164,False,REJECTED_BY_AI,0.802272,1.054675,0.601361,0.791007,0.678908,0.745763,0.29661,1.054675,0.109241,84.0,80.0,8.0,0.074979,0.0,1.0,0.0,0.0,1.0,0.285566,0.011917,0.760682,31.5,0.534191,0.689213,-0.709571,-2.903207,0.123288,0.775808,1.0
ETHUSD_16091_BULLISH_16041_16049,ETHUSD,LONG,1h,2026-03-31T09:00:00+00:00,2026-03-31T17:00:00+00:00,2026-04-02T11:00:00+00:00,2043.5,2011.6,31.9,1.5858,2035.525,2011.6,2076.54,23.925,1.1754,29,bos,internal,WF_WINDOW_1,2026-01-01T00:00:00+00:00,2026-03-31T23:59:59+00:00,167,Ridge_a1.0_WF_WINDOW_1_21569d3a7d2f6bd9,21569d3a7d2f6bd9,86628e48989c4ddf,-0.9455,0.2,REJECT,2026-04-03T12:00:00+00:00,1.7143,True,TOUCH_HIT_TP,25,1.7879,0.8203,False,REJECTED_BY_AI,1.569496,1.588243,1.175372,1.191182,0.655172,0.630094,0.669279,1.588243,0.112023,50.0,42.0,5.0,0.150609,1.0,0.0,0.0,0.0,1.0,0.413973,0.017426,0.988196,53.5,0.746417,0.823994,-0.812532,-5.15411,0.736005,0.719841,1.0
BTCUSD_16110_BEARISH_16100_16106,BTCUSD,SHORT,1h,2026-04-02T20:00:00+00:00,2026-04-03T02:00:00+00:00,2026-04-03T06:00:00+00:00,67081.0,66766.5,314.5,0.471,66766.5,67081.0,66227.36,314.5,0.471,74,choch,internal,WF_WINDOW_1,2026-01-01T00:00:00+00:00,2026-03-31T23:59:59+00:00,167,Ridge_a1.0_WF_WINDOW_1_21569d3a7d2f6bd9,21569d3a7d2f6bd9,86628e48989c4ddf,-0.0227,0.2,REJECT,2026-04-03T07:00:00+00:00,-1.0,True,TOUCH_HIT_SL,1,0.1399,1.4944,False,REJECTED_BY_AI,0.471031,0.637079,0.471045,0.637079,0.993641,0.041335,0.119237,0.637079,0.19244,10.0,4.0,1.0,0.004051,0.0,1.0,0.0,0.0,1.0,0.297493,0.002026,0.73936,16.0,0.317862,0.494268,0.24322,-0.074082,-2.212963,0.845453,0.0
SOLUSD_16116_BULLISH_16106_16111,SOLUSD,LONG,1h,2026-04-03T02:00:00+00:00,2026-04-03T07:00:00+00:00,2026-04-03T12:00:00+00:00,79.6,78.8423,0.7577,0.961,79.410575,78.8423,80.38,0.568275,0.7156,48,choch,internal,WF_WINDOW_1,2026-01-01T00:00:00+00:00,2026-03-31T23:59:59+00:00,167,Ridge_a1.0_WF_WINDOW_1_21569d3a7d2f6bd9,21569d3a7d2f6bd9,86628e48989c4ddf,-0.1226,0.2,REJECT,2026-04-03T15:00:00+00:00,1.7059,True,TOUCH_HIT_TP,3,2.2039,0.4251,False,REJECTED_BY_AI,0.955136,0.888802,0.715616,0.666602,0.642339,0.502838,0.277155,0.888802,0.353081,10.0,5.0,0.0,0.09569,0.0,1.0,0.0,0.0,0.0,0.266754,0.057478,1.074633,45.0,0.43947,1.97303,-0.764323,0.454603,-4.836794,1.131116,1.0
ETHUSD_16126_BULLISH_16121_16125,ETHUSD,LONG,1h,2026-04-03T17:00:00+00:00,2026-04-03T21:00:00+00:00,2026-04-03T22:00:00+00:00,2054.95,2043.0,11.95,0.5849,2054.95,2043.0,2075.44,11.95,0.5815,60,choch,internal,WF_WINDOW_1,2026-01-01T00:00:00+00:00,2026-03-31T23:59:59+00:00,167,Ridge_a1.0_WF_WINDOW_1_21569d3a7d2f6bd9,21569d3a7d2f6bd9,86628e48989c4ddf,0.1172,0.2,REJECT,2026-04-04T19:00:00+00:00,1.7146,True,TOUCH_HIT_TP,21,2.3975,0.9582,False,REJECTED_BY_AI,0.582486,0.626182,0.581523,0.626182,0.715481,0.527197,0.368201,0.626182,0.282961,5.0,1.0,0.0,0.178161,0.0,1.0,0.0,1.0,0.0,0.256172,0.0917,0.930219,7.0,0.222351,0.547582,0.090257,-0.663358,-4.265149,0.325232,1.0
XRPUSD_16136_BULLISH_16130_16134,XRPUSD,LONG,1h,2026-04-04T02:00:00+00:00,2026-04-04T06:00:00+00:00,2026-04-04T08:00:00+00:00,1.3147,1.3127,0.002,0.1524,1.3147,1.3127,1.32,0.002,0.1521,100,bos,internal,WF_WINDOW_1,2026-01-01T00:00:00+00:00,2026-03-31T23:59:59+00:00,167,Ridge_a1.0_WF_WINDOW_1_21569d3a7d2f6bd9,21569d3a7d2f6bd9,86628e48989c4ddf,0.3518,0.2,ACCEPT,2026-04-04T09:00:00+00:00,-1.0,True,TOUCH_HIT_SL,1,0.0,1.45,True,TOUCH_HIT_SL,0.152253,0.192468,0.152126,0.192468,0.45,0.85,0.0,0.192468,0.279079,6.0,2.0,1.0,0.105857,1.0,0.0,0.0,0.0,0.0,0.384876,0.02887,0.791058,0.5,0.176226,0.288702,-0.129248,-0.545124,-0.11406,0.651319,1.0
SOLUSD_16138_BEARISH_16134_16136,SOLUSD,SHORT,1h,2026-04-04T06:00:00+00:00,2026-04-04T08:00:00+00:00,2026-04-04T10:00:00+00:00,80.541,80.13,0.411,0.5129,80.13,80.541,79.43,0.411,0.5129,68,choch,internal,WF_WINDOW_1,2026-01-01T00:00:00+00:00,2026-03-31T23:59:59+00:00,167,Ridge_a1.0_WF_WINDOW_1_21569d3a7d2f6bd9,21569d3a7d2f6bd9,86628e48989c4ddf,-0.4644,0.2,REJECT,2026-04-04T15:00:00+00:00,-1.0,True,TOUCH_HIT_SL,5,1.301,3.7007,False,REJECTED_BY_AI,0.512271,0.512008,0.512917,0.512008,0.754258,0.389294,0.674453,0.512008,0.411101,4.0,2.0,0.0,0.125822,0.0,1.0,0.0,0.0,0.0,0.357517,0.013703,1.000513,0.5,0.236654,0.362517,0.07484,0.076088,1.417014,0.743586,0.0
SOLUSD_16156_BULLISH_16142_16143,SOLUSD,LONG,1h,2026-04-04T14:00:00+00:00,2026-04-04T15:00:00+00:00,2026-04-05T04:00:00+00:00,80.3843,79.5953,0.789,0.9913,80.18705,79.5953,81.2,0.59175,0.738,47,choch,internal,WF_WINDOW_1,2026-01-01T00:00:00+00:00,2026-03-31T23:59:59+00:00,167,Ridge_a1.0_WF_WINDOW_1_21569d3a7d2f6bd9,21569d3a7d2f6bd9,86628e48989c4ddf,0.3316,0.2,ACCEPT,2026-04-05T06:00:00+00:00,-1.0,True,TOUCH_HIT_SL,2,0.3785,1.3689,True,TOUCH_HIT_SL,0.982308,1.027062,0.737962,0.770297,0.919772,0.144867,0.430925,1.027062,0.96458,14.0,13.0,1.0,0.174366,0.0,1.0,0.0,0.0,1.0,0.366573,0.028638,0.956425,0.5,0.286895,0.378802,-0.642009,0.376156,1.224968,0.710952,1.0
ETHUSD_16157_BULLISH_16142_16147,ETHUSD,LONG,1h,2026-04-04T14:00:00+00:00,2026-04-04T19:00:00+00:00,2026-04-05T05:00:00+00:00,2054.1,2043.5,10.6,0.5187,2054.1,2043.5,2072.27,10.6,0.516,67,bos,internal,WF_WINDOW_1,2026-01-01T00:00:00+00:00,2026-03-31T23:59:59+00:00,167,Ridge_a1.0_WF_WINDOW_1_21569d3a7d2f6bd9,21569d3a7d2f6bd9,86628e48989c4ddf,0.33,0.2,ACCEPT,2026-04-05T06:00:00+00:00,-1.0,True,TOUCH_HIT_SL,1,0.0,2.5849,True,TOUCH_HIT_SL,0.517553,0.613043,0.516041,0.613043,0.433962,0.726415,0.009434,0.613043,0.552317,15.0,10.0,2.0,0.347005,1.0,0.0,0.0,0.0,0.0,0.212331,0.031809,0.844236,0.5,0.185693,0.592801,-0.657241,-0.219234,-0.253251,0.997777,1.0
BTCUSD_16188_BULLISH_16178_16185,BTCUSD,LONG,1h,2026-04-06T02:00:00+00:00,2026-04-06T09:00:00+00:00,2026-04-06T12:00:00+00:00,69393.5,68746.5,647.0,0.9411,69231.75,68746.5,70063.61,485.25,0.7009,49,bos,internal,WF_WINDOW_1,2026-01-01T00:00:00+00:00,2026-03-31T23:59:59+00:00,167,Ridge_a1.0_WF_WINDOW_1_21569d3a7d2f6bd9,21569d3a7d2f6bd9,86628e48989c4ddf,0.5567,0.2,ACCEPT,2026-04-06T16:00:00+00:00,1.7143,True,TOUCH_HIT_TP,4,2.2457,0.1788,True,TOUCH_HIT_TP,0.933036,1.527238,0.700907,1.145429,0.92272,0.146059,0.641422,1.527238,1.20031,10.0,3.0,0.0,0.263785,1.0,0.0,0.0,1.0,1.0,0.798904,0.005901,0.61093,7.5,0.422532,0.734113,0.361829,2.692316,3.273488,1.320589,1.0
ETHUSD_16188_BULLISH_16178_16185,ETHUSD,LONG,1h,2026-04-06T02:00:00+00:00,2026-04-06T09:00:00+00:00,2026-04-06T12:00:00+00:00,2147.7,2114.0,33.7,1.5941,2139.275,2114.0,2182.6,25.275,1.1815,29,bos,internal,WF_WINDOW_1,2026-01-01T00:00:00+00:00,2026-03-31T23:59:59+00:00,167,Ridge_a1.0_WF_WINDOW_1_21569d3a7d2f6bd9,21569d3a7d2f6bd9,86628e48989c4ddf,0.6786,0.2,ACCEPT,2026-04-06T22:00:00+00:00,-1.0,True,TOUCH_HIT_SL,10,1.18,1.3877,True,TOUCH_HIT_SL,1.572635,1.963651,1.181475,1.472739,0.857567,0.18546,0.543027,1.963651,0.707963,10.0,3.0,1.0,0.211224,1.0,0.0,0.0,1.0,1.0,0.801262,0.026221,0.800873,7.5,0.473203,0.748751,0.398238,4.049527,4.34084,1.146623,1.0
XRPUSD_16188_BULLISH_16178_16185,XRPUSD,LONG,1h,2026-04-06T02:00:00+00:00,2026-04-06T09:00:00+00:00,2026-04-06T12:00:00+00:00,1.3484,1.3289,0.0195,1.4674,1.343525,1.3289,1.37,0.014625,1.0886,32,bos,internal,WF_WINDOW_1,2026-01-01T00:00:00+00:00,2026-03-31T23:59:59+00:00,167,Ridge_a1.0_WF_WINDOW_1_21569d3a7d2f6bd9,21569d3a7d2f6bd9,86628e48989c4ddf,0.7041,0.2,ACCEPT,2026-04-06T22:00:00+00:00,-1.0,True,TOUCH_HIT_SL,10,0.6479,1.7521,True,TOUCH_HIT_SL,1.452189,1.994395,1.088554,1.495796,0.712821,0.338462,0.569231,1.994395,1.36028,10.0,3.0,1.0,0.074151,1.0,0.0,0.0,0.0,1.0,0.82048,0.0,0.728135,5.5,0.45444,0.879579,-0.059542,3.268477,2.230681,1.255388,1.0
SOLUSD_16206_BULLISH_16167_16174,SOLUSD,LONG,1h,2026-04-05T15:00:00+00:00,2026-04-05T22:00:00+00:00,2026-04-07T06:00:00+00:00,80.33,78.969,1.361,1.7235,79.98975,78.969,81.74,1.02075,1.2761,27,choch,internal,WF_WINDOW_1,2026-01-01T00:00:00+00:00,2026-03-31T23:59:59+00:00,167,Ridge_a1.0_WF_WINDOW_1_21569d3a7d2f6bd9,21569d3a7d2f6bd9,86628e48989c4ddf,-0.2394,0.2,REJECT,2026-04-07T11:00:00+00:00,-1.0,True,TOUCH_HIT_SL,5,0.589,1.0392,False,REJECTED_BY_AI,1.711541,1.829032,1.276101,1.371774,0.404115,0.772961,0.242469,1.829032,1.155744,39.0,32.0,8.0,0.632635,0.0,1.0,0.0,1.0,0.0,0.216506,0.102539,0.935763,0.5,0.438924,0.486488,0.037741,-3.369708,-0.998494,0.607479,1.0
XRPUSD_16209_BEARISH_16200_16205,XRPUSD,SHORT,1h,2026-04-07T00:00:00+00:00,2026-04-07T05:00:00+00:00,2026-04-07T09:00:00+00:00,1.3253,1.3193,0.006,0.4548,1.3193,1.3253,1.31,0.006,0.4548,76,bos,internal,WF_WINDOW_1,2026-01-01T00:00:00+00:00,2026-03-31T23:59:59+00:00,167,Ridge_a1.0_WF_WINDOW_1_21569d3a7d2f6bd9,21569d3a7d2f6bd9,86628e48989c4ddf,0.2723,0.2,ACCEPT,2026-04-07T10:00:00+00:00,1.55,True,TOUCH_HIT_TP,1,2.3333,0.3,True,TOUCH_HIT_TP,0.454752,0.624374,0.454787,0.624374,0.983333,0.833333,0.066667,0.624374,0.655592,9.0,4.0,1.0,0.010406,1.0,0.0,0.0,0.0,0.0,0.524652,0.08325,0.728333,0.5,0.382023,0.71803,0.144213,-1.588722,1.727062,0.977497,0.0
BTCUSD_16219_BEARISH_16209_16210,BTCUSD,SHORT,1h,2026-04-07T09:00:00+00:00,2026-04-07T10:00:00+00:00,2026-04-07T19:00:00+00:00,69226.0,68906.5,319.5,0.4637,68906.5,69226.0,68358.79,319.5,0.4637,75,bos,internal,WF_WINDOW_1,2026-01-01T00:00:00+00:00,2026-03-31T23:59:59+00:00,167,Ridge_a1.0_WF_WINDOW_1_21569d3a7d2f6bd9,21569d3a7d2f6bd9,86628e48989c4ddf,0.3904,0.2,ACCEPT,2026-04-07T20:00:00+00:00,-1.0,True,TOUCH_HIT_SL,1,0.0,1.8811,True,TOUCH_HIT_SL,0.463158,0.740391,0.463672,0.740391,0.760563,0.519562,0.630673,0.740391,2.12037,10.0,9.0,1.0,0.177277,1.0,0.0,0.0,0.0,0.0,0.642064,0.011587,0.625558,31.5,0.475734,1.732214,1.687095,0.22884,2.422366,1.276026,0.0
ETHUSD_16220_BEARISH_16209_16210,ETHUSD,SHORT,1h,2026-04-07T09:00:00+00:00,2026-04-07T10:00:00+00:00,2026-04-07T20:00:00+00:00,2133.5,2113.75,19.75,0.9344,2118.6875,2133.5,2093.29,14.8125,0.6991,50,choch,internal,WF_WINDOW_1,2026-01-01T00:00:00+00:00,2026-03-31T23:59:59+00:00,167,Ridge_a1.0_WF_WINDOW_1_21569d3a7d2f6bd9,21569d3a7d2f6bd9,86628e48989c4ddf,0.0002,0.2,REJECT,2026-04-07T21:00:00+00:00,-1.0,True,TOUCH_HIT_SL,1,0.2591,2.2996,False,REJECTED_BY_AI,0.933828,1.133105,0.699136,0.849829,0.939241,0.587342,0.678481,1.133105,2.240393,11.0,10.0,2.0,0.214429,0.0,1.0,0.0,0.0,0.0,0.611945,0.02008,0.824132,32.5,0.642912,0.886404,1.697401,0.475071,2.555461,1.338955,0.0
BTCUSD_16240_BEARISH_16236_16238,BTCUSD,SHORT,1h,2026-04-08T12:00:00+00:00,2026-04-08T14:00:00+00:00,2026-04-08T16:00:00+00:00,72171.5,71550.0,621.5,0.8686,71705.375,72171.5,70906.3,466.125,0.6501,53,choch,internal,WF_WINDOW_1,2026-01-01T00:00:00+00:00,2026-03-31T23:59:59+00:00,167,Ridge_a1.0_WF_WINDOW_1_21569d3a7d2f6bd9,21569d3a7d2f6bd9,86628e48989c4ddf,-0.5164,0.2,REJECT,2026-04-08T23:00:00+00:00,1.7143,True,TOUCH_HIT_TP,7,1.789,0.4916,False,REJECTED_BY_AI,0.868411,1.382472,0.650056,1.036854,0.971842,0.172164,0.60177,1.382472,1.492581,4.0,2.0,0.0,0.306691,0.0,1.0,0.0,1.0,0.0,0.795389,0.006673,0.628158,48.0,0.650267,0.964283,-0.125597,0.162348,2.786255,1.734161,0.0
SOLUSD_16241_BEARISH_16237_16238,SOLUSD,SHORT,1h,2026-04-08T13:00:00+00:00,2026-04-08T14:00:00+00:00,2026-04-08T17:00:00+00:00,84.992,83.911,1.081,1.2883,84.18125,84.992,82.79,0.81075,0.9631,36,choch,internal,WF_WINDOW_1,2026-01-01T00:00:00+00:00,2026-03-31T23:59:59+00:00,167,Ridge_a1.0_WF_WINDOW_1_21569d3a7d2f6bd9,21569d3a7d2f6bd9,86628e48989c4ddf,-0.1793,0.2,REJECT,2026-04-08T19:00:00+00:00,1.716,True,TOUCH_HIT_TP,2,1.7271,0.0,False,REJECTED_BY_AI,1.287334,1.415107,0.9631,1.06133,0.943571,0.267345,0.435708,1.415107,1.505433,4.0,3.0,0.0,0.273923,0.0,1.0,0.0,1.0,0.0,0.645618,0.034036,0.909708,35.0,0.781033,1.15434,-0.674221,-0.769294,2.041511,1.437484,0.0
ETHUSD_16268_BEARISH_16241_16246,ETHUSD,SHORT,1h,2026-04-08T17:00:00+00:00,2026-04-08T22:00:00+00:00,2026-04-09T20:00:00+00:00,2239.05,2212.2,26.85,1.2137,2218.9125,2239.05,2184.39,20.1375,0.9075,38,bos,internal,WF_WINDOW_1,2026-01-01T00:00:00+00:00,2026-03-31T23:59:59+00:00,167,Ridge_a1.0_WF_WINDOW_1_21569d3a7d2f6bd9,21569d3a7d2f6bd9,86628e48989c4ddf,-0.1273,0.2,REJECT,2026-04-09T22:00:00+00:00,-1.0,True,TOUCH_HIT_SL,2,1.103,1.3402,False,REJECTED_BY_AI,1.213532,1.472236,0.907539,1.104177,0.986965,0.610801,0.413408,1.472236,1.387247,27.0,22.0,5.0,0.348868,1.0,0.0,0.0,1.0,0.0,0.730035,0.057573,0.824278,63.0,0.561145,0.6196,-0.220975,1.418684,6.079348,1.484252,0.0
BTCUSD_16281_BEARISH_16273_16279,BTCUSD,SHORT,1h,2026-04-10T01:00:00+00:00,2026-04-10T07:00:00+00:00,2026-04-10T09:00:00+00:00,72358.5,71629.0,729.5,1.0184,71811.375,72358.5,70873.45,547.125,0.7619,45,choch,internal,WF_WINDOW_1,2026-01-01T00:00:00+00:00,2026-03-31T23:59:59+00:00,167,Ridge_a1.0_WF_WINDOW_1_21569d3a7d2f6bd9,21569d3a7d2f6bd9,86628e48989c4ddf,-0.2648,0.2,REJECT,2026-04-10T12:00:00+00:00,-1.0,True,TOUCH_HIT_SL,3,0.2584,1.1554,False,REJECTED_BY_AI,1.016668,1.603222,0.761892,1.202417,0.82865,0.302262,0.261138,1.603222,0.691177,8.0,2.0,1.0,0.126093,0.0,1.0,0.0,1.0,0.0,0.745017,0.004395,0.634141,66.0,0.452043,0.63074,-0.475058,-0.141951,0.187099,0.829578,0.0
ETHUSD_16298_BEARISH_16233_16238,ETHUSD,SHORT,1h,2026-04-08T09:00:00+00:00,2026-04-08T14:00:00+00:00,2026-04-11T02:00:00+00:00,2262.9,2245.7,17.2,0.7659,2250.0,2262.9,2227.89,12.9,0.5733,61,choch,internal,WF_WINDOW_1,2026-01-01T00:00:00+00:00,2026-03-31T23:59:59+00:00,167,Ridge_a1.0_WF_WINDOW_1_21569d3a7d2f6bd9,21569d3a7d2f6bd9,86628e48989c4ddf,0.0635,0.2,REJECT,2026-04-11T05:00:00+00:00,1.714,True,TOUCH_HIT_TP,3,1.7364,0.0,False,REJECTED_BY_AI,0.765312,0.95021,0.573333,0.712657,0.898256,0.677326,0.40407,0.95021,2.215314,65.0,60.0,11.0,0.140874,0.0,1.0,0.0,1.0,0.0,0.878397,0.13535,0.805414,54.5,0.424197,0.563496,-0.290594,1.45585,2.980663,0.307559,0.0
SOLUSD_16321_BULLISH_16262_16265,SOLUSD,LONG,1h,2026-04-09T14:00:00+00:00,2026-04-09T17:00:00+00:00,2026-04-12T01:00:00+00:00,82.322,81.42,0.902,1.1078,82.0965,81.42,83.26,0.6765,0.824,42,choch,internal,WF_WINDOW_1,2026-01-01T00:00:00+00:00,2026-03-31T23:59:59+00:00,167,Ridge_a1.0_WF_WINDOW_1_21569d3a7d2f6bd9,21569d3a7d2f6bd9,86628e48989c4ddf,0.3889,0.2,ACCEPT,2026-04-12T14:00:00+00:00,-1.0,True,TOUCH_HIT_SL,13,1.2646,1.2217,True,TOUCH_HIT_SL,1.096097,1.23124,0.82403,0.92343,0.966741,0.331707,0.345898,1.23124,1.324061,59.0,56.0,0.0,0.26686,0.0,1.0,0.0,0.0,0.0,0.154802,0.00273,0.890238,10.0,0.77075,4.027057,-3.666417,-2.082292,-1.236168,1.119249,1.0
BTCUSD_16338_BULLISH_16262_16263,BTCUSD,LONG,1h,2026-04-09T14:00:00+00:00,2026-04-09T15:00:00+00:00,2026-04-12T18:00:00+00:00,71226.5,70495.0,731.5,1.0377,71043.625,70495.0,71984.12,548.625,0.7722,45,bos,internal,WF_WINDOW_1,2026-01-01T00:00:00+00:00,2026-03-31T23:59:59+00:00,167,Ridge_a1.0_WF_WINDOW_1_21569d3a7d2f6bd9,21569d3a7d2f6bd9,86628e48989c4ddf,0.4683,0.2,ACCEPT,2026-04-12T22:00:00+00:00,-1.0,True,TOUCH_HIT_SL,4,0.6951,1.0301,True,TOUCH_HIT_SL,1.031618,1.70994,0.772237,1.282455,0.564593,0.892003,0.433356,1.70994,2.398358,76.0,75.0,6.0,0.317034,1.0,0.0,0.0,1.0,0.0,0.141428,0.017532,0.603307,27.0,0.46017,0.0,0.056443,-0.927045,-2.815164,0.81606,1.0
XRPUSD_16384_BULLISH_16380_16381,XRPUSD,LONG,1h,2026-04-14T12:00:00+00:00,2026-04-14T13:00:00+00:00,2026-04-14T16:00:00+00:00,1.3709,1.3644,0.0065,0.4764,1.3709,1.3644,1.38,0.0065,0.4741,73,bos,internal,WF_WINDOW_1,2026-01-01T00:00:00+00:00,2026-03-31T23:59:59+00:00,167,Ridge_a1.0_WF_WINDOW_1_21569d3a7d2f6bd9,21569d3a7d2f6bd9,86628e48989c4ddf,0.721,0.2,ACCEPT,2026-04-14T18:00:00+00:00,-1.0,True,TOUCH_HIT_SL,2,0.4769,2.9385,True,TOUCH_HIT_SL,0.475216,0.702981,0.474141,0.702981,0.523077,0.8,0.292308,0.702981,2.747034,4.0,3.0,1.0,0.335268,1.0,0.0,0.0,0.0,1.0,0.642298,0.032445,0.676001,27.5,0.742334,1.589819,-0.051151,0.131772,3.472275,1.727592,1.0
XRPUSD_16403_BEARISH_16392_16399,XRPUSD,SHORT,1h,2026-04-15T00:00:00+00:00,2026-04-15T07:00:00+00:00,2026-04-15T11:00:00+00:00,1.366,1.3571,0.0089,0.6558,1.359325,1.366,1.35,0.006675,0.4911,71,bos,internal,WF_WINDOW_1,2026-01-01T00:00:00+00:00,2026-03-31T23:59:59+00:00,167,Ridge_a1.0_WF_WINDOW_1_21569d3a7d2f6bd9,21569d3a7d2f6bd9,86628e48989c4ddf,0.3939,0.2,ACCEPT,2026-04-15T12:00:00+00:00,-1.0,True,TOUCH_HIT_SL,1,0.0,1.3745,True,TOUCH_HIT_SL,0.652971,0.979826,0.491053,0.73487,0.337079,0.808989,0.033708,0.979826,0.407343,11.0,4.0,1.0,0.404591,1.0,0.0,0.0,0.0,0.0,0.579634,0.022019,0.666416,16.0,0.354863,0.935789,0.575561,0.531052,2.790347,0.709471,0.0
XRPUSD_16405_BEARISH_16384_16386,XRPUSD,SHORT,1h,2026-04-14T16:00:00+00:00,2026-04-14T18:00:00+00:00,2026-04-15T13:00:00+00:00,1.3804,1.3657,0.0147,1.0764,1.369375,1.3804,1.35,0.011025,0.8051,43,choch,internal,WF_WINDOW_1,2026-01-01T00:00:00+00:00,2026-03-31T23:59:59+00:00,167,Ridge_a1.0_WF_WINDOW_1_21569d3a7d2f6bd9,21569d3a7d2f6bd9,86628e48989c4ddf,0.3769,0.2,ACCEPT,2026-04-15T15:00:00+00:00,-1.0,True,TOUCH_HIT_SL,2,0.5147,1.254,True,TOUCH_HIT_SL,1.075584,1.621632,0.805112,1.216224,0.931973,0.190476,0.435374,1.621632,1.599569,21.0,19.0,2.0,0.295093,0.0,1.0,0.0,0.0,0.0,0.627937,0.033095,0.663272,15.5,0.345564,0.72808,0.870913,0.662886,3.139386,0.708308,0.0
BTCUSD_16428_BEARISH_16418_16426,BTCUSD,SHORT,1h,2026-04-16T02:00:00+00:00,2026-04-16T10:00:00+00:00,2026-04-16T12:00:00+00:00,75240.0,74563.5,676.5,0.9073,74732.625,75240.0,73862.84,507.375,0.6789,51,choch,internal,WF_WINDOW_1,2026-01-01T00:00:00+00:00,2026-03-31T23:59:59+00:00,167,Ridge_a1.0_WF_WINDOW_1_21569d3a7d2f6bd9,21569d3a7d2f6bd9,86628e48989c4ddf,-0.2072,0.2,REJECT,2026-04-16T13:00:00+00:00,1.7143,True,TOUCH_HIT_TP,1,2.8936,0.5053,False,REJECTED_BY_AI,0.907013,1.523047,0.67892,1.142285,0.96748,0.405765,0.327421,1.523047,0.657398,10.0,2.0,0.0,0.331232,0.0,1.0,0.0,1.0,0.0,0.741804,0.005628,0.595525,43.5,0.281835,0.690043,-0.119184,-0.166644,0.361965,1.08137,0.0
XRPUSD_16475_BULLISH_16442_16453,XRPUSD,LONG,1h,2026-04-17T02:00:00+00:00,2026-04-17T13:00:00+00:00,2026-04-18T11:00:00+00:00,1.431,1.422,0.009,0.6329,1.42875,1.422,1.44,0.00675,0.4724,74,bos,internal,WF_WINDOW_1,2026-01-01T00:00:00+00:00,2026-03-31T23:59:59+00:00,167,Ridge_a1.0_WF_WINDOW_1_21569d3a7d2f6bd9,21569d3a7d2f6bd9,86628e48989c4ddf,0.6538,0.2,ACCEPT,2026-04-19T05:00:00+00:00,1.6667,True,TOUCH_HIT_TP,18,2.0519,0.837,True,TOUCH_HIT_TP,0.629019,0.843752,0.472441,0.632814,0.977778,0.744444,0.055556,0.843752,2.615633,33.0,22.0,0.0,0.192188,1.0,0.0,0.0,0.0,1.0,0.508464,0.05625,0.745502,100.0,0.507339,1.406254,-2.679907,-3.409168,1.009531,1.1686,1.0
XRPUSD_16499_BEARISH_16493_16495,XRPUSD,SHORT,1h,2026-04-19T05:00:00+00:00,2026-04-19T07:00:00+00:00,2026-04-19T11:00:00+00:00,1.4426,1.4288,0.0138,0.9658,1.43225,1.4426,1.41,0.01035,0.7226,48,choch,internal,WF_WINDOW_1,2026-01-01T00:00:00+00:00,2026-03-31T23:59:59+00:00,167,Ridge_a1.0_WF_WINDOW_1_21569d3a7d2f6bd9,21569d3a7d2f6bd9,86628e48989c4ddf,-0.0075,0.2,REJECT,2026-04-19T13:00:00+00:00,-1.0,True,TOUCH_HIT_SL,2,0.6232,1.3478,False,REJECTED_BY_AI,0.965845,1.312311,0.722639,0.984233,1.0,0.108696,0.07971,1.312311,0.827326,6.0,4.0,0.0,0.328078,0.0,1.0,0.0,0.0,1.0,0.494975,0.028528,0.735988,84.0,0.263999,0.808307,0.049016,0.084057,-1.550334,1.299716,0.0
BTCUSD_16504_BULLISH_16495_16501,BTCUSD,LONG,1h,2026-04-19T07:00:00+00:00,2026-04-19T13:00:00+00:00,2026-04-19T16:00:00+00:00,75363.5,74829.5,534.0,0.7136,75230.0,74829.5,75916.57,400.5,0.5324,65,choch,internal,WF_WINDOW_1,2026-01-01T00:00:00+00:00,2026-03-31T23:59:59+00:00,167,Ridge_a1.0_WF_WINDOW_1_21569d3a7d2f6bd9,21569d3a7d2f6bd9,86628e48989c4ddf,-0.4213,0.2,REJECT,2026-04-19T17:00:00+00:00,-1.0,True,TOUCH_HIT_SL,1,0.2959,1.598,False,REJECTED_BY_AI,0.70873,1.197289,0.532367,0.897967,0.967228,0.201311,0.28839,1.197289,0.781377,9.0,3.0,1.0,0.260085,0.0,1.0,0.0,0.0,0.0,0.414105,0.069506,0.591946,53.0,0.252745,1.260068,-0.27794,-0.306308,-3.19779,1.71362,1.0
BTCUSD_16505_BULLISH_16442_16448,BTCUSD,LONG,1h,2026-04-17T02:00:00+00:00,2026-04-17T08:00:00+00:00,2026-04-19T17:00:00+00:00,74777.5,74491.5,286.0,0.3839,74777.5,74491.5,75267.79,286.0,0.3825,91,bos,internal,WF_WINDOW_1,2026-01-01T00:00:00+00:00,2026-03-31T23:59:59+00:00,167,Ridge_a1.0_WF_WINDOW_1_21569d3a7d2f6bd9,21569d3a7d2f6bd9,86628e48989c4ddf,0.1539,0.2,REJECT,2026-04-19T20:00:00+00:00,-1.0,True,TOUCH_HIT_SL,3,0.9143,1.4091,False,REJECTED_BY_AI,0.382647,0.639006,0.382468,0.639006,0.877622,0.655594,0.125874,0.639006,1.56847,63.0,57.0,0.0,0.0782,1.0,0.0,0.0,0.0,0.0,0.294042,0.006703,0.598816,57.5,0.302712,1.694707,-1.041977,-0.937707,-3.848999,1.942584,1.0
BTCUSD_16510_BULLISH_16430_16435,BTCUSD,LONG,1h,2026-04-16T14:00:00+00:00,2026-04-16T19:00:00+00:00,2026-04-19T22:00:00+00:00,74163.5,73394.5,769.0,1.0478,73971.25,73394.5,74959.96,576.75,0.7797,44,choch,internal,WF_WINDOW_1,2026-01-01T00:00:00+00:00,2026-03-31T23:59:59+00:00,167,Ridge_a1.0_WF_WINDOW_1_21569d3a7d2f6bd9,21569d3a7d2f6bd9,86628e48989c4ddf,-0.1663,0.2,REJECT,2026-04-20T07:00:00+00:00,1.7143,True,TOUCH_HIT_TP,9,2.7191,0.5137,False,REJECTED_BY_AI,1.039119,1.717088,0.779695,1.287816,0.793888,0.572822,0.242523,1.717088,0.682146,80.0,75.0,0.0,0.07536,0.0,1.0,0.0,0.0,0.0,0.147319,0.066987,0.605164,59.0,0.336682,1.443559,-0.986721,-1.596293,-4.25704,0.908421,1.0
BTCUSD_16527_BEARISH_16501_16505,BTCUSD,SHORT,1h,2026-04-19T13:00:00+00:00,2026-04-19T17:00:00+00:00,2026-04-20T15:00:00+00:00,76199.0,75504.5,694.5,0.9198,75678.125,76199.0,74785.2,520.875,0.6883,50,choch,internal,WF_WINDOW_1,2026-01-01T00:00:00+00:00,2026-03-31T23:59:59+00:00,167,Ridge_a1.0_WF_WINDOW_1_21569d3a7d2f6bd9,21569d3a7d2f6bd9,86628e48989c4ddf,-0.3086,0.2,REJECT,2026-04-20T18:00:00+00:00,-1.0,True,TOUCH_HIT_SL,3,0.8373,1.4444,False,REJECTED_BY_AI,0.917819,1.525573,0.688277,1.14418,0.763859,0.337653,0.5018,1.525573,1.32458,26.0,22.0,3.0,0.021143,0.0,1.0,0.0,0.0,1.0,0.478265,0.058211,0.601622,76.5,0.399981,2.372382,0.900078,1.939956,-0.540878,1.603957,0.0
XRPUSD_16527_BEARISH_16501_16508,XRPUSD,SHORT,1h,2026-04-19T13:00:00+00:00,2026-04-19T20:00:00+00:00,2026-04-20T15:00:00+00:00,1.4462,1.4305,0.0157,1.0975,1.434425,1.4462,1.41,0.011775,0.8209,42,bos,internal,WF_WINDOW_1,2026-01-01T00:00:00+00:00,2026-03-31T23:59:59+00:00,167,Ridge_a1.0_WF_WINDOW_1_21569d3a7d2f6bd9,21569d3a7d2f6bd9,86628e48989c4ddf,0.1254,0.2,REJECT,2026-04-21T08:00:00+00:00,-1.0,True,TOUCH_HIT_SL,17,1.3355,1.2293,False,REJECTED_BY_AI,1.096216,1.472284,0.820886,1.104213,0.89172,0.248408,0.452229,1.472284,0.572034,26.0,19.0,2.0,0.208652,1.0,0.0,0.0,0.0,1.0,0.343564,0.028133,0.744568,99.5,0.539192,2.475688,1.287129,1.935943,-0.292398,1.230923,0.0
SOLUSD_16528_BULLISH_16519_16527,SOLUSD,LONG,1h,2026-04-20T07:00:00+00:00,2026-04-20T15:00:00+00:00,2026-04-20T16:00:00+00:00,85.773,84.442,1.331,1.5762,85.44025,84.442,87.15,0.99825,1.1684,29,choch,internal,WF_WINDOW_1,2026-01-01T00:00:00+00:00,2026-03-31T23:59:59+00:00,167,Ridge_a1.0_WF_WINDOW_1_21569d3a7d2f6bd9,21569d3a7d2f6bd9,86628e48989c4ddf,0.2038,0.2,ACCEPT,2026-04-21T19:00:00+00:00,-1.0,True,TOUCH_HIT_SL,27,1.4663,1.1322,True,TOUCH_HIT_SL,1.560339,1.820348,1.16836,1.365261,0.646131,0.383922,0.159805,1.820348,1.46339,9.0,1.0,0.0,0.189078,0.0,1.0,0.0,1.0,0.0,0.30548,0.136765,0.857165,74.5,0.570944,0.86299,0.280968,1.137024,-1.752972,1.268304,1.0
ETHUSD_16530_BEARISH_16501_16506,ETHUSD,SHORT,1h,2026-04-19T13:00:00+00:00,2026-04-19T18:00:00+00:00,2026-04-20T18:00:00+00:00,2348.9,2328.7,20.2,0.8674,2333.75,2348.9,2307.78,15.15,0.6492,53,bos,internal,WF_WINDOW_1,2026-01-01T00:00:00+00:00,2026-03-31T23:59:59+00:00,167,Ridge_a1.0_WF_WINDOW_1_21569d3a7d2f6bd9,21569d3a7d2f6bd9,86628e48989c4ddf,-0.3404,0.2,REJECT,2026-04-20T23:00:00+00:00,1.7142,True,TOUCH_HIT_TP,5,1.8251,0.802,False,REJECTED_BY_AI,0.865949,1.062117,0.64917,0.796587,0.80198,0.722772,0.366337,1.062117,0.007887,29.0,24.0,1.0,0.055209,1.0,0.0,0.0,0.0,1.0,0.383819,0.018403,0.815305,92.0,0.537886,1.424919,1.006733,2.08306,-1.123262,1.564225,0.0
SOLUSD_16530_BEARISH_16502_16510,SOLUSD,SHORT,1h,2026-04-19T14:00:00+00:00,2026-04-19T22:00:00+00:00,2026-04-20T18:00:00+00:00,87.104,85.962,1.142,1.3285,86.2475,87.104,84.78,0.8565,0.9931,35,bos,internal,WF_WINDOW_1,2026-01-01T00:00:00+00:00,2026-03-31T23:59:59+00:00,167,Ridge_a1.0_WF_WINDOW_1_21569d3a7d2f6bd9,21569d3a7d2f6bd9,86628e48989c4ddf,0.556,0.2,ACCEPT,2026-04-21T17:00:00+00:00,1.7134,True,TOUCH_HIT_TP,23,1.7577,0.7665,True,TOUCH_HIT_TP,1.327089,1.562578,0.993072,1.171934,0.920315,0.21366,0.165499,1.562578,1.219139,28.0,20.0,1.0,0.266131,1.0,0.0,0.0,0.0,1.0,0.401113,0.001368,0.849295,73.5,0.51144,0.648566,0.880401,1.763203,-0.739382,1.311418,0.0
BTCUSD_16550_BULLISH_16539_16546,BTCUSD,LONG,1h,2026-04-21T03:00:00+00:00,2026-04-21T10:00:00+00:00,2026-04-21T14:00:00+00:00,75680.0,75436.0,244.0,0.3235,75680.0,75436.0,76098.29,244.0,0.3224,100,bos,internal,WF_WINDOW_1,2026-01-01T00:00:00+00:00,2026-03-31T23:59:59+00:00,167,Ridge_a1.0_WF_WINDOW_1_21569d3a7d2f6bd9,21569d3a7d2f6bd9,86628e48989c4ddf,-0.4194,0.2,REJECT,2026-04-21T15:00:00+00:00,-1.0,True,TOUCH_HIT_SL,1,1.1086,1.2111,False,REJECTED_BY_AI,0.322628,0.532891,0.32241,0.532891,0.790984,0.44877,0.532787,0.532891,0.824453,11.0,4.0,1.0,0.111383,1.0,0.0,0.0,0.0,1.0,0.42331,0.090635,0.605429,82.5,0.303,2.163233,-0.911241,-0.217695,0.131737,1.721778,1.0
XRPUSD_16555_BULLISH_16520_16527,XRPUSD,LONG,1h,2026-04-20T08:00:00+00:00,2026-04-20T15:00:00+00:00,2026-04-21T19:00:00+00:00,1.417,1.407,0.01,0.7107,1.4145,1.407,1.43,0.0075,0.5302,66,choch,internal,WF_WINDOW_1,2026-01-01T00:00:00+00:00,2026-03-31T23:59:59+00:00,167,Ridge_a1.0_WF_WINDOW_1_21569d3a7d2f6bd9,21569d3a7d2f6bd9,86628e48989c4ddf,-0.1567,0.2,REJECT,2026-04-21T23:00:00+00:00,2.0667,True,TOUCH_HIT_TP,4,2.5333,0.36,False,REJECTED_BY_AI,0.707864,0.956157,0.530223,0.717118,0.57,0.63,0.54,0.956157,1.482043,35.0,28.0,1.0,0.172108,0.0,1.0,0.0,0.0,1.0,0.192593,0.038246,0.740322,60.0,0.316169,1.940998,-1.285724,-1.029844,0.02124,1.017886,1.0
ETHUSD_16556_BEARISH_16544_16550,ETHUSD,SHORT,1h,2026-04-21T08:00:00+00:00,2026-04-21T14:00:00+00:00,2026-04-21T20:00:00+00:00,2337.9,2312.6,25.3,1.094,2318.925,2337.9,2286.4,18.975,0.8183,42,choch,internal,WF_WINDOW_1,2026-01-01T00:00:00+00:00,2026-03-31T23:59:59+00:00,167,Ridge_a1.0_WF_WINDOW_1_21569d3a7d2f6bd9,21569d3a7d2f6bd9,86628e48989c4ddf,-0.4851,0.2,REJECT,2026-04-22T02:00:00+00:00,-1.0,True,TOUCH_HIT_SL,6,0.9578,2.9526,False,REJECTED_BY_AI,1.092873,1.33007,0.818267,0.997552,0.905138,0.70751,0.199605,1.33007,0.738636,12.0,6.0,3.0,0.206345,0.0,1.0,0.0,0.0,0.0,0.319261,0.010514,0.821666,92.0,0.357251,1.598187,0.246828,0.090795,0.880251,1.451854,0.0
BTCUSD_16559_BEARISH_16544_16555,BTCUSD,SHORT,1h,2026-04-21T08:00:00+00:00,2026-04-21T19:00:00+00:00,2026-04-21T23:00:00+00:00,76859.5,76025.0,834.5,1.0977,76233.625,76859.5,75160.7,625.875,0.821,42,choch,internal,WF_WINDOW_1,2026-01-01T00:00:00+00:00,2026-03-31T23:59:59+00:00,167,Ridge_a1.0_WF_WINDOW_1_21569d3a7d2f6bd9,21569d3a7d2f6bd9,86628e48989c4ddf,-0.2058,0.2,REJECT,2026-04-22T02:00:00+00:00,-1.0,True,TOUCH_HIT_SL,3,0.2223,2.2039,False,REJECTED_BY_AI,1.093874,1.79205,0.820996,1.344038,0.684242,0.441582,0.49311,1.79205,1.242302,15.0,4.0,0.0,0.117842,0.0,1.0,0.0,0.0,0.0,0.672024,0.150322,0.610404,94.5,0.428275,1.74588,0.944763,-0.22691,2.566567,0.655674,0.0
XRPUSD_16562_BEARISH_16544_16555,XRPUSD,SHORT,1h,2026-04-21T08:00:00+00:00,2026-04-21T19:00:00+00:00,2026-04-22T02:00:00+00:00,1.4489,1.4369,0.012,0.8351,1.4399,1.4489,1.42,0.009,0.625,55,choch,internal,WF_WINDOW_1,2026-01-01T00:00:00+00:00,2026-03-31T23:59:59+00:00,167,Ridge_a1.0_WF_WINDOW_1_21569d3a7d2f6bd9,21569d3a7d2f6bd9,86628e48989c4ddf,0.2532,0.2,ACCEPT,2026-04-22T03:00:00+00:00,-1.0,True,TOUCH_HIT_SL,1,0.0,1.1333,True,TOUCH_HIT_SL,0.828729,1.147781,0.625043,0.860836,0.075,1.0,0.283333,1.147781,1.339078,18.0,7.0,0.0,0.774752,0.0,1.0,0.0,0.0,0.0,0.609783,0.047824,0.722027,57.5,0.488654,2.180784,1.799775,0.597471,3.060498,0.679327,0.0
ETHUSD_16576_BULLISH_16568_16573,ETHUSD,LONG,1h,2026-04-22T08:00:00+00:00,2026-04-22T13:00:00+00:00,2026-04-22T16:00:00+00:00,2393.0,2381.9,11.1,0.466,2393.0,2381.9,2412.03,11.1,0.4639,75,bos,internal,WF_WINDOW_1,2026-01-01T00:00:00+00:00,2026-03-31T23:59:59+00:00,167,Ridge_a1.0_WF_WINDOW_1_21569d3a7d2f6bd9,21569d3a7d2f6bd9,86628e48989c4ddf,-0.0172,0.2,REJECT,2026-04-22T23:00:00+00:00,-1.0,True,TOUCH_HIT_SL,7,1.2252,1.8378,False,REJECTED_BY_AI,0.465321,0.581771,0.463853,0.581771,0.31982,0.86036,0.18018,0.581771,0.657769,8.0,3.0,2.0,0.395709,1.0,0.0,0.0,0.0,1.0,0.783839,0.005241,0.799835,90.0,0.624747,1.530426,-0.506757,2.759111,4.186321,1.453468,1.0
XRPUSD_16584_BULLISH_16555_16565,XRPUSD,LONG,1h,2026-04-21T19:00:00+00:00,2026-04-22T05:00:00+00:00,2026-04-23T00:00:00+00:00,1.431,1.4107,0.0203,1.439,1.425925,1.4107,1.45,0.015225,1.0677,32,choch,internal,WF_WINDOW_1,2026-01-01T00:00:00+00:00,2026-03-31T23:59:59+00:00,167,Ridge_a1.0_WF_WINDOW_1_21569d3a7d2f6bd9,21569d3a7d2f6bd9,86628e48989c4ddf,-0.0077,0.2,REJECT,2026-04-23T03:00:00+00:00,-1.0,True,TOUCH_HIT_SL,3,0.1823,1.0,False,REJECTED_BY_AI,1.421768,1.983531,1.067728,1.487648,0.842365,0.724138,0.689655,1.983531,0.908711,29.0,19.0,1.0,0.183208,0.0,1.0,0.0,0.0,1.0,0.511396,0.019542,0.716786,35.5,0.336643,1.34841,-0.881638,-1.598897,0.18946,0.509575,1.0
SOLUSD_16592_BULLISH_16555_16560,SOLUSD,LONG,1h,2026-04-21T19:00:00+00:00,2026-04-22T00:00:00+00:00,2026-04-23T08:00:00+00:00,85.722,84.31,1.412,1.6748,85.369,84.31,87.18,1.059,1.2405,28,choch,internal,WF_WINDOW_1,2026-01-01T00:00:00+00:00,2026-03-31T23:59:59+00:00,167,Ridge_a1.0_WF_WINDOW_1_21569d3a7d2f6bd9,21569d3a7d2f6bd9,86628e48989c4ddf,-0.1495,0.2,REJECT,2026-04-26T08:00:00+00:00,1.1275,True,TOUCH_TIMEOUT_EXIT,72,1.4967,0.847,False,REJECTED_BY_AI,1.64755,1.996581,1.240497,1.497436,0.986544,0.169972,0.47585,1.996581,0.565604,37.0,32.0,4.0,0.472279,0.0,1.0,0.0,0.0,1.0,0.435653,0.041006,0.825186,5.5,0.379121,0.551464,-0.093259,-2.437275,0.035017,0.740925,1.0
SOLUSD_16596_BEARISH_16590_16594,SOLUSD,SHORT,1h,2026-04-23T06:00:00+00:00,2026-04-23T10:00:00+00:00,2026-04-23T12:00:00+00:00,86.214,85.842,0.372,0.4334,85.842,86.214,85.2,0.372,0.4334,80,choch,internal,WF_WINDOW_1,2026-01-01T00:00:00+00:00,2026-03-31T23:59:59+00:00,167,Ridge_a1.0_WF_WINDOW_1_21569d3a7d2f6bd9,21569d3a7d2f6bd9,86628e48989c4ddf,-0.98,0.2,REJECT,2026-04-23T15:00:00+00:00,-1.0,True,TOUCH_HIT_SL,3,0.7849,2.1828,False,REJECTED_BY_AI,0.432745,0.530183,0.433354,0.530183,0.675269,0.650538,0.836022,0.530183,0.12827,6.0,2.0,1.0,0.172167,0.0,1.0,0.0,0.0,1.0,0.476077,0.011117,0.816219,2.0,0.338454,0.501678,0.092917,-1.88463,-0.209187,0.894738,0.0
BTCUSD_16598_BEARISH_16590_16594,BTCUSD,SHORT,1h,2026-04-23T06:00:00+00:00,2026-04-23T10:00:00+00:00,2026-04-23T14:00:00+00:00,78300.0,77993.0,307.0,0.3936,77993.0,78300.0,77466.71,307.0,0.3936,88,bos,internal,WF_WINDOW_1,2026-01-01T00:00:00+00:00,2026-03-31T23:59:59+00:00,167,Ridge_a1.0_WF_WINDOW_1_21569d3a7d2f6bd9,21569d3a7d2f6bd9,86628e48989c4ddf,-0.632,0.2,REJECT,2026-04-23T15:00:00+00:00,-1.0,True,TOUCH_HIT_SL,1,0.2052,2.0651,False,REJECTED_BY_AI,0.39292,0.654951,0.393625,0.654951,0.543974,0.557003,0.566775,0.654951,0.535481,8.0,4.0,0.0,0.298675,1.0,0.0,0.0,0.0,0.0,0.774227,0.181338,0.599922,96.0,0.364353,1.676846,0.669991,-0.008958,2.843115,1.214785,0.0
BTCUSD_16602_BULLISH_16594_16599,BTCUSD,LONG,1h,2026-04-23T10:00:00+00:00,2026-04-23T15:00:00+00:00,2026-04-23T18:00:00+00:00,77678.5,76805.0,873.5,1.1373,77460.125,76805.0,78583.2,655.125,0.8458,41,choch,internal,WF_WINDOW_1,2026-01-01T00:00:00+00:00,2026-03-31T23:59:59+00:00,167,Ridge_a1.0_WF_WINDOW_1_21569d3a7d2f6bd9,21569d3a7d2f6bd9,86628e48989c4ddf,-0.5937,0.2,REJECT,2026-04-26T18:00:00+00:00,1.1881,True,TOUCH_TIMEOUT_EXIT,72,1.6262,0.5421,False,REJECTED_BY_AI,1.125195,1.843402,0.845758,1.382552,0.945621,0.891242,0.28735,1.843402,0.413631,8.0,3.0,1.0,0.360608,0.0,1.0,0.0,1.0,1.0,0.687044,0.005276,0.61039,99.5,0.352908,0.98976,0.182605,-0.094589,2.496699,1.695122,1.0
XRPUSD_16611_BULLISH_16603_16609,XRPUSD,LONG,1h,2026-04-23T19:00:00+00:00,2026-04-24T01:00:00+00:00,2026-04-24T03:00:00+00:00,1.4332,1.4263,0.0069,0.4838,1.4332,1.4263,1.45,0.0069,0.4814,72,bos,internal,WF_WINDOW_1,2026-01-01T00:00:00+00:00,2026-03-31T23:59:59+00:00,167,Ridge_a1.0_WF_WINDOW_1_21569d3a7d2f6bd9,21569d3a7d2f6bd9,86628e48989c4ddf,0.6038,0.2,ACCEPT,2026-04-24T04:00:00+00:00,-1.0,True,TOUCH_HIT_SL,1,0.0,1.1159,True,TOUCH_HIT_SL,0.482551,0.692449,0.48144,0.692449,0.521739,0.811594,0.275362,0.692449,0.351242,8.0,2.0,0.0,0.331171,1.0,0.0,0.0,0.0,1.0,0.534682,0.0,0.696877,13.0,0.336668,1.053726,-0.417856,0.832099,0.076988,0.625082,1.0
XRPUSD_16619_BEARISH_16610_16617,XRPUSD,SHORT,1h,2026-04-24T02:00:00+00:00,2026-04-24T09:00:00+00:00,2026-04-24T11:00:00+00:00,1.445,1.436,0.009,0.6267,1.43825,1.445,1.43,0.00675,0.4693,74,choch,internal,WF_WINDOW_1,2026-01-01T00:00:00+00:00,2026-03-31T23:59:59+00:00,167,Ridge_a1.0_WF_WINDOW_1_21569d3a7d2f6bd9,21569d3a7d2f6bd9,86628e48989c4ddf,-0.3934,0.2,REJECT,2026-04-24T14:00:00+00:00,1.2222,True,TOUCH_HIT_TP,3,1.6222,0.8519,False,REJECTED_BY_AI,0.625956,0.89678,0.46932,0.672585,0.8,0.433333,0.733333,0.89678,0.56796,9.0,2.0,0.0,0.044839,0.0,1.0,0.0,0.0,1.0,0.434415,0.059785,0.698005,15.0,0.283732,0.856923,0.587659,0.37699,-0.909717,0.946416,0.0
SOLUSD_16629_BULLISH_16623_16628,SOLUSD,LONG,1h,2026-04-24T15:00:00+00:00,2026-04-24T20:00:00+00:00,2026-04-24T21:00:00+00:00,86.564,85.51,1.054,1.2326,86.3005,85.51,87.66,0.7905,0.916,38,bos,internal,WF_WINDOW_1,2026-01-01T00:00:00+00:00,2026-03-31T23:59:59+00:00,167,Ridge_a1.0_WF_WINDOW_1_21569d3a7d2f6bd9,21569d3a7d2f6bd9,86628e48989c4ddf,0.862,0.2,ACCEPT,2026-04-27T01:00:00+00:00,1.7198,True,TOUCH_HIT_TP,52,2.0032,0.9848,True,TOUCH_HIT_TP,1.219301,1.542653,0.915985,1.15699,0.885199,0.190702,0.436433,1.542653,0.806454,6.0,1.0,0.0,0.208566,1.0,0.0,0.0,1.0,0.0,0.4249,0.065863,0.790392,0.5,0.3399,0.864998,0.114658,1.182213,-1.088175,0.613377,1.0
XRPUSD_16630_BULLISH_16618_16623,XRPUSD,LONG,1h,2026-04-24T10:00:00+00:00,2026-04-24T15:00:00+00:00,2026-04-24T22:00:00+00:00,1.4322,1.4232,0.009,0.6324,1.42995,1.4232,1.44,0.00675,0.472,74,choch,internal,WF_WINDOW_1,2026-01-01T00:00:00+00:00,2026-03-31T23:59:59+00:00,167,Ridge_a1.0_WF_WINDOW_1_21569d3a7d2f6bd9,21569d3a7d2f6bd9,86628e48989c4ddf,0.2706,0.2,ACCEPT,2026-04-25T16:00:00+00:00,-1.0,True,TOUCH_HIT_SL,18,1.0889,1.5481,True,TOUCH_HIT_SL,0.628975,0.8991,0.472044,0.674325,0.855556,0.311111,0.677778,0.8991,1.44855,12.0,7.0,0.0,0.094905,0.0,1.0,0.0,0.0,0.0,0.326648,0.04995,0.69956,8.0,0.360223,0.7992,-0.652642,-0.076816,-0.382902,0.48925,1.0
BTCUSD_16644_BULLISH_16639_16642,BTCUSD,LONG,1h,2026-04-25T07:00:00+00:00,2026-04-25T10:00:00+00:00,2026-04-25T12:00:00+00:00,77536.0,77400.0,136.0,0.1757,77536.0,77400.0,77769.14,136.0,0.1754,100,choch,internal,WF_WINDOW_1,2026-01-01T00:00:00+00:00,2026-03-31T23:59:59+00:00,167,Ridge_a1.0_WF_WINDOW_1_21569d3a7d2f6bd9,21569d3a7d2f6bd9,86628e48989c4ddf,0.1958,0.2,REJECT,2026-04-25T15:00:00+00:00,-1.0,True,TOUCH_HIT_SL,3,1.3199,1.9816,False,REJECTED_BY_AI,0.175443,0.305715,0.175402,0.305715,0.867647,0.264706,0.033088,0.305715,0.171964,5.0,2.0,0.0,0.040462,0.0,1.0,0.0,1.0,1.0,0.588659,0.220294,0.573879,4.0,0.129091,0.388887,0.08263,0.036134,0.201002,0.670618,1.0
ETHUSD_16654_BEARISH_16641_16647,ETHUSD,SHORT,1h,2026-04-25T09:00:00+00:00,2026-04-25T15:00:00+00:00,2026-04-25T22:00:00+00:00,2322.35,2315.75,6.6,0.285,2315.75,2322.35,2304.44,6.6,0.285,100,bos,internal,WF_WINDOW_1,2026-01-01T00:00:00+00:00,2026-03-31T23:59:59+00:00,167,Ridge_a1.0_WF_WINDOW_1_21569d3a7d2f6bd9,21569d3a7d2f6bd9,86628e48989c4ddf,0.6514,0.2,ACCEPT,2026-04-26T05:00:00+00:00,-1.0,True,TOUCH_HIT_SL,7,1.6364,2.9242,True,TOUCH_HIT_SL,0.284906,0.389174,0.285005,0.389174,0.878788,0.583333,0.05303,0.389174,0.486467,13.0,7.0,1.0,0.047173,1.0,0.0,0.0,0.0,1.0,0.237221,0.053069,0.73208,0.5,0.126194,0.336105,0.3748,0.049667,-0.324857,0.606594,0.0
BTCUSD_16660_BEARISH_16642_16647,BTCUSD,SHORT,1h,2026-04-25T10:00:00+00:00,2026-04-25T15:00:00+00:00,2026-04-26T04:00:00+00:00,77848.5,77672.5,176.0,0.2266,77672.5,77848.5,77370.79,176.0,0.2266,100,choch,internal,WF_WINDOW_1,2026-01-01T00:00:00+00:00,2026-03-31T23:59:59+00:00,167,Ridge_a1.0_WF_WINDOW_1_21569d3a7d2f6bd9,21569d3a7d2f6bd9,86628e48989c4ddf,0.0005,0.2,REJECT,2026-04-26T05:00:00+00:00,-1.0,True,TOUCH_HIT_SL,1,0.0142,2.7898,False,REJECTED_BY_AI,0.226432,0.412731,0.226592,0.412731,0.6875,0.596591,0.434659,0.412731,0.771526,18.0,13.0,0.0,0.128978,0.0,1.0,0.0,0.0,1.0,0.489142,0.118426,0.548619,1.0,0.184444,1.031828,0.184961,0.099807,-0.44381,0.756041,0.0
SOLUSD_16667_BEARISH_16640_16648,SOLUSD,SHORT,1h,2026-04-25T08:00:00+00:00,2026-04-25T16:00:00+00:00,2026-04-26T11:00:00+00:00,86.814,86.302,0.512,0.5933,86.302,86.814,85.42,0.512,0.5933,58,choch,internal,WF_WINDOW_1,2026-01-01T00:00:00+00:00,2026-03-31T23:59:59+00:00,167,Ridge_a1.0_WF_WINDOW_1_21569d3a7d2f6bd9,21569d3a7d2f6bd9,86628e48989c4ddf,-0.733,0.2,REJECT,2026-04-26T18:00:00+00:00,-1.0,True,TOUCH_HIT_SL,7,0.8152,1.3342,False,REJECTED_BY_AI,0.59188,0.827459,0.593266,0.827459,0.605469,0.921875,0.513672,0.827459,0.530091,27.0,19.0,9.0,0.326458,0.0,1.0,0.0,1.0,0.0,0.418279,0.021979,0.715298,0.5,0.253578,0.29252,-0.011559,0.687905,1.206229,0.745049,0.0
BTCUSD_16669_BEARISH_16621_16630,BTCUSD,SHORT,1h,2026-04-24T13:00:00+00:00,2026-04-24T22:00:00+00:00,2026-04-26T13:00:00+00:00,78433.0,77870.0,563.0,0.723,78010.75,78433.0,77286.89,422.25,0.5413,64,choch,internal,WF_WINDOW_1,2026-01-01T00:00:00+00:00,2026-03-31T23:59:59+00:00,167,Ridge_a1.0_WF_WINDOW_1_21569d3a7d2f6bd9,21569d3a7d2f6bd9,86628e48989c4ddf,-0.4423,0.2,REJECT,2026-04-26T19:00:00+00:00,-1.0,True,TOUCH_HIT_SL,6,0.4636,1.1018,False,REJECTED_BY_AI,0.722351,1.349482,0.541272,1.012112,0.875666,0.550622,0.325044,1.349482,0.481787,48.0,39.0,8.0,0.169584,0.0,1.0,0.0,1.0,1.0,0.431887,0.005992,0.53528,0.5,0.169969,0.490176,-0.06347,0.554767,-0.326108,0.98045,0.0
XRPUSD_16669_BULLISH_16659_16662,XRPUSD,LONG,1h,2026-04-26T03:00:00+00:00,2026-04-26T06:00:00+00:00,2026-04-26T13:00:00+00:00,1.4236,1.4172,0.0064,0.4516,1.4236,1.4172,1.43,0.0064,0.4496,77,choch,internal,WF_WINDOW_1,2026-01-01T00:00:00+00:00,2026-03-31T23:59:59+00:00,167,Ridge_a1.0_WF_WINDOW_1_21569d3a7d2f6bd9,21569d3a7d2f6bd9,86628e48989c4ddf,-0.4064,0.2,REJECT,2026-04-26T19:00:00+00:00,1.0,True,TOUCH_HIT_TP,6,1.875,0.2813,False,REJECTED_BY_AI,0.449596,0.715704,0.449564,0.715704,0.984375,0.203125,0.4375,0.715704,0.201292,10.0,7.0,1.0,0.011183,0.0,1.0,0.0,0.0,0.0,0.22063,0.033549,0.628187,0.5,0.169068,0.301938,-0.161313,0.035137,-0.994575,1.131208,1.0
XRPUSD_16687_BULLISH_16594_16598,XRPUSD,LONG,1h,2026-04-23T10:00:00+00:00,2026-04-23T14:00:00+00:00,2026-04-27T07:00:00+00:00,1.4156,1.4081,0.0075,0.5326,1.4156,1.4081,1.43,0.0075,0.5298,66,choch,internal,WF_WINDOW_1,2026-01-01T00:00:00+00:00,2026-03-31T23:59:59+00:00,167,Ridge_a1.0_WF_WINDOW_1_21569d3a7d2f6bd9,21569d3a7d2f6bd9,86628e48989c4ddf,-0.4891,0.2,REJECT,2026-04-27T13:00:00+00:00,-1.0,True,TOUCH_HIT_SL,6,0.3733,2.3867,False,REJECTED_BY_AI,0.530635,0.843599,0.529811,0.843599,0.706667,0.493333,0.533333,0.843599,1.630958,93.0,89.0,1.0,0.247456,0.0,1.0,0.0,0.0,0.0,0.075931,0.022496,0.629014,6.5,0.396538,0.551151,-2.08521,-0.800112,-1.285096,1.588646,1.0
SOLUSD_16731_BEARISH_16704_16713,SOLUSD,SHORT,1h,2026-04-28T00:00:00+00:00,2026-04-28T09:00:00+00:00,2026-04-29T03:00:00+00:00,84.933,84.582,0.351,0.415,84.582,84.933,83.98,0.351,0.415,84,bos,internal,WF_WINDOW_1,2026-01-01T00:00:00+00:00,2026-03-31T23:59:59+00:00,167,Ridge_a1.0_WF_WINDOW_1_21569d3a7d2f6bd9,21569d3a7d2f6bd9,86628e48989c4ddf,0.9779,0.2,ACCEPT,2026-04-29T04:00:00+00:00,-1.0,True,TOUCH_HIT_SL,1,0.4274,1.4017,True,TOUCH_HIT_SL,0.414928,0.592951,0.414982,0.592951,0.968661,0.458689,0.002849,0.592951,0.522,27.0,18.0,0.0,0.018583,1.0,0.0,0.0,0.0,1.0,0.318014,0.016893,0.699767,1.0,0.257362,1.184213,1.065698,1.065698,-3.680484,0.804356,0.0
BTCUSD_16732_BEARISH_16704_16715,BTCUSD,SHORT,1h,2026-04-28T00:00:00+00:00,2026-04-28T11:00:00+00:00,2026-04-29T04:00:00+00:00,77450.0,77171.0,279.0,0.3615,77171.0,77450.0,76692.71,279.0,0.3615,96,bos,internal,WF_WINDOW_1,2026-01-01T00:00:00+00:00,2026-03-31T23:59:59+00:00,167,Ridge_a1.0_WF_WINDOW_1_21569d3a7d2f6bd9,21569d3a7d2f6bd9,86628e48989c4ddf,0.9922,0.2,ACCEPT,2026-04-29T09:00:00+00:00,-1.0,True,TOUCH_HIT_SL,5,1.0072,2.1559,True,TOUCH_HIT_SL,0.361282,0.6741,0.361535,0.6741,0.806452,0.937276,0.03405,0.6741,0.920545,28.0,17.0,0.0,0.130471,1.0,0.0,0.0,0.0,1.0,0.416012,0.048323,0.535947,5.0,0.248813,1.426723,1.214973,1.401035,-2.34943,0.980917,0.0
XRPUSD_16732_BEARISH_16708_16715,XRPUSD,SHORT,1h,2026-04-28T04:00:00+00:00,2026-04-28T11:00:00+00:00,2026-04-29T04:00:00+00:00,1.4032,1.3898,0.0134,0.9642,1.39315,1.4032,1.38,0.01005,0.7214,48,bos,internal,WF_WINDOW_1,2026-01-01T00:00:00+00:00,2026-03-31T23:59:59+00:00,167,Ridge_a1.0_WF_WINDOW_1_21569d3a7d2f6bd9,21569d3a7d2f6bd9,86628e48989c4ddf,1.0092,0.2,ACCEPT,2026-04-29T09:00:00+00:00,-1.0,True,TOUCH_HIT_SL,5,0.4925,1.2587,True,TOUCH_HIT_SL,0.96078,1.574961,0.721387,1.181221,0.634328,0.529851,0.022388,1.574961,0.846248,24.0,17.0,0.0,0.182178,1.0,0.0,0.0,0.0,1.0,0.349246,0.058767,0.610034,1.5,0.304918,1.163591,1.035932,1.248639,-3.380672,0.865362,0.0
XRPUSD_16740_BULLISH_16729_16731,XRPUSD,LONG,1h,2026-04-29T01:00:00+00:00,2026-04-29T03:00:00+00:00,2026-04-29T12:00:00+00:00,1.3834,1.3763,0.0071,0.5159,1.3834,1.3763,1.4,0.0071,0.5132,68,choch,internal,WF_WINDOW_1,2026-01-01T00:00:00+00:00,2026-03-31T23:59:59+00:00,167,Ridge_a1.0_WF_WINDOW_1_21569d3a7d2f6bd9,21569d3a7d2f6bd9,86628e48989c4ddf,0.3321,0.2,ACCEPT,2026-04-29T13:00:00+00:00,-1.0,True,TOUCH_HIT_SL,1,0.0,1.9577,True,TOUCH_HIT_SL,0.5136,0.835944,0.513228,0.835944,0.859155,0.71831,0.126761,0.835944,1.083195,11.0,9.0,0.0,0.117739,0.0,1.0,0.0,0.0,0.0,0.194724,0.011774,0.614395,4.5,0.359198,1.836722,-0.625404,0.173913,-2.255533,1.416191,1.0
BTCUSD_16743_BULLISH_16718_16737,BTCUSD,LONG,1h,2026-04-28T14:00:00+00:00,2026-04-29T09:00:00+00:00,2026-04-29T15:00:00+00:00,76177.5,75637.5,540.0,0.7139,76042.5,75637.5,76736.79,405.0,0.5326,65,choch,internal,WF_WINDOW_1,2026-01-01T00:00:00+00:00,2026-03-31T23:59:59+00:00,167,Ridge_a1.0_WF_WINDOW_1_21569d3a7d2f6bd9,21569d3a7d2f6bd9,86628e48989c4ddf,-0.3879,0.2,REJECT,2026-04-29T18:00:00+00:00,-1.0,True,TOUCH_HIT_SL,3,0.4358,2.8963,False,REJECTED_BY_AI,0.711472,1.295359,0.532597,0.971519,0.484259,0.930556,0.44537,1.295359,1.45488,25.0,6.0,0.0,0.34423,0.0,1.0,0.0,0.0,0.0,0.068527,0.136732,0.549247,14.0,0.367447,2.236894,-2.16049,-0.746049,-2.317889,1.766647,1.0
SOLUSD_16743_BULLISH_16718_16737,SOLUSD,LONG,1h,2026-04-28T14:00:00+00:00,2026-04-29T09:00:00+00:00,2026-04-29T15:00:00+00:00,83.531,82.96,0.571,0.6883,83.38825,82.96,84.12,0.42825,0.5136,68,choch,internal,WF_WINDOW_1,2026-01-01T00:00:00+00:00,2026-03-31T23:59:59+00:00,167,Ridge_a1.0_WF_WINDOW_1_21569d3a7d2f6bd9,21569d3a7d2f6bd9,86628e48989c4ddf,-0.3058,0.2,REJECT,2026-04-29T16:00:00+00:00,-1.0,True,TOUCH_HIT_SL,1,0.5692,1.049,False,REJECTED_BY_AI,0.685968,0.966334,0.513562,0.724751,0.490368,0.963222,0.245184,0.966334,1.329006,25.0,6.0,0.0,0.250892,0.0,1.0,0.0,0.0,0.0,0.054528,0.030462,0.709866,5.5,0.39891,1.57389,-2.258023,-0.954285,-2.212093,1.774039,1.0
SOLUSD_16744_BULLISH_16399_16434,SOLUSD,LONG,1h,2026-04-15T07:00:00+00:00,2026-04-16T18:00:00+00:00,2026-04-29T16:00:00+00:00,83.212,82.65,0.562,0.68,83.0715,82.65,83.79,0.4215,0.5074,68,bos,internal,WF_WINDOW_1,2026-01-01T00:00:00+00:00,2026-03-31T23:59:59+00:00,167,Ridge_a1.0_WF_WINDOW_1_21569d3a7d2f6bd9,21569d3a7d2f6bd9,86628e48989c4ddf,0.5448,0.2,ACCEPT,2026-04-29T18:00:00+00:00,-1.0,True,TOUCH_HIT_SL,2,0.879,4.013,True,TOUCH_HIT_SL,0.676277,0.950282,0.507394,0.712712,0.80427,0.549644,0.160142,0.950282,3.941473,345.0,310.0,5.0,0.051572,1.0,0.0,0.0,0.0,0.0,0.031614,0.0,0.711659,6.5,0.399238,1.171789,-2.138534,-1.178457,-2.476177,1.828546,1.0
ETHUSD_16745_BULLISH_16717_16722,ETHUSD,LONG,1h,2026-04-28T13:00:00+00:00,2026-04-28T18:00:00+00:00,2026-04-29T17:00:00+00:00,2284.9,2256.85,28.05,1.2429,2277.8875,2256.85,2313.95,21.0375,0.9236,37,choch,internal,WF_WINDOW_1,2026-01-01T00:00:00+00:00,2026-03-31T23:59:59+00:00,167,Ridge_a1.0_WF_WINDOW_1_21569d3a7d2f6bd9,21569d3a7d2f6bd9,86628e48989c4ddf,-0.6075,0.2,REJECT,2026-04-29T18:00:00+00:00,-1.0,True,TOUCH_HIT_SL,1,0.3381,2.8087,False,REJECTED_BY_AI,1.229158,1.723001,0.923553,1.292251,0.898396,0.819964,0.062389,1.723001,0.408483,28.0,23.0,8.0,0.255686,0.0,1.0,0.0,0.0,1.0,0.171955,0.067569,0.713382,20.0,0.483572,1.068814,-1.427584,-0.260052,0.36945,1.747728,1.0
SOLUSD_16790_BULLISH_16779_16789,SOLUSD,LONG,1h,2026-05-01T03:00:00+00:00,2026-05-01T13:00:00+00:00,2026-05-01T14:00:00+00:00,84.413,83.561,0.852,1.0196,84.2,83.561,85.3,0.639,0.7589,46,bos,internal,WF_WINDOW_2,2026-01-01T00:00:00+00:00,2026-04-30T23:59:59+00:00,236,Ridge_a1.0_WF_WINDOW_2_0d9a0c808abe9027,0d9a0c808abe9027,86628e48989c4ddf,0.1148,0.2,REJECT,2026-05-01T20:00:00+00:00,-1.0,True,TOUCH_HIT_SL,6,0.6776,1.3756,False,REJECTED_BY_AI,1.0116,1.474113,0.758907,1.105585,0.776995,0.61385,0.316901,1.474113,0.555388,11.0,1.0,0.0,0.039794,1.0,0.0,0.0,1.0,0.0,0.637158,0.00173,0.686243,2.5,0.243215,1.470653,0.298909,1.373342,-0.04747,1.633275,1.0
XRPUSD_16794_BEARISH_16737_16741,XRPUSD,SHORT,1h,2026-04-29T09:00:00+00:00,2026-04-29T13:00:00+00:00,2026-05-01T18:00:00+00:00,1.4058,1.3898,0.016,1.1512,1.3938,1.4058,1.37,0.012,0.861,40,choch,internal,WF_WINDOW_2,2026-01-01T00:00:00+00:00,2026-04-30T23:59:59+00:00,236,Ridge_a1.0_WF_WINDOW_2_0d9a0c808abe9027,0d9a0c808abe9027,86628e48989c4ddf,-0.3053,0.2,REJECT,2026-05-04T01:00:00+00:00,-1.0,True,TOUCH_HIT_SL,55,1.1083,1.1083,False,REJECTED_BY_AI,1.148353,1.91165,0.860956,1.433738,0.78125,0.59375,0.79375,1.91165,0.884138,57.0,53.0,5.0,0.059739,0.0,1.0,0.0,1.0,0.0,0.797735,0.023896,0.600713,2.0,0.305563,0.334539,-0.314803,1.271987,2.20804,1.283315,0.0
ETHUSD_16796_BULLISH_16779_16788,ETHUSD,LONG,1h,2026-05-01T03:00:00+00:00,2026-05-01T12:00:00+00:00,2026-05-01T20:00:00+00:00,2294.65,2264.75,29.9,1.3202,2287.175,2264.75,2325.62,22.425,0.9805,35,bos,internal,WF_WINDOW_2,2026-01-01T00:00:00+00:00,2026-04-30T23:59:59+00:00,236,Ridge_a1.0_WF_WINDOW_2_0d9a0c808abe9027,0d9a0c808abe9027,86628e48989c4ddf,0.0709,0.2,REJECT,2026-05-02T21:00:00+00:00,1.7144,True,TOUCH_HIT_TP,25,2.4448,0.2129,False,REJECTED_BY_AI,1.309193,1.852298,0.980467,1.389223,0.638796,0.556856,0.531773,1.852298,0.907564,17.0,8.0,0.0,0.205983,1.0,0.0,0.0,0.0,1.0,0.510797,0.0,0.706794,11.5,0.394701,1.669546,-0.999176,0.070106,2.037306,1.092468,1.0
ETHUSD_16817_BULLISH_16802_16815,ETHUSD,LONG,1h,2026-05-02T02:00:00+00:00,2026-05-02T15:00:00+00:00,2026-05-02T17:00:00+00:00,2307.2,2293.95,13.25,0.5776,2307.2,2293.95,2329.91,13.25,0.5743,60,bos,internal,WF_WINDOW_2,2026-01-01T00:00:00+00:00,2026-04-30T23:59:59+00:00,236,Ridge_a1.0_WF_WINDOW_2_0d9a0c808abe9027,0d9a0c808abe9027,86628e48989c4ddf,0.1908,0.2,REJECT,2026-05-02T21:00:00+00:00,1.714,True,TOUCH_HIT_TP,4,2.6264,0.3547,False,REJECTED_BY_AI,0.5749,0.872566,0.574289,0.872566,0.815094,0.230189,0.388679,0.872566,0.17122,15.0,2.0,1.0,0.161342,1.0,0.0,0.0,1.0,1.0,0.674912,0.013171,0.658861,0.5,0.122003,0.319392,0.104241,0.108589,1.77294,0.685298,1.0
BTCUSD_16825_BULLISH_16805_16821,BTCUSD,LONG,1h,2026-05-02T05:00:00+00:00,2026-05-02T21:00:00+00:00,2026-05-03T01:00:00+00:00,78200.5,77991.0,209.5,0.2686,78200.5,77991.0,78559.64,209.5,0.2679,100,bos,internal,WF_WINDOW_2,2026-01-01T00:00:00+00:00,2026-04-30T23:59:59+00:00,236,Ridge_a1.0_WF_WINDOW_2_0d9a0c808abe9027,0d9a0c808abe9027,86628e48989c4ddf,0.2244,0.2,ACCEPT,2026-05-03T09:00:00+00:00,1.7143,True,TOUCH_HIT_TP,8,1.7947,0.8282,True,TOUCH_HIT_TP,0.267903,0.535407,0.267901,0.535407,0.997613,0.477327,0.01432,0.535407,0.688745,20.0,4.0,0.0,0.001278,1.0,0.0,0.0,0.0,1.0,0.783186,0.046002,0.500373,1.0,0.159936,1.020978,-0.274818,-0.006393,2.482783,1.001222,1.0
SOLUSD_16825_BULLISH_16811_16816,SOLUSD,LONG,1h,2026-05-02T11:00:00+00:00,2026-05-02T16:00:00+00:00,2026-05-03T01:00:00+00:00,83.9402,83.511,0.4292,0.5139,83.9402,83.511,84.68,0.4292,0.5113,68,choch,internal,WF_WINDOW_2,2026-01-01T00:00:00+00:00,2026-04-30T23:59:59+00:00,236,Ridge_a1.0_WF_WINDOW_2_0d9a0c808abe9027,0d9a0c808abe9027,86628e48989c4ddf,-0.8255,0.2,REJECT,2026-05-03T20:00:00+00:00,1.7237,True,TOUCH_HIT_TP,19,1.8518,0.8602,False,REJECTED_BY_AI,0.512533,0.796994,0.511316,0.796994,0.535881,0.464119,0.578285,0.796994,0.240287,14.0,9.0,2.0,0.3699,0.0,1.0,0.0,0.0,1.0,0.565292,0.083562,0.643082,0.5,0.196891,0.558936,-0.548674,-0.239451,0.793192,1.247467,1.0
XRPUSD_16825_BULLISH_16805_16813,XRPUSD,LONG,1h,2026-05-02T05:00:00+00:00,2026-05-02T13:00:00+00:00,2026-05-03T01:00:00+00:00,1.3845,1.382,0.0025,0.1809,1.3845,1.382,1.39,0.0025,0.1806,100,bos,internal,WF_WINDOW_2,2026-01-01T00:00:00+00:00,2026-04-30T23:59:59+00:00,236,Ridge_a1.0_WF_WINDOW_2_0d9a0c808abe9027,0d9a0c808abe9027,86628e48989c4ddf,-0.292,0.2,REJECT,2026-05-03T02:00:00+00:00,-1.0,True,TOUCH_HIT_SL,1,0.0,1.4,False,REJECTED_BY_AI,0.180727,0.318675,0.180571,0.318675,0.52,0.72,0.32,0.318675,0.611857,20.0,12.0,0.0,0.152964,1.0,0.0,0.0,0.0,1.0,0.635922,0.012747,0.56712,0.5,0.174436,0.688339,-0.667816,-0.245186,1.177589,1.093756,1.0
BTCUSD_16841_BEARISH_16681_16686,BTCUSD,SHORT,1h,2026-04-27T01:00:00+00:00,2026-04-27T06:00:00+00:00,2026-05-03T17:00:00+00:00,79453.5,78683.5,770.0,0.9786,78876.0,79453.5,77886.0,577.5,0.7322,47,choch,internal,WF_WINDOW_2,2026-01-01T00:00:00+00:00,2026-04-30T23:59:59+00:00,236,Ridge_a1.0_WF_WINDOW_2_0d9a0c808abe9027,0d9a0c808abe9027,86628e48989c4ddf,-0.1355,0.2,REJECT,2026-05-04T01:00:00+00:00,-1.0,True,TOUCH_HIT_SL,8,1.0926,1.6649,False,REJECTED_BY_AI,0.978474,2.042187,0.732162,1.53164,0.986364,0.569481,0.019481,2.042187,0.190958,160.0,155.0,13.0,0.482699,0.0,1.0,0.0,1.0,0.0,0.899353,0.035805,0.47913,0.5,0.155405,0.741287,-0.027314,0.720585,0.382042,1.056846,0.0
ETHUSD_16845_BEARISH_16737_16743,ETHUSD,SHORT,1h,2026-04-29T09:00:00+00:00,2026-04-29T15:00:00+00:00,2026-05-03T21:00:00+00:00,2346.15,2321.75,24.4,1.0509,2327.85,2346.15,2296.48,18.3,0.7861,44,choch,internal,WF_WINDOW_2,2026-01-01T00:00:00+00:00,2026-04-30T23:59:59+00:00,236,Ridge_a1.0_WF_WINDOW_2_0d9a0c808abe9027,0d9a0c808abe9027,86628e48989c4ddf,-0.2045,0.2,REJECT,2026-05-03T22:00:00+00:00,-1.0,True,TOUCH_HIT_SL,1,0.2541,1.5519,False,REJECTED_BY_AI,1.050366,1.67452,0.786133,1.25589,0.94877,0.909836,0.596311,1.67452,1.815207,108.0,102.0,15.0,0.332845,0.0,1.0,0.0,1.0,0.0,0.832601,0.044608,0.627264,2.0,0.185625,1.372557,-0.182619,0.850916,0.829029,1.115554,0.0
ETHUSD_16882_BEARISH_16681_16685,ETHUSD,SHORT,1h,2026-04-27T01:00:00+00:00,2026-04-27T05:00:00+00:00,2026-05-05T10:00:00+00:00,2403.4,2376.15,27.25,1.1468,2382.9625,2403.4,2347.93,20.4375,0.8577,40,choch,internal,WF_WINDOW_2,2026-01-01T00:00:00+00:00,2026-04-30T23:59:59+00:00,236,Ridge_a1.0_WF_WINDOW_2_0d9a0c808abe9027,0d9a0c808abe9027,86628e48989c4ddf,0.5159,0.2,ACCEPT,2026-05-06T09:00:00+00:00,-1.0,True,TOUCH_HIT_SL,23,1.493,1.6801,True,TOUCH_HIT_SL,1.146307,1.762545,0.857651,1.321909,0.961468,0.820183,0.133945,1.762545,3.913174,201.0,197.0,14.0,0.372722,0.0,1.0,0.0,1.0,0.0,0.831621,0.042042,0.65037,26.0,0.375972,0.782635,-0.073562,0.931961,3.036214,0.697334,0.0
BTCUSD_16897_BEARISH_16893_16895,BTCUSD,SHORT,1h,2026-05-05T21:00:00+00:00,2026-05-05T23:00:00+00:00,2026-05-06T01:00:00+00:00,81745.0,81266.0,479.0,0.5894,81266.0,81745.0,80444.86,479.0,0.5894,59,choch,internal,WF_WINDOW_2,2026-01-01T00:00:00+00:00,2026-04-30T23:59:59+00:00,236,Ridge_a1.0_WF_WINDOW_2_0d9a0c808abe9027,0d9a0c808abe9027,86628e48989c4ddf,0.0026,0.2,REJECT,2026-05-06T08:00:00+00:00,-1.0,True,TOUCH_HIT_SL,7,0.5553,1.4165,False,REJECTED_BY_AI,0.588521,1.171403,0.589422,1.171403,0.740084,0.457203,0.509395,1.171403,0.525786,4.0,2.0,0.0,0.304467,0.0,1.0,0.0,1.0,0.0,0.905618,0.081925,0.502407,44.5,0.239301,1.326693,-0.272017,0.747026,3.643877,0.594232,0.0
ETHUSD_16909_BULLISH_16894_16905,ETHUSD,LONG,1h,2026-05-05T22:00:00+00:00,2026-05-06T09:00:00+00:00,2026-05-06T13:00:00+00:00,2380.75,2352.45,28.3,1.203,2373.675,2352.45,2410.06,21.225,0.8942,39,choch,internal,WF_WINDOW_2,2026-01-01T00:00:00+00:00,2026-04-30T23:59:59+00:00,236,Ridge_a1.0_WF_WINDOW_2_0d9a0c808abe9027,0d9a0c808abe9027,86628e48989c4ddf,-0.391,0.2,REJECT,2026-05-06T14:00:00+00:00,-1.0,True,TOUCH_HIT_SL,1,0.0,1.3863,False,REJECTED_BY_AI,1.195429,1.806812,0.894183,1.355109,0.526502,0.607774,0.265018,1.806812,1.181131,15.0,4.0,0.0,0.403819,0.0,1.0,0.0,0.0,1.0,0.564376,0.067037,0.661624,51.0,0.503131,2.582527,-1.08841,0.031691,1.333362,1.859575,1.0
ETHUSD_16913_BULLISH_16871_16875,ETHUSD,LONG,1h,2026-05-04T23:00:00+00:00,2026-05-05T03:00:00+00:00,2026-05-06T17:00:00+00:00,2352.85,2343.5,9.35,0.399,2352.85,2343.5,2368.88,9.35,0.3974,88,bos,internal,WF_WINDOW_2,2026-01-01T00:00:00+00:00,2026-04-30T23:59:59+00:00,236,Ridge_a1.0_WF_WINDOW_2_0d9a0c808abe9027,0d9a0c808abe9027,86628e48989c4ddf,-0.9368,0.2,REJECT,2026-05-06T18:00:00+00:00,-1.0,True,TOUCH_HIT_SL,1,0.0,1.8396,False,REJECTED_BY_AI,0.398152,0.595392,0.39739,0.595392,0.518717,0.919786,0.716578,0.595392,0.913783,42.0,38.0,5.0,0.286552,1.0,0.0,0.0,0.0,0.0,0.414297,0.031839,0.668722,52.5,0.491919,0.87876,-2.314892,-0.836096,-0.008516,1.665754,1.0
BTCUSD_16920_BULLISH_16896_16904,BTCUSD,LONG,1h,2026-05-06T00:00:00+00:00,2026-05-06T08:00:00+00:00,2026-05-07T00:00:00+00:00,81225.5,80686.0,539.5,0.6686,81090.625,80686.0,81784.27,404.625,0.499,70,choch,internal,WF_WINDOW_2,2026-01-01T00:00:00+00:00,2026-04-30T23:59:59+00:00,236,Ridge_a1.0_WF_WINDOW_2_0d9a0c808abe9027,0d9a0c808abe9027,86628e48989c4ddf,-0.227,0.2,REJECT,2026-05-07T04:00:00+00:00,-1.0,True,TOUCH_HIT_SL,4,0.3778,1.0148,False,REJECTED_BY_AI,0.666325,1.309524,0.498979,0.982143,0.519926,0.551437,0.244671,1.309524,1.383556,24.0,16.0,5.0,0.301288,0.0,1.0,0.0,0.0,1.0,0.61438,0.188115,0.50883,61.5,0.307764,1.242773,-0.552714,-1.210971,1.16829,0.371832,1.0
XRPUSD_16922_BULLISH_16896_16902,XRPUSD,LONG,1h,2026-05-06T00:00:00+00:00,2026-05-06T06:00:00+00:00,2026-05-07T02:00:00+00:00,1.4141,1.4066,0.0075,0.5332,1.4141,1.4066,1.43,0.0075,0.5304,65,bos,internal,WF_WINDOW_2,2026-01-01T00:00:00+00:00,2026-04-30T23:59:59+00:00,236,Ridge_a1.0_WF_WINDOW_2_0d9a0c808abe9027,0d9a0c808abe9027,86628e48989c4ddf,-0.1755,0.2,REJECT,2026-05-07T03:00:00+00:00,-1.0,True,TOUCH_HIT_SL,1,0.0,1.5067,False,REJECTED_BY_AI,0.531576,0.938276,0.530373,0.938276,0.573333,0.64,0.333333,0.938276,0.412842,26.0,20.0,2.0,0.400331,1.0,0.0,0.0,0.0,1.0,0.39498,0.025021,0.566545,48.0,0.476931,0.7256,-1.051967,-2.730093,1.139785,0.464618,1.0
SOLUSD_16932_BEARISH_16454_16474,SOLUSD,SHORT,1h,2026-04-17T14:00:00+00:00,2026-04-18T10:00:00+00:00,2026-05-07T12:00:00+00:00,90.756,89.6439,1.1121,1.2406,89.921925,90.756,88.49,0.834075,0.9276,37,choch,internal,WF_WINDOW_2,2026-01-01T00:00:00+00:00,2026-04-30T23:59:59+00:00,236,Ridge_a1.0_WF_WINDOW_2_0d9a0c808abe9027,0d9a0c808abe9027,86628e48989c4ddf,-0.0364,0.2,REJECT,2026-05-07T13:00:00+00:00,1.7168,True,TOUCH_HIT_TP,1,1.8798,0.0,False,REJECTED_BY_AI,1.239109,1.966177,0.927555,1.474633,0.904595,0.712256,0.118694,1.966177,1.129743,478.0,458.0,6.0,0.303961,0.0,1.0,0.0,1.0,0.0,0.90455,0.061879,0.630212,64.0,0.468304,1.064327,-0.449226,0.308469,5.708868,0.804157,0.0
SOLUSD_16934_BULLISH_16923_16927,SOLUSD,LONG,1h,2026-05-07T03:00:00+00:00,2026-05-07T07:00:00+00:00,2026-05-07T14:00:00+00:00,88.155,87.623,0.532,0.6071,88.022,87.623,88.71,0.399,0.4533,77,bos,internal,WF_WINDOW_2,2026-01-01T00:00:00+00:00,2026-04-30T23:59:59+00:00,236,Ridge_a1.0_WF_WINDOW_2_0d9a0c808abe9027,0d9a0c808abe9027,86628e48989c4ddf,0.2584,0.2,ACCEPT,2026-05-07T16:00:00+00:00,1.7243,True,TOUCH_HIT_TP,2,1.9373,0.5564,True,TOUCH_HIT_TP,0.603483,0.929512,0.453296,0.697134,1.0,0.610902,0.695489,0.929512,1.537538,11.0,7.0,0.0,0.232378,1.0,0.0,0.0,0.0,1.0,0.682621,0.001747,0.649247,68.0,0.547064,1.895714,-1.442227,-1.109441,3.332474,1.143363,1.0
BTCUSD_16952_BEARISH_16940_16946,BTCUSD,SHORT,1h,2026-05-07T20:00:00+00:00,2026-05-08T02:00:00+00:00,2026-05-08T08:00:00+00:00,80335.0,79809.5,525.5,0.6584,79940.875,80335.0,79265.23,394.125,0.493,70,bos,internal,WF_WINDOW_2,2026-01-01T00:00:00+00:00,2026-04-30T23:59:59+00:00,236,Ridge_a1.0_WF_WINDOW_2_0d9a0c808abe9027,0d9a0c808abe9027,86628e48989c4ddf,0.2032,0.2,ACCEPT,2026-05-08T12:00:00+00:00,-1.0,True,TOUCH_HIT_SL,4,0.5274,1.2969,True,TOUCH_HIT_SL,0.658109,1.286182,0.493021,0.964636,0.922931,0.276879,0.506185,1.286182,0.624123,12.0,6.0,0.0,0.22242,1.0,0.0,0.0,0.0,1.0,0.364007,0.075874,0.511676,46.0,0.274685,0.804017,0.388479,-0.254205,-1.942123,0.757492,0.0
ETHUSD_16955_BEARISH_16938_16946,ETHUSD,SHORT,1h,2026-05-07T18:00:00+00:00,2026-05-08T02:00:00+00:00,2026-05-08T11:00:00+00:00,2303.5,2290.0,13.5,0.5895,2290.0,2303.5,2266.86,13.5,0.5895,59,bos,internal,WF_WINDOW_2,2026-01-01T00:00:00+00:00,2026-04-30T23:59:59+00:00,236,Ridge_a1.0_WF_WINDOW_2_0d9a0c808abe9027,0d9a0c808abe9027,86628e48989c4ddf,-0.0453,0.2,REJECT,2026-05-08T17:00:00+00:00,-1.0,True,TOUCH_HIT_SL,6,1.6111,1.8444,False,REJECTED_BY_AI,0.588505,0.884206,0.58952,0.884206,0.707407,0.462963,0.281481,0.884206,0.409355,17.0,9.0,1.0,0.258712,1.0,0.0,0.0,0.0,1.0,0.188447,0.003275,0.665574,23.5,0.180635,0.612395,0.861785,0.255671,-4.878504,0.99509,0.0
SOLUSD_16968_BEARISH_15899_15905,SOLUSD,SHORT,1h,2026-03-25T11:00:00+00:00,2026-03-25T17:00:00+00:00,2026-05-09T00:00:00+00:00,93.49,92.456,1.034,1.1184,92.7145,93.49,91.39,0.7755,0.8364,41,choch,internal,WF_WINDOW_2,2026-01-01T00:00:00+00:00,2026-04-30T23:59:59+00:00,236,Ridge_a1.0_WF_WINDOW_2_0d9a0c808abe9027,0d9a0c808abe9027,86628e48989c4ddf,-0.0449,0.2,REJECT,2026-05-09T01:00:00+00:00,-1.0,True,TOUCH_HIT_SL,1,0.3591,1.4681,False,REJECTED_BY_AI,1.118237,1.753562,0.836439,1.315171,0.989362,0.334139,0.338491,1.753562,0.902219,1069.0,1063.0,4.0,0.419736,0.0,1.0,0.0,1.0,0.0,0.961991,0.218771,0.637695,98.0,0.585402,1.309236,-0.161957,4.571105,3.785889,0.50675,0.0
XRPUSD_16982_BULLISH_16964_16969,XRPUSD,LONG,1h,2026-05-08T20:00:00+00:00,2026-05-09T01:00:00+00:00,2026-05-09T14:00:00+00:00,1.4186,1.4107,0.0079,0.56,1.4186,1.4107,1.43,0.0079,0.5569,62,bos,internal,WF_WINDOW_2,2026-01-01T00:00:00+00:00,2026-04-30T23:59:59+00:00,236,Ridge_a1.0_WF_WINDOW_2_0d9a0c808abe9027,0d9a0c808abe9027,86628e48989c4ddf,-0.3299,0.2,REJECT,2026-05-09T16:00:00+00:00,-1.0,True,TOUCH_HIT_SL,2,0.0759,1.038,False,REJECTED_BY_AI,0.558343,1.01578,0.556887,1.01578,0.531646,0.531646,0.873418,1.01578,1.002922,18.0,13.0,3.0,0.475745,1.0,0.0,0.0,0.0,1.0,0.475533,0.012858,0.54967,16.0,0.28364,0.810052,-0.288936,-0.204542,0.056573,0.808835,1.0
SOLUSD_16985_BEARISH_16974_16984,SOLUSD,SHORT,1h,2026-05-09T06:00:00+00:00,2026-05-09T16:00:00+00:00,2026-05-09T17:00:00+00:00,94.1,93.196,0.904,0.97,93.422,94.1,92.26,0.678,0.7257,48,choch,internal,WF_WINDOW_2,2026-01-01T00:00:00+00:00,2026-04-30T23:59:59+00:00,236,Ridge_a1.0_WF_WINDOW_2_0d9a0c808abe9027,0d9a0c808abe9027,86628e48989c4ddf,0.1868,0.2,REJECT,2026-05-10T08:00:00+00:00,-1.0,True,TOUCH_HIT_SL,15,1.233,1.0,False,REJECTED_BY_AI,0.969957,1.51811,0.725739,1.138583,0.995575,0.325221,0.220133,1.51811,0.386245,11.0,1.0,0.0,0.37281,0.0,1.0,0.0,1.0,0.0,0.892524,0.006717,0.638924,97.0,0.398529,1.199039,-0.264321,-0.315845,5.564208,0.976275,0.0
ETHUSD_17005_BEARISH_17001_17002,ETHUSD,SHORT,1h,2026-05-10T09:00:00+00:00,2026-05-10T10:00:00+00:00,2026-05-10T13:00:00+00:00,2332.9,2325.8,7.1,0.3053,2325.8,2332.9,2313.63,7.1,0.3053,100,choch,internal,WF_WINDOW_2,2026-01-01T00:00:00+00:00,2026-04-30T23:59:59+00:00,236,Ridge_a1.0_WF_WINDOW_2_0d9a0c808abe9027,0d9a0c808abe9027,86628e48989c4ddf,-0.5682,0.2,REJECT,2026-05-10T14:00:00+00:00,-1.0,True,TOUCH_HIT_SL,1,0.0,1.3028,False,REJECTED_BY_AI,0.304865,0.510813,0.305271,0.510813,0.56338,0.774648,0.302817,0.510813,0.19785,4.0,3.0,1.0,0.223031,0.0,1.0,0.0,1.0,0.0,0.409091,0.028778,0.596823,0.5,0.104969,0.654705,-0.01288,0.019326,1.523573,0.962002,0.0
ETHUSD_17007_BEARISH_16916_16920,ETHUSD,SHORT,1h,2026-05-06T20:00:00+00:00,2026-05-07T00:00:00+00:00,2026-05-10T15:00:00+00:00,2356.05,2343.6,12.45,0.5312,2343.6,2356.05,2322.26,12.45,0.5312,65,bos,internal,WF_WINDOW_2,2026-01-01T00:00:00+00:00,2026-04-30T23:59:59+00:00,236,Ridge_a1.0_WF_WINDOW_2_0d9a0c808abe9027,0d9a0c808abe9027,86628e48989c4ddf,-0.2738,0.2,REJECT,2026-05-10T17:00:00+00:00,-1.0,True,TOUCH_HIT_SL,2,0.3655,1.9277,False,REJECTED_BY_AI,0.530521,0.894926,0.531234,0.894926,0.746988,0.590361,0.124498,0.894926,1.563424,91.0,87.0,2.0,0.226427,1.0,0.0,0.0,0.0,0.0,0.556378,0.043129,0.59281,1.5,0.188459,1.509513,0.957195,1.018036,3.142512,1.404679,0.0
ETHUSD_17031_BEARISH_17022_17029,ETHUSD,SHORT,1h,2026-05-11T06:00:00+00:00,2026-05-11T13:00:00+00:00,2026-05-11T15:00:00+00:00,2342.0,2328.9,13.1,0.5625,2328.9,2342.0,2306.44,13.1,0.5625,62,choch,internal,WF_WINDOW_2,2026-01-01T00:00:00+00:00,2026-04-30T23:59:59+00:00,236,Ridge_a1.0_WF_WINDOW_2_0d9a0c808abe9027,0d9a0c808abe9027,86628e48989c4ddf,-0.4331,0.2,REJECT,2026-05-11T17:00:00+00:00,-1.0,True,TOUCH_HIT_SL,2,0.4924,1.126,False,REJECTED_BY_AI,0.561641,0.908687,0.562497,0.908687,0.729008,0.450382,0.114504,0.908687,0.513304,9.0,2.0,0.0,0.246247,0.0,1.0,0.0,0.0,0.0,0.579975,0.006937,0.61808,16.0,0.641723,1.567659,0.158884,-0.805903,0.814748,1.493106,0.0
SOLUSD_17038_BEARISH_14718_14723,SOLUSD,SHORT,1h,2026-02-04T06:00:00+00:00,2026-02-04T11:00:00+00:00,2026-05-11T22:00:00+00:00,98.73,96.687,2.043,2.113,97.19775,98.73,94.57,1.53225,1.5764,22,bos,internal,WF_WINDOW_2,2026-01-01T00:00:00+00:00,2026-04-30T23:59:59+00:00,236,Ridge_a1.0_WF_WINDOW_2_0d9a0c808abe9027,0d9a0c808abe9027,86628e48989c4ddf,-1.0426,0.2,REJECT,2026-05-12T12:00:00+00:00,1.715,True,TOUCH_HIT_TP,14,1.8409,0.3141,False,REJECTED_BY_AI,2.092187,3.135076,1.576425,2.351307,0.529124,0.838962,0.617719,3.135076,1.459352,2320.0,2315.0,14.0,0.692464,1.0,0.0,0.0,1.0,0.0,0.930248,0.078262,0.667348,98.5,0.59241,0.736582,-0.131932,2.424007,4.709566,0.646392,0.0
SOLUSD_17050_BULLISH_17029_17031,SOLUSD,LONG,1h,2026-05-11T13:00:00+00:00,2026-05-11T15:00:00+00:00,2026-05-12T10:00:00+00:00,95.499,94.537,0.962,1.0176,95.2585,94.537,96.5,0.7215,0.7574,46,bos,internal,WF_WINDOW_2,2026-01-01T00:00:00+00:00,2026-04-30T23:59:59+00:00,236,Ridge_a1.0_WF_WINDOW_2_0d9a0c808abe9027,0d9a0c808abe9027,86628e48989c4ddf,0.272,0.2,ACCEPT,2026-05-12T12:00:00+00:00,-1.0,True,TOUCH_HIT_SL,2,0.4317,1.2218,True,TOUCH_HIT_SL,1.012557,1.461242,0.757413,1.095932,0.488565,0.5842,0.43763,1.461242,2.491099,21.0,19.0,2.0,0.382019,1.0,0.0,0.0,0.0,1.0,0.684015,0.123036,0.692943,100.0,0.637789,1.58124,-1.606288,-3.264334,1.010026,0.809014,1.0
XRPUSD_17050_BULLISH_17024_17029,XRPUSD,LONG,1h,2026-05-11T08:00:00+00:00,2026-05-11T13:00:00+00:00,2026-05-12T10:00:00+00:00,1.4506,1.441,0.0096,0.6662,1.4482,1.441,1.46,0.0072,0.4972,70,bos,internal,WF_WINDOW_2,2026-01-01T00:00:00+00:00,2026-04-30T23:59:59+00:00,236,Ridge_a1.0_WF_WINDOW_2_0d9a0c808abe9027,0d9a0c808abe9027,86628e48989c4ddf,-0.0939,0.2,REJECT,2026-05-12T13:00:00+00:00,-1.0,True,TOUCH_HIT_SL,3,0.9583,2.2222,False,REJECTED_BY_AI,0.662663,1.080778,0.497169,0.810583,0.802083,0.427083,0.354167,1.080778,0.247678,26.0,21.0,0.0,0.056291,1.0,0.0,0.0,0.0,1.0,0.543495,0.022516,0.613135,100.0,0.459838,1.249649,-0.862246,-2.008929,1.563376,0.969353,1.0
SOLUSD_17055_BULLISH_17003_17009,SOLUSD,LONG,1h,2026-05-10T11:00:00+00:00,2026-05-10T17:00:00+00:00,2026-05-12T15:00:00+00:00,94.007,92.9,1.107,1.1916,93.73025,92.9,95.15,0.83025,0.8858,39,bos,internal,WF_WINDOW_2,2026-01-01T00:00:00+00:00,2026-04-30T23:59:59+00:00,236,Ridge_a1.0_WF_WINDOW_2_0d9a0c808abe9027,0d9a0c808abe9027,86628e48989c4ddf,0.2778,0.2,ACCEPT,2026-05-13T01:00:00+00:00,1.71,True,TOUCH_HIT_TP,10,2.0569,0.1497,True,TOUCH_HIT_TP,1.179466,1.666219,0.885787,1.249664,0.863595,0.515808,0.280036,1.666219,2.516638,52.0,46.0,1.0,0.189275,1.0,0.0,0.0,0.0,1.0,0.562939,0.31458,0.70787,100.0,0.41729,1.779107,-1.21149,-3.735461,0.10666,1.157362,1.0
BTCUSD_17099_BULLISH_17091_17093,BTCUSD,LONG,1h,2026-05-14T03:00:00+00:00,2026-05-14T05:00:00+00:00,2026-05-14T11:00:00+00:00,79428.5,78876.0,552.5,0.7005,79290.375,78876.0,80000.73,414.375,0.5226,66,choch,internal,WF_WINDOW_2,2026-01-01T00:00:00+00:00,2026-04-30T23:59:59+00:00,236,Ridge_a1.0_WF_WINDOW_2_0d9a0c808abe9027,0d9a0c808abe9027,86628e48989c4ddf,-0.4869,0.2,REJECT,2026-05-14T13:00:00+00:00,1.7143,True,TOUCH_HIT_TP,2,1.7982,0.2265,False,REJECTED_BY_AI,0.697451,1.446612,0.522604,1.084959,0.617195,0.435294,0.58552,1.446612,0.960917,8.0,6.0,1.0,0.192118,0.0,1.0,0.0,0.0,0.0,0.133976,0.039275,0.482128,28.5,0.283771,1.008046,-0.693243,-0.569843,-1.958552,0.828493,1.0
SOLUSD_17099_BULLISH_17091_17094,SOLUSD,LONG,1h,2026-05-14T03:00:00+00:00,2026-05-14T06:00:00+00:00,2026-05-14T11:00:00+00:00,90.786,89.8165,0.9695,1.0794,90.543625,89.8165,91.79,0.727125,0.8031,43,choch,internal,WF_WINDOW_2,2026-01-01T00:00:00+00:00,2026-04-30T23:59:59+00:00,236,Ridge_a1.0_WF_WINDOW_2_0d9a0c808abe9027,0d9a0c808abe9027,86628e48989c4ddf,-0.3512,0.2,REJECT,2026-05-14T14:00:00+00:00,1.7141,True,TOUCH_HIT_TP,3,2.4389,0.0435,False,REJECTED_BY_AI,1.069911,1.445263,0.803066,1.083947,0.82362,0.227953,0.640536,1.445263,0.201249,8.0,5.0,4.0,0.106401,0.0,1.0,0.0,0.0,0.0,0.093016,0.002981,0.740288,91.0,0.410754,0.724495,-0.858862,-0.646894,-5.410343,0.66283,1.0
XRPUSD_17127_BULLISH_17097_17100,XRPUSD,LONG,1h,2026-05-14T09:00:00+00:00,2026-05-14T12:00:00+00:00,2026-05-15T15:00:00+00:00,1.4354,1.4265,0.0089,0.6239,1.433175,1.4265,1.44,0.006675,0.4657,75,bos,internal,WF_WINDOW_2,2026-01-01T00:00:00+00:00,2026-04-30T23:59:59+00:00,236,Ridge_a1.0_WF_WINDOW_2_0d9a0c808abe9027,0d9a0c808abe9027,86628e48989c4ddf,-0.0377,0.2,REJECT,2026-05-15T16:00:00+00:00,1.0225,True,TOUCH_HIT_TP,1,2.0562,0.0,False,REJECTED_BY_AI,0.620339,0.863618,0.465749,0.647713,0.921348,0.988764,0.674157,0.863618,1.562275,30.0,27.0,2.0,0.147979,1.0,0.0,0.0,0.0,1.0,0.174729,0.019407,0.718302,100.0,0.659251,1.057689,-2.672817,-4.020605,0.567784,0.940644,1.0
ETHUSD_17150_BULLISH_16262_16263,ETHUSD,LONG,1h,2026-04-09T14:00:00+00:00,2026-04-09T15:00:00+00:00,2026-05-16T14:00:00+00:00,2182.2,2156.5,25.7,1.1917,2175.775,2156.5,2208.82,19.275,0.8859,39,choch,internal,WF_WINDOW_2,2026-01-01T00:00:00+00:00,2026-04-30T23:59:59+00:00,236,Ridge_a1.0_WF_WINDOW_2_0d9a0c808abe9027,0d9a0c808abe9027,86628e48989c4ddf,-0.9523,0.2,REJECT,2026-05-17T23:00:00+00:00,-1.0,True,TOUCH_HIT_SL,33,1.1271,4.5019,False,REJECTED_BY_AI,1.179413,1.804976,0.885891,1.353732,0.877432,0.815175,0.480545,1.804976,2.819836,888.0,887.0,21.0,0.230012,0.0,1.0,0.0,1.0,0.0,0.110285,0.073744,0.653423,24.0,0.309731,1.028907,0.296879,-2.005711,-3.601053,1.00091,1.0
ETHUSD_17162_BEARISH_17160_17161,ETHUSD,SHORT,1h,2026-05-17T00:00:00+00:00,2026-05-17T01:00:00+00:00,2026-05-17T02:00:00+00:00,2185.0,2172.65,12.35,0.5684,2172.65,2185.0,2151.48,12.35,0.5684,61,bos,internal,WF_WINDOW_2,2026-01-01T00:00:00+00:00,2026-04-30T23:59:59+00:00,236,Ridge_a1.0_WF_WINDOW_2_0d9a0c808abe9027,0d9a0c808abe9027,86628e48989c4ddf,0.6143,0.2,ACCEPT,2026-05-17T04:00:00+00:00,-1.0,True,TOUCH_HIT_SL,2,0.0,1.3279,True,TOUCH_HIT_SL,0.56826,0.891612,0.56843,0.891612,0.947368,0.234818,0.295547,0.891612,0.584782,2.0,1.0,0.0,0.046927,1.0,0.0,0.0,1.0,1.0,0.074659,0.010829,0.63734,0.5,0.30888,0.530636,-0.373605,-0.091941,-5.106429,0.450889,0.0
BTCUSD_17174_BULLISH_17161_17170,BTCUSD,LONG,1h,2026-05-17T01:00:00+00:00,2026-05-17T10:00:00+00:00,2026-05-17T14:00:00+00:00,78084.0,77682.5,401.5,0.5168,78084.0,77682.5,78772.29,401.5,0.5142,68,choch,internal,WF_WINDOW_2,2026-01-01T00:00:00+00:00,2026-04-30T23:59:59+00:00,236,Ridge_a1.0_WF_WINDOW_2_0d9a0c808abe9027,0d9a0c808abe9027,86628e48989c4ddf,-0.7872,0.2,REJECT,2026-05-17T23:00:00+00:00,-1.0,True,TOUCH_HIT_SL,9,0.9178,3.4919,False,REJECTED_BY_AI,0.514671,1.083795,0.51419,1.083795,0.818182,0.706102,0.564134,1.083795,0.576314,13.0,4.0,0.0,0.197054,0.0,1.0,0.0,0.0,0.0,0.092812,0.04319,0.474879,4.5,0.155518,1.021709,-0.260182,-0.12099,-2.912223,1.587464,1.0
SOLUSD_17195_BEARISH_17185_17194,SOLUSD,SHORT,1h,2026-05-18T01:00:00+00:00,2026-05-18T10:00:00+00:00,2026-05-18T11:00:00+00:00,85.463,84.512,0.951,1.1253,84.74975,85.463,83.53,0.71325,0.8416,41,bos,internal,WF_WINDOW_2,2026-01-01T00:00:00+00:00,2026-04-30T23:59:59+00:00,236,Ridge_a1.0_WF_WINDOW_2_0d9a0c808abe9027,0d9a0c808abe9027,86628e48989c4ddf,-0.2635,0.2,REJECT,2026-05-18T12:00:00+00:00,-1.0,True,TOUCH_HIT_SL,1,0.0,1.4655,False,REJECTED_BY_AI,1.119179,1.44896,0.841595,1.08672,0.515247,0.848791,0.368034,1.44896,0.335196,10.0,1.0,0.0,0.340147,1.0,0.0,0.0,0.0,1.0,0.15357,0.025901,0.772402,37.0,0.446752,1.885019,0.306919,-1.961395,-1.220604,1.191193,0.0
SOLUSD_17197_BULLISH_17195_17196,SOLUSD,LONG,1h,2026-05-18T11:00:00+00:00,2026-05-18T12:00:00+00:00,2026-05-18T13:00:00+00:00,85.3192,84.082,1.2372,1.4714,85.0099,84.082,86.6,0.9279,1.0915,32,choch,internal,WF_WINDOW_2,2026-01-01T00:00:00+00:00,2026-04-30T23:59:59+00:00,236,Ridge_a1.0_WF_WINDOW_2_0d9a0c808abe9027,0d9a0c808abe9027,86628e48989c4ddf,-0.7595,0.2,REJECT,2026-05-18T14:00:00+00:00,-1.0,True,TOUCH_HIT_SL,1,0.0,1.4106,False,REJECTED_BY_AI,1.460995,1.874033,1.09152,1.405525,0.484966,0.813288,0.557711,1.874033,0.908842,2.0,1.0,0.0,0.496682,0.0,1.0,0.0,0.0,0.0,0.125304,0.006513,0.7796,50.0,0.525192,1.908569,-0.256773,-1.731381,-1.627499,1.902237,1.0
ETHUSD_17202_BULLISH_16214_16221,ETHUSD,LONG,1h,2026-04-07T14:00:00+00:00,2026-04-07T21:00:00+00:00,2026-05-18T18:00:00+00:00,2080.45,2060.0,20.45,0.9927,2075.3375,2060.0,2101.63,15.3375,0.739,47,choch,internal,WF_WINDOW_2,2026-01-01T00:00:00+00:00,2026-04-30T23:59:59+00:00,236,Ridge_a1.0_WF_WINDOW_2_0d9a0c808abe9027,0d9a0c808abe9027,86628e48989c4ddf,-0.5538,0.2,REJECT,2026-05-18T19:00:00+00:00,1.7143,True,TOUCH_HIT_TP,1,3.4303,0.0,False,REJECTED_BY_AI,0.983008,1.452242,0.739036,1.089181,0.99511,0.246944,0.286064,1.452242,2.109124,988.0,981.0,0.0,0.355959,0.0,1.0,0.0,0.0,0.0,0.020349,0.024855,0.67689,30.5,0.709325,2.336369,-2.328693,-1.759067,-4.274704,1.915128,1.0
ETHUSD_17205_BEARISH_17196_17199,ETHUSD,SHORT,1h,2026-05-18T12:00:00+00:00,2026-05-18T15:00:00+00:00,2026-05-18T21:00:00+00:00,2156.5,2133.1,23.4,1.097,2138.95,2156.5,2108.86,17.55,0.8205,42,choch,internal,WF_WINDOW_2,2026-01-01T00:00:00+00:00,2026-04-30T23:59:59+00:00,236,Ridge_a1.0_WF_WINDOW_2_0d9a0c808abe9027,0d9a0c808abe9027,86628e48989c4ddf,-0.3794,0.2,REJECT,2026-05-19T10:00:00+00:00,1.7145,True,TOUCH_HIT_TP,13,1.8946,0.4245,False,REJECTED_BY_AI,1.095301,1.631899,0.820496,1.223924,0.858974,0.376068,0.702991,1.631899,0.233627,9.0,6.0,0.0,0.177835,0.0,1.0,0.0,0.0,1.0,0.25327,0.202244,0.671182,65.0,0.741681,1.970134,1.900742,0.868744,-1.941525,1.26271,0.0
BTCUSD_17228_BEARISH_17216_17222,BTCUSD,SHORT,1h,2026-05-19T08:00:00+00:00,2026-05-19T14:00:00+00:00,2026-05-19T20:00:00+00:00,77295.0,76932.0,363.0,0.4718,76932.0,77295.0,76309.71,363.0,0.4718,74,bos,internal,WF_WINDOW_2,2026-01-01T00:00:00+00:00,2026-04-30T23:59:59+00:00,236,Ridge_a1.0_WF_WINDOW_2_0d9a0c808abe9027,0d9a0c808abe9027,86628e48989c4ddf,-0.0145,0.2,REJECT,2026-05-20T05:00:00+00:00,-1.0,True,TOUCH_HIT_SL,9,1.2314,1.0165,False,REJECTED_BY_AI,0.471566,0.954423,0.471845,0.954423,0.874656,0.307163,0.508264,0.954423,1.265991,12.0,6.0,2.0,0.119632,1.0,0.0,0.0,0.0,1.0,0.273038,0.094654,0.494085,32.5,0.297791,0.565292,0.645891,0.135938,-1.597904,0.78015,0.0
BTCUSD_17243_BEARISH_17196_17198,BTCUSD,SHORT,1h,2026-05-18T12:00:00+00:00,2026-05-18T14:00:00+00:00,2026-05-20T11:00:00+00:00,77758.5,77243.5,515.0,0.6667,77372.25,77758.5,76710.11,386.25,0.4992,70,bos,internal,WF_WINDOW_2,2026-01-01T00:00:00+00:00,2026-04-30T23:59:59+00:00,236,Ridge_a1.0_WF_WINDOW_2_0d9a0c808abe9027,0d9a0c808abe9027,86628e48989c4ddf,-0.1634,0.2,REJECT,2026-05-20T15:00:00+00:00,-1.0,True,TOUCH_HIT_SL,4,1.3379,1.1748,False,REJECTED_BY_AI,0.665783,1.379078,0.49921,1.034309,0.78835,0.769903,0.668932,1.379078,1.454057,47.0,45.0,9.0,0.052887,1.0,0.0,0.0,1.0,0.0,0.524043,0.028117,0.482774,14.0,0.215236,0.656066,-0.036831,0.487155,0.586465,0.936672,0.0
XRPUSD_17259_BEARISH_17215_17217,XRPUSD,SHORT,1h,2026-05-19T07:00:00+00:00,2026-05-19T09:00:00+00:00,2026-05-21T03:00:00+00:00,1.3898,1.3834,0.0064,0.4626,1.3834,1.3898,1.37,0.0064,0.4626,75,bos,internal,WF_WINDOW_2,2026-01-01T00:00:00+00:00,2026-04-30T23:59:59+00:00,236,Ridge_a1.0_WF_WINDOW_2_0d9a0c808abe9027,0d9a0c808abe9027,86628e48989c4ddf,-0.0017,0.2,REJECT,2026-05-21T06:00:00+00:00,2.0937,True,TOUCH_HIT_TP,3,2.1719,0.4062,False,REJECTED_BY_AI,0.462294,0.6591,0.462628,0.6591,0.84375,0.359375,0.609375,0.6591,0.751785,44.0,42.0,1.0,0.102984,1.0,0.0,0.0,0.0,1.0,0.454321,0.020597,0.701403,32.0,0.34401,0.504623,1.309916,0.808272,0.0,0.744336,0.0
BTCUSD_17266_BULLISH_17248_17256,BTCUSD,LONG,1h,2026-05-20T16:00:00+00:00,2026-05-21T00:00:00+00:00,2026-05-21T10:00:00+00:00,77530.5,76975.0,555.5,0.7217,77391.625,76975.0,78105.84,416.625,0.5383,65,bos,internal,WF_WINDOW_2,2026-01-01T00:00:00+00:00,2026-04-30T23:59:59+00:00,236,Ridge_a1.0_WF_WINDOW_2_0d9a0c808abe9027,0d9a0c808abe9027,86628e48989c4ddf,-0.2081,0.2,REJECT,2026-05-21T13:00:00+00:00,-1.0,True,TOUCH_HIT_SL,3,0.0,1.6625,False,REJECTED_BY_AI,0.719849,1.479496,0.538333,1.109622,0.349235,0.693969,0.218722,1.479496,1.117279,18.0,10.0,2.0,0.59293,1.0,0.0,0.0,0.0,1.0,0.452012,0.055931,0.48655,21.0,0.264763,1.351655,-0.804679,-0.595123,0.197359,1.126711,1.0
XRPUSD_17266_BULLISH_17254_17258,XRPUSD,LONG,1h,2026-05-20T22:00:00+00:00,2026-05-21T02:00:00+00:00,2026-05-21T10:00:00+00:00,1.3683,1.3602,0.0081,0.5955,1.3683,1.3602,1.38,0.0081,0.592,59,choch,internal,WF_WINDOW_2,2026-01-01T00:00:00+00:00,2026-04-30T23:59:59+00:00,236,Ridge_a1.0_WF_WINDOW_2_0d9a0c808abe9027,0d9a0c808abe9027,86628e48989c4ddf,-0.4128,0.2,REJECT,2026-05-21T13:00:00+00:00,-1.0,True,TOUCH_HIT_SL,3,0.1605,1.6914,False,REJECTED_BY_AI,0.592799,0.837139,0.591975,0.837139,0.765432,0.580247,0.0,0.837139,0.320387,12.0,8.0,0.0,0.196366,0.0,1.0,0.0,0.0,0.0,0.232099,0.0,0.708124,28.0,0.334132,1.167861,-0.639907,-0.4662,-1.185999,1.215392,1.0
ETHUSD_17267_BULLISH_17230_17237,ETHUSD,LONG,1h,2026-05-19T22:00:00+00:00,2026-05-20T05:00:00+00:00,2026-05-21T11:00:00+00:00,2115.55,2101.35,14.2,0.6758,2112.0,2101.35,2130.26,10.65,0.5043,69,choch,internal,WF_WINDOW_2,2026-01-01T00:00:00+00:00,2026-04-30T23:59:59+00:00,236,Ridge_a1.0_WF_WINDOW_2_0d9a0c808abe9027,0d9a0c808abe9027,86628e48989c4ddf,-0.5497,0.2,REJECT,2026-05-21T15:00:00+00:00,1.7146,True,TOUCH_HIT_TP,4,2.3756,0.7371,False,REJECTED_BY_AI,0.671665,1.014987,0.504261,0.761241,0.901408,0.503521,0.721831,1.014987,0.847014,37.0,30.0,3.0,0.153678,0.0,1.0,0.0,0.0,1.0,0.317363,0.032165,0.661747,24.5,0.304063,0.586119,-0.632168,-0.988175,0.033121,1.246392,1.0
ETHUSD_17273_BEARISH_17257_17266,ETHUSD,SHORT,1h,2026-05-21T01:00:00+00:00,2026-05-21T10:00:00+00:00,2026-05-21T17:00:00+00:00,2156.65,2138.1,18.55,0.8676,2142.7375,2156.65,2118.89,13.9125,0.6493,53,choch,internal,WF_WINDOW_2,2026-01-01T00:00:00+00:00,2026-04-30T23:59:59+00:00,236,Ridge_a1.0_WF_WINDOW_2_0d9a0c808abe9027,0d9a0c808abe9027,86628e48989c4ddf,-0.4914,0.2,REJECT,2026-05-22T08:00:00+00:00,1.7141,True,TOUCH_HIT_TP,15,1.7314,0.3351,False,REJECTED_BY_AI,0.8645,1.316725,0.649286,0.987544,0.587601,0.795148,0.123989,1.316725,0.97246,16.0,7.0,0.0,0.213835,0.0,1.0,0.0,0.0,0.0,0.59292,0.010647,0.656553,36.0,0.35836,1.991058,1.398767,0.238245,1.728061,1.706469,0.0
SOLUSD_17292_BEARISH_17276_17286,SOLUSD,SHORT,1h,2026-05-21T20:00:00+00:00,2026-05-22T06:00:00+00:00,2026-05-22T12:00:00+00:00,87.944,87.501,0.443,0.5063,87.501,87.944,86.74,0.443,0.5063,69,choch,internal,WF_WINDOW_2,2026-01-01T00:00:00+00:00,2026-04-30T23:59:59+00:00,236,Ridge_a1.0_WF_WINDOW_2_0d9a0c808abe9027,0d9a0c808abe9027,86628e48989c4ddf,-0.664,0.2,REJECT,2026-05-22T14:00:00+00:00,1.7178,True,TOUCH_HIT_TP,2,2.5984,0.8194,False,REJECTED_BY_AI,0.504705,0.685897,0.50628,0.685897,0.383747,0.663657,0.68781,0.685897,0.156378,16.0,6.0,1.0,0.422686,0.0,1.0,0.0,0.0,0.0,0.94194,0.040256,0.735832,3.0,0.488294,0.854662,0.920975,0.492306,3.332823,0.871613,0.0
SOLUSD_17308_BULLISH_17233_17244,SOLUSD,LONG,1h,2026-05-20T01:00:00+00:00,2026-05-20T12:00:00+00:00,2026-05-23T04:00:00+00:00,84.513,83.841,0.672,0.8015,84.345,83.841,85.21,0.504,0.5975,58,bos,internal,WF_WINDOW_2,2026-01-01T00:00:00+00:00,2026-04-30T23:59:59+00:00,236,Ridge_a1.0_WF_WINDOW_2_0d9a0c808abe9027,0d9a0c808abe9027,86628e48989c4ddf,-0.0472,0.2,REJECT,2026-05-23T07:00:00+00:00,-1.0,True,TOUCH_HIT_SL,3,0.2738,5.8433,False,REJECTED_BY_AI,0.796284,1.030679,0.597546,0.77301,0.81994,0.808631,0.254464,1.030679,0.606904,75.0,64.0,8.0,0.072086,1.0,0.0,0.0,1.0,0.0,0.167009,0.013804,0.772582,17.0,0.502358,0.56442,0.023705,-3.441648,-2.560905,0.587145,1.0
XRPUSD_17318_BEARISH_17307_17311,XRPUSD,SHORT,1h,2026-05-23T03:00:00+00:00,2026-05-23T07:00:00+00:00,2026-05-23T14:00:00+00:00,1.3423,1.3397,0.0026,0.1941,1.3397,1.3423,1.34,0.0026,0.1941,100,bos,internal,WF_WINDOW_2,2026-01-01T00:00:00+00:00,2026-04-30T23:59:59+00:00,236,Ridge_a1.0_WF_WINDOW_2_0d9a0c808abe9027,0d9a0c808abe9027,86628e48989c4ddf,0.3503,0.2,ACCEPT,2026-05-23T15:00:00+00:00,-1.0,True,TOUCH_HIT_SL,1,1.6923,1.0385,True,TOUCH_HIT_SL,0.194001,0.272754,0.194073,0.272754,0.807692,0.615385,0.384615,0.272754,2.213503,11.0,7.0,0.0,0.052453,1.0,0.0,0.0,0.0,1.0,0.469248,0.020981,0.711267,8.5,0.484298,1.007091,1.72296,0.412078,-1.831234,1.112917,0.0
ETHUSD_17334_BEARISH_17273_17298,ETHUSD,SHORT,1h,2026-05-21T17:00:00+00:00,2026-05-22T18:00:00+00:00,2026-05-24T06:00:00+00:00,2152.85,2124.8,28.05,1.3201,2131.8125,2152.85,2095.75,21.0375,0.9868,35,bos,internal,WF_WINDOW_2,2026-01-01T00:00:00+00:00,2026-04-30T23:59:59+00:00,236,Ridge_a1.0_WF_WINDOW_2_0d9a0c808abe9027,0d9a0c808abe9027,86628e48989c4ddf,0.7592,0.2,ACCEPT,2026-05-24T14:00:00+00:00,1.7142,True,TOUCH_HIT_TP,8,2.5556,0.0,True,TOUCH_HIT_TP,1.318573,2.004967,0.986836,1.503725,0.910873,0.877005,0.673797,2.004967,1.408123,61.0,36.0,4.0,0.322546,1.0,0.0,0.0,0.0,1.0,0.803876,0.039313,0.657653,46.5,0.798016,0.918497,0.271028,3.292061,-0.260215,0.68895,0.0
BTCUSD_17351_BEARISH_17338_17343,BTCUSD,SHORT,1h,2026-05-24T10:00:00+00:00,2026-05-24T15:00:00+00:00,2026-05-24T23:00:00+00:00,77522.5,76888.5,634.0,0.8246,77047.0,77522.5,76231.86,475.5,0.6172,56,choch,internal,WF_WINDOW_2,2026-01-01T00:00:00+00:00,2026-04-30T23:59:59+00:00,236,Ridge_a1.0_WF_WINDOW_2_0d9a0c808abe9027,0d9a0c808abe9027,86628e48989c4ddf,-0.1384,0.2,REJECT,2026-05-25T06:00:00+00:00,-1.0,True,TOUCH_HIT_SL,7,0.3701,1.2166,False,REJECTED_BY_AI,0.823051,1.714922,0.617156,1.286192,0.776025,0.477918,0.272871,1.714922,0.193402,13.0,8.0,1.0,0.044631,0.0,1.0,0.0,0.0,0.0,0.710526,0.035164,0.479935,23.0,0.334423,1.119839,0.519362,0.298824,1.433999,0.758933,0.0
ETHUSD_17374_BULLISH_17351_17368,ETHUSD,LONG,1h,2026-05-24T23:00:00+00:00,2026-05-25T16:00:00+00:00,2026-05-25T22:00:00+00:00,2106.0,2090.45,15.55,0.7439,2102.1125,2090.45,2122.11,11.6625,0.5548,63,choch,internal,WF_WINDOW_2,2026-01-01T00:00:00+00:00,2026-04-30T23:59:59+00:00,236,Ridge_a1.0_WF_WINDOW_2_0d9a0c808abe9027,0d9a0c808abe9027,86628e48989c4ddf,-0.0103,0.2,REJECT,2026-05-26T00:00:00+00:00,-1.0,True,TOUCH_HIT_SL,2,0.9335,1.6002,False,REJECTED_BY_AI,0.739543,1.138108,0.554799,0.853581,0.784566,0.305466,0.456592,1.138108,0.684328,23.0,6.0,0.0,0.03934,0.0,1.0,0.0,0.0,0.0,0.671699,0.010979,0.649801,5.5,0.288085,0.980749,-1.181972,-0.600373,-2.013188,0.818163,1.0
BTCUSD_17377_BULLISH_17349_17361,BTCUSD,LONG,1h,2026-05-24T21:00:00+00:00,2026-05-25T09:00:00+00:00,2026-05-26T01:00:00+00:00,76721.0,76060.0,661.0,0.8691,76555.75,76060.0,77405.61,495.75,0.6476,54,choch,internal,WF_WINDOW_2,2026-01-01T00:00:00+00:00,2026-04-30T23:59:59+00:00,236,Ridge_a1.0_WF_WINDOW_2_0d9a0c808abe9027,0d9a0c808abe9027,86628e48989c4ddf,0.0434,0.2,REJECT,2026-05-26T10:00:00+00:00,1.7143,True,TOUCH_HIT_TP,9,2.1084,0.2446,False,REJECTED_BY_AI,0.861597,1.827262,0.647567,1.370447,0.995461,0.285174,0.797277,1.827262,0.395308,28.0,16.0,1.0,0.448522,0.0,1.0,0.0,0.0,1.0,0.683372,0.052523,0.471523,3.0,0.23305,0.825171,-0.680959,-1.009671,0.003259,0.766673,1.0
XRPUSD_17409_BULLISH_17404_17406,XRPUSD,LONG,1h,2026-05-27T04:00:00+00:00,2026-05-27T06:00:00+00:00,2026-05-27T09:00:00+00:00,1.3319,1.3217,0.0102,0.7717,1.32935,1.3217,1.34,0.00765,0.5755,60,choch,internal,WF_WINDOW_2,2026-01-01T00:00:00+00:00,2026-04-30T23:59:59+00:00,236,Ridge_a1.0_WF_WINDOW_2_0d9a0c808abe9027,0d9a0c808abe9027,86628e48989c4ddf,-0.0092,0.2,REJECT,2026-05-27T12:00:00+00:00,1.3922,True,TOUCH_HIT_TP,3,1.5882,0.5425,False,REJECTED_BY_AI,0.766629,1.160548,0.575469,0.870411,0.862745,0.343137,0.362745,1.160548,0.500629,5.0,3.0,2.0,0.130846,0.0,1.0,0.0,0.0,0.0,0.405928,0.011378,0.660575,1.0,0.276214,1.035391,-0.067598,0.052639,-2.104334,0.556323,1.0
SOLUSD_17413_BULLISH_17404_17407,SOLUSD,LONG,1h,2026-05-27T04:00:00+00:00,2026-05-27T07:00:00+00:00,2026-05-27T13:00:00+00:00,83.672,82.819,0.853,1.03,83.45875,82.819,84.56,0.63975,0.7665,45,choch,internal,WF_WINDOW_2,2026-01-01T00:00:00+00:00,2026-04-30T23:59:59+00:00,236,Ridge_a1.0_WF_WINDOW_2_0d9a0c808abe9027,0d9a0c808abe9027,86628e48989c4ddf,-0.1875,0.2,REJECT,2026-05-27T15:00:00+00:00,1.7214,True,TOUCH_HIT_TP,2,2.1747,0.3466,False,REJECTED_BY_AI,1.020079,1.329567,0.766546,0.997176,0.940211,0.845252,0.046893,1.329567,0.269654,9.0,6.0,3.0,0.252898,0.0,1.0,0.0,0.0,0.0,0.297263,0.001559,0.767226,4.5,0.247201,1.700537,-0.357479,-0.037058,-2.508948,1.364558,1.0
XRPUSD_17419_BEARISH_17415_17417,XRPUSD,SHORT,1h,2026-05-27T15:00:00+00:00,2026-05-27T17:00:00+00:00,2026-05-27T19:00:00+00:00,1.3438,1.3304,0.0134,1.0072,1.33375,1.3438,1.32,0.01005,0.7535,46,choch,internal,WF_WINDOW_2,2026-01-01T00:00:00+00:00,2026-04-30T23:59:59+00:00,236,Ridge_a1.0_WF_WINDOW_2_0d9a0c808abe9027,0d9a0c808abe9027,86628e48989c4ddf,0.3522,0.2,ACCEPT,2026-05-27T21:00:00+00:00,1.3682,True,TOUCH_HIT_TP,2,2.2139,0.1542,True,TOUCH_HIT_TP,1.006762,1.504557,0.753515,1.128418,0.955224,0.30597,0.41791,1.504557,1.336136,4.0,2.0,0.0,0.308771,0.0,1.0,0.0,1.0,1.0,0.22973,0.044912,0.669142,13.5,0.368395,0.842103,-0.015024,-0.030044,-2.247356,1.083039,0.0
SOLUSD_17454_BEARISH_17445_17450,SOLUSD,SHORT,1h,2026-05-28T21:00:00+00:00,2026-05-29T02:00:00+00:00,2026-05-29T06:00:00+00:00,82.683,82.231,0.452,0.5497,82.231,82.683,81.46,0.452,0.5497,63,bos,internal,WF_WINDOW_2,2026-01-01T00:00:00+00:00,2026-04-30T23:59:59+00:00,236,Ridge_a1.0_WF_WINDOW_2_0d9a0c808abe9027,0d9a0c808abe9027,86628e48989c4ddf,0.4422,0.2,ACCEPT,2026-05-29T12:00:00+00:00,1.7058,True,TOUCH_HIT_TP,6,2.0553,0.9115,True,TOUCH_HIT_TP,0.54927,0.690264,0.549671,0.690264,0.867257,0.595133,0.208186,0.690264,1.024707,9.0,4.0,0.0,0.091628,1.0,0.0,0.0,0.0,1.0,0.351175,0.001527,0.795739,50.5,0.461595,0.748295,0.083919,1.404789,-1.614041,0.708589,0.0
BTCUSD_17503_BULLISH_17495_17500,BTCUSD,LONG,1h,2026-05-30T23:00:00+00:00,2026-05-31T04:00:00+00:00,2026-05-31T07:00:00+00:00,73979.0,73758.0,221.0,0.2996,73979.0,73758.0,74357.86,221.0,0.2987,100,bos,internal,WF_WINDOW_2,2026-01-01T00:00:00+00:00,2026-04-30T23:59:59+00:00,236,Ridge_a1.0_WF_WINDOW_2_0d9a0c808abe9027,0d9a0c808abe9027,86628e48989c4ddf,-0.3969,0.2,REJECT,2026-05-31T10:00:00+00:00,-1.0,True,TOUCH_HIT_SL,3,0.1312,1.2262,False,REJECTED_BY_AI,0.299296,0.619935,0.298733,0.619935,0.371041,0.791855,0.031674,0.619935,0.102387,8.0,3.0,1.0,0.389914,1.0,0.0,0.0,0.0,1.0,0.367049,0.018233,0.482786,0.5,0.109519,0.625545,-0.308498,-0.09133,0.231439,0.844743,1.0
ETHUSD_17503_BULLISH_17489_17498,ETHUSD,LONG,1h,2026-05-30T17:00:00+00:00,2026-05-31T02:00:00+00:00,2026-05-31T07:00:00+00:00,2028.5,2018.2,10.3,0.5104,2028.5,2018.2,2046.16,10.3,0.5078,68,bos,internal,WF_WINDOW_2,2026-01-01T00:00:00+00:00,2026-04-30T23:59:59+00:00,236,Ridge_a1.0_WF_WINDOW_2_0d9a0c808abe9027,0d9a0c808abe9027,86628e48989c4ddf,-0.187,0.2,REJECT,2026-05-31T09:00:00+00:00,-1.0,True,TOUCH_HIT_SL,2,0.0,1.0583,False,REJECTED_BY_AI,0.50912,0.779465,0.507764,0.779465,0.475728,0.679612,0.014563,0.779465,0.389732,14.0,5.0,2.0,0.408651,1.0,0.0,0.0,0.0,1.0,0.439238,0.022703,0.653166,0.5,0.146434,0.567571,-0.516326,-0.160387,0.466802,0.791561,1.0
SOLUSD_17503_BULLISH_17476_17498,SOLUSD,LONG,1h,2026-05-30T04:00:00+00:00,2026-05-31T02:00:00+00:00,2026-05-31T07:00:00+00:00,82.8075,81.8448,0.9627,1.1763,82.566825,81.8448,83.8,0.722025,0.8745,40,bos,internal,WF_WINDOW_2,2026-01-01T00:00:00+00:00,2026-04-30T23:59:59+00:00,236,Ridge_a1.0_WF_WINDOW_2_0d9a0c808abe9027,0d9a0c808abe9027,86628e48989c4ddf,0.1869,0.2,REJECT,2026-05-31T14:00:00+00:00,-1.0,True,TOUCH_HIT_SL,7,0.7828,1.0927,False,REJECTED_BY_AI,1.164777,1.567119,0.874473,1.175339,0.837436,0.319414,0.363561,1.567119,0.227897,27.0,5.0,0.0,0.137023,1.0,0.0,0.0,0.0,1.0,0.546607,0.001628,0.74326,0.5,0.182788,0.748154,-0.614463,-0.302767,0.705478,0.849507,1.0
ETHUSD_17510_BULLISH_17476_17486,ETHUSD,LONG,1h,2026-05-30T04:00:00+00:00,2026-05-30T14:00:00+00:00,2026-05-31T14:00:00+00:00,2017.6,2000.95,16.65,0.8321,2013.4375,2000.95,2034.84,12.4875,0.6202,56,bos,internal,WF_WINDOW_2,2026-01-01T00:00:00+00:00,2026-04-30T23:59:59+00:00,236,Ridge_a1.0_WF_WINDOW_2_0d9a0c808abe9027,0d9a0c808abe9027,86628e48989c4ddf,-0.6589,0.2,REJECT,2026-05-31T16:00:00+00:00,-1.0,True,TOUCH_HIT_SL,2,0.0731,1.3163,False,REJECTED_BY_AI,0.829638,1.277284,0.620208,0.957963,0.357357,0.786787,0.354354,1.277284,0.47179,34.0,24.0,2.0,0.501516,1.0,0.0,0.0,0.0,1.0,0.31581,0.007671,0.649532,1.0,0.203442,1.242763,-0.658351,-0.717325,0.410267,1.573563,1.0
ETHUSD_17512_BULLISH_17462_17463,ETHUSD,LONG,1h,2026-05-29T14:00:00+00:00,2026-05-29T15:00:00+00:00,2026-05-31T16:00:00+00:00,2003.6,1975.45,28.15,1.425,1996.5625,1975.45,2032.76,21.1125,1.0574,33,choch,internal,WF_WINDOW_2,2026-01-01T00:00:00+00:00,2026-04-30T23:59:59+00:00,236,Ridge_a1.0_WF_WINDOW_2_0d9a0c808abe9027,0d9a0c808abe9027,86628e48989c4ddf,0.0895,0.2,REJECT,2026-06-01T07:00:00+00:00,-1.0,True,TOUCH_HIT_SL,15,1.2262,1.2463,False,REJECTED_BY_AI,1.406656,2.16231,1.057442,1.621732,0.914742,0.234458,0.069272,2.16231,2.277531,50.0,49.0,1.0,0.356224,0.0,1.0,0.0,0.0,1.0,0.312637,0.007681,0.650534,1.0,0.220957,1.117641,-1.038473,-1.34339,0.012494,1.736002,1.0
SOLUSD_17512_BULLISH_17462_17464,SOLUSD,LONG,1h,2026-05-29T14:00:00+00:00,2026-05-29T16:00:00+00:00,2026-05-31T16:00:00+00:00,81.592,80.35,1.242,1.5457,81.2815,80.35,82.88,0.9315,1.146,30,choch,internal,WF_WINDOW_2,2026-01-01T00:00:00+00:00,2026-04-30T23:59:59+00:00,236,Ridge_a1.0_WF_WINDOW_2_0d9a0c808abe9027,0d9a0c808abe9027,86628e48989c4ddf,-0.1838,0.2,REJECT,2026-05-31T23:00:00+00:00,1.716,True,TOUCH_HIT_TP,7,1.7719,0.0,False,REJECTED_BY_AI,1.52249,2.045092,1.146017,1.533819,0.987842,0.138486,0.088567,2.045092,0.545029,50.0,48.0,1.0,0.486409,0.0,1.0,0.0,0.0,1.0,0.325148,0.011362,0.74446,2.0,0.278626,1.00608,-1.418835,-1.740623,0.277686,1.73018,1.0
BTCUSD_17522_BEARISH_17520_17521,BTCUSD,SHORT,1h,2026-06-01T00:00:00+00:00,2026-06-01T01:00:00+00:00,2026-06-01T02:00:00+00:00,74078.0,73627.0,451.0,0.6125,73739.75,74078.0,73159.89,338.25,0.4587,76,bos,internal,WF_WINDOW_3,2026-01-01T00:00:00+00:00,2026-05-31T23:59:59+00:00,298,Ridge_a1.0_WF_WINDOW_3_7882210265bc4685,7882210265bc4685,86628e48989c4ddf,-0.1482,0.2,REJECT,2026-06-01T06:00:00+00:00,1.7143,True,TOUCH_HIT_TP,4,2.4043,0.7886,False,REJECTED_BY_AI,0.611326,1.279126,0.458708,0.959345,0.674058,0.544346,0.444568,1.279126,1.693212,2.0,1.0,0.0,0.09714,1.0,0.0,0.0,1.0,0.0,0.615403,0.017017,0.477925,8.0,0.300329,1.94847,-0.130634,-0.206961,0.405575,1.137403,0.0
ETHUSD_17539_BEARISH_17519_17526,ETHUSD,SHORT,1h,2026-05-31T23:00:00+00:00,2026-06-01T06:00:00+00:00,2026-06-01T19:00:00+00:00,2022.45,1999.05,23.4,1.1706,2004.9,2022.45,1974.81,17.55,0.8754,39,bos,internal,WF_WINDOW_3,2026-01-01T00:00:00+00:00,2026-05-31T23:59:59+00:00,298,Ridge_a1.0_WF_WINDOW_3_7882210265bc4685,7882210265bc4685,86628e48989c4ddf,0.1164,0.2,REJECT,2026-06-02T02:00:00+00:00,1.7145,True,TOUCH_HIT_TP,7,2.4758,0.2194,False,REJECTED_BY_AI,1.167665,1.752051,0.875355,1.314038,0.788462,0.391026,0.224359,1.752051,0.490425,20.0,13.0,0.0,0.067387,1.0,0.0,0.0,0.0,1.0,0.539726,0.022462,0.666456,20.0,0.498327,1.299064,1.844793,0.260156,-1.105409,1.547603,0.0
BTCUSD_17620_BEARISH_17611_17618,BTCUSD,SHORT,1h,2026-06-04T19:00:00+00:00,2026-06-05T02:00:00+00:00,2026-06-05T04:00:00+00:00,64154.0,63514.5,639.5,1.0069,63674.375,64154.0,62852.16,479.625,0.7532,46,bos,internal,WF_WINDOW_3,2026-01-01T00:00:00+00:00,2026-05-31T23:59:59+00:00,298,Ridge_a1.0_WF_WINDOW_3_7882210265bc4685,7882210265bc4685,86628e48989c4ddf,0.5924,0.2,ACCEPT,2026-06-05T05:00:00+00:00,1.7143,True,TOUCH_HIT_TP,1,2.999,0.0,True,TOUCH_HIT_TP,1.005574,1.318083,0.753246,0.988563,0.873339,0.18921,0.301016,1.318083,1.593242,9.0,2.0,0.0,0.16257,1.0,0.0,0.0,1.0,1.0,0.177354,0.023703,0.762906,100.0,0.779776,2.423872,-0.422763,-0.956245,-4.504809,0.667637,0.0
ETHUSD_17664_BULLISH_17657_17663,ETHUSD,LONG,1h,2026-06-06T17:00:00+00:00,2026-06-06T23:00:00+00:00,2026-06-07T00:00:00+00:00,1565.75,1545.85,19.9,1.2873,1560.775,1545.85,1586.36,14.925,0.9563,36,choch,internal,WF_WINDOW_3,2026-01-01T00:00:00+00:00,2026-05-31T23:59:59+00:00,298,Ridge_a1.0_WF_WINDOW_3_7882210265bc4685,7882210265bc4685,86628e48989c4ddf,0.9924,0.2,ACCEPT,2026-06-07T01:00:00+00:00,1.7142,True,TOUCH_HIT_TP,1,2.3434,0.0,True,TOUCH_HIT_TP,1.272256,1.037004,0.956256,0.777753,0.919598,0.138191,0.522613,1.037004,0.58364,7.0,1.0,0.0,0.175874,0.0,1.0,0.0,1.0,0.0,0.147706,0.044294,1.226858,90.5,0.869819,0.448152,0.666109,-0.369439,-11.532479,0.241186,1.0
ETHUSD_17669_BEARISH_17637_17644,ETHUSD,SHORT,1h,2026-06-05T21:00:00+00:00,2026-06-06T04:00:00+00:00,2026-06-07T05:00:00+00:00,1618.7,1601.7,17.0,1.0614,1605.95,1618.7,1584.09,12.75,0.7939,44,bos,internal,WF_WINDOW_3,2026-01-01T00:00:00+00:00,2026-05-31T23:59:59+00:00,298,Ridge_a1.0_WF_WINDOW_3_7882210265bc4685,7882210265bc4685,86628e48989c4ddf,0.9292,0.2,ACCEPT,2026-06-07T06:00:00+00:00,-1.0,True,TOUCH_HIT_SL,1,0.6706,1.3333,True,TOUCH_HIT_SL,1.060478,0.888003,0.793923,0.666002,0.920588,0.391176,0.373529,0.888003,2.112924,32.0,25.0,0.0,0.151483,1.0,0.0,0.0,0.0,1.0,0.254862,0.120142,1.194229,88.0,0.6204,0.840991,2.486974,2.950999,-7.284558,0.80834,0.0
SOLUSD_17670_BEARISH_17637_17644,SOLUSD,SHORT,1h,2026-06-05T21:00:00+00:00,2026-06-06T04:00:00+00:00,2026-06-07T06:00:00+00:00,65.402,64.532,0.87,1.3482,64.7495,65.402,63.63,0.6525,1.0077,34,bos,internal,WF_WINDOW_3,2026-01-01T00:00:00+00:00,2026-05-31T23:59:59+00:00,298,Ridge_a1.0_WF_WINDOW_3_7882210265bc4685,7882210265bc4685,86628e48989c4ddf,0.2646,0.2,ACCEPT,2026-06-07T08:00:00+00:00,-1.0,True,TOUCH_HIT_SL,2,0.4253,1.8598,True,TOUCH_HIT_SL,1.342137,0.956911,1.00773,0.717683,0.666667,0.518391,0.321839,0.956911,2.1569,33.0,26.0,0.0,0.079743,1.0,0.0,0.0,0.0,1.0,0.30343,0.637941,1.402572,88.5,0.720233,1.069101,1.822123,4.48252,-4.579512,1.158534,0.0
BTCUSD_17673_BEARISH_17625_17629,BTCUSD,SHORT,1h,2026-06-05T09:00:00+00:00,2026-06-05T13:00:00+00:00,2026-06-07T09:00:00+00:00,63231.5,62411.0,820.5,1.3147,62616.125,63231.5,61561.2,615.375,0.9828,35,bos,internal,WF_WINDOW_3,2026-01-01T00:00:00+00:00,2026-05-31T23:59:59+00:00,298,Ridge_a1.0_WF_WINDOW_3_7882210265bc4685,7882210265bc4685,86628e48989c4ddf,0.4565,0.2,ACCEPT,2026-06-07T12:00:00+00:00,1.7143,True,TOUCH_HIT_TP,3,1.7463,0.1956,True,TOUCH_HIT_TP,1.312475,1.507381,0.982774,1.130535,0.872639,0.655698,0.487508,1.507381,2.257856,48.0,44.0,1.0,0.184863,1.0,0.0,0.0,0.0,1.0,0.407458,0.029394,0.870699,85.5,0.397754,0.937864,1.058017,3.141318,-0.898823,1.35425,0.0
ETHUSD_17717_BEARISH_17711_17712,ETHUSD,SHORT,1h,2026-06-08T23:00:00+00:00,2026-06-09T00:00:00+00:00,2026-06-09T05:00:00+00:00,1714.0,1685.95,28.05,1.6638,1692.9625,1714.0,1656.9,21.0375,1.2426,28,choch,internal,WF_WINDOW_3,2026-01-01T00:00:00+00:00,2026-05-31T23:59:59+00:00,298,Ridge_a1.0_WF_WINDOW_3_7882210265bc4685,7882210265bc4685,86628e48989c4ddf,0.2158,0.2,ACCEPT,2026-06-09T14:00:00+00:00,1.7142,True,TOUCH_HIT_TP,9,2.8598,0.0921,True,TOUCH_HIT_TP,1.662025,1.447809,1.242644,1.085857,0.937611,0.358289,0.465241,1.447809,1.398775,6.0,5.0,1.0,0.271626,0.0,1.0,0.0,0.0,0.0,0.73396,0.03355,1.147959,84.0,0.608779,0.720033,1.54022,-0.171537,5.874973,0.770529,0.0
SOLUSD_17727_BULLISH_17683_17687,SOLUSD,LONG,1h,2026-06-07T19:00:00+00:00,2026-06-07T23:00:00+00:00,2026-06-09T15:00:00+00:00,64.953,63.61,1.343,2.1113,64.61725,63.61,66.34,1.00725,1.5588,22,bos,internal,WF_WINDOW_3,2026-01-01T00:00:00+00:00,2026-05-31T23:59:59+00:00,298,Ridge_a1.0_WF_WINDOW_3_7882210265bc4685,7882210265bc4685,86628e48989c4ddf,-0.4634,0.2,REJECT,2026-06-09T16:00:00+00:00,-1.0,True,TOUCH_HIT_SL,1,0.0,1.0784,False,REJECTED_BY_AI,2.087608,1.495313,1.558794,1.121484,0.537602,0.521966,0.759494,1.495313,0.813904,44.0,40.0,2.0,0.317601,1.0,0.0,0.0,0.0,1.0,0.523774,0.626851,1.396101,61.0,0.734288,1.192464,-3.134881,-1.682637,0.046655,1.73418,1.0
ETHUSD_17746_BULLISH_17683_17686,ETHUSD,LONG,1h,2026-06-07T19:00:00+00:00,2026-06-07T22:00:00+00:00,2026-06-10T10:00:00+00:00,1629.55,1602.25,27.3,1.7039,1622.725,1602.25,1657.82,20.475,1.2618,27,bos,internal,WF_WINDOW_3,2026-01-01T00:00:00+00:00,2026-05-31T23:59:59+00:00,298,Ridge_a1.0_WF_WINDOW_3_7882210265bc4685,7882210265bc4685,86628e48989c4ddf,0.1259,0.2,REJECT,2026-06-10T13:00:00+00:00,1.714,True,TOUCH_HIT_TP,3,2.1673,0.5726,False,REJECTED_BY_AI,1.677522,1.446141,1.261766,1.084606,0.921245,0.895604,0.639194,1.446141,2.007647,63.0,60.0,10.0,0.247645,1.0,0.0,0.0,1.0,0.0,0.496916,0.01854,1.159999,46.5,0.508051,0.651558,0.003072,-1.75375,-1.993375,1.021072,1.0
XRPUSD_17749_BEARISH_17729_17738,XRPUSD,SHORT,1h,2026-06-09T17:00:00+00:00,2026-06-10T02:00:00+00:00,2026-06-10T13:00:00+00:00,1.1472,1.1284,0.0188,1.6661,1.1331,1.1472,1.11,0.0141,1.2444,28,bos,internal,WF_WINDOW_3,2026-01-01T00:00:00+00:00,2026-05-31T23:59:59+00:00,298,Ridge_a1.0_WF_WINDOW_3_7882210265bc4685,7882210265bc4685,86628e48989c4ddf,0.3753,0.2,ACCEPT,2026-06-10T16:00:00+00:00,1.6383,True,TOUCH_HIT_TP,3,1.773,0.0426,True,TOUCH_HIT_TP,1.66357,1.443095,1.244374,1.082321,0.909574,0.484043,0.510638,1.443095,0.944153,20.0,11.0,0.0,0.230281,1.0,0.0,0.0,0.0,1.0,0.506119,0.145845,1.152779,51.0,0.570742,1.6657,2.086721,-0.431718,-2.400898,1.379687,0.0
BTCUSD_17757_BULLISH_17745_17751,BTCUSD,LONG,1h,2026-06-10T09:00:00+00:00,2026-06-10T15:00:00+00:00,2026-06-10T21:00:00+00:00,61403.0,60706.0,697.0,1.1482,61228.75,60706.0,62124.89,522.75,0.8538,40,choch,internal,WF_WINDOW_3,2026-01-01T00:00:00+00:00,2026-05-31T23:59:59+00:00,298,Ridge_a1.0_WF_WINDOW_3_7882210265bc4685,7882210265bc4685,86628e48989c4ddf,0.3358,0.2,ACCEPT,2026-06-11T01:00:00+00:00,1.7143,True,TOUCH_HIT_TP,4,2.1478,0.2932,True,TOUCH_HIT_TP,1.136484,1.282653,0.853766,0.96199,0.894548,0.354376,0.104017,1.282653,0.796827,12.0,6.0,0.0,0.185405,0.0,1.0,0.0,0.0,0.0,0.247933,0.017482,0.886042,54.5,0.505816,1.148315,-1.401895,-0.1831,-3.191716,0.867238,1.0
SOLUSD_17761_BEARISH_17751_17757,SOLUSD,SHORT,1h,2026-06-10T15:00:00+00:00,2026-06-10T21:00:00+00:00,2026-06-11T01:00:00+00:00,65.774,64.542,1.232,1.9088,64.85,65.774,63.27,0.924,1.4248,24,bos,internal,WF_WINDOW_3,2026-01-01T00:00:00+00:00,2026-05-31T23:59:59+00:00,298,Ridge_a1.0_WF_WINDOW_3_7882210265bc4685,7882210265bc4685,86628e48989c4ddf,0.722,0.2,ACCEPT,2026-06-11T11:00:00+00:00,-1.0,True,TOUCH_HIT_SL,10,0.5657,1.4123,True,TOUCH_HIT_SL,1.897954,1.389399,1.424827,1.042049,0.699675,0.495942,0.31737,1.389399,0.846947,10.0,4.0,0.0,0.069921,1.0,0.0,0.0,0.0,1.0,0.513041,0.04511,1.366025,47.5,0.86944,1.682616,2.462432,1.931472,-2.830711,0.610778,0.0
XRPUSD_17761_BEARISH_17749_17755,XRPUSD,SHORT,1h,2026-06-10T13:00:00+00:00,2026-06-10T19:00:00+00:00,2026-06-11T01:00:00+00:00,1.1375,1.1158,0.0217,1.9448,1.121225,1.1375,1.09,0.016275,1.4515,24,bos,internal,WF_WINDOW_3,2026-01-01T00:00:00+00:00,2026-05-31T23:59:59+00:00,298,Ridge_a1.0_WF_WINDOW_3_7882210265bc4685,7882210265bc4685,86628e48989c4ddf,0.9555,0.2,ACCEPT,2026-06-11T17:00:00+00:00,-1.0,True,TOUCH_HIT_SL,16,1.0399,1.3502,True,TOUCH_HIT_SL,1.944793,1.667787,1.451537,1.250841,1.0,0.184332,0.557604,1.667787,0.653281,12.0,6.0,0.0,0.416947,1.0,0.0,0.0,0.0,1.0,0.327635,0.130656,1.166092,45.0,0.67495,1.383418,1.510189,0.450126,-4.460998,0.507852,0.0
ETHUSD_17771_BEARISH_17716_17726,ETHUSD,SHORT,1h,2026-06-09T04:00:00+00:00,2026-06-09T14:00:00+00:00,2026-06-11T11:00:00+00:00,1696.0,1663.35,32.65,1.9629,1671.5125,1696.0,1629.53,24.4875,1.465,23,bos,internal,WF_WINDOW_3,2026-01-01T00:00:00+00:00,2026-05-31T23:59:59+00:00,298,Ridge_a1.0_WF_WINDOW_3_7882210265bc4685,7882210265bc4685,86628e48989c4ddf,0.6542,0.2,ACCEPT,2026-06-14T11:00:00+00:00,-0.0485,True,TOUCH_TIMEOUT_EXIT,72,1.6299,0.9898,True,TOUCH_TIMEOUT_EXIT,1.95996,1.744201,1.464991,1.308151,0.92343,0.306279,0.526799,1.744201,1.124515,55.0,45.0,3.0,0.302497,1.0,0.0,0.0,0.0,1.0,0.534678,0.066776,1.123701,32.5,0.515882,0.95891,0.707312,2.2182,-0.212651,0.649548,0.0
BTCUSD_17790_BULLISH_17772_17777,BTCUSD,LONG,1h,2026-06-11T12:00:00+00:00,2026-06-11T17:00:00+00:00,2026-06-12T06:00:00+00:00,63180.5,62495.0,685.5,1.0969,63009.125,62495.0,63890.48,514.125,0.816,42,bos,internal,WF_WINDOW_3,2026-01-01T00:00:00+00:00,2026-05-31T23:59:59+00:00,298,Ridge_a1.0_WF_WINDOW_3_7882210265bc4685,7882210265bc4685,86628e48989c4ddf,0.4534,0.2,ACCEPT,2026-06-12T09:00:00+00:00,1.7143,True,TOUCH_HIT_TP,3,1.8067,0.1627,True,TOUCH_HIT_TP,1.088761,1.303896,0.815953,0.977922,0.680525,0.54194,0.150985,1.303896,2.030501,18.0,13.0,0.0,0.090588,1.0,0.0,0.0,0.0,1.0,0.648132,0.023776,0.835006,22.0,0.479303,1.111783,-0.706519,0.373842,2.751508,0.790258,1.0
BTCUSD_17792_BEARISH_17788_17790,BTCUSD,SHORT,1h,2026-06-12T04:00:00+00:00,2026-06-12T06:00:00+00:00,2026-06-12T08:00:00+00:00,63850.0,63399.0,451.0,0.7114,63511.75,63850.0,62931.89,338.25,0.5326,65,choch,internal,WF_WINDOW_3,2026-01-01T00:00:00+00:00,2026-05-31T23:59:59+00:00,298,Ridge_a1.0_WF_WINDOW_3_7882210265bc4685,7882210265bc4685,86628e48989c4ddf,-0.015,0.2,REJECT,2026-06-12T09:00:00+00:00,-1.0,True,TOUCH_HIT_SL,1,0.3097,1.2602,False,REJECTED_BY_AI,0.71083,0.860122,0.532579,0.645091,0.89357,0.432373,0.396896,0.860122,0.689432,4.0,2.0,0.0,0.123488,0.0,1.0,0.0,1.0,0.0,0.787644,0.000954,0.826429,20.5,0.496154,1.000297,-0.078744,-0.273495,3.26324,1.008373,0.0
SOLUSD_17792_BEARISH_17786_17790,SOLUSD,SHORT,1h,2026-06-12T02:00:00+00:00,2026-06-12T06:00:00+00:00,2026-06-12T08:00:00+00:00,67.2886,66.673,0.6156,0.9233,66.8269,67.2886,66.04,0.4617,0.6909,50,choch,internal,WF_WINDOW_3,2026-01-01T00:00:00+00:00,2026-05-31T23:59:59+00:00,298,Ridge_a1.0_WF_WINDOW_3_7882210265bc4685,7882210265bc4685,86628e48989c4ddf,-0.2025,0.2,REJECT,2026-06-12T09:00:00+00:00,-1.0,True,TOUCH_HIT_SL,1,0.0084,1.4579,False,REJECTED_BY_AI,0.920276,0.723246,0.690889,0.542435,0.642625,0.635153,0.708739,0.723246,0.72959,6.0,2.0,0.0,0.077658,0.0,1.0,0.0,1.0,0.0,0.777532,0.092814,1.272424,20.0,0.731983,0.858825,-0.210341,-0.387176,4.206066,0.808902,0.0
XRPUSD_17792_BEARISH_17788_17790,XRPUSD,SHORT,1h,2026-06-12T04:00:00+00:00,2026-06-12T06:00:00+00:00,2026-06-12T08:00:00+00:00,1.1509,1.1423,0.0086,0.7529,1.14445,1.1509,1.13,0.00645,0.5636,62,choch,internal,WF_WINDOW_3,2026-01-01T00:00:00+00:00,2026-05-31T23:59:59+00:00,298,Ridge_a1.0_WF_WINDOW_3_7882210265bc4685,7882210265bc4685,86628e48989c4ddf,0.2266,0.2,ACCEPT,2026-06-12T09:00:00+00:00,-1.0,True,TOUCH_HIT_SL,1,0.7829,1.155,True,TOUCH_HIT_SL,0.752538,0.681016,0.563589,0.510762,0.94186,0.313953,0.162791,0.681016,0.776042,4.0,2.0,0.0,0.13066,0.0,1.0,0.0,1.0,0.0,0.55123,0.031675,1.105022,22.0,0.749275,0.886905,-0.131085,0.2808,2.779027,0.700152,0.0
SOLUSD_17803_BULLISH_17790_17798,SOLUSD,LONG,1h,2026-06-12T06:00:00+00:00,2026-06-12T14:00:00+00:00,2026-06-12T19:00:00+00:00,66.814,65.932,0.882,1.3377,66.5935,65.932,67.73,0.6615,0.9933,35,choch,internal,WF_WINDOW_3,2026-01-01T00:00:00+00:00,2026-05-31T23:59:59+00:00,298,Ridge_a1.0_WF_WINDOW_3_7882210265bc4685,7882210265bc4685,86628e48989c4ddf,0.1306,0.2,REJECT,2026-06-13T11:00:00+00:00,1.7181,True,TOUCH_HIT_TP,16,2.0794,0.2124,False,REJECTED_BY_AI,1.321269,1.039005,0.99334,0.779254,0.931973,0.148526,0.704082,1.039005,1.448953,13.0,5.0,0.0,0.189071,0.0,1.0,0.0,0.0,1.0,0.683145,0.070681,1.271668,16.5,0.70387,0.861125,-1.721067,-0.462245,4.251,1.653682,1.0
SOLUSD_17836_BULLISH_17824_17829,SOLUSD,LONG,1h,2026-06-13T16:00:00+00:00,2026-06-13T21:00:00+00:00,2026-06-14T04:00:00+00:00,68.626,67.803,0.823,1.2138,68.42025,67.803,69.48,0.61725,0.9021,38,bos,internal,WF_WINDOW_3,2026-01-01T00:00:00+00:00,2026-05-31T23:59:59+00:00,298,Ridge_a1.0_WF_WINDOW_3_7882210265bc4685,7882210265bc4685,86628e48989c4ddf,0.4136,0.2,ACCEPT,2026-06-14T12:00:00+00:00,-1.0,True,TOUCH_HIT_SL,8,0.2507,1.1661,True,TOUCH_HIT_SL,1.201372,1.045397,0.902145,0.784048,0.852977,0.262454,0.608748,1.045397,1.218148,12.0,7.0,1.0,0.107652,1.0,0.0,0.0,0.0,1.0,0.852271,0.266748,1.149201,0.5,0.459005,0.749434,-0.566079,0.738203,2.057386,0.791652,1.0
BTCUSD_17838_BULLISH_17824_17829,BTCUSD,LONG,1h,2026-06-13T16:00:00+00:00,2026-06-13T21:00:00+00:00,2026-06-14T06:00:00+00:00,64283.0,63883.5,399.5,0.6254,64183.125,63883.5,64696.77,299.625,0.4668,74,bos,internal,WF_WINDOW_3,2026-01-01T00:00:00+00:00,2026-05-31T23:59:59+00:00,298,Ridge_a1.0_WF_WINDOW_3_7882210265bc4685,7882210265bc4685,86628e48989c4ddf,0.3425,0.2,ACCEPT,2026-06-14T14:00:00+00:00,-1.0,True,TOUCH_HIT_SL,8,1.5499,1.1585,True,TOUCH_HIT_SL,0.62165,0.84865,0.466828,0.636487,0.953692,0.16771,0.678348,0.84865,0.386619,14.0,9.0,1.0,0.172863,1.0,0.0,0.0,0.0,1.0,0.880926,0.032926,0.732516,0.5,0.186895,0.511951,-0.42841,-0.011669,0.92421,0.872004,1.0
SOLUSD_17853_BEARISH_17606_17618,SOLUSD,SHORT,1h,2026-06-04T14:00:00+00:00,2026-06-05T02:00:00+00:00,2026-06-14T21:00:00+00:00,70.636,69.561,1.075,1.5454,69.82975,70.636,68.45,0.80625,1.1546,30,bos,internal,WF_WINDOW_3,2026-01-01T00:00:00+00:00,2026-05-31T23:59:59+00:00,298,Ridge_a1.0_WF_WINDOW_3_7882210265bc4685,7882210265bc4685,86628e48989c4ddf,-0.2836,0.2,REJECT,2026-06-14T22:00:00+00:00,-1.0,True,TOUCH_HIT_SL,1,0.1684,1.0933,False,REJECTED_BY_AI,1.532802,1.396875,1.154594,1.047656,0.467907,0.906977,0.581395,1.396875,1.587889,247.0,235.0,1.0,0.394049,1.0,0.0,0.0,0.0,0.0,0.950878,0.653607,1.097308,3.5,0.832821,3.564304,3.925375,2.858442,5.061869,1.147668,0.0
BTCUSD_17882_BULLISH_17859_17867,BTCUSD,LONG,1h,2026-06-15T03:00:00+00:00,2026-06-15T11:00:00+00:00,2026-06-16T02:00:00+00:00,65995.0,65400.0,595.0,0.9098,65846.25,65400.0,66611.25,446.25,0.6777,51,bos,internal,WF_WINDOW_3,2026-01-01T00:00:00+00:00,2026-05-31T23:59:59+00:00,298,Ridge_a1.0_WF_WINDOW_3_7882210265bc4685,7882210265bc4685,86628e48989c4ddf,0.1441,0.2,REJECT,2026-06-16T08:00:00+00:00,1.7143,True,TOUCH_HIT_TP,6,2.5048,0.5126,False,REJECTED_BY_AI,0.905349,1.319212,0.677715,0.989409,0.538655,0.560504,0.782353,1.319212,0.688429,23.0,15.0,0.0,0.278808,1.0,0.0,0.0,0.0,1.0,0.653829,0.009977,0.68628,1.0,0.403424,1.503236,-0.939799,-0.722821,1.85277,0.519499,1.0
SOLUSD_17919_BEARISH_17906_17912,SOLUSD,SHORT,1h,2026-06-17T02:00:00+00:00,2026-06-17T08:00:00+00:00,2026-06-17T15:00:00+00:00,74.468,73.676,0.792,1.075,73.874,74.468,72.86,0.594,0.8041,43,choch,internal,WF_WINDOW_3,2026-01-01T00:00:00+00:00,2026-05-31T23:59:59+00:00,298,Ridge_a1.0_WF_WINDOW_3_7882210265bc4685,7882210265bc4685,86628e48989c4ddf,-0.3221,0.2,REJECT,2026-06-17T16:00:00+00:00,-1.0,True,TOUCH_HIT_SL,1,0.2997,1.3956,False,REJECTED_BY_AI,1.073229,1.033227,0.804072,0.77492,0.848485,0.241162,0.15404,1.033227,1.216912,13.0,7.0,0.0,0.101757,0.0,1.0,0.0,0.0,0.0,0.749019,0.720128,1.038716,11.0,0.61647,1.984265,2.285611,0.599815,0.229535,1.427867,0.0
ETHUSD_17921_BEARISH_17906_17912,ETHUSD,SHORT,1h,2026-06-17T02:00:00+00:00,2026-06-17T08:00:00+00:00,2026-06-17T17:00:00+00:00,1809.75,1787.7,22.05,1.2334,1793.2125,1809.75,1764.86,16.5375,0.9222,37,choch,internal,WF_WINDOW_3,2026-01-01T00:00:00+00:00,2026-05-31T23:59:59+00:00,298,Ridge_a1.0_WF_WINDOW_3_7882210265bc4685,7882210265bc4685,86628e48989c4ddf,0.4599,0.2,ACCEPT,2026-06-17T18:00:00+00:00,1.7144,True,TOUCH_HIT_TP,1,2.9033,0.0,True,TOUCH_HIT_TP,1.232946,1.349791,0.922228,1.012343,0.968254,0.351474,0.102041,1.349791,1.205936,15.0,9.0,1.0,0.294597,0.0,1.0,0.0,0.0,1.0,0.690238,0.003061,0.913434,37.5,0.448861,1.778296,1.711881,-0.351034,-3.046731,1.483403,0.0
XRPUSD_17921_BEARISH_17906_17912,XRPUSD,SHORT,1h,2026-06-17T02:00:00+00:00,2026-06-17T08:00:00+00:00,2026-06-17T17:00:00+00:00,1.2282,1.216,0.0122,1.0033,1.21905,1.2282,1.2,0.00915,0.7506,46,bos,internal,WF_WINDOW_3,2026-01-01T00:00:00+00:00,2026-05-31T23:59:59+00:00,298,Ridge_a1.0_WF_WINDOW_3_7882210265bc4685,7882210265bc4685,86628e48989c4ddf,0.1669,0.2,REJECT,2026-06-17T18:00:00+00:00,2.082,True,TOUCH_HIT_TP,1,2.7923,0.0383,False,REJECTED_BY_AI,1.001889,1.047713,0.750584,0.785785,0.860656,0.737705,0.188525,1.047713,1.133591,15.0,9.0,1.0,0.115935,1.0,0.0,0.0,0.0,1.0,0.546819,0.343513,0.956262,23.5,0.511187,0.910308,1.678357,-0.147601,-3.982022,1.588141,0.0
BTCUSD_17935_BEARISH_17929_17932,BTCUSD,SHORT,1h,2026-06-18T01:00:00+00:00,2026-06-18T04:00:00+00:00,2026-06-18T07:00:00+00:00,64786.5,64435.0,351.5,0.5455,64435.0,64786.5,63832.43,351.5,0.5455,64,bos,internal,WF_WINDOW_3,2026-01-01T00:00:00+00:00,2026-05-31T23:59:59+00:00,298,Ridge_a1.0_WF_WINDOW_3_7882210265bc4685,7882210265bc4685,86628e48989c4ddf,0.1812,0.2,REJECT,2026-06-18T13:00:00+00:00,1.7143,True,TOUCH_HIT_TP,6,1.889,0.5619,False,REJECTED_BY_AI,0.545156,0.781076,0.545511,0.781076,0.880512,0.147937,0.247511,0.781076,0.90107,6.0,3.0,0.0,0.093329,1.0,0.0,0.0,1.0,1.0,0.227569,0.016666,0.697955,15.5,0.597966,1.102172,-0.279934,-2.06422,-2.363051,0.743414,0.0
SOLUSD_17975_BEARISH_17954_17963,SOLUSD,SHORT,1h,2026-06-19T02:00:00+00:00,2026-06-19T11:00:00+00:00,2026-06-19T23:00:00+00:00,70.096,69.414,0.682,0.9825,69.5845,70.096,68.71,0.5115,0.7351,47,bos,internal,WF_WINDOW_3,2026-01-01T00:00:00+00:00,2026-05-31T23:59:59+00:00,298,Ridge_a1.0_WF_WINDOW_3_7882210265bc4685,7882210265bc4685,86628e48989c4ddf,-0.2487,0.2,REJECT,2026-06-20T00:00:00+00:00,-1.0,True,TOUCH_HIT_SL,1,0.0,1.0391,False,REJECTED_BY_AI,0.977582,0.893103,0.735077,0.669827,0.486804,0.675953,0.410557,0.893103,0.106072,21.0,12.0,6.0,0.235062,1.0,0.0,0.0,0.0,1.0,0.239302,0.234407,1.09459,6.0,0.550252,0.831555,1.026718,1.615323,-2.586014,0.312843,0.0
BTCUSD_17978_BULLISH_17965_17975,BTCUSD,LONG,1h,2026-06-19T13:00:00+00:00,2026-06-19T23:00:00+00:00,2026-06-20T02:00:00+00:00,63401.0,62636.0,765.0,1.2213,63209.75,62636.0,64193.32,573.75,0.9077,38,choch,internal,WF_WINDOW_3,2026-01-01T00:00:00+00:00,2026-05-31T23:59:59+00:00,298,Ridge_a1.0_WF_WINDOW_3_7882210265bc4685,7882210265bc4685,86628e48989c4ddf,0.2611,0.2,ACCEPT,2026-06-20T15:00:00+00:00,1.7143,True,TOUCH_HIT_TP,13,2.0283,0.1041,True,TOUCH_HIT_TP,1.208311,1.752201,0.907692,1.314151,0.883007,0.122222,0.498039,1.752201,0.501611,13.0,3.0,1.0,0.233054,0.0,1.0,0.0,1.0,0.0,0.226001,0.009162,0.689596,0.5,0.300003,0.555436,0.410769,1.127696,-1.750479,0.565144,1.0
XRPUSD_17981_BEARISH_17948_17956,XRPUSD,SHORT,1h,2026-06-18T20:00:00+00:00,2026-06-19T04:00:00+00:00,2026-06-20T05:00:00+00:00,1.155,1.1442,0.0108,0.9439,1.1469,1.155,1.13,0.0081,0.7063,49,bos,internal,WF_WINDOW_3,2026-01-01T00:00:00+00:00,2026-05-31T23:59:59+00:00,298,Ridge_a1.0_WF_WINDOW_3_7882210265bc4685,7882210265bc4685,86628e48989c4ddf,-0.0388,0.2,REJECT,2026-06-20T15:00:00+00:00,-1.0,True,TOUCH_HIT_SL,10,1.5679,1.0741,False,REJECTED_BY_AI,0.940685,0.968831,0.706252,0.726623,0.638889,0.990741,0.731481,0.968831,1.10339,33.0,25.0,1.0,0.107648,1.0,0.0,0.0,0.0,1.0,0.21068,0.062795,0.970948,1.0,0.335509,1.067508,0.958495,0.994018,-2.587816,1.02701,0.0
ETHUSD_17990_BEARISH_17935_17943,ETHUSD,SHORT,1h,2026-06-18T07:00:00+00:00,2026-06-18T15:00:00+00:00,2026-06-20T14:00:00+00:00,1752.75,1731.85,20.9,1.2068,1737.075,1752.75,1710.2,15.675,0.9024,38,bos,internal,WF_WINDOW_3,2026-01-01T00:00:00+00:00,2026-05-31T23:59:59+00:00,298,Ridge_a1.0_WF_WINDOW_3_7882210265bc4685,7882210265bc4685,86628e48989c4ddf,0.6124,0.2,ACCEPT,2026-06-21T21:00:00+00:00,1.7145,True,TOUCH_HIT_TP,31,2.2727,0.7735,True,TOUCH_HIT_TP,1.206106,1.345563,0.902379,1.009172,0.952153,0.645933,0.665072,1.345563,3.743755,55.0,47.0,1.0,0.27201,1.0,0.0,0.0,0.0,1.0,0.368343,0.003219,0.896358,2.5,0.354878,2.456135,0.295182,1.318482,-0.943207,1.280719,0.0
ETHUSD_17993_BULLISH_17981_17990,ETHUSD,LONG,1h,2026-06-20T05:00:00+00:00,2026-06-20T14:00:00+00:00,2026-06-20T17:00:00+00:00,1732.8,1711.5,21.3,1.2445,1727.475,1711.5,1754.86,15.975,0.9248,37,bos,internal,WF_WINDOW_3,2026-01-01T00:00:00+00:00,2026-05-31T23:59:59+00:00,298,Ridge_a1.0_WF_WINDOW_3_7882210265bc4685,7882210265bc4685,86628e48989c4ddf,-0.3148,0.2,REJECT,2026-06-21T21:00:00+00:00,-1.0,True,TOUCH_HIT_SL,28,1.1408,1.6291,False,REJECTED_BY_AI,1.234031,1.372364,0.92476,1.029273,0.683099,0.600939,0.589202,1.372364,1.050213,12.0,3.0,2.0,0.091813,1.0,0.0,0.0,0.0,1.0,0.396974,0.009665,0.899201,2.5,0.365694,0.847258,0.0,1.296986,2.661631,1.748771,1.0
BTCUSD_18008_BULLISH_17993_18003,BTCUSD,LONG,1h,2026-06-20T17:00:00+00:00,2026-06-21T03:00:00+00:00,2026-06-21T08:00:00+00:00,64021.0,63694.0,327.0,0.5134,64021.0,63694.0,64581.57,327.0,0.5108,68,bos,internal,WF_WINDOW_3,2026-01-01T00:00:00+00:00,2026-05-31T23:59:59+00:00,298,Ridge_a1.0_WF_WINDOW_3_7882210265bc4685,7882210265bc4685,86628e48989c4ddf,-0.0232,0.2,REJECT,2026-06-21T20:00:00+00:00,-1.0,True,TOUCH_HIT_SL,12,1.3471,1.0566,False,REJECTED_BY_AI,0.510981,0.796283,0.51077,0.796283,0.91896,0.441896,0.561162,0.796283,0.439539,15.0,5.0,0.0,0.064531,1.0,0.0,0.0,0.0,1.0,0.418641,0.038962,0.641708,0.5,0.286769,0.815764,-0.638144,0.268712,1.785373,1.019379,1.0
SOLUSD_18011_BULLISH_18008_18009,SOLUSD,LONG,1h,2026-06-21T08:00:00+00:00,2026-06-21T09:00:00+00:00,2026-06-21T11:00:00+00:00,73.267,72.745,0.522,0.7176,73.1365,72.745,73.81,0.3915,0.5353,65,bos,internal,WF_WINDOW_3,2026-01-01T00:00:00+00:00,2026-05-31T23:59:59+00:00,298,Ridge_a1.0_WF_WINDOW_3_7882210265bc4685,7882210265bc4685,86628e48989c4ddf,0.1084,0.2,REJECT,2026-06-21T13:00:00+00:00,1.7203,True,TOUCH_HIT_TP,2,2.0447,0.6041,False,REJECTED_BY_AI,0.713154,0.699935,0.5353,0.524951,0.863985,0.319923,0.082375,0.699935,1.179967,3.0,2.0,0.0,0.079782,1.0,0.0,0.0,0.0,1.0,0.778056,0.040226,1.018886,2.0,0.559355,1.22207,-0.054618,1.638525,7.146412,1.427988,1.0
SOLUSD_18020_BULLISH_18012_18019,SOLUSD,LONG,1h,2026-06-21T12:00:00+00:00,2026-06-21T19:00:00+00:00,2026-06-21T20:00:00+00:00,73.687,72.9,0.787,1.0796,73.49025,72.9,74.5,0.59025,0.8032,43,bos,internal,WF_WINDOW_3,2026-01-01T00:00:00+00:00,2026-05-31T23:59:59+00:00,298,Ridge_a1.0_WF_WINDOW_3_7882210265bc4685,7882210265bc4685,86628e48989c4ddf,-0.258,0.2,REJECT,2026-06-21T21:00:00+00:00,-1.0,True,TOUCH_HIT_SL,1,0.0,1.803,False,REJECTED_BY_AI,1.071959,1.061306,0.803168,0.795979,0.656925,0.407878,0.546379,1.061306,0.29668,8.0,1.0,0.0,0.098781,1.0,0.0,0.0,0.0,1.0,0.815118,0.338485,1.010038,1.5,0.525904,1.620952,-0.985866,0.437774,6.316704,1.06251,1.0
ETHUSD_18040_BULLISH_18027_18035,ETHUSD,LONG,1h,2026-06-22T03:00:00+00:00,2026-06-22T11:00:00+00:00,2026-06-22T16:00:00+00:00,1740.75,1725.5,15.25,0.8838,1736.9375,1725.5,1756.54,11.4375,0.6585,53,bos,internal,WF_WINDOW_3,2026-01-01T00:00:00+00:00,2026-05-31T23:59:59+00:00,298,Ridge_a1.0_WF_WINDOW_3_7882210265bc4685,7882210265bc4685,86628e48989c4ddf,0.2483,0.2,ACCEPT,2026-06-22T22:00:00+00:00,-1.0,True,TOUCH_HIT_SL,6,0.9016,1.8219,True,TOUCH_HIT_SL,0.876764,1.041562,0.658487,0.781172,0.908197,0.514754,0.459016,1.041562,1.297684,13.0,5.0,0.0,0.164772,1.0,0.0,0.0,0.0,1.0,0.63304,0.058054,0.841778,8.5,0.610639,0.870814,-1.564799,-0.209409,0.375105,1.83972,1.0
XRPUSD_18040_BULLISH_18027_18036,XRPUSD,LONG,1h,2026-06-22T03:00:00+00:00,2026-06-22T12:00:00+00:00,2026-06-22T16:00:00+00:00,1.1388,1.1283,0.0105,0.9306,1.136175,1.1283,1.15,0.007875,0.6931,50,choch,internal,WF_WINDOW_3,2026-01-01T00:00:00+00:00,2026-05-31T23:59:59+00:00,298,Ridge_a1.0_WF_WINDOW_3_7882210265bc4685,7882210265bc4685,86628e48989c4ddf,-0.1557,0.2,REJECT,2026-06-22T21:00:00+00:00,-1.0,True,TOUCH_HIT_SL,5,1.0317,1.2794,False,REJECTED_BY_AI,0.922104,1.019966,0.693115,0.764975,0.990476,0.361905,0.561905,1.019966,0.922827,13.0,4.0,1.0,0.245278,0.0,1.0,0.0,0.0,0.0,0.365348,0.029142,0.904054,8.5,0.673905,0.825687,-0.810105,-0.576268,-0.706313,2.021868,1.0
BTCUSD_18082_BULLISH_18066_18072,BTCUSD,LONG,1h,2026-06-23T18:00:00+00:00,2026-06-24T00:00:00+00:00,2026-06-24T10:00:00+00:00,62427.5,62081.0,346.5,0.5581,62427.5,62081.0,63021.5,346.5,0.555,63,choch,internal,WF_WINDOW_3,2026-01-01T00:00:00+00:00,2026-05-31T23:59:59+00:00,298,Ridge_a1.0_WF_WINDOW_3_7882210265bc4685,7882210265bc4685,86628e48989c4ddf,0.0465,0.2,REJECT,2026-06-24T11:00:00+00:00,1.7143,True,TOUCH_HIT_TP,1,2.2049,0.3968,False,REJECTED_BY_AI,0.555088,0.870269,0.555044,0.870269,0.98557,0.085137,0.330447,0.870269,0.708271,16.0,10.0,0.0,0.012558,0.0,1.0,0.0,0.0,0.0,0.144107,0.016325,0.637835,0.5,0.2384,0.669341,-0.704679,0.073746,-2.689115,0.610279,1.0
BTCUSD_18109_BULLISH_2592_2597,BTCUSD,LONG,1h,2024-09-17T00:00:00+00:00,2024-09-17T05:00:00+00:00,2026-06-25T13:00:00+00:00,58343.5,57611.5,732.0,1.2706,58160.5,57611.5,59101.64,549.0,0.9439,37,choch,internal,WF_WINDOW_3,2026-01-01T00:00:00+00:00,2026-05-31T23:59:59+00:00,298,Ridge_a1.0_WF_WINDOW_3_7882210265bc4685,7882210265bc4685,86628e48989c4ddf,6.0595,0.2,ACCEPT,2026-06-25T14:00:00+00:00,1.7143,True,TOUCH_HIT_TP,1,4.2086,0.0,True,TOUCH_HIT_TP,1.256296,1.689438,0.94394,1.267079,0.894809,0.378415,0.797814,1.689438,0.897802,15517.0,15512.0,0.0,0.244645,0.0,1.0,0.0,0.0,0.0,0.026538,0.033466,0.743618,64.0,1.195813,5.0,-5.554115,-4.255127,-6.749728,1.456932,1.0
SOLUSD_18122_BULLISH_18115_18119,SOLUSD,LONG,1h,2026-06-25T19:00:00+00:00,2026-06-25T23:00:00+00:00,2026-06-26T02:00:00+00:00,66.224,65.683,0.541,0.8237,66.08875,65.683,66.78,0.40575,0.6139,57,choch,internal,WF_WINDOW_3,2026-01-01T00:00:00+00:00,2026-05-31T23:59:59+00:00,298,Ridge_a1.0_WF_WINDOW_3_7882210265bc4685,7882210265bc4685,86628e48989c4ddf,0.8191,0.2,ACCEPT,2026-06-26T03:00:00+00:00,1.7036,True,TOUCH_HIT_TP,1,5.9797,0.3617,True,TOUCH_HIT_TP,0.817171,0.681119,0.613947,0.510839,0.963031,0.595194,0.034935,0.681119,0.666011,7.0,3.0,0.0,0.1451,0.0,1.0,0.0,0.0,0.0,0.198067,0.061691,1.199748,100.0,1.695969,1.80163,-1.634375,-2.891089,-5.374192,0.673868,1.0
BTCUSD_18123_BEARISH_18117_18122,BTCUSD,SHORT,1h,2026-06-25T21:00:00+00:00,2026-06-26T02:00:00+00:00,2026-06-26T03:00:00+00:00,60234.0,59434.0,800.0,1.346,59634.0,60234.0,58605.43,600.0,1.0061,34,bos,internal,WF_WINDOW_3,2026-01-01T00:00:00+00:00,2026-05-31T23:59:59+00:00,298,Ridge_a1.0_WF_WINDOW_3_7882210265bc4685,7882210265bc4685,86628e48989c4ddf,0.3939,0.2,ACCEPT,2026-06-26T04:00:00+00:00,-1.0,True,TOUCH_HIT_SL,1,0.0,1.005,True,TOUCH_HIT_SL,1.332867,1.745915,1.006137,1.309436,0.26625,0.85875,0.94375,1.745915,1.935783,6.0,1.0,0.0,0.844586,1.0,0.0,0.0,0.0,1.0,0.259338,0.026189,0.76342,100.0,1.403833,3.968683,0.333492,-1.961713,-4.594549,0.770135,0.0
ETHUSD_18126_BEARISH_18118_18122,ETHUSD,SHORT,1h,2026-06-25T22:00:00+00:00,2026-06-26T02:00:00+00:00,2026-06-26T06:00:00+00:00,1583.0,1565.6,17.4,1.1114,1569.95,1583.0,1547.58,13.05,0.8312,42,bos,internal,WF_WINDOW_3,2026-01-01T00:00:00+00:00,2026-05-31T23:59:59+00:00,298,Ridge_a1.0_WF_WINDOW_3_7882210265bc4685,7882210265bc4685,86628e48989c4ddf,0.6243,0.2,ACCEPT,2026-06-26T07:00:00+00:00,-1.0,True,TOUCH_HIT_SL,1,0.0077,1.1916,True,TOUCH_HIT_SL,1.108174,1.08445,0.831237,0.813338,0.738506,0.445402,0.594828,1.08445,2.246807,8.0,4.0,0.0,0.012465,1.0,0.0,0.0,0.0,1.0,0.220854,0.146463,1.021877,77.5,1.642376,1.907137,0.692596,0.047789,-5.87195,1.295237,0.0
XRPUSD_18126_BEARISH_18119_18122,XRPUSD,SHORT,1h,2026-06-25T23:00:00+00:00,2026-06-26T02:00:00+00:00,2026-06-26T06:00:00+00:00,1.0489,1.0374,0.0115,1.1085,1.040275,1.0489,1.03,0.008625,0.8291,42,bos,internal,WF_WINDOW_3,2026-01-01T00:00:00+00:00,2026-05-31T23:59:59+00:00,298,Ridge_a1.0_WF_WINDOW_3_7882210265bc4685,7882210265bc4685,86628e48989c4ddf,0.4382,0.2,ACCEPT,2026-06-26T07:00:00+00:00,-1.0,True,TOUCH_HIT_SL,1,0.0,1.4638,True,TOUCH_HIT_SL,1.100794,1.097726,0.829108,0.823294,0.365217,0.773913,0.234783,1.097726,1.641816,7.0,4.0,0.0,0.422386,1.0,0.0,0.0,0.0,1.0,0.231165,0.114545,1.002796,59.5,1.545106,1.594089,1.31898,0.966464,-5.173822,1.167161,0.0
BTCUSD_18129_BULLISH_18121_18126,BTCUSD,LONG,1h,2026-06-26T01:00:00+00:00,2026-06-26T06:00:00+00:00,2026-06-26T09:00:00+00:00,59767.5,59206.5,561.0,0.9475,59627.25,59206.5,60348.54,420.75,0.7056,49,choch,internal,WF_WINDOW_3,2026-01-01T00:00:00+00:00,2026-05-31T23:59:59+00:00,298,Ridge_a1.0_WF_WINDOW_3_7882210265bc4685,7882210265bc4685,86628e48989c4ddf,0.3936,0.2,ACCEPT,2026-06-26T12:00:00+00:00,-1.0,True,TOUCH_HIT_SL,3,0.8812,1.6203,True,TOUCH_HIT_SL,0.939455,1.21954,0.705634,0.914655,0.907308,0.387701,0.390374,1.21954,0.820635,8.0,3.0,0.0,0.191844,0.0,1.0,0.0,0.0,0.0,0.218802,0.009782,0.770335,100.0,0.921328,1.483664,-0.317998,0.38243,-4.65961,1.08187,1.0
XRPUSD_18129_BULLISH_18122_18127,XRPUSD,LONG,1h,2026-06-26T02:00:00+00:00,2026-06-26T07:00:00+00:00,2026-06-26T09:00:00+00:00,1.0321,1.0114,0.0207,2.0467,1.026925,1.0114,1.05,0.015525,1.5118,23,choch,internal,WF_WINDOW_3,2026-01-01T00:00:00+00:00,2026-05-31T23:59:59+00:00,298,Ridge_a1.0_WF_WINDOW_3_7882210265bc4685,7882210265bc4685,86628e48989c4ddf,0.6673,0.2,ACCEPT,2026-06-26T13:00:00+00:00,-1.0,True,TOUCH_HIT_SL,4,0.7971,1.0129,True,TOUCH_HIT_SL,2.006008,1.974048,1.511795,1.480536,0.990338,0.15942,0.830918,1.974048,0.534042,7.0,2.0,0.0,0.474439,0.0,1.0,0.0,1.0,0.0,0.148744,0.066755,1.01619,61.0,0.969783,1.029938,0.359852,-0.203095,-6.079913,1.136945,1.0
SOLUSD_18161_BULLISH_18155_18158,SOLUSD,LONG,1h,2026-06-27T11:00:00+00:00,2026-06-27T14:00:00+00:00,2026-06-27T17:00:00+00:00,72.087,71.525,0.562,0.7857,71.9465,71.525,72.67,0.4215,0.5859,59,bos,internal,WF_WINDOW_3,2026-01-01T00:00:00+00:00,2026-05-31T23:59:59+00:00,298,Ridge_a1.0_WF_WINDOW_3_7882210265bc4685,7882210265bc4685,86628e48989c4ddf,0.0411,0.2,REJECT,2026-06-27T19:00:00+00:00,-1.0,True,TOUCH_HIT_SL,2,0.5231,2.376,False,REJECTED_BY_AI,0.780165,0.691896,0.585852,0.518922,0.909253,0.33274,0.38968,0.691896,0.443208,6.0,3.0,0.0,0.110186,1.0,0.0,0.0,0.0,1.0,0.808077,0.140349,1.127576,86.0,0.425583,0.931967,-0.181523,-0.124782,8.649945,0.803899,1.0
XRPUSD_18167_BULLISH_18142_18146,XRPUSD,LONG,1h,2026-06-26T22:00:00+00:00,2026-06-27T02:00:00+00:00,2026-06-27T23:00:00+00:00,1.0483,1.0382,0.0101,0.9728,1.045775,1.0382,1.06,0.007575,0.7243,48,bos,internal,WF_WINDOW_3,2026-01-01T00:00:00+00:00,2026-05-31T23:59:59+00:00,298,Ridge_a1.0_WF_WINDOW_3_7882210265bc4685,7882210265bc4685,86628e48989c4ddf,0.3931,0.2,ACCEPT,2026-06-28T21:00:00+00:00,-1.0,True,TOUCH_HIT_SL,22,1.7459,1.0132,True,TOUCH_HIT_SL,0.963924,0.993971,0.724343,0.745479,0.950495,0.29703,0.584158,0.993971,0.954606,25.0,21.0,1.0,0.199286,1.0,0.0,0.0,0.0,1.0,0.370722,0.108254,0.969771,28.5,0.343016,0.816828,-1.057602,-0.907887,0.354372,0.572637,1.0
XRPUSD_18175_BEARISH_18167_18174,XRPUSD,SHORT,1h,2026-06-27T23:00:00+00:00,2026-06-28T06:00:00+00:00,2026-06-28T07:00:00+00:00,1.0556,1.0473,0.0083,0.7925,1.049375,1.0556,1.04,0.006225,0.5932,59,bos,internal,WF_WINDOW_3,2026-01-01T00:00:00+00:00,2026-05-31T23:59:59+00:00,298,Ridge_a1.0_WF_WINDOW_3_7882210265bc4685,7882210265bc4685,86628e48989c4ddf,-0.678,0.2,REJECT,2026-06-28T08:00:00+00:00,-1.0,True,TOUCH_HIT_SL,1,0.0,1.5462,False,REJECTED_BY_AI,0.789649,0.830539,0.59321,0.622905,0.542169,0.493976,0.759036,0.830539,0.280182,8.0,1.0,0.0,0.172612,1.0,0.0,0.0,0.0,0.0,0.429878,0.150097,0.950766,16.0,0.389977,0.680442,0.43956,-1.775535,1.693111,1.026415,0.0
BTCUSD_18181_BULLISH_18173_18176,BTCUSD,LONG,1h,2026-06-28T05:00:00+00:00,2026-06-28T08:00:00+00:00,2026-06-28T13:00:00+00:00,60119.0,59721.5,397.5,0.6656,60019.625,59721.5,60530.7,298.125,0.4967,70,choch,internal,WF_WINDOW_3,2026-01-01T00:00:00+00:00,2026-05-31T23:59:59+00:00,298,Ridge_a1.0_WF_WINDOW_3_7882210265bc4685,7882210265bc4685,86628e48989c4ddf,-0.2325,0.2,REJECT,2026-06-28T16:00:00+00:00,-1.0,True,TOUCH_HIT_SL,3,0.7224,1.5568,False,REJECTED_BY_AI,0.661943,0.90814,0.496713,0.681105,0.827673,0.449057,0.38239,0.90814,0.346121,8.0,5.0,2.0,0.070538,0.0,1.0,0.0,0.0,1.0,0.387122,0.025131,0.7289,64.5,0.247254,0.765351,-0.489676,-0.266563,1.097671,1.083805,1.0
ETHUSD_18186_BULLISH_18174_18179,ETHUSD,LONG,1h,2026-06-28T06:00:00+00:00,2026-06-28T11:00:00+00:00,2026-06-28T18:00:00+00:00,1569.8,1561.7,8.1,0.5187,1569.8,1561.7,1583.69,8.1,0.516,67,choch,internal,WF_WINDOW_3,2026-01-01T00:00:00+00:00,2026-05-31T23:59:59+00:00,298,Ridge_a1.0_WF_WINDOW_3_7882210265bc4685,7882210265bc4685,86628e48989c4ddf,-0.2211,0.2,REJECT,2026-06-28T19:00:00+00:00,-1.0,True,TOUCH_HIT_SL,1,0.5062,1.7407,False,REJECTED_BY_AI,0.516121,0.543908,0.515989,0.543908,0.950617,0.864198,0.17284,0.543908,0.38275,12.0,7.0,2.0,0.02686,0.0,1.0,0.0,0.0,0.0,0.39215,0.124226,0.948912,43.5,0.243647,0.402895,-0.601685,-0.308083,-0.485083,1.084348,1.0
XRPUSD_18195_BEARISH_18183_18186,XRPUSD,SHORT,1h,2026-06-28T15:00:00+00:00,2026-06-28T18:00:00+00:00,2026-06-29T03:00:00+00:00,1.0578,1.05,0.0078,0.7429,1.05195,1.0578,1.04,0.00585,0.5561,62,bos,internal,WF_WINDOW_3,2026-01-01T00:00:00+00:00,2026-05-31T23:59:59+00:00,298,Ridge_a1.0_WF_WINDOW_3_7882210265bc4685,7882210265bc4685,86628e48989c4ddf,0.2774,0.2,ACCEPT,2026-06-29T05:00:00+00:00,2.0427,True,TOUCH_HIT_TP,2,2.7436,0.0,True,TOUCH_HIT_TP,0.742504,0.783279,0.55611,0.587459,0.935897,0.794872,0.038462,0.783279,0.291219,12.0,9.0,3.0,0.145609,1.0,0.0,0.0,0.0,1.0,0.514815,0.090378,0.947943,21.0,0.380465,0.943951,1.204239,-0.123598,-0.18054,0.663829,0.0
XRPUSD_18216_BULLISH_18197_18209,XRPUSD,LONG,1h,2026-06-29T05:00:00+00:00,2026-06-29T17:00:00+00:00,2026-06-30T00:00:00+00:00,1.0487,1.0359,0.0128,1.2356,1.0455,1.0359,1.06,0.0096,0.9182,38,choch,internal,WF_WINDOW_3,2026-01-01T00:00:00+00:00,2026-05-31T23:59:59+00:00,298,Ridge_a1.0_WF_WINDOW_3_7882210265bc4685,7882210265bc4685,86628e48989c4ddf,0.6943,0.2,ACCEPT,2026-06-30T12:00:00+00:00,-1.0,True,TOUCH_HIT_SL,12,0.7917,1.8646,True,TOUCH_HIT_SL,1.220675,1.279415,0.918221,0.959561,0.992188,0.015625,0.351562,1.279415,1.439342,19.0,7.0,0.0,0.309858,0.0,1.0,0.0,0.0,0.0,0.57933,0.029986,0.954089,33.5,0.545363,1.019534,-2.455814,-0.076234,-0.502894,0.475507,1.0
BTCUSD_18219_BULLISH_18206_18209,BTCUSD,LONG,1h,2026-06-29T14:00:00+00:00,2026-06-29T17:00:00+00:00,2026-06-30T03:00:00+00:00,59688.0,58993.5,694.5,1.1772,59514.375,58993.5,60407.3,520.875,0.8752,39,choch,internal,WF_WINDOW_3,2026-01-01T00:00:00+00:00,2026-05-31T23:59:59+00:00,298,Ridge_a1.0_WF_WINDOW_3_7882210265bc4685,7882210265bc4685,86628e48989c4ddf,0.4193,0.2,ACCEPT,2026-06-30T12:00:00+00:00,-1.0,True,TOUCH_HIT_SL,9,0.3593,2.2143,True,TOUCH_HIT_SL,1.165239,1.55667,0.875209,1.167503,0.87545,0.161267,0.164147,1.55667,1.174507,13.0,10.0,1.0,0.195284,0.0,1.0,0.0,0.0,0.0,0.494104,0.007845,0.748546,63.5,0.384331,0.988469,-1.212438,-0.54565,-0.994186,0.479535,1.0
SOLUSD_18228_BULLISH_18197_18204,SOLUSD,LONG,1h,2026-06-29T05:00:00+00:00,2026-06-29T12:00:00+00:00,2026-06-30T12:00:00+00:00,72.347,71.0125,1.3345,1.8792,72.013375,71.0125,73.73,1.000875,1.3898,25,bos,internal,WF_WINDOW_3,2026-01-01T00:00:00+00:00,2026-05-31T23:59:59+00:00,298,Ridge_a1.0_WF_WINDOW_3_7882210265bc4685,7882210265bc4685,86628e48989c4ddf,0.2857,0.2,ACCEPT,2026-06-30T14:00:00+00:00,1.7151,True,TOUCH_HIT_TP,2,1.905,0.0983,True,TOUCH_HIT_TP,1.850979,1.615366,1.389846,1.211524,0.812664,0.207568,0.454852,1.615366,1.169188,31.0,24.0,1.0,0.101225,1.0,0.0,0.0,0.0,1.0,0.473028,0.064155,1.145857,81.0,0.675008,1.630497,-2.77789,-4.541422,0.882937,0.839369,1.0
XRPUSD_18250_BULLISH_18240_18243,XRPUSD,LONG,1h,2026-07-01T00:00:00+00:00,2026-07-01T03:00:00+00:00,2026-07-01T10:00:00+00:00,1.0415,1.0354,0.0061,0.5891,1.0415,1.0354,1.05,0.0061,0.5857,59,choch,internal,WF_WINDOW_4,2026-01-01T00:00:00+00:00,2026-06-30T23:59:59+00:00,354,Ridge_a1.0_WF_WINDOW_4_ee7dde6e0742fb22,ee7dde6e0742fb22,86628e48989c4ddf,-0.5113,0.2,REJECT,2026-07-01T12:00:00+00:00,-1.0,True,TOUCH_HIT_SL,2,0.2295,1.1148,False,REJECTED_BY_AI,0.5862,0.632706,0.585694,0.632706,0.852459,0.557377,0.622951,0.632706,0.477122,10.0,7.0,3.0,0.09335,0.0,1.0,0.0,0.0,0.0,0.335135,0.114094,0.926498,0.5,0.378172,0.767544,-0.989534,-0.516252,-0.354304,0.880749,1.0
BTCUSD_18259_BEARISH_18209_18228,BTCUSD,SHORT,1h,2026-06-29T17:00:00+00:00,2026-06-30T12:00:00+00:00,2026-07-01T19:00:00+00:00,60673.5,59876.0,797.5,1.3319,60075.375,60673.5,59050.02,598.125,0.9956,35,choch,internal,WF_WINDOW_4,2026-01-01T00:00:00+00:00,2026-06-30T23:59:59+00:00,354,Ridge_a1.0_WF_WINDOW_4_ee7dde6e0742fb22,ee7dde6e0742fb22,86628e48989c4ddf,0.2695,0.2,ACCEPT,2026-07-01T21:00:00+00:00,-1.0,True,TOUCH_HIT_SL,2,0.3801,1.27,True,TOUCH_HIT_SL,1.329056,1.796106,0.995624,1.347079,0.838245,0.815674,0.657053,1.796106,1.770206,50.0,31.0,5.0,0.158496,0.0,1.0,0.0,0.0,1.0,0.728367,0.009009,0.739965,58.5,0.515114,0.833303,0.797917,1.15987,-0.655618,1.145516,0.0
XRPUSD_18261_BEARISH_18211_18228,XRPUSD,SHORT,1h,2026-06-29T19:00:00+00:00,2026-06-30T12:00:00+00:00,2026-07-01T21:00:00+00:00,1.077,1.0638,0.0132,1.2408,1.0671,1.077,1.05,0.0099,0.9277,37,choch,internal,WF_WINDOW_4,2026-01-01T00:00:00+00:00,2026-06-30T23:59:59+00:00,354,Ridge_a1.0_WF_WINDOW_4_ee7dde6e0742fb22,ee7dde6e0742fb22,86628e48989c4ddf,0.1542,0.2,REJECT,2026-07-02T00:00:00+00:00,1.7273,True,TOUCH_HIT_TP,3,2.2424,0.7071,False,REJECTED_BY_AI,1.237577,1.372054,0.927748,1.029041,0.787879,0.484848,0.719697,1.372054,1.184956,50.0,33.0,4.0,0.051972,0.0,1.0,0.0,0.0,1.0,0.810909,0.041577,0.901989,1.5,0.475904,1.257716,0.850983,2.351022,-0.781395,0.830849,0.0
ETHUSD_18262_BULLISH_18257_18261,ETHUSD,LONG,1h,2026-07-01T17:00:00+00:00,2026-07-01T21:00:00+00:00,2026-07-01T22:00:00+00:00,1624.4,1606.05,18.35,1.1426,1619.8125,1606.05,1643.41,13.7625,0.8496,41,bos,internal,WF_WINDOW_4,2026-01-01T00:00:00+00:00,2026-06-30T23:59:59+00:00,354,Ridge_a1.0_WF_WINDOW_4_ee7dde6e0742fb22,ee7dde6e0742fb22,86628e48989c4ddf,0.5288,0.2,ACCEPT,2026-07-02T00:00:00+00:00,-1.0,True,TOUCH_HIT_SL,2,0.0391,1.7193,True,TOUCH_HIT_SL,1.131982,1.226166,0.849635,0.919624,0.817439,0.253406,0.455041,1.226166,0.945517,5.0,1.0,0.0,0.082691,1.0,0.0,0.0,0.0,1.0,0.748358,0.086867,0.923189,39.0,0.632842,1.750711,-0.070891,2.741159,0.256664,0.662837,1.0
BTCUSD_18263_BULLISH_18257_18261,BTCUSD,LONG,1h,2026-07-01T17:00:00+00:00,2026-07-01T21:00:00+00:00,2026-07-01T23:00:00+00:00,60225.0,59768.0,457.0,0.7646,60110.75,59768.0,60698.32,342.75,0.5702,61,bos,internal,WF_WINDOW_4,2026-01-01T00:00:00+00:00,2026-06-30T23:59:59+00:00,354,Ridge_a1.0_WF_WINDOW_4_ee7dde6e0742fb22,ee7dde6e0742fb22,86628e48989c4ddf,0.0309,0.2,REJECT,2026-07-02T00:00:00+00:00,-1.0,True,TOUCH_HIT_SL,1,0.0,1.6054,False,REJECTED_BY_AI,0.761724,1.020252,0.570198,0.765189,0.497812,0.592998,0.574398,1.020252,1.561633,6.0,2.0,0.0,0.257296,1.0,0.0,0.0,0.0,0.0,0.627057,0.030139,0.746603,69.5,0.605483,1.114017,-0.25437,1.763179,-0.770738,0.616768,1.0
BTCUSD_18265_BEARISH_18261_18264,BTCUSD,SHORT,1h,2026-07-01T21:00:00+00:00,2026-07-02T00:00:00+00:00,2026-07-02T01:00:00+00:00,60835.0,60098.5,736.5,1.2255,60282.625,60835.0,59335.7,552.375,0.9163,38,choch,internal,WF_WINDOW_4,2026-01-01T00:00:00+00:00,2026-06-30T23:59:59+00:00,354,Ridge_a1.0_WF_WINDOW_4_ee7dde6e0742fb22,ee7dde6e0742fb22,86628e48989c4ddf,0.3253,0.2,ACCEPT,2026-07-02T03:00:00+00:00,-1.0,True,TOUCH_HIT_SL,2,0.5207,1.4942,True,TOUCH_HIT_SL,1.224307,1.641366,0.916309,1.231024,0.921249,0.274949,0.949762,1.641366,0.596151,4.0,1.0,0.0,0.281082,0.0,1.0,0.0,0.0,1.0,0.672339,0.025629,0.745907,73.0,0.626022,1.352762,0.084018,2.589618,-0.122861,0.684023,0.0
ETHUSD_18265_BEARISH_18262_18264,ETHUSD,SHORT,1h,2026-07-01T22:00:00+00:00,2026-07-02T00:00:00+00:00,2026-07-02T01:00:00+00:00,1645.95,1619.75,26.2,1.6175,1626.3,1645.95,1592.61,19.65,1.2083,28,choch,internal,WF_WINDOW_4,2026-01-01T00:00:00+00:00,2026-06-30T23:59:59+00:00,354,Ridge_a1.0_WF_WINDOW_4_ee7dde6e0742fb22,ee7dde6e0742fb22,86628e48989c4ddf,0.4857,0.2,ACCEPT,2026-07-02T09:00:00+00:00,-1.0,True,TOUCH_HIT_SL,8,0.631,1.2646,True,TOUCH_HIT_SL,1.617384,1.748154,1.208264,1.311115,0.994275,0.185115,0.372137,1.748154,0.417021,3.0,1.0,0.0,0.42703,0.0,1.0,0.0,0.0,0.0,0.736736,0.07006,0.925195,42.0,0.687056,1.521294,0.173149,2.997934,0.483841,0.631757,0.0
ETHUSD_18274_BEARISH_18102_18109,ETHUSD,SHORT,1h,2026-06-25T06:00:00+00:00,2026-06-25T13:00:00+00:00,2026-07-02T10:00:00+00:00,1660.0,1643.45,16.55,1.007,1647.5875,1660.0,1626.31,12.4125,0.7534,46,choch,internal,WF_WINDOW_4,2026-01-01T00:00:00+00:00,2026-06-30T23:59:59+00:00,354,Ridge_a1.0_WF_WINDOW_4_ee7dde6e0742fb22,ee7dde6e0742fb22,86628e48989c4ddf,0.8228,0.2,ACCEPT,2026-07-02T12:00:00+00:00,-1.0,True,TOUCH_HIT_SL,2,0.3333,1.7372,True,TOUCH_HIT_SL,1.005834,1.108683,0.753374,0.831512,0.882175,0.465257,0.501511,1.108683,6.50807,172.0,165.0,2.0,0.14654,0.0,1.0,0.0,0.0,0.0,0.944791,0.036844,0.907234,27.5,0.640206,0.552667,1.196224,1.728029,3.918906,0.983817,0.0
SOLUSD_18290_BULLISH_18286_18289,SOLUSD,LONG,1h,2026-07-02T22:00:00+00:00,2026-07-03T01:00:00+00:00,2026-07-03T02:00:00+00:00,80.891,80.409,0.482,0.5994,80.891,80.409,81.72,0.482,0.5959,58,bos,internal,WF_WINDOW_4,2026-01-01T00:00:00+00:00,2026-06-30T23:59:59+00:00,354,Ridge_a1.0_WF_WINDOW_4_ee7dde6e0742fb22,ee7dde6e0742fb22,86628e48989c4ddf,0.2984,0.2,ACCEPT,2026-07-03T03:00:00+00:00,-1.0,True,TOUCH_HIT_SL,1,0.1722,1.1639,True,TOUCH_HIT_SL,0.596468,0.563737,0.595864,0.563737,0.829876,0.458506,0.290456,0.563737,0.840928,4.0,1.0,0.0,0.095906,1.0,0.0,0.0,1.0,1.0,0.841208,0.107601,1.05806,93.0,0.941184,1.182445,0.074304,-1.980786,9.709871,0.388624,1.0
XRPUSD_18317_BULLISH_18309_18316,XRPUSD,LONG,1h,2026-07-03T21:00:00+00:00,2026-07-04T04:00:00+00:00,2026-07-04T05:00:00+00:00,1.1416,1.1274,0.0142,1.2595,1.13805,1.1274,1.16,0.01065,0.9358,37,bos,internal,WF_WINDOW_4,2026-01-01T00:00:00+00:00,2026-06-30T23:59:59+00:00,354,Ridge_a1.0_WF_WINDOW_4_ee7dde6e0742fb22,ee7dde6e0742fb22,86628e48989c4ddf,0.4045,0.2,ACCEPT,2026-07-04T13:00:00+00:00,2.061,True,TOUCH_HIT_TP,8,2.1549,0.4554,True,TOUCH_HIT_TP,1.246598,1.475297,0.935811,1.106472,0.823944,0.288732,0.492958,1.475297,0.986994,8.0,1.0,0.0,0.109089,1.0,0.0,0.0,0.0,1.0,0.914844,0.010389,0.844981,19.5,0.496349,1.070109,-0.218991,2.409422,6.627352,0.86907,1.0
SOLUSD_18320_BULLISH_18313_18316,SOLUSD,LONG,1h,2026-07-04T01:00:00+00:00,2026-07-04T04:00:00+00:00,2026-07-04T08:00:00+00:00,82.362,81.8,0.562,0.687,82.2215,81.8,82.94,0.4215,0.5126,68,bos,internal,WF_WINDOW_4,2026-01-01T00:00:00+00:00,2026-06-30T23:59:59+00:00,354,Ridge_a1.0_WF_WINDOW_4_ee7dde6e0742fb22,ee7dde6e0742fb22,86628e48989c4ddf,-0.1143,0.2,REJECT,2026-07-04T09:00:00+00:00,-1.0,True,TOUCH_HIT_SL,1,0.2622,1.4816,False,REJECTED_BY_AI,0.682768,0.675406,0.51264,0.506555,0.911032,0.217082,0.713523,0.675406,0.887282,7.0,4.0,1.0,0.108762,1.0,0.0,0.0,0.0,1.0,0.861035,0.00697,1.0109,46.0,0.450184,0.65137,-0.495636,0.673915,5.665028,1.546082,1.0
XRPUSD_18338_BULLISH_18319_18325,XRPUSD,LONG,1h,2026-07-04T07:00:00+00:00,2026-07-04T13:00:00+00:00,2026-07-05T02:00:00+00:00,1.1432,1.1332,0.01,0.8825,1.1407,1.1332,1.15,0.0075,0.6575,53,bos,internal,WF_WINDOW_4,2026-01-01T00:00:00+00:00,2026-06-30T23:59:59+00:00,354,Ridge_a1.0_WF_WINDOW_4_ee7dde6e0742fb22,ee7dde6e0742fb22,86628e48989c4ddf,0.038,0.2,REJECT,2026-07-05T09:00:00+00:00,-1.0,True,TOUCH_HIT_SL,7,0.24,1.8667,False,REJECTED_BY_AI,0.878889,1.023717,0.657491,0.767788,0.46,0.92,0.16,1.023717,0.552807,19.0,13.0,1.0,0.296878,1.0,0.0,0.0,0.0,1.0,0.713494,0.030712,0.858527,50.0,0.585552,1.197749,-2.510496,-0.201737,4.934059,0.605274,1.0
SOLUSD_18360_BEARISH_18329_18336,SOLUSD,SHORT,1h,2026-07-04T17:00:00+00:00,2026-07-05T00:00:00+00:00,2026-07-06T00:00:00+00:00,82.822,81.88,0.942,1.1505,82.1155,82.822,80.9,0.7065,0.8604,40,bos,internal,WF_WINDOW_4,2026-01-01T00:00:00+00:00,2026-06-30T23:59:59+00:00,354,Ridge_a1.0_WF_WINDOW_4_ee7dde6e0742fb22,ee7dde6e0742fb22,86628e48989c4ddf,0.2528,0.2,ACCEPT,2026-07-06T02:00:00+00:00,1.7205,True,TOUCH_HIT_TP,2,1.8068,0.3206,True,TOUCH_HIT_TP,1.145818,1.19871,0.860373,0.899032,0.647558,0.596603,0.329087,1.19871,0.610808,31.0,24.0,3.0,0.122798,1.0,0.0,0.0,0.0,1.0,0.748941,0.012725,0.955876,3.0,0.395285,1.453213,1.432431,2.894905,-0.16879,0.771665,0.0
SOLUSD_18362_BULLISH_18355_18357,SOLUSD,LONG,1h,2026-07-05T19:00:00+00:00,2026-07-05T21:00:00+00:00,2026-07-06T02:00:00+00:00,81.131,80.819,0.312,0.386,81.131,80.819,81.67,0.312,0.3846,91,choch,internal,WF_WINDOW_4,2026-01-01T00:00:00+00:00,2026-06-30T23:59:59+00:00,354,Ridge_a1.0_WF_WINDOW_4_ee7dde6e0742fb22,ee7dde6e0742fb22,86628e48989c4ddf,0.0047,0.2,REJECT,2026-07-06T03:00:00+00:00,-1.0,True,TOUCH_HIT_SL,1,0.0,2.1619,False,REJECTED_BY_AI,0.385038,0.396657,0.384563,0.396657,0.679487,0.935897,0.099359,0.396657,0.91409,7.0,5.0,1.0,0.127134,0.0,1.0,0.0,0.0,0.0,0.58218,0.039411,0.970708,4.5,0.463926,1.085721,-0.940098,0.572173,-1.650666,0.837009,1.0
XRPUSD_18366_BULLISH_18353_18357,XRPUSD,LONG,1h,2026-07-05T17:00:00+00:00,2026-07-05T21:00:00+00:00,2026-07-06T06:00:00+00:00,1.1394,1.1323,0.0071,0.627,1.137625,1.1323,1.15,0.005325,0.4681,74,choch,internal,WF_WINDOW_4,2026-01-01T00:00:00+00:00,2026-06-30T23:59:59+00:00,354,Ridge_a1.0_WF_WINDOW_4_ee7dde6e0742fb22,ee7dde6e0742fb22,86628e48989c4ddf,0.0744,0.2,REJECT,2026-07-06T08:00:00+00:00,2.3239,True,TOUCH_HIT_TP,2,2.662,0.23,False,REJECTED_BY_AI,0.623737,0.747759,0.46808,0.560819,0.84507,0.394366,0.112676,0.747759,0.800418,13.0,9.0,1.0,0.07109,0.0,1.0,0.0,0.0,0.0,0.641745,0.073723,0.834142,2.5,0.351487,0.537122,-1.266372,0.123142,-0.862219,0.804258,1.0
ETHUSD_18368_BULLISH_18345_18351,ETHUSD,LONG,1h,2026-07-05T09:00:00+00:00,2026-07-05T15:00:00+00:00,2026-07-06T08:00:00+00:00,1767.05,1748.4,18.65,1.0667,1762.3875,1748.4,1786.37,13.9875,0.7937,44,bos,internal,WF_WINDOW_4,2026-01-01T00:00:00+00:00,2026-06-30T23:59:59+00:00,354,Ridge_a1.0_WF_WINDOW_4_ee7dde6e0742fb22,ee7dde6e0742fb22,86628e48989c4ddf,0.2532,0.2,ACCEPT,2026-07-06T12:00:00+00:00,-1.0,True,TOUCH_HIT_SL,4,0.891,2.0045,True,TOUCH_HIT_SL,1.056627,1.319632,0.793668,0.989724,0.892761,0.260054,0.506702,1.319632,0.162743,23.0,17.0,2.0,0.188393,1.0,0.0,0.0,0.0,1.0,0.779928,0.102599,0.800698,2.0,0.265344,1.103821,-0.784148,-0.761835,0.62712,0.878011,1.0
BTCUSD_18369_BULLISH_18353_18357,BTCUSD,LONG,1h,2026-07-05T17:00:00+00:00,2026-07-05T21:00:00+00:00,2026-07-06T09:00:00+00:00,62803.0,62575.0,228.0,0.3644,62803.0,62575.0,63193.86,228.0,0.363,96,bos,internal,WF_WINDOW_4,2026-01-01T00:00:00+00:00,2026-06-30T23:59:59+00:00,354,Ridge_a1.0_WF_WINDOW_4_ee7dde6e0742fb22,ee7dde6e0742fb22,86628e48989c4ddf,-0.1788,0.2,REJECT,2026-07-06T11:00:00+00:00,-1.0,True,TOUCH_HIT_SL,2,0.9539,1.4561,False,REJECTED_BY_AI,0.363906,0.578566,0.36304,0.578566,0.344298,0.820175,0.041667,0.578566,0.93002,16.0,12.0,0.0,0.379367,1.0,0.0,0.0,0.0,1.0,0.657362,0.013957,0.628979,1.0,0.324567,0.721939,-0.940734,-0.222953,0.15586,1.109483,1.0
BTCUSD_18371_BULLISH_18318_18329,BTCUSD,LONG,1h,2026-07-04T06:00:00+00:00,2026-07-04T17:00:00+00:00,2026-07-06T11:00:00+00:00,62545.5,62314.0,231.5,0.3715,62545.5,62314.0,62942.36,231.5,0.3701,94,bos,internal,WF_WINDOW_4,2026-01-01T00:00:00+00:00,2026-06-30T23:59:59+00:00,354,Ridge_a1.0_WF_WINDOW_4_ee7dde6e0742fb22,ee7dde6e0742fb22,86628e48989c4ddf,-0.1461,0.2,REJECT,2026-07-06T12:00:00+00:00,-1.0,True,TOUCH_HIT_SL,1,0.0,3.8294,False,REJECTED_BY_AI,0.370545,0.586704,0.370131,0.586704,0.697624,0.555076,0.11879,0.586704,0.885758,53.0,42.0,3.0,0.177405,1.0,0.0,0.0,0.0,1.0,0.608471,0.006336,0.631571,2.5,0.347666,1.305194,-0.784507,-0.376327,0.005603,1.335216,1.0
ETHUSD_18375_BEARISH_18358_18372,ETHUSD,SHORT,1h,2026-07-05T22:00:00+00:00,2026-07-06T12:00:00+00:00,2026-07-06T15:00:00+00:00,1807.7,1783.35,24.35,1.3654,1789.4375,1807.7,1758.13,18.2625,1.0206,34,choch,internal,WF_WINDOW_4,2026-01-01T00:00:00+00:00,2026-06-30T23:59:59+00:00,354,Ridge_a1.0_WF_WINDOW_4_ee7dde6e0742fb22,ee7dde6e0742fb22,86628e48989c4ddf,-0.0962,0.2,REJECT,2026-07-06T21:00:00+00:00,-1.0,True,TOUCH_HIT_SL,6,0.4182,2.3881,False,REJECTED_BY_AI,1.362276,1.691368,1.020572,1.268526,0.831622,0.205339,0.125257,1.691368,1.288496,17.0,3.0,0.0,0.138053,0.0,1.0,0.0,0.0,0.0,0.874028,0.062515,0.805428,16.5,0.625327,2.611722,0.974466,-0.292854,1.372466,2.391133,0.0
BTCUSD_18376_BEARISH_18359_18371,BTCUSD,SHORT,1h,2026-07-05T23:00:00+00:00,2026-07-06T11:00:00+00:00,2026-07-06T16:00:00+00:00,63991.5,63548.5,443.0,0.6971,63659.25,63991.5,63089.68,332.25,0.5219,67,choch,internal,WF_WINDOW_4,2026-01-01T00:00:00+00:00,2026-06-30T23:59:59+00:00,354,Ridge_a1.0_WF_WINDOW_4_ee7dde6e0742fb22,ee7dde6e0742fb22,86628e48989c4ddf,-0.7344,0.2,REJECT,2026-07-06T21:00:00+00:00,-1.0,True,TOUCH_HIT_SL,5,0.3679,3.1249,False,REJECTED_BY_AI,0.695262,1.091635,0.521919,0.818727,0.619639,0.689616,0.223476,1.091635,0.808254,17.0,5.0,0.0,0.142307,0.0,1.0,0.0,0.0,0.0,0.904389,0.056676,0.636899,17.5,0.69661,1.208684,1.987179,0.261208,1.65849,2.811219,0.0
SOLUSD_18377_BEARISH_18358_18365,SOLUSD,SHORT,1h,2026-07-05T22:00:00+00:00,2026-07-06T05:00:00+00:00,2026-07-06T17:00:00+00:00,82.442,81.649,0.793,0.9712,81.84725,82.442,80.83,0.59475,0.7267,48,choch,internal,WF_WINDOW_4,2026-01-01T00:00:00+00:00,2026-06-30T23:59:59+00:00,354,Ridge_a1.0_WF_WINDOW_4_ee7dde6e0742fb22,ee7dde6e0742fb22,86628e48989c4ddf,0.2881,0.2,ACCEPT,2026-07-06T21:00:00+00:00,-1.0,True,TOUCH_HIT_SL,4,0.9146,3.2362,True,TOUCH_HIT_SL,0.971207,1.005028,0.726659,0.753771,0.997478,0.964691,0.037831,1.005028,0.486038,19.0,12.0,1.0,0.248722,0.0,1.0,0.0,0.0,1.0,0.509232,0.0,0.966348,11.5,0.663037,0.940392,2.771589,0.765139,-0.70533,1.762777,0.0
XRPUSD_18399_BEARISH_18391_18397,XRPUSD,SHORT,1h,2026-07-07T07:00:00+00:00,2026-07-07T13:00:00+00:00,2026-07-07T15:00:00+00:00,1.1354,1.1267,0.0087,0.7722,1.128875,1.1354,1.12,0.006525,0.578,60,bos,internal,WF_WINDOW_4,2026-01-01T00:00:00+00:00,2026-06-30T23:59:59+00:00,354,Ridge_a1.0_WF_WINDOW_4_ee7dde6e0742fb22,ee7dde6e0742fb22,86628e48989c4ddf,-0.4166,0.2,REJECT,2026-07-07T16:00:00+00:00,-1.0,True,TOUCH_HIT_SL,1,0.5785,1.0307,False,REJECTED_BY_AI,0.769707,0.905105,0.578009,0.678829,0.586207,0.735632,0.666667,0.905105,0.603403,8.0,2.0,0.0,0.14825,1.0,0.0,0.0,0.0,1.0,0.329193,0.062421,0.850406,33.0,0.438229,1.290035,0.560498,-1.593244,-0.475478,1.504065,0.0
BTCUSD_18422_BULLISH_18373_18381,BTCUSD,LONG,1h,2026-07-06T13:00:00+00:00,2026-07-06T21:00:00+00:00,2026-07-08T14:00:00+00:00,62029.5,61303.5,726.0,1.1843,61848.0,61303.5,62781.43,544.5,0.8804,39,choch,internal,WF_WINDOW_4,2026-01-01T00:00:00+00:00,2026-06-30T23:59:59+00:00,354,Ridge_a1.0_WF_WINDOW_4_ee7dde6e0742fb22,ee7dde6e0742fb22,86628e48989c4ddf,0.0009,0.2,REJECT,2026-07-09T06:00:00+00:00,1.7143,True,TOUCH_HIT_TP,16,2.0487,0.5895,False,REJECTED_BY_AI,1.173381,1.757266,0.880384,1.31795,0.783747,0.562672,0.024105,1.757266,1.642294,49.0,41.0,6.0,0.059302,0.0,1.0,0.0,0.0,1.0,0.167649,0.007261,0.667731,43.5,0.421882,1.130363,-0.265968,-2.306065,0.213798,1.197218,1.0
SOLUSD_18433_BULLISH_18426_18431,SOLUSD,LONG,1h,2026-07-08T18:00:00+00:00,2026-07-08T23:00:00+00:00,2026-07-09T01:00:00+00:00,77.35,76.808,0.542,0.7057,77.2145,76.808,77.91,0.4065,0.5265,66,choch,internal,WF_WINDOW_4,2026-01-01T00:00:00+00:00,2026-06-30T23:59:59+00:00,354,Ridge_a1.0_WF_WINDOW_4_ee7dde6e0742fb22,ee7dde6e0742fb22,86628e48989c4ddf,0.3902,0.2,ACCEPT,2026-07-09T03:00:00+00:00,-1.0,True,TOUCH_HIT_SL,2,1.5363,1.2657,True,TOUCH_HIT_SL,0.700729,0.703208,0.526456,0.527406,0.99631,0.132841,0.0369,0.703208,0.42945,7.0,2.0,0.0,0.173207,0.0,1.0,0.0,1.0,0.0,0.141635,0.107168,0.996474,2.0,0.447397,1.974692,0.181328,0.02457,-5.604101,0.546787,1.0
ETHUSD_18435_BEARISH_18433_18434,ETHUSD,SHORT,1h,2026-07-09T01:00:00+00:00,2026-07-09T02:00:00+00:00,2026-07-09T03:00:00+00:00,1755.25,1729.3,25.95,1.5006,1735.7875,1755.25,1702.42,19.4625,1.1212,31,bos,internal,WF_WINDOW_4,2026-01-01T00:00:00+00:00,2026-06-30T23:59:59+00:00,354,Ridge_a1.0_WF_WINDOW_4_ee7dde6e0742fb22,ee7dde6e0742fb22,86628e48989c4ddf,0.7147,0.2,ACCEPT,2026-07-09T07:00:00+00:00,-1.0,True,TOUCH_HIT_SL,4,0.3282,1.3314,True,TOUCH_HIT_SL,1.5,1.781639,1.121249,1.336229,0.973025,0.175337,0.248555,1.781639,0.319253,2.0,1.0,0.0,0.39735,1.0,0.0,0.0,1.0,1.0,0.145522,0.061791,0.841921,34.0,0.418307,0.899402,-0.608985,-0.445979,-3.454434,0.686097,0.0
ETHUSD_18437_BEARISH_18411_18416,ETHUSD,SHORT,1h,2026-07-08T03:00:00+00:00,2026-07-08T08:00:00+00:00,2026-07-09T05:00:00+00:00,1763.0,1748.2,14.8,0.8466,1751.9,1763.0,1732.87,11.1,0.6336,55,bos,internal,WF_WINDOW_4,2026-01-01T00:00:00+00:00,2026-06-30T23:59:59+00:00,354,Ridge_a1.0_WF_WINDOW_4_ee7dde6e0742fb22,ee7dde6e0742fb22,86628e48989c4ddf,0.291,0.2,ACCEPT,2026-07-09T14:00:00+00:00,1.7144,True,TOUCH_HIT_TP,9,1.7342,0.8829,True,TOUCH_HIT_TP,0.846367,1.01721,0.633598,0.762907,0.969595,0.476351,0.415541,1.01721,1.439902,26.0,21.0,3.0,0.223374,1.0,0.0,0.0,0.0,1.0,0.300166,0.017183,0.832048,32.0,0.371936,0.841947,0.647519,1.13942,-1.242482,0.924933,0.0
XRPUSD_18447_BULLISH_18434_18437,XRPUSD,LONG,1h,2026-07-09T02:00:00+00:00,2026-07-09T05:00:00+00:00,2026-07-09T15:00:00+00:00,1.0905,1.0824,0.0081,0.7483,1.088475,1.0824,1.1,0.006075,0.5581,62,choch,internal,WF_WINDOW_4,2026-01-01T00:00:00+00:00,2026-06-30T23:59:59+00:00,354,Ridge_a1.0_WF_WINDOW_4_ee7dde6e0742fb22,ee7dde6e0742fb22,86628e48989c4ddf,-0.2249,0.2,REJECT,2026-07-09T18:00:00+00:00,1.8971,True,TOUCH_HIT_TP,3,2.0288,0.3086,False,REJECTED_BY_AI,0.743051,0.863553,0.55812,0.647665,0.950617,0.160494,0.08642,0.863553,0.55438,13.0,10.0,2.0,0.173244,0.0,1.0,0.0,0.0,0.0,0.204,0.031983,0.860458,0.5,0.304616,0.852892,-0.237943,0.183807,-2.747792,1.413734,1.0
ETHUSD_18472_BEARISH_18400_18409,ETHUSD,SHORT,1h,2026-07-07T16:00:00+00:00,2026-07-08T01:00:00+00:00,2026-07-10T16:00:00+00:00,1812.25,1791.75,20.5,1.1441,1796.875,1812.25,1770.52,15.375,0.8557,40,choch,internal,WF_WINDOW_4,2026-01-01T00:00:00+00:00,2026-06-30T23:59:59+00:00,354,Ridge_a1.0_WF_WINDOW_4_ee7dde6e0742fb22,ee7dde6e0742fb22,86628e48989c4ddf,-0.5347,0.2,REJECT,2026-07-11T14:00:00+00:00,-1.0,True,TOUCH_HIT_SL,22,1.0455,1.3187,False,REJECTED_BY_AI,1.141012,1.441481,0.855652,1.081111,0.760976,0.914634,0.226829,1.441481,1.71923,72.0,63.0,7.0,0.015821,0.0,1.0,0.0,1.0,0.0,0.698176,0.196885,0.791556,16.0,0.480101,0.977395,-0.233223,1.680863,3.915671,1.80656,0.0
XRPUSD_18484_BULLISH_18475_18483,XRPUSD,LONG,1h,2026-07-10T19:00:00+00:00,2026-07-11T03:00:00+00:00,2026-07-11T04:00:00+00:00,1.1071,1.0986,0.0085,0.7737,1.104975,1.0986,1.12,0.006375,0.5769,60,bos,internal,WF_WINDOW_4,2026-01-01T00:00:00+00:00,2026-06-30T23:59:59+00:00,354,Ridge_a1.0_WF_WINDOW_4_ee7dde6e0742fb22,ee7dde6e0742fb22,86628e48989c4ddf,-0.0035,0.2,REJECT,2026-07-11T23:00:00+00:00,-1.0,True,TOUCH_HIT_SL,19,2.2941,1.3137,False,REJECTED_BY_AI,0.769509,0.963141,0.576936,0.722356,0.705882,0.352941,0.647059,0.963141,0.169966,9.0,1.0,0.0,0.042492,1.0,0.0,0.0,0.0,1.0,0.445722,0.033993,0.798958,0.5,0.306748,0.453243,-0.009052,-0.531292,1.881572,0.414547,1.0
SOLUSD_18496_BULLISH_18481_18494,SOLUSD,LONG,1h,2026-07-11T01:00:00+00:00,2026-07-11T14:00:00+00:00,2026-07-11T16:00:00+00:00,78.061,77.456,0.605,0.7811,77.90975,77.456,78.69,0.45375,0.5824,60,choch,internal,WF_WINDOW_4,2026-01-01T00:00:00+00:00,2026-06-30T23:59:59+00:00,354,Ridge_a1.0_WF_WINDOW_4_ee7dde6e0742fb22,ee7dde6e0742fb22,86628e48989c4ddf,-0.4035,0.2,REJECT,2026-07-11T23:00:00+00:00,-1.0,True,TOUCH_HIT_SL,7,0.9063,2.5163,False,REJECTED_BY_AI,0.776258,0.861671,0.582405,0.646253,0.796694,0.649587,0.512397,0.861671,0.427275,15.0,2.0,1.0,0.040235,0.0,1.0,0.0,0.0,1.0,0.25369,0.099697,0.900875,2.0,0.274057,1.056793,-0.180586,0.528841,0.08861,1.406405,1.0
ETHUSD_18503_BULLISH_18474_18495,ETHUSD,LONG,1h,2026-07-10T18:00:00+00:00,2026-07-11T15:00:00+00:00,2026-07-11T23:00:00+00:00,1793.1,1780.8,12.3,0.6907,1790.025,1780.8,1805.84,9.225,0.5154,67,bos,internal,WF_WINDOW_4,2026-01-01T00:00:00+00:00,2026-06-30T23:59:59+00:00,354,Ridge_a1.0_WF_WINDOW_4_ee7dde6e0742fb22,ee7dde6e0742fb22,86628e48989c4ddf,-0.1187,0.2,REJECT,2026-07-12T00:00:00+00:00,-1.0,True,TOUCH_HIT_SL,1,0.0081,1.2439,False,REJECTED_BY_AI,0.688439,0.911948,0.515356,0.683961,0.47561,0.601626,0.264228,0.911948,0.315104,29.0,8.0,0.0,0.25023,1.0,0.0,0.0,0.0,1.0,0.633917,0.022243,0.754911,2.5,0.393883,2.172363,-2.122822,-0.785762,2.240343,0.879182,1.0
BTCUSD_18538_BULLISH_18444_18452,BTCUSD,LONG,1h,2026-07-09T12:00:00+00:00,2026-07-09T20:00:00+00:00,2026-07-13T10:00:00+00:00,62939.0,62434.5,504.5,0.808,62812.875,62434.5,63461.52,378.375,0.6024,58,bos,internal,WF_WINDOW_4,2026-01-01T00:00:00+00:00,2026-06-30T23:59:59+00:00,354,Ridge_a1.0_WF_WINDOW_4_ee7dde6e0742fb22,ee7dde6e0742fb22,86628e48989c4ddf,-0.1626,0.2,REJECT,2026-07-13T13:00:00+00:00,-1.0,True,TOUCH_HIT_SL,3,0.8196,1.7598,False,REJECTED_BY_AI,0.802698,1.404142,0.602384,1.053106,0.824579,0.939544,0.341923,1.404142,0.143337,94.0,86.0,8.0,0.104719,1.0,0.0,0.0,1.0,0.0,0.184725,0.002783,0.571665,3.0,0.3586,0.828012,0.126651,-2.11346,-2.172881,0.9022,1.0
BTCUSD_18550_BULLISH_18434_18436,BTCUSD,LONG,1h,2026-07-09T02:00:00+00:00,2026-07-09T04:00:00+00:00,2026-07-13T22:00:00+00:00,62105.5,61672.5,433.0,0.7021,61997.25,61672.5,62553.96,324.75,0.5238,66,choch,internal,WF_WINDOW_4,2026-01-01T00:00:00+00:00,2026-06-30T23:59:59+00:00,354,Ridge_a1.0_WF_WINDOW_4_ee7dde6e0742fb22,ee7dde6e0742fb22,86628e48989c4ddf,-0.3291,0.2,REJECT,2026-07-14T00:00:00+00:00,1.7143,True,TOUCH_HIT_TP,2,1.9977,0.4211,False,REJECTED_BY_AI,0.699464,1.197082,0.523814,0.897812,0.535797,0.677829,0.296767,1.197082,1.318726,116.0,114.0,6.0,0.256419,0.0,1.0,0.0,1.0,0.0,0.03218,0.005529,0.584308,9.5,0.3911,0.877768,0.033126,-1.674119,-3.819741,0.606018,1.0
SOLUSD_18551_BULLISH_18246_18253,SOLUSD,LONG,1h,2026-07-01T06:00:00+00:00,2026-07-01T13:00:00+00:00,2026-07-13T23:00:00+00:00,75.289,73.95,1.339,1.8107,74.95425,73.95,76.68,1.00425,1.3398,26,bos,internal,WF_WINDOW_4,2026-01-01T00:00:00+00:00,2026-06-30T23:59:59+00:00,354,Ridge_a1.0_WF_WINDOW_4_ee7dde6e0742fb22,ee7dde6e0742fb22,86628e48989c4ddf,0.4608,0.2,ACCEPT,2026-07-14T12:00:00+00:00,1.7184,True,TOUCH_HIT_TP,13,2.0281,0.4055,True,TOUCH_HIT_TP,1.785333,2.003853,1.339817,1.50289,0.784167,0.887976,0.70127,2.003853,2.156499,305.0,298.0,8.0,0.068466,1.0,0.0,0.0,1.0,0.0,0.161871,0.002993,0.89095,1.0,0.514158,0.872477,0.204417,-2.253385,-4.115368,0.518456,1.0
ETHUSD_18552_BEARISH_18536_18540,ETHUSD,SHORT,1h,2026-07-13T08:00:00+00:00,2026-07-13T12:00:00+00:00,2026-07-14T00:00:00+00:00,1792.6,1782.8,9.8,0.5497,1782.8,1792.6,1766.0,9.8,0.5497,63,bos,internal,WF_WINDOW_4,2026-01-01T00:00:00+00:00,2026-06-30T23:59:59+00:00,354,Ridge_a1.0_WF_WINDOW_4_ee7dde6e0742fb22,ee7dde6e0742fb22,86628e48989c4ddf,0.2526,0.2,ACCEPT,2026-07-14T01:00:00+00:00,-1.0,True,TOUCH_HIT_SL,1,0.0561,1.1582,True,TOUCH_HIT_SL,0.549004,0.734487,0.549697,0.734487,0.770408,0.52551,0.255102,0.734487,0.640803,16.0,12.0,1.0,0.168632,1.0,0.0,0.0,0.0,1.0,0.445212,0.018737,0.747466,20.0,0.488787,1.154194,0.625722,0.016809,-1.530781,0.526038,0.0
ETHUSD_18571_BEARISH_17578_17587,ETHUSD,SHORT,1h,2026-06-03T10:00:00+00:00,2026-06-03T19:00:00+00:00,2026-07-14T19:00:00+00:00,1892.35,1874.15,18.2,0.9711,1878.7,1892.35,1855.3,13.65,0.7266,48,bos,internal,WF_WINDOW_4,2026-01-01T00:00:00+00:00,2026-06-30T23:59:59+00:00,354,Ridge_a1.0_WF_WINDOW_4_ee7dde6e0742fb22,ee7dde6e0742fb22,86628e48989c4ddf,0.3993,0.2,ACCEPT,2026-07-14T22:00:00+00:00,-1.0,True,TOUCH_HIT_SL,3,0.5604,1.3223,True,TOUCH_HIT_SL,0.970227,1.345244,0.726566,1.008933,0.906593,0.741758,0.461538,1.345244,2.161999,993.0,984.0,5.0,0.210656,1.0,0.0,0.0,1.0,0.0,0.914306,0.114567,0.721227,35.5,0.800243,0.554359,-0.234011,5.089636,3.216133,1.002439,0.0
BTCUSD_18577_BULLISH_18569_18575,BTCUSD,LONG,1h,2026-07-14T17:00:00+00:00,2026-07-14T23:00:00+00:00,2026-07-15T01:00:00+00:00,64710.5,64284.0,426.5,0.6635,64603.875,64284.0,65152.23,319.875,0.4951,70,bos,internal,WF_WINDOW_4,2026-01-01T00:00:00+00:00,2026-06-30T23:59:59+00:00,354,Ridge_a1.0_WF_WINDOW_4_ee7dde6e0742fb22,ee7dde6e0742fb22,86628e48989c4ddf,0.7138,0.2,ACCEPT,2026-07-15T06:00:00+00:00,1.7143,True,TOUCH_HIT_TP,5,2.0731,0.4263,True,TOUCH_HIT_TP,0.659711,1.177568,0.495133,0.883176,0.856975,0.201641,0.250879,1.177568,0.4956,8.0,2.0,0.0,0.125971,1.0,0.0,0.0,1.0,1.0,0.861676,0.005522,0.560232,19.5,0.468215,0.586713,0.161127,2.988522,1.402232,0.462186,1.0
ETHUSD_18577_BULLISH_18569_18575,ETHUSD,LONG,1h,2026-07-14T17:00:00+00:00,2026-07-14T23:00:00+00:00,2026-07-15T01:00:00+00:00,1873.1,1860.1,13.0,0.6989,1869.85,1860.1,1886.56,9.75,0.5214,67,bos,internal,WF_WINDOW_4,2026-01-01T00:00:00+00:00,2026-06-30T23:59:59+00:00,354,Ridge_a1.0_WF_WINDOW_4_ee7dde6e0742fb22,ee7dde6e0742fb22,86628e48989c4ddf,0.3602,0.2,ACCEPT,2026-07-15T06:00:00+00:00,1.7138,True,TOUCH_HIT_TP,5,2.2051,0.6718,True,TOUCH_HIT_TP,0.695447,0.960924,0.521432,0.720693,0.707692,0.526923,0.165385,0.960924,0.713301,8.0,2.0,0.0,0.040654,1.0,0.0,0.0,0.0,1.0,0.813011,0.081309,0.723728,38.0,0.836938,1.097671,-0.282727,3.870197,3.510715,0.479185,1.0
SOLUSD_18583_BULLISH_18578_18580,SOLUSD,LONG,1h,2026-07-15T02:00:00+00:00,2026-07-15T04:00:00+00:00,2026-07-15T07:00:00+00:00,77.589,77.018,0.571,0.7414,77.44625,77.018,78.18,0.42825,0.553,63,bos,internal,WF_WINDOW_4,2026-01-01T00:00:00+00:00,2026-06-30T23:59:59+00:00,354,Ridge_a1.0_WF_WINDOW_4_ee7dde6e0742fb22,ee7dde6e0742fb22,86628e48989c4ddf,0.1446,0.2,REJECT,2026-07-15T12:00:00+00:00,1.7134,True,TOUCH_HIT_TP,5,2.0403,0.5563,False,REJECTED_BY_AI,0.73764,0.87094,0.552964,0.653205,0.684764,0.325744,0.123643,0.87094,0.350816,5.0,3.0,0.0,0.056817,1.0,0.0,0.0,1.0,1.0,0.696632,0.071689,0.846947,3.5,0.528696,0.924325,0.131423,0.156557,1.335271,1.251468,1.0
BTCUSD_18593_BEARISH_18038_18052,BTCUSD,SHORT,1h,2026-06-22T14:00:00+00:00,2026-06-23T04:00:00+00:00,2026-07-15T17:00:00+00:00,65603.0,64810.0,793.0,1.2236,65008.25,65603.0,63988.68,594.75,0.9149,38,choch,internal,WF_WINDOW_4,2026-01-01T00:00:00+00:00,2026-06-30T23:59:59+00:00,354,Ridge_a1.0_WF_WINDOW_4_ee7dde6e0742fb22,ee7dde6e0742fb22,86628e48989c4ddf,-0.932,0.2,REJECT,2026-07-16T08:00:00+00:00,1.7143,True,TOUCH_HIT_TP,15,1.9491,0.1879,False,REJECTED_BY_AI,1.219428,2.182695,0.914884,1.637021,0.721942,0.971627,0.762926,2.182695,1.220713,555.0,541.0,19.0,0.061242,0.0,1.0,0.0,1.0,0.0,0.854053,0.006881,0.55868,34.0,0.305955,0.579391,-0.169632,0.855317,3.878439,1.574651,0.0
BTCUSD_18594_BULLISH_18583_18588,BTCUSD,LONG,1h,2026-07-15T07:00:00+00:00,2026-07-15T12:00:00+00:00,2026-07-15T18:00:00+00:00,64856.5,64458.0,398.5,0.6182,64756.875,64458.0,65269.23,298.875,0.4615,75,bos,internal,WF_WINDOW_4,2026-01-01T00:00:00+00:00,2026-06-30T23:59:59+00:00,354,Ridge_a1.0_WF_WINDOW_4_ee7dde6e0742fb22,ee7dde6e0742fb22,86628e48989c4ddf,0.1215,0.2,REJECT,2026-07-16T01:00:00+00:00,-1.0,True,TOUCH_HIT_SL,7,0.9373,1.3061,False,REJECTED_BY_AI,0.614552,1.097847,0.461534,0.823385,0.968632,0.247177,0.641154,1.097847,1.176363,11.0,6.0,1.0,0.240025,1.0,0.0,0.0,0.0,1.0,0.804564,0.063364,0.559779,32.5,0.307278,0.819597,-0.389416,0.118115,4.14281,1.205189,1.0
XRPUSD_18607_BULLISH_18583_18588,XRPUSD,LONG,1h,2026-07-15T07:00:00+00:00,2026-07-15T12:00:00+00:00,2026-07-16T07:00:00+00:00,1.1083,1.1018,0.0065,0.5899,1.1083,1.1018,1.12,0.0065,0.5865,59,bos,internal,WF_WINDOW_4,2026-01-01T00:00:00+00:00,2026-06-30T23:59:59+00:00,354,Ridge_a1.0_WF_WINDOW_4_ee7dde6e0742fb22,ee7dde6e0742fb22,86628e48989c4ddf,0.0362,0.2,REJECT,2026-07-16T08:00:00+00:00,-1.0,True,TOUCH_HIT_SL,1,0.3077,1.2923,False,REJECTED_BY_AI,0.587597,0.819917,0.586484,0.819917,0.676923,0.692308,0.507692,0.819917,1.62722,24.0,19.0,2.0,0.264896,1.0,0.0,0.0,0.0,1.0,0.686528,0.050456,0.716654,3.0,0.457176,1.488465,-0.958009,-0.709093,3.238451,0.84706,1.0
ETHUSD_18612_BULLISH_18583_18588,ETHUSD,LONG,1h,2026-07-15T07:00:00+00:00,2026-07-15T12:00:00+00:00,2026-07-16T12:00:00+00:00,1876.35,1863.35,13.0,0.6977,1873.1,1863.35,1889.81,9.75,0.5205,67,bos,internal,WF_WINDOW_4,2026-01-01T00:00:00+00:00,2026-06-30T23:59:59+00:00,354,Ridge_a1.0_WF_WINDOW_4_ee7dde6e0742fb22,ee7dde6e0742fb22,86628e48989c4ddf,0.1648,0.2,REJECT,2026-07-16T14:00:00+00:00,1.7138,True,TOUCH_HIT_TP,2,1.9795,0.3077,False,REJECTED_BY_AI,0.694556,0.948723,0.520527,0.711542,0.642308,0.757692,0.438462,0.948723,3.149031,29.0,24.0,1.0,0.10217,1.0,0.0,0.0,0.0,1.0,0.62054,0.047436,0.732095,58.5,0.392262,1.299021,-2.00267,-2.584121,4.003556,1.19716,1.0
BTCUSD_18615_BEARISH_18605_18607,BTCUSD,SHORT,1h,2026-07-16T05:00:00+00:00,2026-07-16T07:00:00+00:00,2026-07-16T15:00:00+00:00,64981.0,64580.5,400.5,0.6202,64680.625,64981.0,64165.7,300.375,0.4644,75,choch,internal,WF_WINDOW_4,2026-01-01T00:00:00+00:00,2026-06-30T23:59:59+00:00,354,Ridge_a1.0_WF_WINDOW_4_ee7dde6e0742fb22,ee7dde6e0742fb22,86628e48989c4ddf,-0.3626,0.2,REJECT,2026-07-16T17:00:00+00:00,1.7143,True,TOUCH_HIT_TP,2,2.3858,0.0462,False,REJECTED_BY_AI,0.619178,1.112183,0.464397,0.834137,0.745318,0.751561,0.719101,1.112183,1.528731,10.0,8.0,1.0,0.005207,0.0,1.0,0.0,0.0,0.0,0.761709,0.011108,0.556723,19.0,0.316007,1.637034,0.763329,0.188194,1.368135,1.720213,0.0
XRPUSD_18615_BEARISH_18606_18609,XRPUSD,SHORT,1h,2026-07-16T06:00:00+00:00,2026-07-16T09:00:00+00:00,2026-07-16T15:00:00+00:00,1.1187,1.112,0.0067,0.6025,1.113675,1.1187,1.11,0.005025,0.4512,77,choch,internal,WF_WINDOW_4,2026-01-01T00:00:00+00:00,2026-06-30T23:59:59+00:00,354,Ridge_a1.0_WF_WINDOW_4_ee7dde6e0742fb22,ee7dde6e0742fb22,86628e48989c4ddf,-0.6561,0.2,REJECT,2026-07-16T16:00:00+00:00,0.7313,True,TOUCH_HIT_TP,1,1.209,0.3433,False,REJECTED_BY_AI,0.600951,0.84403,0.451209,0.633023,0.567164,0.985075,0.343284,0.84403,0.289742,9.0,6.0,2.0,0.154319,0.0,1.0,0.0,0.0,0.0,0.799223,0.10078,0.712001,8.0,0.357126,1.562086,0.577357,0.396218,1.400637,1.553605,0.0
XRPUSD_18659_BEARISH_18656_18657,XRPUSD,SHORT,1h,2026-07-18T08:00:00+00:00,2026-07-18T09:00:00+00:00,2026-07-18T11:00:00+00:00,1.0919,1.0876,0.0043,0.3954,1.0876,1.0919,1.08,0.0043,0.3954,88,choch,internal,WF_WINDOW_4,2026-01-01T00:00:00+00:00,2026-06-30T23:59:59+00:00,354,Ridge_a1.0_WF_WINDOW_4_ee7dde6e0742fb22,ee7dde6e0742fb22,86628e48989c4ddf,0.0316,0.2,REJECT,2026-07-18T17:00:00+00:00,-1.0,True,TOUCH_HIT_SL,6,0.907,1.6279,False,REJECTED_BY_AI,0.394966,0.571292,0.395366,0.571292,0.744186,0.488372,0.023256,0.571292,0.372004,3.0,2.0,1.0,0.146145,0.0,1.0,0.0,1.0,1.0,0.337043,0.013286,0.691356,0.5,0.167331,0.411862,-0.055081,-0.027548,-1.475113,0.702549,0.0
SOLUSD_18664_BEARISH_18650_18661,SOLUSD,SHORT,1h,2026-07-18T02:00:00+00:00,2026-07-18T13:00:00+00:00,2026-07-18T16:00:00+00:00,75.438,75.137,0.301,0.4006,75.137,75.438,74.62,0.301,0.4006,87,bos,internal,WF_WINDOW_4,2026-01-01T00:00:00+00:00,2026-06-30T23:59:59+00:00,354,Ridge_a1.0_WF_WINDOW_4_ee7dde6e0742fb22,ee7dde6e0742fb22,86628e48989c4ddf,-0.1872,0.2,REJECT,2026-07-18T18:00:00+00:00,-1.0,True,TOUCH_HIT_SL,2,0.2658,1.6645,False,REJECTED_BY_AI,0.400431,0.501604,0.400602,0.501604,0.893688,0.51495,0.135216,0.501604,0.419948,14.0,3.0,0.0,0.053327,1.0,0.0,0.0,0.0,1.0,0.317765,0.284965,0.798301,0.5,0.174964,0.741575,0.292195,-0.065144,-1.719314,1.10481,0.0
BTCUSD_18665_BEARISH_18615_18623,BTCUSD,SHORT,1h,2026-07-16T15:00:00+00:00,2026-07-16T23:00:00+00:00,2026-07-18T17:00:00+00:00,64881.5,64292.0,589.5,0.9169,64439.375,64881.5,63681.45,442.125,0.6861,51,bos,internal,WF_WINDOW_4,2026-01-01T00:00:00+00:00,2026-06-30T23:59:59+00:00,354,Ridge_a1.0_WF_WINDOW_4_ee7dde6e0742fb22,ee7dde6e0742fb22,86628e48989c4ddf,0.2297,0.2,ACCEPT,2026-07-19T00:00:00+00:00,-1.0,True,TOUCH_HIT_SL,7,0.0122,1.0034,True,TOUCH_HIT_SL,0.91457,1.754891,0.68611,1.316168,0.72095,0.30704,0.280746,1.754891,0.392953,50.0,42.0,2.0,0.05098,1.0,0.0,0.0,0.0,1.0,0.633638,0.004465,0.521155,0.5,0.119942,0.643014,0.419867,0.81173,-0.349399,0.960114,0.0
ETHUSD_18675_BULLISH_18666_18674,ETHUSD,LONG,1h,2026-07-18T18:00:00+00:00,2026-07-19T02:00:00+00:00,2026-07-19T03:00:00+00:00,1866.9,1848.95,17.95,0.9708,1862.4125,1848.95,1885.49,13.4625,0.7229,48,bos,internal,WF_WINDOW_4,2026-01-01T00:00:00+00:00,2026-06-30T23:59:59+00:00,354,Ridge_a1.0_WF_WINDOW_4_ee7dde6e0742fb22,ee7dde6e0742fb22,86628e48989c4ddf,0.5804,0.2,ACCEPT,2026-07-20T00:00:00+00:00,1.7142,True,TOUCH_HIT_TP,21,2.1421,0.8626,True,TOUCH_HIT_TP,0.961745,1.402568,0.722853,1.051926,0.972145,0.21727,0.275766,1.402568,0.976718,9.0,1.0,0.0,0.311573,1.0,0.0,0.0,1.0,1.0,0.445024,0.039069,0.685703,1.0,0.206034,0.726678,0.201326,1.209262,0.861952,0.991339,1.0
ETHUSD_18679_BEARISH_18622_18625,ETHUSD,SHORT,1h,2026-07-16T22:00:00+00:00,2026-07-17T01:00:00+00:00,2026-07-19T07:00:00+00:00,1881.15,1867.55,13.6,0.7282,1870.95,1881.15,1853.46,10.2,0.5452,64,bos,internal,WF_WINDOW_4,2026-01-01T00:00:00+00:00,2026-06-30T23:59:59+00:00,354,Ridge_a1.0_WF_WINDOW_4_ee7dde6e0742fb22,ee7dde6e0742fb22,86628e48989c4ddf,-0.2726,0.2,REJECT,2026-07-19T18:00:00+00:00,1.7147,True,TOUCH_HIT_TP,11,1.9755,0.7549,False,REJECTED_BY_AI,0.727506,1.075622,0.545178,0.806716,0.863971,0.694853,0.716912,1.075622,1.146802,57.0,54.0,5.0,0.122589,1.0,0.0,0.0,1.0,0.0,0.465901,0.07909,0.676359,0.5,0.198686,0.419176,-0.077505,1.306021,2.534006,0.914409,0.0
SOLUSD_18679_BEARISH_18615_18617,SOLUSD,SHORT,1h,2026-07-16T15:00:00+00:00,2026-07-16T17:00:00+00:00,2026-07-19T07:00:00+00:00,76.882,75.986,0.896,1.1792,76.21,76.882,75.06,0.672,0.8818,39,bos,internal,WF_WINDOW_4,2026-01-01T00:00:00+00:00,2026-06-30T23:59:59+00:00,354,Ridge_a1.0_WF_WINDOW_4_ee7dde6e0742fb22,ee7dde6e0742fb22,86628e48989c4ddf,-0.0303,0.2,REJECT,2026-07-20T00:00:00+00:00,-1.0,True,TOUCH_HIT_SL,17,1.2723,1.3676,False,REJECTED_BY_AI,1.177104,1.541201,0.881774,1.155901,0.851563,0.672991,0.146205,1.541201,1.13526,64.0,62.0,7.0,0.156528,1.0,0.0,0.0,1.0,0.0,0.485196,0.034402,0.763758,0.5,0.220176,0.593431,-0.103677,1.263819,2.326988,1.171998,0.0
XRPUSD_18691_BEARISH_18686_18690,XRPUSD,SHORT,1h,2026-07-19T14:00:00+00:00,2026-07-19T18:00:00+00:00,2026-07-19T19:00:00+00:00,1.1023,1.0925,0.0098,0.897,1.09495,1.1023,1.08,0.00735,0.6713,52,choch,internal,WF_WINDOW_4,2026-01-01T00:00:00+00:00,2026-06-30T23:59:59+00:00,354,Ridge_a1.0_WF_WINDOW_4_ee7dde6e0742fb22,ee7dde6e0742fb22,86628e48989c4ddf,-0.4844,0.2,REJECT,2026-07-20T00:00:00+00:00,-1.0,True,TOUCH_HIT_SL,5,0.4422,1.5578,False,REJECTED_BY_AI,0.894814,1.382109,0.671264,1.036582,0.72449,0.27551,0.510204,1.382109,0.26796,5.0,1.0,0.0,0.035258,0.0,1.0,0.0,1.0,0.0,0.442509,0.126928,0.647426,0.5,0.194665,0.465404,-0.363901,-0.136774,0.329791,1.406678,0.0
ETHUSD_18692_BEARISH_18682_18690,ETHUSD,SHORT,1h,2026-07-19T10:00:00+00:00,2026-07-19T18:00:00+00:00,2026-07-19T20:00:00+00:00,1878.65,1863.0,15.65,0.84,1866.9125,1878.65,1846.79,11.7375,0.6287,55,choch,internal,WF_WINDOW_4,2026-01-01T00:00:00+00:00,2026-06-30T23:59:59+00:00,354,Ridge_a1.0_WF_WINDOW_4_ee7dde6e0742fb22,ee7dde6e0742fb22,86628e48989c4ddf,-0.3388,0.2,REJECT,2026-07-20T00:00:00+00:00,-1.0,True,TOUCH_HIT_SL,4,0.9127,2.0735,False,REJECTED_BY_AI,0.838445,1.253153,0.628712,0.939865,0.773163,0.236422,0.396166,1.253153,0.480442,10.0,2.0,0.0,0.029027,0.0,1.0,0.0,1.0,0.0,0.478001,0.028026,0.669069,0.5,0.23555,0.436402,-0.189829,-0.066924,1.110479,1.471544,0.0
SOLUSD_18701_BULLISH_18690_18698,SOLUSD,LONG,1h,2026-07-19T18:00:00+00:00,2026-07-20T02:00:00+00:00,2026-07-20T05:00:00+00:00,75.978,75.355,0.623,0.8268,75.82225,75.355,76.62,0.46725,0.6162,56,bos,internal,WF_WINDOW_4,2026-01-01T00:00:00+00:00,2026-06-30T23:59:59+00:00,354,Ridge_a1.0_WF_WINDOW_4_ee7dde6e0742fb22,ee7dde6e0742fb22,86628e48989c4ddf,0.2779,0.2,ACCEPT,2026-07-20T09:00:00+00:00,1.7073,True,TOUCH_HIT_TP,4,1.962,0.6897,True,TOUCH_HIT_TP,0.820763,1.07253,0.616244,0.804398,0.882825,0.325843,0.332263,1.07253,1.066505,11.0,3.0,0.0,0.142459,1.0,0.0,0.0,0.0,1.0,0.594196,0.046482,0.765259,11.0,0.374771,1.22747,-0.867192,-0.658308,0.71384,1.293917,1.0
ETHUSD_18706_BEARISH_18697_18702,ETHUSD,SHORT,1h,2026-07-20T01:00:00+00:00,2026-07-20T06:00:00+00:00,2026-07-20T10:00:00+00:00,1889.5,1864.75,24.75,1.3273,1870.9375,1889.5,1839.12,18.5625,0.9921,35,choch,internal,WF_WINDOW_4,2026-01-01T00:00:00+00:00,2026-06-30T23:59:59+00:00,354,Ridge_a1.0_WF_WINDOW_4_ee7dde6e0742fb22,ee7dde6e0742fb22,86628e48989c4ddf,-0.1381,0.2,REJECT,2026-07-20T11:00:00+00:00,-1.0,True,TOUCH_HIT_SL,1,0.2256,1.3421,False,REJECTED_BY_AI,1.324946,1.945694,0.99215,1.45927,0.868687,0.262626,0.137374,1.945694,0.455961,9.0,4.0,3.0,0.230928,0.0,1.0,0.0,0.0,0.0,0.549225,0.086475,0.680964,13.0,0.357564,0.73897,0.727959,0.351876,1.147932,1.340113,0.0
XRPUSD_18707_BEARISH_18697_18701,XRPUSD,SHORT,1h,2026-07-20T01:00:00+00:00,2026-07-20T05:00:00+00:00,2026-07-20T11:00:00+00:00,1.1088,1.0947,0.0141,1.288,1.098225,1.1088,1.08,0.010575,0.9629,36,bos,internal,WF_WINDOW_4,2026-01-01T00:00:00+00:00,2026-06-30T23:59:59+00:00,354,Ridge_a1.0_WF_WINDOW_4_ee7dde6e0742fb22,ee7dde6e0742fb22,86628e48989c4ddf,-0.1542,0.2,REJECT,2026-07-20T15:00:00+00:00,-1.0,True,TOUCH_HIT_SL,4,1.1371,1.5296,False,REJECTED_BY_AI,1.274864,1.970423,0.962917,1.477817,0.198582,0.900709,0.035461,1.970423,1.103996,10.0,6.0,1.0,1.086528,1.0,0.0,0.0,0.0,0.0,0.741803,0.027949,0.647,12.0,0.397906,2.152093,1.888531,0.866393,1.813495,1.359495,0.0
SOLUSD_18737_BULLISH_18715_18725,SOLUSD,LONG,1h,2026-07-20T19:00:00+00:00,2026-07-21T05:00:00+00:00,2026-07-21T17:00:00+00:00,77.729,77.3,0.429,0.555,77.729,77.3,78.46,0.429,0.5519,63,bos,internal,WF_WINDOW_4,2026-01-01T00:00:00+00:00,2026-06-30T23:59:59+00:00,354,Ridge_a1.0_WF_WINDOW_4_ee7dde6e0742fb22,ee7dde6e0742fb22,86628e48989c4ddf,0.4427,0.2,ACCEPT,2026-07-22T00:00:00+00:00,1.704,True,TOUCH_HIT_TP,7,2.007,0.2821,True,TOUCH_HIT_TP,0.551918,0.745028,0.551918,0.745028,1.0,0.703963,0.025641,0.745028,0.590465,22.0,12.0,0.0,0.0,1.0,0.0,0.0,0.0,1.0,0.770392,0.017367,0.740801,6.0,0.341154,1.411907,-1.019992,-0.397237,1.981133,1.368702,1.0
XRPUSD_18749_BULLISH_18725_18732,XRPUSD,LONG,1h,2026-07-21T05:00:00+00:00,2026-07-21T12:00:00+00:00,2026-07-22T05:00:00+00:00,1.1386,1.1261,0.0125,1.11,1.135475,1.1261,1.15,0.009375,0.8256,42,bos,internal,WF_WINDOW_4,2026-01-01T00:00:00+00:00,2026-06-30T23:59:59+00:00,354,Ridge_a1.0_WF_WINDOW_4_ee7dde6e0742fb22,ee7dde6e0742fb22,86628e48989c4ddf,0.0904,0.2,REJECT,2026-07-22T14:00:00+00:00,1.5493,True,TOUCH_HIT_TP,9,1.5493,0.712,False,REJECTED_BY_AI,1.102682,1.721154,0.825646,1.290866,0.6,0.44,0.336,1.721154,0.771077,24.0,17.0,4.0,0.258173,1.0,0.0,0.0,0.0,1.0,0.620098,0.055077,0.640664,30.0,0.404372,1.266769,-1.073392,-1.32312,3.054545,0.514913,1.0
ETHUSD_18754_BEARISH_18744_18751,ETHUSD,SHORT,1h,2026-07-22T00:00:00+00:00,2026-07-22T07:00:00+00:00,2026-07-22T10:00:00+00:00,1943.95,1928.1,15.85,0.8221,1932.0625,1943.95,1911.68,11.8875,0.6153,56,choch,internal,WF_WINDOW_4,2026-01-01T00:00:00+00:00,2026-06-30T23:59:59+00:00,354,Ridge_a1.0_WF_WINDOW_4_ee7dde6e0742fb22,ee7dde6e0742fb22,86628e48989c4ddf,-0.2439,0.2,REJECT,2026-07-22T14:00:00+00:00,-1.0,True,TOUCH_HIT_SL,4,1.654,1.9968,False,REJECTED_BY_AI,0.821244,1.236792,0.615275,0.927594,0.880126,0.309148,0.577287,1.236792,0.253601,10.0,3.0,0.0,0.160939,0.0,1.0,0.0,0.0,0.0,0.802575,0.085834,0.664011,17.5,0.329711,0.834932,0.602049,0.392728,3.760652,1.027402,0.0
ETHUSD_18813_BULLISH_18702_18707,ETHUSD,LONG,1h,2026-07-20T06:00:00+00:00,2026-07-20T11:00:00+00:00,2026-07-24T21:00:00+00:00,1859.15,1842.0,17.15,0.9311,1854.8625,1842.0,1876.91,12.8625,0.6934,50,choch,internal,WF_WINDOW_4,2026-01-01T00:00:00+00:00,2026-06-30T23:59:59+00:00,354,Ridge_a1.0_WF_WINDOW_4_ee7dde6e0742fb22,ee7dde6e0742fb22,86628e48989c4ddf,-0.0785,0.2,REJECT,2026-07-26T00:00:00+00:00,1.7141,True,TOUCH_HIT_TP,27,2.0087,0.3586,False,REJECTED_BY_AI,0.923657,1.339418,0.693448,1.004564,0.860058,0.708455,0.338192,1.339418,1.91736,111.0,106.0,11.0,0.147414,0.0,1.0,0.0,1.0,0.0,0.089573,0.02343,0.689596,18.0,0.350995,0.382691,0.002693,-1.621321,-3.495322,0.475921,1.0
XRPUSD_18813_BULLISH_18703_18711,XRPUSD,LONG,1h,2026-07-20T07:00:00+00:00,2026-07-20T15:00:00+00:00,2026-07-24T21:00:00+00:00,1.091,1.083,0.008,0.7387,1.089,1.083,1.1,0.006,0.551,63,choch,internal,WF_WINDOW_4,2026-01-01T00:00:00+00:00,2026-06-30T23:59:59+00:00,354,Ridge_a1.0_WF_WINDOW_4_ee7dde6e0742fb22,ee7dde6e0742fb22,86628e48989c4ddf,-0.1616,0.2,REJECT,2026-07-25T15:00:00+00:00,1.8333,True,TOUCH_HIT_TP,18,1.9333,0.55,False,REJECTED_BY_AI,0.734821,1.144968,0.550964,0.858726,0.7125,0.7625,0.575,1.144968,2.733611,110.0,102.0,8.0,0.042936,0.0,1.0,0.0,1.0,0.0,0.047679,0.014312,0.641783,0.5,0.284047,0.443675,0.174825,-2.271095,-4.281695,0.672279,1.0
SOLUSD_18823_BULLISH_18813_18820,SOLUSD,LONG,1h,2026-07-24T21:00:00+00:00,2026-07-25T04:00:00+00:00,2026-07-25T07:00:00+00:00,73.817,73.43,0.387,0.527,73.817,73.43,74.48,0.387,0.5243,66,choch,internal,WF_WINDOW_4,2026-01-01T00:00:00+00:00,2026-06-30T23:59:59+00:00,354,Ridge_a1.0_WF_WINDOW_4_ee7dde6e0742fb22,ee7dde6e0742fb22,86628e48989c4ddf,-0.3573,0.2,REJECT,2026-07-25T17:00:00+00:00,1.7132,True,TOUCH_HIT_TP,10,2.199,0.7261,False,REJECTED_BY_AI,0.524483,0.732675,0.524269,0.732675,0.922481,0.147287,0.385013,0.732675,0.340779,10.0,3.0,1.0,0.056797,0.0,1.0,0.0,0.0,0.0,0.065265,0.130632,0.715846,0.5,0.283672,0.516848,-0.433152,-0.13399,-4.813076,0.81225,1.0
BTCUSD_18829_BEARISH_18811_18824,BTCUSD,SHORT,1h,2026-07-24T19:00:00+00:00,2026-07-25T08:00:00+00:00,2026-07-25T13:00:00+00:00,64273.5,64120.0,153.5,0.2394,64120.0,64273.5,63856.86,153.5,0.2394,100,bos,internal,WF_WINDOW_4,2026-01-01T00:00:00+00:00,2026-06-30T23:59:59+00:00,354,Ridge_a1.0_WF_WINDOW_4_ee7dde6e0742fb22,ee7dde6e0742fb22,86628e48989c4ddf,0.0223,0.2,REJECT,2026-07-25T17:00:00+00:00,-1.0,True,TOUCH_HIT_SL,4,0.1857,1.4104,False,REJECTED_BY_AI,0.239307,0.506696,0.239395,0.506696,0.846906,0.791531,0.306189,0.506696,0.424172,18.0,5.0,0.0,0.077572,1.0,0.0,0.0,0.0,1.0,0.136286,0.014854,0.47229,0.5,0.109909,0.539705,0.459671,0.006236,-2.119559,0.590273,0.0
BTCUSD_18845_BULLISH_18837_18840,BTCUSD,LONG,1h,2026-07-25T21:00:00+00:00,2026-07-26T00:00:00+00:00,2026-07-26T05:00:00+00:00,64407.0,64239.0,168.0,0.2615,64407.0,64239.0,64695.0,168.0,0.2608,100,bos,internal,WF_WINDOW_4,2026-01-01T00:00:00+00:00,2026-06-30T23:59:59+00:00,354,Ridge_a1.0_WF_WINDOW_4_ee7dde6e0742fb22,ee7dde6e0742fb22,86628e48989c4ddf,-0.1761,0.2,REJECT,2026-07-26T14:00:00+00:00,1.7143,True,TOUCH_HIT_TP,9,2.0625,0.8482,False,REJECTED_BY_AI,0.260902,0.582365,0.260841,0.582365,0.910714,0.21131,0.08631,0.582365,0.500903,8.0,5.0,1.0,0.051997,1.0,0.0,0.0,0.0,0.0,0.244931,0.006933,0.448005,0.5,0.09634,0.44544,-0.151187,0.322505,-1.588684,0.937694,1.0
XRPUSD_18875_BULLISH_18861_18862,XRPUSD,LONG,1h,2026-07-26T21:00:00+00:00,2026-07-26T22:00:00+00:00,2026-07-27T11:00:00+00:00,1.1057,1.1002,0.0055,0.4999,1.1057,1.1002,1.12,0.0055,0.4974,70,bos,internal,WF_WINDOW_4,2026-01-01T00:00:00+00:00,2026-06-30T23:59:59+00:00,354,Ridge_a1.0_WF_WINDOW_4_ee7dde6e0742fb22,ee7dde6e0742fb22,86628e48989c4ddf,-0.1682,0.2,REJECT,2026-07-27T12:00:00+00:00,-1.0,True,TOUCH_HIT_SL,1,0.3273,1.1818,False,REJECTED_BY_AI,0.497557,0.887747,0.497422,0.887747,0.945455,0.545455,0.527273,0.887747,1.016874,14.0,13.0,5.0,0.048423,1.0,0.0,0.0,0.0,1.0,0.390476,0.064563,0.560472,0.5,0.249989,0.95231,-0.5667,0.399637,1.524614,0.957026,1.0
XRPUSD_18894_BULLISH_18549_18588,XRPUSD,LONG,1h,2026-07-13T21:00:00+00:00,2026-07-15T12:00:00+00:00,2026-07-28T06:00:00+00:00,1.0626,1.0532,0.0094,0.8925,1.06025,1.0532,1.07,0.00705,0.6649,52,choch,internal,WF_WINDOW_4,2026-01-01T00:00:00+00:00,2026-06-30T23:59:59+00:00,354,Ridge_a1.0_WF_WINDOW_4_ee7dde6e0742fb22,ee7dde6e0742fb22,86628e48989c4ddf,-0.0775,0.2,REJECT,2026-07-28T11:00:00+00:00,-1.0,True,TOUCH_HIT_SL,5,0.0496,1.6525,False,REJECTED_BY_AI,0.886709,1.478532,0.664938,1.108899,0.734043,0.851064,0.308511,1.478532,2.02905,345.0,306.0,6.0,0.023594,0.0,1.0,0.0,1.0,0.0,0.082212,0.17302,0.599722,17.0,0.541535,0.770724,0.236384,-2.420839,-3.845805,0.621319,1.0
SOLUSD_18902_BEARISH_18893_18901,SOLUSD,SHORT,1h,2026-07-28T05:00:00+00:00,2026-07-28T13:00:00+00:00,2026-07-28T14:00:00+00:00,73.528,73.179,0.349,0.4769,73.179,73.528,72.58,0.349,0.4769,73,bos,internal,WF_WINDOW_4,2026-01-01T00:00:00+00:00,2026-06-30T23:59:59+00:00,354,Ridge_a1.0_WF_WINDOW_4_ee7dde6e0742fb22,ee7dde6e0742fb22,86628e48989c4ddf,-0.3094,0.2,REJECT,2026-07-28T15:00:00+00:00,-1.0,True,TOUCH_HIT_SL,1,0.0,4.0372,False,REJECTED_BY_AI,0.475438,0.695559,0.476913,0.695559,0.34957,0.882521,0.105444,0.695559,1.295454,9.0,1.0,0.0,0.452412,1.0,0.0,0.0,0.0,1.0,0.203331,0.047832,0.683534,25.0,0.597202,1.897341,0.212969,-1.067414,-1.951461,1.142312,0.0
SOLUSD_18910_BULLISH_18902_18903,SOLUSD,LONG,1h,2026-07-28T14:00:00+00:00,2026-07-28T15:00:00+00:00,2026-07-28T22:00:00+00:00,73.487,72.535,0.952,1.3125,73.249,72.535,74.47,0.714,0.9748,35,choch,internal,WF_WINDOW_4,2026-01-01T00:00:00+00:00,2026-06-30T23:59:59+00:00,354,Ridge_a1.0_WF_WINDOW_4_ee7dde6e0742fb22,ee7dde6e0742fb22,86628e48989c4ddf,0.4458,0.2,ACCEPT,2026-07-29T18:00:00+00:00,1.7101,True,TOUCH_HIT_TP,20,1.793,0.7521,True,TOUCH_HIT_TP,1.296367,1.877803,0.974757,1.408352,0.946429,0.053571,0.723739,1.877803,1.858078,8.0,7.0,0.0,0.368854,0.0,1.0,0.0,0.0,0.0,0.20914,0.011835,0.690364,35.5,0.534975,1.560233,-0.529617,0.218353,-2.524622,0.539555,1.0
BTCUSD_18927_BULLISH_18916_18918,BTCUSD,LONG,1h,2026-07-29T04:00:00+00:00,2026-07-29T06:00:00+00:00,2026-07-29T15:00:00+00:00,63956.5,63576.0,380.5,0.5985,63956.5,63576.0,64608.79,380.5,0.5949,58,bos,internal,WF_WINDOW_4,2026-01-01T00:00:00+00:00,2026-06-30T23:59:59+00:00,354,Ridge_a1.0_WF_WINDOW_4_ee7dde6e0742fb22,ee7dde6e0742fb22,86628e48989c4ddf,-0.0027,0.2,REJECT,2026-07-29T18:00:00+00:00,1.7143,True,TOUCH_HIT_TP,3,1.7806,0.9198,False,REJECTED_BY_AI,0.595033,1.2799,0.594936,1.2799,0.972405,0.250986,0.563732,1.2799,1.219353,11.0,9.0,0.0,0.035319,1.0,0.0,0.0,0.0,0.0,0.411218,0.0,0.464906,46.0,0.370767,1.061257,-0.781232,0.012512,-1.918048,1.569953,1.0
ETHUSD_18937_BEARISH_18919_18932,ETHUSD,SHORT,1h,2026-07-29T07:00:00+00:00,2026-07-29T20:00:00+00:00,2026-07-30T01:00:00+00:00,1925.0,1913.05,11.95,0.6247,1916.0375,1925.0,1900.67,8.9625,0.4678,74,choch,internal,WF_WINDOW_4,2026-01-01T00:00:00+00:00,2026-06-30T23:59:59+00:00,354,Ridge_a1.0_WF_WINDOW_4_ee7dde6e0742fb22,ee7dde6e0742fb22,86628e48989c4ddf,-0.18,0.2,REJECT,2026-07-30T05:00:00+00:00,1.7146,True,TOUCH_HIT_TP,4,1.8787,0.3752,False,REJECTED_BY_AI,0.623614,0.904314,0.467762,0.678236,0.732218,0.648536,0.343096,0.904314,0.363239,18.0,5.0,1.0,0.016081,0.0,1.0,0.0,0.0,0.0,0.482,0.011351,0.689599,100.0,0.636004,1.827547,1.760395,0.266855,1.308485,0.449966,0.0
SOLUSD_18937_BEARISH_18920_18932,SOLUSD,SHORT,1h,2026-07-29T08:00:00+00:00,2026-07-29T20:00:00+00:00,2026-07-30T01:00:00+00:00,74.3349,73.7,0.6349,0.8615,73.858725,74.3349,73.04,0.476175,0.6447,54,choch,internal,WF_WINDOW_4,2026-01-01T00:00:00+00:00,2026-06-30T23:59:59+00:00,354,Ridge_a1.0_WF_WINDOW_4_ee7dde6e0742fb22,ee7dde6e0742fb22,86628e48989c4ddf,-0.5363,0.2,REJECT,2026-07-30T11:00:00+00:00,-1.0,True,TOUCH_HIT_SL,10,1.1641,1.0065,False,REJECTED_BY_AI,0.857544,1.207512,0.644711,0.905634,0.469208,0.798551,0.521342,1.207512,0.169269,17.0,5.0,3.0,0.33906,0.0,1.0,0.0,0.0,1.0,0.331991,0.103463,0.710174,56.0,0.665396,1.789682,1.913362,0.179285,-0.216987,0.693146,0.0
ETHUSD_18950_BULLISH_18937_18947,ETHUSD,LONG,1h,2026-07-30T01:00:00+00:00,2026-07-30T11:00:00+00:00,2026-07-30T14:00:00+00:00,1920.8,1896.65,24.15,1.2733,1914.7625,1896.65,1945.81,18.1125,0.9459,37,choch,internal,WF_WINDOW_4,2026-01-01T00:00:00+00:00,2026-06-30T23:59:59+00:00,354,Ridge_a1.0_WF_WINDOW_4_ee7dde6e0742fb22,ee7dde6e0742fb22,86628e48989c4ddf,-0.1107,0.2,REJECT,2026-07-31T07:00:00+00:00,-1.0,True,TOUCH_HIT_SL,17,1.1863,1.7315,False,REJECTED_BY_AI,1.260077,1.847917,0.94594,1.385938,0.824017,0.347826,0.784679,1.847917,0.367288,13.0,3.0,2.0,0.136776,0.0,1.0,0.0,0.0,1.0,0.4844,0.011478,0.68189,92.0,0.562796,1.289333,-0.05215,0.356068,1.316311,1.199467,1.0
XRPUSD_18961_BULLISH_18937_18947,XRPUSD,LONG,1h,2026-07-30T01:00:00+00:00,2026-07-30T11:00:00+00:00,2026-07-31T01:00:00+00:00,1.0816,1.0704,0.0112,1.0463,1.0788,1.0704,1.09,0.0084,0.7786,44,bos,internal,WF_WINDOW_4,2026-01-01T00:00:00+00:00,2026-06-30T23:59:59+00:00,354,Ridge_a1.0_WF_WINDOW_4_ee7dde6e0742fb22,ee7dde6e0742fb22,86628e48989c4ddf,0.2936,0.2,ACCEPT,2026-07-31T13:00:00+00:00,-1.0,True,TOUCH_HIT_SL,12,0.6905,1.5238,True,TOUCH_HIT_SL,1.036269,1.675259,0.778643,1.256444,0.928571,0.196429,0.758929,1.675259,0.658137,24.0,14.0,2.0,0.299153,1.0,0.0,0.0,0.0,1.0,0.494398,0.029915,0.618573,55.0,0.26895,1.630386,-0.469657,0.10188,1.113294,0.641981,1.0
SOLUSD_18962_BULLISH_18937_18947,SOLUSD,LONG,1h,2026-07-30T01:00:00+00:00,2026-07-30T11:00:00+00:00,2026-07-31T02:00:00+00:00,74.207,73.266,0.941,1.2844,73.97175,73.266,75.18,0.70575,0.9541,36,choch,internal,WF_WINDOW_4,2026-01-01T00:00:00+00:00,2026-06-30T23:59:59+00:00,354,Ridge_a1.0_WF_WINDOW_4_ee7dde6e0742fb22,ee7dde6e0742fb22,86628e48989c4ddf,-0.0268,0.2,REJECT,2026-07-31T13:00:00+00:00,-1.0,True,TOUCH_HIT_SL,11,0.8165,1.1601,False,REJECTED_BY_AI,1.268912,1.823394,0.95408,1.367546,0.947928,0.139214,0.776302,1.823394,0.55225,25.0,15.0,2.0,0.3609,0.0,1.0,0.0,0.0,1.0,0.355198,0.094948,0.695907,51.5,0.285839,0.933981,-0.455052,-0.072765,0.517784,0.942208,1.0
XRPUSD_18980_BULLISH_18905_18909,XRPUSD,LONG,1h,2026-07-28T17:00:00+00:00,2026-07-28T21:00:00+00:00,2026-07-31T20:00:00+00:00,1.0642,1.0555,0.0087,0.8243,1.062025,1.0555,1.07,0.006525,0.6144,56,choch,internal,WF_WINDOW_4,2026-01-01T00:00:00+00:00,2026-06-30T23:59:59+00:00,354,Ridge_a1.0_WF_WINDOW_4_ee7dde6e0742fb22,ee7dde6e0742fb22,86628e48989c4ddf,-0.6327,0.2,REJECT,2026-08-01T18:00:00+00:00,-1.0,True,TOUCH_HIT_SL,22,0.8697,2.2414,False,REJECTED_BY_AI,0.819286,1.321885,0.614392,0.991414,0.735632,0.793103,0.655172,1.321885,0.805286,75.0,71.0,9.0,0.018993,0.0,1.0,0.0,1.0,0.0,0.321569,0.07597,0.619786,46.0,0.258884,0.562181,0.084826,-1.748705,-2.336062,1.157784,1.0
SOLUSD_18984_BEARISH_18978_18981,SOLUSD,SHORT,1h,2026-07-31T18:00:00+00:00,2026-07-31T21:00:00+00:00,2026-08-01T00:00:00+00:00,73.497,72.936,0.561,0.7692,73.07625,73.497,72.35,0.42075,0.5758,60,bos,internal,WF_WINDOW_5,2026-01-01T00:00:00+00:00,2026-07-31T23:59:59+00:00,428,Ridge_a1.0_WF_WINDOW_5_69ab325fa7645e3a,69ab325fa7645e3a,86628e48989c4ddf,0.1669,0.2,REJECT,2026-08-01T17:00:00+00:00,1.7261,True,TOUCH_HIT_TP,17,3.5039,0.344,False,REJECTED_BY_AI,0.76843,1.110636,0.575768,0.832977,0.875223,0.393939,0.465241,1.110636,0.453361,6.0,3.0,2.0,0.139077,1.0,0.0,0.0,1.0,1.0,0.189599,0.07919,0.691883,30.0,0.265234,0.556308,-0.10946,-0.654538,-0.85556,0.353494,0.0
ETHUSD_19000_BULLISH_18994_18998,ETHUSD,LONG,1h,2026-08-01T10:00:00+00:00,2026-08-01T14:00:00+00:00,2026-08-01T16:00:00+00:00,1868.05,1862.0,6.05,0.3249,1868.05,1862.0,1878.42,6.05,0.3239,100,choch,internal,WF_WINDOW_5,2026-01-01T00:00:00+00:00,2026-07-31T23:59:59+00:00,428,Ridge_a1.0_WF_WINDOW_5_69ab325fa7645e3a,69ab325fa7645e3a,86628e48989c4ddf,0.2163,0.2,ACCEPT,2026-08-01T17:00:00+00:00,-1.0,True,TOUCH_HIT_SL,1,0.2231,1.9504,True,TOUCH_HIT_SL,0.323884,0.498202,0.323867,0.498202,0.983471,0.479339,0.099174,0.498202,0.489967,6.0,2.0,0.0,0.008235,0.0,1.0,0.0,1.0,0.0,0.232454,0.065878,0.650107,30.0,0.118861,0.64231,0.091092,0.107184,-2.535807,0.737349,1.0
ETHUSD_19001_BULLISH_18806_18869,ETHUSD,LONG,1h,2026-07-24T14:00:00+00:00,2026-07-27T05:00:00+00:00,2026-08-01T17:00:00+00:00,1862.4,1847.0,15.4,0.8338,1858.55,1847.0,1878.35,11.55,0.6215,56,bos,internal,WF_WINDOW_5,2026-01-01T00:00:00+00:00,2026-07-31T23:59:59+00:00,428,Ridge_a1.0_WF_WINDOW_5_69ab325fa7645e3a,69ab325fa7645e3a,86628e48989c4ddf,-0.2905,0.2,REJECT,2026-08-01T18:00:00+00:00,-1.0,True,TOUCH_HIT_SL,1,0.316,3.2684,False,REJECTED_BY_AI,0.827401,1.267625,0.621452,0.950719,0.925325,0.983766,0.340909,1.267625,0.983644,195.0,132.0,10.0,0.222246,1.0,0.0,0.0,0.0,0.0,0.157215,0.008231,0.652717,31.0,0.144335,1.08242,-0.380014,-0.323997,-2.961341,1.002026,1.0
XRPUSD_19032_BULLISH_19017_19029,XRPUSD,LONG,1h,2026-08-02T09:00:00+00:00,2026-08-02T21:00:00+00:00,2026-08-03T00:00:00+00:00,1.0843,1.0769,0.0074,0.6872,1.08245,1.0769,1.09,0.00555,0.5127,68,bos,internal,WF_WINDOW_5,2026-01-01T00:00:00+00:00,2026-07-31T23:59:59+00:00,428,Ridge_a1.0_WF_WINDOW_5_69ab325fa7645e3a,69ab325fa7645e3a,86628e48989c4ddf,0.1691,0.2,REJECT,2026-08-03T01:00:00+00:00,-1.0,True,TOUCH_HIT_SL,1,0.0,1.3243,False,REJECTED_BY_AI,0.684425,1.217632,0.512726,0.913224,0.581081,0.540541,0.364865,1.217632,0.904997,15.0,3.0,1.0,0.205681,1.0,0.0,0.0,0.0,1.0,0.702703,0.065818,0.562095,3.0,0.232164,1.332814,-0.083172,-0.193852,1.769578,0.649189,1.0
ETHUSD_19033_BULLISH_19019_19029,ETHUSD,LONG,1h,2026-08-02T11:00:00+00:00,2026-08-02T21:00:00+00:00,2026-08-03T01:00:00+00:00,1868.85,1848.15,20.7,1.12,1863.675,1848.15,1890.29,15.525,0.833,42,bos,internal,WF_WINDOW_5,2026-01-01T00:00:00+00:00,2026-07-31T23:59:59+00:00,428,Ridge_a1.0_WF_WINDOW_5_69ab325fa7645e3a,69ab325fa7645e3a,86628e48989c4ddf,0.2307,0.2,ACCEPT,2026-08-03T06:00:00+00:00,-1.0,True,TOUCH_HIT_SL,5,0.4879,1.1739,True,TOUCH_HIT_SL,1.109057,1.728382,0.833032,1.296286,0.884058,0.183575,0.772947,1.728382,0.559428,14.0,4.0,0.0,0.231703,1.0,0.0,0.0,0.0,1.0,0.395238,0.037574,0.641674,26.0,0.342194,0.809918,-0.878917,-0.074952,0.260529,0.86497,1.0
SOLUSD_19033_BULLISH_19021_19027,SOLUSD,LONG,1h,2026-08-02T13:00:00+00:00,2026-08-02T19:00:00+00:00,2026-08-03T01:00:00+00:00,73.007,72.6878,0.3192,0.4391,73.007,72.6878,73.55,0.3192,0.4372,80,bos,internal,WF_WINDOW_5,2026-01-01T00:00:00+00:00,2026-07-31T23:59:59+00:00,428,Ridge_a1.0_WF_WINDOW_5_69ab325fa7645e3a,69ab325fa7645e3a,86628e48989c4ddf,0.2235,0.2,ACCEPT,2026-08-03T03:00:00+00:00,-1.0,True,TOUCH_HIT_SL,2,0.4386,1.0558,True,TOUCH_HIT_SL,0.43726,0.678351,0.437218,0.678351,0.97807,0.222431,0.253759,0.678351,0.311548,12.0,6.0,0.0,0.014876,1.0,0.0,0.0,0.0,1.0,0.512821,0.072255,0.644593,0.5,0.274919,0.703427,-0.945764,-0.363061,0.168778,0.806363,1.0
BTCUSD_19044_BULLISH_19002_19010,BTCUSD,LONG,1h,2026-08-01T18:00:00+00:00,2026-08-02T02:00:00+00:00,2026-08-03T12:00:00+00:00,62717.5,62245.0,472.5,0.7591,62599.375,62245.0,63206.88,354.375,0.5661,61,choch,internal,WF_WINDOW_5,2026-01-01T00:00:00+00:00,2026-07-31T23:59:59+00:00,428,Ridge_a1.0_WF_WINDOW_5_69ab325fa7645e3a,69ab325fa7645e3a,86628e48989c4ddf,-0.0416,0.2,REJECT,2026-08-03T13:00:00+00:00,1.7143,True,TOUCH_HIT_TP,1,2.1887,0.1704,False,REJECTED_BY_AI,0.753883,1.685108,0.5661,1.263831,0.911111,0.938624,0.278307,1.685108,1.65301,42.0,34.0,6.0,0.27149,0.0,1.0,0.0,1.0,0.0,0.136537,0.057062,0.44738,14.0,0.232837,1.298157,0.123806,-1.401682,-0.564008,1.649771,1.0
SOLUSD_19046_BEARISH_19029_19038,SOLUSD,SHORT,1h,2026-08-02T21:00:00+00:00,2026-08-03T06:00:00+00:00,2026-08-03T14:00:00+00:00,74.348,73.676,0.672,0.9121,73.844,74.348,72.98,0.504,0.6825,51,choch,internal,WF_WINDOW_5,2026-01-01T00:00:00+00:00,2026-07-31T23:59:59+00:00,428,Ridge_a1.0_WF_WINDOW_5_69ab325fa7645e3a,69ab325fa7645e3a,86628e48989c4ddf,-0.3135,0.2,REJECT,2026-08-04T18:00:00+00:00,-1.0,True,TOUCH_HIT_SL,28,1.5635,1.1032,False,REJECTED_BY_AI,0.910606,1.437057,0.68252,1.077793,0.81994,0.209821,0.431548,1.437057,0.678967,17.0,8.0,0.0,0.100508,0.0,1.0,0.0,0.0,0.0,0.680328,0.12617,0.633661,5.0,0.409167,1.717197,1.443358,0.217282,1.194361,1.747421,0.0
ETHUSD_19069_BULLISH_19063_19068,ETHUSD,LONG,1h,2026-08-04T07:00:00+00:00,2026-08-04T12:00:00+00:00,2026-08-04T13:00:00+00:00,1864.35,1852.5,11.85,0.6397,1861.3875,1852.5,1876.62,8.8875,0.4775,73,choch,internal,WF_WINDOW_5,2026-01-01T00:00:00+00:00,2026-07-31T23:59:59+00:00,428,Ridge_a1.0_WF_WINDOW_5_69ab325fa7645e3a,69ab325fa7645e3a,86628e48989c4ddf,-0.0476,0.2,REJECT,2026-08-04T15:00:00+00:00,1.7139,True,TOUCH_HIT_TP,2,1.8073,0.4262,False,REJECTED_BY_AI,0.636772,0.987013,0.477466,0.74026,0.71308,0.447257,0.590717,0.987013,0.191572,6.0,1.0,0.0,0.03644,0.0,1.0,0.0,1.0,1.0,0.519069,0.033317,0.64515,25.5,0.349919,1.482602,0.201917,0.072596,0.496827,1.151748,1.0
SOLUSD_19080_BULLISH_19066_19074,SOLUSD,LONG,1h,2026-08-04T10:00:00+00:00,2026-08-04T18:00:00+00:00,2026-08-05T00:00:00+00:00,73.708,73.107,0.601,0.8221,73.55775,73.107,74.33,0.45075,0.6128,57,choch,internal,WF_WINDOW_5,2026-01-01T00:00:00+00:00,2026-07-31T23:59:59+00:00,428,Ridge_a1.0_WF_WINDOW_5_69ab325fa7645e3a,69ab325fa7645e3a,86628e48989c4ddf,0.2491,0.2,ACCEPT,2026-08-05T02:00:00+00:00,1.7133,True,TOUCH_HIT_TP,2,2.0904,0.381,True,TOUCH_HIT_TP,0.81762,1.294504,0.612784,0.970878,0.663894,0.402662,0.46589,1.294504,0.820642,14.0,6.0,0.0,0.111465,0.0,1.0,0.0,0.0,0.0,0.751722,0.019385,0.631609,5.0,0.302864,0.712947,-0.917951,0.271461,-0.190099,0.568561,1.0
SOLUSD_19102_BULLISH_19093_19097,SOLUSD,LONG,1h,2026-08-05T13:00:00+00:00,2026-08-05T17:00:00+00:00,2026-08-05T22:00:00+00:00,74.118,73.256,0.862,1.1767,73.9025,73.256,75.01,0.6465,0.8748,40,bos,internal,WF_WINDOW_5,2026-01-01T00:00:00+00:00,2026-07-31T23:59:59+00:00,428,Ridge_a1.0_WF_WINDOW_5_69ab325fa7645e3a,69ab325fa7645e3a,86628e48989c4ddf,0.7448,0.2,ACCEPT,2026-08-06T09:00:00+00:00,-1.0,True,TOUCH_HIT_SL,11,0.72,1.1299,True,TOUCH_HIT_SL,1.164613,1.877629,0.874801,1.408221,0.881671,0.153132,0.118329,1.877629,0.500991,9.0,5.0,1.0,0.247228,1.0,0.0,0.0,0.0,1.0,0.787966,0.087129,0.620257,0.5,0.258079,0.437823,-0.726951,0.067599,0.201714,0.551927,1.0
BTCUSD_19118_BEARISH_19109_19116,BTCUSD,SHORT,1h,2026-08-06T05:00:00+00:00,2026-08-06T12:00:00+00:00,2026-08-06T14:00:00+00:00,64978.0,64701.5,276.5,0.4273,64701.5,64978.0,64227.5,276.5,0.4273,81,choch,internal,WF_WINDOW_5,2026-01-01T00:00:00+00:00,2026-07-31T23:59:59+00:00,428,Ridge_a1.0_WF_WINDOW_5_69ab325fa7645e3a,69ab325fa7645e3a,86628e48989c4ddf,-0.4458,0.2,REJECT,2026-08-06T23:00:00+00:00,1.7143,True,TOUCH_HIT_TP,9,1.9241,0.9656,False,REJECTED_BY_AI,0.426994,0.980263,0.427347,0.980263,0.80651,0.470163,0.661844,0.980263,0.705506,9.0,2.0,0.0,0.189671,0.0,1.0,0.0,0.0,0.0,0.903332,0.021272,0.435591,14.0,0.205335,1.74781,0.154667,0.177134,1.366582,1.575371,0.0
BTCUSD_19126_BULLISH_19093_19096,BTCUSD,LONG,1h,2026-08-05T13:00:00+00:00,2026-08-05T16:00:00+00:00,2026-08-06T22:00:00+00:00,64393.5,63852.5,541.0,0.8473,64258.25,63852.5,64953.82,405.75,0.6314,55,bos,internal,WF_WINDOW_5,2026-01-01T00:00:00+00:00,2026-07-31T23:59:59+00:00,428,Ridge_a1.0_WF_WINDOW_5_69ab325fa7645e3a,69ab325fa7645e3a,86628e48989c4ddf,0.766,0.2,ACCEPT,2026-08-07T11:00:00+00:00,1.7143,True,TOUCH_HIT_TP,13,2.305,0.3062,True,TOUCH_HIT_TP,0.841022,1.941526,0.631436,1.456144,0.876155,0.451941,0.169131,1.941526,1.001267,33.0,30.0,6.0,0.244934,1.0,0.0,0.0,0.0,1.0,0.747315,0.0,0.433176,0.5,0.22602,0.428858,-0.406416,-0.724582,0.006996,0.507476,1.0
SOLUSD_19160_BEARISH_18961_18973,SOLUSD,SHORT,1h,2026-07-31T01:00:00+00:00,2026-07-31T13:00:00+00:00,2026-08-08T08:00:00+00:00,75.318,74.297,1.021,1.3742,74.55225,75.318,73.24,0.76575,1.0271,34,choch,internal,WF_WINDOW_5,2026-01-01T00:00:00+00:00,2026-07-31T23:59:59+00:00,428,Ridge_a1.0_WF_WINDOW_5_69ab325fa7645e3a,69ab325fa7645e3a,86628e48989c4ddf,-0.7068,0.2,REJECT,2026-08-08T11:00:00+00:00,-1.0,True,TOUCH_HIT_SL,3,0.0,1.5354,False,REJECTED_BY_AI,1.364827,2.330204,1.027132,1.747653,0.49951,0.843291,0.119491,2.330204,0.775974,199.0,187.0,24.0,0.583692,0.0,1.0,0.0,1.0,0.0,0.875974,0.016432,0.585711,1.0,0.41202,0.529488,-0.066793,1.88078,1.026361,0.736661,0.0
BTCUSD_19170_BULLISH_19155_19166,BTCUSD,LONG,1h,2026-08-08T03:00:00+00:00,2026-08-08T14:00:00+00:00,2026-08-08T18:00:00+00:00,65053.5,64889.5,164.0,0.2527,65053.5,64889.5,65334.64,164.0,0.2521,100,bos,internal,WF_WINDOW_5,2026-01-01T00:00:00+00:00,2026-07-31T23:59:59+00:00,428,Ridge_a1.0_WF_WINDOW_5_69ab325fa7645e3a,69ab325fa7645e3a,86628e48989c4ddf,-0.0008,0.2,REJECT,2026-08-09T01:00:00+00:00,-1.0,True,TOUCH_HIT_SL,7,0.0823,1.3994,False,REJECTED_BY_AI,0.25222,0.637758,0.2521,0.637758,0.810976,0.29878,0.679878,0.637758,0.445264,15.0,4.0,3.0,0.120552,1.0,0.0,0.0,1.0,1.0,0.782747,0.007778,0.39548,0.5,0.069567,0.377211,0.046929,0.023074,0.453429,0.792005,1.0
SOLUSD_19172_BEARISH_18876_18878,SOLUSD,SHORT,1h,2026-07-27T12:00:00+00:00,2026-07-27T14:00:00+00:00,2026-08-08T20:00:00+00:00,77.081,76.25,0.831,1.0898,76.45775,77.081,75.39,0.62325,0.8152,42,choch,internal,WF_WINDOW_5,2026-01-01T00:00:00+00:00,2026-07-31T23:59:59+00:00,428,Ridge_a1.0_WF_WINDOW_5_69ab325fa7645e3a,69ab325fa7645e3a,86628e48989c4ddf,0.6182,0.2,ACCEPT,2026-08-09T14:00:00+00:00,-1.0,True,TOUCH_HIT_SL,18,1.126,1.0257,True,TOUCH_HIT_SL,1.089422,1.908371,0.815156,1.431278,0.965102,0.698075,0.395909,1.908371,3.30922,296.0,294.0,6.0,0.410495,0.0,1.0,0.0,1.0,0.0,0.877373,0.0,0.570865,0.5,0.437337,0.349064,-0.170137,2.143871,4.770211,0.757246,0.0
ETHUSD_19178_BULLISH_19152_19166,ETHUSD,LONG,1h,2026-08-08T00:00:00+00:00,2026-08-08T14:00:00+00:00,2026-08-09T02:00:00+00:00,1914.0,1911.2,2.8,0.1465,1914.0,1911.2,1918.8,2.8,0.1463,100,bos,internal,WF_WINDOW_5,2026-01-01T00:00:00+00:00,2026-07-31T23:59:59+00:00,428,Ridge_a1.0_WF_WINDOW_5_69ab325fa7645e3a,69ab325fa7645e3a,86628e48989c4ddf,0.1612,0.2,REJECT,2026-08-09T06:00:00+00:00,1.7143,True,TOUCH_HIT_TP,4,1.7679,0.9286,False,REJECTED_BY_AI,0.146302,0.269211,0.14629,0.269211,0.946429,0.535714,0.142857,0.269211,0.350935,26.0,12.0,2.0,0.014422,1.0,0.0,0.0,0.0,1.0,0.688953,0.014422,0.543448,0.5,0.094662,0.326899,-0.317717,-0.325504,0.570152,0.84951,1.0
SOLUSD_19215_BULLISH_19177_19190,SOLUSD,LONG,1h,2026-08-09T01:00:00+00:00,2026-08-09T14:00:00+00:00,2026-08-10T15:00:00+00:00,76.1105,75.756,0.3545,0.4679,76.1105,75.756,76.72,0.3545,0.4658,75,bos,internal,WF_WINDOW_5,2026-01-01T00:00:00+00:00,2026-07-31T23:59:59+00:00,428,Ridge_a1.0_WF_WINDOW_5_69ab325fa7645e3a,69ab325fa7645e3a,86628e48989c4ddf,-0.3227,0.2,REJECT,2026-08-10T16:00:00+00:00,-1.0,True,TOUCH_HIT_SL,1,0.0268,1.4635,False,REJECTED_BY_AI,0.46665,0.81969,0.46577,0.81969,0.595205,0.791255,0.420592,0.81969,1.040509,38.0,25.0,0.0,0.331807,1.0,0.0,0.0,0.0,1.0,0.654942,0.047863,0.569301,20.0,0.360321,1.408156,-1.107813,-0.733065,0.582573,1.565753,1.0
BTCUSD_19238_BULLISH_19066_19074,BTCUSD,LONG,1h,2026-08-04T10:00:00+00:00,2026-08-04T18:00:00+00:00,2026-08-11T14:00:00+00:00,63825.5,63434.5,391.0,0.6164,63727.75,63434.5,64230.46,293.25,0.4602,76,bos,internal,WF_WINDOW_5,2026-01-01T00:00:00+00:00,2026-07-31T23:59:59+00:00,428,Ridge_a1.0_WF_WINDOW_5_69ab325fa7645e3a,69ab325fa7645e3a,86628e48989c4ddf,0.0334,0.2,REJECT,2026-08-11T15:00:00+00:00,-1.0,True,TOUCH_HIT_SL,1,0.4339,1.029,False,REJECTED_BY_AI,0.6133,1.64663,0.460161,1.234973,0.815857,0.346547,0.407928,1.64663,1.404479,172.0,164.0,3.0,0.108442,1.0,0.0,0.0,0.0,0.0,0.035937,0.027374,0.372457,6.5,0.214096,2.345711,-0.830644,-0.299476,-1.819512,1.50098,1.0
SOLUSD_19244_BEARISH_19235_19238,SOLUSD,SHORT,1h,2026-08-11T11:00:00+00:00,2026-08-11T14:00:00+00:00,2026-08-11T20:00:00+00:00,76.369,75.937,0.432,0.5689,75.937,76.369,75.2,0.432,0.5689,61,bos,internal,WF_WINDOW_5,2026-01-01T00:00:00+00:00,2026-07-31T23:59:59+00:00,428,Ridge_a1.0_WF_WINDOW_5_69ab325fa7645e3a,69ab325fa7645e3a,86628e48989c4ddf,0.15,0.2,REJECT,2026-08-11T21:00:00+00:00,-1.0,True,TOUCH_HIT_SL,1,0.0,1.1898,False,REJECTED_BY_AI,0.568062,1.008147,0.568893,1.008147,0.743056,0.803241,0.604167,1.008147,1.909879,9.0,6.0,0.0,0.259038,1.0,0.0,0.0,0.0,1.0,0.609798,0.119017,0.563471,19.0,0.371784,1.486551,1.498832,0.331148,-1.529218,0.928063,0.0
ETHUSD_19252_BEARISH_19236_19239,ETHUSD,SHORT,1h,2026-08-11T12:00:00+00:00,2026-08-11T15:00:00+00:00,2026-08-12T04:00:00+00:00,1897.25,1886.45,10.8,0.5725,1886.45,1897.25,1867.94,10.8,0.5725,61,choch,internal,WF_WINDOW_5,2026-01-01T00:00:00+00:00,2026-07-31T23:59:59+00:00,428,Ridge_a1.0_WF_WINDOW_5_69ab325fa7645e3a,69ab325fa7645e3a,86628e48989c4ddf,-0.0087,0.2,REJECT,2026-08-12T09:00:00+00:00,-1.0,True,TOUCH_HIT_SL,5,0.1991,2.0833,False,REJECTED_BY_AI,0.571822,1.103638,0.572504,1.103638,0.791667,0.560185,0.462963,1.103638,1.108747,16.0,13.0,3.0,0.229925,0.0,1.0,0.0,0.0,1.0,0.426056,0.0,0.518125,0.5,0.333454,0.8124,0.364004,-0.034403,-1.77601,0.527329,0.0
SOLUSD_19257_BEARISH_19208_19213,SOLUSD,SHORT,1h,2026-08-10T08:00:00+00:00,2026-08-10T13:00:00+00:00,2026-08-12T09:00:00+00:00,77.15,76.668,0.482,0.6287,76.7885,77.15,76.17,0.3615,0.4708,74,choch,internal,WF_WINDOW_5,2026-01-01T00:00:00+00:00,2026-07-31T23:59:59+00:00,428,Ridge_a1.0_WF_WINDOW_5_69ab325fa7645e3a,69ab325fa7645e3a,86628e48989c4ddf,0.0988,0.2,REJECT,2026-08-12T12:00:00+00:00,-1.0,True,TOUCH_HIT_SL,3,1.1743,1.4979,False,REJECTED_BY_AI,0.628021,1.141024,0.470774,0.855768,0.83195,0.5,0.082988,1.141024,0.783566,49.0,44.0,2.0,0.093507,0.0,1.0,0.0,0.0,1.0,0.657895,0.115996,0.550401,3.5,0.395,1.848837,0.591103,1.978475,-0.311733,1.020442,0.0
BTCUSD_19261_BULLISH_19254_19257,BTCUSD,LONG,1h,2026-08-12T06:00:00+00:00,2026-08-12T09:00:00+00:00,2026-08-12T13:00:00+00:00,63818.0,63584.5,233.5,0.3672,63818.0,63584.5,64218.29,233.5,0.3659,95,choch,internal,WF_WINDOW_5,2026-01-01T00:00:00+00:00,2026-07-31T23:59:59+00:00,428,Ridge_a1.0_WF_WINDOW_5_69ab325fa7645e3a,69ab325fa7645e3a,86628e48989c4ddf,-0.0315,0.2,REJECT,2026-08-12T14:00:00+00:00,-1.0,True,TOUCH_HIT_SL,1,0.394,2.0471,False,REJECTED_BY_AI,0.365916,0.988986,0.365884,0.988986,0.976445,0.047109,0.533191,0.988986,1.302411,7.0,4.0,0.0,0.023295,0.0,1.0,0.0,1.0,0.0,0.265684,0.012706,0.369991,7.5,0.223037,1.387121,0.058016,0.25924,-1.983749,1.623984,1.0
SOLUSD_19261_BULLISH_19255_19257,SOLUSD,LONG,1h,2026-08-12T07:00:00+00:00,2026-08-12T09:00:00+00:00,2026-08-12T13:00:00+00:00,76.289,75.946,0.343,0.4516,76.289,75.946,76.88,0.343,0.4496,77,choch,internal,WF_WINDOW_5,2026-01-01T00:00:00+00:00,2026-07-31T23:59:59+00:00,428,Ridge_a1.0_WF_WINDOW_5_69ab325fa7645e3a,69ab325fa7645e3a,86628e48989c4ddf,-0.1492,0.2,REJECT,2026-08-12T14:00:00+00:00,-1.0,True,TOUCH_HIT_SL,1,0.0,2.5714,False,REJECTED_BY_AI,0.44996,0.809109,0.449606,0.809109,0.825073,0.723032,0.638484,0.809109,1.320994,6.0,4.0,0.0,0.141535,0.0,1.0,0.0,1.0,0.0,0.493558,0.047178,0.556118,9.5,0.310895,1.4814,0.052501,-0.248629,-1.075813,1.668333,1.0
SOLUSD_19280_BEARISH_19257_19262,SOLUSD,SHORT,1h,2026-08-12T09:00:00+00:00,2026-08-12T14:00:00+00:00,2026-08-13T08:00:00+00:00,76.909,76.128,0.781,1.0259,76.32325,76.909,75.32,0.58575,0.7675,45,choch,internal,WF_WINDOW_5,2026-01-01T00:00:00+00:00,2026-07-31T23:59:59+00:00,428,Ridge_a1.0_WF_WINDOW_5_69ab325fa7645e3a,69ab325fa7645e3a,86628e48989c4ddf,0.1862,0.2,REJECT,2026-08-13T16:00:00+00:00,1.7128,True,TOUCH_HIT_TP,8,2.1105,0.4708,False,REJECTED_BY_AI,1.024679,1.862152,0.767459,1.396614,0.883483,0.649552,0.717029,1.862152,1.785854,23.0,18.0,5.0,0.248565,0.0,1.0,0.0,1.0,0.0,0.490491,0.026227,0.550266,0.5,0.362393,0.765366,-0.045506,0.424259,0.543485,0.787654,0.0
SOLUSD_19283_BULLISH_19270_19275,SOLUSD,LONG,1h,2026-08-12T22:00:00+00:00,2026-08-13T03:00:00+00:00,2026-08-13T11:00:00+00:00,75.668,75.32,0.348,0.462,75.668,75.32,76.26,0.348,0.4599,76,choch,internal,WF_WINDOW_5,2026-01-01T00:00:00+00:00,2026-07-31T23:59:59+00:00,428,Ridge_a1.0_WF_WINDOW_5_69ab325fa7645e3a,69ab325fa7645e3a,86628e48989c4ddf,0.0795,0.2,REJECT,2026-08-13T13:00:00+00:00,1.7011,True,TOUCH_HIT_TP,2,2.0101,0.1178,False,REJECTED_BY_AI,0.459965,0.831953,0.459904,0.831953,0.971264,0.33908,0.195402,0.831953,0.685405,13.0,8.0,0.0,0.023907,0.0,1.0,0.0,0.0,0.0,0.318405,0.023907,0.552873,0.5,0.277354,0.473352,-1.126503,-0.368722,-0.303078,0.82349,1.0
SOLUSD_19319_BULLISH_19239_19245,SOLUSD,LONG,1h,2026-08-11T15:00:00+00:00,2026-08-11T21:00:00+00:00,2026-08-14T23:00:00+00:00,75.419,74.62,0.799,1.0708,75.21925,74.62,76.25,0.59925,0.7967,43,choch,internal,WF_WINDOW_5,2026-01-01T00:00:00+00:00,2026-07-31T23:59:59+00:00,428,Ridge_a1.0_WF_WINDOW_5_69ab325fa7645e3a,69ab325fa7645e3a,86628e48989c4ddf,-0.1905,0.2,REJECT,2026-08-16T21:00:00+00:00,-1.0,True,TOUCH_HIT_SL,46,0.8506,1.9629,False,REJECTED_BY_AI,1.05985,1.967746,0.796671,1.475809,0.961202,0.961952,0.341677,1.967746,0.987567,80.0,74.0,18.0,0.415591,0.0,1.0,0.0,1.0,0.0,0.283395,0.051718,0.538611,0.5,0.261859,0.667408,0.570971,-0.618269,-0.11924,0.698426,1.0
BTCUSD_19343_BULLISH_19335_19341,BTCUSD,LONG,1h,2026-08-15T15:00:00+00:00,2026-08-15T21:00:00+00:00,2026-08-15T23:00:00+00:00,63103.5,63003.5,100.0,0.1587,63103.5,63003.5,63274.93,100.0,0.1585,100,choch,internal,WF_WINDOW_5,2026-01-01T00:00:00+00:00,2026-07-31T23:59:59+00:00,428,Ridge_a1.0_WF_WINDOW_5_69ab325fa7645e3a,69ab325fa7645e3a,86628e48989c4ddf,-0.4434,0.2,REJECT,2026-08-16T01:00:00+00:00,-1.0,True,TOUCH_HIT_SL,2,0.0,1.22,False,REJECTED_BY_AI,0.158578,0.45882,0.15847,0.45882,0.57,0.48,0.555,0.45882,0.215645,8.0,2.0,1.0,0.197293,0.0,1.0,0.0,1.0,0.0,0.285237,0.004588,0.345621,0.5,0.080467,0.282174,0.043628,0.230468,-0.616219,0.354835,1.0
XRPUSD_19343_BULLISH_19334_19341,XRPUSD,LONG,1h,2026-08-15T14:00:00+00:00,2026-08-15T21:00:00+00:00,2026-08-15T23:00:00+00:00,1.0032,1.0001,0.0031,0.31,1.0032,1.0001,1.01,0.0031,0.309,100,choch,internal,WF_WINDOW_5,2026-01-01T00:00:00+00:00,2026-07-31T23:59:59+00:00,428,Ridge_a1.0_WF_WINDOW_5_69ab325fa7645e3a,69ab325fa7645e3a,86628e48989c4ddf,-0.0517,0.2,REJECT,2026-08-16T05:00:00+00:00,-1.0,True,TOUCH_HIT_SL,6,0.2581,1.1935,False,REJECTED_BY_AI,0.309073,0.601097,0.309011,0.601097,0.935484,0.516129,0.0,0.601097,0.096951,9.0,2.0,0.0,0.03878,0.0,1.0,0.0,1.0,0.0,0.396985,0.310244,0.514181,0.5,0.103635,0.639878,0.029919,0.089811,-0.574941,0.428869,1.0
BTCUSD_19357_BEARISH_19346_19353,BTCUSD,SHORT,1h,2026-08-16T02:00:00+00:00,2026-08-16T09:00:00+00:00,2026-08-16T13:00:00+00:00,63139.0,62994.5,144.5,0.2294,62994.5,63139.0,62746.79,144.5,0.2294,100,choch,internal,WF_WINDOW_5,2026-01-01T00:00:00+00:00,2026-07-31T23:59:59+00:00,428,Ridge_a1.0_WF_WINDOW_5_69ab325fa7645e3a,69ab325fa7645e3a,86628e48989c4ddf,-0.6971,0.2,REJECT,2026-08-16T16:00:00+00:00,-1.0,True,TOUCH_HIT_SL,3,0.0,2.6436,False,REJECTED_BY_AI,0.229212,0.698573,0.229385,0.698573,0.67128,0.370242,0.283737,0.698573,0.401257,11.0,4.0,1.0,0.229635,0.0,1.0,0.0,1.0,0.0,0.275738,0.055596,0.328115,0.5,0.054961,0.270727,-0.005552,-0.102208,0.316662,1.006379,0.0
SOLUSD_19371_BEARISH_19360_19364,SOLUSD,SHORT,1h,2026-08-16T16:00:00+00:00,2026-08-16T20:00:00+00:00,2026-08-17T03:00:00+00:00,75.7241,75.5,0.2241,0.2968,75.5,75.7241,75.12,0.2241,0.2968,100,bos,internal,WF_WINDOW_5,2026-01-01T00:00:00+00:00,2026-07-31T23:59:59+00:00,428,Ridge_a1.0_WF_WINDOW_5_69ab325fa7645e3a,69ab325fa7645e3a,86628e48989c4ddf,-0.1935,0.2,REJECT,2026-08-17T06:00:00+00:00,-1.0,True,TOUCH_HIT_SL,3,0.589,2.3918,False,REJECTED_BY_AI,0.29675,0.609329,0.296821,0.609329,0.919679,0.392682,0.093708,0.609329,0.541082,11.0,7.0,1.0,0.048942,1.0,0.0,0.0,0.0,0.0,0.568993,0.048942,0.487012,6.5,0.31954,0.35619,1.369164,0.398841,0.147201,1.528624,0.0
BTCUSD_19372_BEARISH_19294_19302,BTCUSD,SHORT,1h,2026-08-13T22:00:00+00:00,2026-08-14T06:00:00+00:00,2026-08-17T04:00:00+00:00,63620.0,63451.5,168.5,0.2656,63451.5,63620.0,63162.64,168.5,0.2656,100,bos,internal,WF_WINDOW_5,2026-01-01T00:00:00+00:00,2026-07-31T23:59:59+00:00,428,Ridge_a1.0_WF_WINDOW_5_69ab325fa7645e3a,69ab325fa7645e3a,86628e48989c4ddf,-0.5269,0.2,REJECT,2026-08-17T06:00:00+00:00,-1.0,True,TOUCH_HIT_SL,2,0.1899,1.4688,False,REJECTED_BY_AI,0.265279,0.816342,0.265557,0.816342,0.605341,0.703264,0.308605,0.816342,2.000885,78.0,70.0,2.0,0.322176,1.0,0.0,0.0,0.0,0.0,0.6785,0.055715,0.324961,6.5,0.153901,0.741248,1.010615,0.755052,0.631342,1.872213,0.0
SOLUSD_19387_BULLISH_19376_19383,SOLUSD,LONG,1h,2026-08-17T08:00:00+00:00,2026-08-17T15:00:00+00:00,2026-08-17T19:00:00+00:00,75.8064,75.176,0.6304,0.8386,75.6488,75.176,76.46,0.4728,0.625,56,bos,internal,WF_WINDOW_5,2026-01-01T00:00:00+00:00,2026-07-31T23:59:59+00:00,428,Ridge_a1.0_WF_WINDOW_5_69ab325fa7645e3a,69ab325fa7645e3a,86628e48989c4ddf,0.0945,0.2,REJECT,2026-08-18T11:00:00+00:00,1.7157,True,TOUCH_HIT_TP,16,1.7369,0.9492,False,REJECTED_BY_AI,0.831695,1.714716,0.624993,1.286037,0.985089,0.192576,0.888325,1.714716,0.301925,11.0,4.0,1.0,0.403111,1.0,0.0,0.0,0.0,1.0,0.729011,0.111522,0.485034,10.0,0.338368,0.563593,-0.222468,0.33092,0.187694,1.158199,1.0
ETHUSD_19393_BULLISH_19376_19383,ETHUSD,LONG,1h,2026-08-17T08:00:00+00:00,2026-08-17T15:00:00+00:00,2026-08-18T01:00:00+00:00,1901.0,1890.55,10.45,0.5527,1901.0,1890.55,1918.91,10.45,0.5497,63,bos,internal,WF_WINDOW_5,2026-01-01T00:00:00+00:00,2026-07-31T23:59:59+00:00,428,Ridge_a1.0_WF_WINDOW_5_69ab325fa7645e3a,69ab325fa7645e3a,86628e48989c4ddf,0.418,0.2,ACCEPT,2026-08-18T02:00:00+00:00,-1.0,True,TOUCH_HIT_SL,1,0.1675,1.2249,True,TOUCH_HIT_SL,0.54987,1.244339,0.549711,1.244339,0.947368,0.22488,0.636364,1.244339,0.434625,17.0,10.0,0.0,0.065492,1.0,0.0,0.0,0.0,1.0,0.677244,0.017861,0.441897,15.0,0.300417,1.297923,-0.299032,-0.309492,0.991072,0.467676,1.0
BTCUSD_19421_BULLISH_19405_19406,BTCUSD,LONG,1h,2026-08-18T13:00:00+00:00,2026-08-18T14:00:00+00:00,2026-08-19T05:00:00+00:00,64268.5,64008.0,260.5,0.407,64268.5,64008.0,64715.07,260.5,0.4053,86,bos,internal,WF_WINDOW_5,2026-01-01T00:00:00+00:00,2026-07-31T23:59:59+00:00,428,Ridge_a1.0_WF_WINDOW_5_69ab325fa7645e3a,69ab325fa7645e3a,86628e48989c4ddf,0.5717,0.2,ACCEPT,2026-08-19T12:00:00+00:00,1.7143,True,TOUCH_HIT_TP,7,2.6871,0.5029,True,TOUCH_HIT_TP,0.405662,1.252657,0.405331,1.252657,0.798464,0.220729,0.03071,1.252657,2.382694,16.0,15.0,2.0,0.252455,1.0,0.0,0.0,0.0,1.0,0.651054,0.002404,0.323841,14.0,0.233234,0.855942,-0.387029,-0.731958,1.26231,0.710533,1.0
ETHUSD_19422_BEARISH_19415_19418,ETHUSD,SHORT,1h,2026-08-18T23:00:00+00:00,2026-08-19T02:00:00+00:00,2026-08-19T06:00:00+00:00,1919.5,1912.1,7.4,0.387,1912.1,1919.5,1899.41,7.4,0.387,90,choch,internal,WF_WINDOW_5,2026-01-01T00:00:00+00:00,2026-07-31T23:59:59+00:00,428,Ridge_a1.0_WF_WINDOW_5_69ab325fa7645e3a,69ab325fa7645e3a,86628e48989c4ddf,-0.9279,0.2,REJECT,2026-08-19T07:00:00+00:00,-1.0,True,TOUCH_HIT_SL,1,0.0,1.1892,False,REJECTED_BY_AI,0.38604,0.887138,0.387009,0.887138,0.351351,0.662162,0.675676,0.887138,0.719301,7.0,4.0,3.0,0.575441,0.0,1.0,0.0,0.0,0.0,0.896964,0.059942,0.435152,8.0,0.260064,1.408632,0.214345,0.0,0.754251,0.865215,0.0
