Trade_Number,Asset,Direction,OB_Zone_Low,OB_Zone_High,OB_Width,Setup_Time_IST,Entry_Execution_Time_IST,Exit_Completion_Time_IST,Trade_Duration,Entry_Price,Stop_Loss_Price,Take_Profit_Price,Stop_Loss_Distance_Pct,Leverage,Actual_SL_Risk_Pct,TP_Target_Return_Pct,Outcome,Realized_R,Cumulative_Realized_R,Starting_Account_Balance_USD,Position_Notional_USD,Exchange_Fees_USD,Gross_PnL_USD,Net_PnL_USD,Ending_Account_Balance_USD,Trade_Narrative
1,SOLUSD,LONG,157.948,159.289,1.341,2024-06-11 04:30:00 IST,2024-06-11 04:36:24 IST,2024-06-11 06:47:29 IST,2h 11m 5s,158.9537,157.948,159.9075,0.6327,55.32,35.0,33.19,FILLED_SL,-1.0,-1.0,10.000000,553.157470,0.442526,-3.500000,-3.942526,6.057474,"Filled at 158.9537, consolidated for 2 bars, then reversed to breach distal SL at 157.9480."
2,SOLUSD,LONG,145.645,148.295,2.65,2024-06-14 00:30:00 IST,2024-06-14 01:36:13 IST,2024-06-14 07:45:21 IST,6h 9m 8s,147.6325,145.645,148.5183,1.3462,26.0,35.0,15.6,FILLED_TP,0.4457,-0.5543,6.057474,157.483276,0.125987,0.944900,0.818913,6.876387,Price expanded in trade direction to hit fixed +0.60% TP at 148.5183.
3,SOLUSD,LONG,130.418,132.906,2.488,2024-06-20 21:30:00 IST,2024-06-20 22:02:50 IST,2024-06-20 22:15:09 IST,0h 12m 19s,132.284,130.418,133.0777,1.4106,24.81,35.0,14.89,FILLED_TP,0.4254,-0.129,6.876387,170.617682,0.136494,1.023706,0.887212,7.763599,Price expanded in trade direction to hit fixed +0.60% TP at 133.0777.
4,SOLUSD,SHORT,134.25,135.785,1.535,2024-06-22 03:30:00 IST,2024-06-22 04:04:47 IST,2024-06-22 04:15:58 IST,0h 11m 11s,134.6337,135.785,133.8259,0.8551,40.93,35.0,24.56,FILLED_TP,0.7017,0.5727,7.763599,317.771863,0.254217,1.906631,1.652414,9.416013,Price expanded in trade direction to hit fixed +0.60% TP at 133.8259.
5,SOLUSD,LONG,133.208,134.335,1.127,2024-06-22 13:30:00 IST,2024-06-22 14:04:19 IST,2024-06-22 14:15:56 IST,0h 11m 37s,134.0532,133.208,134.8576,0.6305,55.51,35.0,33.31,FILLED_TP,0.9516,1.5243,9.416013,522.669608,0.418136,3.136018,2.717882,12.133895,Price expanded in trade direction to hit fixed +0.60% TP at 134.8576.
6,SOLUSD,LONG,133.11,134.265,1.155,2024-06-23 15:30:00 IST,2024-06-23 16:06:40 IST,2024-06-23 19:44:16 IST,3h 37m 36s,133.9762,133.11,134.7801,0.6466,54.13,35.0,32.48,FILLED_SL,-1.0,0.5243,12.133895,656.829779,0.525464,-4.246863,-4.772327,7.361568,"Filled at 133.9762, consolidated for 4 bars, then reversed to breach distal SL at 133.1100."
7,SOLUSD,LONG,146.918,148.3682,1.4502,2024-07-02 19:30:00 IST,2024-07-02 19:56:54 IST,2024-07-02 20:12:00 IST,0h 15m 6s,148.0057,146.918,148.8937,0.7349,47.63,35.0,28.58,FILLED_TP,0.8165,1.3408,7.361568,350.612573,0.280490,2.103675,1.823185,9.184753,Price expanded in trade direction to hit fixed +0.60% TP at 148.8937.
8,SOLUSD,SHORT,133.925,135.9,1.975,2024-07-05 20:30:00 IST,2024-07-05 21:06:33 IST,2024-07-05 21:17:20 IST,0h 10m 47s,134.4188,135.9,133.6122,1.102,31.76,35.0,19.06,FILLED_TP,0.5445,1.8852,9.184753,291.720547,0.233376,1.750323,1.516947,10.701700,Price expanded in trade direction to hit fixed +0.60% TP at 133.6122.
9,SOLUSD,SHORT,134.059,135.977,1.918,2024-07-06 08:30:00 IST,2024-07-06 09:03:02 IST,2024-07-06 09:14:51 IST,0h 11m 49s,134.5385,135.977,133.7313,1.0692,32.73,35.0,19.64,FILLED_TP,0.5612,2.4464,10.701700,350.314028,0.280251,2.101884,1.821633,12.523333,Price expanded in trade direction to hit fixed +0.60% TP at 133.7313.
10,SOLUSD,LONG,138.596,140.646,2.05,2024-07-11 08:30:00 IST,2024-07-11 09:00:28 IST,2024-07-11 09:13:30 IST,0h 13m 2s,140.1335,138.596,140.9743,1.0972,31.9,35.0,19.14,FILLED_TP,0.5469,2.9933,12.523333,399.498188,0.319599,2.396989,2.077391,14.600723,Price expanded in trade direction to hit fixed +0.60% TP at 140.9743.
11,SOLUSD,LONG,139.256,141.8,2.544,2024-07-11 19:30:00 IST,2024-07-11 19:54:00 IST,2024-07-11 20:10:11 IST,0h 16m 11s,141.164,139.256,142.011,1.3516,25.89,35.0,15.54,FILLED_TP,0.4439,3.4372,14.600723,378.083744,0.302467,2.268502,1.966035,16.566759,Price expanded in trade direction to hit fixed +0.60% TP at 142.0110.
12,SOLUSD,LONG,135.245,138.6,3.355,2024-07-11 20:30:00 IST,2024-07-11 21:57:26 IST,2024-07-11 22:12:22 IST,0h 14m 56s,137.7612,135.245,138.5878,1.8265,19.16,35.0,11.5,FILLED_TP,0.3285,3.7657,16.566759,317.452596,0.253962,1.904716,1.650754,18.217512,Price expanded in trade direction to hit fixed +0.60% TP at 138.5878.
13,SOLUSD,SHORT,161.626,163.603,1.977,2024-07-19 08:30:00 IST,2024-07-19 09:46:23 IST,2024-07-19 10:05:38 IST,0h 19m 15s,162.1202,163.603,161.1475,0.9146,38.27,35.0,22.96,FILLED_TP,0.656,4.4217,18.217512,697.150351,0.557720,4.182902,3.625182,21.842694,Price expanded in trade direction to hit fixed +0.60% TP at 161.1475.
14,SOLUSD,SHORT,169.3945,172.754,3.3595,2024-07-20 05:30:00 IST,2024-07-20 06:52:14 IST,2024-07-20 11:52:45 IST,5h 0m 31s,170.2344,172.754,169.213,1.4801,23.65,35.0,14.19,FILLED_TP,0.4054,4.8271,21.842694,516.518169,0.413215,3.099109,2.685894,24.528589,Price expanded in trade direction to hit fixed +0.60% TP at 169.2130.
15,SOLUSD,SHORT,173.962,175.634,1.672,2024-07-20 22:30:00 IST,2024-07-20 23:13:18 IST,2024-07-20 23:20:30 IST,0h 7m 12s,174.38,175.634,173.3337,0.7191,48.67,35.0,29.2,FILLED_TP,0.8344,5.6614,24.528589,1193.822452,0.955058,7.162935,6.207877,30.736465,Price expanded in trade direction to hit fixed +0.60% TP at 173.3337.
16,SOLUSD,SHORT,177.265,178.706,1.441,2024-07-24 16:30:00 IST,2024-07-24 16:36:03 IST,2024-07-24 17:58:04 IST,1h 22m 1s,177.6252,178.706,176.5595,0.6084,57.52,35.0,34.51,FILLED_TP,0.9861,6.6475,30.736465,1768.078027,1.414462,10.608468,9.194006,39.930471,Price expanded in trade direction to hit fixed +0.60% TP at 176.5595.
17,SOLUSD,LONG,179.166,183.09,3.924,2024-07-27 20:30:00 IST,2024-07-27 21:08:37 IST,2024-07-27 21:17:52 IST,0h 9m 15s,182.109,179.166,183.2017,1.6161,21.66,35.0,12.99,FILLED_TP,0.3713,7.0188,39.930471,864.795910,0.691837,5.188775,4.496939,44.427410,Price expanded in trade direction to hit fixed +0.60% TP at 183.2017.
18,SOLUSD,LONG,182.603,184.245,1.642,2024-07-30 02:30:00 IST,2024-07-30 03:01:59 IST,2024-07-30 03:14:52 IST,0h 12m 53s,183.8345,182.603,184.9375,0.6699,52.25,35.0,31.35,FILLED_TP,0.8957,7.9145,44.427410,2321.195081,1.856956,13.927170,12.070214,56.497624,Price expanded in trade direction to hit fixed +0.60% TP at 184.9375.
19,SOLUSD,SHORT,181.454,184.844,3.39,2024-07-31 06:30:00 IST,2024-07-31 11:49:50 IST,2024-07-31 17:50:27 IST,6h 0m 37s,182.3015,184.844,181.2077,1.3947,25.1,35.0,15.06,FILLED_TP,0.4302,8.3447,56.497624,1417.840938,1.134273,8.507046,7.372773,63.870397,Price expanded in trade direction to hit fixed +0.60% TP at 181.2077.
20,SOLUSD,SHORT,141.273,143.809,2.536,2024-08-06 10:30:00 IST,2024-08-06 10:48:58 IST,2024-08-06 11:07:19 IST,0h 18m 21s,141.907,143.809,141.0556,1.3403,26.11,35.0,15.67,FILLED_TP,0.4477,8.7923,63.870397,1667.865280,1.334292,10.007192,8.672899,72.543297,Price expanded in trade direction to hit fixed +0.60% TP at 141.0556.
21,SOLUSD,LONG,155.131,157.2,2.069,2024-08-09 09:30:00 IST,2024-08-09 10:06:20 IST,2024-08-09 10:16:44 IST,0h 10m 24s,156.6827,155.131,157.6228,0.9904,35.34,35.0,21.2,FILLED_TP,0.6058,9.3982,72.543297,2563.685598,2.050948,15.382114,13.331165,85.874462,Price expanded in trade direction to hit fixed +0.60% TP at 157.6228.
22,SOLUSD,LONG,151.597,154.347,2.75,2024-08-09 19:30:00 IST,2024-08-09 19:52:05 IST,2024-08-09 20:09:04 IST,0h 16m 59s,153.6595,151.597,154.5815,1.3423,26.08,35.0,15.65,FILLED_TP,0.447,9.8452,85.874462,2239.223953,1.791379,13.435344,11.643965,97.518426,Price expanded in trade direction to hit fixed +0.60% TP at 154.5815.
23,SOLUSD,LONG,153.577,155.265,1.688,2024-08-11 09:30:00 IST,2024-08-11 11:00:08 IST,2024-08-11 14:10:12 IST,3h 10m 4s,154.843,153.577,155.7721,0.8176,42.81,35.0,25.68,FILLED_TP,0.7339,10.579,97.518426,4174.578193,3.339663,25.047469,21.707807,119.226233,Price expanded in trade direction to hit fixed +0.60% TP at 155.7721.
24,SOLUSD,LONG,142.988,145.738,2.75,2024-08-14 06:30:00 IST,2024-08-14 06:55:25 IST,2024-08-14 07:10:43 IST,0h 15m 18s,145.0505,142.988,145.9208,1.4219,24.61,35.0,14.77,FILLED_TP,0.422,11.001,119.226233,2934.709647,2.347768,17.608258,15.260490,134.486723,Price expanded in trade direction to hit fixed +0.60% TP at 145.9208.
25,SOLUSD,SHORT,145.95,147.869,1.919,2024-08-14 14:30:00 IST,2024-08-14 15:09:22 IST,2024-08-14 16:04:55 IST,0h 55m 33s,146.4297,147.869,145.5512,0.9829,35.61,35.0,21.37,FILLED_SL,-1.0,10.001,134.486723,4788.952605,3.831162,-47.070353,-50.901515,83.585208,"Filled at 146.4297, consolidated for 1 bars, then reversed to breach distal SL at 147.8690."
26,SOLUSD,LONG,136.212,140.6,4.388,2024-08-15 23:30:00 IST,2024-08-16 00:04:02 IST,2024-08-16 00:15:55 IST,0h 11m 53s,139.503,136.212,140.34,2.3591,14.84,35.0,8.9,FILLED_TP,0.2543,10.2553,83.585208,1240.089803,0.992072,7.440539,6.448467,90.033675,Price expanded in trade direction to hit fixed +0.60% TP at 140.3400.
27,SOLUSD,LONG,140.187,141.72,1.533,2024-08-18 06:30:00 IST,2024-08-18 07:13:15 IST,2024-08-18 07:21:03 IST,0h 7m 48s,141.3367,140.187,142.1848,0.8135,43.02,35.0,25.81,FILLED_TP,0.7376,10.9929,90.033675,3873.688586,3.098951,23.242132,20.143181,110.176856,Price expanded in trade direction to hit fixed +0.60% TP at 142.1848.
28,SOLUSD,LONG,144.38,145.637,1.257,2024-08-19 02:30:00 IST,2024-08-19 03:04:14 IST,2024-08-19 03:16:02 IST,0h 11m 48s,145.3227,144.38,146.1947,0.6487,53.95,35.0,32.37,FILLED_TP,0.9249,11.9178,110.176856,5944.228347,4.755383,35.665370,30.909987,141.086843,Price expanded in trade direction to hit fixed +0.60% TP at 146.1947.
29,SOLUSD,LONG,140.647,141.658,1.011,2024-08-19 14:30:00 IST,2024-08-19 15:03:41 IST,2024-08-19 15:15:09 IST,0h 11m 28s,141.4052,140.647,142.2537,0.5362,65.27,35.0,39.16,FILLED_TP,1.1189,13.0367,141.086843,9208.898261,7.367119,55.253390,47.886271,188.973114,Price expanded in trade direction to hit fixed +0.60% TP at 142.2537.
30,SOLUSD,SHORT,142.138,143.589,1.451,2024-08-19 16:30:00 IST,2024-08-19 17:14:22 IST,2024-08-19 17:21:31 IST,0h 7m 9s,142.5008,143.589,141.6457,0.7637,45.83,35.0,27.5,FILLED_TP,0.7857,13.8224,188.973114,8660.770653,6.928617,51.964624,45.036007,234.009121,Price expanded in trade direction to hit fixed +0.60% TP at 141.6457.
31,SOLUSD,LONG,140.425,141.667,1.242,2024-08-21 16:30:00 IST,2024-08-21 17:10:59 IST,2024-08-21 17:19:05 IST,0h 8m 6s,141.3565,140.425,142.2046,0.659,53.11,35.0,31.87,FILLED_TP,0.9105,14.7329,234.009121,12428.930355,9.943144,74.573582,64.630438,298.639559,Price expanded in trade direction to hit fixed +0.60% TP at 142.2046.
32,SOLUSD,SHORT,142.656,143.813,1.157,2024-08-21 23:30:00 IST,2024-08-22 00:10:16 IST,2024-08-22 00:19:15 IST,0h 8m 59s,142.9452,143.813,142.0876,0.6071,57.66,35.0,34.59,FILLED_TP,0.9884,15.7213,298.639559,17218.308564,13.774647,103.309851,89.535205,388.174764,Price expanded in trade direction to hit fixed +0.60% TP at 142.0876.
33,SOLUSD,LONG,140.687,143.108,2.421,2024-08-22 18:30:00 IST,2024-08-22 19:12:48 IST,2024-08-22 19:20:31 IST,0h 7m 43s,142.5027,140.687,143.3578,1.2742,27.47,35.0,16.48,FILLED_TP,0.4709,16.1922,388.174764,10662.585686,8.530069,63.975514,55.445446,443.620209,Price expanded in trade direction to hit fixed +0.60% TP at 143.3578.
34,SOLUSD,LONG,142.117,143.578,1.461,2024-08-23 16:30:00 IST,2024-08-23 20:05:28 IST,2024-08-23 20:16:10 IST,0h 10m 42s,143.2127,142.117,144.072,0.7651,45.74,35.0,27.45,FILLED_TP,0.7842,16.9764,443.620209,20293.154957,16.234524,121.758930,105.524406,549.144615,Price expanded in trade direction to hit fixed +0.60% TP at 144.0720.
35,SOLUSD,SHORT,160.464,163.61,3.146,2024-08-25 04:30:00 IST,2024-08-26 03:08:05 IST,2024-08-26 03:17:38 IST,0h 9m 33s,161.2505,163.61,160.283,1.4633,23.92,35.0,14.35,FILLED_TP,0.41,17.3864,549.144615,13135.174958,10.508140,78.811050,68.302910,617.447525,Price expanded in trade direction to hit fixed +0.60% TP at 160.2830.
36,SOLUSD,LONG,158.463,159.532,1.069,2024-08-26 17:30:00 IST,2024-08-26 18:02:14 IST,2024-08-26 18:14:18 IST,0h 12m 4s,159.2647,158.463,160.2203,0.5034,69.53,35.0,41.72,FILLED_TP,1.1919,18.5783,617.447525,42928.804476,34.343044,257.572827,223.229783,840.677308,Price expanded in trade direction to hit fixed +0.60% TP at 160.2203.
37,SOLUSD,LONG,155.373,157.7931,2.4201,2024-08-26 19:30:00 IST,2024-08-26 20:04:01 IST,2024-08-26 20:15:33 IST,0h 11m 32s,157.1881,155.373,158.1312,1.1547,30.31,35.0,18.19,FILLED_TP,0.5196,19.0979,840.677308,25481.347446,20.385078,152.888085,132.503007,973.180315,Price expanded in trade direction to hit fixed +0.60% TP at 158.1312.
38,SOLUSD,LONG,156.46,159.415,2.955,2024-08-27 11:30:00 IST,2024-08-27 11:51:21 IST,2024-08-27 14:44:08 IST,2h 52m 47s,158.6762,156.46,159.6283,1.3967,25.06,35.0,15.04,FILLED_SL,-1.0,18.0979,973.180315,24386.784445,19.509428,-340.613110,-360.122538,613.057777,"Filled at 158.6762, consolidated for 3 bars, then reversed to breach distal SL at 156.4600."
39,SOLUSD,SHORT,147.248,149.331,2.083,2024-08-28 14:30:00 IST,2024-08-28 15:10:44 IST,2024-08-28 15:19:15 IST,0h 8m 31s,147.7687,149.331,146.8821,1.0572,33.11,35.0,19.86,FILLED_TP,0.5675,18.6654,613.057777,20295.582326,16.236466,121.773494,105.537028,718.594805,Price expanded in trade direction to hit fixed +0.60% TP at 146.8821.
40,SOLUSD,LONG,138.877,141.6,2.723,2024-08-29 23:30:00 IST,2024-08-30 00:02:42 IST,2024-08-30 00:14:33 IST,0h 11m 51s,140.9193,138.877,141.7648,1.4492,24.15,35.0,14.49,FILLED_TP,0.414,19.0794,718.594805,17354.557155,13.883646,104.127343,90.243697,808.838502,Price expanded in trade direction to hit fixed +0.60% TP at 141.7648.
41,SOLUSD,SHORT,139.886,141.18,1.294,2024-08-30 17:30:00 IST,2024-08-30 18:04:12 IST,2024-08-30 18:15:53 IST,0h 11m 41s,140.2095,141.18,139.3682,0.6922,50.56,35.0,30.34,FILLED_TP,0.8668,19.9463,808.838502,40898.912623,32.719130,245.393476,212.674346,1021.512848,Price expanded in trade direction to hit fixed +0.60% TP at 139.3682.
42,SOLUSD,LONG,126.855,130.426,3.571,2024-09-02 08:30:00 IST,2024-09-02 08:36:32 IST,2024-09-02 09:00:34 IST,0h 24m 2s,129.5332,126.855,130.3104,2.0676,16.93,35.0,10.16,FILLED_TP,0.2902,20.2365,1021.512848,17291.872563,13.833498,103.751235,89.917737,1111.430585,Price expanded in trade direction to hit fixed +0.60% TP at 130.3104.
43,SOLUSD,SHORT,134.573,136.157,1.584,2024-09-03 01:30:00 IST,2024-09-03 02:13:06 IST,2024-09-03 02:20:21 IST,0h 7m 15s,134.969,136.157,134.1592,0.8802,39.76,35.0,23.86,FILLED_TP,0.6817,20.9181,1111.430585,44194.474862,35.355580,265.166849,229.811269,1341.241855,Price expanded in trade direction to hit fixed +0.60% TP at 134.1592.
44,SOLUSD,SHORT,133.482,134.674,1.192,2024-09-05 09:30:00 IST,2024-09-05 10:07:04 IST,2024-09-05 10:17:18 IST,0h 10m 14s,133.78,134.674,132.9773,0.6683,52.37,35.0,31.42,FILLED_TP,0.8979,21.816,1341.241855,70247.167069,56.197734,421.483002,365.285269,1706.527123,Price expanded in trade direction to hit fixed +0.60% TP at 132.9773.
45,SOLUSD,SHORT,133.283,134.923,1.64,2024-09-06 17:30:00 IST,2024-09-06 18:10:38 IST,2024-09-06 18:19:07 IST,0h 8m 29s,133.693,134.923,132.8908,0.92,38.04,35.0,22.83,FILLED_TP,0.6522,22.4681,1706.527123,64920.939632,51.936752,389.525638,337.588886,2044.116009,Price expanded in trade direction to hit fixed +0.60% TP at 132.8908.
46,SOLUSD,LONG,127.51,130.132,2.622,2024-09-06 19:30:00 IST,2024-09-06 19:57:00 IST,2024-09-06 20:11:44 IST,0h 14m 44s,129.4765,127.51,130.2534,1.5188,23.04,35.0,13.83,FILLED_TP,0.395,22.8632,2044.116009,47105.387885,37.684310,282.632327,244.948017,2289.064026,Price expanded in trade direction to hit fixed +0.60% TP at 130.2534.
47,SOLUSD,SHORT,129.461,131.103,1.642,2024-09-08 12:30:00 IST,2024-09-08 13:07:59 IST,2024-09-08 13:18:05 IST,0h 10m 6s,129.8715,131.103,129.0923,0.9482,36.91,35.0,22.15,FILLED_TP,0.6327,23.4959,2289.064026,84490.022371,67.592018,506.940134,439.348116,2728.412143,Price expanded in trade direction to hit fixed +0.60% TP at 129.0923.
48,SOLUSD,LONG,126.47,127.861,1.391,2024-09-08 19:30:00 IST,2024-09-08 20:44:26 IST,2024-09-08 22:05:24 IST,1h 20m 58s,127.5132,126.47,128.2783,0.8182,42.78,35.0,25.67,FILLED_TP,0.7334,24.2293,2728.412143,116719.908828,93.375927,700.319453,606.943526,3335.355669,Price expanded in trade direction to hit fixed +0.60% TP at 128.2783.
49,SOLUSD,SHORT,132.983,134.952,1.969,2024-09-09 23:30:00 IST,2024-09-10 00:10:24 IST,2024-09-10 00:19:23 IST,0h 8m 59s,133.4753,134.952,132.6744,1.1064,31.63,35.0,18.98,FILLED_TP,0.5423,24.7716,3335.355669,105512.511327,84.410009,633.075068,548.665059,3884.020728,Price expanded in trade direction to hit fixed +0.60% TP at 132.6744.
50,SOLUSD,LONG,133.4,135.463,2.063,2024-09-13 05:30:00 IST,2024-09-13 06:53:54 IST,2024-09-13 15:40:36 IST,8h 46m 42s,134.9472,133.4,135.7569,1.1466,30.53,35.0,18.32,FILLED_SL,-1.0,23.7716,3884.020728,118564.078622,94.851263,-1359.407255,-1454.258518,2429.762210,"Filled at 134.9472, consolidated for 9 bars, then reversed to breach distal SL at 133.4000."
51,SOLUSD,LONG,131.692,132.885,1.193,2024-09-13 16:30:00 IST,2024-09-13 17:12:24 IST,2024-09-13 17:20:10 IST,0h 7m 46s,132.5867,131.692,133.3823,0.6748,51.86,35.0,31.12,FILLED_TP,0.8891,24.6607,2429.762210,126017.318968,100.813855,756.103914,655.290059,3085.052269,Price expanded in trade direction to hit fixed +0.60% TP at 133.3823.
52,SOLUSD,SHORT,136.054,138.008,1.954,2024-09-13 20:30:00 IST,2024-09-13 21:12:19 IST,2024-09-13 21:20:16 IST,0h 7m 57s,136.5425,138.008,135.7232,1.0733,32.61,35.0,19.57,FILLED_TP,0.559,25.2197,3085.052269,100603.386072,80.482709,603.620316,523.137608,3608.189876,Price expanded in trade direction to hit fixed +0.60% TP at 135.7232.
53,SOLUSD,SHORT,137.946,139.245,1.299,2024-09-14 00:30:00 IST,2024-09-14 01:50:02 IST,2024-09-14 02:54:12 IST,1h 4m 10s,138.2707,139.245,137.4411,0.7046,49.67,35.0,29.8,FILLED_SL,-1.0,24.2197,3608.189876,179232.735044,143.386188,-1262.866457,-1406.252645,2201.937232,"Filled at 138.2707, consolidated for 1 bars, then reversed to breach distal SL at 139.2450."
54,SOLUSD,LONG,129.947,132.39,2.443,2024-09-17 11:30:00 IST,2024-09-17 15:10:37 IST,2024-09-17 15:19:20 IST,0h 8m 43s,131.7792,129.947,132.5699,1.3904,25.17,35.0,15.1,FILLED_TP,0.4315,24.6513,2201.937232,55428.774961,44.343020,332.572650,288.229630,2490.166861,Price expanded in trade direction to hit fixed +0.60% TP at 132.5699.
55,SOLUSD,LONG,147.192,148.1,0.908,2024-09-22 06:30:00 IST,2024-09-22 07:11:02 IST,2024-09-22 07:19:33 IST,0h 8m 31s,147.873,147.192,148.7602,0.4605,76.0,35.0,45.6,FILLED_TP,1.3028,25.9541,2490.166861,189251.035977,151.400829,1135.506216,984.105387,3474.272248,Price expanded in trade direction to hit fixed +0.60% TP at 148.7602.
56,SOLUSD,LONG,144.676,146.193,1.517,2024-09-22 14:30:00 IST,2024-09-22 14:59:28 IST,2024-09-22 15:13:29 IST,0h 14m 1s,145.8137,144.676,146.6886,0.7803,44.86,35.0,26.91,FILLED_TP,0.769,26.7231,3474.272248,155841.646031,124.673317,935.049876,810.376559,4284.648808,Price expanded in trade direction to hit fixed +0.60% TP at 146.6886.
57,SOLUSD,SHORT,150.322,153.019,2.697,2024-09-26 11:30:00 IST,2024-09-26 12:05:43 IST,2024-09-26 12:16:35 IST,0h 10m 52s,150.9963,153.019,150.0903,1.3396,26.13,35.0,15.68,FILLED_TP,0.4479,27.1709,4284.648808,111945.651163,89.556521,671.673907,582.117386,4866.766194,Price expanded in trade direction to hit fixed +0.60% TP at 150.0903.
58,SOLUSD,LONG,153.95,156.258,2.308,2024-09-27 15:30:00 IST,2024-09-27 18:03:23 IST,2024-09-27 18:14:56 IST,0h 11m 33s,155.681,153.95,156.6151,1.1119,31.48,35.0,18.89,FILLED_TP,0.5396,27.7106,4866.766194,153195.875065,122.556700,919.175250,796.618550,5663.384744,Price expanded in trade direction to hit fixed +0.60% TP at 156.6151.
59,SOLUSD,LONG,155.618,156.661,1.043,2024-09-29 10:30:00 IST,2024-09-29 11:08:56 IST,2024-09-29 11:18:26 IST,0h 9m 30s,156.4002,155.618,157.3387,0.5002,69.98,35.0,41.99,FILLED_TP,1.1996,28.9102,5663.384744,396310.867934,317.048694,2377.865208,2060.816513,7724.201257,Price expanded in trade direction to hit fixed +0.60% TP at 157.3387.
60,SOLUSD,SHORT,157.696,158.531,0.835,2024-09-29 22:30:00 IST,2024-09-29 23:00:30 IST,2024-09-30 00:44:23 IST,1h 43m 53s,157.9048,158.531,156.9573,0.3966,88.25,35.0,52.95,FILLED_SL,-1.0,27.9102,7724.201257,681661.994372,545.329595,-2703.470440,-3248.800036,4475.401222,"Filled at 157.9048, consolidated for 2 bars, then reversed to breach distal SL at 158.5310."
61,SOLUSD,SHORT,155.876,157.428,1.552,2024-10-01 11:30:00 IST,2024-10-01 11:52:58 IST,2024-10-01 18:42:35 IST,6h 49m 37s,156.264,157.428,155.3264,0.7449,46.99,35.0,28.19,FILLED_TP,0.8055,28.7157,4475.401222,210283.877821,168.227102,1261.703267,1093.476165,5568.877386,Price expanded in trade direction to hit fixed +0.60% TP at 155.3264.
62,SOLUSD,SHORT,141.683,142.861,1.178,2024-10-04 17:30:00 IST,2024-10-04 18:08:32 IST,2024-10-04 18:18:12 IST,0h 9m 40s,141.9775,142.861,141.1256,0.6223,56.24,35.0,33.75,FILLED_TP,0.9642,29.6799,5568.877386,313219.412789,250.575530,1879.316477,1628.740947,7197.618333,Price expanded in trade direction to hit fixed +0.60% TP at 141.1256.
63,SOLUSD,LONG,141.586,142.762,1.176,2024-10-05 21:30:00 IST,2024-10-05 21:56:24 IST,2024-10-06 01:49:48 IST,3h 53m 24s,142.468,141.586,143.3228,0.6191,56.53,35.0,33.92,FILLED_SL,-1.0,28.6799,7197.618333,406916.781216,325.533425,-2519.166417,-2844.699842,4352.918491,"Filled at 142.4680, consolidated for 4 bars, then reversed to breach distal SL at 141.5860."
64,SOLUSD,LONG,144.328,145.96,1.632,2024-10-07 23:30:00 IST,2024-10-08 00:13:31 IST,2024-10-08 00:20:46 IST,0h 7m 15s,145.552,144.328,146.4253,0.8409,41.62,35.0,24.97,FILLED_TP,0.7135,29.3934,4352.918491,181169.605633,144.935685,1087.017634,942.081949,5295.000441,Price expanded in trade direction to hit fixed +0.60% TP at 146.4253.
65,SOLUSD,LONG,142.089,143.109,1.02,2024-10-08 12:30:00 IST,2024-10-08 12:59:45 IST,2024-10-08 13:13:10 IST,0h 13m 25s,142.854,142.089,143.7111,0.5355,65.36,35.0,39.21,FILLED_TP,1.1204,30.5138,5295.000441,346070.846455,276.856677,2076.425079,1799.568402,7094.568842,Price expanded in trade direction to hit fixed +0.60% TP at 143.7111.
66,SOLUSD,SHORT,139.506,140.815,1.309,2024-10-11 06:30:00 IST,2024-10-11 06:52:06 IST,2024-10-11 07:09:21 IST,0h 17m 15s,139.8332,140.815,138.9943,0.7021,49.85,35.0,29.91,FILLED_TP,0.8546,31.3684,7094.568842,353674.373822,282.939499,2122.046243,1839.106744,8933.675586,Price expanded in trade direction to hit fixed +0.60% TP at 138.9943.
67,SOLUSD,LONG,144.746,145.234,0.488,2024-10-13 08:30:00 IST,2024-10-13 20:44:48 IST,2024-10-13 21:05:11 IST,0h 20m 23s,145.112,144.746,145.9827,0.2522,100.0,25.22,60.0,FILLED_SL,-1.0,30.3684,8933.675586,893367.558620,714.694047,-2253.242505,-2967.936552,5965.739034,Instant penetration blowthrough. Filled limit at 145.1120 and pierced distal SL at 144.7460 in same candle.
68,SOLUSD,SHORT,154.2,155.701,1.501,2024-10-18 19:30:00 IST,2024-10-18 20:07:15 IST,2024-10-18 20:17:22 IST,0h 10m 7s,154.5752,155.701,153.6478,0.7283,48.06,35.0,28.83,FILLED_TP,0.8239,31.1922,5965.739034,286701.719659,229.361376,1720.210318,1490.848942,7456.587976,Price expanded in trade direction to hit fixed +0.60% TP at 153.6478.
69,SOLUSD,SHORT,159.867,161.74,1.873,2024-10-21 00:30:00 IST,2024-10-21 00:36:44 IST,2024-10-21 01:50:13 IST,1h 13m 29s,160.3353,161.74,159.3732,0.8761,39.95,35.0,23.97,FILLED_SL,-1.0,30.1922,7456.587976,297877.817441,238.302254,-2609.805792,-2848.108046,4608.479930,"Filled at 160.3353, consolidated for 1 bars, then reversed to breach distal SL at 161.7400."
70,SOLUSD,LONG,165.39,167.318,1.928,2024-10-22 12:30:00 IST,2024-10-22 13:41:42 IST,2024-10-22 14:03:23 IST,0h 21m 41s,166.836,165.39,167.837,0.8667,40.38,35.0,24.23,FILLED_SL,-1.0,29.1922,4608.479930,186100.363201,148.880291,-1612.967976,-1761.848266,2846.631664,Instant penetration blowthrough. Filled limit at 166.8360 and pierced distal SL at 165.3900 in same candle.
71,SOLUSD,LONG,170.1,172.059,1.959,2024-10-24 13:30:00 IST,2024-10-24 14:55:23 IST,2024-10-24 15:10:55 IST,0h 15m 32s,171.5693,170.1,172.5987,0.8564,40.87,35.0,24.52,FILLED_TP,0.7006,29.8929,2846.631664,116343.754216,93.075003,698.062525,604.987522,3451.619186,Price expanded in trade direction to hit fixed +0.60% TP at 172.5987.
72,SOLUSD,LONG,171.1,172.609,1.509,2024-10-25 12:30:00 IST,2024-10-25 13:01:21 IST,2024-10-25 13:13:49 IST,0h 12m 28s,172.2318,171.1,173.2651,0.6571,53.26,35.0,31.96,FILLED_TP,0.9131,30.806,3451.619186,183845.764938,147.076612,1103.074590,955.997978,4407.617164,Price expanded in trade direction to hit fixed +0.60% TP at 173.2651.
73,SOLUSD,LONG,173.14,175.15,2.01,2024-10-30 23:30:00 IST,2024-10-30 23:47:29 IST,2024-10-31 00:06:29 IST,0h 19m 0s,174.6475,173.14,175.6954,0.8632,40.55,35.0,24.33,FILLED_TP,0.6951,31.5011,4407.617164,178721.566513,142.977253,1072.329399,929.352146,5336.969310,Price expanded in trade direction to hit fixed +0.60% TP at 175.6954.
74,SOLUSD,SHORT,166.41,167.73,1.32,2024-11-03 01:30:00 IST,2024-11-03 02:13:47 IST,2024-11-03 02:20:51 IST,0h 7m 4s,166.74,167.73,165.7396,0.5937,58.95,35.0,35.37,FILLED_TP,1.0105,32.5116,5336.969310,314606.254491,251.685004,1887.637527,1635.952523,6972.921833,Price expanded in trade direction to hit fixed +0.60% TP at 165.7396.
75,SOLUSD,SHORT,163.351,164.76,1.409,2024-11-04 07:30:00 IST,2024-11-04 07:52:03 IST,2024-11-04 08:09:07 IST,0h 17m 4s,163.7032,164.76,162.721,0.6455,54.22,35.0,32.53,FILLED_TP,0.9295,33.4411,6972.921833,378066.229595,302.452984,2268.397378,1965.944394,8938.866227,Price expanded in trade direction to hit fixed +0.60% TP at 162.7210.
76,SOLUSD,SHORT,163.2824,164.914,1.6316,2024-11-05 17:30:00 IST,2024-11-05 18:05:20 IST,2024-11-05 18:16:24 IST,0h 11m 4s,163.6903,164.914,162.7082,0.7476,46.82,35.0,28.09,FILLED_TP,0.8026,34.2437,8938.866227,418502.895337,334.802316,2511.017372,2176.215056,11115.081283,Price expanded in trade direction to hit fixed +0.60% TP at 162.7082.
77,SOLUSD,LONG,184.359,187.873,3.514,2024-11-07 04:30:00 IST,2024-11-07 05:09:32 IST,2024-11-07 05:18:19 IST,0h 8m 47s,186.9945,184.359,188.1165,1.4094,24.83,35.0,14.9,FILLED_TP,0.4257,34.6694,11115.081283,276023.780468,220.819024,1656.142683,1435.323658,12550.404941,Price expanded in trade direction to hit fixed +0.60% TP at 188.1165.
78,SOLUSD,LONG,194.208,196.385,2.177,2024-11-08 07:30:00 IST,2024-11-08 08:13:05 IST,2024-11-08 08:20:51 IST,0h 7m 46s,195.8407,194.208,197.0158,0.8337,41.98,35.0,25.19,FILLED_TP,0.7197,35.3891,12550.404941,526876.895280,421.501516,3161.261372,2739.759855,15290.164797,Price expanded in trade direction to hit fixed +0.60% TP at 197.0158.
79,SOLUSD,LONG,195.72,198.599,2.879,2024-11-08 21:30:00 IST,2024-11-08 22:05:55 IST,2024-11-08 22:16:34 IST,0h 10m 39s,197.8792,195.72,199.0665,1.0912,32.07,35.0,19.24,FILLED_TP,0.5499,35.9389,15290.164797,490430.575346,392.344460,2942.583452,2550.238992,17840.403788,Price expanded in trade direction to hit fixed +0.60% TP at 199.0665.
80,SOLUSD,LONG,197.169,199.15,1.981,2024-11-09 19:30:00 IST,2024-11-09 19:53:18 IST,2024-11-09 21:56:40 IST,2h 3m 22s,198.6548,197.169,199.8467,0.7479,46.8,35.0,28.08,FILLED_SL,-1.0,34.9389,17840.403788,834883.617075,667.906894,-6244.141326,-6912.048220,10928.355569,"Filled at 198.6548, consolidated for 2 bars, then reversed to breach distal SL at 197.1690."
81,SOLUSD,LONG,215.71,220.013,4.303,2024-11-12 14:30:00 IST,2024-11-12 15:00:57 IST,2024-11-12 15:13:54 IST,0h 12m 57s,218.9373,215.71,220.2509,1.4741,23.74,35.0,14.25,FILLED_TP,0.407,35.346,10928.355569,259483.597595,207.586878,1556.901586,1349.314707,12277.670276,Price expanded in trade direction to hit fixed +0.60% TP at 220.2509.
82,SOLUSD,SHORT,212.361,215.644,3.283,2024-11-13 18:30:00 IST,2024-11-13 19:03:40 IST,2024-11-13 19:15:44 IST,0h 12m 4s,213.1817,215.644,211.9027,1.155,30.3,35.0,18.18,FILLED_TP,0.5195,35.8655,12277.670276,372050.495441,297.640396,2232.302973,1934.662576,14212.332853,Price expanded in trade direction to hit fixed +0.60% TP at 211.9027.
83,SOLUSD,SHORT,220.959,225.3328,4.3738,2024-11-14 14:30:00 IST,2024-11-14 15:03:02 IST,2024-11-14 15:15:05 IST,0h 12m 3s,222.0524,225.3328,220.7201,1.4773,23.69,35.0,14.22,FILLED_TP,0.4062,36.2716,14212.332853,336719.912676,269.375930,2020.319476,1750.943546,15963.276399,Price expanded in trade direction to hit fixed +0.60% TP at 220.7201.
84,SOLUSD,LONG,206.48,211.831,5.351,2024-11-14 19:30:00 IST,2024-11-14 20:36:45 IST,2024-11-14 21:00:41 IST,0h 23m 56s,210.4932,206.48,211.7562,1.9066,18.36,35.0,11.01,FILLED_TP,0.3147,36.5863,15963.276399,293043.462386,234.434770,1758.260774,1523.826004,17487.102403,Price expanded in trade direction to hit fixed +0.60% TP at 211.7562.
85,SOLUSD,SHORT,214.544,217.171,2.627,2024-11-15 18:30:00 IST,2024-11-15 19:57:01 IST,2024-11-15 20:11:40 IST,0h 14m 39s,215.2007,217.171,213.9095,0.9155,38.23,35.0,22.94,FILLED_TP,0.6554,37.2417,17487.102403,668510.667860,534.808534,4011.064007,3476.255473,20963.357876,Price expanded in trade direction to hit fixed +0.60% TP at 213.9095.
86,SOLUSD,LONG,252.659,257.47,4.811,2024-11-22 15:30:00 IST,2024-11-22 18:56:16 IST,2024-11-22 19:11:40 IST,0h 15m 24s,256.2672,252.659,257.8049,1.408,24.86,35.0,14.91,FILLED_TP,0.4261,37.6678,20963.357876,521105.168921,416.884135,3126.631014,2709.746878,23673.104754,Price expanded in trade direction to hit fixed +0.60% TP at 257.8049.
87,SOLUSD,LONG,253.46,256.78,3.32,2024-11-23 16:30:00 IST,2024-11-23 22:06:44 IST,2024-11-23 22:16:53 IST,0h 10m 9s,255.95,253.46,257.4857,0.9728,35.98,35.0,21.59,FILLED_TP,0.6167,38.2845,23673.104754,851685.103069,681.348082,5110.110618,4428.762536,28101.867290,Price expanded in trade direction to hit fixed +0.60% TP at 257.4857.
88,SOLUSD,LONG,245.87,251.53,5.66,2024-11-25 17:30:00 IST,2024-11-25 18:45:05 IST,2024-11-25 19:04:57 IST,0h 19m 52s,250.115,245.87,251.6157,1.6972,20.62,35.0,12.37,FILLED_TP,0.3535,38.6381,28101.867290,579515.780458,463.612624,3477.094683,3013.482058,31115.349349,Price expanded in trade direction to hit fixed +0.60% TP at 251.6157.
89,SOLUSD,LONG,223.5,230.35,6.85,2024-11-27 09:30:00 IST,2024-11-27 10:58:07 IST,2024-11-27 11:12:06 IST,0h 13m 59s,228.6375,223.5,230.0093,2.247,15.58,35.0,9.35,FILLED_TP,0.267,38.9051,31115.349349,484661.311987,387.729050,2907.967872,2520.238822,33635.588171,Price expanded in trade direction to hit fixed +0.60% TP at 230.0093.
90,SOLUSD,SHORT,237.79,239.72,1.93,2024-11-27 18:30:00 IST,2024-11-27 19:43:21 IST,2024-11-27 20:04:25 IST,0h 21m 4s,238.2725,239.72,236.8429,0.6075,57.61,35.0,34.57,FILLED_SL,-1.0,37.9051,33635.588171,1.937860e+06,1550.288077,-11772.455860,-13322.743937,20312.844234,Dual-touch ambiguous 1H candle. Both TP and SL touched; resolved to SL conservatively.
91,SOLUSD,LONG,237.6255,241.63,4.0045,2024-11-29 22:30:00 IST,2024-11-29 23:08:03 IST,2024-11-29 23:18:10 IST,0h 10m 7s,240.6289,237.6255,242.0726,1.2481,28.04,35.0,16.83,FILLED_TP,0.4807,38.3858,20312.844234,569609.156250,455.687325,3417.654938,2961.967613,23274.811847,Price expanded in trade direction to hit fixed +0.60% TP at 242.0726.
92,SOLUSD,SHORT,226.569,231.1,4.531,2024-12-03 23:30:00 IST,2024-12-04 00:14:17 IST,2024-12-04 00:21:37 IST,0h 7m 20s,227.7018,231.1,226.3355,1.4924,23.45,35.0,14.07,FILLED_TP,0.402,38.7878,23274.811847,545839.884044,436.671907,3275.039304,2838.367397,26113.179244,Price expanded in trade direction to hit fixed +0.60% TP at 226.3355.
93,SOLUSD,LONG,231.67,235.74,4.07,2024-12-06 00:30:00 IST,2024-12-06 00:53:49 IST,2024-12-06 01:10:12 IST,0h 16m 23s,234.7225,231.67,236.1308,1.3005,26.91,35.0,16.15,FILLED_TP,0.4614,39.2492,26113.179244,702792.055781,562.233645,4216.752335,3654.518690,29767.697934,Price expanded in trade direction to hit fixed +0.60% TP at 236.1308.
94,SOLUSD,SHORT,240.8,243.321,2.521,2024-12-08 07:30:00 IST,2024-12-08 08:11:15 IST,2024-12-08 08:19:27 IST,0h 8m 12s,241.4303,243.321,239.9817,0.7831,44.69,35.0,26.81,FILLED_TP,0.7661,40.0153,29767.697934,1.330365e+06,1064.292144,7982.191080,6917.898936,36685.596869,Price expanded in trade direction to hit fixed +0.60% TP at 239.9817.
95,SOLUSD,SHORT,215.58,218.69,3.11,2024-12-11 07:30:00 IST,2024-12-11 08:09:41 IST,2024-12-11 08:19:03 IST,0h 9m 22s,216.3575,218.69,215.0594,1.0781,32.47,35.0,19.48,FILLED_TP,0.5565,40.5719,36685.596869,1.191006e+06,952.804770,7146.035778,6193.231007,42878.827877,Price expanded in trade direction to hit fixed +0.60% TP at 215.0594.
96,SOLUSD,LONG,225.689,227.82,2.131,2024-12-13 00:30:00 IST,2024-12-13 01:08:32 IST,2024-12-13 01:17:49 IST,0h 9m 17s,227.2873,225.689,228.651,0.7032,49.77,35.0,29.86,FILLED_TP,0.8533,41.4251,42878.827877,2.134230e+06,1707.384354,12805.382656,11097.998302,53976.826179,Price expanded in trade direction to hit fixed +0.60% TP at 228.6510.
97,SOLUSD,SHORT,225.52,227.1729,1.6529,2024-12-14 06:30:00 IST,2024-12-14 06:56:25 IST,2024-12-14 12:00:41 IST,5h 4m 16s,225.9332,227.1729,224.5776,0.5487,63.79,35.0,38.27,FILLED_SL,-1.0,40.4251,53976.826179,3.443084e+06,2754.467385,-18891.889163,-21646.356548,32330.469631,"Filled at 225.9332, consolidated for 5 bars, then reversed to breach distal SL at 227.1729."
98,SOLUSD,LONG,215.5873,218.6878,3.1005,2024-12-16 02:30:00 IST,2024-12-16 02:59:51 IST,2024-12-16 03:13:05 IST,0h 13m 14s,217.9127,215.5873,219.2202,1.0671,32.8,35.0,19.68,FILLED_TP,0.5623,40.9874,32330.469631,1.060400e+06,848.319671,6362.397529,5514.077859,37844.547490,Price expanded in trade direction to hit fixed +0.60% TP at 219.2202.
99,SOLUSD,SHORT,193.869,199.55,5.681,2024-12-21 04:30:00 IST,2024-12-21 06:56:28 IST,2024-12-21 07:11:23 IST,0h 14m 55s,195.2893,199.55,194.1175,2.1818,16.04,35.0,9.63,FILLED_TP,0.275,41.2624,37844.547490,607104.771119,485.683817,3642.628627,3156.944810,41001.492299,Price expanded in trade direction to hit fixed +0.60% TP at 194.1175.
100,SOLUSD,LONG,177.8,180.74,2.94,2024-12-22 19:30:00 IST,2024-12-22 20:07:03 IST,2024-12-22 20:17:14 IST,0h 10m 11s,180.005,177.8,181.085,1.225,28.57,35.0,17.14,FILLED_TP,0.4898,41.7522,41001.492299,1.171504e+06,937.203000,7029.022497,6091.819497,47093.311796,Price expanded in trade direction to hit fixed +0.60% TP at 181.0850.
101,SOLUSD,LONG,193.25,195.411,2.161,2024-12-26 09:30:00 IST,2024-12-26 10:08:53 IST,2024-12-26 10:18:25 IST,0h 9m 32s,194.8707,193.25,196.04,0.8317,42.08,35.0,25.25,FILLED_TP,0.7214,42.4736,47093.311796,1.981791e+06,1585.432989,11890.747418,10305.314429,57398.626226,Price expanded in trade direction to hit fixed +0.60% TP at 196.0400.
102,SOLUSD,LONG,180.669,185.62,4.951,2024-12-28 02:30:00 IST,2024-12-28 03:45:47 IST,2024-12-28 04:05:22 IST,0h 19m 35s,184.3822,180.669,185.4885,2.0139,17.38,35.0,10.43,FILLED_TP,0.2979,42.7716,57398.626226,997549.517983,798.039614,5985.297108,5187.257494,62585.883719,Price expanded in trade direction to hit fixed +0.60% TP at 185.4885.
103,SOLUSD,LONG,192.348,194.201,1.853,2024-12-29 19:30:00 IST,2024-12-29 20:03:49 IST,2024-12-29 20:15:13 IST,0h 11m 24s,193.7378,192.348,194.9002,0.7173,48.79,35.0,29.27,FILLED_TP,0.8364,43.608,62585.883719,3.053669e+06,2442.935436,18322.015770,15879.080334,78464.964053,Price expanded in trade direction to hit fixed +0.60% TP at 194.9002.
104,SOLUSD,SHORT,192.83,197.6,4.77,2024-12-30 06:30:00 IST,2024-12-30 07:08:43 IST,2024-12-30 07:18:16 IST,0h 9m 33s,194.0225,197.6,192.8584,1.8439,18.98,35.0,11.39,FILLED_TP,0.3254,43.9334,78464.964053,1.489417e+06,1191.533522,8936.501419,7744.967896,86209.931949,Price expanded in trade direction to hit fixed +0.60% TP at 192.8584.
105,SOLUSD,SHORT,192.79,194.76,1.97,2024-12-30 23:30:00 IST,2024-12-30 23:55:27 IST,2024-12-31 00:11:08 IST,0h 15m 41s,193.2825,194.76,192.1228,0.7644,45.79,35.0,27.47,FILLED_SL,-1.0,42.9334,86209.931949,3.947211e+06,3157.769156,-30173.476182,-33331.245338,52878.686611,Dual-touch ambiguous 1H candle. Both TP and SL touched; resolved to SL conservatively.
106,SOLUSD,LONG,187.9436,189.48,1.5364,2025-01-01 04:30:00 IST,2025-01-01 05:14:01 IST,2025-01-01 05:21:18 IST,0h 7m 17s,189.0959,187.9436,190.2305,0.6094,57.44,35.0,34.46,FILLED_TP,0.9846,43.918,52878.686611,3.037143e+06,2429.714479,18222.858591,15793.144112,68671.830723,Price expanded in trade direction to hit fixed +0.60% TP at 190.2305.
107,SOLUSD,SHORT,216.12,218.03,1.91,2025-01-04 16:30:00 IST,2025-01-04 17:14:00 IST,2025-01-04 17:21:04 IST,0h 7m 4s,216.5975,218.03,215.2979,0.6614,52.92,35.0,31.75,FILLED_TP,0.9072,44.8252,68671.830723,3.634172e+06,2907.337605,21805.032039,18897.694434,87569.525157,Price expanded in trade direction to hit fixed +0.60% TP at 215.2979.
108,SOLUSD,SHORT,196.19,199.473,3.283,2025-01-09 03:30:00 IST,2025-01-09 04:03:39 IST,2025-01-09 04:15:11 IST,0h 11m 32s,197.0108,199.473,195.8287,1.2498,28.0,35.0,16.8,FILLED_TP,0.4801,45.3053,87569.525157,2.452329e+06,1961.863577,14713.976826,12752.113249,100321.638406,Price expanded in trade direction to hit fixed +0.60% TP at 195.8287.
109,SOLUSD,SHORT,190.539,192.68,2.141,2025-01-10 11:30:00 IST,2025-01-10 12:36:50 IST,2025-01-10 13:00:26 IST,0h 23m 36s,191.0743,192.68,189.9278,0.8404,41.65,35.0,24.99,FILLED_SL,-1.0,44.3053,100321.638406,4.178178e+06,3342.542057,-35112.573442,-38455.115500,61866.522907,Instant penetration blowthrough. Filled limit at 191.0743 and pierced distal SL at 192.6800 in same candle.
110,SOLUSD,SHORT,188.22,191.906,3.686,2025-01-15 03:30:00 IST,2025-01-15 09:06:17 IST,2025-01-15 09:17:06 IST,0h 10m 49s,189.1415,191.906,188.0067,1.4616,23.95,35.0,14.37,FILLED_TP,0.4105,44.7158,61866.522907,1.481474e+06,1185.179072,8888.843038,7703.663966,69570.186873,Price expanded in trade direction to hit fixed +0.60% TP at 188.0067.
111,SOLUSD,LONG,216.35,221.13,4.78,2025-01-18 08:30:00 IST,2025-01-18 09:03:50 IST,2025-01-18 09:15:39 IST,0h 11m 49s,219.935,216.35,221.2546,1.63,21.47,35.0,12.88,FILLED_TP,0.3681,45.0839,69570.186873,1.493814e+06,1195.050860,8962.881452,7767.830592,77338.017464,Price expanded in trade direction to hit fixed +0.60% TP at 221.2546.
112,SOLUSD,LONG,252.11,254.865,2.755,2025-01-22 23:30:00 IST,2025-01-23 00:08:22 IST,2025-01-23 00:17:49 IST,0h 9m 27s,254.1763,252.11,255.7013,0.8129,43.05,35.0,25.83,FILLED_TP,0.7381,45.822,77338.017464,3.329762e+06,2663.809526,19978.571446,17314.761919,94652.779384,Price expanded in trade direction to hit fixed +0.60% TP at 255.7013.
113,SOLUSD,LONG,253.219,260.09,6.871,2025-01-23 03:30:00 IST,2025-01-23 04:50:36 IST,2025-01-23 05:08:20 IST,0h 17m 44s,258.3723,253.219,259.9225,1.9945,17.55,35.0,10.53,FILLED_TP,0.3008,46.1228,94652.779384,1.660986e+06,1328.789102,9965.918268,8637.129166,103289.908549,Price expanded in trade direction to hit fixed +0.60% TP at 259.9225.
114,SOLUSD,LONG,242.03,247.504,5.474,2025-01-24 00:30:00 IST,2025-01-24 01:06:59 IST,2025-01-24 01:17:04 IST,0h 10m 5s,246.1355,242.03,247.6123,1.668,20.98,35.0,12.59,FILLED_TP,0.3597,46.4825,103289.908549,2.167375e+06,1733.900309,13004.252320,11270.352011,114560.260560,Price expanded in trade direction to hit fixed +0.60% TP at 247.6123.
115,SOLUSD,LONG,243.488,251.42,7.932,2025-01-25 09:30:00 IST,2025-01-25 10:49:13 IST,2025-01-25 19:46:50 IST,8h 57m 37s,249.437,243.488,250.9336,2.385,14.68,35.0,8.81,FILLED_TP,0.2516,46.7341,114560.260560,1.681198e+06,1344.958642,10087.189813,8742.231171,123302.491732,Price expanded in trade direction to hit fixed +0.60% TP at 250.9336.
116,SOLUSD,LONG,232.619,237.72,5.101,2025-01-28 17:30:00 IST,2025-01-28 17:59:17 IST,2025-01-28 18:13:05 IST,0h 13m 48s,236.4447,232.619,237.8634,1.618,21.63,35.0,12.98,FILLED_TP,0.3708,47.1049,123302.491732,2.667184e+06,2133.747242,16003.104319,13869.357076,137171.848808,Price expanded in trade direction to hit fixed +0.60% TP at 237.8634.
117,SOLUSD,SHORT,239.494,243.76,4.266,2025-01-30 13:30:00 IST,2025-01-30 14:59:05 IST,2025-01-30 15:53:26 IST,0h 54m 21s,240.5605,243.76,239.1171,1.33,26.32,35.0,15.79,FILLED_TP,0.4511,47.556,137171.848808,3.609734e+06,2887.787464,21658.405977,18770.618513,155942.467321,Price expanded in trade direction to hit fixed +0.60% TP at 239.1171.
118,SOLUSD,LONG,237.088,239.621,2.533,2025-01-31 01:30:00 IST,2025-01-31 02:03:44 IST,2025-01-31 02:15:18 IST,0h 11m 34s,238.9878,237.088,240.4217,0.7949,44.03,35.0,26.42,FILLED_TP,0.7548,48.3108,155942.467321,6.866124e+06,5492.899082,41196.743113,35703.844031,191646.311352,Price expanded in trade direction to hit fixed +0.60% TP at 240.4217.
119,SOLUSD,SHORT,240.51,244.55,4.04,2025-01-31 17:30:00 IST,2025-01-31 19:05:34 IST,2025-01-31 19:16:28 IST,0h 10m 54s,241.52,244.55,240.0709,1.2546,27.9,35.0,16.74,FILLED_TP,0.4783,48.7891,191646.311352,5.346616e+06,4277.292671,32079.695032,27802.402361,219448.713713,Price expanded in trade direction to hit fixed +0.60% TP at 240.0709.
120,SOLUSD,LONG,226.74,231.34,4.6,2025-01-31 23:30:00 IST,2025-02-01 00:13:47 IST,2025-02-01 00:21:04 IST,0h 7m 17s,230.19,226.74,231.5711,1.4988,23.35,35.0,14.01,FILLED_TP,0.4003,49.1894,219448.713713,5.124700e+06,4099.759952,30748.199641,26648.439689,246097.153402,Price expanded in trade direction to hit fixed +0.60% TP at 231.5711.
121,SOLUSD,LONG,189.6,197.31,7.71,2025-02-03 17:30:00 IST,2025-02-03 18:08:15 IST,2025-02-03 18:18:10 IST,0h 9m 55s,195.3825,189.6,196.5548,2.9596,11.83,35.0,7.1,FILLED_TP,0.2027,49.3922,246097.153402,2.910346e+06,2328.276970,17462.077277,15133.800307,261230.953709,Price expanded in trade direction to hit fixed +0.60% TP at 196.5548.
122,SOLUSD,SHORT,210.736,215.635,4.899,2025-02-03 23:30:00 IST,2025-02-04 00:40:57 IST,2025-02-04 01:02:43 IST,0h 21m 46s,211.9607,215.635,210.689,1.7335,20.19,35.0,12.11,FILLED_TP,0.3461,49.7383,261230.953709,5.274477e+06,4219.581815,31646.863613,27427.281798,288658.235507,Price expanded in trade direction to hit fixed +0.60% TP at 210.6890.
123,SOLUSD,SHORT,203.12,207.51,4.39,2025-02-06 11:30:00 IST,2025-02-09 08:54:41 IST,2025-02-09 09:10:11 IST,0h 15m 30s,204.2175,207.51,202.9922,1.6123,21.71,35.0,13.03,FILLED_TP,0.3722,50.1104,288658.235507,6.266415e+06,5013.132179,37598.491341,32585.359162,321243.594669,Price expanded in trade direction to hit fixed +0.60% TP at 202.9922.
124,SOLUSD,SHORT,200.0,201.99,1.99,2025-02-10 04:30:00 IST,2025-02-10 05:12:26 IST,2025-02-10 05:20:32 IST,0h 8m 6s,200.4975,201.99,199.2945,0.7444,47.02,35.0,28.21,FILLED_TP,0.806,50.9165,321243.594669,1.510418e+07,12083.343742,90625.078061,78541.734320,399785.328989,Price expanded in trade direction to hit fixed +0.60% TP at 199.2945.
125,SOLUSD,LONG,193.36,199.73,6.37,2025-02-10 06:30:00 IST,2025-02-10 07:12:01 IST,2025-02-10 07:20:22 IST,0h 8m 21s,198.1375,193.36,199.3263,2.4112,14.52,35.0,8.71,FILLED_TP,0.2488,51.1653,399785.328989,5.803111e+06,4642.488828,34818.666208,30176.177380,429961.506369,Price expanded in trade direction to hit fixed +0.60% TP at 199.3263.
126,SOLUSD,LONG,195.744,199.45,3.706,2025-02-11 20:30:00 IST,2025-02-11 20:59:58 IST,2025-02-11 21:13:38 IST,0h 13m 40s,198.5235,195.744,199.7146,1.4001,25.0,35.0,15.0,FILLED_TP,0.4285,51.5938,429961.506369,1.074838e+07,8598.701087,64490.258151,55891.557064,485853.063433,Price expanded in trade direction to hit fixed +0.60% TP at 199.7146.
127,SOLUSD,SHORT,196.1,199.29,3.19,2025-02-12 14:30:00 IST,2025-02-12 16:53:27 IST,2025-02-12 18:39:16 IST,1h 45m 49s,196.8975,199.29,195.7161,1.2151,28.8,35.0,17.28,FILLED_TP,0.4938,52.0876,485853.063433,1.399462e+07,11195.699476,83967.746069,72772.046593,558625.110026,Price expanded in trade direction to hit fixed +0.60% TP at 195.7161.
128,SOLUSD,SHORT,193.5,194.995,1.495,2025-02-16 02:30:00 IST,2025-02-16 03:02:45 IST,2025-02-16 05:56:19 IST,2h 53m 34s,193.8738,194.995,192.7105,0.5783,60.52,35.0,36.31,FILLED_SL,-1.0,51.0876,558625.110026,3.380688e+07,27045.501520,-195518.788509,-222564.290029,336060.819997,"Filled at 193.8738, consolidated for 3 bars, then reversed to breach distal SL at 194.9950."
129,SOLUSD,LONG,188.802,191.48,2.678,2025-02-16 18:30:00 IST,2025-02-16 19:07:05 IST,2025-02-16 19:17:22 IST,0h 10m 17s,190.8105,188.802,191.9554,1.0526,33.25,35.0,19.95,FILLED_TP,0.57,51.6576,336060.819997,1.117420e+07,8939.358360,67045.187701,58105.829341,394166.649338,Price expanded in trade direction to hit fixed +0.60% TP at 191.9554.
130,SOLUSD,LONG,174.183,178.185,4.002,2025-02-18 04:30:00 IST,2025-02-18 05:39:49 IST,2025-02-18 06:58:55 IST,1h 19m 6s,177.1845,174.183,178.2476,1.694,20.66,35.0,12.4,FILLED_TP,0.3542,52.0118,394166.649338,8.143954e+06,6515.163015,48863.722614,42348.559599,436515.208938,Price expanded in trade direction to hit fixed +0.60% TP at 178.2476.
131,SOLUSD,SHORT,168.329,171.44,3.111,2025-02-19 04:30:00 IST,2025-02-19 05:05:41 IST,2025-02-19 05:16:34 IST,0h 10m 53s,169.1068,171.44,168.0921,1.3797,25.37,35.0,15.22,FILLED_TP,0.4349,52.4467,436515.208938,1.107305e+07,8858.436570,66438.274274,57579.837704,494095.046641,Price expanded in trade direction to hit fixed +0.60% TP at 168.0921.
132,SOLUSD,LONG,169.7306,171.37,1.6394,2025-02-23 14:30:00 IST,2025-02-23 15:08:47 IST,2025-02-23 15:18:01 IST,0h 9m 14s,170.9601,169.7306,171.9859,0.7192,48.67,35.0,29.2,FILLED_TP,0.8343,53.281,494095.046641,2.404514e+07,19236.108918,144270.816888,125034.707970,619129.754611,Price expanded in trade direction to hit fixed +0.60% TP at 171.9859.
133,SOLUSD,LONG,143.649,147.79,4.141,2025-03-01 05:30:00 IST,2025-03-01 05:56:07 IST,2025-03-01 06:10:58 IST,0h 14m 51s,146.7548,143.649,147.6353,2.1163,16.54,35.0,9.92,FILLED_TP,0.2835,53.5645,619129.754611,1.023942e+07,8191.536685,61436.525138,53244.988453,672374.743064,Price expanded in trade direction to hit fixed +0.60% TP at 147.6353.
134,SOLUSD,LONG,140.762,142.48,1.718,2025-03-05 19:30:00 IST,2025-03-05 20:09:24 IST,2025-03-05 20:18:38 IST,0h 9m 14s,142.0505,140.762,142.9028,0.9071,38.59,35.0,23.15,FILLED_TP,0.6615,54.2259,672374.743064,2.594405e+07,20755.240328,155664.302463,134909.062134,807283.805198,Price expanded in trade direction to hit fixed +0.60% TP at 142.9028.
135,SOLUSD,LONG,132.587,136.29,3.703,2025-03-09 15:30:00 IST,2025-03-09 17:53:08 IST,2025-03-09 18:09:44 IST,0h 16m 36s,135.3642,132.587,136.1764,2.0517,17.06,35.0,10.24,FILLED_TP,0.2924,54.5184,807283.805198,1.377156e+07,11017.251854,82629.388906,71612.137052,878895.942250,Price expanded in trade direction to hit fixed +0.60% TP at 136.1764.
136,SOLUSD,LONG,125.529,129.121,3.592,2025-03-09 21:30:00 IST,2025-03-09 22:05:02 IST,2025-03-09 22:16:18 IST,0h 11m 16s,128.223,125.529,128.9923,2.101,16.66,35.0,10.0,FILLED_TP,0.2856,54.804,878895.942250,1.464110e+07,11712.883754,87846.628154,76133.744400,955029.686650,Price expanded in trade direction to hit fixed +0.60% TP at 128.9923.
137,SOLUSD,SHORT,126.11,131.481,5.371,2025-03-11 23:30:00 IST,2025-03-12 00:08:13 IST,2025-03-12 00:17:57 IST,0h 9m 44s,127.4527,131.481,126.688,3.1606,11.07,35.0,6.64,FILLED_TP,0.1898,54.9938,955029.686650,1.057591e+07,8460.727306,63455.454795,54994.727489,1.010024e+06,Price expanded in trade direction to hit fixed +0.60% TP at 126.6880.
138,SOLUSD,LONG,122.962,124.46,1.498,2025-03-13 18:30:00 IST,2025-03-13 19:11:05 IST,2025-03-13 19:19:26 IST,0h 8m 21s,124.0855,122.962,124.83,0.9054,38.66,35.0,23.19,FILLED_TP,0.6627,55.6565,1.010024e+06,3.904342e+07,31234.737555,234260.531665,203025.794109,1.213050e+06,Price expanded in trade direction to hit fixed +0.60% TP at 124.8300.
139,SOLUSD,SHORT,128.47,131.15,2.68,2025-03-17 08:30:00 IST,2025-03-17 09:14:00 IST,2025-03-17 09:20:56 IST,0h 6m 56s,129.14,131.15,128.3652,1.5565,22.49,35.0,13.49,FILLED_TP,0.3855,56.042,1.213050e+06,2.727794e+07,21822.350791,163667.630933,141845.280142,1.354895e+06,Price expanded in trade direction to hit fixed +0.60% TP at 128.3652.
140,SOLUSD,LONG,127.47,129.23,1.76,2025-03-22 19:30:00 IST,2025-03-22 20:12:53 IST,2025-03-22 20:20:49 IST,0h 7m 56s,128.79,127.47,129.5627,1.0249,34.15,35.0,20.49,FILLED_TP,0.5854,56.6274,1.354895e+06,4.626814e+07,37014.513020,277608.847647,240594.334628,1.595490e+06,Price expanded in trade direction to hit fixed +0.60% TP at 129.5627.
141,SOLUSD,SHORT,129.55,130.2,0.65,2025-03-23 07:30:00 IST,2025-03-23 08:04:03 IST,2025-03-23 08:15:40 IST,0h 11m 37s,129.7125,130.2,128.9342,0.3758,93.13,35.0,55.88,FILLED_TP,1.5965,58.2238,1.595490e+06,1.485831e+08,118866.446415,891498.348110,772631.901695,2.368122e+06,Price expanded in trade direction to hit fixed +0.60% TP at 128.9342.
142,SOLUSD,SHORT,125.65,126.761,1.111,2025-03-30 07:30:00 IST,2025-03-30 08:00:03 IST,2025-03-30 08:13:11 IST,0h 13m 8s,125.9278,126.761,125.1722,0.6617,52.89,35.0,31.74,FILLED_TP,0.9068,59.1306,2.368122e+06,1.252617e+08,100209.333748,751570.003109,651360.669361,3.019482e+06,Price expanded in trade direction to hit fixed +0.60% TP at 125.1722.
143,SOLUSD,SHORT,126.159,127.476,1.317,2025-04-02 17:30:00 IST,2025-04-02 18:04:23 IST,2025-04-02 18:15:45 IST,0h 11m 22s,126.4883,127.476,125.7293,0.7809,44.82,35.0,26.89,FILLED_TP,0.7683,59.8989,3.019482e+06,1.353330e+08,108266.395648,811997.967358,703731.571710,3.723214e+06,Price expanded in trade direction to hit fixed +0.60% TP at 125.7293.
144,SOLUSD,LONG,113.86,119.182,5.322,2025-04-03 03:30:00 IST,2025-04-03 04:55:01 IST,2025-04-03 05:10:39 IST,0h 15m 38s,117.8515,113.86,118.5586,3.3869,10.33,35.0,6.2,FILLED_TP,0.1772,60.0761,3.723214e+06,3.847557e+07,30780.453011,230853.397581,200072.944571,3.923287e+06,Price expanded in trade direction to hit fixed +0.60% TP at 118.5586.
145,SOLUSD,LONG,110.569,116.577,6.008,2025-04-03 22:30:00 IST,2025-04-03 22:36:02 IST,2025-04-04 00:01:27 IST,1h 25m 25s,115.075,110.569,115.7655,3.9157,8.94,35.0,5.36,FILLED_TP,0.1532,60.2293,3.923287e+06,3.506775e+07,28054.200519,210406.503892,182352.303373,4.105639e+06,Price expanded in trade direction to hit fixed +0.60% TP at 115.7655.
146,SOLUSD,LONG,114.623,116.304,1.681,2025-04-04 15:30:00 IST,2025-04-04 16:05:31 IST,2025-04-04 16:16:07 IST,0h 10m 36s,115.8838,114.623,116.5791,1.0879,32.17,35.0,19.3,FILLED_TP,0.5515,60.7808,4.105639e+06,1.320816e+08,105665.296931,792489.726981,686824.430050,4.792464e+06,Price expanded in trade direction to hit fixed +0.60% TP at 116.5791.
147,SOLUSD,LONG,113.2477,115.454,2.2063,2025-04-06 18:30:00 IST,2025-04-06 19:02:17 IST,2025-04-06 19:14:57 IST,0h 12m 40s,114.9024,113.2477,115.5918,1.4401,24.3,35.0,14.58,FILLED_TP,0.4166,61.1975,4.792464e+06,1.164743e+08,93179.467543,698846.006574,605666.539031,5.398130e+06,Price expanded in trade direction to hit fixed +0.60% TP at 115.5918.
148,SOLUSD,SHORT,104.175,106.522,2.347,2025-04-09 09:30:00 IST,2025-04-09 09:57:14 IST,2025-04-09 10:11:50 IST,0h 14m 36s,104.7618,106.522,104.1332,1.6802,20.83,35.0,12.5,FILLED_TP,0.3571,61.5545,5.398130e+06,1.124449e+08,89955.925641,674669.442310,584713.516669,5.982844e+06,Price expanded in trade direction to hit fixed +0.60% TP at 104.1332.
149,SOLUSD,LONG,101.259,105.0,3.741,2025-04-09 16:30:00 IST,2025-04-09 17:00:47 IST,2025-04-09 17:13:57 IST,0h 13m 10s,104.0648,101.259,104.6891,2.6962,12.98,35.0,7.79,FILLED_TP,0.2225,61.7771,5.982844e+06,7.766590e+07,62132.719410,465995.395576,403862.676166,6.386706e+06,Price expanded in trade direction to hit fixed +0.60% TP at 104.6891.
150,SOLUSD,SHORT,129.436,131.547,2.111,2025-04-13 21:30:00 IST,2025-04-13 22:13:35 IST,2025-04-13 22:20:34 IST,0h 6m 59s,129.9638,131.547,129.184,1.2182,28.73,35.0,17.24,FILLED_TP,0.4925,62.2696,6.386706e+06,1.834923e+08,146793.801992,1.100954e+06,954159.712948,7.340866e+06,Price expanded in trade direction to hit fixed +0.60% TP at 129.1840.
151,SOLUSD,LONG,126.8,130.117,3.317,2025-04-14 00:30:00 IST,2025-04-14 00:53:12 IST,2025-04-14 01:09:19 IST,0h 16m 7s,129.2877,126.8,130.0635,1.9242,18.19,35.0,10.91,FILLED_TP,0.3118,62.5814,7.340866e+06,1.335260e+08,106820.836781,801156.275854,694335.439073,8.035202e+06,Price expanded in trade direction to hit fixed +0.60% TP at 130.0635.
152,SOLUSD,SHORT,129.4439,132.547,3.1031,2025-04-14 05:30:00 IST,2025-04-14 05:57:01 IST,2025-04-14 06:11:53 IST,0h 14m 52s,130.2197,132.547,129.4384,1.7872,19.58,35.0,11.75,FILLED_TP,0.3357,62.9171,8.035202e+06,1.573564e+08,125885.113947,944138.354606,818253.240659,8.853455e+06,Price expanded in trade direction to hit fixed +0.60% TP at 129.4384.
153,SOLUSD,SHORT,131.08,134.746,3.666,2025-04-15 10:30:00 IST,2025-04-15 11:07:12 IST,2025-04-15 11:17:26 IST,0h 10m 14s,131.9965,134.746,131.2045,2.083,16.8,35.0,10.08,FILLED_TP,0.288,63.2052,8.853455e+06,1.487611e+08,119008.915021,892566.862661,773557.947640,9.627013e+06,Price expanded in trade direction to hit fixed +0.60% TP at 131.2045.
154,SOLUSD,LONG,127.674,129.436,1.762,2025-04-15 22:30:00 IST,2025-04-15 22:48:58 IST,2025-04-15 23:07:15 IST,0h 18m 17s,128.9955,127.674,129.7695,1.0245,34.16,35.0,20.5,FILLED_TP,0.5857,63.7909,9.627013e+06,3.289024e+08,263121.883666,1.973414e+06,1.710292e+06,1.133730e+07,Price expanded in trade direction to hit fixed +0.60% TP at 129.7695.
155,SOLUSD,LONG,129.47,131.727,2.257,2025-04-17 19:30:00 IST,2025-04-17 20:03:09 IST,2025-04-17 20:14:56 IST,0h 11m 47s,131.1628,129.47,131.9497,1.2906,27.12,35.0,16.27,FILLED_TP,0.4649,64.2558,1.133730e+07,3.074649e+08,245971.931421,1.844789e+06,1.598818e+06,1.293612e+07,Price expanded in trade direction to hit fixed +0.60% TP at 131.9497.
156,SOLUSD,SHORT,134.422,135.5234,1.1014,2025-04-19 06:30:00 IST,2025-04-19 07:00:00 IST,2025-04-19 07:41:48 IST,0h 41m 48s,134.6974,135.5234,133.8892,0.6133,57.07,35.0,34.24,FILLED_SL,-1.0,63.2558,1.293612e+07,7.382864e+08,590629.136416,-4.527643e+06,-5.118272e+06,7.817850e+06,"Filled at 134.6974, consolidated for 1 bars, then reversed to breach distal SL at 135.5234."
157,SOLUSD,LONG,137.612,139.448,1.836,2025-04-20 13:30:00 IST,2025-04-20 13:57:19 IST,2025-04-20 16:42:58 IST,2h 45m 39s,138.989,137.612,139.8229,0.9907,35.33,35.0,21.2,FILLED_SL,-1.0,62.2558,7.817850e+06,2.761861e+08,220948.919674,-2.736248e+06,-2.957197e+06,4.860654e+06,"Filled at 138.9890, consolidated for 3 bars, then reversed to breach distal SL at 137.6120."
158,SOLUSD,LONG,150.5,153.141,2.641,2025-04-25 15:30:00 IST,2025-04-25 19:05:12 IST,2025-04-25 19:16:34 IST,0h 11m 22s,152.4808,150.5,153.3956,1.299,26.94,35.0,16.17,FILLED_TP,0.4619,62.7177,4.860654e+06,1.309628e+08,104770.275284,785777.064631,681006.789347,5.541661e+06,Price expanded in trade direction to hit fixed +0.60% TP at 153.3956.
159,SOLUSD,LONG,145.1729,147.69,2.5171,2025-04-27 06:30:00 IST,2025-04-27 07:04:00 IST,2025-04-27 07:15:49 IST,0h 11m 49s,147.0607,145.1729,147.9431,1.2837,27.26,35.0,16.36,FILLED_TP,0.4674,63.1851,5.541661e+06,1.510925e+08,120874.010561,906555.079210,785681.068649,6.327342e+06,Price expanded in trade direction to hit fixed +0.60% TP at 147.9431.
160,SOLUSD,SHORT,148.96,150.351,1.391,2025-04-27 18:30:00 IST,2025-04-27 19:12:55 IST,2025-04-27 19:20:45 IST,0h 7m 50s,149.3077,150.351,148.4119,0.6987,50.09,35.0,30.05,FILLED_TP,0.8587,64.0438,6.327342e+06,3.169446e+08,253555.643751,1.901667e+06,1.648112e+06,7.975453e+06,Price expanded in trade direction to hit fixed +0.60% TP at 148.4119.
161,SOLUSD,SHORT,148.867,150.211,1.344,2025-04-28 10:30:00 IST,2025-04-28 10:53:03 IST,2025-04-28 11:44:44 IST,0h 51m 41s,149.203,150.211,148.3078,0.6756,51.81,35.0,31.08,FILLED_SL,-1.0,63.0438,7.975453e+06,4.131811e+08,330544.883482,-2.791409e+06,-3.121954e+06,4.853500e+06,"Filled at 149.2030, consolidated for 1 bars, then reversed to breach distal SL at 150.2110."
162,SOLUSD,SHORT,150.978,153.15,2.172,2025-04-28 12:30:00 IST,2025-04-28 14:00:44 IST,2025-04-28 15:48:16 IST,1h 47m 32s,151.521,153.15,150.6119,1.0751,32.56,35.0,19.53,FILLED_SL,-1.0,62.0438,4.853500e+06,1.580064e+08,126405.158069,-1.698725e+06,-1.825130e+06,3.028370e+06,Dual-touch ambiguous 1H candle. Both TP and SL touched; resolved to SL conservatively.
163,SOLUSD,LONG,144.557,147.34,2.783,2025-04-28 19:30:00 IST,2025-04-28 20:47:26 IST,2025-04-28 21:06:45 IST,0h 19m 19s,146.6442,144.557,147.5241,1.4233,24.59,35.0,14.75,FILLED_TP,0.4215,62.4653,3.028370e+06,7.446763e+07,59574.101303,446805.759775,387231.658472,3.415601e+06,Price expanded in trade direction to hit fixed +0.60% TP at 147.5241.
164,SOLUSD,SHORT,147.366,149.164,1.798,2025-04-29 11:30:00 IST,2025-04-29 12:04:45 IST,2025-04-29 12:16:02 IST,0h 11m 17s,147.8155,149.164,146.9286,0.9123,38.37,35.0,23.02,FILLED_TP,0.6577,63.123,3.415601e+06,1.310401e+08,104832.089243,786240.669322,681408.580079,4.097010e+06,Price expanded in trade direction to hit fixed +0.60% TP at 146.9286.
165,SOLUSD,LONG,145.46,146.74,1.28,2025-04-30 03:30:00 IST,2025-04-30 03:55:55 IST,2025-04-30 04:45:11 IST,0h 49m 16s,146.42,145.46,147.2985,0.6556,53.38,35.0,32.03,FILLED_SL,-1.0,62.123,4.097010e+06,2.187078e+08,174966.225680,-1.433953e+06,-1.608920e+06,2.488090e+06,"Filled at 146.4200, consolidated for 1 bars, then reversed to breach distal SL at 145.4600."
166,SOLUSD,SHORT,146.129,148.62,2.491,2025-05-01 01:30:00 IST,2025-05-01 02:00:55 IST,2025-05-01 02:13:40 IST,0h 12m 45s,146.7517,148.62,145.8712,1.2731,27.49,35.0,16.5,FILLED_TP,0.4713,62.5943,2.488090e+06,6.840415e+07,54723.323000,410424.922502,355701.599502,2.843792e+06,Price expanded in trade direction to hit fixed +0.60% TP at 145.8712.
167,SOLUSD,SHORT,148.384,150.363,1.979,2025-05-01 11:30:00 IST,2025-05-01 11:36:19 IST,2025-05-01 13:50:15 IST,2h 13m 56s,148.8787,150.363,147.9855,0.997,35.11,35.0,21.06,FILLED_SL,-1.0,61.5943,2.843792e+06,9.983700e+07,79869.597370,-995327.152935,-1.075197e+06,1.768595e+06,"Filled at 148.8787, consolidated for 2 bars, then reversed to breach distal SL at 150.3630."
168,SOLUSD,SHORT,150.06,151.63,1.57,2025-05-02 16:30:00 IST,2025-05-02 16:59:51 IST,2025-05-02 17:58:32 IST,0h 58m 41s,150.4525,151.63,149.5498,0.7826,44.72,35.0,26.83,FILLED_TP,0.7666,62.3609,1.768595e+06,7.909244e+07,63273.949758,474554.623188,411280.673430,2.179876e+06,Price expanded in trade direction to hit fixed +0.60% TP at 149.5498.
169,SOLUSD,SHORT,147.989,149.02,1.031,2025-05-03 17:30:00 IST,2025-05-03 18:51:13 IST,2025-05-03 22:06:03 IST,3h 14m 50s,148.2468,149.02,147.3573,0.5216,67.1,35.0,40.26,FILLED_TP,1.1503,63.5113,2.179876e+06,1.462733e+08,117018.636017,877639.770127,760621.134110,2.940497e+06,Price expanded in trade direction to hit fixed +0.60% TP at 147.3573.
170,SOLUSD,SHORT,146.858,147.88,1.022,2025-05-04 22:30:00 IST,2025-05-04 23:00:31 IST,2025-05-05 00:46:27 IST,1h 45m 56s,147.1135,147.88,146.2308,0.521,67.18,35.0,40.31,FILLED_TP,1.1516,64.6628,2.940497e+06,1.975282e+08,158022.573168,1.185169e+06,1.027147e+06,3.967644e+06,Price expanded in trade direction to hit fixed +0.60% TP at 146.2308.
171,SOLUSD,SHORT,146.479,147.75,1.271,2025-05-05 11:30:00 IST,2025-05-05 11:36:47 IST,2025-05-05 15:38:46 IST,4h 1m 59s,146.7968,147.75,145.916,0.6494,53.9,35.0,32.34,FILLED_TP,0.924,65.5868,3.967644e+06,2.138505e+08,171080.423778,1.283103e+06,1.112023e+06,5.079666e+06,Price expanded in trade direction to hit fixed +0.60% TP at 145.9160.
172,SOLUSD,LONG,140.447,143.27,2.823,2025-05-06 20:30:00 IST,2025-05-06 20:42:01 IST,2025-05-06 21:03:41 IST,0h 21m 40s,142.5643,140.447,143.4196,1.4851,23.57,35.0,14.14,FILLED_TP,0.404,65.9908,5.079666e+06,1.197131e+08,95770.491286,718278.684643,622508.193357,5.702175e+06,Price expanded in trade direction to hit fixed +0.60% TP at 143.4196.
173,SOLUSD,SHORT,171.137,173.4,2.263,2025-05-10 18:30:00 IST,2025-05-10 19:01:37 IST,2025-05-10 19:54:55 IST,0h 53m 18s,171.7028,173.4,170.6725,0.9885,35.41,35.0,21.24,FILLED_TP,0.607,66.5978,5.702175e+06,2.019017e+08,161521.364893,1.211410e+06,1.049889e+06,6.752063e+06,Price expanded in trade direction to hit fixed +0.60% TP at 170.6725.
174,SOLUSD,SHORT,174.045,179.32,5.275,2025-05-11 02:30:00 IST,2025-05-11 04:38:01 IST,2025-05-11 05:42:26 IST,1h 4m 25s,175.3637,179.32,174.3116,2.256,15.51,35.0,9.31,FILLED_SL,-1.0,65.5978,6.752063e+06,1.047516e+08,83801.278382,-2.363222e+06,-2.447023e+06,4.305040e+06,Dual-touch ambiguous 1H candle. Both TP and SL touched; resolved to SL conservatively.
175,SOLUSD,LONG,168.712,170.675,1.963,2025-05-11 21:30:00 IST,2025-05-11 21:44:14 IST,2025-05-11 22:04:43 IST,0h 20m 29s,170.1843,168.712,171.2054,0.8651,40.46,35.0,24.27,FILLED_TP,0.6936,66.2914,4.305040e+06,1.741739e+08,139339.106717,1.045043e+06,905704.193658,5.210744e+06,Price expanded in trade direction to hit fixed +0.60% TP at 171.2054.
176,SOLUSD,SHORT,174.06,177.226,3.166,2025-05-13 04:30:00 IST,2025-05-13 17:04:25 IST,2025-05-13 17:15:38 IST,0h 11m 13s,174.8515,177.226,173.8024,1.358,25.77,35.0,15.46,FILLED_TP,0.4418,66.7332,5.210744e+06,1.342966e+08,107437.271663,805779.537473,698342.265810,5.909086e+06,Price expanded in trade direction to hit fixed +0.60% TP at 173.8024.
177,SOLUSD,LONG,169.3107,172.344,3.0333,2025-05-16 19:30:00 IST,2025-05-16 20:03:48 IST,2025-05-16 20:15:34 IST,0h 11m 46s,171.5857,169.3107,172.6152,1.3259,26.4,35.0,15.84,FILLED_TP,0.4525,67.1857,5.909086e+06,1.559886e+08,124790.858668,935931.440013,811140.581345,6.720227e+06,Price expanded in trade direction to hit fixed +0.60% TP at 172.6152.
178,SOLUSD,LONG,164.291,167.004,2.713,2025-05-19 07:30:00 IST,2025-05-19 08:05:53 IST,2025-05-19 08:16:54 IST,0h 11m 1s,166.3257,164.291,167.3237,1.2234,28.61,35.0,17.17,FILLED_TP,0.4905,67.6762,6.720227e+06,1.922651e+08,153812.067154,1.153591e+06,999778.436500,7.720005e+06,Price expanded in trade direction to hit fixed +0.60% TP at 167.3237.
179,SOLUSD,SHORT,166.103,170.125,4.022,2025-05-20 04:30:00 IST,2025-05-20 05:38:14 IST,2025-05-20 07:04:01 IST,1h 25m 47s,167.1085,170.125,166.1058,1.8051,19.39,35.0,11.63,FILLED_SL,-1.0,66.6762,7.720005e+06,1.496859e+08,119748.711671,-2.702002e+06,-2.821751e+06,4.898255e+06,"Filled at 167.1085, consolidated for 1 bars, then reversed to breach distal SL at 170.1250."
180,SOLUSD,LONG,166.28,168.263,1.983,2025-05-21 13:30:00 IST,2025-05-21 14:49:26 IST,2025-05-21 16:48:38 IST,1h 59m 12s,167.7672,166.28,168.7739,0.8865,39.48,35.0,23.69,FILLED_TP,0.6768,67.353,4.898255e+06,1.933894e+08,154711.506520,1.160336e+06,1.005625e+06,5.903880e+06,Price expanded in trade direction to hit fixed +0.60% TP at 168.7739.
181,SOLUSD,SHORT,171.321,174.92,3.599,2025-05-22 03:30:00 IST,2025-05-22 04:39:56 IST,2025-05-22 05:02:32 IST,0h 22m 36s,172.2208,174.92,171.1874,1.5673,22.33,35.0,13.4,FILLED_SL,-1.0,66.353,5.903880e+06,1.318402e+08,105472.172475,-2.066358e+06,-2.171830e+06,3.732050e+06,Dual-touch ambiguous 1H candle. Both TP and SL touched; resolved to SL conservatively.
182,SOLUSD,SHORT,176.536,178.246,1.71,2025-05-22 08:30:00 IST,2025-05-22 09:07:53 IST,2025-05-22 09:18:03 IST,0h 10m 10s,176.9635,178.246,175.9017,0.7247,48.29,35.0,28.98,FILLED_TP,0.8279,67.1809,3.732050e+06,1.802361e+08,144188.877843,1.081417e+06,937227.705981,4.669277e+06,Price expanded in trade direction to hit fixed +0.60% TP at 175.9017.
183,SOLUSD,SHORT,170.99,172.6,1.61,2025-05-25 23:30:00 IST,2025-05-25 23:55:24 IST,2025-05-26 01:04:10 IST,1h 8m 46s,171.3925,172.6,170.3641,0.7045,49.68,35.0,29.81,FILLED_SL,-1.0,66.1809,4.669277e+06,2.319650e+08,185571.967053,-1.634247e+06,-1.819819e+06,2.849458e+06,"Filled at 171.3925, consolidated for 1 bars, then reversed to breach distal SL at 172.6000."
184,SOLUSD,SHORT,176.865,177.878,1.013,2025-05-26 05:30:00 IST,2025-05-26 06:04:33 IST,2025-05-26 06:15:43 IST,0h 11m 10s,177.1182,177.878,176.0555,0.429,81.59,35.0,48.96,FILLED_TP,1.3988,67.5797,2.849458e+06,2.325000e+08,185999.996702,1.395000e+06,1.209000e+06,4.058458e+06,Price expanded in trade direction to hit fixed +0.60% TP at 176.0555.
185,SOLUSD,SHORT,173.934,175.926,1.992,2025-05-27 12:30:00 IST,2025-05-27 12:49:50 IST,2025-05-27 13:48:23 IST,0h 58m 33s,174.432,175.926,173.3854,0.8565,40.86,35.0,24.52,FILLED_SL,-1.0,66.5797,4.058458e+06,1.658459e+08,132676.704852,-1.420460e+06,-1.553137e+06,2.505321e+06,"Filled at 174.4320, consolidated for 1 bars, then reversed to breach distal SL at 175.9260."
186,SOLUSD,LONG,159.318,163.303,3.985,2025-05-30 17:30:00 IST,2025-05-30 18:02:24 IST,2025-05-30 18:15:00 IST,0h 12m 36s,162.3067,159.318,163.2806,1.8414,19.01,35.0,11.4,FILLED_TP,0.3258,66.9055,2.505321e+06,4.761880e+07,38095.039647,285712.797351,247617.757704,2.752939e+06,Price expanded in trade direction to hit fixed +0.60% TP at 163.2806.
187,SOLUSD,SHORT,156.779,157.952,1.173,2025-06-02 02:30:00 IST,2025-06-02 03:11:21 IST,2025-06-02 03:20:00 IST,0h 8m 39s,157.0722,157.952,156.1298,0.5601,62.49,35.0,37.49,FILLED_TP,1.0713,67.9768,2.752939e+06,1.720302e+08,137624.196274,1.032181e+06,894557.275782,3.647496e+06,Price expanded in trade direction to hit fixed +0.60% TP at 156.1298.
188,SOLUSD,SHORT,156.379,157.853,1.474,2025-06-04 19:30:00 IST,2025-06-04 20:12:01 IST,2025-06-04 20:19:50 IST,0h 7m 49s,156.7475,157.853,155.807,0.7053,49.63,35.0,29.78,FILLED_TP,0.8507,68.8275,3.647496e+06,1.810109e+08,144808.733225,1.086065e+06,941256.765965,4.588753e+06,Price expanded in trade direction to hit fixed +0.60% TP at 155.8070.
189,SOLUSD,LONG,151.588,154.22,2.632,2025-06-05 08:30:00 IST,2025-06-05 08:36:16 IST,2025-06-05 16:06:01 IST,7h 29m 45s,153.562,151.588,154.4834,1.2855,27.23,35.0,16.34,FILLED_SL,-1.0,67.8275,4.588753e+06,1.249394e+08,99951.500935,-1.606064e+06,-1.706015e+06,2.882738e+06,"Filled at 153.5620, consolidated for 7 bars, then reversed to breach distal SL at 151.5880."
190,SOLUSD,SHORT,153.279,154.541,1.262,2025-06-05 17:30:00 IST,2025-06-05 17:59:55 IST,2025-06-05 18:13:12 IST,0h 13m 17s,153.5945,154.541,152.6729,0.6162,56.8,35.0,34.08,FILLED_TP,0.9737,68.8011,2.882738e+06,1.637300e+08,130983.996933,982379.976997,851395.980064,3.734134e+06,Price expanded in trade direction to hit fixed +0.60% TP at 152.6729.
191,SOLUSD,LONG,156.261,158.66,2.399,2025-06-12 17:30:00 IST,2025-06-12 17:36:53 IST,2025-06-12 18:00:36 IST,0h 23m 43s,158.0602,156.261,159.0086,1.1383,30.75,35.0,18.45,FILLED_TP,0.5271,69.3282,3.734134e+06,1.148125e+08,91849.981175,688874.858813,597024.877638,4.331159e+06,Price expanded in trade direction to hit fixed +0.60% TP at 159.0086.
192,SOLUSD,SHORT,159.581,161.233,1.652,2025-06-12 19:30:00 IST,2025-06-12 20:01:18 IST,2025-06-12 20:14:04 IST,0h 12m 46s,159.994,161.233,159.034,0.7744,45.2,35.0,27.12,FILLED_TP,0.7748,70.103,4.331159e+06,1.957512e+08,156600.998343,1.174507e+06,1.017906e+06,5.349065e+06,Price expanded in trade direction to hit fixed +0.60% TP at 159.0340.
193,SOLUSD,LONG,144.258,146.61,2.352,2025-06-14 07:30:00 IST,2025-06-14 12:44:21 IST,2025-06-14 20:55:38 IST,8h 11m 17s,146.022,144.258,146.8981,1.208,28.97,35.0,17.38,FILLED_SL,-1.0,69.103,5.349065e+06,1.549764e+08,123981.144219,-1.872173e+06,-1.996154e+06,3.352911e+06,"Filled at 146.0220, consolidated for 8 bars, then reversed to breach distal SL at 144.2580."
194,SOLUSD,LONG,154.6304,156.712,2.0816,2025-06-17 02:30:00 IST,2025-06-17 03:38:10 IST,2025-06-17 04:01:30 IST,0h 23m 20s,156.1916,154.6304,157.1287,0.9995,35.02,35.0,21.01,FILLED_SL,-1.0,68.103,3.352911e+06,1.174057e+08,93924.571930,-1.173519e+06,-1.267444e+06,2.085468e+06,Dual-touch ambiguous 1H candle. Both TP and SL touched; resolved to SL conservatively.
195,SOLUSD,LONG,148.118,150.741,2.623,2025-06-17 04:30:00 IST,2025-06-17 05:42:10 IST,2025-06-17 06:03:21 IST,0h 21m 11s,150.0853,148.118,150.9858,1.3108,26.7,35.0,16.02,FILLED_SL,-1.0,67.103,2.085468e+06,5.568651e+07,44549.206272,-729913.716034,-774462.922307,1.311005e+06,Dual-touch ambiguous 1H candle. Both TP and SL touched; resolved to SL conservatively.
196,SOLUSD,LONG,143.625,146.0,2.375,2025-06-19 06:30:00 IST,2025-06-19 07:13:58 IST,2025-06-19 07:20:46 IST,0h 6m 48s,145.4062,143.625,146.2787,1.225,28.57,35.0,17.14,FILLED_TP,0.4898,67.5928,1.311005e+06,3.745679e+07,29965.430577,224740.729325,194775.298748,1.505780e+06,Price expanded in trade direction to hit fixed +0.60% TP at 146.2787.
197,SOLUSD,SHORT,147.118,147.87,0.752,2025-06-20 12:30:00 IST,2025-06-20 13:06:53 IST,2025-06-20 13:17:07 IST,0h 10m 14s,147.306,147.87,146.4222,0.3829,91.41,35.0,54.85,FILLED_TP,1.5671,69.1599,1.505780e+06,1.376483e+08,110118.662521,825889.968910,715771.306389,2.221551e+06,Price expanded in trade direction to hit fixed +0.60% TP at 146.4222.
198,SOLUSD,LONG,138.617,140.119,1.502,2025-06-21 21:30:00 IST,2025-06-21 22:42:15 IST,2025-06-21 23:03:18 IST,0h 21m 3s,139.7435,138.617,140.582,0.8061,43.42,35.0,26.05,FILLED_SL,-1.0,68.1599,2.221551e+06,9.645502e+07,77164.016634,-777543.005025,-854707.021659,1.366844e+06,Dual-touch ambiguous 1H candle. Both TP and SL touched; resolved to SL conservatively.
199,SOLUSD,LONG,142.768,143.869,1.101,2025-06-25 20:30:00 IST,2025-06-25 21:06:08 IST,2025-06-25 21:16:25 IST,0h 10m 17s,143.5938,142.768,144.4553,0.5751,60.86,35.0,36.52,FILLED_TP,1.0434,69.2033,1.366844e+06,8.319057e+07,66552.453542,499143.401568,432590.948026,1.799435e+06,Price expanded in trade direction to hit fixed +0.60% TP at 144.4553.
200,SOLUSD,SHORT,145.637,148.0,2.363,2025-06-28 17:30:00 IST,2025-06-28 17:36:49 IST,2025-06-28 20:56:08 IST,3h 19m 19s,146.2278,148.0,145.3504,1.212,28.88,35.0,17.33,FILLED_SL,-1.0,68.2033,1.799435e+06,5.196478e+07,41571.825583,-629802.379253,-671374.204837,1.128061e+06,"Filled at 146.2278, consolidated for 3 bars, then reversed to breach distal SL at 148.0000."
201,SOLUSD,SHORT,150.688,151.341,0.653,2025-06-29 13:30:00 IST,2025-06-29 14:07:37 IST,2025-06-29 14:17:23 IST,0h 9m 46s,150.8512,151.341,149.9461,0.3247,100.0,32.47,60.0,FILLED_TP,1.8481,70.0514,1.128061e+06,1.128061e+08,90244.893157,676836.698675,586591.805518,1.714653e+06,Price expanded in trade direction to hit fixed +0.60% TP at 149.9461.
202,SOLUSD,LONG,149.67,150.921,1.251,2025-06-30 11:30:00 IST,2025-06-30 11:54:18 IST,2025-06-30 13:58:34 IST,2h 4m 16s,150.6082,149.67,151.5119,0.623,56.18,35.0,33.71,FILLED_SL,-1.0,69.0514,1.714653e+06,9.633286e+07,77066.290740,-600128.539492,-677194.830231,1.037458e+06,"Filled at 150.6082, consolidated for 2 bars, then reversed to breach distal SL at 149.6700."
203,SOLUSD,LONG,149.319,149.95,0.631,2025-06-30 13:30:00 IST,2025-06-30 14:01:53 IST,2025-06-30 14:14:44 IST,0h 12m 51s,149.7922,149.319,150.691,0.3159,100.0,31.59,60.0,FILLED_TP,1.8991,70.9505,1.037458e+06,1.037458e+08,82996.651180,622474.883847,539478.232668,1.576936e+06,Price expanded in trade direction to hit fixed +0.60% TP at 150.6910.
204,SOLUSD,LONG,151.694,153.13,1.436,2025-07-03 17:30:00 IST,2025-07-03 18:01:09 IST,2025-07-03 18:14:04 IST,0h 12m 55s,152.771,151.694,153.6876,0.705,49.65,35.0,29.79,FILLED_TP,0.8511,71.8016,1.576936e+06,7.829021e+07,62632.164377,469741.232827,407109.068450,1.984045e+06,Price expanded in trade direction to hit fixed +0.60% TP at 153.6876.
205,SOLUSD,LONG,147.068,148.583,1.515,2025-07-04 18:30:00 IST,2025-07-04 19:44:34 IST,2025-07-04 20:52:01 IST,1h 7m 27s,148.2043,147.068,149.0935,0.7667,45.65,35.0,27.39,FILLED_SL,-1.0,70.8016,1.984045e+06,9.057460e+07,72459.679321,-694415.904302,-766875.583623,1.217170e+06,"Filled at 148.2043, consolidated for 1 bars, then reversed to breach distal SL at 147.0680."
206,SOLUSD,SHORT,147.755,148.638,0.883,2025-07-06 03:30:00 IST,2025-07-06 05:13:53 IST,2025-07-06 06:58:51 IST,1h 44m 58s,147.9758,148.638,147.0879,0.4475,78.21,35.0,46.92,FILLED_TP,1.3407,72.1422,1.217170e+06,9.518923e+07,76151.384373,571135.382794,494983.998421,1.712154e+06,Price expanded in trade direction to hit fixed +0.60% TP at 147.0879.
207,SOLUSD,SHORT,147.829,148.46,0.631,2025-07-06 16:30:00 IST,2025-07-06 17:38:04 IST,2025-07-06 18:01:40 IST,0h 23m 36s,147.9868,148.46,147.0988,0.3198,100.0,31.98,60.0,FILLED_SL,-1.0,71.1422,1.712154e+06,1.712154e+08,136972.308453,-547533.351595,-684505.660048,1.027648e+06,Instant penetration blowthrough. Filled limit at 147.9868 and pierced distal SL at 148.4600 in same candle.
208,SOLUSD,SHORT,151.49,153.871,2.381,2025-07-06 19:30:00 IST,2025-07-06 21:48:41 IST,2025-07-06 22:07:31 IST,0h 18m 50s,152.0853,153.871,151.1727,1.1742,29.81,35.0,17.88,FILLED_TP,0.511,71.6532,1.027648e+06,3.063225e+07,24505.802698,183793.520234,159287.717536,1.186936e+06,Price expanded in trade direction to hit fixed +0.60% TP at 151.1727.
209,SOLUSD,SHORT,152.109,153.571,1.462,2025-07-08 23:30:00 IST,2025-07-08 23:57:29 IST,2025-07-09 01:04:07 IST,1h 6m 38s,152.4745,153.571,151.5597,0.7191,48.67,35.0,29.2,FILLED_TP,0.8343,72.4876,1.186936e+06,5.776754e+07,46214.034445,346605.258338,300391.223893,1.487327e+06,Price expanded in trade direction to hit fixed +0.60% TP at 151.5597.
210,SOLUSD,SHORT,157.751,159.142,1.391,2025-07-10 21:30:00 IST,2025-07-10 22:04:25 IST,2025-07-10 22:15:38 IST,0h 11m 13s,158.0987,159.142,157.1502,0.6599,53.04,35.0,31.82,FILLED_TP,0.9093,73.3968,1.487327e+06,7.888866e+07,63110.929440,473331.970799,410221.041359,1.897548e+06,Price expanded in trade direction to hit fixed +0.60% TP at 157.1502.
211,SOLUSD,SHORT,162.7,163.7845,1.0845,2025-07-13 18:30:00 IST,2025-07-13 19:37:58 IST,2025-07-13 20:01:39 IST,0h 23m 41s,162.9711,163.7845,161.9933,0.4991,70.13,35.0,42.08,FILLED_SL,-1.0,72.3968,1.897548e+06,1.330702e+08,106456.133008,-664141.862441,-770597.995449,1.126950e+06,Instant penetration blowthrough. Filled limit at 162.9711 and pierced distal SL at 163.7845 in same candle.
212,SOLUSD,SHORT,159.681,162.0,2.319,2025-07-15 20:30:00 IST,2025-07-15 21:06:16 IST,2025-07-15 21:17:14 IST,0h 10m 58s,160.2608,162.0,159.2992,1.0853,32.25,35.0,19.35,FILLED_TP,0.5529,72.9497,1.126950e+06,3.634443e+07,29075.547983,218066.609871,188991.061889,1.315941e+06,Price expanded in trade direction to hit fixed +0.60% TP at 159.2992.
213,SOLUSD,SHORT,166.173,168.535,2.362,2025-07-16 16:30:00 IST,2025-07-16 17:09:12 IST,2025-07-16 20:44:32 IST,3h 35m 20s,166.7635,168.535,165.7629,1.0623,32.95,35.0,19.77,FILLED_SL,-1.0,71.9497,1.315941e+06,4.335752e+07,34686.012407,-460579.435695,-495265.448102,820675.796740,Dual-touch ambiguous 1H candle. Both TP and SL touched; resolved to SL conservatively.
214,SOLUSD,SHORT,176.951,177.886,0.935,2025-07-19 20:30:00 IST,2025-07-19 21:09:39 IST,2025-07-19 21:18:38 IST,0h 8m 59s,177.1848,177.886,176.1216,0.3958,88.43,35.0,53.06,FILLED_TP,1.516,73.4657,820675.796740,7.257602e+07,58060.814325,435456.107437,377395.293112,1.198071e+06,Price expanded in trade direction to hit fixed +0.60% TP at 176.1216.
215,SOLUSD,LONG,174.815,177.906,3.091,2025-07-20 07:30:00 IST,2025-07-20 08:07:37 IST,2025-07-20 08:49:14 IST,0h 41m 37s,177.1333,174.815,178.196,1.3088,26.74,35.0,16.05,FILLED_TP,0.4584,73.9242,1.198071e+06,3.203985e+07,25631.878894,192239.091703,166607.212809,1.364678e+06,Price expanded in trade direction to hit fixed +0.60% TP at 178.1960.
216,SOLUSD,LONG,193.082,195.62,2.538,2025-07-22 09:30:00 IST,2025-07-22 10:09:17 IST,2025-07-22 10:18:49 IST,0h 9m 32s,194.9855,193.082,196.1554,0.9762,35.85,35.0,21.51,FILLED_TP,0.6146,74.5388,1.364678e+06,4.892691e+07,39141.525995,293561.444962,254419.918967,1.619098e+06,Price expanded in trade direction to hit fixed +0.60% TP at 196.1554.
217,SOLUSD,SHORT,202.51,205.282,2.772,2025-07-22 22:30:00 IST,2025-07-22 22:36:24 IST,2025-07-22 23:00:42 IST,0h 24m 18s,203.203,205.282,201.9838,1.0231,34.21,35.0,20.53,FILLED_TP,0.5864,75.1252,1.619098e+06,5.538815e+07,44310.520664,332328.904980,288018.384316,1.907117e+06,Price expanded in trade direction to hit fixed +0.60% TP at 201.9838.
218,SOLUSD,LONG,198.447,201.44,2.993,2025-07-23 11:30:00 IST,2025-07-23 11:55:32 IST,2025-07-23 12:11:05 IST,0h 15m 33s,200.6918,198.447,201.8959,1.1185,31.29,35.0,18.78,FILLED_TP,0.5364,75.6616,1.907117e+06,5.967698e+07,47741.583405,358061.875537,310320.292132,2.217437e+06,Price expanded in trade direction to hit fixed +0.60% TP at 201.8959.
219,SOLUSD,LONG,185.904,188.317,2.413,2025-07-28 21:30:00 IST,2025-07-28 21:36:09 IST,2025-07-28 22:47:22 IST,1h 11m 13s,187.7138,185.904,188.84,0.9641,36.3,35.0,21.78,FILLED_SL,-1.0,74.6616,2.217437e+06,8.050017e+07,64400.138554,-776102.914327,-840503.052881,1.376934e+06,"Filled at 187.7138, consolidated for 1 bars, then reversed to breach distal SL at 185.9040."
220,SOLUSD,SHORT,177.655,180.539,2.884,2025-07-31 04:30:00 IST,2025-07-31 05:47:59 IST,2025-07-31 09:42:55 IST,3h 54m 56s,178.376,180.539,177.3057,1.2126,28.86,35.0,17.32,FILLED_SL,-1.0,73.6616,1.376934e+06,3.974303e+07,31794.427388,-481926.845819,-513721.273207,863212.571990,"Filled at 178.3760, consolidated for 4 bars, then reversed to breach distal SL at 180.5390."
221,SOLUSD,SHORT,180.316,182.518,2.202,2025-07-31 09:30:00 IST,2025-07-31 10:45:05 IST,2025-07-31 15:03:16 IST,4h 18m 11s,180.8665,182.518,179.7813,0.9131,38.33,35.0,23.0,FILLED_SL,-1.0,72.6616,863212.571990,3.308761e+07,26470.085536,-302124.400196,-328594.485732,534618.086258,"Filled at 180.8665, consolidated for 4 bars, then reversed to breach distal SL at 182.5180."
222,SOLUSD,LONG,174.713,176.599,1.886,2025-07-31 19:30:00 IST,2025-07-31 20:02:48 IST,2025-07-31 20:15:08 IST,0h 12m 20s,176.1275,174.713,177.1843,0.8031,43.58,35.0,26.15,FILLED_TP,0.7471,73.4087,534618.086258,2.329893e+07,18639.141150,139793.558624,121154.417474,655772.503732,Price expanded in trade direction to hit fixed +0.60% TP at 177.1843.
223,SOLUSD,SHORT,162.173,165.064,2.891,2025-08-04 07:30:00 IST,2025-08-04 07:36:05 IST,2025-08-04 10:47:47 IST,3h 11m 42s,162.8957,165.064,161.9184,1.3311,26.29,35.0,15.78,FILLED_TP,0.4508,73.8595,655772.503732,1.724335e+07,13794.680074,103460.100557,89665.420482,745437.924214,Price expanded in trade direction to hit fixed +0.60% TP at 161.9184.
224,SOLUSD,LONG,165.593,167.194,1.601,2025-08-05 17:30:00 IST,2025-08-05 18:13:55 IST,2025-08-05 18:21:21 IST,0h 7m 26s,166.7937,165.593,167.7945,0.7199,48.62,35.0,29.17,FILLED_TP,0.8334,74.693,745437.924214,3.624155e+07,28993.236141,217449.271056,188456.034916,933893.959129,Price expanded in trade direction to hit fixed +0.60% TP at 167.7945.
225,SOLUSD,LONG,161.202,162.4,1.198,2025-08-06 02:30:00 IST,2025-08-06 02:50:21 IST,2025-08-06 03:08:01 IST,0h 17m 40s,162.1005,161.202,163.0731,0.5543,63.14,35.0,37.89,FILLED_TP,1.0825,75.7754,933893.959129,5.897010e+07,47176.082095,353820.615711,306644.533616,1.240538e+06,Price expanded in trade direction to hit fixed +0.60% TP at 163.0731.
226,SOLUSD,LONG,178.835,181.16,2.325,2025-08-10 11:30:00 IST,2025-08-10 12:07:43 IST,2025-08-10 12:17:48 IST,0h 10m 5s,180.5788,178.835,181.6622,0.9656,36.25,35.0,21.75,FILLED_TP,0.6213,76.3968,1.240538e+06,4.496356e+07,35970.849776,269781.373321,233810.523545,1.474349e+06,Price expanded in trade direction to hit fixed +0.60% TP at 181.6622.
227,SOLUSD,SHORT,182.566,185.82,3.254,2025-08-19 16:30:00 IST,2025-08-19 19:13:54 IST,2025-08-19 19:20:44 IST,0h 6m 50s,183.3795,185.82,182.2792,1.3308,26.3,35.0,15.78,FILLED_TP,0.4508,76.8476,1.474349e+06,3.877397e+07,31019.179644,232643.847330,201624.667686,1.675974e+06,Price expanded in trade direction to hit fixed +0.60% TP at 182.2792.
228,SOLUSD,SHORT,180.606,183.411,2.805,2025-08-20 07:30:00 IST,2025-08-20 09:06:46 IST,2025-08-20 09:17:08 IST,0h 10m 22s,181.3073,183.411,180.2194,1.1603,30.16,35.0,18.1,FILLED_TP,0.5171,77.3647,1.675974e+06,5.055409e+07,40443.270503,303324.528770,262881.258267,1.938855e+06,Price expanded in trade direction to hit fixed +0.60% TP at 180.2194.
229,SOLUSD,SHORT,192.842,195.791,2.949,2025-08-22 20:30:00 IST,2025-08-22 20:48:59 IST,2025-08-22 21:07:26 IST,0h 18m 27s,193.5793,195.791,192.4178,1.1426,30.63,35.0,18.38,FILLED_TP,0.5251,77.8899,1.938855e+06,5.939312e+07,47514.494840,356358.711298,308844.216459,2.247699e+06,Price expanded in trade direction to hit fixed +0.60% TP at 192.4178.
230,SOLUSD,LONG,201.189,205.504,4.315,2025-08-25 10:30:00 IST,2025-08-25 11:06:23 IST,2025-08-25 11:16:33 IST,0h 10m 10s,204.4253,201.189,205.6518,1.5831,22.11,35.0,13.27,FILLED_TP,0.379,78.2689,2.247699e+06,4.969340e+07,39754.719037,298160.392778,258405.673741,2.506105e+06,Price expanded in trade direction to hit fixed +0.60% TP at 205.6518.
231,SOLUSD,LONG,200.69,202.593,1.903,2025-08-25 11:30:00 IST,2025-08-25 12:09:43 IST,2025-08-25 12:19:01 IST,0h 9m 18s,202.1172,200.69,203.33,0.7061,49.56,35.0,29.74,FILLED_TP,0.8497,79.1185,2.506105e+06,1.242140e+08,99371.213694,745284.102704,645912.889010,3.152018e+06,Price expanded in trade direction to hit fixed +0.60% TP at 203.3300.
232,SOLUSD,SHORT,196.837,199.451,2.614,2025-08-27 00:30:00 IST,2025-08-27 01:14:12 IST,2025-08-27 01:21:02 IST,0h 6m 50s,197.4905,199.451,196.3056,0.9927,35.26,35.0,21.15,FILLED_TP,0.6044,79.7229,3.152018e+06,1.111312e+08,88904.970992,666787.282438,577882.311446,3.729900e+06,Price expanded in trade direction to hit fixed +0.60% TP at 196.3056.
233,SOLUSD,LONG,207.272,210.593,3.321,2025-08-29 12:30:00 IST,2025-08-29 12:58:21 IST,2025-08-29 13:12:50 IST,0h 14m 29s,209.7627,207.272,211.0213,1.1874,29.48,35.0,17.69,FILLED_TP,0.5053,80.2282,3.729900e+06,1.099420e+08,87953.566065,659651.745484,571698.179420,4.301598e+06,Price expanded in trade direction to hit fixed +0.60% TP at 211.0213.
234,SOLUSD,SHORT,204.34,206.985,2.645,2025-08-31 05:30:00 IST,2025-08-31 06:03:24 IST,2025-08-31 06:15:32 IST,0h 12m 8s,205.0012,206.985,203.7712,0.9677,36.17,35.0,21.7,FILLED_TP,0.62,80.8483,4.301598e+06,1.555849e+08,124467.923350,933509.425129,809041.501778,5.110640e+06,Price expanded in trade direction to hit fixed +0.60% TP at 203.7712.
235,SOLUSD,SHORT,202.36,204.491,2.131,2025-09-02 09:30:00 IST,2025-09-02 10:08:01 IST,2025-09-02 10:17:35 IST,0h 9m 34s,202.8928,204.491,201.6754,0.7877,44.43,35.0,26.66,FILLED_TP,0.7617,81.61,5.110640e+06,2.270728e+08,181658.244229,1.362437e+06,1.180779e+06,6.291418e+06,Price expanded in trade direction to hit fixed +0.60% TP at 201.6754.
236,SOLUSD,LONG,207.921,209.373,1.452,2025-09-04 02:30:00 IST,2025-09-04 02:47:58 IST,2025-09-04 04:46:36 IST,1h 58m 38s,209.01,207.921,210.2641,0.521,67.17,35.0,40.3,FILLED_TP,1.1516,82.7615,6.291418e+06,4.226256e+08,338100.472893,2.535754e+06,2.197653e+06,8.489071e+06,Price expanded in trade direction to hit fixed +0.60% TP at 210.2641.
237,SOLUSD,SHORT,207.46,208.732,1.272,2025-09-05 12:30:00 IST,2025-09-05 13:07:16 IST,2025-09-05 13:17:45 IST,0h 10m 29s,207.778,208.732,206.5313,0.4591,76.23,35.0,45.74,FILLED_TP,1.3068,84.0683,8.489071e+06,6.471119e+08,517689.555792,3.882672e+06,3.364982e+06,1.185405e+07,Price expanded in trade direction to hit fixed +0.60% TP at 206.5313.
238,SOLUSD,SHORT,209.021,212.993,3.972,2025-09-05 18:30:00 IST,2025-09-08 14:57:10 IST,2025-09-08 15:12:09 IST,0h 14m 59s,210.014,212.993,208.7539,1.4185,24.67,35.0,14.8,FILLED_TP,0.423,84.4913,1.185405e+07,2.924911e+08,233992.887877,1.754947e+06,1.520954e+06,1.337501e+07,Price expanded in trade direction to hit fixed +0.60% TP at 208.7539.
239,SOLUSD,LONG,210.862,213.493,2.631,2025-09-09 20:30:00 IST,2025-09-09 21:02:37 IST,2025-09-09 21:15:05 IST,0h 12m 28s,212.8353,210.862,214.1123,0.9271,37.75,35.0,22.65,FILLED_TP,0.6472,85.1385,1.337501e+07,5.049211e+08,403936.877667,3.029527e+06,2.625590e+06,1.600060e+07,Price expanded in trade direction to hit fixed +0.60% TP at 214.1123.
240,SOLUSD,LONG,236.633,238.298,1.665,2025-09-13 21:30:00 IST,2025-09-13 22:02:55 IST,2025-09-13 22:15:15 IST,0h 12m 20s,237.8818,236.633,239.309,0.5249,66.67,35.0,40.0,FILLED_TP,1.143,86.2814,1.600060e+07,1.066817e+09,853453.454991,6.400901e+06,5.547447e+06,2.154804e+07,Price expanded in trade direction to hit fixed +0.60% TP at 239.3090.
241,SOLUSD,SHORT,234.336,238.088,3.752,2025-09-16 02:30:00 IST,2025-09-16 03:11:51 IST,2025-09-16 03:20:05 IST,0h 8m 14s,235.274,238.088,233.8624,1.1961,29.26,35.0,17.56,FILLED_TP,0.5017,86.7831,2.154804e+07,6.305590e+08,504447.224202,3.783354e+06,3.278907e+06,2.482695e+07,Price expanded in trade direction to hit fixed +0.60% TP at 233.8624.
242,SOLUSD,LONG,231.226,234.3076,3.0816,2025-09-17 15:30:00 IST,2025-09-17 20:14:01 IST,2025-09-17 20:20:49 IST,0h 6m 48s,233.5372,231.226,234.9384,0.9896,35.37,35.0,21.22,FILLED_TP,0.6063,87.3894,2.482695e+07,8.780313e+08,702425.008079,5.268188e+06,4.565763e+06,2.939271e+07,Price expanded in trade direction to hit fixed +0.60% TP at 234.9384.
243,SOLUSD,SHORT,244.468,248.4,3.932,2025-09-18 03:30:00 IST,2025-09-18 04:12:36 IST,2025-09-18 04:20:06 IST,0h 7m 30s,245.451,248.4,243.9783,1.2015,29.13,35.0,17.48,FILLED_TP,0.4994,87.8888,2.939271e+07,8.562444e+08,684995.553613,5.137467e+06,4.452471e+06,3.384519e+07,Price expanded in trade direction to hit fixed +0.60% TP at 243.9783.
244,SOLUSD,LONG,242.558,245.029,2.471,2025-09-19 08:30:00 IST,2025-09-19 09:44:15 IST,2025-09-19 14:54:39 IST,5h 10m 24s,244.4112,242.558,245.8777,0.7583,46.16,35.0,27.7,FILLED_SL,-1.0,86.8888,3.384519e+07,1.562256e+09,1.249805e+06,-1.184581e+07,-1.309562e+07,2.074957e+07,"Filled at 244.4112, consolidated for 5 bars, then reversed to breach distal SL at 242.5580."
245,SOLUSD,LONG,237.8856,238.989,1.1034,2025-09-21 13:30:00 IST,2025-09-21 14:06:27 IST,2025-09-21 14:51:27 IST,0h 45m 0s,238.7132,237.8856,240.1454,0.3467,100.0,34.67,60.0,FILLED_SL,-1.0,85.8888,2.074957e+07,2.074957e+09,1.659965e+06,-7.193279e+06,-8.853244e+06,1.189632e+07,"Filled at 238.7132, consolidated for 1 bars, then reversed to breach distal SL at 237.8856."
246,SOLUSD,SHORT,219.363,221.325,1.962,2025-09-23 13:30:00 IST,2025-09-23 14:02:09 IST,2025-09-23 14:14:42 IST,0h 12m 33s,219.8535,221.325,218.5344,0.6693,52.29,35.0,31.38,FILLED_TP,0.8964,86.7852,1.189632e+07,6.220909e+08,497672.720769,3.732545e+06,3.234873e+06,1.513119e+07,Price expanded in trade direction to hit fixed +0.60% TP at 218.5344.
247,SOLUSD,SHORT,197.33,200.8519,3.5219,2025-09-26 21:30:00 IST,2025-09-26 21:59:15 IST,2025-09-26 22:13:15 IST,0h 14m 0s,198.2105,200.8519,197.0212,1.3326,26.26,35.0,15.76,FILLED_TP,0.4502,87.2354,1.513119e+07,3.974016e+08,317921.244956,2.384409e+06,2.066488e+06,1.719768e+07,Price expanded in trade direction to hit fixed +0.60% TP at 197.0212.
248,SOLUSD,LONG,200.8,202.901,2.101,2025-09-28 05:30:00 IST,2025-09-28 06:45:01 IST,2025-09-28 08:52:26 IST,2h 7m 25s,202.3758,200.8,203.59,0.7786,44.95,35.0,26.97,FILLED_SL,-1.0,86.2354,1.719768e+07,7.730527e+08,618442.182935,-6.019189e+06,-6.637631e+06,1.056005e+07,"Filled at 202.3758, consolidated for 2 bars, then reversed to breach distal SL at 200.8000."
249,SOLUSD,SHORT,203.35,204.871,1.521,2025-09-28 20:30:00 IST,2025-09-28 21:45:01 IST,2025-09-28 22:51:42 IST,1h 6m 41s,203.7303,204.871,202.5079,0.5599,62.51,35.0,37.5,FILLED_SL,-1.0,85.2354,1.056005e+07,6.600839e+08,528067.082354,-3.696018e+06,-4.224085e+06,6.335966e+06,"Filled at 203.7303, consolidated for 1 bars, then reversed to breach distal SL at 204.8710."
250,SOLUSD,LONG,205.121,207.942,2.821,2025-09-30 13:30:00 IST,2025-09-30 14:42:47 IST,2025-09-30 18:56:03 IST,4h 13m 16s,207.2368,205.121,208.4802,1.0209,34.28,35.0,20.57,FILLED_TP,0.5877,85.8231,6.335966e+06,2.172118e+08,173769.401974,1.303271e+06,1.129501e+06,7.465467e+06,Price expanded in trade direction to hit fixed +0.60% TP at 208.4802.
251,SOLUSD,SHORT,217.753,221.684,3.931,2025-10-01 23:30:00 IST,2025-10-01 23:58:53 IST,2025-10-02 00:12:33 IST,0h 13m 40s,218.7357,221.684,217.4233,1.3479,25.97,35.0,15.58,FILLED_TP,0.4452,86.2683,7.465467e+06,1.938566e+08,155085.249139,1.163139e+06,1.008054e+06,8.473521e+06,Price expanded in trade direction to hit fixed +0.60% TP at 217.4233.
252,SOLUSD,LONG,222.3561,225.135,2.7789,2025-10-02 19:30:00 IST,2025-10-02 19:57:41 IST,2025-10-02 20:12:20 IST,0h 14m 39s,224.4403,222.3561,225.7869,0.9286,37.69,35.0,22.61,FILLED_TP,0.6461,86.9144,8.473521e+06,3.193733e+08,255498.628768,1.916240e+06,1.660741e+06,1.013426e+07,Price expanded in trade direction to hit fixed +0.60% TP at 225.7869.
253,SOLUSD,LONG,227.106,230.9734,3.8674,2025-10-03 22:30:00 IST,2025-10-03 23:02:00 IST,2025-10-03 23:14:17 IST,0h 12m 17s,230.0066,227.106,231.3866,1.2611,27.75,35.0,16.65,FILLED_TP,0.4758,87.3902,1.013426e+07,2.812678e+08,225014.253351,1.687607e+06,1.462593e+06,1.159686e+07,Price expanded in trade direction to hit fixed +0.60% TP at 231.3866.
254,SOLUSD,LONG,230.551,234.197,3.646,2025-10-07 01:30:00 IST,2025-10-07 02:11:03 IST,2025-10-07 02:19:31 IST,0h 8m 28s,233.2855,230.551,234.6852,1.1722,29.86,35.0,17.92,FILLED_TP,0.5119,87.9021,1.159686e+07,3.462726e+08,277018.059505,2.077635e+06,1.800617e+06,1.339747e+07,Price expanded in trade direction to hit fixed +0.60% TP at 234.6852.
255,SOLUSD,LONG,217.283,219.9965,2.7135,2025-10-10 19:30:00 IST,2025-10-10 20:36:42 IST,2025-10-10 21:00:52 IST,0h 24m 10s,219.3181,217.283,220.634,0.9279,37.72,35.0,22.63,FILLED_SL,-1.0,86.9021,1.339747e+07,5.053292e+08,404263.323817,-4.689115e+06,-5.093379e+06,8.304094e+06,Instant penetration blowthrough. Filled limit at 219.3181 and pierced distal SL at 217.2830 in same candle.
256,SOLUSD,LONG,206.31,209.471,3.161,2025-10-10 23:30:00 IST,2025-10-10 23:51:09 IST,2025-10-11 00:08:34 IST,0h 17m 25s,208.6807,206.31,209.9328,1.1361,30.81,35.0,18.48,FILLED_TP,0.5281,87.4302,8.304094e+06,2.558332e+08,204666.568957,1.534999e+06,1.330333e+06,9.634427e+06,Price expanded in trade direction to hit fixed +0.60% TP at 209.9328.
257,SOLUSD,SHORT,182.327,184.889,2.562,2025-10-12 11:30:00 IST,2025-10-12 18:13:02 IST,2025-10-12 18:20:20 IST,0h 7m 18s,182.9675,184.889,181.8697,1.0502,33.33,35.0,20.0,FILLED_TP,0.5713,88.0015,9.634427e+06,3.210905e+08,256872.413400,1.926543e+06,1.669671e+06,1.130410e+07,Price expanded in trade direction to hit fixed +0.60% TP at 181.8697.
258,SOLUSD,LONG,190.04,195.46,5.42,2025-10-14 11:30:00 IST,2025-10-14 12:04:24 IST,2025-10-14 12:16:10 IST,0h 11m 46s,194.105,190.04,195.2696,2.0942,16.71,35.0,10.03,FILLED_TP,0.2865,88.288,1.130410e+07,1.889209e+08,151136.753146,1.133526e+06,982388.895448,1.228649e+07,Price expanded in trade direction to hit fixed +0.60% TP at 195.2696.
259,SOLUSD,LONG,200.47,203.572,3.102,2025-10-15 16:30:00 IST,2025-10-15 16:58:17 IST,2025-10-15 17:12:22 IST,0h 14m 5s,202.7965,200.47,204.0133,1.1472,30.51,35.0,18.31,FILLED_TP,0.523,88.811,1.228649e+07,3.748462e+08,299876.976968,2.249077e+06,1.949200e+06,1.423569e+07,Price expanded in trade direction to hit fixed +0.60% TP at 204.0133.
260,SOLUSD,LONG,191.365,194.418,3.053,2025-10-16 19:30:00 IST,2025-10-16 19:54:01 IST,2025-10-16 20:10:27 IST,0h 16m 26s,193.6548,191.365,194.8167,1.1824,29.6,35.0,17.76,FILLED_TP,0.5074,89.3185,1.423569e+07,4.213923e+08,337113.800676,2.528354e+06,2.191240e+06,1.642693e+07,Price expanded in trade direction to hit fixed +0.60% TP at 194.8167.
261,SOLUSD,SHORT,184.752,187.515,2.763,2025-10-18 02:30:00 IST,2025-10-18 03:03:46 IST,2025-10-18 03:15:35 IST,0h 11m 49s,185.4427,187.515,184.3301,1.1175,31.32,35.0,18.79,FILLED_TP,0.5369,89.8554,1.642693e+07,5.145079e+08,411606.332120,3.087047e+06,2.675441e+06,1.910237e+07,Price expanded in trade direction to hit fixed +0.60% TP at 184.3301.
262,SOLUSD,LONG,183.162,188.745,5.583,2025-10-20 04:30:00 IST,2025-10-20 05:08:24 IST,2025-10-20 05:18:17 IST,0h 9m 53s,187.3493,183.162,188.4733,2.235,15.66,35.0,9.4,FILLED_TP,0.2685,90.1239,1.910237e+07,2.991426e+08,239314.102079,1.794856e+06,1.555542e+06,2.065791e+07,Price expanded in trade direction to hit fixed +0.60% TP at 188.4733.
263,SOLUSD,LONG,183.7822,187.874,4.0918,2025-10-20 21:30:00 IST,2025-10-20 22:13:07 IST,2025-10-20 22:20:48 IST,0h 7m 41s,186.851,183.7822,187.9722,1.6424,21.31,35.0,12.79,FILLED_TP,0.3653,90.4892,2.065791e+07,4.402246e+08,352179.662146,2.641347e+06,2.289168e+06,2.294708e+07,Price expanded in trade direction to hit fixed +0.60% TP at 187.9722.
264,SOLUSD,SHORT,191.912,197.181,5.269,2025-10-23 21:30:00 IST,2025-10-23 23:07:15 IST,2025-10-23 23:17:39 IST,0h 10m 24s,193.2293,197.181,192.0699,2.0451,17.11,35.0,10.27,FILLED_TP,0.2934,90.7826,2.294708e+07,3.927162e+08,314172.962112,2.356297e+06,2.042124e+06,2.498920e+07,Price expanded in trade direction to hit fixed +0.60% TP at 192.0699.
265,SOLUSD,LONG,188.364,191.306,2.942,2025-10-24 19:30:00 IST,2025-10-24 19:59:48 IST,2025-10-24 20:12:57 IST,0h 13m 9s,190.5705,188.364,191.7139,1.1578,30.23,35.0,18.14,FILLED_TP,0.5182,91.3008,2.498920e+07,7.553916e+08,604313.288434,4.532350e+06,3.928036e+06,2.891724e+07,Price expanded in trade direction to hit fixed +0.60% TP at 191.7139.
266,SOLUSD,LONG,196.9,198.52,1.62,2025-10-28 03:30:00 IST,2025-10-28 04:09:48 IST,2025-10-28 04:19:06 IST,0h 9m 18s,198.115,196.9,199.3037,0.6133,57.07,35.0,34.24,FILLED_TP,0.9783,92.2791,2.891724e+07,1.650311e+09,1.320249e+06,9.901869e+06,8.581620e+06,3.749886e+07,Price expanded in trade direction to hit fixed +0.60% TP at 199.3037.
267,SOLUSD,LONG,192.697,195.0,2.303,2025-10-29 13:30:00 IST,2025-10-29 14:04:12 IST,2025-10-29 14:15:50 IST,0h 11m 38s,194.4243,192.697,195.5908,0.8884,39.4,35.0,23.64,FILLED_TP,0.6754,92.9545,3.749886e+07,1.477343e+09,1.181874e+06,8.864057e+06,7.682183e+06,4.518104e+07,Price expanded in trade direction to hit fixed +0.60% TP at 195.5908.
268,SOLUSD,LONG,184.541,186.562,2.021,2025-10-31 17:30:00 IST,2025-10-31 19:07:56 IST,2025-10-31 19:18:07 IST,0h 10m 11s,186.0568,184.541,187.1731,0.8147,42.96,35.0,25.78,FILLED_TP,0.7365,93.691,4.518104e+07,1.941074e+09,1.552859e+06,1.164644e+07,1.009359e+07,5.527463e+07,Price expanded in trade direction to hit fixed +0.60% TP at 187.1731.
269,SOLUSD,SHORT,185.928,187.095,1.167,2025-11-02 00:30:00 IST,2025-11-02 01:09:00 IST,2025-11-02 03:42:05 IST,2h 33m 5s,186.2198,187.095,185.1024,0.47,74.47,35.0,44.68,FILLED_TP,1.2766,94.9676,5.527463e+07,4.116115e+09,3.292892e+06,2.469669e+07,2.140380e+07,7.667842e+07,Price expanded in trade direction to hit fixed +0.60% TP at 185.1024.
270,SOLUSD,SHORT,186.693,188.355,1.662,2025-11-03 04:30:00 IST,2025-11-03 05:01:18 IST,2025-11-03 05:13:59 IST,0h 12m 41s,187.1085,188.355,185.9858,0.6662,52.54,35.0,31.52,FILLED_TP,0.9006,95.8682,7.667842e+07,4.028491e+09,3.222793e+06,2.417095e+07,2.094816e+07,9.762658e+07,Price expanded in trade direction to hit fixed +0.60% TP at 185.9858.
271,SOLUSD,LONG,172.374,177.275,4.901,2025-11-03 18:30:00 IST,2025-11-03 18:36:22 IST,2025-11-03 20:46:40 IST,2h 10m 18s,176.0498,172.374,177.106,2.0879,16.76,35.0,10.06,FILLED_SL,-1.0,94.8682,9.762658e+07,1.636536e+09,1.309229e+06,-3.416930e+07,-3.547853e+07,6.214805e+07,"Filled at 176.0498, consolidated for 2 bars, then reversed to breach distal SL at 172.3740."
272,SOLUSD,SHORT,161.29,165.0637,3.7737,2025-11-05 21:30:00 IST,2025-11-05 23:00:31 IST,2025-11-05 23:13:36 IST,0h 13m 5s,162.2334,165.0637,161.26,1.7446,20.06,35.0,12.04,FILLED_TP,0.3439,95.2121,6.214805e+07,1.246830e+09,997463.974599,7.480980e+06,6.483516e+06,6.863156e+07,Price expanded in trade direction to hit fixed +0.60% TP at 161.2600.
273,SOLUSD,LONG,153.686,156.478,2.792,2025-11-07 03:30:00 IST,2025-11-07 03:47:19 IST,2025-11-07 04:06:15 IST,0h 18m 56s,155.78,153.686,156.7147,1.3442,26.04,35.0,15.62,FILLED_TP,0.4464,95.6585,6.863156e+07,1.787010e+09,1.429608e+06,1.072206e+07,9.292451e+06,7.792401e+07,Price expanded in trade direction to hit fixed +0.60% TP at 156.7147.
274,SOLUSD,SHORT,156.798,158.6,1.802,2025-11-07 21:30:00 IST,2025-11-07 22:01:26 IST,2025-11-07 22:14:05 IST,0h 12m 39s,157.2485,158.6,156.305,0.8595,40.72,35.0,24.43,FILLED_TP,0.6981,96.3566,7.792401e+07,3.173290e+09,2.538632e+06,1.903974e+07,1.650111e+07,9.442512e+07,Price expanded in trade direction to hit fixed +0.60% TP at 156.3050.
275,SOLUSD,LONG,164.789,167.814,3.025,2025-11-11 09:30:00 IST,2025-11-11 10:07:43 IST,2025-11-11 10:17:38 IST,0h 9m 55s,167.0577,164.789,168.0601,1.3581,25.77,35.0,15.46,FILLED_TP,0.4418,96.7984,9.442512e+07,2.433524e+09,1.946819e+06,1.460114e+07,1.265432e+07,1.070794e+08,Price expanded in trade direction to hit fixed +0.60% TP at 168.0601.
276,SOLUSD,LONG,150.965,154.188,3.223,2025-11-13 02:30:00 IST,2025-11-13 03:11:25 IST,2025-11-13 05:52:27 IST,2h 41m 2s,153.3822,150.965,154.3025,1.576,22.21,35.0,13.33,FILLED_TP,0.3807,97.1791,1.070794e+08,2.378087e+09,1.902469e+06,1.426852e+07,1.236605e+07,1.194455e+08,Price expanded in trade direction to hit fixed +0.60% TP at 154.3025.
277,SOLUSD,LONG,152.256,154.448,2.192,2025-11-13 18:30:00 IST,2025-11-13 19:11:31 IST,2025-11-13 19:19:25 IST,0h 7m 54s,153.9,152.256,154.8234,1.0682,32.76,35.0,19.66,FILLED_TP,0.5617,97.7408,1.194455e+08,3.913584e+09,3.130867e+06,2.348150e+07,2.035064e+07,1.397961e+08,Price expanded in trade direction to hit fixed +0.60% TP at 154.8234.
278,SOLUSD,LONG,139.259,141.57,2.311,2025-11-19 08:30:00 IST,2025-11-19 08:51:53 IST,2025-11-19 09:08:43 IST,0h 16m 50s,140.9922,139.259,141.8382,1.2293,28.47,35.0,17.08,FILLED_TP,0.4881,98.2289,1.397961e+08,3.980130e+09,3.184104e+06,2.388078e+07,2.069668e+07,1.604928e+08,Price expanded in trade direction to hit fixed +0.60% TP at 141.8382.
279,SOLUSD,SHORT,140.019,142.822,2.803,2025-11-19 12:30:00 IST,2025-11-19 13:06:41 IST,2025-11-19 13:17:21 IST,0h 10m 40s,140.7198,142.822,139.8754,1.4939,23.43,35.0,14.06,FILLED_TP,0.4016,98.6305,1.604928e+08,3.760056e+09,3.008045e+06,2.256034e+07,1.955229e+07,1.800451e+08,Price expanded in trade direction to hit fixed +0.60% TP at 139.8754.
280,SOLUSD,LONG,128.094,129.425,1.331,2025-11-24 14:30:00 IST,2025-11-24 15:01:49 IST,2025-11-24 15:14:29 IST,0h 12m 40s,129.0923,128.094,129.8668,0.7733,45.26,35.0,27.16,FILLED_TP,0.7759,99.4064,1.800451e+08,8.149111e+09,6.519288e+06,4.889466e+07,4.237537e+07,2.224205e+08,Price expanded in trade direction to hit fixed +0.60% TP at 129.8668.
281,SOLUSD,SHORT,141.484,143.136,1.652,2025-11-28 14:30:00 IST,2025-11-28 14:49:16 IST,2025-11-28 15:07:28 IST,0h 18m 12s,141.897,143.136,141.0456,0.8732,40.08,35.0,24.05,FILLED_TP,0.6872,100.0936,2.224205e+08,8.915480e+09,7.132384e+06,5.349288e+07,4.636049e+07,2.687810e+08,Price expanded in trade direction to hit fixed +0.60% TP at 141.0456.
282,SOLUSD,SHORT,137.008,137.839,0.831,2025-11-30 17:30:00 IST,2025-11-30 17:58:20 IST,2025-11-30 18:12:12 IST,0h 13m 52s,137.2158,137.839,136.3925,0.4542,77.06,35.0,46.23,FILLED_TP,1.321,101.4146,2.687810e+08,2.071134e+10,1.656907e+07,1.242681e+08,1.076990e+08,3.764800e+08,Price expanded in trade direction to hit fixed +0.60% TP at 136.3925.
283,SOLUSD,SHORT,126.85,127.98,1.13,2025-12-02 05:30:00 IST,2025-12-02 05:57:34 IST,2025-12-02 06:49:31 IST,0h 51m 57s,127.1325,127.98,126.3697,0.6666,52.5,35.0,31.5,FILLED_SL,-1.0,100.4146,3.764800e+08,1.976636e+10,1.581309e+07,-1.317680e+08,-1.475811e+08,2.288989e+08,"Filled at 127.1325, consolidated for 1 bars, then reversed to breach distal SL at 127.9800."
284,SOLUSD,LONG,139.9,141.79,1.89,2025-12-04 23:30:00 IST,2025-12-04 23:53:16 IST,2025-12-05 00:10:02 IST,0h 16m 46s,141.3175,139.9,142.1654,1.0031,34.89,35.0,20.94,FILLED_TP,0.5982,101.0127,2.288989e+08,7.987017e+09,6.389613e+06,4.792210e+07,4.153249e+07,2.704314e+08,Price expanded in trade direction to hit fixed +0.60% TP at 142.1654.
285,SOLUSD,LONG,130.584,132.357,1.773,2025-12-09 14:30:00 IST,2025-12-09 19:59:17 IST,2025-12-09 20:13:19 IST,0h 14m 2s,131.9137,130.584,132.7052,1.008,34.72,35.0,20.83,FILLED_TP,0.5952,101.6079,2.704314e+08,9.389558e+09,7.511647e+06,5.633735e+07,4.882570e+07,3.192571e+08,Price expanded in trade direction to hit fixed +0.60% TP at 132.7052.
286,SOLUSD,SHORT,138.038,140.22,2.182,2025-12-11 00:30:00 IST,2025-12-11 00:53:29 IST,2025-12-11 01:09:33 IST,0h 16m 4s,138.5835,140.22,137.752,1.1809,29.64,35.0,17.78,FILLED_TP,0.5081,102.116,3.192571e+08,9.462461e+09,7.569968e+06,5.677476e+07,4.920479e+07,3.684619e+08,Price expanded in trade direction to hit fixed +0.60% TP at 137.7520.
287,SOLUSD,SHORT,136.388,139.499,3.111,2025-12-12 02:30:00 IST,2025-12-12 02:59:51 IST,2025-12-12 03:13:42 IST,0h 13m 51s,137.1658,139.499,136.3428,1.701,20.58,35.0,12.35,FILLED_TP,0.3527,102.4688,3.684619e+08,7.581323e+09,6.065058e+06,4.548794e+07,3.942288e+07,4.078847e+08,Price expanded in trade direction to hit fixed +0.60% TP at 136.3428.
288,SOLUSD,LONG,132.301,132.977,0.676,2025-12-13 17:30:00 IST,2025-12-13 18:02:42 IST,2025-12-13 18:15:12 IST,0h 12m 30s,132.808,132.301,133.6048,0.3818,91.68,35.0,55.01,FILLED_TP,1.5717,104.0404,4.078847e+08,3.739571e+10,2.991657e+07,2.243743e+08,1.944577e+08,6.023424e+08,Price expanded in trade direction to hit fixed +0.60% TP at 133.6048.
289,SOLUSD,LONG,129.024,131.5,2.476,2025-12-15 03:30:00 IST,2025-12-15 03:36:49 IST,2025-12-15 04:51:10 IST,1h 14m 21s,130.881,129.024,131.6663,1.4188,24.67,35.0,14.8,FILLED_SL,-1.0,103.0404,6.023424e+08,1.485854e+10,1.188683e+07,-2.108199e+08,-2.227067e+08,3.796357e+08,"Filled at 130.8810, consolidated for 1 bars, then reversed to breach distal SL at 129.0240."
290,SOLUSD,SHORT,132.686,133.647,0.961,2025-12-15 14:30:00 IST,2025-12-15 15:09:28 IST,2025-12-15 16:59:24 IST,1h 49m 56s,132.9263,133.647,132.1287,0.5422,64.55,35.0,38.73,FILLED_TP,1.1066,104.147,3.796357e+08,2.450537e+10,1.960430e+07,1.470322e+08,1.274279e+08,5.070637e+08,Price expanded in trade direction to hit fixed +0.60% TP at 132.1287.
291,SOLUSD,LONG,123.11,126.3,3.19,2025-12-16 05:30:00 IST,2025-12-16 09:02:12 IST,2025-12-16 09:14:41 IST,0h 12m 29s,125.5025,123.11,126.2555,1.9063,18.36,35.0,11.02,FILLED_TP,0.3147,104.4618,5.070637e+08,9.309599e+09,7.447679e+06,5.585759e+07,4.840991e+07,5.554736e+08,Price expanded in trade direction to hit fixed +0.60% TP at 126.2555.
292,SOLUSD,LONG,124.862,126.793,1.931,2025-12-16 18:30:00 IST,2025-12-16 20:02:30 IST,2025-12-16 20:14:42 IST,0h 12m 12s,126.3102,124.862,127.0681,1.1466,30.53,35.0,18.32,FILLED_TP,0.5233,104.985,5.554736e+08,1.695612e+10,1.356490e+07,1.017367e+08,8.817183e+07,6.436454e+08,Price expanded in trade direction to hit fixed +0.60% TP at 127.0681.
293,SOLUSD,SHORT,128.774,129.835,1.061,2025-12-17 18:30:00 IST,2025-12-17 19:03:11 IST,2025-12-17 19:14:49 IST,0h 11m 38s,129.0393,129.835,128.265,0.6167,56.76,35.0,34.05,FILLED_TP,0.973,105.958,6.436454e+08,3.653086e+10,2.922469e+07,2.191852e+08,1.899605e+08,8.336059e+08,Price expanded in trade direction to hit fixed +0.60% TP at 128.2650.
294,SOLUSD,SHORT,131.703,133.297,1.594,2025-12-17 19:30:00 IST,2025-12-17 20:08:07 IST,2025-12-17 20:18:06 IST,0h 9m 59s,132.1015,133.297,131.3089,0.905,38.67,35.0,23.2,FILLED_TP,0.663,106.621,8.336059e+08,3.223940e+10,2.579152e+07,1.934364e+08,1.676449e+08,1.001251e+09,Price expanded in trade direction to hit fixed +0.60% TP at 131.3089.
295,SOLUSD,LONG,125.98,127.0303,1.0503,2025-12-17 20:30:00 IST,2025-12-17 21:13:36 IST,2025-12-17 21:20:49 IST,0h 7m 13s,126.7677,125.98,127.5283,0.6214,56.33,35.0,33.8,FILLED_TP,0.9656,107.5866,1.001251e+09,5.639557e+10,4.511645e+07,3.383734e+08,2.932570e+08,1.294508e+09,Price expanded in trade direction to hit fixed +0.60% TP at 127.5283.
296,SOLUSD,SHORT,126.112,126.694,0.582,2025-12-21 14:30:00 IST,2025-12-21 15:01:49 IST,2025-12-21 15:14:42 IST,0h 12m 53s,126.2575,126.694,125.5,0.3457,100.0,34.57,60.0,FILLED_TP,1.7355,109.3221,1.294508e+09,1.294508e+11,1.035606e+08,7.767046e+08,6.731440e+08,1.967652e+09,Price expanded in trade direction to hit fixed +0.60% TP at 125.5000.
297,SOLUSD,SHORT,125.582,126.614,1.032,2025-12-22 00:30:00 IST,2025-12-22 01:11:18 IST,2025-12-22 01:19:59 IST,0h 8m 41s,125.84,126.614,125.085,0.6151,56.9,35.0,34.14,FILLED_TP,0.9755,110.2976,1.967652e+09,1.119680e+11,8.957442e+07,6.718082e+08,5.822337e+08,2.549886e+09,Price expanded in trade direction to hit fixed +0.60% TP at 125.0850.
298,SOLUSD,LONG,124.362,125.463,1.101,2025-12-23 00:30:00 IST,2025-12-23 01:02:21 IST,2025-12-23 01:14:59 IST,0h 12m 38s,125.1877,124.362,125.9389,0.6596,53.06,35.0,31.84,FILLED_TP,0.9096,111.2072,2.549886e+09,1.353013e+11,1.082410e+08,8.118078e+08,7.035668e+08,3.253452e+09,Price expanded in trade direction to hit fixed +0.60% TP at 125.9389.
299,SOLUSD,LONG,123.384,125.583,2.199,2025-12-23 01:30:00 IST,2025-12-23 01:36:54 IST,2025-12-23 03:58:11 IST,2h 21m 17s,125.0332,123.384,125.7834,1.319,26.53,35.0,15.92,FILLED_TP,0.4549,111.6621,3.253452e+09,8.632797e+10,6.906237e+07,5.179678e+08,4.489054e+08,3.702358e+09,Price expanded in trade direction to hit fixed +0.60% TP at 125.7834.
300,SOLUSD,SHORT,123.481,125.663,2.182,2025-12-25 20:30:00 IST,2025-12-25 21:12:27 IST,2025-12-25 21:20:37 IST,0h 8m 10s,124.0265,125.663,123.2823,1.3195,26.53,35.0,15.92,FILLED_TP,0.4547,112.1168,3.702358e+09,9.820755e+10,7.856604e+07,5.892453e+08,5.106793e+08,4.213037e+09,Price expanded in trade direction to hit fixed +0.60% TP at 123.2823.
301,SOLUSD,LONG,121.3017,122.1087,0.807,2025-12-26 03:30:00 IST,2025-12-26 04:02:58 IST,2025-12-26 04:15:04 IST,0h 12m 6s,121.9069,121.3017,122.6384,0.4965,70.5,35.0,42.3,FILLED_TP,1.2085,113.3253,4.213037e+09,2.970004e+11,2.376003e+08,1.782002e+09,1.544402e+09,5.757439e+09,Price expanded in trade direction to hit fixed +0.60% TP at 122.6384.
302,SOLUSD,LONG,117.108,120.211,3.103,2025-12-26 04:30:00 IST,2025-12-26 06:03:06 IST,2025-12-26 06:14:45 IST,0h 11m 39s,119.4352,117.108,120.1519,1.9485,17.96,35.0,10.78,FILLED_TP,0.3079,113.6332,5.757439e+09,1.034158e+11,8.273263e+07,6.204948e+08,5.377621e+08,6.295201e+09,Price expanded in trade direction to hit fixed +0.60% TP at 120.1519.
303,SOLUSD,SHORT,123.341,124.483,1.142,2025-12-26 07:30:00 IST,2025-12-26 08:08:53 IST,2025-12-26 08:17:59 IST,0h 9m 6s,123.6265,124.483,122.8847,0.6928,50.52,35.0,30.31,FILLED_TP,0.866,114.4993,6.295201e+09,3.180254e+11,2.544203e+08,1.908153e+09,1.653732e+09,7.948933e+09,Price expanded in trade direction to hit fixed +0.60% TP at 122.8847.
304,SOLUSD,SHORT,123.921,125.166,1.245,2025-12-28 07:30:00 IST,2025-12-28 07:55:31 IST,2025-12-28 23:59:50 IST,16h 4m 19s,124.2323,125.166,123.4869,0.7516,46.57,35.0,27.94,FILLED_TP,0.7983,115.2975,7.948933e+09,3.701525e+11,2.961220e+08,2.220915e+09,1.924793e+09,9.873726e+09,Price expanded in trade direction to hit fixed +0.60% TP at 123.4869.
305,SOLUSD,LONG,123.54,125.373,1.833,2025-12-30 22:30:00 IST,2025-12-30 22:59:12 IST,2025-12-30 23:12:48 IST,0h 13m 36s,124.9147,123.54,125.6642,1.1006,31.8,35.0,19.08,FILLED_TP,0.5452,115.8427,9.873726e+09,3.140068e+11,2.512055e+08,1.884041e+09,1.632836e+09,1.150656e+10,Price expanded in trade direction to hit fixed +0.60% TP at 125.6642.
306,SOLUSD,LONG,125.162,126.0981,0.9361,2025-12-31 19:30:00 IST,2025-12-31 19:52:49 IST,2025-12-31 20:09:22 IST,0h 16m 33s,125.8641,125.162,126.6193,0.5578,62.75,35.0,37.65,FILLED_TP,1.0756,116.9184,1.150656e+10,7.219912e+11,5.775929e+08,4.331947e+09,3.754354e+09,1.526092e+10,Price expanded in trade direction to hit fixed +0.60% TP at 126.6193.
307,SOLUSD,LONG,133.106,134.2063,1.1003,2026-01-05 18:30:00 IST,2026-01-05 18:59:03 IST,2026-01-05 19:12:50 IST,0h 13m 47s,133.9312,133.106,134.7348,0.6162,56.8,35.0,34.08,FILLED_TP,0.9738,117.8921,1.526092e+10,8.668782e+11,6.935026e+08,5.201269e+09,4.507767e+09,1.976868e+10,Price expanded in trade direction to hit fixed +0.60% TP at 134.7348.
308,SOLUSD,SHORT,138.379,139.9,1.521,2026-01-06 02:30:00 IST,2026-01-06 03:13:11 IST,2026-01-06 03:20:40 IST,0h 7m 29s,138.7593,139.9,137.9267,0.8221,42.57,35.0,25.54,FILLED_TP,0.7298,118.622,1.976868e+10,8.416223e+11,6.732978e+08,5.049734e+09,4.376436e+09,2.414512e+10,Price expanded in trade direction to hit fixed +0.60% TP at 137.9267.
309,SOLUSD,SHORT,138.75,140.162,1.412,2026-01-06 03:30:00 IST,2026-01-06 04:10:16 IST,2026-01-06 04:57:23 IST,0h 47m 7s,139.103,140.162,138.2684,0.7613,45.97,35.0,27.58,FILLED_TP,0.7881,119.4101,2.414512e+10,1.110038e+12,8.880306e+08,6.660229e+09,5.772199e+09,2.991732e+10,Price expanded in trade direction to hit fixed +0.60% TP at 138.2684.
310,SOLUSD,LONG,137.338,139.1,1.762,2026-01-06 21:30:00 IST,2026-01-06 22:08:12 IST,2026-01-06 22:18:17 IST,0h 10m 5s,138.6595,137.338,139.4915,0.9531,36.72,35.0,22.03,FILLED_TP,0.6296,120.0397,2.991732e+10,1.098685e+12,8.789479e+08,6.592109e+09,5.713161e+09,3.563048e+10,Price expanded in trade direction to hit fixed +0.60% TP at 139.4915.
311,SOLUSD,LONG,134.627,135.7,1.073,2026-01-07 20:30:00 IST,2026-01-07 21:11:46 IST,2026-01-07 21:20:05 IST,0h 8m 19s,135.4317,134.627,136.2443,0.5942,58.9,35.0,35.34,FILLED_TP,1.0097,121.0494,3.563048e+10,2.098694e+12,1.678956e+09,1.259217e+10,1.091321e+10,4.654369e+10,Price expanded in trade direction to hit fixed +0.60% TP at 136.2443.
312,SOLUSD,SHORT,136.425,138.36,1.935,2026-01-08 21:30:00 IST,2026-01-08 21:45:17 IST,2026-01-08 22:39:01 IST,0h 53m 44s,136.9087,138.36,136.0873,1.06,33.02,35.0,19.81,FILLED_SL,-1.0,120.0494,4.654369e+10,1.536802e+12,1.229441e+09,-1.629029e+10,-1.751973e+10,2.902396e+10,"Filled at 136.9087, consolidated for 1 bars, then reversed to breach distal SL at 138.3600."
313,SOLUSD,LONG,135.727,136.169,0.442,2026-01-10 19:30:00 IST,2026-01-10 20:07:13 IST,2026-01-11 03:09:34 IST,7h 2m 21s,136.0585,135.727,136.8749,0.2436,100.0,24.36,60.0,FILLED_SL,-1.0,119.0494,2.902396e+10,2.902396e+12,2.321917e+09,-7.071548e+09,-9.393464e+09,1.963049e+10,"Filled at 136.0585, consolidated for 7 bars, then reversed to breach distal SL at 135.7270."
314,SOLUSD,SHORT,136.538,137.059,0.521,2026-01-11 13:30:00 IST,2026-01-11 14:00:20 IST,2026-01-11 17:56:49 IST,3h 56m 29s,136.6683,137.059,135.8482,0.2859,100.0,28.59,60.0,FILLED_SL,-1.0,118.0494,1.963049e+10,1.963049e+12,1.570439e+09,-5.612580e+09,-7.183020e+09,1.244747e+10,"Filled at 136.6683, consolidated for 4 bars, then reversed to breach distal SL at 137.0590."
315,SOLUSD,LONG,137.558,139.789,2.231,2026-01-12 14:30:00 IST,2026-01-12 15:11:02 IST,2026-01-12 15:19:18 IST,0h 8m 16s,139.2312,137.558,140.0666,1.2018,29.12,35.0,17.47,FILLED_TP,0.4993,118.5487,1.244747e+10,3.625143e+11,2.900114e+08,2.175086e+09,1.885074e+09,1.433255e+10,Price expanded in trade direction to hit fixed +0.60% TP at 140.0666.
316,SOLUSD,SHORT,142.121,144.3109,2.1899,2026-01-13 15:30:00 IST,2026-01-13 18:48:57 IST,2026-01-13 19:45:22 IST,0h 56m 25s,142.6685,144.3109,141.8125,1.1512,30.4,35.0,18.24,FILLED_TP,0.5212,119.0698,1.433255e+10,4.357465e+11,3.485972e+08,2.614479e+09,2.265882e+09,1.659843e+10,Price expanded in trade direction to hit fixed +0.60% TP at 141.8125.
317,SOLUSD,LONG,142.468,143.643,1.175,2026-01-15 08:30:00 IST,2026-01-15 09:10:45 IST,2026-01-15 09:19:18 IST,0h 8m 33s,143.3492,142.468,144.2093,0.6148,56.93,35.0,34.16,FILLED_TP,0.976,120.0458,1.659843e+10,9.449990e+11,7.559992e+08,5.669994e+09,4.913995e+09,2.151242e+10,Price expanded in trade direction to hit fixed +0.60% TP at 144.2093.
318,SOLUSD,LONG,141.48,143.636,2.156,2026-01-16 18:30:00 IST,2026-01-16 18:57:35 IST,2026-01-16 20:50:37 IST,1h 53m 2s,143.097,141.48,143.9556,1.13,30.97,35.0,18.58,FILLED_SL,-1.0,119.0458,2.151242e+10,6.663124e+11,5.330499e+08,-7.529348e+09,-8.062398e+09,1.345003e+10,"Filled at 143.0970, consolidated for 2 bars, then reversed to breach distal SL at 141.4800."
319,SOLUSD,SHORT,143.121,143.872,0.751,2026-01-16 22:30:00 IST,2026-01-16 23:11:38 IST,2026-01-16 23:19:51 IST,0h 8m 13s,143.3088,143.872,142.4489,0.393,89.05,35.0,53.43,FILLED_TP,1.5266,120.5724,1.345003e+10,1.197740e+12,9.581922e+08,7.186442e+09,6.228250e+09,1.967828e+10,Price expanded in trade direction to hit fixed +0.60% TP at 142.4489.
320,SOLUSD,SHORT,144.472,146.023,1.551,2026-01-17 01:30:00 IST,2026-01-17 02:07:02 IST,2026-01-17 02:17:39 IST,0h 10m 37s,144.8598,146.023,143.9906,0.803,43.59,35.0,26.15,FILLED_TP,0.7472,121.3196,1.967828e+10,8.576888e+11,6.861510e+08,5.146133e+09,4.459982e+09,2.413826e+10,Price expanded in trade direction to hit fixed +0.60% TP at 143.9906.
321,SOLUSD,SHORT,142.311,142.632,0.321,2026-01-18 22:30:00 IST,2026-01-18 23:12:09 IST,2026-01-18 23:47:07 IST,0h 34m 58s,142.3913,142.632,141.5369,0.1691,100.0,16.91,60.0,FILLED_SL,-1.0,120.3196,2.413826e+10,2.413826e+12,1.931061e+09,-4.081210e+09,-6.012270e+09,1.812599e+10,"Filled at 142.3913, consolidated for 1 bars, then reversed to breach distal SL at 142.6320."
322,SOLUSD,SHORT,127.594,128.115,0.521,2026-01-25 03:30:00 IST,2026-01-25 04:59:46 IST,2026-01-25 05:48:31 IST,0h 48m 45s,127.7242,128.115,126.9579,0.3059,100.0,30.59,60.0,FILLED_TP,1.9612,122.2808,1.812599e+10,1.812599e+12,1.450079e+09,1.087559e+10,9.425513e+09,2.755150e+10,Price expanded in trade direction to hit fixed +0.60% TP at 126.9579.
323,SOLUSD,LONG,121.571,123.612,2.041,2026-01-26 20:30:00 IST,2026-01-26 21:11:12 IST,2026-01-26 21:19:21 IST,0h 8m 9s,123.1017,121.571,123.8404,1.2435,28.15,35.0,16.89,FILLED_TP,0.4825,122.7633,2.755150e+10,7.754847e+11,6.203878e+08,4.652908e+09,4.032521e+09,3.158402e+10,Price expanded in trade direction to hit fixed +0.60% TP at 123.8404.
324,SOLUSD,SHORT,124.4,125.183,0.783,2026-01-27 20:30:00 IST,2026-01-27 21:01:46 IST,2026-01-27 21:14:11 IST,0h 12m 25s,124.5958,125.183,123.8482,0.4713,74.26,35.0,44.56,FILLED_TP,1.273,124.0364,3.158402e+10,2.345393e+12,1.876315e+09,1.407236e+10,1.219604e+10,4.378007e+10,Price expanded in trade direction to hit fixed +0.60% TP at 123.8482.
325,SOLUSD,SHORT,127.173,127.736,0.563,2026-01-28 01:30:00 IST,2026-01-28 02:09:36 IST,2026-01-28 02:18:29 IST,0h 8m 53s,127.3137,127.736,126.5499,0.3317,100.0,33.17,60.0,FILLED_TP,1.8091,125.8454,4.378007e+10,4.378007e+12,3.502405e+09,2.626804e+10,2.276563e+10,6.654570e+10,Price expanded in trade direction to hit fixed +0.60% TP at 126.5499.
326,SOLUSD,LONG,126.0,127.624,1.624,2026-01-28 17:30:00 IST,2026-01-28 18:08:01 IST,2026-01-28 18:17:45 IST,0h 9m 44s,127.218,126.0,127.9813,0.9574,36.56,35.0,21.93,FILLED_TP,0.6267,126.4721,6.654570e+10,2.432704e+12,1.946163e+09,1.459623e+10,1.265006e+10,7.919576e+10,Price expanded in trade direction to hit fixed +0.60% TP at 127.9813.
327,SOLUSD,SHORT,104.812,106.023,1.211,2026-02-01 16:30:00 IST,2026-02-01 17:07:24 IST,2026-02-01 17:17:15 IST,0h 9m 51s,105.1148,106.023,104.4841,0.8641,40.51,35.0,24.3,FILLED_TP,0.6944,127.1665,7.919576e+10,3.207955e+12,2.566364e+09,1.924773e+10,1.668136e+10,9.587713e+10,Price expanded in trade direction to hit fixed +0.60% TP at 104.4841.
328,SOLUSD,SHORT,104.602,105.175,0.573,2026-02-03 09:30:00 IST,2026-02-03 09:59:42 IST,2026-02-03 10:13:09 IST,0h 13m 27s,104.7452,105.175,104.1168,0.4103,85.31,35.0,51.18,FILLED_TP,1.4624,128.6289,9.587713e+10,8.179024e+12,6.543219e+09,4.907415e+10,4.253093e+10,1.384081e+11,Price expanded in trade direction to hit fixed +0.60% TP at 104.1168.
329,SOLUSD,SHORT,87.253,89.005,1.752,2026-02-07 22:30:00 IST,2026-02-07 23:13:13 IST,2026-02-07 23:20:50 IST,0h 7m 37s,87.691,89.005,87.1649,1.4984,23.36,35.0,14.01,FILLED_TP,0.4004,129.0293,1.384081e+11,3.232876e+12,2.586301e+09,1.939726e+10,1.681096e+10,1.552190e+11,Price expanded in trade direction to hit fixed +0.60% TP at 87.1649.
330,SOLUSD,SHORT,87.732,88.865,1.133,2026-02-08 23:30:00 IST,2026-02-09 00:00:09 IST,2026-02-09 00:13:26 IST,0h 13m 17s,88.0152,88.865,87.4872,0.9655,36.25,35.0,21.75,FILLED_TP,0.6215,129.6508,1.552190e+11,5.627036e+12,4.501629e+09,3.376222e+10,2.926059e+10,1.844796e+11,Price expanded in trade direction to hit fixed +0.60% TP at 87.4872.
331,SOLUSD,SHORT,86.043,89.0094,2.9664,2026-02-09 21:30:00 IST,2026-02-09 22:12:05 IST,2026-02-09 22:20:13 IST,0h 8m 8s,86.7846,89.0094,86.2639,2.5636,13.65,35.0,8.19,FILLED_TP,0.234,129.8849,1.844796e+11,2.518651e+12,2.014921e+09,1.511191e+10,1.309699e+10,1.975766e+11,Price expanded in trade direction to hit fixed +0.60% TP at 86.2639.
332,SOLUSD,SHORT,80.6505,81.8077,1.1572,2026-02-12 12:30:00 IST,2026-02-12 14:41:19 IST,2026-02-12 15:03:22 IST,0h 22m 3s,80.9398,81.8077,80.4542,1.0723,32.64,35.0,19.58,FILLED_SL,-1.0,128.8849,1.975766e+11,6.449053e+12,5.159242e+09,-6.915180e+10,-7.431105e+10,1.232655e+11,Instant penetration blowthrough. Filled limit at 80.9398 and pierced distal SL at 81.8077 in same candle.
333,SOLUSD,SHORT,87.06,88.695,1.635,2026-02-15 02:30:00 IST,2026-02-15 02:36:14 IST,2026-02-15 03:59:01 IST,1h 22m 47s,87.4688,88.695,86.9439,1.4019,24.97,35.0,14.98,FILLED_SL,-1.0,127.8849,1.232655e+11,3.077398e+12,2.461918e+09,-4.314294e+10,-4.560486e+10,7.766068e+10,"Filled at 87.4688, consolidated for 1 bars, then reversed to breach distal SL at 88.6950."
334,SOLUSD,LONG,84.172,85.063,0.891,2026-02-16 11:30:00 IST,2026-02-16 11:36:47 IST,2026-02-16 12:50:42 IST,1h 13m 55s,84.8402,84.172,85.3493,0.7877,44.44,35.0,26.66,FILLED_TP,0.7618,128.6466,7.766068e+10,3.450899e+12,2.760719e+09,2.070539e+10,1.794467e+10,9.560535e+10,Price expanded in trade direction to hit fixed +0.60% TP at 85.3493.
335,SOLUSD,SHORT,86.053,86.665,0.612,2026-02-16 17:30:00 IST,2026-02-16 18:05:25 IST,2026-02-16 18:16:20 IST,0h 10m 55s,86.206,86.665,85.6888,0.5324,65.73,35.0,39.44,FILLED_TP,1.1269,129.7735,9.560535e+10,6.284563e+12,5.027650e+09,3.770738e+10,3.267973e+10,1.282851e+11,Price expanded in trade direction to hit fixed +0.60% TP at 85.6888.
336,SOLUSD,SHORT,85.252,86.395,1.143,2026-02-17 01:30:00 IST,2026-02-17 02:44:52 IST,2026-02-17 05:00:55 IST,2h 16m 3s,85.5377,86.395,85.0245,1.0022,34.92,35.0,20.95,FILLED_SL,-1.0,128.7735,1.282851e+11,4.480170e+12,3.584136e+09,-4.489978e+10,-4.848391e+10,7.980117e+10,"Filled at 85.5377, consolidated for 2 bars, then reversed to breach distal SL at 86.3950."
337,SOLUSD,SHORT,82.1,82.672,0.572,2026-02-20 03:30:00 IST,2026-02-20 03:50:40 IST,2026-02-20 05:42:34 IST,1h 51m 54s,82.243,82.672,81.7495,0.5216,67.1,35.0,40.26,FILLED_SL,-1.0,127.7735,7.980117e+10,5.354500e+12,4.283600e+09,-2.793041e+10,-3.221401e+10,4.758716e+10,"Filled at 82.2430, consolidated for 2 bars, then reversed to breach distal SL at 82.6720."
338,SOLUSD,LONG,81.75,83.712,1.962,2026-02-22 20:30:00 IST,2026-02-22 20:59:36 IST,2026-02-22 21:12:51 IST,0h 13m 15s,83.2215,81.75,83.7208,1.7682,19.79,35.0,11.88,FILLED_TP,0.3393,128.1128,4.758716e+10,9.419613e+11,7.535691e+08,5.651768e+09,4.898199e+09,5.248536e+10,Price expanded in trade direction to hit fixed +0.60% TP at 83.7208.
339,SOLUSD,SHORT,78.039,79.28,1.241,2026-02-24 21:30:00 IST,2026-02-24 22:59:33 IST,2026-02-24 23:12:51 IST,0h 13m 18s,78.3492,79.28,77.8792,1.188,29.46,35.0,17.68,FILLED_TP,0.5051,128.6179,5.248536e+10,1.546351e+12,1.237081e+09,9.278104e+09,8.041024e+09,6.052638e+10,Price expanded in trade direction to hit fixed +0.60% TP at 77.8792.
340,SOLUSD,SHORT,82.901,83.482,0.581,2026-03-08 12:30:00 IST,2026-03-08 13:12:32 IST,2026-03-08 13:20:16 IST,0h 7m 44s,83.0463,83.482,82.548,0.5247,66.7,35.0,40.02,FILLED_TP,1.1435,129.7614,6.052638e+10,4.037340e+12,3.229872e+09,2.422404e+10,2.099417e+10,8.152055e+10,Price expanded in trade direction to hit fixed +0.60% TP at 82.5480.
341,SOLUSD,SHORT,84.252,84.903,0.651,2026-03-09 10:30:00 IST,2026-03-09 11:08:14 IST,2026-03-09 11:17:55 IST,0h 9m 41s,84.4147,84.903,83.9083,0.5784,60.51,35.0,36.31,FILLED_TP,1.0374,130.7987,8.152055e+10,4.933001e+12,3.946401e+09,2.959801e+10,2.565161e+10,1.071722e+11,Price expanded in trade direction to hit fixed +0.60% TP at 83.9083.
342,SOLUSD,LONG,83.981,85.753,1.772,2026-03-10 03:30:00 IST,2026-03-10 04:52:33 IST,2026-03-10 05:09:29 IST,0h 16m 56s,85.31,83.981,85.8219,1.5578,22.47,35.0,13.48,FILLED_TP,0.3851,131.1839,1.071722e+11,2.407825e+12,1.926260e+09,1.444695e+10,1.252069e+10,1.196929e+11,Price expanded in trade direction to hit fixed +0.60% TP at 85.8219.
343,SOLUSD,LONG,84.832,85.963,1.131,2026-03-11 02:30:00 IST,2026-03-11 02:56:24 IST,2026-03-11 03:11:28 IST,0h 15m 4s,85.6803,84.832,86.1943,0.99,35.35,35.0,21.21,FILLED_TP,0.606,131.7899,1.196929e+11,4.231488e+12,3.385190e+09,2.538893e+10,2.200374e+10,1.416966e+11,Price expanded in trade direction to hit fixed +0.60% TP at 86.1943.
344,SOLUSD,LONG,84.352,85.685,1.333,2026-03-12 07:30:00 IST,2026-03-12 08:05:17 IST,2026-03-12 08:16:33 IST,0h 11m 16s,85.3518,84.352,85.8639,1.1713,29.88,35.0,17.93,FILLED_TP,0.5122,132.3022,1.416966e+11,4.233977e+12,3.387181e+09,2.540386e+10,2.201668e+10,1.637133e+11,Price expanded in trade direction to hit fixed +0.60% TP at 85.8639.
345,SOLUSD,LONG,88.154,88.9348,0.7808,2026-03-13 22:30:00 IST,2026-03-13 23:07:37 IST,2026-03-13 23:17:31 IST,0h 9m 54s,88.7396,88.154,89.272,0.6599,53.04,35.0,31.82,FILLED_TP,0.9092,133.2114,1.637133e+11,8.682970e+12,6.946376e+09,5.209782e+10,4.515145e+10,2.088647e+11,Price expanded in trade direction to hit fixed +0.60% TP at 89.2720.
346,SOLUSD,LONG,85.65,86.944,1.294,2026-03-14 14:30:00 IST,2026-03-14 15:14:13 IST,2026-03-14 15:21:21 IST,0h 7m 8s,86.6205,85.65,87.1402,1.1204,31.24,35.0,18.74,FILLED_TP,0.5355,133.7469,2.088647e+11,6.524666e+12,5.219733e+09,3.914799e+10,3.392826e+10,2.427930e+11,Price expanded in trade direction to hit fixed +0.60% TP at 87.1402.
347,SOLUSD,SHORT,88.204,88.7,0.496,2026-03-15 07:30:00 IST,2026-03-15 08:01:21 IST,2026-03-15 08:13:52 IST,0h 12m 31s,88.328,88.7,87.798,0.4212,83.1,35.0,49.86,FILLED_TP,1.4246,135.1716,2.427930e+11,2.017714e+13,1.614171e+10,1.210628e+11,1.049211e+11,3.477141e+11,Price expanded in trade direction to hit fixed +0.60% TP at 87.7980.
348,SOLUSD,SHORT,88.412,88.865,0.453,2026-03-15 22:30:00 IST,2026-03-15 23:05:14 IST,2026-03-15 23:16:20 IST,0h 11m 6s,88.5252,88.865,87.9941,0.3838,91.2,35.0,54.72,FILLED_TP,1.5634,136.7349,3.477141e+11,3.171013e+13,2.536811e+10,1.902608e+11,1.648927e+11,5.126068e+11,Price expanded in trade direction to hit fixed +0.60% TP at 87.9941.
349,SOLUSD,LONG,92.596,94.04,1.444,2026-03-17 09:30:00 IST,2026-03-17 09:53:19 IST,2026-03-17 10:09:41 IST,0h 16m 22s,93.679,92.596,94.2411,1.1561,30.27,35.0,18.16,FILLED_TP,0.519,137.2539,5.126068e+11,1.551909e+13,1.241527e+10,9.311453e+10,8.069926e+10,5.933060e+11,Price expanded in trade direction to hit fixed +0.60% TP at 94.2411.
350,SOLUSD,LONG,93.174,94.078,0.904,2026-03-18 10:30:00 IST,2026-03-18 11:00:30 IST,2026-03-18 11:58:56 IST,0h 58m 26s,93.852,93.174,94.4151,0.7224,48.45,35.0,29.07,FILLED_TP,0.8305,138.0845,5.933060e+11,2.874489e+13,2.299591e+10,1.724693e+11,1.494734e+11,7.427795e+11,Price expanded in trade direction to hit fixed +0.60% TP at 94.4151.
351,SOLUSD,LONG,89.684,90.166,0.482,2026-03-19 09:30:00 IST,2026-03-19 10:02:09 IST,2026-03-19 10:14:27 IST,0h 12m 18s,90.0455,89.684,90.5858,0.4015,87.18,35.0,52.31,FILLED_TP,1.4945,139.579,7.427795e+11,6.475624e+13,5.180499e+10,3.885375e+11,3.367325e+11,1.079512e+12,Price expanded in trade direction to hit fixed +0.60% TP at 90.5858.
352,SOLUSD,SHORT,89.914,91.4063,1.4923,2026-03-19 14:30:00 IST,2026-03-19 15:09:24 IST,2026-03-19 15:18:32 IST,0h 9m 8s,90.2871,91.4063,89.7454,1.2396,28.23,35.0,16.94,FILLED_TP,0.484,140.063,1.079512e+12,3.047921e+13,2.438337e+10,1.828752e+11,1.584919e+11,1.238004e+12,Price expanded in trade direction to hit fixed +0.60% TP at 89.7454.
353,SOLUSD,LONG,87.353,88.397,1.044,2026-03-19 17:30:00 IST,2026-03-19 18:11:59 IST,2026-03-19 18:19:39 IST,0h 7m 40s,88.136,87.353,88.6648,0.8884,39.4,35.0,23.64,FILLED_TP,0.6754,140.7384,1.238004e+12,4.877324e+13,3.901859e+10,2.926394e+11,2.536208e+11,1.491625e+12,Price expanded in trade direction to hit fixed +0.60% TP at 88.6648.
354,SOLUSD,SHORT,89.984,90.4,0.416,2026-03-22 01:30:00 IST,2026-03-22 01:57:34 IST,2026-03-22 04:39:32 IST,2h 41m 58s,90.088,90.4,89.5475,0.3463,100.0,34.63,60.0,FILLED_TP,1.7325,142.4708,1.491625e+12,1.491625e+14,1.193300e+11,8.949748e+11,7.756448e+11,2.267269e+12,Price expanded in trade direction to hit fixed +0.60% TP at 89.5475.
355,SOLUSD,LONG,91.765,92.506,0.741,2026-03-25 19:30:00 IST,2026-03-25 19:54:12 IST,2026-03-25 20:10:09 IST,0h 15m 57s,92.3208,91.765,92.8747,0.602,58.14,35.0,34.89,FILLED_TP,0.9967,143.4676,2.267269e+12,1.318230e+14,1.054584e+11,7.909377e+11,6.854794e+11,2.952749e+12,Price expanded in trade direction to hit fixed +0.60% TP at 92.8747.
356,SOLUSD,LONG,82.231,82.852,0.621,2026-03-28 17:30:00 IST,2026-03-28 18:01:21 IST,2026-03-28 18:14:26 IST,0h 13m 5s,82.6968,82.231,83.1929,0.5632,62.14,35.0,37.29,FILLED_TP,1.0653,144.5329,2.952749e+12,1.834975e+14,1.467980e+11,1.100985e+12,9.541870e+11,3.906936e+12,Price expanded in trade direction to hit fixed +0.60% TP at 83.1929.
357,SOLUSD,LONG,81.169,82.452,1.283,2026-03-29 17:30:00 IST,2026-03-29 18:49:25 IST,2026-03-29 23:01:09 IST,4h 11m 44s,82.1312,81.169,82.624,1.1716,29.87,35.0,17.92,FILLED_SL,-1.0,143.5329,3.906936e+12,1.167145e+14,9.337160e+10,-1.367428e+12,-1.460799e+12,2.446137e+12,"Filled at 82.1312, consolidated for 4 bars, then reversed to breach distal SL at 81.1690."
358,SOLUSD,SHORT,82.681,83.222,0.541,2026-03-30 06:30:00 IST,2026-03-30 07:12:09 IST,2026-03-30 07:20:25 IST,0h 8m 16s,82.8162,83.222,82.3194,0.4899,71.44,35.0,42.86,FILLED_TP,1.2246,144.7575,2.446137e+12,1.747454e+14,1.397963e+11,1.048473e+12,9.086762e+11,3.354813e+12,Price expanded in trade direction to hit fixed +0.60% TP at 82.3194.
359,SOLUSD,SHORT,83.171,84.283,1.112,2026-03-30 07:30:00 IST,2026-03-30 07:57:53 IST,2026-03-30 08:12:07 IST,0h 14m 14s,83.449,84.283,82.9483,0.9994,35.02,35.0,21.01,FILLED_TP,0.6004,145.3579,3.354813e+12,1.174874e+14,9.398995e+10,7.049246e+11,6.109347e+11,3.965748e+12,Price expanded in trade direction to hit fixed +0.60% TP at 82.9483.
360,SOLUSD,LONG,82.181,83.482,1.301,2026-04-01 14:30:00 IST,2026-04-01 15:12:40 IST,2026-04-01 15:20:41 IST,0h 8m 1s,83.1568,82.181,83.6557,1.1734,29.83,35.0,17.9,FILLED_TP,0.5113,145.8692,3.965748e+12,1.182911e+14,9.463288e+10,7.097466e+11,6.151137e+11,4.580861e+12,Price expanded in trade direction to hit fixed +0.60% TP at 83.6557.
361,SOLUSD,LONG,78.8423,79.6,0.7577,2026-04-03 17:30:00 IST,2026-04-03 18:06:26 IST,2026-04-03 18:16:59 IST,0h 10m 33s,79.4106,78.8423,79.887,0.7156,48.91,35.0,29.35,FILLED_TP,0.8384,146.7077,4.580861e+12,2.240449e+14,1.792359e+11,1.344269e+12,1.165033e+12,5.745894e+12,Price expanded in trade direction to hit fixed +0.60% TP at 79.8870.
362,SOLUSD,SHORT,80.13,80.541,0.411,2026-04-04 15:30:00 IST,2026-04-04 16:06:30 IST,2026-04-04 19:46:55 IST,3h 40m 25s,80.2327,80.541,79.7514,0.3842,91.1,35.0,54.66,FILLED_TP,1.5617,148.2694,5.745894e+12,5.234489e+14,4.187591e+11,3.140693e+12,2.721934e+12,8.467829e+12,Price expanded in trade direction to hit fixed +0.60% TP at 79.7514.
363,SOLUSD,LONG,79.5953,80.3843,0.789,2026-04-05 09:30:00 IST,2026-04-05 11:01:08 IST,2026-04-05 12:00:08 IST,0h 59m 0s,80.187,79.5953,80.6682,0.738,47.43,35.0,28.46,FILLED_SL,-1.0,147.2694,8.467829e+12,4.016114e+14,3.212892e+11,-2.963740e+12,-3.285029e+12,5.182799e+12,"Filled at 80.1870, consolidated for 1 bars, then reversed to breach distal SL at 79.5953."
364,SOLUSD,LONG,78.969,80.33,1.361,2026-04-07 11:30:00 IST,2026-04-07 11:36:33 IST,2026-04-07 15:01:03 IST,3h 24m 30s,79.9898,78.969,80.4697,1.2761,27.43,35.0,16.46,FILLED_TP,0.4702,147.7396,5.182799e+12,1.421502e+14,1.137201e+11,8.529011e+11,7.391809e+11,5.921980e+12,Price expanded in trade direction to hit fixed +0.60% TP at 80.4697.
365,SOLUSD,SHORT,83.911,84.992,1.081,2026-04-08 22:30:00 IST,2026-04-08 23:13:35 IST,2026-04-08 23:21:13 IST,0h 7m 38s,84.1813,84.992,83.6762,0.9631,36.34,35.0,21.8,FILLED_TP,0.623,148.3625,5.921980e+12,2.152105e+14,1.721684e+11,1.291263e+12,1.119095e+12,7.041075e+12,Price expanded in trade direction to hit fixed +0.60% TP at 83.6762.
366,SOLUSD,LONG,81.42,82.322,0.902,2026-04-12 06:30:00 IST,2026-04-12 07:13:06 IST,2026-04-12 07:20:39 IST,0h 7m 33s,82.0965,81.42,82.5891,0.824,42.47,35.0,25.48,FILLED_TP,0.7281,149.0907,7.041075e+12,2.990638e+14,2.392510e+11,1.794383e+12,1.555132e+12,8.596207e+12,Price expanded in trade direction to hit fixed +0.60% TP at 82.5891.
367,SOLUSD,LONG,84.442,85.773,1.331,2026-04-20 21:30:00 IST,2026-04-20 22:03:07 IST,2026-04-20 23:00:51 IST,0h 57m 44s,85.4402,84.442,85.9529,1.1684,29.96,35.0,17.97,FILLED_TP,0.5135,149.6042,8.596207e+12,2.575124e+14,2.060099e+11,1.545074e+12,1.339064e+12,9.935271e+12,Price expanded in trade direction to hit fixed +0.60% TP at 85.9529.
368,SOLUSD,SHORT,85.962,87.104,1.142,2026-04-20 23:30:00 IST,2026-04-21 14:07:37 IST,2026-04-21 14:17:37 IST,0h 10m 0s,86.2475,87.104,85.73,0.9931,35.24,35.0,21.15,FILLED_TP,0.6042,150.2084,9.935271e+12,3.501603e+14,2.801282e+11,2.100962e+12,1.820834e+12,1.175610e+13,Price expanded in trade direction to hit fixed +0.60% TP at 85.7300.
369,SOLUSD,LONG,84.31,85.722,1.412,2026-04-23 13:30:00 IST,2026-04-23 15:05:36 IST,2026-04-23 17:06:20 IST,2h 0m 44s,85.369,84.31,85.8812,1.2405,28.21,35.0,16.93,FILLED_TP,0.4837,150.6921,1.175610e+13,3.316925e+14,2.653540e+11,1.990155e+12,1.724801e+12,1.348091e+13,Price expanded in trade direction to hit fixed +0.60% TP at 85.8812.
370,SOLUSD,SHORT,85.842,86.214,0.372,2026-04-23 17:30:00 IST,2026-04-23 17:50:53 IST,2026-04-23 20:42:13 IST,2h 51m 20s,85.935,86.214,85.4194,0.3247,100.0,32.47,60.0,FILLED_SL,-1.0,149.6921,1.348091e+13,1.348091e+15,1.078472e+12,-4.376765e+12,-5.455237e+12,8.025669e+12,"Filled at 85.9350, consolidated for 3 bars, then reversed to breach distal SL at 86.2140."
371,SOLUSD,LONG,85.51,86.564,1.054,2026-04-25 02:30:00 IST,2026-04-25 03:51:08 IST,2026-04-26 23:53:46 IST,44h 2m 38s,86.3005,85.51,86.8183,0.916,38.21,35.0,22.93,FILLED_TP,0.655,150.3471,8.025669e+12,3.066625e+14,2.453300e+11,1.839975e+12,1.594645e+12,9.620314e+12,Price expanded in trade direction to hit fixed +0.60% TP at 86.8183.
372,SOLUSD,SHORT,84.582,84.933,0.351,2026-04-29 08:30:00 IST,2026-04-29 09:10:18 IST,2026-04-29 09:18:44 IST,0h 8m 26s,84.6697,84.933,84.1617,0.3109,100.0,31.09,60.0,FILLED_TP,1.9298,152.2769,9.620314e+12,9.620314e+14,7.696251e+11,5.772188e+12,5.002563e+12,1.462288e+13,Price expanded in trade direction to hit fixed +0.60% TP at 84.1617.
373,SOLUSD,LONG,82.96,83.531,0.571,2026-04-29 20:30:00 IST,2026-04-29 20:55:09 IST,2026-04-29 21:10:41 IST,0h 15m 32s,83.3882,82.96,83.8886,0.5136,68.15,35.0,40.89,FILLED_TP,1.1683,153.4452,1.462288e+13,9.965713e+14,7.972570e+11,5.979428e+12,5.182171e+12,1.980505e+13,Price expanded in trade direction to hit fixed +0.60% TP at 83.8886.
374,SOLUSD,LONG,82.65,83.212,0.562,2026-04-29 21:30:00 IST,2026-04-29 21:54:33 IST,2026-04-29 22:10:35 IST,0h 16m 2s,83.0715,82.65,83.5699,0.5074,68.98,35.0,41.39,FILLED_TP,1.1825,154.6277,1.980505e+13,1.366150e+15,1.092920e+12,8.196900e+12,7.103980e+12,2.690903e+13,Price expanded in trade direction to hit fixed +0.60% TP at 83.5699.
375,SOLUSD,LONG,83.561,84.413,0.852,2026-05-01 19:30:00 IST,2026-05-01 19:57:18 IST,2026-05-01 20:11:44 IST,0h 14m 26s,84.2,83.561,84.7052,0.7589,46.12,35.0,27.67,FILLED_TP,0.7906,155.4183,2.690903e+13,1.241016e+15,9.928126e+11,7.446094e+12,6.453282e+12,3.336231e+13,Price expanded in trade direction to hit fixed +0.60% TP at 84.7052.
376,SOLUSD,LONG,83.511,83.9402,0.4292,2026-05-03 06:30:00 IST,2026-05-03 07:01:52 IST,2026-05-03 19:59:18 IST,12h 57m 26s,83.8329,83.511,84.3359,0.384,91.15,35.0,54.69,FILLED_TP,1.5626,156.9809,3.336231e+13,3.041009e+15,2.432807e+12,1.824605e+13,1.581325e+13,4.917555e+13,Price expanded in trade direction to hit fixed +0.60% TP at 84.3359.
377,SOLUSD,SHORT,89.6439,90.756,1.1121,2026-05-07 17:30:00 IST,2026-05-07 18:02:50 IST,2026-05-07 18:43:19 IST,0h 40m 29s,89.9219,90.756,89.3824,0.9276,37.73,35.0,22.64,FILLED_TP,0.6469,157.6278,4.917555e+13,1.855572e+15,1.484458e+12,1.113343e+13,9.648974e+12,5.882453e+13,Price expanded in trade direction to hit fixed +0.60% TP at 89.3824.
378,SOLUSD,LONG,87.623,88.155,0.532,2026-05-07 19:30:00 IST,2026-05-07 20:04:51 IST,2026-05-07 20:16:18 IST,0h 11m 27s,88.022,87.623,88.5501,0.4533,77.21,35.0,46.33,FILLED_TP,1.3236,158.9514,5.882453e+13,4.541976e+15,3.633581e+12,2.725186e+13,2.361828e+13,8.244280e+13,Price expanded in trade direction to hit fixed +0.60% TP at 88.5501.
379,SOLUSD,SHORT,92.456,93.49,1.034,2026-05-09 05:30:00 IST,2026-05-09 06:41:45 IST,2026-05-09 07:03:34 IST,0h 21m 49s,92.7145,93.49,92.1582,0.8364,41.84,35.0,25.11,FILLED_SL,-1.0,157.9514,8.244280e+13,3.449742e+15,2.759794e+12,-2.885498e+13,-3.161478e+13,5.082803e+13,Instant penetration blowthrough. Filled limit at 92.7145 and pierced distal SL at 93.4900 in same candle.
380,SOLUSD,SHORT,93.196,94.1,0.904,2026-05-09 22:30:00 IST,2026-05-09 23:10:31 IST,2026-05-09 23:19:06 IST,0h 8m 35s,93.422,94.1,92.8615,0.7257,48.23,35.0,28.94,FILLED_TP,0.8267,158.7782,5.082803e+13,2.451268e+15,1.961014e+12,1.470761e+13,1.274659e+13,6.357462e+13,Price expanded in trade direction to hit fixed +0.60% TP at 92.8615.
381,SOLUSD,SHORT,96.687,98.73,2.043,2026-05-12 03:30:00 IST,2026-05-12 03:36:43 IST,2026-05-12 06:50:08 IST,3h 13m 25s,97.1977,98.73,96.6146,1.5764,22.2,35.0,13.32,FILLED_TP,0.3806,159.1588,6.357462e+13,1.411492e+15,1.129194e+12,8.468952e+12,7.339758e+12,7.091438e+13,Price expanded in trade direction to hit fixed +0.60% TP at 96.6146.
382,SOLUSD,LONG,94.537,95.499,0.962,2026-05-12 15:30:00 IST,2026-05-12 15:59:08 IST,2026-05-12 16:13:17 IST,0h 14m 9s,95.2585,94.537,95.8301,0.7574,46.21,35.0,27.73,FILLED_TP,0.7922,159.951,7.091438e+13,3.276950e+15,2.621560e+12,1.966170e+13,1.704014e+13,8.795452e+13,Price expanded in trade direction to hit fixed +0.60% TP at 95.8301.
383,SOLUSD,LONG,92.9,94.007,1.107,2026-05-12 20:30:00 IST,2026-05-12 21:09:56 IST,2026-05-12 21:18:55 IST,0h 8m 59s,93.7303,92.9,94.2926,0.8858,39.51,35.0,23.71,FILLED_TP,0.6774,160.6283,8.795452e+13,3.475338e+15,2.780271e+12,2.085203e+13,1.807176e+13,1.060263e+14,Price expanded in trade direction to hit fixed +0.60% TP at 94.2926.
384,SOLUSD,LONG,89.8165,90.786,0.9695,2026-05-14 16:30:00 IST,2026-05-14 18:01:32 IST,2026-05-14 18:14:12 IST,0h 12m 40s,90.5436,89.8165,91.0869,0.8031,43.58,35.0,26.15,FILLED_TP,0.7471,161.3755,1.060263e+14,4.620940e+15,3.696752e+12,2.772564e+13,2.402889e+13,1.300552e+14,Price expanded in trade direction to hit fixed +0.60% TP at 91.0869.
385,SOLUSD,SHORT,84.512,85.463,0.951,2026-05-18 16:30:00 IST,2026-05-18 16:52:38 IST,2026-05-18 17:09:09 IST,0h 16m 31s,84.7498,85.463,84.2413,0.8416,41.59,35.0,24.95,FILLED_TP,0.7129,162.0884,1.300552e+14,5.408693e+15,4.326954e+12,3.245216e+13,2.812520e+13,1.581804e+14,Price expanded in trade direction to hit fixed +0.60% TP at 84.2413.
386,SOLUSD,LONG,84.082,85.3192,1.2372,2026-05-18 18:30:00 IST,2026-05-18 18:51:56 IST,2026-05-18 19:08:38 IST,0h 16m 42s,85.0099,84.082,85.52,1.0915,32.07,35.0,19.24,FILLED_TP,0.5497,162.6381,1.581804e+14,5.072113e+15,4.057691e+12,3.043268e+13,2.637499e+13,1.845554e+14,Price expanded in trade direction to hit fixed +0.60% TP at 85.5200.
387,SOLUSD,SHORT,87.501,87.944,0.443,2026-05-22 17:30:00 IST,2026-05-22 17:58:37 IST,2026-05-22 19:45:03 IST,1h 46m 26s,87.6118,87.944,87.0861,0.3792,92.29,35.0,55.38,FILLED_TP,1.5822,164.2202,1.845554e+14,1.703304e+16,1.362643e+13,1.021982e+14,8.857179e+13,2.731271e+14,Price expanded in trade direction to hit fixed +0.60% TP at 87.0861.
388,SOLUSD,LONG,83.841,84.513,0.672,2026-05-23 09:30:00 IST,2026-05-23 10:13:27 IST,2026-05-23 12:40:35 IST,2h 27m 8s,84.345,83.841,84.8511,0.5975,58.57,35.0,35.14,FILLED_SL,-1.0,163.2202,2.731271e+14,1.599785e+16,1.279828e+13,-9.559450e+13,-1.083928e+14,1.647344e+14,"Filled at 84.3450, consolidated for 3 bars, then reversed to breach distal SL at 83.8410."
389,SOLUSD,LONG,82.819,83.672,0.853,2026-05-27 18:30:00 IST,2026-05-27 18:53:16 IST,2026-05-27 19:09:46 IST,0h 16m 30s,83.4587,82.819,83.9595,0.7665,45.66,35.0,27.4,FILLED_TP,0.7827,164.003,1.647344e+14,7.521662e+15,6.017330e+12,4.512997e+13,3.911264e+13,2.038470e+14,Price expanded in trade direction to hit fixed +0.60% TP at 83.9595.
390,SOLUSD,SHORT,82.231,82.683,0.452,2026-05-29 11:30:00 IST,2026-05-29 12:00:37 IST,2026-05-29 16:50:01 IST,4h 49m 24s,82.344,82.683,81.8499,0.4117,85.02,35.0,51.01,FILLED_TP,1.4574,165.4604,2.038470e+14,1.733024e+16,1.386419e+13,1.039815e+14,9.011726e+13,2.939643e+14,Price expanded in trade direction to hit fixed +0.60% TP at 81.8499.
391,SOLUSD,LONG,81.8448,82.8075,0.9627,2026-05-31 12:30:00 IST,2026-05-31 13:09:06 IST,2026-05-31 18:51:31 IST,5h 42m 25s,82.5668,81.8448,83.0622,0.8745,40.02,35.0,24.01,FILLED_TP,0.6861,166.1465,2.939643e+14,1.176565e+16,9.412520e+12,7.059390e+13,6.118138e+13,3.551457e+14,Price expanded in trade direction to hit fixed +0.60% TP at 83.0622.
392,SOLUSD,LONG,80.35,81.592,1.242,2026-05-31 21:30:00 IST,2026-06-01 12:04:57 IST,2026-06-01 12:16:18 IST,0h 11m 21s,81.2815,80.35,81.7692,1.146,30.54,35.0,18.32,FILLED_TP,0.5236,166.6701,3.551457e+14,1.084634e+16,8.677076e+12,6.507807e+13,5.640099e+13,4.115466e+14,Price expanded in trade direction to hit fixed +0.60% TP at 81.7692.
393,SOLUSD,SHORT,64.532,65.402,0.87,2026-06-07 11:30:00 IST,2026-06-07 12:01:55 IST,2026-06-07 12:14:07 IST,0h 12m 12s,64.7495,65.402,64.361,1.0077,34.73,35.0,20.84,FILLED_TP,0.5954,167.2655,4.115466e+14,1.429365e+16,1.143492e+13,8.576187e+13,7.432696e+13,4.858736e+14,Price expanded in trade direction to hit fixed +0.60% TP at 64.3610.
394,SOLUSD,LONG,63.61,64.953,1.343,2026-06-09 20:30:00 IST,2026-06-09 20:56:51 IST,2026-06-09 21:11:39 IST,0h 14m 48s,64.6172,63.61,65.005,1.5588,22.45,35.0,13.47,FILLED_TP,0.3849,167.6504,4.858736e+14,1.090944e+16,8.727554e+12,6.545665e+13,5.672910e+13,5.426027e+14,Price expanded in trade direction to hit fixed +0.60% TP at 65.0050.
395,SOLUSD,SHORT,64.542,65.774,1.232,2026-06-11 06:30:00 IST,2026-06-11 07:06:41 IST,2026-06-11 07:16:54 IST,0h 10m 13s,64.85,65.774,64.4609,1.4248,24.56,35.0,14.74,FILLED_TP,0.4211,168.0715,5.426027e+14,1.332871e+16,1.066297e+13,7.997224e+13,6.930927e+13,6.119120e+14,Price expanded in trade direction to hit fixed +0.60% TP at 64.4609.
396,SOLUSD,SHORT,66.673,67.2886,0.6156,2026-06-12 13:30:00 IST,2026-06-12 14:00:53 IST,2026-06-12 14:13:59 IST,0h 13m 6s,66.8269,67.2886,66.4259,0.6909,50.66,35.0,30.4,FILLED_TP,0.8684,168.9399,6.119120e+14,3.099905e+16,2.479924e+13,1.859943e+14,1.611951e+14,7.731071e+14,Price expanded in trade direction to hit fixed +0.60% TP at 66.4259.
397,SOLUSD,LONG,65.932,66.814,0.882,2026-06-13 00:30:00 IST,2026-06-13 02:03:21 IST,2026-06-13 05:58:08 IST,3h 54m 47s,66.5935,65.932,66.9931,0.9933,35.23,35.0,21.14,FILLED_TP,0.604,169.5439,7.731071e+14,2.724016e+16,2.179213e+13,1.634410e+14,1.416488e+14,9.147559e+14,Price expanded in trade direction to hit fixed +0.60% TP at 66.9931.
398,SOLUSD,LONG,67.803,68.626,0.823,2026-06-14 09:30:00 IST,2026-06-14 10:14:11 IST,2026-06-14 10:21:34 IST,0h 7m 23s,68.4203,67.803,68.8308,0.9021,38.8,35.0,23.28,FILLED_TP,0.6651,170.209,9.147559e+14,3.548925e+16,2.839140e+13,2.129355e+14,1.845441e+14,1.099300e+15,Price expanded in trade direction to hit fixed +0.60% TP at 68.8308.
399,SOLUSD,SHORT,69.561,70.636,1.075,2026-06-15 02:30:00 IST,2026-06-15 03:04:00 IST,2026-06-15 03:15:26 IST,0h 11m 26s,69.8298,70.636,69.4108,1.1546,30.31,35.0,18.19,FILLED_TP,0.5197,170.7287,1.099300e+15,3.332384e+16,2.665907e+13,1.999430e+14,1.732840e+14,1.272584e+15,Price expanded in trade direction to hit fixed +0.60% TP at 69.4108.
400,SOLUSD,SHORT,73.676,74.468,0.792,2026-06-17 20:30:00 IST,2026-06-17 21:37:38 IST,2026-06-17 22:01:06 IST,0h 23m 28s,73.874,74.468,73.4308,0.8041,43.53,35.0,26.12,FILLED_SL,-1.0,169.7287,1.272584e+15,5.539361e+16,4.431489e+13,-4.454044e+14,-4.897193e+14,7.828647e+14,Instant penetration blowthrough. Filled limit at 73.8740 and pierced distal SL at 74.4680 in same candle.
401,SOLUSD,SHORT,69.414,70.096,0.682,2026-06-20 04:30:00 IST,2026-06-20 04:50:14 IST,2026-06-20 06:03:33 IST,1h 13m 19s,69.5845,70.096,69.167,0.7351,47.61,35.0,28.57,FILLED_SL,-1.0,168.7287,7.828647e+14,3.727534e+16,2.982027e+13,-2.740026e+14,-3.038229e+14,4.790418e+14,"Filled at 69.5845, consolidated for 1 bars, then reversed to breach distal SL at 70.0960."
402,SOLUSD,LONG,72.745,73.267,0.522,2026-06-21 16:30:00 IST,2026-06-21 17:13:05 IST,2026-06-21 17:20:37 IST,0h 7m 32s,73.1365,72.745,73.5753,0.5353,65.38,35.0,39.23,FILLED_TP,1.1209,169.8495,4.790418e+14,3.132159e+16,2.505727e+13,1.879296e+14,1.628723e+14,6.419141e+14,Price expanded in trade direction to hit fixed +0.60% TP at 73.5753.
403,SOLUSD,LONG,72.9,73.687,0.787,2026-06-22 01:30:00 IST,2026-06-22 02:09:54 IST,2026-06-22 02:18:42 IST,0h 8m 48s,73.4903,72.9,73.9312,0.8032,43.58,35.0,26.15,FILLED_TP,0.747,170.5966,6.419141e+14,2.797297e+16,2.237838e+13,1.678378e+14,1.454595e+14,7.873735e+14,Price expanded in trade direction to hit fixed +0.60% TP at 73.9312.
404,SOLUSD,LONG,65.683,66.224,0.541,2026-06-26 07:30:00 IST,2026-06-26 08:08:44 IST,2026-06-26 08:18:24 IST,0h 9m 40s,66.0888,65.683,66.4853,0.6139,57.01,35.0,34.2,FILLED_TP,0.9773,171.5739,7.873735e+14,4.488672e+16,3.590937e+13,2.693203e+14,2.334109e+14,1.020784e+15,Price expanded in trade direction to hit fixed +0.60% TP at 66.4853.
405,SOLUSD,LONG,71.525,72.087,0.562,2026-06-27 22:30:00 IST,2026-06-27 23:12:25 IST,2026-06-27 23:20:30 IST,0h 8m 5s,71.9465,71.525,72.3782,0.5859,59.74,35.0,35.85,FILLED_TP,1.0241,172.598,1.020784e+15,6.098376e+16,4.878701e+13,3.659026e+14,3.171155e+14,1.337900e+15,Price expanded in trade direction to hit fixed +0.60% TP at 72.3782.
406,SOLUSD,LONG,71.0125,72.347,1.3345,2026-06-30 17:30:00 IST,2026-06-30 18:53:26 IST,2026-06-30 19:10:10 IST,0h 16m 44s,72.0134,71.0125,72.4455,1.3898,25.18,35.0,15.11,FILLED_TP,0.4317,173.0297,1.337900e+15,3.369186e+16,2.695349e+13,2.021512e+14,1.751977e+14,1.513098e+15,Price expanded in trade direction to hit fixed +0.60% TP at 72.4455.
407,SOLUSD,LONG,80.409,80.891,0.482,2026-07-03 07:30:00 IST,2026-07-03 08:09:58 IST,2026-07-03 08:18:57 IST,0h 8m 59s,80.7705,80.409,81.2551,0.4476,78.2,35.0,46.92,FILLED_TP,1.3406,174.3703,1.513098e+15,1.183258e+17,9.466065e+13,7.099549e+14,6.152942e+14,2.128392e+15,Price expanded in trade direction to hit fixed +0.60% TP at 81.2551.
408,SOLUSD,LONG,81.8,82.362,0.562,2026-07-04 13:30:00 IST,2026-07-04 14:39:24 IST,2026-07-04 15:02:18 IST,0h 22m 54s,82.2215,81.8,82.7148,0.5126,68.27,35.0,40.96,FILLED_SL,-1.0,173.3703,2.128392e+15,1.453140e+17,1.162512e+14,-7.449372e+14,-8.611884e+14,1.267204e+15,Instant penetration blowthrough. Filled limit at 82.2215 and pierced distal SL at 81.8000 in same candle.
409,SOLUSD,SHORT,81.88,82.822,0.942,2026-07-06 05:30:00 IST,2026-07-06 06:05:54 IST,2026-07-06 06:16:34 IST,0h 10m 40s,82.1155,82.822,81.6228,0.8604,40.68,35.0,24.41,FILLED_TP,0.6974,174.0677,1.267204e+15,5.154985e+16,4.123988e+13,3.092991e+14,2.680592e+14,1.535263e+15,Price expanded in trade direction to hit fixed +0.60% TP at 81.6228.
410,SOLUSD,LONG,80.819,81.131,0.312,2026-07-06 07:30:00 IST,2026-07-06 08:02:30 IST,2026-07-06 08:14:34 IST,0h 12m 4s,81.053,80.819,81.5393,0.2887,100.0,28.87,60.0,FILLED_TP,2.0783,176.146,1.535263e+15,1.535263e+17,1.228210e+14,9.211576e+14,7.983366e+14,2.333599e+15,Price expanded in trade direction to hit fixed +0.60% TP at 81.5393.
411,SOLUSD,SHORT,81.649,82.442,0.793,2026-07-06 22:30:00 IST,2026-07-06 22:36:42 IST,2026-07-06 23:46:09 IST,1h 9m 27s,81.8473,82.442,81.3562,0.7267,48.17,35.0,28.9,FILLED_TP,0.8257,176.9717,2.333599e+15,1.123994e+17,8.991952e+13,6.743964e+14,5.844769e+14,2.918076e+15,Price expanded in trade direction to hit fixed +0.60% TP at 81.3562.
412,SOLUSD,LONG,76.808,77.35,0.542,2026-07-09 06:30:00 IST,2026-07-09 07:50:11 IST,2026-07-09 08:08:06 IST,0h 17m 55s,77.2145,76.808,77.6778,0.5265,66.48,35.0,39.89,FILLED_TP,1.1397,178.1114,2.918076e+15,1.940006e+17,1.552005e+14,1.164003e+15,1.008803e+15,3.926879e+15,Price expanded in trade direction to hit fixed +0.60% TP at 77.6778.
413,SOLUSD,LONG,77.456,78.061,0.605,2026-07-11 21:30:00 IST,2026-07-11 22:00:25 IST,2026-07-11 22:13:24 IST,0h 12m 59s,77.9098,77.456,78.3772,0.5824,60.1,35.0,36.06,FILLED_TP,1.0302,179.1416,3.926879e+15,2.359885e+17,1.887908e+14,1.415931e+15,1.227140e+15,5.154019e+15,Price expanded in trade direction to hit fixed +0.60% TP at 78.3772.
414,SOLUSD,LONG,73.95,75.289,1.339,2026-07-14 04:30:00 IST,2026-07-14 04:36:02 IST,2026-07-14 05:56:48 IST,1h 20m 46s,74.9543,73.95,75.404,1.3398,26.12,35.0,15.67,FILLED_TP,0.4478,179.5894,5.154019e+15,1.346383e+17,1.077106e+14,8.078296e+14,7.001190e+14,5.854138e+15,Price expanded in trade direction to hit fixed +0.60% TP at 75.4040.
415,SOLUSD,LONG,77.018,77.589,0.571,2026-07-15 12:30:00 IST,2026-07-15 13:11:00 IST,2026-07-15 13:19:12 IST,0h 8m 12s,77.4462,77.018,77.9109,0.553,63.3,35.0,37.98,FILLED_TP,1.0851,180.6745,5.854138e+15,3.705391e+17,2.964313e+14,2.223235e+15,1.926803e+15,7.780941e+15,Price expanded in trade direction to hit fixed +0.60% TP at 77.9109.
416,SOLUSD,SHORT,75.137,75.438,0.301,2026-07-18 21:30:00 IST,2026-07-18 22:04:56 IST,2026-07-18 23:41:57 IST,1h 37m 1s,75.2122,75.438,74.761,0.3002,100.0,30.02,60.0,FILLED_SL,-1.0,179.6745,7.780941e+15,7.780941e+17,6.224753e+14,-2.335454e+15,-2.957929e+15,4.823012e+15,"Filled at 75.2122, consolidated for 2 bars, then reversed to breach distal SL at 75.4380."
417,SOLUSD,SHORT,75.986,76.882,0.896,2026-07-19 12:30:00 IST,2026-07-19 12:51:36 IST,2026-07-19 18:02:01 IST,5h 10m 25s,76.21,76.882,75.7527,0.8818,39.69,35.0,23.82,FILLED_TP,0.6804,180.3549,4.823012e+15,1.914384e+17,1.531507e+14,1.148630e+15,9.954797e+14,5.818492e+15,Price expanded in trade direction to hit fixed +0.60% TP at 75.7527.
418,SOLUSD,LONG,75.355,75.978,0.623,2026-07-20 10:30:00 IST,2026-07-20 11:11:50 IST,2026-07-20 11:19:56 IST,0h 8m 6s,75.8222,75.355,76.2772,0.6162,56.8,35.0,34.08,FILLED_TP,0.9736,181.3285,5.818492e+15,3.304653e+17,2.643722e+14,1.982792e+15,1.718419e+15,7.536911e+15,Price expanded in trade direction to hit fixed +0.60% TP at 76.2772.
419,SOLUSD,LONG,77.3,77.729,0.429,2026-07-21 22:30:00 IST,2026-07-21 23:04:25 IST,2026-07-21 23:15:52 IST,0h 11m 27s,77.6217,77.3,78.0875,0.4145,84.44,35.0,50.66,FILLED_TP,1.4475,182.776,7.536911e+15,6.363943e+17,5.091155e+14,3.818366e+15,3.309251e+15,1.084616e+16,Price expanded in trade direction to hit fixed +0.60% TP at 78.0875.
420,SOLUSD,LONG,73.43,73.817,0.387,2026-07-25 12:30:00 IST,2026-07-25 13:45:34 IST,2026-07-25 19:01:20 IST,5h 15m 46s,73.7202,73.43,74.1626,0.3937,88.9,35.0,53.34,FILLED_TP,1.5239,184.3,1.084616e+16,9.641813e+17,7.713450e+14,5.785088e+15,5.013743e+15,1.585990e+16,Price expanded in trade direction to hit fixed +0.60% TP at 74.1626.
421,SOLUSD,SHORT,73.179,73.528,0.349,2026-07-28 19:30:00 IST,2026-07-28 20:02:41 IST,2026-07-28 20:15:09 IST,0h 12m 28s,73.2662,73.528,72.8267,0.3573,97.97,35.0,58.78,FILLED_TP,1.6795,185.9794,1.585990e+16,1.553767e+18,1.243014e+15,9.322602e+15,8.079588e+15,2.393949e+16,Price expanded in trade direction to hit fixed +0.60% TP at 72.8267.
422,SOLUSD,LONG,72.535,73.487,0.952,2026-07-29 03:30:00 IST,2026-07-29 05:01:48 IST,2026-07-29 05:14:36 IST,0h 12m 48s,73.249,72.535,73.6885,0.9748,35.91,35.0,21.54,FILLED_TP,0.6155,186.595,2.393949e+16,8.595803e+17,6.876643e+14,5.157482e+15,4.469818e+15,2.840931e+16,Price expanded in trade direction to hit fixed +0.60% TP at 73.6885.
423,SOLUSD,SHORT,73.7,74.3349,0.6349,2026-07-30 06:30:00 IST,2026-07-30 06:58:41 IST,2026-07-30 07:12:26 IST,0h 13m 45s,73.8587,74.3349,73.4156,0.6447,54.29,35.0,32.57,FILLED_TP,0.9307,187.5256,2.840931e+16,1.542283e+18,1.233826e+15,9.253695e+15,8.019869e+15,3.642918e+16,Price expanded in trade direction to hit fixed +0.60% TP at 73.4156.
424,SOLUSD,LONG,73.266,74.207,0.941,2026-07-31 07:30:00 IST,2026-07-31 08:59:40 IST,2026-07-31 11:46:05 IST,2h 46m 25s,73.9718,73.266,74.4156,0.9541,36.68,35.0,22.01,FILLED_TP,0.6289,188.1545,3.642918e+16,1.336388e+18,1.069110e+15,8.018326e+15,6.949216e+15,4.337840e+16,Price expanded in trade direction to hit fixed +0.60% TP at 74.4156.
425,SOLUSD,SHORT,72.936,73.497,0.561,2026-08-01 05:30:00 IST,2026-08-01 06:03:05 IST,2026-08-01 21:45:42 IST,15h 42m 37s,73.0763,73.497,72.6378,0.5758,60.79,35.0,36.47,FILLED_TP,1.0421,189.1966,4.337840e+16,2.636900e+18,2.109520e+15,1.582140e+16,1.371188e+16,5.709028e+16,Price expanded in trade direction to hit fixed +0.60% TP at 72.6378.
426,SOLUSD,LONG,72.6878,73.007,0.3192,2026-08-03 06:30:00 IST,2026-08-03 08:03:42 IST,2026-08-03 09:00:07 IST,0h 56m 25s,72.9272,72.6878,73.3648,0.3283,100.0,32.83,60.0,FILLED_SL,-1.0,188.1966,5.709028e+16,5.709028e+18,4.567222e+15,-1.874117e+16,-2.330839e+16,3.378188e+16,"Filled at 72.9272, consolidated for 1 bars, then reversed to breach distal SL at 72.6878."
427,SOLUSD,SHORT,73.676,74.348,0.672,2026-08-03 19:30:00 IST,2026-08-03 23:11:53 IST,2026-08-03 23:19:40 IST,0h 7m 47s,73.844,74.348,73.4009,0.6825,51.28,35.0,30.77,FILLED_TP,0.8791,189.0757,3.378188e+16,1.732354e+18,1.385883e+15,1.039412e+16,9.008239e+15,4.279012e+16,Price expanded in trade direction to hit fixed +0.60% TP at 73.4009.
428,SOLUSD,LONG,73.107,73.708,0.601,2026-08-05 05:30:00 IST,2026-08-05 06:01:35 IST,2026-08-05 06:59:32 IST,0h 57m 57s,73.5577,73.107,73.9991,0.6128,57.12,35.0,34.27,FILLED_TP,0.9791,190.0548,4.279012e+16,2.444017e+18,1.955214e+15,1.466410e+16,1.270889e+16,5.549901e+16,Price expanded in trade direction to hit fixed +0.60% TP at 73.9991.
429,SOLUSD,LONG,73.256,74.118,0.862,2026-08-06 03:30:00 IST,2026-08-06 04:59:44 IST,2026-08-06 11:08:11 IST,6h 8m 27s,73.9025,73.256,74.3459,0.8748,40.01,35.0,24.01,FILLED_TP,0.6859,190.7407,5.549901e+16,2.220465e+18,1.776372e+15,1.332279e+16,1.154642e+16,6.704543e+16,Price expanded in trade direction to hit fixed +0.60% TP at 74.3459.
430,SOLUSD,SHORT,74.297,75.318,1.021,2026-08-08 13:30:00 IST,2026-08-08 13:36:21 IST,2026-08-08 16:48:04 IST,3h 11m 43s,74.5523,75.318,74.1049,1.0271,34.08,35.0,20.45,FILLED_SL,-1.0,189.7407,6.704543e+16,2.284604e+18,1.827683e+15,-2.346590e+16,-2.529358e+16,4.175184e+16,"Filled at 74.5523, consolidated for 3 bars, then reversed to breach distal SL at 75.3180."
431,SOLUSD,SHORT,76.25,77.081,0.831,2026-08-09 01:30:00 IST,2026-08-09 12:09:36 IST,2026-08-09 12:18:59 IST,0h 9m 23s,76.4578,77.081,75.999,0.8152,42.94,35.0,25.76,FILLED_TP,0.7361,190.4767,4.175184e+16,1.792681e+18,1.434145e+15,1.075608e+16,9.321939e+15,5.107378e+16,Price expanded in trade direction to hit fixed +0.60% TP at 75.9990.
432,SOLUSD,LONG,75.756,76.1105,0.3545,2026-08-10 20:30:00 IST,2026-08-10 20:57:44 IST,2026-08-10 21:48:58 IST,0h 51m 14s,76.0219,75.756,76.478,0.3497,100.0,34.97,60.0,FILLED_SL,-1.0,189.4767,5.107378e+16,5.107378e+18,4.085903e+15,-1.786228e+16,-2.194819e+16,2.912560e+16,"Filled at 76.0219, consolidated for 1 bars, then reversed to breach distal SL at 75.7560."
433,SOLUSD,SHORT,75.937,76.369,0.432,2026-08-12 01:30:00 IST,2026-08-12 01:58:49 IST,2026-08-12 03:01:04 IST,1h 2m 15s,76.045,76.369,75.5887,0.4261,82.15,35.0,49.29,FILLED_SL,-1.0,188.4767,2.912560e+16,2.392591e+18,1.914073e+15,-1.019396e+16,-1.210803e+16,1.701757e+16,"Filled at 76.0450, consolidated for 1 bars, then reversed to breach distal SL at 76.3690."
434,SOLUSD,SHORT,76.668,77.15,0.482,2026-08-12 14:30:00 IST,2026-08-12 15:07:26 IST,2026-08-12 15:17:36 IST,0h 10m 10s,76.7885,77.15,76.3278,0.4708,74.35,35.0,44.61,FILLED_TP,1.2745,189.7512,1.701757e+16,1.265183e+18,1.012146e+15,7.591098e+15,6.578952e+15,2.359652e+16,Price expanded in trade direction to hit fixed +0.60% TP at 76.3278.
435,SOLUSD,LONG,75.946,76.289,0.343,2026-08-12 18:30:00 IST,2026-08-12 19:03:16 IST,2026-08-12 19:15:06 IST,0h 11m 50s,76.2032,75.946,76.6605,0.3376,100.0,33.76,60.0,FILLED_TP,1.7773,191.5286,2.359652e+16,2.359652e+18,1.887721e+15,1.415791e+16,1.227019e+16,3.586671e+16,Price expanded in trade direction to hit fixed +0.60% TP at 76.6605.
436,SOLUSD,SHORT,76.128,76.909,0.781,2026-08-13 13:30:00 IST,2026-08-13 13:36:21 IST,2026-08-13 15:56:27 IST,2h 20m 6s,76.3233,76.909,75.8653,0.7675,45.61,35.0,27.36,FILLED_TP,0.7818,192.3104,3.586671e+16,1.635702e+18,1.308561e+15,9.814210e+15,8.505649e+15,4.437235e+16,Price expanded in trade direction to hit fixed +0.60% TP at 75.8653.
437,SOLUSD,LONG,75.32,75.668,0.348,2026-08-13 16:30:00 IST,2026-08-13 17:07:50 IST,2026-08-13 18:00:35 IST,0h 52m 45s,75.581,75.32,76.0345,0.3453,100.0,34.53,60.0,FILLED_TP,1.7375,194.0479,4.437235e+16,4.437235e+18,3.549788e+15,2.662341e+16,2.307362e+16,6.744598e+16,Price expanded in trade direction to hit fixed +0.60% TP at 76.0345.
438,SOLUSD,LONG,74.62,75.419,0.799,2026-08-15 04:30:00 IST,2026-08-15 04:36:28 IST,2026-08-15 08:06:31 IST,3h 30m 3s,75.2193,74.62,75.6706,0.7967,43.93,35.0,26.36,FILLED_TP,0.7531,194.801,6.744598e+16,2.963092e+18,2.370473e+15,1.777855e+16,1.540808e+16,8.285406e+16,Price expanded in trade direction to hit fixed +0.60% TP at 75.6706.
439,SOLUSD,SHORT,75.5,75.7241,0.2241,2026-08-17 08:30:00 IST,2026-08-17 08:59:50 IST,2026-08-17 11:52:13 IST,2h 52m 23s,75.556,75.7241,75.1027,0.2225,100.0,22.25,60.0,FILLED_SL,-1.0,193.801,8.285406e+16,8.285406e+18,6.628324e+15,-1.843095e+16,-2.505928e+16,5.779478e+16,"Filled at 75.5560, consolidated for 3 bars, then reversed to breach distal SL at 75.7241."
440,SOLUSD,LONG,75.176,75.8064,0.6304,2026-08-18 00:30:00 IST,2026-08-18 02:08:19 IST,2026-08-18 02:17:42 IST,0h 9m 23s,75.6488,75.176,76.1027,0.625,56.0,35.0,33.6,FILLED_TP,0.96,194.761,5.779478e+16,3.236542e+18,2.589233e+15,1.941925e+16,1.683002e+16,7.462480e+16,Price expanded in trade direction to hit fixed +0.60% TP at 76.1027.
441,SOLUSD,LONG,94.807,96.219,1.412,2026-08-26 14:30:00 IST,2026-08-26 15:11:01 IST,2026-08-26 15:19:20 IST,0h 8m 19s,95.866,94.807,96.4412,1.1047,31.68,35.0,19.01,FILLED_TP,0.5432,195.3042,7.462480e+16,2.364394e+18,1.891515e+15,1.418636e+16,1.229485e+16,8.691964e+16,Price expanded in trade direction to hit fixed +0.60% TP at 96.4412.
