timestamp,open,high,low,close,volume
2026-01-01T00:00:00Z,124.673,125.2345,124.585,125.133,10071.0
2026-01-01T01:00:00Z,125.162,125.813,124.91,124.972,26115.0
2026-01-01T02:00:00Z,124.992,125.243,124.7851,125.172,18750.0
2026-01-01T03:00:00Z,125.173,125.413,125.002,125.1,15484.0
2026-01-01T04:00:00Z,125.203,125.263,124.8,124.953,11042.0
2026-01-01T05:00:00Z,124.953,125.313,124.942,125.303,11503.0
2026-01-01T06:00:00Z,125.313,125.313,124.88,124.882,10596.0
2026-01-01T07:00:00Z,124.893,124.993,124.241,124.242,32506.0
2026-01-01T08:00:00Z,124.252,124.733,124.153,124.703,19595.0
2026-01-01T09:00:00Z,124.703,125.106,124.612,125.012,30035.0
2026-01-01T10:00:00Z,125.023,125.284,124.942,125.023,27368.0
2026-01-01T11:00:00Z,125.023,125.225,124.762,125.212,29288.0
2026-01-01T12:00:00Z,125.2366,125.263,125.0,125.002,16063.0
2026-01-01T13:00:00Z,125.012,125.133,124.702,124.732,26882.0
2026-01-01T14:00:00Z,124.732,124.933,124.41,124.733,60570.0
2026-01-01T15:00:00Z,124.733,125.25,124.582,124.963,39449.0
2026-01-01T16:00:00Z,124.983,125.023,124.262,124.462,55753.0
2026-01-01T17:00:00Z,124.473,125.653,124.34,125.182,80836.0
2026-01-01T18:00:00Z,125.212,125.383,125.032,125.343,28852.0
2026-01-01T19:00:00Z,125.35,125.813,125.212,125.75,35187.0
2026-01-01T20:00:00Z,125.773,125.983,125.342,125.382,36734.0
2026-01-01T21:00:00Z,125.443,125.703,125.311,125.442,10997.0
2026-01-01T22:00:00Z,125.5,126.264,125.402,126.093,20495.0
2026-01-01T23:00:00Z,126.184,127.255,125.773,126.904,51409.0
2026-01-02T00:00:00Z,126.914,127.164,126.463,126.8,25311.0
2026-01-02T01:00:00Z,126.804,126.964,126.092,126.224,25068.0
2026-01-02T02:00:00Z,126.224,126.704,125.9,126.593,25726.0
2026-01-02T03:00:00Z,126.593,128.056,126.453,127.554,80384.0
2026-01-02T04:00:00Z,127.5747,127.73,126.972,127.014,35323.0
2026-01-02T05:00:00Z,126.993,127.454,126.773,127.353,38663.0
2026-01-02T06:00:00Z,127.354,127.744,127.273,127.364,37796.0
2026-01-02T07:00:00Z,127.353,127.594,126.932,127.153,30690.0
2026-01-02T08:00:00Z,127.184,128.01,127.163,127.973,42336.0
2026-01-02T09:00:00Z,127.984,129.945,127.843,129.423,128585.0
2026-01-02T10:00:00Z,129.434,130.035,128.904,128.974,76912.0
2026-01-02T11:00:00Z,128.974,129.0,128.023,128.255,80974.0
2026-01-02T12:00:00Z,128.235,128.678,127.913,128.444,69163.0
2026-01-02T13:00:00Z,128.444,128.825,128.294,128.384,46540.0
2026-01-02T14:00:00Z,128.375,129.644,126.823,128.734,230656.0
2026-01-02T15:00:00Z,128.795,129.544,127.413,129.015,167191.0
2026-01-02T16:00:00Z,129.005,131.844,128.684,130.946,188330.0
2026-01-02T17:00:00Z,130.946,132.337,130.715,131.466,168075.0
2026-01-02T18:00:00Z,131.466,132.066,130.365,130.826,99065.0
2026-01-02T19:00:00Z,130.8433,131.812,130.6601,131.635,49682.0
2026-01-02T20:00:00Z,131.7,132.168,130.83,131.166,46393.0
2026-01-02T21:00:00Z,131.236,132.167,131.195,131.905,19010.0
2026-01-02T22:00:00Z,131.935,133.3023,131.905,132.636,46822.0
2026-01-02T23:00:00Z,132.6001,132.757,131.915,132.307,27556.0
2026-01-03T00:00:00Z,132.29,132.957,132.266,132.526,21341.0
2026-01-03T01:00:00Z,132.5,132.967,132.376,132.657,18331.0
2026-01-03T02:00:00Z,132.657,133.107,132.096,132.867,34146.0
2026-01-03T03:00:00Z,132.856,133.187,132.176,132.836,44028.0
2026-01-03T04:00:00Z,132.826,132.907,132.2,132.367,43845.0
2026-01-03T05:00:00Z,132.39,132.547,131.625,131.905,58291.0
2026-01-03T06:00:00Z,131.905,132.307,131.065,131.196,71067.0
2026-01-03T07:00:00Z,131.156,131.416,129.594,130.116,101014.0
2026-01-03T08:00:00Z,130.105,131.046,129.805,130.695,64823.0
2026-01-03T09:00:00Z,130.695,131.496,130.375,131.186,56451.0
2026-01-03T10:00:00Z,131.186,131.246,130.815,130.935,33679.0
2026-01-03T11:00:00Z,130.95,130.976,130.445,130.695,32743.0
2026-01-03T12:00:00Z,130.695,130.946,130.505,130.906,31092.0
2026-01-03T13:00:00Z,130.836,131.396,130.805,131.286,40872.0
2026-01-03T14:00:00Z,131.286,132.187,131.125,132.016,68585.0
2026-01-03T15:00:00Z,132.026,132.046,131.281,131.486,43825.0
2026-01-03T16:00:00Z,131.475,132.016,131.475,131.765,39222.0
2026-01-03T17:00:00Z,131.776,132.056,131.655,131.905,24010.0
2026-01-03T18:00:00Z,131.916,132.127,131.61,131.976,31657.0
2026-01-03T19:00:00Z,131.965,131.976,131.665,131.785,16535.0
2026-01-03T20:00:00Z,131.815,132.036,131.345,131.995,17029.0
2026-01-03T21:00:00Z,131.996,133.09,131.805,132.886,45064.0
2026-01-03T22:00:00Z,132.877,134.022,132.6,133.417,39857.0
2026-01-03T23:00:00Z,133.47,133.777,133.14,133.387,17758.0
2026-01-04T00:00:00Z,133.336,135.0,133.326,134.577,43212.0
2026-01-04T01:00:00Z,134.567,134.748,133.414,133.95,46984.0
2026-01-04T02:00:00Z,133.956,134.027,133.4751,133.727,28398.0
2026-01-04T03:00:00Z,133.727,134.728,133.677,134.628,47831.0
2026-01-04T04:00:00Z,134.597,134.868,134.227,134.297,44175.0
2026-01-04T05:00:00Z,134.297,134.618,134.276,134.567,26705.0
2026-01-04T06:00:00Z,134.5194,135.039,133.686,133.766,75232.0
2026-01-04T07:00:00Z,133.787,134.145,133.68,133.826,36151.0
2026-01-04T08:00:00Z,133.836,134.188,133.2,134.118,69023.0
2026-01-04T09:00:00Z,134.107,134.588,133.846,134.338,41432.0
2026-01-04T10:00:00Z,134.307,134.8874,134.227,134.698,40297.0
2026-01-04T11:00:00Z,134.688,134.688,134.157,134.387,22312.0
2026-01-04T12:00:00Z,134.344,134.9,134.187,134.338,47804.0
2026-01-04T13:00:00Z,134.328,134.548,133.736,134.527,46535.0
2026-01-04T14:00:00Z,134.52,134.998,134.267,134.957,63918.0
2026-01-04T15:00:00Z,134.968,135.351,134.277,134.898,119344.0
2026-01-04T16:00:00Z,134.887,135.558,134.75,135.127,72419.0
2026-01-04T17:00:00Z,135.118,135.378,134.806,134.838,33687.0
2026-01-04T18:00:00Z,134.878,134.888,133.7214,134.208,94415.0
2026-01-04T19:00:00Z,134.2063,134.2063,133.106,133.576,65145.0
2026-01-04T20:00:00Z,133.576,134.248,133.407,134.017,22001.0
2026-01-04T21:00:00Z,134.017,134.578,133.716,133.937,24291.0
2026-01-04T22:00:00Z,133.876,134.448,133.797,134.187,13956.0
2026-01-04T23:00:00Z,134.227,134.868,133.646,134.128,15681.0
2026-01-05T00:00:00Z,134.107,135.85,134.036,135.527,45293.0
2026-01-05T01:00:00Z,135.558,137.76,135.3,136.769,98991.0
2026-01-05T02:00:00Z,136.8,137.249,135.687,136.889,57694.0
2026-01-05T03:00:00Z,136.878,137.359,136.578,136.6553,38633.0
2026-01-05T04:00:00Z,136.6553,136.789,135.0,135.677,77537.0
2026-01-05T05:00:00Z,135.698,136.339,135.006,135.048,43675.0
2026-01-05T06:00:00Z,135.048,135.7,134.627,135.608,43722.0
2026-01-05T07:00:00Z,135.597,135.748,135.087,135.407,23523.0
2026-01-05T08:00:00Z,135.407,135.948,135.186,135.197,31467.0
2026-01-05T09:00:00Z,135.197,135.668,134.74,135.438,38470.0
2026-01-05T10:00:00Z,135.438,136.038,135.267,135.8,39399.0
2026-01-05T11:00:00Z,135.818,135.818,135.227,135.747,37236.0
2026-01-05T12:00:00Z,135.7473,135.818,134.881,135.107,40436.0
2026-01-05T13:00:00Z,135.118,135.378,133.224,133.787,131779.0
2026-01-05T14:00:00Z,133.777,135.638,133.162,135.008,170958.0
2026-01-05T15:00:00Z,134.997,136.4957,134.15,136.1789,174210.0
2026-01-05T16:00:00Z,136.155,136.3,134.987,135.427,103755.0
2026-01-05T17:00:00Z,135.407,136.899,134.33,136.548,131447.0
2026-01-05T18:00:00Z,136.568,137.6161,135.727,137.388,111713.0
2026-01-05T19:00:00Z,137.399,138.846,137.128,138.27,100889.0
2026-01-05T20:00:00Z,138.259,139.8822,137.7748,137.878,89509.0
2026-01-05T21:00:00Z,137.928,138.78,137.908,138.42,23448.0
2026-01-05T22:00:00Z,138.4215,139.189,138.309,138.8076,17696.0
2026-01-05T23:00:00Z,138.95,138.98,137.898,137.919,17649.0
2026-01-06T00:00:00Z,137.908,138.21,136.9,137.749,42672.0
2026-01-06T01:00:00Z,137.718,138.54,137.346,137.558,36506.0
2026-01-06T02:00:00Z,137.599,138.009,137.308,137.618,23541.0
2026-01-06T03:00:00Z,137.608,138.64,137.558,138.39,37098.0
2026-01-06T04:00:00Z,138.379,139.0,138.2,138.439,32229.0
2026-01-06T05:00:00Z,138.41,140.1,138.069,139.569,76657.0
2026-01-06T06:00:00Z,139.588,139.77,138.839,139.03,54817.0
2026-01-06T07:00:00Z,139.019,139.1,137.338,137.578,80339.0
2026-01-06T08:00:00Z,137.578,138.13,137.378,137.599,32653.0
2026-01-06T09:00:00Z,137.538,138.42,137.497,137.789,45631.0
2026-01-06T10:00:00Z,137.769,138.1,137.408,137.729,29816.0
2026-01-06T11:00:00Z,137.729,139.698,137.618,139.509,88176.0
2026-01-06T12:00:00Z,139.52,139.66,138.9,139.089,53549.0
2026-01-06T13:00:00Z,139.0865,139.48,138.729,139.12,46463.0
2026-01-06T14:00:00Z,139.109,143.522,139.109,142.02,332298.0
2026-01-06T15:00:00Z,142.031,143.202,141.139,141.631,162116.0
2026-01-06T16:00:00Z,141.62,142.0,138.159,138.919,212226.0
2026-01-06T17:00:00Z,138.9,139.2,136.4,136.589,160369.0
2026-01-06T18:00:00Z,136.528,137.999,136.186,137.558,94841.0
2026-01-06T19:00:00Z,137.609,138.059,137.287,137.538,42523.0
2026-01-06T20:00:00Z,137.529,139.1852,137.528,138.969,41611.0
2026-01-06T21:00:00Z,139.069,142.021,138.718,140.241,58658.0
2026-01-06T22:00:00Z,140.2188,141.021,139.559,140.07,21864.0
2026-01-06T23:00:00Z,140.07,141.4,140.07,141.111,24256.0
2026-01-07T00:00:00Z,141.06,141.4,139.8,139.88,30956.0
2026-01-07T01:00:00Z,139.88,140.641,138.829,138.909,40339.0
2026-01-07T02:00:00Z,138.909,140.111,138.55,139.97,49177.0
2026-01-07T03:00:00Z,139.989,140.571,139.379,139.5878,38959.0
2026-01-07T04:00:00Z,139.579,139.72,138.719,138.78,26275.0
2026-01-07T05:00:00Z,138.769,139.34,138.15,138.51,41290.0
2026-01-07T06:00:00Z,138.499,139.08,138.455,138.769,24927.0
2026-01-07T07:00:00Z,138.769,139.43,138.769,139.38,22569.0
2026-01-07T08:00:00Z,139.369,139.81,139.097,139.4,41121.0
2026-01-07T09:00:00Z,139.419,139.47,136.5336,136.859,109919.0
2026-01-07T10:00:00Z,136.85,137.689,136.717,137.538,50183.0
2026-01-07T11:00:00Z,137.548,138.19,137.478,137.938,49077.0
2026-01-07T12:00:00Z,137.908,138.18,137.598,137.919,33437.0
2026-01-07T13:00:00Z,137.918,138.5,137.518,138.109,80938.0
2026-01-07T14:00:00Z,138.119,138.22,136.5911,138.029,119105.0
2026-01-07T15:00:00Z,138.08,138.1,135.236,135.677,155777.0
2026-01-07T16:00:00Z,135.677,136.659,135.307,135.668,81078.0
2026-01-07T17:00:00Z,135.718,136.469,135.367,135.567,69207.0
2026-01-07T18:00:00Z,135.547,135.911,134.754,135.258,93514.0
2026-01-07T19:00:00Z,135.267,136.0,134.4,135.747,56611.0
2026-01-07T20:00:00Z,135.758,136.018,135.007,135.846,23156.0
2026-01-07T21:00:00Z,135.848,136.349,135.687,136.208,11355.0
2026-01-07T22:00:00Z,136.149,136.829,135.747,136.479,15920.0
2026-01-07T23:00:00Z,136.378,137.089,135.85,136.378,24112.0
2026-01-08T00:00:00Z,136.358,136.969,136.0136,136.818,22034.0
2026-01-08T01:00:00Z,136.829,137.41,136.708,136.838,22339.0
2026-01-08T02:00:00Z,136.818,138.01,136.588,137.959,54115.0
2026-01-08T03:00:00Z,137.939,138.32,136.588,136.738,56549.0
2026-01-08T04:00:00Z,136.749,138.36,136.425,137.658,64655.0
2026-01-08T05:00:00Z,137.789,138.1,136.508,136.639,46631.0
2026-01-08T06:00:00Z,136.628,136.769,134.707,134.837,92536.0
2026-01-08T07:00:00Z,134.817,135.988,133.7977,135.877,77614.0
2026-01-08T08:00:00Z,135.887,136.23,135.035,135.118,43239.0
2026-01-08T09:00:00Z,135.126,135.518,134.337,134.478,48476.0
2026-01-08T10:00:00Z,134.468,135.418,133.916,135.087,74336.0
2026-01-08T11:00:00Z,135.088,135.3,134.267,134.767,42982.0
2026-01-08T12:00:00Z,134.808,134.808,133.695,134.128,54971.0
2026-01-08T13:00:00Z,134.118,134.578,133.714,134.468,51547.0
2026-01-08T14:00:00Z,134.448,134.488,132.706,134.036,116864.0
2026-01-08T15:00:00Z,134.005,136.549,133.387,136.418,153804.0
2026-01-08T16:00:00Z,136.399,138.21,136.218,138.2,152875.0
2026-01-08T17:00:00Z,138.199,138.874,137.268,138.75,151124.0
2026-01-08T18:00:00Z,138.75,139.09,137.917,138.109,86868.0
2026-01-08T19:00:00Z,138.11,138.44,137.21,137.549,67198.0
2026-01-08T20:00:00Z,137.549,137.869,136.528,137.74,54014.0
2026-01-08T21:00:00Z,137.769,139.87,137.768,139.589,50769.0
2026-01-08T22:00:00Z,139.629,140.061,138.317,138.865,45618.0
2026-01-08T23:00:00Z,138.88,139.2,138.219,138.38,18874.0
2026-01-09T00:00:00Z,138.44,139.31,138.309,139.099,16125.0
2026-01-09T01:00:00Z,139.16,139.601,137.728,138.279,46065.0
2026-01-09T02:00:00Z,138.279,139.55,138.216,138.98,39676.0
2026-01-09T03:00:00Z,138.98,141.2,138.919,140.79,88331.0
2026-01-09T04:00:00Z,140.791,141.081,139.619,139.729,40593.0
2026-01-09T05:00:00Z,139.73,140.171,139.458,139.949,32017.0
2026-01-09T06:00:00Z,139.949,140.841,139.668,140.701,47071.0
2026-01-09T07:00:00Z,140.701,140.731,139.529,139.569,58480.0
2026-01-09T08:00:00Z,139.6,139.679,137.048,137.948,127201.0
2026-01-09T09:00:00Z,137.959,139.1041,137.9,138.469,85270.0
2026-01-09T10:00:00Z,138.46,139.02,138.157,138.75,37414.0
2026-01-09T11:00:00Z,138.776,138.92,138.079,138.299,31762.0
2026-01-09T12:00:00Z,138.31,138.65,137.578,137.708,44390.0
2026-01-09T13:00:00Z,137.718,139.5,137.6687,138.629,83333.0
2026-01-09T14:00:00Z,138.66,138.66,136.446,136.879,155130.0
2026-01-09T15:00:00Z,136.879,140.921,136.188,138.83,281130.0
2026-01-09T16:00:00Z,138.83,140.272,138.719,139.96,117415.0
2026-01-09T17:00:00Z,139.97,140.081,137.327,138.439,174948.0
2026-01-09T18:00:00Z,138.4379,138.47,135.776,136.818,119684.0
2026-01-09T19:00:00Z,136.768,136.798,135.437,135.777,63478.0
2026-01-09T20:00:00Z,135.775,136.048,134.907,135.588,78035.0
2026-01-09T21:00:00Z,135.488,136.429,135.4,135.968,15969.0
2026-01-09T22:00:00Z,135.888,136.219,135.5501,136.098,9214.0
2026-01-09T23:00:00Z,136.159,136.415,135.747,135.958,8875.0
2026-01-10T00:00:00Z,135.958,136.109,135.667,135.878,6099.0
2026-01-10T01:00:00Z,135.878,136.47,135.807,136.438,15208.0
2026-01-10T02:00:00Z,136.428,136.659,135.897,136.379,28148.0
2026-01-10T03:00:00Z,136.379,136.389,135.897,136.118,18352.0
2026-01-10T04:00:00Z,136.118,136.169,135.727,135.837,19726.0
2026-01-10T05:00:00Z,135.848,136.339,135.785,135.907,18470.0
2026-01-10T06:00:00Z,135.928,136.189,135.747,135.968,19256.0
2026-01-10T07:00:00Z,135.967,136.259,135.936,136.068,13108.0
2026-01-10T08:00:00Z,136.078,136.309,135.977,136.208,10697.0
2026-01-10T09:00:00Z,136.208,136.6183,136.078,136.618,17314.0
2026-01-10T10:00:00Z,136.618,137.0395,136.4,136.99,50312.0
2026-01-10T11:00:00Z,136.988,136.999,136.37,136.579,30434.0
2026-01-10T12:00:00Z,136.5693,137.059,136.538,136.579,29044.0
2026-01-10T13:00:00Z,136.629,136.629,136.064,136.339,37157.0
2026-01-10T14:00:00Z,136.318,136.47,136.0,136.159,34137.0
2026-01-10T15:00:00Z,136.159,136.539,136.068,136.429,25236.0
2026-01-10T16:00:00Z,136.429,136.648,136.169,136.429,20563.0
2026-01-10T17:00:00Z,136.429,136.719,136.127,136.158,22651.0
2026-01-10T18:00:00Z,136.169,136.35,135.917,136.158,16823.0
2026-01-10T19:00:00Z,136.169,136.269,136.0,136.249,8177.0
2026-01-10T20:00:00Z,136.249,136.29,136.0,136.109,11127.0
2026-01-10T21:00:00Z,136.089,136.099,135.725,135.778,10629.0
2026-01-10T22:00:00Z,135.757,135.918,135.387,135.537,11726.0
2026-01-10T23:00:00Z,135.537,136.068,135.537,135.858,6394.0
2026-01-11T00:00:00Z,135.858,136.459,135.767,136.409,8651.0
2026-01-11T01:00:00Z,136.398,136.49,136.098,136.3081,8498.0
2026-01-11T02:00:00Z,136.3081,136.469,135.956,136.038,11371.0
2026-01-11T03:00:00Z,136.027,136.349,135.867,136.268,11399.0
2026-01-11T04:00:00Z,136.2875,136.399,136.0,136.209,10636.0
2026-01-11T05:00:00Z,136.198,136.449,136.007,136.298,11577.0
2026-01-11T06:00:00Z,136.298,136.429,135.9,136.168,17189.0
2026-01-11T07:00:00Z,136.168,136.279,135.986,136.198,9527.0
2026-01-11T08:00:00Z,136.198,136.929,136.107,136.779,25440.0
2026-01-11T09:00:00Z,136.779,136.819,136.338,136.458,26423.0
2026-01-11T10:00:00Z,136.458,136.719,136.268,136.559,10206.0
2026-01-11T11:00:00Z,136.578,136.779,136.498,136.539,16385.0
2026-01-11T12:00:00Z,136.569,137.29,136.498,137.068,32003.0
2026-01-11T13:00:00Z,137.08,137.35,136.928,137.238,38466.0
2026-01-11T14:00:00Z,137.238,139.47,137.238,139.229,119341.0
2026-01-11T15:00:00Z,139.23,139.562,137.837,138.429,114796.0
2026-01-11T16:00:00Z,138.46,141.662,138.449,140.06,191659.0
2026-01-11T17:00:00Z,140.09,140.221,138.759,139.699,80472.0
2026-01-11T18:00:00Z,139.7,140.243,139.139,140.039,44652.0
2026-01-11T19:00:00Z,140.05,140.191,139.069,139.53,33209.0
2026-01-11T20:00:00Z,139.429,139.44,137.988,138.56,56481.0
2026-01-11T21:00:00Z,138.56,138.98,138.0,138.719,16837.0
2026-01-11T22:00:00Z,138.73,138.73,137.728,138.26,19321.0
2026-01-11T23:00:00Z,138.259,139.789,137.558,139.71,26332.0
2026-01-12T00:00:00Z,139.71,141.381,138.919,141.351,62991.0
2026-01-12T01:00:00Z,141.34,141.959,140.72,141.061,64326.0
2026-01-12T02:00:00Z,141.121,142.792,140.944,142.421,75797.0
2026-01-12T03:00:00Z,142.442,144.4408,142.415,142.552,106369.0
2026-01-12T04:00:00Z,142.551,143.102,142.461,142.751,44885.0
2026-01-12T05:00:00Z,142.751,143.242,142.531,142.801,49866.0
2026-01-12T06:00:00Z,142.791,143.362,141.89,142.03,72894.0
2026-01-12T07:00:00Z,142.021,142.492,141.36,141.411,55782.0
2026-01-12T08:00:00Z,141.36,142.068,139.042,140.049,137694.0
2026-01-12T09:00:00Z,140.081,140.251,139.139,139.58,57776.0
2026-01-12T10:00:00Z,139.6,140.191,139.05,139.26,41588.0
2026-01-12T11:00:00Z,139.25,140.161,139.163,140.0,34190.0
2026-01-12T12:00:00Z,140.01,140.301,139.699,139.76,46093.0
2026-01-12T13:00:00Z,139.76,140.153,139.358,139.77,45237.0
2026-01-12T14:00:00Z,139.7629,140.841,138.7,140.461,147749.0
2026-01-12T15:00:00Z,140.461,142.762,140.059,142.611,174472.0
2026-01-12T16:00:00Z,142.592,144.3109,142.121,143.011,180664.0
2026-01-12T17:00:00Z,142.981,143.742,141.17,141.961,123716.0
2026-01-12T18:00:00Z,141.981,142.882,140.623,141.261,100934.0
2026-01-12T19:00:00Z,141.24,141.531,140.6325,140.991,35578.0
2026-01-12T20:00:00Z,141.071,141.881,139.968,140.231,50574.0
2026-01-12T21:00:00Z,140.171,140.221,138.307,138.82,42709.0
2026-01-12T22:00:00Z,138.81,139.81,138.766,139.149,20003.0
2026-01-12T23:00:00Z,139.17,139.52,138.649,139.229,17123.0
2026-01-13T00:00:00Z,139.2,139.39,138.6927,139.28,15515.0
2026-01-13T01:00:00Z,139.28,139.56,138.479,138.89,26492.0
2026-01-13T02:00:00Z,138.89,139.31,138.099,138.369,27463.0
2026-01-13T03:00:00Z,138.38,138.8,137.828,138.729,43378.0
2026-01-13T04:00:00Z,138.73,139.16,138.379,139.14,35037.0
2026-01-13T05:00:00Z,139.14,140.5012,138.809,139.95,77353.0
2026-01-13T06:00:00Z,139.95,140.763,139.839,140.61,49726.0
2026-01-13T07:00:00Z,140.6284,140.68,139.949,139.949,35838.0
2026-01-13T08:00:00Z,139.9451,141.891,139.938,141.601,83003.0
2026-01-13T09:00:00Z,141.601,143.162,141.3,141.94,163242.0
2026-01-13T10:00:00Z,141.971,142.662,141.7,142.121,52748.0
2026-01-13T11:00:00Z,142.121,142.302,141.56,141.86,35749.0
2026-01-13T12:00:00Z,141.91,142.382,141.4499,142.261,70016.0
2026-01-13T13:00:00Z,142.222,143.482,141.82,142.462,110864.0
2026-01-13T14:00:00Z,142.411,143.862,141.683,142.051,183996.0
2026-01-13T15:00:00Z,142.0313,143.522,141.187,143.5,163742.0
2026-01-13T16:00:00Z,143.491,144.596,142.861,143.181,169075.0
2026-01-13T17:00:00Z,143.192,143.643,142.468,142.881,89936.0
2026-01-13T18:00:00Z,142.821,143.89,142.681,143.492,53938.0
2026-01-13T19:00:00Z,143.492,144.45,143.071,144.242,37166.0
2026-01-13T20:00:00Z,144.3,144.45,143.001,143.821,37780.0
2026-01-13T21:00:00Z,143.821,144.323,143.381,143.402,19299.0
2026-01-13T22:00:00Z,143.432,148.855,143.42,146.944,113084.0
2026-01-13T23:00:00Z,147.0,147.634,144.662,145.553,59047.0
2026-01-14T00:00:00Z,145.613,145.923,144.4,145.103,33309.0
2026-01-14T01:00:00Z,145.072,146.25,144.972,145.742,31678.0
2026-01-14T02:00:00Z,145.72,146.624,145.356,145.533,33736.0
2026-01-14T03:00:00Z,145.533,146.394,145.181,146.283,32013.0
2026-01-14T04:00:00Z,146.253,146.47,144.832,144.953,38490.0
2026-01-14T05:00:00Z,144.9179,145.213,144.3704,144.493,40809.0
2026-01-14T06:00:00Z,144.493,144.733,143.931,144.702,50840.0
2026-01-14T07:00:00Z,144.713,145.073,144.162,144.883,44361.0
2026-01-14T08:00:00Z,144.883,145.203,144.647,144.933,37082.0
2026-01-14T09:00:00Z,144.932,145.673,144.872,145.513,37773.0
2026-01-14T10:00:00Z,145.513,145.774,144.542,144.742,52534.0
2026-01-14T11:00:00Z,144.742,144.742,143.521,143.772,57259.0
2026-01-14T12:00:00Z,143.731,144.773,143.365,144.563,41418.0
2026-01-14T13:00:00Z,144.582,144.913,144.051,144.243,62432.0
2026-01-14T14:00:00Z,144.253,147.594,144.232,146.643,236418.0
2026-01-14T15:00:00Z,146.664,147.5775,145.9718,147.093,150495.0
2026-01-14T16:00:00Z,147.093,148.455,146.863,147.083,170645.0
2026-01-14T17:00:00Z,147.103,147.664,145.742,145.992,106097.0
2026-01-14T18:00:00Z,145.972,147.464,145.35,146.353,80724.0
2026-01-14T19:00:00Z,146.353,147.564,146.134,146.803,37810.0
2026-01-14T20:00:00Z,146.834,147.774,146.592,147.554,36524.0
2026-01-14T21:00:00Z,147.453,147.523,146.2688,146.954,16153.0
2026-01-14T22:00:00Z,146.864,147.174,145.82,146.204,11586.0
2026-01-14T23:00:00Z,146.244,147.124,146.042,146.673,6910.0
2026-01-15T00:00:00Z,146.713,146.724,145.482,146.052,11657.0
2026-01-15T01:00:00Z,146.084,146.514,144.8008,145.183,51242.0
2026-01-15T02:00:00Z,145.113,145.523,144.272,144.513,43099.0
2026-01-15T03:00:00Z,144.542,144.713,143.21,143.482,79982.0
2026-01-15T04:00:00Z,143.472,144.473,143.271,144.462,41831.0
2026-01-15T05:00:00Z,144.443,144.82,144.311,144.613,25663.0
2026-01-15T06:00:00Z,144.583,144.873,144.072,144.202,63578.0
2026-01-15T07:00:00Z,144.223,145.293,144.092,145.013,76051.0
2026-01-15T08:00:00Z,145.002,145.235,144.07,144.872,61959.0
2026-01-15T09:00:00Z,144.873,146.023,144.472,145.623,97595.0
2026-01-15T10:00:00Z,145.632,145.683,145.212,145.423,34411.0
2026-01-15T11:00:00Z,145.412,145.692,144.787,144.843,54613.0
2026-01-15T12:00:00Z,144.8182,145.063,144.3,144.883,57755.0
2026-01-15T13:00:00Z,144.883,145.35,144.502,145.193,50996.0
2026-01-15T14:00:00Z,145.182,145.643,143.221,143.921,249044.0
2026-01-15T15:00:00Z,143.912,144.354,141.792,143.481,186420.0
2026-01-15T16:00:00Z,143.461,144.032,142.8,143.544,101646.0
2026-01-15T17:00:00Z,143.542,144.222,142.471,142.652,92123.0
2026-01-15T18:00:00Z,142.662,143.022,141.447,141.551,104444.0
2026-01-15T19:00:00Z,141.541,141.841,140.9318,141.52,89808.0
2026-01-15T20:00:00Z,141.511,141.891,141.011,141.401,28591.0
2026-01-15T21:00:00Z,141.36,142.272,141.301,142.071,17871.0
2026-01-15T22:00:00Z,142.102,142.592,141.96,142.362,10715.0
2026-01-15T23:00:00Z,142.4,142.652,142.081,142.402,4859.0
2026-01-16T00:00:00Z,142.362,142.812,142.231,142.421,8463.0
2026-01-16T01:00:00Z,142.4388,142.712,141.97,142.352,19171.0
2026-01-16T02:00:00Z,142.332,142.332,141.67,142.201,21341.0
2026-01-16T03:00:00Z,142.215,142.482,141.855,141.941,24761.0
2026-01-16T04:00:00Z,141.941,142.732,141.45,141.661,44022.0
2026-01-16T05:00:00Z,141.65,143.636,141.48,143.192,55590.0
2026-01-16T06:00:00Z,143.192,143.372,142.719,143.312,30118.0
2026-01-16T07:00:00Z,143.312,143.338,142.61,142.932,37650.0
2026-01-16T08:00:00Z,142.932,143.45,142.901,143.141,27064.0
2026-01-16T09:00:00Z,143.061,143.47,142.871,143.051,24228.0
2026-01-16T10:00:00Z,143.052,143.172,142.701,143.0819,19202.0
2026-01-16T11:00:00Z,143.112,143.555,142.789,143.142,26637.0
2026-01-16T12:00:00Z,143.131,143.872,143.121,143.692,49648.0
2026-01-16T13:00:00Z,143.681,143.692,142.669,143.061,39253.0
2026-01-16T14:00:00Z,143.061,143.752,142.819,143.021,49517.0
2026-01-16T15:00:00Z,143.0,143.688,140.24,140.76,146264.0
2026-01-16T16:00:00Z,140.75,141.992,140.62,141.881,71755.0
2026-01-16T17:00:00Z,141.9,143.432,141.3892,143.311,103015.0
2026-01-16T18:00:00Z,143.321,144.224,142.991,143.531,103316.0
2026-01-16T19:00:00Z,143.542,144.5204,143.021,144.2,71687.0
2026-01-16T20:00:00Z,144.192,145.013,143.479,144.962,47673.0
2026-01-16T21:00:00Z,144.973,145.573,144.712,145.052,31719.0
2026-01-16T22:00:00Z,145.142,145.152,144.592,144.931,18426.0
2026-01-16T23:00:00Z,144.932,145.223,144.762,144.912,9871.0
2026-01-17T00:00:00Z,145.0,145.003,144.23,144.352,9621.0
2026-01-17T01:00:00Z,144.363,144.823,144.25,144.663,11609.0
2026-01-17T02:00:00Z,144.663,144.683,144.252,144.603,12656.0
2026-01-17T03:00:00Z,144.603,144.633,144.242,144.361,9857.0
2026-01-17T04:00:00Z,144.362,144.52,144.23,144.312,9445.0
2026-01-17T05:00:00Z,144.363,144.373,143.921,143.9615,24352.0
2026-01-17T06:00:00Z,143.9615,144.103,143.751,143.841,20834.0
2026-01-17T07:00:00Z,143.842,143.972,143.621,143.621,19832.0
2026-01-17T08:00:00Z,143.641,144.273,143.6,144.212,19470.0
2026-01-17T09:00:00Z,144.212,144.653,143.991,144.463,26447.0
2026-01-17T10:00:00Z,144.49,144.623,143.92,143.961,23561.0
2026-01-17T11:00:00Z,143.962,144.193,143.3,143.991,37144.0
2026-01-17T12:00:00Z,143.981,144.042,143.641,143.751,13749.0
2026-01-17T13:00:00Z,143.762,144.0509,143.581,143.992,23006.0
2026-01-17T14:00:00Z,143.981,144.2657,143.721,143.911,25928.0
2026-01-17T15:00:00Z,143.912,144.345,143.681,144.333,31649.0
2026-01-17T16:00:00Z,144.323,144.333,143.651,143.872,34473.0
2026-01-17T17:00:00Z,143.852,144.25,143.811,144.072,17956.0
2026-01-17T18:00:00Z,144.0915,144.281,143.981,144.273,12213.0
2026-01-17T19:00:00Z,144.262,144.52,144.091,144.262,16050.0
2026-01-17T20:00:00Z,144.262,144.553,144.2,144.392,5889.0
2026-01-17T21:00:00Z,144.253,144.393,144.212,144.242,1205.0
2026-01-17T22:00:00Z,144.242,144.253,143.489,143.771,12840.0
2026-01-17T23:00:00Z,143.742,144.002,143.631,143.722,2423.0
2026-01-18T00:00:00Z,143.701,143.96,143.1086,143.262,15199.0
2026-01-18T01:00:00Z,143.232,143.432,142.03,142.762,35303.0
2026-01-18T02:00:00Z,142.75,143.032,141.918,142.542,29556.0
2026-01-18T03:00:00Z,142.552,142.912,142.361,142.812,15588.0
2026-01-18T04:00:00Z,142.812,142.902,142.542,142.811,13934.0
2026-01-18T05:00:00Z,142.811,142.95,142.551,142.842,12324.0
2026-01-18T06:00:00Z,142.821,143.012,142.52,142.681,15276.0
2026-01-18T07:00:00Z,142.651,142.702,142.03,142.111,24856.0
2026-01-18T08:00:00Z,142.101,142.452,141.901,142.4155,30854.0
2026-01-18T09:00:00Z,142.412,142.632,142.311,142.522,16811.0
2026-01-18T10:00:00Z,142.512,142.522,142.161,142.422,10316.0
2026-01-18T11:00:00Z,142.421,142.492,142.2,142.391,7665.0
2026-01-18T12:00:00Z,142.362,142.512,142.181,142.261,11495.0
2026-01-18T13:00:00Z,142.242,142.512,141.98,142.381,30587.0
2026-01-18T14:00:00Z,142.3655,142.732,141.6064,141.7,59551.0
2026-01-18T15:00:00Z,141.701,142.142,141.47,142.001,44351.0
2026-01-18T16:00:00Z,141.99,142.223,141.75,142.0139,18325.0
2026-01-18T17:00:00Z,142.0139,142.413,141.85,142.341,22791.0
2026-01-18T18:00:00Z,142.331,142.951,142.06,142.741,27964.0
2026-01-18T19:00:00Z,142.802,143.2528,142.091,142.242,30342.0
2026-01-18T20:00:00Z,142.241,142.552,141.93,142.4217,12151.0
2026-01-18T21:00:00Z,142.482,142.782,142.381,142.692,4593.0
2026-01-18T22:00:00Z,142.641,143.062,142.5,142.872,7114.0
2026-01-18T23:00:00Z,142.671,142.771,137.745,137.871,101008.0
2026-01-19T00:00:00Z,137.859,137.859,130.0,133.797,167693.0
2026-01-19T01:00:00Z,133.786,134.458,133.4444,133.807,41500.0
2026-01-19T02:00:00Z,133.767,134.108,133.466,133.807,24758.0
2026-01-19T03:00:00Z,133.806,134.128,133.596,133.947,23724.0
2026-01-19T04:00:00Z,133.887,134.057,133.526,133.686,13076.0
2026-01-19T05:00:00Z,133.6663,133.982,133.33,133.336,24328.0
2026-01-19T06:00:00Z,133.336,133.437,132.706,133.277,39269.0
2026-01-19T07:00:00Z,133.287,133.5682,133.186,133.456,23049.0
2026-01-19T08:00:00Z,133.446,134.047,133.2752,133.877,34743.0
2026-01-19T09:00:00Z,133.8769,134.05,133.55,133.737,18304.0
2026-01-19T10:00:00Z,133.737,133.847,133.516,133.787,12458.0
2026-01-19T11:00:00Z,133.817,134.388,133.626,134.118,24930.0
2026-01-19T12:00:00Z,134.077,134.208,133.705,134.127,25349.0
2026-01-19T13:00:00Z,134.138,134.148,133.6,133.737,21768.0
2026-01-19T14:00:00Z,133.726,133.797,133.266,133.506,43431.0
2026-01-19T15:00:00Z,133.537,133.937,133.426,133.536,33691.0
2026-01-19T16:00:00Z,133.527,134.65,133.476,134.468,54294.0
2026-01-19T17:00:00Z,134.468,134.52,134.065,134.266,43197.0
2026-01-19T18:00:00Z,134.267,134.419,133.887,134.247,36347.0
2026-01-19T19:00:00Z,134.258,134.721,134.237,134.437,20324.0
2026-01-19T20:00:00Z,134.4807,135.177,134.467,134.686,28218.0
2026-01-19T21:00:00Z,134.707,134.978,134.077,134.087,12838.0
2026-01-19T22:00:00Z,134.077,134.208,132.836,132.956,33480.0
2026-01-19T23:00:00Z,132.966,133.947,132.763,133.4632,19673.0
2026-01-20T00:00:00Z,133.487,133.95,133.086,133.747,16415.0
2026-01-20T01:00:00Z,133.707,134.298,133.296,133.856,13021.0
2026-01-20T02:00:00Z,133.927,134.14,133.346,133.846,14738.0
2026-01-20T03:00:00Z,133.9,134.668,133.516,134.278,18478.0
2026-01-20T04:00:00Z,134.238,134.258,133.205,133.406,20489.0
2026-01-20T05:00:00Z,133.407,133.537,132.4,133.047,39043.0
2026-01-20T06:00:00Z,133.047,133.047,131.075,131.236,61469.0
2026-01-20T07:00:00Z,131.236,131.766,130.585,130.6461,35108.0
2026-01-20T08:00:00Z,130.635,130.796,128.334,129.105,129804.0
2026-01-20T09:00:00Z,129.095,129.165,128.563,128.914,39803.0
2026-01-20T10:00:00Z,128.885,129.345,128.744,128.905,30832.0
2026-01-20T11:00:00Z,128.894,129.475,128.703,128.795,29553.0
2026-01-20T12:00:00Z,128.8,129.455,128.709,129.325,23837.0
2026-01-20T13:00:00Z,129.325,129.345,128.364,128.435,53915.0
2026-01-20T14:00:00Z,128.424,129.765,127.943,128.865,102185.0
2026-01-20T15:00:00Z,128.805,128.934,127.223,127.844,102209.0
2026-01-20T16:00:00Z,127.833,128.585,126.283,127.073,120206.0
2026-01-20T17:00:00Z,127.054,127.964,126.363,127.034,87427.0
2026-01-20T18:00:00Z,127.05,127.7,126.853,126.973,35449.0
2026-01-20T19:00:00Z,126.993,127.534,126.623,127.234,27698.0
2026-01-20T20:00:00Z,127.2166,128.075,126.993,127.754,20949.0
2026-01-20T21:00:00Z,127.774,127.964,126.933,126.994,12432.0
2026-01-20T22:00:00Z,126.973,127.484,124.602,126.094,52859.0
2026-01-20T23:00:00Z,126.174,126.484,125.612,125.803,16715.0
2026-01-21T00:00:00Z,125.782,127.514,125.743,127.304,17292.0
2026-01-21T01:00:00Z,127.303,127.854,127.183,127.343,17615.0
2026-01-21T02:00:00Z,127.364,127.794,126.78,126.934,23454.0
2026-01-21T03:00:00Z,126.933,127.844,126.883,127.614,17097.0
2026-01-21T04:00:00Z,127.604,128.034,127.462,127.764,21695.0
2026-01-21T05:00:00Z,127.764,128.737,127.723,128.505,34617.0
2026-01-21T06:00:00Z,128.455,128.615,128.023,128.224,18384.0
2026-01-21T07:00:00Z,128.205,128.455,127.471,127.593,24730.0
2026-01-21T08:00:00Z,127.583,127.684,126.973,127.153,37175.0
2026-01-21T09:00:00Z,127.153,127.764,127.0381,127.474,23369.0
2026-01-21T10:00:00Z,127.493,128.195,127.413,127.723,22848.0
2026-01-21T11:00:00Z,127.72,127.905,126.792,126.944,51073.0
2026-01-21T12:00:00Z,126.933,127.45,126.164,127.403,63576.0
2026-01-21T13:00:00Z,127.393,127.644,126.812,127.143,37762.0
2026-01-21T14:00:00Z,127.074,129.756,126.963,129.545,136872.0
2026-01-21T15:00:00Z,129.544,131.186,129.344,130.435,129595.0
2026-01-21T16:00:00Z,130.446,130.456,125.531,125.582,183174.0
2026-01-21T17:00:00Z,125.583,127.034,125.25,126.913,108957.0
2026-01-21T18:00:00Z,126.95,127.864,126.353,127.633,55825.0
2026-01-21T19:00:00Z,127.633,131.7,127.183,131.485,106792.0
2026-01-21T20:00:00Z,131.515,131.66,130.043,131.075,44170.0
2026-01-21T21:00:00Z,131.156,132.15,130.78,131.055,26020.0
2026-01-21T22:00:00Z,131.065,131.756,130.575,130.65,12174.0
2026-01-21T23:00:00Z,130.595,131.0,129.16,129.524,20611.0
2026-01-22T00:00:00Z,129.534,130.336,129.534,129.984,11097.0
2026-01-22T01:00:00Z,129.995,130.606,129.874,130.215,14380.0
2026-01-22T02:00:00Z,130.215,130.586,129.704,129.774,20884.0
2026-01-22T03:00:00Z,129.784,130.286,129.5204,129.855,15662.0
2026-01-22T04:00:00Z,129.814,130.476,129.784,130.335,18318.0
2026-01-22T05:00:00Z,130.335,130.436,129.943,130.115,16876.0
2026-01-22T06:00:00Z,130.106,130.44,129.724,130.345,26057.0
2026-01-22T07:00:00Z,130.4,130.436,129.753,129.774,10536.0
2026-01-22T08:00:00Z,129.784,130.096,129.324,129.924,27613.0
2026-01-22T09:00:00Z,129.884,130.2569,129.6,130.166,18510.0
2026-01-22T10:00:00Z,130.175,130.356,130.011,130.226,12618.0
2026-01-22T11:00:00Z,130.125,130.326,129.704,130.085,24552.0
2026-01-22T12:00:00Z,130.116,130.446,129.974,130.075,12010.0
2026-01-22T13:00:00Z,130.075,130.956,129.083,129.375,63265.0
2026-01-22T14:00:00Z,129.364,129.5022,127.821,127.894,105988.0
2026-01-22T15:00:00Z,127.883,128.49,126.713,127.384,94434.0
2026-01-22T16:00:00Z,127.384,128.295,126.893,127.874,57458.0
2026-01-22T17:00:00Z,127.893,128.816,127.53,128.695,58650.0
2026-01-22T18:00:00Z,128.685,128.785,127.603,127.734,37796.0
2026-01-22T19:00:00Z,127.743,129.365,127.453,129.244,36333.0
2026-01-22T20:00:00Z,129.234,129.765,128.314,128.464,20903.0
2026-01-22T21:00:00Z,128.575,129.065,128.213,128.225,9394.0
2026-01-22T22:00:00Z,128.324,128.755,128.013,128.715,4714.0
2026-01-22T23:00:00Z,128.684,128.684,128.125,128.465,2936.0
2026-01-23T00:00:00Z,128.505,128.51,128.064,128.345,2473.0
2026-01-23T01:00:00Z,128.344,128.925,128.284,128.884,7266.0
2026-01-23T02:00:00Z,128.884,128.965,128.174,128.1771,8815.0
2026-01-23T03:00:00Z,128.1771,128.775,128.144,128.765,7260.0
2026-01-23T04:00:00Z,128.775,129.305,128.6196,129.125,20035.0
2026-01-23T05:00:00Z,129.105,129.105,128.364,128.664,15577.0
2026-01-23T06:00:00Z,128.664,129.145,127.25,127.473,30782.0
2026-01-23T07:00:00Z,127.514,128.085,127.503,127.904,12301.0
2026-01-23T08:00:00Z,127.893,127.964,126.953,127.143,21776.0
2026-01-23T09:00:00Z,127.1,127.384,126.9152,127.073,14935.0
2026-01-23T10:00:00Z,127.073,127.48,127.012,127.284,17085.0
2026-01-23T11:00:00Z,127.274,127.745,127.223,127.513,16029.0
2026-01-23T12:00:00Z,127.513,127.524,127.17,127.174,15312.0
2026-01-23T13:00:00Z,127.17,127.4,126.7356,126.833,23570.0
2026-01-23T14:00:00Z,126.823,127.374,125.282,126.0794,104497.0
2026-01-23T15:00:00Z,126.133,128.104,125.5,127.903,87799.0
2026-01-23T16:00:00Z,127.914,129.175,127.433,128.446,91366.0
2026-01-23T17:00:00Z,128.434,130.1918,127.873,128.425,88311.0
2026-01-23T18:00:00Z,128.424,129.565,128.25,129.024,47750.0
2026-01-23T19:00:00Z,129.034,129.125,127.763,128.0439,51879.0
2026-01-23T20:00:00Z,128.054,128.255,126.5697,126.903,30660.0
2026-01-23T21:00:00Z,126.924,127.564,126.894,127.143,9072.0
2026-01-23T22:00:00Z,127.113,127.876,127.113,127.663,4920.0
2026-01-23T23:00:00Z,127.594,127.624,127.254,127.434,2557.0
2026-01-24T00:00:00Z,127.434,127.713,127.363,127.391,4545.0
2026-01-24T01:00:00Z,127.383,127.554,127.283,127.534,4609.0
2026-01-24T02:00:00Z,127.554,127.784,127.472,127.683,5643.0
2026-01-24T03:00:00Z,127.714,128.115,127.594,127.894,14529.0
2026-01-24T04:00:00Z,127.894,128.086,127.683,127.833,9523.0
2026-01-24T05:00:00Z,127.833,127.884,127.623,127.8,7118.0
2026-01-24T06:00:00Z,127.8,127.804,127.523,127.644,9537.0
2026-01-24T07:00:00Z,127.644,127.674,127.07,127.14,17287.0
2026-01-24T08:00:00Z,127.123,127.404,127.0,127.363,14336.0
2026-01-24T09:00:00Z,127.343,127.364,127.003,127.113,8323.0
2026-01-24T10:00:00Z,127.124,127.265,126.933,127.203,11599.0
2026-01-24T11:00:00Z,127.194,127.384,127.113,127.184,7769.0
2026-01-24T12:00:00Z,127.174,127.384,127.083,127.314,8864.0
2026-01-24T13:00:00Z,127.314,127.314,126.923,126.923,12126.0
2026-01-24T14:00:00Z,126.9424,127.274,126.813,127.163,21452.0
2026-01-24T15:00:00Z,127.184,127.404,126.782,126.844,20893.0
2026-01-24T16:00:00Z,126.833,127.124,126.63,127.004,31045.0
2026-01-24T17:00:00Z,127.023,127.275,126.953,127.224,28073.0
2026-01-24T18:00:00Z,127.244,127.444,127.163,127.374,14356.0
2026-01-24T19:00:00Z,127.384,127.485,127.223,127.334,18191.0
2026-01-24T20:00:00Z,127.293,127.484,127.253,127.284,4615.0
2026-01-24T21:00:00Z,127.273,127.334,127.083,127.144,5174.0
2026-01-24T22:00:00Z,127.164,127.714,127.143,127.613,6415.0
2026-01-24T23:00:00Z,127.704,127.736,127.173,127.204,2519.0
2026-01-25T00:00:00Z,127.173,127.434,126.845,127.324,3827.0
2026-01-25T01:00:00Z,127.344,127.414,126.943,127.123,3442.0
2026-01-25T02:00:00Z,127.134,127.424,126.933,127.044,3727.0
2026-01-25T03:00:00Z,127.0499,127.124,126.333,126.653,18658.0
2026-01-25T04:00:00Z,126.613,126.994,126.523,126.763,11304.0
2026-01-25T05:00:00Z,126.763,126.944,126.62,126.934,12173.0
2026-01-25T06:00:00Z,126.923,126.934,126.413,126.703,10681.0
2026-01-25T07:00:00Z,126.7022,126.7022,126.353,126.463,11211.0
2026-01-25T08:00:00Z,126.474,126.824,125.972,126.25,23546.0
2026-01-25T09:00:00Z,126.21,126.904,126.103,126.703,25782.0
2026-01-25T10:00:00Z,126.724,127.214,126.628,126.953,20581.0
2026-01-25T11:00:00Z,126.954,126.984,126.563,126.784,16561.0
2026-01-25T12:00:00Z,126.763,127.055,126.593,127.044,11170.0
2026-01-25T13:00:00Z,127.023,127.134,126.483,126.963,20424.0
2026-01-25T14:00:00Z,126.963,126.974,125.662,126.083,47743.0
2026-01-25T15:00:00Z,126.052,126.324,125.452,125.573,27395.0
2026-01-25T16:00:00Z,125.572,125.572,122.172,122.751,170459.0
2026-01-25T17:00:00Z,122.7,122.963,121.56,122.181,70286.0
2026-01-25T18:00:00Z,122.142,122.292,120.659,121.66,80698.0
2026-01-25T19:00:00Z,121.591,121.831,117.075,117.929,126965.0
2026-01-25T20:00:00Z,117.929,118.65,117.398,118.31,71020.0
2026-01-25T21:00:00Z,118.269,118.8726,117.568,118.789,40873.0
2026-01-25T22:00:00Z,118.789,118.79,117.868,118.43,18735.0
2026-01-25T23:00:00Z,118.369,119.43,117.518,118.839,28668.0
2026-01-26T00:00:00Z,118.749,119.78,118.549,119.63,23618.0
2026-01-26T01:00:00Z,119.66,122.772,119.569,122.372,43196.0
2026-01-26T02:00:00Z,122.422,122.662,121.28,122.041,36194.0
2026-01-26T03:00:00Z,122.132,122.322,121.12,121.571,32323.0
2026-01-26T04:00:00Z,121.571,123.612,121.571,122.572,51553.0
2026-01-26T05:00:00Z,122.581,122.882,122.411,122.451,24484.0
2026-01-26T06:00:00Z,122.4772,122.782,122.191,122.462,28811.0
2026-01-26T07:00:00Z,122.451,123.022,122.211,122.912,34086.0
2026-01-26T08:00:00Z,122.912,123.6,122.271,122.712,45903.0
2026-01-26T09:00:00Z,122.712,122.742,121.78,121.93,39663.0
2026-01-26T10:00:00Z,121.941,122.697,121.941,122.451,17548.0
2026-01-26T11:00:00Z,122.5,122.682,122.411,122.522,10943.0
2026-01-26T12:00:00Z,122.59,122.972,122.361,122.682,26016.0
2026-01-26T13:00:00Z,122.682,123.292,122.561,123.152,32438.0
2026-01-26T14:00:00Z,123.191,124.277,122.651,123.792,92880.0
2026-01-26T15:00:00Z,123.75,125.2051,123.041,123.512,118977.0
2026-01-26T16:00:00Z,123.512,124.883,123.181,124.2837,73223.0
2026-01-26T17:00:00Z,124.3044,124.674,123.031,124.282,51281.0
2026-01-26T18:00:00Z,124.293,125.592,123.961,124.913,57701.0
2026-01-26T19:00:00Z,124.923,125.133,124.193,124.2926,25402.0
2026-01-26T20:00:00Z,124.2676,124.463,123.441,123.451,15120.0
2026-01-26T21:00:00Z,123.711,124.813,123.541,124.542,13347.0
2026-01-26T22:00:00Z,124.572,124.893,124.262,124.603,4967.0
2026-01-26T23:00:00Z,124.432,124.883,124.15,124.233,10436.0
2026-01-27T00:00:00Z,124.243,124.392,123.881,124.113,6953.0
2026-01-27T01:00:00Z,124.021,124.573,123.731,124.32,8908.0
2026-01-27T02:00:00Z,124.363,125.143,124.352,125.042,17366.0
2026-01-27T03:00:00Z,125.0,125.183,124.4,124.483,15985.0
2026-01-27T04:00:00Z,124.492,125.153,124.252,124.412,11404.0
2026-01-27T05:00:00Z,124.433,124.523,124.142,124.472,14261.0
2026-01-27T06:00:00Z,124.472,124.743,124.001,124.212,14211.0
2026-01-27T07:00:00Z,124.222,124.653,124.112,124.512,8095.0
2026-01-27T08:00:00Z,124.523,124.7873,124.082,124.082,11216.0
2026-01-27T09:00:00Z,124.082,124.082,123.58,123.751,24487.0
2026-01-27T10:00:00Z,123.752,124.143,123.711,123.711,15822.0
2026-01-27T11:00:00Z,123.721,124.273,123.621,124.153,19323.0
2026-01-27T12:00:00Z,124.103,124.344,123.831,123.881,19622.0
2026-01-27T13:00:00Z,123.921,123.933,123.121,123.192,51135.0
2026-01-27T14:00:00Z,123.202,124.523,123.181,123.641,70577.0
2026-01-27T15:00:00Z,123.622,125.033,123.431,125.001,56277.0
2026-01-27T16:00:00Z,125.002,126.804,124.991,126.324,124279.0
2026-01-27T17:00:00Z,126.303,126.324,123.519,124.022,120592.0
2026-01-27T18:00:00Z,124.042,126.315,123.8191,125.812,53581.0
2026-01-27T19:00:00Z,125.822,126.284,125.407,125.863,37284.0
2026-01-27T20:00:00Z,125.853,127.53,125.742,127.404,32570.0
2026-01-27T21:00:00Z,127.423,127.843,126.953,127.053,22342.0
2026-01-27T22:00:00Z,127.063,127.814,127.003,127.513,10332.0
2026-01-27T23:00:00Z,127.673,127.674,127.123,127.185,9342.0
2026-01-28T00:00:00Z,127.254,127.314,126.633,127.264,13376.0
2026-01-28T01:00:00Z,127.233,127.524,126.683,127.063,9854.0
2026-01-28T02:00:00Z,127.074,127.394,126.6857,127.073,9058.0
2026-01-28T03:00:00Z,127.063,127.224,126.683,126.964,10227.0
2026-01-28T04:00:00Z,126.9,127.034,126.463,126.824,19089.0
2026-01-28T05:00:00Z,126.844,126.994,126.461,126.7681,10651.0
2026-01-28T06:00:00Z,126.7955,127.554,126.7955,127.403,20328.0
2026-01-28T07:00:00Z,127.424,127.543,126.953,127.093,15770.0
2026-01-28T08:00:00Z,127.043,127.284,126.663,126.704,13000.0
2026-01-28T09:00:00Z,126.753,127.624,126.0,127.603,32850.0
2026-01-28T10:00:00Z,127.643,128.085,127.303,127.333,25543.0
2026-01-28T11:00:00Z,127.3,128.366,127.183,128.185,36482.0
2026-01-28T12:00:00Z,128.164,128.243,127.032,127.223,39282.0
2026-01-28T13:00:00Z,127.284,127.854,126.862,127.334,34942.0
2026-01-28T14:00:00Z,127.294,127.354,126.463,126.833,42850.0
2026-01-28T15:00:00Z,126.844,127.154,125.502,126.053,69328.0
2026-01-28T16:00:00Z,126.074,126.644,125.572,126.094,48926.0
2026-01-28T17:00:00Z,126.124,127.044,125.273,126.533,45012.0
2026-01-28T18:00:00Z,126.554,126.554,125.692,126.084,29429.0
2026-01-28T19:00:00Z,126.073,126.704,125.302,125.982,39786.0
2026-01-28T20:00:00Z,125.992,126.684,125.342,125.412,15959.0
2026-01-28T21:00:00Z,125.482,125.853,124.772,125.452,25279.0
2026-01-28T22:00:00Z,125.543,125.833,125.173,125.612,3842.0
2026-01-28T23:00:00Z,125.722,125.752,125.052,125.303,4508.0
2026-01-29T00:00:00Z,125.342,125.483,124.58,125.123,14033.0
2026-01-29T01:00:00Z,125.083,125.233,124.1046,124.312,18574.0
2026-01-29T02:00:00Z,124.302,124.773,123.1468,123.522,34461.0
2026-01-29T03:00:00Z,123.481,123.75,122.6866,123.051,26766.0
2026-01-29T04:00:00Z,123.051,123.512,122.481,123.422,21481.0
2026-01-29T05:00:00Z,123.422,123.812,123.131,123.232,16963.0
2026-01-29T06:00:00Z,123.222,123.712,123.0873,123.682,12522.0
2026-01-29T07:00:00Z,123.682,123.982,123.631,123.772,14087.0
2026-01-29T08:00:00Z,123.772,123.922,123.161,123.271,18620.0
2026-01-29T09:00:00Z,123.264,123.375,122.958,123.022,13715.0
2026-01-29T10:00:00Z,123.02,123.302,122.9,123.232,12767.0
2026-01-29T11:00:00Z,123.2,123.27,122.671,122.7656,22456.0
2026-01-29T12:00:00Z,122.831,123.182,122.421,122.852,19898.0
2026-01-29T13:00:00Z,122.85,123.162,122.681,122.912,15890.0
2026-01-29T14:00:00Z,122.912,123.082,120.309,120.33,93760.0
2026-01-29T15:00:00Z,120.371,120.43,116.108,117.638,236730.0
2026-01-29T16:00:00Z,117.648,118.96,116.7556,118.93,77053.0
2026-01-29T17:00:00Z,118.919,119.941,117.709,117.889,111793.0
2026-01-29T18:00:00Z,117.918,118.16,115.347,115.737,121210.0
2026-01-29T19:00:00Z,115.737,117.189,115.385,116.8,69015.0
2026-01-29T20:00:00Z,116.818,117.449,116.518,116.938,28005.0
2026-01-29T21:00:00Z,117.0,117.709,116.89,117.429,10301.0
2026-01-29T22:00:00Z,117.519,117.759,117.298,117.538,9978.0
2026-01-29T23:00:00Z,117.619,117.889,117.268,117.8,10522.0
2026-01-30T00:00:00Z,117.819,118.12,117.488,117.598,12870.0
2026-01-30T01:00:00Z,117.628,117.879,112.023,115.188,92487.0
2026-01-30T02:00:00Z,115.217,115.348,112.766,114.118,67816.0
2026-01-30T03:00:00Z,114.118,114.648,113.536,114.408,23732.0
2026-01-30T04:00:00Z,114.408,115.818,114.257,115.547,34662.0
2026-01-30T05:00:00Z,115.547,116.089,115.417,115.478,26014.0
2026-01-30T06:00:00Z,115.447,115.447,112.976,113.857,74359.0
2026-01-30T07:00:00Z,113.886,116.129,113.886,115.778,62137.0
2026-01-30T08:00:00Z,115.767,116.179,115.157,115.367,36834.0
2026-01-30T09:00:00Z,115.384,116.048,114.647,115.368,49649.0
2026-01-30T10:00:00Z,115.358,115.978,115.087,115.907,28087.0
2026-01-30T11:00:00Z,115.887,117.288,115.755,117.079,68506.0
2026-01-30T12:00:00Z,117.049,117.309,115.937,116.268,53149.0
2026-01-30T13:00:00Z,116.258,116.359,115.177,115.798,67813.0
2026-01-30T14:00:00Z,115.8141,117.639,115.807,116.339,103358.0
2026-01-30T15:00:00Z,116.338,117.139,114.552,116.808,124093.0
2026-01-30T16:00:00Z,116.778,117.999,116.188,117.119,119450.0
2026-01-30T17:00:00Z,117.129,117.765,116.528,116.619,62907.0
2026-01-30T18:00:00Z,116.639,118.6,114.317,118.1,153539.0
2026-01-30T19:00:00Z,118.1,119.14,118.1,118.3,79768.0
2026-01-30T20:00:00Z,118.29,118.44,116.508,117.018,46053.0
2026-01-30T21:00:00Z,117.059,117.999,116.858,117.508,27322.0
2026-01-30T22:00:00Z,117.368,117.489,116.568,117.298,9138.0
2026-01-30T23:00:00Z,117.308,117.619,116.888,117.52,4493.0
2026-01-31T00:00:00Z,117.578,117.949,117.368,117.508,10300.0
2026-01-31T01:00:00Z,117.519,118.35,117.518,118.14,15267.0
2026-01-31T02:00:00Z,118.1,118.53,117.568,118.289,24679.0
2026-01-31T03:00:00Z,118.289,118.62,118.1434,118.349,21208.0
2026-01-31T04:00:00Z,118.3,118.83,118.249,118.408,36504.0
2026-01-31T05:00:00Z,118.42,118.75,117.986,118.6,31185.0
2026-01-31T06:00:00Z,118.6,118.7512,117.868,118.529,32722.0
2026-01-31T07:00:00Z,118.54,118.59,117.158,117.3,46851.0
2026-01-31T08:00:00Z,117.359,117.509,113.65,115.577,137876.0
2026-01-31T09:00:00Z,115.607,116.829,115.367,116.328,67315.0
2026-01-31T10:00:00Z,116.348,116.9,116.02,116.758,37721.0
2026-01-31T11:00:00Z,116.769,116.769,115.937,116.017,27864.0
2026-01-31T12:00:00Z,116.0,116.1624,115.017,115.167,60771.0
2026-01-31T13:00:00Z,115.187,115.208,113.61,114.158,90256.0
2026-01-31T14:00:00Z,114.137,114.438,108.229,109.12,305779.0
2026-01-31T15:00:00Z,109.104,110.186,108.354,108.635,124886.0
2026-01-31T16:00:00Z,108.645,109.785,105.652,106.274,286663.0
2026-01-31T17:00:00Z,106.263,106.685,100.22,103.312,354425.0
2026-01-31T18:00:00Z,103.331,103.872,96.0556,101.901,277593.0
2026-01-31T19:00:00Z,101.89,103.401,101.46,101.68,139951.0
2026-01-31T20:00:00Z,101.711,102.462,100.34,101.9,113190.0
2026-01-31T21:00:00Z,101.87,103.694,101.3114,103.352,70686.0
2026-01-31T22:00:00Z,103.462,104.28,103.24,104.062,31528.0
2026-01-31T23:00:00Z,104.032,106.454,103.791,105.473,38931.0
2026-02-01T00:00:00Z,105.463,106.284,105.25,105.593,26916.0
2026-02-01T01:00:00Z,105.603,105.723,104.152,104.922,54125.0
2026-02-01T02:00:00Z,104.952,105.933,104.74,105.502,43948.0
2026-02-01T03:00:00Z,105.522,105.643,104.472,104.922,37813.0
2026-02-01T04:00:00Z,104.933,105.463,104.752,105.142,29545.0
2026-02-01T05:00:00Z,105.202,105.673,104.47,104.662,40930.0
2026-02-01T06:00:00Z,104.692,105.433,104.512,105.082,26979.0
2026-02-01T07:00:00Z,105.062,106.0,103.969,105.193,77779.0
2026-02-01T08:00:00Z,105.185,106.023,104.812,105.503,43322.0
2026-02-01T09:00:00Z,105.513,105.913,104.952,105.763,33512.0
2026-02-01T10:00:00Z,105.772,105.833,103.681,103.741,57539.0
2026-02-01T11:00:00Z,103.741,105.393,103.741,105.032,63918.0
2026-02-01T12:00:00Z,105.043,105.193,104.1151,105.063,46208.0
2026-02-01T13:00:00Z,105.023,106.693,104.072,104.422,105608.0
2026-02-01T14:00:00Z,104.433,104.793,101.72,102.922,153193.0
2026-02-01T15:00:00Z,102.922,102.922,100.2,101.661,160664.0
2026-02-01T16:00:00Z,101.66,102.862,100.9,101.701,113639.0
2026-02-01T17:00:00Z,101.68,102.46,101.09,102.411,71938.0
2026-02-01T18:00:00Z,102.402,104.213,102.391,103.412,91720.0
2026-02-01T19:00:00Z,103.412,103.732,101.52,101.931,50797.0
2026-02-01T20:00:00Z,101.89,102.832,100.17,101.571,60260.0
2026-02-01T21:00:00Z,101.54,101.681,100.11,100.691,40997.0
2026-02-01T22:00:00Z,100.841,102.842,100.84,101.79,21746.0
2026-02-01T23:00:00Z,101.7166,102.04,98.008,100.701,53150.0
2026-02-02T00:00:00Z,100.781,102.872,99.629,102.312,25256.0
2026-02-02T01:00:00Z,102.272,103.122,100.38,102.081,38529.0
2026-02-02T02:00:00Z,102.081,102.712,100.57,100.75,25021.0
2026-02-02T03:00:00Z,100.7,100.871,95.9,100.05,134898.0
2026-02-02T04:00:00Z,100.05,101.791,98.629,100.261,77227.0
2026-02-02T05:00:00Z,100.3,100.451,97.666,98.269,88446.0
2026-02-02T06:00:00Z,98.249,101.431,97.048,100.679,164717.0
2026-02-02T07:00:00Z,100.57,102.44,100.45,101.43,85807.0
2026-02-02T08:00:00Z,101.43,102.472,101.38,101.701,44220.0
2026-02-02T09:00:00Z,101.68,103.202,101.4,102.771,77319.0
2026-02-02T10:00:00Z,102.782,103.442,102.611,102.891,62355.0
2026-02-02T11:00:00Z,102.902,103.4,102.661,102.761,34862.0
2026-02-02T12:00:00Z,102.771,103.7505,102.771,103.302,61262.0
2026-02-02T13:00:00Z,103.281,103.682,102.811,103.362,51993.0
2026-02-02T14:00:00Z,103.3,105.132,102.36,103.972,149603.0
2026-02-02T15:00:00Z,103.962,106.1,103.578,104.672,180241.0
2026-02-02T16:00:00Z,104.672,105.753,104.252,104.982,105809.0
2026-02-02T17:00:00Z,104.952,105.583,104.4499,104.792,74681.0
2026-02-02T18:00:00Z,104.793,105.023,103.846,104.713,85045.0
2026-02-02T19:00:00Z,104.662,104.813,103.481,103.932,41482.0
2026-02-02T20:00:00Z,103.871,104.233,103.311,103.922,30216.0
2026-02-02T21:00:00Z,103.842,104.942,103.842,104.842,19644.0
2026-02-02T22:00:00Z,104.903,105.175,104.602,104.982,11696.0
2026-02-02T23:00:00Z,105.022,105.022,104.4,104.533,13194.0
2026-02-03T00:00:00Z,104.502,104.653,103.681,104.163,12667.0
2026-02-03T01:00:00Z,104.122,104.373,103.541,104.373,17863.0
2026-02-03T02:00:00Z,104.393,104.393,102.321,102.412,53784.0
2026-02-03T03:00:00Z,102.391,104.413,102.152,104.142,72231.0
2026-02-03T04:00:00Z,104.142,105.1,103.85,104.673,38677.0
2026-02-03T05:00:00Z,104.673,104.713,103.631,103.7,66536.0
2026-02-03T06:00:00Z,103.7,104.073,102.942,103.962,61789.0
2026-02-03T07:00:00Z,103.952,104.903,103.741,104.673,44102.0
2026-02-03T08:00:00Z,104.652,104.9987,104.02,104.088,45771.0
2026-02-03T09:00:00Z,104.078,104.159,102.477,103.058,96815.0
2026-02-03T10:00:00Z,103.058,103.2749,102.427,102.827,55512.0
2026-02-03T11:00:00Z,102.827,103.366,102.777,102.947,37797.0
2026-02-03T12:00:00Z,103.0,103.328,102.467,103.077,50395.0
2026-02-03T13:00:00Z,103.068,103.538,102.707,103.358,40192.0
2026-02-03T14:00:00Z,103.358,103.6,100.727,100.817,171600.0
2026-02-03T15:00:00Z,100.807,102.737,100.357,102.538,202738.0
2026-02-03T16:00:00Z,102.537,102.537,99.897,100.697,147773.0
2026-02-03T17:00:00Z,100.697,100.937,98.996,99.047,140570.0
2026-02-03T18:00:00Z,99.066,99.4,96.626,96.797,187231.0
2026-02-03T19:00:00Z,96.786,100.05,96.666,98.967,163136.0
2026-02-03T20:00:00Z,98.958,102.05,98.27,101.141,89695.0
2026-02-03T21:00:00Z,101.141,101.781,99.9841,100.1758,45883.0
2026-02-03T22:00:00Z,100.23,100.241,98.129,98.47,38890.0
2026-02-03T23:00:00Z,98.56,98.56,97.168,97.859,25723.0
2026-02-04T00:00:00Z,97.899,98.77,97.138,97.959,27853.0
2026-02-04T01:00:00Z,98.018,99.63,97.999,99.08,31953.0
2026-02-04T02:00:00Z,99.09,99.16,97.3638,97.889,39066.0
2026-02-04T03:00:00Z,97.889,99.6,97.868,99.069,46189.0
2026-02-04T04:00:00Z,99.079,99.32,98.0,98.079,41375.0
2026-02-04T05:00:00Z,98.06,98.419,96.388,96.929,82173.0
2026-02-04T06:00:00Z,96.918,98.73,96.687,98.18,67943.0
2026-02-04T07:00:00Z,98.18,98.22,97.328,97.899,49967.0
2026-02-04T08:00:00Z,97.879,97.929,96.738,97.689,62947.0
2026-02-04T09:00:00Z,97.659,97.748,96.738,97.108,57446.0
2026-02-04T10:00:00Z,97.128,97.279,96.748,97.008,40299.0
2026-02-04T11:00:00Z,97.019,97.039,94.597,96.068,173000.0
2026-02-04T12:00:00Z,96.095,96.719,95.827,96.489,62138.0
2026-02-04T13:00:00Z,96.428,96.459,94.117,94.347,133209.0
2026-02-04T14:00:00Z,94.337,94.99,92.926,93.077,205248.0
2026-02-04T15:00:00Z,93.087,94.158,91.235,92.725,226143.0
2026-02-04T16:00:00Z,92.747,93.077,90.915,91.936,169443.0
2026-02-04T17:00:00Z,91.915,92.567,89.964,91.406,220430.0
2026-02-04T18:00:00Z,91.375,93.217,90.285,92.297,205703.0
2026-02-04T19:00:00Z,92.316,94.718,92.266,94.347,160974.0
2026-02-04T20:00:00Z,94.358,94.508,92.995,93.267,58189.0
2026-02-04T21:00:00Z,93.256,93.357,90.735,91.346,66445.0
2026-02-04T22:00:00Z,91.315,92.878,89.3185,90.8515,84774.0
2026-02-04T23:00:00Z,90.806,92.927,90.265,92.127,34192.0
2026-02-05T00:00:00Z,92.136,92.747,91.395,91.735,37960.0
2026-02-05T01:00:00Z,91.786,92.907,90.545,91.926,56719.0
2026-02-05T02:00:00Z,91.956,92.706,90.7,90.906,69914.0
2026-02-05T03:00:00Z,90.896,91.706,90.2124,91.146,58129.0
2026-02-05T04:00:00Z,91.155,91.926,90.31,91.126,63724.0
2026-02-05T05:00:00Z,91.136,92.117,89.904,91.176,86049.0
2026-02-05T06:00:00Z,91.2,91.256,89.664,90.216,71596.0
2026-02-05T07:00:00Z,90.196,91.666,90.165,90.525,80049.0
2026-02-05T08:00:00Z,90.566,92.467,90.566,91.786,61652.0
2026-02-05T09:00:00Z,91.785,93.4101,91.735,92.507,74805.0
2026-02-05T10:00:00Z,92.516,92.647,89.797,90.275,104624.0
2026-02-05T11:00:00Z,90.276,90.776,88.653,89.975,225788.0
2026-02-05T12:00:00Z,89.985,90.766,88.689,89.504,181916.0
2026-02-05T13:00:00Z,89.474,90.045,88.194,88.474,123055.0
2026-02-05T14:00:00Z,88.474,91.436,88.3174,88.605,224311.0
2026-02-05T15:00:00Z,88.625,88.98,83.42,84.583,445861.0
2026-02-05T16:00:00Z,84.583,86.194,83.652,85.523,283701.0
2026-02-05T17:00:00Z,85.523,85.703,82.381,82.661,267464.0
2026-02-05T18:00:00Z,82.682,83.322,81.2,82.942,235600.0
2026-02-05T19:00:00Z,82.931,83.313,81.39,81.64,128108.0
2026-02-05T20:00:00Z,81.69,82.292,77.6666,78.82,230418.0
2026-02-05T21:00:00Z,78.82,81.15,78.369,78.98,112553.0
2026-02-05T22:00:00Z,79.109,80.68,77.55,79.789,64529.0
2026-02-05T23:00:00Z,79.76,81.601,78.08,78.33,55175.0
2026-02-06T00:00:00Z,78.319,78.77,67.383,75.487,221304.0
2026-02-06T01:00:00Z,75.497,79.69,75.467,79.5,112551.0
2026-02-06T02:00:00Z,79.51,80.221,76.378,76.918,154096.0
2026-02-06T03:00:00Z,76.929,77.359,75.73,76.699,110994.0
2026-02-06T04:00:00Z,76.688,77.999,76.208,77.748,103179.0
2026-02-06T05:00:00Z,77.728,81.6,77.558,81.069,191123.0
2026-02-06T06:00:00Z,81.111,81.531,79.349,79.46,156305.0
2026-02-06T07:00:00Z,79.449,80.53,78.729,79.519,157796.0
2026-02-06T08:00:00Z,79.529,80.181,78.6,79.008,107588.0
2026-02-06T09:00:00Z,78.97,81.621,78.889,81.25,115064.0
2026-02-06T10:00:00Z,81.281,82.0,80.7,80.771,160990.0
2026-02-06T11:00:00Z,80.791,81.7,80.409,81.341,131941.0
2026-02-06T12:00:00Z,81.24,81.892,80.8,81.821,79313.0
2026-02-06T13:00:00Z,81.841,83.792,81.63,83.041,182219.0
2026-02-06T14:00:00Z,83.062,85.133,81.859,84.103,248009.0
2026-02-06T15:00:00Z,84.092,85.013,83.346,84.402,191500.0
2026-02-06T16:00:00Z,84.413,87.134,83.561,86.643,291326.0
2026-02-06T17:00:00Z,86.654,88.585,86.074,86.624,309137.0
2026-02-06T18:00:00Z,86.583,86.754,85.162,86.062,201416.0
2026-02-06T19:00:00Z,86.144,87.364,85.492,87.0,133086.0
2026-02-06T20:00:00Z,86.883,87.91,86.543,86.884,84563.0
2026-02-06T21:00:00Z,86.934,88.155,86.5502,88.024,47536.0
2026-02-06T22:00:00Z,88.033,89.785,87.91,89.165,43602.0
2026-02-06T23:00:00Z,89.144,89.564,87.343,87.4399,36678.0
2026-02-07T00:00:00Z,87.413,87.414,86.1801,86.553,44059.0
2026-02-07T01:00:00Z,86.514,87.454,85.902,87.103,42383.0
2026-02-07T02:00:00Z,87.104,87.564,86.773,87.284,33859.0
2026-02-07T03:00:00Z,87.303,88.355,87.203,88.055,58039.0
2026-02-07T04:00:00Z,88.065,89.005,87.253,87.683,99453.0
2026-02-07T05:00:00Z,87.683,88.6,87.533,87.777,88181.0
2026-02-07T06:00:00Z,87.754,88.205,86.211,86.253,81611.0
2026-02-07T07:00:00Z,86.263,86.614,84.2,85.3,215866.0
2026-02-07T08:00:00Z,85.272,85.693,84.752,85.332,73014.0
2026-02-07T09:00:00Z,85.352,85.703,84.8,85.232,69571.0
2026-02-07T10:00:00Z,85.193,85.473,84.482,84.992,73459.0
2026-02-07T11:00:00Z,84.983,85.2,84.572,84.882,51323.0
2026-02-07T12:00:00Z,84.863,87.184,84.832,86.203,160239.0
2026-02-07T13:00:00Z,86.28,86.634,85.532,86.114,98175.0
2026-02-07T14:00:00Z,86.114,86.574,85.482,85.752,105880.0
2026-02-07T15:00:00Z,85.793,86.95,85.632,86.553,99261.0
2026-02-07T16:00:00Z,86.564,88.096,86.173,87.054,124917.0
2026-02-07T17:00:00Z,87.054,87.714,86.459,87.624,96742.0
2026-02-07T18:00:00Z,87.6094,89.195,87.423,88.684,112499.0
2026-02-07T19:00:00Z,88.625,88.775,88.013,88.265,71619.0
2026-02-07T20:00:00Z,88.245,89.175,87.9763,88.864,34098.0
2026-02-07T21:00:00Z,88.904,89.125,88.104,88.134,27687.0
2026-02-07T22:00:00Z,88.195,88.705,88.144,88.204,17717.0
2026-02-07T23:00:00Z,88.265,88.285,86.883,87.564,39553.0
2026-02-08T00:00:00Z,87.583,87.634,87.073,87.344,29594.0
2026-02-08T01:00:00Z,87.313,87.964,87.303,87.844,36629.0
2026-02-08T02:00:00Z,87.854,88.185,86.912,87.223,45183.0
2026-02-08T03:00:00Z,87.233,87.5,86.673,86.783,37255.0
2026-02-08T04:00:00Z,86.783,87.364,86.572,87.364,48763.0
2026-02-08T05:00:00Z,87.364,87.524,87.0,87.244,30691.0
2026-02-08T06:00:00Z,87.2526,87.474,86.903,87.124,33732.0
2026-02-08T07:00:00Z,87.16,87.364,86.643,87.353,62531.0
2026-02-08T08:00:00Z,87.364,88.785,86.893,88.584,131796.0
2026-02-08T09:00:00Z,88.6016,88.975,87.5,87.564,96111.0
2026-02-08T10:00:00Z,87.583,88.095,86.398,86.843,107012.0
2026-02-08T11:00:00Z,86.843,88.275,86.713,88.204,90676.0
2026-02-08T12:00:00Z,88.245,88.335,87.653,88.124,89544.0
2026-02-08T13:00:00Z,88.114,88.865,87.732,88.534,100028.0
2026-02-08T14:00:00Z,88.534,88.715,87.9955,88.42,46156.0
2026-02-08T15:00:00Z,88.415,88.745,87.324,87.714,96147.0
2026-02-08T16:00:00Z,87.723,87.8915,85.732,86.213,157081.0
2026-02-08T17:00:00Z,86.1833,87.074,86.1833,86.903,85881.0
2026-02-08T18:00:00Z,86.904,88.614,86.891,87.8,98502.0
2026-02-08T19:00:00Z,87.8,88.575,87.7774,88.4,31551.0
2026-02-08T20:00:00Z,88.395,88.395,86.753,86.884,50161.0
2026-02-08T21:00:00Z,86.863,87.324,86.213,86.594,26601.0
2026-02-08T22:00:00Z,86.644,87.244,86.433,87.134,25549.0
2026-02-08T23:00:00Z,87.15,89.0094,86.043,86.964,57161.0
2026-02-09T00:00:00Z,86.95,87.434,86.383,87.083,22802.0
2026-02-09T01:00:00Z,86.993,87.964,85.8,86.383,40836.0
2026-02-09T02:00:00Z,86.314,87.85,86.193,87.014,39630.0
2026-02-09T03:00:00Z,86.993,87.894,86.833,87.693,28749.0
2026-02-09T04:00:00Z,87.684,87.694,86.953,87.103,28200.0
2026-02-09T05:00:00Z,87.083,87.454,86.87,87.214,27910.0
2026-02-09T06:00:00Z,87.213,87.213,85.932,86.413,58668.0
2026-02-09T07:00:00Z,86.4,86.544,85.2,85.462,86474.0
2026-02-09T08:00:00Z,85.462,85.615,83.831,84.583,143820.0
2026-02-09T09:00:00Z,84.532,84.882,83.921,84.313,69716.0
2026-02-09T10:00:00Z,84.303,84.453,82.864,83.232,135058.0
2026-02-09T11:00:00Z,83.231,83.712,83.221,83.471,50158.0
2026-02-09T12:00:00Z,83.492,84.373,83.451,84.053,77143.0
2026-02-09T13:00:00Z,84.042,84.62,83.74,83.761,82488.0
2026-02-09T14:00:00Z,83.78,85.25,83.562,84.953,160328.0
2026-02-09T15:00:00Z,85.0029,85.81,84.312,85.293,188662.0
2026-02-09T16:00:00Z,85.273,86.864,84.802,86.094,142547.0
2026-02-09T17:00:00Z,86.094,88.0963,85.642,87.783,133759.0
2026-02-09T18:00:00Z,87.793,88.695,87.06,87.484,121270.0
2026-02-09T19:00:00Z,87.4869,88.225,87.143,87.863,64018.0
2026-02-09T20:00:00Z,87.893,88.27,87.193,87.773,28358.0
2026-02-09T21:00:00Z,87.794,87.863,86.494,87.343,30257.0
2026-02-09T22:00:00Z,87.253,87.564,86.953,87.093,8921.0
2026-02-09T23:00:00Z,87.154,87.394,86.65,86.7545,11309.0
2026-02-10T00:00:00Z,86.7545,86.914,86.293,86.4,15722.0
2026-02-10T01:00:00Z,86.433,87.484,86.383,87.253,28731.0
2026-02-10T02:00:00Z,87.264,87.3044,86.413,86.664,29995.0
2026-02-10T03:00:00Z,86.653,86.844,85.25,85.853,54302.0
2026-02-10T04:00:00Z,85.832,86.654,85.772,86.544,44978.0
2026-02-10T05:00:00Z,86.523,86.564,85.602,85.943,66956.0
2026-02-10T06:00:00Z,85.932,86.013,84.302,84.603,87228.0
2026-02-10T07:00:00Z,84.603,85.113,84.402,84.623,54021.0
2026-02-10T08:00:00Z,84.633,84.863,84.151,84.633,63917.0
2026-02-10T09:00:00Z,84.6,85.073,84.272,84.552,56222.0
2026-02-10T10:00:00Z,84.553,84.72,84.182,84.202,58492.0
2026-02-10T11:00:00Z,84.2,84.59,83.759,83.831,61939.0
2026-02-10T12:00:00Z,83.852,84.353,83.7,83.942,33801.0
2026-02-10T13:00:00Z,83.921,84.763,83.65,84.643,74962.0
2026-02-10T14:00:00Z,84.642,85.223,83.181,83.712,178066.0
2026-02-10T15:00:00Z,83.651,84.523,83.411,84.272,105062.0
2026-02-10T16:00:00Z,84.242,84.933,83.761,84.442,94394.0
2026-02-10T17:00:00Z,84.443,85.1339,84.181,84.913,63438.0
2026-02-10T18:00:00Z,84.913,84.973,82.711,82.931,131163.0
2026-02-10T19:00:00Z,82.942,83.512,82.436,83.092,77617.0
2026-02-10T20:00:00Z,83.091,83.212,82.301,82.642,51966.0
2026-02-10T21:00:00Z,82.602,82.942,81.904,82.451,31563.0
2026-02-10T22:00:00Z,82.4818,82.952,82.351,82.591,20803.0
2026-02-10T23:00:00Z,82.572,83.0,82.351,83.0,9463.0
2026-02-11T00:00:00Z,82.981,83.722,82.931,83.471,19751.0
2026-02-11T01:00:00Z,83.456,83.782,83.191,83.75,19008.0
2026-02-11T02:00:00Z,83.721,84.383,83.511,83.532,37315.0
2026-02-11T03:00:00Z,83.541,83.842,82.571,83.322,59147.0
2026-02-11T04:00:00Z,83.311,83.5136,81.689,81.95,73227.0
2026-02-11T05:00:00Z,81.971,82.382,81.71,81.891,39620.0
2026-02-11T06:00:00Z,81.901,81.971,80.57,80.861,93925.0
2026-02-11T07:00:00Z,80.881,81.351,80.29,80.99,85517.0
2026-02-11T08:00:00Z,80.99,81.201,80.54,81.1,47238.0
2026-02-11T09:00:00Z,81.11,81.281,80.66,80.791,37837.0
2026-02-11T10:00:00Z,80.801,80.961,80.389,80.67,51277.0
2026-02-11T11:00:00Z,80.671,81.471,80.671,81.25,52773.0
2026-02-11T12:00:00Z,81.28,81.461,80.949,81.181,46344.0
2026-02-11T13:00:00Z,81.17,81.8077,80.6505,81.651,115580.0
2026-02-11T14:00:00Z,81.651,83.1613,79.739,79.919,243078.0
2026-02-11T15:00:00Z,79.95,80.3159,78.559,79.709,227221.0
2026-02-11T16:00:00Z,79.699,80.921,78.689,78.73,168398.0
2026-02-11T17:00:00Z,78.72,80.03,78.008,79.0,167445.0
2026-02-11T18:00:00Z,79.039,79.98,78.5,79.8,96882.0
2026-02-11T19:00:00Z,79.789,80.341,79.288,79.699,82425.0
2026-02-11T20:00:00Z,79.7,79.98,78.939,79.649,55114.0
2026-02-11T21:00:00Z,79.74,81.091,79.629,80.13,49003.0
2026-02-11T22:00:00Z,80.14,80.221,79.449,79.479,24457.0
2026-02-11T23:00:00Z,79.47,79.73,78.7878,79.3086,17333.0
2026-02-12T00:00:00Z,79.3,80.211,79.279,79.959,13101.0
2026-02-12T01:00:00Z,79.999,80.771,79.999,80.4,19947.0
2026-02-12T02:00:00Z,80.41,80.7,79.919,80.321,43171.0
2026-02-12T03:00:00Z,80.32,80.661,80.07,80.63,30150.0
2026-02-12T04:00:00Z,80.6054,80.971,80.28,80.3,50767.0
2026-02-12T05:00:00Z,80.29,80.611,79.499,80.57,56714.0
2026-02-12T06:00:00Z,80.581,80.999,80.36,80.581,43211.0
2026-02-12T07:00:00Z,80.56,80.921,80.2793,80.761,40622.0
2026-02-12T08:00:00Z,80.771,80.9,80.31,80.73,36933.0
2026-02-12T09:00:00Z,80.73,81.901,80.55,81.78,82703.0
2026-02-12T10:00:00Z,81.79,82.222,81.3334,82.151,60376.0
2026-02-12T11:00:00Z,82.151,82.221,81.68,81.841,50860.0
2026-02-12T12:00:00Z,81.82,81.931,80.83,81.071,68140.0
2026-02-12T13:00:00Z,81.071,82.109,80.68,81.94,75633.0
2026-02-12T14:00:00Z,81.941,81.971,81.0,81.15,82801.0
2026-02-12T15:00:00Z,81.141,81.509,80.07,80.101,145478.0
2026-02-12T16:00:00Z,80.111,80.2,78.161,78.31,188546.0
2026-02-12T17:00:00Z,78.25,78.68,77.5,77.899,146633.0
2026-02-12T18:00:00Z,77.928,78.45,77.188,77.599,128942.0
2026-02-12T19:00:00Z,77.6,78.621,77.008,77.608,83242.0
2026-02-12T20:00:00Z,77.608,77.909,76.578,76.899,49079.0
2026-02-12T21:00:00Z,76.9,77.539,76.9,77.318,16441.0
2026-02-12T22:00:00Z,77.3,78.1,76.958,78.059,14644.0
2026-02-12T23:00:00Z,78.089,78.52,77.839,78.38,18286.0
2026-02-13T00:00:00Z,78.369,78.731,77.528,78.018,19275.0
2026-02-13T01:00:00Z,78.028,78.842,78.028,78.6,36279.0
2026-02-13T02:00:00Z,78.579,79.303,78.429,79.13,40929.0
2026-02-13T03:00:00Z,79.15,79.48,78.799,79.05,34497.0
2026-02-13T04:00:00Z,79.04,79.25,78.459,78.499,44226.0
2026-02-13T05:00:00Z,78.52,78.76,78.159,78.29,52323.0
2026-02-13T06:00:00Z,78.3,78.66,77.848,78.609,57151.0
2026-02-13T07:00:00Z,78.619,79.26,78.519,78.97,68658.0
2026-02-13T08:00:00Z,78.99,79.91,78.839,79.699,67236.0
2026-02-13T09:00:00Z,79.699,79.95,79.4,79.859,47883.0
2026-02-13T10:00:00Z,79.85,80.612,79.749,80.3454,79045.0
2026-02-13T11:00:00Z,80.31,80.401,79.769,80.3,63287.0
2026-02-13T12:00:00Z,80.28,80.3,79.859,79.959,44210.0
2026-02-13T13:00:00Z,79.97,80.9,79.719,80.27,90076.0
2026-02-13T14:00:00Z,80.27,81.96,79.839,81.3,193719.0
2026-02-13T15:00:00Z,81.3416,84.341,81.08,83.191,246559.0
2026-02-13T16:00:00Z,83.202,85.013,82.921,84.223,171974.0
2026-02-13T17:00:00Z,84.223,84.723,83.561,84.332,124454.0
2026-02-13T18:00:00Z,84.36,85.602,84.122,85.382,129888.0
2026-02-13T19:00:00Z,85.382,85.633,84.542,84.653,69094.0
2026-02-13T20:00:00Z,84.652,85.063,84.172,84.783,52994.0
2026-02-13T21:00:00Z,84.773,85.183,84.562,84.843,28477.0
2026-02-13T22:00:00Z,84.823,84.913,84.452,84.673,15609.0
2026-02-13T23:00:00Z,84.623,84.623,84.18,84.322,13528.0
2026-02-14T00:00:00Z,84.363,85.073,84.212,84.922,13501.0
2026-02-14T01:00:00Z,84.902,85.183,84.772,84.982,15576.0
2026-02-14T02:00:00Z,84.973,85.0,84.592,84.892,21898.0
2026-02-14T03:00:00Z,84.883,85.294,84.812,85.053,19924.0
2026-02-14T04:00:00Z,85.053,85.093,84.772,84.802,27059.0
2026-02-14T05:00:00Z,84.802,85.024,84.602,84.613,29014.0
2026-02-14T06:00:00Z,84.602,84.933,84.342,84.832,47898.0
2026-02-14T07:00:00Z,84.832,85.263,84.7591,85.162,40820.0
2026-02-14T08:00:00Z,85.162,86.405,85.142,86.193,116873.0
2026-02-14T09:00:00Z,86.194,86.364,85.822,85.982,50377.0
2026-02-14T10:00:00Z,85.992,85.993,85.712,85.823,38750.0
2026-02-14T11:00:00Z,85.813,87.313,85.813,87.273,136095.0
2026-02-14T12:00:00Z,87.253,87.293,86.2514,86.403,109992.0
2026-02-14T13:00:00Z,86.393,86.884,86.022,86.414,91509.0
2026-02-14T14:00:00Z,86.433,87.513,86.362,87.244,98671.0
2026-02-14T15:00:00Z,87.243,87.674,87.089,87.423,76264.0
2026-02-14T16:00:00Z,87.423,88.225,87.0429,88.074,112407.0
2026-02-14T17:00:00Z,88.084,88.416,87.813,88.024,84294.0
2026-02-14T18:00:00Z,87.964,88.235,87.753,87.984,46393.0
2026-02-14T19:00:00Z,87.994,88.305,87.523,88.144,47165.0
2026-02-14T20:00:00Z,88.174,88.415,87.653,88.135,30161.0
2026-02-14T21:00:00Z,88.125,88.415,87.2882,88.044,36020.0
2026-02-14T22:00:00Z,88.024,88.88,87.893,88.505,30714.0
2026-02-14T23:00:00Z,88.475,88.885,88.022,88.065,18801.0
2026-02-15T00:00:00Z,88.013,88.425,87.783,88.174,22217.0
2026-02-15T01:00:00Z,88.144,88.715,87.603,88.295,36563.0
2026-02-15T02:00:00Z,88.244,88.5,87.503,88.003,35315.0
2026-02-15T03:00:00Z,88.003,88.795,87.3694,88.615,50540.0
2026-02-15T04:00:00Z,88.604,89.799,88.394,88.785,118975.0
2026-02-15T05:00:00Z,88.775,90.056,88.734,89.654,93155.0
2026-02-15T06:00:00Z,89.665,90.14,89.324,89.595,76990.0
2026-02-15T07:00:00Z,89.584,90.966,89.384,90.725,102946.0
2026-02-15T08:00:00Z,90.725,91.238,89.213,89.667,141322.0
2026-02-15T09:00:00Z,89.634,90.506,89.444,89.985,98712.0
2026-02-15T10:00:00Z,89.984,90.096,89.092,89.525,91670.0
2026-02-15T11:00:00Z,89.535,89.815,89.0,89.175,62900.0
2026-02-15T12:00:00Z,89.164,89.625,87.311,87.324,152052.0
2026-02-15T13:00:00Z,87.333,88.385,86.85,86.963,137649.0
2026-02-15T14:00:00Z,86.974,87.614,86.663,87.35,82007.0
2026-02-15T15:00:00Z,87.314,87.674,86.943,87.414,69958.0
2026-02-15T16:00:00Z,87.394,87.654,86.7,87.5673,68284.0
2026-02-15T17:00:00Z,87.574,87.864,85.742,86.403,134219.0
2026-02-15T18:00:00Z,86.404,86.854,86.0,86.214,81742.0
2026-02-15T19:00:00Z,86.203,86.334,85.182,85.322,78456.0
2026-02-15T20:00:00Z,85.322,85.943,84.902,85.863,37574.0
2026-02-15T21:00:00Z,85.873,86.424,85.852,86.224,21035.0
2026-02-15T22:00:00Z,86.184,86.665,86.053,86.333,12166.0
2026-02-15T23:00:00Z,86.334,86.353,85.092,86.144,18818.0
2026-02-16T00:00:00Z,86.053,86.494,85.7,86.163,8688.0
2026-02-16T01:00:00Z,86.133,86.624,85.372,85.783,22991.0
2026-02-16T02:00:00Z,85.762,86.194,85.242,85.3814,29329.0
2026-02-16T03:00:00Z,85.4,85.543,84.842,85.153,39812.0
2026-02-16T04:00:00Z,85.142,85.803,85.113,85.803,37226.0
2026-02-16T05:00:00Z,85.803,85.893,84.452,84.692,53237.0
2026-02-16T06:00:00Z,84.682,85.203,84.541,85.042,33391.0
2026-02-16T07:00:00Z,85.042,85.493,84.802,85.043,37110.0
2026-02-16T08:00:00Z,85.0644,85.483,85.032,85.362,19742.0
2026-02-16T09:00:00Z,85.393,86.234,85.392,85.983,59538.0
2026-02-16T10:00:00Z,85.952,86.023,85.611,85.743,37406.0
2026-02-16T11:00:00Z,85.7415,85.923,84.522,85.492,94964.0
2026-02-16T12:00:00Z,85.523,86.395,85.252,86.184,92410.0
2026-02-16T13:00:00Z,86.184,86.914,83.852,84.162,190435.0
2026-02-16T14:00:00Z,84.112,84.663,83.451,84.032,158276.0
2026-02-16T15:00:00Z,84.0456,84.543,82.543,83.202,161936.0
2026-02-16T16:00:00Z,83.202,84.093,83.089,83.951,123347.0
2026-02-16T17:00:00Z,83.921,84.793,83.881,84.5,91498.0
2026-02-16T18:00:00Z,84.512,85.153,84.5,84.512,71233.0
2026-02-16T19:00:00Z,84.542,85.113,84.222,84.653,33212.0
2026-02-16T20:00:00Z,84.602,85.4658,84.482,85.352,27557.0
2026-02-16T21:00:00Z,85.352,86.1,85.122,86.043,21271.0
2026-02-16T22:00:00Z,86.074,86.22,85.652,85.702,13335.0
2026-02-16T23:00:00Z,85.662,86.654,85.662,86.434,20997.0
2026-02-17T00:00:00Z,86.443,87.144,86.293,86.614,27200.0
2026-02-17T01:00:00Z,86.603,87.074,86.113,86.214,33984.0
2026-02-17T02:00:00Z,86.183,87.6931,85.773,87.293,61779.0
2026-02-17T03:00:00Z,87.304,87.364,86.313,86.353,55153.0
2026-02-17T04:00:00Z,86.364,86.634,85.922,86.343,50643.0
2026-02-17T05:00:00Z,86.353,86.484,85.432,86.213,55821.0
2026-02-17T06:00:00Z,86.203,86.774,86.193,86.483,35307.0
2026-02-17T07:00:00Z,86.4686,86.525,85.922,86.474,44280.0
2026-02-17T08:00:00Z,86.454,86.75,85.882,85.943,35996.0
2026-02-17T09:00:00Z,85.942,86.164,85.652,85.922,37952.0
2026-02-17T10:00:00Z,85.92,86.033,84.872,85.022,65737.0
2026-02-17T11:00:00Z,85.042,85.293,84.712,85.082,38683.0
2026-02-17T12:00:00Z,85.093,85.553,84.532,84.633,64869.0
2026-02-17T13:00:00Z,84.603,85.5,84.372,84.99,78770.0
2026-02-17T14:00:00Z,84.962,85.422,82.981,83.242,146261.0
2026-02-17T15:00:00Z,83.222,83.882,82.92,83.781,144212.0
2026-02-17T16:00:00Z,83.8193,85.463,83.701,84.172,153291.0
2026-02-17T17:00:00Z,84.173,84.323,83.121,83.681,99432.0
2026-02-17T18:00:00Z,83.691,85.423,83.541,85.092,85033.0
2026-02-17T19:00:00Z,85.112,85.763,84.621,84.842,66225.0
2026-02-17T20:00:00Z,84.842,85.263,84.508,85.033,28310.0
2026-02-17T21:00:00Z,84.983,85.423,84.822,85.192,17203.0
2026-02-17T22:00:00Z,85.212,85.433,84.952,85.032,6588.0
2026-02-17T23:00:00Z,85.012,85.323,84.892,85.052,4466.0
2026-02-18T00:00:00Z,85.063,85.48,84.798,84.872,14226.0
2026-02-18T01:00:00Z,84.883,84.973,83.911,84.253,31743.0
2026-02-18T02:00:00Z,84.25,84.993,84.232,84.655,23863.0
2026-02-18T03:00:00Z,84.662,85.4458,84.542,85.322,32606.0
2026-02-18T04:00:00Z,85.322,85.543,84.962,85.132,34879.0
2026-02-18T05:00:00Z,85.142,85.253,84.752,84.882,25427.0
2026-02-18T06:00:00Z,84.882,85.313,84.8,84.913,18833.0
2026-02-18T07:00:00Z,84.912,85.423,84.671,85.262,54586.0
2026-02-18T08:00:00Z,85.272,86.054,85.212,85.422,67865.0
2026-02-18T09:00:00Z,85.473,85.7321,85.292,85.302,28691.0
2026-02-18T10:00:00Z,85.302,85.383,84.162,84.263,69917.0
2026-02-18T11:00:00Z,84.263,84.263,82.811,82.811,105854.0
2026-02-18T12:00:00Z,82.832,83.312,82.311,82.972,85534.0
2026-02-18T13:00:00Z,82.989,83.252,82.271,82.602,80898.0
2026-02-18T14:00:00Z,82.592,82.8542,81.719,82.542,112651.0
2026-02-18T15:00:00Z,82.511,84.012,82.511,83.002,146515.0
2026-02-18T16:00:00Z,83.002,83.072,82.041,82.282,101237.0
2026-02-18T17:00:00Z,82.302,82.97,82.071,82.161,69055.0
2026-02-18T18:00:00Z,82.172,82.342,80.8,81.271,119971.0
2026-02-18T19:00:00Z,81.27,81.5737,80.446,80.89,83780.0
2026-02-18T20:00:00Z,80.91,81.591,80.861,81.28,24256.0
2026-02-18T21:00:00Z,81.261,81.631,81.011,81.301,16827.0
2026-02-18T22:00:00Z,81.28,81.521,81.04,81.4299,6721.0
2026-02-18T23:00:00Z,81.43,81.611,81.22,81.611,10219.0
2026-02-19T00:00:00Z,81.611,81.713,81.23,81.481,14430.0
2026-02-19T01:00:00Z,81.49,82.02,81.49,81.861,17176.0
2026-02-19T02:00:00Z,81.881,82.031,81.3,81.641,27824.0
2026-02-19T03:00:00Z,81.63,81.9155,81.41,81.761,16938.0
2026-02-19T04:00:00Z,81.75,82.0,81.48,81.49,27047.0
2026-02-19T05:00:00Z,81.49,81.971,81.36,81.871,27879.0
2026-02-19T06:00:00Z,81.8602,82.482,81.82,82.362,40600.0
2026-02-19T07:00:00Z,82.362,82.672,82.1,82.381,35774.0
2026-02-19T08:00:00Z,82.391,82.392,81.55,81.71,38188.0
2026-02-19T09:00:00Z,81.71,82.001,81.11,81.18,59358.0
2026-02-19T10:00:00Z,81.171,81.821,80.9,81.531,52195.0
2026-02-19T11:00:00Z,81.541,81.881,81.109,81.23,36297.0
2026-02-19T12:00:00Z,81.23,81.321,80.68,80.801,46584.0
2026-02-19T13:00:00Z,80.82,80.921,79.6224,80.019,119907.0
2026-02-19T14:00:00Z,79.999,81.331,79.939,80.77,118922.0
2026-02-19T15:00:00Z,80.78,81.301,79.969,80.621,99951.0
2026-02-19T16:00:00Z,80.611,80.961,79.909,80.78,72571.0
2026-02-19T17:00:00Z,80.79,81.941,80.21,80.481,105484.0
2026-02-19T18:00:00Z,80.46,82.052,80.37,81.991,78855.0
2026-02-19T19:00:00Z,81.98,82.212,81.1,81.92,55598.0
2026-02-19T20:00:00Z,81.94,82.362,81.68,82.007,25785.0
2026-02-19T21:00:00Z,82.082,82.182,81.83,81.99,9389.0
2026-02-19T22:00:00Z,82.041,82.537,81.91,82.321,15074.0
2026-02-19T23:00:00Z,82.362,82.562,82.111,82.492,6198.0
2026-02-20T00:00:00Z,82.421,83.526,82.321,82.9,34966.0
2026-02-20T01:00:00Z,82.962,83.142,82.681,83.0002,19578.0
2026-02-20T02:00:00Z,83.01,83.312,82.801,82.901,25121.0
2026-02-20T03:00:00Z,82.942,83.352,82.831,83.011,20227.0
2026-02-20T04:00:00Z,83.032,83.082,82.381,82.661,35075.0
2026-02-20T05:00:00Z,82.662,83.752,82.5,83.272,46338.0
2026-02-20T06:00:00Z,83.282,83.717,83.141,83.701,45137.0
2026-02-20T07:00:00Z,83.722,83.922,83.391,83.4375,34598.0
2026-02-20T08:00:00Z,83.441,83.773,83.287,83.652,30230.0
2026-02-20T09:00:00Z,83.632,84.493,83.621,84.192,51159.0
2026-02-20T10:00:00Z,84.192,84.853,84.042,84.092,58391.0
2026-02-20T11:00:00Z,84.093,84.243,83.3611,83.5378,77871.0
2026-02-20T12:00:00Z,83.581,84.022,83.37,83.712,50652.0
2026-02-20T13:00:00Z,83.712,83.712,81.75,82.2,156252.0
2026-02-20T14:00:00Z,82.191,83.392,82.111,83.011,111553.0
2026-02-20T15:00:00Z,83.081,84.8,82.661,84.373,169939.0
2026-02-20T16:00:00Z,84.383,84.963,83.721,84.492,123126.0
2026-02-20T17:00:00Z,84.482,84.593,82.788,84.493,143769.0
2026-02-20T18:00:00Z,84.472,85.4744,83.961,85.243,114891.0
2026-02-20T19:00:00Z,85.25,85.373,84.372,84.753,58610.0
2026-02-20T20:00:00Z,84.732,85.233,84.422,84.623,29397.0
2026-02-20T21:00:00Z,84.573,84.763,84.322,84.532,14536.0
2026-02-20T22:00:00Z,84.492,84.7651,84.112,84.583,14702.0
2026-02-20T23:00:00Z,84.563,84.7,84.292,84.663,9823.0
2026-02-21T00:00:00Z,84.652,84.75,84.332,84.443,5765.0
2026-02-21T01:00:00Z,84.5,84.85,84.442,84.693,11628.0
2026-02-21T02:00:00Z,84.693,85.013,84.522,84.8,20154.0
2026-02-21T03:00:00Z,84.803,84.813,84.202,84.333,26986.0
2026-02-21T04:00:00Z,84.322,84.493,84.122,84.403,24314.0
2026-02-21T05:00:00Z,84.4,84.583,84.372,84.473,22308.0
2026-02-21T06:00:00Z,84.483,84.782,84.011,84.112,42879.0
2026-02-21T07:00:00Z,84.1119,84.323,83.946,84.223,40306.0
2026-02-21T08:00:00Z,84.223,84.733,84.182,84.712,43819.0
2026-02-21T09:00:00Z,84.712,85.19,84.661,84.902,56783.0
2026-02-21T10:00:00Z,84.913,85.253,84.891,85.142,33277.0
2026-02-21T11:00:00Z,85.153,85.663,85.142,85.382,63056.0
2026-02-21T12:00:00Z,85.443,85.533,85.002,85.313,41797.0
2026-02-21T13:00:00Z,85.292,85.965,85.18,85.852,46756.0
2026-02-21T14:00:00Z,85.843,86.654,85.622,86.303,105848.0
2026-02-21T15:00:00Z,86.293,86.7177,86.183,86.573,70010.0
2026-02-21T16:00:00Z,86.584,86.654,85.872,86.134,92346.0
2026-02-21T17:00:00Z,86.124,86.454,85.812,86.214,51392.0
2026-02-21T18:00:00Z,86.204,86.714,86.169,86.554,40958.0
2026-02-21T19:00:00Z,86.5652,86.684,86.183,86.214,29819.0
2026-02-21T20:00:00Z,86.214,86.214,86.204,86.204,125.0
2026-02-21T21:00:00Z,85.575,85.833,85.462,85.832,24850.0
2026-02-21T22:00:00Z,85.833,85.893,85.371,85.473,10820.0
2026-02-21T23:00:00Z,85.443,85.553,85.122,85.1856,15585.0
2026-02-22T00:00:00Z,85.1666,85.223,84.752,85.052,36291.0
2026-02-22T01:00:00Z,85.073,85.423,85.042,85.303,24058.0
2026-02-22T02:00:00Z,85.313,85.583,84.842,84.953,31939.0
2026-02-22T03:00:00Z,84.942,85.153,84.7072,85.063,23605.0
2026-02-22T04:00:00Z,85.062,85.343,84.962,85.143,30164.0
2026-02-22T05:00:00Z,85.132,85.2,84.782,84.962,28830.0
2026-02-22T06:00:00Z,84.973,85.323,84.932,85.252,37184.0
2026-02-22T07:00:00Z,85.283,85.53,85.13,85.232,39206.0
2026-02-22T08:00:00Z,85.243,85.253,84.852,84.962,34880.0
2026-02-22T09:00:00Z,84.973,85.173,84.932,85.023,16978.0
2026-02-22T10:00:00Z,85.022,85.283,84.992,85.182,19219.0
2026-02-22T11:00:00Z,85.212,85.4372,85.0464,85.253,29859.0
2026-02-22T12:00:00Z,85.243,85.293,84.322,84.462,71266.0
2026-02-22T13:00:00Z,84.472,84.613,83.701,83.981,74231.0
2026-02-22T14:00:00Z,83.981,84.053,83.381,83.642,65045.0
2026-02-22T15:00:00Z,83.631,83.724,82.99,83.492,71281.0
2026-02-22T16:00:00Z,83.482,83.612,83.181,83.561,38011.0
2026-02-22T17:00:00Z,83.561,83.6,82.801,83.051,61548.0
2026-02-22T18:00:00Z,83.032,83.282,82.951,83.211,32116.0
2026-02-22T19:00:00Z,83.211,83.402,83.018,83.272,30392.0
2026-02-22T20:00:00Z,83.261,83.362,82.95,83.011,17703.0
2026-02-22T21:00:00Z,83.016,83.5651,83.016,83.492,10182.0
2026-02-22T22:00:00Z,83.481,83.692,83.071,83.551,12330.0
2026-02-22T23:00:00Z,83.591,83.642,82.5,82.751,31801.0
2026-02-23T00:00:00Z,82.741,82.852,81.3151,81.361,40920.0
2026-02-23T01:00:00Z,81.34,81.34,77.448,77.939,171093.0
2026-02-23T02:00:00Z,77.929,78.3915,77.5,77.829,66532.0
2026-02-23T03:00:00Z,77.8169,78.2546,77.248,77.598,71601.0
2026-02-23T04:00:00Z,77.648,77.699,77.111,77.339,46691.0
2026-02-23T05:00:00Z,77.338,78.019,77.298,77.788,64439.0
2026-02-23T06:00:00Z,77.719,79.13,77.618,79.05,82128.0
2026-02-23T07:00:00Z,79.07,79.67,78.898,79.359,65240.0
2026-02-23T08:00:00Z,79.3328,79.349,78.5,78.73,88433.0
2026-02-23T09:00:00Z,78.739,80.501,78.739,80.441,103737.0
2026-02-23T10:00:00Z,80.421,80.651,80.07,80.25,76692.0
2026-02-23T11:00:00Z,80.24,80.531,79.949,80.029,43364.0
2026-02-23T12:00:00Z,80.04,80.961,79.849,80.701,90666.0
2026-02-23T13:00:00Z,80.721,81.091,80.41,80.521,61589.0
2026-02-23T14:00:00Z,80.51,80.771,79.399,80.11,159877.0
2026-02-23T15:00:00Z,80.131,80.321,79.219,79.388,95390.0
2026-02-23T16:00:00Z,79.389,79.8,78.659,78.97,132164.0
2026-02-23T17:00:00Z,79.0,79.14,77.2654,78.309,162798.0
2026-02-23T18:00:00Z,78.32,79.28,78.039,78.6181,94778.0
2026-02-23T19:00:00Z,78.63,78.9,77.978,78.269,56416.0
2026-02-23T20:00:00Z,78.25,78.53,77.84,78.32,33701.0
2026-02-23T21:00:00Z,78.329,78.689,78.169,78.38,33608.0
2026-02-23T22:00:00Z,78.389,78.9,78.239,78.249,11386.0
2026-02-23T23:00:00Z,78.27,78.54,77.628,77.909,13047.0
2026-02-24T00:00:00Z,77.899,78.52,77.899,78.459,19111.0
2026-02-24T01:00:00Z,78.429,78.45,75.758,77.689,104898.0
2026-02-24T02:00:00Z,77.659,78.41,77.5,77.658,40245.0
2026-02-24T03:00:00Z,77.619,77.619,76.478,76.859,56009.0
2026-02-24T04:00:00Z,76.8844,77.059,76.098,76.849,56430.0
2026-02-24T05:00:00Z,76.849,77.329,76.2,76.629,41838.0
2026-02-24T06:00:00Z,76.619,76.929,76.368,76.578,29184.0
2026-02-24T07:00:00Z,76.589,77.209,76.488,76.859,29477.0
2026-02-24T08:00:00Z,76.838,77.189,76.488,77.028,22978.0
2026-02-24T09:00:00Z,77.008,77.129,75.988,76.639,39338.0
2026-02-24T10:00:00Z,76.658,76.819,76.398,76.738,29266.0
2026-02-24T11:00:00Z,76.758,76.899,76.478,76.749,17973.0
2026-02-24T12:00:00Z,76.769,77.039,76.488,76.588,29111.0
2026-02-24T13:00:00Z,76.589,76.789,76.03,76.559,53693.0
2026-02-24T14:00:00Z,76.518,77.429,75.637,76.868,163700.0
2026-02-24T15:00:00Z,76.878,77.489,76.588,77.288,111072.0
2026-02-24T16:00:00Z,77.2954,78.23,77.219,78.119,115344.0
2026-02-24T17:00:00Z,78.12,78.49,77.776,77.968,85375.0
2026-02-24T18:00:00Z,77.938,78.32,77.5522,78.19,66780.0
2026-02-24T19:00:00Z,78.19,78.5,77.878,78.369,45118.0
2026-02-24T20:00:00Z,78.37,78.8617,78.329,78.629,25746.0
2026-02-24T21:00:00Z,78.629,78.71,78.109,78.53,20642.0
2026-02-24T22:00:00Z,78.51,79.37,78.439,79.05,36318.0
2026-02-24T23:00:00Z,79.0564,79.5896,78.639,78.94,15629.0
2026-02-25T00:00:00Z,78.969,79.4,78.7,79.169,17489.0
2026-02-25T01:00:00Z,79.179,82.542,79.079,81.98,104683.0
2026-02-25T02:00:00Z,82.041,82.922,82.02,82.451,62146.0
2026-02-25T03:00:00Z,82.517,82.551,81.64,81.761,53627.0
2026-02-25T04:00:00Z,81.731,82.442,81.291,81.96,61538.0
2026-02-25T05:00:00Z,81.971,82.172,81.0,81.311,72090.0
2026-02-25T06:00:00Z,81.301,81.892,81.16,81.581,36999.0
2026-02-25T07:00:00Z,81.5882,82.42,81.49,82.181,46826.0
2026-02-25T08:00:00Z,82.171,82.562,81.92,82.492,39942.0
2026-02-25T09:00:00Z,82.481,82.712,82.241,82.5415,37093.0
2026-02-25T10:00:00Z,82.582,82.952,82.451,82.541,49189.0
2026-02-25T11:00:00Z,82.541,83.392,82.311,83.382,73569.0
2026-02-25T12:00:00Z,83.36,84.072,82.891,83.6632,90077.0
2026-02-25T13:00:00Z,83.681,84.443,83.4,83.832,101002.0
2026-02-25T14:00:00Z,83.831,85.783,83.791,85.643,177682.0
2026-02-25T15:00:00Z,85.643,86.467,85.042,85.973,169126.0
2026-02-25T16:00:00Z,85.992,87.685,85.962,87.55,156604.0
2026-02-25T17:00:00Z,87.55,88.936,87.402,88.563,182202.0
2026-02-25T18:00:00Z,88.604,89.195,88.0,88.944,137588.0
2026-02-25T19:00:00Z,88.955,89.645,88.354,89.425,95229.0
2026-02-25T20:00:00Z,89.4386,90.1,88.973,89.415,58276.0
2026-02-25T21:00:00Z,89.374,92.107,89.374,89.875,73578.0
2026-02-25T22:00:00Z,89.875,90.537,88.374,89.154,36434.0
2026-02-25T23:00:00Z,89.075,89.295,87.093,88.054,47199.0
2026-02-26T00:00:00Z,88.044,89.265,87.863,88.635,56082.0
2026-02-26T01:00:00Z,88.635,89.14,88.214,88.424,40502.0
2026-02-26T02:00:00Z,88.435,88.485,87.553,88.205,55332.0
2026-02-26T03:00:00Z,88.235,88.355,87.773,87.95,28411.0
2026-02-26T04:00:00Z,87.95,89.035,87.833,88.724,50982.0
2026-02-26T05:00:00Z,88.73,88.73,87.223,87.743,64216.0
2026-02-26T06:00:00Z,87.754,88.004,87.4,87.644,33155.0
2026-02-26T07:00:00Z,87.624,87.884,87.218,87.243,35728.0
2026-02-26T08:00:00Z,87.3,87.864,87.263,87.303,32303.0
2026-02-26T09:00:00Z,87.294,88.675,87.203,88.335,52667.0
2026-02-26T10:00:00Z,88.304,88.5692,87.263,87.454,49886.0
2026-02-26T11:00:00Z,87.443,87.614,86.593,86.804,65251.0
2026-02-26T12:00:00Z,86.824,87.7741,86.703,87.674,68156.0
2026-02-26T13:00:00Z,87.674,88.0809,87.473,87.613,55532.0
2026-02-26T14:00:00Z,87.624,88.2446,86.283,87.023,150556.0
2026-02-26T15:00:00Z,87.024,87.094,85.273,86.564,172111.0
2026-02-26T16:00:00Z,86.574,86.754,84.332,84.563,138138.0
2026-02-26T17:00:00Z,84.583,85.333,84.542,84.893,80453.0
2026-02-26T18:00:00Z,84.932,85.703,84.462,85.362,83745.0
2026-02-26T19:00:00Z,85.342,86.664,85.342,86.463,43788.0
2026-02-26T20:00:00Z,86.464,86.854,85.882,86.043,37404.0
2026-02-26T21:00:00Z,86.01,86.294,85.772,85.932,10854.0
2026-02-26T22:00:00Z,85.932,86.254,85.802,86.163,4679.0
2026-02-26T23:00:00Z,86.094,86.104,85.751,85.903,6548.0
2026-02-27T00:00:00Z,85.854,86.023,85.2,85.833,19740.0
2026-02-27T01:00:00Z,85.85,86.154,85.292,86.124,20245.0
2026-02-27T02:00:00Z,86.134,86.784,85.932,86.574,32525.0
2026-02-27T03:00:00Z,86.594,87.8,86.343,87.614,55541.0
2026-02-27T04:00:00Z,87.624,88.295,87.46,87.533,63451.0
2026-02-27T05:00:00Z,87.533,87.844,87.373,87.524,37091.0
2026-02-27T06:00:00Z,87.534,87.614,86.8334,87.324,67727.0
2026-02-27T07:00:00Z,87.313,87.444,86.793,87.314,52859.0
2026-02-27T08:00:00Z,87.313,87.924,87.233,87.553,57548.0
2026-02-27T09:00:00Z,87.544,87.8204,86.234,86.363,76494.0
2026-02-27T10:00:00Z,86.314,86.484,84.542,84.703,125789.0
2026-02-27T11:00:00Z,84.703,84.9425,83.311,83.581,129391.0
2026-02-27T12:00:00Z,83.541,83.7474,82.641,83.112,125617.0
2026-02-27T13:00:00Z,83.102,83.542,81.97,83.062,141432.0
2026-02-27T14:00:00Z,83.031,83.352,82.07,82.382,116248.0
2026-02-27T15:00:00Z,82.321,83.042,82.291,82.702,75599.0
2026-02-27T16:00:00Z,82.661,82.662,81.2984,81.33,150780.0
2026-02-27T17:00:00Z,81.351,81.901,81.1,81.82,101576.0
2026-02-27T18:00:00Z,81.8283,82.032,81.388,81.48,73572.0
2026-02-27T19:00:00Z,81.48,81.724,81.13,81.571,42197.0
2026-02-27T20:00:00Z,81.561,81.881,81.25,81.46,19103.0
2026-02-27T21:00:00Z,81.481,81.813,80.86,81.211,25217.0
2026-02-27T22:00:00Z,81.261,81.591,80.299,81.431,45883.0
2026-02-27T23:00:00Z,81.411,82.092,81.34,81.831,21028.0
2026-02-28T00:00:00Z,81.84,82.143,81.58,82.092,23955.0
2026-02-28T01:00:00Z,82.112,82.242,81.71,81.8,20381.0
2026-02-28T02:00:00Z,81.7535,82.192,81.679,82.1118,16399.0
2026-02-28T03:00:00Z,82.1118,82.112,81.549,81.72,26358.0
2026-02-28T04:00:00Z,81.721,81.881,81.2,81.62,40407.0
2026-02-28T05:00:00Z,81.63,81.79,81.27,81.551,30623.0
2026-02-28T06:00:00Z,81.53,81.541,77.105,77.518,246430.0
2026-02-28T07:00:00Z,77.5176,79.57,77.107,78.689,182224.0
2026-02-28T08:00:00Z,78.669,78.701,77.828,77.999,95696.0
2026-02-28T09:00:00Z,77.978,78.69,77.719,78.4,89987.0
2026-02-28T10:00:00Z,78.329,79.151,77.938,79.09,96990.0
2026-02-28T11:00:00Z,79.079,79.56,78.639,78.75,122859.0
2026-02-28T12:00:00Z,78.77,79.2,78.609,78.899,67868.0
2026-02-28T13:00:00Z,78.9019,80.961,78.669,80.8,147187.0
2026-02-28T14:00:00Z,80.811,81.491,80.0205,80.231,182754.0
2026-02-28T15:00:00Z,80.231,81.0769,79.6,80.911,123229.0
2026-02-28T16:00:00Z,80.891,81.301,80.469,81.05,76874.0
2026-02-28T17:00:00Z,81.061,81.501,80.56,81.371,78633.0
2026-02-28T18:00:00Z,81.34,82.9,81.069,82.342,141560.0
2026-02-28T19:00:00Z,82.331,82.762,81.43,82.202,111293.0
2026-02-28T20:00:00Z,82.202,85.023,81.96,84.873,161724.0
2026-02-28T21:00:00Z,84.872,85.023,83.582,84.483,98601.0
2026-02-28T22:00:00Z,84.6,85.673,84.261,84.282,46075.0
2026-02-28T23:00:00Z,84.282,84.733,83.9295,84.35,31914.0
2026-03-01T00:00:00Z,84.332,85.0,84.312,84.892,24535.0
2026-03-01T01:00:00Z,84.872,87.514,84.28,86.733,80669.0
2026-03-01T02:00:00Z,86.754,88.915,86.754,87.963,146245.0
2026-03-01T03:00:00Z,87.994,88.345,87.633,88.023,65202.0
2026-03-01T04:00:00Z,88.034,88.285,86.913,87.543,109462.0
2026-03-01T05:00:00Z,87.554,88.035,87.202,87.263,70592.0
2026-03-01T06:00:00Z,87.263,87.384,86.153,86.673,161087.0
2026-03-01T07:00:00Z,86.694,86.904,86.301,86.613,62629.0
2026-03-01T08:00:00Z,86.633,86.827,85.092,85.232,124272.0
2026-03-01T09:00:00Z,85.272,85.863,84.82,85.013,109536.0
2026-03-01T10:00:00Z,85.003,85.673,84.722,85.222,97665.0
2026-03-01T11:00:00Z,85.232,85.525,84.998,85.183,45718.0
2026-03-01T12:00:00Z,85.172,85.403,84.758,84.872,65640.0
2026-03-01T13:00:00Z,84.872,86.994,84.52,86.073,143173.0
2026-03-01T14:00:00Z,86.074,86.893,85.412,85.843,193678.0
2026-03-01T15:00:00Z,85.802,86.675,85.6056,85.642,133145.0
2026-03-01T16:00:00Z,85.672,86.077,83.551,84.012,158584.0
2026-03-01T17:00:00Z,84.001,84.293,83.181,83.891,125458.0
2026-03-01T18:00:00Z,83.891,85.023,83.86,83.942,92412.0
2026-03-01T19:00:00Z,83.982,84.012,83.05,83.232,50279.0
2026-03-01T20:00:00Z,83.201,83.262,81.71,81.99,80985.0
2026-03-01T21:00:00Z,82.0281,83.022,81.92,82.931,31763.0
2026-03-01T22:00:00Z,82.911,84.163,82.371,82.67,41574.0
2026-03-01T23:00:00Z,82.551,84.073,82.501,83.582,29211.0
2026-03-02T00:00:00Z,83.601,85.233,83.47,85.003,53733.0
2026-03-02T01:00:00Z,85.052,86.173,84.402,84.622,72405.0
2026-03-02T02:00:00Z,84.6645,84.773,83.451,84.132,65193.0
2026-03-02T03:00:00Z,84.132,85.113,83.821,84.742,62415.0
2026-03-02T04:00:00Z,84.783,84.813,84.082,84.282,37046.0
2026-03-02T05:00:00Z,84.3,84.693,83.83,84.212,49869.0
2026-03-02T06:00:00Z,84.232,84.232,82.871,83.252,80974.0
2026-03-02T07:00:00Z,83.221,83.282,82.391,82.921,80233.0
2026-03-02T08:00:00Z,82.942,83.624,82.341,83.422,90399.0
2026-03-02T09:00:00Z,83.421,84.133,83.32,83.641,67100.0
2026-03-02T10:00:00Z,83.671,84.123,83.351,83.892,84245.0
2026-03-02T11:00:00Z,83.842,84.313,83.45,83.882,82119.0
2026-03-02T12:00:00Z,83.882,84.153,83.561,83.702,47432.0
2026-03-02T13:00:00Z,83.701,83.832,82.889,83.061,77520.0
2026-03-02T14:00:00Z,83.061,85.933,82.78,85.663,213133.0
2026-03-02T15:00:00Z,85.653,88.975,85.462,88.784,345170.0
2026-03-02T16:00:00Z,88.774,90.366,88.471,88.863,271181.0
2026-03-02T17:00:00Z,88.855,89.005,86.403,87.624,253652.0
2026-03-02T18:00:00Z,87.613,87.864,86.711,87.324,135161.0
2026-03-02T19:00:00Z,87.313,87.804,86.843,87.643,60047.0
2026-03-02T20:00:00Z,87.643,88.075,86.853,87.554,47772.0
2026-03-02T21:00:00Z,87.48,87.7,87.142,87.544,17227.0
2026-03-02T22:00:00Z,87.574,88.2166,87.323,87.913,14808.0
2026-03-02T23:00:00Z,88.024,88.085,86.35,86.61,30523.0
2026-03-03T00:00:00Z,86.634,87.314,86.1,86.894,49871.0
2026-03-03T01:00:00Z,86.933,87.154,86.133,86.143,31841.0
2026-03-03T02:00:00Z,86.154,86.344,85.202,86.183,77719.0
2026-03-03T03:00:00Z,86.183,86.625,85.882,86.294,55754.0
2026-03-03T04:00:00Z,86.284,86.454,85.632,85.84,57368.0
2026-03-03T05:00:00Z,85.84,86.81,85.402,85.793,95885.0
2026-03-03T06:00:00Z,85.793,85.963,85.382,85.84,54085.0
2026-03-03T07:00:00Z,85.8277,86.284,85.382,85.562,62150.0
2026-03-03T08:00:00Z,85.552,85.7541,83.921,84.243,172504.0
2026-03-03T09:00:00Z,84.252,84.9803,83.981,84.293,118659.0
2026-03-03T10:00:00Z,84.253,84.542,83.669,83.902,132768.0
2026-03-03T11:00:00Z,83.902,84.343,83.761,84.172,64498.0
2026-03-03T12:00:00Z,84.223,85.363,84.122,84.403,127752.0
2026-03-03T13:00:00Z,84.403,84.463,83.171,83.612,124705.0
2026-03-03T14:00:00Z,83.591,84.423,82.47,83.231,184454.0
2026-03-03T15:00:00Z,83.221,85.1618,83.0422,85.013,165117.0
2026-03-03T16:00:00Z,85.002,87.3391,84.312,85.383,374200.0
2026-03-03T17:00:00Z,85.383,85.453,84.141,85.183,150406.0
2026-03-03T18:00:00Z,85.182,86.013,84.512,85.373,122214.0
2026-03-03T19:00:00Z,85.4,85.763,84.652,85.062,70162.0
2026-03-03T20:00:00Z,85.102,85.463,84.652,84.843,31489.0
2026-03-03T21:00:00Z,84.782,85.163,84.172,85.112,22372.0
2026-03-03T22:00:00Z,85.133,86.654,85.112,86.284,31560.0
2026-03-03T23:00:00Z,86.234,87.432,86.203,86.964,56684.0
2026-03-04T00:00:00Z,86.903,87.3752,86.3,86.643,29321.0
2026-03-04T01:00:00Z,86.654,88.085,86.483,87.264,60018.0
2026-03-04T02:00:00Z,87.264,87.484,86.563,87.064,59194.0
2026-03-04T03:00:00Z,86.993,87.064,85.162,85.753,82750.0
2026-03-04T04:00:00Z,85.763,85.913,84.812,85.403,48298.0
2026-03-04T05:00:00Z,85.345,85.983,84.811,85.683,62798.0
2026-03-04T06:00:00Z,85.623,86.043,84.962,85.613,84458.0
2026-03-04T07:00:00Z,85.602,87.518,85.492,87.424,119869.0
2026-03-04T08:00:00Z,87.444,89.98,86.993,89.734,167054.0
2026-03-04T09:00:00Z,89.724,91.486,89.244,90.525,207533.0
2026-03-04T10:00:00Z,90.556,91.066,89.884,90.176,120085.0
2026-03-04T11:00:00Z,90.196,90.65,89.414,89.775,113711.0
2026-03-04T12:00:00Z,89.794,89.874,88.703,89.435,114549.0
2026-03-04T13:00:00Z,89.434,90.156,89.304,89.985,120936.0
2026-03-04T14:00:00Z,89.945,91.715,89.454,90.156,231132.0
2026-03-04T15:00:00Z,90.2,93.107,90.2,92.926,241582.0
2026-03-04T16:00:00Z,92.926,93.127,90.945,91.545,162237.0
2026-03-04T17:00:00Z,91.5155,92.239,90.7,91.525,119637.0
2026-03-04T18:00:00Z,91.546,92.4866,91.135,92.377,68302.0
2026-03-04T19:00:00Z,92.377,94.068,92.306,93.176,107403.0
2026-03-04T20:00:00Z,93.207,93.767,92.8355,92.907,44790.0
2026-03-04T21:00:00Z,92.836,92.987,92.156,92.356,21358.0
2026-03-04T22:00:00Z,92.397,92.867,91.185,91.325,21899.0
2026-03-04T23:00:00Z,91.316,91.426,90.305,90.8698,22762.0
2026-03-05T00:00:00Z,90.875,91.356,90.735,90.765,26415.0
2026-03-05T01:00:00Z,90.785,91.376,89.75,89.975,53045.0
2026-03-05T02:00:00Z,89.964,90.67,89.955,90.175,30198.0
2026-03-05T03:00:00Z,90.165,90.526,89.613,90.0222,38186.0
2026-03-05T04:00:00Z,90.025,90.736,89.9,90.406,52923.0
2026-03-05T05:00:00Z,90.395,90.627,90.014,90.155,40258.0
2026-03-05T06:00:00Z,90.1905,90.98,89.6799,90.883,63289.0
2026-03-05T07:00:00Z,90.883,91.266,89.704,90.145,72778.0
2026-03-05T08:00:00Z,90.136,90.716,89.654,90.625,56071.0
2026-03-05T09:00:00Z,90.625,91.928,90.605,91.186,99418.0
2026-03-05T10:00:00Z,91.185,92.957,90.991,92.638,109413.0
2026-03-05T11:00:00Z,92.6428,92.757,91.634,91.805,70815.0
2026-03-05T12:00:00Z,91.805,92.187,91.275,91.955,62496.0
2026-03-05T13:00:00Z,91.995,92.036,90.415,90.805,95241.0
2026-03-05T14:00:00Z,90.805,91.477,89.8152,90.945,113272.0
2026-03-05T15:00:00Z,90.9984,91.136,88.804,89.604,155985.0
2026-03-05T16:00:00Z,89.6131,89.625,87.902,88.944,123505.0
2026-03-05T17:00:00Z,88.944,89.4,87.9131,88.114,92723.0
2026-03-05T18:00:00Z,88.135,88.905,88.013,88.804,66114.0
2026-03-05T19:00:00Z,88.804,89.397,88.674,88.775,45247.0
2026-03-05T20:00:00Z,88.775,89.575,88.555,89.185,32291.0
2026-03-05T21:00:00Z,89.215,89.855,88.894,89.124,27449.0
2026-03-05T22:00:00Z,89.18,89.3999,88.853,89.084,18574.0
2026-03-05T23:00:00Z,89.094,89.185,88.604,88.764,24105.0
2026-03-06T00:00:00Z,88.8,89.035,88.584,88.825,13283.0
2026-03-06T01:00:00Z,88.855,89.265,88.023,89.104,34254.0
2026-03-06T02:00:00Z,89.135,89.295,88.2,88.364,41074.0
2026-03-06T03:00:00Z,88.385,88.697,88.123,88.394,24595.0
2026-03-06T04:00:00Z,88.395,88.595,87.6484,88.134,49492.0
2026-03-06T05:00:00Z,88.145,88.265,87.51,87.894,57967.0
2026-03-06T06:00:00Z,87.883,88.435,87.673,88.093,46171.0
2026-03-06T07:00:00Z,88.084,88.905,87.783,88.664,50987.0
2026-03-06T08:00:00Z,88.675,88.675,88.174,88.355,35123.0
2026-03-06T09:00:00Z,88.385,88.485,87.163,87.484,79891.0
2026-03-06T10:00:00Z,87.483,87.954,87.383,87.694,46570.0
2026-03-06T11:00:00Z,87.683,87.994,87.1,87.243,40999.0
2026-03-06T12:00:00Z,87.254,87.274,85.882,86.473,111798.0
2026-03-06T13:00:00Z,86.483,87.093,85.561,85.572,94471.0
2026-03-06T14:00:00Z,85.563,85.733,83.941,84.323,179388.0
2026-03-06T15:00:00Z,84.313,85.32,84.172,84.622,146974.0
2026-03-06T16:00:00Z,84.612,84.993,84.072,84.333,76445.0
2026-03-06T17:00:00Z,84.323,84.673,83.622,84.183,102648.0
2026-03-06T18:00:00Z,84.183,85.575,84.172,85.242,79004.0
2026-03-06T19:00:00Z,85.263,85.873,85.132,85.182,51119.0
2026-03-06T20:00:00Z,85.223,85.443,84.562,85.022,27993.0
2026-03-06T21:00:00Z,85.016,85.103,84.45,84.732,19930.0
2026-03-06T22:00:00Z,84.702,85.053,84.542,84.942,10007.0
2026-03-06T23:00:00Z,84.942,85.043,84.6235,84.682,4864.0
2026-03-07T00:00:00Z,84.712,85.073,84.512,84.753,11605.0
2026-03-07T01:00:00Z,84.753,84.88,84.582,84.682,10245.0
2026-03-07T02:00:00Z,84.702,84.733,84.302,84.653,20269.0
2026-03-07T03:00:00Z,84.68,85.043,84.352,84.533,26470.0
2026-03-07T04:00:00Z,84.553,84.553,83.992,84.263,31884.0
2026-03-07T05:00:00Z,84.263,84.493,84.092,84.343,29235.0
2026-03-07T06:00:00Z,84.322,84.333,83.88,84.022,24266.0
2026-03-07T07:00:00Z,84.053,84.5048,83.901,84.312,28475.0
2026-03-07T08:00:00Z,84.312,84.653,84.112,84.363,31281.0
2026-03-07T09:00:00Z,84.352,84.683,84.2,84.563,27579.0
2026-03-07T10:00:00Z,84.583,84.743,84.382,84.462,25956.0
2026-03-07T11:00:00Z,84.452,84.903,84.252,84.653,40332.0
2026-03-07T12:00:00Z,84.622,84.773,84.262,84.282,27534.0
2026-03-07T13:00:00Z,84.303,84.523,84.102,84.303,34612.0
2026-03-07T14:00:00Z,84.293,84.403,83.651,84.2023,65332.0
2026-03-07T15:00:00Z,84.213,84.223,83.38,83.731,56609.0
2026-03-07T16:00:00Z,83.721,83.782,83.491,83.581,29989.0
2026-03-07T17:00:00Z,83.582,84.073,83.55,83.612,46524.0
2026-03-07T18:00:00Z,83.601,83.612,83.0,83.361,50162.0
2026-03-07T19:00:00Z,83.362,83.362,82.29,82.522,61237.0
2026-03-07T20:00:00Z,82.5271,83.112,82.5271,83.022,28309.0
2026-03-07T21:00:00Z,83.1,83.282,82.881,83.261,13447.0
2026-03-07T22:00:00Z,83.262,83.322,82.661,82.96,22803.0
2026-03-07T23:00:00Z,82.97,83.232,82.941,83.2084,9880.0
2026-03-08T00:00:00Z,83.212,83.482,82.901,83.051,31146.0
2026-03-08T01:00:00Z,83.052,83.202,82.681,82.961,30883.0
2026-03-08T02:00:00Z,82.961,83.082,82.081,82.372,67226.0
2026-03-08T03:00:00Z,82.372,82.722,82.251,82.321,36530.0
2026-03-08T04:00:00Z,82.318,82.542,81.7186,81.941,56512.0
2026-03-08T05:00:00Z,81.941,82.782,81.93,82.471,60198.0
2026-03-08T06:00:00Z,82.482,82.602,82.251,82.442,30845.0
2026-03-08T07:00:00Z,82.431,83.082,82.381,82.941,54538.0
2026-03-08T08:00:00Z,82.962,83.102,82.51,83.071,40064.0
2026-03-08T09:00:00Z,83.0624,83.362,82.761,83.141,45175.0
2026-03-08T10:00:00Z,83.152,84.113,83.151,83.652,86556.0
2026-03-08T11:00:00Z,83.642,83.642,82.621,82.789,92308.0
2026-03-08T12:00:00Z,82.781,82.982,81.578,82.302,134455.0
2026-03-08T13:00:00Z,82.3255,82.452,81.169,82.061,87014.0
2026-03-08T14:00:00Z,82.061,82.372,81.926,82.291,61896.0
2026-03-08T15:00:00Z,82.301,82.402,81.81,82.052,50185.0
2026-03-08T16:00:00Z,82.011,82.152,81.33,81.511,54416.0
2026-03-08T17:00:00Z,81.5,81.981,81.36,81.671,52389.0
2026-03-08T18:00:00Z,81.701,81.791,81.28,81.58,25167.0
2026-03-08T19:00:00Z,81.611,82.6565,81.48,82.482,70410.0
2026-03-08T20:00:00Z,82.482,82.952,82.09,82.312,41466.0
2026-03-08T21:00:00Z,82.352,82.383,81.7,82.201,26522.0
2026-03-08T22:00:00Z,82.141,82.502,80.22,81.95,58374.0
2026-03-08T23:00:00Z,82.021,82.432,81.5,81.601,12662.0
2026-03-09T00:00:00Z,81.6,83.292,81.57,82.331,58436.0
2026-03-09T01:00:00Z,82.342,82.9,81.88,82.092,36605.0
2026-03-09T02:00:00Z,82.102,82.932,81.66,82.651,43571.0
2026-03-09T03:00:00Z,82.661,84.5,82.621,83.152,101460.0
2026-03-09T04:00:00Z,83.141,83.872,83.071,83.181,39524.0
2026-03-09T05:00:00Z,83.191,84.623,83.122,84.283,76144.0
2026-03-09T06:00:00Z,84.273,84.3,83.0816,83.101,57219.0
2026-03-09T07:00:00Z,83.101,83.273,82.3062,83.152,71150.0
2026-03-09T08:00:00Z,83.2,83.85,82.921,83.712,76327.0
2026-03-09T09:00:00Z,83.721,84.594,83.321,84.011,74007.0
2026-03-09T10:00:00Z,84.014,84.233,83.5,83.732,44531.0
2026-03-09T11:00:00Z,83.691,83.912,83.089,83.562,74055.0
2026-03-09T12:00:00Z,83.572,84.213,83.4,84.002,72049.0
2026-03-09T13:00:00Z,84.022,85.753,83.981,85.155,126884.0
2026-03-09T14:00:00Z,85.122,85.7375,84.562,85.3,85654.0
2026-03-09T15:00:00Z,85.303,85.453,84.622,85.083,67136.0
2026-03-09T16:00:00Z,85.042,85.623,84.7159,85.122,74394.0
2026-03-09T17:00:00Z,85.102,85.414,84.312,85.082,103313.0
2026-03-09T18:00:00Z,85.062,85.573,84.471,85.193,79838.0
2026-03-09T19:00:00Z,85.213,87.044,85.072,85.9624,103093.0
2026-03-09T20:00:00Z,85.953,86.174,85.292,85.813,37712.0
2026-03-09T21:00:00Z,85.812,86.35,85.672,86.013,19716.0
2026-03-09T22:00:00Z,86.003,86.304,85.562,85.723,13865.0
2026-03-09T23:00:00Z,85.692,85.973,84.842,84.973,24070.0
2026-03-10T00:00:00Z,84.932,85.963,84.832,85.573,28237.0
2026-03-10T01:00:00Z,85.552,85.973,85.11,85.753,37252.0
2026-03-10T02:00:00Z,85.732,86.9,85.4545,86.613,47549.0
2026-03-10T03:00:00Z,86.603,86.754,85.5,85.563,57594.0
2026-03-10T04:00:00Z,85.603,86.654,85.4063,86.534,43580.0
2026-03-10T05:00:00Z,86.544,86.954,86.343,86.403,49763.0
2026-03-10T06:00:00Z,86.394,86.694,85.982,86.364,39478.0
2026-03-10T07:00:00Z,86.354,86.9,86.183,86.7,28858.0
2026-03-10T08:00:00Z,86.724,87.404,86.563,86.694,81040.0
2026-03-10T09:00:00Z,86.694,87.45,86.641,87.264,47259.0
2026-03-10T10:00:00Z,87.223,87.684,86.793,87.094,55951.0
2026-03-10T11:00:00Z,87.094,87.194,86.613,86.784,41649.0
2026-03-10T12:00:00Z,86.803,86.824,86.2801,86.684,44061.0
2026-03-10T13:00:00Z,86.704,87.294,85.742,86.053,132091.0
2026-03-10T14:00:00Z,86.073,88.235,84.9,88.1,189689.0
2026-03-10T15:00:00Z,88.125,88.625,87.2982,88.344,135654.0
2026-03-10T16:00:00Z,88.365,88.716,87.673,88.405,97521.0
2026-03-10T17:00:00Z,88.375,88.796,87.623,87.943,84432.0
2026-03-10T18:00:00Z,87.933,88.0,86.072,86.224,115538.0
2026-03-10T19:00:00Z,86.233,86.464,85.642,85.982,44741.0
2026-03-10T20:00:00Z,85.982,86.4,85.942,86.223,17368.0
2026-03-10T21:00:00Z,86.213,86.434,85.253,85.682,16676.0
2026-03-10T22:00:00Z,85.742,85.853,85.002,85.523,19130.0
2026-03-10T23:00:00Z,85.543,85.883,85.352,85.873,10553.0
2026-03-11T00:00:00Z,85.873,86.214,85.582,86.002,26652.0
2026-03-11T01:00:00Z,86.0232,86.264,85.67,86.07,19691.0
2026-03-11T02:00:00Z,86.084,86.194,85.472,85.912,19681.0
2026-03-11T03:00:00Z,85.902,86.174,85.532,85.632,19069.0
2026-03-11T04:00:00Z,85.613,86.824,85.482,86.724,47641.0
2026-03-11T05:00:00Z,86.704,86.874,85.592,85.702,46947.0
2026-03-11T06:00:00Z,85.682,86.154,85.642,86.022,27469.0
2026-03-11T07:00:00Z,86.023,86.113,85.121,85.423,33600.0
2026-03-11T08:00:00Z,85.432,85.603,85.082,85.482,40413.0
2026-03-11T09:00:00Z,85.422,85.573,84.702,84.862,48191.0
2026-03-11T10:00:00Z,84.873,85.533,84.828,85.252,43718.0
2026-03-11T11:00:00Z,85.252,85.323,84.39,84.542,50747.0
2026-03-11T12:00:00Z,84.533,85.685,84.352,85.182,99729.0
2026-03-11T13:00:00Z,85.193,87.394,85.102,85.953,206220.0
2026-03-11T14:00:00Z,85.942,87.154,85.712,86.534,145166.0
2026-03-11T15:00:00Z,86.56,86.654,84.552,85.382,143016.0
2026-03-11T16:00:00Z,85.402,86.594,85.282,86.434,81792.0
2026-03-11T17:00:00Z,86.4447,87.843,86.4447,87.264,140496.0
2026-03-11T18:00:00Z,87.273,88.085,87.143,87.804,88160.0
2026-03-11T19:00:00Z,87.803,87.854,87.023,87.264,59911.0
2026-03-11T20:00:00Z,87.2915,87.434,87.013,87.283,13011.0
2026-03-11T21:00:00Z,87.324,87.614,87.143,87.584,10223.0
2026-03-11T22:00:00Z,87.4953,87.944,86.832,87.034,16182.0
2026-03-11T23:00:00Z,87.054,87.214,86.443,86.553,13722.0
2026-03-12T00:00:00Z,86.624,86.76,86.363,86.684,11064.0
2026-03-12T01:00:00Z,86.653,86.684,85.942,86.023,25148.0
2026-03-12T02:00:00Z,86.012,86.144,85.15,85.182,47477.0
2026-03-12T03:00:00Z,85.182,85.403,84.6863,84.992,49062.0
2026-03-12T04:00:00Z,84.972,85.393,84.862,85.072,40850.0
2026-03-12T05:00:00Z,85.0588,85.3,84.872,85.123,27813.0
2026-03-12T06:00:00Z,85.082,85.4,84.9617,85.373,14481.0
2026-03-12T07:00:00Z,85.362,85.9,84.972,85.802,54096.0
2026-03-12T08:00:00Z,85.812,86.174,85.382,85.953,60107.0
2026-03-12T09:00:00Z,85.882,86.714,85.452,86.183,48125.0
2026-03-12T10:00:00Z,86.183,87.0615,86.043,86.753,68303.0
2026-03-12T11:00:00Z,86.753,87.12,86.623,86.784,52555.0
2026-03-12T12:00:00Z,86.8,87.5,86.553,87.243,72710.0
2026-03-12T13:00:00Z,87.25,87.7,86.353,86.733,114141.0
2026-03-12T14:00:00Z,86.783,87.664,85.172,85.513,132380.0
2026-03-12T15:00:00Z,85.5,87.014,85.072,86.563,121587.0
2026-03-12T16:00:00Z,86.584,87.09,85.7907,86.814,102660.0
2026-03-12T17:00:00Z,86.814,86.995,86.333,86.604,54528.0
2026-03-12T18:00:00Z,86.5795,86.8,85.792,85.852,38736.0
2026-03-12T19:00:00Z,85.853,86.944,85.65,86.813,40673.0
2026-03-12T20:00:00Z,86.824,86.944,86.4166,86.464,23025.0
2026-03-12T21:00:00Z,86.484,86.705,86.164,86.604,15925.0
2026-03-12T22:00:00Z,86.473,86.574,85.972,86.3,10353.0
2026-03-12T23:00:00Z,86.283,87.2225,86.283,86.794,19645.0
2026-03-13T00:00:00Z,86.836,91.146,86.7212,89.805,126920.0
2026-03-13T01:00:00Z,89.85,90.75,89.824,90.465,65974.0
2026-03-13T02:00:00Z,90.5132,90.595,88.934,89.084,60473.0
2026-03-13T03:00:00Z,89.115,89.985,88.879,89.715,43160.0
2026-03-13T04:00:00Z,89.704,89.745,89.204,89.364,25923.0
2026-03-13T05:00:00Z,89.334,89.465,88.894,89.094,40556.0
2026-03-13T06:00:00Z,89.124,89.225,88.274,88.425,44516.0
2026-03-13T07:00:00Z,88.414,88.9348,88.154,88.654,43488.0
2026-03-13T08:00:00Z,88.674,89.665,88.314,89.145,44873.0
2026-03-13T09:00:00Z,89.135,89.645,88.764,89.505,50733.0
2026-03-13T10:00:00Z,89.474,90.307,89.443,90.186,69409.0
2026-03-13T11:00:00Z,90.186,90.446,89.97,90.326,65346.0
2026-03-13T12:00:00Z,90.3086,91.4,90.125,90.992,95638.0
2026-03-13T13:00:00Z,91.016,92.327,90.936,91.871,147445.0
2026-03-13T14:00:00Z,91.946,93.123,90.475,90.655,194659.0
2026-03-13T15:00:00Z,90.705,91.246,89.284,89.475,148268.0
2026-03-13T16:00:00Z,89.495,89.945,88.833,89.605,97103.0
2026-03-13T17:00:00Z,89.604,90.1342,88.564,88.875,93401.0
2026-03-13T18:00:00Z,88.845,89.125,88.344,88.815,67254.0
2026-03-13T19:00:00Z,88.805,89.015,88.405,88.865,23811.0
2026-03-13T20:00:00Z,88.865,89.1,88.55,88.895,15485.0
2026-03-13T21:00:00Z,88.925,89.135,88.303,88.55,14794.0
2026-03-13T22:00:00Z,88.604,88.615,87.723,88.013,28102.0
2026-03-13T23:00:00Z,87.923,88.246,87.792,88.164,10171.0
2026-03-14T00:00:00Z,88.054,88.365,87.843,87.973,20384.0
2026-03-14T01:00:00Z,87.933,88.375,87.803,88.245,22105.0
2026-03-14T02:00:00Z,88.24,88.315,87.983,88.224,16037.0
2026-03-14T03:00:00Z,88.265,88.615,88.224,88.405,22667.0
2026-03-14T04:00:00Z,88.405,88.7,88.204,88.234,40079.0
2026-03-14T05:00:00Z,88.25,88.395,87.862,88.064,36674.0
2026-03-14T06:00:00Z,88.055,88.084,86.913,87.244,71628.0
2026-03-14T07:00:00Z,87.2,87.414,87.163,87.324,27059.0
2026-03-14T08:00:00Z,87.304,87.535,87.073,87.134,23528.0
2026-03-14T09:00:00Z,87.134,87.3,86.613,86.823,33742.0
2026-03-14T10:00:00Z,86.843,86.924,86.4904,86.643,38366.0
2026-03-14T11:00:00Z,86.654,86.994,86.623,86.943,33589.0
2026-03-14T12:00:00Z,86.894,87.115,86.783,87.094,47437.0
2026-03-14T13:00:00Z,87.094,87.344,87.013,87.1,33439.0
2026-03-14T14:00:00Z,87.123,87.224,86.613,86.704,52251.0
2026-03-14T15:00:00Z,86.693,86.914,86.612,86.724,28353.0
2026-03-14T16:00:00Z,86.723,87.115,86.612,87.064,34291.0
2026-03-14T17:00:00Z,87.054,87.064,86.813,86.873,21322.0
2026-03-14T18:00:00Z,86.864,87.079,86.773,87.043,16012.0
2026-03-14T19:00:00Z,87.013,87.075,86.893,86.964,7841.0
2026-03-14T20:00:00Z,87.003,87.144,86.863,87.083,11760.0
2026-03-14T21:00:00Z,87.0457,87.324,86.853,87.263,15561.0
2026-03-14T22:00:00Z,87.263,87.44,87.201,87.283,20786.0
2026-03-14T23:00:00Z,87.3,88.165,87.3,88.044,37648.0
2026-03-15T00:00:00Z,88.044,88.207,87.658,87.744,29072.0
2026-03-15T01:00:00Z,87.764,87.904,87.553,87.694,17321.0
2026-03-15T02:00:00Z,87.694,88.645,87.694,88.274,38819.0
2026-03-15T03:00:00Z,88.315,88.415,87.683,87.844,25097.0
2026-03-15T04:00:00Z,87.844,88.32,87.843,88.314,25452.0
2026-03-15T05:00:00Z,88.315,88.625,88.103,88.305,43896.0
2026-03-15T06:00:00Z,88.3,88.585,88.122,88.344,34028.0
2026-03-15T07:00:00Z,88.345,88.525,88.104,88.215,37976.0
2026-03-15T08:00:00Z,88.225,88.525,88.133,88.485,47573.0
2026-03-15T09:00:00Z,88.484,88.865,88.412,88.547,67811.0
2026-03-15T10:00:00Z,88.535,88.705,88.374,88.465,23184.0
2026-03-15T11:00:00Z,88.465,88.676,88.24,88.565,35574.0
2026-03-15T12:00:00Z,88.554,88.554,88.179,88.254,31693.0
2026-03-15T13:00:00Z,88.275,88.397,87.353,87.854,85578.0
2026-03-15T14:00:00Z,87.843,87.994,87.553,87.963,39450.0
2026-03-15T15:00:00Z,87.963,88.125,87.763,87.923,25796.0
2026-03-15T16:00:00Z,87.9,88.044,87.453,87.533,36495.0
2026-03-15T17:00:00Z,87.533,88.805,87.493,88.425,54426.0
2026-03-15T18:00:00Z,88.45,88.665,87.833,87.904,46140.0
2026-03-15T19:00:00Z,87.884,88.275,87.8,88.185,24794.0
2026-03-15T20:00:00Z,88.175,89.015,87.963,88.754,24207.0
2026-03-15T21:00:00Z,88.815,90.3,88.574,90.024,61553.0
2026-03-15T22:00:00Z,90.065,92.9594,89.854,92.666,82914.0
2026-03-15T23:00:00Z,92.777,93.26,91.645,92.356,73775.0
2026-03-16T00:00:00Z,92.336,93.087,91.9,92.025,43562.0
2026-03-16T01:00:00Z,92.056,92.277,91.515,92.137,38809.0
2026-03-16T02:00:00Z,92.117,92.307,91.2,91.495,33514.0
2026-03-16T03:00:00Z,91.475,93.997,91.285,93.187,92130.0
2026-03-16T04:00:00Z,93.196,94.3,92.965,93.647,94380.0
2026-03-16T05:00:00Z,93.636,94.348,93.216,94.047,63269.0
2026-03-16T06:00:00Z,94.026,94.037,93.176,93.437,41132.0
2026-03-16T07:00:00Z,93.427,93.867,93.336,93.576,28424.0
2026-03-16T08:00:00Z,93.577,94.04,92.596,92.876,70059.0
2026-03-16T09:00:00Z,92.877,93.477,92.736,93.327,44114.0
2026-03-16T10:00:00Z,93.367,93.967,93.276,93.917,54173.0
2026-03-16T11:00:00Z,93.91,93.987,93.536,93.757,40101.0
2026-03-16T12:00:00Z,93.75,94.2,93.4257,93.777,53277.0
2026-03-16T13:00:00Z,93.766,95.108,93.425,93.667,145014.0
2026-03-16T14:00:00Z,93.7,94.528,92.366,93.606,176788.0
2026-03-16T15:00:00Z,93.657,94.349,93.074,93.176,97121.0
2026-03-16T16:00:00Z,93.187,94.0497,93.116,93.8,76144.0
2026-03-16T17:00:00Z,93.808,94.398,93.696,94.057,69650.0
2026-03-16T18:00:00Z,94.077,95.108,94.077,94.387,74397.0
2026-03-16T19:00:00Z,94.398,95.498,94.197,95.2368,64363.0
2026-03-16T20:00:00Z,95.207,95.99,95.077,95.788,50838.0
2026-03-16T21:00:00Z,95.7025,96.878,95.487,96.178,61697.0
2026-03-16T22:00:00Z,96.179,97.7,96.179,96.379,43710.0
2026-03-16T23:00:00Z,96.379,96.469,95.437,96.199,25850.0
2026-03-17T00:00:00Z,96.148,96.946,95.136,95.507,38600.0
2026-03-17T01:00:00Z,95.477,96.084,94.957,95.718,32169.0
2026-03-17T02:00:00Z,95.708,95.768,94.866,95.127,29878.0
2026-03-17T03:00:00Z,95.128,95.288,93.706,94.078,60026.0
2026-03-17T04:00:00Z,94.098,94.258,93.196,93.767,47203.0
2026-03-17T05:00:00Z,93.736,94.098,93.346,93.746,33426.0
2026-03-17T06:00:00Z,93.837,94.3,93.486,93.897,40069.0
2026-03-17T07:00:00Z,93.907,94.648,93.865,94.428,35329.0
2026-03-17T08:00:00Z,94.447,94.928,94.267,94.397,32851.0
2026-03-17T09:00:00Z,94.408,95.088,93.696,93.908,65374.0
2026-03-17T10:00:00Z,93.916,94.0505,93.256,93.577,61658.0
2026-03-17T11:00:00Z,93.557,93.897,93.386,93.657,36128.0
2026-03-17T12:00:00Z,93.626,94.078,93.174,93.416,71189.0
2026-03-17T13:00:00Z,93.4,94.568,93.35,93.776,87089.0
2026-03-17T14:00:00Z,93.807,94.688,93.486,94.498,88931.0
2026-03-17T15:00:00Z,94.5,95.128,93.24,93.806,143250.0
2026-03-17T16:00:00Z,93.817,94.798,93.717,94.398,81147.0
2026-03-17T17:00:00Z,94.398,94.738,94.127,94.548,51847.0
2026-03-17T18:00:00Z,94.568,95.593,94.447,95.307,87297.0
2026-03-17T19:00:00Z,95.337,95.558,94.617,94.647,37399.0
2026-03-17T20:00:00Z,94.657,95.028,94.43,94.898,31210.0
2026-03-17T21:00:00Z,94.868,95.458,94.837,95.247,13832.0
2026-03-17T22:00:00Z,95.2,95.618,94.577,95.307,25797.0
2026-03-17T23:00:00Z,95.328,95.4255,94.597,94.618,11130.0
2026-03-18T00:00:00Z,94.597,94.918,94.0937,94.518,24829.0
2026-03-18T01:00:00Z,94.588,94.93,94.318,94.418,27442.0
2026-03-18T02:00:00Z,94.407,95.228,94.387,94.928,20385.0
2026-03-18T03:00:00Z,94.917,95.647,94.807,95.048,33010.0
2026-03-18T04:00:00Z,95.048,95.098,94.01,94.117,41030.0
2026-03-18T05:00:00Z,94.117,94.3732,93.716,93.917,35801.0
2026-03-18T06:00:00Z,93.927,94.648,93.916,94.217,32657.0
2026-03-18T07:00:00Z,94.217,94.288,93.816,93.936,28048.0
2026-03-18T08:00:00Z,93.947,94.248,93.947,94.016,24851.0
2026-03-18T09:00:00Z,94.026,94.413,93.926,94.278,21535.0
2026-03-18T10:00:00Z,94.257,94.428,93.496,93.847,40279.0
2026-03-18T11:00:00Z,93.836,94.078,91.8,91.995,151797.0
2026-03-18T12:00:00Z,91.985,92.046,90.304,90.425,147703.0
2026-03-18T13:00:00Z,90.415,90.746,89.872,90.306,113471.0
2026-03-18T14:00:00Z,90.386,90.386,88.824,88.955,135858.0
2026-03-18T15:00:00Z,88.955,89.435,88.554,89.36,106045.0
2026-03-18T16:00:00Z,89.354,89.354,88.624,88.955,91155.0
2026-03-18T17:00:00Z,88.944,90.346,88.814,89.914,163333.0
2026-03-18T18:00:00Z,89.915,90.856,89.364,89.564,163975.0
2026-03-18T19:00:00Z,89.575,90.066,89.424,89.675,49173.0
2026-03-18T20:00:00Z,89.674,90.127,88.974,90.0,38372.0
2026-03-18T21:00:00Z,89.924,90.617,89.924,90.445,21006.0
2026-03-18T22:00:00Z,90.436,90.466,89.924,90.015,9834.0
2026-03-18T23:00:00Z,89.964,90.166,89.684,90.075,14722.0
2026-03-19T00:00:00Z,90.055,90.306,89.854,90.125,14342.0
2026-03-19T01:00:00Z,90.135,90.396,89.9254,90.176,13419.0
2026-03-19T02:00:00Z,90.166,90.396,89.774,89.984,16188.0
2026-03-19T03:00:00Z,89.984,91.4063,89.914,90.725,63281.0
2026-03-19T04:00:00Z,90.736,90.736,89.734,89.904,52669.0
2026-03-19T05:00:00Z,89.91,90.116,89.652,89.735,26563.0
2026-03-19T06:00:00Z,89.755,90.126,89.514,89.866,39303.0
2026-03-19T07:00:00Z,89.865,90.056,88.624,89.424,90541.0
2026-03-19T08:00:00Z,89.425,89.635,89.105,89.334,26209.0
2026-03-19T09:00:00Z,89.374,90.406,89.185,90.206,43799.0
2026-03-19T10:00:00Z,90.205,90.486,89.804,89.814,36595.0
2026-03-19T11:00:00Z,89.825,90.035,89.482,89.635,33729.0
2026-03-19T12:00:00Z,89.594,89.635,88.044,88.114,97492.0
2026-03-19T13:00:00Z,88.104,88.7424,87.541,88.485,121464.0
2026-03-19T14:00:00Z,88.5,88.89,87.413,88.205,92395.0
2026-03-19T15:00:00Z,88.205,88.74,87.15,87.624,80372.0
2026-03-19T16:00:00Z,87.6,87.804,87.0,87.684,51204.0
2026-03-19T17:00:00Z,87.684,88.365,87.0931,88.145,58469.0
2026-03-19T18:00:00Z,88.115,88.325,87.673,88.134,31585.0
2026-03-19T19:00:00Z,88.124,89.255,88.124,88.724,64530.0
2026-03-19T20:00:00Z,88.714,89.2,88.673,88.985,14725.0
2026-03-19T21:00:00Z,88.984,89.327,88.864,89.114,15771.0
2026-03-19T22:00:00Z,89.144,89.175,88.4,88.765,12268.0
2026-03-19T23:00:00Z,88.815,89.155,88.584,88.874,8474.0
2026-03-20T00:00:00Z,88.925,89.44,88.864,89.405,13302.0
2026-03-20T01:00:00Z,89.435,89.785,89.324,89.464,15821.0
2026-03-20T02:00:00Z,89.5,89.585,88.874,89.324,33245.0
2026-03-20T03:00:00Z,89.314,89.725,89.234,89.585,21253.0
2026-03-20T04:00:00Z,89.575,89.765,88.728,89.284,38974.0
2026-03-20T05:00:00Z,89.264,89.52,88.854,89.315,37489.0
2026-03-20T06:00:00Z,89.304,89.345,88.924,89.074,21611.0
2026-03-20T07:00:00Z,89.05,89.494,88.484,89.375,59864.0
2026-03-20T08:00:00Z,89.354,90.476,89.294,89.785,70999.0
2026-03-20T09:00:00Z,89.765,89.765,88.61,88.945,60346.0
2026-03-20T10:00:00Z,88.955,89.475,88.584,89.305,48687.0
2026-03-20T11:00:00Z,89.3,89.5716,88.854,89.124,47885.0
2026-03-20T12:00:00Z,89.142,89.515,89.014,89.135,32196.0
2026-03-20T13:00:00Z,89.185,89.64,88.604,88.804,78295.0
2026-03-20T14:00:00Z,88.805,89.745,88.514,88.944,73337.0
2026-03-20T15:00:00Z,88.965,89.315,88.603,88.965,42583.0
2026-03-20T16:00:00Z,88.944,89.226,88.62,88.904,25171.0
2026-03-20T17:00:00Z,88.924,89.034,88.123,88.884,65367.0
2026-03-20T18:00:00Z,88.895,89.015,88.154,88.554,48312.0
2026-03-20T19:00:00Z,88.594,89.055,88.214,88.975,29605.0
2026-03-20T20:00:00Z,89.025,89.365,88.654,89.004,20545.0
2026-03-20T21:00:00Z,89.005,90.035,88.924,89.585,26409.0
2026-03-20T22:00:00Z,89.63,90.256,89.63,90.126,18305.0
2026-03-20T23:00:00Z,90.106,90.135,89.714,89.85,9087.0
2026-03-21T00:00:00Z,89.855,90.2623,89.834,90.025,10060.0
2026-03-21T01:00:00Z,90.035,90.346,89.724,89.864,10559.0
2026-03-21T02:00:00Z,89.864,90.65,89.754,90.466,30059.0
2026-03-21T03:00:00Z,90.465,90.616,90.315,90.456,22110.0
2026-03-21T04:00:00Z,90.4579,90.816,90.155,90.265,41988.0
2026-03-21T05:00:00Z,90.265,90.516,89.95,89.965,28982.0
2026-03-21T06:00:00Z,89.954,90.326,89.924,90.166,24653.0
2026-03-21T07:00:00Z,90.156,90.409,89.924,90.116,25111.0
2026-03-21T08:00:00Z,90.136,90.136,89.814,90.005,24594.0
2026-03-21T09:00:00Z,90.0044,90.4,89.984,90.185,24860.0
2026-03-21T10:00:00Z,90.195,90.226,89.874,89.985,21230.0
2026-03-21T11:00:00Z,89.975,90.025,89.824,89.955,15616.0
2026-03-21T12:00:00Z,89.965,90.196,89.874,90.155,19275.0
2026-03-21T13:00:00Z,90.176,90.276,89.943,90.014,22098.0
2026-03-21T14:00:00Z,90.014,90.406,89.623,89.644,54842.0
2026-03-21T15:00:00Z,89.655,89.927,89.37,89.805,55506.0
2026-03-21T16:00:00Z,89.814,89.995,89.55,89.664,22612.0
2026-03-21T17:00:00Z,89.664,89.685,89.381,89.565,23604.0
2026-03-21T18:00:00Z,89.554,89.925,89.544,89.7793,19371.0
2026-03-21T19:00:00Z,89.7793,89.895,89.684,89.804,8302.0
2026-03-21T20:00:00Z,89.804,90.3,89.774,90.145,15259.0
2026-03-21T21:00:00Z,90.166,90.206,89.923,89.984,5507.0
2026-03-21T22:00:00Z,89.984,90.056,89.784,89.9,3757.0
2026-03-21T23:00:00Z,89.845,89.845,87.1102,87.563,52619.0
2026-03-22T00:00:00Z,87.523,87.754,86.253,87.303,60441.0
2026-03-22T01:00:00Z,87.344,87.704,86.973,87.424,35054.0
2026-03-22T02:00:00Z,87.433,88.464,87.42,88.134,44933.0
2026-03-22T03:00:00Z,88.105,89.156,87.75,88.655,51964.0
2026-03-22T04:00:00Z,88.635,89.185,88.574,89.015,43490.0
2026-03-22T05:00:00Z,88.994,88.995,88.424,88.454,25761.0
2026-03-22T06:00:00Z,88.46,88.46,88.125,88.195,43098.0
2026-03-22T07:00:00Z,88.165,88.3231,87.657,87.704,41231.0
2026-03-22T08:00:00Z,87.704,87.734,86.85,87.364,75255.0
2026-03-22T09:00:00Z,87.3433,87.65,87.153,87.314,37089.0
2026-03-22T10:00:00Z,87.303,87.484,87.193,87.313,21178.0
2026-03-22T11:00:00Z,87.314,87.434,86.809,86.823,43203.0
2026-03-22T12:00:00Z,86.834,87.434,86.7989,87.253,38214.0
2026-03-22T13:00:00Z,87.274,87.7,86.992,87.314,36815.0
2026-03-22T14:00:00Z,87.314,87.594,87.023,87.204,27349.0
2026-03-22T15:00:00Z,87.194,87.585,87.163,87.553,21254.0
2026-03-22T16:00:00Z,87.584,87.706,87.252,87.474,27801.0
2026-03-22T17:00:00Z,87.44,87.554,87.193,87.253,17332.0
2026-03-22T18:00:00Z,87.223,87.314,86.462,87.044,52319.0
2026-03-22T19:00:00Z,87.004,87.015,86.5722,86.843,25657.0
2026-03-22T20:00:00Z,86.9,87.194,86.543,86.594,15277.0
2026-03-22T21:00:00Z,86.584,86.624,85.121,85.983,61182.0
2026-03-22T22:00:00Z,85.903,86.784,85.492,86.733,23688.0
2026-03-22T23:00:00Z,86.754,87.034,86.043,86.214,10757.0
2026-03-23T00:00:00Z,86.223,86.604,85.462,85.882,21773.0
2026-03-23T01:00:00Z,85.903,86.614,85.732,86.073,32511.0
2026-03-23T02:00:00Z,86.083,86.994,86.043,86.693,25584.0
2026-03-23T03:00:00Z,86.794,87.237,86.383,86.394,36358.0
2026-03-23T04:00:00Z,86.433,86.924,86.313,86.913,25701.0
2026-03-23T05:00:00Z,86.93,87.3282,86.843,87.184,32542.0
2026-03-23T06:00:00Z,87.164,87.164,85.4497,85.723,53841.0
2026-03-23T07:00:00Z,85.723,86.224,85.072,85.972,70529.0
2026-03-23T08:00:00Z,86.002,86.464,85.843,85.942,37645.0
2026-03-23T09:00:00Z,85.962,86.003,85.17,85.752,43359.0
2026-03-23T10:00:00Z,85.732,86.324,85.65,86.053,39461.0
2026-03-23T11:00:00Z,86.134,91.976,86.05,88.77,243992.0
2026-03-23T12:00:00Z,88.784,90.486,88.334,90.226,90988.0
2026-03-23T13:00:00Z,90.2706,91.487,89.894,91.35,101638.0
2026-03-23T14:00:00Z,91.35,91.736,91.065,91.513,91361.0
2026-03-23T15:00:00Z,91.535,92.277,89.804,89.955,158158.0
2026-03-23T16:00:00Z,89.934,90.446,89.4,90.336,92920.0
2026-03-23T17:00:00Z,90.3499,91.386,89.684,91.266,83562.0
2026-03-23T18:00:00Z,91.256,91.806,90.915,91.625,52110.0
2026-03-23T19:00:00Z,91.645,91.906,91.275,91.465,21791.0
2026-03-23T20:00:00Z,91.425,92.036,91.245,91.796,16934.0
2026-03-23T21:00:00Z,91.7892,91.966,91.515,91.636,7447.0
2026-03-23T22:00:00Z,91.676,91.926,91.194,91.555,9428.0
2026-03-23T23:00:00Z,91.495,91.566,90.985,91.435,6698.0
2026-03-24T00:00:00Z,91.446,91.676,90.635,90.995,18891.0
2026-03-24T01:00:00Z,90.996,91.066,90.155,90.405,24209.0
2026-03-24T02:00:00Z,90.4,90.776,90.104,90.146,22446.0
2026-03-24T03:00:00Z,90.146,90.356,89.964,90.3429,27684.0
2026-03-24T04:00:00Z,90.345,90.826,90.125,90.336,22996.0
2026-03-24T05:00:00Z,90.3566,90.395,89.984,90.116,15399.0
2026-03-24T06:00:00Z,90.115,90.526,90.055,90.465,17239.0
2026-03-24T07:00:00Z,90.466,91.896,90.396,91.746,53576.0
2026-03-24T08:00:00Z,91.715,91.95,91.265,91.626,42676.0
2026-03-24T09:00:00Z,91.575,92.159,91.125,92.116,43167.0
2026-03-24T10:00:00Z,92.116,92.227,91.725,91.846,30517.0
2026-03-24T11:00:00Z,91.815,92.167,91.335,91.76,50458.0
2026-03-24T12:00:00Z,91.76,91.846,91.355,91.586,19177.0
2026-03-24T13:00:00Z,91.5451,91.746,89.554,89.834,114038.0
2026-03-24T14:00:00Z,89.855,90.2,88.664,89.544,142519.0
2026-03-24T15:00:00Z,89.6,90.296,89.493,89.724,80018.0
2026-03-24T16:00:00Z,89.704,89.955,89.07,89.254,69970.0
2026-03-24T17:00:00Z,89.265,89.375,88.692,89.165,55354.0
2026-03-24T18:00:00Z,89.185,89.675,88.874,88.874,45124.0
2026-03-24T19:00:00Z,88.904,89.285,88.4405,88.545,38629.0
2026-03-24T20:00:00Z,88.494,90.226,88.474,90.025,41138.0
2026-03-24T21:00:00Z,90.106,90.6,89.684,90.386,19293.0
2026-03-24T22:00:00Z,90.385,90.75,90.085,90.326,13627.0
2026-03-24T23:00:00Z,90.295,91.138,90.225,90.795,20641.0
2026-03-25T00:00:00Z,90.82,91.615,90.7423,91.315,33603.0
2026-03-25T01:00:00Z,91.315,91.476,90.925,90.945,24428.0
2026-03-25T02:00:00Z,90.955,91.514,90.82,91.125,24771.0
2026-03-25T03:00:00Z,91.126,91.917,90.785,91.696,48741.0
2026-03-25T04:00:00Z,91.706,92.127,91.595,92.05,30421.0
2026-03-25T05:00:00Z,92.056,92.977,91.974,92.426,67267.0
2026-03-25T06:00:00Z,92.426,92.919,92.276,92.376,32217.0
2026-03-25T07:00:00Z,92.377,92.506,91.765,91.815,66964.0
2026-03-25T08:00:00Z,91.826,92.747,91.825,92.357,62727.0
2026-03-25T09:00:00Z,92.356,92.677,92.15,92.556,39127.0
2026-03-25T10:00:00Z,92.5773,92.697,92.397,92.657,26313.0
2026-03-25T11:00:00Z,92.636,93.49,92.456,92.986,71306.0
2026-03-25T12:00:00Z,92.987,93.447,92.346,93.036,75894.0
2026-03-25T13:00:00Z,93.057,93.417,92.682,92.757,57672.0
2026-03-25T14:00:00Z,92.726,92.906,91.905,91.945,74863.0
2026-03-25T15:00:00Z,91.966,92.077,91.015,91.775,124447.0
2026-03-25T16:00:00Z,91.776,92.727,91.595,92.216,88967.0
2026-03-25T17:00:00Z,92.227,92.347,91.605,91.695,62896.0
2026-03-25T18:00:00Z,91.715,92.197,91.455,91.706,38789.0
2026-03-25T19:00:00Z,91.706,91.996,91.425,91.766,22946.0
2026-03-25T20:00:00Z,91.776,91.776,91.145,91.495,21570.0
2026-03-25T21:00:00Z,91.485,91.636,91.165,91.276,14525.0
2026-03-25T22:00:00Z,91.306,91.938,91.025,91.726,11148.0
2026-03-25T23:00:00Z,91.756,91.826,91.465,91.695,6334.0
2026-03-26T00:00:00Z,91.685,91.956,91.485,91.675,10010.0
2026-03-26T01:00:00Z,91.676,91.947,91.635,91.826,12435.0
2026-03-26T02:00:00Z,91.8038,91.836,90.645,90.946,43160.0
2026-03-26T03:00:00Z,90.905,91.146,90.575,91.0524,41964.0
2026-03-26T04:00:00Z,91.045,91.045,90.655,90.795,18787.0
2026-03-26T05:00:00Z,90.795,90.836,89.091,89.234,103945.0
2026-03-26T06:00:00Z,89.2085,89.287,88.854,89.024,70393.0
2026-03-26T07:00:00Z,89.035,89.344,88.799,89.084,49938.0
2026-03-26T08:00:00Z,89.085,89.085,88.624,88.865,54129.0
2026-03-26T09:00:00Z,88.865,89.006,87.722,88.094,106688.0
2026-03-26T10:00:00Z,88.094,88.325,87.753,87.924,79420.0
2026-03-26T11:00:00Z,87.894,88.07,87.414,87.554,57537.0
2026-03-26T12:00:00Z,87.553,87.78,87.373,87.543,45492.0
2026-03-26T13:00:00Z,87.5452,88.215,87.3,87.904,79675.0
2026-03-26T14:00:00Z,87.923,88.154,87.144,87.52,79383.0
2026-03-26T15:00:00Z,87.52,87.794,86.7,87.514,79500.0
2026-03-26T16:00:00Z,87.5137,87.714,87.113,87.184,50588.0
2026-03-26T17:00:00Z,87.184,87.484,86.522,86.624,54542.0
2026-03-26T18:00:00Z,86.614,86.814,85.702,86.022,85233.0
2026-03-26T19:00:00Z,86.013,86.054,85.421,85.462,55368.0
2026-03-26T20:00:00Z,85.453,87.124,85.412,86.324,41293.0
2026-03-26T21:00:00Z,86.283,87.094,86.183,86.803,18317.0
2026-03-26T22:00:00Z,86.823,86.823,86.213,86.8,11417.0
2026-03-26T23:00:00Z,86.8,86.914,86.2222,86.534,8928.0
2026-03-27T00:00:00Z,86.534,86.77,86.173,86.523,14638.0
2026-03-27T01:00:00Z,86.554,86.8857,86.433,86.864,15783.0
2026-03-27T02:00:00Z,86.874,87.024,86.513,86.673,22935.0
2026-03-27T03:00:00Z,86.674,86.764,86.323,86.414,14971.0
2026-03-27T04:00:00Z,86.403,86.414,85.722,86.154,44261.0
2026-03-27T05:00:00Z,86.143,86.774,85.912,86.094,52764.0
2026-03-27T06:00:00Z,86.093,86.3778,85.929,86.054,26316.0
2026-03-27T07:00:00Z,86.074,86.334,85.672,85.913,45559.0
2026-03-27T08:00:00Z,85.902,86.124,84.352,85.082,105154.0
2026-03-27T09:00:00Z,85.102,85.236,84.402,85.042,66091.0
2026-03-27T10:00:00Z,85.053,85.143,82.601,82.982,117010.0
2026-03-27T11:00:00Z,83.0,83.596,82.6168,83.352,47509.0
2026-03-27T12:00:00Z,83.352,83.4,83.02,83.061,31731.0
2026-03-27T13:00:00Z,83.082,83.506,82.431,82.901,89724.0
2026-03-27T14:00:00Z,82.872,83.322,82.581,83.151,77752.0
2026-03-27T15:00:00Z,83.151,83.972,82.929,83.281,95156.0
2026-03-27T16:00:00Z,83.291,83.312,82.611,83.002,98463.0
2026-03-27T17:00:00Z,83.0,83.383,82.071,82.201,86512.0
2026-03-27T18:00:00Z,82.212,82.482,81.819,82.361,55565.0
2026-03-27T19:00:00Z,82.382,82.872,82.041,82.771,49482.0
2026-03-27T20:00:00Z,82.802,82.942,82.3498,82.761,27088.0
2026-03-27T21:00:00Z,82.762,83.019,82.671,82.692,17333.0
2026-03-27T22:00:00Z,82.691,82.813,82.501,82.701,7249.0
2026-03-27T23:00:00Z,82.7092,83.102,82.471,83.102,12140.0
2026-03-28T00:00:00Z,83.062,83.072,82.711,82.821,6258.0
2026-03-28T01:00:00Z,82.821,82.852,82.231,82.632,19216.0
2026-03-28T02:00:00Z,82.631,82.892,82.361,82.551,18199.0
2026-03-28T03:00:00Z,82.571,82.712,82.5,82.561,14504.0
2026-03-28T04:00:00Z,82.581,82.7579,82.381,82.552,19556.0
2026-03-28T05:00:00Z,82.552,82.772,82.351,82.742,25145.0
2026-03-28T06:00:00Z,82.701,83.262,82.641,83.152,45173.0
2026-03-28T07:00:00Z,83.141,83.623,83.141,83.581,42057.0
2026-03-28T08:00:00Z,83.581,83.672,83.341,83.372,37177.0
2026-03-28T09:00:00Z,83.371,83.371,82.901,83.042,57329.0
2026-03-28T10:00:00Z,83.042,83.332,82.7,83.001,61572.0
2026-03-28T11:00:00Z,83.012,83.054,82.891,82.921,22704.0
2026-03-28T12:00:00Z,82.941,83.202,82.582,82.682,68653.0
2026-03-28T13:00:00Z,82.671,84.133,82.671,83.362,82733.0
2026-03-28T14:00:00Z,83.352,83.512,82.961,83.212,68076.0
2026-03-28T15:00:00Z,83.222,84.283,83.171,83.791,83979.0
2026-03-28T16:00:00Z,83.8,83.932,83.449,83.542,48465.0
2026-03-28T17:00:00Z,83.5307,83.7037,83.111,83.282,48655.0
2026-03-28T18:00:00Z,83.302,83.503,83.261,83.341,28414.0
2026-03-28T19:00:00Z,83.341,83.412,83.0,83.262,20578.0
2026-03-28T20:00:00Z,83.282,83.492,83.271,83.412,5270.0
2026-03-28T21:00:00Z,83.382,83.412,82.321,82.682,29792.0
2026-03-28T22:00:00Z,82.651,82.892,82.451,82.771,11770.0
2026-03-28T23:00:00Z,82.721,82.742,81.67,82.031,37486.0
2026-03-29T00:00:00Z,82.031,82.252,81.83,82.192,10772.0
2026-03-29T01:00:00Z,82.181,82.482,82.061,82.442,19658.0
2026-03-29T02:00:00Z,82.442,82.824,82.371,82.7192,20654.0
2026-03-29T03:00:00Z,82.731,83.222,82.681,82.982,25306.0
2026-03-29T04:00:00Z,82.982,83.012,82.691,82.772,16879.0
2026-03-29T05:00:00Z,82.772,82.862,82.381,82.681,43119.0
2026-03-29T06:00:00Z,82.692,82.812,82.281,82.481,31067.0
2026-03-29T07:00:00Z,82.461,82.604,82.201,82.421,22242.0
2026-03-29T08:00:00Z,82.421,82.605,82.321,82.441,14131.0
2026-03-29T09:00:00Z,82.452,82.522,82.179,82.331,12711.0
2026-03-29T10:00:00Z,82.301,82.304,81.957,82.101,30058.0
2026-03-29T11:00:00Z,82.101,82.812,82.101,82.572,54030.0
2026-03-29T12:00:00Z,82.572,82.622,82.209,82.432,33276.0
2026-03-29T13:00:00Z,82.421,82.458,81.66,81.911,58722.0
2026-03-29T14:00:00Z,81.901,82.422,81.698,81.921,44349.0
2026-03-29T15:00:00Z,81.931,82.1189,81.33,81.79,62734.0
2026-03-29T16:00:00Z,81.801,82.113,81.585,81.66,52036.0
2026-03-29T17:00:00Z,81.69,81.831,81.12,81.54,61482.0
2026-03-29T18:00:00Z,81.551,81.902,81.37,81.77,31783.0
2026-03-29T19:00:00Z,81.791,81.871,81.53,81.6034,10200.0
2026-03-29T20:00:00Z,81.6,82.212,81.58,81.91,22295.0
2026-03-29T21:00:00Z,81.931,82.192,81.82,82.151,11130.0
2026-03-29T22:00:00Z,82.103,82.103,78.8649,80.901,91189.0
2026-03-29T23:00:00Z,80.881,81.66,80.86,81.379,27438.0
2026-03-30T00:00:00Z,81.481,82.972,81.11,81.861,54752.0
2026-03-30T01:00:00Z,81.891,82.87,81.891,82.702,31466.0
2026-03-30T02:00:00Z,82.75,83.941,82.461,83.331,64341.0
2026-03-30T03:00:00Z,83.342,83.512,82.951,83.231,32294.0
2026-03-30T04:00:00Z,83.281,83.85,83.261,83.781,31634.0
2026-03-30T05:00:00Z,83.782,84.163,83.481,83.621,42527.0
2026-03-30T06:00:00Z,83.5978,83.862,83.408,83.461,19667.0
2026-03-30T07:00:00Z,83.46,84.2907,83.37,84.022,27561.0
2026-03-30T08:00:00Z,84.011,84.9,84.001,84.523,51768.0
2026-03-30T09:00:00Z,84.512,84.523,84.112,84.143,30910.0
2026-03-30T10:00:00Z,84.123,84.213,83.64,83.911,35532.0
2026-03-30T11:00:00Z,83.901,84.653,83.879,84.253,47758.0
2026-03-30T12:00:00Z,84.3,84.6,84.122,84.492,46813.0
2026-03-30T13:00:00Z,84.5,84.995,83.93,83.991,74886.0
2026-03-30T14:00:00Z,84.0222,84.633,83.65,84.402,87097.0
2026-03-30T15:00:00Z,84.413,84.754,83.871,84.513,67413.0
2026-03-30T16:00:00Z,84.492,84.533,83.901,84.192,59108.0
2026-03-30T17:00:00Z,84.212,84.403,83.081,83.231,107376.0
2026-03-30T18:00:00Z,83.251,83.402,82.431,82.672,67860.0
2026-03-30T19:00:00Z,82.671,82.672,81.962,82.371,37993.0
2026-03-30T20:00:00Z,82.362,82.892,82.338,82.8,15978.0
2026-03-30T21:00:00Z,82.737,83.662,82.671,83.131,14612.0
2026-03-30T22:00:00Z,83.152,83.492,82.641,82.85,7420.0
2026-03-30T23:00:00Z,82.811,82.812,82.131,82.542,8717.0
2026-03-31T00:00:00Z,82.562,82.952,82.15,82.702,18081.0
2026-03-31T01:00:00Z,82.771,84.603,82.601,83.831,48588.0
2026-03-31T02:00:00Z,83.841,84.073,83.5736,83.832,24993.0
2026-03-31T03:00:00Z,83.811,83.922,83.2913,83.602,33619.0
2026-03-31T04:00:00Z,83.601,83.922,83.281,83.342,32679.0
2026-03-31T05:00:00Z,83.332,83.772,82.9,83.772,51356.0
2026-03-31T06:00:00Z,83.772,83.822,83.051,83.401,38965.0
2026-03-31T07:00:00Z,83.411,83.422,82.681,83.091,52291.0
2026-03-31T08:00:00Z,83.0915,83.332,82.221,82.231,69071.0
2026-03-31T09:00:00Z,82.241,82.462,80.01,80.541,115290.0
2026-03-31T10:00:00Z,80.5,80.921,80.308,80.441,87368.0
2026-03-31T11:00:00Z,80.441,80.9578,80.252,80.841,64726.0
2026-03-31T12:00:00Z,80.84,81.081,80.38,80.771,71196.0
2026-03-31T13:00:00Z,80.77,82.041,80.741,81.821,98070.0
2026-03-31T14:00:00Z,81.841,82.591,80.38,80.61,169267.0
2026-03-31T15:00:00Z,80.61,81.681,80.61,80.86,101489.0
2026-03-31T16:00:00Z,80.881,82.911,80.87,82.381,118811.0
2026-03-31T17:00:00Z,82.382,83.482,82.181,82.392,149507.0
2026-03-31T18:00:00Z,82.4,83.092,82.391,82.861,68214.0
2026-03-31T19:00:00Z,82.912,82.972,82.462,82.721,24967.0
2026-03-31T20:00:00Z,82.712,83.401,82.621,83.151,22456.0
2026-03-31T21:00:00Z,83.152,83.182,82.66,82.861,12983.0
2026-03-31T22:00:00Z,82.821,82.902,82.3271,82.781,10068.0
2026-03-31T23:00:00Z,82.791,83.242,82.661,83.171,11241.0
2026-04-01T00:00:00Z,83.192,83.592,82.852,83.392,27193.0
2026-04-01T01:00:00Z,83.422,83.462,82.721,82.731,36532.0
2026-04-01T02:00:00Z,82.751,82.902,82.481,82.642,21504.0
2026-04-01T03:00:00Z,82.682,83.5,82.671,83.442,49384.0
2026-04-01T04:00:00Z,83.452,83.842,83.251,83.741,40962.0
2026-04-01T05:00:00Z,83.752,84.313,83.359,84.132,60917.0
2026-04-01T06:00:00Z,84.142,84.723,84.03,84.432,62549.0
2026-04-01T07:00:00Z,84.4508,84.732,83.801,83.842,45907.0
2026-04-01T08:00:00Z,83.831,84.053,83.431,83.632,56137.0
2026-04-01T09:00:00Z,83.592,83.762,83.131,83.382,57252.0
2026-04-01T10:00:00Z,83.3817,83.482,83.051,83.361,33199.0
2026-04-01T11:00:00Z,83.372,83.561,83.151,83.361,24085.0
2026-04-01T12:00:00Z,83.341,83.722,82.771,83.022,69967.0
2026-04-01T13:00:00Z,83.021,83.442,82.3999,82.672,76011.0
2026-04-01T14:00:00Z,82.641,83.563,82.511,83.401,88458.0
2026-04-01T15:00:00Z,83.392,83.882,83.0899,83.642,73140.0
2026-04-01T16:00:00Z,83.632,85.304,83.05,85.222,162115.0
2026-04-01T17:00:00Z,85.233,86.616,84.242,84.413,209628.0
2026-04-01T18:00:00Z,84.422,84.442,83.531,83.632,90035.0
2026-04-01T19:00:00Z,83.641,84.363,83.631,83.832,38481.0
2026-04-01T20:00:00Z,83.852,83.872,82.32,82.592,55311.0
2026-04-01T21:00:00Z,82.582,83.193,81.388,81.86,74249.0
2026-04-01T22:00:00Z,81.85,81.951,80.76,81.161,57683.0
2026-04-01T23:00:00Z,81.2,81.45,81.02,81.18,22137.0
2026-04-02T00:00:00Z,81.18,81.761,80.91,81.571,28519.0
2026-04-02T01:00:00Z,81.57,81.57,78.946,79.32,131115.0
2026-04-02T02:00:00Z,79.289,79.312,78.278,78.85,69830.0
2026-04-02T03:00:00Z,78.829,79.38,78.669,78.97,51019.0
2026-04-02T04:00:00Z,78.99,79.18,78.719,78.82,33267.0
2026-04-02T05:00:00Z,78.84,79.3882,78.599,79.26,42868.0
2026-04-02T06:00:00Z,79.21,79.4183,78.929,79.12,29761.0
2026-04-02T07:00:00Z,79.11,79.65,78.989,79.619,36506.0
2026-04-02T08:00:00Z,79.6,79.6,79.029,79.11,27672.0
2026-04-02T09:00:00Z,79.11,79.36,78.934,79.249,28580.0
2026-04-02T10:00:00Z,79.24,79.31,78.778,78.88,37470.0
2026-04-02T11:00:00Z,78.879,78.982,78.194,78.3167,72542.0
2026-04-02T12:00:00Z,78.3167,78.59,77.888,77.979,77552.0
2026-04-02T13:00:00Z,77.978,78.25,76.678,77.718,121497.0
2026-04-02T14:00:00Z,77.739,79.7,77.5,79.069,159230.0
2026-04-02T15:00:00Z,79.069,79.25,78.35,79.05,108166.0
2026-04-02T16:00:00Z,79.05,79.892,78.708,79.429,82454.0
2026-04-02T17:00:00Z,79.409,79.68,78.559,78.6,85939.0
2026-04-02T18:00:00Z,78.6,79.28,78.419,79.14,60267.0
2026-04-02T19:00:00Z,79.149,79.25,78.699,78.98,35724.0
2026-04-02T20:00:00Z,78.97,79.37,78.779,79.17,25700.0
2026-04-02T21:00:00Z,79.18,79.2345,78.629,78.97,15911.0
2026-04-02T22:00:00Z,78.94,79.12,78.719,78.969,4319.0
2026-04-02T23:00:00Z,78.97,79.142,78.809,78.93,2290.0
2026-04-03T00:00:00Z,78.979,79.39,78.869,79.213,15236.0
2026-04-03T01:00:00Z,79.209,79.799,78.988,79.159,32356.0
2026-04-03T02:00:00Z,79.139,79.6,78.8423,79.349,45259.0
2026-04-03T03:00:00Z,79.349,79.44,79.0,79.0,18667.0
2026-04-03T04:00:00Z,79.0,79.544,78.989,79.31,27833.0
2026-04-03T05:00:00Z,79.33,79.65,79.057,79.32,26885.0
2026-04-03T06:00:00Z,79.349,79.7,79.2,79.65,26782.0
2026-04-03T07:00:00Z,79.639,80.161,79.429,79.94,48380.0
2026-04-03T08:00:00Z,79.95,80.131,79.625,79.749,48560.0
2026-04-03T09:00:00Z,79.7562,80.213,79.679,79.96,37720.0
2026-04-03T10:00:00Z,79.96,80.182,79.689,80.16,41022.0
2026-04-03T11:00:00Z,80.16,80.461,79.879,80.171,53153.0
2026-04-03T12:00:00Z,80.16,80.901,79.219,79.329,103717.0
2026-04-03T13:00:00Z,79.329,79.63,79.169,79.619,69418.0
2026-04-03T14:00:00Z,79.619,80.333,79.429,80.26,91109.0
2026-04-03T15:00:00Z,80.24,80.663,80.151,80.33,100086.0
2026-04-03T16:00:00Z,80.33,80.661,80.23,80.5686,48620.0
2026-04-03T17:00:00Z,80.55,80.561,79.889,80.2,59144.0
2026-04-03T18:00:00Z,80.18,80.451,80.08,80.12,27983.0
2026-04-03T19:00:00Z,80.13,80.291,79.857,80.17,31713.0
2026-04-03T20:00:00Z,80.191,80.321,80.16,80.18,9214.0
2026-04-03T21:00:00Z,80.201,80.691,80.107,80.42,18421.0
2026-04-03T22:00:00Z,80.43,80.471,79.937,80.141,17292.0
2026-04-03T23:00:00Z,80.14,80.531,80.12,80.391,6729.0
2026-04-04T00:00:00Z,80.381,80.381,80.14,80.231,4454.0
2026-04-04T01:00:00Z,80.231,80.311,80.04,80.13,10024.0
2026-04-04T02:00:00Z,80.11,80.282,80.06,80.171,14449.0
2026-04-04T03:00:00Z,80.1891,80.271,80.15,80.171,12025.0
2026-04-04T04:00:00Z,80.16,80.311,80.14,80.251,12794.0
2026-04-04T05:00:00Z,80.24,80.271,80.1,80.171,15012.0
2026-04-04T06:00:00Z,80.18,80.541,80.13,80.4572,25453.0
2026-04-04T07:00:00Z,80.4572,80.47,80.196,80.321,28571.0
2026-04-04T08:00:00Z,80.3,80.391,79.909,79.97,34588.0
2026-04-04T09:00:00Z,79.959,80.091,79.8941,80.03,18695.0
2026-04-04T10:00:00Z,80.019,80.29,79.999,80.231,24919.0
2026-04-04T11:00:00Z,80.221,80.27,80.019,80.191,17858.0
2026-04-04T12:00:00Z,80.18,80.245,80.0,80.08,15616.0
2026-04-04T13:00:00Z,80.081,80.221,79.909,80.02,19587.0
2026-04-04T14:00:00Z,80.02,80.3843,79.5953,80.36,61368.0
2026-04-04T15:00:00Z,80.36,81.651,80.28,81.101,124019.0
2026-04-04T16:00:00Z,81.1,81.341,80.739,80.751,72866.0
2026-04-04T17:00:00Z,80.74,81.031,80.65,80.931,37613.0
2026-04-04T18:00:00Z,80.92,81.131,80.715,80.831,25991.0
2026-04-04T19:00:00Z,80.831,81.293,80.74,80.83,20371.0
2026-04-04T20:00:00Z,80.83,80.841,80.6,80.77,19342.0
2026-04-04T21:00:00Z,80.841,81.02,80.75,80.91,10883.0
2026-04-04T22:00:00Z,80.911,81.061,80.87,81.001,7197.0
2026-04-04T23:00:00Z,80.97,80.97,80.7,80.84,5352.0
2026-04-05T00:00:00Z,80.84,80.84,80.5449,80.6812,13677.0
2026-04-05T01:00:00Z,80.6812,80.791,80.479,80.49,18723.0
2026-04-05T02:00:00Z,80.48,80.631,80.36,80.581,20267.0
2026-04-05T03:00:00Z,80.581,80.605,80.4,80.551,14643.0
2026-04-05T04:00:00Z,80.551,80.561,80.27,80.321,19495.0
2026-04-05T05:00:00Z,80.321,80.411,80.117,80.291,25641.0
2026-04-05T06:00:00Z,80.291,80.371,79.377,79.579,87143.0
2026-04-05T07:00:00Z,79.579,79.88,79.5151,79.58,24570.0
2026-04-05T08:00:00Z,79.559,79.7,79.529,79.61,15520.0
2026-04-05T09:00:00Z,79.6411,79.861,79.639,79.819,21161.0
2026-04-05T10:00:00Z,79.83,80.241,79.769,79.829,27162.0
2026-04-05T11:00:00Z,79.8255,79.9159,79.739,79.91,15707.0
2026-04-05T12:00:00Z,79.899,79.952,78.782,78.989,84013.0
2026-04-05T13:00:00Z,78.989,79.236,78.4985,79.2,71859.0
2026-04-05T14:00:00Z,79.19,79.482,79.139,79.279,56960.0
2026-04-05T15:00:00Z,79.259,80.33,78.969,79.589,116521.0
2026-04-05T16:00:00Z,79.61,79.81,79.379,79.449,50876.0
2026-04-05T17:00:00Z,79.47,79.92,79.359,79.879,46465.0
2026-04-05T18:00:00Z,79.879,80.122,79.719,79.929,36730.0
2026-04-05T19:00:00Z,79.96,80.231,79.518,79.82,45551.0
2026-04-05T20:00:00Z,79.82,80.22,79.799,80.14,22539.0
2026-04-05T21:00:00Z,80.171,80.191,79.489,79.709,11017.0
2026-04-05T22:00:00Z,79.709,80.701,79.1,80.569,37052.0
2026-04-05T23:00:00Z,80.681,82.126,80.46,81.9,67773.0
2026-04-06T00:00:00Z,81.911,82.971,81.911,82.331,59807.0
2026-04-06T01:00:00Z,82.342,82.442,81.678,81.7,36283.0
2026-04-06T02:00:00Z,81.701,82.821,81.66,82.461,50420.0
2026-04-06T03:00:00Z,82.421,82.491,81.949,82.112,31777.0
2026-04-06T04:00:00Z,82.12,82.3576,81.8,82.0,28088.0
2026-04-06T05:00:00Z,82.021,82.092,81.84,81.911,22175.0
2026-04-06T06:00:00Z,81.9,82.142,80.96,81.48,57986.0
2026-04-06T07:00:00Z,81.491,81.961,81.34,81.8,36001.0
2026-04-06T08:00:00Z,81.831,82.257,81.699,81.99,52887.0
2026-04-06T09:00:00Z,82.0,83.212,81.92,82.461,81677.0
2026-04-06T10:00:00Z,82.482,82.9,82.482,82.692,36939.0
2026-04-06T11:00:00Z,82.6784,82.6784,82.321,82.442,31965.0
2026-04-06T12:00:00Z,82.431,82.522,82.2,82.281,34026.0
2026-04-06T13:00:00Z,82.292,82.662,82.18,82.473,41238.0
2026-04-06T14:00:00Z,82.431,82.824,81.719,82.221,81999.0
2026-04-06T15:00:00Z,82.211,82.452,81.99,82.292,53357.0
2026-04-06T16:00:00Z,82.2593,82.482,81.57,81.6,61995.0
2026-04-06T17:00:00Z,81.6,81.791,81.17,81.651,79635.0
2026-04-06T18:00:00Z,81.651,82.222,81.54,81.87,57625.0
2026-04-06T19:00:00Z,81.861,81.961,81.55,81.921,18726.0
2026-04-06T20:00:00Z,81.91,82.142,81.81,81.98,17802.0
2026-04-06T21:00:00Z,81.92,81.971,81.3842,81.481,12668.0
2026-04-06T22:00:00Z,81.421,81.511,80.15,80.161,46312.0
2026-04-06T23:00:00Z,80.151,80.231,79.568,80.02,61247.0
2026-04-07T00:00:00Z,80.0,80.201,79.579,79.859,49463.0
2026-04-07T01:00:00Z,79.839,80.121,79.35,79.489,37643.0
2026-04-07T02:00:00Z,79.469,79.89,79.45,79.69,28232.0
2026-04-07T03:00:00Z,79.7,79.88,79.669,79.78,11737.0
2026-04-07T04:00:00Z,79.753,80.151,79.639,79.889,21933.0
2026-04-07T05:00:00Z,79.89,79.95,79.429,79.579,36960.0
2026-04-07T06:00:00Z,79.559,79.64,79.278,79.519,27301.0
2026-04-07T07:00:00Z,79.5062,79.93,79.429,79.849,21649.0
2026-04-07T08:00:00Z,79.86,80.341,79.81,80.13,50612.0
2026-04-07T09:00:00Z,80.13,80.591,80.13,80.37,45492.0
2026-04-07T10:00:00Z,80.381,80.44,79.2,79.37,89134.0
2026-04-07T11:00:00Z,79.38,79.54,78.929,79.21,77974.0
2026-04-07T12:00:00Z,79.21,79.361,78.659,79.14,61622.0
2026-04-07T13:00:00Z,79.129,79.24,78.829,78.89,40990.0
2026-04-07T14:00:00Z,78.89,79.064,78.369,78.569,98930.0
2026-04-07T15:00:00Z,78.6,78.99,78.359,78.859,60583.0
2026-04-07T16:00:00Z,78.86,79.19,78.636,78.9,52248.0
2026-04-07T17:00:00Z,78.8825,81.022,78.829,80.081,143446.0
2026-04-07T18:00:00Z,80.1,80.211,79.519,79.94,61161.0
2026-04-07T19:00:00Z,79.889,81.841,79.889,81.641,111703.0
2026-04-07T20:00:00Z,81.67,82.416,81.661,81.951,68203.0
2026-04-07T21:00:00Z,81.94,83.242,81.88,82.932,63572.0
2026-04-07T22:00:00Z,82.982,85.259,82.961,85.259,86588.0
2026-04-07T23:00:00Z,85.272,87.053,85.122,85.583,103402.0
2026-04-08T00:00:00Z,85.593,85.913,84.291,84.793,74520.0
2026-04-08T01:00:00Z,84.823,84.9998,84.462,84.7008,40649.0
2026-04-08T02:00:00Z,84.702,84.983,84.422,84.623,33297.0
2026-04-08T03:00:00Z,84.623,84.703,84.4,84.562,27630.0
2026-04-08T04:00:00Z,84.583,85.051,84.502,84.522,40396.0
2026-04-08T05:00:00Z,84.523,84.773,84.171,84.233,33458.0
2026-04-08T06:00:00Z,84.222,84.74,83.9,84.552,55858.0
2026-04-08T07:00:00Z,84.573,84.733,84.232,84.512,26168.0
2026-04-08T08:00:00Z,84.543,84.883,84.442,84.872,21899.0
2026-04-08T09:00:00Z,84.873,84.983,84.55,84.683,25292.0
2026-04-08T10:00:00Z,84.683,84.813,84.486,84.523,18939.0
2026-04-08T11:00:00Z,84.52,84.863,84.152,84.462,40082.0
2026-04-08T12:00:00Z,84.473,84.6805,84.11,84.542,34650.0
2026-04-08T13:00:00Z,84.543,84.992,83.911,84.072,69654.0
2026-04-08T14:00:00Z,84.062,84.15,82.511,82.912,158464.0
2026-04-08T15:00:00Z,82.901,83.474,82.8,83.341,84977.0
2026-04-08T16:00:00Z,83.329,83.6187,83.06,83.491,57228.0
2026-04-08T17:00:00Z,83.5,84.2,83.3182,83.972,78733.0
2026-04-08T18:00:00Z,83.99,84.032,82.811,82.931,81139.0
2026-04-08T19:00:00Z,82.91,83.213,82.781,83.191,30138.0
2026-04-08T20:00:00Z,83.192,83.372,83.041,83.272,22583.0
2026-04-08T21:00:00Z,83.232,83.613,83.191,83.382,8127.0
2026-04-08T22:00:00Z,83.342,83.342,82.599,82.632,19593.0
2026-04-08T23:00:00Z,82.6011,83.022,82.241,82.602,27992.0
2026-04-09T00:00:00Z,82.572,82.662,82.061,82.212,24020.0
2026-04-09T01:00:00Z,82.2,82.322,81.689,82.211,44723.0
2026-04-09T02:00:00Z,82.222,82.432,82.062,82.121,34779.0
2026-04-09T03:00:00Z,82.111,82.172,81.9,82.0305,20779.0
2026-04-09T04:00:00Z,82.0,82.033,81.82,81.841,21405.0
2026-04-09T05:00:00Z,81.84,82.322,81.75,82.141,32302.0
2026-04-09T06:00:00Z,82.17,82.352,81.84,82.172,16353.0
2026-04-09T07:00:00Z,82.172,82.4723,82.172,82.282,21733.0
2026-04-09T08:00:00Z,82.271,82.65,82.151,82.472,32565.0
2026-04-09T09:00:00Z,82.461,82.682,82.131,82.591,28821.0
2026-04-09T10:00:00Z,82.592,82.662,82.361,82.582,24595.0
2026-04-09T11:00:00Z,82.551,82.722,82.02,82.171,37069.0
2026-04-09T12:00:00Z,82.171,82.362,81.987,82.261,29197.0
2026-04-09T13:00:00Z,82.291,82.412,81.578,81.86,60972.0
2026-04-09T14:00:00Z,81.88,82.322,81.42,82.192,80223.0
2026-04-09T15:00:00Z,82.181,83.922,81.9,83.762,168084.0
2026-04-09T16:00:00Z,83.731,84.243,82.919,83.682,135782.0
2026-04-09T17:00:00Z,83.672,84.693,83.67,84.642,114434.0
2026-04-09T18:00:00Z,84.653,84.713,83.45,83.861,93640.0
2026-04-09T19:00:00Z,83.831,84.313,83.421,84.153,51552.0
2026-04-09T20:00:00Z,84.143,84.543,84.102,84.282,26416.0
2026-04-09T21:00:00Z,84.273,84.744,84.152,84.262,26063.0
2026-04-09T22:00:00Z,84.312,85.955,83.961,83.982,56823.0
2026-04-09T23:00:00Z,84.0,84.053,83.15,83.322,28761.0
2026-04-10T00:00:00Z,83.332,83.332,82.9,83.121,27368.0
2026-04-10T01:00:00Z,83.102,83.782,82.821,83.171,37841.0
2026-04-10T02:00:00Z,83.151,83.452,83.041,83.25,16840.0
2026-04-10T03:00:00Z,83.262,83.272,82.711,82.881,29958.0
2026-04-10T04:00:00Z,82.881,83.522,82.881,83.312,22341.0
2026-04-10T05:00:00Z,83.362,83.592,83.1,83.3975,26550.0
2026-04-10T06:00:00Z,83.3975,83.473,83.111,83.191,19667.0
2026-04-10T07:00:00Z,83.202,83.272,82.861,82.961,39449.0
2026-04-10T08:00:00Z,82.972,83.122,82.7,82.922,27388.0
2026-04-10T09:00:00Z,82.912,83.592,82.909,83.532,31293.0
2026-04-10T10:00:00Z,83.532,83.542,83.101,83.302,40946.0
2026-04-10T11:00:00Z,83.302,83.742,83.291,83.521,53436.0
2026-04-10T12:00:00Z,83.532,84.433,83.361,84.103,81587.0
2026-04-10T13:00:00Z,84.113,84.393,83.58,84.262,63439.0
2026-04-10T14:00:00Z,84.25,85.243,84.191,85.1,119042.0
2026-04-10T15:00:00Z,85.092,85.583,84.072,84.243,117900.0
2026-04-10T16:00:00Z,84.243,84.913,84.122,84.832,69832.0
2026-04-10T17:00:00Z,84.833,84.903,84.462,84.862,44658.0
2026-04-10T18:00:00Z,84.873,85.263,84.61,85.223,48948.0
2026-04-10T19:00:00Z,85.212,85.483,85.1,85.452,38485.0
2026-04-10T20:00:00Z,85.452,85.65,85.052,85.442,36337.0
2026-04-10T21:00:00Z,85.402,85.453,84.962,85.222,31134.0
2026-04-10T22:00:00Z,85.213,85.273,84.65,84.862,12136.0
2026-04-10T23:00:00Z,84.873,84.953,84.75,84.822,5923.0
2026-04-11T00:00:00Z,84.853,84.853,84.522,84.683,16244.0
2026-04-11T01:00:00Z,84.662,84.723,84.391,84.663,16077.0
2026-04-11T02:00:00Z,84.662,84.933,84.582,84.8,14399.0
2026-04-11T03:00:00Z,84.802,84.893,84.312,84.383,26324.0
2026-04-11T04:00:00Z,84.4,84.613,84.203,84.373,24405.0
2026-04-11T05:00:00Z,84.383,84.403,84.072,84.093,26242.0
2026-04-11T06:00:00Z,84.082,84.153,83.8753,84.123,39802.0
2026-04-11T07:00:00Z,84.122,84.344,84.072,84.263,23918.0
2026-04-11T08:00:00Z,84.273,84.425,84.152,84.163,19171.0
2026-04-11T09:00:00Z,84.15,84.7971,84.139,84.493,42734.0
2026-04-11T10:00:00Z,84.503,84.513,83.949,84.042,44283.0
2026-04-11T11:00:00Z,84.031,84.265,83.786,84.222,46033.0
2026-04-11T12:00:00Z,84.233,84.513,84.052,84.213,35186.0
2026-04-11T13:00:00Z,84.223,84.313,83.819,84.1,40348.0
2026-04-11T14:00:00Z,84.1,84.423,84.021,84.372,19176.0
2026-04-11T15:00:00Z,84.383,84.873,84.252,84.662,41153.0
2026-04-11T16:00:00Z,84.673,85.373,84.602,84.972,66136.0
2026-04-11T17:00:00Z,84.983,85.013,84.681,84.813,38578.0
2026-04-11T18:00:00Z,84.783,85.8058,84.632,85.493,77892.0
2026-04-11T19:00:00Z,85.5,86.274,85.412,86.033,73591.0
2026-04-11T20:00:00Z,86.022,86.094,85.122,85.424,43923.0
2026-04-11T21:00:00Z,85.42,85.553,85.202,85.332,14126.0
2026-04-11T22:00:00Z,85.3049,86.172,85.06,85.272,21247.0
2026-04-11T23:00:00Z,85.2582,85.2582,84.502,84.922,41310.0
2026-04-12T00:00:00Z,84.893,85.003,84.732,84.9,16292.0
2026-04-12T01:00:00Z,84.9,84.973,82.0228,82.292,104502.0
2026-04-12T02:00:00Z,82.28,82.952,81.8752,82.662,83102.0
2026-04-12T03:00:00Z,82.641,82.784,82.311,82.311,39203.0
2026-04-12T04:00:00Z,82.3044,82.462,82.141,82.201,26740.0
2026-04-12T05:00:00Z,82.212,82.45,82.051,82.392,33038.0
2026-04-12T06:00:00Z,82.382,82.487,82.188,82.25,19736.0
2026-04-12T07:00:00Z,82.25,82.442,82.221,82.282,12291.0
2026-04-12T08:00:00Z,82.28,82.28,82.14,82.28,19716.0
2026-04-12T09:00:00Z,82.271,82.392,82.121,82.202,13809.0
2026-04-12T10:00:00Z,82.202,82.312,81.94,82.03,26236.0
2026-04-12T11:00:00Z,82.03,82.372,81.94,82.211,18922.0
2026-04-12T12:00:00Z,82.182,82.542,81.87,82.01,29111.0
2026-04-12T13:00:00Z,82.031,82.232,81.748,81.891,45140.0
2026-04-12T14:00:00Z,81.89,82.102,81.27,81.561,57805.0
2026-04-12T15:00:00Z,81.561,81.821,81.3031,81.591,35252.0
2026-04-12T16:00:00Z,81.58,81.88,81.52,81.871,25962.0
2026-04-12T17:00:00Z,81.86,81.8967,81.85,81.851,1157.0
2026-04-12T18:00:00Z,81.851,81.851,81.851,81.851,0.0
2026-04-12T19:00:00Z,82.187,82.232,81.909,81.971,20993.0
2026-04-12T20:00:00Z,81.98,82.881,81.92,82.681,26884.0
2026-04-12T21:00:00Z,82.681,82.8888,82.441,82.82,18026.0
2026-04-12T22:00:00Z,82.82,82.82,81.36,81.991,26306.0
2026-04-12T23:00:00Z,81.91,81.91,81.3,81.531,17927.0
2026-04-13T00:00:00Z,81.531,82.22,81.399,82.142,17726.0
2026-04-13T01:00:00Z,82.142,82.342,81.96,82.322,16999.0
2026-04-13T02:00:00Z,82.322,82.442,81.869,81.921,18005.0
2026-04-13T03:00:00Z,81.92,82.062,81.74,81.921,15019.0
2026-04-13T04:00:00Z,81.94,82.252,81.85,81.9,19648.0
2026-04-13T05:00:00Z,81.9,81.976,81.52,81.8,21676.0
2026-04-13T06:00:00Z,81.841,82.602,81.81,82.351,48176.0
2026-04-13T07:00:00Z,82.352,82.402,81.848,82.172,24071.0
2026-04-13T08:00:00Z,82.151,82.293,81.72,81.85,18309.0
2026-04-13T09:00:00Z,81.861,82.212,81.789,81.86,23224.0
2026-04-13T10:00:00Z,81.861,81.9605,81.66,81.721,24831.0
2026-04-13T11:00:00Z,81.7998,82.052,81.69,81.85,21103.0
2026-04-13T12:00:00Z,81.871,82.801,81.81,82.541,74856.0
2026-04-13T13:00:00Z,82.561,83.693,82.3,83.601,94747.0
2026-04-13T14:00:00Z,83.611,83.822,82.77,83.802,82076.0
2026-04-13T15:00:00Z,83.7686,83.812,82.35,82.672,91593.0
2026-04-13T16:00:00Z,82.672,83.623,82.3711,83.382,90132.0
2026-04-13T17:00:00Z,83.371,83.862,83.02,83.061,74621.0
2026-04-13T18:00:00Z,83.061,83.292,82.5892,83.221,53063.0
2026-04-13T19:00:00Z,83.2,84.274,83.101,84.122,69010.0
2026-04-13T20:00:00Z,84.132,84.382,83.8457,83.942,28939.0
2026-04-13T21:00:00Z,83.951,84.143,83.849,84.011,10743.0
2026-04-13T22:00:00Z,83.962,86.5,83.961,86.233,102366.0
2026-04-13T23:00:00Z,86.25,86.814,85.9365,86.544,58230.0
2026-04-14T00:00:00Z,86.573,86.765,85.822,85.933,43168.0
2026-04-14T01:00:00Z,85.922,86.144,85.692,85.972,22410.0
2026-04-14T02:00:00Z,85.973,86.42,85.892,86.253,30673.0
2026-04-14T03:00:00Z,86.24,86.283,86.0,86.063,18838.0
2026-04-14T04:00:00Z,86.063,86.064,85.582,85.922,37171.0
2026-04-14T05:00:00Z,85.923,85.943,85.462,85.522,28861.0
2026-04-14T06:00:00Z,85.522,86.1,85.522,85.9728,37446.0
2026-04-14T07:00:00Z,85.973,86.21,85.802,85.9,32368.0
2026-04-14T08:00:00Z,85.913,86.38,85.732,86.144,39393.0
2026-04-14T09:00:00Z,86.133,86.264,85.992,86.104,19575.0
2026-04-14T10:00:00Z,86.1,86.564,86.012,86.022,42437.0
2026-04-14T11:00:00Z,86.0,86.094,85.62,85.783,58280.0
2026-04-14T12:00:00Z,85.833,86.003,85.6012,85.963,35553.0
2026-04-14T13:00:00Z,85.963,87.434,85.922,87.324,127970.0
2026-04-14T14:00:00Z,87.354,87.674,86.012,86.022,139294.0
2026-04-14T15:00:00Z,86.0,86.307,85.242,85.973,110234.0
2026-04-14T16:00:00Z,85.942,86.164,84.792,85.043,108877.0
2026-04-14T17:00:00Z,85.013,85.463,84.702,85.242,85252.0
2026-04-14T18:00:00Z,85.28,85.4281,83.879,84.093,86671.0
2026-04-14T19:00:00Z,84.0867,84.323,83.73,83.942,46646.0
2026-04-14T20:00:00Z,83.931,84.144,83.411,83.602,34919.0
2026-04-14T21:00:00Z,83.632,83.962,83.541,83.812,15994.0
2026-04-14T22:00:00Z,83.691,83.922,83.311,83.512,14598.0
2026-04-14T23:00:00Z,83.491,84.042,83.472,83.711,11339.0
2026-04-15T00:00:00Z,83.712,84.053,83.551,83.772,13735.0
2026-04-15T01:00:00Z,83.772,84.012,83.557,83.912,17796.0
2026-04-15T02:00:00Z,83.902,84.0,83.121,83.381,40415.0
2026-04-15T03:00:00Z,83.392,83.512,83.271,83.441,17781.0
2026-04-15T04:00:00Z,83.4382,83.652,83.331,83.582,23848.0
2026-04-15T05:00:00Z,83.6499,83.782,82.941,83.111,47256.0
2026-04-15T06:00:00Z,83.112,83.132,82.85,83.012,22311.0
2026-04-15T07:00:00Z,83.012,83.212,82.65,82.922,35364.0
2026-04-15T08:00:00Z,82.912,83.273,82.7275,83.122,31014.0
2026-04-15T09:00:00Z,83.122,83.232,82.861,83.161,14248.0
2026-04-15T10:00:00Z,83.132,83.63,82.9084,83.142,40390.0
2026-04-15T11:00:00Z,83.171,83.672,83.041,83.581,26846.0
2026-04-15T12:00:00Z,83.572,83.872,83.371,83.691,34249.0
2026-04-15T13:00:00Z,83.6833,83.812,83.231,83.642,57528.0
2026-04-15T14:00:00Z,83.632,84.503,83.399,84.282,112434.0
2026-04-15T15:00:00Z,84.3283,84.483,83.498,84.012,105365.0
2026-04-15T16:00:00Z,83.991,84.718,83.9,84.542,80277.0
2026-04-15T17:00:00Z,84.542,85.165,84.442,84.713,81767.0
2026-04-15T18:00:00Z,84.702,85.073,84.592,85.043,38825.0
2026-04-15T19:00:00Z,85.033,85.832,84.942,85.573,64795.0
2026-04-15T20:00:00Z,85.576,85.583,84.632,84.823,35494.0
2026-04-15T21:00:00Z,84.762,84.893,84.222,84.782,20407.0
2026-04-15T22:00:00Z,84.86,85.623,84.782,85.032,15623.0
2026-04-15T23:00:00Z,85.0,85.033,84.652,84.892,8244.0
2026-04-16T00:00:00Z,84.892,85.073,84.5,84.943,13870.0
2026-04-16T01:00:00Z,84.9406,84.95,84.472,84.863,19410.0
2026-04-16T02:00:00Z,84.863,85.5833,84.712,85.123,32887.0
2026-04-16T03:00:00Z,85.121,85.523,85.1,85.292,17758.0
2026-04-16T04:00:00Z,85.2456,85.563,84.982,85.232,22541.0
2026-04-16T05:00:00Z,85.232,85.533,85.042,85.382,16963.0
2026-04-16T06:00:00Z,85.423,85.543,85.181,85.462,18649.0
2026-04-16T07:00:00Z,85.462,85.643,85.102,85.192,27938.0
2026-04-16T08:00:00Z,85.193,85.303,84.8948,85.043,38433.0
2026-04-16T09:00:00Z,85.032,85.504,84.951,85.193,35165.0
2026-04-16T10:00:00Z,85.193,85.243,84.601,85.042,59867.0
2026-04-16T11:00:00Z,85.043,85.183,84.932,85.073,13457.0
2026-04-16T12:00:00Z,85.073,85.503,85.063,85.372,27056.0
2026-04-16T13:00:00Z,85.383,86.28,83.791,84.793,145139.0
2026-04-16T14:00:00Z,84.752,85.713,84.042,85.382,111601.0
2026-04-16T15:00:00Z,85.399,87.133,85.332,86.613,152761.0
2026-04-16T16:00:00Z,86.643,87.094,85.622,85.932,80560.0
2026-04-16T17:00:00Z,85.963,86.804,85.702,86.653,62437.0
2026-04-16T18:00:00Z,86.653,89.086,86.5372,88.984,183602.0
2026-04-16T19:00:00Z,89.015,90.137,88.674,90.096,107096.0
2026-04-16T20:00:00Z,90.126,90.53,89.274,89.594,76847.0
2026-04-16T21:00:00Z,89.594,89.766,88.733,88.934,34473.0
2026-04-16T22:00:00Z,89.0,89.475,88.884,89.025,16662.0
2026-04-16T23:00:00Z,88.945,89.225,88.834,89.095,8513.0
2026-04-17T00:00:00Z,89.085,89.195,88.6,88.814,19407.0
2026-04-17T01:00:00Z,88.814,89.025,87.923,88.25,40135.0
2026-04-17T02:00:00Z,88.25,88.375,87.553,87.874,37233.0
2026-04-17T03:00:00Z,87.864,87.974,87.4776,87.693,32042.0
2026-04-17T04:00:00Z,87.704,88.285,87.683,87.953,31854.0
2026-04-17T05:00:00Z,87.983,87.994,87.383,87.383,39525.0
2026-04-17T06:00:00Z,87.403,88.085,87.353,88.0,33135.0
2026-04-17T07:00:00Z,88.013,88.48,87.973,88.134,38022.0
2026-04-17T08:00:00Z,88.144,89.075,88.114,88.944,61869.0
2026-04-17T09:00:00Z,88.945,89.515,88.303,88.705,72378.0
2026-04-17T10:00:00Z,88.705,88.735,87.35,87.673,70332.0
2026-04-17T11:00:00Z,87.664,88.315,87.613,88.194,49145.0
2026-04-17T12:00:00Z,88.214,88.905,87.9043,88.875,60095.0
2026-04-17T13:00:00Z,88.844,90.526,88.564,90.116,186436.0
2026-04-17T14:00:00Z,90.146,90.756,89.6439,90.014,132565.0
2026-04-17T15:00:00Z,90.015,90.186,89.484,89.955,84965.0
2026-04-17T16:00:00Z,89.9445,90.595,89.9,90.425,75855.0
2026-04-17T17:00:00Z,90.436,90.436,89.084,89.734,94241.0
2026-04-17T18:00:00Z,89.795,89.845,88.883,89.154,67202.0
2026-04-17T19:00:00Z,89.184,89.505,88.924,89.1955,30997.0
2026-04-17T20:00:00Z,89.224,89.3516,88.503,89.005,22799.0
2026-04-17T21:00:00Z,88.995,89.275,88.784,89.145,13600.0
2026-04-17T22:00:00Z,89.124,89.465,88.934,89.214,8407.0
2026-04-17T23:00:00Z,89.18,89.18,88.474,88.754,12625.0
2026-04-18T00:00:00Z,88.744,89.135,88.654,88.914,9310.0
2026-04-18T01:00:00Z,88.965,89.165,88.674,88.855,12141.0
2026-04-18T02:00:00Z,88.844,89.095,88.664,88.914,14143.0
2026-04-18T03:00:00Z,88.885,88.886,88.215,88.294,23664.0
2026-04-18T04:00:00Z,88.324,88.545,88.224,88.344,20372.0
2026-04-18T05:00:00Z,88.34,88.625,88.154,88.384,32244.0
2026-04-18T06:00:00Z,88.384,88.6,88.302,88.484,18910.0
2026-04-18T07:00:00Z,88.485,88.545,88.292,88.445,16447.0
2026-04-18T08:00:00Z,88.455,88.495,87.098,87.544,109691.0
2026-04-18T09:00:00Z,87.544,87.664,87.133,87.614,46445.0
2026-04-18T10:00:00Z,87.603,87.623,86.752,86.964,58729.0
2026-04-18T11:00:00Z,86.964,86.964,86.28,86.534,63361.0
2026-04-18T12:00:00Z,86.534,86.954,86.493,86.873,34678.0
2026-04-18T13:00:00Z,86.883,86.965,86.402,86.733,39481.0
2026-04-18T14:00:00Z,86.753,86.86,86.443,86.824,30468.0
2026-04-18T15:00:00Z,86.803,86.964,86.554,86.754,29258.0
2026-04-18T16:00:00Z,86.754,86.976,86.453,86.694,29859.0
2026-04-18T17:00:00Z,86.654,86.825,86.51,86.733,17454.0
2026-04-18T18:00:00Z,86.733,86.744,85.763,85.943,65654.0
2026-04-18T19:00:00Z,85.932,86.28,85.922,86.103,25017.0
2026-04-18T20:00:00Z,86.114,86.304,86.002,86.224,13447.0
2026-04-18T21:00:00Z,86.164,86.255,86.032,86.2,8018.0
2026-04-18T22:00:00Z,86.173,86.354,85.901,86.294,9120.0
2026-04-18T23:00:00Z,86.2863,86.4528,86.123,86.125,7793.0
2026-04-19T00:00:00Z,86.154,86.374,85.852,86.013,11118.0
2026-04-19T01:00:00Z,86.013,86.214,85.579,85.743,31677.0
2026-04-19T02:00:00Z,85.742,85.863,85.252,85.522,43874.0
2026-04-19T03:00:00Z,85.522,85.783,85.31,85.582,27064.0
2026-04-19T04:00:00Z,85.582,85.953,84.6486,85.573,49932.0
2026-04-19T05:00:00Z,85.573,85.783,85.382,85.471,24243.0
2026-04-19T06:00:00Z,85.462,85.653,85.1266,85.432,35168.0
2026-04-19T07:00:00Z,85.426,85.426,84.401,84.863,92772.0
2026-04-19T08:00:00Z,84.822,85.123,84.603,84.782,39557.0
2026-04-19T09:00:00Z,84.782,85.013,84.562,84.582,29662.0
2026-04-19T10:00:00Z,84.593,84.893,84.438,84.783,30800.0
2026-04-19T11:00:00Z,84.783,85.673,84.752,85.593,80276.0
2026-04-19T12:00:00Z,85.6,85.907,85.532,85.793,44635.0
2026-04-19T13:00:00Z,85.783,86.934,85.742,86.324,110019.0
2026-04-19T14:00:00Z,86.324,87.104,85.962,86.513,84823.0
2026-04-19T15:00:00Z,86.524,86.674,85.582,86.364,67578.0
2026-04-19T16:00:00Z,86.353,86.5,85.722,85.853,52947.0
2026-04-19T17:00:00Z,85.852,85.993,85.0,85.133,94632.0
2026-04-19T18:00:00Z,85.122,85.293,84.872,85.1,51529.0
2026-04-19T19:00:00Z,85.1,85.553,85.1,85.332,28227.0
2026-04-19T20:00:00Z,85.293,85.343,84.7421,84.942,41465.0
2026-04-19T21:00:00Z,84.952,85.233,84.602,84.703,13045.0
2026-04-19T22:00:00Z,84.653,84.653,82.9031,83.762,71679.0
2026-04-19T23:00:00Z,83.712,83.762,83.321,83.432,11455.0
2026-04-20T00:00:00Z,83.421,84.17,83.331,83.992,25006.0
2026-04-20T01:00:00Z,83.962,84.543,83.93,84.343,29574.0
2026-04-20T02:00:00Z,84.373,84.393,83.701,84.203,29587.0
2026-04-20T03:00:00Z,84.202,84.613,84.112,84.562,22149.0
2026-04-20T04:00:00Z,84.572,84.623,84.252,84.583,23387.0
2026-04-20T05:00:00Z,84.593,84.593,83.752,83.862,40586.0
2026-04-20T06:00:00Z,83.862,84.763,83.781,84.463,44656.0
2026-04-20T07:00:00Z,84.5193,85.773,84.442,84.732,75122.0
2026-04-20T08:00:00Z,84.733,85.11,84.5534,84.672,36386.0
2026-04-20T09:00:00Z,84.662,85.243,84.622,85.07,42623.0
2026-04-20T10:00:00Z,85.0805,85.413,84.822,84.842,43408.0
2026-04-20T11:00:00Z,84.853,85.373,84.752,85.063,37007.0
2026-04-20T12:00:00Z,85.042,85.5411,84.85,85.335,43275.0
2026-04-20T13:00:00Z,85.322,85.533,84.862,85.302,52572.0
2026-04-20T14:00:00Z,85.293,85.8235,84.512,84.783,90206.0
2026-04-20T15:00:00Z,84.792,85.893,84.402,85.862,87283.0
2026-04-20T16:00:00Z,85.873,85.893,85.262,85.302,48800.0
2026-04-20T17:00:00Z,85.3075,86.134,85.252,85.692,61540.0
2026-04-20T18:00:00Z,85.732,86.206,85.732,86.053,40191.0
2026-04-20T19:00:00Z,86.0635,86.104,85.77,85.822,11863.0
2026-04-20T20:00:00Z,85.8,86.174,85.651,85.953,13070.0
2026-04-20T21:00:00Z,85.99,86.21,85.592,85.792,16666.0
2026-04-20T22:00:00Z,85.873,86.063,85.632,85.693,5971.0
2026-04-20T23:00:00Z,85.692,85.692,85.22,85.282,20211.0
2026-04-21T00:00:00Z,85.27,85.7873,85.2591,85.683,15244.0
2026-04-21T01:00:00Z,85.642,85.823,85.352,85.432,14201.0
2026-04-21T02:00:00Z,85.432,85.463,85.182,85.313,27149.0
2026-04-21T03:00:00Z,85.2703,85.513,85.002,85.173,37019.0
2026-04-21T04:00:00Z,85.192,85.464,85.032,85.432,23094.0
2026-04-21T05:00:00Z,85.4308,85.843,85.412,85.663,35968.0
2026-04-21T06:00:00Z,85.673,85.953,85.172,85.673,38389.0
2026-04-21T07:00:00Z,85.673,85.963,85.412,85.702,26572.0
2026-04-21T08:00:00Z,85.703,86.354,85.622,85.803,36886.0
2026-04-21T09:00:00Z,85.792,85.884,85.502,85.863,27818.0
2026-04-21T10:00:00Z,85.893,86.324,85.832,86.143,34729.0
2026-04-21T11:00:00Z,86.153,86.174,85.7185,85.832,55240.0
2026-04-21T12:00:00Z,85.8459,86.023,85.165,85.512,63799.0
2026-04-21T13:00:00Z,85.512,85.8589,85.282,85.802,40108.0
2026-04-21T14:00:00Z,85.827,86.904,85.6,85.782,97637.0
2026-04-21T15:00:00Z,85.792,86.294,85.382,86.032,64447.0
2026-04-21T16:00:00Z,86.043,86.274,85.642,85.683,47110.0
2026-04-21T17:00:00Z,85.672,85.803,84.742,85.312,104212.0
2026-04-21T18:00:00Z,85.3,85.393,84.732,85.242,42313.0
2026-04-21T19:00:00Z,85.2449,85.722,84.31,84.573,47609.0
2026-04-21T20:00:00Z,84.543,85.763,84.4444,85.45,30843.0
2026-04-21T21:00:00Z,85.412,85.5689,85.013,85.142,9251.0
2026-04-21T22:00:00Z,85.113,85.433,85.0,85.383,4509.0
2026-04-21T23:00:00Z,85.36,86.124,85.342,86.032,13146.0
2026-04-22T00:00:00Z,86.1,86.52,86.012,86.5,30128.0
2026-04-22T01:00:00Z,86.504,86.55,86.1,86.263,22028.0
2026-04-22T02:00:00Z,86.293,87.58,86.213,87.434,73426.0
2026-04-22T03:00:00Z,87.444,87.885,87.133,87.253,50165.0
2026-04-22T04:00:00Z,87.2689,87.344,86.973,87.073,25371.0
2026-04-22T05:00:00Z,87.1,88.344,87.013,88.044,64955.0
2026-04-22T06:00:00Z,88.04,88.205,87.813,87.984,43582.0
2026-04-22T07:00:00Z,87.964,88.2732,87.713,88.075,38325.0
2026-04-22T08:00:00Z,88.135,88.3152,87.613,88.024,38498.0
2026-04-22T09:00:00Z,88.0,88.905,87.853,88.3433,58421.0
2026-04-22T10:00:00Z,88.345,88.414,88.144,88.354,23409.0
2026-04-22T11:00:00Z,88.355,88.484,88.174,88.335,28019.0
2026-04-22T12:00:00Z,88.324,88.684,88.223,88.605,29614.0
2026-04-22T13:00:00Z,88.596,89.2,88.454,89.114,80255.0
2026-04-22T14:00:00Z,89.124,89.33,88.503,88.745,85772.0
2026-04-22T15:00:00Z,88.745,88.795,88.042,88.175,79200.0
2026-04-22T16:00:00Z,88.1996,88.455,87.528,87.653,85679.0
2026-04-22T17:00:00Z,87.663,88.024,87.633,87.844,76027.0
2026-04-22T18:00:00Z,87.864,88.385,87.792,87.824,58132.0
2026-04-22T19:00:00Z,87.834,87.844,87.103,87.394,76388.0
2026-04-22T20:00:00Z,87.394,87.494,87.083,87.113,35653.0
2026-04-22T21:00:00Z,87.123,87.654,87.123,87.614,21633.0
2026-04-22T22:00:00Z,87.573,87.73,87.3,87.444,28519.0
2026-04-22T23:00:00Z,87.403,87.474,86.803,86.874,21794.0
2026-04-23T00:00:00Z,86.873,87.134,85.951,86.844,46085.0
2026-04-23T01:00:00Z,86.864,86.864,86.123,86.434,30276.0
2026-04-23T02:00:00Z,86.424,86.424,85.722,85.932,48259.0
2026-04-23T03:00:00Z,85.932,86.074,85.482,85.783,38987.0
2026-04-23T04:00:00Z,85.743,85.983,85.642,85.942,21263.0
2026-04-23T05:00:00Z,85.963,86.114,85.502,85.832,32157.0
2026-04-23T06:00:00Z,85.872,86.214,85.842,86.183,39384.0
2026-04-23T07:00:00Z,86.204,86.214,85.852,85.883,27180.0
2026-04-23T08:00:00Z,85.893,85.932,85.542,85.703,50912.0
2026-04-23T09:00:00Z,85.7,85.7,85.272,85.522,43287.0
2026-04-23T10:00:00Z,85.502,85.613,85.202,85.412,33286.0
2026-04-23T11:00:00Z,85.423,85.906,85.392,85.823,36987.0
2026-04-23T12:00:00Z,85.833,86.084,85.732,85.9628,36887.0
2026-04-23T13:00:00Z,85.973,86.034,85.572,85.773,50710.0
2026-04-23T14:00:00Z,85.712,86.184,85.55,86.05,49495.0
2026-04-23T15:00:00Z,86.053,86.654,85.792,86.344,97624.0
2026-04-23T16:00:00Z,86.343,86.425,85.772,85.803,45062.0
2026-04-23T17:00:00Z,85.812,85.864,84.472,85.322,175255.0
2026-04-23T18:00:00Z,85.3,85.663,85.222,85.293,51382.0
2026-04-23T19:00:00Z,85.222,85.563,85.131,85.302,34203.0
2026-04-23T20:00:00Z,85.272,85.843,85.262,85.583,33185.0
2026-04-23T21:00:00Z,85.592,85.983,85.5,85.802,47449.0
2026-04-23T22:00:00Z,85.883,86.234,85.872,85.972,19133.0
2026-04-23T23:00:00Z,85.9294,86.194,85.622,86.124,12208.0
2026-04-24T00:00:00Z,86.124,86.354,86.032,86.133,19196.0
2026-04-24T01:00:00Z,86.2,86.313,85.81,86.273,34913.0
2026-04-24T02:00:00Z,86.254,86.358,85.752,85.873,21137.0
2026-04-24T03:00:00Z,85.883,85.923,85.397,85.683,22955.0
2026-04-24T04:00:00Z,85.6741,85.704,85.182,85.312,20567.0
2026-04-24T05:00:00Z,85.3,85.82,85.15,85.672,31986.0
2026-04-24T06:00:00Z,85.683,85.733,85.322,85.433,21200.0
2026-04-24T07:00:00Z,85.412,85.617,85.332,85.473,33379.0
2026-04-24T08:00:00Z,85.482,85.747,85.28,85.342,49725.0
2026-04-24T09:00:00Z,85.342,85.473,84.95,85.473,55551.0
2026-04-24T10:00:00Z,85.463,85.757,85.172,85.703,23784.0
2026-04-24T11:00:00Z,85.7221,86.283,85.713,86.183,66558.0
2026-04-24T12:00:00Z,86.194,86.785,86.068,86.344,89479.0
2026-04-24T13:00:00Z,86.344,86.594,85.842,86.0732,59289.0
2026-04-24T14:00:00Z,86.074,86.227,85.642,86.023,61680.0
2026-04-24T15:00:00Z,86.043,86.564,85.51,86.503,88840.0
2026-04-24T16:00:00Z,86.513,86.584,86.083,86.344,50809.0
2026-04-24T17:00:00Z,86.324,86.554,86.12,86.463,42965.0
2026-04-24T18:00:00Z,86.474,86.544,85.932,86.353,41744.0
2026-04-24T19:00:00Z,86.373,86.534,86.233,86.324,9922.0
2026-04-24T20:00:00Z,86.323,86.926,86.222,86.874,22166.0
2026-04-24T21:00:00Z,86.863,86.954,86.363,86.443,16309.0
2026-04-24T22:00:00Z,86.444,86.444,86.104,86.164,8830.0
2026-04-24T23:00:00Z,86.194,86.304,86.153,86.184,7931.0
2026-04-25T00:00:00Z,86.174,86.276,86.022,86.223,11121.0
2026-04-25T01:00:00Z,86.243,86.365,86.133,86.284,11880.0
2026-04-25T02:00:00Z,86.283,86.4,86.153,86.274,9874.0
2026-04-25T03:00:00Z,86.3008,86.494,86.273,86.452,15200.0
2026-04-25T04:00:00Z,86.4537,86.5091,86.281,86.334,14312.0
2026-04-25T05:00:00Z,86.3049,86.314,86.123,86.214,14457.0
2026-04-25T06:00:00Z,86.214,86.674,86.214,86.454,19817.0
2026-04-25T07:00:00Z,86.433,86.52,86.243,86.374,21810.0
2026-04-25T08:00:00Z,86.35,86.814,86.302,86.613,33493.0
2026-04-25T09:00:00Z,86.63,86.784,86.562,86.5725,14247.0
2026-04-25T10:00:00Z,86.5725,86.724,86.563,86.613,9562.0
2026-04-25T11:00:00Z,86.604,86.604,86.233,86.354,35132.0
2026-04-25T12:00:00Z,86.3345,86.424,86.232,86.373,15304.0
2026-04-25T13:00:00Z,86.384,86.674,86.384,86.593,29318.0
2026-04-25T14:00:00Z,86.613,86.65,86.431,86.44,14754.0
2026-04-25T15:00:00Z,86.4274,86.624,86.134,86.223,34320.0
2026-04-25T16:00:00Z,86.2,86.314,85.582,85.872,51356.0
2026-04-25T17:00:00Z,85.872,85.872,85.541,85.542,36088.0
2026-04-25T18:00:00Z,85.542,85.823,85.522,85.672,12297.0
2026-04-25T19:00:00Z,85.663,85.723,85.562,85.674,10091.0
2026-04-25T20:00:00Z,85.693,85.924,85.6,85.913,9066.0
2026-04-25T21:00:00Z,85.923,86.094,85.74,85.872,11427.0
2026-04-25T22:00:00Z,85.8661,86.177,85.852,86.093,9581.0
2026-04-25T23:00:00Z,86.103,86.174,86.031,86.1473,4964.0
2026-04-26T00:00:00Z,86.172,86.2,85.912,86.0231,7160.0
2026-04-26T01:00:00Z,86.03,86.114,85.962,85.973,4291.0
2026-04-26T02:00:00Z,85.972,86.394,85.972,86.394,15120.0
2026-04-26T03:00:00Z,86.4,86.474,85.822,85.993,23294.0
2026-04-26T04:00:00Z,85.993,86.724,85.942,86.454,44638.0
2026-04-26T05:00:00Z,86.443,86.714,86.163,86.464,39723.0
2026-04-26T06:00:00Z,86.463,86.594,86.383,86.514,18939.0
2026-04-26T07:00:00Z,86.514,86.644,86.453,86.634,10045.0
2026-04-26T08:00:00Z,86.644,86.774,86.513,86.563,25949.0
2026-04-26T09:00:00Z,86.564,86.594,86.451,86.544,10563.0
2026-04-26T10:00:00Z,86.524,86.624,86.423,86.473,15475.0
2026-04-26T11:00:00Z,86.4898,86.644,86.463,86.504,12515.0
2026-04-26T12:00:00Z,86.504,86.504,85.8846,86.094,46463.0
2026-04-26T13:00:00Z,86.094,86.25,85.962,86.103,31594.0
2026-04-26T14:00:00Z,86.093,86.494,86.043,86.4,42698.0
2026-04-26T15:00:00Z,86.42,86.584,86.352,86.533,24868.0
2026-04-26T16:00:00Z,86.544,86.594,86.363,86.404,16216.0
2026-04-26T17:00:00Z,86.4,86.58,86.263,86.523,18092.0
2026-04-26T18:00:00Z,86.524,86.9851,86.413,86.813,45198.0
2026-04-26T19:00:00Z,86.824,87.194,86.663,86.884,42986.0
2026-04-26T20:00:00Z,86.894,86.934,86.593,86.714,9208.0
2026-04-26T21:00:00Z,86.723,87.114,86.183,86.84,23212.0
2026-04-26T22:00:00Z,86.773,87.326,86.324,86.734,22083.0
2026-04-26T23:00:00Z,86.7,87.1538,86.523,86.893,8747.0
2026-04-27T00:00:00Z,86.924,87.413,86.5555,87.314,25813.0
2026-04-27T01:00:00Z,87.3881,87.884,87.253,87.8254,53430.0
2026-04-27T02:00:00Z,87.8254,88.095,87.362,87.813,37782.0
2026-04-27T03:00:00Z,87.783,88.065,87.6856,87.723,27507.0
2026-04-27T04:00:00Z,87.744,87.85,87.433,87.524,21408.0
2026-04-27T05:00:00Z,87.533,87.546,85.772,85.943,125847.0
2026-04-27T06:00:00Z,85.9388,86.033,85.412,85.692,66733.0
2026-04-27T07:00:00Z,85.7,85.773,85.241,85.241,66249.0
2026-04-27T08:00:00Z,85.22,85.5,85.02,85.493,33268.0
2026-04-27T09:00:00Z,85.493,85.613,85.132,85.463,35143.0
2026-04-27T10:00:00Z,85.452,85.554,85.14,85.162,27540.0
2026-04-27T11:00:00Z,85.162,85.273,85.052,85.244,25598.0
2026-04-27T12:00:00Z,85.232,85.253,84.9106,85.082,42053.0
2026-04-27T13:00:00Z,85.063,85.377,84.704,85.123,44584.0
2026-04-27T14:00:00Z,85.102,85.842,84.992,85.212,74277.0
2026-04-27T15:00:00Z,85.233,85.233,83.611,84.152,139573.0
2026-04-27T16:00:00Z,84.112,84.383,84.011,84.262,24730.0
2026-04-27T17:00:00Z,84.273,84.673,84.252,84.464,31291.0
2026-04-27T18:00:00Z,84.45,84.694,84.392,84.582,11612.0
2026-04-27T19:00:00Z,84.563,84.643,83.801,84.153,27768.0
2026-04-27T20:00:00Z,84.163,84.333,84.133,84.292,6019.0
2026-04-27T21:00:00Z,84.203,84.463,84.092,84.254,5012.0
2026-04-27T22:00:00Z,84.242,84.593,84.182,84.523,2521.0
2026-04-27T23:00:00Z,84.502,84.913,84.442,84.823,16025.0
2026-04-28T00:00:00Z,84.803,84.933,84.582,84.802,12926.0
2026-04-28T01:00:00Z,84.793,84.863,84.392,84.392,15732.0
2026-04-28T02:00:00Z,84.402,84.644,83.931,84.183,26411.0
2026-04-28T03:00:00Z,84.163,84.194,84.011,84.162,14855.0
2026-04-28T04:00:00Z,84.172,85.0908,83.821,84.052,37258.0
2026-04-28T05:00:00Z,84.103,84.453,84.071,84.202,18295.0
2026-04-28T06:00:00Z,84.223,84.313,83.671,83.931,36943.0
2026-04-28T07:00:00Z,83.932,84.053,83.621,84.001,24798.0
2026-04-28T08:00:00Z,84.002,84.183,83.741,83.952,25871.0
2026-04-28T09:00:00Z,83.941,83.962,83.4,83.632,32533.0
2026-04-28T10:00:00Z,83.621,83.802,83.621,83.791,14964.0
2026-04-28T11:00:00Z,83.821,83.842,83.272,83.4,34721.0
2026-04-28T12:00:00Z,83.4,83.752,83.25,83.701,27824.0
2026-04-28T13:00:00Z,83.702,84.012,83.17,83.542,46268.0
2026-04-28T14:00:00Z,83.531,83.531,82.96,83.391,56758.0
2026-04-28T15:00:00Z,83.405,83.513,83.211,83.461,28763.0
2026-04-28T16:00:00Z,83.472,83.702,83.311,83.581,27871.0
2026-04-28T17:00:00Z,83.592,83.822,83.361,83.621,43239.0
2026-04-28T18:00:00Z,83.6113,83.852,83.581,83.801,15442.0
2026-04-28T19:00:00Z,83.812,84.037,83.681,83.901,12330.0
2026-04-28T20:00:00Z,83.911,84.0,83.761,83.781,5456.0
2026-04-28T21:00:00Z,83.782,83.942,83.641,83.732,6351.0
2026-04-28T22:00:00Z,83.741,83.922,83.571,83.701,3752.0
2026-04-28T23:00:00Z,83.711,84.163,83.631,84.052,15226.0
2026-04-29T00:00:00Z,84.063,84.183,83.83,84.042,11431.0
2026-04-29T01:00:00Z,84.042,84.193,83.791,84.093,12387.0
2026-04-29T02:00:00Z,84.103,84.204,83.92,84.031,14358.0
2026-04-29T03:00:00Z,84.042,84.743,84.042,84.593,37614.0
2026-04-29T04:00:00Z,84.6,85.074,84.432,84.963,40152.0
2026-04-29T05:00:00Z,84.963,84.993,84.712,84.853,15591.0
2026-04-29T06:00:00Z,84.832,85.004,84.542,84.622,33038.0
2026-04-29T07:00:00Z,84.632,84.864,84.612,84.713,13188.0
2026-04-29T08:00:00Z,84.712,84.753,84.368,84.512,18321.0
2026-04-29T09:00:00Z,84.5077,85.541,84.472,85.293,59213.0
2026-04-29T10:00:00Z,85.323,85.5566,85.132,85.163,41623.0
2026-04-29T11:00:00Z,85.122,85.174,84.8,84.918,30192.0
2026-04-29T12:00:00Z,84.912,84.912,83.929,84.263,69296.0
2026-04-29T13:00:00Z,84.252,84.273,83.629,83.991,56997.0
2026-04-29T14:00:00Z,83.961,84.042,83.631,83.841,42422.0
2026-04-29T15:00:00Z,83.831,83.911,82.981,83.24,68033.0
2026-04-29T16:00:00Z,83.201,83.632,82.939,83.102,48664.0
2026-04-29T17:00:00Z,83.112,83.362,82.72,83.362,53567.0
2026-04-29T18:00:00Z,83.362,83.442,81.38,82.282,131673.0
2026-04-29T19:00:00Z,82.271,82.343,81.96,82.212,29965.0
2026-04-29T20:00:00Z,82.252,82.8,82.201,82.651,17860.0
2026-04-29T21:00:00Z,82.612,83.233,82.541,82.912,12661.0
2026-04-29T22:00:00Z,82.901,83.134,82.801,83.101,13316.0
2026-04-29T23:00:00Z,83.072,83.112,82.831,83.051,4450.0
2026-04-30T00:00:00Z,83.0522,84.012,83.0522,83.8237,25489.0
2026-04-30T01:00:00Z,83.8,84.0,83.6726,83.764,19997.0
2026-04-30T02:00:00Z,83.781,83.972,82.681,83.0,49857.0
2026-04-30T03:00:00Z,82.981,83.252,82.881,83.064,17643.0
2026-04-30T04:00:00Z,83.051,83.081,82.371,82.411,37115.0
2026-04-30T05:00:00Z,82.401,82.7834,82.15,82.582,32458.0
2026-04-30T06:00:00Z,82.582,83.062,82.541,82.93,23784.0
2026-04-30T07:00:00Z,82.942,83.402,82.878,83.351,34725.0
2026-04-30T08:00:00Z,83.362,83.432,83.121,83.121,19318.0
2026-04-30T09:00:00Z,83.12,83.572,83.061,83.131,25301.0
2026-04-30T10:00:00Z,83.141,83.222,82.931,83.012,28544.0
2026-04-30T11:00:00Z,83.022,83.364,82.8,83.012,32985.0
2026-04-30T12:00:00Z,83.011,83.492,82.989,83.221,29957.0
2026-04-30T13:00:00Z,83.241,83.562,82.871,83.211,52457.0
2026-04-30T14:00:00Z,83.202,83.422,82.67,83.221,72151.0
2026-04-30T15:00:00Z,83.281,83.843,83.021,83.36,50754.0
2026-04-30T16:00:00Z,83.352,83.432,82.951,83.021,29383.0
2026-04-30T17:00:00Z,83.011,83.142,82.86,83.042,20199.0
2026-04-30T18:00:00Z,83.041,83.312,82.98,83.061,19253.0
2026-04-30T19:00:00Z,83.0555,83.302,83.011,83.071,10891.0
2026-04-30T20:00:00Z,83.031,83.192,82.981,83.091,7511.0
2026-04-30T21:00:00Z,83.091,83.142,82.83,82.861,4356.0
2026-04-30T22:00:00Z,82.902,83.021,82.781,82.842,4582.0
2026-04-30T23:00:00Z,82.871,83.095,82.852,83.082,2281.0
2026-05-01T00:00:00Z,83.092,83.422,83.092,83.161,17173.0
2026-05-01T01:00:00Z,83.212,83.682,83.191,83.601,27264.0
2026-05-01T02:00:00Z,83.611,83.832,83.451,83.622,23572.0
2026-05-01T03:00:00Z,83.611,84.413,83.561,83.881,60854.0
2026-05-01T04:00:00Z,83.901,84.073,83.68,83.801,26428.0
2026-05-01T05:00:00Z,83.811,84.243,83.771,84.042,27459.0
2026-05-01T06:00:00Z,84.052,84.188,83.7,83.851,33684.0
2026-05-01T07:00:00Z,83.85,83.972,83.67,83.952,25581.0
2026-05-01T08:00:00Z,83.952,84.323,83.9,84.172,31211.0
2026-05-01T09:00:00Z,84.183,84.183,83.921,83.972,16552.0
2026-05-01T10:00:00Z,83.961,84.095,83.731,83.962,18917.0
2026-05-01T11:00:00Z,83.961,84.223,83.861,84.022,18468.0
2026-05-01T12:00:00Z,84.022,84.584,83.921,84.271,63711.0
2026-05-01T13:00:00Z,84.282,84.863,84.231,84.603,67398.0
2026-05-01T14:00:00Z,84.603,84.74,83.89,84.223,85988.0
2026-05-01T15:00:00Z,84.213,84.633,84.01,84.462,48226.0
2026-05-01T16:00:00Z,84.478,84.633,83.971,84.012,32626.0
2026-05-01T17:00:00Z,84.012,84.28,83.921,84.232,28871.0
2026-05-01T18:00:00Z,84.233,84.324,83.989,83.991,16090.0
2026-05-01T19:00:00Z,84.001,84.084,83.8,83.891,16542.0
2026-05-01T20:00:00Z,83.911,83.922,83.321,83.502,31446.0
2026-05-01T21:00:00Z,83.491,83.792,83.431,83.731,15771.0
2026-05-01T22:00:00Z,83.752,83.882,83.571,83.752,10726.0
2026-05-01T23:00:00Z,83.722,83.842,83.561,83.741,4584.0
2026-05-02T00:00:00Z,83.762,83.872,83.431,83.833,11877.0
2026-05-02T01:00:00Z,83.832,84.053,83.761,84.042,19255.0
2026-05-02T02:00:00Z,84.0345,84.173,83.851,83.941,18073.0
2026-05-02T03:00:00Z,83.921,83.972,83.731,83.822,15062.0
2026-05-02T04:00:00Z,83.812,83.832,83.5521,83.632,17809.0
2026-05-02T05:00:00Z,83.642,83.732,83.52,83.702,13467.0
2026-05-02T06:00:00Z,83.691,83.842,83.57,83.83,15916.0
2026-05-02T07:00:00Z,83.822,83.8591,83.691,83.722,8374.0
2026-05-02T08:00:00Z,83.7,83.882,83.627,83.831,10482.0
2026-05-02T09:00:00Z,83.83,84.15,83.811,83.991,17620.0
2026-05-02T10:00:00Z,84.002,84.002,83.851,83.942,12895.0
2026-05-02T11:00:00Z,83.9402,83.9402,83.511,83.692,33864.0
2026-05-02T12:00:00Z,83.6908,84.093,83.661,83.841,25013.0
2026-05-02T13:00:00Z,83.861,84.072,83.861,83.942,14377.0
2026-05-02T14:00:00Z,83.931,84.0782,83.901,83.972,15221.0
2026-05-02T15:00:00Z,83.972,84.063,83.921,84.042,7710.0
2026-05-02T16:00:00Z,84.0526,84.263,84.011,84.182,31009.0
2026-05-02T17:00:00Z,84.203,84.203,83.991,84.042,14715.0
2026-05-02T18:00:00Z,84.021,84.213,83.94,84.172,14763.0
2026-05-02T19:00:00Z,84.193,84.313,84.172,84.202,8306.0
2026-05-02T20:00:00Z,84.202,84.223,84.1,84.203,4751.0
2026-05-02T21:00:00Z,84.223,84.99,84.162,84.552,35161.0
2026-05-02T22:00:00Z,84.543,84.643,84.0711,84.463,18744.0
2026-05-02T23:00:00Z,84.443,84.502,84.242,84.262,7942.0
2026-05-03T00:00:00Z,84.282,84.303,83.8239,84.093,14262.0
2026-05-03T01:00:00Z,84.042,84.042,83.741,83.741,27070.0
2026-05-03T02:00:00Z,83.725,83.82,83.6,83.682,15377.0
2026-05-03T03:00:00Z,83.671,83.752,83.581,83.671,11786.0
2026-05-03T04:00:00Z,83.662,83.732,83.571,83.681,10843.0
2026-05-03T05:00:00Z,83.692,83.832,83.651,83.741,20641.0
2026-05-03T06:00:00Z,83.731,83.862,83.571,83.731,19385.0
2026-05-03T07:00:00Z,83.74,84.017,83.74,83.861,33565.0
2026-05-03T08:00:00Z,83.872,84.012,83.801,83.882,16705.0
2026-05-03T09:00:00Z,83.871,84.103,83.86,84.053,15590.0
2026-05-03T10:00:00Z,84.053,84.053,83.801,83.801,11583.0
2026-05-03T11:00:00Z,83.8,84.193,83.721,83.952,20778.0
2026-05-03T12:00:00Z,83.951,84.244,83.951,84.103,21428.0
2026-05-03T13:00:00Z,84.103,84.213,83.971,84.093,16911.0
2026-05-03T14:00:00Z,84.093,84.446,84.092,84.352,34039.0
2026-05-03T15:00:00Z,84.352,84.433,84.102,84.152,24160.0
2026-05-03T16:00:00Z,84.183,84.3,84.001,84.142,23725.0
2026-05-03T17:00:00Z,84.123,84.314,83.99,84.192,20671.0
2026-05-03T18:00:00Z,84.193,84.333,84.107,84.273,10436.0
2026-05-03T19:00:00Z,84.262,84.506,84.252,84.383,17601.0
2026-05-03T20:00:00Z,84.362,84.735,84.262,84.332,17451.0
2026-05-03T21:00:00Z,84.342,84.463,83.851,84.132,14870.0
2026-05-03T22:00:00Z,84.153,84.98,84.153,84.673,22213.0
2026-05-03T23:00:00Z,84.672,84.783,83.851,83.912,18096.0
2026-05-04T00:00:00Z,83.882,83.882,83.348,83.792,49690.0
2026-05-04T01:00:00Z,83.801,84.933,83.411,84.762,58706.0
2026-05-04T02:00:00Z,84.772,85.653,84.742,85.273,92415.0
2026-05-04T03:00:00Z,85.273,85.583,85.112,85.433,31278.0
2026-05-04T04:00:00Z,85.422,85.914,85.389,85.772,42402.0
2026-05-04T05:00:00Z,85.782,85.813,85.362,85.392,22141.0
2026-05-04T06:00:00Z,85.403,85.425,84.512,84.862,57271.0
2026-05-04T07:00:00Z,84.873,85.026,84.691,84.872,23160.0
2026-05-04T08:00:00Z,84.852,84.903,84.622,84.762,15365.0
2026-05-04T09:00:00Z,84.76,85.208,84.682,85.042,22938.0
2026-05-04T10:00:00Z,85.063,85.083,83.249,84.031,148528.0
2026-05-04T11:00:00Z,84.032,84.143,83.831,83.962,17293.0
2026-05-04T12:00:00Z,83.951,84.153,83.841,83.892,19595.0
2026-05-04T13:00:00Z,83.872,84.333,83.582,84.001,57392.0
2026-05-04T14:00:00Z,84.001,85.333,83.78,84.992,81164.0
2026-05-04T15:00:00Z,85.022,85.182,83.981,84.482,69019.0
2026-05-04T16:00:00Z,84.473,84.798,83.971,84.482,44542.0
2026-05-04T17:00:00Z,84.512,85.203,84.482,84.942,35548.0
2026-05-04T18:00:00Z,84.952,85.043,84.582,84.752,25960.0
2026-05-04T19:00:00Z,84.77,84.783,84.372,84.446,18674.0
2026-05-04T20:00:00Z,84.432,84.432,84.062,84.0835,17522.0
2026-05-04T21:00:00Z,84.0835,84.513,84.082,84.433,5150.0
2026-05-04T22:00:00Z,84.4,84.553,84.167,84.202,3898.0
2026-05-04T23:00:00Z,84.193,84.224,84.001,84.103,13178.0
2026-05-05T00:00:00Z,84.073,84.353,84.021,84.313,9598.0
2026-05-05T01:00:00Z,84.313,84.463,84.132,84.402,15611.0
2026-05-05T02:00:00Z,84.41,84.803,84.332,84.5,22091.0
2026-05-05T03:00:00Z,84.508,84.983,84.402,84.783,17608.0
2026-05-05T04:00:00Z,84.793,84.903,84.582,84.7815,14047.0
2026-05-05T05:00:00Z,84.78,85.133,84.73,84.932,26308.0
2026-05-05T06:00:00Z,84.933,85.013,84.562,85.0,21585.0
2026-05-05T07:00:00Z,84.992,85.083,84.782,84.892,18793.0
2026-05-05T08:00:00Z,84.873,84.904,84.7,84.783,11807.0
2026-05-05T09:00:00Z,84.763,84.763,84.452,84.563,23915.0
2026-05-05T10:00:00Z,84.563,84.943,84.443,84.903,25903.0
2026-05-05T11:00:00Z,84.915,85.015,84.692,84.962,18658.0
2026-05-05T12:00:00Z,84.962,85.373,84.912,85.312,44236.0
2026-05-05T13:00:00Z,85.323,86.114,85.323,85.632,115497.0
2026-05-05T14:00:00Z,85.653,85.763,85.179,85.5,60490.0
2026-05-05T15:00:00Z,85.483,85.8888,85.352,85.502,32804.0
2026-05-05T16:00:00Z,85.502,85.693,85.07,85.313,49575.0
2026-05-05T17:00:00Z,85.3,85.543,85.112,85.452,24769.0
2026-05-05T18:00:00Z,85.462,85.883,85.43,85.8749,29568.0
2026-05-05T19:00:00Z,85.872,86.574,85.821,86.513,56196.0
2026-05-05T20:00:00Z,86.503,86.924,86.431,86.65,44286.0
2026-05-05T21:00:00Z,86.653,86.95,86.283,86.713,15266.0
2026-05-05T22:00:00Z,86.7272,87.0,86.202,86.604,15649.0
2026-05-05T23:00:00Z,86.564,86.69,86.183,86.314,10404.0
2026-05-06T00:00:00Z,86.294,86.564,86.102,86.383,20303.0
2026-05-06T01:00:00Z,86.413,87.016,86.313,86.853,22860.0
2026-05-06T02:00:00Z,86.854,86.924,86.383,86.883,27435.0
2026-05-06T03:00:00Z,86.9,87.484,86.894,87.313,57314.0
2026-05-06T04:00:00Z,87.333,87.424,86.673,86.803,31594.0
2026-05-06T05:00:00Z,86.8,87.467,86.743,87.403,42743.0
2026-05-06T06:00:00Z,87.3935,87.544,87.1603,87.483,27631.0
2026-05-06T07:00:00Z,87.513,87.9055,87.443,87.693,53520.0
2026-05-06T08:00:00Z,87.704,89.225,87.643,89.034,129010.0
2026-05-06T09:00:00Z,89.0394,89.546,88.594,89.48,89174.0
2026-05-06T10:00:00Z,89.5,89.7,89.214,89.384,58625.0
2026-05-06T11:00:00Z,89.375,90.025,89.324,89.874,67232.0
2026-05-06T12:00:00Z,89.885,89.985,89.504,89.675,39754.0
2026-05-06T13:00:00Z,89.605,89.605,88.094,88.345,118878.0
2026-05-06T14:00:00Z,88.345,88.85,87.483,88.394,95750.0
2026-05-06T15:00:00Z,88.414,89.065,88.304,88.965,54222.0
2026-05-06T16:00:00Z,88.965,89.515,88.584,89.175,59082.0
2026-05-06T17:00:00Z,89.184,89.445,88.614,88.835,35545.0
2026-05-06T18:00:00Z,88.844,89.155,88.494,88.985,42097.0
2026-05-06T19:00:00Z,88.994,89.315,88.894,89.234,29677.0
2026-05-06T20:00:00Z,89.265,89.615,88.924,89.205,26210.0
2026-05-06T21:00:00Z,89.195,89.585,89.074,89.474,13754.0
2026-05-06T22:00:00Z,89.454,89.565,89.034,89.094,8179.0
2026-05-06T23:00:00Z,89.005,89.185,88.654,89.144,13879.0
2026-05-07T00:00:00Z,89.155,89.275,88.24,88.345,29206.0
2026-05-07T01:00:00Z,88.325,88.535,87.893,88.325,62360.0
2026-05-07T02:00:00Z,88.315,88.375,87.85,88.144,29969.0
2026-05-07T03:00:00Z,88.124,88.155,87.623,87.754,20130.0
2026-05-07T04:00:00Z,87.753,88.375,87.7,88.36,36022.0
2026-05-07T05:00:00Z,88.334,88.915,88.334,88.655,28279.0
2026-05-07T06:00:00Z,88.6736,89.28,88.223,89.275,42486.0
2026-05-07T07:00:00Z,89.275,90.436,89.124,90.155,98034.0
2026-05-07T08:00:00Z,90.175,90.276,89.464,89.574,45123.0
2026-05-07T09:00:00Z,89.574,89.585,89.194,89.445,38763.0
2026-05-07T10:00:00Z,89.415,89.525,88.7275,89.155,46152.0
2026-05-07T11:00:00Z,89.174,89.675,89.174,89.555,29638.0
2026-05-07T12:00:00Z,89.494,90.096,89.494,89.75,38595.0
2026-05-07T13:00:00Z,89.6804,89.6804,88.354,88.665,80621.0
2026-05-07T14:00:00Z,88.654,88.915,87.83,88.155,83365.0
2026-05-07T15:00:00Z,88.135,88.587,87.8,88.2875,72932.0
2026-05-07T16:00:00Z,88.304,88.795,88.083,88.445,70373.0
2026-05-07T17:00:00Z,88.455,88.856,87.962,88.815,46467.0
2026-05-07T18:00:00Z,88.815,89.065,88.239,88.585,46271.0
2026-05-07T19:00:00Z,88.5574,88.736,88.214,88.436,24549.0
2026-05-07T20:00:00Z,88.445,88.865,88.033,88.056,11284.0
2026-05-07T21:00:00Z,88.054,88.227,87.653,87.993,20751.0
2026-05-07T22:00:00Z,87.943,88.235,87.69,88.134,13141.0
2026-05-07T23:00:00Z,88.084,88.475,88.0745,88.445,6935.0
2026-05-08T00:00:00Z,88.445,88.655,88.134,88.275,11373.0
2026-05-08T01:00:00Z,88.3,88.375,87.923,88.155,14304.0
2026-05-08T02:00:00Z,88.155,88.375,87.62,88.033,32705.0
2026-05-08T03:00:00Z,88.023,88.385,87.6328,88.234,40017.0
2026-05-08T04:00:00Z,88.2155,88.377,88.013,88.195,17478.0
2026-05-08T05:00:00Z,88.185,88.435,88.042,88.0527,16787.0
2026-05-08T06:00:00Z,88.033,88.295,87.813,88.055,24155.0
2026-05-08T07:00:00Z,88.034,88.245,87.66,88.245,35552.0
2026-05-08T08:00:00Z,88.2453,88.635,88.003,88.364,55197.0
2026-05-08T09:00:00Z,88.385,88.725,88.224,88.425,36898.0
2026-05-08T10:00:00Z,88.445,88.755,88.274,88.625,36708.0
2026-05-08T11:00:00Z,88.675,88.728,88.474,88.634,22113.0
2026-05-08T12:00:00Z,88.634,88.85,88.354,88.455,36902.0
2026-05-08T13:00:00Z,88.455,88.545,88.002,88.325,53722.0
2026-05-08T14:00:00Z,88.324,89.389,88.324,89.15,121895.0
2026-05-08T15:00:00Z,89.15,89.595,88.404,89.584,116025.0
2026-05-08T16:00:00Z,89.585,89.785,89.344,89.584,54736.0
2026-05-08T17:00:00Z,89.585,91.97,89.58,91.665,186959.0
2026-05-08T18:00:00Z,91.676,92.577,91.655,92.326,143913.0
2026-05-08T19:00:00Z,92.326,92.8015,92.066,92.617,80117.0
2026-05-08T20:00:00Z,92.62,92.677,92.035,92.126,29319.0
2026-05-08T21:00:00Z,92.136,92.397,91.754,92.326,28017.0
2026-05-08T22:00:00Z,92.286,92.727,92.266,92.317,19176.0
2026-05-08T23:00:00Z,92.296,92.296,91.755,92.026,15221.0
2026-05-09T00:00:00Z,92.005,92.617,91.845,92.467,20278.0
2026-05-09T01:00:00Z,92.446,93.853,92.436,93.506,98209.0
2026-05-09T02:00:00Z,93.5,93.787,93.295,93.4953,49518.0
2026-05-09T03:00:00Z,93.487,93.777,93.4,93.657,37615.0
2026-05-09T04:00:00Z,93.637,94.179,93.136,93.237,83297.0
2026-05-09T05:00:00Z,93.226,93.787,92.825,93.736,76853.0
2026-05-09T06:00:00Z,93.726,94.1,93.196,93.527,78515.0
2026-05-09T07:00:00Z,93.526,93.997,93.336,93.757,47377.0
2026-05-09T08:00:00Z,93.746,93.947,93.67,93.715,27280.0
2026-05-09T09:00:00Z,93.7,93.707,93.054,93.286,54101.0
2026-05-09T10:00:00Z,93.287,93.597,93.106,93.387,39401.0
2026-05-09T11:00:00Z,93.36,93.687,93.316,93.606,24259.0
2026-05-09T12:00:00Z,93.6,93.737,93.265,93.447,41137.0
2026-05-09T13:00:00Z,93.447,93.467,93.006,93.467,41353.0
2026-05-09T14:00:00Z,93.467,93.467,92.766,92.887,59209.0
2026-05-09T15:00:00Z,92.87,93.007,92.385,92.997,80392.0
2026-05-09T16:00:00Z,92.986,93.297,92.666,92.756,63737.0
2026-05-09T17:00:00Z,92.776,93.49,92.776,93.2,59215.0
2026-05-09T18:00:00Z,93.2,93.647,93.146,93.367,34768.0
2026-05-09T19:00:00Z,93.364,93.587,93.206,93.496,17894.0
2026-05-09T20:00:00Z,93.506,93.506,93.136,93.257,14717.0
2026-05-09T21:00:00Z,93.266,93.537,93.236,93.507,10870.0
2026-05-09T22:00:00Z,93.487,93.497,93.206,93.287,4627.0
2026-05-09T23:00:00Z,93.334,93.446,93.0366,93.117,9753.0
2026-05-10T00:00:00Z,93.117,93.347,92.906,93.02,10721.0
2026-05-10T01:00:00Z,93.0,93.0,92.586,92.946,24401.0
2026-05-10T02:00:00Z,92.956,93.12,92.806,93.026,13483.0
2026-05-10T03:00:00Z,93.047,93.507,93.006,93.426,26148.0
2026-05-10T04:00:00Z,93.406,93.497,93.236,93.346,19766.0
2026-05-10T05:00:00Z,93.347,93.497,93.226,93.316,16509.0
2026-05-10T06:00:00Z,93.307,93.46,93.25,93.406,16088.0
2026-05-10T07:00:00Z,93.416,93.637,93.356,93.456,30197.0
2026-05-10T08:00:00Z,93.436,94.1,93.406,94.057,73893.0
2026-05-10T09:00:00Z,94.059,94.83,94.059,94.2971,134056.0
2026-05-10T10:00:00Z,94.308,94.388,93.614,93.86,89978.0
2026-05-10T11:00:00Z,93.857,94.007,92.9,93.547,92135.0
2026-05-10T12:00:00Z,93.537,93.617,93.186,93.32,33441.0
2026-05-10T13:00:00Z,93.286,93.937,93.226,93.756,62438.0
2026-05-10T14:00:00Z,93.756,94.148,93.666,93.866,47915.0
2026-05-10T15:00:00Z,93.876,94.73,93.876,94.527,105549.0
2026-05-10T16:00:00Z,94.5318,94.99,94.167,94.818,94863.0
2026-05-10T17:00:00Z,94.847,96.5223,94.827,96.519,231525.0
2026-05-10T18:00:00Z,96.5,96.921,96.138,96.449,135893.0
2026-05-10T19:00:00Z,96.411,96.899,95.747,96.498,107821.0
2026-05-10T20:00:00Z,96.499,96.609,93.436,94.518,144911.0
2026-05-10T21:00:00Z,94.468,95.608,94.468,95.067,66057.0
2026-05-10T22:00:00Z,95.0148,96.389,94.887,96.218,60708.0
2026-05-10T23:00:00Z,96.279,96.878,95.976,96.42,32114.0
2026-05-11T00:00:00Z,96.478,96.679,95.327,95.807,52247.0
2026-05-11T01:00:00Z,95.82,96.4,95.327,96.058,50245.0
2026-05-11T02:00:00Z,96.089,96.138,95.1995,95.317,41895.0
2026-05-11T03:00:00Z,95.328,95.34,94.4806,94.767,64352.0
2026-05-11T04:00:00Z,94.757,95.218,94.436,94.957,62341.0
2026-05-11T05:00:00Z,94.947,95.888,94.9366,95.708,66268.0
2026-05-11T06:00:00Z,95.697,96.169,95.417,95.4981,54527.0
2026-05-11T07:00:00Z,95.467,95.588,95.157,95.338,43811.0
2026-05-11T08:00:00Z,95.348,95.377,94.577,94.788,80218.0
2026-05-11T09:00:00Z,94.777,95.368,94.757,95.277,40525.0
2026-05-11T10:00:00Z,95.2961,95.578,95.037,95.057,46810.0
2026-05-11T11:00:00Z,95.057,95.508,94.906,95.268,35774.0
2026-05-11T12:00:00Z,95.257,95.398,94.657,94.798,54161.0
2026-05-11T13:00:00Z,94.817,95.499,94.537,95.238,94144.0
2026-05-11T14:00:00Z,95.237,95.9,94.295,95.168,202119.0
2026-05-11T15:00:00Z,95.168,96.819,94.877,96.808,164172.0
2026-05-11T16:00:00Z,96.808,98.026,96.508,97.329,219632.0
2026-05-11T17:00:00Z,97.429,97.959,96.887,97.778,142098.0
2026-05-11T18:00:00Z,97.778,98.099,97.257,97.299,90563.0
2026-05-11T19:00:00Z,97.3,98.39,97.028,98.213,78087.0
2026-05-11T20:00:00Z,98.199,98.401,97.598,97.648,80079.0
2026-05-11T21:00:00Z,97.62,97.799,97.317,97.378,15015.0
2026-05-11T22:00:00Z,97.398,97.849,97.369,97.649,13277.0
2026-05-11T23:00:00Z,97.619,97.619,97.1,97.369,11298.0
2026-05-12T00:00:00Z,97.337,97.679,97.17,97.498,21572.0
2026-05-12T01:00:00Z,97.498,97.65,95.5225,96.269,115928.0
2026-05-12T02:00:00Z,96.249,96.7,96.127,96.55,48520.0
2026-05-12T03:00:00Z,96.55,96.649,96.036,96.149,27063.0
2026-05-12T04:00:00Z,96.139,96.5,96.058,96.349,22146.0
2026-05-12T05:00:00Z,96.338,96.759,96.25,96.558,33396.0
2026-05-12T06:00:00Z,96.553,96.999,96.138,96.199,55365.0
2026-05-12T07:00:00Z,96.158,96.319,95.82,96.025,54425.0
2026-05-12T08:00:00Z,96.037,96.139,95.407,95.658,71936.0
2026-05-12T09:00:00Z,95.629,96.069,95.326,95.798,42970.0
2026-05-12T10:00:00Z,95.778,95.978,94.937,95.007,56021.0
2026-05-12T11:00:00Z,95.018,95.048,94.61,94.978,66812.0
2026-05-12T12:00:00Z,94.9729,95.57,94.377,95.218,89833.0
2026-05-12T13:00:00Z,95.238,95.398,94.557,94.7,63117.0
2026-05-12T14:00:00Z,94.718,95.248,94.397,94.578,80631.0
2026-05-12T15:00:00Z,94.548,94.798,93.616,93.856,128977.0
2026-05-12T16:00:00Z,93.877,94.328,93.606,93.867,58091.0
2026-05-12T17:00:00Z,93.877,94.6983,93.846,94.538,67608.0
2026-05-12T18:00:00Z,94.518,94.798,94.377,94.548,41066.0
2026-05-12T19:00:00Z,94.57,95.01,94.57,94.937,52414.0
2026-05-12T20:00:00Z,94.9436,94.988,94.617,94.758,14130.0
2026-05-12T21:00:00Z,94.758,94.86,94.526,94.688,5924.0
2026-05-12T22:00:00Z,94.758,95.048,94.637,94.686,7020.0
2026-05-12T23:00:00Z,94.687,94.749,94.25,94.297,11074.0
2026-05-13T00:00:00Z,94.307,94.655,94.057,94.477,27514.0
2026-05-13T01:00:00Z,94.477,95.438,94.467,95.178,41288.0
2026-05-13T02:00:00Z,95.188,95.578,95.007,95.228,26655.0
2026-05-13T03:00:00Z,95.208,95.5767,95.067,95.5767,19291.0
2026-05-13T04:00:00Z,95.568,96.0,95.417,95.498,50235.0
2026-05-13T05:00:00Z,95.498,95.508,95.0928,95.258,48997.0
2026-05-13T06:00:00Z,95.258,95.7,95.106,95.134,42080.0
2026-05-13T07:00:00Z,95.1,95.308,94.867,95.138,44087.0
2026-05-13T08:00:00Z,95.0861,95.768,94.997,95.557,38003.0
2026-05-13T09:00:00Z,95.578,95.888,95.554,95.718,30977.0
2026-05-13T10:00:00Z,95.718,95.758,94.717,94.78,63309.0
2026-05-13T11:00:00Z,94.78,94.828,94.238,94.3265,55082.0
2026-05-13T12:00:00Z,94.3265,94.62,92.0468,93.146,150852.0
2026-05-13T13:00:00Z,93.186,93.437,91.935,92.276,108699.0
2026-05-13T14:00:00Z,92.226,92.317,91.035,91.756,122588.0
2026-05-13T15:00:00Z,91.75,91.927,90.245,90.415,159591.0
2026-05-13T16:00:00Z,90.4072,91.247,90.4,90.8374,103853.0
2026-05-13T17:00:00Z,90.846,91.116,90.685,90.896,46140.0
2026-05-13T18:00:00Z,90.896,91.396,90.745,90.926,99283.0
2026-05-13T19:00:00Z,90.926,90.9999,90.464,90.935,39028.0
2026-05-13T20:00:00Z,90.972,91.337,90.925,91.205,18823.0
2026-05-13T21:00:00Z,91.266,91.267,90.705,90.876,10518.0
2026-05-13T22:00:00Z,90.885,91.226,90.625,91.166,6590.0
2026-05-13T23:00:00Z,91.246,91.316,91.045,91.135,7207.0
2026-05-14T00:00:00Z,91.155,91.426,91.066,91.2623,11521.0
2026-05-14T01:00:00Z,91.2,91.346,90.9765,91.155,22857.0
2026-05-14T02:00:00Z,91.15,91.236,90.445,90.576,25468.0
2026-05-14T03:00:00Z,90.545,90.786,89.8165,89.924,80518.0
2026-05-14T04:00:00Z,89.935,90.616,89.854,90.465,36653.0
2026-05-14T05:00:00Z,90.435,91.476,90.4,91.285,52594.0
2026-05-14T06:00:00Z,91.265,91.456,91.135,91.4,26967.0
2026-05-14T07:00:00Z,91.395,91.63,90.674,90.88,70089.0
2026-05-14T08:00:00Z,90.876,91.3,90.675,91.045,27625.0
2026-05-14T09:00:00Z,91.1,91.136,90.565,90.845,23264.0
2026-05-14T10:00:00Z,90.835,91.13,90.645,91.046,28265.0
2026-05-14T11:00:00Z,91.046,91.096,90.61,90.615,25033.0
2026-05-14T12:00:00Z,90.61,91.276,90.512,91.195,44590.0
2026-05-14T13:00:00Z,91.206,91.466,90.715,90.795,57341.0
2026-05-14T14:00:00Z,90.74,92.317,90.615,92.266,153827.0
2026-05-14T15:00:00Z,92.266,93.2445,91.915,93.144,144387.0
2026-05-14T16:00:00Z,93.156,93.687,92.337,93.327,171746.0
2026-05-14T17:00:00Z,93.316,93.587,92.286,93.016,159517.0
2026-05-14T18:00:00Z,93.0,93.647,92.696,93.426,86321.0
2026-05-14T19:00:00Z,93.446,93.647,92.776,92.897,39025.0
2026-05-14T20:00:00Z,92.906,92.977,92.356,92.686,23327.0
2026-05-14T21:00:00Z,92.847,92.937,92.536,92.717,6845.0
2026-05-14T22:00:00Z,92.717,92.897,92.606,92.636,2839.0
2026-05-14T23:00:00Z,92.6,92.636,92.116,92.146,13042.0
2026-05-15T00:00:00Z,92.126,92.667,92.086,92.417,19622.0
2026-05-15T01:00:00Z,92.447,92.547,91.675,91.755,35793.0
2026-05-15T02:00:00Z,91.725,92.447,91.475,92.357,50272.0
2026-05-15T03:00:00Z,92.356,92.487,91.865,92.057,27342.0
2026-05-15T04:00:00Z,92.057,92.057,91.251,91.276,62730.0
2026-05-15T05:00:00Z,91.286,91.526,90.265,90.616,70337.0
2026-05-15T06:00:00Z,90.635,91.086,90.465,91.006,31621.0
2026-05-15T07:00:00Z,91.0,91.737,90.924,91.605,40679.0
2026-05-15T08:00:00Z,91.6013,91.65,90.965,91.276,37430.0
2026-05-15T09:00:00Z,91.296,91.327,90.915,91.16,30381.0
2026-05-15T10:00:00Z,91.165,91.5851,91.005,91.476,28889.0
2026-05-15T11:00:00Z,91.486,91.546,91.165,91.2719,21937.0
2026-05-15T12:00:00Z,91.255,91.266,90.565,90.676,50318.0
2026-05-15T13:00:00Z,90.676,90.676,88.679,88.915,224914.0
2026-05-15T14:00:00Z,88.905,89.545,88.525,89.055,115084.0
2026-05-15T15:00:00Z,89.075,89.28,88.694,89.055,51579.0
2026-05-15T16:00:00Z,89.055,89.715,88.804,89.514,83743.0
2026-05-15T17:00:00Z,89.515,89.915,89.494,89.835,47397.0
2026-05-15T18:00:00Z,89.835,90.106,89.484,89.804,66015.0
2026-05-15T19:00:00Z,89.794,89.794,89.354,89.394,23752.0
2026-05-15T20:00:00Z,89.425,89.515,89.1,89.2757,19326.0
2026-05-15T21:00:00Z,89.274,89.435,88.984,89.054,7618.0
2026-05-15T22:00:00Z,89.115,89.365,89.064,89.345,3195.0
2026-05-15T23:00:00Z,89.344,89.405,89.214,89.275,3200.0
2026-05-16T00:00:00Z,89.174,89.436,89.14,89.225,15609.0
2026-05-16T01:00:00Z,89.234,89.365,88.954,89.315,22148.0
2026-05-16T02:00:00Z,89.3115,89.4,88.983,89.205,19325.0
2026-05-16T03:00:00Z,89.23,89.275,89.0,89.054,10290.0
2026-05-16T04:00:00Z,89.055,89.075,88.174,88.854,65403.0
2026-05-16T05:00:00Z,88.865,88.925,88.274,88.5628,33457.0
2026-05-16T06:00:00Z,88.565,88.65,87.803,88.003,61607.0
2026-05-16T07:00:00Z,88.003,88.025,86.693,87.473,153806.0
2026-05-16T08:00:00Z,87.454,87.624,87.353,87.483,36699.0
2026-05-16T09:00:00Z,87.473,87.504,85.751,86.023,151662.0
2026-05-16T10:00:00Z,86.002,86.134,85.5,85.99,83780.0
2026-05-16T11:00:00Z,85.99,86.309,85.99,86.083,56604.0
2026-05-16T12:00:00Z,86.083,86.427,85.9901,86.223,46441.0
2026-05-16T13:00:00Z,86.223,86.333,86.088,86.244,24515.0
2026-05-16T14:00:00Z,86.25,86.695,86.053,86.383,57591.0
2026-05-16T15:00:00Z,86.363,86.655,86.243,86.474,37935.0
2026-05-16T16:00:00Z,86.47,86.774,86.3588,86.6039,45137.0
2026-05-16T17:00:00Z,86.613,86.954,86.603,86.794,41155.0
2026-05-16T18:00:00Z,86.794,86.954,86.6,86.804,20666.0
2026-05-16T19:00:00Z,86.7984,86.846,86.643,86.684,9794.0
2026-05-16T20:00:00Z,86.713,86.884,86.663,86.663,7424.0
2026-05-16T21:00:00Z,86.684,86.784,86.482,86.583,11807.0
2026-05-16T22:00:00Z,86.543,86.696,86.433,86.513,5027.0
2026-05-16T23:00:00Z,86.53,86.694,86.473,86.523,3717.0
2026-05-17T00:00:00Z,86.534,86.714,85.962,86.134,25304.0
2026-05-17T01:00:00Z,86.144,86.344,85.572,85.753,49166.0
2026-05-17T02:00:00Z,85.743,86.249,85.742,85.993,30091.0
2026-05-17T03:00:00Z,85.993,86.63,85.993,86.524,36249.0
2026-05-17T04:00:00Z,86.514,86.974,86.463,86.854,41492.0
2026-05-17T05:00:00Z,86.833,87.293,86.833,86.893,51267.0
2026-05-17T06:00:00Z,86.903,87.014,86.723,86.844,35278.0
2026-05-17T07:00:00Z,86.848,87.105,86.763,86.953,27779.0
2026-05-17T08:00:00Z,86.954,87.014,86.563,86.814,26901.0
2026-05-17T09:00:00Z,86.814,86.9841,86.692,86.874,19175.0
2026-05-17T10:00:00Z,86.874,87.265,86.793,86.973,44534.0
2026-05-17T11:00:00Z,86.984,87.004,86.771,86.883,17883.0
2026-05-17T12:00:00Z,86.894,87.004,86.703,86.75,21499.0
2026-05-17T13:00:00Z,86.743,86.774,86.282,86.394,76282.0
2026-05-17T14:00:00Z,86.383,86.445,85.9357,86.293,51852.0
2026-05-17T15:00:00Z,86.282,86.4905,86.153,86.444,16140.0
2026-05-17T16:00:00Z,86.433,86.684,86.1202,86.283,28112.0
2026-05-17T17:00:00Z,86.304,86.344,85.982,86.233,25354.0
2026-05-17T18:00:00Z,86.244,86.43,86.002,86.43,28619.0
2026-05-17T19:00:00Z,86.43,86.934,86.413,86.804,30293.0
2026-05-17T20:00:00Z,86.794,86.844,86.553,86.673,7047.0
2026-05-17T21:00:00Z,86.673,86.964,86.593,86.923,8719.0
2026-05-17T22:00:00Z,86.893,86.904,85.982,86.174,19698.0
2026-05-17T23:00:00Z,86.183,86.183,83.392,85.223,104239.0
2026-05-18T00:00:00Z,85.222,85.353,84.356,85.353,52329.0
2026-05-18T01:00:00Z,85.333,85.463,84.512,84.983,46306.0
2026-05-18T02:00:00Z,84.962,85.353,84.7083,84.883,27357.0
2026-05-18T03:00:00Z,84.872,85.243,84.712,84.832,26140.0
2026-05-18T04:00:00Z,84.8383,85.314,84.582,85.252,28567.0
2026-05-18T05:00:00Z,85.273,85.373,84.642,84.832,29451.0
2026-05-18T06:00:00Z,84.853,84.983,84.262,84.713,37535.0
2026-05-18T07:00:00Z,84.733,85.003,84.392,84.742,21651.0
2026-05-18T08:00:00Z,84.8,85.0087,84.602,84.9,20116.0
2026-05-18T09:00:00Z,84.902,84.923,84.452,84.482,26379.0
2026-05-18T10:00:00Z,84.483,84.523,84.2,84.263,38604.0
2026-05-18T11:00:00Z,84.283,85.3192,84.082,84.973,100606.0
2026-05-18T12:00:00Z,84.972,85.795,84.972,85.572,116105.0
2026-05-18T13:00:00Z,85.573,85.573,84.313,84.682,97011.0
2026-05-18T14:00:00Z,84.682,84.683,83.701,83.971,98135.0
2026-05-18T15:00:00Z,83.985,84.403,83.611,84.212,73042.0
2026-05-18T16:00:00Z,84.223,84.5,83.971,84.322,53357.0
2026-05-18T17:00:00Z,84.313,84.703,84.2328,84.402,33586.0
2026-05-18T18:00:00Z,84.392,84.434,83.491,83.523,69950.0
2026-05-18T19:00:00Z,83.5,85.233,83.5,84.992,69390.0
2026-05-18T20:00:00Z,85.023,85.423,84.831,84.912,27284.0
2026-05-18T21:00:00Z,84.902,85.683,84.771,85.583,17586.0
2026-05-18T22:00:00Z,85.623,85.773,85.262,85.473,11610.0
2026-05-18T23:00:00Z,85.462,85.643,85.262,85.383,6716.0
2026-05-19T00:00:00Z,85.383,85.984,85.321,85.572,26481.0
2026-05-19T01:00:00Z,85.572,85.603,84.9,84.9,30477.0
2026-05-19T02:00:00Z,84.9,85.293,84.6,84.853,25620.0
2026-05-19T03:00:00Z,84.833,85.243,84.712,85.062,24013.0
2026-05-19T04:00:00Z,85.073,85.313,84.791,85.142,15757.0
2026-05-19T05:00:00Z,85.163,85.276,84.452,85.172,39451.0
2026-05-19T06:00:00Z,85.172,85.583,85.112,85.252,25193.0
2026-05-19T07:00:00Z,85.222,85.63,85.122,85.483,28147.0
2026-05-19T08:00:00Z,85.493,85.584,85.022,85.232,33199.0
2026-05-19T09:00:00Z,85.22,85.303,84.462,84.742,47014.0
2026-05-19T10:00:00Z,84.742,84.873,84.312,84.703,32599.0
2026-05-19T11:00:00Z,84.713,84.813,84.252,84.372,25199.0
2026-05-19T12:00:00Z,84.3659,84.787,84.273,84.773,18820.0
2026-05-19T13:00:00Z,84.773,85.103,84.362,84.782,59498.0
2026-05-19T14:00:00Z,84.753,84.95,83.661,84.102,84480.0
2026-05-19T15:00:00Z,84.082,84.56,84.001,84.353,43043.0
2026-05-19T16:00:00Z,84.37,84.903,84.132,84.842,43676.0
2026-05-19T17:00:00Z,84.8428,85.0141,84.462,84.672,47779.0
2026-05-19T18:00:00Z,84.672,84.8,84.242,84.372,28711.0
2026-05-19T19:00:00Z,84.412,84.753,84.212,84.343,12189.0
2026-05-19T20:00:00Z,84.332,84.59,84.302,84.522,4444.0
2026-05-19T21:00:00Z,84.533,84.663,84.402,84.432,2899.0
2026-05-19T22:00:00Z,84.402,84.413,83.9983,84.092,10830.0
2026-05-19T23:00:00Z,84.063,84.593,84.052,84.293,5522.0
2026-05-20T00:00:00Z,84.283,84.403,83.901,84.213,13996.0
2026-05-20T01:00:00Z,84.202,84.513,83.841,84.373,47307.0
2026-05-20T02:00:00Z,84.373,84.493,83.9199,83.992,16052.0
2026-05-20T03:00:00Z,83.961,84.273,83.8603,84.083,17326.0
2026-05-20T04:00:00Z,84.102,84.223,83.871,84.223,15000.0
2026-05-20T05:00:00Z,84.223,84.953,84.223,84.773,42481.0
2026-05-20T06:00:00Z,84.783,85.015,84.712,84.972,19712.0
2026-05-20T07:00:00Z,84.978,85.133,84.682,84.742,24524.0
2026-05-20T08:00:00Z,84.753,85.153,84.712,84.983,27555.0
2026-05-20T09:00:00Z,84.962,85.074,84.832,84.862,13878.0
2026-05-20T10:00:00Z,84.893,85.2,84.872,84.943,20011.0
2026-05-20T11:00:00Z,84.952,85.033,84.562,84.708,30074.0
2026-05-20T12:00:00Z,84.6963,85.333,84.61,85.092,31653.0
2026-05-20T13:00:00Z,85.092,85.163,84.1604,84.662,57755.0
2026-05-20T14:00:00Z,84.683,86.146,84.332,85.882,99965.0
2026-05-20T15:00:00Z,85.85,86.284,85.41,85.922,76131.0
2026-05-20T16:00:00Z,85.933,86.824,85.522,86.484,107101.0
2026-05-20T17:00:00Z,86.484,87.094,86.303,86.513,57306.0
2026-05-20T18:00:00Z,86.5059,86.585,85.6945,85.843,54731.0
2026-05-20T19:00:00Z,85.802,86.294,85.62,86.173,26485.0
2026-05-20T20:00:00Z,86.144,86.234,85.543,86.203,30744.0
2026-05-20T21:00:00Z,86.163,86.335,85.962,85.983,11882.0
2026-05-20T22:00:00Z,85.973,86.184,85.602,86.032,12912.0
2026-05-20T23:00:00Z,86.0139,86.15,85.852,86.15,2463.0
2026-05-21T00:00:00Z,86.113,86.833,86.113,86.623,18403.0
2026-05-21T01:00:00Z,86.634,87.034,86.441,86.544,25693.0
2026-05-21T02:00:00Z,86.533,86.884,86.4354,86.61,18715.0
2026-05-21T03:00:00Z,86.61,86.934,86.543,86.854,21467.0
2026-05-21T04:00:00Z,86.854,87.214,86.7721,86.994,38526.0
2026-05-21T05:00:00Z,86.994,87.114,86.343,86.504,30352.0
2026-05-21T06:00:00Z,86.504,86.595,86.193,86.304,30867.0
2026-05-21T07:00:00Z,86.304,86.734,86.25,86.654,29931.0
2026-05-21T08:00:00Z,86.654,87.2,86.632,86.833,29604.0
2026-05-21T09:00:00Z,86.813,87.0393,86.443,86.494,30781.0
2026-05-21T10:00:00Z,86.484,86.6529,85.7,85.753,50555.0
2026-05-21T11:00:00Z,85.753,85.933,85.562,85.572,31429.0
2026-05-21T12:00:00Z,85.5805,85.853,85.421,85.742,37323.0
2026-05-21T13:00:00Z,85.7394,86.125,85.32,86.064,62162.0
2026-05-21T14:00:00Z,86.064,86.4779,85.602,85.993,60412.0
2026-05-21T15:00:00Z,85.993,86.906,85.892,86.464,56502.0
2026-05-21T16:00:00Z,86.474,86.604,86.052,86.264,28576.0
2026-05-21T17:00:00Z,86.3,88.038,86.1822,87.613,123460.0
2026-05-21T18:00:00Z,87.613,87.804,86.792,87.0755,61521.0
2026-05-21T19:00:00Z,87.074,87.885,87.074,87.823,30842.0
2026-05-21T20:00:00Z,87.8677,87.944,87.501,87.563,11417.0
2026-05-21T21:00:00Z,87.584,87.694,87.333,87.344,5593.0
2026-05-21T22:00:00Z,87.374,87.504,87.143,87.173,5607.0
2026-05-21T23:00:00Z,87.154,87.384,87.003,87.324,7187.0
2026-05-22T00:00:00Z,87.354,87.354,86.833,86.843,14093.0
2026-05-22T01:00:00Z,86.843,87.104,86.593,87.063,20731.0
2026-05-22T02:00:00Z,87.063,87.2368,86.982,87.163,19684.0
2026-05-22T03:00:00Z,87.19,87.314,86.913,87.033,14514.0
2026-05-22T04:00:00Z,87.084,87.385,86.913,86.984,19794.0
2026-05-22T05:00:00Z,86.974,87.154,86.712,86.793,19860.0
2026-05-22T06:00:00Z,86.804,86.845,86.503,86.703,30112.0
2026-05-22T07:00:00Z,86.704,87.1513,86.523,86.973,18216.0
2026-05-22T08:00:00Z,86.974,87.524,86.853,87.144,35787.0
2026-05-22T09:00:00Z,87.123,87.404,87.043,87.264,19052.0
2026-05-22T10:00:00Z,87.243,87.273,86.873,86.983,17688.0
2026-05-22T11:00:00Z,87.044,87.344,86.713,87.313,24120.0
2026-05-22T12:00:00Z,87.333,87.795,87.243,87.774,42703.0
2026-05-22T13:00:00Z,87.763,87.864,87.093,87.4,49905.0
2026-05-22T14:00:00Z,87.3708,87.3708,86.3499,86.624,76105.0
2026-05-22T15:00:00Z,86.614,86.985,86.2563,86.773,54515.0
2026-05-22T16:00:00Z,86.764,87.034,86.663,86.924,22609.0
2026-05-22T17:00:00Z,86.933,87.194,86.503,86.644,47338.0
2026-05-22T18:00:00Z,86.664,86.696,84.587,85.462,141077.0
2026-05-22T19:00:00Z,85.442,85.634,83.9696,84.593,84104.0
2026-05-22T20:00:00Z,84.573,85.066,84.552,84.973,13999.0
2026-05-22T21:00:00Z,84.942,85.293,84.922,85.173,15213.0
2026-05-22T22:00:00Z,85.173,85.213,84.792,84.9595,9039.0
2026-05-22T23:00:00Z,85.0088,85.153,83.978,84.372,18482.0
2026-05-23T00:00:00Z,84.422,84.554,84.072,84.432,22700.0
2026-05-23T01:00:00Z,84.442,84.653,84.312,84.513,17184.0
2026-05-23T02:00:00Z,84.553,84.583,84.21,84.523,15531.0
2026-05-23T03:00:00Z,84.502,84.7351,84.482,84.693,19182.0
2026-05-23T04:00:00Z,84.683,84.7,84.332,84.392,16078.0
2026-05-23T05:00:00Z,84.403,84.465,84.15,84.442,19994.0
2026-05-23T06:00:00Z,84.433,84.483,84.162,84.253,13697.0
2026-05-23T07:00:00Z,84.273,84.313,81.4,82.211,142294.0
2026-05-23T08:00:00Z,82.221,82.342,81.67,82.112,79897.0
2026-05-23T09:00:00Z,82.101,82.23,81.94,81.971,30832.0
2026-05-23T10:00:00Z,81.981,82.342,81.97,82.211,26407.0
2026-05-23T11:00:00Z,82.222,82.442,82.191,82.25,19691.0
2026-05-23T12:00:00Z,82.241,82.524,82.111,82.441,23211.0
2026-05-23T13:00:00Z,82.441,83.4,82.441,83.202,78762.0
2026-05-23T14:00:00Z,83.221,84.463,83.061,84.113,81009.0
2026-05-23T15:00:00Z,84.133,84.523,83.621,84.082,80791.0
2026-05-23T16:00:00Z,84.092,84.303,83.911,84.102,37168.0
2026-05-23T17:00:00Z,84.112,84.353,83.981,84.223,27415.0
2026-05-23T18:00:00Z,84.182,85.143,84.162,84.682,86700.0
2026-05-23T19:00:00Z,84.743,85.116,84.602,85.073,15200.0
2026-05-23T20:00:00Z,86.578,87.086,86.45,87.079,36404.0
2026-05-23T21:00:00Z,87.084,87.524,85.972,86.284,53263.0
2026-05-23T22:00:00Z,86.313,86.604,85.499,85.792,31627.0
2026-05-23T23:00:00Z,85.722,85.933,85.652,85.743,14631.0
2026-05-24T00:00:00Z,85.803,85.993,85.602,85.872,10917.0
2026-05-24T01:00:00Z,85.893,86.23,85.852,86.013,20139.0
2026-05-24T02:00:00Z,86.022,86.104,85.722,85.972,16424.0
2026-05-24T03:00:00Z,85.973,86.1211,85.612,85.82,18368.0
2026-05-24T04:00:00Z,85.843,86.1,85.772,85.923,17861.0
2026-05-24T05:00:00Z,85.912,86.174,85.572,86.174,33627.0
2026-05-24T06:00:00Z,86.164,86.486,85.932,86.453,38165.0
2026-05-24T07:00:00Z,86.474,86.704,86.021,86.074,35441.0
2026-05-24T08:00:00Z,86.084,86.527,86.01,86.514,23140.0
2026-05-24T09:00:00Z,86.503,87.053,86.4,86.55,37109.0
2026-05-24T10:00:00Z,86.55,86.744,86.253,86.483,31428.0
2026-05-24T11:00:00Z,86.494,86.904,86.4303,86.664,27914.0
2026-05-24T12:00:00Z,86.664,86.684,86.173,86.354,26695.0
2026-05-24T13:00:00Z,86.374,86.444,85.712,85.913,50191.0
2026-05-24T14:00:00Z,85.902,86.023,84.452,85.252,92841.0
2026-05-24T15:00:00Z,85.263,85.453,85.151,85.292,27315.0
2026-05-24T16:00:00Z,85.3,85.853,85.2,85.642,58481.0
2026-05-24T17:00:00Z,85.653,85.803,85.48,85.653,21699.0
2026-05-24T18:00:00Z,85.653,85.683,85.259,85.403,21668.0
2026-05-24T19:00:00Z,85.372,85.514,85.211,85.343,8979.0
2026-05-24T20:00:00Z,85.383,85.413,84.582,84.762,24006.0
2026-05-24T21:00:00Z,84.773,84.973,83.68,83.941,29959.0
2026-05-24T22:00:00Z,84.063,85.323,84.012,84.972,17297.0
2026-05-24T23:00:00Z,84.982,85.503,84.982,85.241,8055.0
2026-05-25T00:00:00Z,85.273,85.6426,85.242,85.472,10698.0
2026-05-25T01:00:00Z,85.543,85.583,84.802,84.832,15461.0
2026-05-25T02:00:00Z,84.8581,85.75,84.8581,85.062,33442.0
2026-05-25T03:00:00Z,85.052,85.153,84.762,84.932,15616.0
2026-05-25T04:00:00Z,84.941,85.925,84.922,85.843,27567.0
2026-05-25T05:00:00Z,85.843,86.195,85.74,86.0,33613.0
2026-05-25T06:00:00Z,85.962,86.184,85.633,85.973,27394.0
2026-05-25T07:00:00Z,85.982,86.164,85.59,85.963,23071.0
2026-05-25T08:00:00Z,85.943,86.084,85.752,86.012,15274.0
2026-05-25T09:00:00Z,86.023,86.244,85.912,85.922,22005.0
2026-05-25T10:00:00Z,85.922,86.114,85.882,86.074,14509.0
2026-05-25T11:00:00Z,86.0587,86.1405,85.702,85.773,19860.0
2026-05-25T12:00:00Z,85.772,86.084,85.661,85.873,21207.0
2026-05-25T13:00:00Z,85.862,86.043,85.772,86.023,13343.0
2026-05-25T14:00:00Z,86.023,86.455,85.952,86.344,47202.0
2026-05-25T15:00:00Z,86.35,86.524,86.053,86.243,34705.0
2026-05-25T16:00:00Z,86.263,86.455,85.962,86.284,25747.0
2026-05-25T17:00:00Z,86.26,86.396,86.073,86.134,19300.0
2026-05-25T18:00:00Z,86.133,86.324,85.89,85.902,16031.0
2026-05-25T19:00:00Z,85.902,85.943,85.529,85.642,37874.0
2026-05-25T20:00:00Z,85.633,85.883,85.3,85.402,18460.0
2026-05-25T21:00:00Z,85.392,85.563,85.282,85.383,9270.0
2026-05-25T22:00:00Z,85.385,85.543,84.682,84.843,32175.0
2026-05-25T23:00:00Z,84.799,85.213,84.722,85.05,11068.0
2026-05-26T00:00:00Z,85.042,85.053,83.881,84.383,39126.0
2026-05-26T01:00:00Z,84.383,84.535,83.841,84.093,35722.0
2026-05-26T02:00:00Z,84.152,84.215,83.881,83.971,27425.0
2026-05-26T03:00:00Z,84.002,84.263,83.821,84.2,24219.0
2026-05-26T04:00:00Z,84.233,84.5,83.99,84.36,20734.0
2026-05-26T05:00:00Z,84.3576,84.973,84.262,84.642,40993.0
2026-05-26T06:00:00Z,84.623,84.834,84.391,84.593,27005.0
2026-05-26T07:00:00Z,84.6,84.622,84.082,84.353,43382.0
2026-05-26T08:00:00Z,84.362,84.573,84.337,84.443,14830.0
2026-05-26T09:00:00Z,84.463,84.7053,84.3327,84.472,15695.0
2026-05-26T10:00:00Z,84.463,85.825,84.382,85.573,82842.0
2026-05-26T11:00:00Z,85.563,85.653,85.222,85.233,28785.0
2026-05-26T12:00:00Z,85.222,85.415,84.812,85.333,57195.0
2026-05-26T13:00:00Z,85.322,85.774,84.687,85.502,61329.0
2026-05-26T14:00:00Z,85.55,86.134,84.752,85.233,116806.0
2026-05-26T15:00:00Z,85.222,85.353,84.011,84.472,96277.0
2026-05-26T16:00:00Z,84.472,84.563,83.911,84.193,51701.0
2026-05-26T17:00:00Z,84.2233,84.382,83.121,83.572,105988.0
2026-05-26T18:00:00Z,83.561,84.07,83.461,83.582,38302.0
2026-05-26T19:00:00Z,83.592,84.002,83.331,83.741,21331.0
2026-05-26T20:00:00Z,83.791,83.95,83.711,83.922,6380.0
2026-05-26T21:00:00Z,83.9417,83.95,83.551,83.682,11820.0
2026-05-26T22:00:00Z,83.702,83.85,83.521,83.652,9274.0
2026-05-26T23:00:00Z,83.672,83.832,83.631,83.702,4639.0
2026-05-27T00:00:00Z,83.702,84.163,83.702,84.15,9861.0
2026-05-27T01:00:00Z,84.133,84.193,83.791,83.862,10910.0
2026-05-27T02:00:00Z,83.851,83.962,83.551,83.952,16405.0
2026-05-27T03:00:00Z,83.952,84.073,83.467,83.621,22223.0
2026-05-27T04:00:00Z,83.601,83.672,82.819,83.641,45598.0
2026-05-27T05:00:00Z,83.642,83.932,83.561,83.871,23022.0
2026-05-27T06:00:00Z,83.892,84.05,83.721,84.021,18194.0
2026-05-27T07:00:00Z,84.04,84.214,83.861,84.213,22341.0
2026-05-27T08:00:00Z,84.213,84.425,83.88,83.921,30827.0
2026-05-27T09:00:00Z,83.962,83.962,83.601,83.771,32587.0
2026-05-27T10:00:00Z,83.782,84.083,83.661,83.941,28236.0
2026-05-27T11:00:00Z,83.941,84.233,83.881,83.921,37266.0
2026-05-27T12:00:00Z,83.922,84.693,83.541,83.921,80919.0
2026-05-27T13:00:00Z,83.911,84.042,82.951,83.621,92575.0
2026-05-27T14:00:00Z,83.65,84.134,83.237,83.901,77490.0
2026-05-27T15:00:00Z,83.912,84.85,83.891,84.432,100355.0
2026-05-27T16:00:00Z,84.452,84.754,83.851,84.193,63415.0
2026-05-27T17:00:00Z,84.192,84.203,83.161,83.401,77827.0
2026-05-27T18:00:00Z,83.391,84.003,83.191,83.95,36505.0
2026-05-27T19:00:00Z,83.952,84.153,83.87,83.922,22181.0
2026-05-27T20:00:00Z,83.921,84.136,83.751,83.842,9472.0
2026-05-27T21:00:00Z,83.812,83.812,82.09,82.472,50176.0
2026-05-27T22:00:00Z,82.35,83.012,82.241,82.439,12882.0
2026-05-27T23:00:00Z,82.4,82.682,82.176,82.411,17443.0
2026-05-28T00:00:00Z,82.442,82.732,82.351,82.712,12424.0
2026-05-28T01:00:00Z,82.7152,82.752,81.9035,82.27,33084.0
2026-05-28T02:00:00Z,82.282,82.432,82.0123,82.101,22724.0
2026-05-28T03:00:00Z,82.142,82.262,80.5,80.711,133569.0
2026-05-28T04:00:00Z,80.711,80.921,79.9999,80.881,100581.0
2026-05-28T05:00:00Z,80.881,80.9625,80.4,80.691,38022.0
2026-05-28T06:00:00Z,80.6797,81.081,80.5,80.961,37346.0
2026-05-28T07:00:00Z,80.971,81.281,80.839,81.241,41075.0
2026-05-28T08:00:00Z,81.24,81.27,80.8015,80.95,39500.0
2026-05-28T09:00:00Z,80.96,81.3,80.81,81.201,32838.0
2026-05-28T10:00:00Z,81.201,81.321,80.728,80.741,35417.0
2026-05-28T11:00:00Z,80.73,80.931,80.59,80.86,28058.0
2026-05-28T12:00:00Z,80.871,81.251,80.567,81.13,51000.0
2026-05-28T13:00:00Z,81.131,81.371,80.53,80.791,54032.0
2026-05-28T14:00:00Z,80.78,81.662,80.0,81.191,120491.0
2026-05-28T15:00:00Z,81.201,81.39,80.56,81.151,45031.0
2026-05-28T16:00:00Z,81.12,82.183,80.93,82.072,76963.0
2026-05-28T17:00:00Z,82.082,82.642,81.83,82.301,67409.0
2026-05-28T18:00:00Z,82.282,83.022,82.251,82.891,72249.0
2026-05-28T19:00:00Z,82.822,82.822,82.151,82.161,36891.0
2026-05-28T20:00:00Z,82.171,82.623,81.77,82.292,47259.0
2026-05-28T21:00:00Z,82.331,82.683,82.231,82.4251,6857.0
2026-05-28T22:00:00Z,82.411,82.632,81.9117,82.041,12491.0
2026-05-28T23:00:00Z,82.122,82.242,81.99,82.132,8527.0
2026-05-29T00:00:00Z,82.1547,82.4651,82.1547,82.321,8459.0
2026-05-29T01:00:00Z,82.392,82.482,82.08,82.222,12373.0
2026-05-29T02:00:00Z,82.231,82.33,81.469,81.56,31514.0
2026-05-29T03:00:00Z,81.581,81.961,81.52,81.631,22511.0
2026-05-29T04:00:00Z,81.66,81.94,81.37,81.921,30718.0
2026-05-29T05:00:00Z,81.91,82.192,81.82,82.072,34475.0
2026-05-29T06:00:00Z,82.052,82.5,82.01,82.291,36422.0
2026-05-29T07:00:00Z,82.272,82.464,81.9,82.231,26912.0
2026-05-29T08:00:00Z,82.231,82.5,82.161,82.202,19628.0
2026-05-29T09:00:00Z,82.252,82.643,82.191,82.46,22202.0
2026-05-29T10:00:00Z,82.442,82.442,82.091,82.141,28215.0
2026-05-29T11:00:00Z,82.141,82.223,81.51,81.771,47303.0
2026-05-29T12:00:00Z,81.75,81.791,81.302,81.5,44129.0
2026-05-29T13:00:00Z,81.4717,81.7,81.089,81.421,65391.0
2026-05-29T14:00:00Z,81.461,81.592,80.35,81.351,122547.0
2026-05-29T15:00:00Z,81.351,83.25,81.21,82.571,160092.0
2026-05-29T16:00:00Z,82.6,83.122,82.181,82.931,65847.0
2026-05-29T17:00:00Z,82.941,83.232,82.67,82.771,57414.0
2026-05-29T18:00:00Z,82.822,82.985,81.8215,82.072,69072.0
2026-05-29T19:00:00Z,82.072,82.392,81.57,82.12,51841.0
2026-05-29T20:00:00Z,82.082,82.342,82.042,82.192,9428.0
2026-05-29T21:00:00Z,82.232,82.412,81.7,81.7,31451.0
2026-05-29T22:00:00Z,81.731,82.021,81.631,81.991,14145.0
2026-05-29T23:00:00Z,81.961,82.1,81.76,82.001,3802.0
2026-05-30T00:00:00Z,82.031,82.342,81.95,82.281,5781.0
2026-05-30T01:00:00Z,82.341,82.95,82.201,82.801,17834.0
2026-05-30T02:00:00Z,82.812,83.032,82.771,82.972,25067.0
2026-05-30T03:00:00Z,82.951,83.1,82.637,82.682,25294.0
2026-05-30T04:00:00Z,82.682,82.8075,81.8448,82.332,62061.0
2026-05-30T05:00:00Z,82.302,82.732,82.199,82.591,24630.0
2026-05-30T06:00:00Z,82.591,82.742,82.39,82.481,23723.0
2026-05-30T07:00:00Z,82.482,82.522,82.257,82.382,27005.0
2026-05-30T08:00:00Z,82.372,82.405,82.191,82.211,15051.0
2026-05-30T09:00:00Z,82.232,82.382,82.191,82.332,13885.0
2026-05-30T10:00:00Z,82.351,82.512,82.29,82.382,19503.0
2026-05-30T11:00:00Z,82.371,82.553,82.201,82.322,21721.0
2026-05-30T12:00:00Z,82.321,82.442,82.251,82.433,15465.0
2026-05-30T13:00:00Z,82.421,82.56,82.25,82.48,32810.0
2026-05-30T14:00:00Z,82.5,82.764,82.44,82.641,33574.0
2026-05-30T15:00:00Z,82.65,82.922,82.481,82.691,36970.0
2026-05-30T16:00:00Z,82.681,82.943,82.631,82.902,33668.0
2026-05-30T17:00:00Z,82.902,83.062,82.632,83.041,60362.0
2026-05-30T18:00:00Z,83.041,83.153,82.866,83.032,37170.0
2026-05-30T19:00:00Z,83.011,83.032,82.771,82.992,19834.0
2026-05-30T20:00:00Z,82.992,83.082,82.851,82.941,14113.0
2026-05-30T21:00:00Z,82.967,83.176,82.901,83.012,10688.0
2026-05-30T22:00:00Z,82.961,82.961,82.461,82.653,20250.0
2026-05-30T23:00:00Z,82.641,82.873,82.511,82.721,8861.0
2026-05-31T00:00:00Z,82.7354,82.952,82.611,82.952,8996.0
2026-05-31T01:00:00Z,82.962,83.224,82.961,83.022,20943.0
2026-05-31T02:00:00Z,83.022,83.413,82.871,83.162,36246.0
2026-05-31T03:00:00Z,83.162,83.352,83.101,83.231,15253.0
2026-05-31T04:00:00Z,83.231,83.3,83.091,83.221,13271.0
2026-05-31T05:00:00Z,83.191,83.232,82.991,83.052,19505.0
2026-05-31T06:00:00Z,83.021,83.032,82.837,82.9596,19384.0
2026-05-31T07:00:00Z,82.9596,82.9596,82.5,82.651,39448.0
2026-05-31T08:00:00Z,82.6557,82.873,82.581,82.801,24429.0
2026-05-31T09:00:00Z,82.8,83.062,82.639,82.752,31739.0
2026-05-31T10:00:00Z,82.722,82.743,82.4769,82.712,24618.0
2026-05-31T11:00:00Z,82.712,82.863,82.671,82.751,21437.0
2026-05-31T12:00:00Z,82.762,82.932,82.562,82.821,19218.0
2026-05-31T13:00:00Z,82.84,83.132,82.661,82.782,33637.0
2026-05-31T14:00:00Z,82.772,82.772,81.7779,81.961,90132.0
2026-05-31T15:00:00Z,81.931,82.27,81.824,81.871,38037.0
2026-05-31T16:00:00Z,81.86,82.031,81.42,81.5769,70513.0
2026-05-31T17:00:00Z,81.57,81.9,81.458,81.85,37176.0
2026-05-31T18:00:00Z,81.825,81.851,81.6,81.751,22594.0
2026-05-31T19:00:00Z,81.751,81.791,81.33,81.576,27418.0
2026-05-31T20:00:00Z,81.61,82.012,81.61,81.971,10446.0
2026-05-31T21:00:00Z,81.971,82.372,81.88,82.301,13064.0
2026-05-31T22:00:00Z,82.3926,82.702,82.051,82.571,16949.0
2026-05-31T23:00:00Z,82.552,82.932,81.94,82.442,21157.0
2026-06-01T00:00:00Z,82.441,83.112,82.361,82.832,25220.0
2026-06-01T01:00:00Z,82.85,82.85,81.749,81.761,37189.0
2026-06-01T02:00:00Z,81.751,82.902,81.608,82.711,45810.0
2026-06-01T03:00:00Z,82.701,82.992,82.551,82.632,31163.0
2026-06-01T04:00:00Z,82.631,82.782,81.7616,82.02,44873.0
2026-06-01T05:00:00Z,82.02,82.102,81.608,81.8,28257.0
2026-06-01T06:00:00Z,81.8103,81.871,81.11,81.441,57136.0
2026-06-01T07:00:00Z,81.441,81.562,80.62,80.73,54261.0
2026-06-01T08:00:00Z,80.711,81.032,80.44,80.971,35369.0
2026-06-01T09:00:00Z,80.981,81.281,80.981,81.06,27932.0
2026-06-01T10:00:00Z,81.0771,81.191,80.82,81.081,34176.0
2026-06-01T11:00:00Z,81.091,81.222,80.628,80.81,29350.0
2026-06-01T12:00:00Z,80.841,81.081,80.237,80.831,52513.0
2026-06-01T13:00:00Z,80.821,80.861,79.263,79.84,109034.0
2026-06-01T14:00:00Z,79.849,80.101,79.429,79.7,58987.0
2026-06-01T15:00:00Z,79.71,80.061,79.188,79.61,70491.0
2026-06-01T16:00:00Z,79.599,80.455,79.095,80.411,83943.0
2026-06-01T17:00:00Z,80.42,81.223,80.289,80.94,89071.0
2026-06-01T18:00:00Z,80.931,81.235,80.59,80.85,45326.0
2026-06-01T19:00:00Z,80.86,81.342,80.61,81.2,28748.0
2026-06-01T20:00:00Z,81.19,81.262,80.97,81.151,12849.0
2026-06-01T21:00:00Z,81.09,81.09,80.53,80.68,21622.0
2026-06-01T22:00:00Z,80.621,81.5,80.335,81.42,23525.0
2026-06-01T23:00:00Z,81.42,81.662,81.08,81.29,15624.0
2026-06-02T00:00:00Z,81.311,81.311,80.88,80.911,15766.0
2026-06-02T01:00:00Z,80.91,81.031,80.07,80.1,44642.0
2026-06-02T02:00:00Z,80.12,80.792,79.409,80.792,76574.0
2026-06-02T03:00:00Z,80.8,81.061,80.65,80.92,27155.0
2026-06-02T04:00:00Z,80.951,81.031,80.363,80.451,34633.0
2026-06-02T05:00:00Z,80.441,80.6,79.57,79.63,53010.0
2026-06-02T06:00:00Z,79.63,79.813,79.307,79.59,44049.0
2026-06-02T07:00:00Z,79.6187,79.93,79.128,79.67,42469.0
2026-06-02T08:00:00Z,79.669,79.8,79.459,79.609,21064.0
2026-06-02T09:00:00Z,79.62,79.65,78.769,79.099,72456.0
2026-06-02T10:00:00Z,79.11,79.495,78.957,79.45,42693.0
2026-06-02T11:00:00Z,79.4431,79.4431,78.839,78.939,38720.0
2026-06-02T12:00:00Z,78.939,79.16,78.679,78.989,46397.0
2026-06-02T13:00:00Z,78.979,79.235,78.798,78.939,42435.0
2026-06-02T14:00:00Z,78.96,78.9767,76.707,77.418,272636.0
2026-06-02T15:00:00Z,77.428,77.449,75.4909,76.369,228172.0
2026-06-02T16:00:00Z,76.369,77.66,76.128,76.698,152030.0
2026-06-02T17:00:00Z,76.708,77.179,76.468,76.809,77392.0
2026-06-02T18:00:00Z,76.819,77.059,75.792,76.128,78384.0
2026-06-02T19:00:00Z,76.128,76.249,74.438,75.548,154895.0
2026-06-02T20:00:00Z,75.447,75.91,74.755,75.417,79313.0
2026-06-02T21:00:00Z,75.417,76.069,75.3,75.648,42678.0
2026-06-02T22:00:00Z,75.638,75.638,73.3173,73.596,87468.0
2026-06-02T23:00:00Z,73.686,74.3,72.705,74.187,99920.0
2026-06-03T00:00:00Z,74.207,75.118,73.979,74.827,57697.0
2026-06-03T01:00:00Z,74.817,75.028,74.127,74.738,51595.0
2026-06-03T02:00:00Z,74.73,74.793,74.187,74.418,33873.0
2026-06-03T03:00:00Z,74.428,74.528,72.25,72.676,113805.0
2026-06-03T04:00:00Z,72.707,74.118,72.686,74.047,77009.0
2026-06-03T05:00:00Z,74.09,74.918,74.047,74.728,79543.0
2026-06-03T06:00:00Z,74.72,75.34,74.657,74.858,61440.0
2026-06-03T07:00:00Z,74.847,75.428,74.748,75.247,40472.0
2026-06-03T08:00:00Z,75.227,75.328,74.857,74.987,33633.0
2026-06-03T09:00:00Z,75.0177,75.4,74.697,74.9887,55732.0
2026-06-03T10:00:00Z,74.998,75.598,74.957,75.537,40864.0
2026-06-03T11:00:00Z,75.538,75.708,74.981,75.128,50479.0
2026-06-03T12:00:00Z,75.127,75.268,74.677,75.168,51710.0
2026-06-03T13:00:00Z,75.228,75.378,74.387,74.569,70811.0
2026-06-03T14:00:00Z,74.567,74.588,73.845,74.458,86851.0
2026-06-03T15:00:00Z,74.464,74.478,73.216,73.276,94691.0
2026-06-03T16:00:00Z,73.28,73.4686,72.034,72.976,161196.0
2026-06-03T17:00:00Z,72.99,74.098,72.366,73.156,149265.0
2026-06-03T18:00:00Z,73.186,73.45,72.436,73.0906,72320.0
2026-06-03T19:00:00Z,73.086,73.147,71.676,72.005,89011.0
2026-06-03T20:00:00Z,71.9307,72.417,70.8938,71.226,83400.0
2026-06-03T21:00:00Z,71.165,72.837,71.005,72.796,42805.0
2026-06-03T22:00:00Z,72.746,73.14,71.945,72.166,19805.0
2026-06-03T23:00:00Z,72.207,72.237,71.564,71.596,22110.0
2026-06-04T00:00:00Z,71.615,72.097,70.3,70.767,81788.0
2026-06-04T01:00:00Z,70.745,70.956,68.344,68.605,147621.0
2026-06-04T02:00:00Z,68.645,70.4457,66.641,70.035,187774.0
2026-06-04T03:00:00Z,70.106,71.626,70.014,71.445,91599.0
2026-06-04T04:00:00Z,71.46,71.7726,70.78,70.886,74616.0
2026-06-04T05:00:00Z,70.875,70.876,69.9,70.336,148717.0
2026-06-04T06:00:00Z,70.296,71.2118,70.246,70.335,88285.0
2026-06-04T07:00:00Z,70.355,70.386,69.114,69.144,110937.0
2026-06-04T08:00:00Z,69.155,69.435,68.303,69.194,135191.0
2026-06-04T09:00:00Z,69.194,69.195,67.722,68.834,134296.0
2026-06-04T10:00:00Z,68.864,68.9238,67.5372,67.863,152520.0
2026-06-04T11:00:00Z,67.934,68.685,67.4,68.675,125244.0
2026-06-04T12:00:00Z,68.685,70.376,68.304,70.096,167586.0
2026-06-04T13:00:00Z,70.0975,70.586,69.0,70.366,151124.0
2026-06-04T14:00:00Z,70.4,70.636,69.561,69.775,108787.0
2026-06-04T15:00:00Z,69.755,70.516,69.394,69.634,119221.0
2026-06-04T16:00:00Z,69.645,69.675,68.964,69.415,86662.0
2026-06-04T17:00:00Z,69.415,69.745,68.49,69.235,121534.0
2026-06-04T18:00:00Z,69.245,69.895,68.624,69.484,65357.0
2026-06-04T19:00:00Z,69.484,69.708,69.024,69.114,38395.0
2026-06-04T20:00:00Z,69.094,69.094,68.42,68.794,32790.0
2026-06-04T21:00:00Z,68.7165,69.045,67.5882,67.823,33988.0
2026-06-04T22:00:00Z,67.73,68.565,67.553,68.484,23524.0
2026-06-04T23:00:00Z,68.455,68.915,68.0,68.875,13152.0
2026-06-05T00:00:00Z,68.8192,69.085,68.25,68.3,25397.0
2026-06-05T01:00:00Z,68.274,68.805,67.553,68.524,50986.0
2026-06-05T02:00:00Z,68.525,68.595,67.1828,67.303,77625.0
2026-06-05T03:00:00Z,67.333,67.855,66.923,67.084,76803.0
2026-06-05T04:00:00Z,67.073,68.0,66.475,67.933,95167.0
2026-06-05T05:00:00Z,67.954,68.085,66.063,66.214,110128.0
2026-06-05T06:00:00Z,66.213,66.534,63.769,65.022,241035.0
2026-06-05T07:00:00Z,65.022,66.284,63.891,66.154,136825.0
2026-06-05T08:00:00Z,66.183,66.183,65.052,65.273,76876.0
2026-06-05T09:00:00Z,65.3,66.58,65.272,66.544,77243.0
2026-06-05T10:00:00Z,66.533,66.734,66.133,66.414,73377.0
2026-06-05T11:00:00Z,66.414,66.785,65.812,66.103,92770.0
2026-06-05T12:00:00Z,66.084,66.353,65.2112,65.82,85148.0
2026-06-05T13:00:00Z,65.823,66.814,64.293,64.313,155891.0
2026-06-05T14:00:00Z,64.323,65.863,63.941,65.273,184496.0
2026-06-05T15:00:00Z,65.273,65.333,63.767,64.273,143610.0
2026-06-05T16:00:00Z,64.243,65.9756,63.159,65.873,221332.0
2026-06-05T17:00:00Z,65.853,66.054,64.792,65.093,104650.0
2026-06-05T18:00:00Z,65.072,65.3862,62.611,62.891,192518.0
2026-06-05T19:00:00Z,62.871,63.832,61.4353,63.451,219979.0
2026-06-05T20:00:00Z,63.441,64.8,62.671,64.652,117142.0
2026-06-05T21:00:00Z,64.633,65.402,64.532,64.913,34346.0
2026-06-05T22:00:00Z,64.883,64.883,63.792,64.392,32898.0
2026-06-05T23:00:00Z,64.442,64.773,62.642,63.612,38977.0
2026-06-06T00:00:00Z,63.622,64.833,63.611,64.653,33461.0
2026-06-06T01:00:00Z,64.663,64.843,63.791,63.892,37492.0
2026-06-06T02:00:00Z,63.842,63.932,63.251,63.501,41678.0
2026-06-06T03:00:00Z,63.512,63.512,62.581,62.842,67258.0
2026-06-06T04:00:00Z,62.802,63.112,60.302,60.841,174640.0
2026-06-06T05:00:00Z,60.85,62.712,60.08,62.591,144768.0
2026-06-06T06:00:00Z,62.63,63.342,62.071,62.212,116117.0
2026-06-06T07:00:00Z,62.211,63.152,62.051,62.792,69340.0
2026-06-06T08:00:00Z,62.792,63.593,62.541,63.138,88033.0
2026-06-06T09:00:00Z,63.141,63.562,62.47,62.692,78805.0
2026-06-06T10:00:00Z,62.691,62.702,61.16,61.841,125269.0
2026-06-06T11:00:00Z,61.811,62.672,61.74,62.432,100047.0
2026-06-06T12:00:00Z,62.432,63.082,62.01,62.901,95272.0
2026-06-06T13:00:00Z,62.912,63.0404,62.16,62.421,86277.0
2026-06-06T14:00:00Z,62.421,62.922,62.311,62.321,58984.0
2026-06-06T15:00:00Z,62.332,62.482,61.29,62.041,152405.0
2026-06-06T16:00:00Z,62.031,62.403,61.4,62.111,115134.0
2026-06-06T17:00:00Z,62.122,62.263,61.45,61.61,65784.0
2026-06-06T18:00:00Z,61.61,62.132,61.4,61.72,74567.0
2026-06-06T19:00:00Z,61.72,62.192,61.62,61.6304,37352.0
2026-06-06T20:00:00Z,61.64,61.941,61.34,61.83,37994.0
2026-06-06T21:00:00Z,61.861,62.372,61.84,61.901,33410.0
2026-06-06T22:00:00Z,61.89,61.963,61.45,61.72,31102.0
2026-06-06T23:00:00Z,61.711,62.292,61.67,62.202,11599.0
2026-06-07T00:00:00Z,62.202,62.632,61.96,62.092,29750.0
2026-06-07T01:00:00Z,62.091,63.835,62.02,63.662,99384.0
2026-06-07T02:00:00Z,63.638,63.782,63.061,63.541,74225.0
2026-06-07T03:00:00Z,63.542,64.123,63.4,63.812,73534.0
2026-06-07T04:00:00Z,63.811,64.113,63.281,64.073,88436.0
2026-06-07T05:00:00Z,64.072,64.483,63.881,64.243,98515.0
2026-06-07T06:00:00Z,64.253,64.983,64.011,64.822,137288.0
2026-06-07T07:00:00Z,64.823,64.993,64.58,64.903,71767.0
2026-06-07T08:00:00Z,64.892,65.963,64.472,65.953,182825.0
2026-06-07T09:00:00Z,65.942,66.084,64.83,64.983,165977.0
2026-06-07T10:00:00Z,64.982,65.053,64.4168,64.633,124181.0
2026-06-07T11:00:00Z,64.633,65.193,64.5,64.982,77077.0
2026-06-07T12:00:00Z,64.992,65.063,63.622,64.292,144134.0
2026-06-07T13:00:00Z,64.263,64.414,64.062,64.302,46159.0
2026-06-07T14:00:00Z,64.302,65.333,64.302,64.9,152926.0
2026-06-07T15:00:00Z,64.883,65.233,64.62,64.962,75411.0
2026-06-07T16:00:00Z,64.99,65.3,64.722,65.1166,69757.0
2026-06-07T17:00:00Z,65.133,65.6,65.052,65.3,84603.0
2026-06-07T18:00:00Z,65.282,65.555,64.872,64.902,62662.0
2026-06-07T19:00:00Z,64.932,64.953,63.61,63.912,129583.0
2026-06-07T20:00:00Z,63.892,64.783,63.711,64.683,46301.0
2026-06-07T21:00:00Z,64.693,64.883,64.282,64.593,23270.0
2026-06-07T22:00:00Z,64.63,67.904,64.492,65.823,83952.0
2026-06-07T23:00:00Z,65.773,66.6,65.762,66.504,34211.0
2026-06-08T00:00:00Z,66.484,67.074,66.002,66.704,45804.0
2026-06-08T01:00:00Z,66.734,66.734,65.3732,66.144,63154.0
2026-06-08T02:00:00Z,66.174,66.6159,66.033,66.444,41617.0
2026-06-08T03:00:00Z,66.444,66.744,66.153,66.334,37749.0
2026-06-08T04:00:00Z,66.333,66.384,65.35,65.401,62895.0
2026-06-08T05:00:00Z,65.422,65.633,64.952,65.312,71428.0
2026-06-08T06:00:00Z,65.303,65.873,65.252,65.652,44883.0
2026-06-08T07:00:00Z,65.673,66.204,65.351,66.083,66584.0
2026-06-08T08:00:00Z,66.063,66.074,65.432,65.612,53188.0
2026-06-08T09:00:00Z,65.613,66.374,65.572,66.353,64446.0
2026-06-08T10:00:00Z,66.35,66.434,65.782,66.184,51085.0
2026-06-08T11:00:00Z,66.174,67.064,66.033,66.684,91782.0
2026-06-08T12:00:00Z,66.684,67.325,65.995,67.244,92123.0
2026-06-08T13:00:00Z,67.263,67.284,66.4066,66.774,74166.0
2026-06-08T14:00:00Z,66.763,67.324,66.433,67.273,56064.0
2026-06-08T15:00:00Z,67.284,67.814,67.042,67.174,126834.0
2026-06-08T16:00:00Z,67.1795,67.75,66.873,66.968,86020.0
2026-06-08T17:00:00Z,66.944,67.394,66.533,67.374,106463.0
2026-06-08T18:00:00Z,67.374,67.6213,67.143,67.414,58589.0
2026-06-08T19:00:00Z,67.434,67.825,67.273,67.464,48321.0
2026-06-08T20:00:00Z,67.484,67.514,66.923,67.484,35549.0
2026-06-08T21:00:00Z,67.493,68.198,67.423,67.484,40419.0
2026-06-08T22:00:00Z,67.47,67.47,66.833,67.153,22541.0
2026-06-08T23:00:00Z,67.163,67.404,66.643,66.803,13925.0
2026-06-09T00:00:00Z,66.803,66.864,65.252,65.433,58549.0
2026-06-09T01:00:00Z,65.372,66.054,65.362,65.973,37395.0
2026-06-09T02:00:00Z,65.952,66.064,65.51,65.883,32954.0
2026-06-09T03:00:00Z,65.912,66.094,65.662,66.005,27207.0
2026-06-09T04:00:00Z,66.0,67.425,65.812,67.003,69144.0
2026-06-09T05:00:00Z,67.003,67.394,66.703,67.194,31208.0
2026-06-09T06:00:00Z,67.214,67.474,66.983,67.064,49719.0
2026-06-09T07:00:00Z,67.054,67.354,66.6243,66.894,40650.0
2026-06-09T08:00:00Z,66.904,66.915,66.393,66.594,50683.0
2026-06-09T09:00:00Z,66.603,66.837,66.073,66.163,78492.0
2026-06-09T10:00:00Z,66.183,66.484,65.979,66.414,45731.0
2026-06-09T11:00:00Z,66.403,66.464,65.882,66.114,53662.0
2026-06-09T12:00:00Z,66.094,66.524,65.942,66.203,43884.0
2026-06-09T13:00:00Z,66.204,66.3651,65.582,65.852,91105.0
2026-06-09T14:00:00Z,65.832,65.983,64.3859,65.073,252190.0
2026-06-09T15:00:00Z,65.08,65.323,64.252,64.332,138712.0
2026-06-09T16:00:00Z,64.312,64.493,63.531,64.143,174079.0
2026-06-09T17:00:00Z,64.153,65.173,64.1,64.782,119788.0
2026-06-09T18:00:00Z,64.832,65.543,64.662,65.292,96501.0
2026-06-09T19:00:00Z,65.292,65.663,65.052,65.433,57767.0
2026-06-09T20:00:00Z,65.432,65.703,65.282,65.612,17466.0
2026-06-09T21:00:00Z,65.622,65.65,64.881,65.033,21287.0
2026-06-09T22:00:00Z,65.033,65.353,64.812,64.843,15224.0
2026-06-09T23:00:00Z,64.903,65.163,64.682,64.952,11422.0
2026-06-10T00:00:00Z,65.012,65.223,64.472,65.183,26365.0
2026-06-10T01:00:00Z,65.192,65.293,64.7933,65.0997,27462.0
2026-06-10T02:00:00Z,65.092,65.243,64.228,64.303,34087.0
2026-06-10T03:00:00Z,64.282,64.853,64.272,64.503,29125.0
2026-06-10T04:00:00Z,64.502,64.653,64.111,64.282,25005.0
2026-06-10T05:00:00Z,64.293,64.38,63.901,64.113,34757.0
2026-06-10T06:00:00Z,64.113,64.353,63.811,64.193,40893.0
2026-06-10T07:00:00Z,64.182,64.773,64.132,64.492,41103.0
2026-06-10T08:00:00Z,64.492,64.513,63.411,63.588,112384.0
2026-06-10T09:00:00Z,63.6161,63.754,63.06,63.621,90588.0
2026-06-10T10:00:00Z,63.631,63.792,63.271,63.682,49083.0
2026-06-10T11:00:00Z,63.692,63.772,62.939,63.491,69448.0
2026-06-10T12:00:00Z,63.491,64.683,63.3066,64.112,94860.0
2026-06-10T13:00:00Z,64.122,65.524,64.001,65.073,130491.0
2026-06-10T14:00:00Z,65.082,65.273,64.572,65.053,111960.0
2026-06-10T15:00:00Z,65.052,65.774,64.542,65.443,153159.0
2026-06-10T16:00:00Z,65.443,65.473,64.222,64.602,103752.0
2026-06-10T17:00:00Z,64.612,64.96,63.611,64.032,119567.0
2026-06-10T18:00:00Z,64.072,64.207,63.36,63.821,77960.0
2026-06-10T19:00:00Z,63.842,63.942,63.391,63.541,37271.0
2026-06-10T20:00:00Z,63.552,63.652,63.161,63.352,28795.0
2026-06-10T21:00:00Z,63.322,63.322,62.332,62.571,55634.0
2026-06-10T22:00:00Z,62.582,63.052,62.36,62.772,13730.0
2026-06-10T23:00:00Z,62.782,63.3,62.451,63.242,17087.0
2026-06-11T00:00:00Z,63.181,63.762,63.181,63.652,20248.0
2026-06-11T01:00:00Z,63.672,65.153,63.661,64.912,63699.0
2026-06-11T02:00:00Z,64.903,64.9854,64.36,64.522,51955.0
2026-06-11T03:00:00Z,64.533,65.48,64.3273,65.252,54162.0
2026-06-11T04:00:00Z,65.252,65.334,64.9708,65.202,34615.0
2026-06-11T05:00:00Z,65.202,65.23,64.952,64.963,27759.0
2026-06-11T06:00:00Z,64.962,65.433,64.812,65.113,51472.0
2026-06-11T07:00:00Z,65.093,65.183,64.77,65.0426,40156.0
2026-06-11T08:00:00Z,65.042,65.535,65.042,65.313,62690.0
2026-06-11T09:00:00Z,65.313,65.563,65.02,65.4022,40913.0
2026-06-11T10:00:00Z,65.392,65.65,65.272,65.513,34867.0
2026-06-11T11:00:00Z,65.502,66.155,65.327,65.883,66471.0
2026-06-11T12:00:00Z,65.892,65.923,64.9,65.252,116582.0
2026-06-11T13:00:00Z,65.263,65.743,65.052,65.533,72672.0
2026-06-11T14:00:00Z,65.502,65.773,64.971,65.343,79175.0
2026-06-11T15:00:00Z,65.342,65.863,64.982,65.5397,82435.0
2026-06-11T16:00:00Z,65.543,65.8,65.3,65.383,44034.0
2026-06-11T17:00:00Z,65.362,67.194,65.0385,67.153,179638.0
2026-06-11T18:00:00Z,67.164,67.32,66.643,66.804,101890.0
2026-06-11T19:00:00Z,66.804,67.386,66.583,66.913,89400.0
2026-06-11T20:00:00Z,66.944,67.034,66.35,66.584,39359.0
2026-06-11T21:00:00Z,66.594,67.094,66.554,66.904,22503.0
2026-06-11T22:00:00Z,66.914,67.134,66.853,66.884,4063.0
2026-06-11T23:00:00Z,66.823,67.086,66.693,66.8861,10137.0
2026-06-12T00:00:00Z,66.864,67.093,66.743,66.904,19404.0
2026-06-12T01:00:00Z,66.864,66.864,66.433,66.684,20405.0
2026-06-12T02:00:00Z,66.6877,67.2886,66.673,67.124,33970.0
2026-06-12T03:00:00Z,67.113,67.154,66.663,67.034,38321.0
2026-06-12T04:00:00Z,67.044,67.234,66.833,67.064,23816.0
2026-06-12T05:00:00Z,67.053,67.064,66.623,66.713,26248.0
2026-06-12T06:00:00Z,66.724,66.814,65.932,66.103,65052.0
2026-06-12T07:00:00Z,66.123,66.464,66.123,66.324,35557.0
2026-06-12T08:00:00Z,66.354,67.064,66.333,66.893,62354.0
2026-06-12T09:00:00Z,66.904,67.5,66.823,67.173,73075.0
2026-06-12T10:00:00Z,67.173,67.354,66.583,66.783,78848.0
2026-06-12T11:00:00Z,66.794,67.114,66.773,66.923,42006.0
2026-06-12T12:00:00Z,66.903,66.994,66.632,66.764,34694.0
2026-06-12T13:00:00Z,66.784,67.015,66.363,66.734,85775.0
2026-06-12T14:00:00Z,66.693,67.984,66.683,67.923,109509.0
2026-06-12T15:00:00Z,67.923,68.805,67.153,67.234,191719.0
2026-06-12T16:00:00Z,67.25,68.014,67.063,68.004,93859.0
2026-06-12T17:00:00Z,68.014,68.215,67.253,67.394,92173.0
2026-06-12T18:00:00Z,67.4,67.464,66.983,67.064,88095.0
2026-06-12T19:00:00Z,67.053,67.414,66.683,66.754,67459.0
2026-06-12T20:00:00Z,66.793,66.844,66.513,66.694,32404.0
2026-06-12T21:00:00Z,66.683,66.924,66.4749,66.583,11379.0
2026-06-12T22:00:00Z,66.573,66.754,66.453,66.633,5448.0
2026-06-12T23:00:00Z,66.623,66.8124,66.473,66.794,9710.0
2026-06-13T00:00:00Z,66.794,67.074,66.763,66.973,17518.0
2026-06-13T01:00:00Z,66.984,67.524,66.973,67.444,38068.0
2026-06-13T02:00:00Z,67.444,67.4948,66.872,66.964,33521.0
2026-06-13T03:00:00Z,66.974,67.054,66.702,66.863,22561.0
2026-06-13T04:00:00Z,66.863,66.964,66.63,66.643,30263.0
2026-06-13T05:00:00Z,66.663,66.861,66.6,66.794,23163.0
2026-06-13T06:00:00Z,66.794,67.224,66.6657,67.153,49638.0
2026-06-13T07:00:00Z,67.163,67.48,66.963,67.363,41914.0
2026-06-13T08:00:00Z,67.364,67.554,67.263,67.313,51175.0
2026-06-13T09:00:00Z,67.313,67.534,67.283,67.343,29485.0
2026-06-13T10:00:00Z,67.374,67.614,67.333,67.434,40728.0
2026-06-13T11:00:00Z,67.423,67.969,67.373,67.9,76188.0
2026-06-13T12:00:00Z,67.9,68.064,67.78,67.934,30425.0
2026-06-13T13:00:00Z,67.9728,68.306,67.823,68.003,53800.0
2026-06-13T14:00:00Z,68.003,68.445,67.983,68.28,46333.0
2026-06-13T15:00:00Z,68.28,68.715,68.164,68.584,61764.0
2026-06-13T16:00:00Z,68.595,68.626,67.803,68.094,92690.0
2026-06-13T17:00:00Z,68.085,68.275,67.823,67.973,41603.0
2026-06-13T18:00:00Z,67.973,68.375,67.953,68.115,26189.0
2026-06-13T19:00:00Z,68.105,68.395,68.003,68.235,17926.0
2026-06-13T20:00:00Z,68.225,68.265,68.034,68.254,8117.0
2026-06-13T21:00:00Z,68.285,69.575,68.234,69.244,51280.0
2026-06-13T22:00:00Z,69.255,69.255,68.864,68.894,18150.0
2026-06-13T23:00:00Z,68.895,69.175,68.764,68.895,12251.0
2026-06-14T00:00:00Z,68.894,68.905,68.634,68.745,22199.0
2026-06-14T01:00:00Z,68.745,69.095,68.614,68.805,22379.0
2026-06-14T02:00:00Z,68.794,69.075,68.692,68.815,24249.0
2026-06-14T03:00:00Z,68.804,69.035,68.734,68.954,24421.0
2026-06-14T04:00:00Z,68.955,69.0,68.41,68.505,47267.0
2026-06-14T05:00:00Z,68.505,68.575,68.023,68.26,47271.0
2026-06-14T06:00:00Z,68.244,68.495,68.104,68.184,30711.0
2026-06-14T07:00:00Z,68.184,68.25,68.03,68.205,23285.0
2026-06-14T08:00:00Z,68.235,68.355,68.104,68.234,19588.0
2026-06-14T09:00:00Z,68.214,68.495,67.9,68.475,47321.0
2026-06-14T10:00:00Z,68.475,68.515,68.134,68.134,40052.0
2026-06-14T11:00:00Z,68.134,68.335,68.003,68.095,28675.0
2026-06-14T12:00:00Z,68.1,68.156,67.7005,67.774,54476.0
2026-06-14T13:00:00Z,67.774,67.864,67.503,67.764,49058.0
2026-06-14T14:00:00Z,67.764,67.834,66.923,67.264,92403.0
2026-06-14T15:00:00Z,67.274,67.544,67.253,67.423,48989.0
2026-06-14T16:00:00Z,67.413,67.734,67.403,67.484,49202.0
2026-06-14T17:00:00Z,67.484,67.7156,67.281,67.323,38400.0
2026-06-14T18:00:00Z,67.323,67.486,67.183,67.414,31840.0
2026-06-14T19:00:00Z,67.414,67.755,67.343,67.554,23609.0
2026-06-14T20:00:00Z,67.594,68.076,67.45,67.783,27884.0
2026-06-14T21:00:00Z,67.8003,70.536,67.793,70.133,100536.0
2026-06-14T22:00:00Z,70.156,70.7112,69.694,70.39,57406.0
2026-06-14T23:00:00Z,70.435,71.287,70.145,71.276,41016.0
2026-06-15T00:00:00Z,71.276,71.706,70.935,71.116,39407.0
2026-06-15T01:00:00Z,71.135,71.347,70.675,71.005,41534.0
2026-06-15T02:00:00Z,71.015,71.576,70.895,70.976,37388.0
2026-06-15T03:00:00Z,70.975,71.357,70.905,71.215,27833.0
2026-06-15T04:00:00Z,71.226,71.276,70.875,70.915,31354.0
2026-06-15T05:00:00Z,70.905,71.316,70.804,71.215,38338.0
2026-06-15T06:00:00Z,71.2,71.5,71.095,71.356,32936.0
2026-06-15T07:00:00Z,71.345,71.506,71.115,71.266,24605.0
2026-06-15T08:00:00Z,71.269,71.6108,71.16,71.276,28991.0
2026-06-15T09:00:00Z,71.286,71.458,70.795,71.216,44626.0
2026-06-15T10:00:00Z,71.216,72.2235,71.173,71.865,58168.0
2026-06-15T11:00:00Z,71.835,72.846,71.645,72.597,104853.0
2026-06-15T12:00:00Z,72.607,73.007,72.3,72.847,73360.0
2026-06-15T13:00:00Z,72.836,74.238,72.716,73.627,197834.0
2026-06-15T14:00:00Z,73.626,73.977,73.206,73.817,90078.0
2026-06-15T15:00:00Z,73.776,75.25,73.766,75.243,156777.0
2026-06-15T16:00:00Z,75.248,76.099,74.956,75.478,188714.0
2026-06-15T17:00:00Z,75.467,75.478,74.657,75.277,158677.0
2026-06-15T18:00:00Z,75.298,75.678,75.097,75.287,66922.0
2026-06-15T19:00:00Z,75.207,75.798,74.575,75.257,107937.0
2026-06-15T20:00:00Z,75.278,75.448,74.77,74.928,42741.0
2026-06-15T21:00:00Z,74.927,75.008,74.385,74.448,22685.0
2026-06-15T22:00:00Z,74.448,74.598,73.625,73.766,29576.0
2026-06-15T23:00:00Z,73.766,74.068,73.63,73.977,15815.0
2026-06-16T00:00:00Z,73.966,74.398,73.846,74.026,43208.0
2026-06-16T01:00:00Z,74.048,74.348,73.846,73.866,25994.0
2026-06-16T02:00:00Z,73.876,73.876,72.7942,73.027,78083.0
2026-06-16T03:00:00Z,73.026,73.809,72.852,73.737,59528.0
2026-06-16T04:00:00Z,73.737,73.94,73.196,73.366,60897.0
2026-06-16T05:00:00Z,73.366,73.827,73.366,73.656,39148.0
2026-06-16T06:00:00Z,73.68,74.287,73.676,74.178,48175.0
2026-06-16T07:00:00Z,74.178,74.531,74.117,74.458,49289.0
2026-06-16T08:00:00Z,74.457,75.648,74.337,75.377,92886.0
2026-06-16T09:00:00Z,75.367,75.459,74.807,74.837,68339.0
2026-06-16T10:00:00Z,74.847,75.118,74.66,74.698,49474.0
2026-06-16T11:00:00Z,74.677,74.878,74.377,74.658,59067.0
2026-06-16T12:00:00Z,74.678,75.528,74.487,74.938,94145.0
2026-06-16T13:00:00Z,74.9438,74.948,73.8735,73.987,108546.0
2026-06-16T14:00:00Z,73.986,74.3,72.325,72.956,181314.0
2026-06-16T15:00:00Z,72.967,73.667,72.856,73.3,96597.0
2026-06-16T16:00:00Z,73.276,73.487,73.0,73.086,43525.0
2026-06-16T17:00:00Z,73.127,73.837,73.046,73.667,65493.0
2026-06-16T18:00:00Z,73.707,74.348,73.576,74.006,75085.0
2026-06-16T19:00:00Z,73.956,74.228,73.486,73.846,50147.0
2026-06-16T20:00:00Z,73.826,74.248,73.666,74.128,32517.0
2026-06-16T21:00:00Z,74.147,74.208,73.746,73.947,9137.0
2026-06-16T22:00:00Z,73.937,74.1,73.606,73.826,7310.0
2026-06-16T23:00:00Z,73.826,73.967,73.416,73.537,9157.0
2026-06-17T00:00:00Z,73.597,73.78,73.316,73.356,14095.0
2026-06-17T01:00:00Z,73.367,74.017,73.166,73.927,34329.0
2026-06-17T02:00:00Z,73.926,74.468,73.676,74.048,42739.0
2026-06-17T03:00:00Z,74.048,74.048,73.506,73.657,26683.0
2026-06-17T04:00:00Z,73.686,74.1,73.586,73.796,23005.0
2026-06-17T05:00:00Z,73.827,73.997,73.426,73.626,37497.0
2026-06-17T06:00:00Z,73.6377,73.8134,73.171,73.417,35697.0
2026-06-17T07:00:00Z,73.417,73.607,72.976,73.256,38530.0
2026-06-17T08:00:00Z,73.2688,73.297,72.15,72.336,97480.0
2026-06-17T09:00:00Z,72.337,72.6722,72.305,72.537,54217.0
2026-06-17T10:00:00Z,72.557,72.687,72.116,72.147,54050.0
2026-06-17T11:00:00Z,72.156,72.247,71.705,72.026,76685.0
2026-06-17T12:00:00Z,72.036,72.338,71.578,72.327,76745.0
2026-06-17T13:00:00Z,72.307,72.767,72.146,72.437,75886.0
2026-06-17T14:00:00Z,72.38,72.667,71.815,72.376,80401.0
2026-06-17T15:00:00Z,72.397,73.867,72.346,73.796,108711.0
2026-06-17T16:00:00Z,73.796,74.703,73.696,73.767,124921.0
2026-06-17T17:00:00Z,73.797,74.348,73.456,74.18,100611.0
2026-06-17T18:00:00Z,74.208,74.387,72.156,73.507,199228.0
2026-06-17T19:00:00Z,73.537,73.697,71.414,71.635,108467.0
2026-06-17T20:00:00Z,71.655,72.247,71.525,72.196,24720.0
2026-06-17T21:00:00Z,72.197,72.227,71.35,71.616,15746.0
2026-06-17T22:00:00Z,71.585,71.926,70.795,71.696,27758.0
2026-06-17T23:00:00Z,71.665,72.117,71.665,72.036,9712.0
2026-06-18T00:00:00Z,72.046,72.498,72.016,72.267,21416.0
2026-06-18T01:00:00Z,72.217,72.617,72.076,72.2348,23009.0
2026-06-18T02:00:00Z,72.217,72.677,72.126,72.506,24233.0
2026-06-18T03:00:00Z,72.5,72.517,71.545,71.645,41455.0
2026-06-18T04:00:00Z,71.645,71.716,70.89,71.045,54097.0
2026-06-18T05:00:00Z,71.035,71.127,70.634,71.115,54368.0
2026-06-18T06:00:00Z,71.116,71.4,70.985,71.336,30626.0
2026-06-18T07:00:00Z,71.346,71.836,71.145,71.765,57639.0
2026-06-18T08:00:00Z,71.776,72.067,71.625,71.865,39764.0
2026-06-18T09:00:00Z,71.855,72.15,71.745,71.835,42312.0
2026-06-18T10:00:00Z,71.845,71.856,71.085,71.394,60437.0
2026-06-18T11:00:00Z,71.406,71.566,70.721,70.936,60506.0
2026-06-18T12:00:00Z,70.966,71.6099,70.876,71.556,42478.0
2026-06-18T13:00:00Z,71.545,71.7803,70.735,71.046,89417.0
2026-06-18T14:00:00Z,71.046,71.716,70.7,71.09,112856.0
2026-06-18T15:00:00Z,71.085,71.085,68.372,68.444,245869.0
2026-06-18T16:00:00Z,68.445,69.135,68.4,69.075,111124.0
2026-06-18T17:00:00Z,69.0915,69.1595,68.514,68.644,89101.0
2026-06-18T18:00:00Z,68.6643,68.995,68.25,68.6571,62506.0
2026-06-18T19:00:00Z,68.675,69.542,68.564,69.364,51275.0
2026-06-18T20:00:00Z,69.384,69.965,69.384,69.825,35716.0
2026-06-18T21:00:00Z,69.815,69.895,69.4,69.575,20675.0
2026-06-18T22:00:00Z,69.52,69.685,69.2621,69.5535,4866.0
2026-06-18T23:00:00Z,69.5,69.795,69.284,69.714,6681.0
2026-06-19T00:00:00Z,69.714,69.896,69.582,69.794,16011.0
2026-06-19T01:00:00Z,69.794,70.015,69.53,69.945,22177.0
2026-06-19T02:00:00Z,69.945,70.096,69.414,69.665,27433.0
2026-06-19T03:00:00Z,69.6578,69.745,68.621,69.035,57638.0
2026-06-19T04:00:00Z,69.055,69.275,68.2054,68.324,56261.0
2026-06-19T05:00:00Z,68.324,68.755,68.314,68.705,32460.0
2026-06-19T06:00:00Z,68.694,68.84,68.464,68.755,42908.0
2026-06-19T07:00:00Z,68.75,68.775,67.963,68.374,62933.0
2026-06-19T08:00:00Z,68.385,68.755,68.25,68.655,31997.0
2026-06-19T09:00:00Z,68.685,68.745,68.204,68.314,27286.0
2026-06-19T10:00:00Z,68.344,68.455,68.054,68.3158,31639.0
2026-06-19T11:00:00Z,68.315,68.476,68.094,68.234,20341.0
2026-06-19T12:00:00Z,68.264,68.725,67.913,68.624,60369.0
2026-06-19T13:00:00Z,68.635,69.585,68.384,69.264,108731.0
2026-06-19T14:00:00Z,69.274,69.475,68.8203,69.134,65779.0
2026-06-19T15:00:00Z,69.134,69.535,68.924,69.314,45870.0
2026-06-19T16:00:00Z,69.325,69.565,68.684,68.715,63667.0
2026-06-19T17:00:00Z,68.705,69.515,68.624,69.314,71038.0
2026-06-19T18:00:00Z,69.325,69.365,68.794,69.055,30066.0
2026-06-19T19:00:00Z,69.0415,69.145,68.774,68.955,18078.0
2026-06-19T20:00:00Z,68.965,69.3,68.714,69.254,10057.0
2026-06-19T21:00:00Z,69.265,69.295,68.894,68.965,6099.0
2026-06-19T22:00:00Z,69.035,69.44,68.994,69.3932,6372.0
2026-06-19T23:00:00Z,69.404,69.875,69.24,69.764,17501.0
2026-06-20T00:00:00Z,69.684,70.116,69.604,69.624,19836.0
2026-06-20T01:00:00Z,69.635,69.945,69.544,69.774,17840.0
2026-06-20T02:00:00Z,69.764,69.865,69.4817,69.634,18060.0
2026-06-20T03:00:00Z,69.634,70.109,69.634,70.005,36092.0
2026-06-20T04:00:00Z,69.994,71.087,69.884,70.867,97760.0
2026-06-20T05:00:00Z,70.886,72.469,70.703,71.786,162529.0
2026-06-20T06:00:00Z,71.796,72.381,71.7,72.086,80411.0
2026-06-20T07:00:00Z,72.11,72.137,71.454,71.576,76009.0
2026-06-20T08:00:00Z,71.58,71.65,71.265,71.335,75043.0
2026-06-20T09:00:00Z,71.3528,71.627,71.195,71.545,59068.0
2026-06-20T10:00:00Z,71.576,71.708,71.395,71.665,30736.0
2026-06-20T11:00:00Z,71.6925,72.077,71.425,71.776,51771.0
2026-06-20T12:00:00Z,71.776,71.926,71.3759,71.54,42364.0
2026-06-20T13:00:00Z,71.54,71.58,70.75,71.2,95185.0
2026-06-20T14:00:00Z,71.165,72.177,70.455,71.925,141069.0
2026-06-20T15:00:00Z,71.925,72.646,71.635,72.016,125389.0
2026-06-20T16:00:00Z,72.05,72.067,71.3207,71.676,66600.0
2026-06-20T17:00:00Z,71.676,71.677,71.075,71.555,62095.0
2026-06-20T18:00:00Z,71.545,71.956,71.525,71.755,39083.0
2026-06-20T19:00:00Z,71.756,71.916,71.584,71.856,21483.0
2026-06-20T20:00:00Z,71.845,72.052,71.71,72.016,14081.0
2026-06-20T21:00:00Z,72.016,72.44,71.955,72.407,21511.0
2026-06-20T22:00:00Z,72.356,74.298,72.356,73.567,64064.0
2026-06-20T23:00:00Z,73.566,73.647,73.217,73.227,20340.0
2026-06-21T00:00:00Z,73.227,73.287,73.016,73.186,21260.0
2026-06-21T01:00:00Z,73.2,73.3,72.876,73.1941,31949.0
2026-06-21T02:00:00Z,73.186,73.387,73.075,73.307,23995.0
2026-06-21T03:00:00Z,73.327,73.856,73.116,73.627,49937.0
2026-06-21T04:00:00Z,73.616,73.847,73.366,73.43,45238.0
2026-06-21T05:00:00Z,73.437,73.507,73.0,73.097,52854.0
2026-06-21T06:00:00Z,73.097,73.37,73.046,73.236,31297.0
2026-06-21T07:00:00Z,73.236,73.447,73.126,73.206,34865.0
2026-06-21T08:00:00Z,73.21,73.267,72.745,73.167,64760.0
2026-06-21T09:00:00Z,73.167,74.118,73.096,74.047,100532.0
2026-06-21T10:00:00Z,74.047,74.41,73.875,73.896,92793.0
2026-06-21T11:00:00Z,73.896,74.0114,73.1,73.196,126460.0
2026-06-21T12:00:00Z,73.186,73.687,72.9,73.616,85017.0
2026-06-21T13:00:00Z,73.627,73.937,73.456,73.917,61885.0
2026-06-21T14:00:00Z,73.906,74.158,73.636,74.107,56218.0
2026-06-21T15:00:00Z,74.1118,74.288,73.906,74.148,74081.0
2026-06-21T16:00:00Z,74.137,74.6654,73.776,74.338,90554.0
2026-06-21T17:00:00Z,74.327,74.648,74.047,74.237,81142.0
2026-06-21T18:00:00Z,74.248,74.468,73.866,74.218,52645.0
2026-06-21T19:00:00Z,74.218,74.478,74.107,74.438,29765.0
2026-06-21T20:00:00Z,74.437,74.568,73.366,73.417,44535.0
2026-06-21T21:00:00Z,73.416,73.467,72.426,73.147,59296.0
2026-06-21T22:00:00Z,73.136,73.267,72.626,73.05,17656.0
2026-06-21T23:00:00Z,73.0,73.088,72.3,72.456,24310.0
2026-06-22T00:00:00Z,72.446,73.587,72.446,73.346,33334.0
2026-06-22T01:00:00Z,73.397,74.994,73.256,74.388,65137.0
2026-06-22T02:00:00Z,74.377,74.427,73.76,73.817,52523.0
2026-06-22T03:00:00Z,73.817,74.068,73.266,73.506,53962.0
2026-06-22T04:00:00Z,73.526,73.907,73.336,73.857,32335.0
2026-06-22T05:00:00Z,73.857,74.138,73.776,73.947,33173.0
2026-06-22T06:00:00Z,73.947,74.208,73.546,73.746,37008.0
2026-06-22T07:00:00Z,73.707,74.488,73.666,74.108,59593.0
2026-06-22T08:00:00Z,74.107,74.328,73.706,73.897,32805.0
2026-06-22T09:00:00Z,73.907,74.027,73.566,73.7967,26979.0
2026-06-22T10:00:00Z,73.7677,74.027,73.585,73.766,23489.0
2026-06-22T11:00:00Z,73.777,74.449,73.646,74.187,66322.0
2026-06-22T12:00:00Z,74.2,74.568,74.037,74.418,54224.0
2026-06-22T13:00:00Z,74.4,74.989,74.237,74.977,86369.0
2026-06-22T14:00:00Z,74.988,74.998,73.175,73.427,166245.0
2026-06-22T15:00:00Z,73.436,73.797,72.976,73.136,98726.0
2026-06-22T16:00:00Z,73.136,73.2,72.55,72.936,93473.0
2026-06-22T17:00:00Z,72.936,73.327,72.626,73.262,73883.0
2026-06-22T18:00:00Z,73.277,73.567,72.566,72.616,80127.0
2026-06-22T19:00:00Z,72.617,72.797,72.436,72.757,46268.0
2026-06-22T20:00:00Z,72.707,72.957,72.476,72.827,20551.0
2026-06-22T21:00:00Z,72.817,72.877,72.266,72.727,17532.0
2026-06-22T22:00:00Z,72.757,72.957,71.345,72.096,52707.0
2026-06-22T23:00:00Z,72.047,72.167,71.825,71.935,12672.0
2026-06-23T00:00:00Z,71.945,72.006,71.452,71.865,28330.0
2026-06-23T01:00:00Z,71.865,72.036,71.291,71.695,40486.0
2026-06-23T02:00:00Z,71.696,72.036,71.545,71.996,29320.0
2026-06-23T03:00:00Z,71.986,71.996,71.7,71.975,23021.0
2026-06-23T04:00:00Z,71.986,72.018,71.3812,71.425,32622.0
2026-06-23T05:00:00Z,71.465,71.596,70.92,71.046,54937.0
2026-06-23T06:00:00Z,71.056,71.076,69.665,70.316,96920.0
2026-06-23T07:00:00Z,70.316,70.556,69.961,69.984,47046.0
2026-06-23T08:00:00Z,69.995,70.116,68.114,68.674,129977.0
2026-06-23T09:00:00Z,68.715,69.025,68.664,68.905,38515.0
2026-06-23T10:00:00Z,68.915,69.205,68.613,68.795,37803.0
2026-06-23T11:00:00Z,68.8,69.325,68.8,69.295,50804.0
2026-06-23T12:00:00Z,69.295,69.355,68.836,68.955,37928.0
2026-06-23T13:00:00Z,68.965,69.3591,68.634,69.165,68717.0
2026-06-23T14:00:00Z,69.185,69.668,69.054,69.174,104474.0
2026-06-23T15:00:00Z,69.144,69.186,68.374,68.904,91355.0
2026-06-23T16:00:00Z,68.915,69.395,68.7949,68.885,57888.0
2026-06-23T17:00:00Z,68.874,69.175,68.63,68.765,38413.0
2026-06-23T18:00:00Z,68.754,69.03,68.665,68.894,19785.0
2026-06-23T19:00:00Z,68.885,69.105,68.734,68.92,26110.0
2026-06-23T20:00:00Z,68.845,69.065,68.834,68.9962,11965.0
2026-06-23T21:00:00Z,69.005,69.315,68.984,69.254,8955.0
2026-06-23T22:00:00Z,69.254,69.835,69.244,69.565,18040.0
2026-06-23T23:00:00Z,69.474,69.816,69.3,69.664,10411.0
2026-06-24T00:00:00Z,69.674,70.146,69.574,69.964,25573.0
2026-06-24T01:00:00Z,69.975,70.3885,69.6584,70.065,38191.0
2026-06-24T02:00:00Z,70.086,70.13,69.415,69.444,41838.0
2026-06-24T03:00:00Z,69.464,69.765,69.104,69.554,46213.0
2026-06-24T04:00:00Z,69.584,69.685,68.984,69.585,34856.0
2026-06-24T05:00:00Z,69.594,70.206,69.514,69.924,43344.0
2026-06-24T06:00:00Z,69.924,70.025,69.674,69.714,25926.0
2026-06-24T07:00:00Z,69.724,69.775,69.28,69.354,30021.0
2026-06-24T08:00:00Z,69.385,69.625,69.234,69.485,21864.0
2026-06-24T09:00:00Z,69.464,69.545,69.2,69.324,22044.0
2026-06-24T10:00:00Z,69.3123,69.325,68.953,69.045,36365.0
2026-06-24T11:00:00Z,69.0538,70.446,68.781,69.814,105848.0
2026-06-24T12:00:00Z,69.814,69.925,69.414,69.456,50786.0
2026-06-24T13:00:00Z,69.485,69.485,68.364,68.874,156694.0
2026-06-24T14:00:00Z,68.8,69.436,68.584,68.854,86820.0
2026-06-24T15:00:00Z,68.865,68.895,67.25,67.323,165373.0
2026-06-24T16:00:00Z,67.294,68.0208,66.293,66.544,186699.0
2026-06-24T17:00:00Z,66.534,66.924,64.7,64.963,201496.0
2026-06-24T18:00:00Z,64.9881,66.484,64.812,66.002,117639.0
2026-06-24T19:00:00Z,66.074,66.374,65.522,66.164,45027.0
2026-06-24T20:00:00Z,66.1,68.0,65.972,67.674,69755.0
2026-06-24T21:00:00Z,67.693,68.115,67.203,68.065,31696.0
2026-06-24T22:00:00Z,68.065,68.5271,67.673,67.814,25693.0
2026-06-24T23:00:00Z,67.814,68.195,67.753,68.094,15352.0
2026-06-25T00:00:00Z,68.135,68.315,67.553,67.693,30441.0
2026-06-25T01:00:00Z,67.704,68.004,67.393,67.864,30427.0
2026-06-25T02:00:00Z,67.844,67.914,67.613,67.733,19470.0
2026-06-25T03:00:00Z,67.744,67.85,67.482,67.673,22658.0
2026-06-25T04:00:00Z,67.694,68.5241,67.472,68.454,45402.0
2026-06-25T05:00:00Z,68.454,69.306,68.344,69.035,63133.0
2026-06-25T06:00:00Z,69.045,69.675,69.004,69.454,48021.0
2026-06-25T07:00:00Z,69.484,69.585,69.224,69.404,25654.0
2026-06-25T08:00:00Z,69.435,69.435,68.994,69.04,32338.0
2026-06-25T09:00:00Z,69.074,69.195,68.793,68.824,33554.0
2026-06-25T10:00:00Z,68.835,68.885,68.1269,68.305,66473.0
2026-06-25T11:00:00Z,68.284,68.435,67.993,68.175,41322.0
2026-06-25T12:00:00Z,68.1756,68.93,67.783,68.295,94020.0
2026-06-25T13:00:00Z,68.315,68.455,64.032,64.248,207735.0
2026-06-25T14:00:00Z,64.263,67.155,64.243,66.353,218605.0
2026-06-25T15:00:00Z,66.364,66.374,65.232,66.301,114184.0
2026-06-25T16:00:00Z,66.324,67.034,65.642,65.973,101313.0
2026-06-25T17:00:00Z,65.98,67.364,65.821,67.134,96119.0
2026-06-25T18:00:00Z,67.113,67.154,65.912,66.174,81956.0
2026-06-25T19:00:00Z,66.2019,66.224,65.683,66.183,38523.0
2026-06-25T20:00:00Z,66.194,66.804,66.082,66.294,33373.0
2026-06-25T21:00:00Z,66.334,67.304,66.304,67.304,30304.0
2026-06-25T22:00:00Z,67.284,67.35,66.953,67.143,15842.0
2026-06-25T23:00:00Z,67.154,68.815,66.993,67.683,37727.0
2026-06-26T00:00:00Z,67.75,68.105,67.643,67.774,22073.0
2026-06-26T01:00:00Z,67.733,67.914,67.143,67.324,46575.0
2026-06-26T02:00:00Z,67.323,67.333,65.902,66.204,73608.0
2026-06-26T03:00:00Z,66.224,68.515,65.942,68.214,93494.0
2026-06-26T04:00:00Z,68.205,68.375,67.973,68.0651,34516.0
2026-06-26T05:00:00Z,68.0651,68.466,67.992,68.375,40999.0
2026-06-26T06:00:00Z,68.35,70.016,68.0,70.016,131671.0
2026-06-26T07:00:00Z,70.014,70.996,69.924,70.776,112636.0
2026-06-26T08:00:00Z,70.775,70.887,69.714,69.934,87302.0
2026-06-26T09:00:00Z,69.945,69.945,68.844,69.025,76742.0
2026-06-26T10:00:00Z,69.014,69.255,68.65,68.764,63713.0
2026-06-26T11:00:00Z,68.765,69.105,68.384,68.615,50495.0
2026-06-26T12:00:00Z,68.604,69.735,68.355,68.852,129110.0
2026-06-26T13:00:00Z,68.884,70.95,68.1896,70.695,212419.0
2026-06-26T14:00:00Z,70.626,71.975,70.235,70.465,294746.0
2026-06-26T15:00:00Z,70.465,72.262,70.305,72.056,194548.0
2026-06-26T16:00:00Z,72.107,73.506,72.0075,72.516,219476.0
2026-06-26T17:00:00Z,72.496,72.897,72.196,72.577,102131.0
2026-06-26T18:00:00Z,72.576,73.107,72.376,72.6,74433.0
2026-06-26T19:00:00Z,72.588,73.937,72.486,73.036,127789.0
2026-06-26T20:00:00Z,73.016,73.6794,72.066,72.187,66218.0
2026-06-26T21:00:00Z,72.166,72.408,71.825,72.015,31345.0
2026-06-26T22:00:00Z,71.945,72.09,71.495,71.815,25786.0
2026-06-26T23:00:00Z,71.836,72.027,71.695,71.905,15680.0
2026-06-27T00:00:00Z,71.905,72.478,71.585,71.815,32947.0
2026-06-27T01:00:00Z,71.82,71.82,71.344,71.425,27504.0
2026-06-27T02:00:00Z,71.415,72.257,71.395,72.126,62688.0
2026-06-27T03:00:00Z,72.1185,72.3983,71.845,72.256,45908.0
2026-06-27T04:00:00Z,72.256,72.597,71.885,71.925,45045.0
2026-06-27T05:00:00Z,71.915,72.026,71.525,71.795,53596.0
2026-06-27T06:00:00Z,71.806,72.327,71.615,72.116,48435.0
2026-06-27T07:00:00Z,72.116,72.357,72.0,72.317,27073.0
2026-06-27T08:00:00Z,72.317,72.327,71.875,72.036,54310.0
2026-06-27T09:00:00Z,72.025,72.107,71.705,71.865,40064.0
2026-06-27T10:00:00Z,71.863,72.057,71.825,72.025,27067.0
2026-06-27T11:00:00Z,72.025,72.087,71.525,71.806,54130.0
2026-06-27T12:00:00Z,71.806,72.178,71.635,72.167,44347.0
2026-06-27T13:00:00Z,72.166,72.617,72.116,72.348,50769.0
2026-06-27T14:00:00Z,72.346,72.9,72.206,72.706,63141.0
2026-06-27T15:00:00Z,72.706,73.19,72.616,72.826,63987.0
2026-06-27T16:00:00Z,72.806,73.017,72.626,72.646,42402.0
2026-06-27T17:00:00Z,72.646,72.657,71.9,72.036,97912.0
2026-06-27T18:00:00Z,72.036,72.167,71.745,71.905,51237.0
2026-06-27T19:00:00Z,71.905,71.996,70.945,71.095,76322.0
2026-06-27T20:00:00Z,71.085,71.346,71.075,71.276,18989.0
2026-06-27T21:00:00Z,71.326,71.616,70.805,70.975,26975.0
2026-06-27T22:00:00Z,70.895,71.096,70.245,71.086,36627.0
2026-06-27T23:00:00Z,71.095,71.156,70.435,70.506,17544.0
2026-06-28T00:00:00Z,70.505,70.816,70.465,70.706,15860.0
2026-06-28T01:00:00Z,70.716,70.928,70.445,70.822,23378.0
2026-06-28T02:00:00Z,70.836,71.016,70.485,70.705,24929.0
2026-06-28T03:00:00Z,70.755,70.976,70.755,70.855,20004.0
2026-06-28T04:00:00Z,70.855,70.996,70.545,70.766,22016.0
2026-06-28T05:00:00Z,70.765,70.765,70.134,70.525,58714.0
2026-06-28T06:00:00Z,70.536,70.576,70.1764,70.47,34325.0
2026-06-28T07:00:00Z,70.446,71.086,70.435,71.065,58036.0
2026-06-28T08:00:00Z,71.065,72.198,71.065,71.926,89432.0
2026-06-28T09:00:00Z,71.936,72.058,71.485,71.525,54274.0
2026-06-28T10:00:00Z,71.535,71.606,71.095,71.466,51615.0
2026-06-28T11:00:00Z,71.466,72.026,71.405,71.915,75068.0
2026-06-28T12:00:00Z,71.916,72.407,71.635,71.875,70865.0
2026-06-28T13:00:00Z,71.846,72.0994,71.314,71.735,67549.0
2026-06-28T14:00:00Z,71.765,72.187,71.635,71.646,42572.0
2026-06-28T15:00:00Z,71.635,72.107,71.435,72.087,44691.0
2026-06-28T16:00:00Z,72.097,72.107,71.155,71.576,90386.0
2026-06-28T17:00:00Z,71.568,71.99,70.955,71.555,83159.0
2026-06-28T18:00:00Z,71.535,71.736,71.135,71.236,20089.0
2026-06-28T19:00:00Z,71.017,71.316,70.245,70.715,53839.0
2026-06-28T20:00:00Z,70.685,71.286,70.655,70.895,17262.0
2026-06-28T21:00:00Z,70.875,71.046,70.26,70.446,12342.0
2026-06-28T22:00:00Z,70.45,71.538,69.734,70.266,74588.0
2026-06-28T23:00:00Z,70.155,71.766,70.145,71.385,43312.0
2026-06-29T00:00:00Z,71.395,71.706,70.355,71.665,42331.0
2026-06-29T01:00:00Z,71.665,71.706,70.965,71.496,26466.0
2026-06-29T02:00:00Z,71.456,72.217,70.505,72.187,59705.0
2026-06-29T03:00:00Z,72.216,73.33,72.175,72.676,91904.0
2026-06-29T04:00:00Z,72.676,72.697,71.624,71.686,61983.0
2026-06-29T05:00:00Z,71.71,72.347,71.0125,72.317,74245.0
2026-06-29T06:00:00Z,72.347,73.127,72.216,72.386,65531.0
2026-06-29T07:00:00Z,72.387,72.927,72.066,72.706,47772.0
2026-06-29T08:00:00Z,72.706,73.0221,72.38,72.727,48690.0
2026-06-29T09:00:00Z,72.716,73.168,72.6,72.916,45982.0
2026-06-29T10:00:00Z,72.927,73.687,72.927,73.226,73124.0
2026-06-29T11:00:00Z,73.226,73.257,72.246,72.526,111850.0
2026-06-29T12:00:00Z,72.537,74.538,72.126,73.5029,213725.0
2026-06-29T13:00:00Z,73.516,74.338,72.756,73.725,164718.0
2026-06-29T14:00:00Z,73.767,73.9,72.336,73.726,152923.0
2026-06-29T15:00:00Z,73.73,74.418,72.786,73.89,121463.0
2026-06-29T16:00:00Z,73.927,74.16,72.886,74.037,119599.0
2026-06-29T17:00:00Z,74.026,76.45,74.006,75.307,258383.0
2026-06-29T18:00:00Z,75.297,75.8415,75.147,75.607,76331.0
2026-06-29T19:00:00Z,75.638,76.229,75.427,75.997,63431.0
2026-06-29T20:00:00Z,76.017,76.017,75.267,75.388,37909.0
2026-06-29T21:00:00Z,75.377,75.798,75.227,75.527,20470.0
2026-06-29T22:00:00Z,75.533,75.668,75.1,75.287,20496.0
2026-06-29T23:00:00Z,75.287,75.439,74.894,75.168,15669.0
2026-06-30T00:00:00Z,75.127,75.217,74.2,74.44,41014.0
2026-06-30T01:00:00Z,74.438,74.678,74.067,74.417,36531.0
2026-06-30T02:00:00Z,74.428,74.84,74.047,74.587,37359.0
2026-06-30T03:00:00Z,74.598,74.918,74.1443,74.187,44432.0
2026-06-30T04:00:00Z,74.1809,74.258,73.686,74.026,67201.0
2026-06-30T05:00:00Z,74.037,74.23,73.85,74.227,27089.0
2026-06-30T06:00:00Z,74.246,74.27,73.9,74.168,28133.0
2026-06-30T07:00:00Z,74.157,74.248,73.856,74.157,32479.0
2026-06-30T08:00:00Z,74.15,74.218,73.326,73.616,58428.0
2026-06-30T09:00:00Z,73.606,73.877,73.546,73.807,28106.0
2026-06-30T10:00:00Z,73.807,73.896,73.465,73.686,35939.0
2026-06-30T11:00:00Z,73.686,73.767,73.325,73.386,46504.0
2026-06-30T12:00:00Z,73.397,73.417,72.07,72.097,141157.0
2026-06-30T13:00:00Z,72.106,72.937,71.915,72.887,146657.0
2026-06-30T14:00:00Z,72.887,73.92,72.736,72.956,168291.0
2026-06-30T15:00:00Z,72.967,74.0914,72.606,73.137,150460.0
2026-06-30T16:00:00Z,73.136,73.729,72.736,73.516,101978.0
2026-06-30T17:00:00Z,73.537,73.947,73.166,73.196,83013.0
2026-06-30T18:00:00Z,73.186,73.827,72.956,73.636,67657.0
2026-06-30T19:00:00Z,73.587,73.976,73.356,73.716,45046.0
2026-06-30T20:00:00Z,73.746,73.9477,73.534,73.706,20957.0
2026-06-30T21:00:00Z,73.726,73.756,73.2,73.487,12667.0
2026-06-30T22:00:00Z,73.527,73.767,73.276,73.436,9436.0
2026-06-30T23:00:00Z,73.437,73.717,73.336,73.697,5333.0
2026-07-01T00:00:00Z,73.697,73.88,73.376,73.657,15121.0
2026-07-01T01:00:00Z,73.677,74.3716,72.266,73.95,77577.0
2026-07-01T02:00:00Z,73.967,75.049,73.786,74.798,82327.0
2026-07-01T03:00:00Z,74.808,75.708,74.347,75.478,99066.0
2026-07-01T04:00:00Z,75.478,75.878,75.247,75.588,78557.0
2026-07-01T05:00:00Z,75.567,75.798,75.147,75.257,51478.0
2026-07-01T06:00:00Z,75.257,75.289,73.95,74.318,98013.0
2026-07-01T07:00:00Z,74.34,74.96,74.0853,74.878,62303.0
2026-07-01T08:00:00Z,74.817,75.528,74.457,75.437,73564.0
2026-07-01T09:00:00Z,75.437,75.581,75.067,75.458,58598.0
2026-07-01T10:00:00Z,75.458,75.58,74.967,74.977,58615.0
2026-07-01T11:00:00Z,74.987,75.328,74.646,74.848,62393.0
2026-07-01T12:00:00Z,74.858,74.968,74.267,74.608,64860.0
2026-07-01T13:00:00Z,74.608,76.139,74.607,76.049,183676.0
2026-07-01T14:00:00Z,76.017,77.268,75.637,76.978,228058.0
2026-07-01T15:00:00Z,76.958,77.819,76.83,77.428,176750.0
2026-07-01T16:00:00Z,77.438,78.25,76.898,77.169,178947.0
2026-07-01T17:00:00Z,77.168,77.959,76.847,77.758,105359.0
2026-07-01T18:00:00Z,77.776,77.9,77.288,77.419,69143.0
2026-07-01T19:00:00Z,77.408,77.668,76.798,77.019,48800.0
2026-07-01T20:00:00Z,77.009,77.524,76.598,77.388,51765.0
2026-07-01T21:00:00Z,77.429,78.72,77.429,78.43,64493.0
2026-07-01T22:00:00Z,78.379,78.9248,77.758,77.878,35706.0
2026-07-01T23:00:00Z,77.818,77.849,77.268,77.448,29350.0
2026-07-02T00:00:00Z,77.4139,77.449,76.908,77.229,30160.0
2026-07-02T01:00:00Z,77.27,78.7,77.218,78.2,68477.0
2026-07-02T02:00:00Z,78.2,78.6,77.798,78.43,54837.0
2026-07-02T03:00:00Z,78.45,78.98,77.939,78.72,75255.0
2026-07-02T04:00:00Z,78.71,78.71,78.06,78.279,52516.0
2026-07-02T05:00:00Z,78.279,78.34,77.778,78.11,50381.0
2026-07-02T06:00:00Z,78.11,78.63,77.748,77.899,51827.0
2026-07-02T07:00:00Z,77.899,78.2,77.567,77.988,44482.0
2026-07-02T08:00:00Z,78.0,78.5,77.938,78.469,33019.0
2026-07-02T09:00:00Z,78.459,79.79,78.289,79.48,117976.0
2026-07-02T10:00:00Z,79.469,82.232,79.429,82.111,285299.0
2026-07-02T11:00:00Z,82.111,82.822,81.53,82.442,253904.0
2026-07-02T12:00:00Z,82.4,82.486,81.11,81.411,180684.0
2026-07-02T13:00:00Z,81.39,82.001,80.73,81.521,193318.0
2026-07-02T14:00:00Z,81.53,81.53,80.11,80.541,168850.0
2026-07-02T15:00:00Z,80.53,80.911,80.08,80.841,80633.0
2026-07-02T16:00:00Z,80.8537,81.1,80.129,80.53,115309.0
2026-07-02T17:00:00Z,80.52,81.231,80.5,80.63,80577.0
2026-07-02T18:00:00Z,80.65,81.251,80.64,81.041,32734.0
2026-07-02T19:00:00Z,81.02,81.312,80.8,80.841,26388.0
2026-07-02T20:00:00Z,80.861,81.1,80.59,81.01,16617.0
2026-07-02T21:00:00Z,81.03,81.171,80.49,80.749,15535.0
2026-07-02T22:00:00Z,80.8,80.891,80.409,80.66,9907.0
2026-07-02T23:00:00Z,80.5705,80.781,80.5,80.711,7479.0
2026-07-03T00:00:00Z,80.781,80.921,80.52,80.74,13867.0
2026-07-03T01:00:00Z,80.741,81.681,80.711,81.46,60590.0
2026-07-03T02:00:00Z,81.49,81.681,80.67,80.809,57635.0
2026-07-03T03:00:00Z,80.8,80.974,80.33,80.731,46512.0
2026-07-03T04:00:00Z,80.7344,80.821,80.47,80.531,36408.0
2026-07-03T05:00:00Z,80.5,81.261,80.47,81.15,46394.0
2026-07-03T06:00:00Z,81.15,81.391,80.73,80.961,53206.0
2026-07-03T07:00:00Z,80.971,81.521,80.81,81.23,36561.0
2026-07-03T08:00:00Z,81.23,81.534,80.83,80.921,44410.0
2026-07-03T09:00:00Z,80.921,81.29,80.669,81.051,41785.0
2026-07-03T10:00:00Z,81.021,81.8903,80.87,81.561,64340.0
2026-07-03T11:00:00Z,81.56,81.711,81.25,81.561,54557.0
2026-07-03T12:00:00Z,81.56,81.762,81.2,81.53,40001.0
2026-07-03T13:00:00Z,81.531,81.841,81.42,81.58,50469.0
2026-07-03T14:00:00Z,81.591,81.811,80.91,81.681,87276.0
2026-07-03T15:00:00Z,81.691,82.052,81.14,81.221,110410.0
2026-07-03T16:00:00Z,81.221,81.561,81.05,81.531,54653.0
2026-07-03T17:00:00Z,81.531,81.971,81.45,81.761,60115.0
2026-07-03T18:00:00Z,81.8,82.38,81.64,82.123,52813.0
2026-07-03T19:00:00Z,82.081,83.272,82.081,82.481,79442.0
2026-07-03T20:00:00Z,82.481,83.012,82.2371,82.732,55369.0
2026-07-03T21:00:00Z,82.741,83.073,82.159,82.672,39838.0
2026-07-03T22:00:00Z,82.661,82.692,82.251,82.351,19834.0
2026-07-03T23:00:00Z,82.352,82.48,82.18,82.382,10032.0
2026-07-04T00:00:00Z,82.342,82.752,82.261,82.391,14584.0
2026-07-04T01:00:00Z,82.362,82.362,81.8,81.961,37423.0
2026-07-04T02:00:00Z,81.941,82.3928,81.909,82.171,26217.0
2026-07-04T03:00:00Z,82.182,82.852,82.041,82.722,48778.0
2026-07-04T04:00:00Z,82.7337,83.99,82.66,83.472,134790.0
2026-07-04T05:00:00Z,83.471,83.492,82.89,83.382,86807.0
2026-07-04T06:00:00Z,83.371,83.603,82.5,82.551,83508.0
2026-07-04T07:00:00Z,82.551,82.852,82.271,82.722,60400.0
2026-07-04T08:00:00Z,82.711,82.782,82.24,82.312,55016.0
2026-07-04T09:00:00Z,82.312,82.332,81.597,81.73,106373.0
2026-07-04T10:00:00Z,81.73,81.931,81.398,81.651,61037.0
2026-07-04T11:00:00Z,81.64,81.921,81.54,81.831,40918.0
2026-07-04T12:00:00Z,81.82,81.999,81.39,81.61,67198.0
2026-07-04T13:00:00Z,81.61,81.912,81.38,81.661,52813.0
2026-07-04T14:00:00Z,81.64,81.881,81.55,81.821,45163.0
2026-07-04T15:00:00Z,81.821,82.422,81.72,82.231,116606.0
2026-07-04T16:00:00Z,82.232,82.4,81.98,82.222,48680.0
2026-07-04T17:00:00Z,82.211,82.822,81.88,82.521,106938.0
2026-07-04T18:00:00Z,82.521,82.622,82.091,82.262,54207.0
2026-07-04T19:00:00Z,82.252,82.342,81.7053,81.88,50238.0
2026-07-04T20:00:00Z,81.88,82.152,81.56,81.97,30705.0
2026-07-04T21:00:00Z,81.97,82.235,81.83,82.001,16862.0
2026-07-04T22:00:00Z,81.96,82.001,81.788,81.921,7745.0
2026-07-04T23:00:00Z,81.941,81.941,81.44,81.78,13145.0
2026-07-05T00:00:00Z,81.791,81.8,81.11,81.311,36584.0
2026-07-05T01:00:00Z,81.3,81.461,80.58,80.871,45056.0
2026-07-05T02:00:00Z,80.851,80.892,80.2,80.369,59933.0
2026-07-05T03:00:00Z,80.381,80.612,80.35,80.55,31229.0
2026-07-05T04:00:00Z,80.561,80.871,80.41,80.6025,46285.0
2026-07-05T05:00:00Z,80.58,80.581,80.2421,80.47,44111.0
2026-07-05T06:00:00Z,80.4701,80.651,80.34,80.6,28821.0
2026-07-05T07:00:00Z,80.601,80.761,80.37,80.711,33841.0
2026-07-05T08:00:00Z,80.711,80.861,80.4558,80.501,34203.0
2026-07-05T09:00:00Z,80.521,80.553,79.679,79.899,116624.0
2026-07-05T10:00:00Z,79.9,80.471,79.749,80.441,70904.0
2026-07-05T11:00:00Z,80.441,80.671,80.35,80.57,52057.0
2026-07-05T12:00:00Z,80.57,81.291,80.36,80.76,100596.0
2026-07-05T13:00:00Z,80.761,81.241,80.69,81.241,53682.0
2026-07-05T14:00:00Z,81.241,81.611,81.02,81.44,62658.0
2026-07-05T15:00:00Z,81.45,81.761,81.119,81.35,64569.0
2026-07-05T16:00:00Z,81.351,81.531,80.908,81.121,56900.0
2026-07-05T17:00:00Z,81.1,81.381,81.01,81.13,47037.0
2026-07-05T18:00:00Z,81.13,81.281,80.999,81.021,26134.0
2026-07-05T19:00:00Z,81.02,81.131,80.819,81.051,28620.0
2026-07-05T20:00:00Z,81.03,81.171,80.96,81.059,14237.0
2026-07-05T21:00:00Z,81.081,82.243,80.775,81.8,63042.0
2026-07-05T22:00:00Z,81.8,82.442,81.649,81.83,33099.0
2026-07-05T23:00:00Z,81.83,82.082,81.44,81.57,16986.0
2026-07-06T00:00:00Z,81.591,82.252,81.11,82.212,43628.0
2026-07-06T01:00:00Z,82.222,82.342,81.478,81.561,33863.0
2026-07-06T02:00:00Z,81.561,81.693,80.839,81.031,59649.0
2026-07-06T03:00:00Z,81.02,81.071,80.4565,80.821,47646.0
2026-07-06T04:00:00Z,80.821,81.001,80.71,80.82,26778.0
2026-07-06T05:00:00Z,80.8045,80.831,80.15,80.421,52221.0
2026-07-06T06:00:00Z,80.42,80.531,80.25,80.351,22776.0
2026-07-06T07:00:00Z,80.351,81.0,80.26,80.81,39163.0
2026-07-06T08:00:00Z,80.821,81.091,80.29,80.501,41742.0
2026-07-06T09:00:00Z,80.501,80.501,80.059,80.08,42306.0
2026-07-06T10:00:00Z,80.08,80.721,80.07,80.67,47881.0
2026-07-06T11:00:00Z,80.7,81.0,80.39,80.39,56041.0
2026-07-06T12:00:00Z,80.391,80.642,79.31,79.449,169096.0
2026-07-06T13:00:00Z,79.449,80.9206,79.224,80.171,131301.0
2026-07-06T14:00:00Z,80.151,80.8,79.849,80.291,79586.0
2026-07-06T15:00:00Z,80.3,81.5413,80.29,81.481,123622.0
2026-07-06T16:00:00Z,81.48,82.414,81.269,82.101,124803.0
2026-07-06T17:00:00Z,82.122,82.182,81.44,81.651,60861.0
2026-07-06T18:00:00Z,81.65,82.3,81.3033,81.98,64526.0
2026-07-06T19:00:00Z,81.991,82.182,81.8,82.082,22489.0
2026-07-06T20:00:00Z,82.041,82.2493,81.67,82.081,18965.0
2026-07-06T21:00:00Z,82.102,83.772,82.051,82.791,60372.0
2026-07-06T22:00:00Z,82.852,82.862,82.251,82.332,16754.0
2026-07-06T23:00:00Z,82.332,82.421,81.92,81.94,16269.0
2026-07-07T00:00:00Z,81.961,82.492,81.84,82.361,17613.0
2026-07-07T01:00:00Z,82.372,82.372,81.81,81.901,22170.0
2026-07-07T02:00:00Z,81.88,82.011,81.3,81.361,37393.0
2026-07-07T03:00:00Z,81.36,81.481,80.979,81.072,36187.0
2026-07-07T04:00:00Z,81.051,81.102,80.65,80.921,34261.0
2026-07-07T05:00:00Z,80.91,81.225,80.459,81.111,49411.0
2026-07-07T06:00:00Z,81.1,81.631,80.81,81.541,37914.0
2026-07-07T07:00:00Z,81.541,81.742,81.34,81.49,44235.0
2026-07-07T08:00:00Z,81.5,81.581,81.198,81.26,40167.0
2026-07-07T09:00:00Z,81.26,81.481,81.13,81.321,25938.0
2026-07-07T10:00:00Z,81.341,81.582,80.92,81.001,40886.0
2026-07-07T11:00:00Z,80.99,81.402,80.759,81.3,31412.0
2026-07-07T12:00:00Z,81.321,81.991,81.28,81.441,63687.0
2026-07-07T13:00:00Z,81.43,81.614,80.6573,80.82,91055.0
2026-07-07T14:00:00Z,80.83,81.931,80.5,81.79,74748.0
2026-07-07T15:00:00Z,81.83,82.372,81.497,82.142,88098.0
2026-07-07T16:00:00Z,82.122,82.572,81.81,82.222,59135.0
2026-07-07T17:00:00Z,82.212,82.792,82.1,82.71,48332.0
2026-07-07T18:00:00Z,82.692,82.692,81.24,81.301,66560.0
2026-07-07T19:00:00Z,81.28,81.581,80.77,81.341,65685.0
2026-07-07T20:00:00Z,81.359,81.491,81.01,81.171,15767.0
2026-07-07T21:00:00Z,81.171,81.431,80.56,80.831,20173.0
2026-07-07T22:00:00Z,80.76,81.071,80.33,80.85,11725.0
2026-07-07T23:00:00Z,80.871,81.131,80.52,80.581,6294.0
2026-07-08T00:00:00Z,80.6485,80.771,80.35,80.38,12336.0
2026-07-08T01:00:00Z,80.37,80.421,78.807,79.09,65566.0
2026-07-08T02:00:00Z,79.084,79.18,78.219,79.049,73159.0
2026-07-08T03:00:00Z,79.0883,79.34,78.619,78.72,42039.0
2026-07-08T04:00:00Z,78.73,78.93,78.389,78.639,34951.0
2026-07-08T05:00:00Z,78.65,78.82,78.339,78.43,27745.0
2026-07-08T06:00:00Z,78.43,78.439,77.938,78.209,57825.0
2026-07-08T07:00:00Z,78.22,78.35,77.788,78.299,40656.0
2026-07-08T08:00:00Z,78.31,78.4236,76.9,77.248,135290.0
2026-07-08T09:00:00Z,77.258,77.48,77.0189,77.178,46593.0
2026-07-08T10:00:00Z,77.229,77.479,76.948,77.329,34972.0
2026-07-08T11:00:00Z,77.339,77.689,77.076,77.538,37822.0
2026-07-08T12:00:00Z,77.549,77.639,77.018,77.029,33596.0
2026-07-08T13:00:00Z,77.029,77.46,76.62,77.299,97021.0
2026-07-08T14:00:00Z,77.2877,77.429,76.72,77.099,55999.0
2026-07-08T15:00:00Z,77.1,77.149,76.288,76.758,84352.0
2026-07-08T16:00:00Z,76.758,77.359,76.748,77.289,66385.0
2026-07-08T17:00:00Z,77.289,77.671,77.028,77.129,79698.0
2026-07-08T18:00:00Z,77.129,77.35,76.808,77.149,42464.0
2026-07-08T19:00:00Z,77.159,77.509,76.957,77.439,27451.0
2026-07-08T20:00:00Z,77.418,77.56,77.058,77.208,18721.0
2026-07-08T21:00:00Z,77.189,77.329,76.937,77.279,11184.0
2026-07-08T22:00:00Z,77.2478,77.569,77.178,77.539,5586.0
2026-07-08T23:00:00Z,77.508,77.959,77.428,77.839,29303.0
2026-07-09T00:00:00Z,77.818,77.875,77.528,77.708,13954.0
2026-07-09T01:00:00Z,77.668,78.8,77.278,77.348,57147.0
2026-07-09T02:00:00Z,77.358,77.839,76.984,77.069,47149.0
2026-07-09T03:00:00Z,77.068,77.379,76.7,77.379,32684.0
2026-07-09T04:00:00Z,77.368,78.039,77.228,77.978,40283.0
2026-07-09T05:00:00Z,77.958,78.4,77.728,78.389,51804.0
2026-07-09T06:00:00Z,78.4,78.622,78.109,78.49,31399.0
2026-07-09T07:00:00Z,78.479,78.849,78.129,78.209,64733.0
2026-07-09T08:00:00Z,78.22,78.41,77.958,78.13,33582.0
2026-07-09T09:00:00Z,78.1,78.19,77.858,78.13,34775.0
2026-07-09T10:00:00Z,78.13,78.201,77.528,77.688,39987.0
2026-07-09T11:00:00Z,77.709,77.7746,77.318,77.619,48800.0
2026-07-09T12:00:00Z,77.578,78.23,77.438,77.628,68186.0
2026-07-09T13:00:00Z,77.639,78.51,77.3554,78.219,87076.0
2026-07-09T14:00:00Z,78.23,78.36,77.568,77.869,65792.0
2026-07-09T15:00:00Z,77.8796,78.2,77.5,77.609,59000.0
2026-07-09T16:00:00Z,77.639,77.799,77.25,77.679,67963.0
2026-07-09T17:00:00Z,77.699,78.17,77.628,78.07,57575.0
2026-07-09T18:00:00Z,78.0797,78.43,78.008,78.189,55479.0
2026-07-09T19:00:00Z,78.169,78.32,77.898,78.17,29117.0
2026-07-09T20:00:00Z,78.19,78.31,77.988,78.139,17023.0
2026-07-09T21:00:00Z,78.189,78.28,77.908,78.039,5478.0
2026-07-09T22:00:00Z,78.07,78.28,77.998,78.11,2925.0
2026-07-09T23:00:00Z,78.089,78.21,77.773,78.07,7208.0
2026-07-10T00:00:00Z,78.039,78.15,77.8,78.11,13895.0
2026-07-10T01:00:00Z,78.12,79.47,77.928,79.07,80345.0
2026-07-10T02:00:00Z,79.08,79.16,78.839,79.04,28274.0
2026-07-10T03:00:00Z,79.029,79.12,78.739,79.0,29086.0
2026-07-10T04:00:00Z,79.0579,79.1,78.84,78.97,25856.0
2026-07-10T05:00:00Z,78.97,79.372,78.869,79.169,30182.0
2026-07-10T06:00:00Z,79.174,79.24,78.859,78.889,25744.0
2026-07-10T07:00:00Z,78.92,79.08,78.739,78.85,24422.0
2026-07-10T08:00:00Z,78.85,79.42,78.8,79.2,38384.0
2026-07-10T09:00:00Z,79.169,79.39,78.939,79.219,33661.0
2026-07-10T10:00:00Z,79.219,79.66,79.139,79.389,47665.0
2026-07-10T11:00:00Z,79.3978,79.5136,79.169,79.36,32867.0
2026-07-10T12:00:00Z,79.39,79.55,78.9,78.91,41361.0
2026-07-10T13:00:00Z,78.92,79.336,78.757,78.99,58547.0
2026-07-10T14:00:00Z,78.98,78.99,77.078,77.916,202931.0
2026-07-10T15:00:00Z,77.918,78.38,77.788,78.148,60929.0
2026-07-10T16:00:00Z,78.159,78.28,77.658,78.17,69218.0
2026-07-10T17:00:00Z,78.13,78.19,77.578,77.588,48021.0
2026-07-10T18:00:00Z,77.58,77.88,77.338,77.528,45490.0
2026-07-10T19:00:00Z,77.498,78.05,77.458,77.898,34141.0
2026-07-10T20:00:00Z,77.898,78.009,77.708,77.748,26282.0
2026-07-10T21:00:00Z,77.748,78.12,77.748,77.968,8833.0
2026-07-10T22:00:00Z,77.939,78.23,77.939,78.16,9787.0
2026-07-10T23:00:00Z,78.156,78.156,77.938,78.12,2836.0
2026-07-11T00:00:00Z,78.12,78.12,77.788,77.859,5678.0
2026-07-11T01:00:00Z,77.838,78.061,77.456,77.528,15957.0
2026-07-11T02:00:00Z,77.548,77.819,77.488,77.779,11246.0
2026-07-11T03:00:00Z,77.779,77.869,77.608,77.778,12887.0
2026-07-11T04:00:00Z,77.768,77.851,77.638,77.728,12699.0
2026-07-11T05:00:00Z,77.6913,77.969,77.588,77.889,18369.0
2026-07-11T06:00:00Z,77.889,78.11,77.778,78.05,24416.0
2026-07-11T07:00:00Z,78.05,78.09,77.937,77.978,19457.0
2026-07-11T08:00:00Z,77.978,78.17,77.935,78.17,20678.0
2026-07-11T09:00:00Z,78.17,78.36,77.817,77.827,44018.0
2026-07-11T10:00:00Z,77.828,78.1,77.75,78.07,21708.0
2026-07-11T11:00:00Z,78.07,78.141,77.987,78.079,12868.0
2026-07-11T12:00:00Z,78.099,78.21,77.948,78.089,10724.0
2026-07-11T13:00:00Z,78.0897,78.45,78.039,78.169,27420.0
2026-07-11T14:00:00Z,78.18,78.7522,78.169,78.48,71204.0
2026-07-11T15:00:00Z,78.509,78.85,77.958,78.391,80215.0
2026-07-11T16:00:00Z,78.379,78.41,77.668,77.938,74115.0
2026-07-11T17:00:00Z,77.938,78.209,77.828,78.089,46585.0
2026-07-11T18:00:00Z,78.069,78.31,78.008,78.079,19567.0
2026-07-11T19:00:00Z,78.079,78.144,77.887,78.14,23424.0
2026-07-11T20:00:00Z,78.149,78.28,78.109,78.169,14173.0
2026-07-11T21:00:00Z,78.169,78.321,78.138,78.219,7971.0
2026-07-11T22:00:00Z,78.169,78.25,77.728,77.878,8894.0
2026-07-11T23:00:00Z,77.878,77.919,76.768,76.789,51343.0
2026-07-12T00:00:00Z,76.779,76.869,75.647,76.068,65385.0
2026-07-12T01:00:00Z,76.056,76.879,76.036,76.829,36975.0
2026-07-12T02:00:00Z,76.818,76.909,76.628,76.858,23377.0
2026-07-12T03:00:00Z,76.838,77.079,76.738,77.038,25662.0
2026-07-12T04:00:00Z,77.049,77.059,76.607,76.698,33611.0
2026-07-12T05:00:00Z,76.698,76.81,76.388,76.429,33934.0
2026-07-12T06:00:00Z,76.41,76.41,75.843,76.338,54898.0
2026-07-12T07:00:00Z,76.338,76.7046,76.298,76.5,34206.0
2026-07-12T08:00:00Z,76.5,76.83,76.458,76.699,34144.0
2026-07-12T09:00:00Z,76.688,76.899,76.378,76.749,51917.0
2026-07-12T10:00:00Z,76.738,76.849,76.648,76.699,17426.0
2026-07-12T11:00:00Z,76.718,77.279,76.508,76.939,59923.0
2026-07-12T12:00:00Z,76.9,77.25,76.78,77.178,44132.0
2026-07-12T13:00:00Z,77.169,77.48,77.118,77.1602,40503.0
2026-07-12T14:00:00Z,77.158,77.7236,76.978,77.548,58379.0
2026-07-12T15:00:00Z,77.559,77.625,77.288,77.479,41100.0
2026-07-12T16:00:00Z,77.487,77.679,77.388,77.538,32553.0
2026-07-12T17:00:00Z,77.549,77.619,77.243,77.369,21811.0
2026-07-12T18:00:00Z,77.358,77.659,77.248,77.589,22440.0
2026-07-12T19:00:00Z,77.578,77.7965,77.438,77.678,20726.0
2026-07-12T20:00:00Z,77.699,77.729,77.448,77.458,9740.0
2026-07-12T21:00:00Z,77.479,77.679,76.977,77.109,19897.0
2026-07-12T22:00:00Z,77.069,77.069,76.466,76.758,31329.0
2026-07-12T23:00:00Z,76.769,76.949,76.648,76.909,11163.0
2026-07-13T00:00:00Z,76.909,78.22,76.828,77.529,56611.0
2026-07-13T01:00:00Z,77.508,77.669,76.278,76.308,43078.0
2026-07-13T02:00:00Z,76.319,76.659,76.118,76.468,36623.0
2026-07-13T03:00:00Z,76.479,76.479,75.417,75.847,79261.0
2026-07-13T04:00:00Z,75.827,76.129,75.7,75.908,30569.0
2026-07-13T05:00:00Z,75.89,76.469,75.72,76.389,39840.0
2026-07-13T06:00:00Z,76.3932,76.589,76.268,76.339,23352.0
2026-07-13T07:00:00Z,76.3666,76.689,76.217,76.438,38179.0
2026-07-13T08:00:00Z,76.459,76.899,76.347,76.729,28872.0
2026-07-13T09:00:00Z,76.709,76.731,76.588,76.618,14204.0
2026-07-13T10:00:00Z,76.629,76.629,76.088,76.268,33900.0
2026-07-13T11:00:00Z,76.269,76.589,76.269,76.338,18511.0
2026-07-13T12:00:00Z,76.35,76.409,75.737,75.858,45922.0
2026-07-13T13:00:00Z,75.858,75.948,75.107,75.4,74244.0
2026-07-13T14:00:00Z,75.397,76.169,75.327,76.138,75991.0
2026-07-13T15:00:00Z,76.138,76.3143,75.735,75.818,48710.0
2026-07-13T16:00:00Z,75.827,76.049,75.187,75.287,60238.0
2026-07-13T17:00:00Z,75.287,75.458,74.537,74.588,85702.0
2026-07-13T18:00:00Z,74.598,75.038,74.5621,74.847,35747.0
2026-07-13T19:00:00Z,74.877,75.228,74.747,75.198,24555.0
2026-07-13T20:00:00Z,75.177,75.348,74.587,74.787,19456.0
2026-07-13T21:00:00Z,74.767,74.798,74.1,74.408,30538.0
2026-07-13T22:00:00Z,74.428,74.728,74.407,74.558,7847.0
2026-07-13T23:00:00Z,74.477,75.0,74.417,75.0,10753.0
2026-07-14T00:00:00Z,75.0,75.498,74.847,75.438,19399.0
2026-07-14T01:00:00Z,75.438,75.558,75.207,75.298,27391.0
2026-07-14T02:00:00Z,75.27,75.328,74.857,75.047,31961.0
2026-07-14T03:00:00Z,75.0703,75.169,74.547,75.15,35293.0
2026-07-14T04:00:00Z,75.158,75.358,75.037,75.147,26659.0
2026-07-14T05:00:00Z,75.148,75.478,75.097,75.407,24053.0
2026-07-14T06:00:00Z,75.407,75.428,75.097,75.157,15923.0
2026-07-14T07:00:00Z,75.1389,75.258,74.897,74.958,25864.0
2026-07-14T08:00:00Z,74.957,75.388,74.837,75.157,21955.0
2026-07-14T09:00:00Z,75.158,75.3,74.857,75.078,19495.0
2026-07-14T10:00:00Z,75.078,75.608,74.957,75.457,40502.0
2026-07-14T11:00:00Z,75.4585,75.6,75.327,75.3958,30318.0
2026-07-14T12:00:00Z,75.4,76.991,75.187,76.859,128282.0
2026-07-14T13:00:00Z,76.869,77.739,76.506,76.938,114576.0
2026-07-14T14:00:00Z,76.978,77.5,76.677,77.369,47985.0
2026-07-14T15:00:00Z,77.369,77.9,77.188,77.389,72082.0
2026-07-14T16:00:00Z,77.418,77.6603,77.108,77.288,48137.0
2026-07-14T17:00:00Z,77.2504,77.309,76.8,77.178,36048.0
2026-07-14T18:00:00Z,77.198,77.349,76.988,77.288,22211.0
2026-07-14T19:00:00Z,77.268,77.5361,77.108,77.147,17329.0
2026-07-14T20:00:00Z,77.198,77.208,76.928,77.179,10823.0
2026-07-14T21:00:00Z,77.169,77.399,77.118,77.209,5178.0
2026-07-14T22:00:00Z,77.228,77.99,77.118,77.618,20394.0
2026-07-14T23:00:00Z,77.629,77.908,77.538,77.869,8370.0
2026-07-15T00:00:00Z,77.8921,77.919,77.468,77.668,21169.0
2026-07-15T01:00:00Z,77.658,77.829,77.278,77.439,21200.0
2026-07-15T02:00:00Z,77.378,77.589,77.018,77.3074,21244.0
2026-07-15T03:00:00Z,77.298,77.899,77.2093,77.779,28974.0
2026-07-15T04:00:00Z,77.768,78.19,77.5284,77.998,43772.0
2026-07-15T05:00:00Z,78.039,78.34,77.65,78.259,39554.0
2026-07-15T06:00:00Z,78.29,78.7,77.938,77.938,54369.0
2026-07-15T07:00:00Z,77.938,78.009,77.403,77.409,61841.0
2026-07-15T08:00:00Z,77.418,77.619,77.248,77.579,32024.0
2026-07-15T09:00:00Z,77.568,77.909,77.428,77.468,33602.0
2026-07-15T10:00:00Z,77.438,77.7127,77.208,77.367,34599.0
2026-07-15T11:00:00Z,77.379,77.519,77.338,77.508,14491.0
2026-07-15T12:00:00Z,77.519,78.32,77.25,78.269,68199.0
2026-07-15T13:00:00Z,78.279,79.04,77.6802,78.1,173107.0
2026-07-15T14:00:00Z,78.1,78.38,77.77,78.22,59714.0
2026-07-15T15:00:00Z,78.219,78.24,77.738,78.08,46680.0
2026-07-15T16:00:00Z,78.09,78.11,77.058,77.618,95676.0
2026-07-15T17:00:00Z,77.628,78.039,77.484,77.818,50747.0
2026-07-15T18:00:00Z,77.808,78.071,77.498,77.558,44284.0
2026-07-15T19:00:00Z,77.578,77.679,76.918,77.169,42732.0
2026-07-15T20:00:00Z,77.1544,77.531,77.098,77.399,11157.0
2026-07-15T21:00:00Z,77.408,77.529,77.248,77.368,7782.0
2026-07-15T22:00:00Z,77.409,77.729,77.368,77.498,8507.0
2026-07-15T23:00:00Z,77.499,77.609,77.2,77.275,5176.0
2026-07-16T00:00:00Z,77.2633,77.468,76.686,76.939,29157.0
2026-07-16T01:00:00Z,76.929,77.151,76.709,77.079,23025.0
2026-07-16T02:00:00Z,77.0709,77.149,76.858,77.118,15225.0
2026-07-16T03:00:00Z,77.119,77.261,76.7925,76.939,24342.0
2026-07-16T04:00:00Z,76.9287,77.0,76.583,76.768,27494.0
2026-07-16T05:00:00Z,76.809,77.4986,76.7377,77.47,41948.0
2026-07-16T06:00:00Z,77.458,77.639,77.098,77.338,38163.0
2026-07-16T07:00:00Z,77.349,77.349,76.199,76.429,65824.0
2026-07-16T08:00:00Z,76.418,76.489,75.617,76.149,77534.0
2026-07-16T09:00:00Z,76.149,76.249,75.985,76.007,16642.0
2026-07-16T10:00:00Z,76.038,76.339,75.997,76.2,20830.0
2026-07-16T11:00:00Z,76.139,76.279,76.0336,76.269,17228.0
2026-07-16T12:00:00Z,76.259,76.279,75.667,75.907,38970.0
2026-07-16T13:00:00Z,75.9,76.629,75.9,76.338,60991.0
2026-07-16T14:00:00Z,76.3668,76.789,76.178,76.484,67084.0
2026-07-16T15:00:00Z,76.498,76.882,75.986,76.629,72904.0
2026-07-16T16:00:00Z,76.629,76.629,76.098,76.279,42006.0
2026-07-16T17:00:00Z,76.268,76.269,75.392,75.608,78743.0
2026-07-16T18:00:00Z,75.607,75.929,75.407,75.747,42136.0
2026-07-16T19:00:00Z,75.717,75.938,75.617,75.807,16484.0
2026-07-16T20:00:00Z,75.827,75.888,75.707,75.848,5018.0
2026-07-16T21:00:00Z,75.798,76.079,75.778,75.937,6916.0
2026-07-16T22:00:00Z,76.0,76.029,75.236,75.307,13306.0
2026-07-16T23:00:00Z,75.3009,75.408,75.0,75.307,14932.0
2026-07-17T00:00:00Z,75.318,75.558,74.9335,75.558,22231.0
2026-07-17T01:00:00Z,75.568,75.74,74.967,75.098,27882.0
2026-07-17T02:00:00Z,75.087,75.278,74.7194,74.977,33140.0
2026-07-17T03:00:00Z,74.9836,75.468,74.977,75.207,22251.0
2026-07-17T04:00:00Z,75.228,75.329,74.737,75.2477,22625.0
2026-07-17T05:00:00Z,75.227,75.227,74.267,74.388,57086.0
2026-07-17T06:00:00Z,74.377,74.748,74.3,74.588,29058.0
2026-07-17T07:00:00Z,74.598,74.758,74.397,74.618,18817.0
2026-07-17T08:00:00Z,74.618,74.68,74.176,74.518,27041.0
2026-07-17T09:00:00Z,74.507,74.798,74.467,74.637,21222.0
2026-07-17T10:00:00Z,74.648,74.869,74.607,74.778,21268.0
2026-07-17T11:00:00Z,74.757,75.011,74.637,74.848,21928.0
2026-07-17T12:00:00Z,74.857,74.868,74.357,74.38,35270.0
2026-07-17T13:00:00Z,74.388,74.388,73.366,74.317,147159.0
2026-07-17T14:00:00Z,74.3252,74.818,74.077,74.317,69517.0
2026-07-17T15:00:00Z,74.307,74.78,73.8,74.776,61019.0
2026-07-17T16:00:00Z,74.777,75.128,74.607,74.948,62902.0
2026-07-17T17:00:00Z,74.948,75.61,74.948,75.238,69883.0
2026-07-17T18:00:00Z,75.238,75.422,74.971,75.338,27211.0
2026-07-17T19:00:00Z,75.338,75.378,74.853,75.218,26872.0
2026-07-17T20:00:00Z,75.187,75.187,74.887,75.087,6878.0
2026-07-17T21:00:00Z,75.098,75.238,74.967,75.038,3897.0
2026-07-17T22:00:00Z,75.038,75.128,74.836,75.017,4774.0
2026-07-17T23:00:00Z,74.967,75.128,74.857,75.038,4086.0
2026-07-18T00:00:00Z,75.038,75.259,74.987,75.098,10424.0
2026-07-18T01:00:00Z,75.077,75.238,75.045,75.218,5732.0
2026-07-18T02:00:00Z,75.2477,75.438,75.137,75.207,15951.0
2026-07-18T03:00:00Z,75.218,75.378,75.147,75.367,7930.0
2026-07-18T04:00:00Z,75.38,75.388,75.047,75.107,11668.0
2026-07-18T05:00:00Z,75.107,75.118,74.867,74.938,24287.0
2026-07-18T06:00:00Z,74.927,75.098,74.92,74.967,13311.0
2026-07-18T07:00:00Z,74.978,75.049,74.897,74.968,9780.0
2026-07-18T08:00:00Z,74.957,75.028,74.774,74.948,20098.0
2026-07-18T09:00:00Z,74.97,75.008,74.657,74.848,27868.0
2026-07-18T10:00:00Z,74.8468,74.948,74.787,74.891,11558.0
2026-07-18T11:00:00Z,74.891,75.022,74.8894,74.95,17516.0
2026-07-18T12:00:00Z,74.958,75.191,74.717,75.0,42738.0
2026-07-18T13:00:00Z,74.99,74.99,74.507,74.738,39113.0
2026-07-18T14:00:00Z,74.758,75.002,74.646,74.998,30024.0
2026-07-18T15:00:00Z,74.987,75.048,74.797,74.957,17255.0
2026-07-18T16:00:00Z,74.957,75.292,74.847,75.169,32809.0
2026-07-18T17:00:00Z,75.178,75.4,75.057,75.348,36472.0
2026-07-18T18:00:00Z,75.35,75.638,75.187,75.288,35178.0
2026-07-18T19:00:00Z,75.288,75.443,75.217,75.437,9827.0
2026-07-18T20:00:00Z,75.438,75.581,75.327,75.468,16836.0
2026-07-18T21:00:00Z,75.468,75.638,75.337,75.509,20625.0
2026-07-18T22:00:00Z,75.447,75.618,75.377,75.567,3184.0
2026-07-18T23:00:00Z,75.557,75.578,75.4051,75.497,2808.0
2026-07-19T00:00:00Z,75.518,75.678,75.447,75.558,5274.0
2026-07-19T01:00:00Z,75.638,75.738,75.517,75.678,16365.0
2026-07-19T02:00:00Z,75.708,76.589,75.696,76.198,75875.0
2026-07-19T03:00:00Z,76.209,76.45,75.807,75.958,37139.0
2026-07-19T04:00:00Z,75.958,76.089,75.725,75.967,26554.0
2026-07-19T05:00:00Z,75.989,76.1,75.887,75.977,20607.0
2026-07-19T06:00:00Z,75.977,76.15,75.947,76.119,15169.0
2026-07-19T07:00:00Z,76.108,76.342,75.997,76.119,32672.0
2026-07-19T08:00:00Z,76.149,76.369,76.078,76.279,14616.0
2026-07-19T09:00:00Z,76.299,76.31,75.917,76.0,26368.0
2026-07-19T10:00:00Z,75.968,76.51,75.897,76.258,29822.0
2026-07-19T11:00:00Z,76.258,76.41,76.05,76.079,17683.0
2026-07-19T12:00:00Z,76.078,76.179,75.747,76.028,45667.0
2026-07-19T13:00:00Z,76.038,76.15,75.877,76.098,18813.0
2026-07-19T14:00:00Z,76.1,76.7,76.058,76.408,66182.0
2026-07-19T15:00:00Z,76.429,76.489,76.108,76.219,31039.0
2026-07-19T16:00:00Z,76.209,76.299,75.867,75.918,32099.0
2026-07-19T17:00:00Z,75.918,76.229,75.532,75.957,41960.0
2026-07-19T18:00:00Z,75.957,75.978,75.355,75.75,44478.0
2026-07-19T19:00:00Z,75.769,75.899,75.627,75.877,17540.0
2026-07-19T20:00:00Z,75.878,76.139,75.867,76.138,17187.0
2026-07-19T21:00:00Z,76.138,76.25,75.707,75.788,10174.0
2026-07-19T22:00:00Z,75.7,76.419,75.6362,76.099,9475.0
2026-07-19T23:00:00Z,76.088,76.569,75.887,76.407,13177.0
2026-07-20T00:00:00Z,76.308,77.129,76.128,76.569,48988.0
2026-07-20T01:00:00Z,76.578,77.42,76.268,76.378,47024.0
2026-07-20T02:00:00Z,76.3595,77.189,76.3595,76.979,32471.0
2026-07-20T03:00:00Z,76.978,77.089,76.538,76.668,24489.0
2026-07-20T04:00:00Z,76.75,76.94,76.288,76.448,27769.0
2026-07-20T05:00:00Z,76.488,76.488,75.775,75.905,64812.0
2026-07-20T06:00:00Z,75.897,76.038,75.5,75.587,47107.0
2026-07-20T07:00:00Z,75.638,76.249,75.537,76.217,41410.0
2026-07-20T08:00:00Z,76.219,76.439,75.887,76.138,44513.0
2026-07-20T09:00:00Z,76.179,76.739,76.068,76.469,37906.0
2026-07-20T10:00:00Z,76.469,76.685,76.328,76.3392,18524.0
2026-07-20T11:00:00Z,76.3392,77.239,76.297,77.1367,66159.0
2026-07-20T12:00:00Z,77.13,77.139,76.658,76.738,34278.0
2026-07-20T13:00:00Z,76.799,77.141,76.1189,76.289,71500.0
2026-07-20T14:00:00Z,76.269,76.459,75.7767,76.149,60697.0
2026-07-20T15:00:00Z,76.169,77.949,76.098,77.768,127672.0
2026-07-20T16:00:00Z,77.788,77.875,77.479,77.668,70341.0
2026-07-20T17:00:00Z,77.659,77.901,77.368,77.749,42112.0
2026-07-20T18:00:00Z,77.748,78.39,77.6,77.669,76187.0
2026-07-20T19:00:00Z,77.649,77.729,77.3,77.638,28670.0
2026-07-20T20:00:00Z,77.669,78.061,77.548,77.909,13979.0
2026-07-20T21:00:00Z,77.858,78.029,77.728,77.798,5855.0
2026-07-20T22:00:00Z,77.7,77.849,77.438,77.458,5232.0
2026-07-20T23:00:00Z,77.458,77.889,77.438,77.848,4581.0
2026-07-21T00:00:00Z,77.839,78.29,77.758,78.129,15578.0
2026-07-21T01:00:00Z,78.109,78.24,77.826,77.849,20554.0
2026-07-21T02:00:00Z,77.859,78.27,77.668,78.039,25664.0
2026-07-21T03:00:00Z,78.028,78.561,78.028,78.189,39829.0
2026-07-21T04:00:00Z,78.19,78.41,78.018,78.119,21911.0
2026-07-21T05:00:00Z,78.119,78.674,78.119,78.459,26897.0
2026-07-21T06:00:00Z,78.45,78.9,78.299,78.659,40562.0
2026-07-21T07:00:00Z,78.66,78.76,78.469,78.569,17190.0
2026-07-21T08:00:00Z,78.59,78.7482,78.3331,78.36,27112.0
2026-07-21T09:00:00Z,78.349,78.5,78.159,78.409,23618.0
2026-07-21T10:00:00Z,78.41,78.47,78.0667,78.19,24400.0
2026-07-21T11:00:00Z,78.22,78.43,78.099,78.36,24419.0
2026-07-21T12:00:00Z,78.369,78.55,78.269,78.53,32799.0
2026-07-21T13:00:00Z,78.53,78.652,78.198,78.6,47799.0
2026-07-21T14:00:00Z,78.599,78.64,77.916,77.9927,66417.0
2026-07-21T15:00:00Z,77.9927,78.17,77.7899,78.15,60113.0
2026-07-21T16:00:00Z,78.15,78.25,77.958,78.196,31194.0
2026-07-21T17:00:00Z,78.196,78.24,77.427,77.729,55030.0
2026-07-21T18:00:00Z,77.749,77.999,77.608,77.85,28807.0
2026-07-21T19:00:00Z,77.869,77.999,77.708,77.888,12242.0
2026-07-21T20:00:00Z,77.878,78.12,77.81,77.899,6215.0
2026-07-21T21:00:00Z,77.888,78.14,77.809,78.039,4436.0
2026-07-21T22:00:00Z,78.0,78.06,77.848,77.989,2310.0
2026-07-21T23:00:00Z,77.908,78.19,77.809,78.13,6935.0
2026-07-22T00:00:00Z,78.13,78.59,78.109,78.459,35789.0
2026-07-22T01:00:00Z,78.439,78.52,78.15,78.339,17326.0
2026-07-22T02:00:00Z,78.31,78.52,78.0885,78.12,13853.0
2026-07-22T03:00:00Z,78.119,78.22,77.797,77.869,24226.0
2026-07-22T04:00:00Z,77.84,78.23,77.828,78.079,19299.0
2026-07-22T05:00:00Z,78.06,78.08,77.381,77.429,44339.0
2026-07-22T06:00:00Z,77.418,77.5,76.995,77.299,60567.0
2026-07-22T07:00:00Z,77.298,77.319,76.978,77.109,25562.0
2026-07-22T08:00:00Z,77.088,77.52,77.058,77.42,28059.0
2026-07-22T09:00:00Z,77.42,77.581,77.278,77.549,21586.0
2026-07-22T10:00:00Z,77.589,77.74,77.438,77.668,23173.0
2026-07-22T11:00:00Z,77.648,77.809,77.478,77.5621,25470.0
2026-07-22T12:00:00Z,77.558,77.5621,77.028,77.239,34428.0
2026-07-22T13:00:00Z,77.238,77.9612,77.128,77.868,69320.0
2026-07-22T14:00:00Z,77.859,78.43,77.388,77.899,77792.0
2026-07-22T15:00:00Z,77.898,78.87,77.898,78.47,112091.0
2026-07-22T16:00:00Z,78.459,78.825,78.098,78.59,72713.0
2026-07-22T17:00:00Z,78.579,78.66,78.139,78.209,45171.0
2026-07-22T18:00:00Z,78.22,78.3,77.458,77.738,50900.0
2026-07-22T19:00:00Z,77.7472,77.809,77.298,77.66,18192.0
2026-07-22T20:00:00Z,77.639,77.95,77.578,77.769,10920.0
2026-07-22T21:00:00Z,77.799,78.06,77.668,78.0,7485.0
2026-07-22T22:00:00Z,77.9672,78.12,77.7,78.009,7453.0
2026-07-22T23:00:00Z,77.978,77.999,77.478,77.968,10259.0
2026-07-23T00:00:00Z,78.0,78.53,77.997,78.259,19750.0
2026-07-23T01:00:00Z,78.259,78.42,77.858,77.889,13649.0
2026-07-23T02:00:00Z,77.88,77.899,77.388,77.7461,19582.0
2026-07-23T03:00:00Z,77.7461,77.779,77.458,77.599,14584.0
2026-07-23T04:00:00Z,77.599,77.809,77.428,77.518,15568.0
2026-07-23T05:00:00Z,77.518,77.719,77.3971,77.518,16707.0
2026-07-23T06:00:00Z,77.518,77.579,77.347,77.569,16952.0
2026-07-23T07:00:00Z,77.549,77.549,77.018,77.148,30151.0
2026-07-23T08:00:00Z,77.148,77.489,77.1,77.478,18012.0
2026-07-23T09:00:00Z,77.45,77.649,77.388,77.489,20706.0
2026-07-23T10:00:00Z,77.509,77.7999,77.416,77.749,35678.0
2026-07-23T11:00:00Z,77.749,77.879,77.598,77.6786,30721.0
2026-07-23T12:00:00Z,77.668,77.749,76.493,76.928,95941.0
2026-07-23T13:00:00Z,76.939,77.02,76.555,76.689,48198.0
2026-07-23T14:00:00Z,76.709,76.869,76.3233,76.418,45891.0
2026-07-23T15:00:00Z,76.438,76.449,75.8453,76.368,73198.0
2026-07-23T16:00:00Z,76.368,76.368,75.8382,76.007,30622.0
2026-07-23T17:00:00Z,76.0,76.169,75.487,75.658,46372.0
2026-07-23T18:00:00Z,75.647,75.848,75.567,75.798,23016.0
2026-07-23T19:00:00Z,75.818,75.848,75.409,75.747,22059.0
2026-07-23T20:00:00Z,75.758,76.189,75.757,76.138,18574.0
2026-07-23T21:00:00Z,76.14,76.279,75.936,76.059,6079.0
2026-07-23T22:00:00Z,76.038,76.2353,75.861,76.178,7184.0
2026-07-23T23:00:00Z,76.239,76.249,75.877,75.877,3740.0
2026-07-24T00:00:00Z,75.877,75.9,75.527,75.828,15156.0
2026-07-24T01:00:00Z,75.828,76.109,75.667,75.698,13444.0
2026-07-24T02:00:00Z,75.698,75.92,75.294,75.538,34336.0
2026-07-24T03:00:00Z,75.558,75.958,75.467,75.838,27189.0
2026-07-24T04:00:00Z,75.858,75.858,75.607,75.6396,13885.0
2026-07-24T05:00:00Z,75.668,75.92,75.587,75.798,10200.0
2026-07-24T06:00:00Z,75.798,76.018,75.737,75.837,11859.0
2026-07-24T07:00:00Z,75.85,76.448,75.777,76.069,56500.0
2026-07-24T08:00:00Z,76.058,76.079,75.7,75.77,21351.0
2026-07-24T09:00:00Z,75.767,75.828,75.357,75.618,47722.0
2026-07-24T10:00:00Z,75.607,75.648,75.367,75.478,16279.0
2026-07-24T11:00:00Z,75.467,75.508,74.967,75.188,49318.0
2026-07-24T12:00:00Z,75.157,75.288,74.787,74.847,39035.0
2026-07-24T13:00:00Z,74.847,74.918,73.966,74.1913,113069.0
2026-07-24T14:00:00Z,74.2,74.25,73.592,74.037,92350.0
2026-07-24T15:00:00Z,74.004,74.288,73.666,74.016,56276.0
2026-07-24T16:00:00Z,74.027,74.198,73.704,73.886,50413.0
2026-07-24T17:00:00Z,73.9051,74.148,73.836,74.04,23812.0
2026-07-24T18:00:00Z,74.026,74.069,73.885,73.967,13037.0
2026-07-24T19:00:00Z,73.967,74.037,73.766,73.896,14999.0
2026-07-24T20:00:00Z,73.946,74.017,73.706,73.746,6837.0
2026-07-24T21:00:00Z,73.776,73.817,73.43,73.627,34196.0
2026-07-24T22:00:00Z,73.636,73.977,73.636,73.926,12769.0
2026-07-24T23:00:00Z,73.946,74.037,73.845,73.947,4504.0
2026-07-25T00:00:00Z,73.947,74.151,73.946,74.117,13846.0
2026-07-25T01:00:00Z,74.12,74.26,74.006,74.12,10503.0
2026-07-25T02:00:00Z,74.148,74.218,74.047,74.108,9571.0
2026-07-25T03:00:00Z,74.1131,74.335,74.047,74.148,18378.0
2026-07-25T04:00:00Z,74.138,74.358,74.138,74.318,24096.0
2026-07-25T05:00:00Z,74.318,74.35,73.896,73.976,21483.0
2026-07-25T06:00:00Z,73.976,74.037,73.76,74.037,36312.0
2026-07-25T07:00:00Z,74.037,74.059,73.786,73.787,22460.0
2026-07-25T08:00:00Z,73.787,73.856,73.536,73.787,32716.0
2026-07-25T09:00:00Z,73.8,74.04,73.746,73.986,19901.0
2026-07-25T10:00:00Z,73.997,74.02,73.896,73.966,11390.0
2026-07-25T11:00:00Z,73.966,74.037,73.833,73.917,21751.0
2026-07-25T12:00:00Z,73.927,73.98,73.856,73.977,9126.0
2026-07-25T13:00:00Z,73.977,74.19,73.936,73.977,33949.0
2026-07-25T14:00:00Z,73.977,74.068,73.766,74.037,41441.0
2026-07-25T15:00:00Z,74.026,74.316,73.986,74.157,34681.0
2026-07-25T16:00:00Z,74.168,74.424,74.077,74.328,31305.0
2026-07-25T17:00:00Z,74.3322,74.668,74.287,74.457,37253.0
2026-07-25T18:00:00Z,74.46,74.714,74.46,74.637,22643.0
2026-07-25T19:00:00Z,74.607,74.734,74.527,74.5645,16373.0
2026-07-25T20:00:00Z,74.568,74.568,74.387,74.438,8053.0
2026-07-25T21:00:00Z,74.427,74.608,74.265,74.467,11425.0
2026-07-25T22:00:00Z,74.458,74.531,74.307,74.498,5607.0
2026-07-25T23:00:00Z,74.498,74.528,74.407,74.528,2103.0
2026-07-26T00:00:00Z,74.528,74.969,74.477,74.777,22456.0
2026-07-26T01:00:00Z,74.79,74.898,74.677,74.807,10231.0
2026-07-26T02:00:00Z,74.838,74.938,74.727,74.887,10439.0
2026-07-26T03:00:00Z,74.887,75.068,74.817,75.028,27489.0
2026-07-26T04:00:00Z,75.028,75.238,74.946,75.078,33439.0
2026-07-26T05:00:00Z,75.0614,75.178,74.947,75.018,18704.0
2026-07-26T06:00:00Z,75.018,75.138,74.73,75.127,41427.0
2026-07-26T07:00:00Z,75.128,75.16,74.857,74.878,15059.0
2026-07-26T08:00:00Z,74.867,75.05,74.837,74.987,11181.0
2026-07-26T09:00:00Z,75.007,75.288,74.987,75.078,14479.0
2026-07-26T10:00:00Z,75.0755,75.249,75.037,75.126,12755.0
2026-07-26T11:00:00Z,75.126,75.178,74.897,74.937,14201.0
2026-07-26T12:00:00Z,74.9606,75.148,74.807,74.867,23166.0
2026-07-26T13:00:00Z,74.867,74.979,74.767,74.927,18246.0
2026-07-26T14:00:00Z,74.938,75.238,74.877,75.048,28100.0
2026-07-26T15:00:00Z,75.048,75.5,74.957,75.498,68741.0
2026-07-26T16:00:00Z,75.488,75.9877,75.295,75.537,80075.0
2026-07-26T17:00:00Z,75.538,75.599,75.287,75.378,25481.0
2026-07-26T18:00:00Z,75.367,75.448,75.277,75.398,18379.0
2026-07-26T19:00:00Z,75.387,75.458,75.247,75.33,9680.0
2026-07-26T20:00:00Z,75.348,75.408,75.307,75.338,3271.0
2026-07-26T21:00:00Z,75.37,75.768,75.317,75.648,9683.0
2026-07-26T22:00:00Z,75.69,76.819,75.69,76.729,45974.0
2026-07-26T23:00:00Z,76.78,77.108,76.54,76.775,39143.0
2026-07-27T00:00:00Z,76.778,76.799,76.208,76.348,25327.0
2026-07-27T01:00:00Z,76.359,76.529,75.997,76.518,29380.0
2026-07-27T02:00:00Z,76.529,76.669,76.358,76.428,23906.0
2026-07-27T03:00:00Z,76.418,76.54,76.328,76.398,12928.0
2026-07-27T04:00:00Z,76.418,76.629,76.267,76.319,17141.0
2026-07-27T05:00:00Z,76.319,76.629,76.258,76.569,11487.0
2026-07-27T06:00:00Z,76.558,76.999,76.528,76.729,45628.0
2026-07-27T07:00:00Z,76.709,76.759,76.397,76.478,26655.0
2026-07-27T08:00:00Z,76.478,76.522,76.228,76.319,24715.0
2026-07-27T09:00:00Z,76.308,76.569,76.128,76.489,34490.0
2026-07-27T10:00:00Z,76.468,76.689,76.408,76.618,18526.0
2026-07-27T11:00:00Z,76.579,76.689,76.487,76.529,18606.0
2026-07-27T12:00:00Z,76.529,77.081,76.25,76.858,96862.0
2026-07-27T13:00:00Z,76.868,77.52,76.4687,76.909,147938.0
2026-07-27T14:00:00Z,76.919,77.011,75.04,75.478,168933.0
2026-07-27T15:00:00Z,75.457,75.608,75.0755,75.257,50368.0
2026-07-27T16:00:00Z,75.267,75.978,75.137,75.937,58863.0
2026-07-27T17:00:00Z,75.937,76.249,75.807,75.887,43581.0
2026-07-27T18:00:00Z,75.9161,75.998,75.257,75.618,36361.0
2026-07-27T19:00:00Z,75.618,76.059,75.5,75.977,19671.0
2026-07-27T20:00:00Z,76.027,76.13,75.797,75.978,7550.0
2026-07-27T21:00:00Z,75.937,75.998,75.507,75.63,6289.0
2026-07-27T22:00:00Z,75.618,75.618,74.005,74.1,45535.0
2026-07-27T23:00:00Z,74.016,74.398,73.7456,74.198,38985.0
2026-07-28T00:00:00Z,74.207,74.288,73.666,73.717,29531.0
2026-07-28T01:00:00Z,73.706,73.727,72.836,73.187,61691.0
2026-07-28T02:00:00Z,73.186,73.447,73.07,73.367,21181.0
2026-07-28T03:00:00Z,73.367,73.397,73.156,73.277,15946.0
2026-07-28T04:00:00Z,73.247,73.267,72.966,73.197,21873.0
2026-07-28T05:00:00Z,73.1992,73.528,73.179,73.236,22725.0
2026-07-28T06:00:00Z,73.236,73.479,73.116,73.437,25492.0
2026-07-28T07:00:00Z,73.447,73.487,73.126,73.276,15242.0
2026-07-28T08:00:00Z,73.2611,73.427,73.136,73.35,9443.0
2026-07-28T09:00:00Z,73.35,73.5,73.196,73.25,14577.0
2026-07-28T10:00:00Z,73.25,73.327,73.116,73.147,22103.0
2026-07-28T11:00:00Z,73.15,73.337,72.8691,73.176,35974.0
2026-07-28T12:00:00Z,73.187,73.439,73.116,73.37,17421.0
2026-07-28T13:00:00Z,73.356,73.437,72.356,72.706,95300.0
2026-07-28T14:00:00Z,72.717,73.487,72.535,73.406,71473.0
2026-07-28T15:00:00Z,73.406,74.588,73.296,74.348,132982.0
2026-07-28T16:00:00Z,74.348,74.58,74.033,74.408,48878.0
2026-07-28T17:00:00Z,74.418,74.438,73.546,73.827,64582.0
2026-07-28T18:00:00Z,73.827,74.049,73.796,73.887,22926.0
2026-07-28T19:00:00Z,73.897,74.389,73.826,74.328,25088.0
2026-07-28T20:00:00Z,74.338,74.3594,74.006,74.048,13958.0
2026-07-28T21:00:00Z,74.037,74.399,74.0,74.147,10658.0
2026-07-28T22:00:00Z,74.167,74.227,73.436,73.436,18710.0
2026-07-28T23:00:00Z,73.4354,73.827,73.166,73.806,26157.0
2026-07-29T00:00:00Z,73.839,74.188,73.756,73.776,26387.0
2026-07-29T01:00:00Z,73.767,73.797,73.216,73.267,25675.0
2026-07-29T02:00:00Z,73.277,73.9789,73.0792,73.677,35135.0
2026-07-29T03:00:00Z,73.68,73.757,73.005,73.066,25154.0
2026-07-29T04:00:00Z,73.087,73.487,72.712,73.457,39307.0
2026-07-29T05:00:00Z,73.446,73.797,73.336,73.666,32907.0
2026-07-29T06:00:00Z,73.666,74.088,73.516,74.057,28631.0
2026-07-29T07:00:00Z,74.086,74.28,73.976,74.247,25471.0
2026-07-29T08:00:00Z,74.268,74.3349,73.7,73.937,37957.0
2026-07-29T09:00:00Z,73.936,74.318,73.916,74.138,16565.0
2026-07-29T10:00:00Z,74.127,74.142,73.793,73.9045,24118.0
2026-07-29T11:00:00Z,73.906,74.098,73.826,73.957,15409.0
2026-07-29T12:00:00Z,73.9538,73.9538,73.446,73.516,32411.0
2026-07-29T13:00:00Z,73.516,73.777,73.35,73.727,43496.0
2026-07-29T14:00:00Z,73.726,73.928,73.0776,73.266,58663.0
2026-07-29T15:00:00Z,73.266,73.446,72.966,73.116,39063.0
2026-07-29T16:00:00Z,73.126,73.36,72.925,73.266,35856.0
2026-07-29T17:00:00Z,73.277,73.959,73.166,73.957,53990.0
2026-07-29T18:00:00Z,73.957,74.5292,73.436,74.238,127414.0
2026-07-29T19:00:00Z,74.237,74.378,72.7282,72.767,85969.0
2026-07-29T20:00:00Z,72.736,73.197,72.426,72.647,48019.0
2026-07-29T21:00:00Z,72.63,73.177,72.306,73.166,34320.0
2026-07-29T22:00:00Z,73.178,73.809,73.178,73.636,24809.0
2026-07-29T23:00:00Z,73.6383,73.747,73.426,73.687,7959.0
2026-07-30T00:00:00Z,73.707,73.868,73.136,73.287,25429.0
2026-07-30T01:00:00Z,73.3065,74.207,73.266,74.037,28572.0
2026-07-30T02:00:00Z,74.057,74.15,73.826,73.8369,26854.0
2026-07-30T03:00:00Z,73.837,74.007,73.666,73.717,12833.0
2026-07-30T04:00:00Z,73.737,73.737,73.495,73.527,20535.0
2026-07-30T05:00:00Z,73.537,73.877,73.416,73.686,23577.0
2026-07-30T06:00:00Z,73.707,73.767,73.486,73.526,8094.0
2026-07-30T07:00:00Z,73.526,73.817,73.386,73.416,20251.0
2026-07-30T08:00:00Z,73.457,73.847,73.3044,73.816,28970.0
2026-07-30T09:00:00Z,73.817,74.232,73.806,74.047,37872.0
2026-07-30T10:00:00Z,74.047,74.208,73.826,73.896,22444.0
2026-07-30T11:00:00Z,73.927,74.338,73.9,74.212,22133.0
2026-07-30T12:00:00Z,74.237,74.488,74.077,74.397,29347.0
2026-07-30T13:00:00Z,74.39,74.928,74.117,74.687,63114.0
2026-07-30T14:00:00Z,74.667,74.788,74.287,74.638,65158.0
2026-07-30T15:00:00Z,74.638,74.868,74.466,74.647,34033.0
2026-07-30T16:00:00Z,74.668,74.848,74.457,74.577,32915.0
2026-07-30T17:00:00Z,74.577,74.88,74.413,74.757,39686.0
2026-07-30T18:00:00Z,74.768,74.982,74.487,74.517,27230.0
2026-07-30T19:00:00Z,74.527,74.838,74.527,74.795,12325.0
2026-07-30T20:00:00Z,74.777,74.9215,74.447,74.498,9734.0
2026-07-30T21:00:00Z,74.487,74.6165,74.44,74.497,5862.0
2026-07-30T22:00:00Z,74.477,74.898,74.407,74.757,8877.0
2026-07-30T23:00:00Z,74.737,74.988,74.467,74.518,10096.0
2026-07-31T00:00:00Z,74.507,74.638,74.437,74.488,9089.0
2026-07-31T01:00:00Z,74.52,75.318,74.297,74.398,53306.0
2026-07-31T02:00:00Z,74.388,74.558,74.076,74.158,42338.0
2026-07-31T03:00:00Z,74.147,74.348,73.87,74.15,30462.0
2026-07-31T04:00:00Z,74.127,74.159,73.7349,73.837,35544.0
2026-07-31T05:00:00Z,73.826,74.328,73.826,74.248,41234.0
2026-07-31T06:00:00Z,74.248,74.548,74.006,74.108,33998.0
2026-07-31T07:00:00Z,74.1052,74.1052,73.5,73.687,57012.0
2026-07-31T08:00:00Z,73.676,73.808,73.526,73.667,18518.0
2026-07-31T09:00:00Z,73.656,73.707,73.396,73.487,29162.0
2026-07-31T10:00:00Z,73.457,73.658,73.285,73.557,34438.0
2026-07-31T11:00:00Z,73.557,73.727,73.47,73.556,17535.0
2026-07-31T12:00:00Z,73.546,73.647,73.387,73.616,19946.0
2026-07-31T13:00:00Z,73.627,73.817,73.153,73.287,61760.0
2026-07-31T14:00:00Z,73.286,73.7,72.784,73.037,97084.0
2026-07-31T15:00:00Z,73.05,73.217,72.87,73.097,32816.0
2026-07-31T16:00:00Z,73.097,73.35,72.986,73.306,24905.0
2026-07-31T17:00:00Z,73.286,73.45,73.176,73.366,29499.0
2026-07-31T18:00:00Z,73.377,73.497,72.936,73.116,33092.0
2026-07-31T19:00:00Z,73.116,73.298,72.915,73.086,18555.0
2026-07-31T20:00:00Z,73.097,73.237,72.936,72.987,8243.0
2026-07-31T21:00:00Z,72.967,73.1,72.556,72.738,19408.0
2026-07-31T22:00:00Z,72.726,72.937,72.696,72.865,6655.0
2026-07-31T23:00:00Z,72.857,72.967,72.8,72.877,2807.0
2026-08-01T00:00:00Z,72.8819,73.157,72.876,73.006,10916.0
2026-08-01T01:00:00Z,73.037,73.147,72.985,73.0365,7911.0
2026-08-01T02:00:00Z,73.067,73.168,73.006,73.09,8175.0
2026-08-01T03:00:00Z,73.086,73.107,72.876,73.047,9856.0
2026-08-01T04:00:00Z,73.057,73.221,73.046,73.177,12696.0
2026-08-01T05:00:00Z,73.1684,73.208,72.866,72.946,16051.0
2026-08-01T06:00:00Z,72.956,73.03,72.886,72.997,11251.0
2026-08-01T07:00:00Z,72.986,73.117,72.917,72.966,9447.0
2026-08-01T08:00:00Z,72.967,73.087,72.945,73.027,8598.0
2026-08-01T09:00:00Z,73.026,73.087,72.826,72.833,12368.0
2026-08-01T10:00:00Z,72.836,72.897,72.653,72.826,21587.0
2026-08-01T11:00:00Z,72.837,72.907,72.786,72.897,7622.0
2026-08-01T12:00:00Z,72.8991,72.938,72.866,72.926,8309.0
2026-08-01T13:00:00Z,72.937,72.997,72.905,72.977,7430.0
2026-08-01T14:00:00Z,72.987,73.047,72.866,73.026,13963.0
2026-08-01T15:00:00Z,73.026,73.0336,72.726,72.786,19672.0
2026-08-01T16:00:00Z,72.786,72.937,72.45,72.6954,31075.0
2026-08-01T17:00:00Z,72.69,72.777,71.602,71.926,125026.0
2026-08-01T18:00:00Z,71.9,71.967,70.56,71.075,115765.0
2026-08-01T19:00:00Z,71.086,71.366,71.046,71.2553,30884.0
2026-08-01T20:00:00Z,71.22,71.5457,71.195,71.5457,13801.0
2026-08-01T21:00:00Z,71.5457,71.85,71.545,71.8233,16092.0
2026-08-01T22:00:00Z,71.8479,72.026,71.8479,71.905,11504.0
2026-08-01T23:00:00Z,71.916,72.097,71.825,71.946,7438.0
2026-08-02T00:00:00Z,71.955,72.157,71.925,72.1,10175.0
2026-08-02T01:00:00Z,72.12,72.773,72.116,72.646,32092.0
2026-08-02T02:00:00Z,72.667,73.4,72.586,73.136,58625.0
2026-08-02T03:00:00Z,73.146,73.25,73.086,73.196,20311.0
2026-08-02T04:00:00Z,73.22,73.558,73.22,73.536,39299.0
2026-08-02T05:00:00Z,73.536,73.672,73.455,73.596,36123.0
2026-08-02T06:00:00Z,73.607,73.656,73.435,73.455,18719.0
2026-08-02T07:00:00Z,73.436,73.517,73.406,73.477,10156.0
2026-08-02T08:00:00Z,73.4944,73.536,73.166,73.186,24773.0
2026-08-02T09:00:00Z,73.197,73.428,72.976,73.387,30355.0
2026-08-02T10:00:00Z,73.366,73.379,73.146,73.266,16652.0
2026-08-02T11:00:00Z,73.266,73.316,72.946,73.007,30931.0
2026-08-02T12:00:00Z,73.007,73.238,72.891,72.891,26252.0
2026-08-02T13:00:00Z,72.896,73.007,72.6878,72.977,32933.0
2026-08-02T14:00:00Z,72.9619,73.238,72.936,73.097,28282.0
2026-08-02T15:00:00Z,73.086,73.217,73.006,73.017,13768.0
2026-08-02T16:00:00Z,73.017,73.311,72.906,73.146,30254.0
2026-08-02T17:00:00Z,73.1467,73.398,73.0881,73.327,33520.0
2026-08-02T18:00:00Z,73.317,73.847,73.235,73.567,49982.0
2026-08-02T19:00:00Z,73.577,73.787,73.526,73.7236,17745.0
2026-08-02T20:00:00Z,73.7236,73.747,73.556,73.697,9535.0
2026-08-02T21:00:00Z,73.707,74.348,73.676,73.997,33019.0
2026-08-02T22:00:00Z,74.0,74.208,73.646,73.646,16763.0
2026-08-02T23:00:00Z,73.643,73.667,73.456,73.637,11096.0
2026-08-03T00:00:00Z,73.637,73.677,73.176,73.226,15144.0
2026-08-03T01:00:00Z,73.196,73.267,72.936,73.0,20133.0
2026-08-03T02:00:00Z,73.0,73.147,72.9,73.016,14135.0
2026-08-03T03:00:00Z,73.007,73.117,72.67,72.897,27922.0
2026-08-03T04:00:00Z,72.876,73.068,72.826,72.846,20842.0
2026-08-03T05:00:00Z,72.846,73.05,72.826,72.916,18698.0
2026-08-03T06:00:00Z,72.9225,72.983,72.516,72.605,40110.0
2026-08-03T07:00:00Z,72.606,72.7,72.435,72.5069,27142.0
2026-08-03T08:00:00Z,72.516,72.567,71.983,72.367,51663.0
2026-08-03T09:00:00Z,72.367,72.8,72.326,72.747,25678.0
2026-08-03T10:00:00Z,72.736,72.8,72.526,72.606,28263.0
2026-08-03T11:00:00Z,72.617,72.65,72.386,72.446,26252.0
2026-08-03T12:00:00Z,72.456,72.567,72.336,72.427,22664.0
2026-08-03T13:00:00Z,72.427,73.288,72.326,73.267,79575.0
2026-08-03T14:00:00Z,73.256,73.817,73.014,73.797,107277.0
2026-08-03T15:00:00Z,73.776,73.827,73.462,73.606,37690.0
2026-08-03T16:00:00Z,73.617,73.8107,73.232,73.437,50822.0
2026-08-03T17:00:00Z,73.426,73.869,73.316,73.696,44763.0
2026-08-03T18:00:00Z,73.707,74.2883,73.696,73.976,72508.0
2026-08-03T19:00:00Z,74.017,74.188,73.966,74.026,22231.0
2026-08-03T20:00:00Z,74.016,74.148,73.7858,73.867,19927.0
2026-08-03T21:00:00Z,73.875,73.875,73.674,73.727,12492.0
2026-08-03T22:00:00Z,73.716,73.737,73.376,73.54,20128.0
2026-08-03T23:00:00Z,73.447,73.577,73.396,73.5668,7791.0
2026-08-04T00:00:00Z,73.577,73.637,73.056,73.068,38901.0
2026-08-04T01:00:00Z,73.097,73.7954,73.066,73.787,37210.0
2026-08-04T02:00:00Z,73.7954,74.127,73.676,73.876,32785.0
2026-08-04T03:00:00Z,73.896,73.9,73.476,73.707,22652.0
2026-08-04T04:00:00Z,73.707,74.118,73.596,73.826,26116.0
2026-08-04T05:00:00Z,73.85,73.887,73.706,73.746,13798.0
2026-08-04T06:00:00Z,73.736,73.928,73.41,73.436,24417.0
2026-08-04T07:00:00Z,73.436,73.747,73.206,73.697,47063.0
2026-08-04T08:00:00Z,73.717,73.768,73.296,73.377,37261.0
2026-08-04T09:00:00Z,73.35,73.35,73.165,73.307,25748.0
2026-08-04T10:00:00Z,73.337,73.708,73.107,73.617,51118.0
2026-08-04T11:00:00Z,73.63,73.9828,73.546,73.946,42061.0
2026-08-04T12:00:00Z,73.939,74.09,73.756,73.816,38463.0
2026-08-04T13:00:00Z,73.817,74.05,73.586,73.647,66299.0
2026-08-04T14:00:00Z,73.646,73.939,73.326,73.826,73956.0
2026-08-04T15:00:00Z,73.836,74.218,73.404,73.997,90417.0
2026-08-04T16:00:00Z,74.017,74.018,73.606,73.736,52602.0
2026-08-04T17:00:00Z,73.747,74.2555,73.716,73.777,84488.0
2026-08-04T18:00:00Z,73.776,74.4,73.767,74.157,78025.0
2026-08-04T19:00:00Z,74.165,74.3979,74.117,74.187,20164.0
2026-08-04T20:00:00Z,74.208,74.479,73.885,74.257,33628.0
2026-08-04T21:00:00Z,74.258,74.258,74.015,74.127,6437.0
2026-08-04T22:00:00Z,74.107,74.228,73.977,74.097,4285.0
2026-08-04T23:00:00Z,73.996,74.299,73.736,73.78,26486.0
2026-08-05T00:00:00Z,73.747,73.797,73.466,73.506,32390.0
2026-08-05T01:00:00Z,73.496,74.118,73.386,74.107,51078.0
2026-08-05T02:00:00Z,74.12,74.5,74.076,74.217,46091.0
2026-08-05T03:00:00Z,74.217,74.308,73.71,73.785,40442.0
2026-08-05T04:00:00Z,73.785,73.857,73.616,73.807,26607.0
2026-08-05T05:00:00Z,73.78,74.308,73.756,74.137,31615.0
2026-08-05T06:00:00Z,74.157,74.258,73.976,74.006,13662.0
2026-08-05T07:00:00Z,74.017,74.048,73.676,73.966,31843.0
2026-08-05T08:00:00Z,73.986,74.168,73.946,74.067,27783.0
2026-08-05T09:00:00Z,74.088,74.2,74.006,74.006,27539.0
2026-08-05T10:00:00Z,74.006,74.12,73.796,73.857,24353.0
2026-08-05T11:00:00Z,73.846,74.0,73.736,73.777,37023.0
2026-08-05T12:00:00Z,73.7709,74.4,73.715,74.078,58532.0
2026-08-05T13:00:00Z,74.078,74.118,73.256,73.976,95197.0
2026-08-05T14:00:00Z,73.936,74.159,73.61,73.966,61014.0
2026-08-05T15:00:00Z,73.946,74.308,73.855,73.95,82585.0
2026-08-05T16:00:00Z,73.957,74.439,73.946,74.288,55252.0
2026-08-05T17:00:00Z,74.328,74.67,74.137,74.558,47370.0
2026-08-05T18:00:00Z,74.558,74.8152,74.437,74.518,45854.0
2026-08-05T19:00:00Z,74.518,74.627,74.415,74.467,16268.0
2026-08-05T20:00:00Z,74.467,74.568,74.317,74.377,14797.0
2026-08-05T21:00:00Z,74.398,74.398,74.067,74.128,20221.0
2026-08-05T22:00:00Z,74.127,74.187,73.986,74.016,8613.0
2026-08-05T23:00:00Z,74.0,74.1,73.847,74.016,27983.0
2026-08-06T00:00:00Z,74.027,74.268,74.027,74.067,19786.0
2026-08-06T01:00:00Z,74.0591,74.108,73.716,73.736,33312.0
2026-08-06T02:00:00Z,73.73,73.77,73.365,73.527,59670.0
2026-08-06T03:00:00Z,73.526,73.587,73.426,73.476,17509.0
2026-08-06T04:00:00Z,73.476,73.867,73.386,73.856,47934.0
2026-08-06T05:00:00Z,73.86,74.368,73.8532,74.227,45726.0
2026-08-06T06:00:00Z,74.2059,74.248,73.946,74.048,17967.0
2026-08-06T07:00:00Z,74.047,74.1222,73.866,73.887,16267.0
2026-08-06T08:00:00Z,73.887,74.1,73.695,73.986,48559.0
2026-08-06T09:00:00Z,73.997,73.997,73.172,73.286,97968.0
2026-08-06T10:00:00Z,73.286,73.427,73.156,73.307,39713.0
2026-08-06T11:00:00Z,73.317,73.558,73.1707,73.446,29010.0
2026-08-06T12:00:00Z,73.436,73.457,73.114,73.146,37711.0
2026-08-06T13:00:00Z,73.146,73.318,72.846,73.237,86523.0
2026-08-06T14:00:00Z,73.237,73.5901,73.086,73.456,58902.0
2026-08-06T15:00:00Z,73.456,73.63,73.3,73.3,53006.0
2026-08-06T16:00:00Z,73.306,73.487,73.081,73.436,38866.0
2026-08-06T17:00:00Z,73.446,73.547,73.056,73.187,27380.0
2026-08-06T18:00:00Z,73.186,73.228,72.71,72.806,56446.0
2026-08-06T19:00:00Z,72.816,72.947,72.546,72.786,35238.0
2026-08-06T20:00:00Z,72.807,72.989,72.795,72.857,11821.0
2026-08-06T21:00:00Z,72.84,72.987,72.786,72.897,12298.0
2026-08-06T22:00:00Z,72.857,72.867,72.646,72.676,8115.0
2026-08-06T23:00:00Z,72.677,72.729,72.336,72.686,23602.0
2026-08-07T00:00:00Z,72.686,72.807,72.56,72.667,18405.0
2026-08-07T01:00:00Z,72.7,72.877,72.576,72.747,19783.0
2026-08-07T02:00:00Z,72.747,72.938,72.4768,72.737,16485.0
2026-08-07T03:00:00Z,72.707,72.767,72.536,72.606,8889.0
2026-08-07T04:00:00Z,72.607,72.801,72.486,72.666,13991.0
2026-08-07T05:00:00Z,72.666,72.95,72.436,72.866,21469.0
2026-08-07T06:00:00Z,72.866,73.078,72.806,72.847,30875.0
2026-08-07T07:00:00Z,72.8426,73.037,72.746,72.926,17458.0
2026-08-07T08:00:00Z,72.926,73.343,72.916,73.196,36393.0
2026-08-07T09:00:00Z,73.2,73.747,73.2,73.626,79413.0
2026-08-07T10:00:00Z,73.626,73.779,73.495,73.546,27142.0
2026-08-07T11:00:00Z,73.546,73.793,73.536,73.647,32218.0
2026-08-07T12:00:00Z,73.636,74.33,73.636,73.906,102955.0
2026-08-07T13:00:00Z,73.906,74.369,73.796,74.127,56965.0
2026-08-07T14:00:00Z,74.128,74.238,73.566,73.716,107560.0
2026-08-07T15:00:00Z,73.727,73.98,73.696,73.886,30071.0
2026-08-07T16:00:00Z,73.926,74.138,73.576,73.587,56085.0
2026-08-07T17:00:00Z,73.585,73.587,73.185,73.427,90153.0
2026-08-07T18:00:00Z,73.427,73.587,73.276,73.406,27185.0
2026-08-07T19:00:00Z,73.447,74.039,73.406,74.026,32594.0
2026-08-07T20:00:00Z,74.026,74.1,73.786,73.826,20885.0
2026-08-07T21:00:00Z,73.837,73.897,73.616,73.617,15942.0
2026-08-07T22:00:00Z,73.667,73.739,73.596,73.657,23884.0
2026-08-07T23:00:00Z,73.646,73.777,73.626,73.666,3510.0
2026-08-08T00:00:00Z,73.626,73.745,73.576,73.717,8116.0
2026-08-08T01:00:00Z,73.727,73.972,73.676,73.886,25021.0
2026-08-08T02:00:00Z,73.886,73.977,73.856,73.877,17943.0
2026-08-08T03:00:00Z,73.866,75.029,73.866,74.858,115428.0
2026-08-08T04:00:00Z,74.847,75.158,74.587,74.637,59111.0
2026-08-08T05:00:00Z,74.627,74.76,74.487,74.678,23819.0
2026-08-08T06:00:00Z,74.678,74.831,74.574,74.707,21293.0
2026-08-08T07:00:00Z,74.718,74.829,74.666,74.828,17144.0
2026-08-08T08:00:00Z,74.8315,74.938,74.706,74.808,18894.0
2026-08-08T09:00:00Z,74.817,75.04,74.817,74.877,24624.0
2026-08-08T10:00:00Z,74.907,75.208,74.907,75.087,36225.0
2026-08-08T11:00:00Z,75.087,75.728,75.067,75.618,102795.0
2026-08-08T12:00:00Z,75.628,75.698,75.367,75.447,50202.0
2026-08-08T13:00:00Z,75.458,75.568,75.436,75.527,25194.0
2026-08-08T14:00:00Z,75.558,76.64,75.547,76.508,161916.0
2026-08-08T15:00:00Z,76.525,76.8301,76.258,76.409,101518.0
2026-08-08T16:00:00Z,76.409,76.51,76.177,76.378,51672.0
2026-08-08T17:00:00Z,76.378,76.509,76.278,76.398,31234.0
2026-08-08T18:00:00Z,76.389,76.389,76.088,76.148,37834.0
2026-08-08T19:00:00Z,76.158,76.29,75.977,76.179,26595.0
2026-08-08T20:00:00Z,76.158,76.3,76.148,76.279,12925.0
2026-08-08T21:00:00Z,76.268,76.389,76.188,76.218,21494.0
2026-08-08T22:00:00Z,76.2647,76.309,75.868,75.93,20611.0
2026-08-08T23:00:00Z,75.93,76.11,75.8141,76.017,17067.0
2026-08-09T00:00:00Z,76.027,76.079,75.875,76.017,9883.0
2026-08-09T01:00:00Z,76.038,76.1105,75.756,75.8889,15240.0
2026-08-09T02:00:00Z,75.8889,76.028,75.807,75.887,15262.0
2026-08-09T03:00:00Z,75.867,76.069,75.7772,76.0,25138.0
2026-08-09T04:00:00Z,76.0,76.149,75.967,75.993,20759.0
2026-08-09T05:00:00Z,75.977,76.049,75.897,76.028,16541.0
2026-08-09T06:00:00Z,76.017,76.52,75.977,76.449,45821.0
2026-08-09T07:00:00Z,76.449,76.5,76.254,76.369,30968.0
2026-08-09T08:00:00Z,76.379,76.599,76.127,76.349,43818.0
2026-08-09T09:00:00Z,76.34,76.539,76.268,76.469,23518.0
2026-08-09T10:00:00Z,76.469,76.679,76.388,76.409,34963.0
2026-08-09T11:00:00Z,76.388,76.55,76.3699,76.508,15698.0
2026-08-09T12:00:00Z,76.508,76.6,76.308,76.378,23944.0
2026-08-09T13:00:00Z,76.378,76.889,76.358,76.576,66305.0
2026-08-09T14:00:00Z,76.578,77.097,76.578,77.028,65482.0
2026-08-09T15:00:00Z,77.048,77.489,76.868,77.4481,92029.0
2026-08-09T16:00:00Z,77.448,77.59,77.108,77.359,67132.0
2026-08-09T17:00:00Z,77.349,77.349,77.148,77.199,22015.0
2026-08-09T18:00:00Z,77.199,77.279,77.098,77.229,19816.0
2026-08-09T19:00:00Z,77.229,77.39,77.158,77.247,10516.0
2026-08-09T20:00:00Z,77.248,77.31,77.078,77.28,9587.0
2026-08-09T21:00:00Z,77.278,77.531,77.178,77.368,16028.0
2026-08-09T22:00:00Z,77.428,77.88,76.668,76.8213,56464.0
2026-08-09T23:00:00Z,76.8,76.919,76.208,76.279,43484.0
2026-08-10T00:00:00Z,76.259,77.039,76.208,76.528,54185.0
2026-08-10T01:00:00Z,76.539,77.169,76.408,76.908,51062.0
2026-08-10T02:00:00Z,76.949,76.949,76.44,76.818,34805.0
2026-08-10T03:00:00Z,76.808,76.96,76.377,76.649,42732.0
2026-08-10T04:00:00Z,76.618,76.749,76.438,76.559,26560.0
2026-08-10T05:00:00Z,76.55,76.979,76.538,76.888,26024.0
2026-08-10T06:00:00Z,76.89,77.089,76.818,76.999,28657.0
2026-08-10T07:00:00Z,76.969,77.129,76.8294,76.989,18357.0
2026-08-10T08:00:00Z,76.988,77.15,76.668,76.948,41894.0
2026-08-10T09:00:00Z,76.9447,77.039,76.568,76.568,31159.0
2026-08-10T10:00:00Z,76.579,76.879,76.548,76.818,30951.0
2026-08-10T11:00:00Z,76.839,77.07,76.667,77.058,27026.0
2026-08-10T12:00:00Z,77.069,77.13,76.6132,76.659,50143.0
2026-08-10T13:00:00Z,76.649,76.789,76.1475,76.318,82516.0
2026-08-10T14:00:00Z,76.318,76.719,76.258,76.279,71792.0
2026-08-10T15:00:00Z,76.279,76.439,75.83,75.967,96857.0
2026-08-10T16:00:00Z,75.957,76.12,75.5917,75.707,68525.0
2026-08-10T17:00:00Z,75.728,76.14,75.614,75.987,46085.0
2026-08-10T18:00:00Z,76.0,76.089,75.717,75.838,29036.0
2026-08-10T19:00:00Z,75.827,76.299,75.827,76.219,24617.0
2026-08-10T20:00:00Z,76.22,76.509,76.198,76.458,18814.0
2026-08-10T21:00:00Z,76.438,76.509,76.308,76.36,7009.0
2026-08-10T22:00:00Z,76.338,76.39,76.048,76.229,6239.0
2026-08-10T23:00:00Z,76.218,76.218,75.977,75.987,6807.0
2026-08-11T00:00:00Z,75.967,76.049,75.782,75.887,10228.0
2026-08-11T01:00:00Z,75.877,76.109,75.707,76.1,13592.0
2026-08-11T02:00:00Z,76.1016,76.14,75.977,76.038,13238.0
2026-08-11T03:00:00Z,76.038,76.2581,76.038,76.078,16999.0
2026-08-11T04:00:00Z,76.0798,76.229,76.068,76.078,9384.0
2026-08-11T05:00:00Z,76.0764,76.089,75.777,75.797,27254.0
2026-08-11T06:00:00Z,75.797,76.028,75.657,75.807,26583.0
2026-08-11T07:00:00Z,75.818,75.868,75.4132,75.687,51362.0
2026-08-11T08:00:00Z,75.7,75.98,75.625,75.907,23840.0
2026-08-11T09:00:00Z,75.927,75.949,75.667,75.888,14949.0
2026-08-11T10:00:00Z,75.888,76.074,75.757,75.937,24453.0
2026-08-11T11:00:00Z,75.948,76.369,75.937,76.209,31172.0
2026-08-11T12:00:00Z,76.229,76.249,75.7971,75.867,32332.0
2026-08-11T13:00:00Z,75.868,76.1,75.717,76.038,37339.0
2026-08-11T14:00:00Z,76.007,76.16,75.067,75.1886,107602.0
2026-08-11T15:00:00Z,75.198,75.419,74.62,74.925,110695.0
2026-08-11T16:00:00Z,74.917,75.068,74.767,74.92,28613.0
2026-08-11T17:00:00Z,74.958,75.2035,74.917,75.178,23807.0
2026-08-11T18:00:00Z,75.167,75.338,75.077,75.26,24462.0
2026-08-11T19:00:00Z,75.258,75.7177,75.056,75.668,36364.0
2026-08-11T20:00:00Z,75.688,76.284,75.647,76.048,43204.0
2026-08-11T21:00:00Z,76.048,76.451,76.007,76.449,27318.0
2026-08-11T22:00:00Z,76.4578,76.669,76.257,76.419,26277.0
2026-08-11T23:00:00Z,76.338,76.359,76.198,76.298,8075.0
2026-08-12T00:00:00Z,76.298,76.379,76.228,76.368,10924.0
2026-08-12T01:00:00Z,76.379,76.6,76.297,76.418,27628.0
2026-08-12T02:00:00Z,76.429,76.6,76.428,76.438,15438.0
2026-08-12T03:00:00Z,76.449,76.53,76.258,76.419,23196.0
2026-08-12T04:00:00Z,76.418,76.581,76.278,76.298,19075.0
2026-08-12T05:00:00Z,76.298,76.379,76.188,76.339,15528.0
2026-08-12T06:00:00Z,76.31,76.359,75.98,76.059,31039.0
2026-08-12T07:00:00Z,76.059,76.289,75.946,76.278,31908.0
2026-08-12T08:00:00Z,76.279,76.48,76.158,76.189,24810.0
2026-08-12T09:00:00Z,76.189,76.909,76.128,76.749,62981.0
2026-08-12T10:00:00Z,76.7651,76.869,76.658,76.769,28808.0
2026-08-12T11:00:00Z,76.799,76.869,76.688,76.83,19850.0
2026-08-12T12:00:00Z,76.83,77.33,76.364,76.639,124592.0
2026-08-12T13:00:00Z,76.638,76.669,76.041,76.229,71906.0
2026-08-12T14:00:00Z,76.219,76.239,75.407,75.47,122705.0
2026-08-12T15:00:00Z,75.427,75.879,75.3661,75.747,44255.0
2026-08-12T16:00:00Z,75.727,75.848,75.5623,75.687,19567.0
2026-08-12T17:00:00Z,75.698,76.06,75.667,75.897,42794.0
2026-08-12T18:00:00Z,75.887,76.099,75.827,75.878,20133.0
2026-08-12T19:00:00Z,75.867,75.998,75.587,75.757,21841.0
2026-08-12T20:00:00Z,75.758,76.018,75.737,75.938,6495.0
2026-08-12T21:00:00Z,75.938,76.008,75.436,75.478,17785.0
2026-08-12T22:00:00Z,75.46,75.668,75.32,75.528,18258.0
2026-08-12T23:00:00Z,75.558,75.638,75.386,75.627,4345.0
2026-08-13T00:00:00Z,75.627,75.888,75.557,75.628,20013.0
2026-08-13T01:00:00Z,75.617,75.799,75.467,75.648,11925.0
2026-08-13T02:00:00Z,75.637,75.978,75.52,75.967,18966.0
2026-08-13T03:00:00Z,75.967,76.329,75.957,76.2537,44377.0
2026-08-13T04:00:00Z,76.258,76.27,76.027,76.149,18722.0
2026-08-13T05:00:00Z,76.149,76.6353,76.088,76.518,57090.0
2026-08-13T06:00:00Z,76.528,76.549,76.328,76.52,23479.0
2026-08-13T07:00:00Z,76.531,76.549,76.388,76.449,6999.0
2026-08-13T08:00:00Z,76.4509,76.489,76.168,76.219,24748.0
2026-08-13T09:00:00Z,76.219,76.221,75.877,76.159,42620.0
2026-08-13T10:00:00Z,76.155,76.179,75.687,75.749,33366.0
2026-08-13T11:00:00Z,75.748,75.748,75.55,75.658,36816.0
2026-08-13T12:00:00Z,75.658,76.1464,75.627,76.118,45124.0
2026-08-13T13:00:00Z,76.1464,76.3675,76.048,76.178,49976.0
2026-08-13T14:00:00Z,76.199,76.599,76.138,76.458,62638.0
2026-08-13T15:00:00Z,76.458,76.549,75.627,75.638,69061.0
2026-08-13T16:00:00Z,75.648,75.888,75.087,75.587,102489.0
2026-08-13T17:00:00Z,75.577,75.948,75.547,75.767,37567.0
2026-08-13T18:00:00Z,75.767,76.1,75.675,76.028,29451.0
2026-08-13T19:00:00Z,76.028,76.28,75.987,76.158,28091.0
2026-08-13T20:00:00Z,76.2,76.34,76.147,76.218,13367.0
2026-08-13T21:00:00Z,76.229,76.309,76.1348,76.219,5355.0
2026-08-13T22:00:00Z,76.238,76.449,76.219,76.248,18542.0
2026-08-13T23:00:00Z,76.259,76.299,76.148,76.269,5718.0
2026-08-14T00:00:00Z,76.2689,76.329,75.997,76.088,9279.0
2026-08-14T01:00:00Z,76.099,76.189,75.925,76.109,25060.0
2026-08-14T02:00:00Z,76.119,76.2,75.997,76.038,14753.0
2026-08-14T03:00:00Z,76.0319,76.07,75.746,75.757,25659.0
2026-08-14T04:00:00Z,75.758,76.028,75.737,75.848,12846.0
2026-08-14T05:00:00Z,75.848,75.988,75.8,75.917,11068.0
2026-08-14T06:00:00Z,75.917,75.917,75.5362,75.548,36195.0
2026-08-14T07:00:00Z,75.537,75.729,75.496,75.588,25103.0
2026-08-14T08:00:00Z,75.588,75.878,75.557,75.857,20971.0
2026-08-14T09:00:00Z,75.86,75.87,75.406,75.488,23670.0
2026-08-14T10:00:00Z,75.47,75.648,75.336,75.388,23526.0
2026-08-14T11:00:00Z,75.388,75.598,75.387,75.518,11448.0
2026-08-14T12:00:00Z,75.537,75.599,75.326,75.457,24232.0
2026-08-14T13:00:00Z,75.457,75.478,75.2476,75.359,23778.0
2026-08-14T14:00:00Z,75.35,75.418,75.045,75.257,39852.0
2026-08-14T15:00:00Z,75.237,75.758,75.187,75.646,37299.0
2026-08-14T16:00:00Z,75.646,75.7,75.437,75.458,32137.0
2026-08-14T17:00:00Z,75.457,75.668,75.15,75.278,29528.0
2026-08-14T18:00:00Z,75.267,75.277,74.917,74.96,35455.0
2026-08-14T19:00:00Z,74.95,75.088,74.6504,74.987,48707.0
2026-08-14T20:00:00Z,74.977,75.238,74.947,75.127,9201.0
2026-08-14T21:00:00Z,75.137,75.228,75.075,75.17,4688.0
2026-08-14T22:00:00Z,75.15,75.27,74.957,75.198,6001.0
2026-08-14T23:00:00Z,75.168,75.418,75.147,75.388,5491.0
2026-08-15T00:00:00Z,75.408,75.438,75.327,75.347,4002.0
2026-08-15T01:00:00Z,75.357,75.468,75.297,75.407,8726.0
2026-08-15T02:00:00Z,75.42,75.68,75.397,75.657,24284.0
2026-08-15T03:00:00Z,75.677,75.718,75.406,75.428,21192.0
2026-08-15T04:00:00Z,75.427,75.612,75.367,75.527,11982.0
2026-08-15T05:00:00Z,75.527,75.598,75.307,75.347,14121.0
2026-08-15T06:00:00Z,75.347,75.498,75.274,75.427,18372.0
2026-08-15T07:00:00Z,75.4258,75.426,75.2,75.228,22248.0
2026-08-15T08:00:00Z,75.238,75.298,75.067,75.089,27525.0
2026-08-15T09:00:00Z,75.087,75.2445,75.037,75.238,15759.0
2026-08-15T10:00:00Z,75.248,75.351,75.2,75.298,21489.0
2026-08-15T11:00:00Z,75.27,75.3,75.207,75.236,11298.0
2026-08-15T12:00:00Z,75.237,75.419,75.197,75.418,13006.0
2026-08-15T13:00:00Z,75.408,75.569,75.387,75.558,32440.0
2026-08-15T14:00:00Z,75.557,75.578,75.437,75.437,15881.0
2026-08-15T15:00:00Z,75.437,75.529,75.356,75.528,13843.0
2026-08-15T16:00:00Z,75.528,75.528,75.407,75.48,11178.0
2026-08-15T17:00:00Z,75.48,75.678,75.48,75.655,20918.0
2026-08-15T18:00:00Z,75.658,75.678,75.497,75.55,9183.0
2026-08-15T19:00:00Z,75.55,75.568,75.516,75.558,3483.0
2026-08-15T20:00:00Z,75.558,75.568,75.407,75.517,5278.0
2026-08-15T21:00:00Z,75.528,75.729,75.517,75.617,7062.0
2026-08-15T22:00:00Z,75.628,75.658,75.547,75.587,2097.0
2026-08-15T23:00:00Z,75.547,75.578,75.307,75.347,16014.0
2026-08-16T00:00:00Z,75.337,75.498,75.27,75.467,6382.0
2026-08-16T01:00:00Z,75.467,75.488,75.296,75.428,9723.0
2026-08-16T02:00:00Z,75.428,75.658,75.267,75.568,15490.0
2026-08-16T03:00:00Z,75.577,75.65,75.567,75.567,7595.0
2026-08-16T04:00:00Z,75.578,75.608,75.427,75.447,5929.0
2026-08-16T05:00:00Z,75.448,75.52,75.336,75.347,12885.0
2026-08-16T06:00:00Z,75.348,75.508,75.28,75.367,15762.0
2026-08-16T07:00:00Z,75.367,75.481,75.336,75.467,6505.0
2026-08-16T08:00:00Z,75.478,75.488,75.397,75.457,3718.0
2026-08-16T09:00:00Z,75.457,75.468,75.257,75.318,12855.0
2026-08-16T10:00:00Z,75.318,75.318,75.157,75.268,20711.0
2026-08-16T11:00:00Z,75.268,75.3123,75.217,75.288,4333.0
2026-08-16T12:00:00Z,75.277,75.288,75.2,75.218,5760.0
2026-08-16T13:00:00Z,75.225,75.408,75.217,75.308,17815.0
2026-08-16T14:00:00Z,75.3094,75.408,75.246,75.377,12146.0
2026-08-16T15:00:00Z,75.387,75.648,75.387,75.578,35755.0
2026-08-16T16:00:00Z,75.578,75.7241,75.5,75.557,25047.0
2026-08-16T17:00:00Z,75.578,75.609,75.277,75.278,28806.0
2026-08-16T18:00:00Z,75.278,75.298,75.037,75.188,33711.0
2026-08-16T19:00:00Z,75.177,75.368,75.177,75.238,10485.0
2026-08-16T20:00:00Z,75.227,75.318,74.967,75.028,17044.0
2026-08-16T21:00:00Z,75.017,75.08,74.043,74.318,53699.0
2026-08-16T22:00:00Z,74.306,74.518,74.152,74.498,12843.0
2026-08-16T23:00:00Z,74.498,74.659,74.45,74.618,8860.0
2026-08-17T00:00:00Z,74.6,74.738,74.427,74.607,17099.0
2026-08-17T01:00:00Z,74.606,75.35,74.577,75.087,40619.0
2026-08-17T02:00:00Z,75.128,75.588,75.047,75.477,40699.0
2026-08-17T03:00:00Z,75.498,75.588,75.457,75.518,27115.0
2026-08-17T04:00:00Z,75.5273,75.629,75.487,75.547,14612.0
2026-08-17T05:00:00Z,75.5497,75.619,75.407,75.407,14927.0
2026-08-17T06:00:00Z,75.407,76.036,75.368,75.847,53881.0
2026-08-17T07:00:00Z,75.88,75.96,75.737,75.787,27732.0
2026-08-17T08:00:00Z,75.797,75.8064,75.176,75.237,47296.0
2026-08-17T09:00:00Z,75.248,75.4191,75.227,75.337,17345.0
2026-08-17T10:00:00Z,75.348,75.807,75.297,75.768,36831.0
2026-08-17T11:00:00Z,75.768,75.928,75.657,75.69,34970.0
2026-08-17T12:00:00Z,75.687,75.708,75.327,75.429,32737.0
2026-08-17T13:00:00Z,75.438,75.78,75.287,75.617,47759.0
2026-08-17T14:00:00Z,75.628,76.038,75.494,75.966,38412.0
2026-08-17T15:00:00Z,75.977,76.22,75.787,76.088,64499.0
2026-08-17T16:00:00Z,76.1,76.129,75.926,76.007,38247.0
2026-08-17T17:00:00Z,76.007,76.119,75.685,75.918,41937.0
2026-08-17T18:00:00Z,75.912,76.169,75.857,75.897,17801.0
2026-08-17T19:00:00Z,75.898,75.9542,75.747,75.797,12241.0
2026-08-17T20:00:00Z,75.787,76.109,75.625,75.998,20211.0
2026-08-17T21:00:00Z,75.997,76.059,75.887,75.958,3260.0
2026-08-17T22:00:00Z,75.998,76.007,75.717,75.738,7750.0
2026-08-17T23:00:00Z,75.728,76.129,75.728,76.017,6723.0
2026-08-18T00:00:00Z,76.038,76.079,75.857,76.017,10688.0
2026-08-18T01:00:00Z,76.017,76.059,75.565,75.607,16469.0
2026-08-18T02:00:00Z,75.608,75.658,75.2,75.288,65237.0
2026-08-18T03:00:00Z,75.277,75.528,75.266,75.498,20166.0
2026-08-18T04:00:00Z,75.498,75.838,75.4,75.838,38889.0
2026-08-18T05:00:00Z,75.827,75.96,75.5704,75.738,27586.0
2026-08-18T06:00:00Z,75.707,76.049,75.637,76.018,38042.0
2026-08-18T07:00:00Z,76.018,76.269,75.937,76.084,42100.0
2026-08-18T08:00:00Z,76.1,76.189,75.84,76.169,40304.0
2026-08-18T09:00:00Z,76.158,76.158,75.883,75.938,28364.0
2026-08-18T10:00:00Z,75.937,75.988,75.806,75.847,22152.0
2026-08-18T11:00:00Z,75.847,76.47,75.817,76.329,75747.0
2026-08-18T12:00:00Z,76.339,76.529,76.238,76.258,48383.0
2026-08-18T13:00:00Z,76.248,76.299,76.048,76.219,67233.0
2026-08-18T14:00:00Z,76.219,77.35,76.128,76.808,155039.0
2026-08-18T15:00:00Z,76.8,77.2652,76.8,77.198,59688.0
2026-08-18T16:00:00Z,77.2,77.3329,76.858,77.078,49058.0
2026-08-18T17:00:00Z,77.078,77.088,76.888,76.909,29293.0
2026-08-18T18:00:00Z,76.88,77.319,76.878,77.268,40756.0
2026-08-18T19:00:00Z,77.249,77.42,77.088,77.189,24343.0
2026-08-18T20:00:00Z,77.1906,77.239,76.748,76.899,25648.0
2026-08-18T21:00:00Z,76.939,77.119,76.918,77.009,6893.0
2026-08-18T22:00:00Z,77.0,77.219,76.888,76.969,5493.0
2026-08-18T23:00:00Z,76.968,77.2474,76.968,77.048,3941.0
2026-08-19T00:00:00Z,77.099,77.099,76.828,76.929,9940.0
2026-08-19T01:00:00Z,76.914,77.079,76.708,76.809,24782.0
2026-08-19T02:00:00Z,76.799,76.929,76.701,76.818,18469.0
2026-08-19T03:00:00Z,76.818,77.119,76.718,76.999,26927.0
2026-08-19T04:00:00Z,76.9988,77.149,76.8,76.869,22201.0
2026-08-19T05:00:00Z,76.869,77.0679,76.77,76.809,27923.0
2026-08-19T06:00:00Z,76.8239,77.189,76.627,77.078,78953.0
2026-08-19T07:00:00Z,77.098,77.109,76.95,76.961,31930.0
2026-08-19T08:00:00Z,76.959,77.639,76.918,77.38,66634.0
2026-08-19T09:00:00Z,77.388,77.489,77.218,77.319,26790.0
2026-08-19T10:00:00Z,77.319,77.389,77.2208,77.378,19379.0
2026-08-19T11:00:00Z,77.389,77.625,77.378,77.538,39427.0
2026-08-19T12:00:00Z,77.538,78.7897,77.428,78.399,146025.0
2026-08-19T13:00:00Z,78.389,78.69,78.179,78.389,79341.0
2026-08-19T14:00:00Z,78.429,81.014,78.35,80.88,258149.0
2026-08-19T15:00:00Z,80.88,82.964,80.67,81.861,402410.0
2026-08-19T16:00:00Z,81.87,82.3857,81.5697,81.59,90170.0
2026-08-19T17:00:00Z,81.63,81.741,81.03,81.67,103762.0
2026-08-19T18:00:00Z,81.681,82.323,81.277,82.312,92987.0
2026-08-19T19:00:00Z,82.271,82.521,82.018,82.331,51820.0
2026-08-19T20:00:00Z,82.391,84.418,82.3,83.751,118556.0
2026-08-19T21:00:00Z,83.741,87.344,83.741,86.633,160790.0
2026-08-19T22:00:00Z,86.7,86.884,84.991,85.513,80676.0
2026-08-19T23:00:00Z,85.523,85.793,85.073,85.402,27611.0
2026-08-20T00:00:00Z,85.413,85.813,84.942,85.032,36490.0
2026-08-20T01:00:00Z,85.032,85.443,84.68,85.383,43844.0
2026-08-20T02:00:00Z,85.393,85.483,84.722,84.813,39076.0
2026-08-20T03:00:00Z,84.802,84.802,84.033,84.512,60791.0
2026-08-20T04:00:00Z,84.512,85.0,84.452,84.862,33738.0
2026-08-20T05:00:00Z,84.862,85.113,84.832,84.972,23391.0
2026-08-20T06:00:00Z,84.993,85.963,84.722,85.942,86355.0
2026-08-20T07:00:00Z,85.943,86.236,85.812,86.194,67526.0
2026-08-20T08:00:00Z,86.194,88.034,86.1,87.553,175732.0
2026-08-20T09:00:00Z,87.573,87.855,87.122,87.384,124801.0
2026-08-20T10:00:00Z,87.374,87.85,87.0297,87.494,80499.0
2026-08-20T11:00:00Z,87.474,88.155,87.1171,87.234,92426.0
2026-08-20T12:00:00Z,87.223,87.444,86.5597,87.1,117818.0
2026-08-20T13:00:00Z,87.1,87.524,86.2337,86.574,87698.0
2026-08-20T14:00:00Z,86.553,86.904,86.173,86.621,51835.0
2026-08-20T15:00:00Z,86.644,87.484,86.583,87.383,112853.0
2026-08-20T16:00:00Z,87.383,87.88,86.881,87.773,75135.0
2026-08-20T17:00:00Z,87.763,87.954,87.303,87.513,67798.0
2026-08-20T18:00:00Z,87.504,87.674,86.673,86.863,90797.0
2026-08-20T19:00:00Z,86.894,87.544,86.883,87.3268,42024.0
2026-08-20T20:00:00Z,87.344,87.7,87.263,87.61,22158.0
2026-08-20T21:00:00Z,87.613,87.9021,87.443,87.513,10583.0
2026-08-20T22:00:00Z,87.513,87.594,87.233,87.233,6074.0
2026-08-20T23:00:00Z,87.264,88.034,87.254,87.694,10652.0
2026-08-21T00:00:00Z,87.684,88.816,87.603,88.294,65948.0
2026-08-21T01:00:00Z,88.214,89.525,88.1572,89.045,84574.0
2026-08-21T02:00:00Z,89.0503,90.236,88.524,89.295,102355.0
2026-08-21T03:00:00Z,89.295,89.5787,88.774,89.134,86796.0
2026-08-21T04:00:00Z,89.175,89.525,88.909,89.5,72184.0
2026-08-21T05:00:00Z,89.515,90.7703,89.22,90.455,97069.0
2026-08-21T06:00:00Z,90.466,91.357,89.774,90.266,175953.0
2026-08-21T07:00:00Z,90.246,91.236,89.994,90.446,115878.0
2026-08-21T08:00:00Z,90.4517,93.457,90.416,93.317,206087.0
2026-08-21T09:00:00Z,93.306,93.367,90.334,91.746,282445.0
2026-08-21T10:00:00Z,91.705,91.797,90.8944,91.526,92422.0
2026-08-21T11:00:00Z,91.516,91.666,89.949,90.356,169470.0
2026-08-21T12:00:00Z,90.3982,91.197,90.065,90.907,88568.0
2026-08-21T13:00:00Z,90.915,91.416,89.81,91.085,162264.0
2026-08-21T14:00:00Z,91.095,92.016,90.585,91.905,97609.0
